Full filepath,Full Class Index,features.0,features.2,features.4,features.5,features.7,features.9,features.10,features.12,features.14,features.16,features.17,features.19,features.21,features.23,features.24,features.26,features.28,features.30
/home/multiclass_classification/deer/train/6435dd1e94.jpg,0,0.000490426,0.004749135,0.008171846,0.001824479,0.009286048,0.019532954,0.0061234,0.004888073,0.009486228,0.024417635,0.02573621,0.017794043,0.012604179,0.03985668,0.031791724,0.025809217,0.047590964,0.09012064
/home/multiclass_classification/deer/train/image_75.jpg,0,0.00304921,0.00119621,0.009823591,0.007516771,0.005262114,0.014497493,0.009792081,0.008352311,-0.000666804,0.010299853,0.004757854,0.004463583,0.0049732,0.023794692,0.009072579,0.00258109,0.037643574,0.061427012
/home/multiclass_classification/deer/train/2e9aad69b1.jpg,0,0.001281801,0.003422814,0.01024068,0.010797152,0.003664015,0.01651618,0.007486596,0.010133275,0.012069915,0.032950483,0.022725131,0.021675354,0.008981742,0.017695036,0.040395766,0.047515225,0.04906362,0.10620803
/home/multiclass_classification/deer/train/1433eed2a1.jpg,0,0.003749088,0.003492754,0.007591629,0.000539841,0.005044945,0.013999503,0.004771047,0.008298676,0.004183982,0.016140461,0.006562295,0.016054379,0.005445447,0.031765234,0.035477392,0.034457758,0.02876242,0.06503144
/home/multiclass_classification/deer/train/42cbbc24ce.jpg,0,-0.004119358,0.002899195,0.007370525,0.005458241,0.002701392,-0.001504323,0.003631375,0.006112699,0.005143219,0.002877395,7.69E-05,0.013741869,0.007026816,0.040396377,0.015045064,0.030812006,0.02882008,0.06524968
/home/multiclass_classification/deer/train/9089820c55.jpg,0,-0.00273618,-0.001032726,-0.001760562,0.00109689,-0.002162139,-0.007561994,-0.006988666,-0.000695068,-0.006716753,-0.01759062,-0.012181489,0.001662865,0.001612148,0.003053698,0.010297131,0.01705956,0.040235903,0.08689308
/home/multiclass_classification/deer/train/cba0276b22.jpg,0,0.011123314,0.003721941,0.006600259,0.004164725,0.002271332,-0.002180812,0.006294318,0.00594329,-0.002056311,0.000659045,0.008187776,0.004290112,0.006251421,0.008166231,0.031201513,0.013074528,0.014495211,0.033514164
/home/multiclass_classification/deer/train/95e3856962.jpg,0,0.002587203,0.002182483,0.008374544,0.004381214,0.004332157,0.007219274,0.006465219,0.011319771,0.005555771,0.017244598,0.014764968,0.00818531,0.006874635,0.0356341,0.03223631,0.007540007,0.03804974,0.079284824
/home/multiclass_classification/deer/train/5265b6f5ae.jpg,0,0.006515238,0.003134144,-0.000156064,0.008777585,0.004715945,0.019704383,0.016856484,0.007809277,0.006429849,0.019983485,0.01797616,0.020750234,0.006727731,0.030726694,0.030187977,0.030939903,0.04016811,0.093435764
/home/multiclass_classification/deer/train/3d3e29fcdd.jpg,0,0.003585211,0.003321984,0.008169102,0.005478129,0.008465122,0.020032322,0.010099934,0.008891551,0.005560344,0.029453184,0.006487418,0.025182081,0.0136288,0.028041331,0.05477532,0.03690675,0.038032692,0.09411963
/home/multiclass_classification/deer/train/1f28583fa5.jpg,0,-0.003522751,0.001958521,0.005991052,-0.003388894,0.002660909,0.01254024,0.010399837,0.007505217,0.006171824,0.013775554,0.008125856,0.005313102,0.010703489,0.02597886,0.024384916,0.025235964,0.031093031,0.07474701
/home/multiclass_classification/deer/train/020773fcda.jpg,0,-0.000838875,0.001576158,0.006296531,0.002295286,0.003209782,0.00812738,0.010512444,0.005699589,0.007058959,0.019899633,0.010451331,0.021753367,0.007783619,0.034457497,0.04447569,-0.012286489,0.028764982,0.046585888
/home/multiclass_classification/deer/train/fec92271ef.jpg,0,0.000267571,-0.000933458,-0.003035058,-0.009730799,-0.003352413,-0.013962112,-0.012916764,-0.006233806,-0.010286764,-0.02634456,-0.02654007,-0.004485383,-0.005913538,-0.007638807,-0.000475993,0.019363869,0.022887912,0.052405853
/home/multiclass_classification/deer/train/a6b92d0bfa.jpg,0,-0.000683669,0.003271635,0.005669064,0.007876547,0.01481367,0.021872004,0.024363972,0.007880714,0.007021864,0.00984787,0.02249688,0.017258417,0.010203184,0.014780213,0.029052263,0.028388377,0.03146378,0.055868767
/home/multiclass_classification/deer/train/bafb430d97.jpg,0,-0.003901845,-0.000673415,0.001366307,0.002703524,0.00155965,0.009404948,0.003693136,0.002682878,0.002300912,-0.006717143,0.007443633,0.01068644,0.004806169,0.017490564,0.014385894,0.025447464,0.02763014,0.06467633
/home/multiclass_classification/deer/train/178f861075.jpg,0,-0.001902483,0.004814179,0.015970584,0.004662906,0.009987317,0.02371744,0.013962628,0.005226843,0.002558298,0.007408267,0.011603551,0.015799645,0.007942035,0.027291056,0.040638927,0.020391446,0.0453454,0.09871347
/home/multiclass_classification/deer/train/818c7331ca.jpg,0,-0.003320729,0.000932525,-5.85E-05,0.002811707,0.005903175,0.017044786,0.014882563,0.008492985,0.012732919,0.02702075,0.01791422,0.017100947,0.008939536,0.014134489,0.04194315,0.029942561,0.021470858,0.039550126
/home/multiclass_classification/deer/train/acd18cc8bc.jpg,0,0.000265418,0.000165232,0.005062704,0.006329686,0.007892813,0.017800212,0.007341635,0.002138174,0.003176135,0.006645839,-0.003043818,0.005337796,0.001154646,-0.003580724,0.008166624,0.021597091,0.033140566,0.050295185
/home/multiclass_classification/deer/train/8775fbf2a1.jpg,0,-0.004428193,-0.001178942,-0.000949663,0.0016077,0.001144905,-0.003075529,0.011391604,0.003181425,-0.000266708,0.004232528,0.020159338,0.024324097,0.013156375,0.024202704,0.016182596,0.011179116,0.029820533,0.045695588
/home/multiclass_classification/deer/train/9e2a0b6fe8.jpg,0,0.000991472,0.000391063,0.002085826,0.000177626,0.001103861,0.006157766,-0.000999332,0.007599867,0.000677286,0.009487066,0.008809302,0.005958485,-0.000794493,0.012344913,0.044572964,0.019876149,0.044494897,0.08621186
/home/multiclass_classification/deer/train/ceef5fc0ea.jpg,0,0.0013498,0.000225229,0.001949441,0.000819113,0.00523485,0.007994135,0.003671283,0.004025361,0.002081507,0.004289796,0.008295102,0.016667074,0.005376579,0.011782408,0.047561623,0.035343505,0.027161844,0.06663419
/home/multiclass_classification/deer/train/image_23.jpg,0,0.007167106,0.002724527,0.00784,0.013137614,0.007866103,0.023092384,0.011945582,0.009560083,0.007289135,0.021563794,0.004176529,0.024639953,0.006195963,0.034961466,0.034647677,0.026589395,0.039929762,0.092922516
/home/multiclass_classification/deer/train/04eec54def.jpg,0,0.001572949,-0.001344851,-0.002757098,0.000101675,0.000732654,-0.004742676,-0.011185484,-0.01499818,-0.00938045,-0.021044925,-0.019534891,-0.013209753,-0.001882965,0.002339814,0.00345455,0.022713132,0.023979705,0.048656095
/home/multiclass_classification/deer/train/7576b528f9.jpg,0,-0.000908276,-0.002388478,0.001850756,-0.000898118,0.002306044,0.001520949,0.001443779,-0.001653966,-0.002721804,0.006889088,0.012648519,0.022290414,0.007639162,0.030792736,0.033452846,0.026318561,0.044496197,0.08516967
/home/multiclass_classification/deer/train/image_1.jpg,0,0.000412917,0.005272693,0.010778401,0.003144647,0.004538504,0.014662896,0.015059033,0.009331175,0.005862167,0.019300384,0.013408443,0.014233,0.008038701,0.03626804,0.04374952,0.02238207,0.038344517,0.08328825
/home/multiclass_classification/deer/train/b7d1c61c3a.jpg,0,0.003210118,0.001539972,-0.00050942,-0.002874943,0.004442715,0.005370218,-0.003448267,-0.00457015,-0.007114696,-0.009594148,-0.008934498,0.00766803,-8.41E-05,0.020880543,0.024875037,0.029452175,0.03925658,0.08713223
/home/multiclass_classification/deer/train/1d8ad79fd9.jpg,0,0.003848752,0.003211899,0.011791062,0.004420965,0.006052292,0.02025386,0.014352873,0.012324465,0.008755135,0.02400678,0.015821055,0.012193635,0.002497695,0.01912646,0.053740233,0.040687773,0.037807845,0.083654985
/home/multiclass_classification/deer/train/i-2022-04-05T145411-495_jpg.rf.e1a9459b901f8a9c5a97848e735ee881.jpg,0,0.002429831,0.002994485,0.009715416,0.004548264,0.005964071,0.012427017,0.006594172,0.005932904,0.004976455,0.012235909,-0.003277884,-5.56E-05,-0.000894625,-0.004879828,0.010118852,0.01356584,0.030235043,0.07166611
/home/multiclass_classification/deer/train/8888dd4864.jpg,0,-0.00182679,0.001005444,0.011387507,0.000684521,0.007493576,0.008521906,0.008547297,0.000620825,0.001399242,0.004757642,0.013103955,0.013155676,0.008782331,0.033501096,0.042973034,0.024662226,0.039277703,0.08776577
/home/multiclass_classification/deer/train/i-2022-04-05T173424-783_jpg.rf.c59d9ef24edd59a683d9e7033513be05.jpg,0,0.001086306,0.002689758,0.000857364,-0.000915982,0.007306724,0.017038532,0.014081026,0.01001704,0.006162507,0.012685889,0.00865377,0.011468491,-0.001133686,0.010534496,0.018089544,0.014246445,0.028478265,0.06582346
/home/multiclass_classification/deer/train/d9b343687d.jpg,0,0.000232996,0.000994384,0.003596008,0.005521931,0.004860143,0.014072951,0.008298211,0.007005585,0.009609396,0.030942751,0.009998376,0.020147018,0.00867299,0.016781673,0.052994348,0.04692285,0.051177923,0.092765436
/home/multiclass_classification/deer/train/9da836299d.jpg,0,0.003809809,0.001383167,0.000737933,0.003122353,0.000997195,-0.002029605,-0.001584746,0.004466211,0.005384724,0.004984366,0.001365804,0.016252257,0.004800608,0.018859036,0.034883168,0.03951565,0.035531733,0.089056365
/home/multiclass_classification/deer/train/i-2022-04-05T172805-110_jpg.rf.88f2196b4699b1934b25ccc7a6e877b8.jpg,0,-0.003467281,-0.001531925,-0.000580812,-0.005207584,0.000692003,0.001895068,0.000291172,0.004541026,0.001041987,0.006635718,0.008436427,0.012730012,-0.001382737,0.002510625,0.020634988,0.018152438,0.005935795,0.02720842
/home/multiclass_classification/deer/train/image_7.jpg,0,0.0067879,0.004587212,0.008609806,0.00218811,0.008364488,0.014863867,0.013218598,0.002308572,0.003450083,0.017272819,0.009709805,0.009288003,0.007870426,0.035697855,0.047208738,0.038360745,0.04136431,0.084606886
/home/multiclass_classification/deer/train/8ef12b0814.jpg,0,0.001473123,-0.000361846,0.004801231,0.002402797,0.0012349,-0.004102493,-0.003738724,-0.000697928,0.00071489,0.014471149,0.015179567,0.018120863,0.005281479,0.025356172,0.020736681,0.031479985,0.035107598,0.08039828
/home/multiclass_classification/deer/train/image_63.jpg,0,-0.000792219,0.000948402,0.006191857,-0.001813015,0.006527501,0.012422465,0.007003556,0.006122511,0.001827398,-0.002803914,-0.000688087,0.012574281,0.012481772,0.025849395,0.021928584,0.01837096,0.035444416,0.073367484
/home/multiclass_classification/deer/train/9b1e8519de4.jpg,0,-0.000125421,0.003001599,0.005545862,0.00473306,0.010888941,0.022607777,0.009766225,0.009703278,0.009925423,0.023206297,0.010252637,0.023423916,0.016662559,0.0439383,0.0582447,0.046734802,0.05746501,0.112239465
/home/multiclass_classification/deer/train/091b0677ff.jpg,0,0.00295933,-0.000478049,-0.003900005,0.003928337,0.003752728,0.002233137,-0.006434992,0.003763361,0.003153057,0.007456983,0.001751708,0.008577568,0.000220393,0.021703104,0.000167531,0.021919955,0.027651377,0.06276947
/home/multiclass_classification/deer/train/658aec63a0.jpg,0,0.000928315,0.001140655,0.009858483,0.000530889,0.00638819,0.013958438,0.005716965,0.011015866,0.012919714,0.02871951,0.025165409,0.020488732,0.014493438,0.03959845,0.042296764,0.028716609,0.04942608,0.104751125
/home/multiclass_classification/deer/train/i-2022-04-05T155135-175_jpg.rf.ba04d85eb0ba93cc2d75c835dead8ec1.jpg,0,0.00210289,0.001255822,0.00689453,-0.000851968,0.004213539,0.015528447,0.012534423,0.00896159,0.007389627,0.005201382,0.010247074,0.00810628,0.004330397,0.023227196,0.027178284,0.00675196,0.028238244,0.05410205
/home/multiclass_classification/deer/train/13add66d67.jpg,0,0.005240553,0.004328892,0.000812139,0.005064621,0.009597426,0.012846084,0.009613525,0.005436612,0.004009753,0.00843952,0.018735135,0.0145979,0.00986408,0.036070764,0.011578711,0.039125867,0.052101966,0.112070166
/home/multiclass_classification/deer/train/7235a6e11f.jpg,0,-0.003157132,0.004129995,0.002631247,-0.003783759,0.010918588,0.0330202,0.012016803,0.011270032,0.00154892,0.008679089,0.005339959,0.004624452,-0.002239458,-0.005160364,0.004888791,-0.012421447,0.023545709,0.060829915
/home/multiclass_classification/deer/train/7ff1beaea6.jpg,0,-0.006975152,-0.001568832,-0.002178035,-0.004552137,-0.000332321,-0.003591795,-0.002447965,0.000768454,-0.004539028,-0.006400281,0.001582527,0.012834515,0.009056316,0.011590282,0.029220175,0.027470538,0.044309057,0.07872115
/home/multiclass_classification/deer/train/8c794fdd7d.jpg,0,0.003342232,0.001905609,0.007908008,0.004983836,0.004663442,0.012348646,0.00652922,0.004530259,0.005991689,0.026866674,0.017878527,0.014008787,0.009849937,0.019395992,0.05701184,0.030378565,0.03472592,0.07521857
/home/multiclass_classification/deer/train/2c58a3e341.jpg,0,0.002420326,0.004706694,0.012553422,0.007166835,0.016475245,0.037414175,0.019657258,0.013036443,0.003883479,0.004625361,0.00825154,0.015078038,0.010450019,0.032948636,0.035440452,0.017012447,0.046359897,0.09635647
/home/multiclass_classification/deer/train/image_9.jpg,0,0.001293654,0.001992421,0.003491887,0.007003482,0.006759166,0.012187537,0.015606094,0.009406848,0.013131393,0.010290671,0.020672021,0.022670306,0.013090475,0.04642335,0.029496029,0.030235875,0.03271095,0.07087253
/home/multiclass_classification/deer/train/dbadd4db68.jpg,0,-0.001725429,-0.004081046,-0.009507412,-0.003763195,-0.001144715,-0.000304308,-0.012053231,-0.002199564,0.009738375,0.014509006,0.011532773,0.010298145,0.008533764,0.026937194,0.04610856,0.015932776,0.0351488,0.07459885
/home/multiclass_classification/deer/train/6c52922344.jpg,0,-0.003364325,-0.001203625,0.000154855,0.003980345,-0.000857057,-0.002257782,0.00295955,0.008612909,0.003496352,0.000378525,-0.007048069,0.002814804,0.006353851,0.00862946,0.017837988,0.027447388,0.02728979,0.047960397
/home/multiclass_classification/deer/train/4e7b82812e.jpg,0,0.002423782,4.22E-05,0.000829466,0.000158928,-0.00214508,-0.008762669,-0.00465404,-0.003023253,-0.009051789,-0.016297147,-0.013940631,-0.008733747,-0.007351188,-0.006960149,0.00251231,0.029658131,0.026718322,0.05187994
/home/multiclass_classification/deer/train/592768b323.jpg,0,0.00732149,0.001340975,0.003817564,0.004323029,0.005033427,0.01308492,0.014103883,0.004333613,0.006536653,0.019382808,0.016949221,0.011684485,0.008193906,0.017997995,0.031092567,0.015500443,0.03977116,0.0913558
/home/multiclass_classification/deer/train/bcc8547a4c.jpg,0,-0.004226416,-0.000625905,0.004027342,0.002440538,0.000406634,0.000753749,0.010164219,0.005804809,0.006893807,0.007136913,0.008055033,0.008468643,0.00835452,0.036117643,0.009807356,0.041643813,0.038128294,0.07519964
/home/multiclass_classification/deer/train/ce177c76ea.jpg,0,-0.000138533,-0.000143198,-0.001513419,6.64E-05,-0.001942615,0.000320309,0.000625257,-0.000806462,0.001724161,0.000967392,-0.002268056,0.006784518,0.004306969,0.019573266,0.014439575,0.024267117,0.01667906,0.04526805
/home/multiclass_classification/deer/train/89fac4b53b.jpg,0,0.002793249,0.003713841,0.007863036,0.011714995,0.008129325,0.016613243,0.010773411,0.007755066,0.006262273,0.01767955,0.014473002,0.009620478,0.007892745,0.02620234,0.03591048,0.02519338,0.036835857,0.06455495
/home/multiclass_classification/deer/train/b36c4826d4.jpg,0,0.002483621,0.001202418,-0.002153105,0.00897441,0.005612731,0.019931983,0.009514269,0.002653295,0.009047804,0.019503564,0.007583688,0.015874185,0.013216844,0.03466799,0.037635386,0.023661193,0.039064042,0.09311226
/home/multiclass_classification/deer/train/adfc05fa47.jpg,0,0.004393065,-7.35E-05,0.002142579,0.006274699,0.003323189,0.010073929,0.004717766,0.005744225,-0.001734814,0.001634103,-0.005523545,0.005822431,0.009945115,0.030302638,0.027418332,0.050111756,0.041374058,0.09005767
/home/multiclass_classification/deer/train/ec08aa0cd8.jpg,0,0.00373374,0.003946849,0.007432956,0.010681788,0.002057225,0.00835547,0.005952926,0.007724764,0.003313429,0.014140438,0.010066526,0.015162072,0.010240058,0.043943528,0.05271973,0.039386623,0.04771918,0.09037687
/home/multiclass_classification/deer/train/ae2b6d9c54.jpg,0,0.005690369,0.002013046,0.002346562,0.000763642,0.001012735,-0.003880536,-0.005218287,0.001781982,-0.00439112,-0.009465186,0.005647841,0.008932883,-0.000697222,0.00041297,0.018648282,0.023205547,0.033331644,0.083436444
/home/multiclass_classification/deer/train/8e9281aade.jpg,0,0.000962939,0.001101279,0.000678505,-0.00198326,-0.001064223,-0.001605481,0.002327784,-0.007014387,-0.003405547,-0.002534031,-0.004313522,0.005188448,0.003431791,0.019828059,0.013010827,0.02002412,0.034406006,0.059015214
/home/multiclass_classification/deer/train/3c386d3157.jpg,0,-0.001362889,0.001589816,0.006894444,0.003835983,0.006136119,0.009144219,0.011380307,0.002101125,0.007020907,0.004531859,0.023651632,0.006631977,0.010253601,0.033071727,0.0269901,0.018659562,0.048709173,0.0841994
/home/multiclass_classification/deer/train/image_34.jpg,0,-0.001335102,-0.002744677,-0.00156135,-0.000870762,-0.00055837,-0.004548536,0.003832374,-0.002852656,0.002544663,0.013238551,0.003061428,0.011588183,0.001895655,0.019593889,0.01507204,0.01639181,0.029811325,0.06771586
/home/multiclass_classification/deer/train/da2775c4ca.jpg,0,-0.001112413,-0.000766664,0.003642257,0.001857311,-0.001326335,0.002724763,-0.000683227,0.00135189,-0.00126948,-0.010256416,0.001931656,0.019121114,0.006101272,0.021019079,0.03931502,0.019858342,0.035491373,0.08417088
/home/multiclass_classification/deer/train/334b083800.jpg,0,0.002187982,0.002277807,0.00204365,0.006334424,0.003853779,0.007861852,0.012041849,0.002233901,0.005245097,0.002704341,0.016269425,0.010756164,0.009981843,0.035866745,0.038977116,0.024559747,0.04540962,0.099456385
/home/multiclass_classification/deer/train/image_44.jpg,0,-0.000140456,0.002009034,0.010228525,0.004733887,0.007044866,0.010571597,0.006594599,0.002748448,-0.001082044,0.001866208,0.000399874,-0.004430145,0.004659295,0.010233465,-0.002198597,0.022002524,0.027962439,0.07021008
/home/multiclass_classification/deer/train/5688f2dd39.jpg,0,0.000763464,0.002694492,0.011151912,0.005976156,0.001596361,0.001106683,-0.000651713,0.001607667,0.002982053,0.006133808,-0.008113612,0.011144274,0.002025496,0.01500064,0.028735993,0.029759508,0.036737762,0.09606266
/home/multiclass_classification/deer/train/image_76.jpg,0,0.002474092,0.003530023,0.008836066,0.007172057,0.009845571,0.030494044,0.018711332,0.014862211,0.012372772,0.02136572,0.019978374,0.016931947,0.003897531,0.009999314,0.044288997,0.046047132,0.03798817,0.08466688
/home/multiclass_classification/deer/train/image_36.jpg,0,0.001215984,0.001612246,-0.000175953,0.007191263,0.007080806,0.025094792,0.007000278,0.011855322,0.007161261,0.02316089,0.013900043,0.008417009,0.010364512,0.003797288,0.041679025,0.02196678,0.03002785,0.07121619
/home/multiclass_classification/deer/train/ca61ab1b1f.jpg,0,-0.002817087,0.003493647,0.005002841,-0.00062508,0.001210534,0.005090823,3.68E-05,0.0042369,0.00383466,-0.003513703,0.005027435,0.008031156,0.005997721,0.029706039,0.018042158,0.012356805,0.019772967,0.051618338
/home/multiclass_classification/deer/train/image_15.jpg,0,-0.000430607,-0.00028895,0.003866572,-0.001214773,0.005230318,0.011072915,0.012638844,0.008416487,0.011726055,0.025627151,0.017006014,0.014078064,0.012147035,0.03283049,0.04787385,0.03508921,0.04430762,0.08276197
/home/multiclass_classification/deer/train/2f784a16ff.jpg,0,0.001668375,0.006277929,0.017017085,0.011497933,0.011456374,0.028161045,0.018913954,0.009782892,0.00305955,0.009417636,0.019080065,0.010972243,0.0077444,0.01934376,0.042258948,0.030285288,0.03362094,0.055766374
/home/multiclass_classification/deer/train/4d03862792.jpg,0,0.00295226,0.003299262,0.000567753,0.002809058,0.004370913,0.006498645,0.008633796,0.007660505,0.007796002,0.01558128,0.006363588,0.012498406,0.010049901,0.030478675,0.023725629,0.017808197,0.018493742,0.057163894
/home/multiclass_classification/deer/train/46e1fa93fd.jpg,0,0.001226836,0.002244734,0.005747801,0.00023653,0.002089539,0.002404861,0.000690758,-0.005530447,0.00137369,0.001235544,0.005475887,0.002695342,0.007171911,0.028933436,0.03759653,0.024922322,0.025188386,0.054269165
/home/multiclass_classification/deer/train/4fe8b150b0.jpg,0,0.001459974,0.000651189,0.008290831,0.001046906,0.002864504,0.005869233,0.005840868,0.010506137,0.00612159,0.006525332,0.008728266,0.01292868,0.007753218,0.031053703,0.03722304,0.03323522,0.0340675,0.091432445
/home/multiclass_classification/deer/train/5f64ab23c1.jpg,0,0.000459661,0.000615737,0.004340074,0.002806801,0.001897934,0.005065292,0.001992966,0.000412039,0.002707079,0.004559816,0.005382698,0.009029567,0.008567091,0.011778699,0.033211783,0.02487176,0.03665811,0.0740104
/home/multiclass_classification/deer/train/f8e743bf45.jpg,0,0.004182375,0.003118489,0.002355302,0.000565395,0.008737625,0.012365917,0.01473631,0.006828756,0.004731671,0.020980412,0.019399144,0.03143874,0.015478576,0.043691784,0.05443576,0.0387969,0.046433777,0.09334658
/home/multiclass_classification/deer/train/c0c235bd8b.jpg,0,0.000287817,0.00410459,0.010915805,-0.005240553,-0.000676751,-0.007112851,-0.001355242,-0.000125419,0.000181384,-0.00084278,-0.004001272,-0.001910019,0.005442742,0.021980189,0.02314569,0.02433707,0.0385907,0.07598427
/home/multiclass_classification/deer/train/c4c0be2432.jpg,0,0.001959526,-0.001514468,0.008328423,0.001301085,-5.63E-05,0.002346499,0.005089691,0.001831932,0.004615729,0.006376546,0.011412198,0.006607972,-0.002684008,0.006093227,-7.33E-05,0.024071407,0.03415335,0.077782825
/home/multiclass_classification/deer/train/3ee287c0c3.jpg,0,0.005219231,0.000527061,0.00426864,0.002743306,0.000650939,0.010341655,0.007540708,0.005335393,0.008536131,-0.006749655,0.011044715,0.018346054,0.008663171,0.037795607,0.05202956,0.010046977,0.03865408,0.07975001
/home/multiclass_classification/deer/train/694df53540.jpg,0,-0.00391392,0.000966325,0.000383601,-0.001003774,0.004118011,0.002689029,0.008579761,0.006825593,0.009631249,0.03535716,0.026092682,0.022234011,0.011909299,0.02496485,0.036576577,0.018807264,0.04342933,0.07639095
/home/multiclass_classification/deer/train/f3951bdef1.jpg,0,0.001224023,0.001011658,0.005245416,0.001992927,0.008845409,0.018317318,0.021433545,0.009136193,0.01324611,0.026788343,0.026392035,0.022148471,0.016439086,0.035691336,0.04494594,0.04238305,0.041211285,0.08769538
/home/multiclass_classification/deer/train/00fdcaa6df.jpg,0,0.000327061,0.003533519,0.005272171,0.01036993,0.005465328,0.017062671,0.008983275,0.012668313,0.011843864,0.028147353,0.014656413,0.02068957,0.01057702,0.020908108,0.049582142,0.03352595,0.033876613,0.06557746
/home/multiclass_classification/deer/train/d494bc0806.jpg,0,0.000629863,0.000620236,0.003966873,0.004291316,0.007865512,0.028386153,0.01651033,0.005904637,0.010035424,0.02366296,0.027498513,0.011480304,0.009464106,0.021837596,0.02561742,0.024052553,0.03920094,0.08203877
/home/multiclass_classification/deer/train/8e2539f451.jpg,0,0.007133102,0.004222721,0.006801015,0.004445417,0.005367043,0.021991063,0.014571477,0.015070703,0.014859926,0.04136315,0.024327964,0.013776625,0.007156635,0.013721079,0.03204972,0.023769386,0.03226098,0.05712615
/home/multiclass_classification/deer/train/image_10.jpg,0,0.00340354,0.000537736,0.005011072,0.008710767,0.013670195,0.024278812,0.01834875,0.008263807,0.007219839,0.023647595,0.01073093,0.00951465,0.007290609,0.023306772,0.040277097,0.02915505,0.04218299,0.089311786
/home/multiclass_classification/deer/train/144086ceeb.jpg,0,0.001479488,0.002530509,0.003398644,0.000809546,0.005727008,0.012466301,0.01297641,0.006915777,0.009353837,0.015120938,0.017046154,0.01171219,0.001486194,0.0147864,0.034958243,0.014818518,0.025615234,0.051697306
/home/multiclass_classification/deer/train/14dbe5af8e.jpg,0,0.004029186,0.005267353,0.011342961,0.009283435,0.005630043,0.02102476,0.008283912,0.008296355,0.004427929,0.010719264,0.001738002,0.002384133,0.004405967,0.022432376,0.010976426,0.021570109,0.030261856,0.069539666
/home/multiclass_classification/deer/train/194468fb71.jpg,0,0.004670033,0.002814848,0.009450698,0.000820366,0.008612124,0.017916353,0.012988551,0.008408848,0.004115909,0.006709014,0.002825945,0.004520147,0.005959366,0.021615457,0.026794497,0.029783908,0.02660837,0.049666125
/home/multiclass_classification/deer/train/ba47096484.jpg,0,0.001652922,0.001258964,0.002890301,-0.001207513,0.007638408,0.020657409,0.006087139,0.006226996,0.004534017,0.008871213,0.006047933,0.00277042,0.0049971,0.031423856,0.04360682,0.01953758,0.03330964,0.08744913
/home/multiclass_classification/deer/train/f59831ed90.jpg,0,0.000738228,0.000379653,0.002958945,0.002093493,0.004795987,0.008624203,0.011457089,0.000378951,0.010492086,0.027449971,0.031738833,0.03315799,0.019786922,0.052691963,0.05067488,0.02179366,0.045349106,0.085564636
/home/multiclass_classification/deer/train/77de761e2b.jpg,0,0.00282985,0.003828607,0.002916015,-0.000202796,0.005534865,0.01855422,0.010565748,0.006621358,0.014624418,0.036457315,0.018918507,0.020766063,0.001064817,0.008947659,0.033872966,0.016860345,0.024836889,0.034993596
/home/multiclass_classification/deer/train/40a63aaa33.jpg,0,0.0021982,0.002520644,0.012651293,0.006865278,0.007596027,0.006271076,0.013449997,0.009739939,0.011386031,0.018790107,0.023993243,0.016438775,0.009975972,0.047559805,0.03500487,0.03121387,0.040515315,0.09872672
/home/multiclass_classification/deer/train/4ee20f3a03.jpg,0,-0.000617028,0.000639324,0.006977969,-0.001409139,0.006625518,0.012240394,0.014902988,0.006499829,0.012083445,0.030720446,0.028586166,0.00604285,0.006412818,0.030568302,0.04167892,0.030490786,0.03996776,0.08851225
/home/multiclass_classification/deer/train/023892ab38.jpg,0,0.002806958,0.001960832,0.002605551,0.004569048,0.003291905,0.020540383,0.003576446,0.003258501,0.008854501,0.014041565,0.008537,0.011083003,0.005811387,0.030828437,0.039297838,0.028752599,0.036132574,0.07472526
/home/multiclass_classification/deer/train/30c632fe0b.jpg,0,-0.000699598,-0.001775316,-0.000907431,0.003596533,0.003220692,0.01416916,0.010705831,0.016154578,0.010080298,0.025389522,0.023029257,0.015191549,0.013733849,0.03493485,0.02111661,0.044763014,0.022143936,0.045835886
/home/multiclass_classification/deer/train/a1a47404e7.jpg,0,-0.002754841,7.60E-05,0.003948041,-0.005117321,0.001466758,0.002811676,0.000317896,0.002566299,0.001298044,0.004941091,0.003130643,0.007973736,0.000427787,0.000531732,0.03050125,0.004676685,0.010238279,0.037335593
/home/multiclass_classification/deer/train/ce7440f340.jpg,0,0.002243423,0.006220904,0.013032595,0.008262981,0.006992844,0.013479323,0.00605829,0.007487418,0.005913612,0.011728894,0.00099204,0.016972663,0.008701923,0.038436413,0.026103757,0.041111097,0.049070682,0.10344678
/home/multiclass_classification/deer/train/322ace93d4.jpg,0,0.002657349,0.003051525,0.006935003,0.003175477,0.004435762,0.015400072,0.00757972,0.004065961,0.00290601,-0.002346882,-0.002237527,0.000270179,0.003209577,0.002316004,0.02622649,0.011829807,0.019353937,0.028681323
/home/multiclass_classification/deer/train/3a1776bf9d.jpg,0,-0.002265733,0.00177395,0.00154995,0.001158348,0.005545705,0.012605934,0.002380699,0.000149333,0.002509396,0.003097292,0.008720988,0.023224916,0.008949342,0.02595298,0.034153756,0.024043184,0.04239455,0.09158486
/home/multiclass_classification/deer/train/92d43a9f46.jpg,0,-0.00331054,0.000852538,0.000878385,-0.006208914,0.000668636,0.008614438,-0.002521349,0.002174725,0.001711087,0.002051136,0.003884824,0.01489427,-0.003194386,0.017790966,0.013600933,0.026216354,0.034754813,0.07909627
/home/multiclass_classification/deer/train/de02cda9cf.jpg,0,0.001135488,-0.001370011,-0.001714136,0.00240809,0.002425807,0.002141014,0.001008959,-0.001362286,0.002320582,-0.002235954,0.002192147,0.00699959,0.009134015,0.018388016,0.03006021,0.028967746,0.029369334,0.075550735
/home/multiclass_classification/deer/train/dbdda3ab06.jpg,0,-0.002411225,-0.002691734,-0.005074936,-0.005315919,-0.001417172,0.004285188,0.000386247,-0.002198536,-0.000727235,-0.003802849,0.010098714,0.012334893,0.000203328,0.004779149,-9.40E-05,0.004205308,0.016949091,0.039895445
/home/multiclass_classification/deer/train/Chital20420lowres.jpg,0,-0.00238173,-2.79E-05,0.00765327,0.002029762,0.009432076,0.017028831,0.012869652,0.006126651,-0.00086026,0.001729196,0.021137053,0.008941539,0.001868346,0.021413106,0.02645599,0.0359634,0.025531912,0.04175918
/home/multiclass_classification/deer/train/3f357114ad.jpg,0,0.005152417,0.003079851,0.007257648,0.000355923,0.00499663,0.010308292,-0.000552164,0.006922116,-0.005551888,-0.002837725,-0.001173865,0.008327479,0.005286786,0.023512471,0.021366116,0.007030224,0.036355197,0.07901132
/home/multiclass_classification/deer/train/c7b9c6c56f.jpg,0,0.002791522,0.000246255,0.003703306,0.005469163,0.0039458,0.000637966,0.014222085,0.001695755,0.006856086,0.018605143,0.023434509,0.01618497,0.012783736,0.032726653,0.057996664,0.033332944,0.042419527,0.07205112
/home/multiclass_classification/deer/train/6f3be6009e.jpg,0,0.000516582,0.003477798,0.009504493,0.006081041,0.005923106,0.007992325,0.006848958,0.011780271,0.01251147,0.025059938,0.024724286,0.018546326,0.008893444,0.033118047,0.049375508,0.023698615,0.03454005,0.06555044
/home/multiclass_classification/deer/train/03bfca1780.jpg,0,0.001519021,0.002302172,0.001776302,0.003836878,0.003816783,0.007228019,0.004198821,-0.002837696,-0.001322893,-0.001460182,-0.008182228,0.005935658,0.001890962,0.019313792,0.02826302,0.027220568,0.03904718,0.10566118
/home/multiclass_classification/deer/train/cf5431dc2a.jpg,0,0.005351919,0.003832402,0.007257524,0.00237467,0.007576747,0.01970791,0.004796234,0.011080703,0.006550042,0.018902719,0.033171117,0.020048779,0.015108548,0.035927624,0.041535407,0.01623173,0.039361235,0.080211826
/home/multiclass_classification/deer/train/f263308db1.jpg,0,-0.001720435,0.001378117,0.008468044,0.001762232,0.00477686,0.024527337,0.012055932,0.008867207,0.004232296,0.010119402,0.016813818,0.019726664,0.010146859,0.036258012,0.022743443,0.024939056,0.043410823,0.08994763
/home/multiclass_classification/deer/train/eec00f171f.jpg,0,0.005696766,0.006188794,0.010682529,0.006392861,0.006581489,0.021380464,0.006849731,0.004143369,0.002275027,0.009387808,0.005934987,0.018292023,0.001693389,0.027048139,0.016507834,0.020290798,0.041095115,0.084445536
/home/multiclass_classification/deer/train/f1cf53823b.jpg,0,0.000357532,-0.001072775,-0.006479852,-0.003969691,0.000542725,0.002564932,0.004510385,0.006067459,0.004157586,0.011632771,0.000585459,0.007019736,0.005106777,0.0150386,0.010771391,0.002545446,0.018837314,0.043079212
/home/multiclass_classification/deer/train/10790b960d.jpg,0,0.00063458,-0.000662967,0.000946019,-0.003275069,0.002610443,0.012370484,-0.003071461,-0.001989303,0.00188262,-0.002400171,-0.002055336,0.007814222,0.005341216,0.019682968,0.029488467,0.036555834,0.029512651,0.06289347
/home/multiclass_classification/deer/train/29d4afcaab.jpg,0,0.000342108,0.002709681,-0.000229472,0.008399069,0.00676224,0.010393235,0.005673254,0.004937782,0.002128158,0.008355632,0.005610406,0.014574869,0.00962749,0.025855262,0.045349076,0.024770118,0.03058025,0.07290389
/home/multiclass_classification/deer/train/8208ada8b2.jpg,0,-0.000381936,-0.000221071,0.003797529,0.007314744,0.004705015,0.014768099,0.010384395,0.00488607,0.003146296,-0.001297578,0.019996354,0.002663347,0.006129406,0.018679816,0.02008263,0.03781103,0.034645565,0.09177956
/home/multiclass_classification/deer/train/8bc1473b68.jpg,0,0.003883252,0.004432403,0.014440328,0.008411239,0.008358875,0.025134314,0.018519456,0.003100508,0.000886922,0.003548118,0.014566369,0.002573787,0.002058718,0.017746212,0.027692689,0.05275746,0.041059036,0.09354222
/home/multiclass_classification/deer/train/7da5c121b2.jpg,0,-2.62E-05,0.000787633,0.003175754,-0.001140489,0.003612345,0.016857183,0.005593553,-0.000756697,-0.000896355,0.002437667,0.01591997,0.015039481,0.009471384,0.04280562,0.043901175,0.04271476,0.05375836,0.0973524
/home/multiclass_classification/deer/train/20f38baebd.jpg,0,-0.001824685,0.002845571,0.006005866,0.002909939,0.011644273,0.034593675,0.024613582,0.01288007,0.010704175,0.03923424,0.012596618,0.0139254,0.009073738,0.022672063,0.029565683,0.016063957,0.020439997,0.05344671
/home/multiclass_classification/deer/train/b9478fa192.jpg,0,0.001480784,0.002052568,0.005328375,-0.000498567,-0.001893159,-0.000269993,0.004732218,-0.001077638,-0.004319263,0.004743923,0.012911212,0.002951168,0.009901334,0.016664322,0.016049098,0.02578874,0.043011002,0.07752498
/home/multiclass_classification/deer/train/8f1071f371.jpg,0,0.003899778,0.000899837,0.004984754,0.002250476,0.000870485,0.003910764,0.002907604,0.003051564,0.007991923,0.021665175,0.015813138,0.018861333,0.01614989,0.052797563,0.03632255,0.034244,0.047091246,0.09744332
/home/multiclass_classification/deer/train/496cbc57b9.jpg,0,0.003360519,0.003427836,0.004990693,0.001625531,0.007805225,0.01792332,0.001752712,0.00280941,0.00632397,0.014926421,0.016629543,0.013277048,0.010503629,0.02273571,0.04194648,0.030751677,0.031518146,0.07162085
/home/multiclass_classification/deer/train/7c0bd9303f.jpg,0,0.000702307,0.000369446,0.002416239,0.005215747,0.00568457,0.018179,0.008193713,0.00408132,0.005956109,0.012288803,0.013456824,0.014559167,0.0160533,0.038869787,0.032469574,0.026786894,0.041543774,0.09169692
/home/multiclass_classification/deer/train/fd9bcfac5e.jpg,0,0.007139314,0.000627665,0.000966038,0.004692587,0.003680698,0.006040578,0.00868386,0.001720879,0.000993511,0.005576741,0.00055292,0.007647777,0.005756442,0.017066143,0.02060587,0.026664276,0.03952872,0.0738032
/home/multiclass_classification/deer/train/ddf39d34ee.jpg,0,-0.005299605,-0.000547774,0.000779841,-0.006620663,-0.006311747,-0.009602471,-0.007585008,-0.002116345,-0.005062516,-0.006122669,-0.001355797,0.010045838,0.001648136,0.020216873,0.021926697,0.008754218,0.020664841,0.05235841
/home/multiclass_classification/deer/train/image_61.jpg,0,-0.001420387,0.002074017,0.00085244,0.003869813,0.006618998,0.019738123,0.000347015,0.000130417,0.008948905,0.021634212,0.007968686,0.015664555,0.014012677,0.040794954,0.038981374,0.033537418,0.03932686,0.08554913
/home/multiclass_classification/deer/train/4845675995.jpg,0,-0.000206621,0.003085192,0.002204197,0.001334636,0.007157207,0.021759368,0.010191707,0.004055264,0.005368777,0.021698978,0.014209308,0.020026062,0.008646395,0.03673067,0.034415204,0.034903217,0.04265475,0.071912825
/home/multiclass_classification/deer/train/076d8bed65.jpg,0,0.000800293,0.002936156,0.004905179,0.003538233,0.00624691,0.012570458,0.013191868,0.011181368,0.005104411,0.012098138,0.005428968,0.004278876,0.008636245,0.025993753,0.020459933,0.019297866,0.036303364,0.0881919
/home/multiclass_classification/deer/train/i-2022-03-21T181758-363_jpg.rf.5554934f78445a0bc3f1b369f350fd3d.jpg,0,-0.00117495,-0.000125744,0.002866912,0.001976537,0.00399247,0.017012022,0.013022766,0.002768768,0.00032704,0.009999719,-0.008161373,0.01252427,0.004575048,0.008100137,0.008553826,-0.009468761,0.017386427,0.040605024
/home/multiclass_classification/deer/train/7f041057c7.jpg,0,0.001218269,0.000156786,-0.000296488,0.00304445,0.008653509,0.029176954,0.021671226,0.012477263,0.011852512,0.024667636,0.024964707,0.022265881,0.012024568,0.05213544,0.043667488,0.048991684,0.043685425,0.09171491
/home/multiclass_classification/deer/train/bee404064a.jpg,0,0.002280663,0.000751769,0.006785498,0.002669862,0.006511462,0.019063152,0.013434621,-0.000312061,0.007144922,0.015427994,0.006621021,0.01831465,0.007955605,0.031232972,0.037152484,0.03419886,0.032881886,0.068025745
/home/multiclass_classification/deer/train/9db0183723.jpg,0,0.002428612,0.00070543,0.010833733,-0.001409141,0.002708466,0.015031031,0.007231277,0.009109391,0.00435357,0.014287384,-0.005524756,0.000226845,-0.000102824,0.010521075,-0.001585678,0.01068824,0.027888687,0.059921816
/home/multiclass_classification/deer/train/cd42e2d23c.jpg,0,0.001329726,0.00423643,0.007261234,0.003793778,0.005794652,0.01108744,0.010210544,0.01474415,0.009043664,0.025903791,0.022110028,0.016362306,0.011822026,0.046338238,0.06880426,0.033523496,0.047364205,0.08904853
/home/multiclass_classification/deer/train/9d0807552f.jpg,0,0.001556725,0.002408467,0.011803974,0.003563785,0.013944413,0.04206469,0.018963987,0.008410061,0.009802683,0.025256336,0.010618275,0.017085716,0.00716654,0.030785484,0.048299156,0.033047974,0.04063935,0.09244016
/home/multiclass_classification/deer/train/be251e5aaf.jpg,0,0.000809989,0.002207204,0.006513879,-0.000606224,-0.000334106,-0.003591688,0.003402793,-0.000148861,-0.004272729,-0.009832036,0.014186131,0.012040405,0.007315551,0.025183422,0.018888587,0.006330174,0.035431553,0.06763173
/home/multiclass_classification/deer/train/i-2022-04-05T153406-871_jpg.rf.30dceb9e6d6972009be205588fe9b3e6.jpg,0,0.001537093,-0.001591255,0.003926049,-0.000350377,-0.001066209,-0.001566601,0.001102628,-0.003092581,-0.00394403,0.000444886,-0.006296436,0.009789633,-0.004164856,0.021002218,-0.002897023,-0.003363934,0.005039187,0.019252468
/home/multiclass_classification/deer/train/image_22.jpg,0,-0.001221893,0.001410227,0.005085329,0.004269094,0.006806725,0.0118182,0.007902344,8.01E-05,0.004315466,0.011743661,0.003805461,0.008122767,0.005128007,0.016574886,0.016147096,-0.003827626,0.013529299,0.03541704
/home/multiclass_classification/deer/train/479a16c82f.jpg,0,-0.00022535,0.001486617,0.004056197,0.003853676,0.017422125,0.034437217,0.023256805,0.017652474,0.011656137,0.032383792,0.0196882,0.015566034,0.007829341,0.02866079,0.051482998,0.039426774,0.05263889,0.11072391
/home/multiclass_classification/deer/train/804d8063d6.jpg,0,0.002599446,0.001875132,0.005044141,0.013281571,0.008696646,0.030612193,0.023102812,0.012244741,0.013528192,0.03916505,0.01799825,0.016907468,0.005328297,0.021503158,0.045235723,0.034712277,0.03996257,0.08175714
/home/multiclass_classification/deer/train/012760674d.jpg,0,-0.00333973,0.000925354,0.00219637,0.001687441,0.005701195,0.01834243,0.013650822,0.005857542,0.008101774,0.016463796,0.02288495,0.011944773,0.008262211,0.022438664,0.024124533,0.026885794,0.040166344,0.085120186
/home/multiclass_classification/deer/train/4d88a12299.jpg,0,-0.000181199,0.003185146,0.004449386,0.00452763,0.009828679,0.020929083,0.015077141,0.005929922,0.003954127,0.015384575,0.01005788,0.012113305,0.012375815,0.02684168,0.036397573,0.021971775,0.037664242,0.082001805
/home/multiclass_classification/deer/train/dfd32bb54a2.jpg,0,-0.000456726,0.002617284,0.007916595,0.006988613,0.006931558,0.012058366,0.009869536,0.013107576,0.004450751,0.019045353,0.003368317,0.002950967,0.008348642,0.027877398,0.025446197,0.024616074,0.03983421,0.08033114
/home/multiclass_classification/deer/train/27ebdcec01.jpg,0,0.004656159,0.002968421,0.008878364,0.001723821,0.007046139,0.015074777,0.008127807,0.001815905,0.004496514,0.005925669,0.007127178,0.014005163,0.002174581,0.022567239,0.024508372,0.029005928,0.043735757,0.10062016
/home/multiclass_classification/deer/train/i-2022-03-21T183537-296_jpg.rf.48fb3d8788b73c9e80e131b2721d466a.jpg,0,-0.002463318,-0.002806515,-0.005327979,-0.002432826,0.00371367,0.004984551,0.006666157,0.002542888,0.00141017,0.001306505,-0.006828043,0.00621553,0.005838389,0.002461453,-0.009277497,0.008052948,0.014157222,0.057280973
/home/multiclass_classification/deer/train/i-2022-04-05T160609-821_jpg.rf.5229799ab1b36650aca8267cfe94e92d.jpg,0,0.005918133,0.00196408,0.004197953,0.004077615,0.00943443,0.016216539,0.014831423,0.001916009,0.000276237,0.002243895,0.019762387,0.017200593,0.011493115,0.03156401,0.053658776,0.04160048,0.044951,0.09383924
/home/multiclass_classification/deer/train/0305707c05.jpg,0,0.000770161,0.002255072,0.004088513,-0.001779804,0.000733654,0.008657381,0.011695169,0.007168684,0.005947118,0.00678003,0.008469686,0.016483271,0.008824928,0.012314197,0.025210667,0.04376869,0.029626198,0.059316162
/home/multiclass_classification/deer/train/17e611398b.jpg,0,0.001504925,0.002246717,0.002784339,0.006696215,0.008530999,0.024258412,0.014005706,0.007999881,0.010833479,0.008578644,0.006910915,0.009031836,0.014471631,0.032660533,0.04130286,0.02355251,0.0378706,0.089040555
/home/multiclass_classification/deer/train/dfd32bb54a.jpg,0,-0.001779476,-0.000735655,0.004954678,-0.000106256,0.005892381,0.013430025,0.006203808,0.008358201,0.003656621,0.013639528,0.013511878,0.01037318,0.011493131,0.013288606,0.05286058,-0.000817536,0.02069908,0.03457464
/home/multiclass_classification/deer/train/2a44dd5ff4.jpg,0,0.002026477,0.00018531,-0.000620306,0.001689146,0.001309922,-0.001098104,0.0040896,0.004913522,0.011193611,0.024693742,0.034707643,0.015501847,0.012573305,0.02754413,0.052021697,0.0474887,0.025033237,0.06749814
/home/multiclass_classification/deer/train/ea29dad359.jpg,0,-0.002185996,-0.001616348,0.00227731,-0.001205082,0.008337593,0.023670692,0.010824469,0.001616314,0.007201034,0.017643403,0.006253212,0.001356344,0.002385554,0.007985188,0.017353129,0.028534124,0.032409668,0.077229045
/home/multiclass_classification/deer/train/8ca8b2baf3.jpg,0,0.000833602,0.002606477,0.00656085,0.008733936,0.005917697,0.012946872,0.014102794,0.011148175,0.003522776,-0.000860675,0.01485567,0.006889203,0.002051611,0.007583987,0.032232836,0.045426022,0.04832434,0.11259924
/home/multiclass_classification/deer/train/ae367cac78.jpg,0,0.000968187,0.001844262,0.001084806,0.00378834,0.001130215,0.016393173,0.006348305,0.003051196,0.002291973,0.008304082,0.020144723,0.012491035,0.010998027,0.032168195,0.030835142,0.016493693,0.03179256,0.04842686
/home/multiclass_classification/deer/train/5c41e827f2.jpg,0,0.002950877,0.003250639,0.009313172,0.00479272,0.00882736,0.022139076,0.012885099,0.009608612,0.001886222,0.011626339,0.014215348,0.031386368,0.007090313,0.023891626,0.031227127,0.031448424,0.051507793,0.10778669
/home/multiclass_classification/deer/train/9f63ec9f40.jpg,0,0.000650816,0.00025458,0.003294583,0.008247587,0.007448967,0.012685414,0.005739241,0.00135497,0.00920492,0.020099377,0.006474454,0.011533399,0.014288437,0.03303512,0.038698547,0.02487477,0.040627345,0.08992101
/home/multiclass_classification/deer/train/9e9335c570.jpg,0,-0.002688719,-0.003429063,-0.004058097,0.00341845,0.004750065,0.01401451,0.004949149,-0.003793329,-0.001511023,0.006442582,0.005313839,0.014001168,0.00477375,0.026594773,0.021391084,0.018051691,0.01442346,0.02082582
/home/multiclass_classification/deer/train/60b8e3a9b4.jpg,0,-0.000921506,-0.00045882,0.002242096,0.00402387,0.002669463,-0.004369828,-0.005280047,-0.004779568,-0.001666397,-0.008599607,0.009263425,0.011848621,0.013220779,0.03639904,0.028666705,0.03228334,0.04657416,0.09439095
/home/multiclass_classification/deer/train/063a4c388e.jpg,0,0.001804377,0.001901086,0.000140652,0.004100069,0.005250783,0.0107465,0.015460007,0.000697858,0.004613084,0.012415856,0.023608787,0.023453787,0.010341423,0.035745826,0.034648485,0.037640955,0.04059397,0.09309071
/home/multiclass_classification/deer/train/9c3cec486f.jpg,0,0.003094732,0.00250225,0.000624163,0.002336523,0.003755981,0.01607705,0.00724196,0.009936444,0.012740031,0.024538767,0.013715167,0.016527379,0.013238899,0.02952396,0.03780745,0.031945154,0.03562609,0.0774235
/home/multiclass_classification/deer/train/9b1e8519de.jpg,0,0.000302249,-0.000423745,0.003565403,0.0022685,0.006094058,0.013456252,0.013999339,0.003452524,0.007912202,0.012239561,0.014722412,0.015165434,0.004511905,0.03190659,0.059148937,0.011865772,0.03687171,0.068083666
/home/multiclass_classification/deer/train/91988c1881.jpg,0,-0.00043261,-4.42E-05,-0.000244758,0.001923281,0.002617214,0.012616055,0.01001537,-0.00593212,-0.004813012,-0.001490945,0.004031172,-0.000131497,0.008064155,0.022468923,0.016845861,0.032280255,0.025558744,0.06352885
/home/multiclass_classification/deer/train/fd40d74899.jpg,0,-0.000330852,0.000749995,0.001835576,-0.000482886,0.002793593,0.001008539,0.002529204,0.006608267,0.007370121,0.010245553,0.005864475,0.003939379,0.001911532,0.000524349,0.04127825,0.029651415,0.039614733,0.082473606
/home/multiclass_classification/deer/train/d01febac51.jpg,0,-0.003832593,0.001595801,0.002693912,0.00117076,0.005169089,0.000296643,0.004393865,0.001025048,0.00723471,0.009782683,0.016998876,0.004087901,0.006773097,0.03539913,0.01972333,0.020097245,0.031388007,0.05560191
/home/multiclass_classification/deer/train/2979aec4d2.jpg,0,0.005569198,0.001936863,0.005550512,0.007935328,0.005985642,0.023845995,0.011268361,0.007496357,0.005418232,0.013494188,0.000997447,0.005152688,-0.003919353,0.020529933,0.0092629,0.02151955,0.014856305,0.04270189
/home/multiclass_classification/deer/train/2637fbf170.jpg,0,-0.003681608,-0.001772529,-0.002839613,-0.002001325,0.002072655,-0.003317535,0.005666118,-0.003212989,0.000849045,-0.008237135,-0.001669718,0.005799886,0.010505553,0.01359569,0.022153798,0.02565628,0.018817592,0.044811435
/home/multiclass_classification/deer/train/f540be9fe1.jpg,0,0.002069164,-0.0016671,0.007391162,0.002061272,0.004316715,0.009049401,0.005938734,0.006142353,0.006360349,0.01176515,0.018697258,0.00756933,0.007803756,0.02742355,0.05298837,0.017904669,0.042222105,0.08658129
/home/multiclass_classification/deer/train/ae5fffcc82.jpg,0,0.00312939,0.003656412,0.008217609,0.002557228,0.008669144,0.025995716,0.017502096,0.002172343,0.002511411,0.008507922,0.014930683,0.014518281,0.006659857,0.043766562,0.041566163,0.020079453,0.045690462,0.086322136
/home/multiclass_classification/deer/train/b1b848f4bc.jpg,0,0.000920397,-0.001438296,-0.006474512,0.002414821,0.005303685,0.020771492,0.017389923,0.005198828,0.006824401,0.016023587,0.006597215,0.02287453,0.006933488,0.023301493,0.049337845,0.03026779,0.04018589,0.10209834
/home/multiclass_classification/deer/train/e555598dfd.jpg,0,-0.001203744,0.001779485,0.003355791,0.003278119,0.004305366,0.013123313,0.008898968,0.007133554,0.006307196,0.010382514,-0.004971376,0.013693258,0.012651793,0.032386594,0.020625914,0.03217116,0.043823365,0.08150685
/home/multiclass_classification/deer/train/178bbe296e.jpg,0,0.003357509,0.004228354,0.009551224,0.00885517,0.007065516,0.007101331,0.010891118,0.002005352,0.00634709,0.010053722,0.01187085,-0.001813491,0.008692599,0.022726668,0.010944525,0.03363744,0.04362119,0.0922674
/home/multiclass_classification/deer/train/ab4ef5b9ae.jpg,0,0.001873504,0.002633047,0.004935075,0.00591255,0.012545886,0.021605914,0.017242711,0.007785991,0.005674074,0.01700183,0.007918283,0.019875765,0.010177257,0.026295051,0.019494897,0.024066256,0.038112007,0.072347894
/home/multiclass_classification/deer/train/0bc1ec3994.jpg,0,0.001126634,0.001884246,0.002437388,-0.000715815,0.009764556,0.012262617,0.008753529,-0.00076838,0.006784241,0.006288913,0.014105191,0.016494095,0.009304816,0.02947247,0.031193636,0.013292069,0.030110816,0.08137444
/home/multiclass_classification/deer/train/image_4.jpg,0,0.006377333,0.006709712,0.01780612,0.004732043,0.015754228,0.03216891,0.011004687,0.015818052,0.01015809,0.019705895,0.0121763,0.021602187,0.007769205,0.02578465,0.047152817,0.04229995,0.0358152,0.08496078
/home/multiclass_classification/deer/train/11d06e1f65.jpg,0,0.003271139,0.003303969,0.008222392,0.002586531,0.003150098,0.014866367,0.020721074,0.014889604,0.008544786,0.033079006,0.031037997,0.017847937,0.012856131,0.030451737,0.036278293,0.04121162,0.044107873,0.09343344
/home/multiclass_classification/deer/train/92dd921cd2.jpg,0,0.005436429,0.000834286,0.000401602,0.005300875,0.006776363,0.017841712,0.005069505,0.012147848,0.013714846,0.03270308,0.023435827,0.017506773,0.009608423,0.028767623,0.032854877,0.027726188,0.045315076,0.08343446
/home/multiclass_classification/deer/train/7525a833fd.jpg,0,0.005480676,0.001175201,0.002001555,0.00907262,0.010708268,0.028322134,0.018590134,0.002979811,0.008370613,0.011538863,0.014717222,0.011655071,0.007824419,0.026726954,0.04536847,0.02934672,0.04679398,0.093177706
/home/multiclass_classification/deer/train/614df38dae.jpg,0,0.000866664,0.000637319,0.002925064,0.000561395,0.002060419,0.006266221,0.007017442,0.005204379,0.001379742,0.005199701,0.01718186,0.014198849,0.019306898,0.032837026,0.052978504,0.026161969,0.03218238,0.056590434
/home/multiclass_classification/deer/train/image_35.jpg,0,-0.005565884,0.000505193,0.002899505,-0.00119075,0.00219448,0.015089463,0.004514911,-0.001281876,0.002174702,0.007368802,-0.009546212,0.00519273,-0.000914389,0.005702716,0.00583812,-0.007633397,0.026528701,0.05717162
/home/multiclass_classification/deer/train/1c9ae330ca.jpg,0,-0.000529738,0.001950961,0.004575938,0.00473866,0.006715364,0.003852589,0.003467254,0.00157814,0.000702623,-0.005525334,0.006343619,-0.004564303,0.008372217,0.027847454,0.03001157,0.044554725,0.04164928,0.0832812
/home/multiclass_classification/deer/train/image_67.jpg,0,0.002785832,0.001897603,0.006958064,0.005868853,0.005319263,0.014332542,0.012984099,0.004276466,0.007968387,0.024146486,0.020710409,0.019780537,0.014185655,0.042505547,0.02690002,0.023663757,0.031203624,0.063107885
/home/multiclass_classification/deer/train/6927bbc627.jpg,0,-0.002089786,0.001275068,0.00502686,0.003702965,0.012329444,0.02965655,0.012905578,0.006671483,0.01095687,0.024871323,0.008017851,0.014777767,0.006814053,0.028657215,0.010521174,0.03689437,0.036990304,0.086260036
/home/multiclass_classification/deer/train/ebad4b6d43.jpg,0,0.004746661,0.000565154,0.008705776,0.002751545,0.006798118,0.013201257,0.013079718,-0.001313763,-0.001757003,-0.00224949,-0.005232742,0.006590711,0.006806836,0.017444625,0.020921791,0.047993395,0.047638595,0.107619
/home/multiclass_classification/deer/train/01135760.jpg,0,0.005417986,0.0017507,0.006134269,0.006741055,0.006516827,0.013393395,0.013821446,0.005189494,0.007269325,0.02037792,0.014027035,0.019986283,0.013014905,0.01960631,0.037163444,0.014684921,0.044691168,0.10369154
/home/multiclass_classification/deer/train/876f2db079.jpg,0,-0.002879992,0.000314254,-0.001955108,-0.002556109,-0.005870703,-0.007781446,-0.003809059,-0.000194502,-0.006399793,-0.003876424,0.001569484,0.007455141,-0.002613406,0.009344338,-0.015159586,0.019664088,0.030712327,0.059747715
/home/multiclass_classification/deer/train/dc26e228e5.jpg,0,0.000806462,0.003318902,0.006153598,0.001779559,0.006311921,0.021748208,0.004150382,0.005189085,-0.001525966,0.005158102,0.00127078,0.019985588,0.010755679,0.019932153,0.04953327,0.05055224,0.04438591,0.09221189
/home/multiclass_classification/deer/train/2440a8c7c2.jpg,0,0.003843313,0.003751752,0.00887322,0.004269579,0.008412724,0.034830827,0.017464198,0.012189707,0.007150991,0.012286855,0.021438673,0.02087669,0.007534025,0.030775078,0.053226225,0.030992087,0.052830562,0.0921437
/home/multiclass_classification/deer/train/9d1073d109.jpg,0,0.00319376,0.001703107,0.00506547,0.004478876,0.011328567,0.02555874,0.010315582,0.006824292,0.005351224,0.014752114,0.009583026,-0.00646541,0.003072857,0.023721114,0.02010025,0.024626771,0.031903714,0.066315345
/home/multiclass_classification/deer/train/581880b624.jpg,0,0.004266885,0.002549239,0.000803762,0.003370258,0.000421444,0.005269604,-0.000301853,-0.00010743,-0.002333893,-0.016783979,-0.006959737,0.00593765,0.001096162,-0.009909598,0.013934558,-0.020550288,0.005661651,0.002820045
/home/multiclass_classification/deer/train/007bbabf4a.jpg,0,-0.002730118,0.003767392,0.005360594,0.001405719,0.00613524,0.022594415,0.009606289,0.002229711,0.008046925,0.019670747,0.010695993,0.008296047,0.007672908,0.019497445,0.05128271,0.029417418,0.027055634,0.050942514
/home/multiclass_classification/deer/train/i-2022-04-05T153322-559_jpg.rf.8fa443d6e45eb25972e3b4555429c749.jpg,0,-0.002483347,0.000412534,-4.93E-05,0.0008169,0.004646174,0.004703985,0.002677337,0.008968047,0.000412554,-0.003881691,-0.006703,0.000251002,0.001133504,0.008686021,0.008377322,0.024247201,0.03398324,0.07126974
/home/multiclass_classification/deer/train/i-75-_jpg.rf.57eed842d674ea246006d2d04bc66122.jpg,0,0.001601446,0.002109847,-0.001446565,0.002203591,0.007190995,0.01887988,0.012990521,0.010863206,0.012383574,0.021328403,0.017254367,0.01508133,0.014223201,0.022945879,0.04320963,0.025672697,0.036932744,0.07397433
/home/multiclass_classification/deer/train/9b4caaa081.jpg,0,-0.003341731,0.001957769,0.004257549,0.0059654,0.005439544,0.015186801,0.008760264,0.004666721,0.008879604,0.024449106,0.008506432,0.009108322,0.003399221,0.021760862,0.028067153,0.03413195,0.04077618,0.071499854
/home/multiclass_classification/deer/train/image_70.jpg,0,-0.002298492,0.001143056,-0.000258737,-0.002126292,0.003716354,0.005077243,0.005850815,0.003682548,0.001227083,0.004620007,0.00801664,0.017519783,0.00605525,0.035351768,0.04129977,0.003579384,0.034882996,0.06727705
/home/multiclass_classification/deer/train/c55b232cff.jpg,0,0.003578011,0.005083138,0.010069788,0.008063305,0.016038299,0.032379113,0.023232002,0.014301859,0.0029225,0.027434517,0.019759357,0.022982143,0.007754801,0.024665438,0.04684014,0.014005404,0.048534222,0.094568506
/home/multiclass_classification/deer/train/i-2022-04-05T171022-712_jpg.rf.eb969cd710b0f9cfc0382f1fb4ca2a63.jpg,0,-0.003105133,-0.002088109,0.00136334,-0.000271959,0.006905641,0.027304241,0.012499189,0.015618868,0.005564778,0.015462811,0.01343682,0.015255775,0.011324807,0.03481378,0.023285892,0.03780639,0.040786505,0.09235588
/home/multiclass_classification/deer/train/eaa6196679.jpg,0,0.000682737,0.001063943,0.009296661,-0.00320503,0.006848312,0.010537917,0.016263425,0.007176209,0.006097685,0.004349724,0.028631633,0.013145248,0.01092238,0.04223761,0.043147374,0.028487682,0.030893203,0.06974259
/home/multiclass_classification/deer/train/image_20.jpg,0,0.006072844,0.002580378,0.002244723,0.006704867,0.002251926,0.01087006,0.00484025,0.004909995,0.003188178,0.021521077,0.008749932,0.012627149,0.008788992,0.042844526,0.004863291,0.022463001,0.038118552,0.08294225
/home/multiclass_classification/deer/train/image_26.jpg,0,0.002357264,0.000839251,0.001344768,0.002594837,0.004403454,0.002967219,-0.001889269,-0.002999618,-0.004667808,-0.016122192,0.005853059,-0.000451569,0.006781572,0.023293875,0.021642169,0.030491099,0.015564581,0.020690337
/home/multiclass_classification/deer/train/90a77bdcd2.jpg,0,0.001610651,0.004557886,0.008657042,0.008511919,0.005784628,0.016633946,0.007354085,0.008605028,0.003789099,0.014881044,0.007941189,0.010737978,0.010902384,0.022086993,0.018574608,0.03914614,0.03684561,0.08842935
/home/multiclass_classification/deer/train/f539d72146.jpg,0,0.002112873,-0.001508747,-0.003925856,-0.004760101,0.005147385,0.015548425,0.004820643,-0.00638787,-0.000367608,-0.001084184,-0.005627502,0.003735032,-0.000638789,0.009686222,0.020928316,0.024102576,0.035495013,0.08044143
/home/multiclass_classification/deer/train/cd03c83a59.jpg,0,0.006161819,0.001293317,0.004351283,0.003811739,0.00430865,0.019727334,0.01630719,0.003920876,0.003336358,0.009277278,0.009104101,0.009689261,0.000891652,0.026489105,0.025040697,0.004865739,0.02274363,0.050750006
/home/multiclass_classification/deer/train/fb3430f920.jpg,0,0.001250142,0.000408802,0.004781216,0.004188669,0.001668552,-0.000908842,0.006272005,0.002022331,0.003222344,0.003308644,0.012669586,0.00823793,0.008229241,0.02583871,0.01649247,0.030471932,0.038040534,0.077866316
/home/multiclass_classification/deer/train/80a5cec3b6.jpg,0,0.00102339,0.002052502,0.001749372,-0.005466005,-0.000688677,-0.00722252,0.006989709,-0.001756937,-0.002460031,0.000482049,-0.001948295,0.013858825,0.005551614,0.019272648,0.031265058,0.029248975,0.029733779,0.07179202
/home/multiclass_classification/deer/train/bd32df5be3.jpg,0,-0.001429629,0.000898407,0.002383297,0.000950183,0.004700119,0.007206745,0.002759392,0.005667835,0.003796181,0.013758941,0.012357893,0.018984452,0.008935791,0.03491824,0.021539684,0.012032764,0.04569824,0.076577455
/home/multiclass_classification/deer/train/ebf89a6ff8.jpg,0,0.000869542,0.003261444,0.004538929,0.002230856,0.006550965,0.016942078,0.011308318,0.007327601,0.007447777,0.01600356,0.010830515,0.023434976,0.007797945,0.025822502,0.015577337,0.012751704,0.029157698,0.04502347
/home/multiclass_classification/deer/train/image_39.jpg,0,-0.000289298,0.003884777,0.00914124,0.006343603,0.010333275,0.023673557,0.007468797,0.001376786,-0.001139873,-0.000848626,0.00531719,0.013761262,0.003128053,0.019753069,0.041070595,0.021580743,0.04213146,0.0801216
/home/multiclass_classification/deer/train/8a6a0c3359.jpg,0,0.006933147,0.00202051,0.004312071,0.003582062,0.013299733,0.034118265,0.02070468,0.014515079,0.010342455,0.031758875,0.01984806,0.016596911,0.012379314,0.038991675,0.041810058,0.038098514,0.034790292,0.07254795
/home/multiclass_classification/deer/train/55fa34aaf8.jpg,0,0.000415238,0.002140344,0.00620265,0.004581181,0.001405129,-0.008666199,-0.003818861,0.000116377,-0.001862845,-0.001756235,0.014897332,0.015210402,0.009522961,0.022823488,0.043493703,0.028924517,0.048626315,0.08227676
/home/multiclass_classification/deer/train/2117417b10.jpg,0,0.000345842,-0.000718081,0.001893465,-0.002555143,0.004188249,0.009999151,0.009053574,0.013153986,0.011215131,0.035831533,0.017592616,0.023584012,0.014733214,0.022574993,0.028751174,0.021867689,0.016369753,0.054600365
/home/multiclass_classification/deer/train/44955ff52f.jpg,0,0.002803183,0.00271226,0.010972655,0.002910527,-0.001198367,0.000622361,-0.000895841,0.008347103,-0.000945749,-0.007638332,-0.003786331,0.010829017,0.011662746,0.039150592,0.005429888,0.014627473,0.0288437,0.06432876
/home/multiclass_classification/deer/train/a5b32ae5f7.jpg,0,-0.003451967,-0.002777372,-0.008477233,-0.003786567,-5.27E-05,-0.004929697,-0.002131129,-0.001962343,-0.000791476,-0.007366659,6.39E-05,-0.00962881,0.001792518,0.009577667,0.001035239,0.03263803,0.03900838,0.075058006
/home/multiclass_classification/deer/train/c0f04942c1.jpg,0,0.00519215,0.001780152,0.003847504,0.006447985,0.006003805,0.019795654,0.011794796,0.005131059,0.005484428,0.006117849,0.008330647,0.011475503,0.005088175,0.03478444,0.030330088,0.013317265,0.03709578,0.06968183
/home/multiclass_classification/deer/train/5eb2e2a419.jpg,0,-0.002577379,0.003040438,0.008942916,0.003381555,0.008155591,0.023354858,0.013576588,0.010774802,0.004676804,0.014911618,0.002947605,0.014588736,0.010125648,0.023345996,0.025534578,0.030965522,0.04052344,0.075096644
/home/multiclass_classification/deer/train/d17f8459df.jpg,0,0.006060252,0.00372645,0.006409432,0.004639153,-1.17E-06,-0.000671869,0.001690841,0.000245691,0.000601025,0.00100342,0.003417597,0.025824575,0.010373798,0.03350409,0.006191912,0.028492972,0.035803422,0.06360348
/home/multiclass_classification/deer/train/f54b6f43cd.jpg,0,0.000239241,0.000757376,0.003140854,-0.000595554,0.008278605,0.021199342,0.004350746,-0.001042569,-0.000481803,-0.000308017,0.00559435,0.002438572,0.005304718,0.028780105,0.017569128,0.019231383,0.031625707,0.071438015
/home/multiclass_classification/deer/train/20210105-1DX26673-DN.jpg,0,-0.000703121,0.000159499,-0.001565092,0.001802023,0.004238367,0.004745444,0.000973369,-0.00278797,-0.002816922,-0.004151266,-0.009438577,-0.002689274,-0.002665164,-0.004472932,0.000684974,0.019613957,0.032315508,0.0586629
/home/multiclass_classification/deer/train/3ef422fcbd.jpg,0,0.000783983,0.002349139,0.009222515,0.003860793,0.003651393,0.012945617,0.00118128,0.009034961,0.003115294,0.001856724,-0.003445142,0.014149603,0.00292028,0.022119313,0.032828834,0.04003819,0.03904302,0.0785864
/home/multiclass_classification/deer/train/image_59.jpg,0,0.002403011,0.002911842,0.014120868,0.004871309,0.006530796,0.014242442,0.008821247,0.007724956,0.005926889,0.010006908,0.013650283,0.017739177,0.015380733,0.028643321,0.0323304,0.035223704,0.034558203,0.08628081
/home/multiclass_classification/deer/train/c8ee0fafa8.jpg,0,0.000590815,-0.003984037,-0.004634388,-0.002072012,0.000963317,0.003267401,-0.003127857,-0.001152912,0.004074966,0.011411056,-0.007476333,0.019421242,0.000130916,-0.000523511,0.01967073,0.017918173,0.008596402,0.006578506
/home/multiclass_classification/deer/train/feafdc8eca.jpg,0,0.00508167,0.001782332,-0.000666613,-0.000338716,-0.000364925,0.006725733,-0.000807655,-0.002390147,-0.006219684,-0.000465264,-9.83E-05,0.007660249,0.006211822,0.020692019,0.026947021,0.02953542,0.045416765,0.08888632
/home/multiclass_classification/deer/train/d218c3b043.jpg,0,-0.000907243,0.003914551,0.008345147,0.007876974,0.009969398,0.018769385,0.003593537,0.00077642,0.0071979,0.016908823,0.012249232,0.016042823,0.004610657,0.035332642,0.040492363,0.037798144,0.048391405,0.10814488
/home/multiclass_classification/deer/train/c310dd9b05.jpg,0,-0.001531378,0.002881732,0.009530896,0.00316085,0.006560994,0.009449897,0.016771019,0.007695468,0.002732174,0.006811114,-0.004550014,0.014360053,0.0042465,0.024551354,0.019018961,0.017108722,0.0351827,0.080061875
/home/multiclass_classification/deer/train/4fb9e7c3fd.jpg,0,0.004142084,0.000682232,0.00444807,0.007661334,0.004130839,0.0119562,0.010450376,0.002253744,0.002806893,0.007439263,0.028498054,0.020619292,0.013341077,0.0211414,0.017195478,0.03272941,0.04239008,0.07645586
/home/multiclass_classification/deer/train/7acc4dd2ea.jpg,0,0.003664088,0.00239589,0.006574259,0.001821569,0.004414893,0.00641591,0.001195191,-0.007172276,-0.000740157,0.007057305,0.010975947,0.009146329,0.008482597,0.022475457,0.024361398,0.028642647,0.040696695,0.09263108
/home/multiclass_classification/deer/train/image_54.jpg,0,0.001766119,0.002957484,0.011386389,0.005007916,0.008213321,0.020924754,0.012612129,0.012968481,0.008943571,0.028006565,0.017053708,0.02622479,0.007471781,0.043198526,0.04537813,0.051710583,0.0461856,0.09011429
/home/multiclass_classification/deer/train/cbe29783fb.jpg,0,-0.001621833,-0.001984612,-0.003330672,-0.000748976,0.002500275,0.006134701,0.001742437,0.006751601,-0.000301736,0.005496906,-0.001875431,-0.002383582,0.005523488,0.015716905,0.020996232,0.007136332,0.029201511,0.07266258
/home/multiclass_classification/deer/train/9aa4af9c53.jpg,0,0.000339931,0.003490178,0.010764871,0.001357896,0.006505257,0.013742461,0.010225377,0.005050957,0.005331285,0.01129789,0.002359584,0.011323857,0.014403287,0.017817317,0.042775266,0.031784013,0.03925614,0.08325355
/home/multiclass_classification/deer/train/6dab8812df.jpg,0,0.006080004,0.006910547,0.017820023,0.007046133,0.010448972,0.023210451,0.016735822,0.009209256,0.002946809,0.01187275,0.006263121,0.017807037,0.008419182,0.034088343,0.029287862,0.011922743,0.049361777,0.095410064
/home/multiclass_classification/deer/train/3c3bbdcd6a.jpg,0,0.000244643,0.000464145,-0.000424086,0.001409381,0.005246579,-0.00296429,0.009909095,-0.004453202,0.001186704,0.001652023,0.002462695,0.00821547,0.00125462,0.03104864,0.029951643,0.03341069,0.034982756,0.07661371
/home/multiclass_classification/deer/train/image_53.jpg,0,0.006053925,0.003478296,0.008917239,0.013655659,0.006937181,0.011022723,0.007217496,0.00394403,0.002263516,0.002363738,0.005461912,0.020170368,0.006000009,0.013821824,0.030430231,0.023362212,0.034135148,0.0845626
/home/multiclass_classification/deer/train/9d522b0eb2.jpg,0,0.001045576,0.001849325,0.002156144,0.001306306,0.003168836,0.002882479,0.016320473,0.005155598,0.011892416,0.018584803,0.036806755,0.028075662,0.021820216,0.05943595,0.059752233,0.044549942,0.041766427,0.10604244
/home/multiclass_classification/deer/train/66fba5e3ac.jpg,0,0.00366345,0.004597995,0.008482378,0.007932213,0.005752835,0.020613916,0.007948186,0.011454312,0.008018959,0.033574022,0.023466181,0.016919388,0.012960099,0.050768875,0.039121434,0.041111533,0.042347163,0.10340419
/home/multiclass_classification/deer/train/101647553.jpg,0,-0.002090528,0.00169577,0.004180425,0.002187873,0.005942692,0.013114478,0.006410348,0.005277413,-0.000498444,0.020356856,0.012100556,0.00943031,0.004154606,0.019376814,0.020617738,0.003104574,0.028598309,0.061061658
/home/multiclass_classification/deer/train/9b8e308461.jpg,0,-0.002167004,-0.000949498,0.00281567,-0.000964297,0.00435525,0.015515733,0.008991876,0.005953731,-7.26E-05,-0.000127209,0.00353998,0.004783961,0.001513129,0.012583027,0.000195696,0.013943069,0.03524238,0.07040456
/home/multiclass_classification/deer/train/927b28992c.jpg,0,-0.001208064,0.002767503,0.008841643,0.006115743,0.007539604,0.02301168,0.01507869,0.003002429,0.008306626,0.020770574,0.019884735,0.011446387,0.006495634,0.027035816,0.032399006,0.029113397,0.032746367,0.06535359
/home/multiclass_classification/deer/train/59ac1ea2ec.jpg,0,1.45E-05,0.002826819,0.011201615,0.005246756,0.005874094,0.014808075,0.01054353,0.00766128,0.007894922,0.009763205,0.015365889,0.017704083,0.010005263,0.036000937,0.022138637,0.036752645,0.03659754,0.084327355
/home/multiclass_classification/deer/train/image_68.jpg,0,-0.001499441,0.003003235,0.006727674,0.005368492,0.005007183,0.01923806,0.008138878,0.006384583,0.000351438,0.001634572,0.004532109,0.008459346,0.010575821,0.029453669,0.025399491,0.001630906,0.018810526,0.058578804
/home/multiclass_classification/deer/train/4df17b900e.jpg,0,0.000661759,0.000128186,0.001051112,-0.000913262,0.005582475,0.018490786,0.008877632,0.002906489,0.01579789,0.022512365,0.003679895,0.022819998,0.007788003,0.012251621,0.06138175,0.009712494,0.022137877,0.028118594
/home/multiclass_classification/deer/train/6ea3642d85.jpg,0,-0.001890913,0.000512357,-0.003677188,-0.004415076,0.006615236,0.013376839,0.008806812,-0.003784254,-0.000880211,0.004922105,0.012012862,0.012602223,0.007699805,0.027230058,0.0285506,0.014071805,0.03617315,0.08779992
/home/multiclass_classification/deer/train/5a37d6dffa.jpg,0,0.003392877,0.003908241,0.010453748,0.00212943,0.006665895,0.0110489,0.018386746,0.001432691,0.001461793,0.003214541,0.014668543,0.007409103,0.01142641,0.031190347,0.027411867,0.01980552,0.030139979,0.0642745
/home/multiclass_classification/deer/train/8aed96ef61.jpg,0,-0.000441786,0.001830349,0.007818393,0.000856483,0.00428476,0.01369367,0.014761964,0.010410568,-0.001165689,0.006970787,0.009708971,0.003188251,-0.000431726,0.023395047,0.029812658,0.009372418,0.038471024,0.09014633
/home/multiclass_classification/deer/train/2306633901.jpg,0,-0.001748717,0.001635002,0.001903342,0.009618845,0.001585698,0.002649577,0.002761352,-0.000442976,-0.002200377,0.003222086,0.005378271,0.009547303,0.001719984,0.020120565,0.046574265,0.030368853,0.03751658,0.07173782
/home/multiclass_classification/deer/train/3896c2f3ab.jpg,0,-0.002929026,-0.000564251,-0.002618614,0.001031135,0.000495202,0.000232352,0.000265554,-0.00517097,-0.004496911,-0.013731995,0.004699716,0.011839161,0.008620312,0.028227545,0.021269232,0.013602553,0.041323096,0.0838878
/home/multiclass_classification/deer/train/b808e34a81.jpg,0,0.005584195,0.001938841,0.009070495,0.005756728,0.008123763,0.01650743,0.002439532,0.002311902,0.000522444,-0.010908186,0.001053242,0.015404014,0.007561282,0.0335963,0.02521588,0.01960348,0.040117465,0.0826626
/home/multiclass_classification/deer/train/68642c695d.jpg,0,-1.73E-05,0.000596463,0.001360022,-0.004123447,0.006458221,0.018899605,0.011827325,0.003087655,0.003783333,0.004949037,0.004230104,-0.000307209,0.000805124,0.026866706,-0.010674365,0.02896229,0.02781497,0.061852753
/home/multiclass_classification/deer/train/i-2022-04-05T153418-824_jpg.rf.99704125285133f72471b4f674962d45.jpg,0,0.003440114,0.002200401,0.010018515,0.002647384,0.001501225,0.008834044,0.002902975,0.000371244,0.00202576,0.005812141,0.005687224,0.006810217,0.005103376,0.018895056,0.003326705,0.009136925,0.021691531,0.05024243
/home/multiclass_classification/deer/train/890c1c2c9d.jpg,0,0.000875011,0.001735922,0.002758406,0.002919541,0.007265743,0.019226668,0.013719413,0.01457971,0.009915505,0.02979785,0.021205956,0.019224921,0.013289926,0.048139524,0.050279714,0.03787239,0.040096954,0.08187932
/home/multiclass_classification/deer/train/image_24.jpg,0,0.001989859,0.002601253,0.001514334,0.003644298,0.003554426,0.010967158,0.011270673,0.00383005,0.01002388,0.016856413,0.018179305,0.01746574,0.008581221,0.048306737,0.026573401,0.020609714,0.04360563,0.09508157
/home/multiclass_classification/deer/train/2086afb976.jpg,0,-0.000453423,0.000859077,0.004056636,-0.004372435,0.001882257,0.005786475,0.005236737,0.005273015,0.002375325,-0.001619305,-0.0022526,0.006183755,-0.001049485,0.011576079,0.018483534,0.016116383,0.014735111,0.03722846
/home/multiclass_classification/deer/train/e9d89d119d.jpg,0,0.001780372,0.003249689,0.005508144,0.000954932,0.0045611,0.010509281,0.008702996,0.010040291,0.008569016,0.01768153,0.012130521,0.017521083,0.007669041,0.032581892,0.04226896,0.041606702,0.037206184,0.077151194
/home/multiclass_classification/deer/train/619aff9a48.jpg,0,0.000734938,0.002154665,0.007621489,0.006762835,0.007097383,0.018883852,0.011959568,0.014359267,0.004638636,0.008652687,0.012909577,0.008488949,0.008161791,0.029107232,0.047042795,0.045199174,0.04131434,0.08979638
/home/multiclass_classification/deer/train/06a459075a.jpg,0,0.00476747,0.001547611,0.005121516,0.004251055,0.0057062,0.0112048,0.003346517,0.004015128,0.005902685,0.01410926,0.013878558,0.015339586,0.0031746,0.01955986,0.002424012,0.015040416,0.024753,0.054078877
/home/multiclass_classification/deer/train/5ac4da2957.jpg,0,0.001883708,-0.001453748,0.001056022,0.004202992,0.006919786,0.01390825,0.008946244,0.001425984,0.002174008,0.001104205,-0.001657223,-0.004029974,0.008157015,0.014285263,0.019145224,0.023204392,0.0392735,0.06630841
/home/multiclass_classification/deer/train/9498475b07.jpg,0,0.002061528,0.0017854,0.005078034,0.001862105,0.004839676,0.009556768,0.003614122,0.004375476,0.004180507,0.004992945,-0.002779427,0.008272842,0.002747621,0.013875848,0.017966662,0.005393661,0.007069005,0.002618057
/home/multiclass_classification/deer/train/40ddd40dee.jpg,0,0.003051945,0.000165631,-0.000258992,0.003444582,0.005699795,0.008564751,0.009204944,0.004481132,0.000150075,0.011547854,0.002950373,0.001542028,0.004904567,0.011875563,0.010430573,0.015309201,0.020046161,0.047995538
/home/multiclass_classification/deer/train/30ed474918.jpg,0,0.005106222,0.004186671,0.012009492,0.002501853,0.005188266,0.008094681,0.008486792,0.004351615,-3.39E-05,0.004588597,0.021558857,0.019348755,0.009582439,0.03100671,0.034679424,0.03974884,0.04401145,0.08611724
/home/multiclass_classification/deer/train/i-2022-04-05T141607-576_jpg.rf.0f84976169cbea4604ad13ece6e2efca.jpg,0,0.004421177,0.000661558,0.00278394,0.002171288,0.007855915,0.021832097,0.01934627,0.009322688,0.007575601,0.021518147,0.005041839,0.009167681,0.003279449,0.022310335,0.03561788,0.0258239,0.029919868,0.10474256
/home/multiclass_classification/deer/train/00e6f71d05.jpg,0,0.001486693,0.001151314,0.001839076,0.0041924,0.003638158,0.007621201,0.003858775,0.012437141,0.00244034,0.019962505,0.00964397,0.011187593,0.010086615,0.017358331,0.03674338,0.029250652,0.038879696,0.09544709
/home/multiclass_classification/deer/train/ba437008ba.jpg,0,0.003662295,-0.002180923,-0.002755742,0.004671254,0.007123163,0.019649806,0.009392204,-0.000333932,-0.002698924,-0.0082767,0.001776391,0.003520572,0.010345276,0.03397286,0.00211931,0.03511908,0.032608137,0.07058849
/home/multiclass_classification/deer/train/image_47.jpg,0,0.005910592,0.004151913,0.012599537,0.00437027,0.00358978,0.010947917,-0.002614639,0.008549998,0.000514661,0.013265327,-0.00017034,0.00996192,0.001959006,0.012723336,0.027472274,0.007611646,0.021713056,0.048127078
/home/multiclass_classification/deer/train/0dfad0511e.jpg,0,0.003042545,0.00220233,0.007058935,0.007143716,0.002232787,0.014558701,0.003177893,0.002422411,0.009841954,0.02472208,0.015478898,0.018896554,0.013235421,0.040276814,0.06061961,0.025439993,0.04399814,0.083193295
/home/multiclass_classification/deer/train/image_17.jpg,0,0.008379262,0.007773372,0.018111829,0.00722791,0.008082787,0.023531206,0.007582215,0.007793896,0.002641463,0.00293565,0.013536682,0.020999074,0.015180696,0.036441423,0.04420125,0.027165283,0.03468233,0.082604125
/home/multiclass_classification/deer/train/1769e1a9ea.jpg,0,0.002822693,0.000531305,0.004428418,0.003269128,0.003397477,0.011889381,0.003985544,-0.001483474,0.005759997,0.013513692,0.018824719,0.013527538,0.017010888,0.04135431,0.02733911,0.01892132,0.03766185,0.056822143
/home/multiclass_classification/deer/train/c839f5829d.jpg,0,0.001435749,-0.001296482,0.000783744,0.002451935,0.00282232,0.001141557,0.003173056,0.001486063,0.001546301,0.00887373,0.006168325,0.004138939,0.002164086,0.023683112,0.03421928,0.018239355,0.034030735,0.07465387
/home/multiclass_classification/deer/train/chital-126500-Edit.jpg,0,-0.002000725,0.000618285,0.003893868,0.005907492,0.000351552,0.002099286,0.007383643,0.005829326,0.010445658,0.019669566,0.018298313,0.020585703,0.011951551,0.037546977,0.042439595,0.03496655,0.046802823,0.08325709
/home/multiclass_classification/deer/train/b4917d002f.jpg,0,0.0032278,0.000172948,-0.001614224,-0.002264849,0.007006005,0.013083269,0.012004579,0.005737934,0.014079755,0.031713996,0.02526148,0.014619494,0.01228197,0.03564553,0.03494745,0.01913268,0.0314613,0.073346086
/home/multiclass_classification/deer/train/b595435188.jpg,0,0.003887552,0.000924638,0.006124627,0.000861975,0.001689892,0.007687468,0.011056557,0.004850642,0.006131726,0.001620079,0.000686624,0.011973333,0.00522344,0.007021511,0.017313398,0.027942786,0.020885453,0.052581467
/home/multiclass_classification/deer/train/i-2022-03-21T181155-343_jpg.rf.f4e2e52df1fea000302360d2f4df8f6b.jpg,0,-0.003601649,-0.001480488,-0.006901091,0.000127646,-0.000166425,-0.006688144,0.004061198,-0.006369743,-0.003439678,-0.000999071,-0.009504177,0.004491188,0.002043012,0.01610351,-0.004388349,0.012633057,0.027805226,0.048057042
/home/multiclass_classification/deer/train/c787455f12.jpg,0,0.000772589,0.000188876,0.002955906,-0.002198744,0.002828242,0.012141798,0.007847745,0.008705033,0.007298846,0.014748944,0.007497449,0.005901486,-9.36E-05,0.005810797,0.003990164,-0.001214074,0.022374142,0.03529744
/home/multiclass_classification/deer/train/468c43599c.jpg,0,0.001070699,0.005072609,0.007688296,0.007433355,0.007291835,0.017127495,0.012876209,0.010236776,0.006609532,0.02183706,0.013937406,0.027129605,0.007976264,0.026239263,0.029833179,0.047219418,0.046872325,0.110522255
/home/multiclass_classification/deer/train/7356f118a0.jpg,0,-0.001458496,-0.00195872,-0.006030347,0.001293502,0.002320411,0.006130897,0.002344371,0.005003122,0.007003237,0.010014693,0.015140865,0.019584928,0.010462202,0.023583379,0.059629165,0.042187326,0.04166749,0.071893096
/home/multiclass_classification/deer/train/dd16163d62.jpg,0,0.001285147,0.003196986,0.007205348,0.002796343,0.004976825,0.011537671,0.00917244,0.001356396,0.000559088,-0.01274399,0.005438049,0.005393316,0.000885461,0.018741693,0.021335233,0.024606343,0.03212483,0.078837365
/home/multiclass_classification/deer/train/image_11.jpg,0,0.002854489,0.000388754,-0.001191115,0.004162601,0.007549364,0.017073577,0.015545339,0.00215436,0.000950988,0.009897545,0.013317779,0.02696563,0.01033203,0.02820848,0.030066308,0.044769116,0.041726865,0.103258006
/home/multiclass_classification/deer/train/bad964f7c4.jpg,0,0.003660539,0.003135218,0.012723008,0.002187409,0.006901429,0.019353155,0.006613382,0.00441033,5.80E-05,0.007838007,0.000832754,0.009328173,0.00842189,0.035038054,0.002541274,0.02319921,0.035891876,0.07491663
/home/multiclass_classification/deer/train/86c9921c78.jpg,0,6.79E-05,0.000768832,0.00354853,-0.001346094,0.002982857,0.001709393,0.002938363,-0.002019422,-0.000533907,0.007443544,0.013101444,0.007745802,0.01020089,0.029034978,0.022237211,0.012988035,0.026106928,0.05502133
/home/multiclass_classification/deer/train/76ba56896d.jpg,0,-0.002517804,-0.000837337,0.006703997,-0.000315984,0.001653766,0.009544078,0.004787833,0.000842192,0.002677496,-0.003611211,0.012320777,0.009681724,0.002077873,0.025630273,0.010964417,0.012647375,0.02623395,0.053687666
/home/multiclass_classification/deer/train/image_65.jpg,0,0.005322306,0.000914697,0.006347575,0.001487622,0.005425786,0.007546186,-0.004464463,0.003499556,0.000460787,0.003319812,0.002647905,0.009934699,0.004968024,0.00911409,0.020516835,0.02145284,0.03896953,0.070537195
/home/multiclass_classification/deer/train/1acaea837c.jpg,0,0.003778167,0.003087445,0.010512674,0.011680024,0.01019121,0.020070372,0.019829579,0.00538236,0.009072385,0.024463829,0.017287752,0.009337947,0.01654563,0.04694225,0.053616397,0.042386703,0.03379088,0.06499174
/home/multiclass_classification/deer/train/b108fb848d.jpg,0,0.002670576,0.003973073,0.011473875,0.004474488,0.001341171,0.006056208,0.003893134,0.007482432,0.007506192,0.013385301,-0.007019549,-0.00400579,-0.003966639,-0.01049028,0.015910856,0.004611637,0.023923011,0.003001664
/home/multiclass_classification/deer/train/image_77.jpg,0,0.005061905,0.003092148,0.009833213,0.005153476,0.003629485,0.010939968,0.010141755,0.001320228,0.000168024,-0.000647904,0.007996017,0.015225387,0.004383311,0.01675338,0.031691335,-0.001915802,0.042945728,0.08473913
/home/multiclass_classification/deer/train/c8bf630902.jpg,0,-0.003055529,0.003163522,0.004841912,-0.003712562,0.002703576,0.01878786,0.008225348,0.003107562,0.001114925,-0.002393529,0.010158226,0.004581454,0.008384729,0.040561214,0.030152438,0.03007469,0.031413358,0.06386007
/home/multiclass_classification/deer/train/aab37153a3.jpg,0,0.007639214,0.005148222,0.01502854,0.008625583,0.00665978,0.022661325,0.016248511,0.003763941,-0.000554734,0.005943919,0.01158736,0.009166275,0.007244727,0.016408235,0.013446901,0.0356562,0.036279783,0.08407195
/home/multiclass_classification/deer/train/df942f6b0a.jpg,0,0.001831244,0.000463833,0.014716631,0.00190175,0.007942631,0.023103882,0.017339004,0.008256108,0.005838822,0.024460372,0.008062886,0.00348279,0.012821334,0.027938947,0.030708682,0.021863284,0.044615872,0.09317997
/home/multiclass_classification/deer/train/22673f764c.jpg,0,-0.000116424,7.27E-05,-0.000524172,0.000648437,0.006978924,0.016108157,0.016180484,0.000456937,0.004305652,0.001211426,0.009181969,0.001887358,0.003132379,0.008743077,0.026812011,0.013913171,0.006829418,0.020018268
/home/multiclass_classification/deer/train/f2d0b3cb24.jpg,0,0.006228194,0.006573725,0.011675899,0.011191105,0.008668862,0.01701056,0.004963419,0.005987189,0.003744217,0.020639956,0.009734074,0.008754716,0.00466817,0.01581709,0.024755217,0.025500257,0.03915108,0.0741214
/home/multiclass_classification/deer/train/41c34dabb4.jpg,0,0.003975106,0.000480748,-0.004233309,0.00144619,-0.002709433,-0.010105136,-0.005473108,-0.008600153,-0.002711344,0.002595591,0.00278821,0.006719664,-0.003352064,0.039301813,0.025962275,0.019035535,0.03858319,0.08388956
/home/multiclass_classification/deer/train/40e2f90043.jpg,0,0.005206014,0.003676979,0.004125999,0.007691172,0.008599954,0.01625814,0.011375568,0.010279625,0.015291836,0.0333892,0.028294958,0.028343415,0.013154952,0.02020204,0.05588556,0.03802687,0.04502974,0.094293036
/home/multiclass_classification/deer/train/image_72.jpg,0,-0.003545614,0.000791068,0.006337521,-0.002315283,0.003219354,0.014475484,0.003964314,-0.004929109,-0.001224399,-0.001189115,-0.005430549,0.007988711,0.00995299,0.012750492,0.014303766,0.01755505,0.037153535,0.06690783
/home/multiclass_classification/deer/train/i-2022-04-05T141909-779_jpg.rf.e885c40ed0dd9db7496dd1051422ed29.jpg,0,-0.001217401,-0.001723828,0.004523397,0.01154162,0.007828113,0.01669718,0.014704721,0.007580695,0.010379648,0.015060332,0.017904442,0.010284562,0.008780947,0.03662709,0.051960714,0.017268438,0.04770413,0.10342328
/home/multiclass_classification/deer/train/b69cff807b.jpg,0,0.002461773,0.002288821,0.007505435,0.001056459,0.007722313,0.019580195,0.011150271,-0.000522731,0.000620855,-0.005822363,0.009211369,0.013627782,0.012926201,0.03873542,0.02734005,0.018561639,0.045927603,0.09086264
/home/multiclass_classification/deer/train/image_57.jpg,0,0.003746371,1.44E-05,0.005096618,2.43E-05,0.002593434,0.008566441,0.000900452,-0.000311508,-0.004614482,0.000515688,0.005185405,0.00233011,0.009284835,0.036564536,0.017458156,0.009471495,0.030059088,0.051546235
/home/multiclass_classification/deer/train/34e9b3e3a0.jpg,0,-0.000822498,0.004665067,0.009645983,0.010902821,0.004849535,0.003104478,0.004884188,0.005205373,0.00467167,0.0171059,0.011619462,0.011528507,0.007613001,0.021991964,0.034948576,0.034229122,0.04090774,0.07509995
/home/multiclass_classification/deer/train/fd5be7fb86.jpg,0,0.002770177,0.001965609,0.00116152,0.000178728,0.005533973,0.011422071,-0.00262696,-0.001006989,0.004731355,0.00595532,0.012454024,0.021653004,0.007246476,-0.000734851,0.03297922,0.011049178,0.04061213,0.05727844
/home/multiclass_classification/deer/train/362312ee0b.jpg,0,0.001242602,0.001709935,0.001454195,0.000841945,0.004327335,-0.001792857,0.004873885,0.003196248,0.005579778,0.013860839,0.017802903,0.011382267,0.010721317,0.026194565,0.029891029,0.038816717,0.0318242,0.07795184
/home/multiclass_classification/deer/train/dff70919b6.jpg,0,-0.001040916,-0.000811449,-0.000987505,-0.002276723,0.00143059,0.001681126,0.00935663,0.005986902,0.004381324,0.00702394,0.002421464,0.003841552,0.001446164,0.034201168,-0.001329632,0.015811572,0.03178921,0.0737834
/home/multiclass_classification/deer/train/d584f108f1.jpg,0,-0.000381307,0.001965478,0.006690761,0.00479458,0.004804247,0.005230294,0.010538098,0.01168174,0.013778046,0.03978956,0.034718048,0.025815235,0.011816643,0.047668543,0.040268663,0.04175508,0.04683147,0.09437932
/home/multiclass_classification/deer/train/c226ad906e.jpg,0,0.000267651,-0.001125554,0.006285776,-0.000927261,0.000292904,0.008094951,-0.004726869,-0.006379792,-0.005591814,-0.022930807,-0.012033532,0.001784544,0.010237747,0.02565407,0.004836319,0.023659935,0.0292252,0.06556044
/home/multiclass_classification/deer/train/9948bddf10.jpg,0,-0.00100767,0.002124321,0.001581988,0.00177485,0.005406044,0.01398789,0.00874764,0.006768016,0.009814583,0.021149447,0.0192735,0.00596334,0.005339653,0.020309329,0.043396924,0.017101206,0.034679644,0.08598104
/home/multiclass_classification/deer/train/9fa6936484.jpg,0,0.004573353,0.002381176,0.003531745,0.008461997,0.008180929,0.01620892,0.012955311,0.008613381,0.008957076,0.009783191,0.003169887,0.009678531,0.006701148,0.023891522,0.037545104,0.037737913,0.02985613,0.0549125
/home/multiclass_classification/deer/train/i-2022-04-05T150513-068_jpg.rf.df5b4507d08a3178819032b72a6fd437.jpg,0,0.000440958,0.002723426,0.005132232,-0.002194949,0.002702287,0.008172514,0.001284563,-0.000665739,0.005181674,0.008359151,0.004991789,0.008453775,0.014294062,0.02847742,0.038524806,0.030786613,0.045857735,0.084775284
/home/multiclass_classification/deer/train/image_55.jpg,0,0.001957029,0.001763351,0.005842306,0.005316299,0.01137487,0.024150034,0.018317241,0.005924922,0.008975932,0.013707663,0.018657988,0.02011656,0.007592898,0.035430435,0.039781116,0.021327598,0.04366131,0.09687458
/home/multiclass_classification/deer/train/4ad43a1687.jpg,0,0.00431206,0.004474234,0.009489338,0.009808899,0.003182571,0.0014087,0.006510779,0.005699378,0.00297028,-0.00690426,0.002725705,0.005335555,0.015424227,0.0435396,0.016518906,0.02957585,0.03275253,0.07290344
/home/multiclass_classification/deer/train/7efd89f098.jpg,0,-0.005842032,-0.001265322,0.000448958,-0.002531646,0.004877697,0.016758973,0.004030141,0.003676602,-0.003203917,-0.012779802,-0.001394679,0.007508726,0.012704661,0.030781683,0.050200205,0.03422059,0.0541496,0.09929749
/home/multiclass_classification/deer/train/553f79494c.jpg,0,-0.001750962,0.000948665,0.00439917,0.002757744,-0.002431574,-0.009351929,-0.006234489,-0.004754296,-0.011655584,-0.018462239,-0.020610884,0.003760506,-0.002642093,0.006546978,0.00843978,0.02004443,0.022374561,0.04314296
/home/multiclass_classification/deer/train/789d5733d0.jpg,0,0.00296932,0.004016518,0.006167904,0.00325544,0.000160398,-0.001864138,-0.010212153,-0.000599896,-0.00829465,-0.008755647,-0.005888003,0.001329823,-0.003204002,-0.006553524,0.014474019,0.023370478,0.031632636,0.05858724
/home/multiclass_classification/deer/train/88741c97cb.jpg,0,0.003256331,0.004256818,0.003751236,0.000184753,0.001655253,0.00796825,0.007565363,0.007496853,0.007412528,0.015430748,0.013505922,0.019146534,0.009883885,0.03964875,0.052027017,0.031677604,0.02984076,0.07077329
/home/multiclass_classification/deer/train/54dc8d8754.jpg,0,0.000126317,-0.000660018,0.00176053,0.00135853,0.003926546,0.003535231,0.004724293,-0.001410884,0.004950992,0.012856528,0.004060098,0.007951598,0.003379762,0.027686162,0.018364672,0.020325415,0.04337495,0.09335169
/home/multiclass_classification/deer/train/b0d577d366.jpg,0,0.001591871,0.000749627,0.005642032,0.00737623,0.006457842,0.010727239,0.005789149,0.000692365,-0.00186654,0.003713463,0.01228838,0.003722581,0.004650518,0.02537372,0.026610717,0.016444799,0.045312233,0.101999536
/home/multiclass_classification/deer/train/i-2022-04-05T142323-948_jpg.rf.d10e736fed3f52007bc3008874413933.jpg,0,0.001311805,-0.000460611,0.00323842,-0.000561345,0.004925863,0.011015797,0.00769882,0.008011808,0.004343353,0.003238641,-0.000791924,0.011595942,0.003071682,0.020012615,0.011551833,0.03577223,0.03639438,0.08280267
/home/multiclass_classification/deer/train/image_62.jpg,0,0.002813965,0.001490879,0.008418224,0.007323879,0.0090108,0.01699869,0.010620274,0.007920599,0.004388006,0.012714687,0.015216384,0.025199546,0.006757047,0.021449454,0.048378803,0.03412307,0.04030069,0.08729902
/home/multiclass_classification/deer/train/image_37.jpg,0,0.002830602,0.001400852,-0.000413756,0.004920476,0.004370462,0.011124815,0.003137427,-0.002883257,-0.000594803,-0.003250499,0.000781643,0.002584831,0.002560357,0.026409298,0.02757956,0.022458777,0.03473987,0.07677279
/home/multiclass_classification/deer/train/ade5dd987f.jpg,0,0.000563701,0.000736951,0.001558356,-0.001747755,0.000329784,0.005772961,-0.00849212,0.000130062,-0.007134985,-0.020031655,-0.003546769,0.000983748,-0.000777712,-0.002280669,0.004914436,0.015100912,0.023271667,0.044603948
/home/multiclass_classification/deer/train/i-2022-04-05T145327-046_jpg.rf.c56cc42b5f61f8ef1861bab0e3cf8702.jpg,0,0.003704835,0.002388758,0.004586281,0.002144651,0.006196046,0.014891823,0.012135284,0.005999948,2.53E-05,0.002955064,0.007863252,0.021057315,0.010040296,0.033750612,0.03726185,0.028797561,0.038177848,0.09384733
/home/multiclass_classification/deer/train/4848b541f2.jpg,0,0.005392672,0.003096451,0.00855787,0.006628591,0.009212686,0.014996282,0.01251428,0.007133234,0.006158795,0.007346334,0.004440792,0.007994038,0.010550663,0.009165129,0.020704031,0.009552276,0.018196441,0.047157638
/home/multiclass_classification/deer/train/i-84-_jpg.rf.35ba26d5841aad62ecde07a05e4788a5.jpg,0,0.003885285,0.000517992,0.003782742,0.004761819,0.005744151,0.014659233,0.014234664,0.012107301,0.005978425,0.014818947,0.013268605,0.007009423,0.007437452,0.013051223,0.018891457,-0.00048681,0.034175392,0.07199499
/home/multiclass_classification/deer/train/7b30bfe5e9.jpg,0,0.003796631,0.005850284,0.01436097,0.007332587,0.009628114,0.03387521,0.021111112,0.009041883,0.008365198,0.023742735,0.020113625,0.028807312,0.011263239,0.02654315,0.020227406,0.024353996,0.036946326,0.062397614
/home/multiclass_classification/deer/train/48f4873374.jpg,0,0.007807741,0.00349667,0.015875235,0.003106082,0.000744747,0.011361576,0.001281923,0.012301956,0.004972785,0.020183504,0.009285744,0.023420319,0.007270155,0.012566872,0.034459382,0.030800771,0.027401106,0.053544775
/home/multiclass_classification/deer/train/image_2.jpg,0,0.004693019,0.000148886,0.004078918,-0.001006689,0.008377342,0.013806481,0.013638381,0.007791549,0.014083369,0.030272473,0.008651653,0.006258942,0.012295164,0.018464185,0.052955605,0.003343099,0.0437701,0.082674064
/home/multiclass_classification/deer/train/9de2a5e7c0.jpg,0,0.00498685,0.005944831,0.01864101,0.007921774,0.009098225,0.021564297,0.010552318,0.014624512,0.009925625,0.0316057,0.013546104,0.016409736,0.010873092,0.034874916,0.041416615,0.011764095,0.03717517,0.071567565
/home/multiclass_classification/deer/train/1dab9f5977.jpg,0,0.006630401,0.004875322,0.018668886,0.005563387,0.009963909,0.019823696,0.011870168,0.003564859,0.006542848,0.029740695,0.015546108,0.015973682,0.015699748,0.039918736,0.04703772,0.023920503,0.042925045,0.08608176
/home/multiclass_classification/deer/train/906187a592.jpg,0,-0.003379712,0.002362812,0.004631129,-0.002119634,0.00352365,0.007045316,0.008501777,0.010351395,0.008462902,0.037637793,0.026694778,0.019475752,0.014475793,0.03680727,0.0535093,0.051726386,0.047628038,0.09110576
/home/multiclass_classification/deer/train/417f5fefbf.jpg,0,-0.00125257,0.003482443,0.010128984,0.003528974,0.009503651,0.018097369,0.008068019,0.005895939,0.000750916,0.001859229,0.005746633,0.014312662,0.007954977,0.025006704,0.01646589,0.026243526,0.03627701,0.0887665
/home/multiclass_classification/deer/train/8b2ef6ba08.jpg,0,-0.000371933,0.003878824,0.006200126,0.004545477,0.00261996,0.010054758,0.007100925,0.008607538,-0.002141983,0.005944411,0.009063944,0.007962348,0.007943514,0.021553747,0.024469359,0.011744534,0.043578565,0.072549686
/home/multiclass_classification/deer/train/f95b655381.jpg,0,0.005055427,0.002885876,0.008661045,0.005261777,0.005642024,0.012894049,0.010169695,0.017741824,0.008780737,0.013106835,0.018701553,0.011515386,0.01746013,0.043403007,0.03404638,0.009398975,0.03211283,0.05369455
/home/multiclass_classification/deer/train/68fcab835b.jpg,0,0.005003175,0.001385419,-0.007267636,0.002495714,0.004258764,0.011275744,0.011559245,0.006079162,0.003565172,0.013997825,0.003242123,-0.000657805,0.003540423,0.004651212,0.002103414,-0.001358152,0.01738934,0.011876067
/home/multiclass_classification/deer/train/54ad7f6e17.jpg,0,0.002293438,0.00176122,0.004977589,0.003803859,0.00420276,0.007072176,0.01666282,0.005174266,-0.002092574,0.001774723,-0.000208247,0.013835382,0.003175781,0.017007943,0.040748693,0.061944727,0.044545814,0.10625894
/home/multiclass_classification/deer/train/0c63f3b7c4.jpg,0,0.004438529,-0.0017358,0.004511444,0.004761637,0.003335999,0.007677528,0.006159135,-0.002292057,0.004432445,0.031311356,0.013532436,-0.00378825,0.006475883,0.0152411,0.016075578,0.012950134,0.026344616,0.047287002
/home/multiclass_classification/deer/train/e1d9eab908.jpg,0,-0.000854145,0.002651332,0.001757431,0.005034753,0.008146697,0.008407726,0.008700848,0.005218297,0.004081873,0.005279197,0.00660232,0.002350461,0.007803813,0.025818786,0.024843078,0.025650024,0.040507607,0.08296781
/home/multiclass_classification/deer/train/950cce8f63.jpg,0,-0.005534179,-0.000471353,-0.001311564,-0.002414823,0.003777253,0.005145623,0.004007649,0.012486948,0.004558891,0.019995818,0.010542677,0.021712095,0.00767301,0.029678842,0.02990513,0.020528186,0.030903194,0.0709964
/home/multiclass_classification/deer/train/9b5a17d100.jpg,0,0.003616628,0.003400216,0.005685598,0.006396788,0.013793397,0.027013425,0.01735581,0.004678162,0.00854598,0.021456297,0.01059071,0.024261765,0.01268586,0.040236227,0.050834283,0.055622883,0.040817752,0.08579911
/home/multiclass_classification/deer/train/15c4799834.jpg,0,0.003651461,0.006876501,0.014482787,0.004792488,0.007459092,0.004694116,0.00889786,0.008442637,0.001323606,0.012696028,0.000620786,0.021172825,0.002145366,0.011060805,0.037620187,0.027438179,0.03981348,0.09734532
/home/multiclass_classification/deer/train/e159424ea5.jpg,0,0.001984493,0.002900924,0.00219307,-0.001801441,0.002239267,0.008608284,0.00778215,-0.001840203,-0.003717627,-0.004337407,0.007291698,0.008252718,0.008080198,0.02787989,0.009273528,0.029713528,0.040159106,0.080220275
/home/multiclass_classification/deer/train/609e8018d8.jpg,0,0.000218911,0.003220915,0.008572171,0.003136237,0.008420872,0.006894938,-7.12E-05,-0.001091708,0.002445921,0.004825247,0.0066394,-0.003833185,-0.002223292,0.00974267,0.020587841,0.03770595,0.039173562,0.07722559
/home/multiclass_classification/deer/train/c35b11f5c9.jpg,0,0.003935989,0.002637104,0.003140738,-0.004323511,0.002626529,0.004541099,0.000390333,0.001415043,-0.005995594,-0.016518254,0.004201499,0.007064321,0.005183503,0.021491662,0.026209515,0.014697238,0.033524908,0.076973595
/home/multiclass_classification/deer/train/b0ef907faa.jpg,0,0.003003515,0.001257532,0.005592058,0.004607714,0.00599931,0.009462885,0.007822754,0.001984361,0.001482735,0.002639466,-0.009834352,0.013718301,0.00673826,0.014214877,0.024566425,0.007677058,0.032188818,0.056121938
/home/multiclass_classification/deer/train/e7e5e80320.jpg,0,0.001952889,-0.002140982,-0.004486712,0.002741152,0.006072619,0.00906176,0.016424792,0.007897148,0.007471529,0.0170651,0.026486773,0.02295181,0.011213743,0.035156883,0.03956086,0.03243975,0.046854347,0.08790226
/home/multiclass_classification/deer/train/697718c354.jpg,0,-0.002310493,0.000567425,0.003313031,-0.000780881,0.000139016,-6.95E-05,0.002676868,0.001571047,-0.001087742,0.001090056,0.012703843,0.010086378,0.008494066,0.023418678,0.049794324,0.015547653,0.0377725,0.081610344
/home/multiclass_classification/deer/train/ecf5926c4b.jpg,0,-0.001169181,0.002410279,0.002257852,0.004686015,0.011201547,0.02480609,0.011854418,0.005770591,0.005584593,0.01515707,0.008114858,0.013579661,0.009190495,0.03562582,0.03477993,0.020474166,0.036129504,0.08238609
/home/multiclass_classification/deer/train/4b9fd4baa6.jpg,0,0.003313453,0.005681488,0.016058132,-0.000285235,0.005973303,0.007670194,0.009348126,-0.003602378,-0.002330395,0.00338184,0.007024565,0.014366617,0.004210128,0.024457337,0.017256426,0.042262617,0.036248773,0.06774371
/home/multiclass_classification/deer/train/11defc84c2.jpg,0,0.002622717,0.000886515,-0.0007333,0.005315261,0.008949032,0.008760807,0.0112243,0.007476069,0.014511677,0.03253095,0.016332122,0.015153591,0.010514732,0.03021444,0.039305005,0.020817023,0.036224347,0.07192032
/home/multiclass_classification/deer/train/eeb3148a0d.jpg,0,0.000802582,0.002630751,0.00728728,0.001493067,0.003694779,0.006130273,0.011455065,-0.000236573,-0.004309403,-0.009216724,0.010059673,0.010691219,0.003369043,0.011735817,0.022461873,0.025610384,0.03298137,0.08599673
/home/multiclass_classification/deer/train/4cbb2d757b.jpg,0,0.003417579,0.001225458,0.006172235,0.00530822,-0.001934089,0.006237017,0.007908275,0.001566379,0.003509388,0.004838359,0.012216887,0.008972095,0.00738258,0.03231,0.044239298,0.021397613,0.04023842,0.08186049
/home/multiclass_classification/deer/train/image_33.jpg,0,0.008800359,0.002406803,0.001993139,0.007877752,0.000417231,0.002265152,-0.003216488,0.003748476,0.004511949,0.002967984,-0.012758892,0.013302264,0.012254817,0.026932115,0.042493083,0.026250957,0.033532463,0.06637259
/home/multiclass_classification/deer/train/31d413f20f.jpg,0,0.002860024,0.00237378,0.008052357,0.003718057,0.00062594,0.009883172,0.003926569,0.00207959,0.004452276,0.005240199,0.012263264,0.010308724,0.007681076,0.03191963,0.05255661,0.033380818,0.04223971,0.088356696
/home/multiclass_classification/deer/train/e5bf71a5a3.jpg,0,0.001203843,0.002638078,0.010561018,0.004170722,0.004266133,0.014903232,0.004651657,0.006576887,0.00015907,0.013543688,0.017650552,0.011370806,5.66E-05,0.021083672,0.036960937,0.033488225,0.043250788,0.09351515
/home/multiclass_classification/deer/train/image_12.jpg,0,0.002514586,0.003569247,0.001897832,0.003985428,0.011772241,0.028312018,0.01843121,0.012975931,0.014753497,0.03469246,0.00924247,0.020383243,0.01222588,0.039117895,0.025133105,0.017081356,0.029020993,0.08241762
/home/multiclass_classification/deer/train/a2ffbd370e.jpg,0,-0.001138829,0.002529158,0.000816783,0.002371961,-0.001346411,0.000814884,0.007357742,0.007757018,-0.001858046,0.001139341,0.009747474,0.009014212,0.010526486,0.042348556,0.04182096,0.02149787,0.035862073,0.07509056
/home/multiclass_classification/deer/train/image_60.jpg,0,0.003464809,0.00071948,-0.001089579,0.004006786,0.001188317,0.000734409,0.001860124,0.007566752,0.007139686,0.006262749,-0.004745146,0.01191588,0.007254897,0.026018849,0.005891576,0.019326195,0.04869523,0.08988676
/home/multiclass_classification/deer/train/95835525c7.jpg,0,0.001390453,0.002331642,0.009431478,0.005390428,0.004163516,0.015987735,0.013413003,0.003345434,0.00434952,-0.001054409,0.005168605,0.009515102,0.010550264,0.025724187,0.034988187,0.016838893,0.03530851,0.08296888
/home/multiclass_classification/deer/train/fdbda869df.jpg,0,0.007394952,0.004521754,0.008728225,0.004188716,0.007005968,0.017995,0.014121101,0.012742678,0.005937394,0.016337208,0.016658809,0.009538174,0.003011536,0.026718672,0.021609316,0.008067221,0.023754997,0.033538204
/home/multiclass_classification/deer/train/2a5fd6c0f7.jpg,0,0.000239838,0.002244115,0.006109098,-0.002364075,0.005473596,0.016507152,0.003869969,-0.001063552,0.003865148,0.008014588,0.007726338,0.012914714,0.008553717,0.023238696,0.036907498,0.018033769,0.045848742,0.08635424
/home/multiclass_classification/deer/train/0637d8bdc4.jpg,0,-0.00066037,0.001118484,0.00331721,-0.000904955,0.003605033,0.002646114,0.006802106,0.004011899,0.006406438,0.027685082,0.019909043,0.014550138,0.025030699,0.04243515,0.051226363,0.029598057,0.047675107,0.091036424
/home/multiclass_classification/deer/train/2faea2d734.jpg,0,0.003532987,-0.000693239,0.004247603,-0.002569068,0.003377454,0.015687332,0.006881011,0.001406446,0.001930812,0.000995086,-0.000940829,0.014965734,0.004312945,0.010418132,0.03782578,0.023376506,0.031517986,0.07688061
/home/multiclass_classification/deer/train/740659d302.jpg,0,0.002019874,0.00209662,0.004895913,0.002637319,0.007357009,0.030590193,0.014207713,0.009330592,0.008782596,0.030423502,0.01941653,0.018101456,0.012508782,0.041489173,0.055933945,0.025578307,0.03988652,0.08809985
/home/multiclass_classification/deer/train/fa34d3fa81.jpg,0,0.00151694,-3.98E-05,0.004763286,0.002309837,0.00654984,0.009902947,0.000316396,0.004838804,0.002443655,0.007644266,0.014298221,0.013929861,0.009777105,0.038772956,0.023980249,0.021064982,0.0349432,0.061683334
/home/multiclass_classification/deer/train/7a552c8146.jpg,0,0.001061763,0.002347199,0.001714126,0.006904828,0.001159711,0.007671748,0.002624023,0.005761177,0.006560418,0.002641747,0.007950545,0.01145355,0.007316034,0.023218464,0.038233005,0.026315147,0.04306981,0.095240004
/home/multiclass_classification/deer/train/a402a1dcce.jpg,0,0.000228459,0.001795837,0.004289397,0.004091756,0.00373604,0.007635697,-0.002849372,0.001120914,-0.002875721,-0.000883278,0.003636756,0.01391026,0.000485575,0.032350376,0.026413485,0.024402648,0.036084108,0.08597417
/home/multiclass_classification/deer/train/79bb16495c.jpg,0,-0.003318055,0.000623645,0.002533004,-0.002178787,0.004506384,0.01594057,0.012663417,0.010197595,0.010224128,0.010406021,0.005258459,0.010871379,0.008311925,0.029499892,0.015364882,0.018187696,0.02254168,0.043025758
/home/multiclass_classification/deer/train/11a2ba2d9a.jpg,0,7.75E-05,-0.001058635,-0.000525388,0.004147059,0.006519483,0.01354024,0.0121431,0.009364911,0.008250061,0.016120093,0.0257691,0.025241375,0.008239275,0.032429088,0.017669313,0.03733545,0.041990213,0.08820627
/home/multiclass_classification/deer/train/ca857bb95e.jpg,0,0.000998418,0.001216024,0.001804316,-0.000122261,0.004289894,0.009134339,0.004345805,0.005810786,0.004455553,0.001978101,0.010570579,0.018305428,0.003364599,0.023577511,0.0339889,0.02843408,0.036927722,0.079776645
/home/multiclass_classification/deer/train/04cb3cb179.jpg,0,-3.55E-05,0.000917999,0.001991462,-0.000773746,0.003468538,0.011843901,0.00204957,0.008244835,0.004158285,0.017668286,0.00471095,0.001747171,0.002266627,0.016216755,0.03482046,0.026294164,0.04676129,0.09869012
/home/multiclass_classification/deer/train/image_6.jpg,0,-0.000567331,0.002332123,0.007856289,0.000292465,0.005185484,0.01186269,0.008304899,0.003963798,-0.001106536,0.002190063,0.008884411,0.01615566,0.008452835,0.023001889,0.03128071,0.020278223,0.032703727,0.082105875
/home/multiclass_classification/deer/train/5d95e715fd.jpg,0,0.006001382,0.003401821,0.009426013,0.006895117,0.005267035,0.014185855,0.021684958,0.007317453,0.003426197,0.00301296,0.018660529,0.014917843,0.015251437,0.048552416,0.05187923,0.031819094,0.050788723,0.089064166
/home/multiclass_classification/deer/train/3a7685c8c9.jpg,0,0.001239547,6.19E-05,0.01133565,0.002691668,0.004221925,0.01616369,0.00936977,0.006735536,0.005070355,0.001713724,0.008062709,0.013765913,0.007880579,0.034624398,0.011277471,0.010473413,0.03482718,0.09141578
/home/multiclass_classification/deer/train/image_64.jpg,0,0.004320907,0.002820197,-0.000155203,0.005061466,2.22E-05,0.003506206,-0.007937662,-0.004870877,-0.001196321,-0.004182842,0.003224785,0.001893263,0.002915871,0.016345603,0.024517933,0.02312703,0.04642345,0.093120426
/home/multiclass_classification/deer/train/bf01774938.jpg,0,0.000554202,0.003776714,0.003135539,0.004857795,0.004565604,0.010954969,0.012568354,0.007413566,0.005007591,-0.00173578,0.015815249,0.01631263,0.010075099,0.025934853,0.018504977,0.036681768,0.017727923,0.04618787
/home/multiclass_classification/deer/train/image_73.jpg,0,-0.001701672,0.003781291,0.005749047,0.0020853,0.005592165,0.004239763,0.012964724,0.007457537,0.005845816,0.009330792,0.02007949,0.028060101,0.016468981,0.039776534,0.06963116,0.027996507,0.04835137,0.10543821
/home/multiclass_classification/deer/train/15832019941_351f9aacc8_b.jpg,0,8.62E-05,0.000381739,0.000478597,-0.000445866,0.004967734,0.0142676,-0.003159783,-0.002271391,-0.002043492,-0.006572235,0.006090142,0.010957456,0.001819001,0.022809703,0.004244325,0.01608839,0.045369964,0.070782706
/home/multiclass_classification/deer/train/5b5e658c1b.jpg,0,0.006378676,0.004326687,0.014438904,0.003470538,0.014562799,0.036899935,0.022226622,0.011438619,0.010448405,0.030048478,0.024170596,0.023494728,0.016503586,0.032626234,0.043326944,0.031245414,0.047528833,0.08612777
/home/multiclass_classification/deer/train/6adf5e2944.jpg,0,0.001703912,0.001818924,0.004219774,0.000463575,0.012016259,0.024559226,0.01809077,0.013483796,0.015114845,0.04637475,0.03583781,0.020005267,0.019317208,0.058929186,0.06403416,0.024289347,0.03572335,0.07104922
/home/multiclass_classification/deer/train/d0ad63695d.jpg,0,0.00749887,0.001413029,0.003146477,0.007429833,0.004193557,0.0100143,0.010236965,0.003665511,-0.001687175,0.002003465,0.001523339,0.005088856,0.003185523,0.018983237,0.012363719,0.015536071,0.033337746,0.08309728
/home/multiclass_classification/deer/train/d148bffb73.jpg,0,-0.002567115,-0.000183198,0.003251821,-0.00201085,-0.001015102,-0.003208683,-0.009390892,0.007430717,-0.00272675,0.00017774,-0.003943243,0.010089472,0.000973844,0.015091015,-0.006995626,0.000621945,0.019933596,0.056065097
/home/multiclass_classification/deer/train/image_40.jpg,0,0.001117509,0.001131502,0.002255286,0.004974436,6.61E-06,0.001362462,0.001283697,0.001331886,-0.001056716,-0.012456592,-0.005088076,-0.006807927,0.003583104,0.004698843,0.021573326,0.04549823,0.04230989,0.09774995
/home/multiclass_classification/deer/train/b099838f72.jpg,0,0.001914279,0.00417546,0.010158244,0.006566139,0.008006523,0.019447073,0.017976211,0.016874505,0.006339634,0.00864194,0.00704629,0.021254467,0.007747074,0.03180352,0.046444137,0.030952526,0.03446997,0.08178513
/home/multiclass_classification/deer/train/7ed95753cc.jpg,0,0.005388974,0.002526709,0.006502974,0.002743019,0.00950288,0.015828375,0.01230036,0.002640668,0.003053385,-0.003733781,0.015617373,0.010235606,0.005812886,0.024851982,0.030856343,0.032188095,0.044161327,0.11268687
/home/multiclass_classification/deer/train/b5205f2bce.jpg,0,-0.002056701,0.000852878,0.005270738,0.003699538,0.001736422,0.004783148,0.001111529,0.000681701,0.000901692,0.000162146,0.003238453,0.007164303,0.005669449,0.016193185,0.021145575,0.031026775,0.048940632,0.11010032
/home/multiclass_classification/deer/train/37513669f8.jpg,0,-0.000106012,-0.000298876,0.00238402,0.003331306,-0.00366047,-0.008242497,-0.005289729,0.002294712,0.007564913,0.008848683,0.018081367,0.004523953,-0.000367968,0.025205795,0.022747923,-0.00201121,0.03487388,0.06164217
/home/multiclass_classification/deer/train/1c05340bc6.jpg,0,2.69E-05,-0.000517874,0.006183582,0.000556415,0.003698657,0.001629207,0.007094082,0.003583965,0.007760177,0.001536201,0.00753081,0.011509219,0.012679867,0.030868765,0.026554167,0.012840102,0.040365435,0.072680555
/home/multiclass_classification/deer/train/i-2022-04-05T171133-437_jpg.rf.262f81079a09ab795ce2eea3a7538405.jpg,0,0.002591454,0.000435205,-0.00399632,-0.001765007,0.007153971,0.016708883,0.006277524,0.007374798,0.004674412,0.003573439,0.010371804,0.012569094,0.003750408,0.021696143,0.006491504,0.025787275,0.03395758,0.0668967
/home/multiclass_classification/deer/train/9766dc2019.jpg,0,0.006964085,0.003565935,0.004296877,0.004779373,0.00280528,0.009375223,0.004669317,0.003105616,0.010400022,0.018945977,0.01997757,0.018075742,0.016788706,0.042761542,0.04434007,0.033449,0.04605205,0.099165514
/home/multiclass_classification/deer/train/i-2022-03-21T181406-313_jpg.rf.92cc918b787dc79661c94416a6e180e3.jpg,0,0.00536497,-0.000793271,0.007295056,0.001699299,0.006501697,0.019072251,0.010782411,0.009342881,0.004787002,0.00957953,0.009252187,0.007089371,0.001671787,0.04030301,0.026347894,0.018431017,0.03985682,0.096254475
/home/multiclass_classification/deer/train/cd39001783.jpg,0,0.002034094,0.000352823,0.005854259,0.005408577,0.007831328,0.020617362,0.011900507,0.013138234,0.011302836,0.03161883,0.028618883,0.02734062,0.012880236,0.053283885,0.04278706,0.023924649,0.039278433,0.060993344
/home/multiclass_classification/deer/train/dd485708f8.jpg,0,-0.00345659,0.00026158,0.002084918,0.000965318,-0.004973254,-0.005107953,-0.001338927,0.007190119,-7.66E-05,0.009324553,0.010545381,0.018639108,0.006340116,0.03235875,0.022822067,0.025895413,0.033208676,0.06255764
/home/multiclass_classification/deer/train/cc00d0ad3a.jpg,0,0.003996281,0.000151171,0.00155599,0.003692723,0.010312071,0.014815468,0.02226885,0.007119678,0.011427371,0.023050027,0.014842079,0.006789381,0.00746929,0.007327925,0.014937816,0.020240061,0.040788922,0.09071434
/home/multiclass_classification/deer/train/04637a6efa.jpg,0,-0.00075225,0.002210388,0.005609403,0.000690954,0.004107821,0.010259609,0.004668879,0.001132701,0.001129926,0.004916166,0.016908426,0.009933341,0.008834688,0.026748423,0.050654165,0.019435856,0.052590646,0.09670995
/home/multiclass_classification/deer/train/711c2c78e3.jpg,0,0.003845525,0.002031579,0.005466456,-0.003658516,0.005393642,0.009599803,0.004862282,0.008632001,0.006999186,0.015178687,0.009532732,0.007315935,0.00314527,0.032000743,0.048042,0.034065325,0.044603392,0.091771714
/home/multiclass_classification/deer/train/56d0368ac0.jpg,0,0.002695809,0.001558555,0.009397056,0.003400313,0.002412931,0.007645005,-0.005881993,-0.003109165,0.002063413,-0.001719439,0.007416773,0.010841738,0.006168889,0.03175605,0.004175359,0.031176737,0.032636862,0.07219469
/home/multiclass_classification/deer/train/ad480eded9.jpg,0,0.00303989,0.002734355,0.007244142,0.007623068,0.0070291,0.009729719,0.00569089,0.00732398,-0.000342713,-0.005682848,-0.005712613,0.015236182,0.010331681,0.025202308,0.030532356,0.032079704,0.04532765,0.08913121
/home/multiclass_classification/deer/train/c3fee535d6.jpg,0,0.004532087,-0.000333719,0.005083758,0.004332159,0.009458086,0.010128648,0.004761709,0.001713876,-0.000306228,0.010491664,0.017824123,0.018277567,0.007153651,0.024540178,0.04431673,0.031655904,0.036999762,0.10031999
/home/multiclass_classification/deer/train/5e12fd13f3.jpg,0,-0.000641061,0.001219013,-0.001861751,0.00475016,0.001157201,0.002125718,0.006138991,0.002488948,0.009135548,0.019893248,0.020889027,0.017544905,0.01225649,0.024746146,0.027404053,0.036245853,0.021144444,0.056994885
/home/multiclass_classification/deer/train/fcb81e1e90.jpg,0,-0.000188259,0.002786364,0.006549749,0.006625047,0.005151738,0.009284868,0.010927305,0.007623881,0.000933615,0.004284563,-0.002879576,0.00719127,0.008202056,0.015656011,0.035256345,0.041732285,0.04449386,0.09583668
/home/multiclass_classification/deer/train/18e6d0cc15.jpg,0,0.001718543,0.002651151,0.00731108,0.004488234,0.001478906,0.008274775,0.008378366,0.00717499,0.004609226,0.010380277,0.01924393,0.011810126,0.012980346,0.040367536,0.040804178,0.039370455,0.04644226,0.096600264
/home/multiclass_classification/deer/train/efc8f34234.jpg,0,0.005595053,0.001789275,0.005270307,0.006374236,0.00694179,0.023897994,0.014707046,0.008733523,0.014145205,0.028315771,0.019870594,0.014712196,0.009555593,0.037961315,0.0413315,0.030851576,0.048409697,0.09741354
/home/multiclass_classification/deer/train/image_41.jpg,0,0.003506331,0.003321547,0.002661674,0.009491304,0.006323707,0.01253397,0.015689474,0.017840859,0.003733943,0.009255542,0.019452225,0.024947308,0.015612494,0.037911948,0.0527192,0.024687916,0.044154804,0.09620645
/home/multiclass_classification/deer/train/f8770a5a10.jpg,0,0.001178921,0.001617758,0.006220251,0.001570424,0.010937476,0.024112709,0.014574416,0.007542423,0.001571707,0.011967752,0.009276245,0.011554469,0.008061722,0.033986732,0.02088368,0.036476657,0.043760117,0.08862804
/home/multiclass_classification/deer/train/501c398a0a.jpg,0,0.002687643,0.001441375,0.005361429,0.003364781,0.004145625,0.012546008,0.014176771,0.003989337,0.003693517,0.007892709,0.012852101,0.011884144,0.005852892,0.031947076,0.04362591,0.024776839,0.03683439,0.077015996
/home/multiclass_classification/deer/train/f119532af2.jpg,0,0.00021742,0.001533295,0.005934667,0.008703502,0.009446926,0.023054603,0.015184043,0.007932726,0.005429938,0.026491426,0.02914009,0.02226685,0.018913768,0.0536008,0.04642511,0.004895961,0.032291554,0.06424937
/home/multiclass_classification/deer/train/f0ba5e507a.jpg,0,0.000895699,7.61E-05,-0.001339474,-0.002118315,0.000639831,-0.001623352,0.004944428,0.001393356,-0.004644072,-0.003406907,-0.015668118,-0.004581033,-0.005054261,-0.013708292,-0.019129027,0.020729851,0.02675495,0.051064715
/home/multiclass_classification/deer/train/chital2.jpg,0,-0.001523939,0.002317132,0.006409831,0.002761338,0.003304333,0.009075608,-0.002381695,0.005366367,0.002154171,-0.000302628,0.015966186,0.012271326,0.016846333,0.04158181,0.034372963,0.026051909,0.049570203,0.09810398
/home/multiclass_classification/deer/train/e39a6aa741.jpg,0,-0.0001554,0.004699402,0.003375169,0.002566036,0.008339403,0.007452359,0.017255988,0.010156669,0.012565522,0.026877437,0.02128163,0.002127412,0.011992708,0.040664583,0.025704043,0.03200542,0.04881875,0.104331575
/home/multiclass_classification/deer/train/b6cbefc302.jpg,0,0.000702709,0.000617734,0.005808588,-0.0030604,0.003903425,0.021899516,0.004742627,0.006201915,0.010384194,0.009044863,0.008583242,0.016092222,0.004728059,0.01282868,0.010656728,-0.003622204,0.004189045,-0.017763503
/home/multiclass_classification/deer/train/8b4ed284c3.jpg,0,-0.002778185,0.000764609,0.00322172,-0.001267535,0.004350108,0.013251638,0.006655654,0.009201609,0.003546696,0.013430752,0.001235727,0.009651901,0.002983647,0.001471624,0.027494874,0.03085593,0.03625753,0.07855642
/home/multiclass_classification/deer/train/1c345fa7c8.jpg,0,0.00195726,0.002239349,0.005164032,0.006846178,0.007514388,0.020341141,0.014200728,0.013611961,0.002632791,0.01701901,0.003264961,0.014837666,-0.001541075,0.014272575,0.027090268,0.036083076,0.033793308,0.09490295
/home/multiclass_classification/deer/train/cdcb53004e.jpg,0,-0.003268873,0.001607986,0.003996606,0.005262283,0.005498475,0.010013458,0.006267137,-0.002996349,0.012994853,0.026419759,0.01854247,0.022827808,0.015275878,0.027523287,0.046046007,0.031736486,0.0480062,0.09672795
/home/multiclass_classification/deer/train/b23f5bb88b.jpg,0,0.005489786,0.004568067,0.011445019,0.001828631,0.004448023,0.003098518,0.010377787,0.005585117,-0.003180514,-0.001599471,0.011438486,0.009730989,0.006886628,0.023655511,0.011548048,0.031660732,0.030836683,0.064863466
/home/multiclass_classification/deer/train/eb18e9876d.jpg,0,0.00580237,-0.000382221,0.008571732,0.008197691,0.004647964,0.017711673,0.011691123,0.013176221,0.01130765,0.016859837,0.017766718,0.012094694,0.007828314,0.027808873,0.045988344,0.006312223,0.014341422,0.026373059
/home/multiclass_classification/deer/train/639ec084da.jpg,0,0.005707372,0.003560467,0.008597178,0.003092117,0.005548677,0.013847167,0.004295061,0.008017061,0.000589594,-0.000214274,0.001476259,0.012996407,0.004071802,0.023859758,0.03841994,0.03718885,0.035507757,0.08088473
/home/multiclass_classification/deer/train/1954dcd696.jpg,0,-0.002325699,0.00143116,0.004600288,-5.50E-05,0.004215601,0.008745529,0.008873299,0.000807901,0.004068815,0.00858888,0.007189566,0.00297992,0.009599311,0.02770396,0.025287092,0.015134417,0.028108958,0.05247432
/home/multiclass_classification/deer/train/839bfe8a48.jpg,0,0.004626358,0.000464968,-0.003101803,0.000779268,0.001237431,0.001161841,0.004050328,0.002422993,-0.000940168,-0.002045854,0.003552313,0.007644592,0.010431163,0.015449679,0.036122095,0.043243475,0.03367608,0.080693275
/home/multiclass_classification/deer/train/a5e37d0346.jpg,0,-0.003184049,0.001147912,0.00021801,-0.001840521,0.006648949,0.017166097,0.016655754,0.002787286,-0.002450699,0.004521089,0.008627906,0.002785718,0.003810555,0.015594754,0.025633894,0.018088272,0.033281792,0.065722995
/home/multiclass_classification/deer/train/14223eaced.jpg,0,0.005667465,0.003110043,0.007198857,0.006179416,0.008547087,0.019743972,0.012848675,0.009493735,0.011695521,0.027263677,0.023945902,0.026473071,0.009929964,0.025628319,0.024142068,0.023015844,0.045659035,0.083971396
/home/multiclass_classification/deer/train/1a8632b915.jpg,0,-0.000843858,0.000186931,0.003374972,0.002179248,0.000856848,0.004934206,0.000463402,0.00325392,-0.002329263,-0.004421137,-0.006085463,-0.000775889,0.003966476,0.015082862,0.01167335,0.030105324,0.036479168,0.07677563
/home/multiclass_classification/deer/train/5f22a77307.jpg,0,0.001574306,-0.002167787,-0.005443386,-0.002371519,0.003626956,0.012635747,-9.72E-05,0.008843751,0.007449562,0.013555881,0.005036067,-0.00977518,0.004798506,0.008143459,0.013559938,0.02557602,0.027181055,0.077122316
/home/multiclass_classification/deer/train/d531cd7bb0.jpg,0,2.91E-05,0.002808036,0.005974522,0.001773346,0.003214363,0.00744891,0.004028466,0.000535511,-0.000664584,0.00323491,0.006696265,0.01608168,0.00987516,0.03125553,0.009178877,0.038599603,0.038997054,0.08720382
/home/multiclass_classification/deer/train/bd95b94a06.jpg,0,-0.004395332,-0.002196004,-0.010106174,0.006233319,-0.00304944,-0.010183486,-0.005159895,-0.007367889,-0.000113643,-0.001122827,0.002641091,-0.003786213,-0.00419417,0.014713012,0.005453248,0.012553994,0.031706505,0.068507165
/home/multiclass_classification/deer/train/f06d22003d.jpg,0,-0.000174586,-8.13E-05,0.007763813,0.006952094,0.008652005,0.011679962,0.016378436,0.013685005,0.007936779,0.008433574,0.019965583,0.019302426,0.003556967,0.026166365,0.037983086,0.009954393,0.049550287,0.08465393
/home/multiclass_classification/deer/train/6ac953ce82.jpg,0,-0.002355249,0.001457113,0.000644739,0.005026327,0.004691563,0.004970694,0.011669094,0.012519927,0.011413209,0.021010762,0.014685096,0.006974356,0.012279041,0.031415243,0.036180653,0.029627103,0.03623043,0.08321539
/home/multiclass_classification/deer/train/43dc9bb83d.jpg,0,0.005961364,0.001983641,0.007903332,0.002869594,0.003608069,0.00682583,0.001922048,-0.004266138,-0.002744289,-0.000242966,0.00741,0.014960149,0.001801717,0.019014463,0.026599946,0.017616972,0.04205262,0.07080398
/home/multiclass_classification/deer/train/46a2b61ddc.jpg,0,-8.76E-06,0.000335226,0.002017419,-0.002279533,0.005488589,0.0067707,-0.000572159,-0.000896528,0.002076136,0.004288244,-0.005423104,0.00363506,0.010038186,0.034897193,0.00074011,0.0223075,0.028117783,0.06064816
/home/multiclass_classification/deer/train/3b2a5c14b5.jpg,0,0.002282214,0.002465057,-0.002424369,1.71E-05,0.003134173,0.006147814,0.000956762,0.000279856,0.003357627,0.011058622,0.00877189,0.003594632,0.004977668,0.030978981,0.000453198,0.030169751,0.02773824,0.06821546
/home/multiclass_classification/deer/train/9581423fd8.jpg,0,0.002744223,0.002560462,0.003787794,0.00642322,0.006262774,0.010819051,0.002587706,0.011185443,0.004738946,0.008984451,0.01550266,0.014702668,0.013813006,0.017322911,0.045492627,0.02352719,0.038617596,0.0668004
/home/multiclass_classification/deer/train/28c1b95e43.jpg,0,-0.001429029,0.00188287,0.001594922,0.003837529,0.007130675,0.015837897,0.00612035,0.004999093,0.009229494,0.019101389,0.024755917,0.01682981,0.009348383,0.025909746,0.03866761,0.016393248,0.033075303,0.0753247
/home/multiclass_classification/deer/train/f34b3d77c6.jpg,0,0.001838137,0.001486029,0.006267369,-0.004592371,0.008974616,0.020382997,0.005503772,0.003592566,-0.00038879,0.00893464,0.011213695,0.018648239,0.00514329,0.019716516,0.04236436,0.034336854,0.04630042,0.09728065
/home/multiclass_classification/deer/train/3f720b2036.jpg,0,0.000987153,-0.000384286,-0.000100145,-0.005189015,0.00105006,0.001400675,0.002634404,-0.004502833,-0.010591035,-0.01641919,-0.006754582,-0.002339151,-0.000387695,0.011283143,0.007641051,-0.009866001,0.000165376,-0.023932824
/home/multiclass_classification/deer/train/9b265c0981.jpg,0,0.005595267,0.007529237,0.017033082,0.008449879,0.008623444,0.026115535,0.014584407,0.013770337,0.005871382,0.015465526,0.016692163,0.023057401,0.005734002,0.035850354,0.029297652,0.03266678,0.03865672,0.09182006
/home/multiclass_classification/deer/train/4853621eaa.jpg,0,-0.000604337,0.000410614,0.011348712,-0.001737914,0.000171273,-6.64E-05,-0.002051408,-0.005193041,-0.008911999,-0.022512,-0.008381331,0.005166246,-0.000272498,-0.001293124,0.009783237,0.012684106,0.022953773,0.03450756
/home/multiclass_classification/deer/train/0f7dc28fe7.jpg,0,-0.000347025,0.003802894,0.011874095,0.003414743,0.008728975,0.019903887,0.008698182,0.014904916,0.010794711,0.022107467,0.018522058,0.032783244,0.010520178,0.03589015,0.05218707,0.033426553,0.05181829,0.099500924
/home/multiclass_classification/deer/train/9396996618.jpg,0,0.002427133,0.001901188,0.004279834,0.004156379,0.006494436,0.006685829,0.004864036,0.014256077,0.007824021,0.022054922,0.004400034,0.015854469,0.008087193,0.026600098,0.04050335,0.048840433,0.03974786,0.08053536
/home/multiclass_classification/deer/train/b5c06b48af.jpg,0,-0.00086215,-0.000975833,0.005143196,-0.000946355,-0.000715068,0.001741785,-0.001492905,-0.003076284,0.006461944,0.00272595,0.002951476,0.00264258,0.002451928,0.035988133,0.02731621,0.021551264,0.024857577,0.057572097
/home/multiclass_classification/deer/train/17fc20c082.jpg,0,0.006931167,0.003180717,0.006548497,0.007543942,0.005865097,0.017742721,0.012616931,0.008379136,0.010370728,0.011494121,0.015628584,0.009677175,0.002397292,0.025451824,0.017185649,0.028741013,0.04374662,0.09311416
/home/multiclass_classification/deer/train/bc7c91c94b.jpg,0,-0.00274532,-0.001844476,0.000710109,-0.001062731,-0.002310026,-0.007173184,-0.004961473,0.00036955,-0.005137219,-0.005401876,-0.000868388,-0.001963787,0.002087869,0.019059198,0.024962867,0.01606937,0.03074796,0.07784332
/home/multiclass_classification/deer/train/image_71.jpg,0,-0.003950474,0.002967175,0.004724819,0.001534062,0.004199937,0.007296452,-0.007755827,0.00679057,0.002464046,0.005388707,-0.003047592,0.004692884,0.006505778,0.020637905,0.006189526,0.009108084,0.037001796,0.06424996
/home/multiclass_classification/deer/train/e6b336021c.jpg,0,0.000721634,0.001195314,-0.000263983,9.70E-05,0.002454315,0.000359784,0.004212403,0.007231451,0.004509884,0.008832713,0.005540867,0.007734186,0.000882876,0.010323119,0.013995105,0.011881815,0.020181516,0.041187853
/home/multiclass_classification/deer/train/61860dd81c.jpg,0,0.005744292,0.003789282,0.00716908,0.007440865,0.005393776,0.006794895,0.012804178,0.006183363,0.00035168,-0.002201527,0.011274935,0.014044955,0.004538648,0.036395445,0.049485467,0.021295194,0.046478078,0.10030232
/home/multiclass_classification/deer/train/0d99ac6e2f.jpg,0,-0.002237477,0.002741062,0.006511612,-0.001714532,0.00782077,0.009069508,0.016101833,0.003373859,0.010943735,0.030604167,0.000779533,0.017216738,0.010067766,0.024580527,0.029697897,0.018507596,0.028819755,0.07157715
/home/multiclass_classification/deer/train/df81932a17.jpg,0,0.001480755,0.001572779,0.008415625,0.010283671,0.004595647,0.015514608,0.012385368,0.005833203,0.004297852,0.008967627,0.008809713,0.021830274,0.009087644,0.035138816,0.042024992,0.017406069,0.03154878,0.06357455
/home/multiclass_classification/deer/train/922e5a2034.jpg,0,-0.001143886,0.001300855,0.001479294,0.003883477,0.000694262,0.001721616,0.002274224,0.005337769,0.003337723,0.015618582,0.010674302,0.013335178,0.004303766,0.026857981,0.013625104,0.030357324,0.0274348,0.07000056
/home/multiclass_classification/deer/train/415ee7f99a.jpg,0,-0.000283352,0.001902651,0.001632669,0.001439898,0.000957689,0.00832865,0.009693382,0.003951684,0.002559952,0.01295005,0.014981734,0.006268034,0.015310451,0.020954957,0.04174103,0.027963374,0.03564153,0.072013065
/home/multiclass_classification/deer/train/dce44069f2.jpg,0,0.001042799,0.001352209,0.000589291,-0.00424085,0.002752644,0.01845467,0.009241076,0.008495463,0.004509895,0.013572717,0.01748971,0.00293345,0.015045853,0.04228335,0.016920675,0.023246562,0.027347144,0.045331933
/home/multiclass_classification/deer/train/image_5.jpg,0,-0.004020179,0.000682592,0.002878272,0.000572769,0.000416056,0.011188589,0.001269949,-0.001158818,-0.00150328,0.002036478,-0.003761239,0.003150199,0.01151233,0.028025772,0.017608711,0.032574676,0.03930454,0.08855569
/home/multiclass_classification/deer/train/bc0fa3558c.jpg,0,0.002627604,0.002886982,0.000644348,0.001441632,0.002667795,0.005449423,0.003599231,-0.001623749,0.002592853,0.008999687,0.013739636,0.010205741,0.004990165,0.020761726,0.004076815,0.003024531,0.034990676,0.0725452
/home/multiclass_classification/deer/train/image_30.jpg,0,0.007794898,0.004487774,0.005986955,0.003986747,0.006513142,0.016737137,0.01704592,-0.000427884,0.006053594,0.006268933,0.017777897,0.004955979,0.013458317,0.041852932,0.009682016,0.012895454,0.030610196,0.054028675
/home/multiclass_classification/deer/train/f5667086fc.jpg,0,0.004961686,0.003728742,0.003909646,0.005230518,0.007830738,0.015859198,0.007731588,-0.001498518,0.009233958,0.011501236,0.014830414,0.011702832,0.006232157,0.032115865,0.024352906,0.04024839,0.047362823,0.090568736
/home/multiclass_classification/deer/train/1d5488fd16.jpg,0,0.000878362,0.00646437,0.012791759,0.00381691,0.003250287,0.009114815,-0.005995441,0.005800169,-0.005885693,-0.00767526,-0.006183256,0.008567363,0.006724178,0.02111336,0.0180145,0.035800397,0.05026608,0.089902304
/home/multiclass_classification/deer/train/09bbbd0230.jpg,0,0.000275545,0.003772208,0.005664547,0.008072329,0.009334493,0.02446118,0.022619352,0.007877145,0.005888149,0.015516497,0.026277525,0.01738102,0.02058728,0.04488215,0.04540032,0.001844686,0.034087427,0.06523539
/home/multiclass_classification/deer/train/25e8a5e939.jpg,0,0.007482613,0.001397189,0.012411376,0.011038728,0.005758062,0.02168193,0.020149045,0.012468329,0.010961092,0.028875962,0.019079529,0.014800787,0.013989858,0.031704567,0.024848852,0.022913156,0.04070446,0.08236444
/home/multiclass_classification/deer/train/cfc0cfb8ff.jpg,0,0.001898653,0.001544914,-0.000909574,0.000962518,0.003534727,0.014090888,0.010980597,0.004962135,0.009163365,0.024346855,0.010690336,0.013054378,0.007873466,0.02287798,0.032624986,0.021563973,0.041098416,0.089297995
/home/multiclass_classification/deer/train/60e45c70c8.jpg,0,0.002000701,0.001100976,0.002778866,-0.003020966,-0.001377669,-0.002168459,-0.008039033,0.003788005,-0.004591083,-0.012128614,-0.000379935,-0.001872407,-0.000966829,-0.000787988,0.031417564,0.024599105,0.044154637,0.09682385
/home/multiclass_classification/deer/train/04a53a216b.jpg,0,-0.001555,0.000452254,0.004627728,-0.003873676,0.004474647,0.011050855,-0.000201441,-0.001386947,-0.00128198,-0.004871531,-0.005343239,0.012219733,0.00577955,0.020018127,0.039873824,0.028307427,0.048122168,0.089380436
/home/multiclass_classification/deer/train/2513aa964f.jpg,0,0.005585293,0.000992102,0.002384821,0.002032922,0.000149724,-0.005461071,0.002905372,0.00268578,-0.003959041,-0.019439518,0.006028915,0.002086951,0.000621052,0.020853084,-0.009964532,0.005305249,0.03771995,0.057914525
/home/multiclass_classification/deer/train/83fd2aaa12.jpg,0,-0.002101544,0.00321334,0.006847647,0.005369197,0.010886091,0.02665383,0.013258654,0.012852465,0.006786496,0.013346728,0.014792489,0.014304515,0.009953727,0.035304796,0.01990969,0.013759445,0.043022312,0.090981595
/home/multiclass_classification/deer/train/144e70a876.jpg,0,0.002012435,0.000923579,0.005484644,0.001572105,0.003935167,-0.003051537,0.005880178,0.00223893,0.00613689,0.006280604,0.000237557,-0.005546725,0.006081567,0.015504952,0.012832466,0.039732527,0.021986477,0.04812032
/home/multiclass_classification/deer/train/a28cc10ff8.jpg,0,-0.001643134,0.002368644,0.004942983,-0.003731853,0.002355593,0.007825218,-0.00470604,0.005252561,-0.001333278,0.006786774,-0.002490101,0.005761706,0.00413897,0.03126438,0.045221314,0.037771903,0.033662293,0.086244516
/home/multiclass_classification/deer/train/9d755f0824.jpg,0,0.002118081,0.001827714,0.005563608,0.003435456,0.006305669,0.016834471,0.004839853,0.006194089,0.002279818,-0.000296814,0.011718703,0.0227934,0.008314792,0.038544994,0.032612033,0.020990439,0.045827013,0.098443195
/home/multiclass_classification/deer/train/image_21.jpg,0,-0.00017588,0.000435585,-0.00066755,0.00272501,0.004276596,0.017364828,0.012499424,-0.001247073,0.000651806,0.000758156,0.002587271,0.006671743,0.002613174,0.009873117,0.020307723,0.02414254,0.033029605,0.08124107
/home/multiclass_classification/deer/train/9e89f1b7d1.jpg,0,0.002857823,0.005585155,0.008619442,0.009208935,0.009626531,0.028663037,0.018815795,0.00571039,0.007433074,0.024720278,0.018227678,0.013471503,0.009020394,0.03444452,0.03865329,0.03438114,0.044491466,0.09521873
/home/multiclass_classification/deer/train/79d0894827.jpg,0,0.001731678,0.002007073,-0.000597198,0.001666513,0.006728,0.02041261,-0.001739552,0.002458663,0.005453055,0.020442383,-0.017037885,0.005975009,-0.002944055,0.010309694,0.033934496,0.029084938,0.029026376,0.0631302
/home/multiclass_classification/deer/train/0074441cc2.jpg,0,0.004649235,0.005546846,0.008984571,0.001200645,0.001412126,0.003158252,0.004249749,0.009854725,0.00526451,0.009751094,0.024863422,0.012809345,0.002165457,0.036508854,0.030235227,0.025318706,0.037345514,0.071626246
/home/multiclass_classification/deer/train/9ee04ef873.jpg,0,0.004252243,0.001518478,0.003118873,0.002832335,0.003388575,0.007326818,0.00714644,0.005599046,0.011826916,0.015514176,0.028168697,0.015618549,0.006709552,0.037625097,0.035487846,0.033459757,0.033704452,0.062157217
/home/multiclass_classification/deer/train/i-2022-04-05T152059-962_jpg.rf.5557f345e7f6eafc9702e3c06f8531c9.jpg,0,-0.004215251,-0.002940129,-0.002350176,-0.00048209,0.000607086,-0.003759764,0.005513306,-0.000912544,-0.002703873,-0.023563461,-0.001965891,0.017482024,0.009322049,0.029252458,0.014212416,0.032507583,0.035778403,0.068441816
/home/multiclass_classification/deer/train/0c02fb600b.jpg,0,-0.000245094,0.002292151,0.007071118,0.003754696,0.005677431,0.010007733,0.012902655,0.009142118,0.011532382,0.030493245,0.022798937,0.022818416,0.01788875,0.027171306,0.040301334,0.029240593,0.04906,0.088863656
/home/multiclass_classification/deer/train/image_13.jpg,0,-0.001173262,-0.00116169,-0.002933234,-0.007064164,0.002348224,0.004104912,0.003169605,-0.003944159,0.00235457,-0.000760984,-0.003850399,0.000865977,0.006550439,0.022041734,0.010807243,0.010579102,0.036189195,0.06733801
/home/multiclass_classification/deer/train/image_16.jpg,0,0.001140483,0.001574194,0.004574887,0.005408103,0.009071901,0.016457414,0.014209237,0.016343694,0.00943269,0.020455126,0.013439939,0.015508999,0.012362699,0.030347295,0.02845023,0.03653352,0.03897912,0.076104365
/home/multiclass_classification/deer/train/22e17f35f0.jpg,0,0.001985691,0.002250481,0.003381725,0.001902835,0.006013386,0.0219245,0.00528213,0.004365812,0.001027207,-9.58E-05,0.013832811,0.003563239,0.007463484,0.02000324,0.027050538,0.04111852,0.041033298,0.0843522
/home/multiclass_classification/deer/train/7bf91daa47.jpg,0,0.004791547,0.002255621,0.00613372,0.006440583,0.007736897,0.019996617,0.01406721,0.012480347,0.012018444,0.030492123,0.025752999,0.01970464,0.012218138,0.03798952,0.06180909,0.02723671,0.052042022,0.08486469
/home/multiclass_classification/deer/train/35c2352627.jpg,0,0.001621174,0.001725333,0.001198802,0.000450298,0.001837288,0.009141946,0.008501154,0.002510895,0.003359465,0.006833407,0.017957643,0.008922266,0.003939825,0.009748826,0.003094365,0.012504173,0.04354515,0.08560029
/home/multiclass_classification/deer/train/i-2022-04-05T142826-467_jpg.rf.bcdde01a6524c51048741661a8c13625.jpg,0,-0.00171525,0.000331998,-0.001349498,0.000143493,0.00420313,0.007945174,0.007874014,0.007364733,0.004275495,0.012474082,-0.004885647,0.002948786,0.004373206,0.011323298,0.000103424,0.014519353,0.027175803,0.06357406
/home/multiclass_classification/deer/train/70f862b4c0.jpg,0,-0.005772908,0.001466204,0.001720895,0.002835635,0.007954425,0.022924516,0.021272622,0.014798651,0.008100659,0.026556067,0.013198262,0.015182103,0.010944171,0.035333563,0.029307824,0.008196889,0.026033338,0.057645306
/home/multiclass_classification/deer/train/4f0b46f73b.jpg,0,-0.000608297,-0.000361932,0.008425574,0.00539852,0.007898433,0.019532204,0.014281446,0.005908285,0.004505333,0.010621386,0.013041245,0.015887104,0.00830255,0.02178656,0.011844468,0.0445077,0.053926,0.095075995
/home/multiclass_classification/deer/train/b7d097290c.jpg,0,-0.006785686,-0.001270172,-0.004209853,-0.003323579,0.003183278,0.005507196,0.003324105,0.003647383,0.001127102,-0.000460935,0.010728056,-0.000728792,0.00527959,0.01759929,0.035561934,0.05414122,0.03916371,0.093570784
/home/multiclass_classification/deer/train/86e1bcf719.jpg,0,-0.001192406,-0.001177375,-0.000981022,0.001379511,0.003647693,0.008218822,-0.002213318,-0.000963713,0.004392443,0.003745134,0.00091727,0.005591172,0.003942853,0.012822812,0.048870437,0.051403016,0.036492635,0.059138097
/home/multiclass_classification/deer/train/56cbcbe155.jpg,0,0.001256503,-0.000472662,-0.002029891,0.003600752,0.000690215,-0.000527065,-0.005387243,0.00227621,0.000215879,-0.008998644,0.00051963,-0.001238047,-0.003694325,0.003040748,-0.000255096,0.018787883,0.000865858,0.006204065
/home/multiclass_classification/deer/train/12b014a50c.jpg,0,0.005213847,0.007014526,0.013336263,0.014716642,0.006688087,0.009598485,0.013257546,0.006341831,0.016393108,0.034869898,0.031537153,0.016032897,0.014813414,0.036046192,0.052906893,0.010269606,0.031245373,0.059757814
/home/multiclass_classification/deer/train/a64e2f1de7.jpg,0,0.001854228,0.004561179,0.00735087,0.006701049,0.010302468,0.005510944,0.001444702,0.003457752,0.006389934,0.017839104,0.017888501,0.019466437,0.006709543,0.036563706,0.042701066,0.03791592,0.049844787,0.110681355
/home/multiclass_classification/deer/train/926071274a.jpg,0,-0.000350886,-0.001295273,0.007910591,0.005555874,0.005951753,0.013168205,0.008699773,0.007615041,0.008581031,0.00885413,0.008673118,0.0042562,0.013017206,0.040227197,-0.008822991,0.012234889,0.018795568,0.04374724
/home/multiclass_classification/deer/train/c093147aea.jpg,0,-0.005352007,0.00191849,0.006923265,0.0047461,0.007941905,0.010951446,0.012292724,0.00484358,0.00483261,0.010070505,0.014097868,0.009094548,0.001925997,0.009468604,0.024519743,0.041078225,0.040742673,0.102203906
/home/multiclass_classification/deer/train/de74a6452f.jpg,0,-0.001382303,0.001476293,0.004518722,0.003303975,0.005433151,0.022158306,0.009548415,0.004703434,0.005342169,0.010511192,0.003476413,0.011379851,0.007181141,0.03767464,0.04315798,0.02952934,0.0522852,0.09958078
/home/multiclass_classification/deer/train/image_18.jpg,0,0.003374144,0.001644587,0.007388497,0.004735115,0.004717319,0.012811374,0.009258512,0.003854543,0.00651187,0.0136473,0.003359192,0.008867923,0.004081766,0.022354454,0.005994618,0.017848194,0.037335657,0.070488736
/home/multiclass_classification/deer/train/cad376db2a.jpg,0,-0.006773518,0.000363295,-0.000511541,0.000607014,0.001831966,0.01496428,0.013439273,-0.000116152,0.000974773,0.00345938,0.013787651,0.023980236,0.013225587,0.029994428,0.048532743,0.02622066,0.04317238,0.07870457
/home/multiclass_classification/deer/train/i-2022-04-05T141952-304_jpg.rf.06acfbdab9ea4796cc4741b7601e18ab.jpg,0,0.003060368,-0.000265163,0.005507217,0.005478517,0.009019121,0.020228405,0.015246458,0.014754398,0.006566083,0.019968316,-0.000967068,0.017777726,-0.000470567,0.02474324,0.010578626,0.009305315,0.022475503,0.05755444
/home/multiclass_classification/deer/train/i-2022-04-05T155021-669_jpg.rf.e25dbef846a55559f536f312b5aa976b.jpg,0,-0.000231196,0.002072352,0.004527628,0.004152661,0.010550568,0.016996654,0.013331237,0.004852313,0.001075119,0.010908853,0.005682819,0.01159134,0.006708628,0.014535587,0.01494029,-0.00866086,0.029763423,0.06296548
/home/multiclass_classification/deer/train/f81ce647e5.jpg,0,0.000585511,0.001571907,0.005143816,0.00392506,0.006956886,0.014830176,0.011963053,0.003109007,0.008983234,0.00645967,0.000159998,0.009640342,0.010398125,0.032983147,0.024074344,0.03814748,0.044297762,0.09263895
/home/multiclass_classification/deer/train/c1b4eac51f.jpg,0,0.003665433,0.003513404,0.011301328,0.010907665,0.011078383,0.023469461,0.007450792,0.009569582,0.00895001,0.014785213,0.005502523,0.012318939,0.00961441,0.016504148,0.009935869,0.026057623,0.039444715,0.08920925
/home/multiclass_classification/deer/train/cbd08a8918.jpg,0,0.004185303,0.005861674,0.010318656,0.014483928,0.011689312,0.03216716,0.015287999,0.014626087,0.01391831,0.029843684,0.023598555,0.022354126,0.015571508,0.040778756,0.046680033,0.017028939,0.032453217,0.07295163
/home/multiclass_classification/deer/train/dec0dccf94.jpg,0,0.000768186,0.000461992,0.002655975,0.000382838,0.007589639,0.016605487,0.020571914,0.016346822,0.015241281,0.029984487,0.022682935,0.015085476,0.009354408,0.0408307,0.04044646,0.040642176,0.044548377,0.07910739
/home/multiclass_classification/deer/train/80d7b46eb5.jpg,0,0.000916449,0.000315603,0.002196736,0.001884444,0.000715723,0.007170449,0.001562351,0.003104353,0.00108774,0.00614965,0.009521944,0.006946735,0.005240608,0.02274442,0.022805817,0.019517373,0.031675965,0.059385985
/home/multiclass_classification/deer/train/696b1de3bd.jpg,0,0.002142009,0.001133164,0.00546597,0.000965063,0.005082773,0.005673588,0.000576958,-0.001328038,0.003062733,-0.002311162,0.002994786,0.003872095,0.008731641,0.031096471,0.04577601,0.012810392,0.03389159,0.08368418
/home/multiclass_classification/deer/train/88d6d27448.jpg,0,0.001147075,0.002799285,0.005871758,0.003420156,0.006377154,0.008596981,0.004743624,-0.000751584,0.002510483,0.007655261,0.007901785,0.015099411,0.00972723,0.023446394,0.021409318,0.015336632,0.046525,0.08322194
/home/multiclass_classification/deer/train/2cb963ba89.jpg,0,0.00529554,0.003396246,0.004604129,0.009934265,0.007746632,0.015563847,0.010066521,0.011113813,0.008901084,0.023540772,0.008448318,-0.000260049,0.00745051,0.017274164,0.02949876,7.77E-05,-4.93E-05,0.01989168
/home/multiclass_classification/deer/train/3687f256d7.jpg,0,-0.007616243,-0.001397186,0.00961143,-0.005515169,-0.002306031,-0.007780423,0.003467038,0.00535035,-0.003176079,-0.003743331,0.000713647,0.013632609,0.009408738,0.030919097,0.03978265,0.015665345,0.03545985,0.072231255
/home/multiclass_classification/deer/train/i-2022-03-21T181800-137_jpg.rf.42b9c49bd740a1f4737ae4fdcc6199b3.jpg,0,0.001071511,-0.000681532,-0.004473434,-0.005050526,0.005191801,0.008812988,0.005879456,0.002472143,0.004147909,0.010897906,0.002439236,0.004917684,0.001878537,0.019516755,0.009310159,0.015150216,0.021896299,0.05034438
/home/multiclass_classification/deer/train/3be9b14446.jpg,0,0.00348194,0.002006835,0.001969812,0.001364072,0.003449287,0.010891462,0.006212116,0.003382099,-0.000824335,0.000332699,0.011680161,0.011989426,0.000251364,0.018823732,0.01467685,0.030447032,0.03853418,0.083493814
/home/multiclass_classification/deer/train/i-2022-04-05T143133-693_jpg.rf.ea1a5db74ebd72c387544b51dd5e65ac.jpg,0,0.005922468,0.000773866,0.004808905,0.007657555,0.007939056,0.028345022,0.011661867,0.000157626,0.008718643,0.028155405,0.013512546,0.003548112,0.003423637,0.01948554,0.013848845,0.0447255,0.037788827,0.0778534
/home/multiclass_classification/deer/train/i-2022-03-21T182105-579_jpg.rf.d22e3209536ac159ee33cb0007a66e37.jpg,0,-0.002588871,0.001092399,0.001231295,0.005375495,0.007912349,0.020943718,0.010250552,0.004397378,0.010726582,0.025760565,0.018125556,0.023947343,0.007794612,0.0304995,0.022190932,0.007790268,0.044455763,0.09341958
/home/multiclass_classification/deer/train/i-2022-04-05T155246-545_jpg.rf.301020be987d534624c96579566c3da2.jpg,0,0.004505355,0.004884508,0.013851585,0.004494464,0.013010057,0.03266903,0.01881352,0.008567051,0.011568714,0.036630116,0.013059407,0.019035008,0.010190812,0.031212274,0.040875163,0.034033626,0.031079909,0.07386037
/home/multiclass_classification/deer/train/Chital20Deer-20Male.png,0,0.000751984,0.001671357,0.004701488,0.004070795,0.003903783,0.000947257,0.013677966,0.015262298,0.011271849,0.035750903,0.024814468,0.012587924,0.003905192,0.020334836,0.03346455,0.00926418,0.034960475,0.073567614
/home/multiclass_classification/deer/train/cef2f25188.jpg,0,0.003581441,0.000362855,0.003353135,0.005437179,0.00396781,0.012322387,0.013923788,0.008543098,0.006792299,0.021705478,0.02596965,0.015036734,0.00754002,0.034266833,0.03705355,0.043398805,0.034111947,0.07430811
/home/multiclass_classification/deer/train/6196156e41.jpg,0,0.002855351,0.001269952,0.007367069,0.002650585,0.010663481,0.020529922,0.010043941,0.006072205,0.003019668,0.010283951,0.010446349,-0.001111845,0.00051213,0.017130498,0.020519575,0.015743371,0.03182236,0.058099303
/home/multiclass_classification/deer/train/22332be8fa.jpg,0,-0.000141532,0.000199612,0.005008896,0.001295722,0.002771575,0.014343694,0.003468195,0.000579399,0.001941547,0.019029466,-0.004054096,0.014601903,0.006859893,0.026874729,0.02762862,0.027888719,0.03896881,0.08784655
/home/multiclass_classification/deer/train/a3241b663c.jpg,0,5.12E-05,8.41E-05,0.002820818,-0.0026221,0.004664743,0.007421244,0.000309599,-0.00545497,0.001006093,0.00186333,-0.001764361,0.007123064,0.000442287,0.011891589,0.022855293,0.03812122,0.03618593,0.086324275
/home/multiclass_classification/deer/train/0eb3bb5e9a.jpg,0,0.003094375,0.004648743,0.010989222,0.004733585,0.010108133,0.018919913,0.013773807,0.003701018,0.006040614,0.0142301,0.001545572,0.007367616,0.011696167,0.0291959,0.006571023,0.033543147,0.041719534,0.085693546
/home/multiclass_classification/deer/train/8b07687f39.jpg,0,-0.002348653,-0.001331646,-0.000863115,0.007602071,-0.000511025,0.006646002,-0.003192948,0.001982344,0.007984989,0.028664585,0.007509134,0.011578593,0.00963675,0.017435156,0.025885269,0.026351053,0.013635188,0.050940488
/home/multiclass_classification/deer/train/babcd5db87.jpg,0,0.000597121,0.004156353,0.010457244,0.002423059,0.008830275,0.017052436,0.011548728,0.01106477,0.005890819,0.014060563,0.01666308,0.01913866,0.008140326,0.041870028,0.050761066,0.04803968,0.046390854,0.0926324
/home/multiclass_classification/deer/train/079b0c220d.jpg,0,-0.003308129,-0.002494951,-0.00637108,-0.002776707,0.003431805,0.004615285,0.010004079,-0.000997007,0.007398466,0.003949035,-0.00234142,-0.003934859,0.009312927,0.03251468,0.016758796,0.02999888,0.018600333,0.034071553
/home/multiclass_classification/deer/train/af9dbc1c84.jpg,0,0.004238504,0.002816959,0.00805191,0.008089079,0.003969426,0.010488955,0.010661333,0.008273664,0.01084878,0.02226143,0.017640896,0.006997836,0.006388308,0.015437719,0.013016454,0.014850097,0.024723042,0.049213935
/home/multiclass_classification/deer/train/97de903859.jpg,0,0.005725622,0.0054078,0.001703482,0.008336098,0.011284361,0.034025267,0.016475175,0.010670504,0.011292137,0.02655341,0.026962401,0.015850725,0.010004347,0.030227203,0.04410848,0.040993117,0.04202244,0.08907208
/home/multiclass_classification/deer/train/i-2022-04-05T150314-633_jpg.rf.dec4fad9135f9f4e7e32cecb57c74808.jpg,0,-0.002141981,-0.001279816,-0.001412698,0.000150491,0.004500826,0.014677774,0.008459169,0.009922394,0.004558247,0.005317556,-0.003987061,0.00925443,0.008138467,0.009589476,-0.006978217,0.008256934,0.023339905,0.04273183
/home/multiclass_classification/deer/train/d8cf92e8b6.jpg,0,0.001062409,0.001285463,0.006228951,0.001814457,0.005244562,0.008929491,0.004706985,0.005155976,0.002385264,-0.008658042,8.65E-05,0.010045797,0.006707273,0.025918383,0.038731776,0.036583968,0.029501716,0.06650013
/home/multiclass_classification/deer/train/08d1025ed4.jpg,0,0.003111007,0.001266697,0.009426271,0.002415778,0.006204202,0.018612381,0.010736767,0.00628855,0.008186639,0.026562117,0.025305374,0.015348735,0.010720054,0.04085034,0.020269226,0.035555758,0.032918006,0.07864813
/home/multiclass_classification/deer/train/91a4248f94.jpg,0,0.000906615,0.003685173,-0.000244064,0.000771172,0.001366572,0.008291357,0.008021763,0.001642769,0.000120658,0.002777103,-0.000759167,0.019778866,0.000401081,0.021018267,0.041221365,0.032296047,0.047009613,0.10244
/home/multiclass_classification/deer/train/9b1e8519de2.jpg,0,0.001157961,0.001598589,0.007832067,0.002741627,0.008999809,0.018298808,0.011520326,0.01100631,0.015589567,0.03786179,0.024763785,0.024164638,0.016794737,0.040113263,0.064275,0.031674046,0.03295724,0.07402988
/home/multiclass_classification/deer/train/b68facf1c8.jpg,0,0.003195572,0.000224055,0.00641004,0.005600445,0.005085891,0.011092443,0.016138038,0.010243882,0.005256576,0.015896538,0.021487894,0.004717432,0.008838015,0.023448572,0.030015301,0.027856477,0.04770189,0.09019539
/home/multiclass_classification/deer/train/48cdac5121.jpg,0,0.005361818,0.005573246,0.006349253,0.005997529,0.01122948,0.03139946,0.022787463,0.011788111,0.012480842,0.028483761,0.025619306,0.014903134,0.009382298,0.022915836,0.022298155,0.03184785,0.036155477,0.07903359
/home/multiclass_classification/deer/train/d70172235b.jpg,0,0.006512237,-0.000149104,0.002121432,0.003510101,0.006179742,0.013010114,0.019455262,0.003097752,0.00801948,0.034787074,0.005483652,0.016335282,0.012268185,0.03434307,0.038488746,0.059459466,0.051303007,0.11211525
/home/multiclass_classification/deer/train/i-2022-04-05T172522-092_jpg.rf.f9f71e8abdfc86efe97f1056921951cc.jpg,0,0.001917702,0.003434654,0.008104986,0.00869737,0.009201896,0.014096609,0.010449912,0.007549496,0.006913469,0.010931136,0.011814977,0.003587435,0.004520791,0.021441154,0.008751389,0.017951267,0.02123756,0.044730697
/home/multiclass_classification/deer/train/2868904ea6.jpg,0,0.004114098,0.0009381,-0.002714581,0.004337903,0.004158211,0.02087958,0.010283927,0.011369791,0.008172093,0.031231733,0.021017946,0.017209977,0.008512307,0.02799485,0.04633364,0.029046614,0.027741365,0.07138482
/home/multiclass_classification/deer/train/ac4e000228.jpg,0,0.004562948,0.004609493,0.01380802,0.005618261,0.012122998,0.025394583,0.02011143,0.011657208,0.009313614,0.015603611,0.016832335,0.024237629,0.011239356,0.03770209,0.05215694,0.031485543,0.04890304,0.09617247
/home/multiclass_classification/deer/train/f9f010e651.jpg,0,0.00208062,-0.001232028,-0.003774318,-3.51E-05,0.008490678,0.021064086,0.015705924,0.017892748,0.019052524,0.058207758,0.030220184,0.013449291,0.011769684,0.017196562,0.0637743,0.030835021,0.03564644,0.07227694
/home/multiclass_classification/deer/train/d5c8c2be08.jpg,0,0.001074188,0.000749818,0.002677862,0.008450307,0.005632781,0.010887415,0.004095453,0.000174903,0.005854457,0.010680797,0.011919574,0.012077499,0.003415634,0.018080179,0.009984853,0.007558948,0.029924758,0.080261685
/home/multiclass_classification/deer/train/4215382882.jpg,0,0.000286791,-0.001808896,0.001070479,0.004501746,0.001400167,-0.00494657,-0.00108089,-0.006204504,0.001579479,-0.004194719,0.009593322,0.008039516,0.004351225,0.026245166,0.03245735,0.0565432,0.04442521,0.09541453
/home/multiclass_classification/deer/train/057584e323.jpg,0,0.000673582,0.001806288,0.001182647,-0.001598396,0.002549961,0.012680018,0.002572377,0.001611923,0.001441306,0.005768069,0.002894839,0.006015288,0.006626598,0.0201014,0.027718985,0.019903768,0.04024733,0.09620589
/home/multiclass_classification/deer/train/ba41d458ee.jpg,0,0.00260886,-9.47E-05,-0.002533497,0.001133313,0.002557736,0.004703187,0.008686935,0.001047065,0.008267178,0.017705193,0.014734954,0.00971446,0.004586543,0.03181516,0.03624049,0.03546172,0.04732789,0.08786061
/home/multiclass_classification/deer/train/d53fc8fbea.jpg,0,0.001589269,0.000865134,0.00812596,0.011824295,0.005928507,0.012963437,0.012505258,0.001112193,0.001978732,0.001620135,0.010097832,0.021348748,0.01130006,0.027750049,0.04160279,0.04053082,0.042920154,0.09294203
/home/multiclass_classification/deer/train/0d42c8b3b9.jpg,0,0.009410641,0.000397029,0.003385248,0.010702636,0.009476098,0.020233875,0.010794787,0.005139399,0.007775955,0.019212322,0.007328266,0.011838296,0.003828701,0.015345827,0.035537854,0.030574858,0.037225895,0.09338754
/home/multiclass_classification/deer/train/febdb8ed0b.jpg,0,-5.14E-06,0.003085838,0.007669936,0.008544918,0.009013659,0.027107215,0.012301845,0.007703094,0.006864994,0.013304073,0.012321076,0.014805317,-0.000346751,0.018177409,0.03265379,0.011118252,0.029092532,0.07031595
/home/multiclass_classification/deer/train/51c187ca54.jpg,0,0.003147705,0.001443847,0.007784048,0.00800232,0.01040192,0.02533365,0.017916255,0.012524845,0.007859717,0.02141612,0.024581004,0.030759964,0.014044799,0.05291754,0.038671862,0.0371048,0.044303827,0.09897484
/home/multiclass_classification/deer/train/e654db2640.jpg,0,-0.003273062,-7.43E-05,0.001936533,-0.000545091,0.002405481,2.02E-05,0.006019935,0.000332948,0.000864529,-0.006905688,0.014368871,0.001635353,0.005365755,0.027315341,0.034824908,0.025184631,0.044007838,0.09005217
/home/multiclass_classification/deer/train/image_27.jpg,0,0.001419598,-0.000154562,0.000578635,0.00341552,0.00492132,0.01111532,0.007747564,0.000217727,0.00545855,0.015937772,0.002132677,0.01621399,0.003650452,0.029644191,0.0525978,0.032974984,0.03234219,0.078341946
/home/multiclass_classification/deer/train/9afe2488bf.jpg,0,-0.001923803,0.003728221,0.006069324,0.001991947,0.003591673,0.013311357,0.006595496,0.005046956,-0.000903195,-0.003070286,0.014516957,0.01575988,0.013044003,0.025151582,0.050821815,0.06850273,0.053427823,0.1113854
/home/multiclass_classification/deer/train/c475dcb6c5.jpg,0,-0.003540965,-0.001244875,-0.001188047,0.000973932,0.001931521,0.011070536,0.010012325,0.006459515,0.004037458,0.001903657,-0.003025803,0.007018535,-0.000788438,0.020106368,0.008675151,0.018814769,0.011456592,0.02797061
/home/multiclass_classification/deer/train/7c5235f4b7.jpg,0,0.00317761,0.00262265,0.000773669,0.010105713,0.005853712,0.008607009,0.009268051,0.00099996,0.006357512,0.011138238,0.009248756,0.014548687,0.012034847,0.021966599,0.023689572,0.027514782,0.048018493,0.0959533
/home/multiclass_classification/deer/train/f47f34dd0c.jpg,0,-0.003123137,0.00013233,0.005030854,0.011796512,0.006440316,0.015390252,0.012169758,0.00787058,0.01369894,0.0315374,0.01129391,0.025065403,0.008603444,0.032705635,0.03692642,0.04242423,0.047808886,0.10595438
/home/multiclass_classification/deer/train/c1cc2a591e.jpg,0,-0.000775066,0.001490705,0.009646831,0.006563406,0.003331155,0.017904215,0.003572949,0.005540079,0.00633599,0.010732244,0.009871691,0.01608593,0.014489743,0.027817767,0.046596896,0.03119978,0.031968623,0.06690419
/home/multiclass_classification/deer/train/a00813c31c.jpg,0,-0.001638045,0.000258287,0.004158862,0.000464252,0.003970678,0.00326175,0.006066866,0.004591917,0.007151223,0.009632446,0.009283174,0.010904324,0.008562118,0.030447576,0.019111613,0.030507624,0.04300838,0.08737822
/home/multiclass_classification/deer/train/89593251f4.jpg,0,-0.000494756,0.00530743,0.011147887,0.004337512,0.005473102,0.010401633,0.003678326,0.00376482,0.010071524,0.02872047,0.016783107,0.007252794,0.01413583,0.019531498,0.017257977,0.002410154,0.013448352,0.050989702
/home/multiclass_classification/deer/train/bfa80b6584.jpg,0,-0.003267929,-0.000684383,0.001759739,0.001621081,0.001936711,-0.005281177,0.011000147,0.012639852,0.01186201,0.033183344,0.019135134,0.022407327,0.009519966,0.030463327,0.03924407,0.02335743,0.028744897,0.07088612
/home/multiclass_classification/deer/train/002d813bf4.jpg,0,0.00330276,-0.001849649,-0.001599223,0.0039043,0.002744205,-0.001251642,0.003513963,-0.005980435,0.000962669,0.009864525,-0.007713947,0.005755094,-0.000774736,0.023233337,0.029587727,0.04434992,0.038096637,0.08167732
/home/multiclass_classification/deer/train/cb88c1cead.jpg,0,0.003809679,0.003252186,0.005271004,5.27E-06,0.007814737,0.01692931,0.020274945,0.008539584,0.008671209,0.017669553,0.018691717,0.007150323,0.01011909,0.02779466,0.043167062,0.027912337,0.036957584,0.06654986
/home/multiclass_classification/deer/train/afa533ddda.jpg,0,0.005158884,-0.000510495,-0.00235678,0.000669875,0.001963234,0.006119917,0.00352055,0.007123752,0.004632585,0.009304479,-0.006128183,0.011532014,-0.000233246,-0.001156608,0.020427622,0.010312172,0.034641363,0.06382283
/home/multiclass_classification/deer/train/8fc680c79b.jpg,0,0.006511654,0.005055881,0.01232199,0.005245498,0.00871346,0.030839436,0.011788792,0.012248503,0.012779653,0.03015288,0.012081169,0.025035113,0.012181242,0.041598838,0.037893876,0.042280227,0.039443538,0.09391957
/home/multiclass_classification/deer/train/19d46744e6.jpg,0,0.003260412,0.006290621,0.008174329,0.010276956,0.009675868,0.024638947,0.012900327,0.006520751,0.009745263,0.008531505,0.004161182,0.012867486,0.012051683,0.047499098,0.0345319,0.03216879,0.051296227,0.10115697
/home/multiclass_classification/deer/train/70dc250e45.jpg,0,0.001979733,0.00027735,0.00394566,0.006248757,0.006093175,0.020348545,0.01068696,0.003019203,0.008635791,0.01604119,0.007366342,0.009577747,0.009998986,0.026714357,0.026329655,0.02312798,0.029034546,0.071401626
/home/multiclass_classification/deer/train/5daf16feca.jpg,0,-0.000176257,-0.00253561,-0.006510786,-0.005042805,-0.004549619,-0.007449922,0.004414678,-0.000260556,0.002614222,-0.004647139,0.000576352,0.011181327,0.005622201,0.015373464,0.048497744,0.021582551,0.016630594,0.05501049
/home/multiclass_classification/deer/train/2831e2eca4.jpg,0,0.0015352,0.000799708,0.008540127,0.005270165,0.004589797,0.006773204,0.00494061,0.00300581,0.007557685,0.013351765,0.014130559,0.013869621,0.009357762,0.025377475,0.0330382,0.02279196,0.040128496,0.0754317
/home/multiclass_classification/deer/train/i-2022-04-05T152353-668_jpg.rf.e614516688f2afebbd4161822bfc7479.jpg,0,-0.001824418,-0.001119186,0.005428135,-0.001172439,0.001173533,0.001320183,0.003067132,0.001950218,0.003252234,0.017753914,0.009267587,0.004359579,0.005260708,0.009089536,0.01898171,0.009618585,0.026498016,0.051214136
/home/multiclass_classification/deer/train/a72c338713.jpg,0,0.002099186,0.002933254,0.003251658,0.004206442,0.004119161,0.012392204,0.006522828,-0.005046316,-0.005037519,-0.002977556,-0.000772201,0.012484523,0.009712448,0.016379697,0.007391471,0.02792004,0.041711446,0.08454352
/home/multiclass_classification/deer/train/c845e8589e.jpg,0,0.002232365,0.002960918,0.003004503,0.004373641,0.002961571,0.01335028,0.007318337,0.008079811,0.007124775,0.016134437,0.024456274,0.006156554,0.007526998,0.031157222,0.02871893,0.03135646,0.05065701,0.103945434
/home/multiclass_classification/deer/train/9d49f7e843.jpg,0,0.003057055,0.002392166,0.009807169,0.008668877,0.003574946,0.012820783,0.008271683,0.013911472,0.005392647,0.018332146,0.018664416,0.007677354,0.012515525,0.043105964,-0.015607594,0.022183783,0.022229925,0.04003553
/home/multiclass_classification/deer/train/651a28afda.jpg,0,0.005250461,0.000291975,-0.002455981,-0.002119039,-0.000400571,0.001876997,-0.004109213,0.000620264,-0.000279135,0.009816466,0.010147255,0.015181789,0.006851717,0.002580687,0.007510643,-0.001652433,0.026763689,0.059801627
/home/multiclass_classification/deer/train/e76709edf7.jpg,0,0.005592121,0.002570722,0.006863161,0.005613281,0.006654059,0.00584756,0.002010257,0.007163238,-0.000446307,0.009598898,0.015924476,0.006214881,0.009946063,0.033390895,0.005006984,0.036774494,0.045217365,0.08642793
/home/multiclass_classification/deer/train/image_79.jpg,0,0.00065433,0.0021504,0.009015902,0.009718458,0.007676493,0.019706616,0.014871225,0.005153272,0.006498797,0.016410293,0.018943878,0.013708096,0.010352057,0.02967373,0.042576246,0.0240299,0.04403954,0.07256134
/home/multiclass_classification/deer/train/i-2022-04-05T150501-236_jpg.rf.ee81342fa501372dc5eae9ab3b358de2.jpg,0,0.002189402,0.002544764,0.007287641,0.002147935,0.002487166,0.007761851,0.003168964,0.004614715,0.000583682,0.007142729,-0.005649914,0.011582781,0.002186409,0.017136466,0.007229123,0.001672149,0.020365559,0.043144792
/home/multiclass_classification/deer/train/image_58.jpg,0,0.00361662,0.000506446,0.002799233,0.004323577,0.003473828,0.021255216,0.013703195,0.006365416,0.007253152,0.013622852,0.001065857,0.016546013,0.009753302,0.021985386,0.044144332,0.003035042,0.03208505,0.08732751
/home/multiclass_classification/deer/train/59152118fb.jpg,0,0.005524523,0.004475751,0.007361301,0.00907245,0.009078098,0.019191947,0.018886628,0.010555653,0.008615193,0.010687814,0.02115933,0.018258117,0.011447584,0.030434523,0.024283404,0.036133423,0.041808598,0.09701267
/home/multiclass_classification/deer/train/58ce644a53.jpg,0,0.002412536,0.003066911,0.012261956,0.004067397,0.004473745,0.016210638,0.005763758,0.006922847,0.000609666,0.01453496,0.017560143,0.011374858,0.000733654,0.022081431,0.037465394,0.03377881,0.04230948,0.09251925
/home/multiclass_classification/deer/train/494ecfbc45.jpg,0,0.002861439,0.002713847,0.008900195,0.004439685,0.010991479,0.021510262,0.007588214,0.011868417,0.01160921,0.028548315,0.015290107,0.012402693,0.010697948,0.02288998,0.04765288,0.022442004,0.03552147,0.0818772
/home/multiclass_classification/deer/train/3bb091c03c.jpg,0,0.000718212,0.001290633,-0.001575473,0.000271843,-0.001625696,-0.008311468,0.001244353,-0.009071549,0.000277398,-0.011473017,0.012732424,-0.005424815,0.006198057,0.026805423,0.01965383,0.037276622,0.035665836,0.07449302
/home/multiclass_classification/deer/train/c859239e76.jpg,0,0.005340721,0.003748066,0.00867951,0.008365909,0.007852744,0.020710735,0.014205148,0.007635909,0.0101904,0.02061525,0.02529421,0.022477081,0.008092715,0.03291619,0.029590202,0.0442912,0.04620244,0.10109043
/home/multiclass_classification/deer/train/a9b7ee5825.jpg,0,0.0015071,0.000722607,0.000849839,0.006885678,0.003725816,0.016875587,0.011890402,-0.001546945,0.002454308,0.008047912,0.021055259,0.011102824,0.006295278,0.032945186,0.018426415,0.027770855,0.040969152,0.08216089
/home/multiclass_classification/deer/train/e796d6b20d.jpg,0,0.000665493,0.001046821,0.00372053,-0.003310499,-0.000430579,0.000259535,-0.007354387,0.008857051,0.006427737,0.003808065,0.004694338,0.017681537,0.007350287,0.024314905,0.035652727,0.04183186,0.036571987,0.08256009
/home/multiclass_classification/deer/train/i-2022-04-05T170134-285_jpg.rf.f17edf6177e16cd3b0627bbf522eedd0.jpg,0,-0.00051691,-0.001018159,0.001063186,0.002400245,0.006010967,0.00680913,0.012356025,0.012249714,0.005929325,0.016406175,0.002252581,0.004890258,0.002517577,0.016963042,0.018102545,0.030817153,0.037858106,0.0804368
/home/multiclass_classification/deer/train/image_50.jpg,0,-0.000842464,0.000500031,-0.000191236,-0.000489471,0.002447196,0.013731735,0.00059945,0.000889807,0.005080709,0.005507635,-0.004433611,0.014376384,-0.000842318,0.005059477,0.041390106,0.004622755,0.030409038,0.0581974
/home/multiclass_classification/deer/train/image_28.jpg,0,0.000811243,0.002968655,0.00203639,0.000542045,0.004864707,0.012859869,0.012736186,0.003930626,0.008381034,0.01997788,0.000800364,0.014747096,0.016768042,0.027292838,0.0521468,0.051846266,0.03271252,0.067467704
/home/multiclass_classification/deer/train/c44e9501b2.jpg,0,0.00470075,0.002287336,0.005768915,0.004156107,0.000157662,0.013874493,0.008760725,0.000540443,0.001594706,0.01438969,-0.001899348,0.015142817,0.006448459,0.011153149,0.016612593,0.036228597,0.039327104,0.07825243
/home/multiclass_classification/deer/train/adad44934c.jpg,0,0.000174241,0.004036945,0.008855037,0.006992298,0.010919558,0.021235589,0.010571872,0.001213879,0.004236763,0.014683425,0.006269188,0.000392395,0.011658721,0.030262021,0.03078362,0.027455857,0.03729053,0.07409208
/home/multiclass_classification/deer/train/61b3d45750.jpg,0,0.001513598,-0.000307003,0.001979415,-0.000339532,0.001142732,0.004422686,0.005612834,0.014564017,-0.00107,-0.003365844,0.012462273,0.007885619,0.005370738,0.021306153,0.04346285,0.028934402,0.046689652,0.08359715
/home/multiclass_classification/deer/train/4ce6ff34e5.jpg,0,-0.000405445,0.00238901,0.003397379,-0.001495742,0.006787436,0.015393206,0.014144143,0.00827317,0.006074363,0.02015749,0.023116827,0.012314722,0.011868099,0.026601758,0.022434076,0.016811589,0.042200774,0.08645835
/home/multiclass_classification/deer/train/5786eeeacd.jpg,0,-0.003420465,0.001303008,0.00118496,0.002155819,0.00332241,6.74E-05,0.003907236,0.012315157,0.009030029,0.026350446,0.029392922,0.015264632,0.015664613,0.028999556,0.050805867,0.04247972,0.020146126,0.06310118
/home/multiclass_classification/deer/train/1785a1f056.jpg,0,-0.000970678,0.002273476,0.002142158,-0.002827039,0.002456436,0.007813082,0.00087178,0.0030055,0.002629792,0.014513461,0.007613446,0.008739761,0.006636246,0.025689658,0.030987259,0.010542998,0.036652885,0.08075409
/home/multiclass_classification/deer/train/a97984a3ef.jpg,0,-0.006063943,0.001910357,0.007821471,-0.003268171,0.000881061,-0.005283118,0.003472322,-0.004085724,0.000770062,-0.014364176,-0.003702432,0.016170371,0.006666302,0.025249245,-0.006442689,0.041177947,0.03567048,0.0751274
/home/multiclass_classification/deer/train/317525150a.jpg,0,0.004022416,0.002169831,0.004274799,0.003391799,0.002786881,0.006579334,0.001580173,0.003128656,0.011503955,0.017126068,0.015280766,0.024672857,0.009717101,0.03396286,0.01141335,0.025988843,0.041559573,0.08727826
/home/multiclass_classification/deer/train/ab8f79cd68.jpg,0,0.003522293,-5.80E-05,0.003202214,0.007103358,0.011676166,0.030815575,0.01368763,0.005977402,0.00688018,0.022166755,0.015116885,0.015463481,0.00894048,0.017826647,0.03324037,0.037639335,0.037574656,0.08528504
/home/multiclass_classification/deer/train/7cd5dab486.jpg,0,0.002090907,0.00103057,-0.002371706,0.003659509,0.008492317,0.021506608,0.009287589,0.001496213,0.001307531,0.004434974,-0.000731118,-0.002842415,0.004378737,0.012740998,0.0115338,0.005887499,0.035857797,0.08511428
/home/multiclass_classification/deer/train/image_42.jpg,0,0.000877855,-0.001169891,0.00147785,0.005205312,-0.001000909,0.003626647,-0.003158439,-0.00299159,0.001183212,-0.003375403,0.005026975,0.014439948,0.004493574,0.023566492,0.022996593,0.010619494,0.03551556,0.06650712
/home/multiclass_classification/deer/train/5e0833a1e6.jpg,0,0.007086335,0.002552412,-0.001806769,0.010387262,0.002063061,0.005243054,0.005264419,0.003413909,0.003321698,0.007102824,0.008264918,0.020663295,0.009350048,0.030286193,0.06294249,0.03248678,0.050156895,0.101429775
/home/multiclass_classification/deer/train/i-2022-04-05T142730-624_jpg.rf.d7a569d7295531ae6b2fd89f944709ec.jpg,0,0.004442241,-0.00110108,0.004241378,0.008822365,0.005125068,0.014453787,0.013398355,0.007058304,0.001669983,0.01510336,0.007161608,0.000460872,0.005144536,0.01695399,0.022838758,0.025092304,0.03472092,0.0714443
/home/multiclass_classification/deer/train/0831737680.jpg,0,0.002613134,0.001096555,0.007069364,-0.00079922,0.003663605,0.01074394,0.00755996,0.004665952,-0.002354864,-0.012637359,-0.002806,5.60E-05,-0.002711257,0.007954963,0.004919595,0.02233667,0.028279478,0.07539129
/home/multiclass_classification/deer/train/1088e66ae4.jpg,0,0.001827588,0.000958046,0.002255948,0.003958054,0.005728334,0.011463901,0.009617248,0.007422947,0.003371831,0.006833782,0.011996084,0.013243481,0.012181954,0.007443955,0.031306766,0.014661778,0.022695882,0.044446222
/home/multiclass_classification/deer/train/image_32.jpg,0,0.004204858,-0.001664548,-0.004683132,0.008498617,0.004334804,0.004209739,0.004647635,0.006806206,0.006678704,0.01655407,0.002797028,-0.002936945,-0.001636869,0.017185995,-0.00190948,0.006213286,0.018714389,0.036969617
/home/multiclass_classification/deer/train/34b92e0dec.jpg,0,0.001833001,0.001332628,0.000893302,0.003457037,0.00237836,0.01168797,0.006604305,0.002516829,0.001897372,-0.007746649,-0.007050965,-0.002216352,0.007487112,0.0344619,0.010427333,0.025308933,0.027925786,0.06918839
/home/multiclass_classification/deer/train/8d8b5e1d88.jpg,0,0.008953365,0.004243272,0.011016566,0.007944703,0.010221018,0.020137899,0.011243288,0.004155633,0.003682012,0.015116532,0.012427442,0.009538841,0.011123089,0.043280132,0.023023147,0.0142851,0.040268503,0.08747558
/home/multiclass_classification/deer/train/62815823.jpg,0,0.006100822,0.00163633,0.004000776,0.007197154,0.010618806,0.021699067,0.014353083,0.009789631,0.011974013,0.026211493,0.01109692,0.017047387,0.010925829,0.039465275,0.021888588,0.026459513,0.03338039,0.07235369
/home/multiclass_classification/deer/train/18246f83fe.jpg,0,0.006034621,0.001765526,0.001006561,0.001337549,0.005907168,0.017805329,0.005536758,0.003808087,0.004198048,0.010909092,0.007932436,0.000324236,0.011075793,0.0358883,0.031809717,0.025688514,0.046137854,0.08723758
/home/multiclass_classification/deer/train/faf4f74423.jpg,0,0.000292487,0.004517276,0.008622724,0.006466696,0.001582156,0.004635085,0.004972755,0.003347041,0.002524481,-0.000868287,0.009478592,0.014397558,0.007143266,0.02353483,0.006985946,0.021414261,0.029711705,0.0531327
/home/multiclass_classification/deer/train/f0626ae845.jpg,0,0.001668077,0.002746638,0.009177838,0.000369901,0.005820286,0.010205468,0.017536413,0.012050856,0.008987388,0.015190567,0.02231799,0.013747414,0.007191973,0.039357554,0.040774513,0.021873226,0.042588525,0.08917976
/home/multiclass_classification/deer/train/097a570265.jpg,0,-0.000689615,0.001051709,0.003056195,0.007812584,0.003539312,0.012668526,0.007953876,0.005965801,0.009569529,0.016703429,0.016596578,0.013612456,0.009211108,0.019787628,0.035905898,0.04146002,0.049157646,0.104268566
/home/multiclass_classification/deer/train/e400fda16f.jpg,0,-0.000129896,0.002344601,0.01354176,-6.98E-05,0.002658996,0.004422631,0.004043165,0.003011693,-0.005721335,-0.003266708,0.008500764,0.022092568,0.006094529,0.022937326,0.0310551,0.013473906,0.03614048,0.07416205
/home/multiclass_classification/deer/train/image_49.jpg,0,-0.006195117,-0.000248338,0.001166053,-0.001556593,-0.002541451,-0.000455065,0.000221868,-0.000664481,0.003957598,0.007154846,-0.01024603,0.003545005,0.005726725,0.022772342,0.019513924,0.0194287,0.038368963,0.06923782
/home/multiclass_classification/deer/train/238bd32520.jpg,0,0.006787237,0.003804012,0.005372485,0.005221217,0.006214177,0.011013065,0.005398229,-0.00267564,0.004133076,-0.011063663,0.00181993,0.007760077,0.004867366,0.029347468,0.019841593,0.033967912,0.035847295,0.09257283
/home/multiclass_classification/deer/train/1084bac3fb.jpg,0,0.007091351,-0.000413678,0.003533192,0.006400187,0.005361417,0.015140943,0.005838552,0.011278844,0.002756451,0.005609993,0.002885941,0.015514994,0.009787167,0.03471107,0.039231215,0.02672065,0.040990643,0.09375592
/home/multiclass_classification/deer/train/bd381f9153.jpg,0,0.003962176,0.002013211,0.007304147,0.004453617,0.00798035,0.014183156,0.011401502,0.010100549,0.007041657,0.005948647,0.023674991,0.017623635,0.008640952,0.020042762,0.010308736,0.014191939,0.02170974,0.037340295
/home/multiclass_classification/deer/train/869a598f7b.jpg,0,0.004702425,0.006116421,0.018270994,0.002770266,0.005953678,0.026132893,0.006912733,0.006025487,0.005947039,0.013408843,0.010419262,0.02313512,0.005051355,0.03049059,0.013154235,0.031897996,0.03368543,0.053893283
/home/multiclass_classification/deer/train/image_3.jpg,0,0.003930106,0.00441513,0.012868266,0.012111436,0.00850644,0.01690898,0.014240303,0.008874472,0.012118116,0.022888187,0.013619193,0.014854441,0.008407403,0.044798616,0.048127867,0.026566615,0.041654505,0.079864755
/home/multiclass_classification/deer/train/892aa342b1.jpg,0,0.004773681,0.002380057,0.006658614,0.001060413,0.005117104,0.004891265,0.004321526,0.008882456,0.00417129,0.021919025,0.014663438,0.014600044,0.015122272,0.018105797,0.027662734,0.020984262,0.05199197,0.087618455
/home/multiclass_classification/deer/train/1b96d8a694.jpg,0,0.003526676,0.0021052,0.004434468,0.008043331,0.011267276,0.03491369,0.017103966,0.014971352,0.014057548,0.030670349,0.03545724,0.034088038,0.00897529,0.04055561,0.032724362,0.03208056,0.044032305,0.08797747
/home/multiclass_classification/deer/train/958c145e72.jpg,0,-0.000443183,-0.000369848,0.002144812,0.002856346,0.004622015,0.015406881,0.006272817,0.006631094,0.002406994,0.011112865,-0.001947368,0.008532625,0.002705071,0.00938342,0.038288493,0.0437774,0.05093725,0.10590054
/home/multiclass_classification/deer/train/ba1b0d5034.jpg,0,-0.001770957,-0.001218036,-0.006257752,0.001171948,0.001267402,0.002604554,0.004581963,-0.000738099,-0.000872024,-0.007083347,-0.02031473,-0.010642015,-0.004970758,-0.004560674,-1.58E-05,0.019096721,0.008620818,0.006792914
/home/multiclass_classification/deer/train/93769d3783.jpg,0,0.003590884,0.002474094,-0.002239901,0.00691518,0.003813018,0.011143482,0.008637456,0.005112519,0.005076991,0.00245955,0.010637784,0.022161938,0.008842902,0.033120565,0.058522932,0.043520108,0.04851599,0.10255673
/home/multiclass_classification/deer/train/a6445b58e3.jpg,0,-0.001082711,-0.000461063,0.00358418,0.004273437,0.004298432,0.010974487,0.009859059,0.00996818,0.000509337,0.004270425,0.01693804,0.0053831,0.006741989,0.024541045,0.03191457,0.028024008,0.030062474,0.06785059
/home/multiclass_classification/deer/train/419af6556a.jpg,0,0.0062332,0.00282504,0.001218048,0.002745069,0.004934375,0.020874053,0.0139762,0.012731001,0.00912746,0.026800577,0.021457355,0.021044858,0.014397834,0.039262015,0.04003352,0.040168025,0.046049383,0.09462173
/home/multiclass_classification/deer/train/fb8a602bbd.jpg,0,-0.001684768,-0.000331671,0.001523937,0.001005078,0.00315372,-0.000483702,0.007522152,0.002772458,0.007410638,0.011995561,0.010481363,0.011486952,0.007414771,0.025786728,0.03614477,0.043713838,0.043942217,0.10261032
/home/multiclass_classification/deer/train/e41129a989.jpg,0,0.000115854,0.002708406,0.001242352,-0.00132406,0.008031441,0.015566431,0.016414668,0.006385815,0.000429456,0.005992073,0.008315976,0.01471279,0.006542102,0.02053257,0.015057314,0.015644513,0.037733216,0.067871496
/home/multiclass_classification/deer/train/f5491b0b28.jpg,0,0.005460599,0.003798798,0.002753667,-0.001077446,0.000712743,0.00760407,0.003814804,0.004015277,0.004158918,-0.000629501,0.005059414,0.014756228,0.005667854,0.017660283,0.02445609,0.034839317,0.024410065,0.054678075
/home/multiclass_classification/deer/train/4171515070.jpg,0,0.001078472,0.003958774,0.011932094,0.012010451,0.008497659,0.017139543,0.016427808,0.009320344,0.010269443,0.021541711,0.014839998,0.012554142,0.00698294,0.044826057,0.045805737,0.029662536,0.04364465,0.08421375
/home/multiclass_classification/deer/train/38cdafa0ff.jpg,0,0.007772337,0.002029494,0.001539078,0.005776395,0.009149469,0.020587806,0.016048905,0.010140607,0.011533838,0.029003894,0.018954102,0.01272769,0.007165017,0.023137726,0.045520294,0.028364701,0.037713386,0.081946634
/home/multiclass_classification/deer/train/376d08e37d.jpg,0,0.002109672,-0.000579813,-0.001351054,-0.003144458,0.001310554,0.006053151,0.002430713,0.003549487,0.005613929,0.00384271,-0.001496949,0.000160601,0.001041775,-0.003385258,0.008793192,-0.004076452,-0.001170813,0.015946714
/home/multiclass_classification/deer/train/2edbd423e7.jpg,0,-0.002057351,-0.000732449,0.005484705,-0.003208998,-0.001007338,-0.001325144,-0.007618746,-0.004532883,-0.006959855,-0.010290872,-0.016000137,-0.000609027,0.003626557,0.02476789,0.023209112,0.012130507,0.038082868,0.07843064
/home/multiclass_classification/deer/train/95527575ed.jpg,0,0.004406822,0.002150307,0.011645392,0.006479771,0.00853687,0.018661492,0.015943024,0.004951016,0.01363065,0.014215869,0.010987418,0.005091457,0.010040585,0.02310843,0.036370084,0.009847039,0.029044282,0.05527103
/home/multiclass_classification/deer/train/bc202e6b46.jpg,0,0.008551968,0.00321428,0.011170063,0.00424618,0.010434342,0.01902242,0.022014972,0.013500693,0.018506985,0.026813641,0.023277458,0.024783276,0.012111673,0.042457838,0.0530264,0.038807593,0.05096208,0.10487062
/home/multiclass_classification/deer/train/image_74.jpg,0,0.002857136,0.003613945,0.006843809,0.005745605,0.004846576,0.011997773,0.001513402,-0.002421184,-0.009097494,-0.021790043,-0.01639488,-0.00883387,0.001277841,0.00241158,0.009784585,0.021776147,0.021813175,0.042110424
/home/multiclass_classification/deer/train/b5b692fe0c.jpg,0,0.003018078,0.000215884,-0.000785005,0.003683736,0.005048038,0.027172137,0.012631248,0.00961512,0.010689024,0.01720523,0.004553119,0.003175551,0.005294525,-0.000454164,0.03490547,0.029216114,0.030591253,0.07802558
/home/multiclass_classification/deer/train/i-2022-04-05T153353-602_jpg.rf.0f21dcc1cf9d8df211630cb698ede8e6.jpg,0,0.000929723,-0.000208347,-0.000448484,0.002596272,0.002476032,0.001703866,0.00177024,0.000693782,0.00103101,-0.002483178,0.008229123,0.003536252,-0.00054321,-0.001324782,0.004772039,0.010083374,0.023921873,0.045784608
/home/multiclass_classification/deer/train/eb4b8a4880.jpg,0,0.001696475,0.001917379,0.001874134,0.003462467,0.00522513,0.004417324,0.006474072,0.003567706,0.005984376,0.004106136,0.007230155,0.013657768,0.010925798,0.042608887,0.031377804,0.030830309,0.040750645,0.09677477
/home/multiclass_classification/deer/train/image_25.jpg,0,0.002620072,0.002049354,0.009800544,0.002883904,-0.003110846,-0.000690415,-0.000591939,0.005930629,0.006995547,0.01683416,0.013904203,0.013921852,0.002862978,0.009682426,0.027271425,0.04141343,0.034578733,0.06631957
/home/multiclass_classification/deer/train/image_38.jpg,0,0.004070673,0.002218891,0.003672564,0.003263559,0.006198643,0.012106473,0.009009826,0.007735187,0.003546087,0.011743347,0.003936186,0.007812569,0.005144868,0.016638542,0.021922123,0.03252306,0.028284658,0.06045348
/home/multiclass_classification/deer/train/chital-5580407_1280.jpg,0,0.006001629,0.004967025,0.011180682,0.006821166,0.009527389,0.020978576,0.019189369,0.017325427,0.008713343,0.017600188,0.020071425,0.025698982,0.0155013,0.035700433,0.056157023,0.029377576,0.040746495,0.084113486
/home/multiclass_classification/deer/train/26e904e824.jpg,0,0.003133277,0.002079402,0.007210655,0.000642993,0.004075607,0.017169971,0.004569673,0.010216955,0.008446083,0.033271782,0.017664647,0.026142657,0.018065523,0.038035117,0.047663234,0.04832897,0.053338908,0.111014515
/home/multiclass_classification/deer/train/image_46.jpg,0,0.001821846,0.00400065,0.009545137,0.004004025,0.003166912,0.00530922,0.001155111,0.002424239,0.002509738,-0.005435619,0.001505745,0.004496997,0.00383162,0.014208743,0.028179452,0.013186398,0.05001229,0.09469603
/home/multiclass_classification/deer/train/ea619162ac.jpg,0,0.000335653,0.001078469,0.003069362,-0.002760234,0.00065959,0.006845257,0.010114782,0.009605611,0.001963578,0.007145722,0.002437052,0.014240222,0.008182356,0.028731551,0.016456133,0.028286537,0.03507286,0.08700449
/home/multiclass_classification/deer/train/5dd2329946.jpg,0,-0.000835064,0.001934687,0.002075714,0.003218153,0.001263012,0.002840029,0.00950685,-0.000182473,0.004539296,0.009967693,0.009279721,0.014885697,0.008563308,0.03169515,0.035728656,0.04104577,0.040471606,0.0959582
/home/multiclass_classification/deer/train/2c8c6e2f6d.jpg,0,0.002227749,0.002077077,0.00017393,-0.000785232,0.007099375,0.013571635,0.00645511,0.008624688,0.009188974,0.01345979,0.029355992,0.013564009,0.007030553,0.030107643,0.034590423,0.032831535,0.04766511,0.09071922
/home/multiclass_classification/deer/train/6d29b3f6b2.jpg,0,-0.003781,-0.001515426,-0.003232,-0.0057595,-0.001401542,0.006038005,0.008170139,-0.004617347,-0.000215414,-0.000413506,0.00181686,0.013372868,0.007298533,0.005372931,0.031002175,0.028883146,0.038249824,0.09194067
/home/multiclass_classification/deer/train/2d6f0e6c80.jpg,0,0.000131046,-0.002171793,0.001075693,-0.001950095,0.001756777,0.008398184,-0.00395748,0.000349628,0.001079259,0.004860733,0.010165662,0.011118559,0.000950973,0.016416272,0.016000737,0.008429845,0.012346949,0.027420357
/home/multiclass_classification/deer/train/da6dddd597.jpg,0,0.000198586,0.002613317,-4.84E-05,0.007637476,0.006960183,0.008804194,0.017733516,0.007875736,0.014846028,0.041013837,0.025771435,0.011615971,0.00481478,0.028240256,0.031337954,0.028338496,0.0386552,0.07101083
/home/multiclass_classification/deer/train/b1d767da65.jpg,0,0.002055359,0.002204233,0.00540442,0.002271579,0.002463884,0.004529615,0.002959437,-0.001269889,-0.006564671,-0.009829201,0.00199204,0.003719547,0.001208002,0.017401267,0.015589844,0.030220795,0.038825348,0.07869647
/home/multiclass_classification/deer/train/image_48.jpg,0,0.002936647,0.000991211,0.009064509,0.005323548,0.005912702,0.010986341,0.012342094,0.001137688,0.005469358,0.000954064,0.015642973,0.008383757,0.010513112,0.026590828,0.053968456,0.031120643,0.045376264,0.09581599
/home/multiclass_classification/deer/train/6a2283219f.jpg,0,0.000686282,-0.004586681,-0.009419816,-0.005125259,-0.001730826,-0.00865889,-0.006004307,-0.004187481,-0.004724642,-0.007898297,-0.004234453,0.00200498,0.003646481,0.012560149,0.007927138,0.04531098,0.033144742,0.08096536
/home/multiclass_classification/deer/train/e1761fc675.jpg,0,0.004397333,0.001562383,-0.002759735,0.003063415,0.009431511,0.018482585,0.01947439,0.010906953,0.005674123,0.021243272,0.015011091,0.016261835,0.008423625,0.02108211,0.033287793,0.027388044,0.04927879,0.09867574
/home/multiclass_classification/deer/train/3a9bef94c3.jpg,0,0.001411535,0.000245048,0.001567988,-0.001341476,-0.005429018,-0.006623898,-0.006849509,-0.001219979,-0.001924708,-0.005599868,-0.004658481,0.006203946,-2.60E-05,0.022223938,0.011040832,0.012240815,0.02384147,0.05988887
/home/multiclass_classification/deer/train/dec4364012.jpg,0,-0.001198099,0.001518582,0.002356144,0.002257352,0.005531527,0.012870304,0.011394316,0.002608838,0.004823926,0.010962586,0.004581712,0.00565953,0.010649708,0.0442219,0.012928337,0.013163486,0.03299896,0.05774825
/home/multiclass_classification/deer/train/a794f45187.jpg,0,-0.000582423,0.002809531,0.007723243,0.001802434,0.006208928,0.009322145,0.005942053,0.004480572,0.010843658,0.010173983,0.012491331,0.013190358,0.008058622,0.038981583,0.027607191,0.019725341,0.045484923,0.09811735
/home/multiclass_classification/deer/train/a1339359de.jpg,0,0.004145666,0.003058449,0.007396212,0.007020859,0.004036372,0.015071876,0.011004608,0.006398285,0.003161883,0.024942055,0.011826178,0.003823335,0.010001415,0.025665173,0.023135178,0.02734306,0.052353457,0.09605165
/home/multiclass_classification/deer/train/423d2eb110.jpg,0,0.001634292,0.000218394,0.001530042,-0.00193546,0.001861294,-0.000423353,-0.008911902,0.004336246,0.006704217,0.014294166,0.009038894,0.015505875,0.007848288,0.016890239,0.048798542,0.04649605,0.0432702,0.086975664
/home/multiclass_classification/deer/train/9da0aec66b.jpg,0,-0.004885061,-0.000309737,0.001892956,0.00154571,0.00153136,0.001284519,0.003924345,0.002525308,0.006280435,0.002191737,0.008372785,0.009001517,0.011314245,0.041562755,0.05477822,0.032800972,0.045865167,0.09850244
/home/multiclass_classification/deer/train/8246f6a503.jpg,0,0.003403145,0.002343207,0.002475891,0.010947537,0.004174511,0.008195014,0.007866925,0.007770737,0.00910065,0.013789592,0.020149862,0.006341738,0.017672492,0.035386473,0.05133869,0.041398294,0.041338734,0.080071256
/home/multiclass_classification/deer/train/9358aa5407.jpg,0,0.001255668,0.003696986,0.010006937,0.004024286,0.002818512,0.013854198,0.010405126,0.005604029,-0.005330731,-0.011518167,0.002516533,0.012682417,0.00442264,0.027218299,0.020565515,0.016226748,0.030178966,0.073159695
/home/multiclass_classification/deer/train/ff83c1509b.jpg,0,0.003413018,0.004026082,0.00706512,-0.001037247,0.004371846,0.014212551,0.006660922,0.003655053,-0.000111447,0.003937782,-0.001273369,4.80E-05,0.004667281,0.01016149,0.01532434,0.026539426,0.035405755,0.0828903
/home/multiclass_classification/deer/train/3028e909d9.jpg,0,0.006509971,0.004246132,0.014864057,0.006303182,0.006471396,0.019677076,0.00584479,0.001242354,0.001615497,0.009475415,0.015206492,0.010555282,0.011444008,0.034374893,0.03033685,0.03130941,0.051974047,0.10632015
/home/multiclass_classification/deer/train/dddb6a6369.jpg,0,-0.000142072,0.001481094,0.009002922,0.004450835,0.003675991,0.009012278,0.00746713,-0.00522654,0.002035993,0.000978889,0.012571718,0.006912581,0.008867405,0.01250482,0.033607118,0.029783517,0.051850356,0.11278641
/home/multiclass_classification/deer/train/b4b2ec106f.jpg,0,-0.000600982,-0.001172679,-2.30E-05,0.000168804,0.004123039,0.004732632,0.01572888,0.009882561,0.009643773,0.019381154,0.012810512,0.013732877,0.002662985,0.017968025,0.019761931,0.003343637,0.014427401,0.042130023
/home/multiclass_classification/deer/train/image_29.jpg,0,0.00135567,0.002331013,0.004177144,0.004458407,0.009285062,0.019421484,0.01199813,0.007982262,0.001003967,-0.000425912,0.018905701,0.009777275,0.001357225,0.020260911,0.011887781,0.025283381,0.032595098,0.06973475
/home/multiclass_classification/deer/train/4a7335538c.jpg,0,-0.000858555,0.002232583,0.007565116,0.003142517,0.003796536,0.012090845,0.002833654,0.000242933,0.006061925,0.010879273,0.00928302,0.026896657,0.009165503,0.02942689,0.03719762,0.041605424,0.04781928,0.10488319
/home/multiclass_classification/deer/train/f8566c0f4f.jpg,0,-0.001811678,0.001744314,-0.001585086,0.001852973,0.000598885,0.006024752,-0.001720175,3.94E-06,-0.00128173,-0.002304463,0.009134807,0.005631517,0.004315988,0.015137334,0.032146767,0.005571729,0.037893154,0.07373552
/home/multiclass_classification/deer/train/e3911bbe23.jpg,0,0.001421345,0.00146142,0.001273079,0.002250853,0.005470512,0.012321308,0.00663074,0.004215118,0.005004411,0.022822121,0.010754935,0.01115506,0.007477011,0.016090488,0.001406853,0.031062158,0.036590606,0.06296712
/home/multiclass_classification/deer/train/image_14.jpg,0,-0.004828512,0.000802128,0.003475462,-0.00594457,0.001155258,0.004286042,0.000112248,0.00189398,0.001209726,-0.003087878,-0.009630665,0.009309929,-0.000863518,0.026241608,0.003851139,-0.008583198,0.020286642,0.03104401
/home/multiclass_classification/deer/train/3ececaa45e.jpg,0,-0.001749526,-0.000945744,-0.00200343,0.000667426,-0.004989338,-0.012244984,-0.00084284,-0.002477169,0.003186088,0.004198384,-0.005398688,-0.001724875,-3.79E-05,0.007215676,-0.003337919,0.005073316,0.016849734,0.035475895
/home/multiclass_classification/deer/train/09818957b7.jpg,0,0.001620931,-0.002835454,-0.00500496,0.003652368,-0.001024049,0.00683096,0.004293924,0.008339623,0.011373083,0.014265894,0.023394194,0.021691166,0.010143134,0.02388513,0.029838499,0.038992718,0.044683035,0.10566483
/home/multiclass_classification/deer/train/88f34ac6bf.jpg,0,7.17E-05,0.003665311,0.010338677,0.010112925,0.01146295,0.02513013,0.013307291,0.006699825,0.005527782,0.002548956,0.000139987,0.01324568,0.012978893,0.043678448,0.027695607,0.03371058,0.04992244,0.111609206
/home/multiclass_classification/deer/train/b5c8dfb021.jpg,0,0.003655737,0.002137549,0.008154472,0.003233436,0.001791225,0.005227749,0.006638206,0.002873879,0.00066019,-0.016283406,0.010603295,0.01085336,0.008464546,0.024553642,0.033876367,0.034630075,0.036797233,0.07871992
/home/multiclass_classification/deer/train/a86293172b.jpg,0,0.002813814,0.001120425,0.00968143,0.002799367,0.006866308,0.011114305,0.009327879,0.005699995,0.008217439,0.016441485,0.01650296,0.00832098,0.005849285,0.03186701,0.019163411,0.006007768,0.021960527,0.07070644
/home/multiclass_classification/deer/train/i-2022-04-05T153807-807_jpg.rf.936073084dd212d1086a6dda07add89d.jpg,0,-0.002378282,-0.000823229,0.002433016,-0.007896416,-0.003930777,-0.008338431,-0.003773963,-0.005192255,-0.003447697,-0.005399756,0.001289295,0.001888529,0.004627542,0.00737187,0.013502548,0.003843363,0.03178779,0.06599732
/home/multiclass_classification/deer/train/9b1e8519de3.jpg,0,0.003874139,0.001158855,0.003896479,0.007054743,0.012724088,0.027695755,0.014316212,0.006299211,0.007229667,0.023361279,0.007132278,0.013806517,0.009054355,0.032784753,0.054292038,0.049268022,0.045545094,0.09709521
/home/multiclass_classification/deer/train/9e39af104d.jpg,0,0.000759677,0.002173011,0.007950035,-0.003718118,0.005288279,0.008915298,0.008694241,0.00587562,0.000769567,-0.003347344,0.010460014,0.007150956,0.00922659,0.036607187,0.041369054,0.020228915,0.04279126,0.0880789
/home/multiclass_classification/deer/train/df6db1e808.jpg,0,0.001101895,0.003174255,0.004022456,0.002377945,0.006044994,0.01690347,0.00856722,0.005578999,0.005999732,0.004482825,0.013380186,0.007466184,0.002789839,0.032795228,0.015574084,0.00369583,0.030621642,0.06922315
/home/multiclass_classification/deer/train/i-2022-04-05T163549-202_jpg.rf.4478fddfe1550bf8cfb16b90f75bbd18.jpg,0,0.001072759,0.004395332,0.011361712,0.011394522,0.009817377,0.023277268,0.015877817,0.008298508,0.002484602,0.012722718,-0.008586748,-0.001120575,0.003262426,0.01340203,0.02663922,0.018080808,0.028849263,0.060289476
/home/multiclass_classification/deer/train/f96cbdb7e5.jpg,0,0.000954816,-0.000554571,0.002190441,0.003745705,0.002187504,0.016518546,0.001385826,0.011445227,0.007670104,0.025962964,0.020213712,0.023225378,0.012545844,0.038863637,0.044593126,0.024625536,0.038107485,0.07895427
/home/multiclass_classification/deer/train/image_19.jpg,0,-0.000541865,0.000138285,0.003851243,0.003641344,0.0068526,0.01700224,0.012789096,0.010556809,0.005807583,0.014967728,0.017166618,0.010441409,0.009495428,0.033616163,0.028448675,0.031082127,0.030890957,0.07960488
/home/multiclass_classification/deer/train/562a462022.jpg,0,0.00075172,0.00189485,-0.000671863,0.00215401,0.00307525,0.002945458,-0.003113709,0.001686735,0.000303851,0.006878583,0.01274487,0.019867565,0.004024869,0.025071213,0.029052984,0.02177465,0.040585164,0.09177148
/home/multiclass_classification/deer/train/914fffc01d.jpg,0,-0.004123379,0.002728907,0.001449446,-0.00149103,0.00060621,0.010288917,0.006711817,-0.001883599,-0.003403667,0.006166626,0.006769359,0.001678486,0.001488737,0.015796168,0.02193651,0.02670854,0.043431282,0.10588974
/home/multiclass_classification/deer/train/8726643f3f.jpg,0,0.004216036,0.003113586,0.006679771,0.002904465,0.002489811,0.006078349,0.000230834,0.001357278,-0.00308349,-0.015202285,-0.002894244,0.010796234,-0.002700955,0.02233432,-0.000165277,0.022682358,0.03655421,0.07444743
/home/multiclass_classification/deer/train/37c173b365.jpg,0,0.000809198,0.002000542,0.006364391,-0.000952681,0.00424167,0.006107305,0.000660638,0.000232076,0.000814914,-0.006297098,0.000811606,0.002888811,0.003907229,0.018358715,0.025353694,0.029580668,0.037783932,0.08047348
/home/multiclass_classification/deer/train/61e361648e.jpg,0,0.003251353,0.005754066,0.010593401,0.007526082,0.007934539,0.010827918,0.015749559,0.010033703,0.00755673,0.019037437,0.019794436,0.018062467,0.004409731,0.03616127,0.03142812,0.036033336,0.052288085,0.10464703
/home/multiclass_classification/deer/train/e4c951696f.jpg,0,0.000694751,-0.000626898,0.003521379,0.001150647,0.003911532,0.00820214,0.007089445,0.002090167,0.001684277,0.008820929,-0.000899212,0.006140612,0.002658809,0.025695603,0.009702809,0.043528,0.035677567,0.08435958
/home/multiclass_classification/deer/train/e85b4d9a16.jpg,0,-0.001286727,-0.001834966,-0.004840226,0.000187599,0.000528853,0.007508767,-0.003893783,-0.006243398,-0.002096715,-0.012089746,-0.003662706,0.003418957,-0.004558198,0.005657343,0.009213276,0.008942423,0.023971405,0.059353173
/home/multiclass_classification/deer/train/35f9dfa5df.jpg,0,-0.003316832,4.08E-05,-0.00227985,0.002172032,0.00638303,0.016657576,0.009912324,0.007932309,0.010595667,0.019579625,0.008822004,0.005494712,-0.00434016,0.004218041,0.02006054,0.037409894,0.036062397,0.07514747
/home/multiclass_classification/deer/train/7b8d17df54.jpg,0,0.005934841,0.003931907,0.012374669,0.002968108,0.001423076,0.002022598,0.00823453,0.011856314,0.004788241,0.016152501,0.014503527,0.01229331,0.006679308,0.023821771,0.023025423,0.019969758,0.037267417,0.07889164
/home/multiclass_classification/deer/train/47005d4470.jpg,0,-0.002119263,0.000751708,0.006159782,0.001353177,0.002759215,0.00096746,0.005490984,0.004563622,-0.003334912,-0.007610473,0.000290234,0.012135162,0.005838707,0.014852663,0.030189812,0.014161014,0.028426668,0.08198128
/home/multiclass_classification/deer/train/5a9c5613e1.jpg,0,0.001048853,0.000558278,0.001425111,-0.003755403,-0.000420687,0.000344907,0.004368546,0.001874188,-0.003749989,0.001895742,0.010303236,0.010737944,0.009833617,0.019124135,0.021119045,0.024855012,0.045296915,0.09336454
/home/multiclass_classification/deer/train/ef341fe6dc.jpg,0,0.004401979,0.004873876,0.010369563,0.011713069,0.006897625,0.017530441,0.018818244,0.008432687,0.006356683,0.012544028,0.0204548,0.015697032,0.013073786,0.03388883,0.049110897,0.026117012,0.038876407,0.09159012
/home/multiclass_classification/deer/train/992d2249f5.jpg,0,-0.000634839,0.00296886,0.006597834,0.002594762,0.00071274,0.001988664,0.001012116,-0.000148492,-0.006323273,-0.007553239,-0.000169471,0.006064491,0.007854966,0.021809401,0.0400676,0.008465109,0.03633035,0.066037625
/home/multiclass_classification/deer/train/bfb2272ec7.jpg,0,0.00077589,0.000223467,0.010314075,0.006766495,0.006722745,0.011682777,0.01812378,0.005072484,0.010125629,0.020813754,0.02588147,0.018129397,0.008247171,0.019086532,0.024926621,0.03171479,0.023234375,0.06939923
/home/multiclass_classification/deer/train/559b655e24.jpg,0,0.002934394,0.000880176,0.007877363,-0.001132111,0.001091338,-0.001407785,0.002306934,-0.008369776,0.00492018,-7.30E-06,-0.002446718,0.00472679,0.001257744,-0.000843796,0.009312278,0.010394656,0.001261681,-3.89E-05
/home/multiclass_classification/deer/train/84d3beb3ff.jpg,0,-0.002197199,-0.001442766,0.004788072,0.001711431,-0.000163882,0.004949111,0.000546436,-0.002975966,-0.004147311,0.006598828,0.010298607,0.015358452,0.017466754,0.026997697,0.03542268,0.014399356,0.037753575,0.07723474
/home/multiclass_classification/deer/train/e0d72589c3.jpg,0,0.002863366,-0.00219829,-0.008924211,-0.000227808,0.002000655,0.008246534,0.008042309,0.004284267,0.007640277,0.010625198,0.01795635,0.013576757,0.006542147,0.014619834,0.023561437,0.018283682,0.018077392,0.02379949
/home/multiclass_classification/deer/train/cd3b8ffe1a.jpg,0,0.002511765,0.001940031,0.000630198,0.006832193,-0.001228186,-0.002020673,-0.002894754,-0.000520495,0.007360744,0.014389994,0.01877494,0.018611258,0.006965968,0.030539539,0.007127863,0.022501443,0.03356718,0.07206964
/home/multiclass_classification/deer/train/0a36a364ce.jpg,0,-0.000452754,-0.001264964,0.003950501,0.003709354,0.005391892,0.017445683,0.008987453,0.001212842,0.00830007,0.02027417,0.008187394,0.00068568,0.009010611,0.012922544,0.041401602,0.02152212,0.03847148,0.0693229
/home/multiclass_classification/deer/train/7a5bee0f95.jpg,0,0.000207827,0.001553848,0.00498415,-0.003080348,-0.000241445,-0.002725939,0.001927813,0.007642207,0.002903675,0.013771275,-0.000323621,0.007834025,0.011929991,0.05219698,0.013863457,0.017963383,0.039694287,0.081560336
/home/multiclass_classification/deer/train/01624101.jpg,0,0.004975484,0.004821004,0.005331189,0.005303366,0.008497739,0.021917237,0.005222552,0.012813515,0.002729859,0.014250974,0.007709771,0.001411279,0.01070101,0.013493641,0.017344765,0.0194134,0.025319997,0.04446374
/home/multiclass_classification/deer/train/ea19d2960b.jpg,0,0.003685633,0.002256736,0.004562667,0.00306805,0.003478729,0.013005083,0.013409082,0.010501128,0.003946776,0.017357131,0.00798661,0.003480225,0.002187351,0.030709831,0.019370113,0.04120848,0.041836947,0.09072618
/home/multiclass_classification/deer/train/94a7ed02ee.jpg,0,0.002255435,0.000430704,-0.000492498,0.001644566,0.004129619,0.009594032,0.008552196,0.005534923,0.00775983,0.010677135,0.011313792,0.012559626,0.012141242,0.015510064,0.032972604,0.032046348,0.046751343,0.091927
/home/multiclass_classification/deer/train/8ed5c4f32d.jpg,0,0.000674478,0.000420939,0.004956478,0.000543567,0.00614634,0.010593716,0.006321702,-0.000753172,-0.001793452,-0.001550538,0.005138256,0.018212792,0.004637803,0.025833916,0.035853505,0.015952505,0.039757106,0.09508891
/home/multiclass_classification/deer/train/80e577172c.jpg,0,0.001555383,0.000275582,0.002126609,0.003057111,0.00851729,0.029407969,0.010850715,0.010262926,0.000181839,0.008277761,0.004335677,0.011608344,0.001535645,0.02262488,0.030531414,0.009146232,0.023605902,0.038660586
/home/multiclass_classification/deer/train/990f5e6e60.jpg,0,-0.002080757,0.000636564,0.000943262,-0.001202599,0.0015277,-0.002086821,0.001232777,0.003132048,-0.001291866,-4.09E-05,0.017594833,0.01446609,0.008249327,0.015387436,0.0250401,0.024654338,0.034238756,0.07034029
/home/multiclass_classification/deer/train/15cb3efaed.jpg,0,0.001759645,0.003793721,0.001275094,0.003481154,-0.00104292,0.003050364,0.00602593,-0.002538206,0.005313634,0.007809574,0.008447758,0.008188987,0.006542742,0.019519746,0.037196405,0.026809376,0.03955033,0.08738516
/home/multiclass_classification/deer/train/c431d59498.jpg,0,0.003159139,-0.000873224,-0.001052222,0.004186099,0.004308707,0.016835757,0.007805764,0.007108234,0.007051594,0.017180378,0.020513374,0.012573525,0.011070224,0.0439479,0.04217516,0.04740798,0.04895389,0.10156208
/home/multiclass_classification/deer/train/ba470964842.jpg,0,0.000842924,-0.000580187,-0.003401978,-0.00517609,0.005702298,0.008225818,0.003582687,0.003976901,-0.002854599,-0.011472349,-0.00353048,0.005829081,0.000808188,0.016695142,0.022185931,0.030753985,0.025126612,0.060148984
/home/multiclass_classification/deer/train/796c8d78f9.jpg,0,0.001227139,0.002035506,0.004896706,-0.000414756,0.006624676,0.015454281,0.012329329,0.009043813,0.011966865,0.015749672,0.014740822,0.010757203,0.010420902,0.028399363,0.039002422,0.037479974,0.015543711,0.03844519
/home/multiclass_classification/deer/train/5e895b17d1.jpg,0,-0.001430195,0.001290869,0.003982013,-0.003351703,0.00952527,0.02375384,0.013360376,0.005036464,0.004594784,-0.006430476,0.0070211,-0.007014532,0.00774003,0.016069014,0.02710754,0.04315465,0.04227549,0.08522815
/home/multiclass_classification/deer/train/489b9130e6.jpg,0,0.002954703,-0.000413547,-0.009845258,-0.002464892,0.001057914,0.004638813,0.002804461,0.003704476,0.006253505,0.01016824,0.012409583,0.01033639,0.011322639,0.023827929,0.032909896,0.035984643,0.02783837,0.045091555
/home/multiclass_classification/deer/train/5b5c5cac47.jpg,0,-0.00200047,0.002170942,0.001879519,0.00079767,-0.001794383,-0.009420974,-0.004707517,-0.004008312,-0.00415512,-0.003765062,0.015836451,0.008036334,0.012463801,0.033657607,0.04086273,0.054663192,0.05151817,0.09150542
/home/multiclass_classification/deer/train/1ec1d0a80a.jpg,0,0.005147832,0.000233914,0.00403967,0.004331349,0.00544307,0.008280705,0.014718314,0.002219273,0.007935546,0.026963366,0.017145665,0.012412224,0.010527834,0.0356358,0.026040465,0.007560295,0.033855807,0.07351418
/home/multiclass_classification/deer/train/0c69537d96.jpg,0,0.001145422,0.001110715,0.003308372,0.006831553,0.005693389,0.013303501,0.002365614,0.002150019,0.001055766,0.005091236,0.002517856,0.005119446,0.008677332,0.027492005,0.030870935,0.021191794,0.038965963,0.0839234
/home/multiclass_classification/deer/train/4ed7088e45.jpg,0,0.004953725,0.00153352,0.005508889,0.004127268,0.00532117,0.016206954,0.007866484,0.012221569,0.006428478,0.017861899,0.012570767,0.016421743,0.012260011,0.019125126,0.030091189,0.018218137,0.044729665,0.09336299
/home/multiclass_classification/deer/train/ce03d47a8d.jpg,0,-0.004253177,0.00106844,0.001624568,0.007005652,0.0016913,0.002806614,0.003986367,0.011348808,0.009571429,0.042820156,0.03337765,0.01805568,0.009997967,0.04014317,0.04117752,0.02856275,0.051578194,0.093727276
/home/multiclass_classification/deer/train/deb4e8d7c9.jpg,0,0.000213706,-0.003929395,-0.001603339,-0.000804778,-0.001462612,-0.003276035,-0.004005167,-0.008518556,0.002122856,-0.000762489,0.00722026,0.000505407,0.003074826,0.018714275,0.045022108,0.027226584,0.049690448,0.08417376
/home/multiclass_classification/deer/train/be98adba2e.jpg,0,-0.002060965,0.002817137,0.006679389,0.005374875,0.00393812,0.015555684,0.005954973,0.006159206,0.007500881,0.011946274,0.010246178,0.01806818,0.008513324,0.019568648,0.013924018,0.021953965,0.027234308,0.06589388
/home/multiclass_classification/deer/train/f506ea569b.jpg,0,-0.000675788,-0.000128593,0.004499559,-0.003669508,-0.002156071,-0.002110732,-0.006843436,-0.004133859,-0.003895631,-0.006824193,-0.00088666,0.000557952,-0.001687618,0.008724017,0.01646449,0.019404769,0.027378988,0.06196135
/home/multiclass_classification/deer/train/f618d52faf.jpg,0,0.002771114,-0.00353992,-0.005140048,-9.90E-05,0.00309746,0.012092044,0.01072016,0.005493902,0.008333111,0.018035281,0.003988079,0.011370889,0.012936687,0.031106222,0.032031156,0.032460656,0.03263054,0.07697169
/home/multiclass_classification/deer/train/76e1730a7c.jpg,0,0.000758777,-0.001284774,-0.010343796,0.000690124,0.010526931,0.028203584,0.009781666,0.002047665,0.006063001,0.012108473,-0.001343895,0.005813432,-0.003638891,0.007393553,0.013382148,0.057494722,0.028342338,0.070261
/home/multiclass_classification/deer/train/chital-7117406_1280.jpg,0,0.004627073,0.000302361,0.00625533,0.008423854,0.007504931,0.015353831,0.016574606,0.003497068,0.012995689,0.026672838,0.00058573,0.01845829,0.011948774,0.041521102,0.026030503,0.02898777,0.0462873,0.0992755
/home/multiclass_classification/deer/train/0c97f57e98.jpg,0,-0.00397817,-0.00385155,-0.00697974,-0.00173226,0.002416329,0.003832496,0.013016002,0.006481189,0.009059725,0.02524025,0.01870475,0.010283973,0.014738449,0.031791307,0.033376966,0.022042245,0.04300107,0.09007414
/home/multiclass_classification/deer/train/6e1642fba2.jpg,0,0.009373818,0.004413377,0.013741769,0.009363445,0.008862712,0.021794282,0.015281251,0.007051576,0.006211699,0.016038978,0.010660607,0.017152945,0.008283588,0.02774078,0.028171187,0.001651411,0.036911797,0.06599129
/home/multiclass_classification/deer/train/8c84092472.jpg,0,0.00384149,0.000727663,0.005509366,0.008619156,0.010097533,0.028754583,0.015137755,0.00735774,0.005894735,0.014408145,0.022647487,0.01250636,0.008738525,0.013946057,0.017737418,0.02709559,0.04223173,0.084748685
/home/multiclass_classification/deer/train/263728ea50.jpg,0,0.001971118,0.002301937,0.005502111,0.002552449,0.007536381,0.007883633,0.007347317,0.00626381,0.001567133,0.011135518,0.004333141,0.019345157,0.009265985,0.015686527,0.021677852,0.009421825,0.037986875,0.08129357
/home/multiclass_classification/deer/train/bb25e2c1d9.jpg,0,-0.004331501,-0.000672788,-0.000854847,0.003318937,0.005488101,0.008305331,0.002786116,0.005818936,0.005434943,-0.001327923,0.001531774,0.013633567,0.00725553,0.032606702,0.026234075,0.035813056,0.03973825,0.0920344
/home/multiclass_classification/deer/train/e79c85919e.jpg,0,-0.000693442,-0.000231084,-0.000900973,0.000169351,0.001426878,0.002715169,0.007194021,-0.000244753,0.008895263,0.017231623,0.01095541,0.006255324,0.000941384,0.023797885,0.03573493,0.032236204,0.042023238,0.07928034
/home/multiclass_classification/deer/train/5e81646a86.jpg,0,-0.000204139,-0.000665905,-0.004404374,-0.000849629,0.012150372,0.029268943,0.013567288,0.006873638,0.004989468,0.01611354,0.021607745,0.023173478,0.012254869,0.03930392,0.039027672,0.019985516,0.041107733,0.07483007
/home/multiclass_classification/deer/train/16e43610bd.jpg,0,0.000751817,0.002045239,0.001278327,0.007274659,0.009299208,0.016284341,0.009646307,0.011119025,0.007847358,0.014649197,0.011785054,0.012030354,0.008410024,0.03562264,0.03481789,0.019401789,0.046310868,0.10160205
/home/multiclass_classification/deer/train/i-2022-04-05T150753-678_jpg.rf.b72db8ca75429f1ef3917b0284ae1508.jpg,0,0.001242555,0.001641188,0.006876386,-0.000338351,0.008234898,0.017974373,0.007081097,0.009133614,0.009105065,0.017203795,0.018013643,0.013587552,0.009928691,0.024280611,0.03233227,0.020404711,0.03692267,0.08313889
/home/multiclass_classification/horse/train/05_002.png,1,-0.001621276,0.004336149,0.006757343,-0.000501162,0.004339928,-0.003039233,-0.003329029,-0.006010574,0.000768693,-0.012755811,0.021754509,-0.000805616,0.004792917,-0.01119318,0.003820979,0.008481992,0.019571757,0.06030684
/home/multiclass_classification/horse/train/03_045.png,1,0.004874685,0.004211332,0.008984496,0.013586154,0.010081081,0.010835741,0.004235808,0.005333171,0.001053074,-0.000809874,0.031406444,0.018733531,0.01834312,-0.000188565,0.027014164,0.035103753,0.023689087,0.10394235
/home/multiclass_classification/horse/train/07_017.png,1,0.003573641,0.002416486,0.003434454,0.004826512,-0.000934986,0.002130019,-0.005889,-0.006816797,0.000203762,-0.000277014,0.008013487,0.015485485,-0.002349033,-0.013677122,0.010014153,0.010231921,0.01421096,0.054908115
/home/multiclass_classification/horse/train/04_009.png,1,0.001782531,0.000230123,0.001660006,0.00752653,0.002250851,-0.001809421,-0.006754468,-0.001701744,-0.001154275,-0.017615562,0.009870078,-0.000437216,0.006922795,0.004414796,0.003138137,0.01740968,0.024999207,0.08592328
/home/multiclass_classification/horse/train/01_035.png,1,0.000891444,0.003448402,0.002007676,0.004635613,0.002967244,-0.003592709,-0.008732898,0.003146541,0.001086735,-0.002307767,0.005311804,0.009722166,0.00365598,-0.000950285,0.010664254,0.010315505,0.021490416,0.09523795
/home/multiclass_classification/horse/train/03_092.png,1,0.004519793,0.003187828,0.002507092,0.004715989,-0.001258172,0.004509378,0.006185362,0.001276555,0.00944924,0.018809866,0.013686535,0.019380666,0.008170223,0.010729546,0.015461667,0.002804411,0.021591447,0.09885397
/home/multiclass_classification/horse/train/07_067.png,1,0.000868974,0.000231671,0.004250481,0.007292107,0.00790319,0.013971204,0.007284713,0.004025332,0.002170592,0.007342192,0.014903013,0.009359614,0.006770929,-0.000472883,0.010951899,0.01727706,0.021148894,0.063422054
/home/multiclass_classification/horse/train/03_091.png,1,0.000615075,0.00346616,0.004579785,0.011902312,-0.00133025,-0.006053134,-0.012308871,-0.000377671,-0.00855116,-0.020662013,0.015561474,-0.000542137,0.007386121,0.016759502,0.013274306,0.014519865,0.018462239,0.07598387
/home/multiclass_classification/horse/train/06_088.png,1,0.003928553,0.002614519,0.011005584,0.004668173,0.001323829,0.004750192,-0.001498218,-0.000493138,0.001488348,-0.008494944,0.018379197,0.012122205,0.006272147,0.004617191,0.01307019,0.03362511,0.022773549,0.10038163
/home/multiclass_classification/horse/train/03_083.png,1,0.000815335,0.006428383,0.017031603,0.008442614,0.007591083,0.00204836,-0.004006419,0.000230754,0.001875429,-0.012312222,0.028323898,0.014338166,0.005803929,0.000866368,0.013908553,0.027539354,0.026375303,0.10449825
/home/multiclass_classification/horse/train/03_040.png,1,-0.000346889,0.002767454,0.009216532,0.009420523,-0.000443929,0.01523621,-0.000978853,0.000640354,0.001991212,-0.002982912,0.011564476,0.005177392,0.009568349,0.024285743,0.007295551,0.006618753,0.019788068,0.0751182
/home/multiclass_classification/horse/train/06_041.png,1,-0.0012007,0.003554581,0.007167147,0.000848536,0.002104948,0.008871486,0.005674008,0.005249284,0.005812374,0.010038284,0.02550222,0.011556983,0.005852409,0.006233242,0.028954748,0.031954017,0.039286554,0.109492205
/home/multiclass_classification/horse/train/horse02-3.png,1,0.003326948,0.004005217,0.012503951,0.010566245,0.005910098,0.010160618,0.00637112,0.008477829,0.001197967,0.004925329,0.020321194,0.02090953,0.01071072,0.008705772,0.012753475,0.023992728,0.029176947,0.096704006
/home/multiclass_classification/horse/train/03_086.png,1,0.006672096,0.001227416,0.005145132,0.00414839,-0.00309525,-0.012701011,-0.008118116,-0.00624836,0.000988737,-0.019342583,0.008426533,-0.0025297,0.00828009,0.006042293,0.009751039,0.023415674,0.030965837,0.08858274
/home/multiclass_classification/horse/train/horse22-6.png,1,-0.000940044,0.000349318,-0.001445468,0.00933609,-6.79E-06,-0.005333817,0.000535524,-0.001943803,0.002903543,-0.016311813,0.017814834,-0.007054566,0.005224079,-0.008854547,0.024136316,0.025061779,0.025546147,0.09660547
/home/multiclass_classification/horse/train/horse33-3.png,1,0.002357724,0.000547164,0.003584789,0.004268434,0.001739846,0.005064779,-0.00836404,0.002911491,-0.002665538,-0.015087627,0.007335117,0.006787086,-0.000554911,-0.001105997,0.009623339,0.041697767,0.031286675,0.110862866
/home/multiclass_classification/horse/train/horse34-4.png,1,0.001217646,0.002361957,0.006719848,0.009606876,0.005624779,0.004686741,0.006266139,0.006498106,0.00883509,0.016636765,0.015792523,0.023392536,0.002701452,0.011064659,0.005757488,0.033794012,0.029867385,0.092257336
/home/multiclass_classification/horse/train/01_114.png,1,0.007937301,0.000887983,0.006753694,0.006100119,0.004355389,0.014466877,0.005884449,0.00142913,0.007634569,0.01443149,0.00690739,0.010314785,0.004679106,0.024945356,0.003731757,0.02359419,0.026981078,0.09358115
/home/multiclass_classification/horse/train/horse12-5.png,1,0.002712714,0.005658555,0.009181103,-0.00126939,0.00309563,-0.001972666,-0.003966156,-0.009623108,2.18E-05,-0.006402739,0.013433324,0.01704629,0.006903154,0.005872035,0.014648704,0.053945772,0.022976521,0.11988581
/home/multiclass_classification/horse/train/01_033.png,1,-0.000984066,0.003485605,0.013579516,0.005320727,0.00403609,0.007415102,-0.006783775,-0.001631727,0.003125272,-0.011417227,0.012638189,0.024545293,0.009550676,0.003558775,0.001552895,0.016426822,0.024276827,0.08703832
/home/multiclass_classification/horse/train/horse21-3.png,1,0.000854661,0.007496539,0.011841972,0.008798176,0.001520463,0.005817995,0.000553652,-0.009645516,0.00718431,-0.002698668,0.010229148,0.012658975,0.006181201,-0.01311403,0.006443106,0.008360647,0.029014587,0.08380336
/home/multiclass_classification/horse/train/07_004.png,1,0.000869344,0.005844798,0.011640667,0.007082208,0.005582913,0.002860061,-0.006024263,0.000712743,0.00753792,0.007101732,0.012154844,0.008057406,0.001746531,-0.001984391,0.01648479,0.009728585,0.019750826,0.06762114
/home/multiclass_classification/horse/train/05_046.png,1,0.002374196,0.005678993,0.007687341,0.004581067,0.0073893,0.014784532,0.007507678,0.005829441,0.003379968,0.022797754,0.017584573,0.029950673,0.007323248,-0.001950117,0.021207847,0.03537645,0.038610183,0.11142903
/home/multiclass_classification/horse/train/horse34-9.png,1,0.001319975,0.005995753,0.012278572,0.008688631,0.007988442,0.00857215,0.001462762,0.004683734,0.006523408,0.014210545,0.015505267,0.021906123,0.007216179,0.01800132,0.005087247,0.03181313,0.03425914,0.09425689
/home/multiclass_classification/horse/train/horse07-7.png,1,0.000369368,0.00256897,0.008365162,0.009225754,0.00559155,0.012525616,0.003676326,0.00355743,0.004339449,0.004993124,0.006825496,0.010160146,0.008765135,0.022368,0.022521075,0.027131043,0.025155673,0.10368301
/home/multiclass_classification/horse/train/03_047.png,1,0.001828145,0.002284227,0.008301433,0.004833828,0.001508707,-0.006662762,0.003130367,-0.002638889,0.004940348,-0.010070834,0.021009944,-0.002715331,0.000608561,0.028569905,-0.005250445,0.005142671,0.02309569,0.070557594
/home/multiclass_classification/horse/train/horse49-4.png,1,0.003986433,0.003331332,0.007071168,0.010393146,0.000750677,0.003719119,0.007364017,-0.004048183,0.003383761,0.002963997,0.020987358,0.008684179,0.010663305,-0.009217852,0.02755585,0.016147582,0.027949799,0.10734247
/home/multiclass_classification/horse/train/05_005.png,1,-0.003089705,0.002450993,0.005649949,0.003335963,-0.000301911,-0.013215653,-0.012431715,0.003550881,0.002986112,0.002992811,0.009947408,0.013844822,-0.003062413,0.012567782,0.004840883,0.001422237,0.008436441,0.031273365
/home/multiclass_classification/horse/train/2c68ed34b1.jpg,1,0.00024783,0.00451519,0.0121191,0.006651811,0.006116607,0.010320727,0.004722861,0.002751184,0.010306602,0.008852259,0.015261026,0.011560528,0.005076849,-0.021960504,0.017626718,0.016143829,0.024042774,0.08788755
/home/multiclass_classification/horse/train/02_069.png,1,0.010125294,0.003966724,0.008589967,0.013407986,0.002433678,-0.00576075,-0.000763372,-0.004296821,0.002483582,-0.011047601,0.021545744,0.014830955,0.012724964,-0.012415979,0.022197625,0.035371214,0.030453902,0.09955606
/home/multiclass_classification/horse/train/horse39-0.png,1,0.0033411,0.003310598,0.007832812,0.009839417,0.005833327,0.01475473,0.002679912,0.001091888,0.004722863,0.00208933,0.015990002,0.013576518,0.006782471,0.022713045,0.023810145,0.02071362,0.03383864,0.12397753
/home/multiclass_classification/horse/train/01_072.png,1,0.004811192,0.006222295,0.009942068,0.007360824,0.00210416,0.002038334,-0.006725354,-0.003799032,-0.001331828,-0.01537443,0.015612366,0.011949152,0.009685168,-0.004788007,0.006199431,0.034318965,0.027206112,0.09705385
/home/multiclass_classification/horse/train/04_018.png,1,0.00237481,0.003641103,0.011568571,0.007404203,0.011135525,0.014445023,0.006744027,0.000705501,0.004563074,0.004362137,0.027833339,0.012648532,0.007116281,0.001271287,0.015251927,0.027685124,0.024858978,0.092562184
/home/multiclass_classification/horse/train/01_030.png,1,0.003296143,0.00793987,0.012862898,0.00620008,0.000866119,-0.006863712,0.007114387,-0.00214488,0.006142554,0.004053826,0.027268961,0.011791296,0.009240234,-0.005141258,0.028247643,0.028531281,0.024023,0.08226088
/home/multiclass_classification/horse/train/03_082.png,1,0.000358804,0.002716276,0.006360747,0.005267941,0.010805482,-0.001076586,0.000784756,0.007865493,0.006757107,-0.005189162,0.012847596,0.011881085,0.008232409,0.009673977,0.016861036,0.023219962,0.03372988,0.09910648
/home/multiclass_classification/horse/train/03_046.png,1,0.000677573,0.004380649,0.003552527,0.003344565,0.007201355,0.019044913,0.00207995,0.009148563,0.00868536,0.028301861,0.018883783,0.027993727,0.005671138,0.025372704,0.03643218,0.035254147,0.0372227,0.120753326
/home/multiclass_classification/horse/train/horse31-5.png,1,-0.001393856,0.00087448,-0.000691775,-0.001043201,0.004011609,0.001022546,-0.001651888,-0.003887121,-0.000834879,-0.007918656,0.010021534,0.011089983,0.008305421,0.00146964,0.001075186,0.040386092,0.027135674,0.11543544
/home/multiclass_classification/horse/train/03_025.png,1,0.000671343,-0.000632755,0.0008308,0.000135881,-0.004835027,-0.000219477,-0.009176548,-0.007050238,-0.000440734,0.001610313,0.010598276,0.003239106,0.001061099,0.005911082,0.003367906,0.014440932,0.029109504,0.072015926
/home/multiclass_classification/horse/train/horse47-1.png,1,-0.000120833,0.004182547,0.006340109,0.00567774,0.006316425,0.021178164,0.014556579,0.002702666,0.006436687,0.017982539,0.011317795,0.023681313,0.012866828,0.003205029,0.020721354,0.027704231,0.03328365,0.11151323
/home/multiclass_classification/horse/train/03_065.png,1,-0.000978253,0.001741306,0.000746758,-0.00117906,0.00463434,0.009134925,4.94E-05,0.001491409,0.006085551,0.004586454,0.019975098,0.016913751,0.011843434,-0.019257726,0.014225724,0.028535936,0.03203357,0.100470275
/home/multiclass_classification/horse/train/05_019.png,1,0.001774743,0.002203485,0.004844456,0.000423952,0.003295023,-0.006091457,-0.000879023,0.005843355,0.008715713,-0.004171365,0.010774493,0.007630945,0.007517532,-0.003300122,0.01013467,0.02528283,0.032236695,0.06630638
/home/multiclass_classification/horse/train/horse25-5.png,1,0.002920872,0.003440115,0.008415461,-0.001333499,0.004738445,0.005362169,-0.00014178,0.003288556,0.003995911,0.010532992,0.003597099,0.0120001,-0.001913482,0.019019071,-0.005212335,0.019655755,0.01757943,0.055010967
/home/multiclass_classification/horse/train/03_005.png,1,0.002606547,0.001364996,-0.001334627,-0.001577941,0.001727184,0.001739482,-0.001761065,0.00175578,0.006072003,-0.0029443,0.01310526,0.010834574,0.007704019,0.01798019,0.016118808,0.002270721,0.026180062,0.06737948
/home/multiclass_classification/horse/train/04e3436924.jpg,1,-0.001043375,0.004227205,0.013946548,0.001878926,0.005851597,0.019504521,0.002000285,0.005730259,0.005762282,0.004904921,0.02994398,0.008529273,0.007554648,0.005110196,0.016286269,0.041606247,0.02572158,0.07500777
/home/multiclass_classification/horse/train/01_010.png,1,-0.000143233,0.004135376,0.008860929,0.009229552,-0.000859268,-0.005980494,-0.001982187,0.001717462,0.001080193,-0.013413555,0.02457048,0.020666607,0.005233171,-0.008275608,0.018459614,0.034486696,0.029852096,0.112600304
/home/multiclass_classification/horse/train/72bd14e805.jpg,1,0.000288434,0.006071714,0.009381908,0.000626944,0.006056729,0.001935446,0.006266609,-0.001621577,0.005460476,0.005223482,0.011953874,0.007890539,0.003201648,-0.014612163,0.009009225,0.024594959,0.026167333,0.07715927
/home/multiclass_classification/horse/train/horse03-7.png,1,0.001718521,0.002271866,0.005513914,0.000991523,0.004821837,0.001863315,-0.002326319,-0.002664439,-0.002058903,-0.008235849,0.02328226,0.011320758,0.006459331,0.021966748,0.017886603,0.039057367,0.010873685,0.07727179
/home/multiclass_classification/horse/train/horse37-7.png,1,0.006679035,0.005842685,0.010971179,0.008906109,0.003347174,0.008963314,0.011593884,0.006111763,0.005427444,0.008081298,0.028697364,0.003485692,0.009665389,0.04557592,0.026625182,0.024506053,0.044631,0.11941928
/home/multiclass_classification/horse/train/horse18-3.png,1,0.005032124,0.00369265,0.006998616,0.000441414,0.001837495,0.00195202,0.002795174,-0.001600152,0.006908104,-0.014852783,0.014104178,0.009491845,-0.002987421,0.002404705,-0.008471892,0.01249695,0.015565796,0.06473026
/home/multiclass_classification/horse/train/04_014.png,1,0.004812678,0.006851552,0.015239475,0.011309104,0.001705668,0.008372365,-0.003646281,-0.00115998,0.000437025,-0.022169523,0.02697232,0.0108339,0.013485381,0.02222585,0.018701218,0.019574422,0.027434755,0.1120719
/home/multiclass_classification/horse/train/horse48-2.png,1,0.006639107,0.003420617,0.010375002,0.006063291,0.001144809,0.014989453,0.002344905,0.005578393,0.009326396,0.013587371,0.009291106,0.02266664,0.005367242,0.015495969,0.037167743,0.04360185,0.039868917,0.11561677
/home/multiclass_classification/horse/train/02_056.png,1,0.002848634,0.004107863,0.00864421,0.012138401,0.006963976,0.010191513,0.008988819,0.007159753,0.007805681,0.012462771,0.024711289,0.010764374,0.001937978,-0.012112862,0.031412773,0.013928718,0.029880913,0.09717299
/home/multiclass_classification/horse/train/79ae38e93a.jpg,1,0.003085411,0.001650184,0.008945694,0.002308055,0.006720446,0.009373425,0.000242889,-0.000383369,0.01080713,0.006570398,0.011786725,0.009411265,0.003619641,0.011603404,0.027605118,0.007302095,0.031058706,0.113758296
/home/multiclass_classification/horse/train/06_048.png,1,0.007727688,0.008217843,0.013434794,0.010825422,0.007219872,0.008743594,-0.003565985,0.00517921,0.011697128,0.001607724,0.01155831,0.011904644,0.002407688,-0.005614357,0.017222062,0.024928872,0.03265307,0.097048804
/home/multiclass_classification/horse/train/02_024.png,1,0.005727034,0.005329254,0.01400041,0.008700298,0.002442327,-0.00267467,0.000675953,0.000502795,0.005476594,0.01593423,0.010693908,0.006262582,0.002344143,-0.011450009,-0.000518202,0.011642223,0.031952094,0.08909652
/home/multiclass_classification/horse/train/horse08-6.png,1,0.004243625,0.00110279,-0.005845999,-0.000885028,0.001457654,0.005325856,0.006472645,0.002861282,0.007004432,0.007589921,0.021017868,0.007757577,0.004514613,0.026115693,0.015603864,0.018307485,0.03209105,0.082381286
/home/multiclass_classification/horse/train/02_081.png,1,0.001456216,0.005071059,0.013628166,0.004842962,0.001418565,0.003716923,0.011518583,0.00248692,0.001333783,0.000850748,0.008324919,0.009293049,0.003346942,0.014973918,0.011435395,0.013084782,0.035190005,0.09864318
/home/multiclass_classification/horse/train/horse34-0.png,1,0.00582295,0.002633491,0.010771642,0.008991797,0.004617789,0.007937681,0.010966687,0.002900971,0.006354318,0.005991829,0.006444645,0.011875561,0.003763884,0.004597543,0.021363687,0.01649031,0.03957618,0.10168646
/home/multiclass_classification/horse/train/07_036.png,1,0.008782227,0.002255377,0.007458006,0.007665535,0.010324189,0.005831629,0.007952524,0.005860657,0.006857859,0.015966617,0.018305589,0.01343591,0.005893932,-0.015236979,0.0080221,-0.001144869,0.013131255,0.06446533
/home/multiclass_classification/horse/train/06_062.png,1,0.001800094,0.001650872,0.004246666,0.005077618,0.00535248,0.005098295,-0.007536481,-0.002082751,0.003819309,-0.019000217,0.020864453,0.014899923,0.0098364,-0.009301629,0.005775741,0.00507288,0.019542227,0.07382206
/home/multiclass_classification/horse/train/04_029.png,1,0.001711765,0.004495075,0.014641574,0.013021421,0.009219467,0.016777657,0.006679497,0.005647429,0.001620004,-0.009341411,0.012432104,0.027432233,0.004603994,0.000267551,0.009820676,0.019410267,0.013283206,0.089775294
/home/multiclass_classification/horse/train/05_023.png,1,0.001952311,0.001203833,0.004665987,0.01116715,-0.002239057,0.007130527,-0.000172634,0.007079529,0.005895515,0.000952021,0.018763125,0.009512322,0.002791926,0.027126554,0.018107384,0.03514427,0.035221815,0.103226334
/home/multiclass_classification/horse/train/horse30-6.png,1,0.005339084,0.002459806,0.012540916,0.006515564,0.008715131,0.006258014,0.00905125,0.000589246,0.006285085,0.006109038,0.026368815,0.01623242,0.014178389,0.022999194,0.025556765,0.02182383,0.031123022,0.1142097
/home/multiclass_classification/horse/train/05_003.png,1,-0.000377827,0.005257961,0.011648822,0.004294354,-0.001284702,0.002079527,-0.007277089,-0.00470307,0.000481055,-0.011517306,0.020450994,0.010306461,0.003303146,-0.000751484,-0.000597928,-0.008802133,0.023366457,0.0541455
/home/multiclass_classification/horse/train/horse23-7.png,1,0.00295435,0.001164464,0.008232392,0.00139076,0.001584639,0.011095298,0.005154166,-0.000398381,0.009995062,0.006363352,0.006056806,0.007336324,-0.001598793,-0.009818193,0.011452612,0.005616874,0.031248018,0.075352564
/home/multiclass_classification/horse/train/05_054.png,1,0.002866902,0.001717364,0.000562627,-0.00473754,-0.007102302,-0.000308742,-0.002332995,0.009721316,0.009595864,0.00797422,0.013903632,-0.001350195,0.002806916,0.014916051,0.008288488,0.022668038,0.028974835,0.07707542
/home/multiclass_classification/horse/train/horse29-4.png,1,0.0045681,-0.002333537,0.003804974,0.00329753,0.00188443,0.000145449,-0.004514104,-0.002175574,0.005722664,-0.008862882,0.00995234,0.003120134,0.003064149,-0.001552083,-0.005353611,0.011436071,0.023413105,0.07573053
/home/multiclass_classification/horse/train/horse35-6.png,1,-0.0001835,0.001260609,0.004624026,0.009158233,0.003642794,0.002266076,0.00914713,0.00843126,0.004637989,0.010150291,0.018075049,0.010909382,0.008429854,0.022252373,0.010807652,0.040836044,0.03863655,0.09540531
/home/multiclass_classification/horse/train/horse33-5.png,1,0.003918899,0.00741473,0.013504168,0.007337762,-0.000434743,0.014922281,-0.003901851,0.004419329,0.000889393,0.002708859,0.010800543,0.009880988,-0.001660482,0.008712954,-0.007168012,0.015002356,0.023424242,0.06742592
/home/multiclass_classification/horse/train/horse45-8.png,1,-0.004626366,0.003721218,0.01033169,0.011140323,0.007032078,9.82E-05,0.005764174,0.001831611,0.005686584,0.006441119,0.01999496,0.008542002,0.00950782,0.009250303,0.022815108,0.030018916,0.035097383,0.11869586
/home/multiclass_classification/horse/train/06_006.png,1,0.000108456,0.00681938,0.008377558,0.009495387,0.004168844,0.016213875,0.014879547,0.006259981,0.004049201,0.013221743,0.01713882,0.01730329,0.006752054,-0.008290526,0.01700014,0.021803694,0.03300445,0.119615495
/home/multiclass_classification/horse/train/07_060.png,1,-0.00090209,0.006854299,0.0107843,0.001294387,0.000727427,-0.000824463,-0.01297523,-0.004109594,0.004036155,-0.009644839,0.01066603,0.011744415,0.004353249,-0.010311198,0.001663467,0.010363048,0.013429742,0.05019375
/home/multiclass_classification/horse/train/05_044.png,1,-0.000371252,0.004346109,0.005772368,0.00823422,0.001300876,-0.004851222,-0.001271975,0.000852362,-0.001229333,-0.014122309,0.006486096,0.02246191,0.00202777,-0.005648171,0.011877758,0.022518698,0.030395396,0.089282766
/home/multiclass_classification/horse/train/horse29-5.png,1,-0.001183012,0.001278851,0.008190742,-0.000789279,0.001754634,-0.004460011,-0.010148333,-0.004147735,-0.003456668,-0.028552812,0.010592489,0.010232187,0.003468014,0.011248058,-0.01340232,0.009607794,0.020637598,0.06940145
/home/multiclass_classification/horse/train/06_049.png,1,0.001693974,0.008488175,0.012109079,0.008053601,0.004144541,0.004984699,-0.002882777,0.002011091,-0.001499333,-0.008301636,0.022616144,0.010619152,0.010367962,-0.006190238,0.00809661,0.02905902,0.032289706,0.10990471
/home/multiclass_classification/horse/train/horse33-0.png,1,-0.002623669,0.000156574,0.000236327,-0.00209598,-0.00253048,0.005201776,-0.009740233,-0.006126467,0.004111503,0.006791214,0.017388005,0.016219305,-0.004973956,-0.002933755,2.96E-05,0.026676336,0.030683197,0.086374074
/home/multiclass_classification/horse/train/02_057.png,1,-0.000506847,0.002764982,0.010114818,0.010331485,0.001673771,0.007811408,0.010405408,0.008581745,0.004275814,0.004682391,0.015285387,0.006099558,0.004953519,0.008665588,0.012867078,0.016024016,0.03616779,0.09772721
/home/multiclass_classification/horse/train/01_095.png,1,0.002525301,0.00340617,0.017485116,0.011867346,0.004984997,0.004694652,-0.011778746,0.004684249,0.003422849,-0.007128845,0.01054805,0.017248202,0.00989351,0.010707437,0.019509373,0.034197807,0.021963064,0.09458372
/home/multiclass_classification/horse/train/06_002.png,1,0.003762331,0.008154272,0.017938863,0.008101514,0.005005905,0.003732524,-0.001002434,-0.001174021,0.003711684,-0.006342654,0.015303846,0.006570488,0.006378195,0.000964129,0.020505844,0.018975481,0.032977615,0.093166634
/home/multiclass_classification/horse/train/06_063.png,1,-0.001642406,0.003727179,0.004232443,0.005714636,-0.002952394,-0.009040603,-0.004872213,-0.002135895,-0.008361834,-0.013123658,0.014316667,-0.002697664,0.009672241,-0.004219459,0.010122161,-0.004348064,0.026003681,0.07893979
/home/multiclass_classification/horse/train/horse28-9.png,1,0.001242584,0.003339235,0.010328412,0.008489125,0.006536787,0.005988452,0.000323295,-0.002026278,0.004277942,0.004825755,0.02386693,0.017239608,0.01061663,0.012931438,0.018403383,0.03443047,0.02448855,0.09849207
/home/multiclass_classification/horse/train/horse19-7.png,1,0.001031044,0.001914847,0.005835258,0.002316327,0.003992754,0.00141485,-0.011993967,-0.005089126,-0.003131704,-0.013799444,0.015925944,0.01851256,0.00354081,0.01562982,0.01703693,0.021924986,0.027638122,0.119420856
/home/multiclass_classification/horse/train/06_111.png,1,0.000320807,0.002743839,0.006797233,0.008814018,0.005251041,0.00732077,0.002671717,0.001493708,0.007308042,0.006354215,0.022943364,0.016973201,0.007411006,0.016948743,0.015948068,0.002673107,0.030931093,0.10554947
/home/multiclass_classification/horse/train/06_017.png,1,0.00020507,0.004058213,0.009023153,0.002958683,0.007834229,0.014539953,0.006539731,0.002229387,0.004555756,0.013445143,0.017755862,0.028971532,0.007932989,-0.013624655,0.008945982,0.016165346,0.028960701,0.07475006
/home/multiclass_classification/horse/train/horse12-7.png,1,0.005149268,0.000756085,0.004542561,0.003776871,6.61E-05,0.012032219,0.009470779,0.006672876,0.008038939,0.017825618,0.029105816,0.018544316,0.019524457,0.02813546,0.019989239,0.049707837,0.036131844,0.10533669
/home/multiclass_classification/horse/train/06_080.png,1,0.005922131,0.004358978,0.006969301,0.002692993,0.004066953,0.003135497,-0.0098129,-0.014485294,0.004018605,-0.012494583,0.014199851,0.004643024,0.009587383,0.001846179,0.012696151,0.020602355,0.0220735,0.044050165
/home/multiclass_classification/horse/train/04_021.png,1,-0.002495604,0.002867139,0.009454582,0.008152773,0.002250575,-0.001621584,-0.006489351,-0.003188072,-0.000191105,-0.00519776,0.015696838,0.01094499,0.010133831,-0.004577815,0.023101084,0.028894786,0.024012119,0.095461376
/home/multiclass_classification/horse/train/06_098.png,1,0.000209951,0.004463418,0.004222405,0.001518894,0.002520286,0.014133463,0.003318264,-0.00496864,0.002611941,-0.009900274,0.02184577,0.01915521,0.007803065,-0.003134075,0.011584154,0.019314863,0.02140671,0.08601471
/home/multiclass_classification/horse/train/horse13-2.png,1,-0.002337467,0.002048649,0.009501752,-0.00019564,-1.84E-05,-0.002015927,0.001387103,-0.002672744,0.004082782,0.00933466,0.013701582,0.02291196,0.003587861,0.007168241,0.010876478,0.03900519,0.021036802,0.10513651
/home/multiclass_classification/horse/train/02_010.png,1,-0.000403544,0.002332988,0.013408324,0.003318768,-0.00318188,-0.011181617,-0.00565319,-0.000990061,-0.00784838,-0.022092465,0.012934119,0.000706055,-0.002466097,-0.004110357,0.002727776,0.014138651,0.030349508,0.08356681
/home/multiclass_classification/horse/train/horse24-1.png,1,-0.001580697,0.001313606,-0.003353506,0.003064503,0.002494551,0.001176968,0.002176314,-0.00513207,0.002367539,0.005413287,0.01065324,0.01407404,-0.003702628,0.007425862,0.010034001,0.018551204,0.024084598,0.06974132
/home/multiclass_classification/horse/train/horse27-2.png,1,0.001311822,0.00576078,0.016703103,0.006872486,0.006072219,0.004116684,-0.002816391,0.010679089,0.007680436,0.00040324,0.019573255,0.014048763,0.00742493,0.000808858,0.01257306,0.018803008,0.032332234,0.08784008
/home/multiclass_classification/horse/train/06_122.png,1,0.001558686,0.002852779,0.008547818,0.006486603,0.005908985,0.010831429,0.001238748,0.004241134,0.004394285,0.001253224,0.026363023,0.010591091,0.009548642,-0.013589193,0.011168087,0.009261454,0.016320903,0.08987264
/home/multiclass_classification/horse/train/horse36-6.png,1,-0.000243062,0.001992657,0.011030365,0.010437964,0.000691161,-0.005027277,0.003838355,-0.001051964,0.004567295,-0.001501711,0.020052806,0.010876848,0.003972163,0.018058546,0.007254648,0.013992838,0.03355205,0.08657357
/home/multiclass_classification/horse/train/94a7815736.jpg,1,0.001387698,0.004771913,0.007841784,0.003570752,0.003906981,0.01684818,0.003522867,0.0101547,0.010105317,0.012706051,0.031209927,0.036199927,0.010151044,0.002512944,0.005726132,0.02636698,0.031502776,0.097967476
/home/multiclass_classification/horse/train/horse20-0.png,1,0.003991558,0.001822892,0.002456579,0.002948952,0.008905191,0.008818725,-0.002891511,0.001301196,0.010548929,-0.005104255,0.008464577,0.018613257,0.006162125,0.002885875,0.001446961,0.013563182,0.024768244,0.08489085
/home/multiclass_classification/horse/train/07_094.png,1,0.000527247,0.0035459,0.008238293,0.010047207,0.006670654,0.011506397,0.012743235,0.007310675,0.016420782,0.00996749,0.02070174,0.009417774,0.004583968,0.003490089,0.012337168,0.003469156,0.022815341,0.062553324
/home/multiclass_classification/horse/train/03_067.png,1,0.001518461,0.001268802,0.006865004,0.000996766,0.001738832,0.004767123,-0.004801354,-0.008213544,0.007032019,0.002353405,0.006067471,-0.002661252,-0.000565606,0.010694996,-0.013530431,-0.004935392,0.017520959,0.07960137
/home/multiclass_classification/horse/train/05_027.png,1,-0.002723059,0.001842654,0.003789239,-3.85E-05,-0.001857243,-0.01016703,-0.008379611,-0.012165776,-0.000736484,-0.003921892,0.010994829,0.012336863,0.012616653,-0.000738091,0.020159796,0.027402364,0.03335697,0.09138576
/home/multiclass_classification/horse/train/01_080.png,1,0.00205945,0.003480925,0.007871763,0.007274043,0.004578109,-0.002262797,-0.002448897,-0.001355186,0.000796218,0.001389649,0.023197697,0.00465324,0.009391943,0.001046736,0.030081319,0.031127928,0.029573485,0.10109249
/home/multiclass_classification/horse/train/07_064.png,1,0.001725705,0.005646686,0.010168941,0.012159053,0.005323607,0.003152272,-0.005524291,-0.009999558,0.004994181,-0.006779412,0.021789098,0.000973835,8.78E-05,0.006039883,-0.006214785,0.002742095,0.01304321,0.047546875
/home/multiclass_classification/horse/train/horse02-1.png,1,0.000288617,0.004368423,0.005965669,0.008771232,0.006524905,0.015071543,0.001945408,0.0047947,0.001961445,0.001325941,0.016904287,0.015266193,0.00900968,0.010547636,0.009413285,0.023722399,0.02862457,0.10368166
/home/multiclass_classification/horse/train/02_035.png,1,0.000835095,0.001796467,0.009971732,0.00683783,0.004125397,0.010796255,0.008925651,-0.00133315,0.007892801,0.016273944,0.016703524,0.0094711,0.006888297,0.003972344,0.000714106,0.019874819,0.038576387,0.09686977
/home/multiclass_classification/horse/train/07_051.png,1,0.005621859,0.006439585,0.016891848,0.003419191,0.003399387,0.005776757,-0.004419664,-0.002329485,0.005794596,0.006715486,0.012791595,0.011881772,-0.000267571,-0.010408681,-0.004528847,-0.004202885,0.009714624,0.044836994
/home/multiclass_classification/horse/train/horse24-8.png,1,-0.001098529,0.000283959,0.008119832,0.000159823,-0.002207012,0.001305125,-0.010536689,-0.002566566,0.005778783,-0.008492862,0.002694001,-0.007638146,0.000664649,-0.012583378,0.006252411,0.032626886,0.02448276,0.076291084
/home/multiclass_classification/horse/train/horse43-0.png,1,0.000171886,0.00336688,0.00892342,0.004192298,-0.00497787,-0.01993703,-0.025005937,-0.006364781,-0.003650416,-0.0337858,0.011881679,-0.000184508,0.00838308,0.009092704,-0.000705998,0.009412603,0.024290416,0.07730709
/home/multiclass_classification/horse/train/06_029.png,1,-0.000498199,0.00145826,0.004267669,0.0041452,0.004564951,0.0033219,-0.00406862,0.000348077,0.0074794,0.000804494,0.00997217,0.020430021,-0.001625949,-0.005794646,0.007901603,0.01132875,0.03575225,0.11511119
/home/multiclass_classification/horse/train/horse21-9.png,1,0.00302516,0.003175118,0.00447036,0.007197161,0.01068297,0.016693275,0.00657435,0.010847006,0.006884844,0.003586636,0.019317694,0.0187295,0.011875104,0.010739858,0.017361326,0.025815006,0.03868231,0.116724834
/home/multiclass_classification/horse/train/horse43-2.png,1,-0.00084398,0.001786989,0.003553864,0.003985875,0.003182051,-0.006896241,-0.013709493,-0.007125741,0.003761615,-0.01514728,1.22E-05,0.01404773,-0.00217352,-0.004319994,0.002458534,0.011153751,0.035222445,0.10683515
/home/multiclass_classification/horse/train/01_053.png,1,-0.004819785,-0.000835715,0.00776258,0.008041266,-0.002717115,0.002578905,-8.44E-05,0.006355527,0.003565229,-0.001235631,0.023301357,0.013426201,0.005936116,0.017940294,0.021345913,0.05533143,0.040776134,0.11052701
/home/multiclass_classification/horse/train/horse25-8.png,1,0.002290716,0.000518908,0.001212329,0.002405064,0.002604649,0.005462153,-0.001489665,0.001006527,0.005996433,0.009937014,0.010969909,0.006884797,0.008122064,0.00198836,0.009439016,0.03851081,0.039885327,0.10625951
/home/multiclass_classification/horse/train/horse32-0.png,1,0.000109923,0.001381724,0.000479168,0.00438129,0.001149196,-0.002604065,-0.002229365,2.09E-05,0.000707247,-0.003195154,0.012377781,0.014203356,0.003879379,0.004698627,0.02377783,-0.003355552,0.03130326,0.094414376
/home/multiclass_classification/horse/train/horse03-0.png,1,0.004307999,0.005779414,0.009707605,0.008330993,0.007491829,0.012949009,0.004467074,0.001246429,0.004163531,0.001298528,0.014612188,0.022222506,0.006146742,0.012395881,0.006448017,0.03710925,0.021729369,0.078432366
/home/multiclass_classification/horse/train/horse09-8.png,1,-0.001334104,0.003900924,0.006247708,0.004957398,0.007151203,0.009860666,-0.007858204,0.000305449,-0.003029894,-0.010474897,0.014295477,0.019439979,0.004752952,0.007194713,0.025201641,0.04211753,0.025659002,0.1093238
/home/multiclass_classification/horse/train/02_104.png,1,0.003603199,0.005923735,0.011787809,0.006512766,0.007108893,0.019394252,0.014838604,0.012441496,0.001406939,0.004732714,0.010490593,0.008000218,-0.000890476,-0.004292661,0.009913933,0.038418844,0.034084536,0.11348229
/home/multiclass_classification/horse/train/01_016.png,1,-0.000785564,0.002763709,0.001266241,0.006737985,0.003877337,0.00017572,-0.010444891,-0.003753392,-0.000435063,-0.018133773,0.02037701,0.010169643,0.005638229,-0.002412407,0.012229748,0.030032221,0.020754099,0.10172975
/home/multiclass_classification/horse/train/horse49-3.png,1,0.000972466,0.003819759,0.007739844,0.00758377,0.000118447,-0.008564812,-0.008098301,-0.010348008,0.005001564,-0.00649642,0.014041871,0.016217137,0.006305186,-0.016811153,0.027491972,0.023069996,0.038853154,0.10311662
/home/multiclass_classification/horse/train/06_058.png,1,-0.001075105,0.003841978,0.012994036,0.012483159,0.006722863,0.005117909,-0.000879489,-0.002665089,0.005469826,0.003989218,0.008215744,0.0154321,0.012012494,-0.022712238,0.013279644,0.023051992,0.03394509,0.10333963
/home/multiclass_classification/horse/train/horse17-8.png,1,-0.002884,0.002872821,0.001440574,0.004132619,0.002646873,-0.00487516,-0.008217215,-0.003419847,0.000190189,-0.003104001,0.017076671,0.01225173,0.005503977,-0.015440786,0.022175658,0.04112966,0.041033,0.12717855
/home/multiclass_classification/horse/train/01_043.png,1,-0.000889546,0.001083293,0.004362021,0.001908169,0.001415747,0.004726878,-0.007937722,-0.004741221,0.000889952,-0.006084679,0.005167039,0.013853518,0.006417949,-0.003582982,0.000406348,0.017924353,0.019262992,0.095284864
/home/multiclass_classification/horse/train/07_118.png,1,0.007117859,0.006364782,0.01376205,0.007901739,-0.000189798,-0.000833305,-0.001456728,0.003278121,0.008031073,0.004791863,0.012132926,0.017942674,0.00246886,0.001279636,-0.011614407,0.005478928,0.003953646,0.02166567
/home/multiclass_classification/horse/train/01_004.png,1,0.002491589,0.004032224,0.004049784,0.005984118,0.004484898,0.00874232,0.001697763,-0.003862418,0.006168069,0.004298636,0.020845395,0.019744657,0.007476107,-0.005427515,0.02373064,0.030912662,0.031351008,0.08897878
/home/multiclass_classification/horse/train/horse49-5.png,1,-0.001707514,-0.001378511,-0.002206476,0.000363975,-7.45E-05,-0.00416943,0.002694262,0.001917913,0.001917514,-0.008041497,0.011457436,0.0206023,0.013036735,-0.000994519,0.019686792,0.04346341,0.03133821,0.10664339
/home/multiclass_classification/horse/train/horse01-5.png,1,0.000829531,0.00093151,0.001735195,0.010185177,0.006066632,0.014612727,-0.000807696,0.002692111,0.006617138,0.011529607,0.003263217,0.004457446,0.008202586,0.009123527,0.006988716,-0.00229757,0.013376759,0.038424432
/home/multiclass_classification/horse/train/horse03-6.png,1,-0.001845937,0.001601237,0.005021284,0.000625763,0.005056054,0.003409531,-0.003108985,0.003916998,-0.001882617,-0.018798292,0.008638947,0.014683761,0.006680993,0.006003798,0.02621453,0.026327707,0.011765533,0.09030406
/home/multiclass_classification/horse/train/horse43-9.png,1,0.004222908,0.001877369,0.003660439,0.007294046,-0.001150149,-0.011791935,-0.005814395,-0.00968644,-0.009097368,-0.024810176,0.012430865,-0.003251572,0.006157743,-0.001457279,0.015244522,0.002582635,0.031777643,0.096125245
/home/multiclass_classification/horse/train/07_016.png,1,0.005368622,0.000650348,0.00238336,0.0082587,0.00391935,0.00981277,0.004595191,-0.000747556,0.008745613,0.008595089,0.014735017,0.006105888,0.00110614,-0.007950839,-0.004031412,-0.003621046,0.023115631,0.06987813
/home/multiclass_classification/horse/train/01_056.png,1,0.001834563,0.006527906,0.012913392,0.006378825,0.005210408,0.005495984,-0.001774831,-0.005776832,-0.002485358,-0.017454738,0.014245635,0.006202406,0.009023976,0.01296786,0.026427947,0.02691904,0.020055793,0.101775825
/home/multiclass_classification/horse/train/03_036.png,1,0.00196043,0.003139257,0.003183078,0.007023824,0.001253055,-0.002439214,-0.00959038,-0.00905511,0.001714879,-0.004599873,0.007502019,0.012265163,0.005736826,-0.004456016,0.01575133,0.009215426,0.022139538,0.08522852
/home/multiclass_classification/horse/train/07_021.png,1,0.003749109,0.002024068,0.013014198,0.007761601,0.005656656,0.00599527,0.005606305,0.006434029,0.00343305,0.010716608,0.0258997,0.013611458,0.011562569,0.005299216,0.008749459,-0.005186952,0.012297845,0.049779635
/home/multiclass_classification/horse/train/horse25-6.png,1,-0.001760042,-0.000589402,0.002982853,0.003520629,0.003791028,0.002182916,-0.003720471,-0.005479578,0.007721881,-0.002456243,0.004893793,0.018367365,-0.000105116,0.003398332,0.028402587,0.020643204,0.025776442,0.07888904
/home/multiclass_classification/horse/train/horse44-6.png,1,-0.003557926,0.003552106,0.014056874,0.005054919,0.002731322,-0.00048184,0.001712575,0.005268818,0.002110454,-0.005028606,0.019257644,0.022223435,0.016035698,0.03912377,0.033368185,0.03832241,0.037643753,0.13151866
/home/multiclass_classification/horse/train/horse30-8.png,1,-0.001005651,0.003404153,0.005858592,0.007412993,0.005328658,0.008660499,-0.003338775,0.002152755,0.001990496,-0.008858386,0.010588659,0.01046772,0.012458254,0.001222268,0.012120564,0.026130335,0.037233435,0.11397362
/home/multiclass_classification/horse/train/03_020.png,1,0.003836587,0.002659814,0.011754278,0.002054264,0.005331342,0.011944446,0.012429237,0.002361569,0.00613048,0.01692299,0.008622263,0.00802741,-0.002908869,0.008340344,0.005037722,0.009128972,0.018930456,0.07057768
/home/multiclass_classification/horse/train/3b009d95f0.jpg,1,0.007483001,0.003420038,0.008343754,0.009512345,0.005435848,0.005437139,0.009931472,0.001913671,0.005220797,-0.002257675,0.013844698,-0.000435118,0.000612054,-0.018360276,-0.007449027,-0.007161677,0.009432428,0.060855694
/home/multiclass_classification/horse/train/horse12-1.png,1,-0.002501839,-0.001071815,0.00117455,0.001474915,0.001592622,0.000145209,0.001916223,-0.000791606,0.004055933,0.001996646,0.024090763,0.014752809,0.007648838,0.006882667,0.018226935,0.042803966,0.031326808,0.12536955
/home/multiclass_classification/horse/train/01_064.png,1,-0.003217684,0.003615616,0.003578419,0.005294149,-0.00136699,-0.019572292,-0.0107718,-0.004205661,-0.001955596,-0.016263172,0.016287267,0.003049407,0.009406297,0.004485677,0.018349467,0.031838126,0.02327067,0.08721317
/home/multiclass_classification/horse/train/03_066.png,1,0.001105932,0.007720205,0.009342911,0.004150628,0.007276366,0.01384983,-0.004463086,0.002538967,0.010422479,0.003221792,0.01211235,0.019972041,0.010385534,-0.010334414,0.019140955,0.022383913,0.03526646,0.105300516
/home/multiclass_classification/horse/train/02_064.png,1,0.00073838,0.003274059,0.010506114,0.003907307,0.002450186,0.002435511,0.002823586,0.002627031,0.00436261,0.004930498,0.015181063,-0.000509617,-0.003158049,-0.002763037,0.001301377,0.015346754,0.025671821,0.07043464
/home/multiclass_classification/horse/train/01_096.png,1,0.005132999,0.003251602,0.010217089,0.013296552,0.001834098,-0.00231883,-0.011052577,-0.011944726,-0.001077915,-0.030432023,0.013968499,0.004010141,0.008133434,0.007725094,0.010594383,0.02092761,0.018587299,0.07703194
/home/multiclass_classification/horse/train/02_012.png,1,0.003049997,0.004060869,0.015207865,0.008706644,-0.000591508,0.003417874,0.005994365,0.00723373,0.001426078,-0.00867366,0.023987956,0.004288641,0.010482512,-0.008522139,0.035926946,0.022375096,0.041720673,0.11249917
/home/multiclass_classification/horse/train/01_112.png,1,0.004867519,0.000250988,0.00724395,0.006951239,0.004586062,0.01130465,0.005911787,0.003023418,0.011009149,-0.001841217,0.011752028,0.015959278,0.005572161,3.56E-05,0.009380981,0.024085043,0.015430141,0.07851428
/home/multiclass_classification/horse/train/06_064.png,1,0.006399438,0.003075997,0.008653108,0.012631957,0.004513438,-0.002581195,-0.002135076,0.001835004,0.001971492,-0.002025295,0.01564056,0.012585639,0.006245399,-0.002530085,-0.000504322,0.022373786,0.029166766,0.09605902
/home/multiclass_classification/horse/train/05_033.png,1,0.001395905,0.00421946,0.000206772,-0.001604016,-0.001999012,0.001449207,-0.001025116,-0.008561159,0.006482758,0.002270724,0.016629966,0.007794959,0.010928461,0.015057787,0.000518887,0.011383446,0.023402372,0.08122131
/home/multiclass_classification/horse/train/horse06-6.png,1,0.002982296,0.000731158,0.00423306,0.008349132,0.0017251,0.004121169,-0.002183241,0.002117174,0.001778586,-0.004897038,-0.003444062,0.00109875,0.003815939,0.000152515,-0.002780261,-0.007252787,0.009046163,0.08623441
/home/multiclass_classification/horse/train/horse28-3.png,1,0.003069146,0.007151138,0.007052419,0.007876923,0.005680905,0.005163247,0.005989875,0.004675516,0.001579974,-0.007767682,0.024164494,0.018629422,0.012402449,0.030362155,0.027099416,0.02761991,0.03770459,0.11450812
/home/multiclass_classification/horse/train/06_021.png,1,0.004719866,0.007412708,0.017409327,0.005641928,0.002418745,0.017109286,0.00941723,0.00374283,0.005991906,0.003746317,0.021756114,0.015218062,0.015336107,-0.007577905,0.013634804,0.025913168,0.036436617,0.09069331
/home/multiclass_classification/horse/train/06_038.png,1,-0.003638781,-0.000867772,-4.62E-05,0.00141426,-0.000801543,-0.003912102,-0.000920221,0.000676554,0.005158841,-0.000447653,0.015008317,0.010251585,0.009102227,-0.012470781,-8.84E-06,0.012042503,0.029411878,0.06335823
/home/multiclass_classification/horse/train/06_096.png,1,0.002867792,0.009079066,0.014936883,0.007956247,0.00153741,0.006436636,0.007543247,0.002005277,0.009789575,0.023520824,0.021195088,0.003920786,0.005867541,0.012438602,0.010251777,-0.006233905,0.021221375,0.07949446
/home/multiclass_classification/horse/train/horse05-6.png,1,0.002514774,0.002705351,0.002449261,0.003913816,0.008760071,0.012370875,0.004033821,0.003044046,0.007268128,0.001002505,0.01135084,0.002481046,0.001523928,0.004352459,-0.005254048,0.010317862,0.019411676,0.06355435
/home/multiclass_classification/horse/train/horse21-4.png,1,0.004253229,0.006483742,0.008003553,0.005044505,0.006969195,0.004258384,0.001586866,0.00234762,0.006865958,-0.002556746,0.008519262,0.008368405,-0.000304957,0.003015348,0.005156971,0.012937536,0.027789801,0.07669712
/home/multiclass_classification/horse/train/horse12-9.png,1,0.004911585,0.002080221,0.00418441,0.000709079,0.007651537,0.004864035,0.005751674,0.000728653,0.005495689,0.007607212,0.01663527,0.017698515,0.006885594,0.00608216,0.007111169,0.0330508,0.024300352,0.09621248
/home/multiclass_classification/horse/train/horse07-5.png,1,0.001500504,0.00176242,0.004886797,0.003552267,0.00261815,0.006026272,-0.005300968,0.006680321,-0.000368582,-0.001399416,0.005401013,-0.001983189,0.010653784,0.002822083,0.017205788,0.015594962,0.025974074,0.09500955
/home/multiclass_classification/horse/train/02_054.png,1,0.008304821,0.003271001,0.012223203,-0.000705071,0.004108428,0.009657361,0.013870925,0.001361564,0.005663034,0.00874754,0.011667265,-0.001138287,-0.00187934,0.00335341,0.000823825,0.020149218,0.021666199,0.07184358
/home/multiclass_classification/horse/train/01_113.png,1,-0.002509917,0.000873978,0.003753888,0.005479791,0.004045867,0.009804251,0.001578086,0.006278595,0.00306049,0.005976612,0.01794339,0.016060032,0.009314058,-0.010909472,0.010154997,0.013732491,0.018893547,0.093476325
/home/multiclass_classification/horse/train/01_049.png,1,0.004472746,0.005842493,0.013377519,0.007983484,0.005275902,0.006570386,0.001414974,-0.000650843,0.01048022,0.007901978,0.029922476,0.011418114,0.011286853,-0.004870507,0.015781876,0.00323062,0.018499363,0.09948842
/home/multiclass_classification/horse/train/horse25-9.png,1,-0.002221649,0.002313889,0.005527121,0.004696828,-0.001566146,-0.000399495,-0.009701756,-0.009417679,0.004305548,-0.018233642,0.003313579,0.006277901,0.001468418,0.009591589,-0.008230062,0.022596713,0.0254253,0.06841729
/home/multiclass_classification/horse/train/01_075.png,1,0.001391624,0.004425509,0.010334481,0.007797147,0.006729707,0.007280564,-0.006587841,0.002963593,-0.002305007,-0.012935959,0.024639986,0.006971764,0.009729145,-0.000210175,0.017352749,0.024299674,0.019995648,0.09238992
/home/multiclass_classification/horse/train/horse02-7.png,1,-0.002845945,0.001332218,0.005450084,0.000513524,0.009584642,0.004688012,-0.013312336,-0.003783956,0.00360585,-0.016973693,0.015947618,0.012026638,0.0058651,-0.007792822,0.008794184,0.022201288,0.022984229,0.09710646
/home/multiclass_classification/horse/train/07_011.png,1,-0.004594372,0.004847214,0.016160684,0.002274121,-0.00034862,-0.008176962,-0.008270357,-0.005579928,-0.002604001,-0.013514565,0.011048352,0.005484677,-0.001778387,0.015274352,-0.002138717,0.01883819,0.01724292,0.052975614
/home/multiclass_classification/horse/train/07_048.png,1,0.004285122,0.005873824,0.012237681,0.003149648,-0.000290315,0.009390086,-0.002154425,-0.00109802,0.001809701,0.00299375,0.012231462,0.006114171,0.00076403,0.007953195,0.014105695,0.012071415,0.018839542,0.087368496
/home/multiclass_classification/horse/train/02_004.png,1,0.003763571,0.000390278,0.006070642,0.002583824,9.18E-05,0.003378696,0.00480363,-0.003378727,-0.000374859,0.019286979,0.013444766,0.005377214,0.005476992,0.020125626,0.019417977,0.035683274,0.04103818,0.10810147
/home/multiclass_classification/horse/train/03_053.png,1,0.004422337,0.00349176,0.010117052,0.005098618,0.006980382,0.017821953,0.017415699,0.010572643,0.016932076,0.025221787,0.012355267,0.01721425,0.006284814,-0.01965595,0.011368457,0.018270537,0.023462832,0.08576451
/home/multiclass_classification/horse/train/02_030.png,1,0.002783138,0.001474288,0.001919813,0.003981005,0.005889836,0.003479681,0.004637372,-0.004197743,0.002968444,-0.002024667,0.017807646,0.006172602,0.005530653,0.014792835,0.020406079,0.01115635,0.0317194,0.10647531
/home/multiclass_classification/horse/train/horse20-8.png,1,-0.00131326,0.003590132,0.009428163,0.008203539,0.002551818,-0.001467595,0.00995356,0.000845655,0.001727993,-0.001230604,0.02201964,0.014664339,0.011971841,0.007255604,0.034166634,0.033975303,0.03523829,0.124004506
/home/multiclass_classification/horse/train/05_018.png,1,-0.001202707,0.001180688,0.003732293,-0.000240643,0.003038817,0.005502736,-0.002374294,-0.003396362,0.008454937,0.00062893,0.017517874,0.015813302,0.004630941,0.010662325,0.005187281,0.031381667,0.041140817,0.08053292
/home/multiclass_classification/horse/train/06_044.png,1,-0.000916338,0.005372548,0.014212461,0.016801767,0.004092926,0.002902297,0.00096623,-0.005152221,0.000302116,-0.011319514,0.021762636,0.003805513,0.008536262,0.007392363,0.023854699,0.03148283,0.036556326,0.11305399
/home/multiclass_classification/horse/train/horse10-3.png,1,0.001609295,0.002274551,0.004684058,0.001373983,-0.002692656,-2.13E-05,0.006224193,0.004701518,0.004316215,0.01612848,0.014502576,0.01787545,0.010532334,-0.013638001,0.024214627,0.006634106,0.044054076,0.11655152
/home/multiclass_classification/horse/train/horse28-2.png,1,0.005170283,0.003281609,0.015238961,0.005468015,0.00330485,0.009600109,0.000302995,0.005817151,0.011936842,0.021927157,0.006912797,0.019709615,0.009051826,0.01787842,0.022257641,0.022777025,0.032948047,0.11820641
/home/multiclass_classification/horse/train/22e62e88ac.jpg,1,-0.002223115,0.000975067,0.007955087,0.008796455,0.006350653,0.014572678,0.006939455,0.010424802,0.014231265,0.020639047,0.015039281,0.022860032,0.012800985,0.008694971,0.04409811,0.01385328,0.021211311,0.09713046
/home/multiclass_classification/horse/train/horse19-3.png,1,-0.001809258,0.004304278,0.007460555,0.008810807,0.003245415,0.001840203,0.00461811,-0.000323888,0.001427185,0.01312363,0.018603291,0.008003507,0.007063503,0.010641547,0.013793828,0.010584747,0.03328912,0.10716024
/home/multiclass_classification/horse/train/horse10-9.png,1,0.003798662,0.000925908,0.000757482,0.002906011,0.004820006,0.003588861,-0.003323306,0.006583522,0.001803985,0.015650049,0.022758875,0.014222167,0.00793002,0.012893563,0.024846552,0.02410081,0.034084596,0.12040116
/home/multiclass_classification/horse/train/horse46-6.png,1,0.003951959,-0.001079468,0.006152539,0.002261515,-0.003695987,0.003606614,-0.004723329,0.007867835,0.009864184,0.010767355,0.013436223,0.011577703,0.00824065,0.020491462,0.023682596,0.030452698,0.031041171,0.09738289
/home/multiclass_classification/horse/train/05_039.png,1,0.000958272,0.00276942,0.006688404,0.000146711,0.001464493,-0.015955199,-0.005848729,0.000835779,0.006559551,-0.018440124,-0.001712593,0.010681635,-0.000651327,-0.013333593,0.005663907,0.017773796,0.031961612,0.067781694
/home/multiclass_classification/horse/train/07_045.png,1,0.003468828,0.003139205,0.007314646,0.003693667,0.000123979,-8.28E-05,-0.009848682,-0.007609137,0.004458925,0.000291726,0.013091248,0.00980991,-0.000162618,0.016114688,0.007542728,0.007463312,0.005640335,0.06771451
/home/multiclass_classification/horse/train/06_009.png,1,0.000722787,0.000561015,0.005441804,-0.000228877,0.006291411,0.012113068,0.002436336,-0.002637167,0.008422026,0.011003591,0.012156496,0.019420853,0.002989298,0.034529857,0.01734496,0.009614315,0.029299961,0.09141631
/home/multiclass_classification/horse/train/07_041.png,1,-0.000939217,0.002935691,0.006361403,0.006539749,0.001264022,-0.010911082,-0.016426545,-0.006363581,0.001022087,-0.004731692,0.015418696,-0.001679204,-0.003475792,-0.021389175,-0.006948042,0.005012704,0.019923355,0.0739692
/home/multiclass_classification/horse/train/01_098.png,1,0.004710421,0.007547976,0.009737613,0.009651875,0.008970855,0.009554367,-0.001463472,0.000940837,0.005496274,-0.008786591,0.008963969,0.016488785,0.009261666,-0.02527782,0.014112113,0.02077337,0.018526467,0.08396314
/home/multiclass_classification/horse/train/horse39-6.png,1,0.001512127,0.002939617,0.010407046,0.007937243,0.004753193,0.014514655,0.010625124,0.015253246,0.001816325,-0.003101105,0.009335655,0.015694272,0.008293325,0.014086248,0.019809702,0.030206103,0.04084499,0.12250909
/home/multiclass_classification/horse/train/horse06-1.png,1,-0.001891275,0.002021784,-0.000814138,-0.000988565,0.005804566,0.00061849,-0.020126287,-0.007507178,-0.000337236,-0.026690412,0.003636933,0.006439872,0.002983824,0.018411282,0.013280795,0.013783434,0.022429332,0.105231315
/home/multiclass_classification/horse/train/horse34-3.png,1,0.003539419,0.006528824,0.009900842,0.004977838,0.006757554,0.008663914,0.003714169,0.002945,0.006968408,-0.00229897,0.016930055,0.015689153,0.010871366,0.01633307,0.006173974,0.031445798,0.031457804,0.08606899
/home/multiclass_classification/horse/train/horse30-2.png,1,-0.00138279,0.003972952,0.012419234,0.005387994,0.001593259,0.00584252,0.001860158,0.007057909,0.00929908,0.007159012,0.019952461,0.01351273,0.012867395,0.00488135,0.015385736,0.024601772,0.034870856,0.10340476
/home/multiclass_classification/horse/train/06_042.png,1,0.002472408,0.004033142,0.007500754,0.007618057,0.007961569,0.006614713,-0.001496399,0.002136107,0.002799659,-0.003872689,0.023439756,0.015820203,0.007106157,0.02151191,0.00984503,0.028510053,0.037509266,0.11207371
/home/multiclass_classification/horse/train/horse33-4.png,1,0.004138022,0.002579939,0.013380462,0.008460658,0.009470722,0.017911121,0.011381152,0.014698042,0.009200024,0.018040974,0.019927599,0.014165558,0.002509437,0.002255452,-0.003079917,0.012646601,0.030646982,0.08910372
/home/multiclass_classification/horse/train/horse47-4.png,1,0.000993825,-0.002962655,0.001215508,0.001951958,0.000917253,-0.00575014,0.002961076,0.004131327,0.00106091,-0.006623348,0.014873812,0.012921957,0.005620578,0.008037645,0.018792698,0.013867797,0.03981619,0.12055726
/home/multiclass_classification/horse/train/horse20-2.png,1,-0.000934836,-0.000581141,0.005051377,0.005588048,-0.000307489,-0.007443397,-0.006377555,-0.009277131,0.001170797,-0.011359418,0.013018125,0.013448291,0.006483628,0.026634064,0.020133112,0.028345844,0.026647098,0.102977164
/home/multiclass_classification/horse/train/horse13-8.png,1,0.002732815,0.003771589,0.002866762,0.008738337,0.001741596,0.008742018,0.008099788,0.003469815,0.004226679,0.002641818,0.023265004,0.019764172,0.012343964,0.02425415,0.005086173,0.038939856,0.030835694,0.10323556
/home/multiclass_classification/horse/train/02_031.png,1,0.000751734,-0.000510119,0.003220623,0.000425157,0.003708875,0.002741518,0.005013825,-0.001383565,-0.002566844,-0.0053068,0.015836427,0.008720107,0.000984729,-0.009706155,0.025582425,0.02822207,0.027343139,0.11267826
/home/multiclass_classification/horse/train/01_022.png,1,0.00196529,0.007423344,0.009428637,0.007265699,-0.000635261,0.010865183,0.009865962,0.00146615,0.001809543,0.01332929,0.024837688,0.006494206,0.007821306,0.000193625,0.024328794,0.015350302,0.02400485,0.055702083
/home/multiclass_classification/horse/train/05_028.png,1,2.80E-05,0.003948029,0.010700339,0.003201032,0.000578583,-0.001446136,-0.007521928,-0.004368364,0.006902118,-0.012085399,0.013236487,0.012164982,0.003267787,0.014104819,0.007855393,0.004392535,0.03562817,0.07988971
/home/multiclass_classification/horse/train/01_117.png,1,0.002091715,0.00538176,0.009883625,0.009105253,0.003645549,0.001913164,-0.008241261,-0.000350688,0.002478712,0.005578953,0.014736948,0.01000444,0.007288148,-0.013598563,0.015584733,0.022602137,0.020167228,0.08489112
/home/multiclass_classification/horse/train/horse29-7.png,1,0.000800334,0.001362648,-8.90E-05,0.004374252,0.001723031,-0.002456513,-0.014470186,-0.006104181,-0.00085992,-0.007925702,0.011558022,0.006671132,0.010603386,0.012182602,0.014791448,0.015393099,0.02820538,0.099703014
/home/multiclass_classification/horse/train/horse22-5.png,1,0.002808307,0.005179803,0.015750209,0.010710929,0.001022049,0.002874649,-0.002717158,-0.006196897,0.007812507,0.005391656,0.020005908,0.014423071,9.04E-05,0.016079448,0.00201155,0.022812717,0.019662578,0.09697058
/home/multiclass_classification/horse/train/07_082.png,1,0.000335131,-0.001066496,0.005936461,0.004939972,0.003289379,-0.001282703,-0.002115859,0.003653793,0.008712397,-0.006671652,0.02651296,0.015676752,0.008542603,-0.003740604,0.011530113,0.02002399,0.019242287,0.08416219
/home/multiclass_classification/horse/train/horse37-2.png,1,0.002051241,0.004270538,0.003195026,0.006931201,0.002982962,0.012836067,0.001890187,0.007236913,0.007692162,0.005689345,0.017227978,0.021280404,0.009706288,0.019947698,0.012640405,0.03487207,0.040691286,0.116909996
/home/multiclass_classification/horse/train/horse01-1.png,1,-0.001400642,0.002232903,0.003225425,0.004739773,0.004093431,0.010321373,-0.00182852,0.005556116,-0.00034064,-0.016935965,0.01946067,0.011854246,0.014936723,0.01394546,0.004620783,0.023764618,0.033709556,0.098575026
/home/multiclass_classification/horse/train/02_070.png,1,0.005502946,0.004219376,0.009725001,0.004689787,0.00767334,0.006760243,0.007053203,0.006045742,0.008407837,0.020690843,0.007334929,0.015427846,0.00496029,-0.006926236,0.01750714,0.022837147,0.029392293,0.1095329
/home/multiclass_classification/horse/train/horse20-7.png,1,0.003618173,0.004285993,0.009387778,0.008908701,0.005997109,0.013556756,0.017483829,0.009151612,0.002562406,0.006384728,0.020644186,0.001977361,0.008522022,0.015439029,0.024157299,0.012771474,0.030991286,0.10458971
/home/multiclass_classification/horse/train/05_007.png,1,0.002221513,0.006594051,0.009762242,0.007081653,0.003356054,0.004807421,-0.006812521,0.00355824,0.004653241,-0.004408455,0.017457616,0.010126525,0.004766546,-0.00059707,0.003333908,0.005590063,0.016112324,0.04883215
/home/multiclass_classification/horse/train/07_061.png,1,-0.000421787,0.001572046,-0.001462004,-0.00324553,0.004476609,0.004439505,0.003024658,0.007436144,0.00585271,0.0025911,0.012996123,0.021309098,0.005412048,0.000883274,0.003704124,0.02080797,0.015204842,0.06095583
/home/multiclass_classification/horse/train/07_059.png,1,0.005896098,0.000631109,0.001000301,0.000256785,0.004469709,-0.000758624,0.004474672,-0.001757328,0.003053448,-0.004923304,0.003945327,0.008205042,-0.004446962,-0.025180303,-5.95E-05,0.014067955,0.017404852,0.05923439
/home/multiclass_classification/horse/train/03_007.png,1,0.005671318,0.005343811,0.010729797,0.00588027,0.008235732,0.012719498,0.01009172,0.010912061,0.010751741,0.013319593,0.019269478,0.021651596,0.006951493,-0.006189512,0.027079906,0.020827135,0.02606145,0.072888955
/home/multiclass_classification/horse/train/07_093.png,1,-0.003075002,0.002083687,-0.002368454,-0.002874176,-0.004414046,-0.002399862,-0.007609799,-0.000395039,-0.00344142,0.000962531,0.011384776,-0.00562179,-0.00686266,-0.005370251,0.010939303,-0.008213555,0.02165749,0.068782695
/home/multiclass_classification/horse/train/03_027.png,1,0.002377782,0.002486452,0.007044446,0.003527813,0.0051241,0.001609325,0.00557984,0.001108422,0.004859856,0.002099889,0.01638011,0.005993672,0.002340378,0.007041562,-0.004198378,-0.005189956,0.021492997,0.08708472
/home/multiclass_classification/horse/train/03_097.png,1,-0.001879746,0.001782267,-0.000262216,0.006627708,-0.00094923,-0.009299921,-0.014164079,0.001671374,-0.000654859,-0.017804986,0.008011076,-0.014548302,0.006314781,-0.002578754,-0.001109008,0.008597365,0.02293323,0.06924164
/home/multiclass_classification/horse/train/72fab2ffef.jpg,1,0.000192649,0.003222613,0.005970656,0.006097972,0.003096763,0.007216316,-0.003644361,-0.00010749,-0.002633154,-0.013739809,0.011641892,0.009357503,0.007075712,4.70E-05,0.014827672,0.018836189,0.01921052,0.08532922
/home/multiclass_classification/horse/train/horse12-4.png,1,-0.00177047,0.00233923,0.002573705,0.006549268,0.005882085,0.003538318,0.003696834,0.005401341,0.00573262,0.017664032,0.023518046,0.02011821,0.00761216,0.010867966,0.03047802,0.029166993,0.031751808,0.1075316
/home/multiclass_classification/horse/train/horse40-5.png,1,-0.00085221,0.003005502,0.008357585,0.005046058,-0.000102524,-0.000635901,0.001689348,-0.00437408,0.003673953,0.001097899,0.001572414,0.001832073,0.004178412,-0.000665575,0.019769656,0.019494,0.032304134,0.121688634
/home/multiclass_classification/horse/train/07_033.png,1,0.004955459,0.005757934,0.009461269,0.003085337,0.002821069,0.020581856,0.003049847,0.000141053,0.004036851,-0.002853625,0.013177815,0.017774057,0.005472307,-0.00676523,0.007601947,0.003550859,0.021634994,0.058063697
/home/multiclass_classification/horse/train/06_019.png,1,-0.001331651,0.00759943,0.014033171,0.007738986,0.003746267,0.002750047,0.00066564,-0.001012737,0.003835552,-0.001735066,0.014979456,0.02383816,0.001869385,0.003882234,0.013379124,0.025669023,0.032733038,0.07410821
/home/multiclass_classification/horse/train/01_057.png,1,0.003008186,0.00919651,0.017861761,0.008551203,0.005357184,0.020402793,0.012992838,0.002898302,-4.26E-05,0.005621859,0.018469805,0.009543926,0.008151522,-0.014682017,0.00770858,0.00840724,0.00860408,0.066649824
/home/multiclass_classification/horse/train/horse50-2.png,1,-0.005340088,0.001367996,0.002151165,-0.003299414,-0.000867165,0.000663873,0.010397386,0.001642797,0.007594098,0.012525822,0.014418487,0.019223176,0.012430754,0.002339572,0.026416678,0.029710285,0.03480333,0.12001494
/home/multiclass_classification/horse/train/horse18-4.png,1,0.006297755,0.005761749,0.008815454,0.005535584,0.004631346,0.001504608,0.011170201,0.003543022,0.009361798,-0.00936038,0.020047143,0.01256462,0.000190808,-0.001130387,0.00463839,0.00317809,0.022564586,0.07876721
/home/multiclass_classification/horse/train/horse45-5.png,1,-0.00213667,0.00176069,0.006971093,0.010853628,0.004118194,0.003912468,0.003423647,0.003140616,0.004064181,0.00063172,0.016830895,0.01817154,0.010106057,0.008603342,0.031202462,0.032494184,0.03595512,0.11059104
/home/multiclass_classification/horse/train/06_072.png,1,0.002347057,0.004308301,0.010178383,0.00341346,0.000913499,0.001079602,-0.000191574,0.007571994,0.002994308,0.010684461,0.014265667,0.013266356,0.010419508,-0.002589276,0.021059463,0.034583792,0.0344504,0.115407445
/home/multiclass_classification/horse/train/horse17-2.png,1,0.000383781,0.001257518,0.000439777,-0.008257884,0.003842933,0.012471149,-0.007537595,0.011416928,0.00047479,-0.01098094,0.013408355,0.012757513,0.012292159,0.024329327,0.017610228,0.055817094,0.028898694,0.097814284
/home/multiclass_classification/horse/train/horse50-8.png,1,0.000231867,-0.000988638,0.002900825,-0.003331399,0.001765386,0.010661904,0.004137279,-0.001933059,0.002976282,-0.003939543,0.011840625,0.008053603,0.004558309,0.007113693,0.021107793,0.03095121,0.044354133,0.13470611
/home/multiclass_classification/horse/train/06_103.png,1,-0.00014194,0.0029717,0.008167938,0.008111528,0.002026195,-0.000927228,0.001988532,-0.003997776,0.002187355,-0.009762233,0.016568374,0.021739662,0.003802561,0.010613274,0.018264497,0.03832084,0.028889675,0.11044188
/home/multiclass_classification/horse/train/horse37-3.png,1,0.00125734,0.003120083,0.007824116,0.000449993,0.004701543,-0.004167052,-0.00143453,0.002160909,0.005884443,-0.007105673,0.005875176,0.013632977,0.00256336,0.000945922,0.000660374,0.031202437,0.029089328,0.1001035
/home/multiclass_classification/horse/train/horse44-3.png,1,-0.002839973,0.00050691,-0.001820432,0.002522355,-0.000846213,-0.003120393,-0.00771353,-0.003327285,-0.00609695,-0.018638913,0.008403393,0.000549875,0.001572909,0.002902936,0.007331386,0.037141316,0.030592978,0.11370284
/home/multiclass_classification/horse/train/02_053.png,1,0.00345179,0.005407949,0.016996596,0.009316267,-0.000942688,-0.001665721,0.001728565,0.004496426,0.000463716,-0.000612102,0.017566776,0.006654653,0.002989631,-0.010335191,0.006089456,0.017714284,0.026239585,0.06728716
/home/multiclass_classification/horse/train/04_004.png,1,0.002203574,0.003399827,0.007562528,0.00972179,0.002507652,-0.002672459,-0.004669335,0.000727461,-0.001795004,-0.010389719,0.018118622,0.013588226,0.006988073,-0.002360007,0.01759839,0.04362783,0.029299054,0.10125415
/home/multiclass_classification/horse/train/07_035.png,1,-0.00135904,0.005006034,0.007988024,0.002960728,-0.002541235,-0.01103289,-0.025113909,-0.007642339,-0.000111317,-0.016671456,0.018446987,0.005625283,0.000892086,0.005590919,-0.002034097,-0.005393448,0.013872884,0.06274298
/home/multiclass_classification/horse/train/horse15-3.png,1,-0.000852076,0.003223545,0.008818455,-0.001257018,-0.000117587,0.008878154,0.005741124,-0.004166331,-0.001014555,0.004234232,0.019325012,0.007993514,0.007605327,-0.002504446,0.018691957,0.04512526,0.03608793,0.119927324
/home/multiclass_classification/horse/train/horse37-4.png,1,0.000183643,0.000162332,0.009363879,0.00412218,0.003763494,0.00260841,0.004666542,-0.008786956,0.004495515,0.005941126,0.011698501,0.006286743,0.003581794,0.01251164,0.008325752,0.01977638,0.0298807,0.096398294
/home/multiclass_classification/horse/train/03_018.png,1,-0.002294581,0.002054755,0.001245769,0.001620665,-0.000467501,-0.008203633,0.00506084,-0.009785529,0.010478066,0.01704955,0.019145973,0.028928164,0.005701082,-0.005518115,0.012967081,0.019921202,0.028363,0.06861538
/home/multiclass_classification/horse/train/horse03-2.png,1,0.002237154,0.005124918,0.003187694,0.004852581,0.004189541,-0.00085754,-0.000189693,0.003267015,0.002495835,-0.007603428,0.018797155,0.029677916,0.010505278,0.006474216,0.012658669,0.031501528,0.025548477,0.092842415
/home/multiclass_classification/horse/train/06_010.png,1,0.001174721,0.007309047,0.011692584,0.010446858,0.006915389,-0.001205499,-0.005409614,-0.001417369,0.00244961,-0.008028602,0.00410638,0.007462354,0.012351515,-0.004469182,0.013554072,0.017284613,0.005661326,0.053241115
/home/multiclass_classification/horse/train/horse47-0.png,1,0.000491699,0.005107354,0.008358498,0.002725456,0.005625165,0.007352154,0.00465196,0.000866226,0.003342847,0.00704528,0.012537817,0.03627692,0.011250813,0.001239471,0.024559343,0.017317683,0.0297403,0.10441649
/home/multiclass_classification/horse/train/01_092.png,1,0.004141374,0.002822804,0.009927265,0.005796826,-0.002071087,-0.007820983,-0.006177377,-0.003842758,-0.001203343,-0.015913408,0.013958864,0.005124981,0.000203449,0.002106498,0.006870681,0.02600058,0.024067657,0.085839055
/home/multiclass_classification/horse/train/horse42-3.png,1,0.001061071,0.000804821,0.000380712,0.003649609,-0.000585748,0.003900378,-0.00630715,-0.004094304,0.003055139,-0.004032686,0.017361503,0.008194488,-0.002669732,0.007293253,0.001522585,-0.001763027,0.01603553,0.06897788
/home/multiclass_classification/horse/train/01_079.png,1,0.006460223,0.004175598,0.014102528,0.006481217,0.004517909,0.015443601,0.000406157,0.00015892,-0.001394885,-0.009674442,0.014282308,0.004118823,0.008577652,-0.007009181,0.01135019,0.020357585,0.03900269,0.1185548
/home/multiclass_classification/horse/train/horse42-1.png,1,0.001270494,0.007644982,0.007125856,0.006973089,-0.001264524,-0.004935506,-7.57E-05,0.000578551,0.003164551,0.005659651,0.009301148,0.012574839,0.004039941,0.00208023,0.005929506,0.008306098,0.028705785,0.0697043
/home/multiclass_classification/horse/train/horse45-9.png,1,0.001510071,0.002363124,0.011493409,0.004561887,-0.00062859,-0.008906336,-0.011030512,-0.004456555,-0.002755732,-0.018435318,0.011090566,0.008364228,0.006648542,0.002010226,0.002549419,0.023646422,0.027902286,0.08895156
/home/multiclass_classification/horse/train/horse44-2.png,1,0.003043555,0.008722764,0.016257074,0.001683621,-0.00069561,-0.010478916,0.000494304,-0.00499398,-0.003054635,0.000347638,0.017102927,0.020708645,0.009198939,-0.002803038,0.02460381,0.02866863,0.031778682,0.111210965
/home/multiclass_classification/horse/train/horse35-8.png,1,0.001118841,0.003577241,0.002554703,0.002363826,0.004486413,-0.001414919,0.015894074,0.003524049,0.012952604,0.02099911,0.020071983,0.012605395,0.003714498,-0.002661621,0.009284748,0.004748353,0.02956494,0.07690759
/home/multiclass_classification/horse/train/horse32-1.png,1,0.007605135,0.002334439,0.001461992,0.002300707,0.004128693,0.011297416,-0.000954686,0.004436302,0.006884102,0.01440751,0.01651373,0.016688213,0.011438833,-0.006036757,0.005439675,0.017115753,0.032377895,0.08741852
/home/multiclass_classification/horse/train/horse18-6.png,1,-0.002363235,0.002036006,0.011597445,0.008140311,0.002265846,-0.001547321,0.003908672,0.00108752,0.004265514,-0.007327098,0.02295582,0.002014287,0.009996674,-0.006055099,0.01973546,0.006969311,0.031972338,0.094108164
/home/multiclass_classification/horse/train/07_100.png,1,0.002580246,0.004717786,0.011832825,0.006975882,0.000357135,0.007210025,0.00296041,0.008606203,0.001597754,0.003767141,0.015363268,0.007829423,0.004203639,0.011177078,0.007874599,0.02726332,0.026859786,0.06473991
/home/multiclass_classification/horse/train/horse04-1.png,1,0.00408389,0.005273755,0.007449003,0.010779288,0.006541603,-0.006378117,-0.002351035,-0.00249237,0.005224688,-0.011833839,0.002446504,0.007200198,0.002792675,0.013971472,-0.001697584,0.008884488,0.02229953,0.07560104
/home/multiclass_classification/horse/train/horse12-8.png,1,-0.00153601,0.002058944,-0.003391415,0.006759694,-0.002904794,-0.007969531,-0.002304922,-0.004669641,0.003684981,-0.014219459,0.007423686,0.011088016,0.007986745,0.006678043,0.007747615,0.031977355,0.028066173,0.09921689
/home/multiclass_classification/horse/train/horse23-0.png,1,0.004000387,0.007538224,0.016738212,0.013373064,0.006596683,0.003336035,-0.002206095,-0.001743537,0.005717114,0.00340972,0.008328216,0.020833123,0.007184451,-0.013047351,0.020781737,0.024996188,0.026424436,0.08200176
/home/multiclass_classification/horse/train/07_112.png,1,0.002205464,0.001650947,0.001416316,0.002126319,-0.000221714,2.46E-05,-0.008769127,-0.001758603,0.005282453,-0.000482342,0.01020153,0.000878092,-0.000400831,-0.015616258,-0.005179855,0.002714008,0.024675094,0.076433614
/home/multiclass_classification/horse/train/horse17-3.png,1,0.002864301,0.001207327,0.001481141,-0.007157243,-3.33E-05,0.001343767,0.000447306,-0.002582314,0.003354237,-0.004583508,0.010133726,0.010628607,0.004681828,0.000552255,0.007275794,0.017160926,0.02277909,0.10285251
/home/multiclass_classification/horse/train/horse06-3.png,1,0.002032219,0.000571098,0.001571041,0.010593781,0.00206854,-0.003473482,-0.005827172,-0.006714149,0.003573155,-0.005873048,0.010200616,0.007778361,0.006131239,0.01671349,0.007835754,0.012109432,0.01866039,0.079531446
/home/multiclass_classification/horse/train/05_015.png,1,0.001712413,0.002298421,0.001532431,0.009690313,9.32E-05,-0.004861885,-0.010939404,-0.008460498,-0.006217276,-0.031364594,0.004896428,0.007408208,0.004810611,-0.002333908,-0.001677652,0.03687293,0.020235848,0.09092993
/home/multiclass_classification/horse/train/06_079.png,1,0.000169376,0.002398523,0.0064999,0.014556014,0.002426995,0.011203634,0.002253298,0.004190872,0.007816181,0.013924631,0.02402201,0.02265694,0.008108925,0.015679816,0.032662723,0.0182007,0.02597481,0.092958696
/home/multiclass_classification/horse/train/02_040.png,1,0.007356353,0.001076639,-0.000865105,0.003654578,0.008864872,0.015837803,0.003730335,0.005742941,0.008912518,0.000280328,0.036575094,0.020960344,0.009437671,0.008810025,0.009387272,0.02980638,0.03481586,0.098210484
/home/multiclass_classification/horse/train/07_095.png,1,0.0035131,0.00317448,0.008307206,0.009745127,0.006548334,0.012797004,0.006922898,0.006309483,0.00517722,0.006618335,0.014372284,0.008557474,-0.001775636,0.000414197,0.007949461,0.003530689,0.014495632,0.052069247
/home/multiclass_classification/horse/train/horse01-4.png,1,-0.000188523,0.000260628,0.008035934,0.000445713,0.003816074,0.005273134,-0.008266058,-0.001754015,0.001576907,-0.00052068,-0.005296317,0.005322578,0.002958237,-0.005242375,0.002283197,0.003589872,0.019727413,0.06227601
/home/multiclass_classification/horse/train/04_034.png,1,0.005285818,0.00330888,0.009934848,0.009714176,0.003224692,0.003692854,0.00778465,0.001919381,0.001471366,0.001699383,0.021180313,0.013714587,0.009297153,-0.009637781,0.021249382,0.011771776,0.026914045,0.094906524
/home/multiclass_classification/horse/train/horse34-8.png,1,0.002316915,0.007087748,0.013085219,0.011874158,0.004227932,0.014770769,0.006251153,0.010169379,0.009679545,-0.005073986,0.012174229,0.008623654,0.002799238,0.001141721,0.007663095,0.018688995,0.030080868,0.10624464
/home/multiclass_classification/horse/train/02_090.png,1,-0.001184853,0.004423731,0.01283322,0.010977671,0.01002291,0.010118613,0.006307214,0.010795279,0.002251016,0.005864252,0.012645543,0.014852648,0.007047278,0.012947101,0.007704475,0.033401936,0.038184516,0.10880357
/home/multiclass_classification/horse/train/5c0bc27f04.jpg,1,0.003158547,0.007409055,0.012164849,0.003691616,0.00482116,0.009444464,-0.005245746,0.004293267,0.006856788,0.008277556,0.021984577,0.030524552,0.00738519,-0.006783337,0.001554841,0.016768659,0.028892992,0.10350025
/home/multiclass_classification/horse/train/07_025.png,1,0.002645205,-0.000241446,0.006800143,3.41E-05,0.00580977,0.001034524,0.001540201,-0.003611392,0.009889526,-0.001655971,0.007430106,0.013956846,0.001538344,-0.001526169,0.002863178,0.000498806,0.018561509,0.04957692
/home/multiclass_classification/horse/train/01_086.png,1,0.005859379,0.006420014,0.014300582,0.006842953,0.004810167,-0.003065182,-0.010369562,-0.0054291,-0.004153474,-0.01562717,0.017532418,0.008459807,0.008502441,0.002987952,0.009064349,0.027147885,0.02330869,0.09438594
/home/multiclass_classification/horse/train/horse06-5.png,1,0.002079316,-0.00273654,0.011825746,0.011323561,-0.0016461,-0.007672431,-0.009476764,-0.001611237,0.000605208,-0.005752742,-0.004615687,-0.005110526,0.003901247,0.002653362,0.009535462,-0.005845834,0.020596633,0.09065843
/home/multiclass_classification/horse/train/06_095.png,1,0.000935323,0.00589196,0.010100191,0.010100723,0.00703508,0.020098273,0.01013389,0.0047135,0.015603351,0.022098627,0.01926839,0.018527497,0.008967295,0.002194729,0.017488914,0.017186215,0.027555037,0.07494077
/home/multiclass_classification/horse/train/horse36-1.png,1,0.000355512,0.006121194,0.011536147,0.011112541,0.003039405,0.000802517,-0.009859016,-0.006366041,-0.000942902,-0.017150013,0.007288509,0.014946445,0.00369205,0.000594807,0.005296613,0.02729594,0.029786749,0.09435133
/home/multiclass_classification/horse/train/01_032.png,1,0.003537704,0.004203075,0.00751243,0.007033264,0.000728355,0.010112564,-0.000321278,0.001593228,0.005727957,0.00263766,0.023757577,0.005476611,0.012192369,-0.014755149,0.019950721,0.031746518,0.031052673,0.09760819
/home/multiclass_classification/horse/train/04_022.png,1,0.002531771,0.005632445,0.011478432,0.014344683,0.004852669,0.007102745,0.002074381,0.002424355,0.007732399,0.005512605,0.00629215,0.01751157,0.000906543,-0.004743666,0.022002455,0.022989677,0.030756086,0.114993595
/home/multiclass_classification/horse/train/horse13-7.png,1,0.004387341,0.001702329,0.006020373,0.002764661,0.004116345,0.013900237,0.008191647,0.009654205,0.011287546,0.012545656,0.016824557,0.017053152,0.017001785,0.025883498,0.037101403,0.051188417,0.040019616,0.12844154
/home/multiclass_classification/horse/train/horse14-6.png,1,0.00091207,0.00505889,0.007163469,0.001685959,0.005595494,0.010013321,0.000257088,-0.003194587,0.003451292,0.00555038,0.011931397,0.026759962,0.012841324,-0.013346362,0.016406836,0.039172873,0.03506901,0.11369154
/home/multiclass_classification/horse/train/02_055.png,1,0.002271941,0.003782303,0.004232417,0.001070965,0.005233978,0.012384802,0.011689422,0.014858199,0.004900951,0.000607497,0.014904352,0.007742375,0.003102812,0.01367706,0.010770465,0.023605451,0.026870511,0.09584765
/home/multiclass_classification/horse/train/horse37-5.png,1,-0.00313844,0.001354636,0.001467231,0.003576129,-0.001193766,-0.001853761,0.00025142,-0.000795666,0.01024388,0.012248466,0.021443017,0.010046575,0.00325057,0.020494662,0.003238766,0.015079675,0.034656163,0.11353053
/home/multiclass_classification/horse/train/06_025.png,1,-0.000231481,0.001993479,0.007521299,0.006894972,0.008730333,0.02548056,0.010209885,0.000365617,0.003672674,0.014837872,0.015046931,0.020803064,0.004372006,-0.004958484,0.018171057,0.023122087,0.03710278,0.10146503
/home/multiclass_classification/horse/train/horse32-7.png,1,0.000507793,0.004361495,0.005201668,0.006244384,0.002620424,0.000777727,-0.016617356,-0.00632113,-0.000754383,-0.00581995,0.015181284,0.017061967,0.011358583,0.00813446,0.018272888,0.010356344,0.03155963,0.09207385
/home/multiclass_classification/horse/train/horse35-0.png,1,-0.000826838,0.000660538,0.007893287,0.00385359,0.004914101,0.005850514,-0.001579046,0.004506446,0.008770753,0.008877765,0.013649643,0.012126993,0.004955958,0.019633159,0.008421669,0.037241526,0.027373804,0.079865634
/home/multiclass_classification/horse/train/06_066.png,1,0.001584578,0.005107669,0.009231517,0.007792566,0.004896984,0.005099562,-0.008071775,0.000169699,0.001549233,0.00307514,0.015904704,0.012890773,0.010069448,-0.002704352,0.004862573,0.01624099,0.032880772,0.09003586
/home/multiclass_classification/horse/train/06_026.png,1,0.002751718,0.005288892,0.013547754,0.011734904,0.002922765,0.001871926,0.003644422,0.000977748,0.012061415,0.011573162,0.008196421,0.013814943,0.009229709,-0.011514772,0.009572614,0.003792474,0.026434435,0.09012848
/home/multiclass_classification/horse/train/03_072.png,1,0.003666239,0.003673849,0.010718172,0.009849248,0.002954317,0.00941005,-0.006185144,0.003230526,0.001849751,0.007181343,0.011891202,0.01843433,0.01268614,0.02005571,0.010949818,0.008960655,0.028936515,0.10058818
/home/multiclass_classification/horse/train/02_039.png,1,-0.001377562,-0.000487628,0.005816662,0.000657721,-0.001400098,0.005297228,0.010409374,0.006797668,0.005363451,0.006696966,0.011516633,0.008980835,-0.000721848,0.00766288,0.011602402,0.016211426,0.0364781,0.1070028
/home/multiclass_classification/horse/train/horse49-7.png,1,-0.00042659,0.00011725,0.009204434,0.003898812,0.003709514,0.001195675,0.009152058,-0.004795954,0.002198129,-0.001821235,0.009291108,0.018320223,0.010651145,0.014591599,0.029433914,0.047133047,0.038611908,0.10357681
/home/multiclass_classification/horse/train/horse38-0.png,1,0.000901565,0.001695921,0.005885309,0.010914441,0.00598042,0.005967774,-0.007977426,-0.006512579,0.003459023,-0.010365565,0.00578472,0.007780682,0.003556907,0.005937298,0.011053385,0.003884205,0.022200057,0.108647615
/home/multiclass_classification/horse/train/01_034.png,1,0.00231817,0.006515183,0.009910797,0.005847988,0.005529836,0.002792601,-0.000450786,-0.004395752,0.007356884,-0.009032692,0.012566166,0.015394405,0.006147089,0.010739031,0.008008408,0.027442152,0.017961584,0.07456917
/home/multiclass_classification/horse/train/horse05-5.png,1,-0.00149389,0.001750604,0.005264343,0.005385115,0.006354958,0.000337478,-0.002973329,0.00725473,0.004691504,-0.012946842,0.012951867,0.005579417,0.005627648,0.001735394,0.00049566,0.015342932,0.0314963,0.079134695
/home/multiclass_classification/horse/train/horse08-9.png,1,0.001032265,0.001052291,-0.000150095,0.007403271,0.004514653,0.011664874,0.009785235,0.00502966,0.010264014,0.013906151,0.0205235,0.008796554,0.007419258,0.013162722,0.00985609,0.021078855,0.01969465,0.06800601
/home/multiclass_classification/horse/train/horse45-7.png,1,0.000961922,0.002816122,0.008130063,0.005859111,0.005703992,0.005960678,0.005283122,0.007597923,0.003400178,-0.003550163,0.020739704,0.010054403,0.010327045,0.01839325,0.01969007,0.03378345,0.02952953,0.090758644
/home/multiclass_classification/horse/train/07_099.png,1,-0.001387099,0.001802168,0.003757245,0.002832401,0.000471466,-0.005013683,-0.008946904,0.000881948,0.007973742,-0.003644936,-0.000152114,0.00970784,0.002433698,0.003619723,0.010119153,0.010840484,0.025401676,0.08537036
/home/multiclass_classification/horse/train/01_029.png,1,5.27E-05,0.001667747,0.007531046,0.007150031,0.001634036,0.004201202,-0.004108163,-0.004405021,0.000387217,-0.014122773,0.006423137,0.022547752,0.011647761,-0.009688184,0.01298477,0.026216537,0.030703617,0.10461278
/home/multiclass_classification/horse/train/01_018.png,1,0.005104496,0.001877066,0.009960881,0.007606648,0.00500115,0.003469904,0.004479959,-0.002029996,0.000557967,-0.013698358,0.022414528,0.011307234,0.014615128,-0.00614665,0.03016238,0.02778919,0.03717684,0.092895955
/home/multiclass_classification/horse/train/46de282eae.jpg,1,0.003232247,0.004835128,0.010353837,0.00458755,0.001776609,0.016090613,0.002629191,0.006945658,0.006145535,0.004427454,0.020635283,0.012839274,0.004332886,-0.004129569,0.002986441,0.009331605,0.017629746,0.075258106
/home/multiclass_classification/horse/train/03_055.png,1,0.001268272,0.00094209,0.003888035,-0.001460263,6.41E-05,-0.005519533,0.00221798,-0.003696222,0.001943913,-0.010637747,0.007670361,0.003620991,0.000277385,0.030932456,0.006611854,-0.0015208,0.024930215,0.07397119
/home/multiclass_classification/horse/train/horse08-3.png,1,0.001028179,0.001592487,0.007442936,0.009558717,0.002909255,-1.84E-05,0.001994589,0.003378109,0.006436196,-0.000366741,0.026979353,0.01151129,0.005514777,0.019490704,0.020419938,0.028983116,0.038329974,0.13176426
/home/multiclass_classification/horse/train/horse42-8.png,1,-0.007474952,0.004371376,0.007394398,0.003982403,-0.000751191,-0.005431633,-0.011003207,-0.003933148,-0.00060263,-0.011871945,0.023263585,-0.00053223,0.006950902,0.011591448,0.02572758,0.018071521,0.040927578,0.09735376
/home/multiclass_classification/horse/train/horse40-2.png,1,0.004512558,0.006877514,0.013337364,0.00835035,0.003510389,-0.00038697,0.002189289,-0.005212539,0.006712553,0.009350406,0.01392296,0.018437048,0.005993764,0.00396131,0.024470564,0.021505583,0.036330868,0.12475559
/home/multiclass_classification/horse/train/horse18-2.png,1,0.000548136,0.002602816,0.008605491,0.004430571,0.007686242,0.000633029,-0.000882839,0.000566664,0.007179586,-0.02703099,0.005806729,0.015077308,0.003655003,0.005399101,0.02398682,0.024274345,0.024881987,0.09198089
/home/multiclass_classification/horse/train/horse02-6.png,1,0.001276814,0.005472325,0.006908706,0.007361206,0.011291031,0.015514367,-0.001787479,0.002387077,0.002832012,-0.005123864,0.015698778,0.016755024,0.009470269,0.002134298,0.013624668,0.025646105,0.017970972,0.08059318
/home/multiclass_classification/horse/train/horse14-9.png,1,-0.002393424,0.004116239,0.012345128,0.014752809,0.003880743,0.014172597,0.011986569,0.006577454,0.003266143,0.0211357,0.034133196,0.017627783,0.010158675,-0.007615558,0.03545073,0.042156175,0.04192611,0.13006502
/home/multiclass_classification/horse/train/horse27-7.png,1,0.003926149,0.006626349,0.012219402,0.015925024,0.006890664,0.018357003,0.001646948,0.013997212,0.016028367,0.009533275,0.023644783,0.021989767,0.015391665,0.015149245,0.007881729,0.028990205,0.0417255,0.10592541
/home/multiclass_classification/horse/train/horse37-6.png,1,-0.00068057,0.001843842,0.006511734,0.009276118,0.001918172,-0.001278461,0.012814563,0.006575839,0.007837381,0.011775644,0.024776708,0.00255563,-0.000254592,0.014577908,-0.001139655,0.02102749,0.034031704,0.090139456
/home/multiclass_classification/horse/train/horse46-2.png,1,0.002319264,0.001912781,0.000923993,0.003746322,0.000865161,0.002917483,0.003180885,0.002179789,0.006372509,0.015127489,0.005763039,0.012536878,0.00403307,-0.001249148,0.01013526,0.03185667,0.036016658,0.08712749
/home/multiclass_classification/horse/train/horse19-0.png,1,-0.000475075,0.001798268,0.00063442,0.000450422,0.001780392,-0.009874761,-0.008217513,-0.004952568,0.00116096,-0.022322275,-0.005262207,0.0064197,0.006757112,-0.002558269,-0.00163515,0.014274695,0.022604343,0.079867415
/home/multiclass_classification/horse/train/horse38-1.png,1,-0.00068653,0.003008301,0.005215566,0.005852592,0.001656278,-0.004801426,-0.013823543,-0.000765077,-0.000906742,-0.019688033,0.004740889,0.007192774,0.007426069,0.013690246,0.002770277,0.015225986,0.025109252,0.105656326
/home/multiclass_classification/horse/train/02_105.png,1,-0.001454019,0.002226281,0.009912966,0.004200689,0.00551429,0.009208798,0.010373645,0.013465701,0.006557679,0.01256248,0.011478288,0.012893624,0.005716596,0.019185543,0.013907868,-0.002426254,0.03458749,0.08804064
/home/multiclass_classification/horse/train/06_090.png,1,0.00104392,0.002383848,0.010340408,0.007735692,0.007206733,0.004714094,-0.00100727,-0.002320878,-0.002982876,-0.021453207,0.012037025,0.003407639,0.007251227,0.011898548,0.02280434,0.018201053,0.035425726,0.109694555
/home/multiclass_classification/horse/train/horse25-0.png,1,-0.003249866,0.005299195,0.003307587,0.001252165,0.002892893,0.001841068,4.10E-06,-0.002646414,0.009567041,0.008748098,0.008101128,0.016002845,0.006997505,-0.001108054,0.005921192,0.011946942,0.027695704,0.07942906
/home/multiclass_classification/horse/train/04_003.png,1,-0.000449417,0.00115559,0.003328898,0.006115,-0.000125457,0.006107218,0.003147343,-0.003682147,0.005312453,-0.00592359,0.013334377,0.000249947,0.007750649,0.015721919,0.025503213,0.018747479,0.023956444,0.10700619
/home/multiclass_classification/horse/train/horse42-2.png,1,0.002366226,0.006151499,0.008453174,0.002836161,-0.000290092,-0.007336598,-0.004969053,-0.002270021,0.006646564,0.00040826,-0.006797384,0.000888564,-0.004882358,-0.005128832,-0.007049227,0.019182831,0.030242842,0.10086512
/home/multiclass_classification/horse/train/616a7424e4.jpg,1,-0.000351665,0.004649108,0.010351134,0.002996649,0.000808596,-0.003830032,-0.000921701,0.00053893,0.005166824,0.017771667,0.012363253,0.019272665,0.000689666,0.008734288,0.011705136,0.019761484,0.027289273,0.08930947
/home/multiclass_classification/horse/train/06_032.png,1,0.001559544,0.005927743,0.008483697,0.00575661,0.005206846,0.008239669,-0.001430168,0.005367257,0.005809639,0.002815189,0.008134499,0.021879282,0.004419427,0.003829482,0.006211349,0.008542733,0.033667795,0.0808237
/home/multiclass_classification/horse/train/07_105.png,1,0.006337231,0.003008031,0.016932067,0.002615425,0.001300529,-0.0074014,-0.003215171,-0.002869166,0.004851208,-0.009224056,0.017525783,0.006690799,0.00427272,0.01696475,0.009850897,0.017422423,0.021119403,0.062332932
/home/multiclass_classification/horse/train/horse29-0.png,1,0.002382998,0.003315345,0.011277948,0.010615371,0.004570026,0.010666871,0.005086239,-0.001229876,0.007721942,-0.002920224,0.023948576,0.010673596,0.002900457,0.002852286,0.023783997,0.00068833,0.027652876,0.07835933
/home/multiclass_classification/horse/train/horse48-7.png,1,0.006149368,0.007850298,0.01735099,0.007429277,0.005444746,0.014208508,0.012278628,0.012680682,0.005108829,0.02669119,0.025442643,0.019982632,0.009423751,0.012351738,0.03703674,0.02188091,0.031244377,0.09728648
/home/multiclass_classification/horse/train/horse47-2.png,1,0.003635968,-0.000559378,0.001897375,0.003096667,0.004730638,0.012642453,0.00863715,0.003313061,0.0033036,0.011702841,0.020925071,0.022422224,0.010803485,0.015156891,0.02083475,0.028777465,0.02717594,0.09486402
/home/multiclass_classification/horse/train/20c5419b6b.jpg,1,0.003994867,0.000895382,0.006837287,0.007983023,0.003561362,0.007159248,0.009946601,0.005133314,0.002790736,0.006938151,0.012113716,-0.004124189,0.010190846,0.011787559,0.015233081,0.02801222,0.003300993,0.0504205
/home/multiclass_classification/horse/train/02_009.png,1,0.006763822,0.005353768,0.010439042,0.001908465,0.002248372,0.022817124,0.010837782,0.013229094,0.003513368,0.030718338,0.01889678,0.005647126,0.004161964,0.030288575,-0.00213168,0.017071858,0.021794755,0.07961143
/home/multiclass_classification/horse/train/horse23-5.png,1,-0.001759815,0.002115425,0.002300439,0.006508996,0.005353794,-0.003485662,-0.000134581,0.006656948,0.007474945,0.002058148,0.012765544,0.015268471,0.004074374,0.003562696,0.006773104,0.02097616,0.018855058,0.05745354
/home/multiclass_classification/horse/train/05_013.png,1,0.001914241,0.002584952,0.011490835,0.007090574,0.007720239,0.011256919,0.002342422,0.000236397,0.007123615,0.013406325,0.013437416,0.014529897,0.01106734,0.008173776,0.018759673,0.026931575,0.03722833,0.1110748
/home/multiclass_classification/horse/train/horse29-1.png,1,0.001019029,0.002724947,-0.001215671,0.003640821,0.004422087,-0.007785478,-0.004629011,-0.001027865,0.009247283,0.006650868,0.008985011,0.011356267,0.01304614,-0.00455121,0.004559549,0.004715656,0.022299577,0.07538874
/home/multiclass_classification/horse/train/horse10-5.png,1,-0.000279976,0.002073793,0.002897816,0.001776957,-0.002270352,-0.011797836,-0.008565825,-0.001795271,0.00097949,-0.021068525,0.004196548,0.019758862,0.00345518,0.001751372,0.019593783,0.041566312,0.024273518,0.09435241
/home/multiclass_classification/horse/train/03_010.png,1,0.000602903,0.003199977,0.003962356,0.007702041,0.001025249,-0.011864122,0.000553304,0.005875574,0.006051465,0.004298554,0.020719819,-0.002441501,0.007688604,0.020260599,0.000863039,0.017757341,0.025253294,0.07137797
/home/multiclass_classification/horse/train/07_076.png,1,-0.002909183,-0.000230306,2.99E-05,0.004084579,0.003845639,0.010423316,0.011398751,0.008619576,0.013895807,0.032653328,0.012061013,0.007748606,0.001870033,0.002090058,0.003975077,0.005792937,0.018558227,0.06655347
/home/multiclass_classification/horse/train/02_100.png,1,0.001517597,0.002397161,0.001562934,0.007286693,0.005496762,0.016049627,0.010753335,0.005489897,0.003661752,0.006050025,0.00921919,0.001170621,0.000600955,-0.004765828,0.001024165,0.019321349,0.04036905,0.11146088
/home/multiclass_classification/horse/train/horse47-7.png,1,0.006832739,0.002996755,0.010668381,0.005984427,0.009201265,0.021009024,0.001892884,0.014449663,0.010738663,0.014039519,0.02430261,0.019268677,0.011233583,0.02662991,0.032084823,0.049201436,0.032459136,0.09724994
/home/multiclass_classification/horse/train/horse08-7.png,1,0.004393157,0.002467484,0.009905223,0.003152474,0.004825717,0.010802291,-0.004834635,0.005876216,0.01321724,0.008855424,0.014582908,0.003491669,0.003794155,0.001803604,-0.004264051,0.002334265,0.022479657,0.06926822
/home/multiclass_classification/horse/train/07_028.png,1,0.004859056,0.002553739,0.007998189,0.0071571,0.005331352,0.020167435,0.01081375,0.011877406,0.011496509,0.005339453,0.015734997,0.012060776,-0.00890412,-0.006542878,-0.010254298,0.013356229,0.01904055,0.038925737
/home/multiclass_classification/horse/train/8c9f6aadda.jpg,1,0.003817832,0.002143833,0.004414964,0.002301692,0.00363944,0.006500471,0.00647615,0.003255474,0.009904774,0.010410707,0.005015532,-0.002806155,0.00315881,0.005412202,-0.001111182,-0.020583749,-0.001105233,0.035519842
/home/multiclass_classification/horse/train/horse46-1.png,1,0.001660593,0.003451861,0.005079723,0.000245201,0.002933895,0.010493355,0.005844811,0.000749959,0.003492381,0.007100098,0.01461992,0.026410054,0.00769576,0.009064363,0.036022373,0.038556576,0.040239315,0.10939607
/home/multiclass_classification/horse/train/01_071.png,1,-0.002384733,0.001196875,0.006036915,0.004353055,-0.001028057,-0.002635967,-0.007586137,-0.003421019,-0.000142394,-0.003180291,0.025387788,0.01755246,0.009345084,-0.008418198,0.007627199,0.0369754,0.030439343,0.09493464
/home/multiclass_classification/horse/train/03_041.png,1,-0.001938898,0.003639838,0.001018159,0.011474235,0.007437959,0.013927661,0.000578098,2.01E-05,0.00153441,-0.006267902,0.01213498,0.014184888,0.000504931,0.001938614,0.021342047,0.017159443,0.01936307,0.08643727
/home/multiclass_classification/horse/train/01_050.png,1,-0.002546547,0.001405402,0.002414641,0.010026847,-0.000242064,0.007507572,0.001167297,-0.00756032,0.001722569,-0.002129954,0.017638266,0.019723877,0.008144937,0.007869819,0.008304823,0.04343961,0.027112614,0.10043225
/home/multiclass_classification/horse/train/horse14-0.png,1,-4.99E-05,0.003857986,0.006864469,0.005336666,0.002643477,-0.00450563,-0.002225687,0.001893543,0.003706534,0.011064787,0.017143317,0.015096806,0.003439693,0.005524793,0.006959373,0.025264401,0.032798,0.0936313
/home/multiclass_classification/horse/train/84e0c0bd9b.jpg,1,0.008334886,0.006929809,0.011505508,0.004886836,0.007566168,0.025943615,0.012712304,0.006209225,0.00919736,0.00867018,0.008632133,5.58E-05,0.00937276,0.020478338,0.013489816,0.009693151,0.027221167,0.0738315
/home/multiclass_classification/horse/train/06_071.png,1,-0.000903377,0.006439042,0.018108554,0.011736411,0.00435285,0.010939591,-0.000565515,0.00269419,0.005426466,0.002473524,0.015708676,0.018362228,0.006354003,-0.006921014,0.012459453,0.005496804,0.026599834,0.087322555
/home/multiclass_classification/horse/train/85c38fc8e1.jpg,1,0.004447584,0.004697911,0.008453577,0.009709001,0.001795198,0.009127575,0.002041501,0.00117478,0.007473776,0.019297276,0.028967671,0.013721225,0.014341,0.02578222,0.013973903,0.03922278,0.037744455,0.12276372
/home/multiclass_classification/horse/train/horse02-5.png,1,-0.004258462,0.002268367,-0.002319299,0.002423181,0.008654415,0.013536292,0.003754536,0.007250212,0.009222175,0.019237068,0.022453826,0.012615284,0.008067679,0.007809033,0.02521936,-0.005889063,0.022062063,0.073938966
/home/multiclass_classification/horse/train/02_026.png,1,0.00600399,0.001266186,0.005687573,0.009881565,0.004789378,0.019766914,0.008903923,0.008037079,0.006038618,0.007997657,0.004013372,0.003051365,-0.00200142,-0.010893327,0.00727919,0.024436917,0.032384828,0.10361381
/home/multiclass_classification/horse/train/horse06-4.png,1,-0.002834637,0.004621999,0.009653342,0.009717904,0.002592406,-0.003408857,-0.008255586,-0.005649077,-0.005474876,-0.013546001,0.007065009,0.006835381,0.009560426,0.014055287,0.02153023,0.01042052,0.012920491,0.07632789
/home/multiclass_classification/horse/train/02_025.png,1,0.002196827,0.003294446,0.011528714,0.006173326,0.004618378,0.01397589,0.023192974,0.005624703,0.004530426,0.005587115,0.007528325,0.007807327,-0.005146915,-0.014294166,-0.003980492,0.016461395,0.01893792,0.069324344
/home/multiclass_classification/horse/train/07_044.png,1,0.001310428,-0.000496235,0.003716394,-0.002913973,0.000812848,0.007430832,-0.002347079,-0.006307469,-0.002267206,0.004738622,0.014261565,0.004379377,-0.004352906,-0.002594043,-0.004109473,0.019456511,0.01875706,0.051122934
/home/multiclass_classification/horse/train/02_007.png,1,0.002257771,0.003396193,0.015452309,0.005987585,0.003442415,0.014009996,0.001775105,0.001921285,0.00066761,0.015080193,0.012760864,0.008212679,-0.001212511,0.009367017,0.013230532,0.02862171,0.021857753,0.0975385
/home/multiclass_classification/horse/train/01_055.png,1,0.001769029,0.000852208,0.003762615,0.005946658,0.001720452,-0.003387292,-0.001627522,-0.005551182,0.001062497,-0.015463443,0.016641106,0.007722383,0.001480312,-0.002649882,0.02151255,0.03823883,0.025980825,0.11766422
/home/multiclass_classification/horse/train/07_040.png,1,0.001886527,0.001647217,-0.002527162,0.00578464,0.003737401,0.007860836,-0.004364631,-0.000146996,0.009058012,0.003185454,0.009793373,0.010385348,-0.005064916,-0.004784104,0.018060917,0.013176248,0.017890403,0.07546383
/home/multiclass_classification/horse/train/horse23-6.png,1,0.000794127,0.007484032,0.010247396,0.001509668,0.002280108,0.005216654,0.007961679,0.000846041,0.005570572,0.003698505,0.011797621,0.010203646,0.003912862,0.01623741,0.02238279,0.020667762,0.028253373,0.07987389
/home/multiclass_classification/horse/train/horse34-5.png,1,0.003317379,0.004451043,0.010193188,0.006237527,0.005241803,0.016615815,0.014392539,0.007352285,0.012911518,0.017704885,0.023467511,0.014621538,0.009204119,0.017520204,0.002435947,0.030762818,0.028904287,0.09540938
/home/multiclass_classification/horse/train/horse50-4.png,1,0.001456988,0.002176296,0.008099621,0.001792488,0.004595295,0.018022152,0.01679578,0.006055579,0.006696953,0.019431788,0.021779804,0.008807037,0.016665973,0.018031431,0.021697886,0.030360274,0.03186094,0.070250586
/home/multiclass_classification/horse/train/35ea604665.jpg,1,0.008289485,0.004570596,0.010194281,0.008298496,0.006736143,0.00469944,0.00800168,0.006487462,0.001613488,0.001449496,0.036782663,-0.00520844,0.003613221,0.001982198,0.000877109,0.014206462,-0.005612041,0.016009724
/home/multiclass_classification/horse/train/horse29-8.png,1,0.003877537,0.000195189,0.005230232,0.008428274,0.005879613,-0.00093135,-0.006931563,-0.001799171,0.002667,-0.006399534,0.017415356,0.006880378,0.010395233,0.001511302,-0.006622535,-0.002866921,0.023760306,0.070393294
/home/multiclass_classification/horse/train/horse05-7.png,1,0.00241851,0.001065225,0.001636329,0.00364858,0.007011858,0.008545009,-0.006627504,0.000949503,0.008195494,0.000125323,0.013863649,0.015253529,0.006706024,0.004571823,0.00042745,0.007189208,0.017791718,0.06975494
/home/multiclass_classification/horse/train/01_036.png,1,0.004522267,0.008837481,0.016684294,0.003459568,0.002197855,0.00575753,-0.004090535,-0.001234458,0.005324714,-0.005901789,0.019263422,0.003382269,0.007472085,-0.005016035,0.001723531,0.00978677,0.025956333,0.103441566
/home/multiclass_classification/horse/train/02_094.png,1,-0.001004147,0.002244065,0.009563909,0.008088123,-0.000214894,0.00855998,0.005422803,-0.004356892,0.003036106,0.003329504,0.004804928,0.007420585,-0.003822635,0.00585664,0.010581784,0.023836698,0.037519094,0.112459764
/home/multiclass_classification/horse/train/07_022.png,1,-0.000858641,0.002731156,0.004062838,9.31E-05,0.004039876,0.00449761,-0.004088108,0.002918303,0.000684362,-0.010069495,0.001028676,0.000224505,-0.001416512,-0.007394684,-0.003608057,0.010274113,0.018817745,0.05574175
/home/multiclass_classification/horse/train/horse07-9.png,1,0.004485263,0.005854939,0.010188529,0.01426594,0.009021482,0.009906475,-0.000278882,0.009248788,0.006107708,0.004697787,0.004231774,0.010419549,0.010710421,0.018975092,0.031115599,0.027660083,0.032427855,0.10707055
/home/multiclass_classification/horse/train/07_034.png,1,-0.000242445,0.001510606,0.003702411,0.007077693,0.005481345,0.005380961,-0.002797007,-0.004100195,0.005356052,0.001372138,0.01520163,0.007239361,0.005510875,0.015859138,0.004133467,-0.007478969,0.021622185,0.07092333
/home/multiclass_classification/horse/train/01_066.png,1,0.001453569,0.002384294,0.0146423,0.005098275,-0.001581683,-0.003552184,-0.011835136,-0.002039125,0.005569344,-0.00619789,0.016333098,0.0092121,0.006212181,-0.020446848,0.011591096,-0.002669656,0.014050196,0.05345002
/home/multiclass_classification/horse/train/03_085.png,1,-0.001581343,-0.001478152,0.005512967,0.01319072,0.007574054,0.010401972,0.00905101,0.013831655,0.009385079,0.019640386,0.030713104,0.011927336,0.017050376,0.013706071,0.016298046,0.021727929,0.033658862,0.08305548
/home/multiclass_classification/horse/train/01_044.png,1,0.002373334,0.001270384,0.004001974,0.001156454,0.003949039,0.00207571,-0.000301237,-0.003764697,0.000617685,0.001375901,-0.001428796,0.014762253,0.001611869,0.004445131,0.018702004,0.003859209,0.017807793,0.08827424
/home/multiclass_classification/horse/train/06_001.png,1,-0.001005395,0.003388459,0.011962161,0.011093918,0.000376535,0.005428725,0.002716561,0.003908087,-0.000364863,0.000820569,0.012366273,0.010240769,0.015662719,-0.014725444,0.014595076,0.025704388,0.02992767,0.09114852
/home/multiclass_classification/horse/train/horse24-2.png,1,0.000211912,-0.00077451,-0.004919395,0.007224564,-0.002317991,-0.001874731,-0.009754914,-0.004293883,0.00037466,-0.004596869,0.006678589,0.009704024,-0.006085669,-0.00078068,0.008859504,0.025023365,0.023284674,0.07262005
/home/multiclass_classification/horse/train/07_089.png,1,0.001131075,0.004139802,0.008698892,0.00787048,-0.00459961,-0.007338807,-0.000263195,0.005689267,0.000634091,-0.005683017,0.00933046,0.003118302,-0.004135816,0.006634129,-0.002257181,0.03277427,0.014271997,0.0499591
/home/multiclass_classification/horse/train/01_003.png,1,0.002709004,0.005968421,0.010177715,0.00493522,0.006027199,0.015361859,0.009759269,0.006181537,0.006800234,0.019797841,0.01955475,0.012263553,0.008115816,-0.003083163,0.027441584,0.022380821,0.02432775,0.10216716
/home/multiclass_classification/horse/train/01_060.png,1,0.002444986,0.002752006,0.012997385,0.007542865,0.010535661,0.012004605,0.000851644,0.004254942,0.004213343,-0.010098429,0.02012248,0.008773677,0.009801448,0.00317751,0.012851439,0.022297345,0.017099075,0.05068786
/home/multiclass_classification/horse/train/01_101.png,1,0.00109712,0.002653909,0.008048565,0.009045584,0.001352948,0.00397733,-0.003760895,-0.002572428,-0.00122425,-0.01604486,0.023363303,0.008282797,0.007757539,0.013120949,0.02323827,0.032143123,0.036787454,0.11882212
/home/multiclass_classification/horse/train/02_101.png,1,0.003897663,0.003340328,0.010268272,0.009804701,0.007990093,0.006277752,0.002260514,0.010012805,0.004030634,-0.001569826,0.009644423,0.007984532,0.007784107,-0.000374565,0.014265572,0.023074113,0.03341166,0.092747845
/home/multiclass_classification/horse/train/horse05-0.png,1,0.001132871,0.002009547,0.007356203,0.000758157,0.002421046,0.001910126,-0.003348714,0.002732013,0.009784951,-0.006602502,0.010497025,0.012868445,0.007372355,0.0112038,0.003008862,0.02107209,0.024657521,0.09029336
/home/multiclass_classification/horse/train/05_035.png,1,-0.002719137,-0.003520693,-0.00666022,-0.002605022,-0.000290389,-0.012702245,-0.006489992,-0.009412584,-0.000658203,-0.006001077,0.01215779,0.001649513,0.008875527,0.017268088,0.015596687,0.02144459,0.02491058,0.102942966
/home/multiclass_classification/horse/train/horse42-7.png,1,0.000823796,0.001875461,0.007107255,0.009358709,0.002027922,0.001377605,0.005011092,-0.000642169,0.005993567,0.026625931,0.012237407,0.018929731,0.004467212,-0.003431805,0.013627543,0.029485956,0.031905584,0.08653356
/home/multiclass_classification/horse/train/horse07-8.png,1,-0.002574256,-0.001671515,0.006595107,0.00598052,0.004813996,0.021952353,0.012524962,0.004823139,0.007330814,0.015343347,0.012026386,-0.002544058,0.008847846,0.016119115,0.02436338,0.022901963,0.021857722,0.071476534
/home/multiclass_classification/horse/train/horse05-4.png,1,-0.004319849,0.004302918,0.011196658,0.01027948,1.31E-05,-0.004805803,-0.005558196,-0.006883775,0.004324719,-0.001083314,0.003075343,0.00253609,0.000458915,0.004163168,0.004962611,0.012878865,0.028894959,0.09078027
/home/multiclass_classification/horse/train/horse16-4.png,1,-0.004157184,0.003064319,0.003800947,-0.002189696,0.001767269,-0.000164633,8.28E-05,-0.004537572,0.002271118,-0.004241635,0.022056427,0.011295015,0.010333722,0.021400925,0.006913595,0.029211812,0.02918167,0.11047268
/home/multiclass_classification/horse/train/07_101.png,1,0.005499724,0.007375829,0.011376848,0.005709722,0.003375637,0.006811426,0.005401644,0.00826141,0.014031174,0.011225481,0.02324407,0.01647992,0.010751864,0.000657262,0.008926662,0.020300528,0.024017056,0.07582176
/home/multiclass_classification/horse/train/07_046.png,1,0.001846969,0.007769079,0.013899088,0.004205939,0.00140495,-0.008290887,-0.010779531,0.002182152,0.005325603,-0.003802107,0.01908775,-0.001321534,0.001431194,-0.000706242,0.000653199,0.005238572,0.015771037,0.07356318
/home/multiclass_classification/horse/train/07_071.png,1,0.003024437,0.003971446,0.010314405,0.005547984,0.003238933,0.011969022,-0.000736612,-0.003786292,0.004353949,-0.004695991,0.013284631,0.020339048,0.004000963,-0.010215389,-0.001757176,0.003693344,0.01917002,0.05725888
/home/multiclass_classification/horse/train/06_121.png,1,0.003701399,0.004046949,0.002593928,0.005777176,0.002029594,-0.000317044,-0.000520401,-0.002386112,0.005406285,0.005518309,0.001727727,0.01981345,0.007020563,0.00188905,0.017641094,0.022481386,0.030032799,0.07990432
/home/multiclass_classification/horse/train/horse30-4.png,1,0.000387205,-0.00011823,0.007911334,0.002151038,0.004947995,0.001090975,-0.004451695,-0.005660031,0.001489749,-0.020282274,0.01437927,0.012583009,0.001963462,-0.010174941,-0.003664983,0.025431586,0.020713829,0.08795647
/home/multiclass_classification/horse/train/06_012.png,1,0.001550527,0.006652166,0.010673648,0.003839716,0.002701609,0.000328164,0.008427549,-0.000947051,0.001866182,-0.008859741,0.00853687,0.012862192,0.005008847,-0.01262302,0.014493248,0.016289864,0.02918481,0.085990466
/home/multiclass_classification/horse/train/04_019.png,1,0.0024856,0.000532441,0.004435607,0.009146399,0.0012618,-0.003536997,-0.003258194,-0.004364658,-0.007519016,-0.014740864,0.02779197,0.012286614,0.007504557,-0.00246592,0.011818094,0.032407437,0.029917594,0.08697681
/home/multiclass_classification/horse/train/horse02-8.png,1,-0.002145753,0.005200237,0.006234967,0.007149854,0.008096119,0.000943457,-0.0137053,-0.005312838,0.001909872,-0.003006739,0.01413323,0.020175874,0.00803994,-9.09E-05,0.009435801,0.037541542,0.02545951,0.098515145
/home/multiclass_classification/horse/train/07_056.png,1,0.001806755,0.002784679,0.005669349,0.01099809,-0.001049519,0.000991256,0.000521118,0.000264838,-0.001331019,0.009838479,0.018983467,0.002253104,0.004949933,0.008503899,0.019025587,0.006586397,0.022926114,0.07100932
/home/multiclass_classification/horse/train/02_029.png,1,0.004354065,0.002906288,0.008492417,0.009710459,0.005251295,0.006920317,0.00880945,-0.000976628,0.012268839,0.023010045,0.023675084,0.000587603,0.000721741,0.012527101,0.026006691,0.012234834,0.02402103,0.080627784
/home/multiclass_classification/horse/train/06_106.png,1,0.001234158,0.004329888,0.004446846,0.000941156,0.002305528,0.003613895,0.0077119,0.010606038,0.006191522,0.012694949,0.02049721,0.016466675,0.009835652,0.011336336,0.002060978,0.015058111,0.02648978,0.09137608
/home/multiclass_classification/horse/train/02_013.png,1,0.003712369,0.005812871,0.008910855,0.006560509,0.004316138,0.012948538,0.013127321,0.014328077,0.004856306,0.010666706,0.028621517,0.020892788,0.006046928,-0.006451445,0.028807832,0.0373199,0.039664112,0.1083361
/home/multiclass_classification/horse/train/05_030.png,1,0.004650588,0.001753571,0.01246722,0.005955112,0.003784129,0.001533584,0.008378716,0.00160953,0.007788057,0.012294987,0.015944948,0.010134161,0.005701742,-4.56E-08,-0.000388237,0.019644916,0.03151337,0.059505597
/home/multiclass_classification/horse/train/02_023.png,1,0.002346256,0.003562781,0.00358887,0.007241272,0.003853387,0.003662326,0.001132479,-0.007396072,0.004137237,-0.007392464,0.023851745,0.01802386,0.000111939,-0.015524,0.03240984,0.034137636,0.036275998,0.11923319
/home/multiclass_classification/horse/train/horse02-2.png,1,-0.001516956,0.003809707,0.009007367,0.003629448,0.007332833,0.01294681,0.000589988,0.007448131,0.000748484,0.002583251,0.021672308,0.015248682,0.013453921,0.015482551,0.021043738,0.030593574,0.028287541,0.095181
/home/multiclass_classification/horse/train/horse34-6.png,1,0.001661605,0.004034129,0.011067959,0.009759879,0.009047807,0.017026726,0.01219494,0.002168122,0.004710759,0.009222009,0.022189643,0.022796296,0.012042221,0.01337971,0.018104743,0.043827623,0.035386786,0.09794778
/home/multiclass_classification/horse/train/02_086.png,1,0.00356495,0.004390771,0.004317506,-0.000656604,-0.003605574,-0.00203803,-0.005567297,-7.42E-05,0.001229401,-0.007405666,0.014959656,0.002096726,0.002524421,0.000135201,0.004401242,0.029029597,0.03774994,0.102771275
/home/multiclass_classification/horse/train/04_001.png,1,-0.002881405,0.000842184,0.008368786,0.003553595,-0.001590063,-0.002178988,-0.004632826,-0.005252289,0.000616824,-0.00916941,0.013988975,0.00279389,0.00772615,-0.005383852,0.027769208,0.01400404,0.023833223,0.101474255
/home/multiclass_classification/horse/train/horse15-6.png,1,0.006150066,0.00332186,0.005504862,0.00100752,0.003654231,0.005932435,0.01000744,0.005336314,0.013971134,0.012593919,0.018548984,0.018111534,0.005726536,0.010347579,0.01744501,0.018172959,0.0342213,0.102171496
/home/multiclass_classification/horse/train/01_012.png,1,0.002339311,0.0036241,0.006736253,0.005590413,0.007176342,0.004460773,0.004209697,0.003762564,0.010719437,0.004776133,0.028447017,0.016739357,0.011394898,0.006121586,0.020204047,0.04060851,0.041181717,0.1098097
/home/multiclass_classification/horse/train/02_048.png,1,0.004856121,-0.001180195,0.003512884,0.00210954,0.002552037,0.00476508,0.003601998,0.005255078,0.00399275,-0.00900438,0.007253177,0.011845056,-0.002888906,0.010376577,0.008413943,0.02135999,0.030950107,0.08743936
/home/multiclass_classification/horse/train/horse14-4.png,1,0.005876645,0.007218642,0.007942447,-0.001750099,0.003419067,0.014828479,-0.000235604,-0.000471308,0.000117347,-0.004942237,0.015300026,0.021782007,0.005986245,0.01188701,0.019167691,0.038882874,0.025124058,0.118640944
/home/multiclass_classification/horse/train/05_009.png,1,0.005608223,0.00479257,0.010790893,0.007086217,0.006750921,0.01670984,0.008796174,0.001536299,0.009043804,0.030817227,0.019441128,0.019891191,0.009076782,0.029861055,0.005375891,0.03787284,0.027519707,0.11178172
/home/multiclass_classification/horse/train/07_005.png,1,-0.000823874,0.000507283,0.00308982,0.007472115,0.003761327,-0.003229117,0.002248053,-0.005560881,-0.000396949,-0.009497915,0.012011573,0.000217757,0.005520132,-0.006209472,0.011412996,0.004939954,0.024107104,0.049428824
/home/multiclass_classification/horse/train/horse50-0.png,1,0.001127652,0.005165471,0.011423705,0.003568929,0.002980937,0.011881847,0.008998919,0.007239358,0.002109306,0.014025501,0.019728214,0.012978928,0.009445777,-0.011893285,0.022587527,-0.006581391,0.023939846,0.08329698
/home/multiclass_classification/horse/train/03_023.png,1,0.000471141,0.005425007,0.008721923,0.011401875,0.006889931,0.014165629,-0.007699519,0.0013692,0.001596242,0.020767082,0.007927042,0.016766734,0.008592045,0.006058263,0.014449261,0.034829132,0.019811861,0.08756231
/home/multiclass_classification/horse/train/horse01-6.png,1,0.003501192,0.000541636,-0.000831794,-0.002593958,0.00515291,-0.002856401,-0.004450574,-0.010262663,-0.001543328,-0.028900446,0.007110655,-0.000548947,0.004211686,-0.00432889,-0.001384135,0.016594449,0.013724355,0.06309747
/home/multiclass_classification/horse/train/03_057.png,1,0.002936784,-0.00180192,-0.006872738,-0.000587948,0.003656795,-0.007620739,-0.004341025,-0.000546917,0.004822914,0.012556882,0.013871441,0.005869933,0.010028859,0.00649832,0.009821616,0.025731841,0.029784258,0.075165085
/home/multiclass_classification/horse/train/07_085.png,1,0.004413216,0.006255112,0.014211258,0.012801297,0.003801476,0.009457698,0.000597128,0.004370787,0.007435242,0.004797516,0.011081373,0.018633777,0.004649015,0.00226761,0.008118987,0.015886528,0.021679223,0.06922917
/home/multiclass_classification/horse/train/horse32-3.png,1,0.000546308,0.003305036,0.01095478,0.004912526,0.002407434,-0.007613221,-0.011116643,-0.005068762,0.000625909,-0.023555461,0.011084966,0.008851131,0.00602539,0.010484094,0.014752626,0.023211598,0.029942252,0.12209284
/home/multiclass_classification/horse/train/1ea2e9e1da.jpg,1,0.008201867,0.002465891,0.001567333,-0.001031518,-0.000296031,-0.002229718,-0.002509298,-0.000928856,0.005108659,0.017375704,-0.011931682,-0.001039163,-0.006172663,-0.008798892,-0.009753723,0.007301775,0.014188964,0.04500676
/home/multiclass_classification/horse/train/horse27-1.png,1,0.003035002,0.005398989,0.004344584,0.012196453,0.00551211,0.004120886,-0.001288877,0.007980911,0.008425096,0.003145476,0.013617149,0.024567671,0.005319678,0.001196881,0.005771088,0.020785274,0.035061054,0.08189938
/home/multiclass_classification/horse/train/horse06-0.png,1,0.002349185,0.000575082,0.004744881,0.014095705,0.005212763,-0.000494121,-0.008484925,0.001341906,-0.001986562,-0.011924485,0.003636814,0.006070092,0.003267517,0.015143892,0.014999866,0.021322204,0.024683114,0.10221055
/home/multiclass_classification/horse/train/9e582527a8.jpg,1,0.003787878,0.006096887,0.013557603,0.012346935,0.005658646,0.001147531,0.004981565,0.007391847,-0.005506145,0.00410518,0.015674144,-0.004725904,0.005968126,0.009592496,0.006776279,0.007597427,0.026214657,0.07440877
/home/multiclass_classification/horse/train/horse41-1.png,1,0.000528774,0.006841649,0.016330395,0.008472028,0.008641802,0.001125183,-0.003452834,0.001604004,0.006056737,0.000968384,0.013840726,0.013529132,0.008270185,-0.01473671,0.010591752,0.0186323,0.033674657,0.08325128
/home/multiclass_classification/horse/train/06_083.png,1,0.003472426,0.004990526,0.012876651,0.007306201,0.004222947,0.004521655,0.001080929,0.003443491,0.007422992,0.004977689,0.01127208,0.013900653,0.003800315,-0.016146673,0.009674812,0.003796751,0.028533788,0.078387275
/home/multiclass_classification/horse/train/horse04-0.png,1,0.006059289,0.003758462,0.007424719,0.013605807,0.00500559,0.008709098,0.003725271,-0.000582978,0.008241067,-0.013044616,0.01790867,0.015845532,0.003113356,0.02480951,-0.002294489,0.030098507,0.017389083,0.068747275
/home/multiclass_classification/horse/train/07_014.png,1,0.002845057,0.004268928,0.008017112,0.006775439,-0.0001315,-0.000121263,-0.00269954,-0.008882338,0.002174146,-0.000545797,0.011123025,0.015898082,-0.001274391,-0.01948671,-0.00270207,-0.000734283,0.024473928,0.07009281
/home/multiclass_classification/horse/train/01_091.png,1,0.007250171,0.001190843,0.005546163,0.001663223,0.004048403,0.008687132,-0.003967261,0.001298174,0.009931129,0.000185402,0.002468528,0.017188214,-0.001642623,-0.024325673,-0.005124338,-0.003223614,0.015522333,0.041032255
/home/multiclass_classification/horse/train/07_006.png,1,0.006758601,0.004209523,0.017937796,0.008190956,0.001054604,0.000111829,-0.012473261,-0.007076294,0.000626374,-0.003018411,0.02150241,0.008802565,-0.000186568,0.019890117,0.012941732,0.003235591,0.004025059,0.06666461
/home/multiclass_classification/horse/train/04_013.png,1,0.001512758,0.003168182,0.008926062,0.015328513,0.007863675,0.008931745,0.002237974,0.002542874,0.003559067,0.00433792,0.024804872,0.020769242,0.017881887,-0.009942208,0.030437697,0.038000192,0.040418647,0.10752094
/home/multiclass_classification/horse/train/02_103.png,1,0.001432928,0.002844009,0.007076648,0.003414433,0.00511484,0.013110797,0.008450968,0.007018852,0.009557394,0.023329336,0.013599806,0.008295233,-0.006072792,-0.002640417,-0.011667414,0.00972599,0.0197415,0.03677971
/home/multiclass_classification/horse/train/horse49-6.png,1,-0.006630489,0.00193841,0.004540307,0.003362885,-0.002105253,0.000303389,-0.001357776,0.001381137,0.001645418,0.009498853,0.017684426,0.018294755,0.010650252,0.021100476,0.024464807,0.030031927,0.029392011,0.08393646
/home/multiclass_classification/horse/train/03_089.png,1,0.007396414,0.008008452,0.010266908,0.007963086,0.008917766,0.005993784,0.005456635,0.001977839,0.001098834,-0.006167497,0.02268491,0.020487636,0.007423251,-0.000473743,0.009867937,0.030219259,0.03125774,0.11076781
/home/multiclass_classification/horse/train/06_074.png,1,0.002729238,0.007052843,0.01571686,0.011161035,0.005134409,0.006100461,0.003371808,0.007713112,0.007147858,0.00889271,0.01798434,0.016673531,0.006668107,-0.000625775,0.01216793,0.022522798,0.025672518,0.07948947
/home/multiclass_classification/horse/train/05_011.png,1,0.004532885,0.00519756,0.015058156,0.004191241,0.004698337,0.00085961,-0.00260049,0.000574224,0.012264583,0.00699615,0.020149745,0.009251608,0.003054254,-0.000526146,-0.006320633,0.005291479,0.019366872,0.055323243
/home/multiclass_classification/horse/train/horse36-9.png,1,0.002720999,0.003292905,0.01148572,0.005959958,-0.001116025,0.003845443,-0.009938926,-0.00621874,-0.003160785,-0.016909985,0.012901745,0.003281274,0.009354207,-0.00432759,-0.000447624,0.010129696,0.03319171,0.10855579
/home/multiclass_classification/horse/train/02_099.png,1,-0.000597043,0.00299199,0.010689169,0.008766202,0.00188582,0.004594238,0.013712076,0.005663503,0.005181924,0.01189923,0.008801129,0.01140426,0.002121087,0.005965692,0.018941214,0.006226652,0.02709078,0.06673872
/home/multiclass_classification/horse/train/07_106.png,1,0.003201649,0.002516301,0.006056296,0.008450402,0.005552895,0.01221204,0.002998892,0.004438704,0.01097559,0.00923487,0.014086293,-0.000202057,0.006598099,-0.009188273,0.001864119,-0.001511867,0.023581738,0.05110493
/home/multiclass_classification/horse/train/horse41-5.png,1,0.004360796,0.004973105,0.011609474,0.008009011,0.000645894,0.002192863,-0.004271986,0.005571295,0.001044954,-0.006677721,0.010208815,0.004448426,0.004907641,0.014118334,0.017818268,0.025023714,0.025185782,0.06456515
/home/multiclass_classification/horse/train/05_012.png,1,0.002197789,0.002704439,0.002996454,0.000131931,0.00356534,0.003907118,-0.00582315,0.001209077,-0.001106862,-0.000468073,0.015054893,0.014783168,0.010550533,-0.000376783,0.019787561,0.019030929,0.010168482,0.09349601
/home/multiclass_classification/horse/train/horse05-9.png,1,0.002566335,0.001759497,0.007632239,0.009623362,0.006802151,0.014047254,0.001293728,0.001897697,0.00660893,-0.000166782,0.007785314,0.013344158,0.004281539,0.014382223,-0.001208112,0.023520285,0.023548612,0.082727514
/home/multiclass_classification/horse/train/horse41-6.png,1,0.006155337,0.005269429,0.008216607,0.001425419,0.002107342,-0.002439321,-0.001493389,0.006132456,0.004318695,-0.013959284,0.011593169,0.00541406,0.010220643,0.01804818,0.01831617,0.022658344,0.03316629,0.07367307
/home/multiclass_classification/horse/train/07_107.png,1,-0.000446566,0.004790038,0.000914342,0.001531224,0.005524599,0.011625687,0.004184181,0.003131856,0.004554571,-0.000584762,0.01742926,0.014025247,0.009495348,0.007177227,0.008134441,0.01380686,0.02249299,0.06684955
/home/multiclass_classification/horse/train/01_120.png,1,0.001075715,0.00381506,0.004904709,0.002599756,0.003055854,0.007761171,0.002156788,-0.00223234,0.003328748,0.006920229,0.011212877,0.008492685,0.003472492,-0.00508647,0.009423167,0.00378328,0.029028554,0.08386284
/home/multiclass_classification/horse/train/07_053.png,1,0.000399097,0.000279461,0.005505515,0.006666513,0.002988795,0.008669984,0.001943805,0.000884943,0.005039866,0.003226544,0.019219372,-0.003132247,0.012035588,0.005835279,0.007174022,0.017689744,0.028520282,0.060164306
/home/multiclass_classification/horse/train/07_020.png,1,0.005931707,0.001823647,0.006405084,0.002980827,-0.000937987,-0.014260575,-0.010894485,-4.69E-05,0.004499194,-0.012803687,0.021473203,0.009961489,0.000816953,-0.01779035,0.003644573,0.009919364,0.02545192,0.06166155
/home/multiclass_classification/horse/train/01_007.png,1,0.001415986,0.001935552,0.0095776,0.008022191,0.006041308,0.012444791,0.003298379,0.000825114,0.006782989,0.005688498,0.013534882,0.014413171,0.009571625,0.002850972,0.016962834,0.01681383,0.024368236,0.09330192
/home/multiclass_classification/horse/train/horse13-0.png,1,0.001550836,0.003083417,0.011401186,0.005184856,0.003690727,0.019214947,0.001112832,0.002359323,0.00360473,0.010878434,0.025685618,0.015208894,0.007152528,0.026529266,0.004758538,0.04403986,0.029511929,0.10740561
/home/multiclass_classification/horse/train/7aee40b5b7.jpg,1,-0.000798154,0.001050094,-0.003431191,-0.002282524,0.008013738,0.012583589,0.005909543,0.007556782,0.009287924,0.015771851,0.007507536,0.013386046,0.011189395,0.02468917,0.011952043,-0.007489248,0.012657966,0.043254696
/home/multiclass_classification/horse/train/04_015.png,1,-0.001419321,0.001071961,0.00327313,0.005283318,0.003641602,-0.00895183,-0.010313607,0.004570408,-0.004807703,-0.011445805,0.013775229,0.010245258,0.010476795,-0.011344447,0.012876734,0.009680778,0.031579174,0.09235792
/home/multiclass_classification/horse/train/07_054.png,1,0.006077607,0.003670299,0.011744399,0.013906621,0.009729745,0.021825176,-0.002707823,0.003840807,0.00960496,0.004272853,0.023294182,0.01646839,0.009470396,0.010980785,-0.003475473,0.009530593,0.0289278,0.07711464
/home/multiclass_classification/horse/train/horse10-8.png,1,0.00327925,0.006710271,0.009278689,0.005149199,0.004449505,0.007134441,-0.002113369,0.000134831,0.003798775,0.000650528,0.013181245,0.011639606,0.004693076,0.000500949,0.019518953,0.017007653,0.026923742,0.090625994
/home/multiclass_classification/horse/train/07_063.png,1,0.002449874,0.002846168,0.010001772,0.006388801,0.004636093,0.005078898,0.003691174,0.006404578,0.007726708,0.009631762,0.014824132,0.002388302,0.003602119,0.00047582,0.003290949,0.004430585,0.029473452,0.06873131
/home/multiclass_classification/horse/train/02_036.png,1,0.001109208,0.001943269,0.008442876,0.000783257,0.003439446,0.008455306,0.011728182,0.005873214,0.005349038,0.019599015,0.015004819,0.015348218,0.013423885,-0.00137169,0.020557225,0.033110447,0.03820478,0.1150509
/home/multiclass_classification/horse/train/horse26-2.png,1,0.008050986,0.004739832,0.002614433,0.007712452,0.004727424,0.010026084,-0.002937855,-0.000366554,0.005716646,-0.002730245,0.01222895,0.01632025,0.008462096,-0.004089776,0.00180706,0.03144262,0.029427573,0.07831713
/home/multiclass_classification/horse/train/06_120.png,1,0.003868781,0.005292264,0.009153524,0.00060894,0.000541101,0.00298432,0.002776902,0.001909345,-0.001253197,9.37E-05,0.00485342,0.013569804,0.010047293,0.00275607,0.012216423,0.005621499,0.02060806,0.080073014
/home/multiclass_classification/horse/train/horse04-8.png,1,-0.000275732,0.002588747,0.008824175,0.008532881,-0.002649481,-0.007627023,-0.01628132,-0.007799673,-0.004341593,-0.016262058,0.000432074,0.002265107,0.004448734,0.001877242,-0.004139856,0.016162336,0.016601881,0.04569885
/home/multiclass_classification/horse/train/horse16-6.png,1,-0.002351834,0.008694165,0.009863306,0.006328772,0.004701601,0.00761289,0.003417905,-0.003630457,0.00060559,-0.003292075,0.019500017,0.022580903,0.010717895,0.008877257,0.022468738,0.04286938,0.030787442,0.12265594
/home/multiclass_classification/horse/train/05_036.png,1,0.003995744,0.007706383,0.017212532,0.011294536,0.004981243,0.010647996,-0.002516297,0.002724447,0.005753244,-0.011948248,0.018385017,0.005104415,0.006992292,-0.002562741,0.004296721,0.010384589,0.013161967,0.07535552
/home/multiclass_classification/horse/train/03_084.png,1,0.000768861,0.0027851,0.006629956,0.007674206,0.002415228,-0.0034772,-0.010317141,-0.004692051,-0.000208947,-0.016255941,0.009761069,0.010144865,0.011168919,-0.00545542,0.01593609,0.027277444,0.023563275,0.07763652
/home/multiclass_classification/horse/train/horse37-9.png,1,0.00374644,0.00184301,0.005350551,0.011610039,0.005159087,0.008819013,-0.008546466,-0.002410444,0.000753875,0.002772837,0.020317208,0.017215872,0.010725349,-0.002453833,-0.003241765,0.009062588,0.029493844,0.10386367
/home/multiclass_classification/horse/train/horse11-2.png,1,-0.002836476,0.005060543,0.014075905,0.007317869,0.005139154,0.008282386,0.001641418,-0.002866715,0.00475112,0.00828938,0.010590139,0.011182899,0.003351414,0.005442449,0.009708837,0.038324006,0.017187746,0.08834475
/home/multiclass_classification/horse/train/05_008.png,1,-0.001203514,-0.001076178,0.000360719,0.007675919,-0.006612271,-0.009552594,-0.004365235,0.002024927,0.00035918,-0.003207543,0.013463709,-0.002191045,0.005374375,0.0205997,0.022638448,0.02048403,0.02044367,0.08044569
/home/multiclass_classification/horse/train/horse08-1.png,1,-0.000254283,0.000907815,0.003142044,0.003319175,0.003791718,0.006223557,-0.001809349,0.000449046,0.001190489,0.003019831,0.017876772,0.012782363,0.006421561,0.03893138,0.024402171,0.03247954,0.038199835,0.12472056
/home/multiclass_classification/horse/train/01_103.png,1,0.002408944,0.0057692,0.011497047,0.012638716,0.004540345,-0.006324821,-0.00718575,-0.00332244,-0.001082741,-0.013116345,0.022940736,0.006481802,0.010610826,0.005130958,0.026175003,0.0380914,0.028956525,0.08798641
/home/multiclass_classification/horse/train/04_026.png,1,0.004906439,0.001946718,0.007899538,0.005948006,0.004563693,0.005531343,-0.002299298,0.006302903,0.006135231,0.000935538,0.019424506,-0.000176502,0.00044404,-0.001366609,0.009642354,0.003908865,0.016237361,0.059242643
/home/multiclass_classification/horse/train/04_017.png,1,0.002094588,0.005010316,0.008690205,0.005874123,7.62E-05,-0.004971095,-1.04E-06,-0.005383219,0.002213983,-0.013924632,0.014129449,0.009585537,0.002494387,-0.002857581,0.01801311,0.022812407,0.028389957,0.11092967
/home/multiclass_classification/horse/train/horse11-3.png,1,-0.000519008,0.000721368,0.001647669,0.001196205,-0.000401059,-0.012850118,-0.008053076,-0.00239949,-0.003140119,-0.00878391,0.015089374,0.004815825,3.06E-05,-0.01021851,0.010551067,0.01689608,0.030881755,0.09511444
/home/multiclass_classification/horse/train/01_118.png,1,0.001411725,0.003392706,0.006672866,0.002575545,0.001288354,0.004202959,-0.004145165,-0.005379763,0.006325593,0.005834092,0.0157142,0.01754284,0.006625714,0.001409842,0.008403458,0.02454632,0.024088345,0.07605553
/home/multiclass_classification/horse/train/06_008.png,1,0.001436004,0.006769649,0.014716673,0.00805212,0.006653758,0.014399027,0.008182533,0.001497844,0.009174675,0.014255254,0.020107046,0.01939127,0.007747309,-0.004462798,0.024627235,0.022331344,0.0374382,0.103199884
/home/multiclass_classification/horse/train/06_035.png,1,0.002069762,0.001342821,0.002264016,0.00414716,0.01012204,0.006051295,0.017685698,0.004698221,0.012279011,0.023060825,0.021185113,0.011528216,0.00030058,-0.008791712,0.001910049,0.013699452,0.018560132,0.06671797
/home/multiclass_classification/horse/train/06_007.png,1,0.001451053,0.007669854,0.013492106,0.01170231,0.006082716,0.008945717,0.003096348,0.003499922,0.001042965,0.009578297,0.019596625,0.020302022,0.003040939,-0.014098376,0.009506432,0.007163999,0.029008444,0.09588988
/home/multiclass_classification/horse/train/05_021.png,1,-0.001325341,-0.001242706,-0.000437954,0.002270596,0.011697026,0.011212757,-0.001203576,0.005119629,0.003861439,0.000205473,0.023856584,0.011915363,0.006122242,-0.000773489,0.028219726,0.043530695,0.03429967,0.1266221
/home/multiclass_classification/horse/train/horse28-7.png,1,7.80E-05,0.002683055,0.006779323,0.003916431,0.007426809,0.003043469,-0.003883654,-0.005862826,0.005146364,-0.003920417,0.011757288,0.021291666,0.01666617,0.015600476,0.02544979,0.02258661,0.03439329,0.107171625
/home/multiclass_classification/horse/train/03_062.png,1,0.001412356,0.002820519,2.55E-06,0.007721096,0.006746126,0.002420552,-0.000415844,-0.0060703,0.007432993,-0.002172117,0.005704039,0.004118912,0.005054145,0.002539277,0.002426101,0.021645665,0.029512076,0.08113554
/home/multiclass_classification/horse/train/horse39-9.png,1,-0.001114129,0.002060912,0.007210308,0.00066805,-1.43E-05,-0.003708744,-0.002259063,-0.003145123,-0.002475304,0.002262761,0.019115318,0.015246756,0.017358877,0.015264085,0.02679488,0.035670105,0.044427153,0.13578677
/home/multiclass_classification/horse/train/horse13-4.png,1,0.000631944,0.002210069,0.001132312,0.004133946,0.001962798,0.00818741,0.007437185,-0.001440959,0.004787937,0.004770456,0.009540428,0.004510003,0.005751728,0.02170869,0.020723566,0.027240114,0.032666966,0.10963506
/home/multiclass_classification/horse/train/horse14-5.png,1,0.001870775,0.00459892,0.006492092,0.005604965,0.002934959,-0.006922409,-0.010879433,0.001294196,-0.003647092,0.004009973,0.02566006,0.014605483,0.009985896,0.008015452,0.012843771,0.025398944,0.019301629,0.07890688
/home/multiclass_classification/horse/train/horse08-2.png,1,-0.00063629,0.002723484,0.003564294,0.0012596,0.002775466,-0.003192854,-0.015501156,-0.001963715,0.003034907,-0.005322026,0.011762509,-0.000215837,0.005977212,0.02656069,0.021421565,0.030056624,0.037335474,0.12170866
/home/multiclass_classification/horse/train/horse28-5.png,1,-0.003465288,-0.001702064,0.002041082,-0.000642021,0.002176102,0.00027524,-0.015091938,0.000154333,-0.001529391,-0.014859742,0.012107041,0.02042061,0.007382051,0.001812836,-0.003670353,0.041393414,0.024998376,0.09009504
/home/multiclass_classification/horse/train/horse01-0.png,1,0.00397425,0.005299201,0.010717466,0.013007842,0.004521199,0.007592479,0.000476925,-0.000876214,0.009629384,0.006149254,0.020422623,0.013238567,0.011695538,0.002654526,0.008112607,0.008219673,0.03574749,0.10379257
/home/multiclass_classification/horse/train/horse26-1.png,1,0.000906544,0.001811946,0.008325079,0.01188059,0.001994819,0.011668656,0.004085938,-0.001638999,0.009629808,0.004708984,0.011340885,0.009772863,0.008306909,0.012004565,0.022010703,0.022564597,0.017608697,0.06636399
/home/multiclass_classification/horse/train/03_026.png,1,0.003902264,0.003205395,0.011730496,0.012581861,0.00771835,0.024683096,0.020305572,0.015787698,0.008923883,0.023672502,0.02515465,0.032512516,0.008057863,0.008430111,0.007171296,0.023434825,0.02074607,0.055885844
/home/multiclass_classification/horse/train/01_116.png,1,-0.001535499,0.002536445,0.010018991,0.005473599,0.001546377,0.007523404,-0.008419635,-0.007837474,0.000333621,-0.009225451,0.0057265,0.012142304,0.005533574,-0.010302538,0.0158417,0.021675235,0.017516658,0.08285732
/home/multiclass_classification/horse/train/horse21-6.png,1,-0.001952927,0.003991861,0.002042863,0.005571064,0.000333541,-0.002803874,-0.005125642,-0.006215365,0.001733347,0.009902099,0.018767752,0.006853133,0.007189773,0.000948046,0.020500727,0.015600834,0.029991506,0.08556451
/home/multiclass_classification/horse/train/horse46-4.png,1,-0.000300068,0.004742904,0.013285842,0.006179106,0.006158798,0.021209419,0.003671026,0.004635791,0.006264811,0.017355109,0.016974768,0.016489938,0.008824756,0.006368124,0.01241597,0.030452363,0.032798905,0.11216764
/home/multiclass_classification/horse/train/07_103.png,1,0.00698333,0.005261283,0.018021058,0.005362263,0.006187006,0.01205544,0.009908049,0.00114229,0.00457441,0.009475748,0.02170204,0.004339814,-0.001740511,0.026743287,0.012407121,0.012507157,0.015704433,0.057439648
/home/multiclass_classification/horse/train/06_036.png,1,0.001731553,0.004589792,0.019680362,0.012948012,0.008415556,0.002465144,-0.005278733,-0.000804695,0.003894612,0.007627341,0.008830836,0.009272717,0.010981625,-0.005134049,0.0154557,0.010344349,0.021026235,0.093915924
/home/multiclass_classification/horse/train/05_053.png,1,-0.000303245,0.004962583,0.010735267,0.005406175,0.00510487,0.003547083,-0.000299148,0.004014284,0.010765074,0.005081833,0.01473148,0.006723845,-0.001890268,0.006020951,0.00376335,0.003823497,0.022392161,0.08401945
/home/multiclass_classification/horse/train/horse14-1.png,1,0.004620782,0.006691414,0.015846796,0.007195271,0.00213064,0.007642452,0.007946245,-0.002970173,0.000590278,-0.001694552,0.012219496,0.008702593,0.008292176,-0.008588746,0.016309505,0.020770175,0.032313965,0.08396364
/home/multiclass_classification/horse/train/02_058.png,1,0.004847303,0.00317817,0.008108679,0.007356924,0.000604795,-0.001521893,0.00282069,-0.00131358,0.002541516,-0.005749996,0.019060902,-0.001431732,-0.001657587,-0.003083132,0.008855164,0.016177706,0.03015408,0.09761534
/home/multiclass_classification/horse/train/horse28-8.png,1,0.004641732,0.005847537,0.006095878,0.014453867,0.005345432,0.011787685,0.000195614,0.005430094,0.011321142,0.008737738,0.00646622,0.011219487,0.010364322,0.010780423,0.004728128,0.00927911,0.033472776,0.09488967
/home/multiclass_classification/horse/train/horse32-5.png,1,0.000963653,0.002052069,0.009179966,0.006010489,0.000912458,-0.003549421,-0.011592526,-0.007515486,0.00439417,-0.007203876,0.013434673,0.018338399,0.00761093,0.014710522,0.004878652,0.018802779,0.02338432,0.08500661
/home/multiclass_classification/horse/train/173a7ce74e.jpg,1,0.001698823,0.006040646,0.010506549,0.010715418,0.001943208,-0.003775268,-0.000777307,-0.000187071,0.008805521,0.007124341,0.008525843,0.005317143,0.001351237,-0.008078106,-0.008720494,-0.001540341,0.015306119,0.045335315
/home/multiclass_classification/horse/train/06_045.png,1,0.003790388,0.005013942,0.011063518,0.005823121,0.002271906,0.002587721,-0.006898868,-0.005887089,0.003620243,-0.009618325,0.00504812,0.026028201,0.010964838,-0.007787651,0.012827508,0.004514436,0.025251513,0.076745704
/home/multiclass_classification/horse/train/02_002.png,1,0.00431566,0.002567228,0.001870229,0.001195161,0.004935941,0.007824592,0.007809965,0.004805489,0.004874682,0.001091609,0.016188707,0.018450048,0.008908028,0.006979243,0.016883325,0.030293923,0.03484863,0.10789126
/home/multiclass_classification/horse/train/02_038.png,1,-0.001025219,0.003365601,0.005126738,0.00860983,0.003142965,-0.00255491,-0.001625768,-0.003172962,0.001635007,0.003557864,0.018941265,0.011112104,0.004209521,0.014498271,0.0198447,0.030395996,0.035539366,0.11445314
/home/multiclass_classification/horse/train/06_092.png,1,0.00379482,0.005786451,0.014125879,0.008142586,0.012232571,0.023254514,0.013601215,0.007334854,0.011490287,0.019147292,0.01773395,0.019095628,0.005710962,0.006860236,0.019499913,0.022088684,0.0324575,0.09509657
/home/multiclass_classification/horse/train/02_071.png,1,0.000728759,0.004144398,0.015775071,0.004115285,0.002139758,-0.007961965,0.00348418,-0.000140775,0.001380217,-0.000819076,0.014496452,0.005916947,0.006227392,0.003535673,0.026265088,0.013920931,0.023696322,0.09466645
/home/multiclass_classification/horse/train/horse05-3.png,1,0.001072109,0.004969824,0.011426337,0.004064164,0.002411143,0.000878903,-0.001205295,0.004700631,0.00731656,-0.003911739,0.005317741,0.013417342,0.003645425,0.012676542,-0.000319744,0.03359162,0.019738808,0.071624294
/home/multiclass_classification/horse/train/06_013.png,1,0.005245483,0.006123355,0.010738233,0.006168157,0.001564399,-0.001236705,0.003436047,0.00121316,0.003787365,-0.006212888,0.01962198,0.016458614,0.004413054,0.001493812,0.005978731,0.034389786,0.033660144,0.10103094
/home/multiclass_classification/horse/train/04_016.png,1,0.000943868,0.004237513,0.012289531,0.010014158,0.004445467,-0.005728815,-0.010187254,-0.00455884,0.003772441,-0.020016966,0.022893516,-0.001587328,0.013406806,0.003232674,0.009506835,0.026072038,0.027394308,0.077658504
/home/multiclass_classification/horse/train/01_077.png,1,0.003024352,0.005109701,0.009477539,0.005317729,0.002254065,-0.000456829,-0.002312072,-0.005935974,-0.000299203,-0.011360349,0.011999082,0.008913474,0.005758157,0.00664267,0.012034094,0.03079972,0.017852329,0.08323454
/home/multiclass_classification/horse/train/02_089.png,1,0.003497837,0.003386997,0.003680436,0.006453788,0.005407868,0.007403982,0.015271856,0.016740259,0.010132209,0.009477103,0.019903392,0.006065817,0.000555712,0.0201705,0.019318637,0.03171347,0.029753696,0.08917946
/home/multiclass_classification/horse/train/02_072.png,1,0.00046533,0.004244453,0.008427418,0.005657193,0.003821733,0.006699631,0.009343868,0.008557472,0.00310484,0.00806454,0.014994565,0.010165062,-0.002637256,-0.001343097,0.006584556,0.024708932,0.034002464,0.08626981
/home/multiclass_classification/horse/train/horse19-8.png,1,0.001734768,0.005784203,0.007033243,0.005553777,0.003771316,0.006957718,0.000875881,0.001345009,0.003090585,-0.01079724,0.003376842,0.012490569,0.004130548,-0.003949755,0.015932595,0.010861963,0.040322043,0.11914152
/home/multiclass_classification/horse/train/horse36-5.png,1,0.000697549,0.000393488,0.003835501,0.004633606,-0.002061994,-0.007339396,0.000361508,-0.003953626,0.004255439,0.005691119,0.010258265,0.010415797,0.003491422,0.011394569,0.00256566,0.013966369,0.031400133,0.09532843
/home/multiclass_classification/horse/train/horse07-3.png,1,0.001266795,0.00079526,0.002298038,0.011198141,0.003825098,-0.005840554,0.000668537,-0.000989609,0.00352276,-0.005164336,0.016489714,0.007998829,0.00710289,0.004400278,0.020488748,0.04036738,0.032570742,0.12564602
/home/multiclass_classification/horse/train/horse24-5.png,1,0.003801977,0.005832418,0.009346344,0.005312247,0.008106438,0.012833675,-0.002333627,-0.000456098,0.009199378,0.005819822,-0.006060654,0.015949555,0.004582018,0.008123795,-0.006208509,0.017347287,0.017173044,0.073180124
/home/multiclass_classification/horse/train/horse26-4.png,1,0.002388324,0.005533295,0.007599584,0.002682419,0.005624514,0.005238186,0.000293012,0.002893932,0.00774948,-0.007489232,0.010385252,0.006690676,0.004609394,0.00726657,-0.006310004,0.016873512,0.021253128,0.06716053
/home/multiclass_classification/horse/train/horse04-7.png,1,-0.003650928,0.001943179,0.007106522,0.008507308,-0.002381887,-0.006347631,-0.017449047,-0.004376054,0.001344777,-0.015752636,0.00099233,0.003758828,0.003832573,0.021442115,0.005334049,0.019057252,0.016202051,0.06093276
/home/multiclass_classification/horse/train/670fcd5719.jpg,1,0.000213915,0.0099899,0.01259566,0.009223742,0.003676006,0.022239238,0.012557352,0.005114943,0.011996842,0.019432815,0.015285817,0.029128103,0.006372513,-0.002606229,0.02878757,0.024755966,0.040357683,0.107109495
/home/multiclass_classification/horse/train/04_028.png,1,0.004035586,0.005495709,0.011727637,0.008720016,0.008290291,0.016647646,0.003286917,-0.000871422,-0.005559695,-0.014219116,0.013661029,0.006373832,0.007616069,-0.007905871,0.02134897,0.037471935,0.027663017,0.10326427
/home/multiclass_classification/horse/train/03_029.png,1,0.003989072,0.0008213,0.003586763,0.001042905,0.003584515,0.004330091,-0.001259136,0.002759481,0.00846163,0.014781652,0.01436126,0.009395567,0.007235155,-0.000729896,-0.002051996,0.016366776,0.028316764,0.07510992
/home/multiclass_classification/horse/train/07_012.png,1,0.000248564,0.004242483,0.00989851,0.007455465,0.001396349,-1.08E-05,-0.009492184,0.004448084,0.00268083,-0.004435496,0.014068842,0.004284561,-0.000704435,-0.009022012,0.010179929,0.006778547,0.019214272,0.06768075
/home/multiclass_classification/horse/train/01_059.png,1,0.000971637,0.011086462,0.021556646,0.012861867,0.008924325,0.014472242,-0.002250705,-0.004962777,0.005646511,-0.00467506,0.017082887,0.025513202,0.001690283,-0.002080688,0.00311891,0.021994226,0.019956997,0.08649531
/home/multiclass_classification/horse/train/07_115.png,1,0.007408337,0.004915405,0.008128442,0.007952349,0.005470297,0.009255147,0.007643028,0.011511656,0.009556149,0.009115496,0.0181087,0.004273697,0.003767398,-0.00527186,0.006690493,0.012862847,0.019475924,0.06149091
/home/multiclass_classification/horse/train/horse32-2.png,1,0.000117213,0.006784123,0.016292077,0.007514593,0.00225698,-0.009692023,-0.007559022,-0.002139769,0.004275626,0.007490385,0.017589936,0.008508885,0.015927859,-0.002775167,0.009449959,0.023750443,0.033685826,0.094911635
/home/multiclass_classification/horse/train/49b904bb7b.jpg,1,-0.000341188,0.000455957,0.000786276,-0.000752875,0.001231859,-0.006612166,-0.004124936,-0.003569323,-6.67E-05,-0.010650205,0.007647469,-0.006698334,-0.001762715,0.014431962,-0.017804174,0.014254175,0.010896117,0.061641775
/home/multiclass_classification/horse/train/horse17-4.png,1,-0.001498337,0.001248104,0.005011498,-0.006184224,0.00273049,0.004529536,0.000703693,0.001361771,-0.00172011,-0.006543891,0.008487213,0.011491446,0.00283931,-0.00104945,0.011610017,0.035261225,0.022916405,0.10556026
/home/multiclass_classification/horse/train/horse25-7.png,1,0.004251468,0.006003121,0.012006622,0.010036568,0.005811603,0.013951009,0.006633733,0.005729719,0.008818004,0.007584579,0.023344422,0.005392849,0.009792015,0.006085689,0.017549403,0.004702431,0.02422804,0.074115954
/home/multiclass_classification/horse/train/horse19-1.png,1,0.00446952,0.003233356,0.008459728,0.008694511,0.000621062,0.001610722,-0.000981368,0.003257848,0.006511337,-0.004475718,0.013358031,0.010929277,0.002931908,0.004831733,0.001774299,0.024168393,0.018243538,0.07351867
/home/multiclass_classification/horse/train/horse40-7.png,1,0.005014754,0.003249701,0.008322112,0.005127386,0.004830228,0.000684851,0.00838324,0.006456695,0.003235925,0.011412391,0.023417823,0.02673322,0.006784157,0.012976286,0.010662602,0.009441424,0.03305845,0.1074546
/home/multiclass_classification/horse/train/horse20-6.png,1,0.003174931,0.000839884,0.007602127,0.005098262,0.000588453,0.003504153,-0.005611517,-0.000292667,0.00334165,-0.009016356,0.020716244,0.025733232,0.01392623,0.03473988,0.031166054,0.030401973,0.031856246,0.1260202
/home/multiclass_classification/horse/train/07_091.png,1,0.001108689,-0.000122054,0.006270394,-0.000838175,0.00335984,0.011785124,0.006769733,0.006709778,0.003758969,-0.007771659,0.015008689,0.011396415,0.001088915,0.004188281,0.012378807,0.007081519,0.016763275,0.068188325
/home/multiclass_classification/horse/train/horse47-5.png,1,0.003522235,0.004405321,0.009016899,0.007611363,0.005775507,0.011441951,0.006612598,0.005863803,0.005791617,0.010234572,0.028831005,0.024741594,0.012812739,0.030270776,0.02194181,0.03813021,0.028694961,0.101420015
/home/multiclass_classification/horse/train/06_040.png,1,-0.00070788,0.004161589,0.010227669,0.004218639,0.003499839,0.004862787,-0.000148786,0.006133881,0.006999691,0.012384425,0.007709768,0.018427528,0.003031775,0.000764567,0.008757157,0.013065585,0.020841306,0.061996065
/home/multiclass_classification/horse/train/06_061.png,1,0.003071786,0.004688882,0.009697035,0.009632476,0.006063012,0.008702103,-0.001957754,-0.002079633,0.007031786,-0.000255636,0.01945718,0.014154442,0.013057434,0.013640912,0.028297847,0.021528322,0.027930334,0.087162584
/home/multiclass_classification/horse/train/horse26-8.png,1,0.00218965,0.002402736,0.008599943,0.003490992,0.002125502,0.003691107,-0.004021749,0.00173429,0.009310066,-0.001921865,0.01254696,0.020109858,0.008738694,-0.00652519,0.010011487,0.030206501,0.03525137,0.08753732
/home/multiclass_classification/horse/train/01_014.png,1,0.00485317,0.000779442,0.001040113,0.002419181,0.001097521,0.006108059,-0.000991334,-0.002218564,-0.005548256,-0.002388194,0.015018906,0.0066706,0.007488952,0.007000774,0.003773861,0.02980745,0.027336635,0.09427494
/home/multiclass_classification/horse/train/03_076.png,1,0.00214368,0.004367669,0.007542546,0.001797215,0.007469358,0.022497859,0.004723433,0.006814596,0.007020252,0.0175999,0.008628683,0.022769377,0.010139419,-0.008455537,0.019778995,0.021103516,0.038389564,0.08129208
/home/multiclass_classification/horse/train/03_058.png,1,-0.001060473,0.001256601,0.005630652,0.008838139,0.003874946,0.003797672,-0.003940049,-0.004888401,-0.001815837,-0.018236795,0.005551039,0.021411054,0.001750244,0.007870958,0.012993755,0.03351293,0.028588146,0.11551241
/home/multiclass_classification/horse/train/02_042.png,1,0.002230093,0.005872,0.016288597,0.003779784,0.004419568,0.012116919,0.011469929,-0.005824829,0.000201633,0.001110232,0.007352493,0.016395066,-0.002049821,0.007586993,0.009170849,0.018229663,0.033576604,0.087607875
/home/multiclass_classification/horse/train/horse41-3.png,1,0.003112348,0.007504476,0.012499217,0.009269854,0.006625356,0.011740278,0.006188496,0.002710911,0.009450097,0.007097979,0.013017714,0.014247542,0.00273487,0.012897074,0.012672107,0.025998183,0.031319287,0.09908385
/home/multiclass_classification/horse/train/02_047.png,1,0.000574791,0.002621492,0.005959729,0.010617668,0.002922278,0.018622685,0.003420717,0.009769121,-0.001211748,0.00380234,0.01845453,0.008877329,0.000429548,0.000211756,0.010427417,0.025372382,0.025787186,0.07493938
/home/multiclass_classification/horse/train/01_104.png,1,0.000495619,0.002263335,0.005249397,0.003677992,0.000456756,-0.003709399,-0.001308808,0.002102381,0.000418834,0.000541503,0.007863805,0.018655954,-0.00086043,-0.017427644,0.003216985,0.025140243,0.023656294,0.08601062
/home/multiclass_classification/horse/train/horse47-3.png,1,-0.006793432,-0.001926982,-0.004170844,-0.004477006,-0.000387913,0.003242408,-0.000483985,-0.004072703,0.000318223,-0.001100233,0.013385789,0.0075333,0.008570643,0.005040458,0.018087199,0.029947855,0.032608524,0.09825549
/home/multiclass_classification/horse/train/01_109.png,1,0.000991552,0.002935774,0.00333972,0.009813037,0.006148532,-0.001111554,0.000822731,0.003982185,0.003505941,-0.001484523,0.010966886,0.010184249,0.011507219,0.006059827,0.017490862,0.021112923,0.030411769,0.10885029
/home/multiclass_classification/horse/train/horse20-9.png,1,-0.000815377,0.004912257,0.015680667,0.008971419,0.004941039,0.011796463,0.005171161,0.002252165,0.007199297,0.005016023,0.0183362,0.013804272,0.007318703,0.004023666,0.005843466,0.018976802,0.027053975,0.10867792
/home/multiclass_classification/horse/train/06_086.png,1,-0.001857878,0.002988873,0.011460107,0.005031345,0.000755223,0.002411829,2.98E-06,0.000323139,-0.003038076,-0.000216374,0.021818472,0.010610022,0.006871865,-0.002022787,0.016302321,0.04089935,0.040066235,0.113358006
/home/multiclass_classification/horse/train/01_028.png,1,0.003022017,0.005242496,0.01438944,0.010829259,0.009940736,0.009561658,-0.002516367,-0.002000906,0.008054173,0.001865824,0.020575672,0.019676698,0.008015103,0.013486296,0.023332462,0.033326223,0.034268793,0.12115762
/home/multiclass_classification/horse/train/horse19-2.png,1,0.000980628,-0.001288751,-0.00048351,0.003181017,-0.000946861,-0.005480069,-0.012616124,-0.00653924,0.002235759,-0.020531153,0.01927631,0.01341537,0.001380785,0.022929821,0.012926821,0.004421687,0.020373859,0.0889572
/home/multiclass_classification/horse/train/horse04-6.png,1,0.00085955,0.00092235,-0.002133289,0.002010801,-0.00165563,-0.012857551,-0.0159682,-0.003807699,0.000867442,-0.014461415,0.009851588,0.003650056,0.002950936,0.011779713,-0.004802167,0.005225662,0.020778231,0.054870218
/home/multiclass_classification/horse/train/horse21-8.png,1,0.001061765,-0.000277078,0.004551151,0.010815372,0.003429715,0.007980743,0.001993689,0.004781533,0.004951685,0.005804924,0.016618986,0.021380033,0.009242852,0.000169114,0.015478457,0.009980221,0.033839066,0.106545135
/home/multiclass_classification/horse/train/02_046.png,1,0.000296902,0.00277819,0.008166408,0.008271078,0.004957537,0.01545684,0.004118003,0.009339865,0.009946121,0.014057829,0.011238326,0.010907926,0.00035537,0.008090859,0.005841048,0.009736079,0.024600009,0.07868353
/home/multiclass_classification/horse/train/05_056.png,1,-0.00165683,0.005435227,0.00795386,-0.001886831,0.001785551,0.001476356,-0.003948864,-0.001369982,0.000904785,0.005240165,0.00722949,0.010297546,0.005556674,0.029083923,0.017734502,0.018616207,0.029284004,0.08250831
/home/multiclass_classification/horse/train/06_075.png,1,0.004720822,0.005090209,0.006618086,0.001351172,0.004137569,0.007602925,0.002812632,0.00061445,0.007509846,0.013219419,0.004516834,0.019719228,0.000901138,-0.010901747,0.010503972,0.024279948,0.027668066,0.06270755
/home/multiclass_classification/horse/train/03_104.png,1,-0.00463527,0.005939649,0.013759991,0.00973955,0.005478529,0.01470399,-0.00019013,0.002094106,0.002644998,0.005822195,0.017055145,0.011030075,0.005320972,-0.005003055,0.033332225,0.034427688,0.031755976,0.11099926
/home/multiclass_classification/horse/train/horse15-1.png,1,0.002026906,0.00806641,0.010537977,0.002905362,0.006783477,0.005828528,0.005809286,-0.000401486,0.006699517,0.011803703,0.010385015,0.018029386,0.008407074,0.019167144,0.012924919,0.037287086,0.036348514,0.09433532
/home/multiclass_classification/horse/train/01_085.png,1,0.000185277,0.004946698,0.012273408,0.014480626,0.000219542,-0.001085819,0.002142036,0.005784314,0.003155614,0.005230562,0.021385657,0.005282949,0.004367627,-0.007405586,0.008092646,0.004735804,0.013227043,0.071909316
/home/multiclass_classification/horse/train/07_008.png,1,0.006965623,0.004361172,0.016240345,0.006096455,0.003912957,0.006389288,0.005267504,0.004005185,0.012104054,0.015530717,0.0229418,0.017345907,0.001018769,0.003963518,0.012590801,0.005747779,0.022416756,0.07125714
/home/multiclass_classification/horse/train/horse33-1.png,1,0.000652507,0.003767621,0.012588027,0.000218588,0.005549972,0.016184784,0.009932403,0.009162019,0.005352416,-0.001438506,0.008645197,0.008677267,0.010577635,-0.014209358,0.007198726,0.019271368,0.036614053,0.09671559
/home/multiclass_classification/horse/train/02_020.png,1,-0.00043135,0.002581044,0.011079436,0.005489864,-0.002708961,0.007031226,-0.005481837,-0.001948397,-0.004820402,0.005922291,0.008185664,0.006251619,-0.001317399,0.013845978,0.004793132,0.006476128,0.035425477,0.09138959
/home/multiclass_classification/horse/train/02_096.png,1,0.000923012,0.003112462,0.009571691,0.0045961,0.001900718,0.002406129,0.007551427,0.008391028,0.007980794,0.014702806,0.011943172,0.014643122,0.008139964,0.012188769,0.02262523,0.021625537,0.036291953,0.11013685
/home/multiclass_classification/horse/train/horse11-9.png,1,-0.002141764,0.0038877,0.000146867,0.001680985,0.001267698,0.000516585,-0.005359931,-0.000322635,-0.006400464,-0.018917385,0.01040162,0.012754151,0.003438467,0.00476562,0.013206951,0.029623296,0.027997376,0.103511095
/home/multiclass_classification/horse/train/horse03-8.png,1,-0.001007811,0.003923428,0.004508461,0.004670645,0.000215991,-0.000932979,-0.00534053,-0.002388309,-0.001345005,-0.012566973,0.014714469,0.016268658,0.006989041,0.005267153,0.014591076,0.02267322,0.010630886,0.074655384
/home/multiclass_classification/horse/train/horse45-1.png,1,-5.97E-05,0.006488381,0.01132401,0.001513478,0.008701766,0.017304577,0.005858466,0.00556665,0.00762737,0.009260601,0.01462183,0.015162187,0.009705119,-0.006747824,0.02858196,0.021027956,0.04045845,0.10141989
/home/multiclass_classification/horse/train/02_091.png,1,0.00325244,0.00469013,0.006280318,0.00258737,0.005879032,0.001973603,0.010849908,0.000750855,0.009852738,0.022731792,0.008496914,0.014529448,0.008732576,-0.0090166,0.025366295,0.012968246,0.030352628,0.084759116
/home/multiclass_classification/horse/train/02_080.png,1,0.009583634,0.005128727,0.005513799,0.004413541,0.004585501,0.011334758,0.011855815,0.004844101,0.004741462,0.011908365,0.008432402,0.005576612,0.007199833,0.009443205,0.024001814,0.030577071,0.023059476,0.06769796
/home/multiclass_classification/horse/train/02_079.png,1,0.002502283,0.0015634,0.01293773,0.010726258,0.003453195,-0.000292973,0.002541538,-0.004164777,0.004568916,-0.009682474,0.00669826,0.000248177,0.007388264,-0.010097835,0.018188873,0.035566308,0.04062583,0.11657288
/home/multiclass_classification/horse/train/06_073.png,1,0.000175143,0.003631827,0.000211266,0.006904572,-0.000168212,-0.002838242,-0.004336914,-0.005107341,0.004009902,-0.006465702,0.018503055,0.028966233,0.005476836,0.015876124,0.009545377,0.024828536,0.025259465,0.051180042
/home/multiclass_classification/horse/train/07_003.png,1,0.001169202,0.003767053,0.009826554,0.005163951,0.005984813,0.005789273,0.002940194,-0.002404002,0.005511447,-0.003177598,0.020183533,0.018597867,-0.00157992,0.010387375,0.010282142,0.013758723,0.014800032,0.05153622
/home/multiclass_classification/horse/train/horse33-8.png,1,0.003235332,0.004238021,0.009501119,0.008990089,0.006682085,0.016334627,0.001019574,0.001755594,0.010294991,0.009839479,0.014395313,0.008586871,0.001711418,-0.01711687,0.007320375,0.010975032,0.03737862,0.10058707
/home/multiclass_classification/horse/train/01_111.png,1,0.005314115,0.00491064,0.005429091,0.007214254,0.004161173,0.005971933,-0.003095844,0.006842095,0.003580769,-0.002325963,0.015922401,0.012441777,0.004045025,0.004721372,0.013022805,0.028711736,0.010892844,0.065802656
/home/multiclass_classification/horse/train/06_053.png,1,-0.000552014,0.002732258,0.00140519,0.008245677,0.003469752,0.009379291,-0.002708044,-0.002789301,0.007631957,-0.009648042,0.021835841,0.019275624,0.009088218,-0.002273979,0.013588076,0.0301505,0.03205838,0.098437496
/home/multiclass_classification/horse/train/02_065.png,1,0.00819963,0.003852903,0.008112343,0.000789996,0.003682426,0.007758836,0.01764089,0.00627077,0.003736876,0.003490888,0.007156977,0.014803377,0.002928703,0.006620579,0.008722251,0.004959303,0.026817515,0.061304078
/home/multiclass_classification/horse/train/horse34-7.png,1,0.001941064,0.004617439,0.009758432,0.011000262,0.006294551,0.004782358,-0.004763436,0.004082541,0.013911095,-0.000304496,0.013023196,0.019309089,0.012464835,0.001760201,0.003519336,0.01283946,0.038467318,0.09996121
/home/multiclass_classification/horse/train/07_120.png,1,-0.002584679,-0.000374307,0.001811633,0.004337607,0.002816109,0.000561987,-0.007284707,-0.007697343,0.00729983,-0.00645614,0.017467115,0.009311425,-0.001495421,0.007244356,-0.005241086,0.006944791,0.010549474,0.030631103
/home/multiclass_classification/horse/train/horse01-9.png,1,0.00077696,0.006032461,0.011257226,0.007588226,0.009736164,0.008884838,-0.011137141,-0.002853759,0.002915705,-0.002876395,0.003983398,0.015587349,0.007532403,0.001525081,0.018002482,0.018121012,0.036088582,0.11294001
/home/multiclass_classification/horse/train/01_020.png,1,0.00537387,0.008756569,0.016787712,0.011754859,0.00341841,-0.00083825,-0.003005396,-0.002815542,0.000912665,-0.002699876,0.01268362,0.005717838,0.004349819,-0.026978426,0.014227528,0.01585311,0.015066417,0.058953416
/home/multiclass_classification/horse/train/horse09-3.png,1,-0.001629105,0.003193814,0.011662511,0.00897014,0.007668678,0.01353702,0.006565403,0.004612948,0.005157146,0.018257402,0.015104547,0.015979957,0.00964577,0.008584008,0.016951844,0.040287253,0.022505429,0.10385278
/home/multiclass_classification/horse/train/horse27-0.png,1,0.003647954,0.004196189,0.014311003,0.010015613,0.007086068,0.007717891,0.01099178,0.007863946,0.010749172,0.007761261,0.013285697,0.016384339,0.001010042,-0.001101805,0.02503153,0.01659947,0.03930186,0.09943186
/home/multiclass_classification/horse/train/07_013.png,1,0.002912285,0.005714045,0.004867907,0.008179769,-0.001786916,-0.000723673,-0.005497539,-0.000271227,-0.000554728,-0.005208655,0.018159425,0.022879228,-0.001358068,0.00092163,0.013443373,0.012644092,0.012305121,0.029414905
/home/multiclass_classification/horse/train/03_090.png,1,-0.000993226,0.001608499,-0.002517398,0.000739977,0.004163126,0.009787431,0.001458777,0.004594979,0.0068567,0.008130524,0.021463394,0.018701129,0.013593603,0.01083226,0.028157558,0.01462164,0.03138619,0.111468434
/home/multiclass_classification/horse/train/06_051.png,1,0.00142504,0.000632283,0.00140785,0.003927502,0.00340164,0.014970347,0.006310123,-0.002535109,0.002151205,-0.008078622,0.017013129,0.024582768,0.00615624,0.002287905,0.014414703,0.011658839,0.025751682,0.10561374
/home/multiclass_classification/horse/train/04_023.png,1,-0.00021681,-0.000686378,-0.002908499,0.0080464,0.002599965,-0.006873364,-0.005596268,0.003686519,0.001031348,-0.016541408,0.01910498,0.004435619,0.005471653,0.001802142,0.014543725,0.009881331,0.02697528,0.07947495
/home/multiclass_classification/horse/train/06_077.png,1,0.005717769,0.003298645,0.010049921,0.011574098,0.009234333,0.01591706,0.010749435,0.010655753,0.008142851,0.01371715,0.016517773,0.026199555,0.010367951,-0.008028503,0.016929481,0.007629626,0.029817037,0.09040964
/home/multiclass_classification/horse/train/horse42-0.png,1,-0.000148159,0.001093748,0.00020507,0.005483583,-0.005059612,-0.008667692,-0.005338475,0.00016884,0.004353751,-0.002225277,0.015197046,0.00976126,0.003498445,0.00072685,0.004702626,0.022689704,0.027370658,0.08737207
/home/multiclass_classification/horse/train/9be807ffb0.jpg,1,0.004497395,0.004828776,0.010118967,0.003794535,-0.001945642,0.00060189,-0.000160492,0.006746838,-0.004384155,0.000336292,0.021424398,0.003312513,0.006292835,-0.004329019,0.003189363,-0.008601336,0.011629198,0.04603844
/home/multiclass_classification/horse/train/01_058.png,1,0.004598573,0.006560755,0.017101213,0.003704876,0.006573714,0.006899689,-0.00653638,-0.000232784,0.002785382,-0.004516444,0.018024858,0.01170844,0.005522787,-0.006921176,0.005103051,0.004754318,0.012666024,0.070648395
/home/multiclass_classification/horse/train/horse04-2.png,1,-0.000318333,-0.000931237,0.0029672,0.006868844,0.003401928,-0.011015554,-0.018450607,-0.009600589,-0.001339431,-0.016510665,0.001131494,0.013234526,0.005120057,0.009180929,-0.001557538,0.029382251,0.027622322,0.07555397
/home/multiclass_classification/horse/train/07_086.png,1,-0.000892163,0.003679885,0.008321356,0.00668386,0.006226299,0.001427585,-0.000776266,0.010143836,0.01039847,0.004874691,0.014840888,0.019754104,0.001919722,0.003858574,0.012564993,0.008370459,0.019088302,0.06492043
/home/multiclass_classification/horse/train/horse47-9.png,1,-0.002295751,0.005628611,0.009943369,0.00602323,0.005428742,-0.000823827,-0.00102959,0.00611035,0.00080217,-0.007123444,0.028217513,0.016161488,0.013488403,0.012405318,0.020298153,0.035395093,0.035888545,0.09964078
/home/multiclass_classification/horse/train/horse19-9.png,1,0.002510527,0.000467866,-0.005746593,0.001831045,5.88E-05,0.005354003,0.00044614,0.000976262,0.012347285,0.015953548,0.010037584,0.018290255,0.00208057,-0.004801922,0.017044803,0.008842702,0.028970085,0.08596529
/home/multiclass_classification/horse/train/043c1a0785.jpg,1,0.005335323,0.005822924,0.009456255,0.004933861,0.008282822,0.017291252,0.009616785,0.012322025,0.003970085,0.020316718,0.023386123,0.006309286,0.004880004,0.003672756,0.01939227,0.01284579,0.039431654,0.09627886
/home/multiclass_classification/horse/train/2ee4211382.jpg,1,-0.002221655,0.001312643,0.003033941,0.001955682,0.008988453,0.010803544,0.002254076,0.006372918,0.006518473,0.008890305,0.011295187,0.014824519,0.013117082,0.030331623,0.015164066,-0.007772289,0.017107256,0.056141354
/home/multiclass_classification/horse/train/horse42-6.png,1,-0.000518214,0.000429458,0.004717411,0.00289579,-0.000398653,-0.000531551,0.007059508,0.004919373,0.008462638,0.014097078,0.014109667,0.001285658,0.005231855,0.01727681,0.019763298,0.01623087,0.031368632,0.080816306
/home/multiclass_classification/horse/train/horse37-8.png,1,-0.001615423,0.003045946,0.005314548,-0.003295376,0.005509751,0.002183268,0.004693091,0.004913515,0.009263134,0.009475175,0.027044754,0.009718963,0.006905407,0.008202141,0.03151808,0.010921378,0.0347642,0.091679975
/home/multiclass_classification/horse/train/04_011.png,1,-0.000157108,0.002526155,0.006660142,0.002396008,0.002059762,0.003629375,0.000486725,0.00082319,0.002514884,-0.003872446,0.018624866,0.020112095,0.008437354,-0.017310243,0.013234062,0.005454205,0.029418007,0.08945052
/home/multiclass_classification/horse/train/04_032.png,1,0.004708777,0.00472878,0.010117766,0.011121268,0.003719023,0.002842985,-0.005904073,0.00524229,-0.005956475,-0.010399815,0.01461238,0.002202489,0.009785758,-0.000659689,0.015512436,0.013339468,0.01800582,0.06549409
/home/multiclass_classification/horse/train/03_054.png,1,-0.000879647,0.002835522,0.004748602,0.005294633,0.003465815,0.007124208,-0.005083452,0.000906436,0.006943892,0.008537501,0.012567818,0.000509759,0.005622857,0.010948639,0.018021729,0.021227652,0.022345712,0.09660727
/home/multiclass_classification/horse/train/02_008.png,1,0.004669064,0.005616352,0.009430597,0.007166697,0.004223823,0.006956162,0.007413121,0.003338764,0.005142447,0.006155954,0.014270943,0.010596575,0.000401554,0.010448115,0.004744269,0.027603935,0.03663452,0.1034515
/home/multiclass_classification/horse/train/03_042.png,1,0.002529785,0.003038308,0.006427944,0.004965665,0.001442987,0.008586121,0.002536082,0.007435158,0.007764375,0.012344573,0.017650817,0.01764692,0.009339548,0.006632712,0.01116544,0.024597036,0.03670507,0.09971185
/home/multiclass_classification/horse/train/06_039.png,1,-0.001702722,0.001328368,0.008036501,0.005960304,0.00517531,0.005117691,-0.005095392,-0.001264281,0.002506044,-0.009968998,0.02376774,0.014289023,0.011275618,0.008526416,0.019285861,0.035485394,0.03994435,0.10221347
/home/multiclass_classification/horse/train/horse06-8.png,1,0.002749594,0.001667335,0.005555885,0.004247837,0.005690657,0.017665843,0.000733529,-0.002801224,0.009768258,0.002600804,0.000740497,-0.005601145,0.006341924,0.008892561,0.013883145,0.009557056,0.017315587,0.09356518
/home/multiclass_classification/horse/train/horse44-0.png,1,-0.001700065,-0.00151597,2.25E-05,0.002414189,-0.002194043,-0.008517651,-0.00762474,0.004164199,0.002483536,-0.000175621,0.015263221,0.00938077,0.010457076,0.017136082,0.010496132,0.0344801,0.02580941,0.08349103
/home/multiclass_classification/horse/train/horse30-3.png,1,0.002248856,0.000763038,0.00352202,0.003158908,0.005917238,0.001780916,0.002090738,0.002779705,0.001454687,-0.012907854,0.014598936,0.017480012,0.010280432,0.01759224,0.028134672,0.030497989,0.026327783,0.09972718
/home/multiclass_classification/horse/train/02_075.png,1,0.002374763,0.003339404,0.006010154,0.004065351,0.005370895,0.003830303,0.002810372,8.86E-05,0.006593248,0.011310113,0.012767966,0.001911826,0.003701391,0.004527634,0.019426517,0.023614295,0.03418751,0.10870628
/home/multiclass_classification/horse/train/03_094.png,1,0.000525455,0.00481337,0.009191667,0.002482409,0.00305451,0.000934926,-0.009372111,0.0026955,0.00163808,0.002197691,0.017126855,0.012959354,0.006879027,-0.001949371,0.021287126,0.032973975,0.02693905,0.10189663
/home/multiclass_classification/horse/train/horse29-2.png,1,-0.002356027,-3.58E-05,0.005462536,0.005048786,0.005991017,-0.011534009,-0.007658877,0.000773331,0.006462458,-0.005002337,0.017039213,0.003635297,0.018164465,0.012595241,0.009831467,0.015932197,0.026887618,0.085269004
/home/multiclass_classification/horse/train/horse04-3.png,1,0.002316108,0.001133795,0.013042355,0.009821937,0.003721536,0.000460207,-0.009271091,-0.002751874,0.004296517,-0.001427761,0.011818612,0.022037186,0.005288675,0.009338684,0.003370667,0.023228623,0.021231802,0.08299823
/home/multiclass_classification/horse/train/horse46-5.png,1,-0.001943409,0.003222171,0.007414837,0.001587692,9.37E-05,-3.60E-05,0.003165263,0.005832438,0.003177016,-0.002829484,0.014191324,0.014396114,0.003494492,0.008476969,0.014790374,0.027637105,0.033282384,0.09728782
/home/multiclass_classification/horse/train/horse10-6.png,1,0.005176164,0.007016137,0.015517852,0.004498632,0.008588026,0.029552862,0.015884236,0.012315461,0.011368685,0.01763112,0.016204294,0.015999738,0.008113718,0.000371627,0.035532378,0.032535817,0.033615705,0.098037824
/home/multiclass_classification/horse/train/horse38-3.png,1,0.001035468,0.005201933,0.003809999,0.004791214,-5.62E-05,-0.002576696,-0.008390772,-0.00624893,-0.001395327,-0.01437438,0.005800272,-0.005449037,0.008728454,0.0137505,-0.000365705,0.025856692,0.022507545,0.096469276
/home/multiclass_classification/horse/train/03_063.png,1,0.003816522,0.005189466,0.015200675,0.01008956,0.004983758,0.002887559,0.003156101,-0.002048845,0.008638259,0.016804157,0.009082156,0.009209394,0.007221533,-7.97E-05,0.020444214,0.008304829,0.03272149,0.09135352
/home/multiclass_classification/horse/train/03_022.png,1,0.006212558,0.006969316,0.009321535,0.006721112,0.006930118,0.006082891,0.004445387,-0.001465954,0.005426705,0.000431077,0.017623832,0.024598729,0.008895765,-0.005281137,0.009963736,0.029359058,0.030646304,0.1076386
/home/multiclass_classification/horse/train/05_029.png,1,-0.000964637,-0.002693218,-0.004041405,-0.001588218,-0.003212051,-0.009412104,-0.003994016,-0.003041636,0.011025712,0.004564019,0.007232873,-0.003597393,0.010032449,0.013872272,0.010576483,0.030670686,0.02962586,0.072461106
/home/multiclass_classification/horse/train/horse48-6.png,1,0.005011254,0.004755657,0.01654169,0.008632634,0.007311618,0.010202972,0.013623282,0.007051542,0.011290859,0.036918066,0.026797226,0.019244453,0.007075656,0.005471137,0.024722064,0.033839755,0.029056318,0.1042416
/home/multiclass_classification/horse/train/horse43-1.png,1,0.008518479,0.004072047,0.000714574,0.006741398,0.002959538,0.007578876,0.007436421,0.009218507,0.006416039,-0.005598702,0.007221893,0.020446729,0.004306549,-0.003600098,0.013466194,0.006063398,0.029056601,0.086055584
/home/multiclass_classification/horse/train/horse23-9.png,1,0.001769658,0.006302848,0.007551459,0.007464347,-0.000156798,-0.000390206,-0.001561907,-0.003096748,0.004159887,-0.012254578,-0.004539621,0.003913384,0.001501071,-0.001035128,0.015386051,0.01564865,0.025586426,0.056268964
/home/multiclass_classification/horse/train/horse43-5.png,1,0.001485466,0.00514382,0.014342107,0.008484502,0.002141709,-0.008675274,-0.006486372,-0.002881214,0.002162649,4.07E-05,0.014026138,0.000676197,0.00710393,0.009689541,0.016224016,0.002381264,0.030391026,0.0889911
/home/multiclass_classification/horse/train/horse20-3.png,1,-0.000163454,0.001048915,0.013313633,0.010641441,0.002150523,0.003358743,0.003873201,0.002285352,0.007028685,0.016601458,0.024282679,0.012237437,0.010730117,0.028579671,0.032891504,0.027989976,0.0320576,0.11247979
/home/multiclass_classification/horse/train/01_068.png,1,0.002686664,0.002810916,0.008860271,0.008498919,0.004977513,0.012099301,0.008153873,0.005904113,0.002070033,-0.004202133,0.021052357,0.017637227,0.008943901,0.003638945,0.00752404,0.03572908,0.023042198,0.09400734
/home/multiclass_classification/horse/train/8d296dbe0a.jpg,1,0.007507024,0.002937534,0.002837166,0.014292915,0.007368761,0.012340257,0.022363242,0.019043477,0.006302763,0.026229281,0.024196666,0.012105198,0.009699555,0.012877355,0.019051317,0.014434869,0.02164111,0.0701859
/home/multiclass_classification/horse/train/03_059.png,1,9.24E-07,-0.000494138,0.008075252,0.004030404,-0.001066918,0.004899041,-0.005340902,0.003206589,0.0067192,-0.009136151,0.01702322,0.013985237,0.003727648,0.01862285,0.010008894,0.017368507,0.021077659,0.08610879
/home/multiclass_classification/horse/train/02_077.png,1,0.004125169,0.001367296,0.006170083,0.00628011,-0.000169273,-0.004055242,-0.002372542,-0.00152248,0.003284762,0.005345328,0.01955523,-0.003964962,-0.002520357,0.019882506,0.00543671,0.017202873,0.026835646,0.073352315
/home/multiclass_classification/horse/train/02_092.png,1,0.005812239,0.004922167,0.009787827,0.011855214,0.005063551,0.005138066,0.013668301,0.006483996,0.009424696,0.02226134,0.017279683,0.006647829,0.012826062,0.026027994,0.023486828,0.045051187,0.03356996,0.1185634
/home/multiclass_classification/horse/train/horse06-2.png,1,0.002175912,0.000737755,0.009944995,0.012575165,0.004975956,0.007149802,-0.012279389,-0.01173288,0.000434075,-0.012454843,0.009660307,0.012953055,0.005405692,0.011662625,0.012027396,0.009443862,0.023898993,0.10933266
/home/multiclass_classification/horse/train/02_074.png,1,0.005981134,0.003739288,0.008923736,0.004086406,0.001246929,0.001903306,0.003977948,0.002923744,0.000750158,-9.28E-05,0.008732375,0.010673768,0.00275561,0.001212237,0.010348047,0.018386878,0.029726,0.0992783
/home/multiclass_classification/horse/train/04_007.png,1,0.000622939,0.001131098,0.001907904,0.010782011,0.002563336,0.003144123,0.000572268,-0.005445449,-0.003949706,-0.018819392,0.018949233,0.007657618,0.012320242,0.025082832,0.02108783,0.034166116,0.031121321,0.09578526
/home/multiclass_classification/horse/train/01_087.png,1,-0.00115223,0.000400861,0.00124538,-0.003420919,0.001451178,-0.004547319,0.003160135,-0.006000629,0.001629351,-0.000218326,0.000395669,0.009662492,0.00347058,0.006885175,-0.003844606,-0.000218722,0.01558066,0.08981997
/home/multiclass_classification/horse/train/07_039.png,1,8.85E-05,0.00130298,0.00666577,-7.99E-05,-0.001992451,0.003021887,0.000604667,0.001160427,0.003289296,0.013361859,0.013509582,0.012461901,0.002524537,-0.003625511,0.016523164,-0.005563697,0.021813484,0.079864815
/home/multiclass_classification/horse/train/horse28-4.png,1,0.001266993,0.001131897,0.01464315,0.005326443,0.008099365,0.005783789,0.005432821,-0.00365731,0.008044459,-1.38E-05,0.011026256,0.024391182,0.006062735,-0.000809294,0.002575118,0.044685427,0.031048914,0.09788595
/home/multiclass_classification/horse/train/01_062.png,1,0.004137138,0.006068812,0.021524616,0.012329521,0.006145151,0.005807675,0.00669091,-0.003713325,0.005240717,-0.000304967,0.018626578,0.011287276,0.00959222,0.009059209,0.018079126,0.034144394,0.028535236,0.061393686
/home/multiclass_classification/horse/train/horse27-3.png,1,0.002592563,0.00465077,0.010104621,0.000437035,0.009334517,0.012153336,0.005236001,0.002373166,0.005112358,0.00401131,0.01635069,0.01765052,0.009842732,0.009790112,0.004739286,0.025880557,0.033763934,0.097745925
/home/multiclass_classification/horse/train/horse36-2.png,1,0.004608098,0.004484409,0.006903963,0.012556801,0.00631761,0.003160645,-0.003683754,0.00420928,0.007281099,0.008949924,0.024901064,0.009310121,0.008258164,0.026582364,0.012283299,0.03984444,0.034355544,0.11049616
/home/multiclass_classification/horse/train/07_069.png,1,0.006286298,0.001497553,0.005970236,0.009509658,0.000707826,0.007602105,-0.005518721,-0.002252837,0.001120419,0.008527516,0.009763474,0.016768929,1.64E-05,-0.007212323,-0.003573036,-0.00277214,0.007424406,0.028328318
/home/multiclass_classification/horse/train/horse38-8.png,1,-0.002012444,0.000832366,0.006236102,0.002585776,-0.001436614,0.00318003,0.007804811,0.009670542,0.006244131,-0.004445059,0.020337164,0.000165386,0.009582818,-0.003215824,0.022502106,0.025269121,0.03336765,0.09559567
/home/multiclass_classification/horse/train/horse40-3.png,1,0.002046066,0.004285746,0.006160739,0.004687085,3.56E-05,0.000331564,-0.001612496,-0.001697506,0.001977315,-0.000873694,0.015389287,-0.003720967,0.005020984,0.009693693,0.01099009,0.023096252,0.034950256,0.1159283
/home/multiclass_classification/horse/train/06_047.png,1,-0.002398456,0.002473907,0.012134342,0.001251524,0.000437698,0.003430676,-0.011016285,-0.005008258,-0.000336925,-0.016025621,0.006562245,0.004284049,0.006166912,-0.008318212,-0.003963539,0.03531761,0.023991179,0.09021784
/home/multiclass_classification/horse/train/07_117.png,1,0.003950688,0.005402579,0.017275319,0.007054561,0.004796241,0.006319758,0.002356131,0.0095204,0.001176123,0.004987864,0.018097231,0.013763095,0.004126394,-0.008791984,0.009823094,0.009205946,0.00884453,0.026748398
/home/multiclass_classification/horse/train/horse01-8.png,1,0.002311336,0.00143556,0.002126705,-0.000335637,0.006039087,0.001729964,-0.010260966,-0.001636935,0.004366635,-0.0107815,0.019029103,0.013186358,0.006690756,0.008724862,0.010304853,0.027542405,0.024991758,0.08953868
/home/multiclass_classification/horse/train/horse23-1.png,1,0.002277387,0.00549813,0.009837911,0.002762214,0.001930456,0.012157808,0.002391715,0.004557941,0.004888216,0.004397838,0.017604768,0.014683615,0.004959605,0.006922101,0.020348603,0.03521349,0.017787686,0.05315327
/home/multiclass_classification/horse/train/horse45-6.png,1,-0.002792684,0.001358636,0.010730304,0.001693033,0.00633462,0.012295939,0.007580909,0.008208551,0.008882055,0.009197918,0.018584196,0.019878138,0.010322836,0.007451766,0.038031228,0.03555392,0.03356555,0.09236245
/home/multiclass_classification/horse/train/03_060.png,1,0.000312992,0.004313273,0.004077394,0.003958562,0.002070905,0.002362687,-0.005638511,9.42E-05,0.002434668,-0.00347421,0.009592546,0.017580327,0.012165389,0.006920951,0.018160997,0.035204962,0.032032453,0.10880165
/home/multiclass_classification/horse/train/03_009.png,1,0.000765879,0.002016406,0.003933952,0.004833407,0.004853722,0.007785358,0.003637765,0.000645873,0.007803258,0.021931227,0.008253984,0.013322516,-0.001844135,0.028555948,-0.001700607,-0.000696754,0.015947087,0.066240944
/home/multiclass_classification/horse/train/01_008.png,1,-0.001138716,0.007123884,0.010239847,0.004897368,0.008384109,0.005636522,0.004299765,-0.000502436,0.008603811,0.002552979,0.029533114,0.02412366,0.011488558,-0.008895295,0.013234147,0.04166714,0.030597983,0.09954791
/home/multiclass_classification/horse/train/horse25-3.png,1,-0.002730282,0.00453213,0.00693923,0.009102281,0.006670891,-0.000523288,0.004231431,0.008646861,0.018753754,0.018531706,0.017749887,0.019734075,0.005616666,0.018793225,0.017189033,0.015198409,0.029338088,0.09298937
/home/multiclass_classification/horse/train/06_118.png,1,0.000474264,0.005741219,0.010456136,0.008546922,0.003481768,0.014145707,0.005283226,0.003265925,0.00360986,0.00802239,0.006727064,0.002008192,-0.000333807,-0.008801245,0.000979449,0.027673665,0.019044619,0.055788152
/home/multiclass_classification/horse/train/horse30-5.png,1,0.000528204,-0.000125522,0.005360873,0.004894853,0.004711156,-0.00044228,-0.008064914,0.000945061,0.00537314,-0.007148401,0.006839835,0.01697704,0.011673169,0.008238186,0.001219534,0.03586366,0.027051894,0.08904602
/home/multiclass_classification/horse/train/07_018.png,1,0.004492446,0.005144076,0.014332375,0.007585613,0.00312757,-0.009949155,-0.003277251,-0.00817107,-0.000871771,-0.008543041,0.016340371,0.003961692,0.001756277,0.003886944,-0.001372773,0.009853052,0.013017532,0.052822918
/home/multiclass_classification/horse/train/04_010.png,1,-0.002058411,0.003471121,0.011024084,0.008996241,0.004138652,-0.000221723,-0.00766545,-0.00480848,0.001696949,-0.02569098,0.02065207,0.005710293,0.006759295,-0.009898705,0.01193965,0.007206271,0.031174134,0.08460759
/home/multiclass_classification/horse/train/06_102.png,1,-0.000174914,-0.000560261,0.00376138,0.00261746,-0.001801611,0.005501299,0.007901307,-0.003278372,0.002788849,-0.000882008,0.009610063,0.003875837,-0.003913962,-0.012357409,0.003927464,0.009156212,0.029557386,0.072671324
/home/multiclass_classification/horse/train/01_089.png,1,0.000199847,0.005103231,0.011620629,-0.001042378,0.000475588,0.008986071,-0.003142454,-0.002529474,-0.000752003,0.000622848,0.02491201,0.019900784,0.014570249,0.002328647,0.031259872,0.03288618,0.032990072,0.115868285
/home/multiclass_classification/horse/train/05_052.png,1,0.006271875,0.003785886,-0.001367553,0.006513178,-0.000450031,0.001828039,0.003725197,0.005053043,0.002345592,0.005409224,0.011107191,-0.002459241,-0.002646765,0.010809656,-0.014304617,0.003021865,0.023355717,0.10227881
/home/multiclass_classification/horse/train/06_031.png,1,-0.001270085,0.003420053,0.007209494,0.007210421,0.004308412,0.001981247,0.006438042,0.012297623,0.004233251,0.006693527,0.012002675,0.026297815,0.001436301,0.016265672,0.02163411,0.025604347,0.030119978,0.10276089
/home/multiclass_classification/horse/train/horse32-9.png,1,-0.00350001,0.003365892,0.005002929,0.006056969,-0.000288485,0.001478216,-0.008636444,0.000750613,0.001345197,-0.01100586,0.012791226,0.011651833,0.000344239,0.007114606,0.002635974,0.013719535,0.026970435,0.093739584
/home/multiclass_classification/horse/train/horse18-8.png,1,-0.000199644,0.006196234,0.008225402,0.006672076,-2.12E-05,-0.00404929,-0.000357982,-0.004492715,-0.003779769,-0.015451647,0.011624301,0.019000083,0.010287653,-0.009707513,0.015865685,0.011569094,0.029568905,0.110187575
/home/multiclass_classification/horse/train/4b645b5ff4.jpg,1,0.001700248,0.001090394,0.00495575,-0.00031848,0.000790533,-0.000675446,-0.003666114,0.000461524,0.003515198,0.002537102,0.019792939,0.011029661,0.007160259,-0.004221152,0.015475643,0.016698435,0.012583084,0.08531972
/home/multiclass_classification/horse/train/horse36-7.png,1,0.002731047,0.002473404,0.01084148,0.013048907,0.003350572,-0.007613101,-0.007793696,-0.000257853,0.002234181,-0.006755212,0.016572934,-0.004276207,0.007427089,0.031062135,0.021092627,0.02050569,0.04140746,0.110817194
/home/multiclass_classification/horse/train/02_073.png,1,0.006491685,0.00564597,0.009269111,0.008103236,0.00195447,0.010851901,-0.00254216,-0.000706711,-0.000974156,-0.007971299,0.030482879,0.015446136,0.005780445,-0.000640989,0.007506494,0.037453525,0.035711687,0.113417126
/home/multiclass_classification/horse/train/horse40-8.png,1,0.002505059,0.006652938,0.011186024,0.006386664,-0.001846028,0.000106505,0.005213747,-0.001189318,-0.00525007,0.020392222,0.017045526,0.01400876,0.002708194,-0.004229995,0.006128797,0.010146399,0.023652688,0.07364544
/home/multiclass_classification/horse/train/01_037.png,1,9.83E-05,0.002038546,0.004755314,0.002004224,0.000954909,0.007736846,0.002040623,0.003861754,0.003533952,0.012750637,0.017631132,0.016875539,0.003133419,0.011410663,0.013889195,0.019962352,0.022334933,0.08854004
/home/multiclass_classification/horse/train/07_052.png,1,0.004188797,0.001889626,0.008359268,-0.001652148,-0.001732769,0.008416091,0.005711631,-2.97E-06,0.001904978,-0.010993903,0.009074872,0.006445736,0.005466493,-0.008483284,0.010616867,0.017353144,0.029642517,0.08272332
/home/multiclass_classification/horse/train/01_070.png,1,0.00539826,0.002792779,0.009111946,0.011073105,0.006375006,0.007123681,-0.004330522,0.003985729,0.001696432,-0.007402732,0.010961535,0.010534491,0.012707721,0.000347389,0.020037804,0.016423604,0.031868607,0.0856505
/home/multiclass_classification/horse/train/03_038.png,1,0.004760074,-0.00055197,0.000839241,-0.00180258,0.006736923,0.010041437,0.003129404,-0.000136915,0.003528846,0.011609942,0.016137414,0.019000422,0.008196782,0.012388191,0.018837195,0.02619461,0.03803233,0.10079475
/home/multiclass_classification/horse/train/03_093.png,1,-0.003560014,0.00066322,0.005167185,0.006720018,0.000164649,0.000838797,-0.009134467,0.005204688,0.003733572,-0.001844318,0.016917974,0.009936401,-0.000940685,0.005270932,0.018042475,0.02405305,0.021799687,0.11319356
/home/multiclass_classification/horse/train/02_033.png,1,0.001712693,0.002692224,0.008795872,0.006076468,-0.00752491,0.002976163,0.002270812,-0.000799688,0.003623964,0.013395416,0.015280674,0.00352412,0.001371503,0.005469868,0.01939855,0.015120074,0.03622144,0.103180215
/home/multiclass_classification/horse/train/horse24-4.png,1,-0.000398597,0.002534866,0.007206902,0.00745978,0.005002163,0.006488292,-0.001746032,-0.009165378,0.004275474,0.000359407,0.009069951,0.015475155,0.000669452,-0.012087328,0.01139112,0.009813795,0.026814159,0.08756532
/home/multiclass_classification/horse/train/06_065.png,1,0.002519096,0.001564156,0.005783123,0.006641787,0.004155138,-0.006962264,-0.010842491,-0.002878107,-0.002290173,-0.016138816,0.008249,0.008582991,0.006634946,-0.017290689,0.018772515,0.027734846,0.027719945,0.084580526
/home/multiclass_classification/horse/train/horse17-1.png,1,0.002182205,0.003354463,0.009101994,0.00029206,0.00481034,0.019296525,0.007303658,-0.001204457,0.00105435,0.00693123,0.015527068,0.017035175,0.007675757,0.004061076,0.006443065,0.037244417,0.028067637,0.10319198
/home/multiclass_classification/horse/train/07_087.png,1,0.000520875,5.30E-05,-0.00108272,0.006125297,-7.17E-05,0.000950125,0.001130951,0.004409029,0.006116058,0.004112506,0.021246716,-0.003498816,-0.008828442,-0.013829337,-0.001513006,-0.006824325,0.018919956,0.052957576
/home/multiclass_classification/horse/train/horse17-6.png,1,0.000955518,0.004945111,0.010186144,0.007236478,0.005213521,0.003801613,0.004160284,-0.001060376,0.002629768,-0.001651879,0.030458529,0.004125428,0.014956909,-0.000387646,0.025619473,0.04579537,0.033952378,0.10294281
/home/multiclass_classification/horse/train/05_026.png,1,-0.001260925,0.001958484,0.00987624,0.001202776,-0.003778436,-0.010794396,-0.004002602,-0.003146463,0.001790603,-0.007684123,0.015554739,-0.001416577,-0.0010207,-0.00530218,-0.006200652,0.007476958,0.029542739,0.0720837
/home/multiclass_classification/horse/train/07_073.png,1,0.004240088,-0.000302776,-0.001129978,-5.86E-05,0.001471724,0.001228083,0.005669394,0.002686151,0.006665939,0.00604763,0.006257165,0.012682239,-0.008601376,-0.003350523,0.015542259,0.018483598,0.02492911,0.077518605
/home/multiclass_classification/horse/train/01_027.png,1,0.006522726,0.00744921,0.022923417,0.008060146,0.006014754,0.010762296,0.001934441,-0.004111683,0.006610526,-0.001229907,0.007646271,0.017625399,0.004497484,-0.010649375,0.015130115,0.015726306,0.021329286,0.07977113
/home/multiclass_classification/horse/train/0f77c9f912.jpg,1,0.005665578,0.004638151,0.001648991,0.006951517,0.007048086,0.003129803,-0.001707257,0.009582588,0.003524841,0.004857486,0.024555719,0.024109617,0.010479376,0.013503118,0.011499955,0.009730244,0.02197668,0.09799256
/home/multiclass_classification/horse/train/02_085.png,1,0.003422506,0.006880705,0.015059995,0.001342536,0.004931571,0.013267712,0.005601513,-0.000755449,0.004259065,0.006378997,0.020923931,0.021723378,0.010934426,0.02138522,0.013775157,0.023378903,0.035916604,0.10836324
/home/multiclass_classification/horse/train/8c307b1226.jpg,1,0.002445992,0.004123463,0.007284971,0.005750306,0.004275678,0.009216372,0.007096296,0.00019768,0.006511632,0.004294938,0.008651841,0.012646875,0.008289767,-0.005274914,0.009974103,0.030598115,0.034013838,0.090049624
/home/multiclass_classification/horse/train/horse30-0.png,1,0.00309307,0.004622147,0.007178993,0.00823223,0.003360399,0.013273157,-0.000257771,-0.001884764,0.007968297,0.011118749,0.021031462,0.015253855,0.002391698,0.002795949,0.02240749,0.011917289,0.03821484,0.08736203
/home/multiclass_classification/horse/train/06_057.png,1,-6.00E-05,0.005414859,0.008958975,0.007975733,0.004556596,0.00769177,-0.001047891,-0.001673062,0.002243275,0.0004348,0.017792182,0.012479233,0.008805437,0.010907484,0.015147626,0.018484943,0.02851209,0.091106996
/home/multiclass_classification/horse/train/horse13-1.png,1,0.003292141,0.007058659,0.007170136,0.008425318,0.005418439,0.012001757,0.009160587,-0.000802527,0.002242443,0.004814604,0.023731282,0.016570594,0.009705482,0.014319436,0.025848348,0.050213248,0.038235437,0.12618554
/home/multiclass_classification/horse/train/07_096.png,1,-0.001475062,-0.000822828,0.000778286,-0.002915472,-0.002190983,0.004230076,-0.002392669,0.000959399,0.00322431,-0.001458148,0.017666971,0.003583275,0.002195736,-0.0036599,-0.002588831,0.014674719,0.025648525,0.056764677
/home/multiclass_classification/horse/train/horse31-1.png,1,0.002962791,0.002830154,0.007476501,0.010996157,0.002805917,0.000757873,-0.006260227,0.001624242,-0.003096536,-0.000362368,0.00783628,0.011913572,0.011053568,-0.008324874,0.00363048,0.029225528,0.03265556,0.10755454
/home/multiclass_classification/horse/train/horse38-7.png,1,-0.000732128,0.000859977,0.002666361,0.007799242,0.000261809,-0.006088614,-0.007377973,0.005931543,0.001785367,-0.001339737,0.021034801,-0.001730433,0.012991818,0.031863514,0.012873756,0.012330691,0.028157525,0.106486395
/home/multiclass_classification/horse/train/01_046.png,1,0.00225366,0.005022333,0.010804003,0.003300024,-0.001308057,-0.001075307,-0.014027608,-0.000654673,-0.004515538,-0.016450044,0.019611843,0.002284671,0.004375427,-0.016599169,0.010522613,0.025964115,0.021318639,0.08442001
/home/multiclass_classification/horse/train/horse47-8.png,1,-0.002037525,0.003997449,0.004427232,0.004109676,0.005512674,0.011463782,0.012503143,0.000660912,0.002725974,0.021848392,0.012157403,0.015692603,0.006201445,0.012130968,0.017830469,0.029772835,0.040784672,0.12756778
/home/multiclass_classification/horse/train/07_074.png,1,0.002326449,0.003763411,0.015346107,0.006427557,0.007387477,0.016107164,-0.003986065,-0.002873709,0.012623658,-0.000370335,0.009653007,0.025035098,-0.002067179,0.005774089,-0.007688082,0.020456593,0.015092664,0.054890253
/home/multiclass_classification/horse/train/01_106.png,1,0.006039876,0.003012516,0.008891556,0.008152006,0.008581054,0.02298583,0.012406128,0.003912503,0.00846397,0.014280634,0.014612075,0.011208545,0.00456743,-0.0017152,0.01657604,0.041759968,0.024507878,0.08480054
/home/multiclass_classification/horse/train/03_033.png,1,0.001802631,0.005598926,0.001468218,0.007342097,0.006179648,0.003009613,0.001466994,0.000783202,0.001921588,-0.004996582,0.021841371,0.01080455,0.012892347,-0.001050195,0.014588691,0.02065185,0.031360425,0.09868376
/home/multiclass_classification/horse/train/horse24-7.png,1,5.54E-05,0.003189242,0.006073853,-0.001283788,0.001679408,-0.004898954,-0.010177314,-0.004607422,0.002990873,-0.009973821,0.014775183,0.009595005,-0.000644004,-0.006363141,0.008520974,0.03390495,0.02601664,0.059909403
/home/multiclass_classification/horse/train/01_065.png,1,-0.001734624,0.00597196,0.017506849,0.005969252,0.001950869,0.005006563,0.001818643,-0.003843436,0.006335058,-0.010567665,0.015629562,0.007611708,0.009615902,0.008832716,0.012049479,0.015190953,0.025097577,0.06207582
/home/multiclass_classification/horse/train/06_067.png,1,-0.000980467,0.001976159,-0.004794168,0.001837072,0.003307197,0.002934621,-0.002168022,-0.00431841,0.010627994,0.002638957,0.019493591,0.011385913,0.007534251,0.000284804,0.017106844,0.027609989,0.022937676,0.09208974
/home/multiclass_classification/horse/train/horse09-6.png,1,0.005721166,0.00142564,0.000687674,0.001461596,0.003430769,0.001417623,-0.012082271,0.001340343,-0.00202268,-0.02525926,0.007397361,0.01648615,0.008357692,-0.001812981,0.021903165,0.03237606,0.029112205,0.10633132
/home/multiclass_classification/horse/train/07_116.png,1,-0.001824332,-0.001807567,-5.49E-05,0.001435384,9.95E-05,0.000957929,-0.009687195,-0.000881988,-0.004897435,-0.015302279,0.00799113,0.000774104,-0.004840329,0.006346182,0.004320541,0.02782334,0.023506086,0.08378753
/home/multiclass_classification/horse/train/03_106.png,1,0.001724291,0.001680124,0.004640416,-0.001262815,0.009823985,0.024803687,0.018492736,0.007159766,0.009567699,0.018740904,0.004999869,0.02426089,0.008829203,0.000851499,0.019176722,0.022204796,0.03727156,0.09900981
/home/multiclass_classification/horse/train/03_039.png,1,0.003083812,0.004594225,0.016349893,0.00786343,0.00467441,0.000555948,0.003001058,-0.009048864,0.004921571,0.000206304,0.014692055,0.009149058,0.01171281,0.010945261,0.015637904,0.02959908,0.019946069,0.07945861
/home/multiclass_classification/horse/train/06_030.png,1,0.001428142,0.002830879,0.016567308,0.002465627,-0.002799925,0.00794581,0.004468412,0.002564397,0.000158804,0.00804536,0.013128226,0.011909077,0.006273024,-0.009313163,0.01786435,0.010660427,0.036456164,0.088683896
/home/multiclass_classification/horse/train/horse18-0.png,1,0.00401493,0.000371768,0.005013309,0.010978665,0.002600779,-0.003522343,-0.001072634,-0.005018526,0.004168485,-0.021681737,0.00473974,0.010746712,0.000235843,-0.011197913,0.011684286,0.020140205,0.023203235,0.09818292
/home/multiclass_classification/horse/train/01_100.png,1,0.001390267,0.004125738,0.0099413,0.011580342,0.005714836,0.008505595,0.003734417,0.001725716,0.009547396,0.00898282,0.017984018,0.010489597,0.00453071,-0.007061802,0.005756576,0.016129633,0.02172339,0.08164409
/home/multiclass_classification/horse/train/horse15-0.png,1,0.004422561,0.002448872,0.004897154,0.0043607,0.005333742,0.005380581,0.009922612,4.84E-05,0.008431846,0.01267009,0.02264174,0.017226066,0.005728247,0.0038864,0.012040714,0.031832274,0.034730595,0.10795967
/home/multiclass_classification/horse/train/horse09-7.png,1,0.004598057,0.006923991,0.016046204,0.005835362,0.005423466,0.005004026,-0.011211296,0.000801139,-0.003349191,-0.01574923,0.018254416,0.028033482,0.011648903,0.005615527,0.030988738,0.03749062,0.028862733,0.101908445
/home/multiclass_classification/horse/train/horse32-4.png,1,0.00127921,0.000966244,0.005180577,0.010134781,-0.000485304,-0.006974322,-0.011378719,-0.001905698,-0.001567635,-0.021725103,0.007114053,0.005673937,0.002012507,0.001211563,-0.005588102,0.006183135,0.022095684,0.07745379
/home/multiclass_classification/horse/train/06_109.png,1,0.000251204,0.003478319,0.005966055,0.005865013,0.002864202,-0.002370591,0.00598493,-0.00470527,-0.001879479,-0.005501209,0.018459508,0.006183988,0.009127947,0.002434595,0.004926323,0.024725,0.028664354,0.08194026
/home/multiclass_classification/horse/train/horse26-5.png,1,0.00412907,0.004810625,0.007857204,0.001085789,0.00703532,0.0150367,0.009329528,0.005207895,0.014471225,0.017461196,0.024066545,0.022210654,0.008433019,0.015472796,0.001490627,0.028062508,0.025219843,0.07256639
/home/multiclass_classification/horse/train/16db12d247.jpg,1,0.010073205,0.002668746,0.002669575,0.008176136,0.006875288,0.006036637,0.011237334,0.004805441,0.009033479,0.010411885,0.02800377,0.007989933,0.009894542,-0.001841927,0.027439252,0.013142444,0.021533879,0.08946129
/home/multiclass_classification/horse/train/03_102.png,1,0.00456324,0.005045101,0.007206571,0.013094901,0.007358161,0.005498183,0.006503556,0.001749442,0.00256367,0.006710263,0.016633622,0.018000416,0.007991819,-0.00734067,0.016120424,0.03379405,0.029645346,0.094836354
/home/multiclass_classification/horse/train/horse41-7.png,1,0.000865343,0.005774809,0.00788859,0.002174053,0.004768931,0.006058857,-0.000653014,0.008570711,0.001300194,0.002816376,0.020870196,0.011443606,0.009773975,0.004344869,0.015721893,0.016837483,0.036871452,0.088399775
/home/multiclass_classification/horse/train/06_056.png,1,-4.48E-05,0.001852498,0.004163303,0.00843771,0.003301545,-0.003591181,-0.011486888,-0.000640703,-0.003902711,-0.010557985,0.025497347,0.001830446,0.008995886,-0.010941599,0.011476589,0.020508181,0.03192379,0.094796136
/home/multiclass_classification/horse/train/horse39-1.png,1,0.00060628,0.000968822,0.005848112,0.006762334,0.006086174,0.005385491,-0.010608177,-0.000269285,0.000614077,-0.011548722,0.015661787,0.023260582,0.009092214,0.0156735,0.02395058,0.035981875,0.034830943,0.120538756
/home/multiclass_classification/horse/train/05_031.png,1,0.002864102,0.001940737,-0.004823855,0.000636637,0.008577745,0.008329808,0.006232855,0.004604707,0.008944728,0.012378265,0.024495695,0.02054558,0.002712879,0.012344968,0.024795849,0.016048022,0.033934418,0.077234484
/home/multiclass_classification/horse/train/07_042.png,1,-0.000926685,0.004176574,0.004694304,0.007435893,0.009720531,0.012801941,0.002833673,0.003274982,0.006686602,0.003500613,0.02574096,0.004277628,-0.00144184,0.004234465,0.017470177,0.006772097,0.010971256,0.06361256
/home/multiclass_classification/horse/train/0b4957c78a.jpg,1,0.002809561,0.006580832,0.017506856,0.007226048,0.004749388,-0.002721687,-0.000150867,0.001876533,0.009884626,-0.002818491,0.00351296,0.008851672,0.001089374,-0.003321311,0.000772045,0.015432015,0.016921807,0.080973856
/home/multiclass_classification/horse/train/07_079.png,1,0.005445423,0.004406394,0.006993563,0.002122407,0.001115463,0.006909568,0.007305787,0.002024964,0.003572508,0.012608677,0.005113733,0.005910808,-0.004024333,-0.005266159,-0.007886064,0.009972218,0.010236103,0.03742523
/home/multiclass_classification/horse/train/02_061.png,1,0.003780922,0.001629363,0.00206847,0.00769669,0.007775907,0.015215158,-0.000931522,-0.002166109,0.010144377,0.002218163,0.006789727,0.010183632,0.004575527,-0.002384268,0.031260304,0.038053967,0.03782861,0.11013895
/home/multiclass_classification/horse/train/07_097.png,1,-0.000463146,-0.002011015,0.004134959,-0.000244759,-0.002712584,0.003207917,-0.004795232,-0.003653723,0.007889811,0.004714792,0.01221404,0.0123126,0.004333695,-0.00824823,0.008564595,0.010029813,0.018415505,0.0702811
/home/multiclass_classification/horse/train/horse43-3.png,1,-0.005331657,0.003791709,0.005574919,0.001358281,-0.001534362,0.000369052,-0.0174056,-0.006081415,-0.004349116,-0.006529368,0.011263464,-1.97E-05,0.004537352,-0.00389017,0.007691852,0.026095085,0.023957703,0.0924398
/home/multiclass_classification/horse/train/72c7b5ca0b.jpg,1,0.006002177,0.0022561,0.010813801,0.008592943,0.006491761,0.025571065,0.025659803,0.017799567,0.011976305,0.02336378,0.022029934,0.013853418,0.003867649,0.01452585,0.025203187,0.027006567,0.033134505,0.11158246
/home/multiclass_classification/horse/train/01_025.png,1,-0.000200081,0.001776892,0.002381398,0.003997723,0.0033086,0.008538293,0.003387369,0.000307467,0.00089557,0.02743717,0.010185635,0.008659601,0.004794081,0.005214371,0.02469454,0.026551504,0.03581432,0.08530694
/home/multiclass_classification/horse/train/02_088.png,1,0.005647525,0.004540926,0.011082592,0.006821833,0.003271869,0.015604226,0.011679607,0.011638831,0.013569851,0.022369642,0.016641987,0.007442746,0.005845274,0.012639789,0.00904649,0.01385743,0.03593532,0.07395039
/home/multiclass_classification/horse/train/horse29-3.png,1,-0.001206974,0.002604229,0.0029241,0.009498702,0.004206752,-0.007137592,-0.013096973,-0.003935552,0.004271972,-0.008284433,0.009913491,0.004790806,0.007393044,0.013229276,0.006136566,0.01856123,0.02062637,0.08689151
/home/multiclass_classification/horse/train/06_054.png,1,0.00121921,0.006322323,0.011450613,0.011639998,-0.003090491,-0.001785226,-0.007753112,-0.001705222,0.003001578,0.015351218,0.018423878,0.025319945,0.00567031,0.002871,0.019761767,0.013069203,0.023159593,0.07123329
/home/multiclass_classification/horse/train/horse03-1.png,1,0.001269636,0.005081581,0.005984175,0.007249314,0.010915284,0.011194238,0.006279307,0.00718505,0.004848735,0.000970271,0.014825003,0.024697851,0.008929211,0.010932861,0.024906948,0.027734183,0.024508208,0.09137029
/home/multiclass_classification/horse/train/horse18-5.png,1,0.000573993,0.001796156,0.00582354,0.006297601,0.002122132,-0.004407726,-0.006654847,-0.005923709,0.001059832,-0.019861098,0.007879361,0.008647494,-0.000551951,-0.009818796,-0.009325871,0.013909183,0.029731609,0.08830367
/home/multiclass_classification/horse/train/03_051.png,1,-0.001953347,0.00087293,0.004115821,0.003111433,0.002886649,0.004064873,0.001154002,-0.000346683,0.001179456,0.014862994,0.022693723,0.011250203,0.006623792,0.003407073,0.009590413,0.009259708,0.01856197,0.05699337
/home/multiclass_classification/horse/train/06_107.png,1,0.001522696,0.004528199,0.009638237,0.003144341,0.001266581,0.010013104,0.003699213,0.002787754,0.005524237,0.008233372,0.011778418,0.00526364,0.003671852,0.014338229,0.00394796,0.012133879,0.023391485,0.07947301
/home/multiclass_classification/horse/train/horse48-5.png,1,0.000289173,0.007200775,0.012114227,0.009421907,0.004436665,0.013523944,0.010551793,0.006283848,0.013325923,0.03676042,0.024227446,0.023643693,0.012784582,0.006751109,0.017969888,0.03832902,0.028890092,0.10730269
/home/multiclass_classification/horse/train/horse32-6.png,1,-0.00175151,0.003305512,0.012030706,0.007164135,0.00280937,0.002579778,-0.002734406,-0.008204409,0.003233537,-0.016944008,0.013269233,0.013878998,0.001083373,0.003591501,0.009156292,0.016443629,0.028663494,0.11519964
/home/multiclass_classification/horse/train/horse48-3.png,1,0.004862725,0.000524321,0.003304767,0.003413049,0.004241016,0.021662053,0.018764352,0.006100151,0.005988307,0.017120866,0.011056477,0.018386103,0.009351291,0.014721288,0.032998107,0.043398697,0.041212983,0.11922832
/home/multiclass_classification/horse/train/horse16-1.png,1,-3.46E-05,0.005771842,0.002489706,0.004962876,0.000284338,0.000309356,-0.004721394,-0.006454456,-0.004135593,-0.015892582,0.020380495,0.016952269,0.006556411,0.01300527,0.01943394,0.034713488,0.0327558,0.10439867
/home/multiclass_classification/horse/train/07_111.png,1,0.004611788,0.002268133,0.006470655,0.005225559,0.003710675,-0.00512208,-0.004719663,-0.001670419,0.009725956,0.008165561,0.017862376,0.020925138,0.009205526,-0.005170874,0.014767674,-0.002384903,0.02100445,0.05858265
/home/multiclass_classification/horse/train/horse41-2.png,1,0.002755037,0.004840027,0.01404479,0.006587397,0.004503446,0.014232533,0.006503156,0.005195552,0.009359279,-0.003283353,0.008217381,0.007643866,0.005175282,0.003612343,0.022311252,0.028670993,0.040741146,0.089801505
/home/multiclass_classification/horse/train/05_050.png,1,0.00353006,0.005383714,0.012123022,0.010888862,0.012960589,0.023402877,0.014690235,0.006272769,0.012991197,0.020450585,0.022242911,0.028328154,0.008949808,0.00185219,0.012175974,0.030094948,0.026877906,0.07016297
/home/multiclass_classification/horse/train/01_019.png,1,0.001185789,0.005183104,-0.000698167,0.010040845,0.003440712,0.003595906,0.004790643,-0.000583267,0.004488259,0.004841615,0.019449433,0.018044796,0.008440314,0.006045625,0.032230005,0.023459129,0.036020473,0.11361049
/home/multiclass_classification/horse/train/07_024.png,1,0.002046456,0.002522665,0.007451296,0.001940219,6.34E-05,0.011832433,0.005352508,0.002374296,0.009813354,-0.007657517,0.013399938,0.022030951,0.001789943,0.001144614,0.011176967,0.014738333,0.022132143,0.0856932
/home/multiclass_classification/horse/train/06_105.png,1,-0.001586563,0.004419177,0.010586513,0.005673779,0.005837959,0.013416272,0.00732668,0.004021227,0.008126291,0.012243064,0.015402554,0.007576702,0.002432884,0.009564509,0.013764348,0.018756563,0.026379682,0.07323465
/home/multiclass_classification/horse/train/horse49-0.png,1,0.002253512,0.006270832,0.011752706,0.004436436,0.009133196,0.006192448,0.003639618,0.001434892,0.009821659,0.01883763,0.01887999,0.023133492,0.006225506,-0.008277994,0.008569621,-0.001589365,0.020844996,0.089771874
/home/multiclass_classification/horse/train/04_002.png,1,0.006306413,0.006375294,0.007834085,0.006182937,0.003564915,0.005468168,0.002045018,0.002337697,0.009110328,0.006174488,0.009568851,0.014372862,0.009362638,0.005132561,0.010395381,0.020026058,0.033578236,0.08983284
/home/multiclass_classification/horse/train/horse07-2.png,1,-0.00407138,0.002488883,0.004441244,0.012038466,0.006934474,-0.002317703,-0.005276162,-0.004655418,-0.000371339,-0.018251337,0.013056386,0.007377578,0.007988691,0.006464326,0.027870808,0.040146954,0.031102458,0.13651621
/home/multiclass_classification/horse/train/03_075.png,1,-0.000205209,-0.000726198,0.000227444,0.006144218,-0.001883462,-0.011389532,-0.004386746,-0.004149348,-0.001271853,-0.003951607,0.001221286,0.007121265,0.005467539,-0.008075912,-0.001289223,0.028831769,0.02884002,0.06801452
/home/multiclass_classification/horse/train/169c1bbbea.jpg,1,0.004243912,0.00546956,0.009190423,0.000241927,0.006801121,0.014930698,0.014414963,0.003565018,0.003903466,-0.010627683,0.006665281,-0.007929892,0.004314196,0.00770833,0.009656511,0.00582958,0.033925854,0.08222308
/home/multiclass_classification/horse/train/01_069.png,1,-0.001679669,0.002119893,0.007788078,0.006287614,-0.00023309,-0.002942889,0.002425898,-0.005088601,-0.002763257,-0.00371776,0.013188783,-0.006536202,-0.003274588,0.002152842,0.00146789,-0.01865888,0.006046795,0.064444646
/home/multiclass_classification/horse/train/02_006.png,1,0.000540883,0.002290193,0.00776515,0.008056008,0.001740392,0.00103216,0.010583226,0.007747981,0.004217864,0.004067833,0.007692388,0.019996975,0.007838789,0.018590927,0.012775796,0.016703691,0.022805635,0.0827112
/home/multiclass_classification/horse/train/06_046.png,1,0.004615828,0.002284462,0.007398496,-0.001414773,0.002175983,0.00812606,-0.008948715,0.000674157,0.008506444,0.012383679,0.018267542,0.006156434,0.006313475,-0.005228058,0.00815575,0.006478492,0.013728215,0.05685444
/home/multiclass_classification/horse/train/horse03-9.png,1,-0.002205578,0.005468498,0.017753627,0.009002373,0.005433966,0.00609635,-0.003570777,0.002595721,0.003061418,-0.005087599,0.012754004,0.0120272,0.006704138,0.001681238,0.014638451,0.019715004,0.013540594,0.07623141
/home/multiclass_classification/horse/train/01_061.png,1,0.00393601,0.007385857,0.023340054,0.013752403,0.004907091,0.008760631,0.002327075,-0.00174921,0.008558935,0.012895722,0.027720276,0.019511653,0.007893979,-0.001525581,0.003495703,0.01357162,0.01748836,0.06582555
/home/multiclass_classification/horse/train/06_116.png,1,0.003377168,0.003995483,0.006831533,0.009160792,0.007886959,0.02018351,0.01977158,0.002323832,0.007688771,0.022342058,0.0217534,0.034590837,0.006987262,0.012614334,0.017244887,0.01938382,0.024935478,0.085113294
/home/multiclass_classification/horse/train/06_089.png,1,0.005739274,0.004642945,0.008586426,0.005528692,0.003550878,0.007075737,0.007399865,0.005786145,0.008171383,0.013834373,0.022117041,0.027956128,0.012320195,-0.001587409,0.024164196,0.0369927,0.03973764,0.10444735
/home/multiclass_classification/horse/train/horse17-9.png,1,0.0042062,0.00633493,0.010228104,0.003710164,0.008034762,0.028626412,0.016766444,0.014548525,0.00419254,0.016969243,0.029399132,0.017017856,0.015462767,0.009831183,0.020791803,0.037994567,0.025697395,0.091321245
/home/multiclass_classification/horse/train/05_051.png,1,0.00308291,0.00532277,0.010914117,0.005556453,-0.001632351,-0.000771214,-0.008000096,-0.004271765,-0.000296739,-0.012385028,0.003431872,0.007562069,0.002076289,0.005210267,0.002153675,0.003735595,0.028269952,0.073808864
/home/multiclass_classification/horse/train/horse45-0.png,1,0.002799785,0.004897745,0.000764107,0.003767642,0.004295263,0.008251341,0.008128684,0.00815259,0.009460887,0.020997196,0.011687165,0.02645484,0.006420887,0.001408407,0.016008535,0.050855853,0.032356318,0.09849346
/home/multiclass_classification/horse/train/05_038.png,1,0.000664613,0.001895848,0.003763758,0.00313634,0.000129891,0.006780001,0.009367091,0.000195991,-0.00190815,0.005829707,0.014145584,0.0112907,0.002434128,0.009951232,0.016975272,0.00825087,0.026030423,0.084395975
/home/multiclass_classification/horse/train/horse42-5.png,1,0.003739557,0.001971991,0.009147288,0.009695256,0.002422969,0.000375475,0.003597377,-0.001326021,0.00999508,0.003127641,0.009407309,0.012680836,0.002149824,0.000797668,0.0043662,0.016763825,0.029941995,0.08863098
/home/multiclass_classification/horse/train/horse39-3.png,1,0.000537219,0.004087545,-0.003997043,0.007411547,0.004377125,0.000638872,-0.00390949,-0.004064076,0.003870413,-0.009234244,0.011606337,0.007514678,0.012228984,0.023692748,0.013701996,0.0346683,0.033161722,0.11359015
/home/multiclass_classification/horse/train/horse20-5.png,1,0.00153156,0.002017094,0.007016981,0.007225157,-0.000546208,-0.007932605,-0.008870596,-0.009122212,-0.00547573,-0.014255175,0.011192042,0.008911938,0.005349245,0.006614136,0.009956534,0.017283697,0.021474803,0.099061556
/home/multiclass_classification/horse/train/horse12-2.png,1,0.004595946,0.005404985,0.004972149,0.004214299,0.004401907,0.006720752,0.002224199,-0.003765469,0.007785985,0.02015928,0.007346843,0.026808964,0.002609027,0.000715737,0.021525184,0.038552098,0.028781451,0.10307894
/home/multiclass_classification/horse/train/horse26-3.png,1,-0.00597035,0.006980808,0.00979298,0.008653406,0.000421934,-0.016045045,-0.013222091,0.004804824,0.013836691,0.001289178,0.013143441,0.009368178,0.003840023,-0.003781033,0.017195808,-0.003564784,0.02741583,0.06594153
/home/multiclass_classification/horse/train/horse15-5.png,1,0.002278236,0.001926361,0.005900729,0.003748764,0.002476934,0.011148945,0.004438653,0.005843562,0.005991005,0.012774978,0.016317615,0.017918978,0.008336633,0.021353731,0.024232823,0.042654295,0.03423493,0.11763117
/home/multiclass_classification/horse/train/horse26-7.png,1,0.005705421,0.000394788,0.005855654,0.011891415,0.008066485,0.014103664,0.005350435,0.006219379,0.008851664,0.006673432,0.007086097,0.0128349,0.009426664,0.000144114,0.023779973,0.023847476,0.037205413,0.090761326
/home/multiclass_classification/horse/train/01_078.png,1,0.002066355,0.002935186,0.006486558,0.00569593,0.004378985,-0.001953426,-0.00493994,-0.000967438,0.00424635,-0.014670755,0.008621868,0.015799742,0.005998998,0.001726905,0.01164924,0.017299922,0.016771257,0.08573426
/home/multiclass_classification/horse/train/horse40-0.png,1,0.003146723,0.005048395,0.00794469,0.004417634,-0.000679674,-0.00346881,-0.011690602,0.004182266,0.003166771,0.006291843,0.006420192,0.006975142,0.009808216,0.0151485,0.027215503,0.034099203,0.033055812,0.1007479
/home/multiclass_classification/horse/train/horse13-6.png,1,-0.001870489,0.006001158,0.011362627,0.007110404,0.003448064,0.003901603,-0.004895148,-0.010663297,0.000100245,-0.009321118,0.013473658,0.015403176,0.003337987,-0.001006,0.018497221,0.041302666,0.0269947,0.12571886
/home/multiclass_classification/horse/train/horse16-3.png,1,0.003103231,0.002510772,0.007132044,0.000150004,0.005706393,0.013096577,0.005062526,0.003516534,0.007271461,0.001874619,0.01336795,0.020765591,0.01513771,0.020843213,0.014637494,0.02878983,0.035495874,0.10512781
/home/multiclass_classification/horse/train/0f674003cf.jpg,1,7.06E-06,0.002490277,0.005484079,0.005909106,0.004956081,0.009733466,0.000797552,0.00443176,0.00934919,0.003054384,0.014988915,0.014104218,0.002126151,0.001646641,0.031584755,0.003659731,0.01521815,0.07052079
/home/multiclass_classification/horse/train/horse07-4.png,1,-0.001091617,0.005327686,0.006343782,0.003147919,0.005027295,0.007839276,0.002256519,-0.004068053,-0.002150666,0.001773281,0.015988313,0.006649863,0.011086933,0.016145907,0.020019582,0.024878906,0.018158898,0.092304565
/home/multiclass_classification/horse/train/horse39-4.png,1,0.003682584,0.003681649,0.0073893,0.003303136,0.005118302,0.010930773,0.010757862,0.003445349,0.013120871,0.019546736,0.0239388,0.012207826,0.014703658,0.011967291,0.00905779,0.029778194,0.034985553,0.116077654
/home/multiclass_classification/horse/train/horse45-3.png,1,0.001048632,0.001071203,0.00132549,-0.00555978,0.000894067,0.007725043,0.004554383,0.006004307,0.00930888,0.014676938,0.013549744,0.023971498,0.005348448,-0.008343717,0.016599499,0.04186154,0.027080875,0.07914313
/home/multiclass_classification/horse/train/77d7506ce4.jpg,1,0.004237047,0.005598255,0.009772835,0.005473683,0.010464506,0.019861862,0.009090848,0.002813856,0.008455052,0.021550989,0.012076244,0.007136396,0.007444855,0.001368063,0.01618315,0.008865016,0.023275094,0.09157422
/home/multiclass_classification/horse/train/03_004.png,1,0.004900406,0.004079538,0.011269018,0.005925474,0.002023053,0.004359673,0.001306436,0.005143773,0.010064189,0.004388257,0.015443763,0.006073273,-0.001994545,0.006053034,0.01325126,0.008600588,0.021985147,0.066155955
/home/multiclass_classification/horse/train/05_040.png,1,-0.001255002,0.001964791,-4.28E-05,0.003045345,0.001436569,-0.005759087,-0.013584212,-0.002815453,0.005141063,-0.015202747,0.011270091,0.012668168,0.005251438,-0.005305575,0.007945145,0.027458198,0.02108059,0.05186899
/home/multiclass_classification/horse/train/05_022.png,1,-0.000802916,0.000795037,0.002939336,-0.000886418,-0.003607522,-0.00928332,-0.008200241,-0.005417025,0.009984379,0.006866369,0.013524478,0.002053118,-0.002446916,0.02288494,0.01857721,0.007573158,0.030904014,0.06429169
/home/multiclass_classification/horse/train/horse24-3.png,1,0.001874579,0.002238994,0.006501568,0.004011614,0.006390024,0.013691563,0.010164746,-0.001577955,0.007838916,0.01000579,0.009477205,0.01934281,-0.002276686,-0.007294323,0.028753782,0.026437737,0.039043304,0.10513253
/home/multiclass_classification/horse/train/07_113.png,1,-5.56E-05,0.002186756,-0.001469537,-0.000124928,0.001855384,0.021107435,0.00704852,0.009286545,0.012225078,0.019115184,0.019807674,0.014841458,0.002182953,0.001838918,0.019365042,0.005064237,0.018577226,0.08187069
/home/multiclass_classification/horse/train/03_078.png,1,0.002862433,0.00252726,0.011445154,0.010176882,0.002572482,0.004227713,0.002861018,-0.009680153,0.003385692,-0.003532047,0.007774311,0.021151159,0.002243756,0.019261505,0.008413981,0.012665279,0.024046041,0.08630692
/home/multiclass_classification/horse/train/horse43-6.png,1,0.001710545,0.002267519,0.006432459,0.00028299,0.002865352,0.007926967,0.003090498,0.006124883,0.005370756,-0.002719035,0.021630507,0.007636551,0.008586762,0.03251654,0.01981787,0.008481532,0.032071453,0.10552543
/home/multiclass_classification/horse/train/03_050.png,1,0.001499479,-0.000723567,-0.000798594,0.00146866,0.002594113,-0.006917397,0.000315998,-0.003219646,-0.001428246,-0.004832665,0.003990227,0.004651289,0.000879801,0.029874157,0.000168699,0.014219313,0.029340865,0.0869517
/home/multiclass_classification/horse/train/01_076.png,1,-0.00392051,0.002288194,0.00743911,0.005485819,-0.001038834,-0.006173678,-0.010272137,-0.000714332,5.57E-05,-0.018641813,0.026563585,0.009958999,0.011081593,-0.007832456,0.006122111,0.030118793,0.035286732,0.10171288
/home/multiclass_classification/horse/train/horse08-8.png,1,0.006436925,0.006515988,0.006178808,0.006271151,0.007189042,0.011936514,0.002426081,0.010144906,0.01561677,0.007110617,0.021211818,0.006990254,0.008821601,0.020611428,0.008458917,0.004315761,0.027959436,0.08681893
/home/multiclass_classification/horse/train/8eba3c008c.jpg,1,0.003799881,0.00308449,0.003820395,0.007540664,0.007438255,0.017188564,0.011769537,0.008543879,0.009215795,0.030968767,0.029031266,0.010945822,0.001518741,0.028218629,0.020976324,0.02359497,0.017254848,0.070482865
/home/multiclass_classification/horse/train/07_110.png,1,0.004924857,0.000385924,0.00642066,0.007001809,0.007628572,-0.000650266,-0.002878285,-0.000528227,0.006070179,0.000581066,0.004593121,0.013075981,0.004265864,-0.015469183,0.007554178,0.006146667,0.022071227,0.07613559
/home/multiclass_classification/horse/train/horse26-0.png,1,0.004893572,0.004748321,0.005659015,0.008736934,0.007332866,0.015238445,0.01140796,0.004537608,0.011161629,0.013693293,0.015832398,0.014860509,0.005702688,-0.002921762,0.01964895,0.023960082,0.028992653,0.08269823
/home/multiclass_classification/horse/train/04_006.png,1,0.000409452,0.00399633,0.009550149,0.00292324,0.006372303,0.005597718,-0.00235813,0.00212645,0.003754913,-0.004320832,0.008945429,0.012276517,0.005942807,-0.007444345,0.005385598,0.009588881,0.020705823,0.08274835
/home/multiclass_classification/horse/train/06_034.png,1,0.002065836,0.005746632,0.006871897,0.007207277,0.003530653,0.012230552,0.007063638,0.003832479,0.008627388,0.021813713,0.008862255,0.016179744,0.005779964,-0.003833285,0.014472231,0.015601262,0.036445588,0.1106866
/home/multiclass_classification/horse/train/01_006.png,1,0.000145172,0.00442558,0.008822054,0.008378368,0.003976095,0.008817382,0.009632974,-0.002509023,0.001124887,0.000271253,0.01277804,0.014039405,0.008575054,-0.007142546,0.03010175,0.023590371,0.03270274,0.11343134
/home/multiclass_classification/horse/train/03_077.png,1,0.000814085,0.001071976,0.00128598,-0.000680715,0.003054042,0.008480924,0.000277792,0.008473219,0.010035613,0.02042649,0.012705641,0.013869133,0.005793293,0.005666968,-0.002412412,0.030241122,0.0313569,0.07627863
/home/multiclass_classification/horse/train/07_050.png,1,0.003854978,0.004408444,0.00880335,0.004307102,0.001197147,0.004554072,-0.005855537,0.001962515,0.003000312,-0.011295678,0.018478693,0.003376799,0.006703295,-6.55E-05,0.024054179,0.011762592,0.016759137,0.09128839
/home/multiclass_classification/horse/train/horse12-0.png,1,0.004107349,0.00362877,0.00955183,0.00200603,0.001412933,0.005212949,-0.003991588,0.002359812,0.010414436,0.020365423,0.020448785,0.01654092,0.009795068,0.001828814,0.015889581,0.013185773,0.028308777,0.097683586
/home/multiclass_classification/horse/train/03_019.png,1,0.002436623,0.000647017,0.002571202,0.003744238,0.000184008,-0.007643102,-0.005815559,-0.007433191,-0.003743055,-0.016968159,0.002057693,-0.005811037,0.000998368,0.004297948,0.003051461,0.022481237,0.023149531,0.07292272
/home/multiclass_classification/horse/train/horse09-5.png,1,-0.001954761,-0.000310865,0.000700623,-0.000802594,-0.002735866,-0.016395219,-0.014249534,-0.008078058,-0.010163303,-0.02793809,0.004458445,0.015971731,0.001983643,-0.00227495,0.007864868,0.030837968,0.030824753,0.119002014
/home/multiclass_classification/horse/train/02_083.png,1,-0.00018827,-0.000167442,-0.00064861,-0.001944206,0.000508374,-0.002241557,0.001369095,0.003333894,0.002533018,-0.004490863,0.008931385,0.006545524,-0.003607515,0.005008015,0.014561867,0.031699568,0.01934591,0.07853234
/home/multiclass_classification/horse/train/03_032.png,1,0.004465052,0.004134777,0.008614166,0.015442466,0.008499434,0.009264995,0.021494512,0.004883591,0.009065634,0.015006159,0.027644182,0.015606169,0.007980349,0.013295282,0.015343169,0.01217858,0.039785124,0.11290624
/home/multiclass_classification/horse/train/horse35-5.png,1,0.000438013,0.001136081,0.00968631,0.005280267,0.006324681,0.012156092,0.016311513,0.008566228,0.009622317,0.009182541,0.024407234,0.01446701,0.01084072,0.011602946,0.003248357,0.03311672,0.036546424,0.096165106
/home/multiclass_classification/horse/train/07_070.png,1,0.004520027,0.005215769,0.005749226,0.003720787,0.006026858,0.008882394,0.005528725,-0.000282304,0.010535337,0.01628187,0.004923401,0.013140345,0.004455448,-0.003883324,-0.003418947,0.014729759,0.019984895,0.072860666
/home/multiclass_classification/horse/train/79cc2810e5.jpg,1,0.004278431,0.004003414,0.009192821,0.007468788,0.008606477,0.020251552,0.007823087,0.010836035,0.014068028,0.02913989,0.021433646,0.028475104,0.008533374,0.01768874,0.029487224,0.017199041,0.024990842,0.11362164
/home/multiclass_classification/horse/train/01_115.png,1,0.003668662,0.005229096,0.008642964,0.009621707,0.004947904,0.011049958,0.008597272,0.004371659,0.005598202,0.006180228,0.000679467,0.012806518,0.006526053,-0.001470175,0.007857273,0.047966156,0.025241826,0.09614281
/home/multiclass_classification/horse/train/05_041.png,1,0.002689394,0.002455851,0.010373615,0.003342521,0.006852122,0.012270276,0.007709027,0.001070159,0.003433047,0.009209804,0.020532358,0.011250713,0.002192137,0.012123827,0.023554135,0.025707137,0.024762852,0.07445295
/home/multiclass_classification/horse/train/03_064.png,1,0.001406062,0.002384589,0.012219418,0.01190068,0.003836687,0.006490208,-0.010217682,-0.004929104,-0.001612208,-0.008672855,0.013518383,0.025482252,0.004681052,0.004896407,0.021286387,0.026087966,0.032726523,0.102871835
/home/multiclass_classification/horse/train/05_010.png,1,0.001612949,0.003048468,0.008333273,0.000955045,-3.54E-05,-0.001639437,-0.00710215,-0.007564815,-0.002704453,-0.007571848,0.018531665,0.00715245,0.003025916,0.005944917,0.013887167,0.025494196,0.023801645,0.06912928
/home/multiclass_classification/horse/train/07_062.png,1,0.00299907,0.006334331,0.010919368,0.002611176,-0.000476967,0.004269914,0.002740136,0.008744895,0.011871303,0.014077051,0.016217483,0.014469863,0.001392733,-0.002203109,-0.002216901,-0.007908864,0.018140297,0.04156647
/home/multiclass_classification/horse/train/horse19-4.png,1,0.005352271,0.003139123,0.009671782,0.006831615,0.003772965,0.00247884,-0.010110935,-0.005073836,0.005083885,-0.016066803,0.01196369,-0.00091202,0.006405314,0.020790383,0.011551458,0.020326922,0.025704332,0.073932335
/home/multiclass_classification/horse/train/06_060.png,1,0.001388477,0.007086924,0.010961655,0.007066981,0.002412071,-0.007135353,-0.003504111,-0.005009794,-0.001245504,0.001556468,0.010303423,0.012021733,0.008132238,-0.002833971,0.010072096,0.026860138,0.039454456,0.12914202
/home/multiclass_classification/horse/train/horse11-5.png,1,-0.001118013,-0.001049583,0.000671902,-0.001183343,-0.004347474,-0.026877232,-0.024440197,-0.014266204,-0.016302064,-0.035841797,0.002529275,0.010294624,1.09E-05,-0.012870712,0.013615605,0.030157538,0.02395945,0.077275194
/home/multiclass_classification/horse/train/07_043.png,1,1.08E-05,0.002701618,0.007327142,0.000641056,0.00203709,0.008326806,-0.002277418,-0.000138058,-0.000753087,-0.000548285,0.007356785,0.002515081,0.007855108,0.021571971,0.008790985,0.014864877,0.016234541,0.061491914
/home/multiclass_classification/horse/train/horse02-4.png,1,-0.000606741,0.01133323,0.018517762,0.006936102,0.006860195,0.006365332,-0.004746022,0.002673804,0.000454922,0.00482565,0.019331396,0.013607243,0.006265001,-0.001791014,0.014546838,7.53E-05,0.0211766,0.06928392
/home/multiclass_classification/horse/train/03_101.png,1,0.003424106,0.007477089,0.015405024,0.008964151,0.00689369,0.010428572,0.00121181,0.005213298,0.002055166,-0.010451127,0.018839115,0.00884665,0.00411097,0.008034716,0.012518009,0.030696845,0.028799366,0.09092577
/home/multiclass_classification/horse/train/03_008.png,1,0.005538483,0.005907282,0.007916114,0.006093107,0.004077176,0.016026583,0.007260351,0.008317088,0.012189554,0.025407676,0.011776206,0.012662157,0.000153801,0.016789906,0.008845673,0.010479896,0.022454694,0.08018835
/home/multiclass_classification/horse/train/horse33-2.png,1,0.000254969,0.006276752,0.011199086,0.007142541,0.002947557,0.006700069,0.000377601,0.001932759,0.004646992,0.004870272,0.019823218,0.010369556,0.010481313,0.009860861,0.004662334,0.009547219,0.033682954,0.088971
/home/multiclass_classification/horse/train/01_081.png,1,0.00030035,0.004090237,0.009395571,0.006456295,0.003713649,0.009965619,0.000446335,0.005135756,0.003395757,-0.00040264,0.015108394,0.019959614,0.007944606,-0.005346321,0.025266746,0.022907307,0.01900119,0.09062654
/home/multiclass_classification/horse/train/horse27-5.png,1,0.004051448,0.005309851,0.013562826,0.006927646,0.008515273,0.016484383,0.01392757,0.004975995,0.009852631,0.010370969,0.01568073,0.02138228,0.010311712,0.021152865,0.005144122,0.034305885,0.03259203,0.10001896
/home/multiclass_classification/horse/train/07_032.png,1,0.005641281,0.005791247,0.009955964,0.00309732,-0.003202661,-0.010073043,-0.010741069,0.000651314,-0.000993022,-0.022644242,0.02119903,0.002196259,0.000175497,0.010048764,0.003110659,0.007712794,0.02694435,0.067066506
/home/multiclass_classification/horse/train/horse10-7.png,1,0.001977543,0.002386759,0.009530949,0.003132949,0.001019636,0.007322538,-0.0014686,0.005281764,-0.0004425,-0.005978019,0.02751302,0.006137651,0.009652085,0.021461938,0.01918961,0.043833364,0.030454624,0.10282321
/home/multiclass_classification/horse/train/04_008.png,1,0.007296175,0.004007343,0.01512304,0.005658781,0.001060217,-0.001052507,0.00020016,-0.000735282,0.000107318,-0.005140632,0.016151644,0.019260582,0.00721867,-0.009720872,0.01837919,0.01162489,0.026151204,0.0953713
/home/multiclass_classification/horse/train/horse03-4.png,1,0.00228169,0.00359204,0.004877787,0.001562603,0.002570492,0.012898453,0.007936251,0.003498811,0.005838811,0.003466909,0.000330725,0.016530514,0.005855409,0.015608545,0.011490156,0.017039951,0.025645703,0.088632375
/home/multiclass_classification/horse/train/horse11-8.png,1,0.006817724,0.006901053,0.007686778,0.001362955,0.005124371,0.006201657,0.003582017,0.006889409,0.003939942,0.008933759,0.011607049,0.013709928,0.004959899,-0.003347107,-0.000244698,0.021039471,0.023112047,0.08526737
/home/multiclass_classification/horse/train/03_107.png,1,0.001925939,0.002082745,0.006872072,-0.00054804,-0.003103748,-0.022097912,-0.012957016,-0.003409353,-0.001433853,-0.01868609,0.007842031,-0.000450225,0.009971499,0.001174066,0.006195989,0.007743775,0.02366868,0.07056245
/home/multiclass_classification/horse/train/06_050.png,1,0.005947644,0.007066761,0.014415989,0.010688521,0.001436166,0.00779847,-0.004728113,-0.001969996,-0.001093002,-0.012198884,0.015965467,0.017498095,0.00995444,-0.002827179,0.010810856,0.026955567,0.03116129,0.10385075
/home/multiclass_classification/horse/train/03_030.png,1,-0.001595076,0.00370528,0.008459365,0.002853697,0.000129003,0.00180799,-0.006653741,0.000540256,0.006958272,0.013375243,0.007540795,0.00841265,0.009153193,0.006899568,0.013805555,0.016609985,0.021134745,0.08656581
/home/multiclass_classification/horse/train/horse27-9.png,1,0.008211023,0.006689376,0.015303162,0.008026915,0.010240002,0.013682455,0.008537825,0.011251522,0.009678641,0.022946825,0.017052405,0.022289783,0.010069499,0.006267901,-3.13E-05,0.029314157,0.028933488,0.09298688
/home/multiclass_classification/horse/train/04_033.png,1,-0.001381777,0.003372523,0.006625069,0.008622879,0.005616627,0.006668147,0.004929288,0.003807323,0.004433374,0.000679064,0.00944146,0.016035477,0.008196738,-0.015478656,0.017214254,0.014215175,0.023789883,0.09133905
/home/multiclass_classification/horse/train/horse50-3.png,1,0.00696707,0.006299987,0.011620872,0.007562027,0.00410444,0.000688332,-0.011912322,-0.003293953,-0.000497079,-0.010033928,0.014711862,0.012524571,0.00078074,-0.024291338,0.032461595,0.03867024,0.03767731,0.10745721
/home/multiclass_classification/horse/train/07_055.png,1,0.002311983,0.004375896,0.007519323,0.009816859,0.00237603,0.013415955,0.00165434,-0.00313362,0.004415163,0.005170596,0.012801254,0.015164226,0.000467813,0.008825446,-7.91E-05,0.012897336,0.012972593,0.037567083
/home/multiclass_classification/horse/train/horse08-4.png,1,0.006443924,0.002363951,0.00193894,0.006339503,0.003950905,0.004456456,-0.001176692,6.30E-05,0.005838469,0.007500863,0.023398578,0.007914506,0.010951041,0.018045923,0.026082136,0.029497609,0.033281486,0.11199926
/home/multiclass_classification/horse/train/horse25-1.png,1,0.001000314,0.002051987,0.008601186,0.003487095,0.002630796,0.015155988,0.006988534,-0.002473819,0.00817485,0.006199335,0.013286985,0.018932305,0.005386398,0.009145817,0.013372151,0.016232938,0.024325341,0.07537955
/home/multiclass_classification/horse/train/05_034.png,1,0.000382902,0.001159385,0.001345191,0.004000852,0.000154808,-0.006174341,-0.000993071,-0.002270429,0.006154154,0.003851545,0.01069189,-0.003143856,-0.003942353,0.014995129,-0.001765725,0.010980986,0.018426323,0.07124693
/home/multiclass_classification/horse/train/horse29-6.png,1,0.003218137,0.002797455,0.006677093,0.010474171,0.004334706,-0.001540378,-0.00299345,-0.007367963,0.001402273,-0.011825558,0.017776743,0.010532805,0.004693449,0.014388599,0.002643727,0.01408361,0.025382023,0.098857924
/home/multiclass_classification/horse/train/03_074.png,1,0.00220579,0.00486608,0.012373125,0.007321327,0.008754049,0.012848828,0.006031688,0.010206053,0.010688638,0.009696601,0.020014951,0.016197236,0.003841742,0.005573915,0.017432619,0.023621231,0.029935896,0.097469784
/home/multiclass_classification/horse/train/horse37-0.png,1,-0.00147377,0.003923982,0.017791316,0.012016793,0.006117558,0.005881914,-0.00723783,0.002493109,0.006419591,-0.023102663,0.016476262,0.013611367,0.003755644,0.011354007,0.005627615,0.03169259,0.028912714,0.10421142
/home/multiclass_classification/horse/train/horse35-3.png,1,0.002719463,0.007617902,0.012551886,0.012993407,0.001583791,-0.010545328,-0.005035046,-0.003153503,0.005312299,-0.004121542,0.008609984,0.016363233,0.004215946,0.004816494,0.006424433,0.018165601,0.034082204,0.08449064
/home/multiclass_classification/horse/train/horse37-1.png,1,0.000470888,0.002803603,0.008827688,0.009503439,0.004015241,0.004852037,-0.007302336,-0.002067756,-0.000387901,-0.019962385,0.012818352,0.021269001,0.007737434,0.004815664,0.014972517,0.03174021,0.033953816,0.09444351
/home/multiclass_classification/horse/train/01_042.png,1,0.003440742,0.001623622,0.003254981,-0.002381331,0.001609199,0.002071766,-0.005919286,-0.002281533,0.000736222,0.00520231,0.012194843,0.004187522,-0.00238452,0.008853898,0.004368253,0.004407008,0.01674892,0.058896683
/home/multiclass_classification/horse/train/07_057.png,1,0.00580245,0.00416828,0.007146357,0.007393433,0.00802462,0.015971815,0.006326997,0.005791546,0.012076062,0.025539879,0.01715847,0.015908495,0.001088749,0.007372622,0.024632834,-0.001270136,0.018610844,0.07005165
/home/multiclass_classification/horse/train/03_001.png,1,0.000706412,-0.000219782,0.004018245,-0.00154377,0.002340118,-0.004128645,0.008483484,0.001295566,0.006646468,0.019633992,0.021205386,0.018937562,0.007204947,0.007492701,0.007597403,-0.0039172,0.025307983,0.06959301
/home/multiclass_classification/horse/train/07_066.png,1,0.003516313,0.002935994,0.005292251,0.006612098,0.000892784,0.002093587,0.001140704,-0.001163882,0.004119424,-0.005941092,0.013228807,0.011510532,2.41E-05,0.014235711,0.008572949,0.006615482,0.012891755,0.07845766
/home/multiclass_classification/horse/train/05_020.png,1,0.002540684,0.007396868,0.01397961,0.009469077,0.007001989,0.008466344,-0.003877995,0.004075136,0.003295159,0.001948625,0.020664366,0.00540077,0.003207266,0.010417148,0.02050655,0.020235006,0.02916884,0.09817721
/home/multiclass_classification/horse/train/02_041.png,1,0.002641148,0.002990364,0.013518589,0.003671373,0.002973129,0.006788277,0.004422037,-0.001654445,0.011789504,0.005909567,0.003476789,0.016196204,0.00017781,0.00083446,0.008340712,0.023712624,0.029465333,0.091478124
/home/multiclass_classification/horse/train/74d3926a78.jpg,1,0.003928926,0.004909418,0.010423154,0.011114994,0.006308134,0.006215208,0.001491376,0.008208569,-0.000457842,-0.004523382,0.017860852,0.019464305,0.006508143,-0.002675128,0.021243246,0.018069528,0.026673507,0.077925906
/home/multiclass_classification/horse/train/horse41-8.png,1,-0.003070983,-0.001354028,0.002877145,0.003314292,-0.001456743,-0.002702508,-0.006503314,0.01320249,0.008276278,0.00876979,0.024612647,0.011079428,0.010245465,0.015394201,0.005445254,0.022289556,0.035035282,0.07646635
/home/multiclass_classification/horse/train/horse30-9.png,1,-0.000735075,0.005325439,0.011995859,0.006345237,0.008365213,0.015537672,0.009089816,0.003084875,0.008424336,0.009566379,0.018555285,0.008489458,0.012243363,0.015111864,0.004624477,0.03039096,0.02243572,0.08154086
/home/multiclass_classification/horse/train/02_028.png,1,0.00286662,0.00585154,0.01514598,0.006071974,0.005780922,0.016298976,0.018426487,0.009449449,0.003689064,0.018511564,0.025641376,0.002712334,0.004928292,0.03263276,0.029738594,0.004971407,0.021506544,0.09956625
/home/multiclass_classification/horse/train/12ff1822cc.jpg,1,-0.000527839,0.004320609,0.010803666,0.009621548,0.001999014,-0.000857332,-0.00597396,0.003398611,-0.000578874,-0.008953019,0.017297406,0.009982636,0.005153731,0.011775021,0.023937678,0.022165658,0.033246458,0.101194486
/home/multiclass_classification/horse/train/04_037.png,1,0.001520329,0.001389032,0.003454903,0.005244944,0.004815626,0.001211375,0.005891892,0.001334449,0.003876663,0.006850286,0.016852044,0.008790414,0.008664996,-0.005093342,0.004810236,0.02929142,0.034659185,0.101554304
/home/multiclass_classification/horse/train/07_114.png,1,-0.002481137,-0.000268641,-0.001104201,-0.000841491,0.002703132,-0.004515298,-0.009653118,-0.001550316,0.009718953,0.006653552,0.012290439,0.010289592,0.004995375,-0.003749954,8.67E-05,-0.008338645,0.017703325,0.0666825
/home/multiclass_classification/horse/train/horse41-9.png,1,6.42E-05,-0.000779152,0.000901347,0.004108115,-0.001021574,-0.003920929,-0.001207145,0.001451998,0.004372893,0.011366691,0.011586351,0.015590808,0.008868111,0.00110719,0.001931022,0.022385703,0.03847408,0.09370665
/home/multiclass_classification/horse/train/01_038.png,1,0.000415204,0.002724375,0.005188843,0.008420927,0.005338892,-0.000526846,-0.013422303,-0.008473836,0.002539651,-0.01336022,0.019325726,0.009752291,0.011535222,-0.010788795,0.012317162,0.018146383,0.018649396,0.093083106
/home/multiclass_classification/horse/train/05_032.png,1,0.003992083,0.004877511,0.004346703,0.006248206,0.002638362,0.003410768,-0.005758192,0.001568901,0.006711516,0.006604275,0.015488413,0.009726916,0.003066551,0.000360758,0.02088143,0.010761351,0.024572432,0.09233793
/home/multiclass_classification/horse/train/02_059.png,1,0.00225984,0.005713244,0.008704609,0.008511926,0.007100692,0.005481882,-0.00482227,0.001573943,0.006794768,0.000704829,0.007277925,0.018690335,0.00279884,-0.004541285,0.019384583,0.027737252,0.0350602,0.10412103
/home/multiclass_classification/horse/train/03_031.png,1,-0.000733072,0.002558055,0.007780251,0.006115374,0.004609945,0.006213251,0.004175563,-0.001247716,0.006358273,-0.009520389,0.00971065,0.008290229,-0.004351032,0.003461095,0.018270086,0.023911279,0.025694856,0.09773311
/home/multiclass_classification/horse/train/01_102.png,1,-0.000665898,0.00226957,0.005194479,0.001012894,0.00684679,-0.000199613,-0.007057296,-0.007576546,0.002105073,-0.00951699,0.012476613,0.01188258,0.003363598,-0.004178188,0.019195326,0.019296795,0.014101964,0.07027472
/home/multiclass_classification/horse/train/03_081.png,1,0.004451915,0.00469585,0.015016692,0.011850333,0.005714764,0.00709742,-0.000550607,0.004316705,0.014463089,0.015902437,0.013207662,0.010829711,0.003779302,0.003329233,0.005717818,0.016825585,0.034112714,0.08995785
/home/multiclass_classification/horse/train/03_061.png,1,0.002513547,0.000139563,0.001662768,-0.000554528,0.002024269,0.002701506,0.008653884,0.008401313,0.010146632,0.02105803,0.012016509,0.004265435,0.007083756,0.011424691,0.005877661,0.012303789,0.028716978,0.08122944
/home/multiclass_classification/horse/train/02_027.png,1,0.001943767,0.00374973,0.010587477,0.00508718,0.00303425,0.00515373,0.007975427,-0.000973514,0.006554726,0.002518029,0.006805626,0.009512272,0.003716166,0.001880443,0.01809327,0.008868231,0.033189267,0.08261895
/home/multiclass_classification/horse/train/07_083.png,1,0.002895279,-0.000521883,0.001619328,0.008827957,0.000567756,-0.004184172,-0.002866988,-0.000939308,0.007399913,-0.002268536,0.011303091,0.01119587,0.001516375,-0.000434125,0.007453497,0.004297576,0.015720548,0.050601035
/home/multiclass_classification/horse/train/horse24-6.png,1,-0.001456329,0.00117016,0.001528082,-0.004148134,0.004218763,0.00389215,0.000687576,0.00093709,0.006323027,-0.005391768,0.004692812,0.019301055,0.00607152,-0.020357024,0.008680132,0.021391645,0.03219723,0.08518417
/home/multiclass_classification/horse/train/03_068.png,1,0.006397403,0.00307447,0.011442535,0.005636621,0.013624962,0.012394628,0.004855775,-0.002946809,0.002210544,-0.010653872,0.011753731,0.01956741,0.007082073,-0.016031265,0.015666425,0.044716984,0.029616747,0.10003698
/home/multiclass_classification/horse/train/07_104.png,1,0.001442189,0.001479203,0.003724404,0.006426917,-0.002391518,-0.007580577,0.002024974,0.003184427,0.005991257,0.011459406,0.012593945,0.006264071,0.004746507,-0.015937064,0.000878809,0.001597013,0.025911415,0.06350572
/home/multiclass_classification/horse/train/horse05-2.png,1,0.001177627,0.006081281,0.009225433,0.005842079,0.004410928,0.004591822,-0.00221356,0.000681285,0.006028645,-0.005996323,0.007541957,0.01790576,0.006499349,0.008112555,0.002364476,0.022103647,0.028760808,0.085183576
/home/multiclass_classification/horse/train/horse06-7.png,1,0.000404694,0.00196143,0.006276002,0.004461676,0.008178102,0.011047242,-0.007703255,0.00066122,9.27E-05,-0.009717142,-0.000438177,0.001218007,0.002936733,0.006144898,0.023867525,0.010212889,0.02430166,0.108230785
/home/multiclass_classification/horse/train/horse24-0.png,1,0.00337356,0.005241212,0.01111253,0.00584143,0.004784528,0.009783234,0.008214745,-0.000197852,0.005806703,0.009372133,0.01563973,0.016061,0.002597456,0.005955092,0.023941997,0.031149253,0.028908614,0.08942799
/home/multiclass_classification/horse/train/horse39-8.png,1,0.001635581,0.001526049,0.010733075,0.004337668,0.009097192,0.02492366,0.023448948,0.016647952,0.011022678,0.018551765,0.023371391,0.019960789,0.009203709,-0.006885819,0.021199614,0.02833125,0.03535947,0.10377237
/home/multiclass_classification/horse/train/horse09-4.png,1,-0.001055772,0.002615369,0.008445,0.00233586,0.003146151,0.000691052,-0.007845315,-0.001380615,-0.002308281,-0.020461768,0.005497938,0.007031077,0.004314879,-0.014203037,0.002743347,0.017961038,0.018870069,0.07580356
/home/multiclass_classification/horse/train/06_115.png,1,0.000309394,0.006276317,0.013066543,0.008178468,0.001856047,0.007823989,0.010740077,0.007185597,0.003563931,0.010916537,0.008195305,0.012277583,0.002122428,0.013552152,0.020424854,0.013094765,0.02673242,0.084932975
/home/multiclass_classification/horse/train/06_028.png,1,0.005855155,0.004906878,0.012605518,0.012475183,0.006254013,0.023955353,0.015754461,0.011920592,0.009480817,0.01841284,0.024871416,0.030990232,0.011212803,0.010597395,0.019092482,0.027715884,0.033721007,0.101273894
/home/multiclass_classification/horse/train/02_093.png,1,0.005979797,0.004254669,0.014935413,0.009215534,0.003117824,0.003360458,-0.000275015,-0.000144635,0.006423761,0.006948278,0.008853712,0.005190043,-0.001428798,-0.008778604,0.001874802,0.030790426,0.031001322,0.09142995
/home/multiclass_classification/horse/train/02_044.png,1,0.005605592,0.004540628,0.006099707,0.008184185,0.00419404,0.009164997,0.001666204,0.008485191,0.005988843,0.018991195,0.020326037,-0.00160009,0.005896126,0.01774552,0.006858923,0.019206263,0.028421436,0.08678498
/home/multiclass_classification/horse/train/horse12-6.png,1,-0.000565277,0.001699197,0.001203553,-2.98E-06,0.001726151,0.005594242,0.00223908,-0.005378319,-0.00126625,-0.00868555,0.014208516,0.01958257,0.004685211,0.00750904,0.01537756,0.05017245,0.030073117,0.11878307
/home/multiclass_classification/horse/train/07_084.png,1,0.003346608,0.002677743,0.012482308,0.009294841,0.004435037,0.001822421,-0.010725933,-0.004370931,0.000988806,-0.018274352,0.007643813,0.004429,-0.002354949,-0.002730811,-1.82E-05,0.001350966,0.025361275,0.053402364
/home/multiclass_classification/horse/train/07_026.png,1,0.001326963,0.001665941,0.009526711,0.002912429,-0.001050352,0.000198118,-0.008316973,-0.001698541,0.002409161,-0.00207039,0.014597209,0.01520638,0.003273984,-0.007680969,0.007622022,0.017499309,0.02391457,0.076450065
/home/multiclass_classification/horse/train/horse40-9.png,1,0.000180861,0.000350586,0.000716823,0.000982128,0.002466836,0.004847469,0.002014266,0.003835941,-0.004446066,-0.005294222,0.002472912,0.003381037,0.002793657,0.010823194,0.026562303,0.051452138,0.025017455,0.10737656
/home/multiclass_classification/horse/train/07_065.png,1,0.004273213,0.001350118,0.009392846,0.000101764,0.0033938,0.01461952,0.002892208,-0.001265012,0.003508643,0.006576718,0.021060629,0.01902192,0.00738046,-0.001672301,0.006173796,0.01234714,0.018228501,0.049911473
/home/multiclass_classification/horse/train/horse49-8.png,1,0.001199046,-0.000625019,0.003352181,0.000478134,0.001234307,-0.000279545,0.00621743,-0.004056987,0.002848894,0.011111982,0.009128455,0.018425524,0.006886126,0.006539197,0.008296165,0.02563218,0.03806401,0.10593605
/home/multiclass_classification/horse/train/02_034.png,1,0.002600655,0.002663122,0.009121707,0.011599066,0.00712696,0.011047166,0.014284661,0.003125266,0.007290164,0.015975233,0.018740922,0.008636866,0.004304177,0.022254167,0.011607196,-0.002341419,0.018568434,0.0500766
/home/multiclass_classification/horse/train/06_113.png,1,0.000149872,0.00169156,0.008995123,0.007140771,0.003880577,0.012054674,0.008082065,0.007967841,0.01003452,0.011567171,0.017957427,0.009433707,0.010618476,0.012305929,-0.001221487,0.007550506,0.022866234,0.08816979
/home/multiclass_classification/horse/train/horse10-2.png,1,-0.000752273,0.003420575,0.006810426,-0.004146417,-0.000759781,0.00798713,-0.002477456,-0.000471604,0.002079063,0.006793621,0.014351238,0.016109658,0.007491346,0.014205052,0.019833494,0.020589229,0.032471597,0.10271782
/home/multiclass_classification/horse/train/05_017.png,1,-0.000661857,0.000308076,-0.002566219,0.000309571,0.00376858,0.01352096,0.013147365,0.001317586,0.003360343,0.000153948,0.008353894,0.014256023,0.005131716,0.018914673,0.029085722,0.031482685,0.03769302,0.0954933
/home/multiclass_classification/horse/train/08c260b0b4.jpg,1,0.00474449,0.005555061,0.004012211,0.006920249,0.008077759,0.006476678,-0.004931024,0.0082126,0.003214084,0.003902338,0.018848484,0.022928342,0.01120384,0.012920823,0.014450276,0.006135271,0.02708403,0.09962089
/home/multiclass_classification/horse/train/horse27-6.png,1,0.003497589,0.001607626,0.004141882,0.003876885,0.009834209,0.017552372,0.009776742,0.000166357,0.008597055,0.009946056,0.015992956,0.023755655,0.008181287,-0.000696574,0.009617614,0.031199029,0.037317686,0.09547083
/home/multiclass_classification/horse/train/07_009.png,1,0.002165919,-0.001762419,0.007665224,0.007219353,0.000824325,0.003533122,0.002400789,-0.002980679,1.32E-05,0.009728907,0.006033212,0.000643487,-0.001491128,0.013488393,0.003887794,0.026915204,0.027141724,0.067229636
/home/multiclass_classification/horse/train/horse49-1.png,1,0.003310382,0.00179305,0.004454581,0.003758306,0.00760877,0.006284389,0.001887707,0.002753581,0.005718192,0.011128012,0.010720736,0.022393458,0.008747755,-0.001942183,0.010246787,0.015516569,0.021210287,0.095247924
/home/multiclass_classification/horse/train/02_049.png,1,0.003981213,0.00453971,0.005623242,0.001229349,-0.002101486,-0.006498543,-0.007525027,-0.004338704,5.93E-05,-0.002976775,0.010850157,0.004331742,-0.004751132,-0.02040869,0.008100661,0.025977734,0.026532184,0.06976795
/home/multiclass_classification/horse/train/03_011.png,1,0.000189461,0.00370682,0.005977809,0.001564507,0.000893155,0.003678599,-0.002083246,-0.003093199,-0.000692058,0.006274135,0.027799783,0.008897276,0.00894131,0.017323831,0.007982591,0.014600423,0.032831315,0.085808754
/home/multiclass_classification/horse/train/06_104.png,1,-0.000571247,0.001582242,0.010684801,0.002308221,-0.00172807,-0.004108046,-0.003419549,-0.001812348,-0.000856948,0.005586814,0.013034742,0.006898905,0.003278845,0.007530108,0.010612031,0.013283083,0.022750223,0.053063102
/home/multiclass_classification/horse/train/horse49-2.png,1,-0.002908786,0.003695358,0.007876125,0.004207908,0.00576345,0.001988184,0.003983609,0.00389253,0.007907329,0.013514712,0.018326722,0.030596746,0.01215415,0.000176777,0.025171041,0.02370965,0.035771955,0.10951321
/home/multiclass_classification/horse/train/01_052.png,1,0.003730948,0.006887225,0.010697498,0.002985634,0.002506157,0.001018515,0.003266719,-0.002167784,0.001251211,0.000406923,0.019847086,0.015335071,0.008848255,0.007374514,0.012957837,0.024008997,0.02471921,0.08907015
/home/multiclass_classification/horse/train/horse18-9.png,1,0.002767312,0.002463929,0.010153456,0.007629377,0.003983734,0.001107082,-0.000466358,-0.00266129,-0.009965172,-0.019981552,0.020035215,0.011097631,0.009286646,0.001570517,0.017153844,0.039409496,0.03426758,0.113004014
/home/multiclass_classification/horse/train/horse17-7.png,1,0.004662205,0.010147719,0.018187316,0.00914353,0.006297964,0.018221952,0.01838099,0.001803681,0.009170613,0.017270057,0.023535416,0.015340377,0.004931689,0.018870488,0.01697117,0.022148648,0.036748257,0.10953148
/home/multiclass_classification/horse/train/horse15-2.png,1,0.002272559,0.002202798,-0.00312675,-0.005079137,-0.002732046,-0.007043663,-0.00582353,-0.00103753,-0.001915197,-0.003843136,0.017655708,0.007609171,0.00986279,0.007113644,0.011644508,0.032960445,0.03273134,0.10775015
/home/multiclass_classification/horse/train/05_025.png,1,0.00182794,-0.002491086,-0.005365818,-0.002201318,-0.003515662,-0.013868306,-0.013149958,-0.006689101,-0.000582178,-0.009935301,0.0037528,0.00954851,0.007488178,-0.006875391,0.008831217,0.024316087,0.03341743,0.06782443
/home/multiclass_classification/horse/train/horse48-4.png,1,0.006574736,0.003863008,0.007364897,0.002578127,0.002748877,0.02406215,0.018176325,0.014483565,0.010788416,0.007855119,0.023178777,0.030066006,0.014609223,0.01131854,0.042912982,0.03612538,0.03496618,0.095786065
/home/multiclass_classification/horse/train/horse11-0.png,1,-0.000320094,0.003577554,0.009102835,0.000614051,0.003795189,0.00656081,-0.013209731,-0.003958167,-0.002032839,-0.010989791,0.008497511,0.010448476,-0.000333482,-0.009815013,0.000135204,0.021361124,0.021301717,0.08855666
/home/multiclass_classification/horse/train/01_009.png,1,-0.002707029,0.004543021,0.006106027,0.003589776,0.001299795,-0.005877351,0.004419474,-0.000534259,0.000476362,-0.004541891,0.013542019,0.014786184,0.008329073,-0.003575973,-0.003467484,0.018494744,0.021734256,0.08126375
/home/multiclass_classification/horse/train/horse16-0.png,1,0.003561139,0.008624096,0.006698289,0.007188094,0.002102035,0.000661526,-0.000284721,0.00352263,0.001090466,0.004967515,0.022295238,0.012215763,0.009746215,0.029549671,0.023488162,0.034905966,0.03414476,0.109415844
/home/multiclass_classification/horse/train/07_109.png,1,0.00251234,0.000300617,-0.000995114,-0.000889819,-0.002568874,-0.011970057,-0.004051705,-2.26E-06,-0.002382277,-0.001715226,0.009598188,0.001271136,0.000971678,0.004713117,0.008336082,0.01830654,0.01855337,0.08440432
/home/multiclass_classification/horse/train/01_001.png,1,0.00379464,0.006618687,0.010390967,0.008129767,0.002857285,-0.00239215,0.008397568,0.001743397,0.006747901,-0.000570263,0.024697902,0.011286822,0.005106033,-0.004432222,0.01853704,0.016232554,0.022753187,0.08821395
/home/multiclass_classification/horse/train/horse14-2.png,1,0.000407407,0.005006466,0.008267112,0.004726698,0.004560718,0.007936505,-0.003790517,0.002964131,-0.001090211,-0.005229832,0.01137078,0.016814234,0.007516355,0.008426246,0.018100917,0.050194364,0.03227331,0.109970674
/home/multiclass_classification/horse/train/04_035.png,1,0.005476544,0.007356966,0.011528315,0.014144189,0.006089049,0.001978977,-0.007114943,-0.004073117,0.007644134,-0.006951066,0.012639421,0.020313483,0.0019719,-0.016468478,0.018518722,0.035154793,0.03770028,0.11376499
/home/multiclass_classification/horse/train/02_063.png,1,0.001217952,0.003818315,0.003534798,0.004871287,0.000854036,0.007277913,-0.002180836,-0.00068084,0.000902841,0.008318031,0.006578719,0.012344521,-0.003009202,0.005391715,0.01082877,0.02089171,0.036932223,0.091183096
/home/multiclass_classification/horse/train/01_011.png,1,0.006546182,0.004444955,0.006161997,0.004158552,0.005198536,0.015301164,-0.003541807,-0.001745056,0.005522666,0.000961291,0.020769697,0.015695242,0.006496478,-0.007133309,0.002588068,0.018388152,0.019325195,0.0677286
/home/multiclass_classification/horse/train/07_108.png,1,0.004870083,-0.001103277,0.004997648,0.005425506,0.003461517,0.004256189,0.006917853,0.004489408,0.009569556,0.018576419,0.012776215,0.023025898,0.006409721,0.019696824,0.015085173,0.02887263,0.03177047,0.06057173
/home/multiclass_classification/horse/train/06_037.png,1,0.002010442,0.00047815,0.003994522,0.000108973,0.000855814,0.002889912,-0.000965796,0.003803702,0.003764803,-0.008868203,0.0202015,0.00114771,0.004502201,0.011237582,0.016683523,0.014887711,0.026597667,0.070038065
/home/multiclass_classification/horse/train/02_052.png,1,0.006550112,0.005681796,0.013814395,0.011026477,0.004729434,0.010623763,0.017775156,0.015492042,0.007861988,0.013468394,0.025832472,0.007933687,-0.000255862,0.015304481,-0.001816067,0.007404408,0.020356946,0.04855989
/home/multiclass_classification/horse/train/horse20-1.png,1,0.001861113,0.003050159,0.008951362,-0.001014417,0.002034063,0.006735668,0.002926555,-0.00879827,0.000693473,-0.011060703,0.021287067,0.013663016,0.008829005,0.007713425,0.021300066,0.022577431,0.029951617,0.1176811
/home/multiclass_classification/horse/train/06_068.png,1,0.004767654,0.003020563,0.006711227,0.007310465,0.005390452,0.009984838,0.002470358,0.000598751,0.005478859,0.001058808,0.014107395,0.001040582,0.00568344,0.007738013,0.011904055,0.011263816,0.019270048,0.08925153
/home/multiclass_classification/horse/train/horse38-4.png,1,-0.003191161,0.000565004,-0.001384976,0.000376359,0.003753269,0.00766445,0.002973605,-0.000785811,0.005709111,0.000351911,0.01846938,0.003387304,0.010271885,0.016109085,0.005547912,0.028336143,0.035850137,0.120679766
/home/multiclass_classification/horse/train/05_024.png,1,0.003623981,0.001902001,0.005124299,0.007776839,0.002198107,-0.000303774,0.010404477,0.003428812,0.00723586,0.00593094,0.013871308,0.011205855,0.010656334,-0.001260937,0.02409994,0.043155193,0.034128174,0.1060807
/home/multiclass_classification/horse/train/horse35-1.png,1,0.004872039,0.003695201,0.007009504,0.00829582,0.00545588,0.004349917,-0.002153673,0.004121858,0.004022223,0.006665708,0.019542463,0.025698584,0.007927718,0.016811663,0.0307238,0.03895414,0.034323595,0.09098431
/home/multiclass_classification/horse/train/horse26-6.png,1,0.000457232,0.00240295,0.008773078,0.006878223,0.004569327,0.003090133,-0.009335671,-0.003710396,0.00905304,-0.005407664,0.002325735,0.016747676,0.00558887,0.003034163,0.020548377,0.013806341,0.020797625,0.07691584
/home/multiclass_classification/horse/train/02_045.png,1,0.000326142,0.003712392,0.004902986,0.007034942,0.003063349,0.00720599,-0.001270689,0.003568988,0.000224182,-0.001883861,0.009374091,0.013706435,-0.000880223,0.012010709,0.022148535,0.037607104,0.035703734,0.10535858
/home/multiclass_classification/horse/train/01_063.png,1,-0.001821076,0.003101787,0.013716595,0.010964946,-0.000930506,-0.014614798,-0.006926998,-0.004568295,0.00294581,-0.012780153,0.009828651,0.006100017,0.005101949,0.012014713,0.004056367,0.01269613,0.019096855,0.07938166
/home/multiclass_classification/horse/train/horse09-9.png,1,-0.004460316,0.000911267,0.00409949,-0.001395103,0.003972774,0.001043002,-0.007342502,0.003646473,-3.66E-05,-0.001367652,0.006256724,0.017514227,0.011112288,0.004791966,0.018507801,0.04206031,0.027145265,0.101047
/home/multiclass_classification/horse/train/horse33-6.png,1,0.001226064,0.000768344,0.005727572,0.007111465,0.004020228,-0.003780944,-0.004045816,0.003215627,-0.003473937,-0.0089759,0.010459852,0.006431607,0.000912589,-0.003368802,0.007809226,0.030615637,0.03367486,0.10572103
/home/multiclass_classification/horse/train/03_069.png,1,0.000611358,-0.000618734,-0.001927794,-0.00080671,-0.006514753,-0.014637696,-0.011140445,-0.012197433,-0.004584945,-0.026784822,-0.00901976,-0.009771951,0.002242188,0.002842474,-0.00875484,0.000755711,0.018749889,0.051248826
/home/multiclass_classification/horse/train/03_087.png,1,0.003740003,0.003237006,0.008008172,0.007289428,0.001013915,0.003034157,0.004991184,-0.001645765,0.003837105,0.00306729,0.016607415,0.007191602,-0.003993363,0.003478418,-0.003213161,0.022243435,0.023955103,0.0588065
/home/multiclass_classification/horse/train/03_080.png,1,0.004897856,0.000960961,0.009470613,0.006565604,0.005071683,0.009854097,0.004141748,0.000312812,0.008570798,0.019250972,0.022457551,0.022226183,0.015535595,0.001435439,0.010357544,0.033680286,0.038926434,0.09301461
/home/multiclass_classification/horse/train/02_018.png,1,0.001399509,0.002183614,0.011542637,0.011549267,0.004059332,0.009369697,0.020433757,0.009042164,0.013504618,0.012114879,0.015879322,0.016885757,-0.00334174,-3.95E-05,0.003511511,0.016127,0.024215378,0.042293333
/home/multiclass_classification/horse/train/03_016.png,1,-0.00306872,0.002973745,0.008386899,0.000494915,-0.0036235,-0.010741279,-0.011683333,-0.002481131,-0.003275339,-0.01123627,0.007830567,0.005273556,0.008246449,0.022567386,-0.002649532,0.002633648,0.026176952,0.09392973
/home/multiclass_classification/horse/train/05_045.png,1,0.002121784,0.001268551,0.005187041,-0.001227786,-0.001756011,-0.007983319,-0.003858483,0.00017584,-0.000202369,0.006777919,0.022874646,0.006865457,-0.002334921,0.028400328,-0.001513063,0.013963847,0.02727666,0.07582827
/home/multiclass_classification/horse/train/horse32-8.png,1,0.00455747,0.003476768,0.013003465,0.005409864,0.00431737,-0.004604021,-0.008709792,-0.001569162,0.001888168,0.000639001,0.023977237,0.012671938,0.015168269,0.001986198,0.003804852,0.014507041,0.036346003,0.10694382
/home/multiclass_classification/horse/train/horse22-2.png,1,-0.000699256,-0.00111057,0.012971692,0.010167283,0.005075518,0.01145608,0.000464264,0.003501569,0.001808698,-0.009619774,0.008459385,0.003061009,0.000376538,-0.005888399,0.005478669,0.019208407,0.025396366,0.087650046
/home/multiclass_classification/horse/train/07_030.png,1,-0.002903632,0.004417688,0.009468064,0.006142492,-0.004736922,0.003673429,-0.005425763,0.00068273,0.000917638,-0.00743226,0.026471911,0.016043037,0.004895666,0.000766283,0.016730484,0.010440588,0.02645483,0.081517205
/home/multiclass_classification/horse/train/2e1937ab5b.jpg,1,0.00156755,0.006569748,0.007718913,7.85E-05,0.008792007,0.009401543,0.002537106,-0.00436518,0.006147118,-0.012744451,0.011562483,0.01253037,0.004264384,-0.011116041,0.019509476,0.005300326,0.018493867,0.1012149
/home/multiclass_classification/horse/train/02_102.png,1,-0.001289506,0.004654956,0.008491637,0.004129957,0.005148667,0.009948203,0.007642558,0.009977365,0.003236816,0.016483482,0.012964285,0.011625864,0.001649085,0.008836849,0.014429774,0.0312596,0.027886149,0.086011894
/home/multiclass_classification/horse/train/06_110.png,1,0.00208572,0.007724811,0.005219644,0.006416237,0.003544235,-0.002426374,-0.001892314,-0.004506562,0.007010524,-0.00394748,0.012893943,0.013179838,0.002160539,0.004854216,0.000443838,0.022251539,0.028953489,0.080944575
/home/multiclass_classification/horse/train/06_004.png,1,0.006383975,0.003457625,0.008359268,0.004803248,0.002232271,0.012763528,0.008879204,0.013834056,0.010485696,0.018241346,0.010113127,0.009161375,0.007165764,0.022549562,0.023007289,0.02560208,0.034096643,0.08341223
/home/multiclass_classification/horse/train/horse48-8.png,1,-0.001899045,0.002909517,0.008700203,0.001153361,0.00198147,0.002538956,0.003735684,0.004886437,0.005367989,0.0021024,0.023863997,0.011671762,0.011188265,0.00986222,0.038156986,0.028640062,0.039146088,0.098289974
/home/multiclass_classification/horse/train/01_023.png,1,0.001834921,0.002775157,0.001734726,0.006775863,-0.001538074,-0.005386873,-0.000524432,-0.005545849,-0.00182776,-0.014077415,0.012181653,0.003548446,0.011063143,-0.014597517,0.020085258,0.030516174,0.022949858,0.07919999
/home/multiclass_classification/horse/train/01_073.png,1,0.006448709,0.003209604,0.010549442,0.004870817,0.000920704,0.00602223,-0.003646127,-0.005191199,0.007955899,-0.00952563,0.013961242,0.007803776,0.005125833,0.010697994,0.024875632,0.009286672,0.016459148,0.084521554
/home/multiclass_classification/horse/train/29a9b70630.jpg,1,0.00254913,0.002551228,0.00471293,0.005978837,0.011364338,0.010210034,0.008241465,0.00766632,0.009860507,0.009798213,0.019378738,0.010219832,0.011183731,-0.001443606,0.012218945,0.006876892,0.03375951,0.09482035
/home/multiclass_classification/horse/train/horse01-7.png,1,0.001872536,0.000357563,0.002797851,0.005792989,0.007338327,-0.002799137,-0.0091883,7.21E-05,0.004722748,-0.024105424,0.001497975,0.007892557,0.004139687,0.002333155,0.000248146,0.014032915,0.01974018,0.08325487
/home/multiclass_classification/horse/train/02_037.png,1,0.002436672,0.004125782,0.012496445,0.00822141,0.005200245,0.013600971,0.013461526,0.007201796,0.008699931,0.01347707,0.020686798,0.017943531,0.012609538,0.006148551,0.026761297,0.028551273,0.034802593,0.10853216
/home/multiclass_classification/horse/train/92b2ac86ed.jpg,1,0.004419865,0.003619575,0.005759514,0.002743125,0.002125344,0.009372841,0.004400904,0.005710332,0.005676069,0.000765276,0.017106595,0.005977532,0.010060382,-0.023829972,0.00974742,0.004666309,0.018320378,0.08611068
/home/multiclass_classification/horse/train/01_002.png,1,0.001988908,0.006297318,0.008373466,0.003699089,0.002536477,0.003471175,-0.00802285,-0.003495294,0.00643737,0.010858011,0.018047247,0.014326756,0.005668563,0.004431504,0.01223141,0.020412937,0.032950703,0.105060995
/home/multiclass_classification/horse/train/04_036.png,1,0.002362915,0.003788727,0.004593714,0.009411162,0.009113508,0.017247185,0.014823198,0.006720161,0.007083908,0.026024155,0.029687304,0.016096111,0.014209004,0.023585254,0.03939173,0.014053396,0.03383894,0.10639317
/home/multiclass_classification/horse/train/02_062.png,1,0.003791463,0.003304693,0.006965067,0.00455074,0.005452131,0.004982523,0.004954722,0.003812158,0.001181459,0.006054245,0.025562597,0.005471407,0.000494417,0.014943648,0.013433963,0.024291456,0.034087595,0.09798248
/home/multiclass_classification/horse/train/06_097.png,1,-0.000516607,0.003964169,0.00398601,0.008927478,0.002641585,-0.007375694,-0.011867411,-0.007441041,-0.002606193,-0.00419747,0.013005528,0.012634601,0.003295126,-0.007798481,0.01986584,0.0114777,0.025915837,0.09316865
/home/multiclass_classification/horse/train/01_074.png,1,0.001059,0.001416338,0.008747805,0.003518586,0.003132598,-0.000279397,-0.007346772,-0.010777801,0.000250852,-0.018721666,0.019175079,0.01253468,0.009752422,-0.005211196,0.025957871,0.012958512,0.02347513,0.08692773
/home/multiclass_classification/horse/train/02_019.png,1,-0.00102984,0.003344163,0.007247496,0.004105277,-0.004406203,0.005207223,0.007292345,0.003558925,-0.009154907,-0.00119367,0.012751024,-0.007329212,-0.005708643,0.003014502,-0.007412124,0.00515348,0.00583401,0.01873143
/home/multiclass_classification/horse/train/07_027.png,1,0.004397851,0.004422896,0.014130639,0.009471021,0.005961375,0.013385875,0.009220259,0.010288735,0.00907368,0.010253802,0.022839943,0.018853288,-0.001723983,0.010969434,0.013550341,0.003956999,0.005129851,0.036206454
/home/multiclass_classification/horse/train/horse29-9.png,1,0.001179438,0.00131327,0.004095698,0.0105586,0.000673542,0.004410953,0.00252654,0.001051646,0.002367215,-0.006886316,0.02357344,0.0048995,0.007825417,0.01808462,0.010845127,0.02409803,0.027266145,0.095459275
/home/multiclass_classification/horse/train/horse15-8.png,1,0.005233669,0.003608665,0.009623768,0.004375902,0.007139775,0.006289704,0.010785191,0.003397827,0.008666686,0.013289179,0.007683421,0.02231475,0.007633874,0.0228538,0.021408124,0.044466756,0.03741663,0.10975818
/home/multiclass_classification/horse/train/horse38-6.png,1,0.004934913,0.003204362,0.005666222,0.007777903,0.001469871,0.004042488,0.006100859,0.003216911,0.000865639,-0.006625068,0.011386184,0.002990384,0.007842084,0.0090041,0.00933168,0.02004546,0.022146579,0.08740328
/home/multiclass_classification/horse/train/05_037.png,1,-0.002039706,0.003091473,0.003058033,0.009351269,-0.003789305,-0.007216814,-0.010188393,-0.003051367,0.00263653,-0.019790405,0.015724618,0.006531756,-7.71E-05,0.010128283,0.029967038,0.005006627,0.01984797,0.07182816
/home/multiclass_classification/horse/train/horse22-9.png,1,-0.001127677,0.00252615,0.01237558,0.00505928,0.00421857,-0.001139588,-0.005157371,-0.004039055,-0.004817791,-0.029767472,0.015223892,0.016906925,0.004793501,0.013354105,0.014431463,0.018057408,0.03221997,0.11323078
/home/multiclass_classification/horse/train/horse22-3.png,1,0.001808824,0.004051618,0.006781619,0.002639698,0.004090667,0.00203601,-0.013225051,-0.003538299,-0.00153431,-0.018124536,0.017845143,0.009955131,0.00768196,-0.009272754,0.00900745,0.013668062,0.022883765,0.10541001
/home/multiclass_classification/horse/train/06_078.png,1,0.004872197,0.002142185,0.008016842,0.004900397,0.003356251,0.005848954,0.008736175,0.002556647,0.002181265,0.012006966,0.013260266,0.014710952,0.009014315,0.004534524,0.024189718,0.019611992,0.028589714,0.088203624
/home/multiclass_classification/horse/train/horse21-0.png,1,0.006045708,0.004551006,0.013517682,0.008089137,0.000660362,-9.08E-05,7.46E-05,0.006793986,0.005562671,-0.002531628,0.011154238,0.011689701,0.011307192,-0.000914492,0.023736037,-0.00377626,0.023410931,0.095135584
/home/multiclass_classification/horse/train/horse18-7.png,1,0.002028416,0.006801698,0.016685177,0.010233568,0.002004795,-0.002160552,0.000660701,-0.000317431,0.002924618,0.00181667,0.021150116,0.000484266,0.000256141,0.000672123,0.012637233,0.015322168,0.031748887,0.109199405
/home/multiclass_classification/horse/train/06_003.png,1,0.003356996,0.008352498,0.007261013,0.007614315,0.002304076,-0.000279288,0.000812984,-0.001866292,-2.54E-05,-0.005351151,0.014190449,0.013402277,0.010622204,0.007315452,0.02894578,0.021188432,0.031649634,0.10684101
/home/multiclass_classification/horse/train/horse31-3.png,1,0.000503416,0.004403006,0.007991783,0.003661587,0.005988923,-0.003610948,-0.000840605,-0.002630367,-0.006041801,-0.016578445,0.014495876,0.011317872,0.01065021,0.013406293,0.016122788,0.040834032,0.033860534,0.12292864
/home/multiclass_classification/horse/train/horse44-7.png,1,-0.001948961,0.000243758,0.004605247,0.010867426,0.004063087,0.002458911,0.001102369,0.004423645,0.001881484,0.004258422,0.019520665,0.017269596,0.009736601,0.007303554,0.035323292,0.030375697,0.02523005,0.08482358
/home/multiclass_classification/horse/train/07_015.png,1,0.005446965,0.002279017,0.006422812,0.002954196,0.002708811,0.002997349,0.003879006,0.005108332,0.007072397,0.011017306,0.013482504,0.009651093,-0.004734016,0.006224967,0.012453872,0.001182743,0.018731037,0.058928713
/home/multiclass_classification/horse/train/horse02-0.png,1,0.00961869,0.00762151,0.011999926,0.011774419,0.012468659,0.013291633,0.007854831,0.006777839,0.006486107,0.011958448,0.023319278,0.016990663,0.012832383,0.002008341,0.019959271,0.0169154,0.034817174,0.104948856
/home/multiclass_classification/horse/train/01_005.png,1,-0.00107739,0.001376632,0.003377607,0.007237468,0.005935938,-0.001528585,-0.008595228,0.000329792,-7.07E-05,-0.009105365,0.010616737,0.014957717,0.010464827,0.001592085,0.015187635,0.021227024,0.039707817,0.10519447
/home/multiclass_classification/horse/train/02_087.png,1,-0.00311652,0.002180283,0.00611056,0.002987932,0.003910534,0.004041158,-0.005996383,0.00373069,0.001488612,0.003189489,0.009413199,0.008098392,0.001394304,0.001744307,0.002583726,0.018239215,0.027640957,0.084453285
/home/multiclass_classification/horse/train/02_032.png,1,0.001224333,0.003288377,0.008259707,0.002317442,-0.006392867,-0.008760469,-0.004606499,-0.006896481,-0.00201533,-0.010715345,0.020745948,0.007871605,-0.002007075,0.02061003,0.01888567,0.03713383,0.033643372,0.10953557
/home/multiclass_classification/horse/train/03_056.png,1,0.003112049,0.000829447,0.008076155,0.011043459,-0.001010236,-0.003651443,0.00287298,0.004633707,-0.002769254,0.009105071,0.00822619,0.002991058,0.002079204,0.0066166,-0.012108213,0.010341171,0.017189942,0.042770475
/home/multiclass_classification/horse/train/horse46-0.png,1,-0.000349574,0.001976422,0.001400235,0.003755502,-8.77E-05,0.003197691,0.002936263,7.74E-05,0.007965189,0.010986473,0.007582278,0.015719298,0.005838224,0.002700964,0.011532529,0.024594218,0.024562784,0.061344467
/home/multiclass_classification/horse/train/01_088.png,1,0.002328371,0.003318993,0.011695928,0.001476425,0.003184233,0.003424629,-0.002809411,0.006163073,0.00277058,0.00248619,0.021619022,0.018465757,0.016637035,0.007806116,0.008976299,0.030281013,0.02844531,0.09987156
/home/multiclass_classification/horse/train/horse38-2.png,1,0.001851026,0.000980002,0.004625355,0.003077161,0.002338724,-0.000924317,-0.007293236,-0.000624412,-0.004473998,-0.009214599,0.019251416,0.014170407,0.012026604,0.02999157,0.01259688,0.03574329,0.030161977,0.11670785
/home/multiclass_classification/horse/train/02_022.png,1,0.008252082,0.00412503,0.00730101,0.005636319,0.002341102,0.009323252,0.006879069,0.00362345,0.006522246,0.004662364,0.006772163,0.01206545,-0.002740792,0.004993053,0.013788724,0.016997242,0.034208324,0.104046874
/home/multiclass_classification/horse/train/horse14-3.png,1,-0.000491953,0.006492032,0.005129104,0.002213865,0.00643573,0.00422978,0.004565669,0.000411152,0.004658612,0.00093458,0.015562384,0.014506244,0.009400159,0.002555609,0.031976983,0.041291587,0.029953929,0.114728145
/home/multiclass_classification/horse/train/horse36-0.png,1,0.002881762,0.002830764,0.011535672,0.00563039,0.005188223,0.002551251,-0.004718621,-0.003736808,0.009687639,-0.009457112,0.011189536,0.010807017,0.003085622,0.002214372,-0.001123801,0.027898584,0.02219953,0.071988985
/home/multiclass_classification/horse/train/06_099.png,1,0.005331882,0.001581304,0.008182833,0.008031161,0.004161074,0.012683809,0.004752616,-0.000317402,0.00214822,-0.008340665,0.023682136,0.01291496,0.009821266,0.009722841,0.014670563,0.02904704,0.03644219,0.11598979
/home/multiclass_classification/horse/train/horse03-3.png,1,0.004403831,0.006271914,0.011459668,0.003417895,0.009886664,-0.002215337,-0.001001826,0.002457757,0.004921949,0.00641781,0.014724578,0.032056652,0.008496912,0.013929263,0.01276917,0.037245475,0.025825774,0.09517588
/home/multiclass_classification/horse/train/04_030.png,1,-0.002446833,0.003254552,0.013832098,0.001596169,0.007103335,0.009051027,0.003499534,0.007259931,0.009714676,0.009894444,0.015370176,0.008619753,0.004908709,-0.037120506,0.004379146,0.01549871,0.027922593,0.106994204
/home/multiclass_classification/horse/train/horse04-9.png,1,-0.000746681,0.004597576,0.012641748,0.012758565,0.005095859,-0.002196723,-0.011757553,-0.007708784,-0.001798009,-0.012991464,0.004540942,0.002792328,0.003327417,0.014067955,-0.004114489,0.03231003,0.016109748,0.05874061
/home/multiclass_classification/horse/train/07_078.png,1,0.001247915,0.003008989,0.006775597,0.002443233,0.004170345,0.00155736,0.010470599,0.002603074,0.008605382,0.014956322,0.017338661,0.013121752,-0.001468128,0.008197317,0.002077411,-0.005795386,0.015730998,0.030747395
/home/multiclass_classification/horse/train/horse45-4.png,1,0.002101398,0.002872045,0.004425705,0.002990502,0.000512804,0.001260999,0.000964754,0.004299674,0.001831973,0.004189408,0.013544969,0.014128182,0.001544447,0.00110868,0.026706832,0.027244084,0.029330427,0.09012669
/home/multiclass_classification/horse/train/03_044.png,1,-0.00056849,0.002958814,0.009779468,0.008093014,0.005916179,0.003233022,-0.001229348,0.007653475,0.00743202,-0.00475228,0.020727012,0.008673117,0.006980968,-0.005141352,0.0053535,0.036709845,0.026595172,0.08786753
/home/multiclass_classification/horse/train/horse46-9.png,1,0.001594682,0.000854805,0.010240397,0.008319642,0.002488582,0.004501696,-0.0114133,-0.010043763,0.000851523,-0.021569485,0.016548133,0.004046077,0.007208197,-0.00413209,0.012441625,0.023862755,0.03939344,0.10811564
/home/multiclass_classification/horse/train/60ef72d53c.jpg,1,0.00310849,-0.000510634,0.004056021,-0.001948754,0.004057867,0.003618149,-0.002240824,-0.005304464,0.005202879,-0.005496888,0.014768471,0.00854698,0.006836709,0.011465123,0.026399191,0.020381374,0.033456266,0.11641348
/home/multiclass_classification/horse/train/06_015.png,1,0.006607087,0.002886964,0.006027465,0.001510079,0.007734336,0.009799534,-0.003148749,0.000408048,0.005687598,-0.012352626,0.006701654,0.0111658,0.00112923,-0.011460224,0.003635779,0.019179087,0.022681635,0.09860745
/home/multiclass_classification/horse/train/horse42-4.png,1,0.003403138,0.005314888,0.011764562,0.00244414,0.001308985,-0.005107087,0.000188355,-0.000990347,0.003313764,0.004063929,0.014921355,0.003528124,0.005094806,-0.002711607,0.016342236,0.000167291,0.031067383,0.0653683
/home/multiclass_classification/horse/train/03_048.png,1,0.002642803,-0.002089307,0.000835953,-0.003335972,0.003169455,0.013414725,0.007641547,-0.001304136,0.007420079,0.005303001,0.009198677,0.010109871,0.001362769,-0.002577383,-0.002378966,0.02840584,0.031277537,0.07722637
/home/multiclass_classification/horse/train/05_006.png,1,-0.000560647,-0.003981219,-0.000122341,-0.002582503,-0.000538802,-0.00571888,-0.008261306,-0.007466732,0.000498164,-0.01251875,0.00762432,0.016502352,0.003837055,0.04059124,0.013767973,0.02581415,0.022067275,0.07120839
/home/multiclass_classification/horse/train/07_037.png,1,0.005693229,0.006265137,0.009391014,0.006660529,0.001013721,0.006511325,0.004090399,0.002836217,0.013500755,0.02129963,0.014141732,0.003127594,0.002471516,-0.002845166,0.006390298,-0.002653052,0.011950912,0.07328309
/home/multiclass_classification/horse/train/02_098.png,1,0.008078013,0.006870048,0.010614618,0.008601339,0.000812,0.002753746,0.006194642,-0.005699042,0.000190097,-0.001415444,0.008932593,0.019988075,-0.004725259,-0.007675386,0.02730358,0.017044798,0.031207245,0.076964915
/home/multiclass_classification/horse/train/horse11-4.png,1,0.00368041,0.004611949,0.010713015,0.005294223,0.005589725,0.019646289,0.009736046,0.008453738,0.003639414,0.02662079,0.023452936,0.027709737,0.011095857,0.021467023,0.038533572,0.037047442,0.03217773,0.10578768
/home/multiclass_classification/horse/train/07_047.png,1,0.001271982,0.005544875,0.01163164,0.004888148,-0.002282922,0.009524571,-0.000647106,0.008559117,0.001232408,-0.00336576,0.012607751,0.001442529,0.0002873,0.008332009,0.004845903,-0.00041875,0.011040812,0.052062012
/home/multiclass_classification/horse/train/0be9a6ba0c.jpg,1,0.000612477,0.000925698,0.007623359,0.005138044,0.000505832,0.011616175,0.0045602,0.007699622,0.003594859,0.00948318,0.021057453,-0.0066416,0.001038208,0.016637776,0.000237547,0.010530155,0.010784116,0.029094193
/home/multiclass_classification/horse/train/horse35-2.png,1,0.005095569,0.006242926,0.009950848,0.009073728,0.005977185,0.003006166,0.003655636,0.004096048,0.00399665,0.003972509,0.016999725,0.022990068,0.008779985,0.011820091,0.014753053,0.04769913,0.03836856,0.10849391
/home/multiclass_classification/horse/train/06_018.png,1,0.005444294,0.007841173,0.015611989,0.015284753,0.011565362,0.009137334,0.004461905,0.007734587,0.008585624,0.01326694,0.022669472,0.026332282,0.008856941,0.003886048,0.022566661,0.016421704,0.021057313,0.08413094
/home/multiclass_classification/horse/train/horse24-9.png,1,-0.004318229,0.0015822,0.009206752,0.002871506,-0.000159462,0.005326682,-0.006914392,-0.00304439,0.005300436,-0.012181964,0.009472216,0.009294821,0.002955474,0.001368526,0.005441302,0.031967394,0.025904873,0.078073375
/home/multiclass_classification/horse/train/06_005.png,1,0.007701157,0.004997087,0.014690803,0.012198313,0.006593772,0.014180793,0.01274906,0.001736957,0.006895924,0.009212325,0.013539518,0.010136804,0.007633217,-0.000222947,0.016930483,0.004234288,0.02570261,0.106315404
/home/multiclass_classification/horse/train/06_081.png,1,0.000706254,0.006449665,0.011366019,0.008803247,0.00763184,0.009214172,-0.003596209,-0.005369555,0.003860996,-0.004289696,0.009600285,0.014563182,0.012568167,-0.001727235,0.021411447,0.03502091,0.03023838,0.09774221
/home/multiclass_classification/horse/train/02_021.png,1,0.001628927,0.000789314,0.008049959,0.008353969,0.003779804,0.003131848,0.011618806,0.003582307,0.00620701,0.006608459,0.008003157,0.008738888,0.009308185,0.006259106,0.014528573,0.025806203,0.03950096,0.10973187
/home/multiclass_classification/horse/train/02_095.png,1,0.001687385,0.008583969,0.017730488,0.005829677,0.003106016,0.010917978,0.007447308,-0.000887081,-0.00068074,0.006717997,0.008908575,0.000966218,-0.003628509,-0.01576183,0.007822951,0.003506524,0.019370284,0.08812611
/home/multiclass_classification/horse/train/06_020.png,1,0.000945568,0.002709776,0.011219932,0.008554871,0.003393747,0.003956903,-0.011327272,-0.000582186,-0.000333844,-0.026144393,0.005585495,0.011646234,0.006748483,-0.019614179,0.003130716,0.016310327,0.027238078,0.08452488
/home/multiclass_classification/horse/train/05_014.png,1,-0.001198028,0.002997182,0.006364751,0.006000399,0.003840198,0.001793881,-0.003062455,-0.005683213,0.000483819,-0.005473856,0.013781305,0.013069363,0.01021375,0.019517751,0.013225663,0.030751158,0.028383661,0.09603189
/home/multiclass_classification/horse/train/01_094.png,1,-0.001027043,0.003928206,0.0115475,0.007045913,0.00658095,0.008099305,-0.001129152,0.001131422,0.006474303,-0.00135048,0.006422485,0.016490921,0.00851843,-0.009788835,0.018561494,0.039911542,0.031883165,0.0908709
/home/multiclass_classification/horse/train/03_096.png,1,-0.004708345,0.001973907,0.005192821,0.006874038,-0.001432298,-0.005773016,-0.005411218,-0.00467914,0.000856172,-0.02209406,0.014451988,-0.000967613,0.001774889,0.011112042,0.015795287,0.015782438,0.025008492,0.11374569
/home/multiclass_classification/horse/train/horse34-2.png,1,0.001622912,0.004148858,0.009041306,0.006656579,0.001792334,0.001570494,-0.000572355,0.005720687,0.006424253,0.004503056,0.020639904,0.010370667,0.008599505,-0.000277666,0.011598414,0.021765813,0.029569468,0.0991547
/home/multiclass_classification/horse/train/horse13-3.png,1,-0.002364076,0.000958976,-0.002267298,0.002584517,0.004461999,0.014612776,-0.003524113,-0.004979348,-0.000881954,-0.009667094,0.010407884,0.01740199,0.003688826,0.009764952,0.018678896,0.035298184,0.032505773,0.11129146
/home/multiclass_classification/horse/train/6e4eec5100.jpg,1,0.000668904,0.005937954,0.010919364,0.004532333,0.002256183,-0.000425475,0.002899369,-5.02E-05,0.003517286,0.007731702,0.011905964,-0.002231091,8.63E-05,-0.00475518,-0.013075376,0.00109774,0.003803563,0.031496312
/home/multiclass_classification/horse/train/horse10-0.png,1,0.000642383,0.004851208,0.009795956,0.000841254,0.005472063,0.008979518,0.007787853,0.00161481,0.01008382,0.017864604,0.019600619,0.024174616,0.005514456,0.013244565,0.016587771,0.03840428,0.023906196,0.098694414
/home/multiclass_classification/horse/train/03_088.png,1,0.002302664,0.007368767,0.011319928,0.004129428,0.003579344,-0.004126654,-0.007623622,-0.010736016,-0.00325176,-0.00876681,0.02082859,0.011255953,0.006017505,0.002430572,0.002257459,0.025725024,0.028857697,0.099914834
/home/multiclass_classification/horse/train/02_068.png,1,0.002073391,0.002225498,0.014507657,0.012747896,0.009493869,0.009427013,0.002353683,0.000305716,0.006778216,3.51E-05,0.0290449,0.01124445,0.007897044,0.02477213,0.009570383,0.011652309,0.031202888,0.08363614
/home/multiclass_classification/horse/train/horse19-5.png,1,0.001025807,0.000563482,0.008152885,0.006116066,0.005835603,0.009566092,-0.004860888,-0.001058497,0.005541994,-0.013635431,0.01936873,0.014662189,0.010637458,0.03174755,0.020018999,0.02895624,0.031386457,0.10119279
/home/multiclass_classification/horse/train/04_024.png,1,0.008565918,0.002910552,0.006699128,0.003580121,0.003092121,-0.008269762,-0.00361766,-0.007496854,0.005746425,-0.014338343,-0.000837545,0.01788241,0.009473947,-0.013258247,0.002210951,-0.000789521,0.016212728,0.06357092
/home/multiclass_classification/horse/train/06_033.png,1,0.004277119,0.002820184,0.010843897,0.006156043,0.004088221,0.002739803,0.011134197,0.001927837,0.005874639,0.016541269,0.01059613,0.022997027,0.007495339,-0.002496177,0.021584498,0.029378952,0.030178323,0.07718929
/home/multiclass_classification/horse/train/horse15-7.png,1,0.000719794,0.00612338,0.007353097,0.010761192,0.003884475,0.014932222,0.009437097,0.004475757,0.008635565,0.006799404,0.020057304,0.01011021,0.012732681,0.023797533,0.027509052,0.03712447,0.03975048,0.10771617
/home/multiclass_classification/horse/train/horse07-6.png,1,-0.000198476,0.002737555,0.010967609,0.001384883,0.005749161,0.002329064,-0.006221688,0.00569627,-0.00490172,0.000872785,0.005949073,0.0129476,0.008992505,0.01638592,0.016250033,0.032753777,0.034623228,0.12967989
/home/multiclass_classification/horse/train/horse01-3.png,1,-0.004576557,-0.000915718,-0.0021631,0.000419412,0.005231054,0.014865484,-0.001402686,-0.001051573,-0.002121026,-0.01792426,0.007615882,0.013553357,0.010341796,0.007211724,0.002141657,0.02562707,0.026444945,0.09404534
/home/multiclass_classification/horse/train/07_119.png,1,0.002699285,0.006601964,0.00619311,0.004106506,0.004698333,0.002226953,0.001715711,0.010846389,0.006288688,0.010522564,0.014589666,0.024389876,0.008063857,0.015437346,0.016344255,0.011256993,0.00582778,0.03895721
/home/multiclass_classification/horse/train/03_013.png,1,-0.000948704,0.001765162,0.007390311,0.005167273,0.000595127,0.002569926,-0.008845387,0.000769431,0.002864603,0.004339581,0.006175046,0.001899171,0.006208011,0.022192122,0.008934283,0.041102886,0.03466201,0.08321032
/home/multiclass_classification/horse/train/06_016.png,1,0.002643128,0.003963957,0.011549061,0.00329315,0.005410207,0.012257234,0.013277982,0.002455839,0.006191639,-0.006073299,0.023706157,0.020203099,0.003743329,-0.01487687,0.0293119,0.02082824,0.03258811,0.09363003
/home/multiclass_classification/horse/train/horse39-7.png,1,0.001548448,0.000880314,0.003435231,0.005689534,0.002371443,-0.004102988,0.001641072,0.007881023,0.005000659,0.000304019,0.023926,0.007836118,0.012258666,0.039493687,0.019378036,0.036198743,0.040117435,0.12619907
/home/multiclass_classification/horse/train/01_047.png,1,-0.000139084,0.000896566,0.005672483,0.009153747,0.002578868,0.002088773,-0.008166118,0.004634247,0.002119898,-0.010304229,0.020033348,0.0142598,0.00971737,-0.01548923,0.026080802,0.033298895,0.03240974,0.09743634
/home/multiclass_classification/horse/train/horse26-9.png,1,0.002739757,0.002670054,0.013786715,0.006306893,0.005843794,0.01234556,-0.00109047,-0.001586662,0.007074138,-0.004206121,0.015866304,0.01711442,0.007573733,0.03127622,0.021561995,0.024347775,0.022733454,0.08546841
/home/multiclass_classification/horse/train/01_084.png,1,0.006645497,0.008453602,0.013025494,0.009751343,0.000187941,-0.004417842,-0.006483512,-0.004977264,1.81E-05,-0.017404757,0.006319807,0.00422223,0.006350714,-0.015917502,0.013955491,0.008561041,0.015329931,0.064590655
/home/multiclass_classification/horse/train/01_122.png,1,-0.001596559,0.003825355,0.009001913,0.006693577,0.007371368,0.004866818,-0.000991,7.51E-05,0.003113498,-0.008593311,0.014222722,0.018405303,0.008419761,0.008070075,0.000648524,0.03479872,0.02249673,0.08485375
/home/multiclass_classification/horse/train/06_112.png,1,0.002715772,0.006028431,0.007968309,0.005954257,0.006019575,0.013994534,0.014049599,-0.000436225,0.006708818,0.012944207,0.014049906,0.003796345,0.000468201,-1.55E-07,0.00854374,0.005009503,0.015952827,0.046825103
/home/multiclass_classification/horse/train/01_026.png,1,-0.00131826,0.000822312,0.006762163,0.003011911,0.001233921,-0.001118945,-0.006008739,-0.010881307,0.0007767,-0.004178025,0.013393113,0.007113293,0.00522875,-0.00456289,0.001641653,0.00854311,0.02745819,0.09089798
/home/multiclass_classification/horse/train/horse31-4.png,1,-0.002508288,-0.002702763,-0.00592051,0.003251382,-0.001603193,-0.010540173,-0.020323314,-0.006983132,-0.000168049,-0.023506336,0.009284178,-0.000250725,0.005381906,0.005750475,-0.008729301,0.022882566,0.020049803,0.086514115
/home/multiclass_classification/horse/train/03_006.png,1,-0.002629397,0.002169474,0.007202058,-0.002014603,-0.000135251,0.008501049,-0.006785217,-0.00303924,0.00016959,0.003490188,0.011590539,0.017848093,-0.001067247,-0.002559338,0.028147332,0.026747197,0.032078177,0.110887975
/home/multiclass_classification/horse/train/12ca1c4d99.jpg,1,0.00041374,0.0036733,0.003414363,0.007034459,-0.003483214,0.003175394,0.002425975,-0.002005304,-0.008786172,-0.010936027,0.000355401,-0.009207386,-0.003007472,-0.010550331,0.011618611,-0.017773034,0.009809049,0.021971894
/home/multiclass_classification/horse/train/0cb5f18d0b.jpg,1,0.003911021,0.005839407,0.013917992,0.004407811,0.001759142,0.016778603,0.011224961,0.011004941,0.005894126,0.011657041,0.02268131,0.01019616,0.002798607,0.000913771,0.002080289,-0.005618533,0.014207371,0.06658507
/home/multiclass_classification/horse/train/393dd791e0.jpg,1,0.002707295,0.002883802,0.001107208,0.007481875,0.002422019,0.013132347,0.007982146,0.003727131,0.006631785,0.024523938,0.014916639,0.01564442,0.001118101,0.013382076,0.026322803,0.023174403,0.026899353,0.10296647
/home/multiclass_classification/horse/train/horse31-7.png,1,-0.002661961,0.003370029,-0.002201968,0.004794142,0.003982009,0.007016692,-0.006158234,-0.00163182,0.002361418,0.007620014,0.022250524,0.016432907,0.018034365,0.019641507,0.027826633,0.028338818,0.038234897,0.125591
/home/multiclass_classification/horse/train/01_107.png,1,-0.000116954,0.004950563,0.007042608,0.007135505,0.002973125,-0.004174479,-0.012394892,-0.006773947,0.000379336,-0.008077339,0.020597953,0.018018212,0.009005405,0.011779471,0.004482828,0.025194973,0.030843752,0.10765146
/home/multiclass_classification/horse/train/horse04-4.png,1,0.00420441,0.002531265,0.005557723,0.002159757,0.00380602,0.002733693,0.002642627,0.003203575,0.008869571,0.004500239,0.002889402,0.011067916,-0.002401044,-0.010855776,-0.006588224,0.010527019,0.0217905,0.086982355
/home/multiclass_classification/horse/train/03_012.png,1,0.003190671,0.006507308,0.00895258,0.008088009,0.010242607,0.01438651,0.007949823,0.00379587,0.009319762,0.014892182,0.016977653,0.023129847,0.008726436,-0.001015257,0.018896742,0.038669795,0.032172978,0.10790494
/home/multiclass_classification/horse/train/03_043.png,1,-0.003842045,-0.000298144,0.000248605,0.00378351,-0.00078021,-0.007461882,-0.011468221,-0.003866031,0.005377371,-0.011676368,0.01328579,0.014024559,0.010097873,-0.016100686,0.007239508,0.026016217,0.028127572,0.07881421
/home/multiclass_classification/zebra/train/image_31.jpeg,2,0.001091305,-0.007017367,-0.013206385,-0.011041511,-0.004581266,-0.014712022,-0.014866935,-0.0111391,-0.009544745,-0.052850395,-0.01103112,0.001930523,-0.007826538,-0.011925895,0.026714288,0.03144643,0.04422453,0.10535748
/home/multiclass_classification/zebra/train/n02391049_2162.jpg,2,0.002349955,-0.000511042,-0.005990664,-0.002286402,0.002876234,0.006852823,-0.02052277,-0.010092083,-0.006723714,-0.0337936,-0.012283303,0.007264162,-0.005317546,-0.013328255,0.030024929,0.051575862,0.042568855,0.104681194
/home/multiclass_classification/zebra/train/n02391049_5367.jpg,2,0.004083134,0.001773452,-0.003526467,-0.000626361,-0.005066394,-0.002228729,0.003014872,0.003335767,-0.003201754,-0.006793881,-0.008510489,0.001971992,-0.010497639,-9.17E-05,0.03612108,0.0468866,0.047843404,0.12580326
/home/multiclass_classification/zebra/train/n02391049_5169.jpg,2,0.003091466,-0.001192056,-0.003529542,-0.009269645,0.001940403,-0.00656748,0.000877969,-0.009504608,-0.007731501,-0.038127016,-0.005851548,0.001128378,-0.013447559,-0.003704311,0.032445714,0.04235756,0.046032026,0.11280903
/home/multiclass_classification/zebra/train/025.jpg,2,-7.09E-05,-0.00300117,-0.006150072,-0.008569949,0.002284134,0.000998082,0.007714763,0.001378982,-0.002983103,-0.012686044,0.000228548,-0.003294146,-0.001841144,0.0186117,0.022799116,0.035723113,0.04124323,0.10681018
/home/multiclass_classification/zebra/train/n02391049_3262.jpg,2,-0.002219653,-0.002650874,-0.006763588,-0.011716817,-0.002973072,0.002163178,-0.001901781,-0.001054247,-0.006154216,-0.016497482,-0.002645634,0.008485663,-0.000952951,-0.014485118,0.04781629,0.043624483,0.054407015,0.12083641
/home/multiclass_classification/zebra/train/009.jpg,2,-0.000745495,-0.000793147,0.000489041,-0.007595616,-0.000685993,-0.003120296,-0.011999777,-0.003267993,-0.005196879,-0.022915363,0.004166491,0.003146705,-0.00764266,-0.004578438,0.024927273,0.050544344,0.038965635,0.099903844
/home/multiclass_classification/zebra/train/n02391049_1937.jpg,2,-0.001403126,-0.002036494,0.00382199,-0.001276467,-0.000484903,0.001410418,-0.006928102,-0.000805846,0.003742188,0.002643139,0.005446393,0.022734324,-0.006003848,0.006892636,0.052666575,0.05877149,0.062728085,0.14856127
/home/multiclass_classification/zebra/train/317.jpg,2,0.00097506,-0.00661159,-0.021780413,-0.009173973,0.00613162,0.014751777,-0.008414477,-0.007564385,-0.005696981,-0.040205352,-0.006147593,0.003193811,-0.006585917,0.001199823,0.022897944,0.048098586,0.043401252,0.102119565
/home/multiclass_classification/zebra/train/n02391049_1818.jpg,2,0.002454107,-0.003686711,-0.008528787,-0.003964878,0.001801358,0.004902259,0.002643597,0.000605674,-0.006983218,0.00119314,-0.003922901,0.004835948,0.006377208,0.015292631,0.026987672,0.032198716,0.055422124,0.13417502
/home/multiclass_classification/zebra/train/n02391049_10158.jpg,2,0.001046043,-0.002679204,-0.004834116,-0.007246523,0.000796592,0.004287192,0.008040865,0.007977258,-0.001362152,0.014057156,0.009236097,0.010587135,-0.004582851,-0.005097032,0.040596787,0.03375013,0.04293429,0.113969535
/home/multiclass_classification/zebra/train/image_36.jpeg,2,-0.000397612,-0.001349776,-0.007062323,-0.00575643,-0.005043785,-0.008920807,-0.01818703,-0.000462995,-0.009373006,-0.03523427,-0.005566702,-0.003527296,-0.006602684,-0.010463594,0.016138405,0.03641767,0.043275557,0.102867536
/home/multiclass_classification/zebra/train/n02391049_2927.jpg,2,0.007318541,-0.003971992,-0.00616623,0.000577131,0.006775155,0.007011504,0.00166079,-0.001540546,-0.002288542,-0.005837983,0.005668959,0.016627993,-0.002364435,0.002069426,0.02165111,0.055032514,0.04991177,0.1223353
/home/multiclass_classification/zebra/train/282.jpg,2,-0.000605314,-0.007105586,-0.005291906,-0.00072869,0.001807916,-0.001859569,-0.005554614,-0.008827704,-0.004509997,-0.035233483,-0.01126574,-0.000531701,-0.004746467,0.000700345,0.014367905,0.038629234,0.050641686,0.1212614
/home/multiclass_classification/zebra/train/n02391049_8008.jpg,2,0.004498621,0.002887536,0.006881811,0.006471741,0.002210035,-0.001248857,-0.000465017,5.43E-05,-0.003610896,-0.010014962,-0.000438522,0.01889503,-0.002772251,-0.01278344,0.032766957,0.039500676,0.0485987,0.10902722
/home/multiclass_classification/zebra/train/n02391049_2803.jpg,2,-0.000518938,-0.002522469,-0.014028594,-0.002118351,0.001606003,-0.011826193,-0.017346019,-0.004538083,-0.004337401,-0.03505136,-0.006998008,0.005501187,0.000419988,-0.003402927,0.018481543,0.034075543,0.033351928,0.08946662
/home/multiclass_classification/zebra/train/n02391049_2767.jpg,2,-0.000541925,-0.001585176,-0.005163781,0.000766008,-0.001482983,-0.00422491,-0.003369889,-0.005377865,-0.012934335,-0.034048025,-0.010299773,-8.09E-05,-0.001164235,0.001460818,0.027266763,0.041606613,0.043279022,0.10077834
/home/multiclass_classification/zebra/train/n02391049_2477.jpg,2,0.005200441,-0.005085912,-0.00640139,-0.010002039,-0.0012613,0.00221926,0.001943148,0.004685262,-0.003420336,-0.03333796,-0.007890062,0.005134959,-0.009994731,-0.006633113,0.017060544,0.041356236,0.04404944,0.110287346
/home/multiclass_classification/zebra/train/n02391049_841.jpg,2,-0.005169045,-0.003553418,-0.011282885,-0.003639176,0.003144331,0.005116652,0.00548695,0.001424794,-0.001805904,-0.005888254,-0.001369584,0.014948472,-0.005549097,0.002901133,0.04973313,0.045226775,0.051478904,0.1311304
/home/multiclass_classification/zebra/train/image_15.jpeg,2,0.004935787,-0.004835708,-0.007966449,-0.00678735,-0.000689402,-0.004664661,-0.011727547,-0.005940283,-0.016361155,-0.04816822,-0.012457885,0.006735641,-0.005521613,-0.02002545,0.010550974,0.03331241,0.044754654,0.11118916
/home/multiclass_classification/zebra/train/n02391049_3191.jpg,2,-0.000419011,-0.002438886,-0.00553925,-0.00047631,-0.00117268,-0.005309054,0.000241667,0.000494953,-0.00375823,-0.010861369,-0.007134401,0.000409116,-0.009605265,-0.01205675,0.027145244,0.037382256,0.049081855,0.118708454
/home/multiclass_classification/zebra/train/n02391049_32.jpg,2,0.002849101,-0.002716515,-0.007070618,-0.008980395,0.001968174,-0.003903774,-0.004408077,-0.004890134,-0.012907816,-0.03794081,-0.018720198,0.00509145,-0.004524501,-0.012391452,0.028034799,0.04649254,0.040964447,0.1052784
/home/multiclass_classification/zebra/train/n02391049_6757.jpg,2,0.003029475,0.000575197,0.00253533,-0.001314934,-0.004403688,-0.016054738,0.001309316,0.00357061,-0.006200713,-0.019615933,0.0023017,-0.002592637,-0.003221944,-0.03100747,-0.007087473,0.026592266,0.039183494,0.08047494
/home/multiclass_classification/zebra/train/n02391049_2049.jpg,2,0.000270181,-5.19E-05,0.001970623,-0.002182986,-0.004667325,-0.011390865,-0.011802006,-0.013146067,-0.008917561,-0.036882862,-0.003587667,0.022284655,-0.001158562,-0.017700482,0.025787689,0.038468998,0.045042723,0.11800977
/home/multiclass_classification/zebra/train/011.jpg,2,0.002192196,-0.000256617,-0.010795591,-0.010201637,-0.003834509,-0.015938945,-0.015962481,-0.001651521,-0.008401839,-0.037295055,0.00263552,0.002296426,-0.001987121,-0.011059482,0.032480154,0.04360205,0.03633037,0.09590487
/home/multiclass_classification/zebra/train/image_146.jpeg,2,0.002784306,-0.001066341,0.005547231,0.004036085,0.000659652,-0.007913353,-0.014024079,-0.007151793,-0.013936298,-0.044785157,0.004060981,-0.00297291,-0.004436014,-0.02625315,0.033905838,0.048358563,0.04291022,0.10148914
/home/multiclass_classification/zebra/train/n02391049_9977.jpg,2,-0.002559864,-0.001602226,-0.008732808,0.005166609,0.008189026,0.015190748,0.007879136,0.003178329,0.001817081,-0.013945932,-0.012585918,0.01311857,0.005211439,0.012558371,0.04339812,0.043816958,0.046329256,0.09666219
/home/multiclass_classification/zebra/train/n02391049_978.jpg,2,0.004612295,-0.007601502,-0.011334909,-0.005235129,-0.006910966,-0.01833973,-0.011012121,-0.004997752,-0.00572072,-0.022602187,-0.007864417,0.006837871,-0.004310923,-0.013761716,0.035390772,0.03509052,0.04485298,0.1221803
/home/multiclass_classification/zebra/train/n02391049_2704.jpg,2,-0.000233526,-0.00553936,-0.014881405,-0.008770694,0.002009023,-0.004653353,0.001802146,0.002207946,-0.009847976,-0.029835943,-0.012669105,-0.001570942,-0.006100655,-0.011265393,0.02076039,0.020775195,0.045413487,0.10622985
/home/multiclass_classification/zebra/train/image_107.jpeg,2,-0.003134516,-0.001264408,-0.00180975,-0.000793041,-0.000506852,-0.007386013,-0.002480367,-0.000487579,-0.002426229,-0.012613476,-0.006525376,-0.005415532,-0.007317776,-0.01025141,0.011126604,0.039402798,0.04959073,0.11943106
/home/multiclass_classification/zebra/train/090.jpg,2,0.000971167,-0.001339402,-0.002014047,5.42E-05,-0.000806827,0.001067952,-0.00374776,0.001392641,-0.010017074,-0.012334218,0.002143674,0.00113879,0.00077838,0.01198404,0.038422544,0.029253973,0.041722357,0.11104102
/home/multiclass_classification/zebra/train/n02391049_3872.jpg,2,0.005420374,-0.000399171,0.00649576,0.002892415,0.006030184,0.008904057,-0.002973246,-0.000709768,0.002195822,-0.015448552,-0.004293395,0.008871254,-0.000104027,0.003479415,0.022989534,0.043439616,0.052573156,0.12121954
/home/multiclass_classification/zebra/train/n02391049_1131.jpg,2,-0.006051838,0.00125397,0.007422891,0.007891484,0.002289598,0.007655758,0.003742144,-0.001728587,-0.004143239,-0.016729197,-0.007072538,0.013942792,0.000807514,-0.010664794,0.016005969,0.026141005,0.046744175,0.094283536
/home/multiclass_classification/zebra/train/n02391049_2659.jpg,2,-0.002148832,0.004335061,0.00182736,0.007644409,0.00853767,0.01582246,-0.000329568,0.0010905,-0.006542342,-0.024243917,0.011702603,0.032568865,0.010655249,0.020107,0.050766908,0.054912575,0.05494441,0.12780716
/home/multiclass_classification/zebra/train/n02391049_9555.jpg,2,0.000371286,0.005578847,0.010755517,0.002387129,0.003200363,-0.000702925,-0.00041489,-0.003358461,-0.003377914,-0.016382823,0.02724548,0.039013725,0.01788092,0.042525142,0.07137835,0.046880558,0.05653702,0.10476746
/home/multiclass_classification/zebra/train/n02391049_56.jpg,2,0.00183533,-0.003037547,-0.00676012,0.004731331,0.002475691,-0.002834788,0.000271875,-0.001549362,-0.001556383,-0.003890792,0.003427245,0.023560587,-0.005371748,0.005961929,0.0437853,0.07556887,0.042867914,0.100143485
/home/multiclass_classification/zebra/train/n02391049_3291.jpg,2,6.62E-05,-0.004401009,-0.012243018,-0.008493958,0.001458413,-0.008558094,-0.014208622,-0.011334515,-0.012824768,-0.047014922,-0.020844705,-0.005231265,-0.006592845,-0.011410568,0.001927961,0.041581083,0.042737328,0.10210225
/home/multiclass_classification/zebra/train/n02391049_2133.jpg,2,0.001967051,-0.000963247,0.000526911,-0.000789269,0.002262642,0.00811089,-0.005522736,0.005729718,-0.00247501,-0.010102953,-0.001156538,0.020083217,0.003758146,0.003189404,0.04863278,0.04940546,0.052971587,0.12192896
/home/multiclass_classification/zebra/train/n02391049_6735.jpg,2,0.002566952,-0.003193867,-0.007460437,-0.008383225,0.001271115,0.004497651,-0.009567292,-0.001032986,-0.011976285,-0.034504414,-0.006373506,0.003038034,-0.007992514,-0.007708324,0.024598554,0.046829153,0.041406505,0.0958446
/home/multiclass_classification/zebra/train/n02391049_2702.jpg,2,0.000514943,-0.001604604,0.000776613,-0.000518191,0.004781791,0.004610484,0.003425609,-9.20E-05,-0.004672351,-0.013328152,0.006860414,0.010197435,-0.00275724,-0.005590764,0.008648552,0.018005416,0.036194954,0.10372067
/home/multiclass_classification/zebra/train/779ee4ab23.jpg,2,-0.004999728,-0.002434693,-0.012489899,-0.002195541,-0.001475218,-0.006296521,-0.00303114,-1.20E-05,-0.005410872,-0.021596797,-0.004700112,0.002508405,-0.004360186,-0.001845316,0.030863874,0.053064425,0.04776596,0.105457485
/home/multiclass_classification/zebra/train/n02391049_4144.jpg,2,-0.000399949,0.000820019,0.004247082,-0.007382575,-0.001673366,-0.013618331,-0.018182507,-0.009239662,-0.009321987,-0.03181653,0.00065407,0.001227535,-0.010362724,-0.021002114,0.031199113,0.045967683,0.04617927,0.10205389
/home/multiclass_classification/zebra/train/n02391049_1789.jpg,2,-0.000275617,-0.000938083,-0.004632734,-0.000481214,0.002040417,0.000329861,-0.01148849,-0.001641191,-0.008290435,-0.030664496,-0.00732802,0.008352884,-0.006725085,-0.00357885,0.011318771,0.043119032,0.035660204,0.09524515
/home/multiclass_classification/zebra/train/n02391049_9002.jpg,2,0.001817954,-0.003506435,-0.007533424,-0.005416447,-0.005355209,-0.010157181,-0.009432826,-0.00110056,-0.006184258,-0.038506743,-0.007169999,-0.001199698,-0.003804349,-0.002185823,0.03179678,0.030840103,0.044715054,0.1037744
/home/multiclass_classification/zebra/train/n02391049_1064.jpg,2,-0.002845888,-0.000491298,-0.000331341,-0.003722274,0.006565364,0.016371481,0.006964942,0.006990469,0.000380692,-0.005263538,-0.001524336,0.01841033,0.001970113,0.009180865,0.04012272,0.041482754,0.05601743,0.1347299
/home/multiclass_classification/zebra/train/n02391049_2017.jpg,2,0.002475868,-0.00376891,-0.009782448,-0.002856993,-0.002384912,-0.00877552,0.000669995,-0.004443128,0.000107669,-0.007230025,-0.018124588,0.007500269,0.006847648,0.005292129,0.030482775,0.017487565,0.0412547,0.10146205
/home/multiclass_classification/zebra/train/n02391049_2817.jpg,2,-0.002336653,-0.000985759,-0.005557068,-0.001112073,-0.007363031,-0.019773401,-0.01040482,-0.00321054,4.35E-06,-0.005453175,0.015746916,0.019043794,0.012428336,0.048192002,0.07149699,0.046061635,0.044408154,0.1048305
/home/multiclass_classification/zebra/train/image_58.jpeg,2,0.003368868,-0.002519088,-0.008710864,-0.008146526,-0.005125121,-0.012562683,-0.011828548,0.000194673,-0.004502168,-0.013262721,-0.008132784,-0.003732657,-0.003998391,0.010259109,0.025612094,0.035732068,0.043537445,0.1135153
/home/multiclass_classification/zebra/train/image_56.jpeg,2,0.004423702,0.00289107,0.006436819,-0.004819573,-0.003258906,0.003523748,0.002061829,-0.006982775,-0.009401718,-0.020642126,0.00740788,0.012778961,-0.004847127,0.009649237,0.027166903,0.04244128,0.050534878,0.1206995
/home/multiclass_classification/zebra/train/n02391049_8902.jpg,2,0.00647016,-0.001254123,0.002350842,-0.001946201,-0.000972114,-0.000929755,-0.009541161,-0.004073495,-0.00597402,-0.036762927,0.001240337,0.011138387,-0.004183975,0.002749478,0.023432529,0.045526043,0.041442677,0.11366344
/home/multiclass_classification/zebra/train/n02391049_1296.jpg,2,-2.97E-06,0.003669758,0.012998583,0.005629499,0.005513911,0.001969339,-0.013518558,-0.010627821,-0.019619945,-0.07039587,-0.016056875,-0.007313572,-0.008328647,-0.021928646,0.019620808,0.0339846,0.037252508,0.10239676
/home/multiclass_classification/zebra/train/110.jpg,2,0.001141472,-0.000545321,0.001946119,-0.002181409,-0.001430154,-0.008229992,-0.004938828,0.001994196,-0.002672716,-0.003477751,0.0135452,0.003255035,-0.002262052,-0.003628711,0.034629215,0.03678564,0.043492436,0.11347113
/home/multiclass_classification/zebra/train/n02391049_9556.jpg,2,-0.004001773,-0.003746608,-0.007767632,-0.000894381,-0.004271912,-0.007224275,-0.003897563,0.002134146,-0.002454796,-0.023781791,-0.01458602,0.002283752,-0.013498301,-0.01741378,0.035978258,0.050727986,0.04054241,0.12477395
/home/multiclass_classification/zebra/train/n02391049_5131.jpg,2,0.001182964,-0.004104271,-0.011048852,-0.005298592,-0.003323662,-0.00771083,-0.018877104,-0.008978669,-0.009453202,-0.035750493,-0.013839288,-0.005125446,-0.005393301,-0.002827887,0.026038026,0.045394845,0.037912257,0.09908828
/home/multiclass_classification/zebra/train/n02391049_8334.jpg,2,-0.002802808,-0.000746574,-0.001036347,-0.002378866,-0.005362609,-0.007429699,0.003389605,-0.004876446,-0.011790621,-0.029765122,-0.008438905,0.013251325,0.003220638,-0.015857384,0.023316251,0.033319935,0.043837477,0.08797467
/home/multiclass_classification/zebra/train/n02391049_5924.jpg,2,0.001700157,6.60E-05,-0.002848785,0.000422874,0.003644146,0.006579381,-0.003255667,0.000854268,-0.007357875,-0.016585728,0.00039758,0.022131193,0.000499679,0.015201631,0.037342377,0.03125227,0.05063969,0.11753082
/home/multiclass_classification/zebra/train/048.jpg,2,0.002547083,0.001950368,0.003732907,0.002812551,-0.002152456,-0.00418121,-0.028301515,-0.011784646,-0.008668924,-0.037363034,-0.009774886,0.005617331,-0.006372113,-0.0162954,0.030343164,0.036212146,0.04679555,0.11430431
/home/multiclass_classification/zebra/train/n02391049_7779.jpg,2,-0.001230483,-0.003802183,-0.009101282,-0.002501488,6.28E-05,0.001007654,-0.008062474,0.002881412,-0.007445339,-0.006212547,0.001982646,0.008688252,-0.005195061,-0.004008316,0.033051766,0.051521234,0.04427604,0.10915205
/home/multiclass_classification/zebra/train/021.jpg,2,-0.001143696,0.002591881,0.005011787,0.002880918,0.000269044,-0.01099032,-0.023780176,-0.014332501,-0.013776699,-0.032262888,-0.005454375,0.012706426,-0.007758408,-0.014584116,0.029563077,0.05914293,0.043020293,0.097483605
/home/multiclass_classification/zebra/train/n02391049_2355.jpg,2,-0.003093309,-0.001451782,-0.004131858,-0.003327837,0.001503503,-0.00201793,-0.019251153,-0.010597782,-0.007165535,-0.03287124,-0.014028644,0.00180744,-0.002930048,-0.005524672,0.026265202,0.06688696,0.047781512,0.105321914
/home/multiclass_classification/zebra/train/n02391049_682.jpg,2,-0.002851106,-3.58E-05,-0.003656873,-0.008192822,-0.002668549,-0.012326211,-0.00561412,-0.003707368,-0.003977091,-0.022472162,-0.009957997,0.003511203,-0.002893056,-0.000321197,0.01576526,0.032460704,0.05026059,0.12155041
/home/multiclass_classification/zebra/train/n02391049_1532.jpg,2,0.000132075,-0.004427766,-0.01144332,-0.011842512,-0.005558712,-0.007636676,-0.004957257,-0.010326983,-0.008354583,-0.02049663,-0.006461971,-0.001508514,-0.009878996,-0.016139839,0.02531752,0.04616188,0.045096513,0.105026126
/home/multiclass_classification/zebra/train/n02391049_2739.jpg,2,0.004152978,-0.005568329,-0.013689381,-0.002641911,-0.004168059,-0.004600815,-0.004318837,-0.006606943,-0.013698881,-0.04153399,-0.021082807,-0.003345055,-0.007334202,-0.021083066,0.015709735,0.031144988,0.037182905,0.093838826
/home/multiclass_classification/zebra/train/n02391049_1844.jpg,2,-0.001952654,-0.001637325,-0.006875885,-0.006547866,0.000325649,-0.001981389,-0.00081307,0.000171574,-0.007551922,-0.0162616,-0.004898027,0.007374668,0.000566384,-0.006701923,0.028412106,0.025885468,0.054209653,0.1279212
/home/multiclass_classification/zebra/train/096.jpg,2,0.002552884,-0.004055952,-0.010255745,0.000601201,0.005878101,0.008376468,-0.006731303,-0.006087996,-0.007853093,-0.033388387,-0.002929123,0.008215427,-0.003306504,-0.005713507,0.020808993,0.041873075,0.044049412,0.11059056
/home/multiclass_classification/zebra/train/n02391049_10596.jpg,2,-0.003154554,-0.003539819,-0.011782917,-0.006213789,-0.007411555,-0.006239994,-0.00633123,-0.002824707,-0.010046709,-0.02371405,-0.004492004,0.001430794,0.000527728,-0.000879123,0.006352838,0.018547704,0.049655896,0.09438503
/home/multiclass_classification/zebra/train/069.jpg,2,0.001321582,0.001270019,0.004659517,-0.002965726,0.005618655,0.008592622,1.71E-05,0.007503954,0.002146308,-0.0070804,0.010345742,0.021333892,0.004748648,0.009191934,0.030704826,0.05496317,0.05322554,0.13452828
/home/multiclass_classification/zebra/train/zebra (26).jpg,2,0.004885203,-0.002237407,-0.008048411,-0.007289723,-0.002002256,-0.017012252,-0.011066902,0.000794519,-0.005553654,-0.010453461,-0.001672928,0.003856651,-0.001101762,0.000822587,0.024350723,0.04492381,0.035356544,0.09366542
/home/multiclass_classification/zebra/train/290.jpg,2,-4.78E-05,-0.005025247,-0.004138354,-0.008362627,-0.005271463,-0.019728534,-0.022598729,-0.005843251,-0.009297957,-0.041913405,-0.007064118,0.010785608,-0.01042579,-0.004286965,0.029291347,0.0523746,0.038520683,0.10148614
/home/multiclass_classification/zebra/train/n02391049_1309.jpg,2,0.006518601,0.001574698,-0.000645919,6.67E-05,0.001530566,0.001522665,-0.00176527,0.000861119,-0.009284356,-0.028307473,-0.003206784,0.002945005,-0.008807943,-0.026302708,0.017569324,0.03693429,0.048513554,0.111174434
/home/multiclass_classification/zebra/train/n02391049_6762.jpg,2,-0.002511301,-0.001496202,-0.002233602,0.002257847,-3.86E-05,0.002915188,-0.00822567,0.000433378,-0.008324456,-0.01843537,0.002079789,0.008060792,-0.006824554,-0.011108889,0.023888532,0.032503843,0.04612598,0.10880683
/home/multiclass_classification/zebra/train/146.jpg,2,0.004196233,-0.008417575,-0.013263769,-0.004253619,0.001502766,-0.012102595,-0.018300952,-0.008260191,-0.016098162,-0.0527793,-0.021539792,-0.004505129,-0.008580294,-0.021524169,0.016945364,0.044793516,0.041584447,0.103639066
/home/multiclass_classification/zebra/train/image_132.jpeg,2,0.002183716,-0.006277369,-0.013775094,-0.006683298,0.003130042,0.008272373,-0.009396879,-0.003714946,-0.007654409,-0.029670948,-0.011807362,0.009927685,-0.001680869,0.004761379,0.028470887,0.042363994,0.047854245,0.116123855
/home/multiclass_classification/zebra/train/n02391049_9273.jpg,2,0.003461934,-0.003674323,-0.007275622,-0.002707475,0.000659862,0.00020386,-0.001000834,0.001757434,-0.004266908,-0.027149122,-0.001171681,0.016131181,0.008658416,0.01919121,0.0352695,0.050461914,0.042443894,0.10970583
/home/multiclass_classification/zebra/train/n02391049_2491.jpg,2,-0.000589834,-0.002692904,-0.002089805,-0.005212331,-0.004201199,-0.009896284,-0.01233693,-0.009225737,-0.006836152,-0.03273913,-0.007244259,0.006991733,-0.012896054,-0.011450464,0.027050808,0.047162946,0.043559134,0.10895053
/home/multiclass_classification/zebra/train/n02391049_2723.jpg,2,-0.000590045,-0.003273621,-0.00753336,-0.006452251,-0.000581176,0.000591424,-0.008843238,0.004568686,-0.004412563,-0.010481712,0.005323783,0.02230623,-0.004629152,0.011070677,0.037544932,0.05662185,0.04612943,0.10686876
/home/multiclass_classification/zebra/train/zebra (14).jpg,2,0.006408104,-0.001661373,-0.006564411,-0.004508569,0.000133753,-0.008335901,-0.01340917,-0.008422091,-0.014385691,-0.029453624,-0.011988577,-0.002908372,-0.006375761,-0.019064728,0.022120707,0.04899988,0.045559973,0.11785485
/home/multiclass_classification/zebra/train/n02391049_3426.jpg,2,0.002214694,0.000319726,0.000701617,0.001689257,0.00011568,-0.003513406,-0.002332157,0.006333052,0.003238436,0.008043531,0.003262092,0.014969123,0.001284236,0.006164955,0.037138738,0.039982412,0.057123527,0.12511005
/home/multiclass_classification/zebra/train/12b469bef7.jpg,2,-0.000909008,-8.88E-05,-0.009819778,0.004041799,0.003650241,0.00034024,-0.008350829,2.01E-05,-0.007851315,-0.023945456,0.005573276,0.015443971,-0.000821597,0.000809436,0.042545464,0.050250072,0.052397966,0.122663945
/home/multiclass_classification/zebra/train/image_16.jpeg,2,0.002426667,-0.003654942,-0.00416103,-0.008778889,-2.28E-05,-0.00901502,-0.011113446,-0.008335357,-0.006965398,-0.024867753,-0.00088807,0.004655092,-0.006384641,-0.016153622,0.017400455,0.025939927,0.04138703,0.10111112
/home/multiclass_classification/zebra/train/105.jpg,2,0.001703212,-0.002204062,-0.000919126,-0.006442846,0.001404834,-0.005337163,-0.016951187,-0.005458058,-0.011684615,-0.031025516,-0.007301395,0.01191402,-0.007973578,-0.025487535,0.03371543,0.037611462,0.03355346,0.095044665
/home/multiclass_classification/zebra/train/n02391049_9804.jpg,2,-0.001229669,-0.00174093,0.002853945,-0.001868703,0.001045359,-0.000948983,-0.007514674,-0.000734864,-0.006906112,-0.028697526,-0.003543671,0.00111714,-0.00373231,-0.023167273,0.023156954,0.035203915,0.037389025,0.09754556
/home/multiclass_classification/zebra/train/image_2.jpeg,2,0.005637205,-0.001713105,-0.004340725,-0.006457327,0.000870962,-0.002242397,-0.010459799,-0.008614153,-0.013411095,-0.05380563,-0.014398718,0.010444625,-0.001536505,0.000290665,0.028710587,0.055118002,0.04331235,0.116736405
/home/multiclass_classification/zebra/train/278.jpg,2,0.003110829,0.000786418,-0.001989221,-0.001920354,0.000337783,0.003686125,-0.007038449,-0.001963787,0.002415931,0.005254122,0.020787794,0.014229841,-0.001419066,0.00085481,0.037974507,0.042295553,0.04872717,0.11398579
/home/multiclass_classification/zebra/train/n02391049_2916.jpg,2,0.005136355,-0.002686753,-0.00990032,-0.004458066,0.002939994,0.003807437,-0.004480439,-0.002268718,-0.009585843,-0.025256425,-0.008842848,0.000728792,-0.006044698,-0.006432057,0.045487355,0.04935948,0.05243534,0.12869819
/home/multiclass_classification/zebra/train/image_95.jpeg,2,0.00579582,-0.000637041,-0.008898037,-0.003958586,-0.003621993,-0.002585112,-0.001814425,-0.002520321,-0.011416299,-0.03009255,0.003399492,0.007414268,-0.003772181,-0.000845273,0.039544478,0.028966676,0.048109666,0.114843264
/home/multiclass_classification/zebra/train/120.jpg,2,0.005144949,-0.002048329,-0.006788073,-0.004151175,0.001529369,-0.003137304,-0.011029468,-0.003370573,-0.006180435,-0.033308104,-0.00876919,0.005045974,-0.009106024,-0.01119398,0.027215965,0.03501727,0.04094403,0.107374206
/home/multiclass_classification/zebra/train/n02391049_10278.jpg,2,0.000696962,-0.00033478,0.001890466,0.004769135,0.006115478,0.014212394,0.003570815,0.009975468,6.79E-05,-0.002982332,0.010097396,0.018622493,0.007623398,0.019882496,0.048701875,0.03924027,0.05002007,0.12776557
/home/multiclass_classification/zebra/train/148.jpg,2,0.002918016,0.001354085,0.004087295,0.000615164,0.001414924,-0.000922196,-0.018651834,-0.00522494,-0.007005549,-0.027747303,-0.003056056,0.00367633,-0.005715231,-0.007016695,0.015348696,0.033850215,0.040423155,0.093782686
/home/multiclass_classification/zebra/train/image_147.jpeg,2,0.001148847,-0.002838599,-0.003093926,-0.006177849,-1.37E-05,0.001480199,-0.013815603,-0.009025656,-0.008017711,-0.027741835,-0.005610484,0.00166252,0.001515807,0.007520467,0.008841571,0.024143212,0.028341848,0.07515365
/home/multiclass_classification/zebra/train/274.jpg,2,0.006448145,-0.002684898,-0.007523709,-0.000669867,0.000313895,-0.005658305,-0.019418739,-0.005875717,-0.007198952,-0.019694362,-0.003406483,-0.006470924,-0.004597002,-0.008735803,0.026659902,0.035592936,0.041732028,0.10142385
/home/multiclass_classification/zebra/train/image_39.jpeg,2,-0.002614908,-0.005719629,-0.004651007,-0.009746743,-0.001410685,-0.008431939,-0.009662265,-0.003742696,-0.002379985,-0.020682584,-0.003723071,0.003085108,-0.005133648,-0.006332607,0.01459787,0.032549404,0.038111378,0.10874638
/home/multiclass_classification/zebra/train/151.jpg,2,0.001326057,-0.005932814,-0.016974634,-0.009786874,0.001002971,-0.004357653,-0.011981522,-0.00500379,-0.008256361,-0.02856063,-0.013396805,-0.004655337,-0.001176103,-0.005784997,0.013826116,0.036990553,0.03323374,0.10069821
/home/multiclass_classification/zebra/train/n02391049_1046.jpg,2,0.002438777,0.001411447,0.00047906,-0.002109714,-0.001576718,0.001886,-0.003603866,0.005484592,-0.003120333,-0.012549669,0.010269811,0.012963944,0.002505757,0.010652432,0.037051268,0.024223316,0.05049216,0.13180406
/home/multiclass_classification/zebra/train/316.jpg,2,0.004492001,-0.00239789,-0.007035965,-0.005694717,-0.001065133,-0.004895886,-0.012841424,-0.006889617,-0.008199863,-0.043340396,-0.000329458,0.004197983,-0.00483815,-0.00995952,0.025521262,0.039982915,0.037373148,0.10346696
/home/multiclass_classification/zebra/train/n02391049_6942.jpg,2,-0.000720151,0.002379081,0.002176514,0.001057969,0.002168923,-0.003958113,-0.009022938,-0.006508315,-0.006931664,-0.020232892,-0.006368373,-0.001271365,-0.002812552,-0.007328024,0.039353244,0.05189666,0.047321863,0.110031754
/home/multiclass_classification/zebra/train/n02391049_3265.jpg,2,0.002394478,-0.003064093,-0.010788698,-0.009164949,-0.001554135,-0.005574455,0.009116109,0.002261464,-0.003555597,0.005992882,0.003776149,-0.000136392,0.002309751,0.008586758,0.033736393,0.047877006,0.044108596,0.08475922
/home/multiclass_classification/zebra/train/zebra (37).JPG,2,-0.001897466,0.003285099,0.003143994,0.008422524,0.006079237,0.005131878,-0.004652236,-0.00134871,-0.005556817,-0.023779348,0.003778201,0.03913284,0.007148891,0.024909139,0.07664886,0.06382952,0.050476853,0.10112956
/home/multiclass_classification/zebra/train/image_129.jpeg,2,0.005951544,-0.000204236,-0.002449555,-0.002094745,0.003059827,0.001253505,-0.009177236,-0.003824454,-0.005752719,-0.023338657,-0.005191495,0.01823517,-0.001231379,0.001731647,0.048390735,0.051632278,0.042224176,0.105590805
/home/multiclass_classification/zebra/train/n02391049_4218.jpg,2,-0.001017096,0.001686081,-0.000766457,-0.008068083,-0.003831372,-0.015435186,0.005216858,0.009077603,0.001014947,-0.002832163,-0.00471037,-0.007803967,-0.008254942,-0.017127462,0.002422823,0.012184823,0.046178587,0.11144776
/home/multiclass_classification/zebra/train/n02391049_2258.jpg,2,0.002735792,-0.005497462,-0.011087026,-0.004583951,0.002602155,0.005674901,0.013960844,0.011770979,-0.00197347,-0.008644542,0.004339609,-0.005572729,0.001566641,0.000573898,0.005137557,0.045441758,0.041600518,0.09772663
/home/multiclass_classification/zebra/train/n02391049_5947.jpg,2,-0.000531577,0.002715563,0.007491886,-0.000304323,-0.002281245,-0.009792606,-0.009906374,0.001979335,-0.005026384,-0.027003333,-0.000758489,-0.001065455,-0.009999564,-0.00380443,0.045470152,0.050230663,0.043101884,0.105834186
/home/multiclass_classification/zebra/train/n02391049_1099.jpg,2,0.000723738,-0.002386084,-0.003290838,-0.007010763,-0.000434537,-0.003139305,-0.005015204,-0.000256698,-0.00537309,-0.030522618,-0.01064142,-0.004444279,-0.005982097,-0.018456114,0.025275234,0.04985813,0.04594968,0.10378221
/home/multiclass_classification/zebra/train/n02391049_3038.jpg,2,-0.000846307,0.000630312,0.004376626,0.003374146,0.004403209,0.000565046,-0.01847143,-0.010650878,-0.005792942,-0.020052124,-0.006526352,0.005827846,-0.005660763,-0.006724394,0.024185482,0.049785666,0.04399159,0.098029494
/home/multiclass_classification/zebra/train/363.jpg,2,0.0047199,-0.001352377,-0.003757858,-0.002759651,-0.000353394,-0.000180263,-0.0104224,-0.011693152,-0.015717821,-0.06352313,-0.01773704,-0.001957112,-0.007103651,-0.003212491,0.025828533,0.04384519,0.043868773,0.10930124
/home/multiclass_classification/zebra/train/n02391049_5509.jpg,2,0.002310441,-0.000792565,0.002172483,-0.005972347,0.002286144,0.006059286,-0.009187914,-0.002870281,-0.003676965,-0.02768327,-0.000959497,0.007592411,0.000328291,-0.012222644,0.024811003,0.034828357,0.041454062,0.10105109
/home/multiclass_classification/zebra/train/n02391049_10497.jpg,2,0.000932903,-0.002365428,-0.002636594,-0.00297317,-0.002785126,0.001654102,-0.009375169,-0.007017364,-0.006753364,-0.011565744,-0.008947512,-0.006952498,-0.006701162,-0.015079185,0.016319107,0.042835303,0.04531993,0.107405126
/home/multiclass_classification/zebra/train/n02391049_1129.jpg,2,-0.000487126,-0.001066765,-0.001602439,0.003185573,0.0026201,0.009867669,0.001923026,0.00463251,-0.004933855,-0.023613457,0.013693996,0.028455686,0.007020043,0.026251856,0.06567091,0.06216187,0.052931655,0.13227132
/home/multiclass_classification/zebra/train/n02391049_2609.jpg,2,0.001901089,0.000685537,0.006585645,-0.001069298,-0.000749836,-0.003213991,-0.009101573,-0.008603924,-0.008779774,-0.04238521,0.001964907,0.011445775,-0.005327641,-0.004541876,0.041925974,0.045435876,0.05189737,0.12597519
/home/multiclass_classification/zebra/train/zebra (5).jpg,2,0.000955231,-0.001286035,-0.002347512,0.001671705,0.007618251,0.00771591,-0.004234405,0.00047932,-0.009213703,-0.028798986,-0.007964319,0.00588312,-0.007559854,-0.024241876,0.027464606,0.03961547,0.04789551,0.10787289
/home/multiclass_classification/zebra/train/n02391049_8856.jpg,2,0.003271414,-0.000946062,-0.005543254,0.000613573,-0.000959901,-0.005776557,0.010343418,0.006651035,-0.005410421,-0.017933141,0.018100847,0.026112888,0.006927926,0.037518304,0.05510436,0.056188054,0.047966145,0.11541604
/home/multiclass_classification/zebra/train/n02391049_2681.jpg,2,0.000616445,-0.000657688,-0.005470011,-0.003814699,-0.002844401,-0.007162383,-0.017666232,-0.007646364,-0.008210553,-0.03103386,-0.015182901,0.009769608,-0.003569358,-0.002163292,0.034200177,0.04392416,0.045773573,0.10736358
/home/multiclass_classification/zebra/train/n02391049_1827.jpg,2,0.000915419,-0.007934596,-0.020418022,-0.010219963,0.000363153,-0.010979702,-0.014213095,-0.00527053,-0.008037622,-0.024720028,-0.016437942,0.004744165,-0.008132136,-0.014616542,0.029283348,0.04573185,0.05075691,0.11274029
/home/multiclass_classification/zebra/train/n02391049_5344.jpg,2,-0.003228617,-0.001382664,0.000787179,-0.001074819,-0.00418634,-0.008001955,-0.006731149,-0.008924202,0.006801082,0.005263051,0.032056093,0.042342827,0.017362207,0.0575067,0.07455264,0.03129306,0.050145604,0.093917206
/home/multiclass_classification/zebra/train/n02391049_6834.jpg,2,0.001322842,-0.00220439,-0.003834527,-0.001052182,0.000546797,-0.002306897,0.00776555,0.006557087,-0.006665601,-0.020051045,-0.012541799,0.009631851,-0.003652566,-0.002887303,0.017214213,0.04030762,0.039460804,0.11351987
/home/multiclass_classification/zebra/train/n02391049_6293.jpg,2,0.002616099,-0.00282908,-0.000367426,0.001415284,0.006394505,0.006035824,0.008470812,0.002868669,0.002800127,-0.010640732,0.011161672,0.02206363,0.00053375,0.024432264,0.05509808,0.05392375,0.059302893,0.13412791
/home/multiclass_classification/zebra/train/370.jpg,2,0.001686131,-0.003106576,-0.008954609,-0.00841384,-0.000220763,0.000502727,-0.000827109,0.004491197,-0.006119198,-0.028506055,-0.005933765,0.00343293,-1.56E-06,0.00323368,0.031596042,0.038211055,0.044658534,0.11147767
/home/multiclass_classification/zebra/train/n02391049_1191.jpg,2,0.002520293,-0.00403297,-0.00742823,-0.010030704,-4.35E-05,0.00025471,0.003560767,-4.58E-06,-0.003750167,-0.005657137,-0.001204766,-0.007533568,-0.00680318,-0.007211485,0.017030891,0.039418146,0.038157523,0.108690724
/home/multiclass_classification/zebra/train/n02391049_4932.jpg,2,0.005544821,-0.000689288,-0.006773825,-0.00758953,0.004291258,0.006098137,0.001719606,0.003664554,-0.001801514,-0.017959801,-0.001539754,0.009666882,-0.005181911,-0.015371051,0.031907666,0.05127201,0.04981534,0.11922399
/home/multiclass_classification/zebra/train/051.jpg,2,-0.004783641,0.002000433,-0.00337049,-0.002494632,0.000639757,0.007141145,0.000443455,-0.002817885,-0.004565035,-0.016310735,-0.001502041,0.014193451,-0.006725488,0.001410486,0.016140915,0.022472467,0.048351385,0.117756665
/home/multiclass_classification/zebra/train/171.jpg,2,-0.000257899,-0.004176457,-0.011076977,-0.008823642,-0.002844214,-0.015549353,-0.012155971,-0.005735952,-0.009303095,-0.035410203,-0.008009809,0.003861606,-0.012131337,-0.015426708,0.01662451,0.023292154,0.04365345,0.1057329
/home/multiclass_classification/zebra/train/087.jpg,2,0.001677007,-0.003504701,-0.006631182,-0.011430403,0.002659448,-0.002215868,-0.01055585,-0.003700789,-0.005079293,-0.026716858,0.00218264,0.002026708,-0.009839114,-0.013455454,0.025054611,0.030433577,0.0387295,0.09857853
/home/multiclass_classification/zebra/train/n02391049_37.jpg,2,0.001302599,-0.001001564,-0.004116998,0.003396553,0.004417406,0.003506508,0.002296857,0.003626045,-0.001243089,0.00051651,0.009171803,0.03429596,0.00572441,0.015890297,0.03245969,0.042839218,0.058461517,0.12901814
/home/multiclass_classification/zebra/train/n02391049_3342.jpg,2,0.000546917,-0.001917146,0.000835029,-0.004592724,0.002344867,-0.000632327,-0.009124159,-0.010215279,-0.014876304,-0.048008077,-0.007978391,0.006984446,-0.006013278,-0.010072488,0.020205598,0.051043168,0.04656493,0.11204705
/home/multiclass_classification/zebra/train/n02391049_7434.jpg,2,-0.001867758,0.001326166,-4.84E-05,-0.004678072,-0.002093998,-0.007628436,-0.008861639,-0.008196451,-0.006988854,-0.029267665,-0.007954126,0.007225508,-0.009352401,-0.015183019,0.026188994,0.024465773,0.050556824,0.124055535
/home/multiclass_classification/zebra/train/n02391049_5551.jpg,2,-0.005475275,-0.005021248,-0.006551639,-0.007786781,-0.003634364,-0.006121873,-0.004236885,0.001225572,-0.000460295,-0.021765552,0.000338659,0.015306557,0.001796755,-0.003701316,0.03639961,0.024608469,0.053304728,0.1277124
/home/multiclass_classification/zebra/train/n02391049_2637.jpg,2,0.00066165,-0.002901586,-0.002330813,0.00097566,0.010985807,0.027941117,0.01586634,0.011160261,0.001270165,-0.007596339,0.003756621,0.02768361,0.001384274,0.005642447,0.040523775,0.06467499,0.047599435,0.10945143
/home/multiclass_classification/zebra/train/image_21.jpeg,2,0.00199247,-0.001297702,-0.000810904,-0.003241767,0.002579942,0.001255613,-0.013377895,-0.006892308,-0.012985335,-0.043170147,-0.011249825,0.007884541,-0.000853121,-0.007324634,0.0388081,0.05872816,0.0458261,0.11423108
/home/multiclass_classification/zebra/train/n02391049_725.jpg,2,0.003253778,0.00271815,0.0047678,0.01061512,0.009142969,0.022628829,0.009371218,-0.002768481,-0.012736312,-0.032277673,-0.001969409,0.033561338,0.011424545,0.026875071,0.077949665,0.059488907,0.04449115,0.0920196
/home/multiclass_classification/zebra/train/n02391049_2982.jpg,2,0.003697849,0.001494375,0.002285818,0.004243911,0.001234967,0.001768666,-0.00934551,-0.002224177,-0.008997855,-0.02427545,0.002061168,0.002977487,-0.013240009,-0.006663038,0.03591851,0.04605961,0.04384082,0.12408143
/home/multiclass_classification/zebra/train/n02391049_1378.jpg,2,-0.002286474,0.001290536,0.006800116,-0.000401741,0.005512978,-0.001892281,-0.015980352,-0.011018856,-0.010606134,-0.04897763,-0.016764529,0.006686789,-0.002711591,-0.013338929,0.026523652,0.055543862,0.04341241,0.10931313
/home/multiclass_classification/zebra/train/164.jpg,2,0.000309229,-0.002523703,0.00273906,-0.002592497,0.00142607,-0.004845082,-0.010147067,-0.00369628,-0.007015017,-0.024676727,-0.001032106,0.007040458,-0.006661753,-0.019595971,0.017749373,0.03176228,0.04277318,0.114054024
/home/multiclass_classification/zebra/train/n02391049_2003.jpg,2,-0.001044495,-0.002525276,-0.007373685,-0.004574423,-0.003322276,-0.019273708,-0.017750673,-0.00607482,-0.014611268,-0.03777894,-0.006213109,-0.011654126,-0.010746852,-0.007618128,0.02065736,0.035709467,0.03757132,0.09860238
/home/multiclass_classification/zebra/train/n02391049_4873.jpg,2,0.005548965,0.001129861,0.000417489,-0.002865349,0.001324654,0.002909361,-0.005093189,-0.006560002,-0.006467527,-0.04672152,-0.010891827,0.013795102,-0.00979331,-0.014183319,0.04420528,0.047902327,0.04652738,0.11730906
/home/multiclass_classification/zebra/train/image_157.jpeg,2,-0.00170528,0.000692802,-0.00066169,-0.004625422,0.002386133,-0.003225509,-0.016153175,-0.006582127,-0.009003264,-0.023905067,0.003581445,0.008172562,-0.000535007,-0.004596037,0.032729104,0.031181479,0.041257087,0.10768636
/home/multiclass_classification/zebra/train/n02391049_3236.jpg,2,-0.003448601,-0.003898646,-0.00586252,-0.006008505,0.00296257,0.003446766,0.008063597,0.008022256,-0.004193751,-0.008304725,0.001008183,0.008492516,-0.003717294,-0.003428859,0.03972987,0.037779585,0.052750528,0.11746018
/home/multiclass_classification/zebra/train/360.jpg,2,-0.003267207,-0.00374484,-0.009825005,-0.010380009,-0.000202686,-0.003793004,-0.006768953,-0.006262189,-0.0158453,-0.028726287,-0.018071668,0.013639134,-0.003953382,-0.010550006,0.042446226,0.04101261,0.043655843,0.110724814
/home/multiclass_classification/zebra/train/n02391049_8032.jpg,2,0.003560701,-0.003117475,-0.002768323,-0.006865175,-0.001309316,-0.011124316,-0.0134847,-0.010004567,-0.013849601,-0.04118576,-0.01565715,0.003026318,-0.00923004,-0.004644577,0.017916763,0.05269468,0.04580423,0.1099454
/home/multiclass_classification/zebra/train/312.jpg,2,0.001080225,-0.004150353,-0.007756979,-0.004262089,0.002485781,0.004697773,-0.012214616,-0.011089677,-0.008030811,-0.026667483,-0.00090704,0.002844942,-0.005514653,-0.016334007,0.024968207,0.044415683,0.042464964,0.10115622
/home/multiclass_classification/zebra/train/n02391049_3631.jpg,2,0.000284676,0.00030143,-0.003260643,-0.008038921,-0.005523948,-0.014276708,-0.006563169,0.00531213,-0.000915842,-0.011320693,-2.38E-05,0.006877175,0.001585256,0.001223132,0.03410676,0.055740073,0.049460463,0.11787051
/home/multiclass_classification/zebra/train/n02391049_7319.jpg,2,0.000607219,-0.003397916,-0.006684357,0.000345554,0.000479856,0.005614544,-0.008246528,-0.008830845,-0.011049007,-0.03139121,-0.008463336,0.014078062,0.00023126,-0.00241526,0.04953415,0.055293947,0.04869712,0.11713353
/home/multiclass_classification/zebra/train/n02391049_6198.jpg,2,0.003261892,0.001805807,0.008339565,0.000700426,-0.001733409,-0.003388091,-0.008987052,-0.004535832,-0.012435685,-0.029297538,-0.001471076,0.012137905,-0.003179711,-0.009011821,0.043978535,0.051707655,0.046398066,0.10998278
/home/multiclass_classification/zebra/train/2ca8813e35.jpg,2,0.002831214,-0.003233545,-0.007744985,-0.002567052,-4.91E-05,-0.003901582,-0.006559901,-0.002624251,-0.00674937,-0.018791169,-0.010656445,0.011075807,-0.003552723,0.001003205,0.023897938,0.044087052,0.04168954,0.1104643
/home/multiclass_classification/zebra/train/n02391049_9478.jpg,2,-0.001752061,-0.000458,0.000365411,0.000698584,0.0082746,0.008421342,0.003668262,0.000370381,-0.004466965,-0.020366188,-0.000871746,0.011419197,-0.004812315,0.002217956,0.027242087,0.0494762,0.047856003,0.13052338
/home/multiclass_classification/zebra/train/image_136.jpeg,2,0.001125371,0.001089672,0.006625556,0.008009917,0.003651595,0.006362091,-0.000139193,0.000240728,0.000170829,-0.006224894,0.008864448,0.015822824,0.003592765,0.012351671,0.03808848,0.042282067,0.051673274,0.124971926
/home/multiclass_classification/zebra/train/n02391049_1743.jpg,2,0.002895397,-0.003074782,-0.006563414,-0.002740336,0.000784114,0.007692976,-0.003807546,-0.001969794,-0.007275077,-0.022834025,0.008856218,0.013604159,-0.001266152,0.00411629,0.026135756,0.040526927,0.042008147,0.11105581
/home/multiclass_classification/zebra/train/n02391049_9719.jpg,2,0.00283741,-0.00411461,-0.010581944,-0.005153348,0.000897432,0.008055591,-0.011573485,-0.012613265,-0.00890395,-0.021148235,-0.011105197,0.006985184,0.006344368,0.005801231,0.031931818,0.046120383,0.04502731,0.11603178
/home/multiclass_classification/zebra/train/n02391049_5586.jpg,2,0.000678798,-0.0002818,8.41E-05,-0.002100841,0.000890187,-0.004329631,-0.005757493,-0.000463818,-0.010684263,-0.025745787,-0.00664918,-0.000432148,-0.011396029,-0.020240916,0.027388018,0.043902926,0.038983032,0.10039676
/home/multiclass_classification/zebra/train/489e17d69e.jpg,2,-0.000219252,-0.000772567,0.00050856,0.001879446,-0.004037793,-0.011059364,-0.004372054,0.00353002,-0.002914673,-0.017216265,0.018826725,0.028226886,7.67E-05,0.007691528,0.059890475,0.060447134,0.051467538,0.1193287
/home/multiclass_classification/zebra/train/377.jpg,2,-0.001833158,-0.000661459,0.000961477,-0.004117094,-0.001562941,-0.011812612,-0.012606111,-0.006060568,-0.00501092,-0.023758741,-0.000796686,0.01219733,-0.004745232,-0.012965851,0.02994627,0.036009282,0.041654285,0.10234161
/home/multiclass_classification/zebra/train/image_118.jpeg,2,0.00145339,-0.000744456,-0.003627727,-0.006511511,-0.000109382,-0.012766277,-0.026051484,-0.014482557,-0.01669882,-0.051842153,-0.005616055,0.001079177,-0.006102959,-0.017052578,0.019936727,0.036784656,0.035178512,0.08860764
/home/multiclass_classification/zebra/train/n02391049_935.jpg,2,0.002690944,-0.000443186,0.00185712,0.004814064,0.007063584,0.014227547,0.01016343,0.006393205,-0.001751219,-0.01656764,0.010601098,0.033246644,0.015757598,0.047469683,0.055424415,0.06055513,0.05729811,0.12559697
/home/multiclass_classification/zebra/train/n02391049_2311.jpg,2,0.008736309,-0.00295435,-0.007901168,0.001902357,-0.000188372,-0.006343037,-0.010830941,-0.009149719,-0.011004175,-0.042890973,-0.012352662,0.001176128,-0.003164219,-0.018895261,0.028125178,0.05202732,0.04846647,0.108820766
/home/multiclass_classification/zebra/train/n02391049_8102.jpg,2,0.00156463,0.002749541,0.003402361,0.000404347,-0.001167285,-0.002540034,-0.016129587,-0.010422059,-0.009363448,-0.023040472,-0.009310909,0.000468251,-1.40E-05,0.000719535,0.032952968,0.05183267,0.04134357,0.09375395
/home/multiclass_classification/zebra/train/zebra (40).jpg,2,0.002770868,-0.000303975,0.006005097,-0.004903235,0.002350203,0.003668262,-0.005354045,-0.001805235,-0.008969609,-0.025140617,-0.008748902,0.004342158,-4.73E-05,0.000632263,0.046037298,0.058446553,0.05392638,0.12978713
/home/multiclass_classification/zebra/train/n02391049_1434.jpg,2,0.003856236,-0.002182334,-0.003441191,0.001474344,0.002364776,-0.002816246,-0.010539334,6.64E-05,-0.003795086,-0.020443223,-0.012613125,0.003881886,-0.004145538,-0.012098567,-0.001597624,0.031160617,0.03609532,0.08665641
/home/multiclass_classification/zebra/train/zebra (36).jpg,2,0.005883319,-0.000687254,-0.007265852,-0.001597645,0.003246225,0.007433728,-0.003549309,-0.003443547,-0.008228127,-0.028088337,-0.010746963,0.018570257,-0.007787439,0.000549417,0.051436648,0.035446808,0.05635644,0.13843478
/home/multiclass_classification/zebra/train/n02391049_7169.jpg,2,0.002952978,-0.002316199,-0.002973076,0.00313527,0.003777367,0.007244803,0.004181109,0.004552225,-2.69E-05,-0.014281542,-0.000313345,0.025618672,0.004226728,0.033519585,0.047477905,0.04437118,0.061275423,0.13885255
/home/multiclass_classification/zebra/train/114.jpg,2,0.001856318,-0.003308313,-0.004626126,-0.005869268,0.002780073,-0.006503728,-0.002713857,-0.003410086,-0.000288846,-0.014107022,0.008258013,0.003633873,-0.006999829,-0.003917391,0.013011271,0.03139887,0.037072316,0.09715384
/home/multiclass_classification/zebra/train/n02391049_10739.jpg,2,-0.00351448,0.001180521,-0.006582448,-0.001275661,0.000365677,-0.005368767,0.009035256,0.007358705,0.006560771,0.01674172,0.012044147,0.01456851,0.004887061,0.021222632,0.034627173,0.035206966,0.04602342,0.10839978
/home/multiclass_classification/zebra/train/n02391049_6469.jpg,2,0.001299292,0.001540113,0.008475149,-0.001453956,0.004372131,0.00836835,-0.001224264,0.000461265,0.000466742,-0.023931107,0.000186992,0.01189328,-0.004156367,-0.000747977,0.032964088,0.054349564,0.050420538,0.11920339
/home/multiclass_classification/zebra/train/334.jpg,2,0.003585518,-0.002001585,-0.002421449,-0.000179301,0.003668115,0.00418252,0.005746862,0.011698959,0.00374502,0.004796146,0.006521555,0.025035378,0.003443658,0.012808572,0.06290491,0.0625389,0.05272168,0.107770056
/home/multiclass_classification/zebra/train/n02391049_3242.jpg,2,-0.003107916,-0.001214193,-0.010138245,-0.00502353,0.001803755,-0.001010418,0.000746719,0.001941234,-0.00924987,-0.013139061,-0.008198634,0.002939657,-0.004338034,0.006538172,0.03757619,0.060779665,0.04673824,0.119719245
/home/multiclass_classification/zebra/train/image_122.jpeg,2,0.00269122,-0.005739578,-0.017178332,-0.002059887,0.000668441,0.009696756,-0.002198241,-0.002786472,0.000344316,-0.018982058,0.001548463,0.013243032,-0.006180669,-0.009255251,0.031195184,0.048472997,0.047481406,0.11802577
/home/multiclass_classification/zebra/train/n02391049_2752.jpg,2,0.005960457,0.000673938,-0.001212919,-0.003712213,0.002901986,0.00178421,0.000522594,0.003423465,-0.002732209,-0.000151793,0.008371935,0.008778545,-0.004516196,-0.016453503,0.028014265,0.038607102,0.04856229,0.12536225
/home/multiclass_classification/zebra/train/image_124.jpeg,2,0.006224433,0.000723046,-0.000899804,0.002146464,0.002204545,-0.000823204,0.001540133,-0.00512433,-0.006629567,-0.015724352,-0.014818711,-0.001927154,-0.006260568,-0.00597368,0.018949725,0.040917598,0.03585635,0.09466391
/home/multiclass_classification/zebra/train/n02391049_7911.jpg,2,0.003432808,-0.00052073,-0.0063013,-0.005295401,-0.002560949,-0.004196358,-0.0145348,-0.008323185,-0.007156803,-0.038457494,-0.019947018,0.000798058,-0.010098825,-0.025603708,0.017151166,0.042917218,0.029408388,0.09282012
/home/multiclass_classification/zebra/train/n02391049_3251.jpg,2,-0.004906565,-0.00392627,-0.00664152,-0.006196165,-0.002397972,-0.00685123,-0.010075772,-0.002717142,-0.006945921,-0.02631904,0.005201104,0.007599006,0.006685721,-0.010376742,0.032840073,0.025375264,0.053006615,0.12331193
/home/multiclass_classification/zebra/train/n02391049_9113.jpg,2,-0.000163035,-0.00152891,-0.008333424,-0.003873156,0.002356682,0.007035136,-0.002136511,0.011709449,0.003661481,-0.000686863,0.008305444,-0.004220958,-0.006777339,-0.00400587,0.033442885,0.04190457,0.041441604,0.105645895
/home/multiclass_classification/zebra/train/n02391049_541.jpg,2,0.001278769,-0.00032019,0.001851253,-0.007320113,0.001975799,0.015969671,0.01493209,0.009194263,-0.00536955,-0.021966264,0.000943947,0.001447166,-0.006101465,-0.00611373,0.023161214,0.041635334,0.046348948,0.11576012
/home/multiclass_classification/zebra/train/n02391049_969.jpg,2,0.00550843,0.000445102,-0.000255796,0.006383778,0.005798603,0.009244469,-0.001924221,0.001634172,-0.001362995,-0.010259789,-0.003411369,0.013141992,-0.005779205,0.005646418,0.025518883,0.06087781,0.049710516,0.12043358
/home/multiclass_classification/zebra/train/362.jpg,2,0.002555465,-0.00202034,-0.004373897,-0.0064962,-0.001416517,-0.004121373,-0.011611737,-0.00479853,-0.00961606,-0.03798756,-0.0075055,0.016045712,-0.010762195,-0.023737423,0.017414633,0.04751286,0.04556887,0.110253915
/home/multiclass_classification/zebra/train/n02391049_2757.jpg,2,-0.000935422,-0.001460693,3.39E-05,0.004711642,0.009548895,0.013140403,0.009940431,0.015010168,0.002394846,-0.004342282,0.006228771,-0.00180635,0.000186529,0.001209813,0.04519198,0.067876324,0.05498881,0.11601436
/home/multiclass_classification/zebra/train/n02391049_2275.jpg,2,0.002159212,-0.004536486,-0.012352847,-0.000996021,0.001321903,0.006189176,0.005087274,0.002347764,-0.000733568,0.004109218,0.004108436,0.018297484,-0.005535554,0.000735559,0.053358026,0.041786313,0.054548193,0.14100577
/home/multiclass_classification/zebra/train/n02391049_306.jpg,2,-0.003423108,-0.001420354,0.001040489,-0.00423252,0.000926243,-0.001630215,-0.014216849,-0.016802413,-0.008771861,-0.036367543,-0.010117839,0.007443142,-0.001562854,0.007372106,0.038994767,0.05541628,0.04758141,0.11957748
/home/multiclass_classification/zebra/train/n02391049_3294.jpg,2,0.003063603,-0.002021353,-0.00595706,-0.009698186,0.001666206,0.006930598,-0.000557843,0.004411604,-0.008351034,-0.018177748,-0.00541408,0.008896515,-0.004365161,0.002271512,0.027287364,0.052213706,0.04734736,0.11722681
/home/multiclass_classification/zebra/train/n02391049_10597.jpg,2,0.003742585,-0.005730221,-0.008966905,-0.009645513,0.002603736,-0.006170411,-0.003742466,0.002143881,-0.008538563,-0.01970693,0.000562631,-0.003177347,-0.007349412,-0.004898929,0.030197613,0.040469375,0.039612785,0.107258625
/home/multiclass_classification/zebra/train/n02391049_6775.jpg,2,0.001663307,-0.00806893,-0.016481489,-0.013156726,0.001240546,-0.003126225,-0.001474608,-0.001992168,-0.008609286,-0.028954923,-0.001976634,-0.000151802,-0.007824758,-0.0179599,0.016797168,0.028902108,0.041677266,0.103098035
/home/multiclass_classification/zebra/train/129.jpg,2,0.000585613,-0.000175938,0.003587044,-0.004532289,-0.001495312,-0.011947658,-0.02377627,-0.012556179,-0.014614273,-0.045113347,-0.009242601,0.011366388,-0.006643826,-0.012589051,0.02882128,0.045720994,0.040312946,0.10748981
/home/multiclass_classification/zebra/train/154.jpg,2,0.000487666,0.002117703,0.003381197,0.006703009,0.003953089,4.32E-05,-0.01577123,-0.008528429,-0.005839065,-0.023161829,-0.002156806,0.011237256,-0.001437191,-0.008348057,0.028670222,0.0468544,0.040483795,0.11127129
/home/multiclass_classification/zebra/train/n02391049_5333.jpg,2,0.001269991,-0.004807835,-0.009232468,-0.003403676,0.001494384,0.000687207,-0.002632992,0.000130357,-0.001431602,-0.002983477,0.003013457,0.011965335,-0.006431841,-0.008124811,0.026455741,0.032960985,0.04556632,0.11179714
/home/multiclass_classification/zebra/train/328.jpg,2,0.001929099,-0.00161509,-0.002313931,-0.000643121,0.001845048,-0.003726968,-0.003410074,-0.005750347,-0.008838906,-0.018794049,-0.008958875,0.017517842,-0.004663758,-0.00710264,0.025922373,0.03180848,0.04712046,0.10785828
/home/multiclass_classification/zebra/train/054.jpg,2,0.000439634,0.001463264,0.000886998,-0.001850757,0.005282519,0.006993883,-0.00174941,-0.002974695,-0.006596885,-0.013133755,-0.000971255,0.003985249,-0.010798549,-0.01958811,0.019390373,0.046828784,0.042951733,0.1124199
/home/multiclass_classification/zebra/train/n02391049_7886.jpg,2,0.004836153,-0.000742178,-0.003568624,0.004376934,0.004190634,0.003079456,-0.014865017,-0.004345283,-0.009385351,-0.029639522,-0.004830674,0.011817489,0.000405971,0.001350599,0.02848569,0.046631217,0.047467247,0.11660005
/home/multiclass_classification/zebra/train/n02391049_3154.jpg,2,-0.001335934,-0.004472731,-0.002755963,-0.006683542,0.000893024,-0.002319858,-0.010195779,-0.002127729,-0.005199802,-0.027504537,-0.007118251,0.018375522,-0.000448869,-0.002115594,0.041621022,0.05596038,0.04940435,0.11841944
/home/multiclass_classification/zebra/train/n02391049_4351.jpg,2,0.00193505,-0.000128684,-0.002039675,0.001318248,0.003250339,-7.59E-05,-0.004208209,0.000125188,-0.007525121,-0.013106335,-0.011393694,0.013234453,-0.005665647,-0.018065501,0.03244863,0.039045826,0.04301464,0.10710393
/home/multiclass_classification/zebra/train/n02391049_7521.jpg,2,-0.00071038,-0.000357271,-0.001951776,-0.003672655,0.00353203,0.007393885,-0.004554601,0.005106251,-0.003836179,-0.015332099,-0.003718494,0.014299093,-0.004409292,-0.002298998,0.048832245,0.027539281,0.051751498,0.13452618
/home/multiclass_classification/zebra/train/197.jpg,2,0.001184906,0.000142294,-0.004918806,0.003872996,0.001450948,-0.003090328,-0.018465454,0.001114545,-0.007956902,-0.023308765,0.007088041,0.011987669,-0.005238216,-0.006915577,0.0397015,0.051939823,0.046549633,0.11232199
/home/multiclass_classification/zebra/train/image_177.jpeg,2,0.003600922,-0.003660793,-0.002559338,-0.0041977,-0.002452417,-0.006463397,-0.013107584,-0.004731718,-0.005730213,-0.026929604,-0.002568463,0.01281973,-0.00620093,-0.015968014,0.034917884,0.046161328,0.039783135,0.11238982
/home/multiclass_classification/zebra/train/n02391049_5276.jpg,2,-0.000913574,0.000573626,-0.00536765,-0.00715215,-0.008277427,-0.017081153,-0.02295422,-0.013523191,-0.016672783,-0.03510711,-0.019924812,0.001668786,-0.006028653,-0.014269812,0.023030594,0.024684098,0.051656593,0.12914927
/home/multiclass_classification/zebra/train/n02391049_1149.jpg,2,0.003345447,-0.001909436,-0.010083269,-0.003551064,0.001174172,-1.53E-05,-0.010651888,-0.005059322,-0.00343359,-0.011978455,0.005912514,0.00843621,-0.008653829,-0.015342737,0.01955827,0.021685965,0.03853773,0.10438538
/home/multiclass_classification/zebra/train/n02391049_3028.jpg,2,0.004233356,-0.004656551,-0.014327198,-0.01248965,-0.001483178,-0.000106119,-0.010008404,-0.00331187,-0.008982614,-0.02223395,0.005606599,-0.002753106,-0.004030617,-0.009070071,0.005434383,0.03090144,0.04124616,0.10113853
/home/multiclass_classification/zebra/train/n02391049_5711.jpg,2,0.000887467,-0.004061915,-0.007506534,-0.001701074,-0.005139794,-0.003810651,-0.000406462,0.004045587,-0.003871564,-0.009850228,0.007081828,0.025654402,0.002832784,0.024875907,0.044444166,0.046059318,0.055148724,0.13253155
/home/multiclass_classification/zebra/train/322.jpg,2,0.000573974,-0.003132437,-0.007544681,-0.005369625,0.002553656,0.007171389,-0.000220631,-0.002112177,-0.010837633,-0.017716648,-0.004812454,0.010518823,0.004141572,0.005661811,0.03412259,0.051816218,0.053533603,0.12622635
/home/multiclass_classification/zebra/train/n02391049_3239.jpg,2,0.000831492,0.000588785,0.002823543,0.004780104,0.002987074,0.000716395,-0.005909388,-0.004848929,-0.005736186,-0.026943851,-0.007597235,0.00573202,-0.002075094,0.000544926,0.021084577,0.057131387,0.047539137,0.11335836
/home/multiclass_classification/zebra/train/262.jpg,2,0.00032066,-0.006425702,-0.013273239,-0.008880668,-0.000369509,-0.007941416,-0.012074789,-0.003904403,-0.007048237,-0.013404261,0.003120783,0.006860011,-0.001521972,-0.003768679,0.034797505,0.0385089,0.044771,0.11095197
/home/multiclass_classification/zebra/train/image_19.jpeg,2,0.001502057,-0.002193833,-0.008624513,-0.006830068,-0.000559101,-0.011493261,-0.014932052,-0.007424432,-0.012681597,-0.03844975,-0.011649388,0.012856768,-0.003855483,-0.005102948,0.028786717,0.04315232,0.045911603,0.11114754
/home/multiclass_classification/zebra/train/n02391049_383.jpg,2,0.000465856,-0.008026402,-0.010260647,-0.010885919,-0.0066676,-0.027841216,-0.014845248,-0.000887879,-0.008704143,-0.030505471,-0.014352154,0.002106124,-0.001951699,0.000991745,0.02473506,0.052375957,0.045058355,0.099501185
/home/multiclass_classification/zebra/train/324.jpg,2,0.006907199,-0.00058897,0.005634517,0.006745176,0.00468798,0.007192399,-0.012586368,-0.011513826,-0.00618991,-0.021302428,-0.013799225,0.004759081,-0.005693075,-0.00073071,0.005644192,0.049169116,0.039510906,0.10323904
/home/multiclass_classification/zebra/train/n02391049_2647.jpg,2,0.001133773,0.000745337,0.001116654,-0.003285659,-0.001532181,-0.007777984,-0.013335578,-0.003045031,-0.006324131,-0.027437804,-0.011621267,0.009370368,-0.003283057,-0.016029987,0.038461097,0.0393171,0.044761367,0.11679724
/home/multiclass_classification/zebra/train/image_178.jpeg,2,0.003907144,-0.004293308,-0.006652559,-0.00911574,-0.000924924,-0.002144167,-0.008606612,-0.009588525,-0.011077521,-0.029049294,-0.002627475,0.001692082,-0.007003689,-0.014902234,0.033177435,0.020788237,0.04063785,0.104075365
/home/multiclass_classification/zebra/train/n02391049_3034.jpg,2,0.002793809,0.001612808,0.000434603,-0.00083295,0.003239695,-0.001432196,-0.018828923,-0.005981807,-0.00756361,-0.0374174,-0.009300168,0.008459256,-0.009236969,-0.007464254,0.027012954,0.055002086,0.04421291,0.1120108
/home/multiclass_classification/zebra/train/n02391049_621.jpg,2,0.004184108,-0.00040814,-0.000845411,8.40E-05,-0.00058552,0.000162356,-0.012791137,-0.00494155,-0.007741268,-0.015339727,-0.020034526,-0.001834259,-0.004427186,-0.008237639,0.023129541,0.035456255,0.053986408,0.12908356
/home/multiclass_classification/zebra/train/n02391049_2888.jpg,2,0.001501489,-0.004269786,-0.006296903,0.001042121,-0.002294065,-0.006754768,-0.007162449,-0.004005407,-0.007104388,-0.013232641,0.0042299,0.010345126,-0.008051498,4.57E-05,0.04788158,0.063182764,0.05140826,0.11587132
/home/multiclass_classification/zebra/train/n02391049_8148.jpg,2,0.005086147,-0.003900963,-0.01024108,-0.008021593,-0.007909193,-0.009558114,-0.002981095,0.0034834,-0.004161966,-0.013430594,0.007801027,0.001775537,0.002109895,0.01628816,0.006766835,0.013353871,0.05487397,0.090436086
/home/multiclass_classification/zebra/train/n02391049_644.jpg,2,-0.000151149,-0.001962649,0.002025886,-0.002399376,0.000993173,-0.002719458,-0.006295635,0.003536123,-0.004685651,-0.019286815,-0.002632497,0.009751738,-0.007056535,-0.008509379,0.0318687,0.04707635,0.04448214,0.109682426
/home/multiclass_classification/zebra/train/n02391049_589.jpg,2,0.003359634,-0.002143202,0.002587726,-0.001350857,-0.003325377,-0.018644305,-0.021370377,-0.007574776,-0.013873064,-0.02765929,-0.004867205,0.000515746,-0.002624829,0.001322908,0.053091757,0.06654666,0.04733435,0.10350301
/home/multiclass_classification/zebra/train/150.jpg,2,-6.16E-05,-0.003041257,-0.005822227,-0.014688268,-2.35E-05,0.001890352,-0.007965451,-0.005229419,-0.009147394,-0.03426951,-0.006384177,0.007488906,-0.003358626,-0.010416063,0.041010335,0.059239466,0.045244172,0.11185071
/home/multiclass_classification/zebra/train/image_126.jpeg,2,0.001961127,-0.001515088,-0.006037684,-0.005780949,0.000607628,0.001965393,-0.00486967,-0.004751445,-0.003638963,-0.015338191,-0.008050188,0.019735813,0.00131936,0.006956546,0.054820973,0.045451187,0.0519431,0.123011515
/home/multiclass_classification/zebra/train/n02391049_10461.jpg,2,0.001420652,0.000751376,0.007794056,0.005536369,0.002004098,0.005623606,-0.002287505,-0.000769301,-0.00414319,-0.029836252,0.002100403,0.03394774,0.01829052,0.0525938,0.082005545,0.049778454,0.042924542,0.08673357
/home/multiclass_classification/zebra/train/image_7.jpeg,2,0.003678816,0.00168376,0.000204897,-0.006893769,-0.000452357,-0.002767869,-0.009729855,-0.001902448,-0.006194381,-0.01721408,0.001805985,0.012678563,-0.001730786,-0.007961186,0.03187421,0.041563276,0.050479002,0.1327776
/home/multiclass_classification/zebra/train/n02391049_8855.jpg,2,0.002651424,-0.002567725,-0.002736185,-0.000346413,0.002698082,0.003845128,0.003567397,-0.000189697,-0.004583164,-0.006319443,0.003223145,0.002015864,-0.002619954,-0.009997265,0.025639055,0.034731545,0.039508812,0.099388614
/home/multiclass_classification/zebra/train/n02391049_6159.jpg,2,0.002913577,-0.000888102,-0.004674274,0.000262834,0.005864544,-0.000921306,-0.015809342,-0.00446276,-0.014006715,-0.03253135,-0.011398118,0.009875931,-0.004809165,-0.005764926,0.0340169,0.048815075,0.046621226,0.10040282
/home/multiclass_classification/zebra/train/image_154.jpeg,2,-0.002567555,-0.0039897,-0.004123531,-0.00364949,-0.008134989,-0.022186838,-0.010709347,0.001178811,-0.005244799,-0.03468787,0.000735715,0.003179037,-0.00255636,-0.004566929,0.012793811,0.029667912,0.03193116,0.09502609
/home/multiclass_classification/zebra/train/iimage_23 (20).jpeg,2,0.003386798,-0.003172806,-0.00555097,0.005744251,0.005254986,0.009307595,-0.003554663,-0.005698528,-0.007537783,-0.028656844,-0.003910822,0.015806226,-0.000537634,-0.007176953,0.042061023,0.05082445,0.05534735,0.12688157
/home/multiclass_classification/zebra/train/n02391049_9625.jpg,2,0.001417055,-0.001202612,-0.001443034,0.001436556,0.004359041,-0.004124987,-0.004189542,0.007986474,-0.001331132,-0.018830055,0.002248905,0.003083563,-0.003017259,0.011355343,0.02103363,0.050465837,0.04791157,0.11256785
/home/multiclass_classification/zebra/train/n02391049_10435.jpg,2,-0.003469611,-0.000312158,-0.002421219,-0.004121325,-0.000485577,-0.007989522,-0.002526071,-0.000901631,-0.012083838,-0.03841771,-0.009120816,-0.001277831,0.000270348,-0.022582976,0.007622186,0.04209808,0.029192131,0.08694327
/home/multiclass_classification/zebra/train/n02391049_6487.jpg,2,0.001714193,-0.003463973,-0.009977697,-0.006648282,-0.004005908,-0.019500066,-0.01221795,0.002178897,-0.006161094,-0.02753746,-0.003864844,-0.001707798,0.003642209,-0.002830124,0.033674914,0.030400326,0.051319305,0.12517518
/home/multiclass_classification/zebra/train/n02391049_5216.jpg,2,0.002819384,0.001709007,0.007719444,0.005578114,0.005932957,0.011554603,-0.000228489,0.003913085,-0.001972009,-0.021003239,-0.006708642,-0.00182524,-0.009142689,-0.00341722,0.03093659,0.04167975,0.049777616,0.123673774
/home/multiclass_classification/zebra/train/027.jpg,2,0.004224818,-0.005840352,-0.009194393,-0.001587313,-0.001048161,-0.002433081,-0.006923114,-0.006579415,-0.012140065,-0.03130434,-0.010596238,0.002313588,0.00244843,0.007835757,0.021135837,0.042505477,0.040704757,0.098143324
/home/multiclass_classification/zebra/train/n02391049_8878.jpg,2,-0.000434659,-0.002810091,-0.004003345,-0.004130078,0.004069824,0.003894738,0.001940751,-0.000287877,-0.008715587,-0.020145012,0.005981093,0.005854391,-0.006948106,-0.001274775,0.0375012,0.026473075,0.05524362,0.12144393
/home/multiclass_classification/zebra/train/n02391049_2883.jpg,2,-0.002462606,0.000989114,-0.004768708,-0.001489369,0.00251152,0.007060641,0.007703099,0.006406079,0.009130402,0.027688092,0.024996754,0.023152001,0.020484092,0.061616346,0.05602383,0.036989212,0.051288523,0.0802987
/home/multiclass_classification/zebra/train/n02391049_10122.jpg,2,0.003208365,-0.000981794,-0.005235149,-0.004263599,-0.000437978,-0.010337531,-0.002082578,-0.004816583,-0.009578381,-0.017081507,-0.002784259,0.007116714,-0.007226054,-0.011332157,0.028769521,0.045381434,0.043867078,0.10976748
/home/multiclass_classification/zebra/train/n02391049_2204.jpg,2,0.002055931,-0.000889784,-0.001686625,-0.001675226,-0.003373006,-0.011457759,-0.015188444,-0.010430072,-0.011631352,-0.03896387,-0.003274846,0.008119062,-0.000589247,0.006938637,0.03846874,0.054713994,0.046902206,0.11348217
/home/multiclass_classification/zebra/train/n02391049_1355.jpg,2,0.003267761,0.001322886,0.00600206,0.006813102,0.00652609,0.008069983,-0.004291968,-0.001842371,-0.00458393,-0.013552446,0.022746341,0.033609487,0.012552559,0.029676624,0.08933355,0.063482724,0.05064167,0.107540786
/home/multiclass_classification/zebra/train/194.jpg,2,0.002439449,-0.004086747,-0.007405501,0.00357677,0.001998184,-0.002330652,-0.022978405,-0.013897851,-0.008923005,-0.030898979,-0.005120386,-0.004477001,-0.010155692,-0.01663981,0.017921481,0.040556815,0.033784263,0.095936574
/home/multiclass_classification/zebra/train/247.jpg,2,0.006152573,-0.001992997,-0.005560838,0.00045115,-0.000483892,-0.002810041,-0.009621065,-0.00534544,-0.005325045,-0.042669374,-0.010101289,0.006453189,-0.007345326,-0.006980917,0.017552052,0.047434684,0.041997757,0.109674454
/home/multiclass_classification/zebra/train/n02391049_2117.jpg,2,-0.000968087,-0.002978424,-0.007166945,0.002494567,0.001027814,0.006529531,0.012692691,0.009870912,0.010084858,0.034106344,0.025412496,0.03196834,0.006244604,0.013540424,0.030049108,0.045877956,0.042812277,0.103918605
/home/multiclass_classification/zebra/train/n02391049_2995.jpg,2,-6.56E-05,0.000871482,-0.001233225,0.00418709,-0.000802435,-0.002127899,-0.015352177,-0.006809832,-0.003437278,-0.017572902,-0.002897437,0.016006906,-0.003274027,0.013723875,0.034869704,0.029550506,0.043843955,0.119090065
/home/multiclass_classification/zebra/train/n02391049_2584.jpg,2,0.002545165,-0.00475088,-0.008780619,-0.00770695,-0.00347374,-0.014287608,-0.016271744,-0.011379371,-0.011883472,-0.030636583,-0.005102857,0.002566845,-0.00632994,-0.009022022,0.024220306,0.043766607,0.04037491,0.090386145
/home/multiclass_classification/zebra/train/n02391049_6546.jpg,2,1.57E-05,-0.001826325,-0.00507391,-0.006540624,-0.002343452,-0.00828878,-0.015686482,0.003009118,-0.009101357,-0.02116519,0.000852943,0.01826913,-0.004145697,-0.005177149,0.044969015,0.04118908,0.04909675,0.12069619
/home/multiclass_classification/zebra/train/image_24.jpeg,2,0.000474359,-0.002301217,-0.001069338,-0.003449692,0.003852717,0.010437276,-0.002962405,-0.004520547,-0.003473473,-0.030929077,0.000137289,0.010474439,-0.004169984,-0.010065958,0.027147017,0.049838684,0.050377816,0.11988402
/home/multiclass_classification/zebra/train/n02391049_9698.jpg,2,0.004135605,-0.002752711,-0.009852234,-0.003561458,0.006690329,0.010201667,-0.007178337,0.005131195,-0.004426899,-0.018458389,0.00622185,0.018943686,0.002047355,0.012581791,0.043615732,0.042969752,0.054124024,0.13802634
/home/multiclass_classification/zebra/train/n02391049_4564.jpg,2,-0.000169915,0.00137261,-0.000634303,0.003842124,0.001069195,-0.000637678,0.007118034,0.002531089,0.000524514,0.003628686,-0.008098047,0.013421701,-0.002783032,-0.006511365,0.028902724,0.044540387,0.043137632,0.108818434
/home/multiclass_classification/zebra/train/n02391049_875.jpg,2,0.001286293,0.001150036,-0.00161457,0.002699046,0.002329453,0.004479957,0.005881385,0.004589187,0.000668286,-0.02229266,0.004552352,0.024924662,-0.002024735,0.013025904,0.035162393,0.057163134,0.05421868,0.13614497
/home/multiclass_classification/zebra/train/image_73.jpeg,2,-0.000129689,-0.000969584,-0.001044994,0.004916757,0.003285818,-0.004838302,-0.008442507,-0.000762209,-0.003365827,-0.023944456,0.002189517,0.007078798,-0.007039869,-0.012584628,0.03561811,0.034326088,0.04358057,0.10808584
/home/multiclass_classification/zebra/train/052.jpg,2,-0.000902377,-0.003319409,-0.010800911,-0.005830617,-0.002804536,-0.004747387,-0.012013909,-0.002629326,-0.005101087,-0.016876694,-0.007475885,0.010569122,-0.007422972,-0.021275453,0.031153182,0.02386673,0.053898007,0.12941712
/home/multiclass_classification/zebra/train/zebra (56).jpg,2,0.00450231,-0.001479843,-0.005499291,-0.005704335,0.000568816,0.003707051,-0.006890663,-0.005587826,-0.013332823,-0.030146617,-0.008475489,-0.002086554,-0.001914213,-0.008788441,0.02138985,0.049641505,0.045467682,0.10605704
/home/multiclass_classification/zebra/train/n02391049_6918.jpg,2,0.002432996,-0.001045109,-0.006599815,-0.006749971,0.002349181,0.00321405,0.000192478,0.001309916,-0.007811492,-0.03620819,-0.009148613,0.00881979,-0.00378161,-0.009264313,0.016763799,0.040276818,0.04129111,0.110536784
/home/multiclass_classification/zebra/train/n02391049_8158.jpg,2,0.003519744,-0.003683247,-0.010975502,-0.007930343,0.002140711,0.009815292,0.004013316,0.000571221,-0.010233266,-0.035487585,-0.012348901,-0.001733902,-0.010589391,-0.0015459,0.026669424,0.046128277,0.044880196,0.11312573
/home/multiclass_classification/zebra/train/n02391049_2383.jpg,2,-0.002425618,-0.004188935,-0.00700166,-0.007340499,0.004049443,0.002990665,0.000646794,0.00488596,-0.002868894,-0.001806948,-0.004444962,0.002230445,-0.001777594,0.000746025,0.004975983,0.013409541,0.031509846,0.108163945
/home/multiclass_classification/zebra/train/n02391049_10591.jpg,2,0.001464152,-0.003161913,-0.004483114,0.003683355,0.003628751,0.013285222,0.009287339,0.013340689,0.005035632,0.011820873,0.016321711,0.009893266,-0.002287898,-0.005246618,0.02793872,0.042705845,0.04591425,0.09706622
/home/multiclass_classification/zebra/train/image_151.jpeg,2,0.00236922,-0.006738436,-0.010028086,-0.011542251,-0.003498748,-0.013216799,-0.011042639,0.000582964,-0.00578537,-0.021416148,-0.001675314,-0.00368631,-0.009164942,-0.011074382,0.021066157,0.017330002,0.037814654,0.10048223
/home/multiclass_classification/zebra/train/image_50.jpeg,2,-2.24E-05,-0.004733354,-0.013601542,-0.017622499,-0.004004596,-0.006771669,-0.016724203,-0.010618083,-0.008221505,-0.029416535,-0.009847946,-0.003857184,-0.008899499,-0.018044766,0.027310753,0.03579568,0.03666175,0.09421458
/home/multiclass_classification/zebra/train/image_172.jpeg,2,-0.004857465,-0.004894153,-0.005843725,-0.000745997,0.002265493,0.002893519,-0.002729472,0.000721698,-0.000849485,-0.019761216,0.00686474,0.015884118,-0.004546806,-0.003932251,0.022736281,0.036602043,0.048686046,0.12239875
/home/multiclass_classification/zebra/train/n02391049_10336.jpg,2,0.002117044,-0.000452834,-0.005818822,-0.008073861,0.006443938,0.010680278,1.37E-05,0.001785564,-0.012435945,-0.03706263,-0.011500282,0.003227385,-0.001079177,-0.012982797,0.02587894,0.053593785,0.03150183,0.10083965
/home/multiclass_classification/zebra/train/n02391049_2177.jpg,2,-0.000843201,-0.001817844,-0.00599626,-0.005591905,-0.003257464,-0.006095547,-0.00616559,-0.006442965,-0.008267991,-0.024635348,0.004039086,0.01097478,-0.004737377,-0.005251802,0.04001888,0.052666157,0.047058247,0.10220677
/home/multiclass_classification/zebra/train/n02391049_406.jpg,2,8.93E-05,0.000860157,7.74E-05,-0.000130506,-0.004727409,-0.008722026,-0.020353746,-0.010811855,-0.013384882,-0.04413642,-0.009417442,-8.87E-05,-0.009997882,-0.013646681,0.023333393,0.04894893,0.050675284,0.11696742
/home/multiclass_classification/zebra/train/126.jpg,2,0.002804768,-8.29E-05,-0.003759604,-0.003748691,-0.000969809,0.001999466,-0.011378772,-0.010820672,-0.013074472,-0.03636618,-0.003052366,-0.006924396,-0.006141564,-0.008755825,0.012626322,0.035985567,0.04288911,0.10189286
/home/multiclass_classification/zebra/train/n02391049_6629.jpg,2,0.005051283,0.002137954,-0.002361681,-0.001984341,-5.85E-05,0.005169022,-0.006057409,-0.003375608,-0.0041795,-0.0074649,0.0031802,0.012609586,0.001080594,-0.005583739,0.035799876,0.042848166,0.047825668,0.11929621
/home/multiclass_classification/zebra/train/n02391049_3187.jpg,2,0.003314087,-0.005452352,-0.009209422,-0.000430999,0.003811135,0.007592668,-0.004462867,0.002603294,-0.009779902,-0.016793545,0.002188062,0.012965627,-0.006958142,-0.00819568,0.014636334,0.016557168,0.045416236,0.112372026
/home/multiclass_classification/zebra/train/n02391049_9532.jpg,2,0.004993872,-0.000114687,-0.000692263,-0.003552787,0.0007867,-0.004192315,-0.009002898,-0.003816375,-0.008835165,-0.026718747,-0.009587393,0.012332587,-0.011381512,-0.010771733,0.03899934,0.04037487,0.0428302,0.11997908
/home/multiclass_classification/zebra/train/n02391049_10209.jpg,2,0.002736853,0.002448842,-0.001933056,0.000567273,-0.001202344,-0.007750016,-0.012231948,-0.003261013,-0.011463036,-0.020705918,-0.011737665,0.000710464,-0.008569784,-0.007937454,0.0125799,0.043334484,0.044205323,0.111346096
/home/multiclass_classification/zebra/train/n02391049_7683.jpg,2,0.002789851,-0.003655038,-0.00460083,-0.00351971,0.002350567,-0.007384405,-0.004953584,0.000286268,-0.004926116,0.003040393,0.00549213,0.037879307,0.005701861,0.030182749,0.06674877,0.07353261,0.05397815,0.11777514
/home/multiclass_classification/zebra/train/n02391049_3219.jpg,2,0.000583681,0.000433253,0.00216971,0.003316643,0.002300011,0.004410666,-0.00193219,0.005273534,-0.002305768,-0.012291584,0.00892303,0.014400348,-0.001017406,0.012261319,0.047084473,0.04737795,0.057201803,0.14230067
/home/multiclass_classification/zebra/train/013.jpg,2,-0.000754434,-0.000532348,-0.006988831,-0.001539952,-0.00183266,-0.0040641,-0.016187904,-0.00884498,-0.013965725,-0.055917606,-0.009218925,-0.002757942,-0.005940006,-0.014893247,0.022239987,0.039843723,0.0426071,0.110721126
/home/multiclass_classification/zebra/train/n02391049_427.jpg,2,-0.005019906,-0.000691088,0.001340736,0.006276206,0.001008689,0.002166431,0.000227312,0.000649458,-0.00374623,-0.004512094,0.00220628,0.015330906,0.000413056,0.009903943,0.04983838,0.052291695,0.060502596,0.13835916
/home/multiclass_classification/zebra/train/n02391049_2506.jpg,2,0.002557949,-0.003438899,-0.00520201,-0.00750103,0.003193758,-0.010387844,-0.004623298,0.003370776,-0.00238436,-0.01622967,0.006883163,0.011317038,-0.004473495,-0.003492838,0.03759089,0.046325292,0.045475744,0.11571263
/home/multiclass_classification/zebra/train/iimage_23 (15).jpeg,2,0.00407992,-0.00229829,-0.004276658,-0.002446045,0.002850958,-0.004671163,-0.016618684,-0.007538861,-0.009056331,-0.035469398,0.005741141,0.018578656,-0.006934207,0.006584706,0.04013371,0.056065444,0.052105878,0.122583866
/home/multiclass_classification/zebra/train/image_40.jpeg,2,0.003359295,-0.001334529,0.001454474,-0.004529894,0.002077702,-0.002707512,-0.011126586,-0.006275495,-0.008119483,-0.016777076,0.005139243,0.01519572,-0.004617335,0.007534502,0.023294603,0.05185221,0.047508843,0.115017705
/home/multiclass_classification/zebra/train/n02391049_685.jpg,2,0.005918076,-0.001085335,0.000839677,0.002824423,0.003164255,0.00642438,0.001554721,0.003866694,0.002582349,0.012289185,0.005297804,0.0453569,0.01047889,0.021509923,0.0746555,0.06364083,0.045047518,0.09406715
/home/multiclass_classification/zebra/train/n02391049_5093.jpg,2,0.002194274,-0.006338296,-0.003637378,-0.005324386,-0.003109343,-0.008934059,-0.004869547,0.000988003,-0.00269211,-0.009101624,0.002807281,0.025358705,0.010869892,0.024865989,0.057576247,0.044348028,0.050568987,0.10844406
/home/multiclass_classification/zebra/train/iimage_23 (6).jpeg,2,0.000277207,-0.00073449,-0.002433811,-0.003768447,-0.00303989,-0.007911581,-0.010813221,-0.00522259,-0.006015394,-0.025208194,-0.017211413,0.005949912,-0.004475187,-0.011494324,0.013153347,0.022861388,0.040348344,0.11448974
/home/multiclass_classification/zebra/train/n02391049_2337.jpg,2,0.000578307,-0.003043324,-0.010092212,0.000562469,-0.002394364,-0.011990131,-0.007838284,-0.008282701,-0.008478901,-0.041708678,-0.001123066,0.005892274,-0.004283462,-0.008061431,0.037925735,0.051308203,0.044210948,0.11358414
/home/multiclass_classification/zebra/train/n02391049_4839.jpg,2,0.004645854,-0.002355971,-0.004767754,-0.002273437,-0.00237845,-0.00806364,-0.015062447,-0.007797399,-0.010753335,-0.039385606,-0.011872522,0.005808617,-0.006339348,-0.00287526,0.034073718,0.059855796,0.044561952,0.10430708
/home/multiclass_classification/zebra/train/n02391049_9494.jpg,2,0.000221276,-0.006064658,-0.000768228,0.002018747,0.002079045,0.001956817,-0.013727134,-3.28E-05,-0.004580645,-0.022182047,-0.003639657,0.011542775,-0.00947181,-0.015078077,0.016971152,0.04852428,0.047368713,0.111785784
/home/multiclass_classification/zebra/train/n02391049_35.jpg,2,-0.001011062,-0.006239046,-0.012646978,-0.010727804,0.000182911,-0.004085098,-0.01104975,-0.003779845,-0.008440253,-0.02831412,-0.003825417,0.004601814,-0.003803046,-0.004035296,0.015721831,0.054907806,0.03517673,0.08953708
/home/multiclass_classification/zebra/train/image_111.jpeg,2,-0.00317461,-0.000846763,-0.007066896,-0.011284356,-0.004378406,-0.016260458,-0.015799671,-0.013346097,-0.011017993,-0.032816004,-0.009994615,0.004394942,-0.009034228,-0.018149115,0.026004128,0.040024087,0.042185083,0.100078374
/home/multiclass_classification/zebra/train/n02391049_2446.jpg,2,0.002291977,-0.00204012,-0.005484408,-0.006512892,-0.002393523,-0.00232615,-0.006450962,0.001797748,-0.010291787,-0.032423776,-0.002493423,0.006470691,-0.000527503,-0.005396304,0.018878195,0.041159287,0.04820507,0.10452965
/home/multiclass_classification/zebra/train/iimage_23 (31).jpeg,2,-0.000598973,-0.001201304,-0.00310883,0.003606027,-0.000588472,-0.010327829,-0.013463832,-0.004433356,-0.003130675,-0.018137135,-0.005429362,0.015178031,0.000525875,0.001204699,0.05124157,0.045469135,0.04919432,0.11509688
/home/multiclass_classification/zebra/train/n02391049_268.jpg,2,0.001716634,-0.000452466,-0.00130576,0.004841372,0.004964513,0.00199312,0.00497782,0.006834867,0.008641679,0.012012268,0.015041594,0.025049105,0.002397221,0.004684349,0.054087706,0.055388793,0.050502833,0.113447815
/home/multiclass_classification/zebra/train/n02391049_7258.jpg,2,0.000460008,-0.001869069,-0.000658928,-0.007819093,-0.001646856,-0.011653235,-0.011489794,0.006532394,-0.005894393,-0.031203764,-0.016633606,0.004906846,-0.001177185,-0.001428408,0.024094464,0.041816253,0.049708977,0.11233057
/home/multiclass_classification/zebra/train/iimage_23 (13).jpeg,2,0.002591478,-0.001386046,-0.009480916,-0.004986894,-0.000503171,-0.010979907,0.000523969,-0.000288001,-0.000445398,-0.006872801,-0.00291604,-0.0012981,-0.009103823,0.001047478,0.015526343,0.03454774,0.041492984,0.119727895
/home/multiclass_classification/zebra/train/n02391049_1145.jpg,2,0.000823544,0.001677599,-0.004125422,-0.001595464,-0.007143241,-0.012457905,-0.004039528,0.0051954,-0.0030359,-0.011761904,-0.008501374,-0.009405495,-0.010217515,-0.013411125,0.014678597,0.01988621,0.047711384,0.11041052
/home/multiclass_classification/zebra/train/n02391049_10129.jpg,2,0.003901124,-0.002103115,-0.005010677,-0.001770547,0.002733456,0.010712897,-0.003371877,0.002325264,-0.001320739,-0.019233048,-0.004072357,0.017409246,-0.002300736,-0.002946009,0.03492622,0.044515226,0.046751287,0.11825243
/home/multiclass_classification/zebra/train/n02391049_737.jpg,2,0.000957664,-0.000718178,-0.001873765,-0.001922402,0.005014513,0.008274301,-0.008905043,-0.000134848,-8.72E-05,-0.00106204,0.003210189,0.004974595,-0.00607082,0.001501299,0.025526986,0.03878904,0.044470936,0.117787026
/home/multiclass_classification/zebra/train/n02391049_2451.jpg,2,0.003187432,-0.004941326,-0.009207983,-0.003077668,-0.002498272,-0.009002786,-0.013808372,-0.005667087,-0.007999242,-0.020340288,-0.019117508,-0.007461008,-0.004581688,-0.008671759,0.025665935,0.058632724,0.048091594,0.11315695
/home/multiclass_classification/zebra/train/n02391049_368.jpg,2,0.000429689,-0.000753192,-0.00587244,-0.002940847,0.000185585,0.00212475,0.000269929,-0.000749428,-0.00390316,-0.005858892,-0.009384509,0.018648725,-0.004828395,0.009245869,0.058118872,0.07228369,0.049309187,0.13006875
/home/multiclass_classification/zebra/train/n02391049_1891.jpg,2,0.005175521,-0.004438041,-0.008284041,-0.002383946,0.005162046,0.007704921,-0.006788254,0.002039278,-0.001739581,-0.013952465,-0.000788457,0.019302377,-0.008975605,0.004739398,0.02930123,0.053524006,0.04333795,0.11852074
/home/multiclass_classification/zebra/train/n02391049_2967.jpg,2,0.002883012,-0.004765489,-0.013751361,-0.00732841,-0.000422303,-0.00641175,0.007041274,0.000379494,-0.005329888,-0.007894157,0.002802605,0.002706455,-0.003801514,-0.011581898,0.033150144,0.01456695,0.03998534,0.110777035
/home/multiclass_classification/zebra/train/06aa68fa0e.jpg,2,-0.002722358,-0.001762343,-0.00874019,-0.005141343,-0.00279528,-0.003347699,-0.021000588,-0.008172731,-0.010660559,-0.0274955,-0.006287906,0.013970614,-0.003728891,-0.008330078,0.024984038,0.037337624,0.046287052,0.11282775
/home/multiclass_classification/zebra/train/n02391049_9533.jpg,2,-0.001191282,-0.004185117,-0.006273768,-0.006800684,0.004922968,-0.003110884,0.013282451,0.005833802,-0.002235025,-0.017057916,0.006444251,-0.005794695,0.006090561,0.021531697,0.023364905,0.019497346,0.0351248,0.09898977
/home/multiclass_classification/zebra/train/n02391049_3805.jpg,2,0.000386641,-0.002595108,-0.008828907,0.000383071,0.004623259,-0.0048437,-0.014715104,-0.00982436,-0.010416957,-0.034744,-0.008914355,0.003815702,-0.000702337,0.000362557,0.028494127,0.05252724,0.049702596,0.119508654
/home/multiclass_classification/zebra/train/n02391049_1113.jpg,2,-0.002120723,-0.004007617,-0.004530463,-0.004268475,0.002038051,0.004645771,0.00293513,0.005471947,-0.001177124,-0.000191835,-0.006833165,-0.004477377,0.002355537,-0.002041351,0.025708314,0.015001675,0.03247972,0.09553263
/home/multiclass_classification/zebra/train/n02391049_2091.jpg,2,0.005408847,-0.001369589,-0.004571267,-0.003811431,0.002111571,0.002223599,0.001131432,-0.004399944,-0.005785248,-0.020651704,-0.00888921,0.015140677,-0.010208452,-0.016404616,0.03189757,0.043639448,0.046602413,0.109855466
/home/multiclass_classification/zebra/train/n02391049_533.jpg,2,-0.000552429,0.004451953,0.009248032,0.003303711,-0.002675857,-6.79E-05,-0.005177145,-0.008812074,-0.00713203,-0.028724924,0.004208692,0.006943556,-0.01208353,-0.010438095,0.044520892,0.054403745,0.05251693,0.12414286
/home/multiclass_classification/zebra/train/n02391049_1087.jpg,2,0.001223984,-0.000344212,-0.00524662,-0.005500834,0.000427631,0.002140719,-0.000191815,-0.008972539,-0.01015994,-0.025038932,-0.006069843,-0.00166372,-0.006679627,-0.016703332,0.020628499,0.03222947,0.04511285,0.115357965
/home/multiclass_classification/zebra/train/zebra (16).jpg,2,0.001118806,-0.000561281,-0.001590491,-0.008041633,-0.006469983,-0.018653922,-0.009732634,0.001275774,-0.008110493,-0.018694079,-0.015850503,-0.006249775,0.003063818,-0.009556593,0.019997954,0.030707132,0.038611643,0.09551862
/home/multiclass_classification/zebra/train/n02391049_7645.jpg,2,0.000151586,0.000224495,-0.004215783,-0.001429659,0.005522598,0.012710839,0.015188248,0.00276127,0.000942579,0.012698779,0.013850594,0.033785857,0.014975444,0.048100784,0.0685945,0.039334126,0.049605586,0.11873048
/home/multiclass_classification/zebra/train/249.jpg,2,0.002700463,-0.002500361,-0.005805181,-0.002494535,0.005212501,-0.003757757,-0.011015473,-0.007469493,-0.012876239,-0.04283512,-0.016416172,0.001072568,-0.003129841,-0.004873223,0.027132893,0.05659834,0.045142394,0.115683936
/home/multiclass_classification/zebra/train/n02391049_1524.jpg,2,0.00168664,0.000722083,-0.004343398,-0.008952914,0.004329123,0.012617541,-0.001283614,-0.001021761,-0.005479533,-0.012979573,0.003690653,0.00973726,-0.006729838,-0.018659595,0.037679806,0.05566948,0.041503105,0.10390118
/home/multiclass_classification/zebra/train/n02391049_2748.jpg,2,0.003113191,-0.001939134,-0.00294017,-0.004093556,-0.001545977,-0.004382104,-0.005124503,-0.008023978,-0.004586533,-0.028546218,0.002922177,0.014243838,-0.009145724,-0.000475258,0.02022434,0.039590836,0.047997456,0.1223903
/home/multiclass_classification/zebra/train/zebra (35).jpg,2,0.005883319,-0.000687254,-0.007265852,-0.001597645,0.003246225,0.007433728,-0.003549309,-0.003443547,-0.008228127,-0.028088337,-0.010746963,0.018570257,-0.007787439,0.000549417,0.051436648,0.035446808,0.05635644,0.13843478
/home/multiclass_classification/zebra/train/n02391049_2416.jpg,2,0.003708902,-0.002426354,-0.004505281,0.000380987,0.001708789,0.001133684,-0.012225703,-0.004653543,-0.008080389,-0.02351293,-0.007628989,0.004529704,0.000889201,0.002201745,0.029338676,0.05634594,0.04740892,0.11446443
/home/multiclass_classification/zebra/train/n02391049_286.jpg,2,-0.003715461,-0.002294374,-0.006812478,-0.005344999,-0.002204137,-0.016674625,-0.007018449,-0.000311353,-0.003836929,0.000838708,-0.007713842,0.002354632,0.003294879,-0.008250779,0.008456688,0.0363954,0.046643056,0.104826435
/home/multiclass_classification/zebra/train/n02391049_10007.jpg,2,0.000944801,-0.002730438,-0.005829385,-0.003007823,0.002802967,0.005699951,0.002757831,0.002926126,-0.010539765,-0.017556705,-0.003259017,0.012772588,0.004002535,0.011128271,0.027452018,0.033561103,0.05343757,0.1230916
/home/multiclass_classification/zebra/train/iimage_23 (3).jpeg,2,0.00580932,-0.005663367,-0.007338126,-0.007309107,-0.004969346,-0.011098357,-0.009599281,0.002092429,-0.005655218,-0.00807434,-0.010636773,0.002855297,-0.005335464,-0.009389946,0.014670792,0.040894233,0.041762214,0.120870225
/home/multiclass_classification/zebra/train/n02391049_497.jpg,2,0.002634118,-0.004061336,-0.008786427,-0.000921095,-0.004613284,-0.007450805,-0.009220522,3.92E-05,-0.006834555,-0.020005153,-0.003272745,0.011312233,0.002433212,0.007399212,0.011484608,0.032413818,0.037110496,0.09022986
/home/multiclass_classification/zebra/train/n02391049_2921.jpg,2,0.005814605,-0.001848066,-0.006351799,-0.001550837,-8.14E-05,-0.000126568,0.002258636,0.006047775,0.00393142,0.01614244,0.014164449,0.024537696,0.009703003,0.028301125,0.0721871,0.047033615,0.04570742,0.10071747
/home/multiclass_classification/zebra/train/n02391049_918.jpg,2,0.00877164,-0.002807053,-0.009286938,-0.010518319,0.000243773,0.003473834,0.002861146,0.005108167,0.004636478,-0.004263192,0.009236931,0.015027434,-0.006310944,-0.002855694,0.040556677,0.031514414,0.053384606,0.1363306
/home/multiclass_classification/zebra/train/n02391049_9416.jpg,2,0.006710671,0.001711624,0.003610493,0.004007203,0.00129173,0.004262417,0.003183824,0.005118116,0.00148284,0.010787515,0.015726214,0.031407006,0.009720259,0.029476482,0.06618203,0.04561925,0.06016772,0.12490786
/home/multiclass_classification/zebra/train/n02391049_3037.jpg,2,0.006014694,-0.000234968,0.000606895,0.002896606,0.004398912,0.011994713,0.008480772,0.003537253,0.001391173,0.001968387,0.017359471,0.020369288,0.009772579,0.013090045,0.042258635,0.06328253,0.051579267,0.122699626
/home/multiclass_classification/zebra/train/n02391049_6609.jpg,2,0.005326904,-0.004962953,-0.008368899,-0.012084093,0.00115709,-0.000156463,-0.004434574,-0.004374014,-0.000405258,-0.015477537,0.000672055,-0.003851861,-0.005721046,-0.011628468,0.010377445,0.03947194,0.045421448,0.103997685
/home/multiclass_classification/zebra/train/n02391049_3681.jpg,2,-0.000118606,0.001604917,0.004394872,0.002996233,0.004570854,0.002652267,-0.01804616,-0.011707671,-0.011733019,-0.031755995,-0.001251749,0.004340196,-0.002312997,0.000625453,0.008599723,0.033734635,0.03925968,0.10482162
/home/multiclass_classification/zebra/train/n02391049_1211.jpg,2,-0.001506706,-0.003586258,-0.009684019,-0.004130692,0.001119122,0.000403474,-0.002409999,0.003707064,-0.0118325,-0.03195974,-0.011731743,-0.010360166,-0.01153714,-0.002980672,0.020045994,0.04866161,0.04526424,0.1077799
/home/multiclass_classification/zebra/train/n02391049_7378.jpg,2,0.002438426,-0.001682611,-0.004408176,-0.009975017,-0.000178995,-0.007656811,-0.007707541,0.000683002,-0.003035628,-0.013183109,0.002039807,0.007519859,-0.004638054,0.010550017,0.029940736,0.05217149,0.04478395,0.10682166
/home/multiclass_classification/zebra/train/n02391049_2946.jpg,2,0.002899331,-0.003290912,-0.005342841,-0.005559242,9.36E-05,-0.000863713,-0.002391332,0.000465833,-0.005169851,-0.027445745,-0.006230324,0.006878282,-0.012449016,-0.01686474,0.028418774,0.0422742,0.037807375,0.107418075
/home/multiclass_classification/zebra/train/n02391049_4965.jpg,2,0.004934185,0.001592391,-0.002477364,-5.14E-05,-0.000670194,0.005282608,-0.00278403,-0.005664542,-0.004776637,-0.018273667,0.009695803,0.023363268,-0.002972895,0.017051216,0.055364586,0.06623857,0.06275229,0.15400022
/home/multiclass_classification/zebra/train/306.jpg,2,0.003185271,0.000374962,0.002023097,0.004151394,0.002737501,0.000461167,-0.015534628,-0.0129146,-0.00841677,-0.037143145,0.001759233,0.017770715,-0.006857402,0.002933306,0.03785614,0.056060843,0.046884835,0.11284539
/home/multiclass_classification/zebra/train/n02391049_7832.jpg,2,-0.003395894,0.001086117,0.004724341,-0.000294979,0.003629495,0.007430377,0.002600107,-0.004085956,-0.001943598,-0.018901547,0.011464585,0.012860226,-0.001401813,0.007223946,0.06341319,0.041755587,0.054037634,0.13947481
/home/multiclass_classification/zebra/train/354.jpg,2,-0.004465732,0.001236889,0.001046796,-0.000981569,0.001821095,0.002555601,-0.002385076,0.004679604,-0.004423065,-0.019873038,-0.007460164,-0.008706532,-0.005245519,-0.010946145,0.025504347,0.042791232,0.04251665,0.09489868
/home/multiclass_classification/zebra/train/n02391049_983.jpg,2,0.005612266,-0.002421401,-0.006610427,-0.006269591,-0.004629853,-0.014088331,-0.011330409,-0.008000193,-0.015672304,-0.038492188,-0.010136688,-0.00531852,-0.006255433,-0.010620642,0.05245594,0.057068087,0.044303495,0.10920764
/home/multiclass_classification/zebra/train/160.jpg,2,0.002584215,-0.003001067,-0.010641184,-0.001164394,0.006470318,0.0198627,0.008300016,0.010377699,0.002156054,0.011907359,0.007065686,0.00197787,0.002852347,0.014551466,0.039499063,0.040587682,0.050569907,0.1278861
/home/multiclass_classification/zebra/train/n02391049_734.jpg,2,0.002082582,0.000572173,0.000137346,-0.00063734,0.003664807,0.008373533,-0.000625301,-9.41E-05,-0.001136674,-0.013666336,0.00263569,0.01743582,-0.003906201,0.002968806,0.042316526,0.06184218,0.059548426,0.14386834
/home/multiclass_classification/zebra/train/n02391049_1314.jpg,2,-0.003394933,-0.002834827,0.001171731,-0.004039522,0.002440271,-0.004751823,-0.002674518,0.005421723,-0.006005991,-0.020028453,-0.00081048,0.008617502,-0.000226547,-0.000720171,0.013928429,0.03851269,0.043303918,0.102346875
/home/multiclass_classification/zebra/train/n02391049_5661.jpg,2,0.004123839,-0.000135205,-0.007199861,-0.00499491,0.000248575,-0.00329343,-0.003281688,0.003272458,-0.007935593,-0.020150531,0.003694199,0.00712862,-0.002188254,-0.000721573,0.022815939,0.049843676,0.04188426,0.115669824
/home/multiclass_classification/zebra/train/n02391049_9058.jpg,2,-0.002279258,-0.002426041,-0.008450211,-0.008397047,-0.001359121,0.003569206,-0.001185014,-0.003391798,-0.006084043,-0.01927134,0.008663595,-0.006590945,-0.006982696,0.000220909,0.012749841,0.041173715,0.036591813,0.10429979
/home/multiclass_classification/zebra/train/n02391049_9331.jpg,2,0.00495613,-0.000949465,-0.006541755,-0.006988084,0.002832534,0.001064677,-0.006834291,-0.004846419,-0.011825524,-0.037886232,-0.006877454,-0.002670396,-0.005601655,-0.004501463,0.008932306,0.040004652,0.04429857,0.117959805
/home/multiclass_classification/zebra/train/6eebb7baff.jpg,2,0.000370128,-0.003377494,-0.007934919,-0.003740625,-0.00266039,-0.004086888,-0.008313567,-0.003087196,-0.00090938,-0.011897229,-0.001234079,-0.000576031,-0.004156543,-0.013078094,0.029378872,0.056359034,0.044622716,0.1052046
/home/multiclass_classification/zebra/train/n02391049_2741.jpg,2,0.001340488,-0.005253743,-0.008195505,-0.008270009,0.000764611,-0.013987146,-0.011820589,-0.002743024,-0.007267112,-0.021099208,-4.72E-06,0.005201913,-0.005473913,-0.003211144,0.028962871,0.05348476,0.03981377,0.1050951
/home/multiclass_classification/zebra/train/n02391049_4729.jpg,2,0.002692391,-0.002817975,-0.009088853,-0.006198051,0.000896595,-0.002400975,0.000537247,0.00057413,-0.002514449,-0.000724685,0.01105256,0.015475332,-0.004729734,-0.009548825,0.026541151,0.017050242,0.041881036,0.113609016
/home/multiclass_classification/zebra/train/n02391049_3436.jpg,2,-0.001649265,-0.00025721,-0.00629161,-0.010686583,-0.002913632,-0.010164426,0.008223927,0.008125319,-0.003955751,-0.018450528,0.00116112,-0.001559387,0.002760274,-0.003922894,0.007067729,0.031957228,0.04408662,0.097875655
/home/multiclass_classification/zebra/train/n02391049_3096.jpg,2,0.005401966,-0.000389301,0.000596749,0.000570217,-0.000987435,-0.014224736,-0.026103491,-0.006001979,-0.008924713,-0.03263095,-0.011564874,0.006093617,-0.005353244,0.006436154,0.020164441,0.050539184,0.047694653,0.11350288
/home/multiclass_classification/zebra/train/n02391049_2485.jpg,2,-0.000122392,-0.003618945,-0.007387134,-0.005260055,-0.003681777,-0.00599413,-0.007199675,-0.001715537,-0.009959508,-0.021924127,-0.001612319,0.009361937,-0.004405329,0.005773113,0.02947079,0.049734175,0.045277603,0.11015609
/home/multiclass_classification/zebra/train/n02391049_3289.jpg,2,0.004457824,8.97E-05,0.000876226,0.004157482,0.000817981,0.014415324,0.002024314,-0.00569419,-0.0115322,-0.029182974,-0.007318179,0.003391716,0.000209661,-0.00054196,0.04289429,0.046946116,0.042341165,0.09068009
/home/multiclass_classification/zebra/train/045.jpg,2,0.003698106,-0.00290331,-0.005535572,-0.000296153,-0.000751757,0.001601286,-0.017230472,-0.009331772,-0.010097744,-0.032161888,-0.006230826,0.002962659,-0.000720056,0.003056738,0.03227299,0.050812572,0.050284214,0.10890807
/home/multiclass_classification/zebra/train/n02391049_2674.jpg,2,0.002695663,-0.002179985,-0.003151925,-0.007355296,0.003806369,0.002138557,0.00211093,0.001433311,-0.005975866,-0.013211581,-0.002811868,0.011880873,-0.002800198,-0.022532651,0.042095553,0.051957056,0.045488812,0.11250687
/home/multiclass_classification/zebra/train/zebra (31).jpg,2,0.0064433,-0.000880493,-0.002431063,0.00071695,0.003642194,0.000983094,-0.016224127,-0.000533276,-0.012359064,-0.048504766,-0.004886213,0.001736078,-0.003000714,0.012212966,0.02978306,0.052022208,0.0529758,0.12409927
/home/multiclass_classification/zebra/train/n02391049_7.jpg,2,-0.002477672,-0.001798935,-0.00583873,-0.006698334,-0.003920704,-0.003322249,-0.000408371,-0.000887639,-0.001328826,-0.003982392,-0.003766093,-0.002611468,-0.006818579,-0.017459739,-0.0014767,0.028195772,0.047438346,0.093108565
/home/multiclass_classification/zebra/train/n02391049_1125.jpg,2,0.004293034,-0.002140419,-0.007772765,0.002623525,0.001993625,0.007699665,0.003034057,-0.004222592,-0.010440197,-0.027583957,-0.011890038,0.008336792,-0.007358546,-0.010996169,0.04778233,0.054258868,0.04037206,0.107195064
/home/multiclass_classification/zebra/train/300.jpg,2,0.001441669,0.000187915,-0.003665491,-0.003061892,-0.002244399,-0.002128604,-0.005506989,0.000838172,-0.006684086,-0.025552806,-0.005111699,0.009479451,0.003185283,-0.006877322,0.04607186,0.042705685,0.04561837,0.12718353
/home/multiclass_classification/zebra/train/n02391049_316.jpg,2,9.46E-05,-0.004693338,-0.012055866,-0.008514604,-0.001209598,-0.006189647,0.00143177,0.000687226,-0.01050508,-0.018800896,0.007980774,0.011198349,0.002117642,-0.002985053,0.045381323,0.050298445,0.052836664,0.12856756
/home/multiclass_classification/zebra/train/n02391049_1118.jpg,2,0.003938744,-0.001704857,-0.005053141,-0.006799524,-0.001030286,-0.005090224,0.005253317,0.004708621,-0.006582717,-0.021409232,-0.012747698,0.005908913,-0.010076606,-0.01859181,0.032567024,0.030813672,0.039219573,0.10784945
/home/multiclass_classification/zebra/train/n02391049_992.jpg,2,0.001973307,0.00432699,0.010337819,0.002299911,-0.00052425,-0.000123349,-0.011992906,-0.008809909,-0.004483224,-0.007974779,0.010766519,0.04145232,0.01696418,0.049158968,0.07885192,0.054607727,0.047793895,0.1021907
/home/multiclass_classification/zebra/train/n02391049_3209.jpg,2,0.000218436,-0.000201543,-0.005650196,-0.001582342,0.00055179,0.001521939,-0.004165544,0.001537306,-0.003643258,-0.016605217,0.002309487,0.016758246,-0.000743863,-0.00660446,0.04359466,0.039756373,0.048822075,0.12138999
/home/multiclass_classification/zebra/train/n02391049_721.jpg,2,0.002543326,0.000144958,0.002591662,-0.000830193,-0.001344454,-0.01360772,-0.016672986,-0.004201985,-0.010803697,-0.03595645,-0.008604036,-0.000256854,-0.008157618,-0.01034382,0.032934025,0.052927308,0.041040048,0.09520379
/home/multiclass_classification/zebra/train/n02391049_2223.jpg,2,0.001008684,-0.001914816,-0.005763969,-0.005999303,-0.005978999,-0.014943974,-0.020041635,-0.004806718,-0.006419271,-0.006710992,-0.004822969,-0.005010482,-0.00408508,0.010325963,0.007491327,0.03877873,0.040487677,0.10362437
/home/multiclass_classification/zebra/train/7ae826e4ac.jpg,2,0.00150052,-0.002840834,-0.004916222,-0.004042271,-0.006904712,-0.017947955,-0.013562,-0.005363599,-0.005338445,-0.034259394,-0.003312987,-0.003197862,-0.002994053,-0.003646806,0.008630088,0.02712078,0.031871997,0.092313394
/home/multiclass_classification/zebra/train/n02391049_954.jpg,2,0.004106161,-0.000394303,-0.00565132,-0.00121406,-0.002879559,-0.00209399,0.000834177,0.001484016,-0.001511315,-0.011609911,0.002690544,0.022601113,-0.004744747,0.011765307,0.049608655,0.04688333,0.05259651,0.11808205
/home/multiclass_classification/zebra/train/015.jpg,2,0.004432063,-0.007722504,-0.016547553,-0.005551044,0.000244454,-0.005415198,-0.011077123,-0.001602366,-0.004981391,-0.03115369,-0.011609208,0.008273914,-0.008888403,-0.012935435,0.027620507,0.038280483,0.043849394,0.10753557
/home/multiclass_classification/zebra/train/n02391049_1188.jpg,2,0.001360222,-0.003912126,-0.006297727,-0.012733022,-0.000924206,-0.002940547,0.008203299,0.007752007,-0.002839492,0.000776112,0.001424535,-0.000644273,0.003759635,0.013053144,0.041737325,0.033045884,0.044896625,0.12004398
/home/multiclass_classification/zebra/train/image_57.jpeg,2,0.003003334,-0.005904162,-0.0050536,-0.01248787,0.001787661,-0.004374798,0.00132238,0.004438556,-0.006812224,-0.015405146,-0.004293745,0.008643104,-0.004510943,-0.013938819,0.026691236,0.041935302,0.040919952,0.10836863
/home/multiclass_classification/zebra/train/image_83.jpeg,2,0.002415129,-0.002094539,-0.001634384,-0.005017587,-0.005026727,-0.003559155,-0.011946777,-0.001328003,-0.013182944,-0.038133275,-0.010350585,-0.001168635,0.001892572,0.000156025,0.027363531,0.03860777,0.04018779,0.103529826
/home/multiclass_classification/zebra/train/176.jpg,2,-0.002628826,0.000199392,0.001962401,-0.001958181,0.00208155,0.002880816,-0.01026862,-0.005010821,-0.006604129,-0.03289164,-0.003655486,0.012535989,-0.008250024,-0.00913281,0.026746105,0.041722074,0.038210414,0.104903236
/home/multiclass_classification/zebra/train/n02391049_6385.jpg,2,0.00430863,-0.005962502,-0.00980342,-0.006876849,-0.000917908,-0.011214783,-0.004494463,0.003156333,-0.008164469,-0.028543647,-0.009041599,-0.000168265,-0.002998042,-0.003619141,0.033680588,0.04525193,0.04759565,0.11089603
/home/multiclass_classification/zebra/train/n02391049_2448.jpg,2,-0.000298634,-0.001901109,-0.002005207,-0.008196559,-0.00386627,-0.007688954,-0.00170472,0.004356816,-0.003685129,-0.012432972,-0.0026218,-0.000864747,0.002611932,0.001798537,0.022282775,0.023488022,0.038261466,0.094222546
/home/multiclass_classification/zebra/train/image_110.jpeg,2,0.000259463,-0.006896649,-0.016323157,-0.012133723,-0.002838536,-0.00912844,-0.00539883,0.002107773,-0.004083284,-0.023743086,-0.008830253,0.000625183,-0.005752828,-0.008338135,0.020296935,0.04594037,0.04250189,0.10635229
/home/multiclass_classification/zebra/train/n02391049_1516.jpg,2,0.005275185,-0.001923077,-0.006431537,-0.005609687,-0.004337506,-0.002665716,-0.00565682,-0.000959891,-0.004704922,-0.007455481,0.006549467,0.003865983,-0.000246379,-0.00692025,0.047688022,0.03931026,0.043819033,0.107677154
/home/multiclass_classification/zebra/train/n02391049_3114.jpg,2,0.000518258,-0.003290871,-0.004692217,0.000442559,0.000231809,-0.002359799,-0.009442944,-0.000152025,-0.003741219,-0.01886012,0.003317763,0.020124646,-0.001614647,0.007510501,0.032496043,0.03977891,0.05724033,0.13206512
/home/multiclass_classification/zebra/train/image_114.jpeg,2,-0.000166649,-0.003731693,-0.007727733,-0.014810786,-0.006881006,0.00036377,-0.01188239,-0.00086374,-0.008613793,-0.029928394,-0.006265413,-0.002799619,-0.003472814,-0.013034606,0.017929789,0.0342715,0.03952194,0.10358088
/home/multiclass_classification/zebra/train/063.jpg,2,0.00177292,-0.006220592,-0.00680565,-0.005679333,-0.002031432,-0.011903806,-0.011427268,-0.004990364,-0.009405294,-0.027857952,-6.22E-05,-0.000699645,-0.007149657,-0.0090949,0.021845717,0.0486608,0.032357622,0.08762656
/home/multiclass_classification/zebra/train/n02391049_6413.jpg,2,0.001122704,-0.00392846,-0.006783771,-0.008360487,-0.003167038,-0.007562687,-0.010387716,-0.009560858,-0.009110556,-0.024792373,-0.011932736,0.011945375,-0.001361637,-0.002355195,0.027267566,0.032818902,0.04646289,0.10497101
/home/multiclass_classification/zebra/train/n02391049_3733.jpg,2,0.000853707,-0.000736158,-0.008278114,-0.007635112,3.83E-05,-0.006561298,-0.004443808,-0.006203467,-0.006917249,-0.017373592,-0.007432282,0.006979283,-0.005231659,0.000225307,0.035752326,0.034226842,0.04635609,0.11004307
/home/multiclass_classification/zebra/train/n02391049_7584.jpg,2,0.003680392,-0.000399229,-0.002228838,0.000518483,-0.002011661,-0.000823912,0.000478498,-0.004273348,-0.012123776,-0.03181972,-0.011373879,-0.00448916,-0.00562693,-0.017958362,0.022509845,0.021533886,0.03845451,0.107085854
/home/multiclass_classification/zebra/train/n02391049_9027.jpg,2,0.000550046,0.000210523,-0.006421314,-0.002906423,0.000803851,0.004696084,0.005692415,0.002261447,-0.001037783,-0.00962127,-0.009876873,0.003785545,0.002475089,0.004861404,0.031039445,0.04293684,0.054519378,0.13309401
/home/multiclass_classification/zebra/train/n02391049_10239.jpg,2,0.005608807,-0.003727843,-0.001040201,0.001449095,-0.001042171,-0.004414551,-0.0180189,-0.007765654,-0.005981518,-0.028347319,-0.013853792,0.000975808,-0.000167379,0.002267641,0.011463174,0.049089212,0.04558835,0.114776224
/home/multiclass_classification/zebra/train/n02391049_5291.jpg,2,-0.001946505,-0.002480105,-0.006752348,-0.002754322,0.00048774,0.007578968,0.004843622,0.006019697,-0.005571208,-0.017890152,-0.008463219,-0.007712319,-0.009463336,-0.020821359,0.016082846,0.03991034,0.040017866,0.10946571
/home/multiclass_classification/zebra/train/253.jpg,2,0.002785122,-0.001460364,-0.005260316,-0.006732725,0.003266688,0.001504518,-0.01721429,-0.007635195,-0.01298343,-0.022366341,-0.008418088,-0.004044494,0.000818183,-0.009747407,0.016245583,0.041819304,0.036675073,0.10403022
/home/multiclass_classification/zebra/train/n02391049_6475.jpg,2,0.00126927,0.00253133,0.004011178,-0.000137042,-0.005839645,-0.009229669,-0.007399909,-0.005398054,-0.008056026,-0.034205697,-0.009136142,0.012287006,-0.001731326,-0.013850348,0.030286368,0.02188725,0.04067456,0.1164235
/home/multiclass_classification/zebra/train/n02391049_3249.jpg,2,-0.002780406,-0.000612272,-0.005327835,-0.004790692,-0.005281545,-0.014110779,0.003061291,0.008567454,-0.00577111,-0.021977285,-0.008374669,0.001406071,-0.008793015,-0.008716019,-0.004561951,0.022084555,0.035953954,0.08794004
/home/multiclass_classification/zebra/train/098.jpg,2,0.002825319,0.000567724,0.001105962,-0.002536525,0.004361317,0.002944423,-0.013848195,-0.008401953,-0.009532124,-0.022119513,-0.006546714,0.010512134,-0.000984243,-0.008855142,0.029866492,0.0509364,0.044865705,0.11183912
/home/multiclass_classification/zebra/train/n02391049_2481.jpg,2,-0.000829248,0.003017871,8.82E-05,0.001316197,-0.00212086,-0.008129077,-0.009013116,-0.002535462,-0.000271002,-0.010946966,-0.006240063,0.011453423,-0.003218976,0.001959337,0.035505544,0.029464971,0.039389104,0.10700854
/home/multiclass_classification/zebra/train/n02391049_6622.jpg,2,0.002187448,-0.000400831,-0.001215492,0.001084581,0.007012444,0.013970979,0.0002991,-0.000646112,-0.005769868,-0.023173964,0.009949557,0.03275339,0.014848948,0.039863564,0.05433872,0.055569455,0.057615362,0.12985712
/home/multiclass_classification/zebra/train/n02391049_7839.jpg,2,-0.003694371,0.000718736,-0.001813842,-0.003371399,0.002642051,0.009719777,0.000161664,0.002095767,-0.009064129,-0.024302915,-0.006115297,0.024031587,-0.005079995,-0.000207729,0.04349514,0.0668641,0.05116293,0.117056265
/home/multiclass_classification/zebra/train/n02391049_8214.jpg,2,0.003160526,-0.001734334,-0.002221611,-0.001260711,-0.004333715,-0.005314908,-0.007627469,-0.005193844,-0.009281146,-0.03258997,-0.0085872,0.016470335,-0.001131323,-0.001703738,0.017239979,0.04683401,0.035313442,0.089027934
/home/multiclass_classification/zebra/train/212.jpg,2,0.001132936,0.001126692,0.002412299,0.00293077,0.010393407,0.028383125,0.001068358,0.002655854,0.003463609,0.009265011,0.010213068,0.029666651,-0.005018713,0.007745015,0.038631685,0.04964006,0.054654166,0.1289049
/home/multiclass_classification/zebra/train/image_54.jpeg,2,0.002194397,-0.00210941,-0.006526267,-0.004489421,0.001077596,0.003098939,-0.003648631,-0.001870194,-0.002858512,-0.006714559,-0.006138276,0.019111233,0.002844192,0.010298396,0.05704622,0.045479216,0.052287087,0.123694174
/home/multiclass_classification/zebra/train/207.jpg,2,-0.002788,-0.000899982,0.005158388,-0.001551816,0.002047921,0.002804053,-0.000379739,0.006022447,-0.001430801,-0.005993818,0.008899473,0.009733604,0.002802652,-0.010511545,0.03381372,0.00380645,0.042630848,0.116722316
/home/multiclass_classification/zebra/train/image_153.jpeg,2,0.001438786,-0.003454596,0.002250198,0.0011076,0.003302233,0.008080591,-0.001983667,0.001071051,-0.001913921,-0.008222774,-0.008117531,0.004118354,0.004740419,0.002938759,0.034395352,0.038164623,0.04808549,0.12916806
/home/multiclass_classification/zebra/train/n02391049_2182.jpg,2,0.001936382,-0.001804743,0.002051664,0.002782744,-0.003854099,-0.005535429,-0.01888327,-0.017878003,-0.016391102,-0.045240402,-0.015543274,0.000591799,0.000544301,0.007907927,0.02909118,0.050255366,0.040687434,0.09712666
/home/multiclass_classification/zebra/train/n02391049_2218.jpg,2,-0.000303063,-0.003115737,-0.00659088,-0.006277894,-0.00396392,-0.012807664,-0.010992105,-0.003381997,-0.006796591,-0.012803072,-0.005678567,0.002717549,-0.006132878,0.000287214,0.02043833,0.048787504,0.05317852,0.12651679
/home/multiclass_classification/zebra/train/n02391049_419.jpg,2,0.000249396,-0.002256262,-0.000682525,-0.001713383,-0.003691127,-0.018590475,-0.03464791,-0.016744204,-0.015779406,-0.053427882,-0.01268837,0.001204871,-0.00927667,-0.010159463,0.019222468,0.046164107,0.041117404,0.09406984
/home/multiclass_classification/zebra/train/n02391049_3397.jpg,2,0.0028564,-0.002660601,-0.003325312,-0.002143311,0.001693098,-0.001555803,-0.000558481,-0.002767691,-0.003634731,-0.012204833,0.009236937,0.020052044,-0.002097942,0.010393055,0.04304596,0.050666474,0.053374395,0.12465261
/home/multiclass_classification/zebra/train/n02391049_7115.jpg,2,0.001536601,-0.003289679,-0.007192454,-0.001785384,0.004018541,0.010245475,0.003673687,0.008517723,-0.003465787,-0.010528781,0.001720333,0.02706711,0.001549155,0.014496737,0.055559855,0.05689205,0.058830503,0.1331455
/home/multiclass_classification/zebra/train/n02391049_1652.jpg,2,7.44E-05,-0.000321559,-0.004171406,-0.004400184,-0.001385718,-0.005445229,-0.003126102,0.001596386,-0.000523204,-1.75E-05,0.006844807,0.021000098,-0.004351522,-0.007811443,0.024701055,0.03748533,0.04379755,0.11963424
/home/multiclass_classification/zebra/train/n02391049_5781.jpg,2,0.002226973,-0.00104086,-0.007664514,-0.00338315,0.002286717,-0.001190896,-0.000394019,0.006843374,-0.001381054,-0.00770624,-0.004084579,-0.003457478,-0.006067274,-0.003648707,0.04459148,0.04564098,0.04549604,0.1171296
/home/multiclass_classification/zebra/train/iimage_23 (10).jpeg,2,0.003140189,0.000611613,-0.001370681,-0.001158587,-0.008703267,-0.011493321,-0.010983612,-0.001899185,-0.003907772,-0.020528879,-0.007558991,-0.006643853,-0.004726359,-0.00926598,0.018259227,0.030342989,0.0468647,0.11972199
/home/multiclass_classification/zebra/train/n02391049_2691.jpg,2,0.002806127,-0.000468856,0.002400967,-0.002804017,-0.003387256,-0.005080788,-0.010581438,-9.30E-05,-0.006708962,-0.01689396,-0.011163144,-0.005811241,-0.004444245,-0.011691846,0.01979067,0.045439266,0.04611969,0.12343482
/home/multiclass_classification/zebra/train/n02391049_329.jpg,2,-0.001710794,-0.001167798,0.00189336,-0.004229032,0.002489927,-0.00348104,-0.005840432,-0.002416993,-0.008539754,-0.019666879,0.003896199,0.004342046,-0.005656858,-0.014432796,0.038088754,0.05447856,0.041145325,0.1144311
/home/multiclass_classification/zebra/train/n02391049_127.jpg,2,0.005562877,-0.001031637,-0.000394644,0.004756321,0.003056378,0.00198407,-0.002057454,-0.000134352,0.002346292,-0.006279323,0.008753946,0.016052578,0.003943767,0.014654469,0.03530959,0.047199287,0.04828777,0.119149335
/home/multiclass_classification/zebra/train/n02391049_4901.jpg,2,-0.00342648,-0.002534962,-0.008692739,-0.006959669,-0.001176169,-0.013076005,-0.000531661,-0.005985157,-0.003377127,-0.002738755,-9.45E-05,0.003157152,-0.000763118,-0.002304413,0.027678398,0.044452008,0.057219513,0.13111614
/home/multiclass_classification/zebra/train/n02391049_3235.jpg,2,0.004128874,-0.003654586,-0.004795275,-0.004322314,0.00230166,0.002966899,-0.012795893,-0.013458439,-0.009490104,-0.029742215,0.000170114,0.005723225,-0.001922544,0.001365893,0.03633337,0.042745378,0.040277526,0.10936169
/home/multiclass_classification/zebra/train/304.jpg,2,0.003122108,-0.00362951,-0.009448391,-0.00544074,-0.002690567,-0.018652283,-0.010878405,-0.002648979,-0.003141005,-0.039352983,-0.005927379,0.008032391,-0.004069686,-0.015174339,0.032072917,0.04964322,0.041245118,0.104263015
/home/multiclass_classification/zebra/train/n02391049_643.jpg,2,0.005738177,-0.000499111,-0.002528461,-0.000895138,-0.004280932,-0.00191514,-0.00862433,0.00387284,-0.002638911,-0.00628037,-0.009206036,0.00649923,0.00184599,0.009163981,0.019209746,0.016044872,0.045949508,0.09997904
/home/multiclass_classification/zebra/train/n02391049_9675.jpg,2,-0.001023931,-0.00212945,-0.00041516,-0.008410438,-0.000139298,-0.009329239,-0.024191119,-0.013221319,-0.013828858,-0.03447708,-0.003395943,0.00441083,-0.006504164,-0.015841434,0.04487065,0.04090277,0.046889186,0.10638076
/home/multiclass_classification/zebra/train/zebra (23).jpg,2,0.003438581,-0.004337295,-0.01351397,-0.006485964,-0.000595459,-0.016503913,-0.011557573,0.001875425,-0.010629673,-0.036323566,0.0025731,0.005696765,-0.005583699,-0.006014682,0.017662734,0.033314712,0.046763465,0.1143332
/home/multiclass_classification/zebra/train/372.jpg,2,0.000837344,-0.003540045,-0.00695339,-0.014317693,-0.003478949,-0.00959259,0.003660431,-0.003034252,-0.003628374,-0.022901982,-0.007796603,0.002681094,-0.005453344,-0.014573948,0.022779059,0.03187726,0.04279213,0.11243438
/home/multiclass_classification/zebra/train/038.jpg,2,-0.001169678,-0.003035645,-0.008697903,-0.007789606,0.001823621,-0.003467203,0.001410857,0.006412678,0.003546923,0.006863697,0.009958983,-0.000149715,0.000393914,0.006674512,0.014903361,0.035649493,0.043649234,0.118174925
/home/multiclass_classification/zebra/train/n02391049_6511.jpg,2,-0.000164788,-0.009398928,-0.021027628,-0.007963454,-0.00253037,-0.01327775,-0.004174989,-0.001575548,-0.009715328,-0.019020947,-0.003848931,-0.003600558,-0.001200366,-0.021036029,0.020923961,0.012209833,0.029498592,0.055379912
/home/multiclass_classification/zebra/train/n02391049_9499.jpg,2,0.004527918,-0.000679322,-0.001358163,-0.006610643,0.002766825,0.003743637,-0.005092105,-0.001679168,-0.005430865,-0.02975113,0.00034834,-0.001350421,-0.008591912,-0.014943261,0.000933474,0.036604658,0.046475157,0.11000331
/home/multiclass_classification/zebra/train/n02391049_8061.jpg,2,-0.00073812,-0.002516238,-0.005072509,-0.003064567,0.004451116,0.004666656,-0.006608431,-0.000907926,-0.006230897,-0.021861272,-0.007564214,0.00066653,-0.000390255,-0.017313208,0.043527644,0.043669917,0.047436755,0.10992487
/home/multiclass_classification/zebra/train/image_164.jpeg,2,0.001424788,0.00010496,0.005988635,-0.001938928,-0.000960096,-0.001713936,-0.015621075,-0.014565262,-0.009871738,-0.041801736,-0.006496239,0.008336796,-0.000344448,-0.01293477,0.031240234,0.043232527,0.037017632,0.10085066
/home/multiclass_classification/zebra/train/n02391049_2165.jpg,2,0.000972471,0.000874602,-0.002740338,-0.001176508,-0.000696216,-0.003993881,0.004626789,0.001458282,0.001874687,0.004400251,-4.41E-05,0.013653451,-0.003256873,0.011191554,0.058578737,0.06337846,0.04851569,0.11932515
/home/multiclass_classification/zebra/train/157.jpg,2,0.001021277,0.001640321,-0.002155979,-0.003983163,0.003164983,0.002827133,0.003215382,-0.000113542,-0.000756654,-0.012025902,0.002811611,0.007455628,-0.002304164,-0.018634088,0.033329695,0.0440126,0.050200302,0.11037411
/home/multiclass_classification/zebra/train/n02391049_1025.jpg,2,0.00412442,-0.002400439,-0.007833502,-0.008309783,0.001482551,-9.90E-05,-0.009838957,-0.002220175,0.001614627,-0.010053845,-0.010084596,0.011847608,-0.008001052,-0.015620878,0.024112392,0.0353585,0.04057277,0.10459043
/home/multiclass_classification/zebra/train/n02391049_4638.jpg,2,-0.000320709,0.001241124,0.003235372,0.00389264,0.003530446,-0.000457797,-0.001342141,-0.004854698,-0.000928097,-0.011097215,0.001368634,0.015049255,-0.0093979,0.009645258,0.04312676,0.041564405,0.055829734,0.13460398
/home/multiclass_classification/zebra/train/057.jpg,2,-0.000189162,-0.000454028,0.000864411,-0.001639544,0.002937069,0.003099723,-0.016331319,-0.005388696,-0.005622407,-0.020467456,-0.001350869,-0.00544546,-0.00807422,-0.00392245,0.016662974,0.03186504,0.04270161,0.09070346
/home/multiclass_classification/zebra/train/n02391049_993.jpg,2,0.000723626,0.00221675,0.005251075,0.003486776,0.000997091,0.002921427,0.000358675,-0.004494035,-0.00542352,-0.016139638,0.014464468,0.03206663,0.008000059,0.024016157,0.0612044,0.057586435,0.054867633,0.11768554
/home/multiclass_classification/zebra/train/96e65ae7f7.jpg,2,0.002069968,-0.004759729,-0.014030054,-0.004732296,-0.000145484,-0.002121779,0.001373659,-0.000921967,-0.003251885,-0.014773585,0.002514852,0.02554998,-0.005442044,0.000252775,0.046363376,0.050107665,0.050574817,0.11447562
/home/multiclass_classification/zebra/train/n02391049_6991.jpg,2,0.003886463,-0.00266123,-0.007266404,-0.007366072,-0.002011264,-0.006175007,-0.019159349,-0.007627102,-0.011315374,-0.025083272,-0.007502243,-0.001311717,-0.0060223,-0.012779593,0.010953862,0.04192263,0.044196438,0.09835243
/home/multiclass_classification/zebra/train/002.jpg,2,-0.000686274,-0.00543609,-0.013051963,-0.015040381,0.002842407,-0.00397469,-0.009686783,-0.004520708,-0.007904146,-0.027498212,-0.002192468,0.004314064,-0.005410555,-0.024059132,0.035191208,0.05246387,0.04562009,0.106484056
/home/multiclass_classification/zebra/train/n02391049_6081.jpg,2,0.007220797,-0.002201637,-0.009279648,-0.016638767,0.002096662,0.003232444,-0.007281304,-0.002229346,-0.005371895,-0.034092437,-0.011418819,0.000676002,-0.009992577,-0.008443157,0.015240766,0.04594975,0.035442337,0.0978843
/home/multiclass_classification/zebra/train/017.jpg,2,0.006770276,-0.008676661,-0.013490064,-0.004542974,-0.000185132,0.000409567,-0.009690204,-0.000917059,-0.008731465,-0.038838495,-0.015189999,-0.004465171,-0.005165812,-0.004634314,0.018777646,0.04001485,0.04067574,0.107116215
/home/multiclass_classification/zebra/train/n02391049_10342.jpg,2,0.00257822,-0.000284384,-0.001303983,0.006512056,-0.003643172,0.004416082,-0.004770876,-0.000888334,-0.010131894,-0.028208066,-0.001456854,0.023518141,0.008634976,0.01672504,0.045282662,0.052417647,0.056032352,0.12791939
/home/multiclass_classification/zebra/train/n02391049_8394.jpg,2,0.004127297,0.002476401,0.002193378,-6.12E-05,0.004509617,0.014441077,-0.005227223,0.00282273,-0.001682363,-0.026263393,0.004299156,0.015412033,0.000912707,0.011539586,0.04811826,0.07065897,0.050616346,0.1097454
/home/multiclass_classification/zebra/train/n02391049_5791.jpg,2,-0.002965627,0.00224312,-0.00140406,0.00219613,0.003088599,0.007196443,0.007242311,0.004114876,0.001741063,0.003252085,-0.000766508,0.030926745,0.007750146,0.020628385,0.050704226,0.025758792,0.059626408,0.121348836
/home/multiclass_classification/zebra/train/366.jpg,2,-0.001956136,-0.004844186,-0.007573493,-0.002080703,0.001385051,0.004556241,0.003530894,0.005189078,-0.00649794,-0.016035799,0.006272892,0.012359629,-0.002980104,0.005046066,0.028923932,0.0321651,0.052159008,0.13144739
/home/multiclass_classification/zebra/train/043.jpg,2,0.00547967,-0.00476237,-0.009732932,-0.008367921,0.002756638,-0.001696341,-0.002364709,-0.000542319,-0.005519836,-0.017406685,-0.006076637,0.004081325,-0.002163752,0.003713487,0.015668094,0.03494311,0.041970797,0.10783593
/home/multiclass_classification/zebra/train/n02391049_1523.jpg,2,0.002879248,-0.001840051,-0.004425557,-0.008914064,0.001167443,-0.001206745,-0.001281903,-8.77E-07,-0.002201867,-0.030114613,-0.005088785,0.001996405,-0.00239922,-0.003829341,0.011948267,0.055466462,0.03665403,0.097505465
/home/multiclass_classification/zebra/train/2a285c7664.jpg,2,0.006541683,-0.003400567,-0.003009771,-0.006664011,0.003466341,0.007104678,-0.00038134,-0.006298357,-0.006413237,-0.01850951,0.007774807,0.026871864,0.002870736,0.014850363,0.063553065,0.060960263,0.04794637,0.11433856
/home/multiclass_classification/zebra/train/n02391049_8982.jpg,2,0.001157519,-0.000156595,0.002782892,-0.001677629,0.00216764,0.003605051,-0.00379897,-0.006536492,-0.001413038,-0.006105396,-0.00265845,0.003328469,-0.005389134,-0.001477533,0.028485902,0.028522901,0.051695593,0.12782604
/home/multiclass_classification/zebra/train/n02391049_10159.jpg,2,0.002510846,0.00127343,0.001660813,0.002125925,0.002543507,-0.001408842,-0.001181115,0.004429472,0.000294173,-0.006357141,0.016827488,0.02741466,-0.006870834,0.005775227,0.042513028,0.045612596,0.058553487,0.12909932
/home/multiclass_classification/zebra/train/n02391049_10257.jpg,2,0.001952258,0.001233543,0.000857138,-0.001196066,0.002450077,0.009888604,-0.006011543,-0.000516903,-0.005218102,-0.02781109,-0.00765908,0.014641547,0.002089373,0.016634699,0.03516629,0.046240192,0.05218207,0.11957896
/home/multiclass_classification/zebra/train/7f3f1ddc56.jpg,2,0.010998816,-0.008084519,-0.021031223,-0.001721845,0.001749552,-0.009569444,-0.006634327,-0.008053058,-0.011057161,-0.018782508,-0.009226148,0.009960751,-0.005260026,-0.018434888,0.021914143,0.037717506,0.03647039,0.096385434
/home/multiclass_classification/zebra/train/n02391049_5527.jpg,2,0.00161809,-0.000409643,-0.007708732,-0.007754425,0.001361773,0.010732765,0.006189146,0.002763362,-0.006285892,-0.007317462,-0.001249885,0.006515908,-0.000879837,-0.010872262,0.01305222,0.017455216,0.045806132,0.11032678
/home/multiclass_classification/zebra/train/n02391049_2273.jpg,2,-0.005880571,-0.001448616,-0.001500227,-0.006623492,-0.003642811,-0.003395281,-0.003069457,-0.008293388,-0.009662735,-0.03991496,0.006574303,0.027134197,0.002418759,0.02129291,0.034881335,0.038309135,0.054365736,0.11866537
/home/multiclass_classification/zebra/train/n02391049_10649.jpg,2,0.004044768,-0.002378423,-0.006805785,-0.002415313,0.005443096,0.003906806,-0.005680153,-0.005930496,-0.011133906,-0.03238865,0.001201286,0.000569657,-0.002527472,-0.01592235,0.029543765,0.04460945,0.04532689,0.108520016
/home/multiclass_classification/zebra/train/n02391049_2756.jpg,2,-0.00312186,0.002006863,0.002758164,0.000509258,0.000833471,-0.002158134,-0.015898656,-0.009595232,-0.010665266,-0.03694899,-0.021605818,0.005330143,-0.004310693,-0.013183314,0.024113115,0.038476154,0.044925176,0.1080638
/home/multiclass_classification/zebra/train/n02391049_956.jpg,2,0.004287542,-0.000422538,0.000860291,0.004298763,0.001847285,-0.000451744,-0.003729568,0.009620179,0.000839961,-0.000576932,0.020158105,0.041892357,0.020715442,0.05910621,0.083722934,0.0665378,0.051054534,0.0995352
/home/multiclass_classification/zebra/train/n02391049_168.jpg,2,-0.002521886,-0.003789591,-0.005396845,-0.006671872,0.003503739,0.005150414,0.006231244,0.006247771,-0.001355502,-0.00742079,-0.007005028,0.0166648,-0.003447118,-0.028623356,0.03817887,0.035101596,0.042771783,0.11095438
/home/multiclass_classification/zebra/train/n02391049_4697.jpg,2,1.99E-05,0.001541919,0.006734427,0.001012741,-0.000571065,0.004492262,-0.000457776,0.002282738,0.000553805,0.000614417,-0.017283145,0.02061051,-0.000792273,0.012645984,0.03723707,0.04396705,0.04789632,0.117799655
/home/multiclass_classification/zebra/train/n02391049_384.jpg,2,0.002922464,-0.002308587,-0.003349427,-0.004615804,0.000992316,-0.008509227,-0.002508105,0.00371867,-0.000144408,-0.014362847,0.003003932,0.024447598,-0.004220877,0.007406746,0.032968577,0.028473143,0.04580993,0.11717166
/home/multiclass_classification/zebra/train/image_48.jpeg,2,-7.81E-05,-0.005848323,-0.015140217,-0.009762395,-0.000817981,-0.001803345,-0.014565922,-0.005662259,-0.006570388,-0.03780017,-0.013142623,0.011210676,-0.001622853,-0.013437568,0.027584668,0.046509735,0.045529496,0.113812976
/home/multiclass_classification/zebra/train/n02391049_2014.jpg,2,-0.001874348,-0.002953366,-0.003346724,-0.003579509,0.000537039,-0.000589555,-0.011893011,-0.000869555,-0.012535926,-0.024901658,-0.014109767,0.0008576,-0.005596768,-0.015006085,0.034391187,0.05011928,0.048668224,0.114391685
/home/multiclass_classification/zebra/train/029.jpg,2,-0.001692995,0.001249735,0.005373545,0.001237707,0.003842749,-0.009433184,-0.020412676,-0.004873885,-0.012480735,-0.03800659,-0.017002575,0.004050625,-0.008776486,0.002408051,0.02061193,0.034648366,0.047142375,0.12196453
/home/multiclass_classification/zebra/train/n02391049_3326.jpg,2,0.003669696,-0.004071461,-0.006113492,0.001750813,-0.001555474,-0.004166868,-0.012750899,-0.003214148,-0.006985501,-0.02072084,-0.005276983,0.016129857,-0.00376054,0.002921471,0.023308227,0.044643,0.045055874,0.11095618
/home/multiclass_classification/zebra/train/4c66fba940.jpg,2,-0.000272766,-0.002024226,-0.003134815,-0.001749335,0.005346701,0.013661843,0.007153568,0.002045851,0.000111804,-0.001220939,0.005488464,0.023339722,0.002802906,0.003792012,0.032271657,0.017086454,0.043740094,0.103760585
/home/multiclass_classification/zebra/train/n02391049_6216.jpg,2,0.000215771,-0.000738296,-0.007078852,-0.009427873,6.26E-05,-0.002771568,-0.007151458,0.001801182,-0.00949664,-0.021858864,0.001219976,0.006489565,-0.00221075,0.002889241,0.015136948,0.04356403,0.03622862,0.10283187
/home/multiclass_classification/zebra/train/image_180.jpeg,2,-0.004328075,-0.003007548,-0.011915064,-0.007267076,-0.003479514,-0.007164675,-0.014553826,-0.004563699,-0.013959257,-0.022668187,-0.012013546,0.007849692,-0.002601564,-0.015637508,0.030309353,0.05588253,0.041436523,0.103543445
/home/multiclass_classification/zebra/train/n02391049_2232.jpg,2,0.003049165,-0.001121562,-0.001699611,0.004956173,0.00249627,-0.003860318,-0.011305625,-0.005164853,-0.007995324,-0.02876025,0.002906585,0.017415006,-0.002697455,0.001223224,0.028492972,0.04882885,0.046230555,0.11620185
/home/multiclass_classification/zebra/train/image_75.jpeg,2,0.000173512,-0.003041008,-0.006264295,-0.009903351,0.001374814,-0.00044488,-0.00565807,-0.000826076,-0.002806751,-0.017878328,-0.004757271,0.022672502,-0.00440228,-0.00655479,0.037256964,0.026547618,0.044098537,0.11515496
/home/multiclass_classification/zebra/train/n02391049_2926.jpg,2,0.002853812,-0.00297918,-0.000833047,-0.002527483,-0.001410459,-0.003932919,-0.007572406,-0.0060826,-0.012624402,-0.034802016,-0.000932296,0.002579949,-0.001875012,0.003777674,0.041742746,0.061687168,0.041788362,0.10376167
/home/multiclass_classification/zebra/train/n02391049_10123.jpg,2,0.0004881,-0.00354378,-0.010289906,0.001721476,0.003370608,0.003745133,0.002978283,0.007361199,0.00405169,0.002324378,0.00533084,0.022373619,0.002628218,0.018709302,0.03995113,0.034193322,0.049870916,0.123189
/home/multiclass_classification/zebra/train/n02391049_10754.jpg,2,-0.00330207,0.00341911,0.009820838,-0.004149098,0.007585547,0.012140261,-0.006122509,-0.002656127,-0.013189247,-0.040032737,3.82E-05,0.000728222,-0.001959039,-0.004959926,0.027873322,0.029669665,0.03604319,0.09602255
/home/multiclass_classification/zebra/train/n02391049_1223.jpg,2,0.004370853,-0.005950176,-0.01856506,-0.009567851,-0.002715295,-0.001193868,-0.019963374,-0.00939245,-0.01691402,-0.055200778,-0.010102727,0.003155738,-0.004534414,-0.014135655,0.026550032,0.052516714,0.04618717,0.10411093
/home/multiclass_classification/zebra/train/n02391049_2786.jpg,2,0.000289345,-0.000165648,-0.002703646,-0.00499231,-0.001921756,0.001893516,-0.002528731,-0.001951161,-0.000807361,-0.001419857,-0.002483586,0.01655433,-0.004052597,-0.011490314,0.018177025,0.040724352,0.046356983,0.11629262
/home/multiclass_classification/zebra/train/287.jpg,2,0.003092633,0.000860055,-0.001382422,0.00039073,-0.000797724,-0.008338753,-0.015231146,-0.005923155,-0.014331037,-0.04171779,-0.003982422,-0.004889996,-0.000914762,0.002619368,0.019417705,0.03914615,0.039687403,0.09180152
/home/multiclass_classification/zebra/train/319.jpg,2,0.001951795,0.000459541,0.001626168,-0.003523924,0.000422315,0.005903649,-0.006774668,-0.013857782,-0.009749753,-0.036876954,-0.009400513,0.013969938,-0.004255971,-0.011574241,0.028109698,0.051989436,0.04632418,0.11758569
/home/multiclass_classification/zebra/train/n02391049_8951.jpg,2,0.002578867,-0.003335165,-0.010272322,-0.005819568,-0.002533024,-0.008261628,-0.003083823,0.003186022,-0.003994646,-0.017811619,-0.003977115,-0.015396157,-0.006940457,-0.000721764,-0.000787953,0.03299684,0.035262063,0.08644385
/home/multiclass_classification/zebra/train/image_66.jpeg,2,0.001767484,-0.004014914,-0.010372778,-0.007138955,0.003041226,-0.008258166,-0.005231372,-0.005584057,-0.010680363,-0.023105072,-0.005066046,0.008629178,-0.001301952,-0.006919794,0.033948094,0.046027772,0.042418163,0.11140646
/home/multiclass_classification/zebra/train/n02391049_4028.jpg,2,0.007535096,-0.002700429,-0.010513037,-0.009935826,0.001945493,0.012539898,0.002643394,0.002959623,-0.001183999,-0.009354981,-0.014334019,0.00335766,-0.002915955,-0.013610956,0.026006551,0.040398255,0.041537534,0.11645472
/home/multiclass_classification/zebra/train/n02391049_1992.jpg,2,0.000792901,-0.00076128,-0.003451003,-0.003746087,0.001892441,-0.009319501,0.000768533,0.00526191,-0.003709838,-0.021456998,0.000616283,0.010130846,-0.001552957,0.009192337,0.028659903,0.03825584,0.04677675,0.11947207
/home/multiclass_classification/zebra/train/image_173.jpeg,2,0.002130826,-0.003485485,-0.003551283,-0.009438625,-0.001059782,-0.007063168,-0.010812724,-0.005269219,-0.007390209,-0.02685757,-0.008877491,0.013669335,0.002799257,-0.01091033,0.035220295,0.04524882,0.041702192,0.1126596
/home/multiclass_classification/zebra/train/n02391049_444.jpg,2,-0.002792183,-0.002238517,-0.003719237,-0.007454009,-0.007137582,-0.0117498,-0.013050363,-0.002718023,-0.009256434,-0.03071076,-0.011495046,-0.008624749,-0.01016438,-0.013835535,0.031031098,0.04729313,0.046250537,0.11190307
/home/multiclass_classification/zebra/train/image_14.jpeg,2,0.003409301,-0.00299538,-0.007399856,-0.00514688,0.000347583,0.010048938,-0.005745177,0.00021341,-0.010368262,-0.032568343,-0.001921075,0.02314812,-0.003304345,-0.010217153,0.034663472,0.041965704,0.040927026,0.10812217
/home/multiclass_classification/zebra/train/image_68.jpeg,2,0.002165881,-0.007564767,-0.018639833,-0.011947342,-0.001174059,-0.004510009,-0.005921272,-0.002896289,-0.00913979,-0.03763132,-0.005648322,5.30E-05,-0.004896922,-0.005538181,0.020494113,0.045112688,0.047580384,0.11675963
/home/multiclass_classification/zebra/train/270.jpg,2,0.007265639,-0.007051488,-0.01775983,-0.009086096,-0.002852967,-6.51E-05,-0.009981633,-0.00939947,-0.00891291,-0.034372296,-0.001378912,0.009606882,-0.005096081,-0.022634512,0.030712925,0.03671505,0.039839327,0.102432705
/home/multiclass_classification/zebra/train/n02391049_163.jpg,2,0.003913236,-0.002201692,-0.010321089,-0.004664159,-0.000133838,-0.000329432,-0.007547748,-0.003331135,-0.000284084,-0.012651932,-0.008034681,0.014179694,-0.004487305,0.009897735,0.042272665,0.05293598,0.052093275,0.12395108
/home/multiclass_classification/zebra/train/iimage_23 (16).jpeg,2,0.001103115,0.000357699,0.001617275,0.002984299,0.006173957,0.006317365,-0.001897073,0.006552621,0.001984697,-0.000867502,0.02499763,0.022967318,-0.000775457,0.011493286,0.043068,0.06400575,0.0468154,0.11755044
/home/multiclass_classification/zebra/train/n02391049_4517.jpg,2,-0.000734118,0.000904548,-0.002468768,-0.000989102,0.001793427,0.009679936,-0.001694889,-0.002915693,-0.005779724,-0.019775761,0.012101594,0.014447708,0.002240315,0.023109544,0.049140885,0.0706353,0.054649428,0.11954045
/home/multiclass_classification/zebra/train/073.jpg,2,0.004260614,-0.00246465,-0.008529501,-0.008938167,-0.00061867,-0.002100714,-0.009374443,-0.005906741,-0.016318718,-0.03823874,-0.013282936,-0.004786998,-0.009742642,-0.015134456,0.014762934,0.025256518,0.043630183,0.1079319
/home/multiclass_classification/zebra/train/n02391049_362.jpg,2,0.000392806,-0.001578692,-0.005282865,0.002273701,0.000594141,-0.010680946,-0.011037589,-0.009679374,-0.00235644,-0.016922101,-0.010492515,0.021547705,0.00314876,0.015379794,0.07101893,0.06599234,0.057015635,0.13255373
/home/multiclass_classification/zebra/train/image_79.jpeg,2,0.004245279,-0.001416114,-0.004086558,-0.007515684,0.001242332,-0.009695029,-0.017243229,-0.009321397,-0.012586175,-0.048511527,-0.008612588,0.013335721,-0.004524929,-0.003703894,0.03686995,0.061631054,0.04154819,0.10523569
/home/multiclass_classification/zebra/train/n02391049_2989.jpg,2,0.002119676,0.000699681,0.000815153,-0.002651193,0.002620936,0.004464813,-0.001470906,-0.00775345,-0.010848642,-0.017137209,-0.009802706,0.006448683,-0.004763251,-0.002265025,0.037360236,0.04574412,0.04373529,0.10069068
/home/multiclass_classification/zebra/train/n02391049_2367.jpg,2,-0.000279599,-0.007853273,-0.016935965,-0.012021393,-0.002910448,-0.006829957,0.001021909,0.00413358,-0.003465472,-0.007739598,-0.001228315,-0.003133036,-0.007631397,-0.007919975,0.029108308,0.05315242,0.041008115,0.09912564
/home/multiclass_classification/zebra/train/image_86.jpeg,2,-0.002576027,0.002432947,0.003157873,-0.00412434,0.005858924,0.010000391,0.005116566,0.006056305,0.004423366,0.004941039,-0.001010894,0.016937457,0.002092593,0.014055226,0.058967616,0.04222662,0.056781143,0.13982642
/home/multiclass_classification/zebra/train/259.jpg,2,0.006019049,-0.000437082,-0.002763527,-0.003352545,-0.003207948,-0.0043962,-0.010975304,-0.005747668,-0.01236615,-0.03378833,-0.013580076,0.001296428,-0.00475155,-0.010354785,0.021670828,0.041539602,0.04399965,0.10728207
/home/multiclass_classification/zebra/train/n02391049_776.jpg,2,0.000917295,-0.002019071,-0.005511987,-0.005617671,-0.001739638,0.001118093,-0.005454998,0.000307454,-0.002940452,-0.024747383,-0.000341813,-0.003698698,-0.002090408,0.004631782,0.004007477,0.027039438,0.034658767,0.094840795
/home/multiclass_classification/zebra/train/n02391049_465.jpg,2,0.003493052,-0.004303168,-0.007962051,-0.006611126,0.002305324,-0.00778751,3.07E-05,0.002732258,-0.006826046,-0.021505378,-0.014020302,0.011493444,-0.000337432,-0.005002115,0.04518169,0.056576066,0.044515014,0.11138433
/home/multiclass_classification/zebra/train/n02391049_11063.jpg,2,0.004371387,0.003833151,0.00359437,0.000982423,-0.006491424,-0.009141298,-0.007497159,0.003803727,-0.002572871,-0.026775306,-0.00936578,-0.005668633,-0.003068389,-0.021848708,0.011594482,0.028728906,0.047222167,0.119966105
/home/multiclass_classification/zebra/train/n02391049_108.jpg,2,0.002203742,-0.000959966,-0.000715136,-0.003725248,0.0047183,0.008871207,-0.009972306,-0.003026989,-0.007120903,-0.040118035,-0.004823581,0.00593871,-0.010766958,-0.008530774,0.02265827,0.041666027,0.04418216,0.107890874
/home/multiclass_classification/zebra/train/n02391049_6564.jpg,2,-7.95E-05,0.001374229,0.004244878,0.002378116,0.002089897,0.00308361,-0.005163968,0.001796783,-0.002540062,-0.005598467,-0.002405483,0.01580586,-0.003010616,0.008443553,0.0536992,0.04266277,0.06066642,0.13252854
/home/multiclass_classification/zebra/train/n02391049_1509.jpg,2,0.002063997,0.000777005,0.002641411,0.000202156,0.000669274,-0.007795694,-0.015201798,-0.00579937,-0.010321638,-0.031414494,-0.010551098,0.004368577,-0.010809081,-0.013987463,0.026707035,0.04605082,0.042941175,0.103577465
/home/multiclass_classification/zebra/train/image_47.jpeg,2,0.003248883,-0.001760123,-0.00302226,-0.010195605,0.00013195,-0.005899792,-0.014424363,-0.007491024,-0.006885908,-0.025515074,-0.008253505,0.014996081,-0.008813899,-0.006933608,0.027609725,0.056047745,0.045009986,0.10838793
/home/multiclass_classification/zebra/train/image_130.jpeg,2,0.002166159,-0.001210343,-0.002026298,-0.001574853,0.005091985,0.003546973,-0.007042311,-0.002425022,-0.007282246,-0.020453332,-0.005764517,0.004367957,-0.004315011,0.006823592,0.048591033,0.045210958,0.04967752,0.12018867
/home/multiclass_classification/zebra/train/n02391049_2698.jpg,2,0.001516078,-0.002241468,-0.006647156,-0.008554345,0.001586017,0.004363512,-0.015099205,-0.003582555,-0.006545945,-0.019240947,-0.001584226,-0.000685296,-0.001453929,0.000838688,0.023068182,0.028287224,0.036943022,0.098953485
/home/multiclass_classification/zebra/train/n02391049_5637.jpg,2,0.001723633,-0.003859858,-0.007498732,-0.005282937,-0.00205623,-0.017654097,-0.020503476,-0.01332317,-0.013581263,-0.047493853,-0.01436801,0.001212469,-0.008949504,-0.004274461,0.01959579,0.042468846,0.044347055,0.10301175
/home/multiclass_classification/zebra/train/n02391049_7409.jpg,2,0.000878903,-0.003496282,-0.011724669,-0.00861577,0.007741101,0.015752284,-0.002231565,-0.000662228,-0.004038056,-0.0169874,-0.008628062,-0.010869138,-0.000418137,-0.002203085,0.006149418,0.032289296,0.033926412,0.095636405
/home/multiclass_classification/zebra/train/079.jpg,2,-0.000321937,-0.000549038,-0.000555788,-0.002407702,-0.003880701,-0.003906264,-0.004829913,0.001690886,-0.003116333,-0.001391085,-0.001678938,0.002920276,-0.000394871,0.015195048,0.02395914,0.04778085,0.050133288,0.11215873
/home/multiclass_classification/zebra/train/n02391049_4165.jpg,2,0.002469088,0.000263735,0.001806923,0.001267944,-0.002163687,-0.010293961,-0.013024176,-0.003267022,-0.00554195,-0.01854404,-0.008425876,0.012196787,-0.005123926,-0.004221408,0.038210697,0.047537215,0.053690106,0.12761363
/home/multiclass_classification/zebra/train/iimage_23 (5).jpeg,2,0.006982016,-0.002639318,-0.005743996,-0.001509438,-0.003302758,-0.005723957,-0.010799205,-0.006535297,-0.007498059,-0.025226079,-0.012594948,0.000966019,-0.008399511,-0.010410953,0.01406656,0.040591624,0.04227794,0.11569478
/home/multiclass_classification/zebra/train/n02391049_5501.jpg,2,0.006789142,-0.001965272,-0.010634737,-0.005187677,0.002888679,-0.003974367,-0.013612382,-0.002494114,-0.005261334,-0.03093652,-0.016336182,0.006481526,-0.003779192,0.0008027,0.023720473,0.050073415,0.04582202,0.10641563
/home/multiclass_classification/zebra/train/n02391049_71.jpg,2,0.000766618,0.003292974,0.007018488,7.34E-05,0.000779599,-0.011587615,-0.009600856,0.002741287,-0.004597193,-0.033070114,-0.004249616,0.000882853,-0.009882301,-0.007650141,0.018716795,0.041486308,0.048125908,0.11550141
/home/multiclass_classification/zebra/train/n02391049_7418.jpg,2,0.004094665,-0.000906984,-0.003675347,-0.004368056,-0.00500248,-0.01562986,-0.028856024,-0.011074273,-0.012663778,-0.037092842,-0.011234474,-0.000890644,0.000719993,0.004870602,0.03316577,0.04552737,0.04571484,0.10215059
/home/multiclass_classification/zebra/train/n02391049_4748.jpg,2,0.005451145,-0.004471911,-0.0033759,0.00174298,-0.004479807,-0.010771227,-0.021244721,-0.015984971,-0.012351224,-0.045035504,-0.006734687,0.004468777,-0.010512633,-0.014467236,0.024501894,0.049416758,0.036271445,0.09805648
/home/multiclass_classification/zebra/train/091.jpg,2,-0.000210407,-0.002491713,-0.004907329,-0.004117029,0.00399028,0.001220001,-0.006414684,-0.008552849,-0.010529844,-0.036502704,-0.002177625,0.007130313,-0.00615903,-0.003187559,0.020366084,0.029874252,0.046302013,0.1152378
/home/multiclass_classification/zebra/train/n02391049_8321.jpg,2,0.003459123,-4.93E-05,0.00095743,0.001209659,-0.003603467,-0.010434303,-0.011258254,-0.004806286,-0.006241562,-0.019441605,-0.008187483,0.014357751,-0.00999351,-0.021313354,0.040199526,0.036132697,0.041670952,0.112057604
/home/multiclass_classification/zebra/train/image_98.jpeg,2,0.000728007,-0.000638195,-0.000921171,0.00621393,0.005389213,0.006583932,-0.008244411,-0.005551329,-0.009647064,-0.026599195,-0.010623537,-0.004781153,0.004197519,0.007002471,0.01685987,0.03413263,0.04404452,0.10878067
/home/multiclass_classification/zebra/train/144.jpg,2,-0.001248626,-0.000617721,0.002549674,0.003027188,0.002174062,-0.007188423,-0.016449459,-0.004652125,-0.005459291,-0.039337903,-0.00664157,0.007784113,-0.008843732,-0.002760973,0.030193165,0.040904492,0.037487205,0.09908008
/home/multiclass_classification/zebra/train/n02391049_2366.jpg,2,0.00559112,-0.005578143,-0.006983858,-0.006293774,0.001892855,-0.007502815,-0.009658723,0.003340381,-0.007338362,-0.026441682,0.002158518,0.00107289,-0.000216555,0.003454019,0.016383503,0.036762685,0.039176557,0.10857396
/home/multiclass_classification/zebra/train/n02391049_1012.jpg,2,0.001212648,0.000503617,-0.001443575,0.003076489,0.00228064,0.010866566,-0.00129519,0.003346915,-0.002411713,-0.021306094,-0.006993831,-0.000582634,-0.005286802,-0.012137256,0.028333247,0.031213617,0.04287394,0.111343384
/home/multiclass_classification/zebra/train/106.jpg,2,-0.001051176,-0.00196791,-0.007750374,-0.005714012,0.002805244,0.011599051,0.005509646,0.006897427,-0.002018317,-0.014059904,0.002757737,0.002534753,-0.002337781,0.01129726,0.012765311,0.03790289,0.03234936,0.089062385
/home/multiclass_classification/zebra/train/n02391049_1442.jpg,2,-0.000805877,0.003229231,0.010177126,0.002735702,0.002644273,0.009531762,0.002837308,0.005121404,0.003199359,-0.007382281,-0.010869362,0.01567439,-0.003919379,-0.011921248,0.038122084,0.0520843,0.04259429,0.11760743
/home/multiclass_classification/zebra/train/n02391049_1067.jpg,2,0.00559353,-0.000447312,-0.003363164,-0.003579852,0.002654932,-0.005418185,-0.021350436,-0.013608202,-0.012469305,-0.0490776,-0.016906125,0.003729146,-0.003517111,-0.007548405,0.027478332,0.047837123,0.036966935,0.099705465
/home/multiclass_classification/zebra/train/n02391049_2579.jpg,2,0.001983734,-0.002427385,-0.002589992,-0.009532876,-0.005645223,-0.015760504,-0.006278263,0.004550273,-0.004608613,-0.027276682,-0.011513839,0.005491524,-0.005286349,0.000737902,0.040499285,0.034207195,0.039737407,0.11243449
/home/multiclass_classification/zebra/train/n02391049_1894.jpg,2,0.001626069,-0.003908739,-0.005655428,-0.010292467,0.001043538,-0.003920872,-0.011263449,0.000610092,-0.005213464,-0.020384505,-0.001897287,0.006095251,-0.003663299,-0.009028385,0.034150105,0.05383852,0.04987956,0.11334007
/home/multiclass_classification/zebra/train/n02391049_2645.jpg,2,0.002258176,-0.000871811,-0.003297508,-0.004133001,0.001096644,0.007260439,-0.003253888,-0.000419867,-0.00468223,-0.028430533,-0.000915409,0.01446376,-0.005535952,-0.013337384,0.031510476,0.03846459,0.04096926,0.102301985
/home/multiclass_classification/zebra/train/n02391049_8831.jpg,2,0.001934669,-0.002738387,-0.005856024,-0.008601454,0.002160734,0.009384951,0.001593485,-0.003471981,-0.003498053,-0.012451909,0.007008934,0.01638306,-0.000685913,0.003243047,0.042193584,0.047681242,0.041304898,0.110034406
/home/multiclass_classification/zebra/train/image_109.jpeg,2,0.00195724,-0.001975428,-0.008215608,-0.005840884,3.11E-05,-0.010079877,-0.011811558,-0.006959262,-0.014812154,-0.04139635,-0.010677159,0.010824602,-0.004305394,-0.007824367,0.028253783,0.04007087,0.045435086,0.11181705
/home/multiclass_classification/zebra/train/n02391049_2251.jpg,2,0.003990334,-0.002386856,-0.006463053,-0.004777255,-0.002722885,-0.009544135,-0.020630928,-0.009493895,-0.013070554,-0.033304565,-0.016606955,0.006722357,-0.007126732,-0.004908582,0.025444781,0.048753127,0.043278325,0.10679765
/home/multiclass_classification/zebra/train/n02391049_2806.jpg,2,-0.00326646,0.00452718,0.013315034,0.005901822,0.001070811,-0.003515216,0.006657613,0.000345459,0.007230599,0.007162257,0.026604028,0.03297193,0.017906768,0.04799221,0.06783753,0.06434547,0.057540547,0.11180286
/home/multiclass_classification/zebra/train/n02391049_10175.jpg,2,0.00340442,-0.004633642,-0.005815739,-0.011607247,-0.004003188,-0.0135874,-0.013324921,-0.006280949,-0.004749329,-0.025810627,-0.011711102,0.001973199,-0.002742381,0.001614274,0.010608487,0.030828606,0.037755743,0.09211336
/home/multiclass_classification/zebra/train/246.jpg,2,0.001721364,-0.002843674,-0.011585405,-0.00830028,-0.001988619,-0.007769221,-0.01031192,-0.009849236,-0.008201491,-0.030220732,-0.015631376,0.001723779,-0.00456363,-0.00972385,0.005271814,0.039699726,0.036819175,0.094579875
/home/multiclass_classification/zebra/train/097.jpg,2,0.002461981,-0.000113706,0.002801635,-0.00196107,0.000914655,-0.004992688,-0.015666805,-0.011356119,-0.006260254,-0.015977541,-0.002814824,-0.007103156,-0.001717317,-0.00568637,0.023821741,0.045090944,0.0491547,0.1158091
/home/multiclass_classification/zebra/train/n02391049_3071.jpg,2,0.004980694,-0.002057335,-0.005054629,-0.00097782,0.002165307,-0.012955973,-0.001836923,0.001624619,-0.002665991,-0.027366417,-0.005304458,0.003452727,-0.00700688,0.002765388,0.033920046,0.06764139,0.051133092,0.119887546
/home/multiclass_classification/zebra/train/n02391049_10682.jpg,2,0.000883686,-0.004526909,-0.006540046,-0.012342808,-0.001872024,-0.009192193,-0.006601634,0.001089584,-0.008953936,-0.027319267,-0.006627623,0.002572745,-0.009475239,-0.016238041,0.013161488,0.038276996,0.039395783,0.095407814
/home/multiclass_classification/zebra/train/335.jpg,2,0.004813014,-0.002865,-0.008193575,-0.00324792,0.0006638,0.005190558,-0.01930811,-0.014922269,-0.00396549,-0.023564855,-0.00483834,0.003495946,-0.0047974,-0.008412894,0.021139205,0.03412468,0.04716769,0.115011245
/home/multiclass_classification/zebra/train/n02391049_10966.jpg,2,0.005489738,-0.002032212,-0.005516089,-0.005988223,-0.000184357,-0.005322669,-0.012029801,-0.010048868,-0.008495912,-0.027142137,-0.002272015,0.010619774,0.002927539,0.002640263,0.038700312,0.04796675,0.051685333,0.123563536
/home/multiclass_classification/zebra/train/n02391049_2508.jpg,2,0.004619342,-0.004017251,-0.006009078,-0.00630166,-0.005621872,-0.015962485,-0.019647963,-0.006674728,-0.014226384,-0.0416943,-0.018341307,-0.007797855,-0.006431371,-0.012873107,0.018745676,0.04553906,0.04515297,0.106016934
/home/multiclass_classification/zebra/train/n02391049_3128.jpg,2,0.001224845,-0.003531442,-0.004953489,-0.007919718,0.004534718,0.001909787,3.01E-05,0.005589495,0.002987714,-0.008157341,0.002132499,0.020922914,0.000932362,-0.005019776,0.036465824,0.045058765,0.04806623,0.118513584
/home/multiclass_classification/zebra/train/117.jpg,2,0.004096531,-0.00148295,-0.006925734,-0.004721855,7.31E-06,0.007323489,0.000946092,0.000745246,0.000531583,-0.010857189,0.009072619,-0.009147603,-0.00621665,0.010314812,-0.001359284,0.015330575,0.029462462,0.09864622
/home/multiclass_classification/zebra/train/n02391049_2322.jpg,2,0.002639999,0.000752103,-0.002422696,-0.001457642,0.000329426,-0.000792028,-0.008271001,-0.001059909,-0.005694472,-0.00893506,0.005594225,0.032349072,0.003754403,0.030995939,0.05144636,0.052198723,0.057264384,0.14025319
/home/multiclass_classification/zebra/train/n02391049_10165.jpg,2,-0.001651498,-0.002415727,-0.002158881,0.002181997,0.00803215,0.020542959,0.005573112,-0.001470219,-0.005773189,-0.002668903,0.019236252,0.033136852,0.008214598,0.032836325,0.06087146,0.063972026,0.06074991,0.13094658
/home/multiclass_classification/zebra/train/266.jpg,2,0.003137675,-0.000541943,-0.005259185,-0.004235718,0.005216139,0.005164599,-0.006770753,-0.002718258,-0.007444761,-0.022168478,-0.002852455,0.013325186,-0.004083726,-0.001324861,0.03252343,0.035263024,0.03791364,0.11045896
/home/multiclass_classification/zebra/train/zebra (29).jpg,2,0.001307641,-0.005326117,-0.010902114,-0.003697373,-0.000146176,-0.011069547,-0.016825665,-0.002008203,-0.013280993,-0.036933884,-0.011569995,0.003712227,-0.007604396,-0.019530073,0.019087553,0.050056085,0.04691167,0.10375112
/home/multiclass_classification/zebra/train/n02391049_3292.jpg,2,0.003186999,-0.004451837,-0.005933533,-0.012285134,-0.003911843,-0.01124087,-0.01006387,0.000512608,-0.008462896,-0.02099382,-0.008851151,-0.000251201,-0.00361293,-0.011806533,0.013813356,0.03434886,0.042168885,0.10041015
/home/multiclass_classification/zebra/train/n02391049_396.jpg,2,0.00123223,-0.000649828,0.001358477,0.001433193,0.010433678,0.016351594,0.022561293,0.009208156,-0.005475689,-0.00249426,0.00353246,0.016203476,0.003420385,0.043179177,0.07185334,0.065454975,0.05229881,0.10851289
/home/multiclass_classification/zebra/train/191.jpg,2,0.005239633,-0.005526948,-0.010456422,-0.005569847,-3.43E-05,-0.002663248,-0.020628259,-0.010986424,-0.013591599,-0.048978996,-0.009556683,0.009743166,-0.0054203,-0.004076298,0.030305073,0.053332575,0.04399007,0.10544141
/home/multiclass_classification/zebra/train/n02391049_3654.jpg,2,-0.000470252,-0.004719546,-0.005855714,-0.008907644,-0.000346156,-0.011440891,-0.000789043,0.001544219,0.001409338,-0.011356107,0.006073267,0.012767974,-0.003832886,-0.015964791,0.03330244,0.03877,0.04551921,0.11560493
/home/multiclass_classification/zebra/train/084.jpg,2,-0.002387653,-0.006246143,-0.012875747,-0.01220437,-0.003676529,-0.004642095,0.000710027,0.002367147,-0.00416383,-0.020754892,0.001513066,0.003329445,-0.000842539,-0.005884796,0.023703266,0.036279194,0.038043123,0.105484426
/home/multiclass_classification/zebra/train/n02391049_686.jpg,2,0.002238639,-0.000415844,-0.001069132,0.002360745,0.002043612,-0.003405536,0.006810957,0.003800803,-0.001753504,-0.029561553,-0.005173366,0.003463778,-0.001864484,0.011081766,0.045777924,0.04865502,0.051932946,0.117909715
/home/multiclass_classification/zebra/train/343.jpg,2,-0.001379,-0.004293848,-0.007203192,-0.005214675,-0.002970649,-0.007944319,-0.014878209,-0.003162008,-0.003404364,-0.014101872,-0.013951492,0.00134523,-0.001215418,-0.000969349,0.005489914,0.03673671,0.04074649,0.09457465
/home/multiclass_classification/zebra/train/n02391049_3324.jpg,2,0.002999408,-0.000934436,-0.000696773,-0.002080305,0.000169292,0.003629155,-0.007494139,-0.005225813,-0.001699852,-0.010982381,0.005931778,0.005589271,-0.000682587,0.007369798,0.02720569,0.044325743,0.03410916,0.09289562
/home/multiclass_classification/zebra/train/n02391049_25.jpg,2,0.003401619,-0.002933776,-0.008486492,-0.001211253,-0.002862848,-0.012921117,-0.008480731,-0.004825755,-0.009721112,-0.031095931,0.003252874,0.014072942,0.00125542,-0.007542811,0.041401744,0.048628613,0.05091682,0.12642169
/home/multiclass_classification/zebra/train/n02391049_752.jpg,2,-0.001410209,-0.002857814,-0.005416754,-0.004629848,0.000590528,-0.004271895,-0.007162996,-0.001890074,-0.003394903,-0.016680444,-0.005033222,0.015093539,-0.00983576,-0.03252549,0.029020788,0.045700125,0.043129466,0.113261715
/home/multiclass_classification/zebra/train/n02391049_254.jpg,2,-0.003106356,-0.001519786,-0.009757569,-0.008875573,-0.002428017,-0.014992993,-0.011773821,-0.007037293,-0.006883272,-0.013475206,-0.011680495,-0.005408955,-0.003207964,-0.007993288,0.007027139,0.030450635,0.039487284,0.09035536
/home/multiclass_classification/zebra/train/n02391049_11.jpg,2,-0.003598065,0.001117038,0.004984277,-0.005604831,-0.006373705,-0.009309685,-0.011202276,-0.003285238,-0.003353369,-0.019456455,-0.007499168,0.004459114,0.003466441,0.000565598,0.007904865,0.023557428,0.04572548,0.089622706
/home/multiclass_classification/zebra/train/107.jpg,2,0.000365433,0.000300714,0.002700935,0.001009402,0.007695456,0.009633268,-0.008213623,-0.008000859,-0.012992566,-0.025086263,4.93E-05,0.014952516,-0.000580918,0.002561699,0.037378572,0.03978883,0.04882866,0.1154571
/home/multiclass_classification/zebra/train/n02391049_3081.jpg,2,0.003038993,-0.001384425,-0.009229387,-0.008667467,0.000721075,0.000949907,-0.00697825,-0.009886798,-0.014932279,-0.04955639,-0.008177454,-0.001505759,-0.004019423,-0.005341061,0.024498254,0.053927466,0.04538217,0.110192165
/home/multiclass_classification/zebra/train/n02391049_1184.jpg,2,0.002632246,0.000439707,0.00176171,0.002943789,0.001984647,5.19E-06,-0.008807249,-0.007066342,-0.008670393,-0.024390047,0.003655979,0.005088631,-0.004999336,-0.001490345,0.049379073,0.075002715,0.048280783,0.101514
/home/multiclass_classification/zebra/train/n02391049_4734.jpg,2,-0.003706079,-0.00698592,-0.011436018,-0.006297267,0.007417592,0.017195707,0.014402987,0.015229185,0.002291692,0.01097511,0.015703376,0.033113685,0.016296761,0.042510472,0.06494476,0.058170564,0.05559277,0.11564595
/home/multiclass_classification/zebra/train/n02391049_4677.jpg,2,0.000232599,-0.005667291,-0.010906708,-0.002737113,0.00149974,0.002463567,-0.003767078,-6.92E-05,-0.004142581,-0.014572238,-0.008172967,-0.003459763,-0.003095243,-0.011038821,0.004490766,0.028718157,0.042584587,0.09866112
/home/multiclass_classification/zebra/train/n02391049_1531.jpg,2,0.00088286,-0.001073994,-0.008834775,-0.00740507,-0.001485708,0.001510877,-0.00462178,0.001424071,-0.006303489,-0.018928701,0.003257514,0.002755076,-0.005831199,-0.014438613,0.0400638,0.04237084,0.043737195,0.119844094
/home/multiclass_classification/zebra/train/n02391049_506.jpg,2,-0.004688095,-0.007195982,-0.011803055,-0.010794256,0.00652187,0.013152774,0.006959516,-0.000342889,-0.005486865,-0.017176887,-0.018734891,0.000368247,-0.004819529,-0.003757413,0.023832824,0.03194403,0.040627614,0.10481785
/home/multiclass_classification/zebra/train/n02391049_847.jpg,2,-0.001229951,-0.003601631,-0.010288024,-0.005790779,-0.00106079,-0.004252497,-0.001286198,-0.002461036,-0.010872575,-0.009395875,-0.008141397,0.002540803,0.002392397,0.005390413,0.013627233,0.02710308,0.052228905,0.13506694
/home/multiclass_classification/zebra/train/n02391049_4569.jpg,2,0.002928441,-0.004559027,-0.007899573,-0.008450862,-0.000599149,-0.015864408,-0.011372566,-0.00447693,-0.004731288,-0.011877904,-0.001838792,0.009356452,0.000546299,0.004037526,0.030734317,0.047821414,0.04435961,0.11305694
/home/multiclass_classification/zebra/train/n02391049_6015.jpg,2,0.000453591,0.003516062,0.00428272,0.006287048,-0.001672789,-0.001818216,-0.011974815,-0.006441419,-0.004208007,-0.04441457,-0.008317804,0.015317588,0.001353877,-0.006386293,0.0392492,0.038958266,0.049019333,0.12558946
/home/multiclass_classification/zebra/train/n02391049_9309.jpg,2,-0.00105859,-0.003179479,-0.005048721,0.001694675,0.002338284,-0.000305449,-0.006522884,0.006612557,-0.00177762,-0.010100342,0.007472822,0.011570061,-0.001994351,0.00763653,0.037153196,0.04311818,0.057586882,0.1430968
/home/multiclass_classification/zebra/train/n02391049_976.jpg,2,-0.000905122,-0.002093215,-0.001722524,-0.004602644,0.00068779,0.00052783,-0.01444763,-0.007829346,-0.005593641,-0.017457167,0.00166771,0.013433604,-0.003584126,-0.001604234,0.039706245,0.048376773,0.047347438,0.11538755
/home/multiclass_classification/zebra/train/zebra (27).jpg,2,-0.001155807,-0.00227955,-0.006903185,-0.008215076,0.003410991,-0.002540276,0.00087871,0.008314889,-0.002697333,-0.004723319,0.001982129,0.015062661,-0.005125539,-0.003005547,0.025771081,0.04800365,0.04239604,0.10662428
/home/multiclass_classification/zebra/train/image_84.jpeg,2,0.006197903,-0.002598091,-0.003977426,-0.00554222,-0.003079578,-0.010100228,-0.01323748,-0.003442868,-0.008465923,-0.030751478,-0.017030435,0.003350176,-0.008918745,-0.023935784,0.03455364,0.043920238,0.04627398,0.110886455
/home/multiclass_classification/zebra/train/n02391049_1758.jpg,2,0.003051457,-0.002105016,-0.005520013,-0.003686706,9.60E-06,-0.007024951,-0.009391608,-0.008527644,-0.012688513,-0.04630761,-0.014696775,-0.001626425,-0.00793276,-0.004288405,0.031106532,0.04207873,0.044571955,0.09987736
/home/multiclass_classification/zebra/train/n02391049_543.jpg,2,0.002898087,-0.004004396,-0.010696465,-0.012697627,-0.001021322,-0.006964932,-0.004163333,-0.003099298,-0.002962194,-0.013452831,0.004874376,0.013852073,-0.005240747,-0.005392267,0.04378097,0.036844686,0.054488778,0.12424161
/home/multiclass_classification/zebra/train/n02391049_7074.jpg,2,0.000717748,-0.001784113,0.004723958,0.001626117,0.004500125,-0.000732792,-0.008077886,-0.007064904,-0.005010352,-0.021012511,-0.006704243,0.007875737,-0.007213463,0.006605303,0.04357395,0.052300435,0.045193076,0.10825301
/home/multiclass_classification/zebra/train/n02391049_6902.jpg,2,0.000550083,0.002608936,0.008103205,6.14E-05,0.004041062,0.010692015,-0.00339166,-0.003006207,-0.011090307,-0.030659758,-0.004430727,0.012477979,-0.002382888,0.004638484,0.0412179,0.062797755,0.054311134,0.116676435
/home/multiclass_classification/zebra/train/n02391049_5273.jpg,2,0.003128157,-0.00024656,-0.002862314,-0.001076284,0.002270299,-0.00575619,-0.000752539,-0.00496409,-0.000354281,0.009046106,0.007224392,0.022862196,0.006464279,0.026986053,0.056161482,0.07372898,0.04746518,0.106914885
/home/multiclass_classification/zebra/train/n02391049_9151.jpg,2,0.003013906,-0.002077306,-0.004652243,-0.007810286,-0.007639203,-0.017055288,-0.019257981,-0.008519341,-0.005475787,-0.026581481,0.005750069,0.017339561,-0.007184177,-0.002447811,0.02893181,0.05303224,0.03725581,0.09992914
/home/multiclass_classification/zebra/train/37aaaec2e6.jpg,2,-0.002489918,-0.003479984,0.003008458,-0.004772476,0.001235912,0.006315962,-0.005574045,-0.004113358,-0.010264167,-0.032750685,-0.008022184,0.000896672,-0.006186732,-0.006550899,0.019341845,0.03753401,0.047266252,0.11093908
/home/multiclass_classification/zebra/train/n02391049_527.jpg,2,7.64E-05,-0.002754382,-0.004906955,0.004159982,-0.001465622,-0.011570773,-0.006153889,-0.001314622,-0.000189064,-0.025479736,0.00411791,0.010902274,-0.008586322,-0.010348201,0.028867364,0.045129426,0.042168744,0.11023558
/home/multiclass_classification/zebra/train/n02391049_248.jpg,2,0.000581546,0.000324307,0.000928273,-0.005610846,-0.002056076,0.000418962,0.005032163,0.003235425,-0.005083005,-0.020586919,-0.01839014,-0.012281102,-0.007544569,-0.021754853,0.010674505,0.0338731,0.037821233,0.0946545
/home/multiclass_classification/zebra/train/n02391049_12.jpg,2,0.005287384,2.59E-05,0.002411461,0.004317169,0.008372017,0.014785342,0.002898394,0.007138272,0.004140203,0.000253495,0.006709064,0.026212143,-0.007808745,0.012216634,0.046736166,0.05526283,0.0565284,0.13952826
/home/multiclass_classification/zebra/train/n02391049_2407.jpg,2,0.00773308,-0.004475337,-0.008973467,-0.004479129,0.004189051,0.00143216,-0.002399919,-0.005143407,-0.005655835,-0.023960207,-0.006384489,0.014150194,-0.001793368,0.005507052,0.055124536,0.059482425,0.048721157,0.10920217
/home/multiclass_classification/zebra/train/n02391049_9922.jpg,2,-0.001949705,-0.000840788,-0.005589311,-0.007417688,-0.001163862,-0.009431572,-0.002144698,-0.000655114,-0.003063518,-0.012098042,-0.006812166,-0.003130442,-0.00580991,-0.011066115,0.014926681,0.032270007,0.044939823,0.10560356
/home/multiclass_classification/zebra/train/0642b33245.jpg,2,0.00116668,0.000126926,-0.002348199,0.000755591,-0.000297513,0.004871732,0.004543177,0.007582454,-0.001579187,-0.002833699,-0.011012569,0.006233809,-0.003879162,0.018563813,0.032234482,0.029183177,0.048693962,0.11156621
/home/multiclass_classification/zebra/train/n02391049_10452.jpg,2,0.003990274,-0.003847365,-0.009113235,-0.007013918,0.004805761,0.006946688,-0.001305992,-0.005856358,-0.007848994,-0.032995988,-0.002532754,-0.002236147,-0.009743448,-0.014456249,0.016073864,0.03242511,0.041567937,0.10690406
/home/multiclass_classification/zebra/train/n02391049_7494.jpg,2,-0.000905391,-0.001802219,0.002329222,-0.007026712,-0.000393691,0.003425378,-0.011423664,-0.010043457,-0.016965892,-0.054476455,-0.005276231,0.004238403,-0.007152151,-0.022660347,0.044435013,0.060459647,0.038963348,0.09292512
/home/multiclass_classification/zebra/train/n02391049_2693.jpg,2,0.001426128,-0.007455877,-0.012535081,-0.006697417,0.001605219,-0.003132667,-0.007433279,-0.005003516,-0.006360557,-0.036397982,-0.010684498,0.007809393,0.000407644,-0.010833127,0.023862407,0.04290984,0.04251445,0.11426064
/home/multiclass_classification/zebra/train/369.jpg,2,0.001024298,-0.00548773,-0.007887918,-0.007300774,-0.002829962,-0.014757381,-0.011414554,-0.002601165,-0.006321142,-0.038940623,-0.012490477,-0.004406909,-0.012182318,-0.011805953,0.019382242,0.044209138,0.046973392,0.116558686
/home/multiclass_classification/zebra/train/n02391049_789.jpg,2,-0.001416384,-0.001006758,0.002148855,-0.001116196,0.001319866,0.001520483,0.00182958,0.004655843,-0.001006457,-0.005482367,0.006957426,0.010440071,0.002977683,-0.007347365,0.032040842,0.00125987,0.044805802,0.11986819
/home/multiclass_classification/zebra/train/n02391049_1295.jpg,2,-0.004086018,-0.005165075,-0.008821494,-0.011186791,0.002076154,0.000212535,-0.011491025,0.000119337,-0.014605382,-0.028849805,-0.004223689,0.007003576,-0.005413986,-0.014951936,0.031182915,0.032266714,0.04244498,0.11428794
/home/multiclass_classification/zebra/train/081.jpg,2,0.004888126,-0.001829335,-0.006280429,-0.009024949,-0.002104894,-0.007981746,-0.012846347,-0.00515232,-0.010037635,-0.034458544,-0.01334499,-0.005964284,-0.009713882,-0.010064479,0.020681728,0.04054798,0.04348437,0.1114317
/home/multiclass_classification/zebra/train/zebra (9).jpg,2,0.002021467,-0.001372425,-0.000689841,0.000652405,0.000965528,0.001542911,-0.006329007,0.000127078,-0.002455265,-0.010921633,-0.001065358,0.011386607,-0.002668507,0.003880156,0.03754878,0.044134002,0.05389011,0.12907183
/home/multiclass_classification/zebra/train/n02391049_2534.jpg,2,0.00447456,-0.000802149,0.001011208,0.000517509,0.002505968,0.012204448,-0.004785381,-0.003401485,-0.001170658,-0.01767402,-0.005416231,0.016127413,-0.005445378,-0.014802205,0.02271544,0.029632917,0.04607887,0.111547366
/home/multiclass_classification/zebra/train/n02391049_3276.jpg,2,0.003248843,-0.001739198,-0.005798018,-0.00369545,0.004502824,0.003862838,-0.015431241,-0.005290072,-0.010192767,-0.027884625,-0.018662386,-4.28E-05,-0.006171154,0.002886493,0.021720633,0.049246266,0.045134857,0.11965226
/home/multiclass_classification/zebra/train/zebra (28).jpg,2,-0.001155807,-0.00227955,-0.006903185,-0.008215076,0.003410991,-0.002540276,0.00087871,0.008314889,-0.002697333,-0.004723319,0.001982129,0.015062661,-0.005125539,-0.003005547,0.025771081,0.04800365,0.04239604,0.10662428
/home/multiclass_classification/zebra/train/n02391049_4077.jpg,2,0.00671725,0.001201885,0.003423727,0.001723126,0.003579248,0.008499439,-0.013896182,-0.008266932,-0.008754196,-0.02150707,0.003765224,0.012769928,-0.003943209,-0.002658174,0.03134808,0.06060992,0.043558996,0.10935528
/home/multiclass_classification/zebra/train/n02391049_4775.jpg,2,-0.001218218,-0.003007201,-0.008706115,-0.002634992,-0.002117775,-0.00574696,-0.008685278,0.002605825,-0.005162608,-0.022377769,0.008410264,0.015091,-0.009569832,-0.005540677,0.04241229,0.045083236,0.051717922,0.1264363
/home/multiclass_classification/zebra/train/n02391049_3001.jpg,2,0.008002058,-0.001810794,-0.004576841,-0.004917937,0.004489355,0.006033012,-0.006967,-0.001245923,-0.004005872,-0.017137688,0.00244972,0.007407625,-0.005137973,0.001148995,0.03151802,0.044109967,0.044020817,0.11697264
/home/multiclass_classification/zebra/train/n02391049_79.jpg,2,-0.002020053,-0.001317253,-0.006939756,-0.009938,0.000423901,-0.006229599,-0.020291096,-0.010288818,-0.014821332,-0.051220544,-0.014929997,-0.004378128,-0.0114042,0.000137875,0.021435227,0.046332147,0.038181163,0.09264248
/home/multiclass_classification/zebra/train/n02391049_8488.jpg,2,-0.00020064,-0.002626662,-0.003318701,-0.002263803,0.004639752,-0.001373493,-0.00215759,0.000210261,-0.000255141,-0.003046967,0.013108655,0.03213859,0.003837266,0.020458637,0.06736596,0.05850479,0.047856417,0.09397724
/home/multiclass_classification/zebra/train/n02391049_8526.jpg,2,0.003806954,0.002219734,0.005127667,0.004092364,0.006240007,-0.002695615,-0.002570891,-0.001555701,-0.006603939,-0.022244189,0.0007053,-0.000787458,-0.0062695,0.002178455,0.028939597,0.05417362,0.056492254,0.13677958
/home/multiclass_classification/zebra/train/n02391049_2886.jpg,2,0.00378293,0.00059442,0.002239746,0.001762635,0.008093724,0.01032484,0.004745646,0.002157656,-0.001057184,0.007367933,0.002289229,0.01983494,-0.001824962,0.014624555,0.05572108,0.07241796,0.05352233,0.112477705
/home/multiclass_classification/zebra/train/n02391049_676.jpg,2,-0.002617711,-0.00346728,-0.002669165,-0.008196221,0.001893279,0.008183908,-0.013635444,-0.006360753,-0.004644993,-0.026645342,0.007002707,0.019011874,-0.00886252,-0.009396767,0.028435541,0.035497792,0.049389593,0.117891416
/home/multiclass_classification/zebra/train/n02391049_22.jpg,2,-0.000293005,-0.001696479,-0.000172261,-0.005406506,0.003988005,0.005089633,-0.009981761,-0.00906272,-0.011585862,-0.02796875,-0.006214109,-0.011540818,-0.006428698,-0.006792142,0.014990062,0.023020836,0.03879155,0.09781179
/home/multiclass_classification/zebra/train/234.jpg,2,-0.000689408,-0.006856114,-0.013704526,-0.012236125,-0.005430841,-0.008135339,-0.011249373,-0.006348382,-0.011073164,-0.031640448,-0.008704616,0.001906644,-0.007850412,-0.024991823,0.019662138,0.039589517,0.040572092,0.09686613
/home/multiclass_classification/zebra/train/n02391049_2749.jpg,2,0.007904263,-0.002741364,-0.005140462,-0.007277773,0.000811939,0.007604453,0.003474163,0.002293787,-0.009003911,-0.028576335,-0.006650205,0.013963219,0.002375617,0.011731554,0.04432485,0.0375734,0.045284826,0.10975326
/home/multiclass_classification/zebra/train/n02391049_5356.jpg,2,0.00431127,-0.003054933,-0.006866448,-0.013094144,-0.012097043,-0.024092562,-0.01261765,-0.008515397,-0.005660004,-0.030631341,-0.005364643,-0.015661784,-0.007872632,-0.019689623,0.010897297,0.037271146,0.039507665,0.107987545
/home/multiclass_classification/zebra/train/n02391049_9822.jpg,2,0.002640748,-0.002210117,-0.001235878,-0.003898249,0.004354863,0.003608725,-0.00286807,-0.002201285,-0.007430359,-0.022888336,0.001637485,0.020404909,-0.005515838,-0.022501593,0.03765954,0.0427304,0.040541276,0.11518615
/home/multiclass_classification/zebra/train/n02391049_6962.jpg,2,-0.000137123,-0.00106301,-0.00987866,-0.011352947,0.001336915,0.005532719,-0.007700695,-0.001528235,-0.008678509,-0.018819563,0.000970168,0.005503561,-0.008350257,-0.02547424,0.017118657,0.032500464,0.043985378,0.10474411
/home/multiclass_classification/zebra/train/n02391049_98.jpg,2,0.002764787,-0.003845281,-0.008067201,-0.001240268,0.000622078,0.00704545,6.95E-05,-0.001688385,-0.002876659,-0.009832072,0.008909218,0.015154929,-0.005813795,0.000147098,0.03557653,0.048526883,0.056584828,0.12578101
/home/multiclass_classification/zebra/train/n02391049_3402.jpg,2,0.000821273,-0.001102365,-0.002948577,-0.006454609,-0.001681667,0.000210868,0.010372057,0.007276301,-0.00021471,-0.001814634,0.014295059,0.025797416,0.002787551,0.027833601,0.071319066,0.06584982,0.051598288,0.11184001
/home/multiclass_classification/zebra/train/n02391049_3901.jpg,2,0.002432344,-0.004006041,-0.006332293,-0.005563057,0.002104205,0.004062689,-0.009147675,-0.004321353,-0.009133508,-0.026657986,-0.003544507,0.006026467,-0.004573467,-0.01650931,0.029207181,0.043079875,0.05103992,0.11823703
/home/multiclass_classification/zebra/train/n02391049_9487.jpg,2,-0.000663817,-0.002388806,-0.008386407,-0.004672013,-0.003025343,-0.014655979,-0.018123928,-0.011707853,-0.005794375,-0.034163535,-0.002304379,0.011911579,-0.005663401,0.011767108,0.03973061,0.05520816,0.052834686,0.13035476
/home/multiclass_classification/zebra/train/n02391049_8689.jpg,2,-0.001988585,-0.002132848,-0.000487957,-0.00063045,0.004935971,0.011180898,0.000478602,0.004176433,0.001136315,-0.001171523,0.014932693,0.023793342,0.004419547,0.003321452,0.049465686,0.044194885,0.056273855,0.121820316
/home/multiclass_classification/zebra/train/n02391049_2784.jpg,2,0.005026332,-0.00236896,-0.011730695,-0.012968577,-0.001189701,0.003115255,-0.00550058,-0.00490524,-0.008497647,-0.03446512,-0.005955915,0.003135252,-0.004560902,-0.006335485,0.031489223,0.058245223,0.047868565,0.114888854
/home/multiclass_classification/zebra/train/n02391049_3518.jpg,2,0.002440136,-0.004074643,-0.011818821,-0.00963477,0.000662073,0.001678824,-0.004039757,0.004713718,-0.000764849,0.000592269,0.009808518,-0.00124955,-0.006368111,0.000211,0.009776104,0.03548093,0.050927997,0.13447183
/home/multiclass_classification/zebra/train/n02391049_1908.jpg,2,-0.001524347,-0.004157427,-0.012009484,-0.009900498,-0.000316626,-0.012353926,-0.010485106,-0.002943844,-0.007266171,-0.00415849,-0.004912899,0.002938953,-0.001677939,-0.008711034,0.031560868,0.048894845,0.05219288,0.12431939
/home/multiclass_classification/zebra/train/n02391049_2825.jpg,2,-0.000199602,0.0003817,0.001051886,0.007715538,0.005494027,0.018332975,0.005246582,-0.005976416,-0.010348829,-0.027503021,0.000571542,0.025466682,0.00687807,0.027145542,0.06327769,0.059228513,0.055632696,0.113132626
/home/multiclass_classification/zebra/train/240.jpg,2,-0.000276049,-0.004147751,-0.008426995,-0.009409773,0.001636353,-0.001478661,-0.014464945,-0.01134117,-0.014353111,-0.038427286,-0.018217262,0.000200782,-0.011632834,-0.022135928,0.010488465,0.03867813,0.039002314,0.100144826
/home/multiclass_classification/zebra/train/n02391049_2136.jpg,2,-0.002508569,-0.001234903,-0.000647157,-0.007291854,-0.005946128,-0.011317419,-0.011912871,-0.004914406,-0.007991889,-0.035828356,-0.004322968,0.001584821,-0.004467023,-0.011064095,0.024662692,0.03190442,0.04343937,0.118643336
/home/multiclass_classification/zebra/train/n02391049_2627.jpg,2,0.004782482,-0.002486895,-0.002189013,-0.007067396,-0.002837853,-0.007118987,-0.007463713,-0.003123703,-0.009767549,-0.03265199,-0.009106493,-0.006859797,-0.0042055,-0.015427201,0.013315069,0.024353847,0.04329042,0.10420774
/home/multiclass_classification/zebra/train/159.jpg,2,0.004026329,0.000363352,0.001579539,-0.002172224,0.003993751,0.001258236,-0.01212256,-0.008034621,-0.005390712,-0.020130442,-0.001974358,0.005443884,-0.005470078,-0.014744971,0.03022708,0.050812222,0.039327502,0.0978056
/home/multiclass_classification/zebra/train/n02391049_7919.jpg,2,-0.00219679,0.001763364,0.004785934,-0.001566372,0.007252352,0.019691274,0.003957802,0.001347548,0.001043112,0.002962937,-0.000623013,0.004324289,-0.012883103,-0.02054657,0.019552452,0.05082254,0.04930339,0.12040559
/home/multiclass_classification/zebra/train/n02391049_3937.jpg,2,0.002027271,-0.003360089,-0.009998531,-0.006824794,0.001793533,0.003880699,-0.011951152,-0.003626706,-0.004722731,-0.04141815,0.003489364,0.009264231,-0.006717516,-0.010568398,0.027645104,0.03960953,0.046344347,0.119762465
/home/multiclass_classification/zebra/train/zebra (57).jpg,2,0.004959959,-0.003829314,-0.005640093,-0.005847132,-0.002347154,-0.013353686,-0.011501594,-0.007341921,-0.01355786,-0.04031105,-0.010795198,0.001169711,-0.000232902,-0.002846654,0.011966245,0.03587953,0.043655876,0.10157733
/home/multiclass_classification/zebra/train/361.jpg,2,-0.002947034,-0.002849302,-0.005386381,-0.003304305,1.49E-06,-0.00807521,-0.010653869,-0.01171875,-0.008544071,-0.040898934,-0.016539365,0.006608975,-0.00890442,0.000890428,0.02459335,0.032662056,0.04247004,0.1076594
/home/multiclass_classification/zebra/train/n02391049_2631.jpg,2,0.002101105,-0.006383327,-0.013639847,-0.012021381,0.001085994,0.000572898,-0.007672516,-0.001583184,-0.010288696,-0.03394983,-0.013981534,-0.001530072,-0.00789952,-0.009930643,0.035559688,0.0483373,0.04647869,0.11130103
/home/multiclass_classification/zebra/train/n02391049_2651.jpg,2,0.006642968,-0.001635634,-0.001356482,-0.005721659,0.000237314,-0.00963007,-0.004662166,-0.001578727,-0.008698164,-0.029083837,-0.009174338,-0.009951267,-0.006841427,-0.017858945,0.005686563,0.033476897,0.03962569,0.10546243
/home/multiclass_classification/zebra/train/0f6629e915.jpg,2,0.000519067,-0.001825593,-0.000711389,-0.002985689,-0.00315481,-0.003176721,-0.007045329,-0.007276251,-0.008938013,-0.023582224,-0.016368382,0.009688788,-0.001039344,0.011131598,0.034044422,0.048548713,0.04437698,0.10222348
/home/multiclass_classification/zebra/train/n02391049_10576.jpg,2,0.001692957,0.000133162,-0.006887353,-0.005449986,-0.001701337,-0.003533005,0.001130487,0.003068876,-0.00356517,-0.010140508,-0.018165307,-0.007336282,-0.01029963,-0.029552057,0.011402417,0.019842457,0.05061045,0.12670119
/home/multiclass_classification/zebra/train/n02391049_2466.jpg,2,0.003035449,-0.004507721,-0.00929477,-0.003926952,0.004964511,0.007614316,-0.004561069,-0.000674642,-0.008667443,-0.029148988,-0.010048736,-0.004018542,-0.010055205,-0.001783432,0.026462995,0.06014282,0.043154445,0.11221093
/home/multiclass_classification/zebra/train/n02391049_182.jpg,2,-0.001594373,-0.002345858,-0.00226228,-0.007920185,0.004791104,0.005625826,-0.007708537,0.002586185,-0.002914877,-0.011686554,-0.003691605,0.008928545,-0.003758586,-0.001242184,0.01881435,0.052462824,0.050182655,0.114411056
/home/multiclass_classification/zebra/train/14fa6cfe2b.jpg,2,0.002774128,-0.001992322,-0.000140566,-0.001120183,-0.002402946,-0.008443142,0.004720626,0.008534692,0.00521803,0.013649263,0.004195379,0.021622773,0.002950506,0.007898949,0.03294009,0.041143738,0.057882063,0.13557929
/home/multiclass_classification/zebra/train/n02391049_2571.jpg,2,-0.003773571,-0.003173458,-0.010603345,-0.003786504,-0.000385998,-0.009684761,-0.023649387,-0.007841663,-0.007635908,-0.040618796,-0.010873599,0.019009111,-0.004374519,-0.000896299,0.035840012,0.04248504,0.040085863,0.103002
/home/multiclass_classification/zebra/train/n02391049_2363.jpg,2,0.002883366,-0.001557382,-0.000158674,-0.001194831,0.004695071,0.005974346,0.003955275,0.003919363,-0.003324822,-0.005790289,0.002479823,0.028821027,-0.00113376,0.006780019,0.06756383,0.059853427,0.05441587,0.11822644
/home/multiclass_classification/zebra/train/n02391049_468.jpg,2,0.001814021,-0.003728085,-0.009627325,-0.0071652,-0.002813196,-0.011261867,-0.011121437,-0.010967854,-0.005735253,-0.025584336,-0.009763007,0.008523454,-0.004375762,-0.009712327,0.029070813,0.04332882,0.044059895,0.11518778
/home/multiclass_classification/zebra/train/085.jpg,2,0.000783365,-0.002853532,-0.001124081,-0.00716222,3.86E-05,-2.88E-05,0.001884743,0.002150938,0.000693609,-0.00233215,0.003137655,0.013760481,0.000181143,0.009731752,0.02556404,0.034935337,0.046002224,0.108719625
/home/multiclass_classification/zebra/train/zebra (49).jpg,2,-0.00160744,-0.001877146,0.001534352,-0.000838724,0.00010868,-0.00645021,-0.001381525,-0.000213434,0.00253151,-0.007815776,0.004191875,0.011496212,-0.007172613,-0.000247341,0.03605173,0.059744723,0.050042175,0.12220901
/home/multiclass_classification/zebra/train/n02391049_4745.jpg,2,0.001531951,-0.002510519,-0.010351274,-0.00389576,-0.002186906,-0.000761848,-0.004863349,-0.000534602,-0.010764628,-0.030568477,-0.017740088,-0.005911814,-0.008324782,-0.008436461,0.011413728,0.044734664,0.0401909,0.11019632
/home/multiclass_classification/zebra/train/n02391049_6163.jpg,2,-0.000792554,-0.002841005,-0.011253088,-0.003649798,0.001660239,0.00206342,-0.006084224,-0.006398311,-0.006403178,-0.028539103,-0.018739972,-0.010060318,-0.005016574,0.009336118,0.008608787,0.03109168,0.040300634,0.10037115
/home/multiclass_classification/zebra/train/n02391049_499.jpg,2,-0.002098608,-0.003565898,-0.006391019,-0.002093422,0.000599843,0.006836273,-0.000771853,0.010770742,0.005223442,0.003158987,0.004159338,0.03354448,0.00105592,0.012605555,0.059647836,0.05626374,0.060918503,0.13537228
/home/multiclass_classification/zebra/train/n02391049_5724.jpg,2,0.002438009,-0.001958486,-0.005967262,-0.007550024,0.002003667,-0.004021932,0.001416711,-0.000410441,-0.001546199,-0.004713535,-0.007589641,0.003319983,0.00035197,0.010425311,0.012240944,0.028155686,0.043927792,0.115028985
/home/multiclass_classification/zebra/train/n02391049_4576.jpg,2,-0.000894279,-0.004644805,-0.006395736,-0.005839449,0.00031251,-0.005274936,-0.000719277,0.001226609,-0.004379207,-0.020962331,-0.004108666,0.010435489,-0.004513254,-0.000391874,0.04228694,0.046629317,0.04995235,0.12344589
/home/multiclass_classification/zebra/train/image_183.jpeg,2,0.001394233,-0.004785317,-0.006296936,-0.005600154,0.002839422,0.013540222,0.006965454,0.006728963,-0.002630733,-0.008265253,0.007913362,0.03954213,-0.000185369,0.007765492,0.048574436,0.05018041,0.05565527,0.12720947
/home/multiclass_classification/zebra/train/n02391049_2381.jpg,2,0.001019161,-1.22E-05,-0.003930149,-0.007809815,-0.003830236,-0.000571743,-0.01665011,-0.009193229,-0.010752978,-0.028007852,-0.008601202,0.016983842,-0.00516255,-0.022398558,0.049907453,0.029858334,0.041633654,0.124028176
/home/multiclass_classification/zebra/train/image_142.jpeg,2,0.000504496,0.003441637,0.005953811,0.005959788,0.005492989,0.00493919,0.001219032,-0.006452327,-0.008910194,-0.029497046,-0.015107137,0.011552678,-0.00393561,0.006026149,0.048168503,0.068351895,0.054893885,0.11009363
/home/multiclass_classification/zebra/train/zebra (3).jpg,2,0.004150222,-0.004111863,-0.005464386,0.000329186,0.005588821,0.016977482,-0.000269373,-0.001177711,-0.000233541,-0.010475528,-0.000862547,0.013457164,-0.009741469,-0.018614415,0.017768987,0.039040953,0.040950954,0.12138521
/home/multiclass_classification/zebra/train/n02391049_2593.jpg,2,0.005601291,-0.003911994,-0.004193288,-0.003016335,0.000569776,-0.010480842,0.001319699,0.004841063,-0.002816744,-0.011361846,-0.000861722,-0.001111087,-0.0003317,-0.010899791,0.006033882,0.03203471,0.04117631,0.11119689
/home/multiclass_classification/zebra/train/image_87.jpeg,2,0.002126132,-0.00590949,-0.00792982,-0.001448397,0.003598794,0.004359377,-0.006321183,0.001576303,-0.004260449,-0.024221892,0.004492046,0.006144673,-0.004402829,-0.008068338,0.023437519,0.045319367,0.042942107,0.11192796
/home/multiclass_classification/zebra/train/n02391049_2333.jpg,2,0.001775467,-0.000983396,-0.012457995,-0.007888377,-0.001895995,-0.002539863,-0.001307346,0.006542814,-0.005559725,-0.014301977,0.005416547,0.004297786,-0.00598082,-0.000858755,0.02464132,0.037505295,0.041860454,0.10547106
/home/multiclass_classification/zebra/train/n02391049_2906.jpg,2,-0.000607955,-1.85E-05,0.001006716,-0.001763902,0.00060811,0.001382646,0.004957497,0.002466151,0.004700653,-0.00790753,0.008002945,0.025406353,0.006925212,0.015592913,0.060399473,0.048283104,0.05318153,0.1308888
/home/multiclass_classification/zebra/train/n02391049_6919.jpg,2,-0.00047549,-0.001530753,-0.000494903,-0.000213698,0.001549981,0.003265669,-0.007505524,-0.001592277,-0.003678823,-0.028242934,-0.005062617,0.019331414,-0.002510127,0.01076096,0.057884753,0.05681147,0.062161684,0.12677515
/home/multiclass_classification/zebra/train/n02391049_2838.jpg,2,0.001408186,0.001831578,0.003771859,0.005912862,0.0031661,0.004667793,-0.00623722,-0.00266963,-0.005741359,-0.019785125,-0.004640005,0.014935155,0.000306954,-2.38E-05,0.04244162,0.057218485,0.047786817,0.11354636
/home/multiclass_classification/zebra/train/n02391049_916.jpg,2,0.004867179,-0.002197643,0.002797915,-0.00305566,0.001900378,-0.000940492,-0.008437477,-0.004713898,-0.001149397,-0.015576868,0.002323811,0.017434403,0.00286001,0.01520425,0.033650585,0.0386192,0.047668822,0.11637972
/home/multiclass_classification/zebra/train/n02391049_415.jpg,2,-0.000212965,-0.003358765,-0.006546031,-0.003235729,-0.001631788,-0.00547021,-0.009585319,-0.005488703,-0.003103158,-0.03070739,-0.008182338,0.020984344,-0.001093058,0.001644767,0.051508486,0.0584416,0.045179404,0.11039384
/home/multiclass_classification/zebra/train/108.jpg,2,0.000418208,-0.003868081,-0.010238326,-0.007598848,0.002514974,0.003444881,2.55E-05,0.005613074,-0.000492506,-0.004696791,0.013917068,0.013316512,-0.003092618,-0.006482138,0.031096797,0.044546578,0.047453485,0.11520308
/home/multiclass_classification/zebra/train/n02391049_2665.jpg,2,0.002973757,-0.003731009,-0.014233606,-0.008067302,0.000984501,-0.003762801,-0.005574261,-0.001631348,-0.006304532,-0.021541534,-0.00457532,0.000876609,-0.006292941,-0.02444737,0.029092582,0.042480476,0.039133597,0.1099112
/home/multiclass_classification/zebra/train/n02391049_425.jpg,2,0.00273932,-0.00248728,-0.002476444,-0.001734398,-0.000345619,-0.002786524,0.003349561,-5.26E-05,-0.003798749,-0.017907878,-0.019311626,0.00433502,-0.003465062,-0.023849443,0.024558334,0.033137836,0.054843463,0.1313181
/home/multiclass_classification/zebra/train/n02391049_3043.jpg,2,-0.000780234,-0.005374327,-0.00893824,-0.001381013,0.001645113,-0.000149876,-0.004925661,0.003878613,-0.001036565,-0.001900143,0.013610443,0.034837764,0.000898988,0.017454436,0.054470666,0.059613615,0.06175936,0.14391784
/home/multiclass_classification/zebra/train/n02391049_1028.jpg,2,0.00028566,-0.00302679,-0.010929674,-0.004166005,-0.002237954,-0.008346684,-0.002903898,0.00560104,-0.006731056,-0.021252874,-0.010823161,-0.011346909,-0.003966249,-0.011617187,0.012599459,0.029326595,0.039103508,0.10504686
/home/multiclass_classification/zebra/train/n02391049_3509.jpg,2,0.001862448,-0.005660228,-0.011864292,-0.003341207,-0.001148738,0.000728751,-0.000197586,0.003936102,-0.004868806,-0.020507125,-6.48E-05,-0.006241404,0.008323032,0.004559791,-0.002581962,0.03368287,0.04073254,0.074940935
/home/multiclass_classification/zebra/train/167.jpg,2,-0.001295375,0.002214769,-0.004955944,-0.001884502,0.002708239,0.001590689,-0.012772651,-0.005563213,-0.007986903,-0.025319807,-0.005848762,0.001112328,0.000432459,0.002548113,0.022798287,0.041666478,0.04755591,0.11241417
/home/multiclass_classification/zebra/train/667edbff5d.jpg,2,0.003190732,-0.001254315,-0.008450463,-0.000706202,0.003689419,0.005284264,-0.002167416,-0.000605348,-0.004692827,-0.025300186,0.004181139,0.021684889,0.004222625,0.015081512,0.046104208,0.047864605,0.05735039,0.13786675
/home/multiclass_classification/zebra/train/n02391049_3257.jpg,2,0.002685521,-0.004886037,-0.010258412,-0.004970811,-0.003758734,-0.002748031,-0.020418279,-0.007182354,-0.007876588,-0.032367453,-0.010535495,0.006770995,0.000314216,-0.009791787,0.034121793,0.049694218,0.04406628,0.10204766
/home/multiclass_classification/zebra/train/111.jpg,2,0.001583799,-0.003088478,-0.002280439,-0.003422702,-0.000663081,-0.001001695,-0.008660612,-0.003055634,-0.006532983,-0.013559029,-0.001532837,-0.00052138,-0.011234419,-0.011171321,0.013829258,0.027089009,0.039394714,0.10237052
/home/multiclass_classification/zebra/train/163.jpg,2,0.003582774,-0.00478415,-0.006106639,-0.00494343,0.002122921,0.001866334,-0.007623388,-0.00327873,-0.010528983,-0.028365433,-0.017645543,0.010025928,-0.011180706,0.001685794,0.011956441,0.037364177,0.045862183,0.103438124
/home/multiclass_classification/zebra/train/371.jpg,2,0.001016541,-0.002092677,-0.0076553,-0.002636057,0.001520757,0.000542152,-0.006455584,-0.001156626,-0.00904514,-0.017392445,0.006988866,0.015210385,-0.003775502,-0.012245513,0.048546866,0.038032442,0.04264198,0.10671584
/home/multiclass_classification/zebra/train/image_94.jpeg,2,-0.002192414,-0.000709176,0.000436431,-0.001521888,-0.001094883,0.005154391,-0.00661931,-0.008043684,-0.004623101,-0.018531315,-0.014498668,0.02127178,0.008243052,0.022155333,0.0612508,0.045293108,0.05726227,0.117608905
/home/multiclass_classification/zebra/train/281.jpg,2,0.001224196,-0.004555001,-0.00576067,-0.006302016,0.002049175,0.01126731,-0.001438669,-0.006941124,-0.010943529,-0.04001725,-0.01381512,0.011115305,-0.007275212,-0.005263072,0.03893596,0.06109314,0.049678605,0.11121571
/home/multiclass_classification/zebra/train/n02391049_9918.jpg,2,0.008236644,-0.001004345,-0.005307261,-0.00196642,-0.001438533,-0.004232409,-0.011682929,-0.009402418,-0.012985349,-0.038634546,-0.01651929,0.002202308,-0.004986845,-0.001268353,0.015509578,0.04229878,0.043709207,0.09980197
/home/multiclass_classification/zebra/train/n02391049_1267.jpg,2,0.002183409,0.001297637,0.00291299,0.002975877,0.003725117,0.010880898,0.001227954,0.001289839,-0.004158765,-0.013615455,-0.004428318,0.023078276,0.000332497,0.008695883,0.0451064,0.048497774,0.0619043,0.15486272
/home/multiclass_classification/zebra/train/n02391049_192.jpg,2,0.000132278,0.000682649,0.003133062,-0.005334805,-0.000707373,-0.006928931,-0.006147717,-0.002549248,-0.008817255,-0.027907249,-0.008110217,0.000202397,-0.004420392,-0.000237935,0.033226162,0.05860738,0.047586728,0.106464885
/home/multiclass_classification/zebra/train/image_32.jpeg,2,0.000740815,0.00070612,-0.005781553,-0.001932518,0.000256734,-0.006368878,-0.01059996,0.001888312,-0.007345412,-0.01708768,0.007215901,0.021646148,0.000491147,-0.001390623,0.03645313,0.05682661,0.049686853,0.12122652
/home/multiclass_classification/zebra/train/n02391049_719.jpg,2,0.002584211,-0.005613605,-0.007979,-0.010044552,0.000518697,-0.001120351,-0.01002196,-0.001956805,-0.001028077,-0.015475665,0.000148971,0.011512462,-0.012416318,0.001740357,0.027092477,0.049757753,0.038122833,0.100271195
/home/multiclass_classification/zebra/train/n02391049_715.jpg,2,0.004833472,-0.00402334,-0.00688953,-0.006274452,0.002197633,0.008032922,0.002621655,0.004478221,-0.002348128,-0.007783718,-0.000295644,0.032851346,0.002473461,0.005166125,0.05249326,0.05397261,0.057467487,0.12112105
/home/multiclass_classification/zebra/train/n02391049_6935.jpg,2,2.48E-05,-0.002766701,-0.006647893,-0.007676953,-0.002784454,-0.012674581,-0.006168841,0.001865019,-0.006655615,-0.026369993,-0.002556411,0.013998546,-0.004481331,0.001418622,0.054185733,0.06296616,0.043397196,0.11005827
/home/multiclass_classification/zebra/train/349.jpg,2,0.002012279,-0.003801767,-0.010173721,-0.006802046,0.004794063,0.001767228,-0.006247155,-0.003991524,-0.006610694,-0.022682346,-0.005733049,-0.005950214,-0.005118734,0.004761239,0.025317058,0.047964282,0.04454994,0.109611765
/home/multiclass_classification/zebra/train/n02391049_1181.jpg,2,0.003379311,-0.003519731,-0.009195306,-0.005846621,0.000566915,-0.000267738,-0.001614338,0.004189797,-0.009940819,-0.026107363,0.001222244,0.006789031,-0.002505647,0.002564476,0.04255332,0.045037754,0.05399132,0.1280301
/home/multiclass_classification/zebra/train/n02391049_11166.jpg,2,-0.004021524,0.00190324,0.001155429,-0.002733611,0.00232616,0.003043676,0.005976399,0.011467587,0.001722162,-0.004168586,0.015863787,0.012207998,-0.000846781,0.012586481,0.036617085,0.042981543,0.058388285,0.12194248
/home/multiclass_classification/zebra/train/n02391049_936.jpg,2,0.000337747,-0.004729764,-0.012394697,-0.004765542,0.003893509,-0.001841441,-0.006188229,-0.008436933,-0.012645816,-0.031457394,-0.012083999,0.006532808,-0.010485627,-0.016948301,0.014022517,0.03247326,0.03919262,0.11131435
/home/multiclass_classification/zebra/train/n02391049_6026.jpg,2,-0.002689365,-0.001013477,-0.00523512,-0.004500713,0.001549781,-0.004136792,-0.00355073,-0.002452785,0.002778045,-0.002533257,0.016602628,0.02002672,-0.00226073,0.008731663,0.030035298,0.021597428,0.042697668,0.12310095
/home/multiclass_classification/zebra/train/iimage_23 (2).jpeg,2,0.002333469,-0.003269881,-0.003951103,-0.002378047,-0.001415654,-0.015371863,-0.014150372,-0.004488932,-0.010178623,-0.032371555,0.005844293,0.004180764,-0.007151343,-0.016738255,0.024172366,0.050520364,0.041354097,0.10552096
/home/multiclass_classification/zebra/train/n02391049_6922.jpg,2,-0.001057512,-0.001803236,-0.007010095,-0.004570862,0.002604729,-0.001073211,-0.001159029,0.002663518,-0.001562424,-0.009611692,0.002806706,0.023171766,-0.003383715,0.007839435,0.036406435,0.03276043,0.05211205,0.13224804
/home/multiclass_classification/zebra/train/n02391049_1147.jpg,2,0.003256767,-0.002093207,-0.002729877,-0.006339249,0.000961327,-0.003945412,-0.002791708,0.000788498,6.45E-05,-0.020376042,-0.003190273,0.00745308,-0.006525287,-0.018838905,0.03678256,0.04430246,0.044562556,0.11742091
/home/multiclass_classification/zebra/train/345.jpg,2,-0.002021027,-0.000648952,-0.003835751,-0.011533652,0.001855788,-0.002716708,-0.003320062,-0.000372689,-0.007744242,-0.026684398,-0.011417581,-0.0058564,-0.005563707,0.000222455,-0.006610286,0.037047833,0.034601334,0.09012058
/home/multiclass_classification/zebra/train/070.jpg,2,0.002113835,-0.00137118,-0.002525771,-0.000747875,0.000982054,-0.000845278,-0.016765742,-0.005686115,-0.013047016,-0.030496806,-9.41E-05,0.005577831,-0.001410082,0.002132483,0.03364878,0.053290088,0.04665331,0.118956715
/home/multiclass_classification/zebra/train/n02391049_538.jpg,2,0.004699354,-0.000673222,-0.000937884,-0.001228117,0.002647872,0.005748001,-0.007513505,-0.004325989,-0.00606362,-0.021585068,-0.001075777,0.00810587,-0.007451792,-0.014261664,0.03213625,0.033644237,0.036316037,0.10200469
/home/multiclass_classification/zebra/train/315.jpg,2,0.001511332,-0.000255754,-0.000101677,-0.007565587,-0.001820428,-0.004527917,-0.001680546,0.001629234,-0.002686296,-0.005256704,0.003671007,0.010181925,-0.001365485,-0.012228637,0.01729153,0.028482024,0.041214667,0.11952515
/home/multiclass_classification/zebra/train/zebra (11).jpg,2,0.003470029,-0.005545883,-0.004978279,-0.002513908,-0.001084273,-0.016423132,-0.006962281,-0.000244949,-0.006153446,-0.020780567,-0.013841782,-0.007292581,-0.004895645,-0.011560068,0.032213584,0.062212233,0.049898997,0.09941925
/home/multiclass_classification/zebra/train/n02391049_10429.jpg,2,0.005080275,0.000399274,0.000236521,0.00307797,0.003542478,0.007348409,0.001725607,0.012571515,0.003991343,0.014252328,0.004797476,0.01151008,-0.000169242,0.003218324,0.032588318,0.037065387,0.049457483,0.095988326
/home/multiclass_classification/zebra/train/7d35713fda.jpg,2,0.00178224,-0.002007794,-0.000515958,0.010325443,0.004820336,0.007411322,-0.004856992,-0.004768798,-0.007053794,-0.0302471,-0.009238868,0.021442402,0.000312215,-0.001827767,0.041290488,0.04748279,0.05305495,0.12708472
/home/multiclass_classification/zebra/train/n02391049_745.jpg,2,0.002420208,0.000688868,6.92E-05,-0.002126986,-0.000685536,0.001886776,0.007046995,0.004325073,0.00046479,0.004941143,0.000232389,0.019272657,-0.000215002,-0.005566494,0.032847177,0.04388594,0.04673591,0.10909979
/home/multiclass_classification/zebra/train/n02391049_944.jpg,2,0.002712104,-0.002760423,-0.003743556,-0.007224255,0.007139694,0.005063128,0.0024903,0.001390965,-0.005360072,-0.018717207,-0.00311392,0.002859208,-0.006622423,-0.008439418,0.030055655,0.03534949,0.04301554,0.115347564
/home/multiclass_classification/zebra/train/162.jpg,2,-5.53E-05,-0.00739758,-0.016372977,-0.01123707,-0.004956989,-0.000306075,-0.001597534,0.003594543,-0.008186886,-0.02452749,-0.010348967,0.001397387,-0.005922706,0.003461437,0.026243584,0.052619033,0.047697343,0.111198425
/home/multiclass_classification/zebra/train/image_51.jpeg,2,0.003668254,-0.001072575,-0.006896987,-0.011934852,0.002405984,-0.002068722,0.000800009,0.006415638,-0.001935517,-0.01038998,0.005410702,0.012821562,-0.002287756,-0.004470036,0.03252984,0.04740496,0.035933062,0.0990037
/home/multiclass_classification/zebra/train/n02391049_10356.jpg,2,-0.003257172,-0.00146465,-0.006899035,-0.005105262,0.002654932,0.010321492,0.000348429,-0.004779629,-0.008828224,-0.029558986,-0.010092311,-0.012974875,-0.007204883,-0.024535453,0.000233278,0.036162294,0.037654825,0.09588221
/home/multiclass_classification/zebra/train/n02391049_4069.jpg,2,-0.00716456,-0.001710554,-0.001676419,0.001429683,0.000351095,-0.004528678,-0.008840004,-0.003090215,-0.002823038,-0.011949066,-0.002920506,0.01764242,-0.001630207,-0.006615923,0.04134558,0.050451003,0.04739263,0.11340666
/home/multiclass_classification/zebra/train/n02391049_6804.jpg,2,0.002513317,-0.00323367,-0.006301277,-0.002877466,4.14E-05,0.000509868,-0.012406834,-0.006069714,-0.015785787,-0.053314373,-0.017181017,0.011674605,-0.005504463,-0.008901522,0.04112099,0.055976294,0.045133978,0.12127022
/home/multiclass_classification/zebra/train/n02391049_7205.jpg,2,-0.002075246,-0.004068154,-0.009690708,-0.008857608,-0.001210422,-0.009021599,0.003999898,-0.000363237,-0.00624411,-0.010537829,0.003787248,0.00647549,-0.003452133,-0.006299619,0.021221193,0.034899347,0.04507071,0.11051984
/home/multiclass_classification/zebra/train/n02391049_5618.jpg,2,0.002111563,-0.003439722,-0.007138945,-0.012105562,0.005751332,0.010770016,-0.010916328,-0.004455856,-0.010455444,-0.03440453,-0.007477571,-0.006522898,-0.012370786,-0.013748594,0.019687455,0.037918173,0.041616708,0.10669854
/home/multiclass_classification/zebra/train/n02391049_7038.jpg,2,-0.000877122,-0.001658226,-0.003331925,-0.002701877,-0.002232854,-0.005245128,-0.005119768,-0.003166775,-0.004702873,-0.017144864,-0.003960899,0.006723823,-0.010677641,-0.015293027,0.007243403,0.035995703,0.040699475,0.10174103
/home/multiclass_classification/zebra/train/n02391049_596.jpg,2,0.000631888,-0.000277093,-0.001048882,-0.001072677,-0.005431135,-0.013995543,-0.008019053,-0.004547456,-0.014308553,-0.03396086,-0.012169617,0.005405102,0.002023709,-0.00075728,0.028082408,0.06598647,0.04313327,0.0952031
/home/multiclass_classification/zebra/train/n02391049_8182.jpg,2,-0.00042788,-0.002083711,-0.009352178,-0.005428773,0.003572295,0.011866905,0.008693477,0.00574139,-0.005160674,-0.019470852,-0.004056911,0.002968557,-0.007288043,-0.003412811,0.018975977,0.041448638,0.04177613,0.1054979
/home/multiclass_classification/zebra/train/209.jpg,2,-0.004252933,-0.004287967,-0.003237795,-0.002961859,-0.002901037,-0.009572053,-0.010282074,-0.005841741,-0.0083251,-0.030610155,-0.012026689,0.000910759,-4.07E-06,-0.01689082,-0.004904024,0.045180082,0.035903804,0.09694198
/home/multiclass_classification/zebra/train/n02391049_2842.jpg,2,0.002440434,-0.004208026,-0.008658969,-0.012160398,-0.007714414,-0.02638269,-0.019390523,-0.010369914,-0.014347924,-0.04461853,0.000753464,-0.004571698,-0.004795841,-0.007499717,0.027153548,0.055600706,0.041571636,0.09809488
/home/multiclass_classification/zebra/train/258.jpg,2,-0.000842836,-0.000519009,-0.0018167,-0.006126033,-0.001186452,-0.001424269,0.001742013,-0.001548683,0.002095412,-0.008587772,-0.003889013,0.008271951,0.005331854,-0.000486889,0.034793086,0.058728598,0.046835367,0.11946123
/home/multiclass_classification/zebra/train/n02391049_556.jpg,2,0.00061096,-0.000734183,-0.00134714,-0.008454103,-0.001014703,-0.003850839,-0.005496522,-0.005862682,-0.009923594,-0.030969467,-0.00744659,0.008637082,-0.011475737,-0.02657794,0.024184592,0.041357484,0.04283379,0.109519675
/home/multiclass_classification/zebra/train/n02391049_2794.jpg,2,0.004621923,-0.004469729,-0.006406209,-0.009215806,0.002895959,0.002851083,0.001069284,0.004362407,0.001427899,-0.017228646,-0.005102207,0.01408864,-0.005052771,-0.004548568,0.031564917,0.04113617,0.049597345,0.11014827
/home/multiclass_classification/zebra/train/n02391049_7972.jpg,2,-0.000484637,-0.004232024,-0.014253698,-0.015095057,0.000735657,-0.002668705,0.000180311,0.00722402,-0.004643252,-0.017963506,-0.006860749,0.007113618,0.00088949,0.003704331,0.01124383,0.025686992,0.0352189,0.09788133
/home/multiclass_classification/zebra/train/364.jpg,2,-0.000483231,-0.002393454,-6.34E-05,-0.000169869,-0.000664796,-0.00426904,-0.011136051,-0.003711724,-0.00644762,-0.019340554,0.002426613,0.009038401,-0.00908372,-0.013887475,0.019198714,0.046547562,0.045120053,0.103521496
/home/multiclass_classification/zebra/train/265.jpg,2,0.001109672,-0.001815535,-0.005178723,-0.005051646,-0.002333513,-0.012916388,-0.013183735,-0.008695032,-0.016695943,-0.047993436,-0.015256357,0.010487915,-0.004436847,-0.007019605,0.03310191,0.046592653,0.046966173,0.11039471
/home/multiclass_classification/zebra/train/238.jpg,2,0.004804734,-0.00720421,-0.02253417,-0.012245354,-0.001516131,-0.000213019,-0.008923673,0.000145367,-0.008706726,-0.030738566,-0.004760784,0.000410653,-0.014550729,-0.016315792,0.018194016,0.043572694,0.04430214,0.11341367
/home/multiclass_classification/zebra/train/n02391049_2131.jpg,2,0.002503227,-0.003072943,-0.008950365,-0.00478108,0.005846437,0.008523404,9.03E-05,0.002681308,-0.009338751,-0.0324743,-0.013959754,0.002463823,-0.000459954,-0.004532098,0.028622404,0.0491838,0.044412505,0.10925904
/home/multiclass_classification/zebra/train/n02391049_2201.jpg,2,-0.001698585,-0.004041186,-0.003068357,-0.005607212,0.002154693,-0.006216874,-0.007353241,-0.00755777,-0.009856882,-0.036952846,-0.002266617,0.006906033,-0.005073694,-0.006345238,0.038742952,0.047323905,0.04477109,0.11154912
/home/multiclass_classification/zebra/train/n02391049_544.jpg,2,-0.005710557,0.000925002,-7.06E-05,-0.002107415,0.001201617,0.000374079,-0.005942972,-0.006723116,-0.010982024,-0.03876496,-0.009908482,0.00445976,0.002269045,0.005714891,0.01659239,0.046680745,0.04762517,0.116795845
/home/multiclass_classification/zebra/train/n02391049_3465.jpg,2,-0.000455708,-0.003948695,-0.008613054,-0.010106934,-0.000909618,-0.003821475,0.001171785,-0.000970791,-0.010986878,-0.018753625,-0.007605929,-0.009258119,-0.004870833,-0.004032519,0.009205516,0.033292003,0.040535834,0.1095504
/home/multiclass_classification/zebra/train/299.jpg,2,0.004109386,-0.001500237,-0.005992679,-0.004921932,0.001980638,-0.000770038,-0.011852947,-0.010372795,-0.007124146,-0.029258868,-0.013217752,0.00412421,-0.004161963,0.010811642,0.021564698,0.060165778,0.046866328,0.11786186
/home/multiclass_classification/zebra/train/n02391049_4185.jpg,2,-0.002021879,-0.002830016,-0.008906028,-0.009820453,0.00463025,0.008007524,-0.000214258,0.00487354,-0.003289675,-0.004389796,-0.003985647,-0.003325046,0.002316903,0.01811787,0.01306301,0.031629052,0.027828801,0.07813813
/home/multiclass_classification/zebra/train/n02391049_926.jpg,2,0.005081276,-0.000175801,5.14E-05,-0.004210721,0.000151267,-0.002836668,-0.009781525,-0.002103502,-0.011217559,-0.032666054,-0.009300329,0.001506781,-0.008296297,-0.022863764,0.016297229,0.029224675,0.043587163,0.109181926
/home/multiclass_classification/zebra/train/n02391049_10948.jpg,2,0.000326932,0.00134109,0.005454193,0.001798055,-0.004700996,-0.005901851,-0.019729419,-0.007343833,-0.013478617,-0.0375705,-0.003338956,0.005132021,-0.012275126,-0.014925262,0.03135964,0.03511718,0.05033429,0.12239046
/home/multiclass_classification/zebra/train/123.jpg,2,0.009213975,-0.004710017,-0.010805924,-0.005182349,0.001600107,0.005782122,-0.015122614,-0.009962812,-0.013483985,-0.045069475,-0.006819868,0.016573377,-0.00175679,0.006326307,0.03191229,0.049726196,0.043834887,0.10323125
/home/multiclass_classification/zebra/train/n02391049_2507.jpg,2,0.003048087,-0.00835691,-0.01977325,-0.006247717,0.001595056,-0.005218585,-0.011307398,-0.004200187,-0.008270953,-0.036139797,0.002553405,-0.001081441,-0.003830301,-0.010103935,0.003036507,0.041429758,0.035279352,0.09508245
/home/multiclass_classification/zebra/train/image_171.jpeg,2,0.002792051,-0.004562947,-0.003680819,8.08E-05,-0.001127602,0.007397449,0.003631944,0.002389456,-0.000135754,-0.008772828,0.00902518,0.027354088,0.002966898,0.020647977,0.060678203,0.060326032,0.06189161,0.14395764
/home/multiclass_classification/zebra/train/zebra (60).jpg,2,-0.001089172,3.91E-05,-0.002112668,0.001950659,0.006468336,0.01205699,0.003010878,0.002689667,0.003344883,0.000682668,0.005518322,0.018081112,0.001073697,0.018520068,0.03358681,0.0375403,0.05562047,0.13344294
/home/multiclass_classification/zebra/train/215.jpg,2,-0.00190149,6.80E-06,0.005506532,-0.000880892,-0.000991221,-0.014529232,-0.02495528,-0.020051207,-0.007829555,-0.032440297,-0.0143969,-0.004212349,-0.007903133,-0.014504902,0.020587312,0.042517684,0.04232596,0.105643265
/home/multiclass_classification/zebra/train/n02391049_2043.jpg,2,-7.35E-05,-0.00225079,0.00051371,-0.002336392,0.000690879,0.002525286,-0.006906016,-0.005504889,-0.008959472,-0.035587046,-0.011743009,0.002992809,-0.005811338,0.006635669,0.028739616,0.04973067,0.04201971,0.1019349
/home/multiclass_classification/zebra/train/n02391049_1928.jpg,2,0.002088449,-0.001794734,-0.011106824,-0.001836919,0.001230668,-0.00191931,0.001190453,0.004416905,0.005060584,0.002946283,0.017389381,0.02000511,-0.000687377,0.004616129,0.042624205,0.049721155,0.048536792,0.1121929
/home/multiclass_classification/zebra/train/n02391049_2386.jpg,2,0.00362021,0.000158591,-0.008367542,-0.008001526,-0.00253512,-0.010128517,-0.016656335,-0.000481639,-0.010092063,-0.030138904,-0.00899519,0.00874553,-0.003183558,0.009980948,0.043447733,0.047248915,0.047537845,0.12097573
/home/multiclass_classification/zebra/train/image_125.jpeg,2,-4.09E-05,0.001586734,0.004524063,0.004274144,0.000465537,-0.006472553,-0.021565871,-0.015483151,-0.008000862,-0.026054647,-0.004472918,0.008274577,-0.001488594,-0.007477145,0.04675019,0.06960171,0.049600452,0.11477362
/home/multiclass_classification/zebra/train/n02391049_377.jpg,2,0.001703079,0.003034481,0.005608181,-0.00068573,0.005056921,0.01239918,0.005901533,-0.001515464,0.002865887,0.007924893,0.003536801,0.013314765,0.001614329,0.024156947,0.041357007,0.060820412,0.04034043,0.08971295
/home/multiclass_classification/zebra/train/n02391049_1738.jpg,2,0.005319369,-0.002537113,-0.00128144,0.001003365,-0.00071619,-0.016612364,-0.012493037,-0.003755802,-0.011847043,-0.026660474,-0.003286897,0.007022832,-0.004129065,-0.010762007,0.030257555,0.031892166,0.039263822,0.105148375
/home/multiclass_classification/zebra/train/n02391049_6947.jpg,2,-6.35E-05,-0.000410457,-0.000914786,-0.00319157,0.003087514,-0.004001855,-0.009193762,-0.001594974,-0.006961566,-0.038302377,-0.010154173,0.000228087,-0.01057738,-0.018060202,0.018518265,0.038055833,0.04686795,0.11090101
/home/multiclass_classification/zebra/train/n02391049_7306.jpg,2,0.002393842,0.002631431,0.00182931,0.001786946,0.002928915,0.004884206,-0.001286828,-0.008489348,-0.009246016,-0.034748,-0.004810259,0.005477891,-0.000754563,-0.009232186,0.021884695,0.046698906,0.045165986,0.113943934
/home/multiclass_classification/zebra/train/zebra (24).jpg,2,0.003438581,-0.004337295,-0.01351397,-0.006485964,-0.000595459,-0.016503913,-0.011557573,0.001875425,-0.010629673,-0.036323566,0.0025731,0.005696765,-0.005583699,-0.006014682,0.017662734,0.033314712,0.046763465,0.1143332
/home/multiclass_classification/zebra/train/08e88cb0eb.jpg,2,0.009558909,-0.002774691,-0.003597329,-0.003305895,-0.002043512,-0.006264039,-0.005091969,-0.002499771,-0.010714972,-0.042291544,-0.014606454,-0.004132011,-0.013539881,-0.023925824,0.014109486,0.03565274,0.031692266,0.06910775
/home/multiclass_classification/zebra/train/n02391049_921.jpg,2,0.001415827,0.002387186,0.005279098,-0.002235055,-0.00308951,-0.012154412,-0.015934657,-0.009314207,-0.00416626,-0.02640604,0.000310911,0.001834349,-0.004466126,-0.016689114,0.020735139,0.04597064,0.03418203,0.086514056
/home/multiclass_classification/zebra/train/image_30.jpeg,2,6.29E-05,-0.004138731,-0.00519299,-0.00533404,-0.000367755,0.002616294,0.001480972,-0.002579412,-0.006983034,-0.02377987,0.000514971,0.012054695,-0.011119485,-0.010203406,0.022037616,0.04443763,0.052029848,0.12350367
/home/multiclass_classification/zebra/train/zebra (42).jpg,2,0.002550939,0.000438639,-0.005698629,-0.004939333,0.004239003,0.005766436,-0.00660692,-0.000106296,-0.008061958,-0.017370306,-0.010694831,0.002777409,-0.005380509,-0.019873742,0.036766835,0.034461252,0.046990685,0.11425951
/home/multiclass_classification/zebra/train/n02391049_5366.jpg,2,0.002997794,0.000222873,0.00113586,-0.004959121,-0.007357549,-0.022836737,-0.009497954,-0.003506717,-0.004611313,-0.023723114,-0.013690107,-0.005858479,-0.009074931,-0.008390835,0.02515528,0.049981024,0.05012111,0.112658605
/home/multiclass_classification/zebra/train/n02391049_3328.jpg,2,0.005670099,0.001924035,0.00108927,0.000567021,-0.002607114,-0.009705447,-0.011109761,-0.009830145,-0.004708754,-0.031601172,-0.007758869,-0.000370881,-0.00296902,0.003843054,0.028678091,0.04481173,0.04360645,0.11461758
/home/multiclass_classification/zebra/train/060.jpg,2,0.003036817,-0.004620508,-0.011289008,-0.000267198,0.000477704,0.002153129,-0.006218839,-0.002381602,-0.008562936,-0.030938406,-0.008067491,0.008919214,-0.008181964,-0.020309037,0.026582927,0.04489258,0.04604562,0.121219315
/home/multiclass_classification/zebra/train/357.jpg,2,-0.001218545,-0.002482608,-0.006869065,-0.011029871,-0.004382487,-0.010470121,-0.004964947,-0.003204177,-0.010712882,-0.030914832,-0.012318756,0.001228681,-0.005777963,3.64E-05,0.018796429,0.05297792,0.043123595,0.102811664
/home/multiclass_classification/zebra/train/072.jpg,2,0.003968927,-0.003407952,-0.009157056,-0.002496593,-0.000201185,-0.008416341,-0.012980618,-0.002513822,-0.003963798,-0.029680861,0.003278523,0.018850535,-0.003850957,-0.007797064,0.042156532,0.061182205,0.04975766,0.114086755
/home/multiclass_classification/zebra/train/n02391049_1479.jpg,2,0.003469209,-0.003218923,-0.009067516,-0.010084874,0.003648589,0.005006739,-0.006671809,0.004511498,-0.003416066,-0.01679373,-0.000434326,0.010757316,-0.009127262,-0.017867194,0.03174767,0.05183228,0.048653863,0.12246814
/home/multiclass_classification/zebra/train/n02391049_4903.jpg,2,-0.000915339,-0.002998369,-0.007845022,-0.000810319,-0.00035964,-0.005911586,-0.003969946,0.001347126,-0.005833499,-0.020672254,-0.004895811,-0.002555487,-0.008112663,-0.004677801,0.013009036,0.055321038,0.041394085,0.10096023
/home/multiclass_classification/zebra/train/331.jpg,2,-0.000678651,-0.00248417,-0.004626285,-0.00884445,9.93E-05,0.000288815,-0.003075833,0.000786852,-0.003614859,-0.021304369,-0.004596167,0.00168814,-0.00029353,-0.001839074,0.029753566,0.029902903,0.05586492,0.14169729
/home/multiclass_classification/zebra/train/n02391049_2895.jpg,2,0.000248253,0.001717297,-0.000440226,0.000204951,0.000747858,-0.001849221,-0.010656832,-0.010043168,-0.002960505,-0.026750948,-0.011225379,0.012384043,0.002780992,-0.006045031,0.043913543,0.0380786,0.043340407,0.11068433
/home/multiclass_classification/zebra/train/n02391049_85.jpg,2,0.00389143,-0.001346985,-0.002178367,0.0033999,0.00561394,0.006886658,-0.005619267,-0.006097304,-0.009921129,-0.016615355,-0.009859841,0.010107727,0.000994707,-0.003376731,0.030895444,0.056452427,0.046648026,0.101123236
/home/multiclass_classification/zebra/train/n02391049_275.jpg,2,0.00342623,-0.00262398,-0.010470795,-0.007472794,-0.003963295,-0.018045038,-0.02151493,-0.008342491,-0.017865505,-0.048611626,-0.017045118,-0.000490866,-0.001054134,0.006256175,0.012872495,0.050548315,0.043728884,0.10190494
/home/multiclass_classification/zebra/train/n02391049_2818.jpg,2,0.000421886,-0.004909311,-0.000290477,-0.003456443,-0.001018346,-0.013338214,-0.00869033,-0.00010848,-0.003444434,-0.027031308,-0.006771269,0.004295321,-0.004758589,0.014649828,0.024622727,0.046808317,0.04854839,0.1148335
/home/multiclass_classification/zebra/train/n02391049_3173.jpg,2,0.001223462,-0.002915206,-0.001328823,-0.001442613,0.001346388,0.004359063,-0.006356167,-0.00406477,-0.009896888,-0.03245701,-0.001598086,0.00188938,-0.006065011,-0.017040163,0.025082542,0.05172269,0.04428447,0.104686975
/home/multiclass_classification/zebra/train/n02391049_9365.jpg,2,-0.000229849,-0.001574135,0.001442975,0.00078739,0.003446266,0.000890489,-0.001094384,4.62E-05,-0.004118552,-0.015905544,-0.010974963,0.02252528,-0.001933549,0.000324672,0.036924113,0.038526576,0.05369071,0.14188486
/home/multiclass_classification/zebra/train/n02391049_6184.jpg,2,-0.00215912,-0.001984462,-0.004924672,-0.00955011,0.002010913,0.000663846,0.000636308,-0.001158482,-0.006721539,-0.02049645,-0.01168679,-0.003348518,-0.008714248,-0.004534479,0.029988237,0.036525417,0.03902848,0.099769145
/home/multiclass_classification/zebra/train/n02391049_3202.jpg,2,-0.004018928,-0.00256715,-0.007297433,-0.008395901,-0.004975161,-0.017496843,-0.005756026,-0.004246119,-0.008034151,-0.02138496,-0.001795091,0.000188238,-0.00522334,-0.014131365,0.01625393,0.027010672,0.056093656,0.1324027
/home/multiclass_classification/zebra/train/169.jpg,2,0.000276887,0.001105211,0.000112065,-0.002739724,0.000216675,-0.007128115,-0.022595262,-0.011335935,-0.012276505,-0.04745445,-0.00701176,0.008250466,0.00353349,-0.00512366,0.034403075,0.043327443,0.041190997,0.11737018
/home/multiclass_classification/zebra/train/n02391049_9987.jpg,2,0.001046939,0.002325333,0.005586311,0.004235431,0.011045069,0.016254328,0.011559037,0.002438496,-0.004919503,-0.012297815,-0.017958878,0.013832536,0.001457712,0.022465754,0.05121353,0.04835665,0.060018104,0.13690743
/home/multiclass_classification/zebra/train/n02391049_565.jpg,2,0.006729929,-0.000246608,0.000318465,0.004754908,0.006879589,0.008382557,0.004926853,-0.002437148,-0.004782647,-0.025747651,-0.006244174,0.010437445,-0.001439938,-0.004458644,0.037162036,0.03480585,0.04081253,0.10981506
/home/multiclass_classification/zebra/train/n02391049_787.jpg,2,-0.001022398,-0.003163324,-0.000896094,-0.00185222,-0.000317887,-0.00339993,-0.00987334,-0.007565253,-0.006298581,-0.030416224,-0.015399969,0.010476418,-0.002263878,0.005166451,0.05410165,0.04191489,0.052838974,0.12643161
/home/multiclass_classification/zebra/train/n02391049_6245.jpg,2,0.003702023,0.001159982,-0.000613134,-0.000807301,0.001505477,0.010066641,-0.016526802,-0.007986839,-0.015169784,-0.034424264,-0.012704356,0.004516057,-0.008183233,-0.012390452,0.03207601,0.04446981,0.04757239,0.1268664
/home/multiclass_classification/zebra/train/217.jpg,2,0.004629834,-0.003025054,-0.002507747,-0.003918978,0.002578019,0.004571105,-0.001728151,-0.0015804,0.000177591,-0.00462469,-0.000947733,0.017023714,-0.002442321,-0.01740687,0.048039228,0.03791434,0.04633229,0.115565404
/home/multiclass_classification/zebra/train/003.jpg,2,-0.00111117,-0.001352678,-0.00372733,-0.002486679,-0.001763305,-0.003590022,-0.001960185,-0.003047073,-0.000104996,-0.01830561,-0.004505931,0.008672838,0.000149226,0.002573329,0.044128403,0.04241147,0.045488756,0.11494264
/home/multiclass_classification/zebra/train/255.jpg,2,0.003471353,-0.003974197,-0.009478853,0.000363707,0.002026169,-0.004868883,-0.008983219,-0.009022687,-0.005807325,-0.031572312,-0.006948427,0.000779433,-0.003815762,-0.002661217,0.04079595,0.046188705,0.04594969,0.121592656
/home/multiclass_classification/zebra/train/n02391049_1198.jpg,2,0.00116296,-0.001038834,-0.005086279,-0.001144467,-0.001959115,-0.004529976,0.004204476,0.004387403,0.007857902,-0.001172404,0.004590533,0.023769245,-0.002151304,0.007949,0.037140444,0.032067567,0.049156945,0.09027383
/home/multiclass_classification/zebra/train/n02391049_4259.jpg,2,-0.000806339,-0.00367837,-0.006041947,0.002886936,0.001368462,-0.001611777,-0.001989133,0.000298535,-0.002093375,-0.007671491,0.004799791,-0.000457862,0.008035201,0.00939218,0.04088515,0.04837902,0.054694116,0.1307826
/home/multiclass_classification/zebra/train/n02391049_3861.jpg,2,0.007021748,-0.004601513,-0.014403282,-0.004179847,-0.000861961,-0.004461724,0.001915943,0.005241205,-0.006373635,-0.012886228,-0.007608691,-0.006303479,-0.001796988,-0.003498439,0.018048164,0.033930123,0.04902245,0.12246372
/home/multiclass_classification/zebra/train/n02391049_116.jpg,2,-0.002892402,-0.004876426,-0.012720895,-0.009017409,-0.002440704,-0.003613665,-0.005210839,0.002630867,-0.00401134,-0.027302098,0.000432868,0.008105572,-0.007123544,-0.015275621,0.031263106,0.03919418,0.05136303,0.12621765
/home/multiclass_classification/zebra/train/n02391049_3303.jpg,2,0.002737967,-0.005400171,-0.01094573,-0.006756465,0.001667044,0.002458699,0.003355007,0.005080984,0.003021291,0.006858812,0.004974498,0.01484131,-0.003050006,-0.006161772,0.0359229,0.05234836,0.046391718,0.12028231
/home/multiclass_classification/zebra/train/252.jpg,2,0.001485895,-0.004834536,-0.005017968,-0.003695415,0.004493226,0.000604865,-0.010752982,-0.001309296,-0.005192998,-0.006818336,0.00048194,0.006164972,-0.008737618,-0.010042543,0.02070741,0.03732145,0.046667628,0.11699484
/home/multiclass_classification/zebra/train/n02391049_2222.jpg,2,0.002742044,-0.000528901,-0.004899981,-0.002919678,0.001244369,-0.000926757,0.003004976,0.003299975,-0.005778198,-0.024166303,-0.001402437,0.005815126,-0.00325147,0.005123371,0.047369435,0.0656977,0.049064487,0.120913774
/home/multiclass_classification/zebra/train/n02391049_4525.jpg,2,0.006124951,-0.00109661,-0.001820874,-0.002712544,0.004189545,-0.003160981,-1.50E-06,0.006889335,-0.005288201,-0.010802694,0.001863897,0.02057858,0.004739545,0.015040614,0.054419205,0.044846907,0.05806059,0.12957597
/home/multiclass_classification/zebra/train/image_71.jpeg,2,-0.00270623,-0.001115286,-0.007369079,-0.008068905,0.000273235,-0.000139009,-0.005212535,-0.00789747,-0.0061994,-0.020822171,-0.008618152,-0.002073999,0.000378292,-0.00716994,0.017028555,0.049747594,0.040601876,0.10507709
/home/multiclass_classification/zebra/train/n02391049_824.jpg,2,0.001384391,-0.002262339,-0.003285602,-0.001502033,-0.001811,-0.012456356,-0.009220196,-0.001857124,-0.007835584,-0.023676217,-0.008466736,0.008104931,0.002323145,-0.005054485,0.055315927,0.07719016,0.047004636,0.1162454
/home/multiclass_classification/zebra/train/n02391049_2644.jpg,2,0.000883233,-0.001670599,-0.009585358,-0.016930584,-0.003694681,-0.004854303,-0.011638022,-0.005052201,-0.005538172,-0.023463856,0.00372615,-0.000841437,0.000300722,0.00181181,0.027475158,0.038909808,0.047021113,0.122501306
/home/multiclass_classification/zebra/train/336.jpg,2,0.004094743,-0.007667942,-0.011610402,-0.008681325,0.000787541,-0.002327822,-0.008803556,-0.003490761,-0.007982448,-0.037113138,-0.011302926,0.004243013,-0.008684487,-0.007705685,0.024028467,0.048621595,0.04539186,0.10698917
/home/multiclass_classification/zebra/train/141.jpg,2,0.004846414,-0.003893228,-0.010627,-0.008613041,0.005843194,0.014998874,-0.002364382,0.003682697,-0.00439949,-0.004918221,-0.000566959,0.00519102,-0.005992133,-0.016327262,0.026248973,0.04538796,0.038854837,0.10507822
/home/multiclass_classification/zebra/train/n02391049_757.jpg,2,0.002009426,-0.001712486,-0.004362281,-0.01547919,-0.002178603,-0.008898396,0.001198201,-0.000632875,-0.003178624,-0.02108838,0.002393027,0.003664345,-0.006186852,-0.006998991,0.026611552,0.040967416,0.048507467,0.12472513
/home/multiclass_classification/zebra/train/n02391049_566.jpg,2,-0.003664058,-0.001620163,-0.001790682,-0.003107928,0.000677886,0.001161704,0.007089406,0.003573967,0.003267789,0.008975042,0.022361975,0.041300908,0.004343786,0.039060906,0.074000396,0.06255967,0.052406028,0.13842845
/home/multiclass_classification/zebra/train/056.jpg,2,0.001133207,0.002529863,0.01202783,0.00152738,0.002663374,0.0073816,-0.008454639,-0.010964502,-0.013089431,-0.0407926,-0.010056701,-0.002585778,0.001562809,-0.002658624,0.029530229,0.04505752,0.05174678,0.12370089
/home/multiclass_classification/zebra/train/359.jpg,2,-0.000525657,-0.002752994,-0.006506957,-0.01477712,0.001264183,0.00376939,0.001210779,0.000985728,-0.002415135,-0.010669617,-0.002940832,0.026910288,-0.000506156,-0.011201385,0.043068428,0.047057405,0.051530875,0.12290985
/home/multiclass_classification/zebra/train/012.jpg,2,0.002032706,0.000841307,-0.003341108,0.000933682,0.008323368,0.010640576,-0.004330498,-0.004137008,-0.005729036,-0.027411966,-0.006403852,0.010072924,-0.002994658,0.001844279,0.03128919,0.05313598,0.040523447,0.10168767
/home/multiclass_classification/zebra/train/241.jpg,2,0.000161242,0.001876966,0.002665616,-0.000194616,0.003074913,0.000363486,-0.009742899,-0.008584281,-0.008502882,-0.03918218,-0.007469815,0.014642105,-0.008127051,-0.00099054,0.024440154,0.057909064,0.046206493,0.10815257
/home/multiclass_classification/zebra/train/170.jpg,2,0.003418655,-0.000239156,0.001447869,-6.70E-05,0.002602731,0.006345083,-0.01270447,0.000564326,-0.009461002,-0.023114726,-0.004158418,0.018095894,-0.003424636,-0.008667856,0.034997135,0.049570378,0.043407395,0.11372212
/home/multiclass_classification/zebra/train/n02391049_7847.jpg,2,-0.00272074,-0.001435061,-0.005130571,-0.002968601,0.005772197,0.012464822,0.00572626,0.014337627,0.002933249,-0.006852002,0.00389712,0.005267827,-0.001557381,0.005835617,0.013437016,0.048257705,0.053990327,0.12507504
/home/multiclass_classification/zebra/train/n02391049_2469.jpg,2,0.003257358,-0.00021737,0.006384803,0.008318526,0.003289307,0.001903954,-0.004490925,0.005364431,-0.001148286,-0.010262908,0.014070101,0.02281291,0.013252869,0.05338618,0.080538474,0.048386842,0.06073458,0.11999683
/home/multiclass_classification/zebra/train/065.jpg,2,-0.005890383,-0.004462754,-0.006272575,-0.008854386,-0.003524669,-0.012821654,-0.010933145,-0.005894458,-0.002972324,-0.021996837,-0.008515231,-0.016706493,-0.003801708,-0.018722206,0.003877902,0.019390712,0.043186534,0.106306426
/home/multiclass_classification/zebra/train/n02391049_1535.jpg,2,-0.000769356,-0.002464824,-0.008013339,-0.001670638,-0.003160131,-0.009383979,-0.007871545,-0.003305089,-0.003978579,-0.010672234,-0.001840417,0.017410057,-0.005902098,0.00100867,0.042785026,0.02945785,0.039757624,0.10593541
/home/multiclass_classification/zebra/train/n02391049_886.jpg,2,-0.000101069,-0.004273531,-0.012539754,-0.004486826,-0.000300423,0.000224406,-0.00712096,-0.003010434,-0.005966567,-0.035592694,-0.001908904,0.015280953,-0.00557454,0.003058031,0.01572095,0.04247012,0.044697568,0.1146903
/home/multiclass_classification/zebra/train/n02391049_4747.jpg,2,0.001714328,-0.00136014,-0.005930756,-0.00185666,0.00406746,0.00666118,-0.010219133,-0.003914885,-0.005101445,-0.026161332,-0.001363343,0.009107336,-0.001973237,0.007165647,0.039064106,0.053887717,0.039767295,0.10981813
/home/multiclass_classification/zebra/train/n02391049_3868.jpg,2,0.001790769,-0.002496656,-0.005637706,-0.001050304,0.005878065,0.008073378,-0.002042818,-0.001442793,-0.005684247,-0.021495506,-0.013913887,0.010081054,-0.005428028,-0.008378237,0.026157267,0.048333596,0.05134476,0.12041205
/home/multiclass_classification/zebra/train/n02391049_2782.jpg,2,0.001361609,-0.005046857,-0.011726028,0.004189385,0.005039365,0.004145931,-0.000848373,-0.000266872,-0.004272324,-0.023350524,0.005051043,0.017313408,-0.008765069,-0.011118757,0.03557904,0.030315053,0.04652676,0.11499585
/home/multiclass_classification/zebra/train/277.jpg,2,0.004139227,5.11E-05,0.002280944,-0.000657648,0.001188453,-0.000284315,-0.005977084,-0.004032868,-0.006926889,-0.028713645,-0.000192085,0.019343257,0.001450638,0.00845518,0.037718304,0.04779754,0.05705958,0.13163948
/home/multiclass_classification/zebra/train/147.jpg,2,0.000125056,-0.002589417,-0.007122634,-0.00927463,-0.000317683,-0.009712599,-0.008766627,-0.006912591,-0.0102124,-0.013628099,0.00389225,0.001089743,-0.007512493,-0.018781427,0.024397083,0.025796052,0.03890027,0.11306455
/home/multiclass_classification/zebra/train/n02391049_11195.jpg,2,-0.003507333,-0.002799754,-0.004076869,-0.008641357,-0.005128173,-0.012440867,-0.004330821,-0.003589596,-0.002301868,-0.014585946,-0.002040009,0.009679226,-0.005975769,-0.003984499,0.034344178,0.049657553,0.040195324,0.10749484
/home/multiclass_classification/zebra/train/n02391049_5638.jpg,2,-0.003448601,-0.003898646,-0.00586252,-0.006008505,0.00296257,0.003446766,0.008063597,0.008022256,-0.004193751,-0.008304725,0.001008183,0.008492516,-0.003717294,-0.003428859,0.03972987,0.037779585,0.052750528,0.11746018
/home/multiclass_classification/zebra/train/n02391049_932.jpg,2,0.001654822,-0.00294521,-0.008964514,-0.003397758,0.003305351,-0.006386935,-0.002956634,-0.001935836,-0.009205251,-0.019567963,-0.024675913,-0.000942783,-0.007667093,-0.018890452,0.025639152,0.035309214,0.04356533,0.10981916
/home/multiclass_classification/zebra/train/n02391049_5695.jpg,2,-0.000453525,-0.000583737,-0.00054419,0.002542941,0.002809769,0.001030191,0.009607095,0.005277842,0.004512654,0.014182752,0.005714153,0.018452946,0.00049702,0.017745657,0.05214925,0.049040515,0.057477564,0.14567125
/home/multiclass_classification/zebra/train/n02391049_5115.jpg,2,0.001820296,-0.004404522,-0.003968779,-0.006104421,0.002061862,0.003194525,-0.003110065,-0.003541549,-0.008188499,-0.037137,-0.018846456,0.005870718,-0.005532166,-0.017872538,0.027510809,0.032541957,0.044214275,0.10770969
/home/multiclass_classification/zebra/train/313.jpg,2,0.007413738,-0.006258159,-0.017255297,-0.004935398,-0.000131129,0.002792472,-0.012375804,-0.006358156,-0.00626631,-0.018067367,-0.00985711,0.006076208,-0.005842342,-0.005164165,0.015805596,0.028546669,0.040746093,0.09795688
/home/multiclass_classification/zebra/train/n02391049_1846.jpg,2,0.001391794,-0.000716781,-0.000395165,-0.005031235,0.007472329,0.020261029,-0.002877096,-0.001261024,-0.004799715,-0.018145163,-0.00983187,0.014362127,-0.006233792,-0.012924232,0.03125683,0.041728124,0.043877337,0.116441846
/home/multiclass_classification/zebra/train/n02391049_4292.jpg,2,0.002149388,0.00217533,0.000396836,-0.001606599,-0.002876271,-0.005544128,-0.000178944,0.001408855,-0.003810418,-0.01680432,-0.000435758,0.008090333,-0.001193222,0.005839059,0.028201152,0.04198075,0.045066394,0.09361618
/home/multiclass_classification/zebra/train/n02391049_2289.jpg,2,0.00390126,-0.001044906,0.000742786,-0.004415738,-0.001788113,-0.015739888,-0.019045174,-0.005944682,-0.011498421,-0.030893255,-0.002819291,0.000811863,-0.009457473,-0.005983674,0.015579713,0.038118705,0.03809586,0.09961843
/home/multiclass_classification/zebra/train/n02391049_9122.jpg,2,-0.002640669,-0.000661609,-0.001285597,-0.008892841,-0.002920719,-0.014653835,-0.009131033,-0.002151931,-0.004457113,-0.019550286,-0.000991064,0.003953855,-0.006867925,-0.025701445,0.042781852,0.047506794,0.05006367,0.12266886
/home/multiclass_classification/zebra/train/201.jpg,2,-0.003561445,-0.001835899,0.000679101,-0.005591516,-0.002513147,-0.006671706,-0.013015024,-0.002830311,-0.008077326,-0.027793493,-0.01157728,-0.003209386,-0.010251518,-0.009666313,0.02949648,0.046408284,0.04629291,0.11018795
/home/multiclass_classification/zebra/train/n02391049_2457.jpg,2,0.00368539,-0.001110816,0.000832619,-0.001964488,0.001039193,0.006418009,-0.006608064,0.000433204,-0.007747732,-0.018870108,-0.003079382,-0.004153765,-0.00171976,-0.01076486,0.023153067,0.050312266,0.039935537,0.10381132
/home/multiclass_classification/zebra/train/296.jpg,2,0.00737476,-0.004783812,-0.011193966,-0.003268652,-0.00045522,-0.011685977,-0.01729563,-0.009369717,-0.012635274,-0.051118463,-0.015409434,-0.003786865,-0.004839383,-0.008333629,0.01534747,0.048150048,0.04117847,0.10363154
/home/multiclass_classification/zebra/train/n02391049_2879.jpg,2,-0.000776407,-0.001928349,-0.005324845,-0.002589738,-0.005269344,-0.018287579,-0.011305397,-0.002856068,-0.007342895,-0.03179513,-0.012362039,-0.004080277,-0.009862389,-0.001532251,0.018706657,0.05769572,0.040346418,0.10370192
/home/multiclass_classification/zebra/train/236.jpg,2,0.002368677,-0.004156732,-0.013844228,-0.006681641,0.002938174,-0.001604709,-0.001988833,-0.003428267,-0.00986969,-0.03807437,-0.012994146,0.00072201,-0.002554467,-0.007390941,0.02534632,0.040503327,0.043388084,0.111484244
/home/multiclass_classification/zebra/train/n02391049_7563.jpg,2,0.007256554,-0.002274242,-0.005115558,-0.013339883,0.002333852,-0.003267845,-0.008579243,0.002033801,-0.010822335,-0.023396345,0.004930932,0.004284201,-0.00149825,-0.004691471,0.030828,0.056399487,0.041768663,0.11569354
/home/multiclass_classification/zebra/train/n02391049_2844.jpg,2,-3.62E-05,-0.001312124,-0.004352664,-0.002412696,0.000437321,0.00050966,0.000605199,-0.005331284,-0.000915425,-0.012405261,-0.003647917,0.024517119,-0.003401509,0.004313103,0.04183335,0.053918578,0.05364723,0.1292991
/home/multiclass_classification/zebra/train/zebra (45).jpg,2,0.003541285,-1.64E-05,0.005869164,0.005319111,0.002727966,-0.004968485,-0.010721745,-0.002256328,-0.010016132,-0.037040085,-0.027575767,0.001903947,-0.007998526,-0.005111658,0.014490619,0.029123586,0.03589351,0.09904902
/home/multiclass_classification/zebra/train/n02391049_1199.jpg,2,0.001150227,-0.002955107,-0.007264724,-0.002800233,0.00026292,0.004867658,-0.0096771,-0.003947308,-0.00281169,-0.007958364,-0.003168495,0.02069848,0.003383208,0.005063604,0.04904654,0.06046829,0.051982664,0.11398715
/home/multiclass_classification/zebra/train/340.jpg,2,-0.001040245,-0.001914105,-0.002614677,-0.00877028,0.003191525,0.00503148,-0.009565781,0.001638096,-0.006926804,-0.026029617,-0.008510685,-0.006771899,-0.00969187,-0.008317565,0.009988619,0.039841175,0.044706106,0.10410692
/home/multiclass_classification/zebra/train/n02391049_2285.jpg,2,0.001917594,-0.000460479,0.000847882,-0.007945344,0.007334091,0.014207119,-0.006943477,-0.000343387,-0.005726048,-0.015608198,-0.006169728,0.007360154,-0.003155265,-0.015459817,0.03083022,0.048296876,0.04419584,0.110248044
/home/multiclass_classification/zebra/train/n02391049_1751.jpg,2,0.003550444,-0.008029294,-0.007803069,-0.007027628,0.000769963,-0.00034216,0.008539069,0.010067549,0.006244917,0.010290951,0.016742913,0.020236649,0.001440791,0.015264565,0.021175016,0.048029017,0.05822724,0.124225006
/home/multiclass_classification/zebra/train/n02391049_463.jpg,2,-5.10E-05,-0.006191109,-0.007117935,-0.007912071,-0.004094853,-0.009576643,-0.00704567,-0.00678645,-0.005623297,-0.020588811,-0.005163292,0.013077864,-0.001048747,-0.014079055,0.033522703,0.040281996,0.044412903,0.10400991
/home/multiclass_classification/zebra/train/068.jpg,2,0.004772838,-0.002491185,-0.000885369,-0.000286641,3.99E-05,-0.003354232,-0.013260854,-0.00626551,-0.009984411,-0.016151667,-0.007844328,0.003513937,-0.003419607,-0.010971754,0.029675573,0.051113658,0.046925094,0.10351951
/home/multiclass_classification/zebra/train/375.jpg,2,0.005542402,-0.002789533,-0.011024133,-0.006388492,-0.005840168,-0.012984119,-0.009348087,-0.001665195,-0.005012712,-0.01100057,0.001872573,0.00717729,0.000987516,0.01070551,0.028633349,0.039241202,0.045864403,0.10102613
/home/multiclass_classification/zebra/train/n02391049_4863.jpg,2,-0.002454807,-0.002295799,0.002677749,-0.002596732,0.000630987,-0.002997534,-0.003832923,-0.0067147,-0.006532237,-0.0174997,-0.008876007,0.016382499,-0.005157379,0.004514472,0.049148593,0.04308752,0.055398293,0.13380353
/home/multiclass_classification/zebra/train/n02391049_968.jpg,2,0.001130617,-0.001345074,-0.003322811,-0.002113174,0.002519552,-0.002020623,-0.001278048,-0.000272155,-0.00622204,-0.011504201,0.009610206,0.030885857,0.007924832,0.04034907,0.05533013,0.057452537,0.052427113,0.11993587
/home/multiclass_classification/zebra/train/n02391049_1126.jpg,2,0.001147294,-0.001248751,-0.004412077,-0.004100946,0.001367096,-0.000196103,-0.0007237,0.001836509,-0.001977598,-0.010939535,0.010043955,0.016404774,0.000464083,0.025399487,0.027444974,0.04420391,0.05039942,0.11279196
/home/multiclass_classification/zebra/train/n02391049_10837.jpg,2,-0.001954923,-0.002222352,-0.00615577,-0.005863939,-0.004175277,-0.012330135,-0.007504722,-0.001915388,-0.006649476,-0.022338431,-0.007849173,0.004242412,0.00053306,-0.014354708,0.023353696,0.029607154,0.054175943,0.12933698
/home/multiclass_classification/zebra/train/image_0.jpeg,2,0.00344652,0.001678832,0.000550393,-0.006023983,-0.003492921,-0.013843374,-0.013804789,-0.0076657,-0.012338728,-0.030677058,-0.019495469,-0.000619287,-0.005299503,-0.002873582,0.019562706,0.033030316,0.049802072,0.11837232
/home/multiclass_classification/zebra/train/071.jpg,2,-0.001223524,-0.006668244,-0.008251878,-0.007933717,-0.000852987,-0.008066149,-0.008176148,0.001508928,-0.008513247,-0.022998555,-0.007982401,0.008340241,-0.006046318,-0.014286267,0.034549024,0.03485875,0.044266455,0.10928769
/home/multiclass_classification/zebra/train/n02391049_2242.jpg,2,0.002769359,0.002854881,0.006583018,0.004711021,0.003516001,0.012938967,0.003397787,0.003390215,0.003827391,0.01607961,0.017410481,0.038848437,0.02041542,0.06297633,0.06707003,0.04738115,0.049261168,0.0781473
/home/multiclass_classification/zebra/train/n02391049_2476.jpg,2,-0.000540177,-0.001328936,-0.007367446,0.001510633,0.007087768,0.015019433,0.005016751,0.003447315,-0.007423446,-0.020316754,-0.00735781,-0.001239143,0.000446138,0.000443415,0.033648238,0.032520734,0.054394078,0.12771845
/home/multiclass_classification/zebra/train/n02391049_63.jpg,2,-0.003618568,-0.003030971,-0.003173583,-0.001992107,-0.005380265,-0.006154182,0.001786946,0.001887098,-0.004630316,-0.00792057,-0.002071885,0.018942678,0.00555362,-0.00327637,0.06388358,0.0468849,0.053971045,0.12598099
/home/multiclass_classification/zebra/train/n02391049_10398.jpg,2,0.006455823,-0.004430067,-0.008590244,-0.005219271,0.001351941,-0.001079472,0.00124861,0.0080344,-0.001790293,-0.005860687,0.000756983,0.016394313,-0.002161659,0.006262813,0.04771626,0.06396974,0.05601901,0.12461077
/home/multiclass_classification/zebra/train/image_13.jpeg,2,-0.002160025,-0.001423236,-0.003305592,-0.008644805,-0.000326134,-0.000960484,-0.005719041,-0.002119435,-0.012518341,-0.03272594,-0.002342807,0.011398008,-0.009308221,-0.019394903,0.016003676,0.041396502,0.046613794,0.112187274
/home/multiclass_classification/zebra/train/zebra (53).jpg,2,0.004106085,-0.00518406,-0.01380055,0.000469869,0.002960134,0.002283265,-0.007846506,-0.003417102,-0.00658021,-0.022437114,0.001072556,0.006637125,-0.003258827,-0.010898585,0.02724995,0.04990672,0.05107397,0.11157669
/home/multiclass_classification/zebra/train/n02391049_6396.jpg,2,0.001023241,0.001118531,-0.001289158,-0.00133069,-0.004022454,-0.003920166,-0.001801642,-0.004288745,-0.005618843,-0.024253689,-0.009309497,0.007680629,-0.002984142,-0.005234297,0.041416522,0.042883717,0.046522595,0.11205431
/home/multiclass_classification/zebra/train/n02391049_9844.jpg,2,0.00012406,-0.002566948,-0.005701968,0.003521606,-0.002434704,-0.010084272,-0.00127927,0.002545992,-0.00167745,-0.008961614,0.014983246,0.021487199,0.004194802,0.020544235,0.052916065,0.046414018,0.055629205,0.11476344
/home/multiclass_classification/zebra/train/030.jpg,2,0.002336903,-0.00252102,-0.008242804,-0.007808102,-0.002059742,-0.00949526,-0.003530107,0.004732236,-0.005671728,-0.026092164,-0.002376793,-0.001505534,0.00629471,0.01469895,0.021394338,0.039804578,0.04364311,0.09965601
/home/multiclass_classification/zebra/train/iimage_23 (33).jpeg,2,0.002943975,-0.00285682,-0.005842987,-0.0010054,0.000260585,-0.006156044,-0.012099741,-0.000669985,-0.001559623,-0.016983971,0.003568257,0.002715897,-0.003426801,-5.66E-05,0.030411832,0.04556213,0.04573656,0.105454594
/home/multiclass_classification/zebra/train/n02391049_857.jpg,2,0.001400691,0.000475378,-0.00114342,-0.010085103,-0.002361046,-0.006737106,-0.004670465,-0.005181102,-0.009415532,-0.024331287,-0.004349593,0.008522029,-0.001579109,0.003235162,0.03973745,0.044404596,0.05141233,0.12539068
/home/multiclass_classification/zebra/train/n02391049_461.jpg,2,0.001376807,-0.000667333,0.000321232,0.001768401,-0.000564324,0.004328502,0.002055463,0.005310642,-0.004965531,-0.02087424,0.000244885,0.010288063,0.000312103,0.004558094,0.024152346,0.043917798,0.0453441,0.10900958
/home/multiclass_classification/zebra/train/064.jpg,2,-0.001107799,0.000244353,0.002089629,-0.00061108,0.00464945,0.007703561,-0.005123195,-0.000955168,-0.004800374,-0.018077735,-0.008448143,0.004583264,-0.004329449,-0.003734392,0.03608829,0.05947657,0.038111914,0.1083186
/home/multiclass_classification/zebra/train/image_55.jpeg,2,-4.86E-05,-0.002275622,-0.002893564,-0.002109761,0.001685737,0.001493412,0.007787831,0.003134372,-0.004575564,-0.012998977,0.003496106,0.014084193,-0.001563328,0.003496157,0.044229783,0.036264382,0.049220562,0.12488841
/home/multiclass_classification/zebra/train/n02391049_4805.jpg,2,0.000926187,-0.00040489,0.002415862,0.002634855,0.00079159,0.00991689,0.009947037,0.004794076,0.007734835,0.017248899,0.021018758,0.037173025,0.02301926,0.04504201,0.0459038,0.043715216,0.051816367,0.105529554
/home/multiclass_classification/zebra/train/2cc1ae5608.jpg,2,0.004231796,-0.003360894,-0.011823881,-0.011728789,0.002885615,-0.000127781,-0.001012554,0.000628726,-0.006033662,-0.017787412,-0.00347914,0.001302872,-0.004486917,-0.001890191,0.017607618,0.029642772,0.036276825,0.09948374
/home/multiclass_classification/zebra/train/173.jpg,2,-0.000170506,-0.007952272,-0.014453118,-0.00830788,-4.92E-05,-0.005182325,-0.01749576,3.05E-05,-0.008114614,-0.03377291,-0.00835444,0.002677094,-0.003929089,-0.006794697,0.021492729,0.039682403,0.045157894,0.118117414
/home/multiclass_classification/zebra/train/n02391049_9965.jpg,2,0.003433863,-0.002270355,-0.009322607,-0.012086276,0.003557412,0.001642541,-0.009710862,-0.003174872,-0.009001346,-0.025668237,-0.010020364,0.0043257,-0.009576767,-0.019740114,0.029542118,0.06223365,0.038473666,0.097852565
/home/multiclass_classification/zebra/train/n02391049_6512.jpg,2,-0.000978783,-0.001728251,-0.002950223,-0.002941637,-0.000618529,-0.006065914,-0.008135838,-0.002616883,-0.003136181,-0.0194697,-0.005420471,0.005431304,-0.009523422,-0.007713759,0.03664591,0.05478843,0.041609436,0.10691856
/home/multiclass_classification/zebra/train/60af7b19e1.jpg,2,0.003434754,-0.004068181,-0.01236924,-0.006517803,0.003225927,-0.000215814,-0.000434874,-0.003375693,-0.011469395,-0.038685504,-0.013332922,0.001773374,-0.003439107,-0.008775973,0.024864193,0.036919422,0.044267293,0.11464769
/home/multiclass_classification/zebra/train/196.jpg,2,0.003966582,-0.00129054,-0.006918417,-0.008138349,-0.00156915,-0.005690395,-0.015481217,-0.014384528,-0.013593488,-0.030554544,-0.002826962,0.005747564,-0.002483776,-0.010015862,0.03399903,0.054095365,0.045995418,0.11081738
/home/multiclass_classification/zebra/train/n02391049_638.jpg,2,-0.002410252,-0.00072033,0.001851059,-0.002344045,-0.002921502,-3.67E-05,-0.012197072,0.005950246,-0.008324839,-0.031441405,0.006242463,0.003549881,0.00487652,0.021771321,0.03845305,0.04464444,0.052527845,0.110853314
/home/multiclass_classification/zebra/train/n02391049_395.jpg,2,0.000962211,0.00059639,0.004588906,-0.001948934,0.001480559,-0.012389833,-0.009600869,-0.000318411,-0.00769259,-0.025181413,-0.013194615,-0.002414356,-0.001017702,0.003920744,0.026676519,0.036209904,0.047841016,0.1078983
/home/multiclass_classification/zebra/train/280.jpg,2,0.009129998,-0.001191474,-0.000691206,8.52E-05,-3.20E-05,-0.008683289,-0.010559988,-0.000342847,-0.010293074,-0.024812134,-0.01212592,0.011700374,-0.000515125,0.00695248,0.02261692,0.04807665,0.041240223,0.105179384
/home/multiclass_classification/zebra/train/n02391049_1062.jpg,2,-1.41E-05,-0.001373323,-0.001049835,-0.001727625,0.001547416,-0.002575002,-0.01694997,-0.005816451,-0.009409629,-0.023683574,-0.005861464,0.011868453,-0.000887075,4.55E-05,0.041203473,0.041007154,0.04927231,0.11916474
/home/multiclass_classification/zebra/train/166.jpg,2,0.007387496,-0.005155859,-0.010948572,-0.012824826,0.00333194,0.003443244,-0.007330255,-0.001408684,-0.005220866,-0.00489996,0.003190172,0.009222766,-0.005371887,-0.006388459,0.020259175,0.03577375,0.048710402,0.114580825
/home/multiclass_classification/zebra/train/n02391049_74.jpg,2,0.001488326,-0.00468388,-0.007877388,0.003681758,4.30E-05,-0.000366194,-0.002467602,0.0013014,-0.002064101,-0.010693788,0.000992579,0.023871295,-0.002265247,0.010889744,0.055270076,0.051371098,0.054423474,0.12911847
/home/multiclass_classification/zebra/train/n02391049_795.jpg,2,-0.003508455,0.006419674,0.014612831,0.013322926,0.006365423,0.013878949,-0.005486429,-0.000431531,-0.001769481,-0.005716905,0.013947955,0.03463642,0.005706606,0.026389848,0.08369774,0.061699092,0.049243383,0.09506592
/home/multiclass_classification/zebra/train/n02391049_2696.jpg,2,0.001578741,-0.001747192,-0.003913528,-0.004662068,0.005450464,0.015503882,-0.009771686,-0.001733676,-0.010787397,-0.045576256,-0.00568594,0.002772856,-0.002542725,-0.014246003,0.03508473,0.055409297,0.04294275,0.108936936
/home/multiclass_classification/zebra/train/n02391049_5217.jpg,2,0.001996161,-0.001367527,0.00653918,0.002633913,0.006526236,0.000419255,-0.000658912,-0.000821482,-0.003999808,-0.004912756,-0.001537686,0.01748271,-0.005555369,0.004273256,0.04114103,0.062458858,0.05384763,0.11528086
/home/multiclass_classification/zebra/train/n02391049_6317.jpg,2,-0.002894755,0.003371245,0.00643929,-0.000447063,0.002352608,0.00274087,-0.009357942,0.000214331,-0.004014933,-0.018644787,-0.00588732,0.010840351,-0.011490911,-0.003301103,0.03149488,0.031397007,0.04824394,0.117426366
/home/multiclass_classification/zebra/train/n02391049_7188.jpg,2,0.00014154,-0.0023736,-0.002120537,0.002440498,-0.000495981,0.000830974,-0.006376718,0.004426008,9.42E-05,-0.010316662,0.000914692,0.010624543,-0.004569667,-0.018245095,0.020553142,0.03360322,0.045070432,0.11997214
/home/multiclass_classification/zebra/train/3ce736b281.jpg,2,-0.000855757,-0.004720942,-0.013485592,-0.002011626,0.000328301,-0.005127843,-0.007037777,0.000462599,-0.005649107,-0.01274191,0.002653427,0.025770962,0.00622314,0.013763579,0.04684875,0.0496437,0.048735708,0.123292804
/home/multiclass_classification/zebra/train/n02391049_7721.jpg,2,-0.00214974,-0.003351174,-0.002795277,-0.00757837,-0.00471018,-0.000189311,-0.005309816,-0.000415978,-0.00491184,-0.011663487,-0.00629315,0.00382359,-0.004384556,-0.010188676,0.015032253,0.028708186,0.044847347,0.1169672
/home/multiclass_classification/zebra/train/zebra (43).jpg,2,-0.004261744,-0.000300792,-0.003604367,0.003410578,0.001109393,0.001161015,-0.008272569,0.000237466,-0.003939876,-0.030034509,-0.006359474,0.011317762,0.00594411,0.021332528,0.022616938,0.036198746,0.049239486,0.13051441
/home/multiclass_classification/zebra/train/n02391049_8373.jpg,2,0.005381939,-0.00351656,-0.004922287,-0.006031437,-0.003608859,-0.015783207,-0.005096989,-0.002626833,-0.006662051,-0.022453211,-0.009375094,-0.003374698,-0.000575574,-0.003323881,0.015861241,0.015777592,0.04176074,0.105677724
/home/multiclass_classification/zebra/train/image_93.jpeg,2,-0.000340803,0.002915557,0.000161347,-0.00020202,0.0017024,0.004879434,-2.99E-05,0.000195134,-0.004343658,-0.010043748,0.016843654,0.010218371,-0.004442354,0.0015395,0.031528175,0.034659028,0.05444881,0.12726137
/home/multiclass_classification/zebra/train/n02391049_6503.jpg,2,-0.000839943,-0.004114858,-0.008758726,-0.011899192,0.001214721,0.003133256,-0.002775289,0.00378098,-0.00398675,-0.017485553,-0.013469176,0.016133165,-0.006364291,-0.001152554,0.025917068,0.039942376,0.040861264,0.09789137
/home/multiclass_classification/zebra/train/n02391049_733.jpg,2,0.002216604,-0.003279698,-0.005830651,-0.004731589,-0.006558979,-0.018336352,-0.011021755,-0.007603949,-0.008930864,-0.022974059,-0.014938315,0.005825974,0.001907411,-0.011373658,0.036924064,0.05055552,0.044908676,0.103629425
/home/multiclass_classification/zebra/train/image_29.jpeg,2,0.005602498,-0.002715693,-0.003599765,0.007280413,-0.001292476,-0.010614277,-0.014470127,-0.005678887,-0.00480989,-0.020046022,-0.008318874,0.006044009,-0.004334036,-0.023391522,0.010584353,0.038695745,0.03518418,0.09234307
/home/multiclass_classification/zebra/train/n02391049_2964.jpg,2,-0.000397101,0.002259526,0.006122426,-0.00298551,0.003665973,0.000364102,0.000567235,-0.004021485,-0.008956278,-0.013133042,-0.012408495,0.006096495,0.000211115,0.002898749,0.0365251,0.03649374,0.043306194,0.087803856
/home/multiclass_classification/zebra/train/iimage_23 (21).jpeg,2,0.001638186,-0.001233869,-0.002387911,-0.003964223,-0.003348064,-0.0159913,-0.021247527,-0.011663657,-0.009421996,-0.03040712,-0.004716754,-0.006277605,-0.002113583,0.008854445,0.029157087,0.050172552,0.046863083,0.11864553
/home/multiclass_classification/zebra/train/n02391049_3024.jpg,2,-0.001831043,-0.000957071,-0.001920457,0.002511622,0.006330508,0.004982031,-0.011182547,-0.00258881,-0.009107003,-0.032358423,-0.005984633,0.006642308,-0.008742063,-0.012140333,0.023751928,0.05372303,0.0433401,0.10258208
/home/multiclass_classification/zebra/train/n02391049_796.jpg,2,0.004986528,-0.001314137,-0.010029004,-0.004496057,0.001712295,0.005888481,-0.008784534,0.002073881,-0.005159527,-0.025815863,-0.00012579,0.011062266,-0.006141848,-0.003008383,0.035035145,0.0492848,0.0457316,0.11506334
/home/multiclass_classification/zebra/train/n02391049_9055.jpg,2,0.000745812,-0.000668395,0.001870356,0.00151146,0.005062,0.010244098,-0.002303566,-0.000520988,-0.006891056,-0.027659813,0.000566984,0.010111763,-0.004899261,-0.005306502,0.039011892,0.050997637,0.04915975,0.12094462
/home/multiclass_classification/zebra/train/n02391049_999.jpg,2,0.001701269,-0.000605123,-0.005564294,-0.003458396,-0.000196244,-0.001058869,0.00719018,0.005019816,-0.003117614,-0.009261263,0.007514665,0.015540035,-0.003144793,-0.004869379,0.040775828,0.05100605,0.05718054,0.12512201
/home/multiclass_classification/zebra/train/268.jpg,2,-0.002366225,-0.007447641,-0.015834596,-0.00947386,-0.003313111,-0.002545514,-0.013638116,-0.008720651,-0.008001113,-0.033867948,-0.015403291,0.011608455,0.000417123,-0.014889414,0.019335847,0.041244734,0.043548618,0.11151515
/home/multiclass_classification/zebra/train/n02391049_10307.jpg,2,0.003640602,-0.002004715,-0.004481409,-0.007079346,-0.002884224,-0.002474091,0.003385884,0.002162241,-0.004955547,-0.015846454,-0.008601834,-0.008891938,-0.004219439,-0.006000107,0.015173942,0.040427066,0.04165448,0.092591345
/home/multiclass_classification/zebra/train/175.jpg,2,0.005786871,-0.005450003,-0.00904736,-0.003464305,0.006295435,0.006452495,-0.008365001,0.00064782,-0.004620298,-0.029037442,-0.001607574,-0.000294823,-0.014585213,-0.001751576,0.011410363,0.046517007,0.04140185,0.11276399
/home/multiclass_classification/zebra/train/n02391049_9726.jpg,2,0.004988149,-0.001814184,-0.007422335,-0.000366871,-0.002202525,-0.007841889,-0.005247921,0.004926357,-0.01082755,-0.01734597,-0.008395918,0.014245722,-0.009192601,-0.019916166,0.03962157,0.05765356,0.04696847,0.12365554
/home/multiclass_classification/zebra/train/image_1.jpeg,2,-0.000324215,0.000103111,0.00140242,-0.009587687,0.00297797,0.0007718,0.000245187,-0.001349286,-0.00319748,-0.027115094,-0.002895166,0.005181287,-0.004141329,-0.011842517,0.027848454,0.055898692,0.043544203,0.110508814
/home/multiclass_classification/zebra/train/n02391049_2214.jpg,2,0.002237011,-0.003832445,-0.004685794,-0.002235248,0.002461251,0.007895444,0.002536737,-0.003792974,0.006488339,0.01389364,0.006886131,0.023994807,0.006469098,0.029376628,0.05712183,0.051403526,0.04951755,0.100467585
/home/multiclass_classification/zebra/train/n02391049_279.jpg,2,0.001611769,-0.004306654,-0.011681132,-0.01370073,0.005819068,0.015027814,0.011159128,0.008903271,-0.00010287,-0.00152876,0.001508696,0.002685622,-0.000426761,0.004790654,0.012048576,0.029966466,0.033278853,0.10054263
/home/multiclass_classification/zebra/train/284.jpg,2,-0.000464563,-0.001288295,-0.003748526,-0.006452279,0.000799135,-0.007614519,-0.009186191,-0.004942932,-0.00621973,-0.021657284,-0.011139576,0.001405899,-0.004021841,-0.013755888,0.01748387,0.02611433,0.041022476,0.11335763
/home/multiclass_classification/zebra/train/image_120.jpeg,2,0.001867428,-0.003168833,-0.008138357,-0.011851043,0.000324224,0.005819425,-0.003607529,-0.003288478,-0.009046314,-0.016156264,-0.009710894,0.01222047,0.001577993,-0.004462712,0.03237105,0.04744425,0.04795304,0.12444782
/home/multiclass_classification/zebra/train/n02391049_122.jpg,2,-0.004170578,-0.003981403,-0.002833823,-0.004051902,-0.003379456,-0.014863604,-0.009793223,-0.006291343,-0.008968317,-0.03363009,-0.01380547,0.000472773,-0.000328856,-0.015630983,-0.007733049,0.043351687,0.037649386,0.09814376
/home/multiclass_classification/zebra/train/n02391049_328.jpg,2,-0.000932166,0.002724282,-0.000492858,-0.000641739,0.006196386,0.012574977,-0.001824877,7.77E-05,-0.004122892,-0.005264049,0.001392564,-0.001033736,0.003692868,0.013939986,0.03570553,0.036030825,0.047696047,0.12179242
/home/multiclass_classification/zebra/train/n02391049_3023.jpg,2,0.002193254,-0.005048229,-0.00433861,-0.008105702,0.000512862,0.001111682,-0.003423963,0.002098445,-0.004758439,-0.024963364,-0.012056141,-0.006732284,-0.010999097,-0.014185328,0.018059608,0.04505468,0.044082977,0.11104126
/home/multiclass_classification/zebra/train/n02391049_2687.jpg,2,0.004155923,-0.001195813,0.001537646,-0.00273419,-0.001420126,-0.014172501,-0.026018173,-0.012873504,-0.012787234,-0.05652563,-0.011433326,0.003403532,-0.007197195,-0.00708115,0.028360644,0.04508309,0.044944976,0.10526344
/home/multiclass_classification/zebra/train/image_141.jpeg,2,0.004627538,0.001630994,-0.005274111,-0.008572318,-0.000215802,-0.004851711,-0.02102977,-0.010761893,-0.013303284,-0.037102804,-0.006062718,-0.001093645,-0.003105693,0.009304061,0.020412326,0.04051517,0.041951384,0.101012215
/home/multiclass_classification/zebra/train/368.jpg,2,0.00166635,-0.003902018,-0.009424582,-0.001241705,0.00025601,-0.002353638,-0.009649525,-0.003313305,-0.004614777,-0.027479056,-0.0059478,0.001166497,-0.005186466,-0.004472976,0.02490595,0.047973633,0.041159414,0.106409326
/home/multiclass_classification/zebra/train/n02391049_18.jpg,2,-0.002100994,0.000826995,-0.001899685,0.004453684,0.00175768,0.008190113,-0.008769101,-0.002171728,-0.008176405,-0.02217411,0.008048634,0.019539231,0.00351542,0.014418259,0.03396008,0.044212326,0.05732082,0.13445264
/home/multiclass_classification/zebra/train/213.jpg,2,0.002478514,-0.004295814,-0.007474732,-0.004294463,-0.004980392,-0.01704841,-0.012086351,-0.008410648,-0.011729565,-0.024208345,-0.017956106,-4.25E-05,0.002515655,-0.010532361,0.033901826,0.053139083,0.043068342,0.10468256
/home/multiclass_classification/zebra/train/n02391049_58.jpg,2,0.00100873,-0.005600507,-0.006411279,-0.012185497,0.002502355,-0.00214189,-0.011381424,-0.003531228,-0.011431396,-0.04000645,-0.004453195,0.000690617,-0.0171749,-0.016996874,0.022477245,0.041665543,0.03924481,0.10528829
/home/multiclass_classification/zebra/train/n02391049_4034.jpg,2,0.005581835,0.000316327,0.004069176,-6.76E-05,0.000830232,0.00123336,9.40E-05,0.001302649,-0.005754612,-0.008082802,-0.002497133,0.001474775,-0.001744859,0.002461858,0.04110183,0.061939813,0.049022615,0.10601758
/home/multiclass_classification/zebra/train/n02391049_913.jpg,2,0.005754352,-0.004175348,-0.015901394,-0.005412542,0.00185234,-0.008859409,-0.001880588,-0.006953288,-0.008833599,-0.03564662,-0.008221727,0.007341078,-0.005566945,0.003096291,0.027817769,0.060194284,0.042975634,0.10093986
/home/multiclass_classification/zebra/train/n02391049_142.jpg,2,0.000321805,-0.000777463,-0.001930969,-0.001056377,-0.00161487,-0.000889298,-0.009464992,-0.003793695,-0.01067257,-0.022769019,0.001463402,0.011828541,-0.004481206,-0.002480718,0.031069353,0.060391665,0.048951983,0.11239021
/home/multiclass_classification/zebra/train/n02391049_4692.jpg,2,0.001725475,-0.003063216,-0.008378865,-0.001934503,0.001073811,0.001737528,-0.009368474,-0.001487246,-0.008219514,-0.018643653,-0.004298045,0.004907493,-0.00650194,-0.008421853,0.026053725,0.043431707,0.04241635,0.10936692
/home/multiclass_classification/zebra/train/119.jpg,2,8.29E-05,0.000178575,-0.00400017,-0.00079285,-0.005156504,-0.01605445,-0.004106915,-6.64E-05,-0.004158168,-0.023414116,0.007984887,0.008788386,-0.00384369,0.009451408,0.027870238,0.055192124,0.047522888,0.10963921
/home/multiclass_classification/zebra/train/n02391049_2963.jpg,2,-0.001449271,-0.00364569,-0.004983008,0.00074616,0.001329027,0.000333885,0.001077602,-0.004905388,-0.002674146,-0.011267081,0.00078821,0.016856954,-0.002846648,0.004268873,0.03618058,0.04680744,0.047781788,0.11969695
/home/multiclass_classification/zebra/train/n02391049_866.jpg,2,0.000789901,-0.003375597,-0.007553136,0.00513212,0.000898779,-0.004383138,-0.003436114,0.001565314,-0.003785515,-0.014968261,-0.014437151,0.020255975,0.000969525,0.007241944,0.04960136,0.045485348,0.05769027,0.12214915
/home/multiclass_classification/zebra/train/n02391049_36.jpg,2,0.00083079,-0.004192775,-0.008875301,-0.010043897,-0.002048491,-0.004106714,-0.009714655,-0.003933824,-0.011993317,-0.028707677,-0.002674898,0.005638856,-0.006365158,-0.012027796,0.023354433,0.029679812,0.05139037,0.11958657
/home/multiclass_classification/zebra/train/n02391049_2228.jpg,2,-0.000949295,-0.001543467,-0.010533677,-0.009448859,-0.003294054,-0.007432406,0.00073054,0.006308856,-0.004498214,-0.003376388,-0.007455689,-0.003802598,0.001592403,0.032387506,0.022689518,0.055863455,0.03437512,0.08239173
/home/multiclass_classification/zebra/train/n02391049_557.jpg,2,0.000147813,-0.003578774,-0.011849536,-0.010342114,-0.001032374,-0.001289404,0.001367559,0.006088245,-0.006611781,-0.02721994,0.001005743,0.007637594,-0.007232403,-0.022326523,0.017762352,0.03838622,0.04654058,0.10867976
/home/multiclass_classification/zebra/train/n02391049_3119.jpg,2,0.001429476,-0.004401245,-0.011725968,-0.005600195,-0.000860505,-0.006796804,-0.005999584,0.001722449,-0.001399859,-0.00619047,-0.006542215,0.02485418,-0.003290859,-0.002221388,0.05151049,0.05602109,0.054885473,0.14100292
/home/multiclass_classification/zebra/train/n02391049_272.jpg,2,0.000177618,0.004562191,0.012299979,0.009985517,-0.000581251,-0.012541976,-0.019302696,-0.010683417,-0.013530808,-0.04025086,-0.020384204,-0.005315619,-0.009712897,0.002095392,0.006420456,0.027409974,0.03447698,0.07297336
/home/multiclass_classification/zebra/train/n02391049_356.jpg,2,0.002292148,-0.002537266,-0.0045496,-0.005047429,-0.007542298,-0.019318696,-0.014389196,-0.006747976,-0.007434128,-0.028438473,-0.001791406,-0.008721866,-0.007136819,-0.012850972,0.018217301,0.008075011,0.03933537,0.097524315
/home/multiclass_classification/zebra/train/n02391049_354.jpg,2,0.00338966,-0.00578242,-0.014275903,-0.003822047,0.00101168,-0.013007434,-0.015142213,-0.010525225,-0.01127063,-0.046968378,-0.007605834,0.000897826,-0.003498545,-0.007411717,0.020155225,0.04473675,0.042683817,0.108211435
/home/multiclass_classification/zebra/train/n02391049_2361.jpg,2,-1.30E-05,-0.003233346,-0.003241973,-0.006666622,-0.003356354,-0.01229811,-0.004799743,-0.002128949,-0.013513183,-0.0273026,-0.008618129,-0.011948371,-0.001231843,-0.016592907,0.022862896,0.034054585,0.04820302,0.10867767
/home/multiclass_classification/zebra/train/n02391049_6655.jpg,2,0.001081516,0.002436199,0.000954457,0.003545078,0.004805785,0.013816703,0.009389319,0.00408502,0.000605285,-0.013313511,0.005379885,0.0332624,0.01155269,0.017892381,0.046969075,0.055071883,0.052712373,0.13224888
/home/multiclass_classification/zebra/train/9e2a9415dc.jpg,2,0.00292494,-0.000825132,-0.002495425,0.00264738,0.001771369,0.007030302,0.004479524,0.002827148,-0.00362581,0.008762637,-0.000457837,0.017578822,0.001127197,0.003663631,0.037965268,0.043816507,0.051002137,0.10816642
/home/multiclass_classification/zebra/train/133.jpg,2,0.006235511,-0.001854802,-0.005039816,-0.001547806,0.001715048,0.002875226,-0.006315937,-0.001438703,-0.003080559,-0.018172633,-0.000928299,0.008536898,-0.000725868,-0.012664637,0.019403799,0.036389448,0.03655664,0.10303071
/home/multiclass_classification/zebra/train/267.jpg,2,0.001148881,-0.002340101,-0.003844129,-0.009102933,-0.000570962,0.000558416,-0.009786245,-0.000633888,-0.01082198,-0.035647973,-0.005864519,0.008715714,-0.005193881,-0.01629076,0.022929046,0.036193863,0.042124636,0.111150675
/home/multiclass_classification/zebra/train/n02391049_5015.jpg,2,0.003769339,-0.002928701,-0.003550902,-0.005461534,0.000203238,-0.003575651,-0.018019967,-0.009232027,-0.011371216,-0.021901129,-0.015529858,0.011435342,-0.003905847,-0.008650369,0.04725694,0.04836592,0.04736169,0.11510841
/home/multiclass_classification/zebra/train/n02391049_3026.jpg,2,0.004048204,0.001172868,0.000934065,0.002242031,0.006481791,0.008833617,-0.003559188,0.001443707,-0.003845048,-0.010681976,-0.008956274,-0.002738947,-0.007613206,-0.02145978,0.007977818,0.042049475,0.046466473,0.10301211
/home/multiclass_classification/zebra/train/257.jpg,2,0.00404935,-0.005152139,-0.013121911,-0.007741899,-0.004533938,-0.0254158,-0.026742693,-0.015485624,-0.012487659,-0.059139438,-0.01260974,-0.003031211,-0.009803141,-0.016627189,0.029079214,0.047802128,0.040672004,0.09174599
/home/multiclass_classification/zebra/train/n02391049_2183.jpg,2,0.002869046,0.000554128,0.005885973,-0.000578035,0.001318777,0.0017032,0.000388632,0.002975178,-0.002771592,-0.002727544,0.03601603,0.03942755,0.020034276,0.05229412,0.06585857,0.052858356,0.05606468,0.109289885
/home/multiclass_classification/zebra/train/n02391049_5503.jpg,2,0.001735708,-0.001155839,-0.006608295,-1.29E-05,0.003595876,0.011389849,-0.000252721,-0.004235074,-0.005062508,-0.007180635,0.004823415,0.037218206,0.016615788,0.015908612,0.07201569,0.037079,0.054231457,0.13212828
/home/multiclass_classification/zebra/train/image_91.jpeg,2,-0.000959941,-0.003149065,0.00396484,-0.002157723,0.001584846,-0.0012376,-0.002155903,0.0053137,-0.003990659,-0.00244498,-0.003910787,0.017047172,0.003672393,0.010676292,0.0395399,0.037555933,0.0545482,0.13560328
/home/multiclass_classification/zebra/train/n02391049_8425.jpg,2,0.000519002,-0.004498718,-0.004646818,0.003330857,-0.000308777,-0.00367419,-0.006877036,-0.002868884,-0.002758063,-0.022734009,-0.00719128,0.017096369,0.001469148,0.013698881,0.049450956,0.03080073,0.054253064,0.13805941
/home/multiclass_classification/zebra/train/318.jpg,2,0.002203807,-0.002358977,-0.005284055,-0.009404729,-0.008072556,-0.020282619,-0.023698943,-0.009992904,-0.009212176,-0.025678867,-0.004844243,-0.00199195,-0.010566945,-0.009146764,0.015489485,0.04451328,0.04248394,0.10272655
/home/multiclass_classification/zebra/train/n02391049_7589.jpg,2,0.002519733,0.003134998,0.010444807,0.004453654,0.002271173,-0.003313683,-0.007429868,-0.001095921,-0.002922528,-0.009079058,0.004742015,0.03581852,0.003842084,0.016164148,0.043493014,0.070199706,0.052933007,0.12374839
/home/multiclass_classification/zebra/train/n02391049_3073.jpg,2,0.000533783,-0.001866573,-0.004117751,-0.006088765,-0.001851759,-0.009967428,-0.006596982,-0.004923628,-0.008994534,-0.031851128,-0.014834679,-0.005634624,-0.004840518,0.007376538,0.007504825,0.038372457,0.03565944,0.10595699
/home/multiclass_classification/zebra/train/115.jpg,2,0.000316587,-0.002894995,-0.014596648,-0.011067424,-0.003642283,-0.007953559,-0.002330159,-0.003508334,-0.004097419,-0.02097638,0.000108496,0.005346419,0.003876727,-0.023620594,0.017088545,0.026065987,0.034739442,0.09359688
/home/multiclass_classification/zebra/train/n02391049_2018.jpg,2,8.40E-05,0.000192137,0.002833226,0.001999245,-0.00118256,-0.008709047,-0.011855226,-0.005117369,-0.006368212,-0.013101252,0.010192529,0.016420942,-0.00235617,0.011452302,0.045112032,0.047320448,0.050008174,0.11445789
/home/multiclass_classification/zebra/train/image_37.jpeg,2,0.002135281,-0.001142981,-0.007292833,-0.001347323,0.003606205,0.007360089,-0.002728684,-0.0055998,-0.007417992,-0.03032086,-0.007406335,0.009147431,-0.005298059,-0.018716054,0.030649036,0.049358644,0.040379055,0.1041961
/home/multiclass_classification/zebra/train/n02391049_3536.jpg,2,0.000393893,-0.003677778,-0.002274527,-0.008622511,-0.00205117,-0.007801994,-0.007011494,0.001678395,-0.007240269,-0.022528064,0.00084485,-0.000906496,-0.00552078,-0.017444497,0.031210024,0.035626836,0.048897002,0.109329626
/home/multiclass_classification/zebra/train/n02391049_9528.jpg,2,0.005314375,-0.001763047,-0.005153207,-0.000791345,0.001258706,0.001905383,-0.000364892,0.001936257,0.002550374,0.002550894,-0.009881053,0.009421786,0.004563014,0.01583106,0.019997492,0.013984798,0.05170098,0.12695886
/home/multiclass_classification/zebra/train/n02391049_2911.jpg,2,-0.00192176,0.001962355,3.77E-05,-0.005615294,0.000625421,-0.008911504,-0.005658834,0.003012298,-0.005933199,-0.023153707,-0.000624045,-0.000885764,-0.003095724,0.002468052,0.040678594,0.05192467,0.051960815,0.115224406
/home/multiclass_classification/zebra/train/232.jpg,2,0.000867055,-0.005481877,-0.016731236,-0.012286534,-0.003793734,-0.013299822,-0.018127222,-0.002476753,-0.012701217,-0.038690295,-0.01567738,0.009337479,-0.004690075,-0.016413663,0.020295084,0.045158967,0.04446884,0.103820875
/home/multiclass_classification/zebra/train/292.jpg,2,0.006677781,-0.005355981,-0.008346356,-0.007613028,-0.002447265,-0.009392926,-0.017135754,-0.008360531,-0.017718244,-0.038510185,-0.018338777,0.009176631,-0.003695027,-0.016652122,0.018299486,0.038718544,0.043418467,0.10761922
/home/multiclass_classification/zebra/train/036.jpg,2,0.003025901,-0.000809798,-0.002107649,-0.002902099,-0.001186562,0.002581576,-0.013972533,-0.006966321,-0.016628712,-0.029195558,-0.017283045,0.001144206,-0.003729509,-0.009017583,0.030680291,0.04763581,0.04389413,0.10039304
/home/multiclass_classification/zebra/train/n02391049_551.jpg,2,-0.002955182,-0.00205582,-0.00291284,-0.000403983,0.001562022,0.005374731,-0.010276261,-0.006929234,-0.008098023,-0.032723304,0.000510615,0.016677387,-0.005613134,-0.011614474,0.033694696,0.047428995,0.044579394,0.10470639
/home/multiclass_classification/zebra/train/n02391049_5789.jpg,2,0.000875957,0.000947315,0.002219978,-0.003681774,0.007334757,0.007950462,-0.004582215,0.000982957,-0.007899817,-0.026752183,0.003845065,0.004710837,-0.006189129,-0.006280115,0.039876126,0.053965002,0.047029655,0.11486465
/home/multiclass_classification/zebra/train/image_165.jpeg,2,0.00361639,-0.00501831,-0.010358951,-0.005743574,0.004417512,0.010630724,-0.001783861,-0.000122154,-0.004841433,-0.026756167,-0.006118633,0.01465762,-0.001709293,-0.008868784,0.022352954,0.046679534,0.04396212,0.115659885
/home/multiclass_classification/zebra/train/n02391049_915.jpg,2,-0.002252117,-0.000997035,-0.004360377,-0.005389908,0.002034241,0.000445464,-0.016215477,-0.008555327,-0.003293056,-0.015877753,-0.00401701,0.00140725,-0.000948005,-0.00923231,0.01635551,0.040355287,0.033298176,0.09606306
/home/multiclass_classification/zebra/train/067.jpg,2,0.00348348,-0.003410636,-0.005313995,-0.005937171,0.000593334,-0.003424311,-0.001446967,-0.000574216,-0.003971797,-0.008300459,-0.009549538,0.002226134,-0.004502966,-0.00171181,0.022926807,0.036687046,0.045868002,0.11623291
/home/multiclass_classification/zebra/train/n02391049_1555.jpg,2,-0.000610555,-0.001571615,-0.001031497,-0.000811866,0.003173915,0.003447544,-0.012487166,-0.005916566,-0.011644615,-0.05752805,-0.005053117,0.024591928,-0.000430806,0.010094263,0.04518924,0.05998447,0.04953869,0.10302606
/home/multiclass_classification/zebra/train/n02391049_4189.jpg,2,0.004259001,-0.0040462,-0.008844513,-0.005745232,-0.002446294,-0.010355396,-0.01411592,-0.005502517,-0.006530497,-0.014764708,-0.000590377,0.005387427,-0.004275577,-0.003140017,0.017175531,0.044892766,0.03464345,0.10160017
/home/multiclass_classification/zebra/train/39e7a4f1c8.jpg,2,0.000967861,0.001291949,0.001509215,0.002664946,0.00512298,-0.001566544,-0.003680232,0.001336467,-0.004027937,-0.018781003,-0.00242872,0.017256232,-0.001149633,0.007003409,0.029073806,0.038766827,0.049907558,0.1151855
/home/multiclass_classification/zebra/train/033.jpg,2,0.003395175,-0.003136032,-0.00516233,-0.010834123,-5.25E-06,-0.000253567,0.001160799,0.002367576,-0.002367511,-0.021614492,1.55E-05,0.003412826,-0.000747191,0.005196102,0.035859354,0.039365333,0.049788035,0.14184128
/home/multiclass_classification/zebra/train/n02391049_743.jpg,2,0.004754078,-0.004027027,-0.008970067,-0.001085833,0.000706675,-0.004278307,-0.007886848,0.00410502,-0.006182474,-0.037274837,-0.005518599,0.01422315,0.001942878,0.014163242,0.04826846,0.051852427,0.049824324,0.12686187
/home/multiclass_classification/zebra/train/243.jpg,2,0.002766948,-0.004409477,-0.004636955,-0.004910656,0.000896703,-0.006279131,-0.023736492,-0.01078397,-0.007138634,-0.04261997,-0.01744202,0.004880447,-0.007418368,-0.015673136,0.021791633,0.050925516,0.043652467,0.099752724
/home/multiclass_classification/zebra/train/n02391049_161.jpg,2,-0.000926385,-0.000338757,0.000440065,-0.004984487,-0.003332206,-0.00790249,-0.012163147,-0.008486022,-0.005394433,-0.026850715,-0.004288336,0.000573227,-0.00218329,-0.000661131,0.015137441,0.043786593,0.03880132,0.10281059
/home/multiclass_classification/zebra/train/273.jpg,2,0.001641249,-0.002858063,-0.003266958,-0.006508392,-0.001565329,-0.004501213,-0.023026856,-0.015850678,-0.015594756,-0.055148333,-0.012400119,0.001159379,-0.002146527,-0.002928586,0.019177064,0.04687749,0.04075623,0.098717734
/home/multiclass_classification/zebra/train/n02391049_1256.jpg,2,0.004327457,0.002079467,-0.000224731,-0.00308198,0.004828216,0.003911228,-0.001599821,0.00240113,-0.003351017,-0.012904655,0.006901232,0.016127683,-0.003236489,-0.019714935,0.031533975,0.049246766,0.04235082,0.11366376
/home/multiclass_classification/zebra/train/189.jpg,2,0.005070521,-0.003009566,0.00064646,0.004488272,0.007518309,0.009014208,0.000836266,0.008244451,-0.002102978,-0.014244262,0.010541944,0.015347253,-0.001078282,0.002905033,0.045649685,0.061295867,0.054220125,0.13083814
/home/multiclass_classification/zebra/train/n02391049_6957.jpg,2,0.009861957,-0.001621457,-0.005892114,-0.005087308,0.000363863,0.00200264,-0.004938516,-0.002528506,-0.003546374,-0.00724648,-0.005729607,-0.002838553,-0.007090269,0.002377435,0.014233127,0.029920999,0.047057852,0.122186646
/home/multiclass_classification/zebra/train/n02391049_6053.jpg,2,0.002373778,-0.000639428,-0.005233156,-0.005689766,0.002615377,-0.000877836,-0.008936984,-0.001710995,-0.007536418,-0.014486843,0.004750767,0.013347992,-0.001673264,-0.007938905,0.03741596,0.039764248,0.035823368,0.099563725
/home/multiclass_classification/zebra/train/n02391049_5875.jpg,2,0.004451576,0.001023453,0.001027302,0.00233977,0.002624848,0.000219146,-0.006985383,-0.002043575,-0.004162411,-0.02630616,0.012106785,0.021753678,0.000567149,0.000229135,0.0430208,0.049402446,0.055338047,0.123585045
/home/multiclass_classification/zebra/train/n02391049_1875.jpg,2,0.004568339,-0.000394848,-0.004044896,-0.006098474,0.002886612,-0.005902987,-0.011802791,-0.000810589,-0.005470193,-0.026277982,0.00203923,0.006095012,-0.008658774,-0.005851361,0.013540979,0.041094884,0.047050707,0.12428837
/home/multiclass_classification/zebra/train/101.jpg,2,0.000696196,-0.002469637,-2.02E-05,6.67E-05,0.005864108,0.001073218,-0.007086697,-0.000839682,-0.005752658,-0.016553989,0.000450578,0.019381586,-0.000455271,0.008055085,0.03976889,0.053937446,0.05030961,0.11560553
/home/multiclass_classification/zebra/train/94cf6638fd.jpg,2,-0.000306457,-0.000123949,-0.000183609,-0.000162807,0.004079048,0.010083595,0.000618555,0.000872969,-0.005711842,-0.010414268,-0.004653854,0.017614776,-0.001592796,-0.000416658,0.041244403,0.041684024,0.047537863,0.10458447
/home/multiclass_classification/zebra/train/n02391049_4704.jpg,2,0.00034625,-0.001932298,-0.007693909,-0.008110103,-0.001944297,-0.002333128,-0.006407829,-0.002425157,-0.006103178,-0.033347324,-0.013928298,-0.003235692,-0.00813775,-0.019919518,0.024173057,0.043338332,0.04627911,0.10619416
/home/multiclass_classification/zebra/train/n02391049_2899.jpg,2,-0.002324156,0.000141703,-0.003464353,-0.004412,-0.001853381,-0.009297431,-0.001042783,-0.007026242,-0.008238895,-0.027501494,-0.009739419,0.012660478,-0.000386101,-0.002676411,0.04589096,0.044602554,0.0567986,0.12782714
/home/multiclass_classification/zebra/train/n02391049_2642.jpg,2,0.00145395,-0.004225001,0.001661177,0.002342874,-0.001348837,-0.010322172,-0.013295729,-0.005367319,-0.005607462,-0.02925583,0.001442415,0.011233417,-0.00061111,-0.001387272,0.034126546,0.04887779,0.045533948,0.10801871
/home/multiclass_classification/zebra/train/n02391049_9303.jpg,2,0.004265333,-0.003728405,-0.006573115,-0.008288136,-0.002016709,0.00083682,-0.003921052,-0.000338816,-0.010361005,-0.033815593,-0.012170685,-0.006783912,-0.004185454,-0.001429654,0.020563066,0.039196838,0.042597167,0.11077459
/home/multiclass_classification/zebra/train/224.jpg,2,0.00166635,-0.003902018,-0.009424582,-0.001241705,0.00025601,-0.002353638,-0.009649525,-0.003313305,-0.004614777,-0.027479056,-0.0059478,0.001166497,-0.005186466,-0.004472976,0.02490595,0.047973633,0.041159414,0.106409326
/home/multiclass_classification/zebra/train/n02391049_7466.jpg,2,0.004200356,-0.002706162,-0.010288268,-0.008779861,0.001237857,-0.000210748,-0.005025776,0.000748663,-0.006567625,-0.02146807,-0.009960287,0.00790634,-0.009678731,-0.017160062,0.030977689,0.039734684,0.04685519,0.12141019
/home/multiclass_classification/zebra/train/n02391049_2633.jpg,2,0.00168764,-0.000312632,0.005359325,0.001260955,-0.000378029,0.000621441,0.006114413,0.000562585,-0.006502401,-0.019298919,-0.003157973,0.007266003,-0.010129533,-0.015417685,0.01712824,0.027884854,0.04755207,0.1192695
/home/multiclass_classification/zebra/train/n02391049_9006.jpg,2,1.05E-06,-0.002842018,-0.003008919,-0.004773907,-0.003463193,-0.01509183,-0.008780276,-0.002933595,-0.007040231,-0.036476467,-0.01423648,-0.000701603,-0.002514238,-0.003836504,0.022644415,0.044789396,0.045110635,0.10920443
/home/multiclass_classification/zebra/train/n02391049_7105.jpg,2,0.004652393,-0.001015331,-0.003863351,-0.001357244,0.000199966,0.00489908,-0.013913378,-0.010897437,-0.006662877,-0.03208338,-0.003336453,0.015722323,-0.00673777,-0.015690776,0.037065946,0.047049973,0.04290899,0.1059368
/home/multiclass_classification/zebra/train/7b7d8759f1.jpg,2,0.003325211,-0.000756987,-0.002407885,0.002252321,-0.000453175,-0.009108631,-0.00521919,-0.010124511,-0.00318984,-0.016788963,-0.009637388,8.80E-05,-0.007141937,-0.010423165,0.024492485,0.04477063,0.044399254,0.09725507
/home/multiclass_classification/zebra/train/n02391049_8937.jpg,2,0.001079076,-0.003425712,-0.00438445,-0.006791017,-0.001340082,-0.010721974,-0.00794541,-0.012782884,-0.010449812,-0.030857839,-0.013645876,-0.004272398,-0.001067047,-0.020926248,0.009632066,0.011318643,0.03550574,0.08504212
/home/multiclass_classification/zebra/train/n02391049_8565.jpg,2,0.001487202,-0.001438861,0.001136306,-0.003437694,0.000638051,0.004539725,0.00776588,0.00057756,-0.001354737,-0.003437864,-0.006934975,0.015756406,-0.000192736,-0.003064991,0.043103855,0.0464499,0.04671264,0.119422466
/home/multiclass_classification/zebra/train/n02391049_704.jpg,2,0.002137768,-0.00555808,-0.010951236,-0.011946036,0.00319807,0.004011872,-0.012289281,-0.002968838,-0.009202305,-0.033878297,-0.001040156,0.006303625,-0.000516458,0.00997187,0.023683595,0.0463555,0.036057204,0.098038346
/home/multiclass_classification/zebra/train/095.jpg,2,0.003184296,-0.001732511,-0.004927578,-0.000139626,0.002585588,0.001747908,0.003507177,0.008047583,-0.001108962,0.003419765,0.006121269,0.008522899,-0.007597518,0.000131257,0.04277543,0.03646385,0.05496739,0.12627238
/home/multiclass_classification/zebra/train/n02391049_8444.jpg,2,0.002727412,-0.003794041,-0.004705931,-0.00940333,-0.001461233,0.000600333,-0.00543376,-0.001717632,0.000578109,-0.00792758,-0.00290529,0.002005314,-0.003534692,0.008506916,0.016921302,0.032644074,0.0458689,0.11485119
/home/multiclass_classification/zebra/train/n02391049_4413.jpg,2,0.003721827,-0.005751662,-0.010695952,-0.00583055,0.00019953,-0.004985531,-0.001695895,-0.005162477,-0.008937902,-0.014513419,-0.003088739,0.018389553,-0.006632976,-0.025561212,0.027629737,0.045333043,0.049256586,0.12185982
/home/multiclass_classification/zebra/train/n02391049_2876.jpg,2,-0.000533622,8.26E-06,-0.009088066,-0.001941746,-5.35E-05,0.010143005,0.002650877,0.009448322,-0.003080193,-0.012098837,0.002518697,0.023156468,0.003989079,0.019719236,0.06106686,0.04193265,0.059058152,0.1327925
/home/multiclass_classification/zebra/train/n02391049_261.jpg,2,0.005287671,-0.000346599,0.000605114,-0.000811849,-0.002646136,0.001818197,-0.011911849,-0.010464769,-0.016374663,-0.036380794,-0.013607705,0.007538295,-0.003733769,-0.01281292,0.02277512,0.03824576,0.040497597,0.11163393
/home/multiclass_classification/zebra/train/n02391049_809.jpg,2,0.001529272,-0.003576937,-0.010243654,-0.006712189,-0.000806664,0.000828709,-0.023453347,-0.01484684,-0.016282428,-0.044897616,-0.017819224,0.002212205,-0.003491879,-0.01804747,0.024678526,0.045190986,0.04051094,0.10292128
/home/multiclass_classification/zebra/train/n02391049_1135.jpg,2,0.000670998,-0.002490861,-0.003218205,0.001698386,0.001913058,-0.006596222,0.003276014,0.00238532,0.00254321,0.002854167,-0.002501998,0.007814381,-0.000660503,-0.004743152,0.012232293,0.019407388,0.048103545,0.11713417
/home/multiclass_classification/zebra/train/031.jpg,2,0.000438491,4.21E-05,-0.000912207,-0.00157961,0.002182384,-0.004086353,-0.004390343,-0.005258231,-0.007127861,-0.025281178,-0.00372158,0.006052468,-0.004637078,-0.003089955,0.03142751,0.031769697,0.033607524,0.10022037
/home/multiclass_classification/zebra/train/n02391049_2.jpg,2,0.003063603,-0.002021353,-0.00595706,-0.009698186,0.001666206,0.006930598,-0.000557843,0.004411604,-0.008351034,-0.018177748,-0.00541408,0.008896515,-0.004365161,0.002271512,0.027287364,0.052213706,0.04734736,0.11722681
/home/multiclass_classification/zebra/train/n02391049_169.jpg,2,0.001376807,-0.000667333,0.000321232,0.001768401,-0.000564324,0.004328502,0.002055463,0.005310642,-0.004965531,-0.02087424,0.000244885,0.010288063,0.000312103,0.004558094,0.024152346,0.043917798,0.0453441,0.10900958
/home/multiclass_classification/zebra/train/n02391049_3022.jpg,2,0.002722757,-0.003177563,-0.003653426,-0.001963825,0.00033202,5.38E-05,0.003408439,0.002452574,-0.00667714,-0.024098806,0.002926269,0.008031193,-0.003284441,0.001270167,0.040750895,0.04291594,0.050861165,0.13665545
/home/multiclass_classification/zebra/train/n02391049_2733.jpg,2,0.004252401,-0.000847107,-0.005448793,-0.005352247,-0.002012545,-0.008737021,-0.004877745,0.002902254,-0.005973533,-0.003640041,-0.011871822,0.024533378,0.002009021,0.004732729,0.03888361,0.05543419,0.05041431,0.11817387
/home/multiclass_classification/zebra/train/n02391049_2813.jpg,2,-0.003306513,-0.004558337,-0.004567461,-0.005983715,-0.000886993,-0.009153307,-0.002129247,-0.002348521,-0.004097591,-0.033716876,-0.014932472,0.006124644,-0.001633272,-0.014642566,0.032556266,0.036723748,0.047666248,0.11260487
/home/multiclass_classification/zebra/train/image_181.jpeg,2,0.001112046,-0.003329336,-0.010488024,-0.004066343,-0.005083017,-0.020498348,-0.013647227,-0.011131141,-0.010651726,-0.047183264,-0.006801302,-0.004123217,-0.00498013,-0.005182953,-0.004579184,0.017543484,0.04006411,0.0996843
/home/multiclass_classification/zebra/train/n02391049_1054.jpg,2,0.002216575,0.001021144,0.002807083,-0.003970237,0.002871322,0.00093776,-0.005607875,-0.001900889,-0.008527642,-0.023910347,-0.004163398,0.010684844,-0.005135642,-0.012772393,0.018127993,0.031516418,0.046037577,0.118030764
/home/multiclass_classification/zebra/train/n02391049_314.jpg,2,-8.04E-05,0.001214044,-0.003499779,-0.001563004,0.004810942,0.004793597,-0.009243852,-0.004954753,-0.007210979,-0.025937935,-0.009078481,-0.011062666,-0.012929568,-0.011972639,0.011314141,0.023345334,0.042676985,0.10413564
/home/multiclass_classification/zebra/train/n02391049_3162.jpg,2,-0.005649744,-0.003863556,-0.008259174,-0.008267798,0.003702349,0.007666127,-0.006305257,-0.00426969,-0.015139889,-0.032077447,-0.00027883,0.010464005,-8.74E-05,0.007818256,0.01629514,0.04116051,0.030951187,0.08921659
/home/multiclass_classification/zebra/train/092.jpg,2,0.00247867,-0.002785781,-0.010387313,-0.004016781,0.001839162,-0.00262411,0.002617096,0.000224338,-0.000691009,0.002585831,0.00368022,0.00471468,0.000996799,0.001347957,0.033772476,0.043680727,0.04670006,0.11415621
/home/multiclass_classification/zebra/train/n02391049_4584.jpg,2,0.002103311,-0.007689691,-0.012596283,-0.012682348,0.003396522,0.014595352,0.003254046,0.002266337,0.005322648,-0.010255018,0.012674874,0.028261969,0.001130989,0.006814121,0.04280004,0.04735878,0.04891417,0.11467913
/home/multiclass_classification/zebra/train/n02391049_8021.jpg,2,0.004786265,0.000424114,0.000786635,-0.004936387,-0.000754512,-0.000793049,-0.009078892,-0.004552959,-0.011976331,-0.030279092,-0.01581083,-0.003796878,-0.005333651,-0.001620347,0.021154918,0.03158485,0.039051436,0.100049615
/home/multiclass_classification/zebra/train/n02391049_1195.jpg,2,-0.001937655,-0.003908081,-0.007804937,-0.004879323,0.002695819,0.006581566,-0.006410845,-0.000247708,-0.009506897,-0.02725064,-0.001926362,0.007306917,-0.002362197,-0.003683934,0.015215822,0.04558909,0.04428669,0.10623881
/home/multiclass_classification/zebra/train/n02391049_2424.jpg,2,0.002250148,0.00135519,-1.87E-05,0.000649094,-0.006381311,-0.01717162,-0.027132798,-0.010892295,-0.017308787,-0.054007195,-0.018546477,-0.002515284,-0.012441451,-0.010178583,0.026589297,0.057490166,0.043469243,0.1092335
/home/multiclass_classification/zebra/train/n02391049_234.jpg,2,0.005820799,-0.00066707,-0.003429817,-0.008031305,0.006857941,0.010593647,0.003611366,-0.001857773,-0.011835252,-0.042238407,-0.015335407,-0.000990904,-0.004223244,-0.006925616,0.01971943,0.052098673,0.038367853,0.10061936
/home/multiclass_classification/zebra/train/n02391049_10131.jpg,2,0.004180031,-0.006319934,-0.025090236,-0.012637527,-0.002980975,-0.014781868,-0.008445727,-0.003494296,-0.008757154,-0.037043788,-0.013594324,0.003344855,-0.002749241,-0.005394628,0.03127198,0.044380393,0.04275085,0.10658608
/home/multiclass_classification/zebra/train/image_133.jpeg,2,0.00146748,-0.006460385,-0.014382347,-0.010452264,-0.003258904,-0.003499365,-0.003421096,0.002476762,-0.008258674,-0.017901259,-0.008794513,0.014610067,-0.004053427,0.001305653,0.037543416,0.04273912,0.042258456,0.1140995
/home/multiclass_classification/zebra/train/n02391049_10427.jpg,2,0.001618707,-0.002253926,-0.001954343,-0.005337925,-0.002446617,-0.002702736,-0.001255251,0.001913489,-0.009666041,-0.015363448,-0.009401122,0.0066735,-0.005792049,-0.004250241,0.029773569,0.044550505,0.05107433,0.119498506
/home/multiclass_classification/zebra/train/n02391049_7396.jpg,2,0.004646524,-0.002761415,-0.010684715,-0.006381185,-0.001501069,-0.008500183,-0.013175069,-0.004818625,-0.01067602,-0.041343845,-0.010556662,-0.005701266,0.001863999,0.008995837,0.016581468,0.045032788,0.050032824,0.11244135
/home/multiclass_classification/zebra/train/21e2c20f1e.jpg,2,0.004865408,-0.001342403,-0.006723501,-0.004344166,0.004261375,0.006676283,-0.00099607,-0.001154909,-0.004216628,-0.019064322,0.004419953,0.01859158,0.001823555,0.009303203,0.04150915,0.04043863,0.05676538,0.13477027
/home/multiclass_classification/zebra/train/n02391049_2304.jpg,2,-0.000982665,-0.003468152,-0.007854855,-0.004520127,-0.004048826,-0.017717855,-0.007920241,-0.002302211,-0.003200081,-0.024723936,0.000886823,0.012996879,-0.007131371,-0.02213319,0.034027364,0.026078448,0.037342228,0.100149795
/home/multiclass_classification/zebra/train/n02391049_5985.jpg,2,0.004369652,-0.000873592,-0.005519227,-0.001685419,0.001688763,0.006114823,0.003082281,0.004449371,0.000158766,-0.012962734,0.020088136,0.023392782,0.005189381,0.033604756,0.07051882,0.07020603,0.05660292,0.11968117
/home/multiclass_classification/zebra/train/n02391049_2935.jpg,2,0.002486894,-0.005470122,-0.008330162,-0.001536411,0.003678007,0.000901645,-0.001920071,0.000751827,-0.009703603,-0.02681837,0.002719387,0.014031007,-0.002425813,0.004898348,0.042412106,0.040766407,0.057683066,0.1440814
/home/multiclass_classification/zebra/train/zebra (21).jpg,2,0.00465078,-0.000107479,-0.000248211,-0.005133828,0.0012,0.005198977,-0.003438007,-0.004428894,-0.007497328,-0.03750501,-0.007193335,0.004629356,-0.007611851,-0.006735438,0.012473694,0.036117494,0.044505578,0.10814895
/home/multiclass_classification/zebra/train/332.jpg,2,0.001753179,-0.002352833,-0.001023093,-0.00315006,0.003436617,0.002115985,-0.009109113,-0.006844706,-0.010436729,-0.037622385,-0.008005421,0.002432808,-0.004053672,-0.002814641,0.0139117,0.04086861,0.0418294,0.10145344
/home/multiclass_classification/zebra/train/n02391049_2847.jpg,2,-0.001499358,-2.90E-05,-0.006951131,-0.006682738,-0.000763838,-0.007011346,-0.007107017,-0.000210813,-0.007314415,-0.0286936,-0.006621012,0.000731333,-0.008908924,-0.018682867,0.010737769,0.02705722,0.041429535,0.09746324
/home/multiclass_classification/zebra/train/n02391049_574.jpg,2,0.002453102,-0.001489779,-0.007670527,-0.010623686,-0.004315957,-0.015082427,-0.008436191,-0.004402458,-0.012293501,-0.04458601,-0.012325484,-0.006349362,-0.002170066,-0.008269805,0.022944482,0.031583935,0.045524675,0.10689166
/home/multiclass_classification/zebra/train/n02391049_7927.jpg,2,0.001783822,-0.004022413,-0.00964707,-0.004397321,-0.004515234,-0.01737592,-0.017944392,-0.013108483,-0.005227336,-0.025620932,-0.00293377,0.006992642,-0.000665358,0.005383723,0.051113065,0.0595296,0.04847159,0.122147016
/home/multiclass_classification/zebra/train/n02391049_6683.jpg,2,0.004056664,-0.002873277,-0.003737394,-0.001579261,0.002877396,0.00350122,0.001039477,0.002754605,-1.32E-05,-0.005281924,0.01066567,0.02701281,0.003209244,0.018789133,0.05037521,0.047571726,0.04988765,0.11583705
/home/multiclass_classification/zebra/train/136.jpg,2,0.004058773,-0.001630249,-0.003929371,-0.00722539,0.001043707,0.002997731,-0.003278074,0.003313699,-0.00405916,-0.016928907,0.0145857,0.010730965,-0.00045039,0.006477321,0.04026086,0.044825267,0.048231665,0.11370717
/home/multiclass_classification/zebra/train/n02391049_3246.jpg,2,0.002649573,0.001543017,0.009200226,0.009608701,0.003894328,0.000804113,-0.00704673,-0.009650245,-0.004265152,-0.022024613,0.006159715,0.010451,0.007024742,0.00966879,0.03694827,0.04196336,0.05513175,0.12529227
/home/multiclass_classification/zebra/train/112.jpg,2,-0.000465306,-0.001310986,-0.0074794,-0.001586254,0.001639195,-0.000650142,0.002558895,-9.77E-05,-0.007525095,-0.047028936,0.002842652,0.014423888,-0.007357879,-0.005783296,0.021815725,0.04773911,0.04853462,0.11705739
/home/multiclass_classification/zebra/train/n02391049_8447.jpg,2,-0.003664058,-0.001620163,-0.001790682,-0.003107928,0.000677886,0.001161704,0.007089406,0.003573967,0.003267789,0.008975042,0.022361975,0.041300908,0.004343786,0.039060906,0.074000396,0.06255967,0.052406028,0.13842845
/home/multiclass_classification/zebra/train/image_155.jpeg,2,-0.00072119,-0.003769547,-0.005826157,-0.01213431,0.003415186,0.006671471,-0.001582115,-0.006422804,-0.003976523,-0.01624663,-0.004461725,0.014850149,0.001175469,-0.001612271,0.021592246,0.033725962,0.042936005,0.10059443
/home/multiclass_classification/zebra/train/n02391049_2636.jpg,2,0.000371952,-0.002286274,-0.009460347,-0.007203644,0.002243955,0.004620365,-0.000926139,0.001115978,-0.004307428,-0.021834109,-0.000846557,0.011639368,0.004117427,-0.002119847,0.034788623,0.034757953,0.04654216,0.1168005
/home/multiclass_classification/zebra/train/n02391049_966.jpg,2,-6.97E-05,-0.0009956,-0.006531272,-0.002825717,0.003330582,0.011192299,-0.000377145,-0.003191178,-0.0065255,-0.013378212,0.001704982,0.024782822,0.001133425,0.00576446,0.03639082,0.028955689,0.04624877,0.1093986
/home/multiclass_classification/zebra/train/066.jpg,2,-0.001565243,-0.000668179,-0.00538912,-0.007269746,-0.000571322,-0.002591498,-0.004129398,-0.00824304,-0.004760467,-0.026259163,0.003405804,0.006755323,-0.002171218,-0.005247478,0.022147976,0.03272462,0.036395334,0.0969478
/home/multiclass_classification/zebra/train/n02391049_10636.jpg,2,0.004988228,0.001642595,-0.00051223,0.003364318,0.000675049,-0.012280968,-0.02101997,-0.012304499,-0.014818814,-0.04569202,-0.021439763,-0.011785591,-0.008208569,-0.009242316,0.004306195,0.021029774,0.03880501,0.10647836
/home/multiclass_classification/zebra/train/192.jpg,2,0.002734408,-0.002834261,-0.007172494,-0.00019135,0.005223759,0.012926314,-0.004595255,-0.008337887,-0.008810649,-0.020995332,-0.013388703,-0.017347569,-0.017366046,-0.03168638,0.000712327,0.036153875,0.035472725,0.08284365
/home/multiclass_classification/zebra/train/545d133e93.jpg,2,-0.00084701,-0.001270233,-0.003028833,-0.006707838,-0.003456357,-0.003023757,-0.00938075,-0.007214787,-0.009860571,-0.021050207,-0.009115879,0.009395478,-0.00479664,0.001425683,0.026098086,0.04470803,0.041197296,0.092497386
/home/multiclass_classification/zebra/train/n02391049_2623.jpg,2,-0.002225986,-0.003209841,-0.008202841,0.004444486,0.007683704,0.013167399,0.001943632,0.005839037,-0.004969689,-0.009250722,0.007659605,0.023171324,0.004415653,0.026671436,0.04312198,0.06179851,0.059240185,0.12755272
/home/multiclass_classification/zebra/train/n02391049_1721.jpg,2,-0.000419668,-0.001370498,-0.007154025,-0.003963534,0.00294922,0.002954971,0.000262385,0.002891372,-0.0065585,-0.02182376,0.002414641,0.003918083,-0.007667722,-0.010538382,0.042938974,0.041596867,0.047721326,0.11698221
/home/multiclass_classification/zebra/train/305.jpg,2,0.00242776,-0.00467142,-0.005242436,-0.005438699,0.004421958,0.002370692,-0.010591385,-0.004332043,-0.008047808,-0.027163398,-0.010515384,0.003908786,-0.006526659,-0.010063585,0.031487234,0.04957038,0.045720585,0.10449915
/home/multiclass_classification/zebra/train/n02391049_8347.jpg,2,0.001448587,-0.00083716,-0.006574118,-0.007518907,-0.001023757,-0.001980829,-0.005131473,0.00390754,0.003076901,-0.012181087,0.012837751,0.020720484,0.000389669,0.003357594,0.053111758,0.054327585,0.056804862,0.13760354
/home/multiclass_classification/zebra/train/297.jpg,2,2.27E-05,-0.003797423,-0.014323258,-0.0100653,-0.00259374,-0.0018107,0.005939454,0.006219707,-0.007480374,-0.022997053,-0.011651725,-0.007637336,0.000931016,0.002644197,0.011819924,0.043885864,0.047245525,0.11524453
/home/multiclass_classification/zebra/train/n02391049_2478.jpg,2,0.002882521,-0.003805103,-0.012024725,-0.002668905,-0.00195115,-0.012442791,3.87E-05,-0.001171084,-0.010171301,-0.0227708,-0.013591535,0.010474007,-0.003389766,-0.009101792,0.04245262,0.036123715,0.048103187,0.11527389
/home/multiclass_classification/zebra/train/iimage_23 (25).jpeg,2,0.002125697,-0.000946903,-0.001172474,-0.005683447,0.0036919,-0.006410219,-0.003930251,0.000194363,-0.006008075,-0.02269165,-0.008456166,0.004898473,-0.007076398,-0.01574474,0.028903147,0.059096567,0.04722461,0.11525516
/home/multiclass_classification/zebra/train/n02391049_2211.jpg,2,-0.003584724,-0.003234254,-0.007196073,-0.002003935,-0.000758347,-0.002494268,0.001226898,0.001572229,-0.005259637,-0.014391847,-0.010148134,-0.008537461,-0.011579324,-0.022147328,0.013512773,0.02277722,0.047073625,0.087347664
/home/multiclass_classification/zebra/train/n02391049_2663.jpg,2,0.000193438,-0.003858516,-0.008183917,-0.003634695,0.000850718,-0.006453101,-0.004042384,0.000976441,-0.010592984,-0.034337424,-0.010064852,0.013998511,-0.002970419,-0.005958041,0.054767143,0.04380113,0.049168624,0.11608352
/home/multiclass_classification/zebra/train/n02391049_3314.jpg,2,0.000709072,-0.002951427,-0.00794511,-0.011459535,-0.003122168,-0.001234151,-0.014964428,-0.000228425,-0.006071426,-0.03303585,0.009398755,0.009574665,-0.013279241,-0.016831836,0.032361135,0.044310186,0.042660847,0.11152993
/home/multiclass_classification/zebra/train/n02391049_8568.jpg,2,0.004294101,-0.000713899,-7.03E-06,-0.005020484,-0.003728164,-0.00705823,-0.012302521,-0.012167178,-0.01006897,-0.037610114,-0.004500868,0.019153433,-0.007640404,-0.011602039,0.03491708,0.05018312,0.044349372,0.11194642
/home/multiclass_classification/zebra/train/n02391049_3917.jpg,2,0.00033083,-0.002568451,-0.004709417,-0.007602624,-0.000897156,0.000139034,-0.009625226,-0.006941059,-0.006920258,-0.039816312,-0.00639726,0.005912226,-0.003168193,-0.009947372,0.041190602,0.0461229,0.04476812,0.118118994
/home/multiclass_classification/zebra/train/n02391049_2541.jpg,2,0.003619238,-0.00077054,-0.001909449,0.001691929,-0.004017233,-0.011145171,0.004458884,0.000506193,0.001716275,-0.000975176,-0.006593493,0.006021096,-0.003791452,-0.001877123,0.013042903,0.035895914,0.046531558,0.11617833
/home/multiclass_classification/zebra/train/202.jpg,2,0.005237313,-0.000835156,-0.005005167,-0.006441027,0.00061653,0.000480665,-0.004672403,-0.001840596,-0.006904418,-0.02775713,0.002476806,0.01325052,-0.005978754,-0.003143819,0.032734036,0.053120144,0.040227532,0.10383656
/home/multiclass_classification/zebra/train/n02391049_3158.jpg,2,0.002072299,0.000649903,0.004715228,-0.000166587,0.002075228,-0.00052555,-0.012803534,-0.011761276,-0.007676284,-0.03704474,-0.022376003,0.010133694,-0.003503561,-0.002905944,0.04439754,0.056976385,0.044863768,0.10642222
/home/multiclass_classification/zebra/train/n02391049_7648.jpg,2,0.000845908,-0.004839383,-0.010426043,-0.001190413,-0.00193729,-0.011915868,-0.018717403,-0.008620095,-0.010496694,-0.035372477,-0.019740712,-0.007107138,-0.011911861,-0.019284543,0.005259942,0.017717635,0.04900287,0.1288357
/home/multiclass_classification/zebra/train/n02391049_5383.jpg,2,0.001479141,-0.002687211,-0.00368469,-0.005531138,0.001299799,0.001476697,-0.003608566,0.001642035,-0.001986861,-0.023470214,-0.010228002,-0.005206476,-0.005682881,0.0126567,0.022132223,0.027066711,0.038972385,0.09926878
/home/multiclass_classification/zebra/train/n02391049_1551.jpg,2,0.00362021,0.000158591,-0.008367542,-0.008001526,-0.00253512,-0.010128517,-0.016656335,-0.000481639,-0.010092063,-0.030138904,-0.00899519,0.00874553,-0.003183558,0.009980948,0.043447733,0.047248915,0.047537845,0.12097573
/home/multiclass_classification/zebra/train/n02391049_2231.jpg,2,0.001798441,0.000923062,-0.00261221,-0.002646884,0.00155022,0.004589311,0.014010471,0.015922733,-0.003436375,0.012152843,-0.005611384,0.01595781,-0.010906735,-0.014286226,0.021934554,0.02711135,0.045314625,0.10917395
/home/multiclass_classification/zebra/train/n02391049_6121.jpg,2,0.001374753,-0.001982031,-0.00365385,-0.003617319,0.003439958,-0.002826958,-0.014744567,-0.01299022,-0.013420822,-0.03349275,-0.00197428,0.008753471,-0.006808074,-0.013498172,0.041455477,0.061280347,0.054508504,0.11332718
/home/multiclass_classification/zebra/train/182.jpg,2,0.002784442,-0.005023411,-0.008179584,-0.005534506,-0.001797549,-0.006582264,-0.008534918,-0.000860137,-0.005814829,-0.02146786,-0.004361406,0.017774098,-0.003186533,-0.008856018,0.030895658,0.044088677,0.043894183,0.110517964
/home/multiclass_classification/zebra/train/n02391049_335.jpg,2,0.000327481,-0.001511547,-0.006126475,-0.008372474,0.001796256,0.003630526,0.00335101,-0.001658921,-0.007756766,-0.026588243,-0.010760736,0.003731538,-0.00321607,-0.013221039,0.032232717,0.057317268,0.045875397,0.11226291
/home/multiclass_classification/zebra/train/n02391049_9747.jpg,2,-0.003401576,-0.004150464,-0.000673366,0.000120742,-0.005656334,-0.008856183,0.006835899,0.004099922,0.005530368,0.000351889,0.005036884,0.03009199,0.015488268,0.026655735,0.048921786,0.03693205,0.057094008,0.12851825
/home/multiclass_classification/zebra/train/174.jpg,2,0.002889764,0.003764686,0.008037478,0.003693152,-4.55E-05,-0.000325315,-0.012587531,-0.00491165,-0.007799286,-0.024738133,-0.000967339,0.00373568,-0.008946931,-0.012061143,0.01914648,0.03753309,0.04986965,0.10371643
/home/multiclass_classification/zebra/train/n02391049_3085.jpg,2,0.004603281,-0.004203825,-0.012149278,-0.00870377,5.76E-05,0.001725342,0.000139225,0.006169592,-0.005492005,-0.018723022,-0.014815573,0.002375382,-0.006877229,-0.006790391,0.035527766,0.047817737,0.04828069,0.11915094
/home/multiclass_classification/zebra/train/n02391049_3778.jpg,2,-0.002267109,-0.004371291,-0.003286813,-0.001343206,0.000401752,-0.000661285,-0.011986316,-0.008491801,-0.014504161,-0.04598082,-0.002351545,0.004028659,-0.003931826,0.000484225,0.016778871,0.03958702,0.038275,0.110259384
/home/multiclass_classification/zebra/train/n02391049_295.jpg,2,0.001179716,-0.004645886,-0.009609112,-0.007684046,0.0015601,-0.000588663,-0.004210429,-0.002151764,-0.002452609,-0.012061976,0.003739053,0.020319175,0.000242439,0.009659633,0.044055644,0.039941154,0.060144484,0.12482515
/home/multiclass_classification/zebra/train/023.jpg,2,0.003389573,-0.000333609,0.002811543,-0.00549076,0.001253727,-0.009243921,-0.003077768,-0.012719846,-0.011805702,-0.037528493,0.000181385,0.009442887,-0.003731806,-0.004592718,0.03290442,0.047508318,0.045837723,0.11426602
/home/multiclass_classification/zebra/train/n02391049_603.jpg,2,0.002845087,-0.002893015,-0.009151178,-0.007048972,-0.002223685,-0.005238704,-0.00255102,-0.006110006,-0.00340388,-0.026055194,0.006896999,0.012283063,-0.007190162,0.004854579,0.029778652,0.03256162,0.047465675,0.1205822
/home/multiclass_classification/zebra/train/n02391049_1156.jpg,2,0.001677855,-0.00330341,-0.011510787,-0.003152977,0.00044155,-0.001635482,-0.002635063,-0.002973308,-0.007374392,-0.022611644,0.003284792,0.011393778,-0.001007195,-0.013370728,0.03259559,0.03698767,0.053710267,0.124105304
/home/multiclass_classification/zebra/train/n02391049_8301.jpg,2,0.003585678,-0.001071324,-0.00157161,-0.006968889,-0.001815183,-0.004782389,0.007659093,-6.95E-05,-0.000531542,-0.017106414,-0.008582937,-0.008129476,-0.004510445,-0.012274567,0.019366812,0.032567926,0.041115645,0.10970044
/home/multiclass_classification/zebra/train/050.jpg,2,-0.00021919,-0.002129642,-0.005788453,-0.004300427,0.003275213,-0.005202912,-0.016664194,-0.008431558,-0.010825785,-0.03613454,-0.004061477,0.006847666,-0.007111558,-0.00300991,0.019306663,0.044994734,0.047519118,0.117885746
/home/multiclass_classification/zebra/train/n02391049_7581.jpg,2,0.000813472,-0.004301663,-0.005354703,-0.007757332,-0.001104854,-0.00078166,-0.001350598,-0.001020907,0.000111013,-0.019779455,0.004940037,0.00783661,-0.004162211,-0.01102899,0.03896434,0.04304482,0.050235067,0.121028945
/home/multiclass_classification/zebra/train/image_74.jpeg,2,0.00545642,-0.004634563,-0.01211567,-0.007672705,-0.001429542,-0.011244196,-0.011611024,-0.003350864,-0.016259585,-0.05474063,-0.012625286,-0.00076362,-0.003271579,-0.005408976,0.026893582,0.038407236,0.050261788,0.11439523
/home/multiclass_classification/zebra/train/n02391049_2959.jpg,2,-0.000856302,0.004879877,0.014292004,0.011652071,0.012304808,0.027839825,0.007728936,0.000883033,0.002897682,0.010674724,0.03498954,0.052654695,0.023104966,0.06572974,0.091639005,0.04750221,0.05015457,0.100965194
/home/multiclass_classification/zebra/train/n02391049_1004.jpg,2,0.002241651,-0.001310064,-0.008568977,0.0026015,0.000123512,-0.001825265,-0.00405502,-0.002511952,-0.006008621,-0.018890996,0.001000738,0.016510993,0.002113975,0.008082232,0.042717963,0.052200895,0.05024667,0.12101467
/home/multiclass_classification/zebra/train/n02391049_9626.jpg,2,0.000913064,-0.004387937,-0.004008706,-0.009640378,0.000883644,-0.004333294,-0.012349581,-0.010971129,-0.009103239,-0.026110305,-0.000260707,-0.003165213,-0.004016137,-0.002259849,0.024803545,0.03838996,0.039332088,0.10769206
/home/multiclass_classification/zebra/train/n02391049_10322.jpg,2,0.005441251,-0.003656375,-0.002530259,-0.002548862,-0.00286345,-0.014487984,-0.017265536,0.004133962,-0.00448554,-0.01872848,-0.010487566,-0.002391473,-0.002498705,-7.09E-05,0.041917086,0.05164684,0.046427164,0.1162294
/home/multiclass_classification/zebra/train/n02391049_712.jpg,2,-0.000714522,-0.001474799,-0.003108665,0.00100864,-0.001239871,0.001336601,-0.010619753,-0.001815974,0.003171419,-0.002256986,0.003313938,0.031012435,-0.001772029,0.0112218,0.053134087,0.047504567,0.053652108,0.12275814
/home/multiclass_classification/zebra/train/n02391049_1148.jpg,2,0.003056128,0.000829636,-0.00209752,-1.21E-05,7.93E-06,-0.008571439,-0.002814086,0.001480789,-0.005960113,-0.017187187,5.98E-05,0.00583684,-0.002525494,0.004411283,0.027492924,0.043758072,0.05295931,0.113886476
/home/multiclass_classification/zebra/train/n02391049_1742.jpg,2,0.003151559,0.000871062,-0.000510672,-0.003057968,-0.001540412,0.002818772,0.000421098,0.000414542,-0.002790949,0.003489296,-0.006919324,0.010791677,-0.002302866,-0.00563442,0.042361043,0.041241243,0.05045191,0.12744269
/home/multiclass_classification/zebra/train/n02391049_2814.jpg,2,-0.005958491,0.000770054,0.002288276,-0.004859087,0.005651031,0.013889471,0.00031119,0.003445104,-0.009141874,-0.026733916,-0.008149924,0.009950861,2.88E-05,-0.016515741,0.04230135,0.042246617,0.040365256,0.09914811
/home/multiclass_classification/zebra/train/256.jpg,2,0.000573974,-0.003132437,-0.007544681,-0.005369625,0.002553656,0.007171389,-0.000220631,-0.002112177,-0.010837633,-0.017716648,-0.004812454,0.010518823,0.004141572,0.005661811,0.03412259,0.051816218,0.053533603,0.12622635
/home/multiclass_classification/zebra/train/n02391049_147.jpg,2,0.001771044,0.000574954,-0.006237474,0.000956983,0.000308499,0.004192211,0.004870885,0.005294252,0.005917694,0.022689339,0.0204464,0.047570746,0.017674308,0.045703936,0.07201269,0.05118742,0.05510849,0.12348846
/home/multiclass_classification/zebra/train/n02391049_6951.jpg,2,0.001960173,-0.003128002,-0.007821524,-0.005621076,0.000340719,-0.005341769,0.006283156,0.004682814,0.001853214,-0.004215502,0.005565584,0.016984187,0.002121106,0.021754464,0.039481767,0.03663718,0.051368557,0.11515934
/home/multiclass_classification/zebra/train/image_88.jpeg,2,-0.0011614,-6.53E-05,-0.001586363,0.003697139,0.004069952,0.014120311,-0.000167757,-0.004341587,-0.005258148,-0.02796516,0.004360853,0.00938524,-0.004054007,-0.000449941,0.030845301,0.033715457,0.053313326,0.12293789
/home/multiclass_classification/zebra/train/181.jpg,2,-0.001448084,-0.001067737,0.004881774,0.000191368,0.00416502,0.002978004,-0.013530687,-0.001466515,-0.007856844,-0.028963896,-0.007249586,-0.001140952,-0.0043573,-0.005219542,0.026296694,0.058646116,0.04336994,0.1084579
/home/multiclass_classification/zebra/train/n02391049_8192.jpg,2,0.000817158,0.000754775,0.004003597,-0.001672212,0.002336937,0.008923546,-0.001499469,0.006343582,-0.005738382,-0.017483192,0.010890091,0.018399548,0.002579911,0.015373738,0.038450494,0.029740062,0.053836152,0.120044015
/home/multiclass_classification/zebra/train/n02391049_7512.jpg,2,0.003927592,-0.007630065,-0.010671404,-0.003454859,0.001933864,0.000398396,-0.002558597,-0.001206205,-0.003383822,-0.023862654,-0.001435898,0.012078119,-0.00210599,0.007548162,0.04073974,0.04834629,0.047668498,0.12602305
/home/multiclass_classification/zebra/train/n02391049_3271.jpg,2,0.002526399,-0.001634179,-0.005527013,-0.00109891,0.003991288,0.012091078,0.005037319,0.000168869,-0.003902071,-0.010072645,0.007002303,0.012699064,0.004907826,-0.005655643,0.049360417,0.040021695,0.04802533,0.11556784
/home/multiclass_classification/zebra/train/n02391049_9258.jpg,2,-0.005519887,-0.000437713,0.001155135,-0.001017818,0.003399331,0.004135241,0.003402279,0.000545975,0.002737377,-0.018081574,0.007711757,0.020105112,-0.000736295,0.004374341,0.03534175,0.052133072,0.056530386,0.13372448
/home/multiclass_classification/zebra/train/n02391049_1436.jpg,2,0.005260984,-0.002513185,-2.10E-05,-0.006337938,0.000435154,-0.005008778,-0.016173039,-0.007516819,-0.009892688,-0.026889615,-0.01185823,0.005437039,-0.005200217,-0.009345218,0.024376716,0.0376004,0.040823568,0.10117873
/home/multiclass_classification/zebra/train/n02391049_6202.jpg,2,-0.000162368,-0.002969512,-0.003479463,0.000798812,-0.001726869,-0.01088963,-0.01704333,-0.002368485,-0.010380879,-0.03588166,-0.010884188,-0.002667302,-0.008651005,0.000138542,0.026044149,0.044550646,0.04318656,0.11121214
/home/multiclass_classification/zebra/train/264.jpg,2,-0.001054434,-0.003782992,-0.007910161,-0.006794674,-0.000280925,-0.010295352,-0.006647088,0.000920841,-0.008798079,-0.03369453,-0.008099351,0.005867356,-0.004033363,-0.010348503,0.027184416,0.03818402,0.04616642,0.10645205
/home/multiclass_classification/zebra/train/356.jpg,2,-0.000627636,-0.002957909,-0.003460677,-0.009070411,-0.002908733,-0.001643314,-0.012814011,-0.002619012,-0.006152922,-0.019615721,-0.002193192,0.005291202,-0.007520565,-0.016682051,0.029265903,0.04166598,0.0461773,0.12014374
/home/multiclass_classification/zebra/train/30c6501e99.jpg,2,0.003160767,-0.000945007,0.001051156,0.003835436,0.007809592,0.01231375,-0.005197896,-0.008616272,-0.013097724,-0.0508943,-0.01102761,-0.001696407,-0.000436038,-0.006061875,0.022792581,0.050393738,0.04397073,0.1054114
/home/multiclass_classification/zebra/train/n02391049_9051.jpg,2,0.003077245,-0.000391079,-0.00244063,-0.003424307,-0.003264294,-0.004912587,-0.008945932,-0.006106977,-0.011607869,-0.033948593,-0.003566995,0.000531666,-0.014535727,-0.0193341,0.017035913,0.05267362,0.05428547,0.123349905
/home/multiclass_classification/zebra/train/n02391049_3682.jpg,2,0.001445112,-0.003148358,-0.005861904,-0.001766965,0.00106753,0.002485677,-0.003053607,-0.000847947,-0.01245569,-0.037937887,-0.010194465,0.014282846,-0.003901874,-0.010997843,0.017540578,0.03384675,0.044401027,0.10370441
/home/multiclass_classification/zebra/train/n02391049_101.jpg,2,0.000205674,0.000937953,-0.002938733,-0.00230948,-0.003277949,-0.002860403,0.006503408,0.000595008,0.000407441,0.001196655,-0.002917226,0.003985526,-0.000780576,7.77E-05,0.029868988,0.03251648,0.050661407,0.12351701
/home/multiclass_classification/zebra/train/image_8.jpeg,2,-0.003969085,-0.0039754,-0.005697851,-0.001722301,6.69E-05,-0.008307908,0.001735463,0.002723987,-0.00378029,-0.02693161,-0.00526488,0.009541014,-0.00096912,-0.00407212,0.03288642,0.042540815,0.05035871,0.12964997
/home/multiclass_classification/zebra/train/n02391049_3086.jpg,2,0.000615562,0.002640555,0.008466788,0.005204608,0.008307776,0.010039978,-0.000377028,-0.005528987,-0.005337163,-0.01739316,-0.006590886,0.009694253,0.000887063,0.00043396,0.023891034,0.046918817,0.04093498,0.1001512
/home/multiclass_classification/zebra/train/n02391049_1121.jpg,2,0.000639266,-0.00010944,0.001119891,-0.004235742,0.00077297,-0.002329778,-0.004705936,-0.000672202,-0.00409657,-0.016907025,0.002328793,0.01481182,-0.005433328,0.022829358,0.029867442,0.038434915,0.04222424,0.10480343
/home/multiclass_classification/zebra/train/342.jpg,2,0.005555586,-0.003986286,-0.010512386,-0.008283656,0.006372937,0.009358136,-0.004316667,-0.000749432,0.000958522,-0.021745551,-0.009000949,0.007401001,-0.012085568,-0.017628666,0.028476952,0.04135833,0.045279704,0.10947558
/home/multiclass_classification/zebra/train/220.jpg,2,-0.000228728,-0.001925878,-0.007277735,-0.004220371,0.003271699,0.003661921,-0.003338742,-0.004236629,-0.009431954,-0.025203638,-0.007962467,0.013157248,-0.000974178,0.010399898,0.042338032,0.040351197,0.052335523,0.13682547
/home/multiclass_classification/zebra/train/n02391049_4106.jpg,2,0.000209728,-0.004521706,-0.009245411,-0.000642389,-0.003804952,-0.014995236,-0.009355752,-0.00446991,-0.006321079,-0.028658278,0.001051631,0.002499066,0.002309232,0.007131145,0.04035628,0.042211242,0.05183614,0.12558174
/home/multiclass_classification/zebra/train/image_28.jpeg,2,0.004998573,-0.003447229,-0.008671296,0.001405716,-0.000441324,0.004011298,-0.001181027,0.001698119,-0.001598188,-0.0181355,0.005425572,0.019243918,0.000884959,0.010619292,0.031679913,0.036936037,0.057440266,0.12952942
/home/multiclass_classification/zebra/train/078.jpg,2,0.003667997,-0.004166685,-0.010808257,-0.004689004,0.003971317,-0.003083093,-0.012860684,-0.010975837,-0.010445624,-0.04391802,-0.008710885,-0.00737764,-0.00813308,-0.014479468,0.022640824,0.049618803,0.034666475,0.0969851
/home/multiclass_classification/zebra/train/n02391049_7416.jpg,2,0.007256235,0.001887576,0.00012298,0.00421461,-0.001265127,-0.014813434,-0.020834286,-0.005746571,-0.015079893,-0.046098873,-0.008805903,-0.007748209,-0.005018313,-0.017182305,0.01952728,0.051240176,0.038772255,0.09222716
/home/multiclass_classification/zebra/train/n02391049_515.jpg,2,-0.00399139,-0.001884518,-0.00054167,0.002769344,0.000311464,0.003659003,-0.000757947,0.001317251,0.004917344,-0.001398503,-0.006311942,0.013722094,0.001707072,-0.005002103,0.026549429,0.045720443,0.03770734,0.09208639
/home/multiclass_classification/zebra/train/n02391049_4922.jpg,2,0.004384411,-0.001428194,0.0016451,-0.001193463,0.00425845,-0.000163364,-0.00666992,-0.00205511,-0.008966524,-0.0294279,-0.016056547,0.005836065,-0.001637075,0.003655491,0.02590832,0.057426628,0.049339585,0.13138519
/home/multiclass_classification/zebra/train/n02391049_10339.jpg,2,0.00196954,-0.003633542,-0.009553531,-0.00930706,-0.001216904,-0.010988437,-0.015983243,-0.002475268,-0.009652644,-0.02470818,-0.006432921,-0.004396426,-0.005905708,-0.015284742,0.009658938,0.049011096,0.047000535,0.114147864
/home/multiclass_classification/zebra/train/311.jpg,2,8.39E-05,-0.000980526,-0.00405306,-0.005309063,-0.000824271,-0.010215769,-0.012819602,-0.005672915,-0.009769874,-0.026157776,-0.001973232,0.007240357,0.005133703,-0.000950191,0.024657086,0.03330332,0.032918163,0.10031935
/home/multiclass_classification/zebra/train/n02391049_8291.jpg,2,0.004207083,-0.002551907,-0.004908369,-0.005579116,-0.002337669,-0.008527072,-0.00931863,-0.005656107,-0.012283867,-0.036371157,-0.010942137,-0.0025245,-0.003252109,-0.003729271,0.042461045,0.02900206,0.049807664,0.119310625
/home/multiclass_classification/zebra/train/n02391049_5121.jpg,2,-0.003012297,-0.000954518,0.000146201,0.00047529,0.000811335,0.004634538,0.001999539,-0.000347267,0.002228913,-0.005835851,-0.005976452,0.009897969,0.006449645,0.01331757,0.023043811,0.02770809,0.053587392,0.1328385
/home/multiclass_classification/zebra/train/n02391049_1105.jpg,2,0.000488868,-0.002319276,-0.003687101,-0.007351597,-0.003620689,-0.014675656,-0.001250759,0.001388585,-0.001838478,-0.02000276,-0.010432329,0.005282244,-0.004496976,-0.013011482,0.017283956,0.014858748,0.040998146,0.103126265
/home/multiclass_classification/zebra/train/n02391049_934.jpg,2,0.003449787,0.001257906,0.004304462,0.001989391,0.005608662,0.008358028,-0.000783755,-0.001399353,-0.006611025,-0.033953782,-0.007088843,0.005949548,-0.004271901,-0.015110107,0.012986655,0.018246427,0.040966652,0.08245975
/home/multiclass_classification/zebra/train/n02391049_3174.jpg,2,0.00333346,0.000923196,-0.001852233,-0.0007986,0.005586125,0.003579454,0.000322623,0.001893795,-0.002393093,-0.009361409,-0.002246441,0.015468342,-0.003299741,0.004696131,0.054949805,0.048016258,0.060400315,0.14540987
/home/multiclass_classification/zebra/train/zebra (22).jpg,2,0.00465078,-0.000107479,-0.000248211,-0.005133828,0.0012,0.005198977,-0.003438007,-0.004428894,-0.007497328,-0.03750501,-0.007193335,0.004629356,-0.007611851,-0.006735438,0.012473694,0.036117494,0.044505578,0.10814895
/home/multiclass_classification/zebra/train/n02391049_2829.jpg,2,0.004030836,0.000403078,0.002145181,0.000262605,0.002718895,-0.007088041,-0.0102195,-0.002188329,-0.011400111,-0.02904247,0.000171475,0.017928917,-0.004642469,0.006288661,0.03829881,0.068560794,0.052284986,0.11380243
/home/multiclass_classification/zebra/train/n02391049_4176.jpg,2,0.002036264,-0.001924917,0.001867377,-0.000654964,-0.002692283,-0.01278373,-0.02374772,-0.007555103,-0.013944129,-0.038088933,-0.014155135,0.007685677,0.001726644,-0.007001264,0.033676956,0.03550715,0.04749497,0.1058263
/home/multiclass_classification/zebra/train/059.jpg,2,0.000321124,-0.002643387,-0.003207346,-0.007010344,0.000475379,0.012345524,-0.009890642,-0.001706893,-0.00737184,-0.029133074,0.004539792,0.009108937,-0.003749545,-0.01096346,0.031421438,0.04989457,0.04230074,0.108274795
/home/multiclass_classification/zebra/train/n02391049_7048.jpg,2,-0.002946452,2.56E-05,0.003470228,0.002968958,-0.002154171,-0.001087662,-0.005773092,-0.003777982,-0.004384949,-0.020975107,-0.001801832,0.013183974,0.001459054,0.000468828,0.043956652,0.023129486,0.045976177,0.119574375
/home/multiclass_classification/zebra/train/n02391049_2648.jpg,2,-0.002814651,-0.006458275,-0.011007915,-0.001579575,0.003859504,0.017244656,0.007899272,0.012744444,-0.001139906,0.00127927,0.006299267,0.033131115,0.004500438,0.012410669,0.047520965,0.042811412,0.053800423,0.1303957
/home/multiclass_classification/zebra/train/254.jpg,2,-0.000180666,0.001385633,0.008353958,0.004257781,-0.003606958,-0.016073627,-0.01785162,-0.007189466,-0.012312238,-0.046962995,-0.002582532,-0.00027908,-0.00394561,-0.001042301,0.022011206,0.04083713,0.035935137,0.096335754
/home/multiclass_classification/zebra/train/n02391049_1731.jpg,2,0.001366636,0.000207786,0.004099049,0.000737063,-0.001858502,-0.007967588,-0.005785845,-0.000882847,-0.007798872,-0.010776943,0.0016585,0.027246494,0.006074418,0.018737152,0.039381407,0.056031704,0.05875115,0.13063374
/home/multiclass_classification/zebra/train/n02391049_285.jpg,2,0.002537372,-0.002081693,-0.005809412,-0.008322686,9.74E-05,-0.001956041,-0.007925617,0.001878761,-0.013509077,-0.03198966,-0.007465132,-0.001019566,-0.004798331,-0.009314034,0.009333348,0.03760072,0.04326429,0.10224154
/home/multiclass_classification/zebra/train/179.jpg,2,0.002810953,-0.0030262,-0.006146703,-0.009280926,0.002225766,0.000870679,-0.008785525,-0.003478156,-0.012861831,-0.041773707,-0.015239825,0.009259261,-0.005874013,-0.006231111,0.021070533,0.040426586,0.04809149,0.11181979
/home/multiclass_classification/zebra/train/248.jpg,2,0.00257259,-0.002061022,-0.005738033,-0.009207342,-0.003919767,-0.008121046,-0.014370617,-0.008663626,-0.009350797,-0.040077984,-0.007920296,0.006585608,0.004001886,-0.001853938,0.0328203,0.053151377,0.041112266,0.11163526
/home/multiclass_classification/zebra/train/n02391049_7949.jpg,2,0.000812245,-0.002053248,-0.008400708,0.006469744,-0.000992814,-0.005841544,-0.011279273,-0.007497517,-0.005901608,-0.030418236,-0.001849461,0.002283417,0.000414747,-0.003492648,0.025302514,0.042484775,0.04363724,0.11502093
/home/multiclass_classification/zebra/train/image_23.jpeg,2,0.002101825,-0.004448287,-0.006104392,-0.001777277,0.003247847,0.003022971,-0.017841995,-0.002147031,-0.007808863,-0.03232397,-0.003041017,-0.000942091,-0.00442458,-0.012442073,0.013132094,0.035540767,0.03955674,0.10042144
/home/multiclass_classification/zebra/train/n02391049_9136.jpg,2,0.00482999,-0.003067185,-0.011181014,-0.010072302,4.70E-05,-0.006453797,-0.006648228,0.003192009,-0.009601967,-0.028135072,-0.003654237,0.003020034,-0.00491506,-0.000344324,0.026354693,0.04196988,0.043981165,0.108569756
/home/multiclass_classification/zebra/train/image_10.jpeg,2,0.000878493,-0.004720798,-0.013298294,-0.007808109,0.001527363,0.004462712,-0.01210843,-0.00588788,-0.008564672,-0.032855157,-0.012457622,0.011949695,-0.002044298,0.001830959,0.024998197,0.03769423,0.04765126,0.11592461
/home/multiclass_classification/zebra/train/004.jpg,2,0.001736063,-0.004969575,-0.010460514,-0.004889183,-0.000491839,-0.003913525,-0.00425786,-0.002151242,-0.006039314,-0.024938075,-0.012134763,-0.010711039,-0.00710193,-0.01660331,-0.012333865,0.03079468,0.038532138,0.1067698
/home/multiclass_classification/zebra/train/006.jpg,2,-0.00102311,-0.000510688,-0.003111326,-0.003745178,0.0057812,0.012211613,-0.012305872,-0.007081565,-0.007487262,-0.03376347,-0.001730603,0.008913383,-0.008803947,-0.017910909,0.028126018,0.0363296,0.042069573,0.11673942
/home/multiclass_classification/zebra/train/n02391049_3238.jpg,2,0.002123432,-0.00036132,-0.001299108,-0.004545184,0.001604201,0.001151953,-0.004582553,-0.004620279,-0.001945487,-0.017943999,0.000986251,0.016980637,0.000178114,-0.000403933,0.020458452,0.048310447,0.049367815,0.13450491
/home/multiclass_classification/zebra/train/058.jpg,2,0.001351208,-0.000560866,-0.004482066,-0.00782851,0.002792312,0.009291139,-0.002459123,-0.001350277,-0.00336908,-0.014803525,-0.00807256,0.018586833,-0.002157883,-0.011362365,0.04322669,0.052147258,0.04739929,0.119805865
/home/multiclass_classification/zebra/train/n02391049_9656.jpg,2,0.005438148,-0.005710534,-0.009910399,-0.011268853,-0.010624573,-0.026186725,-0.010183055,-0.00487193,-0.009832566,-0.030056188,-0.011648695,-0.002444331,-0.018155945,-0.015006827,0.010710901,0.037697177,0.03710015,0.09449896
/home/multiclass_classification/zebra/train/n02391049_2941.jpg,2,0.001479141,-0.002687211,-0.00368469,-0.005531138,0.001299799,0.001476697,-0.003608566,0.001642035,-0.001986861,-0.023470214,-0.010228002,-0.005206476,-0.005682881,0.0126567,0.022132223,0.027066711,0.038972385,0.09926878
/home/multiclass_classification/zebra/train/image_184.jpeg,2,0.004203418,0.001107499,0.001353295,0.003354935,0.002625399,-0.001785006,-0.001220606,-0.00374858,-0.003320944,-0.005719526,-0.004844564,0.001927671,0.001983342,0.006760468,0.031165319,0.031033002,0.048893575,0.119256675
/home/multiclass_classification/zebra/train/n02391049_193.jpg,2,-0.002132859,0.000193207,0.00247397,-0.006263202,0.001867289,0.004290128,-0.005403792,-0.001432821,-0.009481365,-0.037659448,-0.003666378,0.007647389,-0.007315448,-0.005555563,0.031642918,0.04940068,0.045564584,0.11484361
/home/multiclass_classification/zebra/train/128.jpg,2,0.000347475,-0.006797646,-0.011405006,-0.004759331,0.000535997,0.001157749,0.009490557,0.001212032,7.20E-05,-0.010966349,0.004451876,0.003419178,0.003905732,0.017649276,0.020766445,0.030860629,0.037450567,0.098946735
/home/multiclass_classification/zebra/train/n02391049_2852.jpg,2,0.006453852,-0.002741214,-0.005539556,-0.000567417,0.000743188,0.000545913,-0.009830259,0.001999749,-0.00494623,-0.021886509,-0.000323236,0.01600145,-0.002386554,6.67E-05,0.04051362,0.060916446,0.053146202,0.12248335
/home/multiclass_classification/zebra/train/n02391049_1316.jpg,2,0.002181561,-0.000791709,-0.001617333,-0.004839038,0.003933696,0.00513636,0.006746096,0.006775983,0.002620591,-0.000956831,-0.007804528,-0.001554235,-0.004528367,-0.006495383,0.016236277,0.030292988,0.048022866,0.1077099
/home/multiclass_classification/zebra/train/n02391049_10701.jpg,2,-0.000637515,-0.004317742,-0.002458453,0.00057317,0.005696606,0.006849074,0.009615255,0.008278656,0.001584417,-0.012143179,0.008625613,0.032171607,0.00943985,0.025683224,0.06634426,0.04125859,0.058387566,0.1208473
/home/multiclass_classification/zebra/train/n02391049_834.jpg,2,0.000867415,0.001483993,-0.000401716,-0.004593698,0.001222919,-0.005159649,-0.016406678,-0.011970287,-0.016226655,-0.047048874,-0.008531028,0.014098514,-0.003084597,-0.013091287,0.041947693,0.0568169,0.039324842,0.10196261
/home/multiclass_classification/zebra/train/n02391049_9911.jpg,2,0.003089751,-0.001264464,-0.00195333,0.002549874,0.002332334,0.000495775,-0.012265453,-0.008012986,-0.01019343,-0.013098076,-0.014585011,0.00347449,-0.008652661,-0.008523402,0.03664858,0.07715085,0.048538625,0.107608035
/home/multiclass_classification/zebra/train/102.jpg,2,-0.005936247,-0.003293432,-0.005987297,-0.00549039,0.000666432,-0.002512653,-0.007922318,0.000692127,-0.010648927,-0.016739758,-0.000808593,0.002841753,-0.006875722,-0.011748556,0.023459937,0.048305552,0.03551607,0.10324204
/home/multiclass_classification/zebra/train/n02391049_949.jpg,2,0.003139083,-0.003054032,-0.014100456,-0.002010254,0.000534259,0.001132154,-0.014262619,-0.002202496,-0.010742751,-0.03990264,0.001952551,-0.000116681,-0.009015862,-0.016254392,0.020647945,0.04955882,0.0424017,0.09853383
/home/multiclass_classification/zebra/train/n02391049_87.jpg,2,0.003085328,-0.0006349,-0.00348719,0.002742808,0.004469238,0.00331723,-0.012438407,-0.004688787,-0.00846066,-0.022938142,-0.021663118,-0.002204505,0.000493954,0.004669562,0.03470043,0.050981842,0.047613673,0.1109198
/home/multiclass_classification/zebra/train/n02391049_10681.jpg,2,0.005954272,-0.000567327,-0.004417855,-0.004775018,-0.000946814,-0.002721295,0.009360116,0.002747768,-0.003871999,-0.013003964,0.002615843,0.007342583,-0.000116827,0.008229043,0.020192072,0.009849641,0.04639388,0.11975483
/home/multiclass_classification/zebra/train/n02391049_6326.jpg,2,0.000660156,-0.002040645,-0.00247081,-0.002001712,0.004346443,-0.000406462,-0.023828784,-0.012357482,-0.016918063,-0.052075237,-0.013048861,0.000831237,-0.004167112,-0.000492065,0.025169697,0.035218075,0.041695524,0.105795436
/home/multiclass_classification/zebra/train/n02391049_3253.jpg,2,0.005555921,-0.001443431,-0.005780116,-0.003714191,0.002961264,0.008803822,-0.012215254,-0.002059725,-0.005924265,-0.030428616,-0.007516477,-0.001992599,-0.005279712,0.006656838,0.020544775,0.034490116,0.04252366,0.108945794
/home/multiclass_classification/zebra/train/n02391049_2486.jpg,2,0.000472053,-0.001640297,-0.005738105,-0.007153096,-0.002278483,-0.003529635,-0.010556883,-0.009779922,-0.005395647,-0.02772583,0.00075445,0.009032179,-0.007026155,-0.011960198,0.027228907,0.040957328,0.043990955,0.106356576
/home/multiclass_classification/zebra/train/image_116.jpeg,2,0.001255848,-0.001949629,-0.006383277,-0.001479081,0.000998236,-0.010369579,0.001915427,0.00340455,-0.002480419,-0.01625458,-0.005664039,0.015534399,-0.002877977,0.002964401,0.02712218,0.05492508,0.05274988,0.13681841
/home/multiclass_classification/zebra/train/iimage_23 (28).jpeg,2,0.00041927,-0.001541004,-0.004046025,0.000144006,0.001238187,0.007611549,0.005518143,0.009120137,0.004807361,0.000513005,0.017485363,0.018035518,0.005105265,0.019160219,0.034864433,0.044755664,0.059193198,0.13843754
/home/multiclass_classification/zebra/train/n02391049_924.jpg,2,0.003028266,-0.002968221,-0.005393776,-0.007611266,0.000404264,0.010415126,0.006003162,0.00564745,-0.008245008,-0.012336554,0.015235143,0.02078862,0.001913031,0.012523187,0.0383828,0.032835737,0.055972353,0.1324971
/home/multiclass_classification/zebra/train/n02391049_1042.jpg,2,-0.000791762,-0.006519297,-0.014013923,-0.007510319,0.001362791,-0.001246228,-0.020001506,0.001199532,-0.01243614,-0.03356477,0.000147211,-0.002546025,-0.010974376,-0.022138897,0.00817197,0.031468976,0.038088404,0.10354228
/home/multiclass_classification/zebra/train/n02391049_2465.jpg,2,0.002599798,0.000273783,7.96E-05,0.000767567,0.002462117,0.002806533,-0.003534151,-0.000343756,-0.002975816,-0.01527448,-0.003530509,0.019328011,-0.004091288,-0.001018061,0.038603365,0.046660483,0.049754113,0.11826478
/home/multiclass_classification/zebra/train/n02391049_2684.jpg,2,0.00094879,-0.003327531,-0.002018377,-0.00597567,0.002745796,0.002200933,-0.012014139,-0.007833337,-0.012845999,-0.03827355,-0.014627909,0.005659258,-0.005348164,-0.02254802,0.03248618,0.04194656,0.039530978,0.1076598
/home/multiclass_classification/zebra/train/178.jpg,2,-0.001267923,-0.002578932,-0.001682978,-0.00712222,0.000760275,-0.003936187,-0.00979764,-0.0024499,-0.007839338,-0.03378096,-0.014723649,0.00512175,-0.011621131,-0.020775983,0.03113627,0.037580743,0.043772727,0.11560943
/home/multiclass_classification/zebra/train/n02391049_536.jpg,2,0.004693987,0.003293662,0.007294482,-0.001606183,-0.000617198,-0.005933328,-0.028414669,-0.022381509,-0.01895369,-0.057945367,-0.01648724,0.005560983,-0.007030694,0.006409369,0.04475048,0.06610051,0.052418172,0.120633304
/home/multiclass_classification/zebra/train/n02391049_3261.jpg,2,0.003184287,0.001656825,0.000579858,-0.001273114,0.00255558,0.00832938,-0.012492189,-0.003270337,-0.00281263,-0.015315868,-0.001685408,-0.00829044,-0.003335855,0.003466251,0.012885289,0.039478265,0.0449348,0.11816278
/home/multiclass_classification/zebra/train/226.jpg,2,0.004405381,0.001312951,0.000316852,-0.003020149,0.002362238,0.001258021,-0.004918827,0.003867842,-0.000860499,-0.017925397,0.001482689,0.007082779,-0.008184223,-0.013380458,0.024580171,0.047052715,0.04609283,0.10658089
/home/multiclass_classification/zebra/train/n02391049_358.jpg,2,-0.000942344,-0.000167371,0.00185552,-0.002885282,-0.002602132,0.00952864,-0.002584142,-0.000603244,-0.009805046,-0.020691268,0.009924494,0.007864827,-0.001017515,0.008359565,0.029411843,0.048694693,0.06049545,0.1383504
/home/multiclass_classification/zebra/train/n02391049_629.jpg,2,0.000581942,1.31E-05,0.004258379,-0.00181801,0.006143719,0.006801711,0.004423651,0.004467513,-0.003639675,-0.014809246,0.008943509,0.01230445,-0.006883368,0.004909053,0.047582675,0.053730566,0.048274226,0.13450259
/home/multiclass_classification/zebra/train/n02391049_3513.jpg,2,0.007140214,0.00076695,-0.000373486,0.000496787,-0.001875666,-0.014500439,-0.014112815,-0.005988397,-0.006221652,-0.03291973,-0.009529104,0.004492788,-0.006343246,-0.007694209,0.02995005,0.045506276,0.04437211,0.10838688
/home/multiclass_classification/zebra/train/zebra (39).jpg,2,0.002770868,-0.000303975,0.006005097,-0.004903235,0.002350203,0.003668262,-0.005354045,-0.001805235,-0.008969609,-0.025140617,-0.008748902,0.004342158,-4.73E-05,0.000632263,0.046037298,0.058446553,0.05392638,0.12978713
/home/multiclass_classification/zebra/train/028.jpg,2,0.00273829,-0.001651487,-0.003082684,0.000755756,0.005322429,-0.003786996,-0.024233101,-0.008213908,-0.007984737,-0.037945047,-0.0147544,0.002135992,-0.001170421,-0.00238408,0.029578468,0.042617217,0.03806606,0.09470672
/home/multiclass_classification/zebra/train/134.jpg,2,-0.000720194,-0.001879402,-0.004423028,-0.007148433,0.001284433,0.003795868,-0.011346842,-0.007386085,-0.007412478,-0.037328042,-0.020716194,0.010687608,-0.000860838,0.00236225,0.014151494,0.039697908,0.041331064,0.100674905
/home/multiclass_classification/zebra/train/image_106.jpeg,2,-0.001283877,-0.002752941,-0.008509061,-0.004824204,0.002277734,0.000360325,-0.014128111,-0.001687058,-0.008607568,-0.030528456,0.000892537,0.012122184,-0.006198719,-0.01854818,0.03805781,0.05367871,0.04109133,0.1129608
/home/multiclass_classification/zebra/train/n02391049_1056.jpg,2,0.004213058,-0.001410472,-0.005305649,-0.001991464,0.000960279,-0.002361544,-0.008402376,-0.008362658,-0.009316712,-0.030254386,-0.000628347,0.008640841,-0.005950669,0.01209292,0.038482327,0.058429115,0.057148926,0.13496253
/home/multiclass_classification/zebra/train/image_27.jpeg,2,0.001780583,-0.002585448,-0.004027605,-0.005734897,0.002314612,0.002608545,-0.00709294,-0.008959503,-0.010558849,-0.043026417,-0.005874152,0.010415358,-0.004866153,-0.008050774,0.024102103,0.048810706,0.044356026,0.1068165
/home/multiclass_classification/zebra/train/n02391049_202.jpg,2,0.00372412,-0.003989788,-0.005192928,-0.000168054,0.002706206,0.007790695,-0.004039923,0.002020666,-0.003911926,-0.030019592,-0.006064524,0.026596218,0.003108864,0.011300472,0.03906921,0.043009147,0.054059584,0.13095821
/home/multiclass_classification/zebra/train/n02391049_3087.jpg,2,0.000438668,-2.64E-05,-0.000265488,0.000185606,0.005360011,0.006524814,0.006592619,0.002529687,-0.005549957,-0.012075883,-0.000891778,0.006312774,0.001657266,-0.002433362,0.022532085,0.02124685,0.051139988,0.12080215
/home/multiclass_classification/zebra/train/077.jpg,2,0.002966262,-6.33E-06,-0.003070435,-0.002658987,0.003130598,0.007575029,-0.002269658,-0.004894976,-0.003152122,-0.015402466,-0.005830189,0.012260874,-0.001635052,0.021562126,0.015545053,0.04198384,0.03933406,0.10600007
/home/multiclass_classification/zebra/train/n02391049_614.jpg,2,0.000215938,-0.002297014,-0.003607935,-0.001005222,-0.000629243,-0.001926136,-0.004746832,0.000867923,-0.00498487,-0.02353996,0.001473906,0.012748801,-0.000260376,-0.000471124,0.040956207,0.05934567,0.05222915,0.13030525
/home/multiclass_classification/zebra/train/n02391049_43.jpg,2,0.004764815,-0.004608044,-0.00277539,0.000228221,-0.000196836,-0.006069685,-0.01829118,-0.007200301,-0.011220414,-0.057353754,-0.011771651,-0.009087725,-0.007880027,-0.015356796,0.012785731,0.040165167,0.040816624,0.10289871
/home/multiclass_classification/zebra/train/2a63e3f385.jpg,2,-0.000433266,-0.000906439,-0.007017753,-0.008516413,-0.005246182,-0.008007518,-0.003269223,0.000853949,-0.006990959,-0.026880015,-0.009239658,-0.002659424,-0.006703774,-0.006433805,0.015885392,0.037842248,0.03417499,0.08786815
/home/multiclass_classification/zebra/train/074.jpg,2,0.00038552,-0.000625619,-0.003622277,-0.008398263,0.005115835,0.003259681,-0.00579783,-0.005844508,-0.001707288,-0.006905867,-0.003150858,0.0085689,-0.004252192,-0.001548766,0.03556727,0.050693374,0.04304795,0.10539472
/home/multiclass_classification/zebra/train/n02391049_3247.jpg,2,0.0030695,-0.003249669,-0.006409952,-0.003971324,5.23E-05,-0.007809124,-0.015390137,-0.017044751,-0.010417324,-0.041643925,-0.012073126,0.008961031,-0.003546874,-0.00723414,0.023079257,0.04547233,0.046273105,0.10158201
/home/multiclass_classification/zebra/train/n02391049_8616.jpg,2,-0.000418159,-0.001240891,-0.000518357,0.001156688,-0.002341245,-0.00670555,-0.011250353,-0.00632469,-0.003330156,-0.026291374,0.004157379,0.013057189,0.005993463,0.007553315,0.032962337,0.016675621,0.0430779,0.1002779
/home/multiclass_classification/zebra/train/iimage_23 (19).jpeg,2,0.007994854,-7.16E-05,0.001029289,0.000984793,0.001483552,0.00034903,-0.005895238,-0.005096491,-0.004757626,-0.01668324,-0.008498881,0.015720483,-0.004500903,-0.013239449,0.02430446,0.040177617,0.04329423,0.10411833
/home/multiclass_classification/zebra/train/n02391049_9427.jpg,2,0.006257536,-0.002786337,-0.011973114,-0.008241596,-0.001461861,-0.004434945,-0.008620291,-0.001774093,-0.008147244,-0.032521307,-0.009312913,-0.006140088,0.000187512,-0.017786743,0.014276812,0.034286246,0.037607245,0.09101703
/home/multiclass_classification/zebra/train/n02391049_11041.jpg,2,-5.20E-05,-0.000673799,-0.003575983,-0.002024825,-0.004257827,-0.021720065,-0.02248593,-0.007854869,-0.012015916,-0.051439628,-0.012031294,-0.003015027,-0.010379279,-0.007248701,0.028828464,0.057331465,0.047066417,0.11559343
/home/multiclass_classification/zebra/train/n02391049_8445.jpg,2,-0.001329728,-0.001163913,-0.002116671,-0.00448674,0.001729809,0.008617708,-0.003973226,-0.003532015,-0.006762284,-0.011608794,-0.001003244,0.011340495,-0.001920103,-0.012124768,0.048574455,0.051759765,0.046014316,0.11240105
/home/multiclass_classification/zebra/train/n02391049_2504.jpg,2,0.002408486,-0.003042151,-0.010555603,-0.012032547,0.006735031,0.006980411,-0.006810467,0.002593963,-0.006412392,-0.01328502,-0.003562619,-0.00260294,-0.000277617,-0.006661704,0.020915147,0.04972294,0.042404156,0.099644765
/home/multiclass_classification/zebra/train/329.jpg,2,0.004507212,-0.005339338,-0.00908512,-0.008523036,-0.002590723,-0.00687438,-0.015198244,-0.006079199,-0.011026338,-0.03273291,-0.012002066,0.011109664,-0.009401127,-0.017345835,0.03158636,0.046321843,0.04346136,0.11452596
/home/multiclass_classification/zebra/train/image_92.jpeg,2,0.002744152,0.001408673,0.00769317,0.008798948,0.006034347,0.006839762,0.003430553,0.00091293,0.000242311,-0.007600054,0.006275763,0.029251369,-0.000797979,0.018939525,0.056027323,0.0563564,0.053934395,0.12919842
/home/multiclass_classification/zebra/train/321.jpg,2,0.004960945,-0.003170821,-0.007076135,-0.007581156,0.002243503,0.003700652,-0.010788791,-0.003781862,-0.007202558,-0.026615959,-0.004009548,0.000407157,-0.001025172,-0.001150628,0.019599745,0.03980771,0.04829579,0.10724916
/home/multiclass_classification/zebra/train/378.jpg,2,-0.001055011,-0.005323701,-0.015402096,-0.012489737,0.003700817,-0.003897136,-0.00872365,-0.003423549,-0.003926164,-0.025403928,-0.002861804,0.002222045,-0.004105086,0.000375201,0.017540654,0.039557584,0.039397046,0.10834235
/home/multiclass_classification/zebra/train/n02391049_3905.jpg,2,0.000715586,-0.007394148,-0.019376446,-0.009021518,-0.000688365,-0.006718543,-0.000294941,-0.002067919,-0.001175035,-0.008733667,0.001839687,0.018281339,0.001187028,-0.009397264,0.027371861,0.039599493,0.046351682,0.11903437
/home/multiclass_classification/zebra/train/143.jpg,2,0.005067349,-0.003712,-0.012348956,-0.00193661,0.004874339,0.006870579,-0.01239059,-0.006097114,-0.004054063,-0.015853193,-0.001247763,-0.003676616,-0.00136161,0.003737987,0.02592678,0.05116668,0.042491592,0.09077424
/home/multiclass_classification/zebra/train/n02391049_166.jpg,2,0.002602577,-0.002464205,-0.006774806,-0.007296884,0.005235461,0.002574627,-0.006419806,0.006113043,-0.000928504,-0.007432384,0.007273373,0.006637307,-0.00527256,-0.01537407,0.047582395,0.060958993,0.04736319,0.113734335
/home/multiclass_classification/zebra/train/n02391049_6444.jpg,2,0.00145997,-0.003372285,-0.004880889,0.002563712,0.002438405,0.00042771,-0.001519184,0.000201075,-0.004179805,-0.024224207,-0.006310331,0.009718659,-0.002000294,0.00749358,0.034306485,0.054267123,0.05286447,0.1277722
/home/multiclass_classification/zebra/train/n02391049_2281.jpg,2,0.001918481,-0.004338449,-0.009713251,-0.003823347,0.001257411,-0.011716007,-0.001206723,-0.001062963,-0.009401882,-0.030886091,-0.000408126,0.003790731,-0.006935771,-0.004102821,0.02143633,0.03175276,0.048650376,0.10969248
/home/multiclass_classification/zebra/train/n02391049_176.jpg,2,-0.003039905,0.000132579,-0.003467995,-0.001330894,-0.000610182,0.003853063,-0.004314142,0.002608014,-0.006864381,-0.016857354,0.009302802,0.006564706,0.000660401,-0.003507369,0.016215848,0.0401231,0.049668554,0.118269406
/home/multiclass_classification/zebra/train/n02391049_633.jpg,2,0.00185852,0.001011129,-0.000227437,-0.003174415,-0.003503735,0.000101174,0.001595645,-0.004152211,-0.001532599,-0.006956274,0.001019803,0.009730825,-0.003225996,0.004365403,0.036388047,0.052409742,0.052538697,0.117804855
/home/multiclass_classification/zebra/train/image_85.jpeg,2,0.003972665,-0.001026661,-0.003112369,0.002996422,0.001376598,-0.006515585,-0.011980822,-0.003293978,-0.008177454,-0.025154576,-0.00737139,0.01884462,0.000189059,-0.00916528,0.050835773,0.04105305,0.04213118,0.11226864
/home/multiclass_classification/zebra/train/image_38.jpeg,2,0.001402123,-0.000998987,-0.001549447,0.000690008,0.005102623,-0.000917109,-0.003498206,-0.003004554,-0.000893019,-0.015693048,0.01960792,0.01834811,-0.003377157,0.007556316,0.02831426,0.03967817,0.052187037,0.11701196
/home/multiclass_classification/zebra/train/170fd0528c.jpg,2,-0.001051738,-0.00250485,-0.008328145,-0.008896593,0.003600673,0.004326585,0.005109466,0.007486178,-0.000831743,-0.011141734,-0.002258375,0.016788535,-0.00612503,-0.006235521,0.025005314,0.041343316,0.042729713,0.10977947
/home/multiclass_classification/zebra/train/image_135.jpeg,2,0.001637544,-0.001656129,-0.005518058,-0.003598721,-0.003148339,-0.022164416,-0.021665968,-0.005122198,-0.013301557,-0.05324492,-0.006964896,-0.002031594,-0.009133819,-0.007951535,0.030034643,0.0565315,0.047649845,0.11536038
/home/multiclass_classification/zebra/train/n02391049_9443.jpg,2,0.002933813,-0.003746481,-0.002269782,-0.006647341,0.000572699,-0.006166704,-0.006320917,-0.000960599,-0.005224866,-0.01752644,-0.011516808,-0.002622715,-0.007531808,-0.013641378,0.03497028,0.05469057,0.04220589,0.10502361
/home/multiclass_classification/zebra/train/n02391049_775.jpg,2,0.00374042,0.00062252,0.004774417,-0.003760233,0.004587372,0.010473296,0.004836126,-0.001520615,-0.001010845,-0.002263936,0.010411097,0.000588387,-0.001384833,0.001522587,0.025221284,0.029498344,0.03385349,0.10178252
/home/multiclass_classification/zebra/train/195.jpg,2,0.003418888,-0.002921068,-0.005428685,-0.003677435,-0.00235676,-0.010312315,-0.009335545,0.000417044,-0.009795303,-0.030908834,-0.009142426,-0.002167527,0.00236854,0.000603604,-0.006405308,0.018539831,0.041284442,0.092317745
/home/multiclass_classification/zebra/train/n02391049_3779.jpg,2,0.00406726,-0.003749553,-0.010486339,-0.010440852,-0.00468174,-0.011870906,-0.013088854,-0.009379847,-0.009172792,-0.010072821,-0.009941176,0.002623129,-0.00346996,-0.015824258,0.03159591,0.0444101,0.04105535,0.100823775
/home/multiclass_classification/zebra/train/n02391049_251.jpg,2,-0.001649125,-0.002316481,-0.009776047,0.001807107,0.00234289,-0.003941443,-0.004056752,0.001372044,2.22E-05,-0.014282812,-0.005236635,0.022823378,-0.000534401,0.007968819,0.044526443,0.048013937,0.04832399,0.12027811
/home/multiclass_classification/zebra/train/n02391049_3264.jpg,2,0.004783019,-0.005835773,-0.01282504,-0.009305975,0.006306676,0.004046374,-0.004421542,-0.003782558,-0.006076198,-0.020245142,-0.008839639,-0.004640564,-0.00714647,-0.008165387,0.005730938,0.030456439,0.03359684,0.089117944
/home/multiclass_classification/zebra/train/n02391049_627.jpg,2,0.000937335,0.001963975,0.002503718,-0.001397237,-0.002960119,-0.004200622,-0.015795115,-0.011001644,-0.006626228,-0.027128126,-0.00863081,0.002140275,0.009659978,0.019047732,0.014158264,0.0406384,0.042221442,0.07937246
/home/multiclass_classification/zebra/train/n02391049_1073.jpg,2,0.001513697,-0.00158553,-0.001244393,0.00208272,0.003228928,0.010318187,0.007416757,0.003368641,-0.000113875,-0.014179285,0.010076373,0.023314841,0.002002593,0.010253586,0.06360729,0.08592307,0.051333234,0.10956977
/home/multiclass_classification/zebra/train/n02391049_118.jpg,2,0.003898934,0.001624555,-0.002337868,-0.003336689,0.005340759,0.00383711,-0.008469319,-0.002229579,-0.009066217,-0.033067316,-0.006198884,0.017409716,-0.006096456,-0.006445264,0.044438817,0.060241908,0.05147834,0.12354486
/home/multiclass_classification/zebra/train/276.jpg,2,-0.000724772,-0.004422221,-0.006352243,-0.007571122,-0.000609801,-0.007385014,-0.001418096,0.00906939,-0.008812975,-0.03491271,-0.005138457,0.011534867,-0.005870732,-0.013275888,0.034823664,0.051461276,0.047092948,0.11730251
/home/multiclass_classification/zebra/train/n02391049_3267.jpg,2,0.001626069,-0.003908739,-0.005655428,-0.010292467,0.001043538,-0.003920872,-0.011263449,0.000610092,-0.005213464,-0.020384505,-0.001897287,0.006095251,-0.003663299,-0.009028385,0.034150105,0.05383852,0.04987956,0.11334007
/home/multiclass_classification/zebra/train/228.jpg,2,0.001686131,-0.003106576,-0.008954609,-0.00841384,-0.000220763,0.000502727,-0.000827109,0.004491197,-0.006119198,-0.028506055,-0.005933765,0.00343293,-1.56E-06,0.00323368,0.031596042,0.038211055,0.044658534,0.11147767
/home/multiclass_classification/zebra/train/303.jpg,2,0.003314516,-0.004127699,-0.007102352,1.55E-06,0.002459017,0.001772127,-0.019021928,-0.005228011,-0.010139934,-0.028674155,-0.006930386,0.003749422,-0.007245265,-0.008917173,0.03255377,0.058234762,0.046756726,0.1072822
/home/multiclass_classification/zebra/train/019.jpg,2,0.000794948,-1.35E-05,0.000244721,-0.002116644,-0.001728034,-0.007552161,-0.004974478,-0.005550051,-0.010697451,-0.021672953,-0.017489837,0.012420244,0.000891434,0.006329389,0.030039534,0.0507259,0.03426989,0.09838323
/home/multiclass_classification/zebra/train/239.jpg,2,-0.00190149,6.80E-06,0.005506532,-0.000880892,-0.000991221,-0.014529232,-0.02495528,-0.020051207,-0.007829555,-0.032440297,-0.0143969,-0.004212349,-0.007903133,-0.014504902,0.020587312,0.042517684,0.04232596,0.105643265
/home/multiclass_classification/zebra/train/n02391049_7503.jpg,2,-8.93E-05,0.000872112,-0.000861506,-0.002402432,0.00266953,0.000381684,0.004841378,-0.000892554,-0.002550757,-0.013028515,-0.015496962,0.01301513,-0.002302958,-0.008449653,0.024372831,0.039109547,0.04470807,0.11725318
/home/multiclass_classification/zebra/train/104.jpg,2,0.002348933,-0.003413288,-0.008594248,0.001391512,0.005877614,0.006963941,7.21E-06,0.005114337,-0.000285473,0.002077021,0.021241933,0.028615035,0.000749202,0.013648761,0.04473777,0.046968497,0.05731094,0.12322524
/home/multiclass_classification/zebra/train/zebra (44).jpg,2,-0.004261744,-0.000300792,-0.003604367,0.003410578,0.001109393,0.001161015,-0.008272569,0.000237466,-0.003939876,-0.030034509,-0.006359474,0.011317762,0.00594411,0.021332528,0.022616938,0.036198746,0.049239486,0.13051441
/home/multiclass_classification/zebra/train/n02391049_404.jpg,2,0.004018633,-0.001538643,-0.004891163,0.004708916,-0.001072293,-0.003126077,-0.010392901,-0.00358289,-0.005243207,-0.024429834,-8.07E-05,0.012374388,-0.001912429,-0.007141812,0.029926127,0.0532051,0.03998439,0.10818641
/home/multiclass_classification/zebra/train/iimage_23 (35).jpeg,2,0.003475942,-0.001748507,-0.005021267,-0.002197105,-0.006764169,-0.008234057,-0.00737478,-0.003809261,-0.005802805,-0.02736028,-0.006088501,-0.001297232,-0.006662817,-0.009215573,0.020493526,0.031223446,0.04850705,0.11921714
/home/multiclass_classification/zebra/train/216.jpg,2,-0.001034351,-0.001268633,-0.001110544,-0.00730239,-0.001033086,-0.000664751,-0.00166941,0.000690236,-0.005953257,-0.012463855,0.00064363,0.010691373,0.004177759,0.001500257,0.042127393,0.048585244,0.04944892,0.11872177
/home/multiclass_classification/zebra/train/n02391049_6374.jpg,2,-0.002024983,-0.000641765,-0.002025002,-0.002339294,-0.001299309,-0.005344058,0.008610014,0.004877908,-0.005964784,-0.010313939,-0.011186659,-0.003523048,-0.004385304,-0.006324167,0.020602195,0.025936257,0.051585443,0.11830669
/home/multiclass_classification/zebra/train/n02391049_1679.jpg,2,0.003106268,-0.002140701,-0.003298836,-0.005111311,0.001852999,0.003144212,0.002271601,-0.003211475,-0.006509585,-0.015369264,-0.00197288,-0.004201084,-0.009523335,-0.022133566,0.008322283,0.047625452,0.043955423,0.11758471
/home/multiclass_classification/zebra/train/n02391049_904.jpg,2,0.001868222,-0.00142071,-0.009261952,-0.006293896,-0.002631111,-0.013248932,-0.003106817,0.000494079,-0.004647233,-0.022058379,-0.001400098,0.014549326,-0.010949257,-0.027672665,0.020824801,0.035320845,0.03889475,0.10355453
/home/multiclass_classification/zebra/train/image_168.jpeg,2,-0.001062707,-0.002458881,-0.003827283,-0.010244493,0.002134022,0.004905637,-0.009350788,-0.009523087,-0.005387803,-0.02307265,0.002820524,0.008236308,-0.005189192,-0.009894842,0.033034384,0.032652207,0.045406573,0.11557995
/home/multiclass_classification/zebra/train/n02391049_1752.jpg,2,0.002680647,-0.001860256,-0.003702445,0.001876706,0.004232144,0.006612006,-0.008636078,-0.003054358,-0.005629313,-0.026617004,-0.005522,0.02344532,-0.005001354,0.00742554,0.025883514,0.03773947,0.04701455,0.11616443
/home/multiclass_classification/zebra/train/032.jpg,2,0.000972708,-0.003123746,-0.003705693,0.001437367,-0.001090445,-0.001098082,-0.001051319,-0.004495758,-0.005956885,-0.018967647,0.003036334,0.006861705,-0.002614676,0.012309369,0.06178556,0.05684767,0.056579813,0.12390743
/home/multiclass_classification/zebra/train/n02391049_3248.jpg,2,0.006227828,-0.001254208,-0.008306762,-0.001346206,0.000531701,-0.000586626,-0.00207316,-0.001357474,-0.002671272,-0.010590778,0.000685671,0.004039911,-0.008866848,-0.015664008,0.015169903,0.04236073,0.041138746,0.103719264
/home/multiclass_classification/zebra/train/n02391049_964.jpg,2,0.003715628,-0.002617296,0.001112209,-0.009016706,-0.005917792,-0.024095075,-0.015461918,-0.006641076,-0.008190906,-0.029692564,-0.008033432,0.009587746,-0.008502074,-0.010725806,0.025317844,0.036709026,0.041797023,0.10630077
/home/multiclass_classification/zebra/train/131.jpg,2,0.000621854,0.000281402,0.00159784,-0.008839908,-0.004109387,-0.007916983,-0.009859633,-0.0004464,-0.006398036,-0.009754353,0.013641492,0.001158124,0.003215459,0.003129897,0.04560304,0.04790761,0.04610864,0.10999348
/home/multiclass_classification/zebra/train/n02391049_5755.jpg,2,-0.002413219,0.00231847,-0.003275073,0.005114432,0.005578846,0.007501173,0.003025404,0.000984336,-0.009123292,-0.02398407,-0.01960129,0.013294643,-0.000488219,0.011238081,0.046117343,0.05432795,0.048530426,0.09742059
/home/multiclass_classification/zebra/train/n02391049_5165.jpg,2,0.001791784,-0.00152447,-0.006392303,-0.014821837,-0.001438018,-0.006696604,-0.012468949,-0.004484401,-0.003097251,-0.011410564,0.007102012,0.009859618,-0.005423495,-0.004576276,0.022099681,0.048615918,0.039473403,0.10532023
/home/multiclass_classification/zebra/train/image_63.jpeg,2,0.002671812,-0.002590302,-0.010490379,0.000899793,0.00621822,0.011453616,0.005177342,0.004991642,-0.006327701,-0.028328158,-0.004071537,0.015453594,-0.003068481,-0.015353895,0.04585071,0.05157233,0.04421275,0.10951549
/home/multiclass_classification/zebra/train/n02391049_9336.jpg,2,0.006001458,-0.001672009,-0.001173228,0.00286319,0.000159984,-0.002742355,-0.013102088,-0.008907877,-0.003458544,-0.024796957,-0.001100124,0.011146883,-0.005258792,-0.007368326,0.02446465,0.044727966,0.04002257,0.1041535
/home/multiclass_classification/zebra/train/n02391049_107.jpg,2,0.001569281,-0.000746468,-0.003106229,-0.011686393,-0.005508424,-0.013199325,-0.007323605,-0.005946943,-0.011117439,-0.032792307,-0.011026631,0.016873926,-0.004432021,-0.016656058,0.054958113,0.052758522,0.04597633,0.11408778
/home/multiclass_classification/zebra/train/35aecee037.jpg,2,-0.000251153,-0.002347558,-0.011617212,-0.000383215,-0.000960639,-0.007673603,-0.01654634,-0.004243647,-0.011221566,-0.0436259,-0.008373477,0.009724045,-0.003637469,-0.013222286,0.031184848,0.045611463,0.047154754,0.10040844
/home/multiclass_classification/zebra/train/n02391049_5714.jpg,2,-0.001422861,-0.000839207,-0.00394103,-0.000434447,-0.003213162,-0.012512676,-0.00085363,0.006437311,-0.008769232,-0.022827769,-0.017968625,-0.004728494,-0.010875102,-0.021994244,0.012399011,0.020632789,0.03615912,0.0933819
/home/multiclass_classification/zebra/train/n02391049_6097.jpg,2,0.000399645,-0.006215869,-0.008633411,-0.004865729,0.006166954,0.002279015,-0.00907953,-0.006285296,-0.014876071,-0.041630518,-0.019586027,-0.001312436,0.000492423,0.010652187,0.01690683,0.037974223,0.037086748,0.108333886
/home/multiclass_classification/zebra/train/n02391049_7364.jpg,2,0.000845133,-0.002175869,-0.00442471,-0.004980623,0.001753659,0.000480771,-0.006378674,-0.001912539,-0.004434497,-0.012704665,-0.000462729,0.002091877,0.004214475,0.006696233,0.042256884,0.060247693,0.052777447,0.11270666
/home/multiclass_classification/zebra/train/n02391049_9919.jpg,2,0.006914975,0.001990783,-0.00184268,0.004892117,0.005068725,0.012537476,0.002630704,-0.000987093,-0.006982422,-0.025273811,-0.000409186,0.017201323,0.000625187,0.019075237,0.03892402,0.059439998,0.049225185,0.11990083
/home/multiclass_classification/zebra/train/n02391049_9979.jpg,2,0.00505858,-0.004610867,-0.010570202,-0.016695533,-0.002227349,-0.006590015,-0.000327548,0.007532519,-0.006576886,-0.005440988,0.000705071,0.005859993,-0.001369082,-0.005746641,0.02255769,0.04274664,0.0397379,0.09583211
/home/multiclass_classification/zebra/train/285.jpg,2,0.001631944,-0.006770005,-0.007883207,-0.004903138,-0.001733168,-0.005965134,-0.015576258,-0.005067769,-0.011566563,-0.0277376,-0.013679634,-0.002755007,-0.002836495,0.004499047,0.028345568,0.043666683,0.046349216,0.11106889
/home/multiclass_classification/zebra/train/iimage_23 (32).jpeg,2,0.002999615,-0.002408067,-0.003823766,-0.003704811,0.004237194,0.009934932,0.006285744,3.80E-05,-0.004864722,0.00399747,-0.000525137,0.007025846,-0.000317251,0.000553001,0.024469076,0.03604763,0.04987701,0.12503266
/home/multiclass_classification/zebra/train/314.jpg,2,0.000993741,-0.003904169,-0.001767385,-0.008974356,0.000495289,-0.005762871,-0.014592909,-0.012332269,-0.01124795,-0.04392395,-0.009155571,-0.000456928,-0.007548244,-0.015934873,0.01856847,0.04679557,0.040800415,0.104749024
/home/multiclass_classification/zebra/train/n02391049_635.jpg,2,0.000529161,0.001142112,0.002185656,-0.002266595,0.001506531,-0.002002205,0.001176116,0.000202363,-0.006656041,-0.022177592,-0.004714904,0.014716124,0.001854105,0.00364387,0.043527223,0.046263106,0.058416568,0.1370822
/home/multiclass_classification/zebra/train/n02391049_9417.jpg,2,-0.002353426,-0.002978638,-0.001544917,-0.004676955,0.000112247,0.0036464,0.000496847,0.001763279,-0.002136593,-0.005145668,-0.000218029,-7.99E-05,-0.002135822,0.011001947,0.02370872,0.042050835,0.046772227,0.122608
/home/multiclass_classification/zebra/train/n02391049_907.jpg,2,0.0024722,-0.00072381,-0.001925533,-0.001918913,0.007314106,0.001945316,-0.007498722,-0.003945748,-0.007538248,-0.01997548,0.007409783,0.00712509,-0.009441383,-0.017439928,0.023206737,0.045936458,0.04066578,0.10498681
/home/multiclass_classification/zebra/train/n02391049_141.jpg,2,0.003452645,-0.006133284,-0.022090066,-0.011064845,-0.00094769,-0.000172975,-0.008340829,0.002538173,-0.009659829,-0.030692622,-0.001022689,0.001918519,-0.012521692,-0.015791701,0.020561913,0.045171194,0.044693045,0.11284509
/home/multiclass_classification/zebra/train/373.jpg,2,0.000506121,-0.002475484,-0.008521448,-0.003971212,-0.001597831,0.001535473,-0.004135099,-0.000543816,-0.002896243,-0.020518847,-0.005309725,-0.000450603,-0.006422991,0.002379378,0.024798693,0.040541537,0.04774149,0.121640116
/home/multiclass_classification/zebra/train/n02391049_2418.jpg,2,-0.00043869,-0.003597107,-0.001588562,-0.007498253,0.001692433,0.000461095,-0.005837936,0.00370945,-0.008997429,-0.017096693,-0.005624714,0.002598343,-0.007392048,-0.010816151,0.025354749,0.04777478,0.042638883,0.10781345
/home/multiclass_classification/zebra/train/n02391049_246.jpg,2,0.003758991,-0.003978722,-0.004266151,0.000440305,0.002655274,0.008648557,-0.009490838,-0.011337515,-0.013346262,-0.019438311,-0.012460712,0.005725088,-0.00348972,-0.004395749,0.021364354,0.042881355,0.048893437,0.115501404
/home/multiclass_classification/zebra/train/n02391049_4445.jpg,2,0.001384388,-0.00012533,0.005737786,-0.000810073,0.003362261,0.003627878,-0.004546213,0.000761579,-0.006793635,-0.029703349,-0.001610718,3.31E-05,-0.007620635,-0.001593844,0.027674418,0.044973504,0.04503131,0.10622445
/home/multiclass_classification/zebra/train/221.jpg,2,0.003800765,-0.002211901,-0.006098243,-0.005550355,0.002578319,0.000303824,-0.001540064,-0.003442144,-0.003814445,-0.008837039,-0.001754813,0.022999788,-0.009909162,-0.020375079,0.029501457,0.03652166,0.046783555,0.10522677
/home/multiclass_classification/zebra/train/n02391049_1459.jpg,2,0.004991854,-0.013677847,-0.027615957,-0.009740226,-0.007385688,-0.024435129,-0.015906543,-0.005786527,-0.013359167,-0.05152443,-0.020582959,-0.017030155,0.004759328,0.002395801,0.016512677,0.04580599,0.03764227,0.09840982
/home/multiclass_classification/zebra/train/image_33.jpeg,2,0.001421989,-0.00162808,-0.00012476,0.001472464,0.003196484,0.001412613,0.000856417,4.23E-05,-0.001244581,-0.007169045,0.001138333,0.017688788,-0.00175706,0.004854577,0.03789685,0.04868403,0.054486305,0.13259482
/home/multiclass_classification/zebra/train/image_49.jpeg,2,0.002659207,-0.007513274,-0.01662439,-0.008942746,0.001190134,-0.004078645,-0.000964636,-2.76E-06,-0.010042845,-0.032173753,-0.009753061,0.000446983,-0.0022669,-0.009134153,0.026828166,0.03808286,0.043258548,0.112877026
/home/multiclass_classification/zebra/train/n02391049_3319.jpg,2,0.003283916,-0.003672303,-0.003342207,-0.009479833,-0.005417434,-0.01431041,-0.003464637,-0.005279749,-0.011492219,-0.03617126,-0.004333134,-0.001124925,0.001439603,0.002917901,0.034497548,0.04599216,0.041407377,0.099220335
/home/multiclass_classification/zebra/train/n02391049_152.jpg,2,-0.003236336,-0.001909621,-0.00523445,-0.006758055,-0.002670057,-0.009976898,-0.009016668,-0.002441495,-0.004800643,-0.03251368,-0.004819588,0.013214277,-0.008523042,-0.007371997,0.023609012,0.030325776,0.047741182,0.1162083
/home/multiclass_classification/zebra/train/260.jpg,2,0.001557802,-0.005328377,-0.012741757,-0.011346838,0.003093817,0.006520652,0.000739269,0.007194846,0.001672378,-0.002731191,-0.004072337,0.004681445,-0.003579963,-0.002307471,0.024685308,0.034897827,0.03961348,0.09825739
/home/multiclass_classification/zebra/train/n02391049_7678.jpg,2,-0.001874348,-0.002953366,-0.003346724,-0.003579509,0.000537039,-0.000589555,-0.011893011,-0.000869555,-0.012535926,-0.024901658,-0.014109767,0.0008576,-0.005596768,-0.015006085,0.034391187,0.05011928,0.048668224,0.114391685
/home/multiclass_classification/zebra/train/n02391049_2922.jpg,2,0.001079542,-0.002185379,-0.008152043,-0.008874998,0.000912103,0.000453717,-0.004224123,-0.003578048,-0.009921311,-0.026142906,-0.016126048,0.006255887,-0.005124726,0.000306359,0.032065667,0.045702517,0.048755936,0.120134264
/home/multiclass_classification/zebra/train/iimage_23 (29).jpeg,2,0.00061397,-0.006734075,-0.013398228,-0.012892558,-0.008055109,-0.03371232,-0.026985172,-0.009684326,-0.017137464,-0.04704079,-0.013470989,-0.00372545,-0.011214496,-0.00711491,0.017707735,0.04296545,0.045179978,0.10991614
/home/multiclass_classification/zebra/train/n02391049_353.jpg,2,0.000453443,-0.001982993,-0.008749979,-0.001542668,-0.000977337,-0.005051222,0.004095732,-0.007118837,-0.004604367,0.000255592,0.000521124,0.019302387,0.001507484,0.01462076,0.03625244,0.050107017,0.054359138,0.12734075
/home/multiclass_classification/zebra/train/n02391049_695.jpg,2,-0.000432887,-0.001268763,0.002572741,-0.000471261,-0.003245679,-0.011146935,-0.022386521,-0.0113685,-0.010381658,-0.03419821,-0.011388456,0.009109218,-0.006978588,-0.002009758,0.035872135,0.058271673,0.03723227,0.09301769
/home/multiclass_classification/zebra/train/n02391049_7457.jpg,2,-0.003258956,-0.007601877,-0.01527841,-0.006847136,-8.99E-05,-0.005652214,-0.000995639,-0.00513504,-0.009548107,-0.023101054,-0.013737526,-0.001556597,-0.001938364,-0.002572853,0.014510091,0.04674904,0.03869514,0.09154791
/home/multiclass_classification/zebra/train/n02391049_6378.jpg,2,8.23E-05,-0.003247334,-0.007434958,-0.004445974,0.004351028,0.006509519,-0.006463855,-0.003676173,-0.010632295,-0.037442453,-0.010885347,-0.005041859,-0.003835363,-0.006692232,0.02275794,0.054249726,0.041970823,0.097258456
/home/multiclass_classification/zebra/train/n02391049_3371.jpg,2,0.001104763,0.004205046,0.003889037,0.000440131,0.003824473,0.008054929,-0.01384122,0.002825538,-0.011269426,-0.03133785,-0.007726195,0.00030666,-0.007717584,0.003705549,0.030053604,0.054453686,0.043208733,0.10711837
/home/multiclass_classification/zebra/train/062.jpg,2,0.001040685,-0.003324672,-0.002951467,-0.007220078,0.001083046,0.006110959,-0.005234423,-0.001375093,-0.003777052,-0.011060175,0.001509026,0.016020626,-0.000953936,0.003170959,0.043015175,0.058315936,0.045498423,0.115902334
/home/multiclass_classification/zebra/train/n02391049_2616.jpg,2,0.005377865,-0.004588738,-0.004399743,-0.00452826,-0.003344441,0.002486449,-0.015407093,-0.003800145,-0.011066973,-0.038926415,-0.020405695,0.001470678,-0.013085724,-0.032942146,0.021880269,0.040464915,0.04263521,0.11616956
/home/multiclass_classification/zebra/train/image_62.jpeg,2,0.0004603,-0.000319937,-0.004594567,0.000163453,0.000391274,0.006487571,-0.009934413,-0.000446562,-0.00433039,-0.028255753,0.005769816,0.016835814,-0.000819266,0.01258309,0.046344727,0.055425823,0.051595185,0.11935363
/home/multiclass_classification/zebra/train/374.jpg,2,0.001146493,-0.002888384,-0.004336095,-0.000542945,-0.00327148,-0.01152159,-0.025099996,-0.00429054,-0.005987296,-0.03966567,-0.007928115,0.004691618,-0.003556792,-0.005745394,0.014592657,0.035479717,0.04022306,0.10766131
/home/multiclass_classification/zebra/train/165.jpg,2,0.000655398,-0.000933353,-0.005969348,-0.001519593,-0.005102241,-0.010743963,-0.012407649,-0.006634399,-0.012024814,-0.028216142,-0.009497331,0.005377374,-0.003048935,-0.013636887,0.014466936,0.025112242,0.046624452,0.10481481
/home/multiclass_classification/zebra/train/n02391049_2048.jpg,2,0.005387419,-0.000609502,0.001088211,-0.000201386,-0.000301671,-0.001751606,-0.004508437,-0.007777229,-0.007750216,-0.03991695,-0.00343692,0.005867615,0.000233925,-0.007795116,0.030120607,0.04926219,0.042694308,0.10974204
/home/multiclass_classification/zebra/train/n02391049_2146.jpg,2,0.001154879,-0.003995463,-0.002103036,-0.006975842,-0.000275801,-0.004114867,-0.011782772,-0.003638681,-0.006912703,-0.033292737,-0.000614679,0.002468061,-0.006100485,-0.01073413,0.03262563,0.05614288,0.039239164,0.10489863
/home/multiclass_classification/zebra/train/n02391049_4974.jpg,2,0.002152997,-0.002408558,-0.008071938,-0.003061808,0.000433719,0.001079327,0.002897223,0.000447073,-0.00193132,-0.008710966,-0.00472549,0.014802938,-0.004795819,0.005742348,0.046782043,0.047115333,0.049019724,0.120380744
/home/multiclass_classification/zebra/train/047.jpg,2,-0.001567283,-0.004554143,-0.00772241,-0.005079686,0.00261993,0.00620235,-0.007545531,-0.008834075,-0.011409914,-0.03618379,-0.005000695,0.011422908,-0.008600403,-0.018416658,0.02872921,0.037413627,0.04262357,0.101214826
/home/multiclass_classification/zebra/train/n02391049_1236.jpg,2,0.004461539,-0.0008107,-0.003460612,0.002213164,-0.006588392,-0.005469265,-0.012448506,-0.006908746,-0.005491317,-0.020417958,-0.002879631,0.016265234,-0.006297379,-0.004906084,0.042702865,0.036726777,0.04975733,0.11820423
/home/multiclass_classification/zebra/train/28d35d124d.jpg,2,0.000763276,-0.003160844,-0.000956769,-0.004870351,-0.008834522,-0.02159393,-0.014001828,0.000145535,-0.015554005,-0.036020808,-0.018353324,-0.001052833,-0.00443995,-0.008753744,0.004981272,0.008737559,0.053060614,0.09595463
/home/multiclass_classification/zebra/train/n02391049_6012.jpg,2,-0.00236014,-0.003940369,-0.007793391,-0.003319218,-0.003069157,-0.007890874,0.009120292,0.005817841,0.001715803,-0.00871516,-0.002457559,0.011077778,-0.00830907,-0.013354113,0.027091064,0.046322286,0.050550785,0.11784027
/home/multiclass_classification/zebra/train/n02391049_3365.jpg,2,-0.001736695,-0.00579884,-0.005961481,-0.010185514,0.000427647,-0.002941072,-0.016028628,-0.008591305,-0.007833128,-0.036513887,-0.003815895,0.006590219,-0.009466642,-0.01501287,0.020489775,0.045377392,0.043030217,0.107012495
/home/multiclass_classification/zebra/train/n02391049_3232.jpg,2,0.003317238,-0.006546924,-0.01323751,-0.012448947,-0.000312946,-0.006505321,0.001594926,-0.002123808,-0.005318155,-0.016551115,-0.008567647,-0.002428985,-0.001847143,-0.008455636,0.026564494,0.028527625,0.044945624,0.10718919
/home/multiclass_classification/zebra/train/n02391049_5295.jpg,2,0.00104075,-0.004428989,-0.004844925,-0.002772757,-0.001533704,-0.002836641,-0.006350967,-0.007482974,-0.009503463,-0.030141763,0.003841838,0.015196322,-0.002937923,0.007120972,0.03809217,0.023866884,0.050199043,0.12322706
/home/multiclass_classification/zebra/train/n02391049_3069.jpg,2,-0.000853915,-0.001237834,-0.00790609,-0.009385617,0.002349706,0.001608351,-0.001360719,0.00193908,-0.006611245,-0.013606778,-0.010370601,0.001319671,-0.008040119,-0.010551995,0.010935112,0.05419892,0.04827346,0.116664544
/home/multiclass_classification/zebra/train/image_121.jpeg,2,0.002624943,-0.001857395,-0.00489049,-0.000880851,0.000997885,-0.004634246,-0.013435062,-0.00567425,-0.008011988,-0.042305946,-0.016954778,0.007751166,-0.00450213,-0.007691195,0.025997033,0.048382506,0.04520428,0.10331885
/home/multiclass_classification/zebra/train/n02391049_4814.jpg,2,-0.003530595,0.000379211,0.000545923,-0.00471147,0.006806791,-0.00146908,-0.009839986,-0.002075172,-0.005596047,-0.026066521,-0.015563168,0.010872926,-0.008427149,-0.014941116,0.01772096,0.0371745,0.042910162,0.109850064
/home/multiclass_classification/zebra/train/n02391049_3229.jpg,2,0.001265374,-0.003930033,-0.006814967,-0.012434067,0.000667029,7.24E-05,-0.010224078,-0.004029817,-0.010422638,-0.04661642,-0.019179018,-0.003797318,-0.008079039,-0.014268564,0.014119339,0.041309156,0.046334982,0.11160251
/home/multiclass_classification/zebra/train/image_52.jpeg,2,0.004006758,-0.000373852,-0.002561058,-0.002111077,-0.000943242,-0.005782028,-0.013562653,-0.005920864,-0.010001976,-0.031676013,-0.003611814,0.016010776,-0.005612214,-0.023306066,0.028344594,0.047647618,0.04972206,0.11784123
/home/multiclass_classification/zebra/train/n02391049_7557.jpg,2,0.005537059,-0.003060001,-0.010059415,-0.006865549,0.000691266,0.001790207,-0.00281711,0.006313625,0.001962787,-0.013224797,-0.011679746,-0.007273749,-0.007450431,-0.00829638,0.011640296,0.039601382,0.03520496,0.09379413
/home/multiclass_classification/zebra/train/088.jpg,2,-0.001352168,-0.003420291,-0.003353356,-0.003326408,-0.004386985,-0.006467506,-0.015399845,-0.007897912,-0.009569915,-0.02726918,-0.003759053,0.010266012,-0.004890542,-0.003417945,0.030901818,0.047837257,0.04579073,0.11603018
/home/multiclass_classification/zebra/train/n02391049_3578.jpg,2,0.002609855,-0.007764221,-0.006802479,-0.001965241,0.002425861,-0.003156857,-0.008825503,0.000784024,-0.007844687,-0.010092746,-0.010593716,0.009988726,-0.004810334,-0.012596336,0.03611562,0.05182456,0.046808004,0.11848987
/home/multiclass_classification/zebra/train/n02391049_4889.jpg,2,-0.006978231,-0.001374374,0.001494137,0.001402928,5.29E-05,-0.015720317,-0.008174241,0.002622523,-0.014561033,-0.047761805,-0.015488543,-9.47E-05,-0.004304065,-0.005208642,0.02367015,0.04701637,0.052121088,0.12385041
/home/multiclass_classification/zebra/train/n02391049_6856.jpg,2,0.009282986,0.000478619,0.001457728,-0.001787373,0.004502911,-0.005357528,-0.012603069,0.000392247,-0.00894846,-0.032467075,-0.000567261,0.001619017,-0.002913572,0.004088571,0.021015897,0.040056236,0.044058636,0.10407696
/home/multiclass_classification/zebra/train/n02391049_4448.jpg,2,-0.003695958,0.002273885,0.008681766,0.004435939,0.006409827,0.019601006,0.003154151,0.004470105,-0.002490778,-0.005632132,1.37E-05,0.020263752,-0.002979354,-0.009342393,0.034886643,0.04983922,0.050046287,0.124279164
/home/multiclass_classification/zebra/train/n02391049_6866.jpg,2,-0.005170119,-0.000868795,-0.006405399,-0.005126549,0.006751637,0.007443674,-0.004357921,-0.007538213,-0.011463696,-0.03682763,-0.014953265,0.001214495,-0.002805996,-0.000249612,0.03359275,0.044160478,0.04836449,0.11596897
/home/multiclass_classification/zebra/train/zebra (47).jpg,2,0.004394493,-0.000685147,-0.006000332,-0.001283638,0.006492261,0.004108429,0.00696392,0.003388154,-0.003381609,-0.007370281,-0.004386859,0.009716333,0.003043991,-0.00352502,0.012855673,0.036962777,0.04716689,0.10846299
/home/multiclass_classification/zebra/train/320.jpg,2,0.003567209,-0.002103389,-0.000150713,0.004876041,0.000140112,-0.004316779,-0.0033495,-0.001996037,-0.004155319,-0.015741684,0.005293495,0.005533891,-0.004178659,-0.025829237,0.01108071,0.036367744,0.039889235,0.099957846
/home/multiclass_classification/zebra/train/n02391049_1163.jpg,2,0.000771591,-0.00109965,-0.005904137,-0.012273655,-0.003186781,-0.008896107,-0.000392344,0.004670776,-0.003687734,-0.020430434,-0.002025145,-0.001983861,-0.000343024,-0.014454087,0.01407912,0.039618414,0.04198168,0.10765642
/home/multiclass_classification/zebra/train/n02391049_437.jpg,2,0.008973546,-0.001562562,-0.004585176,-0.004623844,-0.002526323,0.002511862,-0.003277731,-0.004008771,-0.007410101,-0.004876479,0.000294702,0.021826357,0.006860333,0.010502607,0.041158766,0.04231927,0.049386553,0.12667608
/home/multiclass_classification/zebra/train/n02391049_7261.jpg,2,0.002667473,-0.005896312,-0.011205237,-0.004346832,-0.003583443,-0.01732194,-0.010505555,-0.010275397,-0.00977087,-0.042226255,-0.01727865,0.001344003,-0.011348674,-0.004648304,0.014455995,0.039552573,0.038562726,0.09275645
/home/multiclass_classification/zebra/train/zebra (8).jpg,2,0.004796965,-0.003351974,-0.012435431,-0.001553403,8.60E-05,-0.001344764,-0.020567471,-0.02019505,-0.01315704,-0.039886694,-0.013085904,0.00837201,-0.005466309,-0.010210093,0.012332754,0.046927348,0.03970833,0.09466504
/home/multiclass_classification/zebra/train/n02391049_773.jpg,2,0.000487628,-0.002552986,-0.002289712,-6.51E-05,0.007096617,0.019971676,-0.004982915,0.000905514,0.000985652,0.007353223,0.003868153,0.025494983,-0.003220621,0.0051087,0.041070126,0.04935667,0.052916467,0.1239622
/home/multiclass_classification/zebra/train/zebra (20).jpg,2,-0.00082302,-0.003363519,-0.009594977,-0.001780757,-0.000492496,-0.003700956,-0.008551119,-0.001262065,-0.006998607,-0.01941035,0.001274047,0.021715894,0.007096849,-0.002461986,0.042372055,0.056156114,0.04744609,0.11737489
/home/multiclass_classification/zebra/train/n02391049_626.jpg,2,0.0047489,-0.000607695,-0.004775437,0.003386445,0.003800499,0.003737622,-0.004327772,-7.48E-05,0.000206341,-0.020033551,0.002684001,0.03474537,0.001101227,0.016703445,0.053067185,0.08097784,0.049625922,0.09500229
/home/multiclass_classification/zebra/train/n02391049_2294.jpg,2,0.005273954,-0.002322073,0.003429351,-0.006278252,-0.004859733,-0.022463078,-0.010582745,-0.007194995,-0.009409055,-0.026950087,0.011860948,0.010937813,-0.006996217,-0.006185017,0.027815392,0.045116086,0.049228147,0.11615014
/home/multiclass_classification/zebra/train/n02391049_1172.jpg,2,-0.005686204,-0.001493133,-0.00481983,-0.002050184,6.52E-05,-0.008797864,-0.00851785,0.00109651,-0.007350973,-0.034890335,-0.003873708,0.002286946,-0.002197379,-0.008672237,0.028207475,0.04429049,0.04299313,0.109241895
/home/multiclass_classification/zebra/train/n02391049_8387.jpg,2,0.001589522,0.00013393,0.000653644,-0.000446477,0.004265017,0.005188703,-0.002807524,0.004524,-0.005494453,-0.025916114,-0.017296085,-0.001201885,-0.01218294,-0.030384544,0.015743801,0.026862305,0.043194227,0.10960667
/home/multiclass_classification/zebra/train/n02391049_1404.jpg,2,0.003196195,-0.002036361,-0.001684675,-0.002003789,0.004124099,-0.003839895,-0.009537154,-0.000528251,-0.008916399,-0.019461758,-0.005019552,0.011469318,-0.00964796,-0.014368638,0.042355955,0.048796076,0.039597724,0.10473804
/home/multiclass_classification/zebra/train/image_163.jpeg,2,0.001078006,-0.005342825,-0.007310647,-0.004656815,-0.002617102,-0.017445864,-0.011406884,-0.006594098,-0.009427776,-0.029042717,-0.003173916,0.016048774,-0.004817054,-0.009777204,0.019022651,0.04549915,0.047461845,0.11552998
/home/multiclass_classification/zebra/train/n02391049_2997.jpg,2,-0.001143495,0.000234339,-0.002227376,-0.00018664,0.001728001,-0.00405542,-0.009152906,-0.006993287,-0.008522861,-0.013069354,-0.003384945,0.013378597,-0.000308931,0.00849598,0.028871642,0.03213014,0.05499124,0.12425567
/home/multiclass_classification/zebra/train/347.jpg,2,-0.000862066,-0.00093929,-0.007360062,-0.004290625,0.001349514,-0.004182262,-0.012794955,-0.001879099,-0.006154135,-0.013999246,0.001422429,2.65E-06,0.002723457,-0.001228082,0.022506751,0.040745653,0.042436026,0.10709892
/home/multiclass_classification/zebra/train/n02391049_608.jpg,2,-0.001105187,-0.000920192,0.002210145,-0.001221769,0.003802839,0.001010375,0.002586223,0.001523695,0.001423866,0.003617944,-0.002314773,0.019960638,-0.001820882,0.008551609,0.055975728,0.051713157,0.04742481,0.1370057
/home/multiclass_classification/zebra/train/n02391049_5889.jpg,2,0.000580856,-0.002419138,0.000987027,-0.002474716,0.002604901,0.001782171,0.006103968,0.010417562,0.003479959,0.003099624,0.00571615,0.03440644,-0.001504817,0.007119819,0.066340595,0.046084616,0.060553744,0.124451034
/home/multiclass_classification/zebra/train/044.jpg,2,0.003417611,-0.003614996,-0.008170035,0.000639306,-0.000776285,-0.005938238,-0.01045607,0.000936445,-0.00516056,-0.029838912,-0.000454839,0.007674253,0.001417958,-0.008014414,0.03652615,0.05544564,0.04060924,0.101851374
/home/multiclass_classification/zebra/train/n02391049_421.jpg,2,0.00034662,-0.001953428,-0.010647684,-0.008873649,-0.001202464,-0.000170719,-0.001738538,-0.002772538,-0.008825919,-0.028191501,-0.015010249,0.003065665,0.001394563,-0.011573251,0.03091735,0.03629456,0.047451153,0.120703615
/home/multiclass_classification/zebra/train/302.jpg,2,0.001277582,-0.003976954,0.000563052,-0.003849694,-0.001126696,-0.008658577,-0.004434031,-0.000570342,-0.008087326,-0.035709426,-0.005079552,0.004143801,-0.009133155,-0.015710935,0.008608287,0.040830545,0.04289369,0.10066492
/home/multiclass_classification/zebra/train/image_182.jpeg,2,-0.000222474,-0.000658264,-0.001362204,-0.000515285,-0.004308101,-0.016839853,-0.028142236,-0.017498624,-0.015880935,-0.052057795,-0.015270656,0.008304197,-0.007992936,-0.008373479,0.0285451,0.04182417,0.047469486,0.109766625
/home/multiclass_classification/zebra/train/n02391049_554.jpg,2,0.002421736,-0.004729096,-0.008663455,-0.011763001,-0.007222658,-0.007908272,0.002130305,0.008139889,0.001735392,0.007205539,6.97E-05,0.006162338,0.004047892,-0.003912894,0.020780321,0.0235317,0.037109554,0.09270562
/home/multiclass_classification/zebra/train/094.jpg,2,0.001164903,-0.001056248,-0.004539597,-0.007175157,0.001342938,0.00752154,-0.005320156,-0.007193138,-0.008179322,-0.020834757,0.004857526,0.000521036,-0.005361836,-0.007093897,0.017100386,0.0408687,0.041638136,0.1098014
/home/multiclass_classification/zebra/train/image_64.jpeg,2,0.003135037,-0.005278884,-0.009476825,-0.010398463,0.005112588,0.011936091,0.003627453,-0.003279585,-0.010571307,-0.032907225,-0.010282466,0.011081386,-0.001190291,-0.005639675,0.028618721,0.03908214,0.041656625,0.11484881
/home/multiclass_classification/zebra/train/81b246ab40.jpg,2,-0.001638165,-0.003478828,-0.013667556,0.004297753,0.002032853,-0.003331683,-0.008519977,0.005804578,-0.005303981,-0.01460626,0.010976095,0.017093629,0.000463862,0.009316243,0.040802196,0.046828844,0.05032267,0.11412993
/home/multiclass_classification/zebra/train/n02391049_897.jpg,2,0.000493169,-0.001217254,-0.011144976,0.004114275,0.005685019,0.002100959,-0.001655664,0.009308429,0.000153538,-0.005173378,0.022287112,0.026419334,0.001112144,0.011228913,0.050794035,0.062257513,0.058306016,0.1317679
/home/multiclass_classification/zebra/train/n02391049_7566.jpg,2,-0.002258438,0.002033428,0.010127321,0.003916148,0.009011122,0.015089884,0.006734079,0.006631333,0.001962867,0.002446415,0.009406673,0.0292685,0.01998682,0.046639554,0.072247595,0.0644414,0.06174624,0.11415632
/home/multiclass_classification/zebra/train/n02391049_713.jpg,2,0.003628907,0.001149574,4.35E-05,0.008773708,0.001420263,-0.003559133,-0.01480512,-0.017369322,-0.014935255,-0.040558968,-0.01405832,0.011816759,-0.007233886,-0.011759641,0.037270162,0.06552626,0.04708416,0.106650054
/home/multiclass_classification/zebra/train/n02391049_2464.jpg,2,0.003129375,-0.002716907,-0.006615996,-0.005174621,0.000716396,5.49E-05,-0.000662793,-0.008583567,-0.009251501,-0.009133867,-0.001934028,0.017914455,0.000498415,-0.014462072,0.033321526,0.05209165,0.044829097,0.11751373
/home/multiclass_classification/zebra/train/325.jpg,2,0.002600038,-0.003367323,-0.000206297,-0.010861509,-0.001032095,-0.010664345,-0.016149854,-0.005965651,-0.010431754,-0.027451389,-0.011225015,-0.010458794,-0.003783864,-0.00828803,0.013953298,0.03072865,0.046505414,0.10861253
/home/multiclass_classification/zebra/train/n02391049_5189.jpg,2,-0.003114681,-0.000682586,-5.26E-05,0.000330014,0.001489082,0.000973864,-0.010749205,-0.0029336,-0.005771393,-0.010096909,-0.005983011,0.015727546,-0.004496003,-0.001239142,0.041537575,0.04317849,0.055885237,0.12587544
/home/multiclass_classification/zebra/train/n02391049_2984.jpg,2,0.004871927,-0.00194474,-0.010724358,-0.005085957,0.001175992,0.000310214,-0.00986308,0.000240059,-0.005157597,-0.025752306,-0.00710246,0.01106226,-0.008811394,-0.014433718,0.019262195,0.039478414,0.045903563,0.10926649
/home/multiclass_classification/zebra/train/n02391049_10825.jpg,2,-0.002922067,-0.003024216,-0.003620389,-0.004136901,0.006922859,0.00649868,-0.004598836,-0.008472929,-0.014735762,-0.019566216,-0.004654461,0.005463139,0.000309045,-0.006881091,0.04641374,0.05654873,0.050023373,0.114872195
/home/multiclass_classification/zebra/train/n02391049_3293.jpg,2,8.57E-05,0.000256988,0.001798337,-0.004514643,-0.001216659,-0.014782079,0.001123674,0.003673564,-0.000397993,-0.014698781,0.00311417,0.003127593,-0.006152702,-0.016844569,0.012650006,0.045841664,0.035085443,0.09664386
/home/multiclass_classification/zebra/train/n02391049_4824.jpg,2,0.001495569,-0.000731143,-0.002310453,-0.002554426,0.007686159,0.024827033,-0.003078117,-1.36E-05,-0.005050739,-0.008743007,0.003656515,0.013582132,-0.006265897,-0.011262093,0.040732108,0.056091137,0.044670865,0.11685221
/home/multiclass_classification/zebra/train/n02391049_2639.jpg,2,0.006498937,3.13E-05,-0.00013612,0.002633276,0.00314724,3.53E-05,-0.007887759,-0.004371611,-0.003190512,-0.013083464,-4.17E-05,0.023329107,-0.000903327,0.00356266,0.048739925,0.053233422,0.04743562,0.11494831
/home/multiclass_classification/zebra/train/n02391049_2857.jpg,2,0.001965737,0.001476482,-0.002276818,-0.004930068,-0.001743115,-0.013114011,-0.012573386,0.001821105,-0.008396597,-0.022367837,0.003318567,0.010505528,-0.000793733,0.012395844,0.047518827,0.06622297,0.05059956,0.12003397
/home/multiclass_classification/zebra/train/n02391049_4969.jpg,2,0.001590252,-0.00131614,-0.004554656,-0.006588187,0.006894033,0.013091401,-0.003156162,-0.003274543,-0.009685459,-0.0318422,-0.006784591,0.011560937,-0.008815203,-0.011887069,0.017608536,0.046186734,0.04854334,0.1162432
/home/multiclass_classification/zebra/train/n02391049_4027.jpg,2,0.000772249,0.000750556,-0.00110287,-0.005212839,-5.96E-06,0.003638417,0.004736376,0.004859479,-0.002538821,-0.02384339,-0.001030314,0.009422998,0.001964065,0.005523308,0.04760377,0.050513055,0.04744836,0.11297037
/home/multiclass_classification/zebra/train/n02391049_873.jpg,2,0.00389143,-0.001346985,-0.002178367,0.0033999,0.00561394,0.006886658,-0.005619267,-0.006097304,-0.009921129,-0.016615355,-0.009859841,0.010107727,0.000994707,-0.003376731,0.030895444,0.056452427,0.046648026,0.101123236
/home/multiclass_classification/zebra/train/n02391049_46.jpg,2,0.00117572,-0.003167945,-0.006740404,-0.003252958,-9.99E-05,-0.000506902,-0.00231108,-0.000206251,-0.001611001,-0.017068466,-0.000705896,0.026157502,-0.006671124,-0.008081038,0.034604084,0.029414272,0.05353858,0.1271782
/home/multiclass_classification/zebra/train/iimage_23 (22).jpeg,2,0.00041711,0.000804663,-0.008172322,-0.001617629,0.001902663,0.002075235,0.00119467,-0.003935304,-0.007514888,-0.022231612,-0.007494788,0.014856489,0.005457408,-0.005052641,0.03104669,0.03643302,0.04765542,0.117890075
/home/multiclass_classification/zebra/train/n02391049_8659.jpg,2,0.000963576,-0.00032564,0.00235185,-0.000852858,0.006190858,0.002179624,-0.017963888,-0.011925019,-0.009942533,-0.031997137,-0.008773649,0.00307431,-0.00990738,-0.015268531,0.028566238,0.0362436,0.04035428,0.109386116
/home/multiclass_classification/zebra/train/n02391049_2225.jpg,2,0.001958384,-0.000728043,-0.003421307,-0.002104284,-0.003582293,-0.005051263,-0.013183139,-0.004643874,-0.006619369,-0.025390401,-0.012223888,0.022353182,0.007948416,0.006973556,0.042452015,0.052337654,0.051435623,0.12094341
/home/multiclass_classification/zebra/train/n02391049_11153.jpg,2,0.001334272,-0.003673757,-0.009649935,-0.002977389,0.00067494,0.004837561,0.006144686,0.004349348,-0.000181613,-0.01109473,0.013202876,0.02620149,0.003708988,0.01850898,0.05968695,0.047699347,0.057900056,0.1345846
/home/multiclass_classification/zebra/train/295.jpg,2,0.006390376,-0.009616019,-0.02398036,-0.003867494,0.001860419,-0.000807419,-0.020288112,0.003022419,-0.009542321,-0.033670027,-0.001612932,0.010292407,-0.001649219,0.001095283,0.018840669,0.044713937,0.03639172,0.08445842
/home/multiclass_classification/zebra/train/132.jpg,2,0.000230528,-0.004092557,-0.010363625,-0.004084411,-0.002914257,-0.011011506,-0.015693832,0.000451706,-0.010734942,-0.051567305,-0.020353183,-0.004965977,-0.004041678,-0.002677728,0.005239346,0.05182316,0.036001034,0.093692094
/home/multiclass_classification/zebra/train/n02391049_659.jpg,2,-0.001007312,0.001889418,0.001168254,-0.001570505,0.002984007,-0.002808868,-0.00697256,0.000531542,-0.006675092,-0.01992974,-0.007011346,0.00541287,-0.011564439,-0.020604417,0.034400463,0.0417309,0.040724363,0.10033112
/home/multiclass_classification/zebra/train/n02391049_9777.jpg,2,0.001542045,9.56E-06,0.000511768,-0.006066165,7.66E-05,-0.003974788,-0.00380343,0.001735263,-0.003778472,-0.018049058,-0.008219073,0.01015643,-0.002012917,0.003305403,0.028049927,0.022975834,0.04824987,0.11521834
/home/multiclass_classification/zebra/train/149.jpg,2,0.001281396,0.001026346,-0.000730118,0.002791185,0.002545324,0.009679696,-0.009920439,-0.009003066,-0.006533235,-0.036392704,-0.004220654,0.005213704,-0.009002249,-0.00342817,0.02242862,0.0427019,0.041208938,0.114188135
/home/multiclass_classification/zebra/train/n02391049_738.jpg,2,-0.002246956,0.000745346,0.001076539,-0.000127246,0.004171565,0.013809538,0.010369744,0.000509011,0.004657705,0.008426013,0.015039737,0.041358054,0.018927716,0.039794005,0.060079746,0.04589936,0.050267443,0.11249125
/home/multiclass_classification/zebra/train/n02391049_10324.jpg,2,0.000914795,-0.00191835,-0.00442688,-0.001485483,0.003490842,0.010854355,0.000188798,-0.00421357,-0.012533839,-0.03258154,-0.009617293,0.014518524,-0.003405926,0.004254785,0.038229175,0.054361537,0.044519782,0.11045776
/home/multiclass_classification/zebra/train/zebra (7).jpg,2,0.004796965,-0.003351974,-0.012435431,-0.001553403,8.60E-05,-0.001344764,-0.020567471,-0.02019505,-0.01315704,-0.039886694,-0.013085904,0.00837201,-0.005466309,-0.010210093,0.012332754,0.046927348,0.03970833,0.09466504
/home/multiclass_classification/zebra/train/n02391049_357.jpg,2,1.57E-05,-0.001826325,-0.00507391,-0.006540624,-0.002343452,-0.00828878,-0.015686482,0.003009118,-0.009101357,-0.02116519,0.000852943,0.01826913,-0.004145697,-0.005177149,0.044969015,0.04118908,0.04909675,0.12069619
/home/multiclass_classification/zebra/train/n02391049_3958.jpg,2,0.00188051,-0.00306164,-0.007565081,-0.011929748,-0.003615486,-0.012639332,-0.008275683,-0.004232234,-0.003412675,-0.020937793,0.002810189,-0.001795983,-0.006380283,-0.015780624,0.026962915,0.042310745,0.03914097,0.095236525
/home/multiclass_classification/zebra/train/n02391049_5595.jpg,2,-0.001513028,-0.004881951,-0.007558378,0.000518362,0.00457805,0.012007738,0.007849973,0.006921568,-0.007491934,-0.030117424,-0.000293545,0.021854121,0.002610703,0.01287043,0.0581581,0.056310862,0.05207332,0.124589264
/home/multiclass_classification/zebra/train/n02391049_2341.jpg,2,0.000490106,0.000917878,0.00758656,-0.001044712,-0.000736144,-0.001511241,0.009752433,0.00629086,0.0025918,-0.001532436,0.000813392,0.010459397,-0.001803734,-0.00384343,0.02639523,0.023134045,0.046309,0.11061254
/home/multiclass_classification/zebra/train/n02391049_343.jpg,2,0.007369135,-9.54E-05,-7.75E-05,0.000710696,0.002178981,0.001124833,-0.008275336,-0.00505762,-0.003950622,-0.022470146,0.006399292,0.013150539,-0.000735703,0.015782678,0.041781574,0.054254442,0.056550004,0.120846584
/home/multiclass_classification/zebra/train/n02391049_2656.jpg,2,0.001649741,-0.000591387,-0.001767283,0.006683596,0.00265844,0.00311017,0.007249651,0.008575196,-0.001258977,0.002461589,0.010766558,0.028094016,0.005624857,-0.002025577,0.032488618,0.0509933,0.04733315,0.11711777
/home/multiclass_classification/zebra/train/n02391049_5005.jpg,2,0.003090024,-0.002775584,-0.010909202,-0.009947326,0.001235061,0.000626478,0.002760308,0.003921018,-0.001801382,-0.000841546,0.002765172,0.007420472,-0.006209955,-0.000446466,0.02749298,0.014597368,0.048128672,0.11830281
/home/multiclass_classification/zebra/train/n02391049_2747.jpg,2,0.008525959,-0.002208276,-0.007711645,0.001191879,0.00223027,0.009617179,0.004968539,0.006530261,0.000892782,0.000902919,0.011742258,0.027453367,0.00627389,0.022925016,0.050519325,0.046840746,0.060666658,0.1446936
/home/multiclass_classification/zebra/train/n02391049_2549.jpg,2,0.001022776,-0.003427101,-0.001239995,-0.003782837,-0.005499351,-0.01183393,-0.011742378,-0.00552563,-0.013673413,-0.037065186,-0.016025607,-0.009223194,-0.007322653,-0.020511685,0.02160609,0.022670517,0.040405326,0.109771885
/home/multiclass_classification/zebra/train/n02391049_2709.jpg,2,0.002891996,-0.002798312,-0.001483887,-0.004204487,0.000289655,-0.006196454,0.00310569,-0.005068483,-0.007850311,-0.020210497,-0.000492682,0.021998337,0.006781467,0.018911539,0.03832775,0.03412492,0.05328534,0.12199308
/home/multiclass_classification/zebra/train/image_143.jpeg,2,4.10E-05,-0.004008032,-0.0083837,-0.006662143,0.002097942,-2.34E-05,-0.005089293,-0.001570305,-0.006682148,-0.024642333,6.90E-05,-0.00223443,-0.005463185,0.002509777,0.019485693,0.034627028,0.04290595,0.11058684
/home/multiclass_classification/zebra/train/n02391049_1417.jpg,2,0.002503513,0.000577472,-0.000405126,-0.005818739,0.006018056,0.017663816,-0.002055993,-0.004559846,-0.007377305,-0.033278268,-0.001748726,0.020384442,-0.007762322,-0.013886143,0.04110372,0.050828822,0.041127853,0.110677525
/home/multiclass_classification/zebra/train/n02391049_835.jpg,2,-0.003151625,0.000910546,0.00147154,-0.005649908,-0.000828312,-0.001172099,-0.003074961,0.003623686,-0.00234498,-0.019695261,0.001975142,0.019558266,-0.003448411,-0.021036718,0.029698148,0.04585397,0.036035456,0.10506813
/home/multiclass_classification/zebra/train/image_174.jpeg,2,0.003689846,-0.00508742,-0.007403872,-0.011855504,0.000979191,0.004549198,-0.00777239,-0.014335513,-0.014623079,-0.041797064,-0.013482362,0.013798617,0.000911086,-0.002027708,0.051163055,0.056295164,0.041048896,0.101422325
/home/multiclass_classification/zebra/train/n02391049_9542.jpg,2,0.002814483,0.002024421,0.001933201,0.002671446,-0.000741903,0.007331937,0.002070839,0.006135383,0.005589296,0.017077878,0.026176685,0.03363306,0.01408574,0.047090337,0.07253958,0.05229523,0.047358587,0.107290804
/home/multiclass_classification/zebra/train/n02391049_4682.jpg,2,0.000237859,-0.00313731,-0.013119869,-0.005003257,-0.002348273,-0.00080997,-0.008517169,-0.010671443,-0.011931099,-0.03719084,-0.004945955,0.004133971,0.004879768,-0.005672965,0.013681374,0.029700464,0.03368804,0.09513433
/home/multiclass_classification/zebra/train/227.jpg,2,0.003290497,-0.004357166,-0.001206502,-0.003152584,0.000709229,-0.00489267,-0.015920516,-0.004765143,-0.006846639,-0.032961264,-0.006164314,0.003374018,-0.003387369,-0.002377814,0.028857954,0.05458512,0.049794212,0.12314899
/home/multiclass_classification/zebra/train/n02391049_2848.jpg,2,-0.000959502,0.001863568,-0.003243525,-0.00841812,-0.000197842,-0.003834522,0.003460533,0.004571328,0.001012398,-0.003715492,0.006205034,0.009248132,-0.000100176,0.006036474,0.011392672,0.02679725,0.04429301,0.10832607
/home/multiclass_classification/zebra/train/n02391049_2875.jpg,2,0.000604267,0.001628856,0.001997385,0.003159651,0.001970411,0.014773152,0.014291095,0.012674432,0.01009199,0.011562012,0.016164396,0.03340655,0.012701616,0.04302115,0.066275805,0.05557073,0.065621875,0.14869258
/home/multiclass_classification/zebra/train/n02391049_1419.jpg,2,0.004067697,-0.003423981,-0.0043649,-0.006635503,0.004211409,-0.001729135,-0.011270448,-0.004059544,-0.012927711,-0.035345588,-0.000595822,0.008281803,-0.012163161,-0.007684291,0.022632074,0.05172173,0.04285884,0.114789024
/home/multiclass_classification/zebra/train/n02391049_8657.jpg,2,0.000145364,0.000364879,-0.00526231,-0.002927355,-0.001668316,-0.003885847,-0.006410102,-0.007699159,-0.006835256,-0.02272759,-0.005549935,0.011352033,-0.006055994,-0.013872699,0.016760545,0.028952334,0.041206557,0.10188928
/home/multiclass_classification/zebra/train/376.jpg,2,0.000215586,-0.00654446,-0.015909784,-0.009078285,-0.001192025,-0.012277031,-0.001807082,-0.00323719,-0.00509006,-0.02680983,-0.010802532,-0.002799065,-0.004692735,-0.006849153,0.004731096,0.039469793,0.035351608,0.09610936
/home/multiclass_classification/zebra/train/n02391049_2321.jpg,2,0.001326493,-0.002248918,-0.000637902,0.000875558,0.002175617,-0.002868371,-0.011681479,-0.003744336,-0.009391356,-0.02261246,0.001431729,0.011844253,-0.002763247,-0.00535162,0.035117,0.051165733,0.044395886,0.10569829
/home/multiclass_classification/zebra/train/n02391049_2295.jpg,2,-0.004221901,-0.002868368,-0.008743824,-0.003286041,0.002213674,0.009931559,0.005992207,0.006834891,-0.011742262,-0.017364562,-0.000101015,0.003675371,-0.009289613,-0.014218964,0.030723216,0.037886605,0.049092125,0.12206325
/home/multiclass_classification/zebra/train/733f88ba78.jpg,2,-0.005258299,-0.001932032,-0.003877033,-0.009454349,0.000123588,-0.008353421,-0.008183831,-0.00496625,-0.01740901,-0.04509283,-0.017751371,0.001892694,-0.003883078,-0.023885356,0.03975623,0.04874935,0.041747373,0.100929245
/home/multiclass_classification/zebra/train/zebra (52).jpg,2,0.004068326,-0.002472383,0.000142334,-0.001409118,0.000690753,-0.006379926,-0.00561819,0.000515892,-0.00386226,-0.02287759,-0.005935995,0.004198964,0.001579241,0.000495667,0.017858185,0.026457418,0.053053267,0.119828835
/home/multiclass_classification/zebra/train/n02391049_6359.jpg,2,0.00653751,0.000922124,0.005168811,0.005057821,0.008679068,0.014290307,0.003135368,0.004002858,-0.008768095,-0.027752567,0.012439923,0.023388118,0.01981273,0.042420935,0.08344929,0.050552644,0.048983805,0.08877125
/home/multiclass_classification/zebra/train/014.jpg,2,0.001937159,-0.001505238,-0.003239041,-0.001764466,0.003910235,0.001285729,-0.006455664,-0.005251057,-0.0075962,-0.023582676,-0.010097509,0.001367685,-0.006077925,-0.019543428,0.023764022,0.043763734,0.040624723,0.105097175
/home/multiclass_classification/zebra/train/n02391049_10749.jpg,2,-0.001247906,0.006458012,0.010127312,0.006912336,0.002894402,0.010388671,0.006594476,0.016323466,0.009778791,0.03291417,0.03449257,0.051388834,0.027989006,0.07739026,0.09392296,0.057743017,0.061200388,0.12271947
/home/multiclass_classification/zebra/train/016.jpg,2,0.004662024,-0.006028159,-0.012518864,-0.007660079,0.001546542,-0.00285073,-0.012628879,-0.009456985,-0.015286868,-0.05628687,-0.009982772,-0.004260628,-0.00218655,0.009871718,0.007985726,0.04266867,0.041814204,0.09154867
/home/multiclass_classification/zebra/train/n02391049_5982.jpg,2,-0.000723878,-6.33E-05,-0.005761678,-0.001562345,-0.002726185,-0.013248353,-0.016975513,-0.00583975,-0.008376598,-0.037218273,-0.006080175,0.013816476,-0.006456363,-0.006396792,0.0410722,0.062137067,0.047282435,0.106511086
/home/multiclass_classification/zebra/train/n02391049_5853.jpg,2,0.004591187,-0.005237453,-0.014793659,-0.013147089,-0.002780315,-0.009491048,-0.004065509,0.003231274,0.00309172,-0.001606394,0.001539008,-0.00179581,-0.006285503,0.006248556,0.01831964,0.042299695,0.04001315,0.120582856
/home/multiclass_classification/zebra/train/image_108.jpeg,2,0.004613704,0.000734325,0.000986442,-0.008453401,0.001516143,0.001959049,-0.002332112,-0.006259443,-0.009983232,-0.03473255,-0.007336596,0.009691158,-0.01130922,-0.026613172,0.027607772,0.03562098,0.03869872,0.10440734
/home/multiclass_classification/zebra/train/n02391049_1973.jpg,2,0.002678893,-0.005459473,-0.012509788,-0.010689166,-0.003812612,-0.009110982,-0.007972533,0.001189387,-0.009995328,-0.030578647,-0.008103589,0.001051794,-0.009504771,-0.014757917,0.018560953,0.034106072,0.039797496,0.09470316
/home/multiclass_classification/zebra/train/image_158.jpeg,2,0.000948159,-0.001246276,-0.002146205,-0.004656553,0.002768253,0.002129328,-0.001946456,-0.006130868,-0.005569399,-0.03805051,-0.001768377,0.013829918,-0.0022843,0.004871052,0.036178414,0.05013699,0.043424692,0.11060979
/home/multiclass_classification/zebra/train/n02391049_1095.jpg,2,0.000330489,-0.000907723,-0.00711833,-0.002634079,0.002120434,-0.003625708,-0.001726196,-0.003558769,-0.002135492,-0.03584917,-0.006397552,0.02238825,-0.002815054,-0.000799453,0.05010247,0.043931913,0.050161008,0.11974749
/home/multiclass_classification/zebra/train/49f81f233b.jpg,2,0.002742369,-0.001536033,0.000855664,-0.005022431,0.005286876,0.009018918,-0.003713042,-0.00766812,-0.012618552,-0.029571291,-0.006088574,0.000296873,-0.005495914,-0.003153982,0.009660088,0.032956168,0.04228805,0.107642815
/home/multiclass_classification/zebra/train/n02391049_2265.jpg,2,0.00171873,-0.003932715,-0.009507448,-0.008707438,0.000724823,-0.000233361,-0.00622609,0.003243015,-0.008721353,-0.023586098,-0.011455358,0.010630261,-0.003274469,0.003763831,0.024973907,0.05488419,0.04209288,0.0891612
/home/multiclass_classification/zebra/train/n02391049_879.jpg,2,0.002716966,-0.001784452,-0.000326698,-0.005426065,0.0013297,0.005584835,0.004136825,0.003864442,0.000278791,0.005048107,0.010248028,0.015806329,0.006048903,0.014388364,0.038696643,0.056147657,0.04615555,0.11676695
/home/multiclass_classification/zebra/train/n02391049_8266.jpg,2,0.002372803,-0.004330455,-0.011459849,-0.009402758,0.000196992,-0.000501432,-0.003749434,-0.009819982,-0.006966228,-0.02141359,9.87E-05,0.017737655,-0.003789673,-0.004289601,0.045453295,0.044505097,0.04711715,0.12231667
/home/multiclass_classification/zebra/train/024.jpg,2,0.004192156,-0.006524357,-0.012770189,-0.010309229,0.001691529,0.006134966,0.001809631,-0.000578357,-0.003805905,-0.014062077,-0.017761024,-0.007578425,-0.002331927,-0.002117012,0.000702442,0.03245429,0.044427544,0.11315703
/home/multiclass_classification/zebra/train/n02391049_1725.jpg,2,-0.000706623,-0.003613889,-0.005512845,-0.006705411,0.003757995,0.007702151,-0.000764049,-0.003093017,-0.007541838,-0.024601461,0.002532942,0.003761128,-0.004920443,-0.009466491,0.035797566,0.04227181,0.046431154,0.10635194
/home/multiclass_classification/zebra/train/288.jpg,2,0.007381013,-0.002779519,-0.00572434,2.29E-05,0.002792302,0.003574584,-0.00895322,-0.010720321,-0.007422211,-0.021015408,-0.004040215,0.008552153,-0.002319021,-0.008143031,0.014487807,0.03503812,0.04347347,0.10492313
/home/multiclass_classification/zebra/train/1a3a28f74e.jpg,2,-0.002094868,7.56E-05,0.000426085,0.002838636,0.000603703,-0.001990174,0.000537869,0.006375108,0.001425743,-0.003983329,0.019669713,0.027743693,0.001243748,0.015793344,0.05698014,0.062858015,0.050476313,0.118522026
/home/multiclass_classification/zebra/train/142.jpg,2,0.004877587,-0.002499689,-0.007423545,-0.001905823,0.003869937,0.005521858,0.003610711,0.000900407,-0.000451491,0.012447314,0.010798082,0.029136205,-0.005498876,-0.001912586,0.046112034,0.041683286,0.050661728,0.12481892
/home/multiclass_classification/zebra/train/n02391049_1124.jpg,2,0.000673339,0.00108701,-0.004717439,-0.000821578,0.002011814,0.004749272,-0.005432308,-0.006930272,-0.010575816,-0.019409666,0.001961525,0.004947161,0.002089205,-0.008694111,0.021259116,0.039924823,0.04275032,0.10778338
/home/multiclass_classification/zebra/train/zebra (12).jpg,2,0.003470029,-0.005545883,-0.004978279,-0.002513908,-0.001084273,-0.016423132,-0.006962281,-0.000244949,-0.006153446,-0.020780567,-0.013841782,-0.007292581,-0.004895645,-0.011560068,0.032213584,0.062212233,0.049898997,0.09941925
/home/multiclass_classification/zebra/train/n02391049_2439.jpg,2,0.003578767,-0.006045415,-0.011307894,-0.009376461,-0.00072171,-0.000269102,-0.010943847,-0.008080311,-0.008289035,-0.021064194,-0.007581596,0.005093257,-0.007395388,-0.018029092,0.02512094,0.039092753,0.045223773,0.11512756
/home/multiclass_classification/zebra/train/n02391049_133.jpg,2,0.001989699,-0.002335222,-0.013257311,-0.007493016,-0.000681971,0.000323667,-0.000180393,-0.000817814,-0.005556706,-0.017046679,-0.008751135,0.015509949,-0.000528339,-0.011827223,0.043657403,0.033537723,0.044446826,0.112721324
/home/multiclass_classification/zebra/train/image_11.jpeg,2,0.002901107,-0.005539811,-0.015475728,-0.002062351,0.000407992,-0.000919457,-0.007754914,0.002325029,-0.007768176,-0.013052875,-0.002424066,0.019866725,-0.000314663,0.018842705,0.03681335,0.034171395,0.04953947,0.1203305
/home/multiclass_classification/zebra/train/n02391049_3348.jpg,2,0.002829682,-0.002438398,-0.004100188,-0.006956266,0.001055241,0.007558839,0.000392966,-0.005801403,-0.010696951,-0.02351043,-0.011111254,0.00869548,-0.004404092,-0.018307861,0.034453314,0.039888743,0.046524834,0.10713903
/home/multiclass_classification/zebra/train/061.jpg,2,0.004012687,-0.002833576,-0.005382921,-0.012138223,-0.000583265,0.002848768,-0.003271661,-0.004668239,-0.006451844,-0.016444758,-0.004916167,-0.0055343,-0.003845966,-0.005442652,0.01960893,0.040319927,0.03437175,0.10228224
/home/multiclass_classification/zebra/train/269.jpg,2,0.006907199,-0.00058897,0.005634517,0.006745176,0.00468798,0.007192399,-0.012586368,-0.011513826,-0.00618991,-0.021302428,-0.013799225,0.004759081,-0.005693075,-0.00073071,0.005644192,0.049169116,0.039510906,0.10323904
/home/multiclass_classification/zebra/train/n02391049_3233.jpg,2,-0.004561539,-0.000776388,0.000797101,0.002817285,0.00336552,0.007156164,0.000829729,-0.000348491,-0.004605202,-0.02461148,0.012703726,0.028099887,-0.000284372,0.01440156,0.03235712,0.047228158,0.05583565,0.13146088
/home/multiclass_classification/zebra/train/n02391049_2229.jpg,2,0.002307272,-0.002704138,-0.009837374,-0.01498998,0.000978523,-0.006125055,-0.009277681,-0.000578499,-0.010011332,-0.03726413,-0.001944551,-0.002981196,-0.003397566,-0.006565447,0.022385327,0.04339739,0.03498262,0.09458685
/home/multiclass_classification/zebra/train/291.jpg,2,0.001193547,-0.001260697,-0.004550282,-0.005117297,0.003905543,0.003077233,-0.009056633,-0.007295501,-0.009227553,-0.030136172,-0.004021406,0.006569538,0.001265261,0.003609967,0.045558155,0.06093971,0.046415273,0.108571485
/home/multiclass_classification/zebra/train/n02391049_19.jpg,2,-0.000409712,0.000676736,0.001935843,-0.003750645,0.002851632,0.012747915,-0.011095074,-0.009177374,-0.005460885,-0.026598996,-0.001855304,0.004567804,-0.007745796,-0.010902348,0.022549348,0.047006402,0.040370174,0.10888441
/home/multiclass_classification/zebra/train/n02391049_344.jpg,2,0.001265099,-0.003786732,-0.009691891,-0.003805584,0.000629123,-0.006178498,-0.014339375,-0.00585237,-0.007943168,-0.02260438,0.002135286,0.009540303,-0.00549984,-0.015172649,0.036230296,0.050762303,0.040184587,0.100586206
/home/multiclass_classification/zebra/train/352.jpg,2,0.001360389,-0.00224171,-0.008601415,-0.005041147,0.000564005,-0.012349983,-0.010675659,-0.004834478,-0.015336636,-0.03649699,-0.017201236,0.001017003,0.000847894,-0.006582409,0.021067735,0.034653105,0.044576284,0.11945907
/home/multiclass_classification/zebra/train/n02391049_2836.jpg,2,-0.000476941,-0.001850624,-0.006294119,-0.008489878,0.002697076,0.004305747,0.008956475,0.0080002,-0.006916737,-0.02324928,0.00291486,0.007463132,-0.004628446,-0.006064819,0.010606634,0.033164248,0.042962465,0.10634375
/home/multiclass_classification/zebra/train/n02391049_2585.jpg,2,0.000809279,0.000264171,-0.001545716,-0.000100219,0.000830787,0.002201143,0.000999116,-0.001363512,-0.005134348,-0.007313951,-0.008632427,0.013296667,-0.009844481,-0.018917143,0.034312606,0.045035318,0.03956192,0.10865719
/home/multiclass_classification/zebra/train/image_161.jpeg,2,0.005076495,-0.002038882,-0.003862788,-0.009454118,-0.005683531,-0.011845621,-0.020100063,-0.014062567,-0.010006044,-0.048224907,-0.014518571,0.00797914,-0.007377549,-0.009737138,0.02893912,0.032741297,0.047816075,0.1242301
/home/multiclass_classification/zebra/train/n02391049_2163.jpg,2,-0.000753646,0.000664212,0.003348755,-0.000633046,0.005030809,0.011558345,0.001808593,-0.002075942,-0.013317701,-0.028961912,-0.005065649,0.012696924,0.00438062,0.009875972,0.049735382,0.040939514,0.052381635,0.124164
/home/multiclass_classification/zebra/train/n02391049_1127.jpg,2,0.000658024,-0.002443672,-0.006128288,-0.000818827,0.001636648,0.009323893,-0.007932017,-0.005176054,-0.013262806,-0.04295156,-0.017950887,0.015970003,-0.008257891,-0.008697417,0.034829497,0.049816363,0.049687877,0.117038146
/home/multiclass_classification/zebra/train/n02391049_3177.jpg,2,0.002406556,-0.003125379,-0.008046815,-0.004717346,0.001101353,-0.006498832,-0.012145853,-0.004841976,-0.008453703,-0.034269884,-0.011425795,0.008590816,-0.002381714,-0.009607598,0.03802408,0.050188437,0.04814525,0.11588456
/home/multiclass_classification/zebra/train/n02391049_2768.jpg,2,-0.004300836,-0.0007302,0.002173259,0.002380015,0.001555827,-0.002179071,0.001050609,0.007593459,-0.000319225,-0.004821192,0.003039893,0.010813307,0.000457486,0.008881478,0.040021,0.044408727,0.054656148,0.13494112
/home/multiclass_classification/zebra/train/n02391049_6517.jpg,2,-0.000582955,-0.000299642,0.007728287,0.006943422,0.003102989,0.00099743,-0.002455419,-0.002326313,-0.001366854,-0.014445459,0.004644478,0.028062081,0.000218804,-0.002078509,0.05339838,0.03259787,0.055161905,0.121099114
/home/multiclass_classification/zebra/train/image_148.jpeg,2,0.002715731,-0.000175917,-0.003480577,-0.001249912,-0.00098894,-0.008824728,-0.016474672,-0.005589664,-0.009858146,-0.03551489,-0.003362966,0.004575207,-0.005482822,-0.007395447,0.02301487,0.027382316,0.041791636,0.10282985
/home/multiclass_classification/zebra/train/n02391049_786.jpg,2,0.00331784,-0.006689136,-0.009574066,-0.009532034,0.00069293,-0.002817081,-0.013606794,-0.007170822,-0.00838312,-0.035394426,-0.014668111,0.000973366,-0.004640005,0.001431577,0.02499336,0.048590317,0.045373876,0.10311806
/home/multiclass_classification/zebra/train/n02391049_2606.jpg,2,-0.000930407,-0.002399849,0.000408581,0.004650825,0.00125897,-0.002597278,0.009471389,0.006496774,0.006556481,0.009936614,-0.004160775,0.006739399,-0.003610643,0.009043207,0.02651217,0.025194393,0.038535696,0.05993724
/home/multiclass_classification/zebra/train/611b81638f.jpg,2,-0.004400989,0.00165779,0.002868703,-0.001300579,0.003975912,0.002153812,-0.001339633,-0.000412329,-0.001313056,-0.0170776,0.014998601,0.01767937,0.00180959,0.009460172,0.022979079,0.035234172,0.05726166,0.13286369
/home/multiclass_classification/zebra/train/n02391049_155.jpg,2,0.003559058,-0.00439858,-0.006028439,0.001399765,0.001423538,0.001627223,-0.000555978,0.004690824,-0.002176228,-0.005271046,-0.004848029,0.006420524,0.005501531,0.001366217,0.028950285,0.049414117,0.0523238,0.1182623
/home/multiclass_classification/zebra/train/n02391049_711.jpg,2,0.001243013,-0.001613291,-0.000119813,-0.005548473,0.000745972,-0.002973978,-0.009529907,-0.003713597,-0.008547679,-0.015993616,-0.027710563,-0.005807806,-0.012767024,0.000140218,0.008087087,0.031297922,0.03475994,0.08968878
/home/multiclass_classification/zebra/train/n02391049_5788.jpg,2,-1.98E-05,0.001686571,0.004656028,0.003349877,0.006122473,0.011514611,0.003746426,0.004083834,0.006022096,0.008705545,0.020432245,0.047790047,0.014296426,0.034175027,0.059367806,0.0651494,0.058683403,0.128198
/home/multiclass_classification/zebra/train/image_45.jpeg,2,0.003151399,4.48E-05,0.000463521,-0.001475044,-5.80E-05,-0.009479487,-0.014080862,-0.010183486,-0.009792043,-0.030093987,-0.0163969,0.003741989,-0.005829253,-0.015774827,0.03195753,0.03776349,0.0444461,0.11402112
/home/multiclass_classification/zebra/train/125.jpg,2,0.00350921,-0.006251022,-0.011644006,-0.007621651,0.002822742,-0.003182874,-0.007385946,-0.002771416,-0.005868875,-0.025564965,-0.00479155,0.005518292,-0.003013714,0.005880642,0.017609358,0.055773683,0.04658826,0.10992658
/home/multiclass_classification/zebra/train/n02391049_2459.jpg,2,0.000269151,8.34E-05,-0.000694014,-0.00491235,0.003087169,0.003517441,-0.008209936,-0.000439602,-0.003924969,-0.022359043,-0.010935277,-0.003184069,-0.00637489,-0.006509847,0.016283106,0.030112416,0.03461708,0.09965111
/home/multiclass_classification/zebra/train/n02391049_1183.jpg,2,-0.001403172,0.002677295,0.002014092,0.005819167,0.005629617,0.001006774,-0.016145295,-0.004630081,-0.006056271,-0.03313067,-0.00705525,0.020337338,2.22E-05,-0.001977995,0.04329379,0.055894904,0.044965364,0.115978196
/home/multiclass_classification/zebra/train/n02391049_1235.jpg,2,0.00148115,0.000242594,-0.003839233,0.005500156,0.001351871,0.001415393,-0.008290809,-0.006653904,-0.006938941,-0.020591244,-0.006412306,-0.000857865,-0.006881269,-0.001881592,0.007128907,0.03509289,0.032929786,0.09646197
/home/multiclass_classification/zebra/train/n02391049_9629.jpg,2,-0.0026148,0.00044834,-0.0019446,-0.002830352,-0.001910271,-0.000737403,-0.012251101,-0.012933018,-0.013419567,-0.034862004,-0.008415557,0.013162369,-0.007058132,-0.014967632,0.035834715,0.047190376,0.042435355,0.10162757
/home/multiclass_classification/zebra/train/139.jpg,2,-0.00123945,-0.004266243,-0.007691357,-0.010853543,-0.000920296,-0.008914952,-0.000899078,-0.000256084,-0.003791254,-0.015476083,-0.006206008,-0.001947235,-0.005869293,-0.007375697,0.020319957,0.029501496,0.040618636,0.10599765
/home/multiclass_classification/zebra/train/n02391049_3199.jpg,2,-1.27E-06,-0.003517113,-0.004573799,-0.011076458,0.000119096,-0.005941884,-0.018505672,-0.005760538,-0.010654003,-0.030830694,-0.014768831,0.002303647,-0.005281363,-0.015537781,0.01837127,0.04905419,0.04597725,0.11082567
/home/multiclass_classification/zebra/train/n02391049_474.jpg,2,-0.002490618,-0.00332548,-0.00343582,-0.000822186,0.003679852,0.006309144,0.002606628,0.005524331,0.000211313,-0.008976173,-0.00744125,-0.00970502,-0.007468592,0.009671737,0.020628382,0.024906248,0.04389985,0.102287926
/home/multiclass_classification/zebra/train/n02391049_3088.jpg,2,0.000526348,-0.003149455,-0.008531209,-0.008085437,-0.00131333,-0.013076533,-0.008833349,-0.001611462,-0.008060513,-0.014193526,-0.008330531,0.003188581,-0.005177866,-0.014350305,0.015475282,0.006193393,0.040651254,0.11152707
/home/multiclass_classification/zebra/train/n02391049_3755.jpg,2,0.003773319,-0.004616342,-0.010350093,-0.007627899,0.001146967,0.005122363,-0.015573704,-0.013055751,-0.011028934,-0.038483158,-0.018565346,-0.002510081,-0.011883781,-0.015647534,0.029196281,0.050273445,0.038656235,0.10958134
/home/multiclass_classification/zebra/train/6e7a163893.jpg,2,0.000598044,-0.003608202,-0.006260602,-0.002841025,-0.003899665,-0.003099445,-0.003915563,-0.008145447,-0.005970463,-0.02375751,-0.002929772,0.006644928,-0.009984344,-0.004834855,0.013970235,0.04104783,0.04929173,0.12445327
/home/multiclass_classification/zebra/train/230.jpg,2,-0.001240313,-0.002259181,-0.008461958,-0.006566675,-0.003179498,-0.002532236,-0.01940569,-0.00661304,-0.010538246,-0.025987063,-0.005862035,0.012709528,-0.004962237,-0.009138778,0.023497209,0.037365638,0.045431025,0.109321974
/home/multiclass_classification/zebra/train/n02391049_2597.jpg,2,0.001593399,-0.002875193,-0.005626141,-0.004247098,-0.000921009,-0.008367498,-0.00347334,-0.002898629,-0.003866019,-0.009807466,-0.010750553,0.021118717,0.006998035,0.010513514,0.0623167,0.05697522,0.052584294,0.11665615
/home/multiclass_classification/zebra/train/n02391049_2905.jpg,2,0.002403078,0.000172336,0.002174426,-0.002587519,0.007172064,0.003334715,-0.006700998,-0.004718912,-0.018342737,-0.03601713,-0.008138072,0.0042695,-0.001318292,-0.004701595,0.009784577,0.044193078,0.035129353,0.09013
/home/multiclass_classification/zebra/train/n02391049_102.jpg,2,0.004285001,-0.000822908,0.000577541,-0.008167627,0.005118299,0.008888755,-0.005672656,0.003084725,-0.005881344,-0.02480852,-0.012510326,-0.006256258,0.001213086,-0.00234046,0.010480199,0.030434776,0.04056077,0.09785342
/home/multiclass_classification/zebra/train/n02391049_11162.jpg,2,-0.000445649,-0.000664637,0.000328508,-0.00249266,0.001741203,-0.003030507,-0.009199951,-0.003156801,-0.003699803,-0.006921498,-0.00536137,0.004082783,-0.010091648,-0.008212587,0.005197534,0.031095404,0.04214689,0.104914024
/home/multiclass_classification/zebra/train/205.jpg,2,0.005346513,-0.005442566,-0.002221429,0.002411171,0.000372626,-0.009697852,-0.018181652,-0.006714835,-0.011540514,-0.031297144,-0.004036885,0.010278146,-0.000842692,-0.008793596,0.030228265,0.04905185,0.047333516,0.1177115
/home/multiclass_classification/zebra/train/zebra (41).jpg,2,0.002550939,0.000438639,-0.005698629,-0.004939333,0.004239003,0.005766436,-0.00660692,-0.000106296,-0.008061958,-0.017370306,-0.010694831,0.002777409,-0.005380509,-0.019873742,0.036766835,0.034461252,0.046990685,0.11425951
/home/multiclass_classification/zebra/train/n02391049_7062.jpg,2,-0.004922546,-0.001372064,0.005749037,0.003778951,0.004268971,0.013538055,0.013104852,0.009592489,0.002011687,-0.003355747,0.003090472,0.014399673,-0.002305334,0.003668131,0.041611243,0.03917329,0.045623984,0.12639832
/home/multiclass_classification/zebra/train/n02391049_1158.jpg,2,-3.39E-06,0.000195787,-0.00430085,-0.005016166,0.002546718,-0.002533285,-0.009057962,-0.002761601,-0.004210957,-0.023775768,0.001518903,0.023695441,-0.002864984,0.015787128,0.056865178,0.06873228,0.06070606,0.1397922
/home/multiclass_classification/zebra/train/n02391049_249.jpg,2,-0.001480694,-0.003610212,-0.007388155,-0.003807738,0.000239147,0.002017504,-0.006971512,3.52E-05,-0.005542563,-0.0172284,-0.002779782,0.00817327,-0.004171469,-0.008253127,0.023503976,0.028795699,0.04038492,0.11110297
/home/multiclass_classification/zebra/train/n02391049_929.jpg,2,-0.004280758,0.001889277,-0.002047721,0.000528193,-0.000268206,0.002376725,0.004861098,0.000720087,-0.002305689,-9.27E-05,0.000864245,0.017810713,-0.004105206,-0.013552349,0.026768636,0.04390823,0.043985,0.10789815
/home/multiclass_classification/zebra/train/n02391049_2732.jpg,2,0.001293736,-0.002661765,-0.003678683,-0.003160114,-0.00035223,-0.007906981,-0.00572927,-0.006256531,-0.004173493,-0.034641568,-0.012790348,0.00108929,-0.005348024,-0.014834516,0.018794425,0.037277125,0.0438684,0.095924675
/home/multiclass_classification/zebra/train/n02391049_5371.jpg,2,0.002186979,0.00159672,0.004950321,-0.002253708,-0.000618684,0.003917356,0.000181183,0.002941305,-0.00930046,-0.03458377,0.004834342,0.01936642,0.004925569,-0.003601643,0.05687367,0.058613528,0.048172936,0.11581438
/home/multiclass_classification/zebra/train/156.jpg,2,0.000644645,-0.00139339,0.001864444,0.000736887,0.001090798,-0.000206529,-0.004799529,0.001659332,-0.004786535,-0.012786143,-0.010179034,0.020538896,0.001229741,0.008528696,0.042726137,0.053514607,0.05789907,0.13652962
/home/multiclass_classification/zebra/train/338.jpg,2,0.004732526,-0.002078593,-0.005185626,-0.006550334,0.00263429,0.000421548,-0.005616069,0.001194064,-0.005760117,-0.032902077,-0.007004566,-0.000383002,-0.000863708,-0.00209243,0.030009331,0.041715994,0.048325777,0.116206214
/home/multiclass_classification/zebra/train/039.jpg,2,0.002704248,0.000229855,-0.000280767,0.003882547,0.005431747,0.01161339,0.004923251,0.004239286,-0.002515972,-0.009033639,0.017934067,0.016660638,0.00014224,0.012068817,0.037702102,0.04115968,0.04746408,0.121440545
/home/multiclass_classification/zebra/train/image_12.jpeg,2,0.004013386,-0.002748156,-0.003743548,-0.00369551,0.006788601,0.01853833,0.001316535,0.002429069,0.000978102,-0.004674772,-0.000448408,0.018184287,-0.00886335,-0.019848451,0.015235851,0.03928517,0.039628364,0.11715573
/home/multiclass_classification/zebra/train/n02391049_2181.jpg,2,0.001451965,-0.003837087,-0.005983673,-0.007471847,-0.001363834,-0.001917541,-0.0087058,-0.00977442,-0.010882217,-0.033269845,-0.003376935,0.004891404,-0.003252613,-0.000533756,0.035740834,0.043064192,0.054912977,0.124955036
/home/multiclass_classification/zebra/train/n02391049_9219.jpg,2,0.001920119,-0.003100612,-0.001970755,-0.003310277,-0.000895438,-0.010219575,-0.002220431,-0.000623341,-0.003425664,-0.002734385,-0.011217079,0.02022127,0.001058828,0.008536001,0.04427237,0.046530005,0.053469192,0.1277878
/home/multiclass_classification/zebra/train/iimage_23 (4).jpeg,2,0.002464209,-0.001596804,-0.004662303,-0.006372795,-0.006289586,-0.017028717,-0.004921028,0.001416259,-0.01113056,-0.024193708,-0.012153288,0.009302217,-0.005463831,-0.009192964,0.025769964,0.030082598,0.04380273,0.119641
/home/multiclass_classification/zebra/train/n02391049_2586.jpg,2,0.000420319,-0.002051401,-0.004543344,-0.004624807,0.004278486,-0.000182477,0.003864352,-0.000339196,0.000537484,0.002918846,0.011752775,0.0146366,-0.004078032,-0.007266414,0.036147162,0.034392506,0.050463326,0.123106435
/home/multiclass_classification/zebra/train/n02391049_11128.jpg,2,-0.000656586,-0.000910855,-0.00101967,-0.000638853,0.004026727,0.014948241,0.019731054,0.009781546,0.00273893,0.004056196,0.012642907,0.029939132,0.012259182,0.04148343,0.05651581,0.04412201,0.06205476,0.13666
/home/multiclass_classification/zebra/train/008.jpg,2,-0.000489761,-0.001027268,-0.002204635,-0.007103477,0.003808973,0.005396907,0.003979169,0.00090814,0.002549321,-0.000459964,0.003706391,0.014548272,-0.004366807,-0.013030071,0.03621345,0.045338817,0.049076617,0.11401616
/home/multiclass_classification/zebra/train/image_100.jpeg,2,0.004021359,0.000137093,0.00310258,-0.004144688,-0.004567708,-0.009949011,-0.011407098,-0.000246724,-0.007204034,-0.023819387,-0.005048295,-0.002403352,0.000392015,0.000149515,0.024813116,0.03951541,0.036274415,0.0897173
/home/multiclass_classification/zebra/train/zebra (59).jpg,2,-0.001089172,3.91E-05,-0.002112668,0.001950659,0.006468336,0.01205699,0.003010878,0.002689667,0.003344883,0.000682668,0.005518322,0.018081112,0.001073697,0.018520068,0.03358681,0.0375403,0.05562047,0.13344294
/home/multiclass_classification/zebra/train/n02391049_4058.jpg,2,0.000542778,-0.004083195,-0.011976121,-0.009504791,-0.001653819,-0.007537304,-0.004515396,-0.002794576,-0.011394209,-0.030512469,-0.006115927,0.004868612,-0.007889673,-0.005860915,0.018358897,0.048218586,0.042230777,0.10944927
/home/multiclass_classification/zebra/train/n02391049_2221.jpg,2,-0.001122847,-0.003382955,-0.010250123,-0.010047032,0.00290599,0.005225153,0.004122429,0.006723361,-0.005850638,-0.03267461,-0.011945415,-0.022368079,-0.004164627,-0.005495178,0.005263577,0.043868095,0.043561473,0.09556
/home/multiclass_classification/zebra/train/351.jpg,2,0.001132967,-0.002017397,-0.004581644,-0.012548014,0.002516576,0.009003851,-0.003930317,-0.00990557,-0.013790125,-0.034003843,-0.020036213,0.005269398,-0.003419486,-0.012693828,0.034689147,0.04469078,0.044348247,0.11361971
/home/multiclass_classification/zebra/train/image_169.jpeg,2,-0.000148478,-0.00337223,-0.011071315,-0.004932982,-0.000639629,0.001673336,-0.001650599,-0.002491803,-0.005297987,-0.011694513,-0.00056493,0.013135848,0.000246455,-0.008704633,0.039540894,0.057352394,0.048202746,0.12008206
/home/multiclass_classification/zebra/train/n02391049_1884.jpg,2,-0.001318435,-0.004158769,-0.005511892,-0.010503819,-0.003681052,-0.005360768,0.010942968,0.005768533,-0.006301029,0.001457657,-0.004145223,-0.004516795,-0.002480939,-0.001279617,0.000175497,0.026311215,0.05037403,0.12179542
/home/multiclass_classification/zebra/train/n02391049_2996.jpg,2,0.003676697,-0.003773082,-0.001766197,-0.002984849,0.004586937,0.002624056,0.0140233,0.012762541,0.005924929,-0.001188876,0.002957474,0.011684744,0.001186606,0.017363008,0.025917828,0.034916617,0.051628888,0.13179433
/home/multiclass_classification/zebra/train/n02391049_1441.jpg,2,0.002120416,-0.00246069,-0.008528093,-0.007579859,-0.000993979,-0.005735078,-0.013793755,-0.012106551,-0.011223747,-0.042108707,-0.012093295,-0.004150572,-0.003895318,0.00302821,0.03054606,0.05136686,0.039698627,0.106644645
/home/multiclass_classification/zebra/train/n02391049_3306.jpg,2,0.003854848,-0.004784415,-0.008427415,-0.009156499,-0.004258377,-0.023515586,-0.023316365,-0.007961256,-0.010798017,-0.045285635,-0.015805645,-0.004085641,-0.004442074,-0.008253976,0.022140477,0.04391326,0.042787768,0.101395026
/home/multiclass_classification/zebra/train/n02391049_4896.jpg,2,0.000397598,-0.002197292,-0.006472951,-0.007112522,-0.002994005,-0.021964319,-0.016728561,-0.012050275,-0.008818571,-0.029291313,-0.021325547,0.002866623,-0.00273404,-0.006378355,0.02568522,0.009259479,0.040910326,0.09574076
/home/multiclass_classification/zebra/train/n02391049_9135.jpg,2,-0.000608459,-0.000627027,-0.005744479,-0.004130255,0.001638161,-0.000166004,0.002310499,-0.004371299,-0.008654278,-0.02322982,-0.00108051,0.006232876,-0.007477155,0.002097021,0.021889681,0.046199493,0.039133333,0.09678884
/home/multiclass_classification/zebra/train/image_128.jpeg,2,0.000582464,-0.002621202,-0.001602852,0.000288466,0.002435137,0.000562326,-0.012342819,-0.001808189,-0.007668075,-0.026114337,-0.003339898,0.01509467,0.008516353,0.017181939,0.054742016,0.049397253,0.053822078,0.1257711
/home/multiclass_classification/zebra/train/n02391049_3135.jpg,2,-0.003057861,0.00084208,0.002867794,-0.003460693,0.005322723,0.005064442,0.003294444,0.004679763,-0.005989729,0.000890715,0.006555967,0.004250061,-0.008490941,-0.005733234,0.026046213,0.035510413,0.047981158,0.12027243
/home/multiclass_classification/zebra/train/iimage_23 (12).jpeg,2,0.00526478,0.00178145,0.00257369,-0.00319244,-0.001813571,-0.006512114,-0.013037352,-0.005770199,-0.006514771,-0.021848483,-0.011505326,0.001552514,-0.007330064,-0.011472707,0.012729541,0.036757875,0.040554643,0.12002146
/home/multiclass_classification/zebra/train/007.jpg,2,-0.003622408,-0.004000988,-0.001584389,-0.002293524,0.010191524,0.009053207,-0.000122131,0.001222146,-0.001598038,-0.015897088,-0.006635676,0.003006263,-0.004621371,0.000430932,0.022686122,0.03949902,0.04766494,0.11975305
/home/multiclass_classification/zebra/train/n02391049_167.jpg,2,0.000400871,-0.002819448,-0.007821607,-0.000418175,0.006115485,0.010233928,-0.011717606,-0.004580653,-0.008459196,-0.027562786,-0.002620267,0.013482243,-0.005031165,0.004509824,0.036437362,0.05269424,0.04534046,0.11565566
/home/multiclass_classification/zebra/train/image_112.jpeg,2,0.001520359,-0.001499758,-0.003439221,-0.009219766,0.002660808,-0.000148149,-0.00435018,-0.002526822,-0.013066539,-0.029052133,-0.009705065,-0.001096044,-0.004335213,-0.02168106,0.028484445,0.049472444,0.04501444,0.10610055
/home/multiclass_classification/zebra/train/n02391049_1495.jpg,2,0.001206203,-0.002864886,-0.000131728,-0.005283057,-0.004213759,-0.00598625,-0.00956218,-0.003125908,-0.007604452,-0.024654096,-0.005860132,-0.002536714,-0.008079758,-0.003653426,0.014102086,0.043315504,0.027884552,0.08355586
/home/multiclass_classification/zebra/train/image_72.jpeg,2,0.003801467,-0.002163832,-0.004337648,-0.000711088,-0.0014152,-0.011880008,-0.018236868,-0.00464776,-0.005962321,-0.024881553,0.002699548,0.015139072,-0.005989949,-0.011993725,0.025037086,0.036683537,0.04512225,0.10375045
/home/multiclass_classification/zebra/train/image_170.jpeg,2,0.001250923,2.96E-05,-0.006969526,-0.007705814,-0.001572516,-0.009550457,-0.011224611,-0.001444546,-0.004937518,-0.027455043,-0.007745691,0.007521408,-0.009462458,-0.00642427,0.01809809,0.035252348,0.041520447,0.11914021
/home/multiclass_classification/zebra/train/image_6.jpeg,2,-0.004838219,-0.000342514,-0.002106075,-0.004659389,-0.000592639,-0.00978536,-0.018446527,-0.008133616,-0.008022273,-0.037349943,-0.01943939,0.005079178,-0.007157174,-0.009445417,0.004667639,0.04053166,0.03996938,0.097005874
/home/multiclass_classification/zebra/train/n02391049_2657.jpg,2,-0.000937406,-0.000596545,-0.006178855,-0.004767843,0.001522551,0.008575937,-0.001103676,0.00442277,-0.00522321,0.006835273,-0.008680787,-0.000245517,-0.002360725,0.009061972,0.010127181,0.036409102,0.03469734,0.09956686
/home/multiclass_classification/zebra/train/n02391049_3949.jpg,2,0.002508994,0.003447686,0.010031676,0.009640567,0.008271877,0.017181098,0.001767807,0.006090165,-0.0031771,-0.008079665,0.0178123,0.041258592,0.009912691,0.03938017,0.08153553,0.06335932,0.051670372,0.09748503
/home/multiclass_classification/zebra/train/n02391049_4644.jpg,2,-0.00088435,-0.003961693,2.84E-05,-0.003616828,-0.002701533,-0.004661616,-0.01827626,-0.008800606,-0.013576858,-0.041232236,-0.021394536,-0.00130168,-0.005881095,-0.011104798,0.025997113,0.033055954,0.04260959,0.10051526
/home/multiclass_classification/zebra/train/337.jpg,2,0.005011465,0.000935505,0.00211225,0.002247079,0.005935135,0.007640092,-0.00768308,-0.003027874,-0.003478438,-0.014221957,-0.002842724,0.00948159,-0.005728738,-0.016153192,0.015344539,0.036755085,0.03985642,0.09431194
/home/multiclass_classification/zebra/train/10e8a5d5fd.jpg,2,0.002794322,-0.004100552,-0.004793648,-8.85E-05,0.00464497,0.011710968,-0.007345506,-0.009507198,-0.007006547,-0.034087323,0.000764061,0.002721834,-0.006289413,-0.00891554,0.024542399,0.04733295,0.041384418,0.10297295
/home/multiclass_classification/zebra/train/image_138.jpeg,2,0.004382687,-0.006457108,-0.008434873,-0.008952256,-0.003229112,0.000753728,0.000483908,-0.000824896,-0.010384217,-0.022783997,-0.011882465,0.00503687,-0.005488719,-0.007943014,0.006774095,0.038752444,0.037463456,0.0948119
/home/multiclass_classification/zebra/train/n02391049_10063.jpg,2,0.001063509,-0.002631628,-0.007859718,-0.01190595,0.001661775,0.003471789,-0.00025175,0.00291406,-0.00561364,-0.030498354,-0.013310611,0.001426161,-0.003443033,-0.015965216,0.007439464,0.030729853,0.041242976,0.11286734
/home/multiclass_classification/zebra/train/n02391049_171.jpg,2,-0.000788021,-0.000897445,-0.005290186,0.001811761,-0.003438379,-0.011302568,0.004994194,0.003242275,-0.003899447,-0.007551157,0.003168759,-0.002411475,0.006840988,-0.002216262,0.027134575,0.011305391,0.03809013,0.098365515
/home/multiclass_classification/zebra/train/n02391049_7836.jpg,2,-0.000835869,0.000651138,-0.005625857,-0.009634927,0.000843566,-9.81E-05,-0.001422954,-0.002573995,-0.006751584,-0.010668719,-0.006204969,0.005527384,0.000456878,-0.003405671,0.05186545,0.0674016,0.046137422,0.103611246
/home/multiclass_classification/zebra/train/n02391049_7567.jpg,2,-0.002443674,-0.001944417,-0.003361777,-0.00087827,0.00057495,0.008964254,0.002130683,0.002535201,-0.001164791,-0.009099901,-0.006233666,0.021684494,0.001794462,0.008479619,0.052106947,0.05020773,0.058639668,0.13276325
/home/multiclass_classification/zebra/train/n02391049_9377.jpg,2,0.000786359,0.003242326,0.007896616,0.004755887,0.002431298,0.007125215,0.00886046,0.008325807,0.009477805,0.02043869,0.039137434,0.043902203,0.025694298,0.08662486,0.093960494,0.061508268,0.05220045,0.101394966
/home/multiclass_classification/zebra/train/076.jpg,2,-0.002430586,-0.001151195,-0.001648641,-0.006038887,-0.002851953,-0.006125456,-0.019685697,-0.00798233,-0.007067822,-0.037174206,-0.01232227,0.003589729,-0.007170093,-0.024804518,0.025418304,0.052162305,0.040410526,0.09656193
/home/multiclass_classification/zebra/train/353.jpg,2,0.005214813,-0.001672966,-0.011779351,-0.002170546,-0.000976731,-0.009254783,-0.017769147,-0.004435466,-0.006270377,-0.023624733,-0.005033171,-0.000565318,-0.006070704,-0.00220872,0.021210935,0.04536239,0.041485507,0.11109059
/home/multiclass_classification/zebra/train/n02391049_646.jpg,2,0.002429463,-0.001728494,-0.005679857,-0.001104098,-0.000720509,-0.006189188,-0.010409175,-0.000304833,-0.000408608,-0.01882255,0.000362556,0.020432455,-0.005292599,0.005951959,0.051303945,0.05463916,0.049286038,0.11039171
/home/multiclass_classification/zebra/train/0495f61839.jpg,2,0.001638554,-0.003334972,-0.002274011,-0.003209417,-0.004289172,-0.018317936,-0.006500563,-0.006433583,-0.01098157,-0.022649903,-0.006147704,0.009475932,-0.006726407,-0.012382691,0.03976343,0.052077547,0.050629273,0.12856084
/home/multiclass_classification/zebra/train/n02391049_15.jpg,2,-0.000412163,-0.002945417,-0.008214329,0.002974257,0.001869367,0.005930529,0.012677675,0.006780098,-0.002657724,0.000874156,-0.003061489,0.018674314,0.002049408,0.002506312,0.021840043,0.03581565,0.057443943,0.11699496
/home/multiclass_classification/zebra/train/9c23e26c9d.jpg,2,0.004094793,-0.001495795,0.003219507,0.000612386,0.003147828,0.002909939,-0.00496445,-0.004519588,-0.007640665,-0.030040491,-0.006628393,0.017531518,-0.006257244,-0.009367095,0.060593143,0.051886074,0.05510784,0.12166764
/home/multiclass_classification/zebra/train/image_140.jpeg,2,-0.000627501,-0.001548685,-0.007991014,-0.003992204,0.00127909,-0.000341119,-0.001826832,-0.002772516,-0.008355895,-0.025035422,-0.004803302,0.016526857,0.00394891,0.003194179,0.039558053,0.052673295,0.045635745,0.1060385
/home/multiclass_classification/zebra/train/206.jpg,2,-8.70E-05,-0.004020466,-0.013195293,-0.003979598,-0.001327544,0.000982858,-0.013153084,-0.006664122,-0.009728936,-0.037989277,-0.000120738,0.016668105,-0.005192106,-0.002546187,0.015961945,0.041102625,0.04223955,0.11160421
/home/multiclass_classification/zebra/train/n02391049_7812.jpg,2,-0.000767351,-0.000560074,-0.001276631,-0.002053293,0.000673795,-0.007234929,0.006675872,0.003873044,-0.001423535,-0.027893089,-0.018554654,0.004502938,-0.005761809,-0.013263288,0.008519426,0.014562706,0.05098756,0.1067054
/home/multiclass_classification/zebra/train/n02391049_333.jpg,2,0.00281049,-0.004815702,-0.011038055,-0.006093885,0.004672752,-0.002195626,-0.009495156,-0.005737458,-0.004553048,-0.03949902,-0.00447482,0.013965602,-0.004339071,-0.001462329,0.04053025,0.06414362,0.05163178,0.1223862
/home/multiclass_classification/zebra/train/n02391049_9964.jpg,2,0.005198958,-0.003249015,-0.008806103,-0.002163793,-0.000171864,-0.011713151,-0.006613865,-0.005216295,-0.006733425,-0.043581955,0.006096155,0.014431039,-0.001536419,-0.000864036,0.035092942,0.05222862,0.047485292,0.11317013
/home/multiclass_classification/zebra/train/n02391049_2924.jpg,2,-0.000826078,-0.00197461,-0.003781207,-0.001782141,0.00112656,0.005998419,-0.002335692,-0.003318291,-0.003559959,-0.016621584,0.001779681,0.013967872,0.000253512,0.008643556,0.05254181,0.044957887,0.05350945,0.12995905
/home/multiclass_classification/zebra/train/n02391049_403.jpg,2,0.006364152,-0.003346141,-0.006704217,-0.005344071,-0.001604632,0.002005592,-0.002281012,0.000291066,-0.009794091,-0.018538505,-0.006982316,0.001006565,-0.007733041,-0.000808213,0.027443191,0.022728324,0.050576273,0.118149914
/home/multiclass_classification/zebra/train/zebra (32).jpg,2,0.0064433,-0.000880493,-0.002431063,0.00071695,0.003642194,0.000983094,-0.016224127,-0.000533276,-0.012359064,-0.048504766,-0.004886213,0.001736078,-0.003000714,0.012212966,0.02978306,0.052022208,0.0529758,0.12409927
/home/multiclass_classification/zebra/train/n02391049_7263.jpg,2,0.000436676,-0.00089861,-0.003483372,-0.002385217,0.004502234,0.009117926,-0.006844045,-0.002068828,-0.004951657,-0.017939027,-0.00356881,0.009824721,-0.001806537,-0.008032634,0.024455402,0.040903166,0.045089144,0.112636715
/home/multiclass_classification/zebra/train/n02391049_9951.jpg,2,0.004546835,-0.004761282,-0.012672519,-0.010077544,-0.000375624,-0.005801232,-0.013127342,-0.005252304,-0.003627439,-0.024874054,-0.002403307,-0.001208328,-0.010409838,-0.022380417,0.023332777,0.056607045,0.03551405,0.08846797
/home/multiclass_classification/zebra/train/n02391049_2024.jpg,2,0.001436022,-0.002813724,-0.009451404,-0.000134543,0.005528452,0.006706719,0.007685881,0.002119747,0.002101139,-0.001528011,0.013532712,0.028459305,0.002469601,0.019721875,0.05402038,0.046877585,0.06142374,0.14727302
/home/multiclass_classification/zebra/train/n02391049_226.jpg,2,0.000919092,-0.002914799,-0.002921102,-0.00234084,-1.43E-05,-0.000756256,-0.000430421,-0.001153208,-0.006453496,-0.035401165,0.002748339,0.019677933,-0.00093174,0.006759161,0.04950174,0.054018617,0.052194193,0.12356533
/home/multiclass_classification/zebra/train/n02391049_2824.jpg,2,-0.000971811,-0.000902173,-0.003053819,-0.000521233,-0.003948157,-0.009861574,-0.026238538,-0.009123066,-0.012813479,-0.039565563,-0.018317645,0.002372458,-0.005243349,-0.010898349,0.015420612,0.017380737,0.04428181,0.11071065
/home/multiclass_classification/zebra/train/231.jpg,2,0.001197485,-0.001924003,-0.00532334,-0.011320056,0.000929538,-0.001820121,-0.007063242,-0.002417127,-0.014590438,-0.032977287,-0.010576919,0.000214296,-0.004822876,-0.022721294,0.028211195,0.048870265,0.046016835,0.10735275
/home/multiclass_classification/zebra/train/n02391049_2729.jpg,2,0.00542943,0.001473156,0.000179553,-0.0054887,0.005648749,0.004057137,0.001968889,0.003792968,-0.006631761,-0.031333935,-0.006035887,0.010278057,-0.002987691,0.005504257,0.039021805,0.052900694,0.045085173,0.11497174
/home/multiclass_classification/zebra/train/n02391049_2853.jpg,2,0.002132571,-0.001797098,-0.007554677,-0.0112982,0.001989633,0.002317793,-0.004913493,-0.001546131,-0.010872878,-0.0387268,-0.002910092,0.007379566,-0.007396229,-0.018173296,0.018765021,0.03462861,0.0390739,0.09606627
/home/multiclass_classification/zebra/train/n02391049_9137.jpg,2,0.001005053,-0.002113141,-0.00582059,-0.004616098,0.003484564,0.002320007,-0.018402105,-0.00968388,-0.010071883,-0.024508467,-0.012646845,-0.001231641,-0.009172727,-0.011103644,0.017403323,0.041543182,0.04176544,0.097931385
/home/multiclass_classification/zebra/train/n02391049_10467.jpg,2,-0.004941999,-0.005745916,-0.007872637,-0.010984988,-0.001188427,-0.011417041,-0.00536675,0.00157817,-0.010845264,-0.017050229,-0.007677481,-0.005670177,-0.005454736,-0.02093048,0.002413204,0.02543209,0.029197682,0.08812433
/home/multiclass_classification/zebra/train/image_144.jpeg,2,0.001968457,-0.004558845,-0.007100428,-0.000742897,0.002992271,0.007184827,-0.007634308,-0.005732566,-0.009512237,-0.037979454,0.000859886,0.017835286,-0.003007551,-0.003688543,0.031657957,0.0385352,0.04962802,0.12054773
/home/multiclass_classification/zebra/train/n02391049_839.jpg,2,0.002765306,-0.001093578,-0.000157247,0.001616116,0.003008112,-0.001531424,0.003465995,0.005311428,-0.004744628,-0.021177087,-0.005801676,0.007265819,-0.006653687,-0.020640457,0.016466482,0.034763277,0.0444612,0.11407484
/home/multiclass_classification/zebra/train/n02391049_2789.jpg,2,-0.0044829,-0.000599015,-0.003227608,-0.004241413,0.003073399,0.003475974,-0.002656352,-0.006442075,-0.006805097,-0.040099375,0.001034377,-0.000306431,-0.007166517,-0.011409588,0.037106756,0.049723476,0.045041643,0.10982399
/home/multiclass_classification/zebra/train/n02391049_1189.jpg,2,0.008125697,-0.001047872,-0.00056837,0.001219077,0.001286479,0.004235439,-0.005104061,-0.0067939,-0.007538184,-0.023467503,-0.006298715,0.004995668,-0.009016706,-0.009104545,0.029476019,0.028937155,0.04858094,0.11668051
/home/multiclass_classification/zebra/train/n02391049_2567.jpg,2,-0.00480527,-0.004169026,-0.005399099,0.001595047,0.007433733,0.01598814,0.00527003,-0.00255504,-0.000309221,-0.016113706,0.002753519,0.024174107,0.008465785,0.02624407,0.041834917,0.03857142,0.045235872,0.11560342
/home/multiclass_classification/zebra/train/n02391049_119.jpg,2,-0.004636432,-0.004456082,-0.011263753,-0.003219469,0.005084096,0.003618368,-0.000297695,-0.006087442,0.000595011,-0.01952042,-0.000459809,0.03838019,-0.004015928,0.012237468,0.060792193,0.055312246,0.056866974,0.13257143
/home/multiclass_classification/zebra/train/n02391049_1026.jpg,2,0.000570528,-0.000401997,-0.00420925,-0.00089824,0.003241377,0.000486092,0.006763026,0.003301806,-0.004274355,-0.013185522,-0.011860762,0.008703986,0.001805283,0.028641041,0.030167855,0.024740515,0.054020908,0.12445446
/home/multiclass_classification/zebra/train/iimage_23 (34).jpeg,2,0.000275001,-0.000788502,-0.001313527,-0.002019961,0.002510689,-0.00078986,-0.005795328,-0.005471815,-0.003790733,-0.026578844,0.005615627,0.019939916,-0.003033797,0.001296267,0.024347536,0.05372498,0.051116496,0.12934475
/home/multiclass_classification/zebra/train/n02391049_1088.jpg,2,-0.001390924,9.68E-05,0.001437499,-0.000648709,0.002961026,-0.000258039,-0.006280227,-0.011960177,-0.00989854,-0.037523538,-0.006307358,0.013436238,-0.008750269,-0.008616874,0.02242959,0.047360286,0.039975636,0.10203602
/home/multiclass_classification/zebra/train/n02391049_909.jpg,2,-0.000589941,-0.000167808,0.003613681,-0.000394104,-0.002162946,-0.003908858,-0.006215139,-0.012141204,-0.013986128,-0.025704108,-0.013663305,-0.001619389,0.002368596,0.003307906,0.02993615,0.04929371,0.045110874,0.09779954
/home/multiclass_classification/zebra/train/n02391049_1451.jpg,2,0.001611635,0.000182771,-0.001337204,0.002305598,0.004483921,0.00579715,-0.012422501,-0.007800322,-0.012895607,-0.028959397,-0.005492644,0.004753023,-0.008880098,-0.011011712,0.02416955,0.04941809,0.04452028,0.105232015
/home/multiclass_classification/zebra/train/n02391049_3428.jpg,2,0.003536176,-0.001404294,-0.003078445,-0.006330439,0.003349994,0.001717473,-0.001084855,-0.004401929,-0.003716487,-0.02684509,-0.013358587,-0.004916418,-0.003543803,-0.014450093,0.021670843,0.03539805,0.04441539,0.09978184
/home/multiclass_classification/zebra/train/8bc28d0165.jpg,2,0.003447097,0.002574362,0.005293724,0.002342582,0.007017689,0.008161593,0.007049861,0.005413125,0.00077306,0.017060045,0.008783583,0.030559428,0.006435974,0.020217547,0.05253376,0.041242436,0.05891718,0.1395822
/home/multiclass_classification/zebra/train/n02391049_26.jpg,2,7.08E-05,0.00184005,0.004905891,0.004947861,-0.003166402,-0.006693046,-0.013518633,-0.009700798,-0.003980474,-0.026905652,-0.016295409,0.001969069,-0.002249608,-0.011803255,0.013305577,0.02961403,0.046466194,0.10905701
/home/multiclass_classification/zebra/train/n02391049_3149.jpg,2,-0.000855441,0.000766051,-0.00105729,-0.009386946,-0.001698095,-0.009101816,-0.007708839,-0.000930756,-0.008343192,-0.020039989,0.001235344,0.007108661,-0.007336652,-0.000227564,0.028761126,0.04810124,0.043836847,0.10444377
/home/multiclass_classification/zebra/train/310.jpg,2,-0.000219822,-0.002084962,-0.007343569,-0.008575844,-0.000608924,-0.001766749,-0.009629505,-0.005239624,-0.005641045,-0.03983038,-0.012458791,0.005545917,-0.007409245,-0.007641533,0.020916492,0.051485352,0.04195697,0.11458829
/home/multiclass_classification/zebra/train/n02391049_3582.jpg,2,0.000431841,0.003215076,0.009604495,0.005336045,0.000560791,0.002041988,0.000740247,-0.000236758,0.002545719,-0.003915552,-0.008938599,-0.007146642,-0.005284537,-0.006990535,0.018340513,0.050141856,0.039412826,0.09455123
/home/multiclass_classification/zebra/train/n02391049_707.jpg,2,0.004917802,-0.003290009,-0.000983567,-0.005324418,0.001561451,0.003894834,-0.0065284,0.006592579,-0.004355147,-0.004064916,-0.009101421,0.0069872,-0.008135363,0.000898978,0.029395083,0.04964516,0.044064052,0.11557307
/home/multiclass_classification/zebra/train/204.jpg,2,-0.000429356,-0.001874927,-0.002858058,-0.004187761,0.002229389,0.004073464,0.005258089,0.00535697,-0.010381816,-0.026970224,0.00410163,0.00773972,-0.001634806,-0.004145405,0.041412063,0.041911177,0.044825844,0.12590635
/home/multiclass_classification/zebra/train/n02391049_851.jpg,2,0.00647063,-0.006082501,-0.01462688,-0.011944758,-0.001885913,-0.006270626,-0.003746824,-0.002714467,-0.013477599,-0.033013783,-0.009768587,0.011962928,-0.006147108,-0.014339244,0.015751354,0.023475599,0.039578218,0.107942514
/home/multiclass_classification/zebra/train/n02391049_3878.jpg,2,-0.00047144,-0.000130573,-0.008418772,-0.002149529,-0.000651851,-0.00256257,0.010653127,0.00370909,-0.002221165,-0.009115452,-0.017516594,0.008565002,-0.001023846,-0.003129837,0.04149006,0.043547742,0.04940785,0.12047057
/home/multiclass_classification/zebra/train/n02391049_1465.jpg,2,0.003704225,-0.000987493,-0.004730526,-0.00792184,-0.003871736,-0.002036108,-0.002701573,-0.000466509,-0.0093191,-0.023308976,-0.007992761,-0.010158183,-0.007433954,-0.023717318,0.030056719,0.035072077,0.042670857,0.11708737
/home/multiclass_classification/zebra/train/image_105.jpeg,2,0.006844665,-0.000547593,-0.002816473,0.001401457,0.005368413,0.004362725,-0.007384737,-0.003574976,-0.001844776,-0.015177217,-0.002370026,0.009922864,-0.00633322,-0.016615363,0.017086789,0.036720417,0.039896388,0.09385295
/home/multiclass_classification/zebra/train/n02391049_3054.jpg,2,0.004251917,0.001677497,-0.000437253,-0.002415594,0.005012046,0.004637871,-0.007196066,-0.004891622,-0.006152038,-0.001534693,-0.006854432,0.009101477,-0.006417705,-0.009616235,0.030730752,0.07054057,0.045335464,0.10197146
/home/multiclass_classification/zebra/train/346.jpg,2,-0.001055011,-0.005323701,-0.015402096,-0.012489737,0.003700817,-0.003897136,-0.00872365,-0.003423549,-0.003926164,-0.025403928,-0.002861804,0.002222045,-0.004105086,0.000375201,0.017540654,0.039557584,0.039397046,0.10834235
/home/multiclass_classification/zebra/train/n02391049_8149.jpg,2,-0.000350431,-0.004527099,-0.013637066,-0.003085741,-0.005183168,-0.014511518,-0.00424829,-8.42E-05,-0.009752604,-0.040430125,-0.033266544,-0.011425646,-0.004448302,-0.014716031,-8.75E-05,0.04241699,0.036980115,0.09297843
/home/multiclass_classification/zebra/train/n02391049_5547.jpg,2,-0.001303332,-0.000866192,-0.003963337,0.000131643,0.003739998,0.001312936,-0.005919959,-0.010218642,-0.003206348,-0.014496549,0.001519482,0.013007125,-0.00508493,0.009862736,0.031858392,0.04337627,0.04977338,0.1230666
/home/multiclass_classification/zebra/train/n02391049_1153.jpg,2,0.001496041,-0.002091765,-0.009445391,-0.00778578,0.002152848,-0.000781652,-0.003097286,-0.005360389,-0.005263818,-0.014623819,-0.011382215,0.004935516,-0.002521148,-0.021733642,0.0339472,0.039357133,0.045467995,0.1144269
/home/multiclass_classification/zebra/train/n02391049_8539.jpg,2,0.001161346,-0.007408376,-0.012611087,-0.007138684,-0.002632104,-0.026836772,-0.024962045,-0.01009802,-0.007368921,-0.034475505,0.004190807,0.008546923,-0.005245548,-0.011668841,0.038044497,0.053902302,0.042871695,0.105985686
/home/multiclass_classification/zebra/train/138.jpg,2,0.002992434,-0.003691563,-0.004642027,-0.01432736,-0.001647674,-0.00839668,-0.01102994,-0.007955871,-0.008157024,-0.0278799,-0.008686274,-0.005136231,-0.003707282,-0.01705417,0.010174261,0.04095633,0.039649375,0.101211265
/home/multiclass_classification/zebra/train/n02391049_345.jpg,2,0.003376325,-0.000761377,-0.000336127,-0.000400415,0.001496859,-0.005843678,0.006418837,0.000975651,0.002566779,-0.001211144,0.015443239,0.032162003,0.005402524,0.0279057,0.0639491,0.06500292,0.049225636,0.10768168
/home/multiclass_classification/zebra/train/n02391049_1038.jpg,2,0.000349761,-0.00026817,-0.006932766,-0.003709424,0.002723547,0.002180537,-0.00628503,-0.005011144,-0.006114601,-0.021210957,-0.002460979,0.002303448,0.002803669,0.007737916,0.020625528,0.022909733,0.04329002,0.10236087
/home/multiclass_classification/zebra/train/n02391049_5679.jpg,2,-0.000939468,-0.000158977,0.000500291,0.005458425,0.003312344,0.007820533,-0.007374321,-0.010535325,-0.005558569,-0.029917397,-0.017740369,-0.000668828,-0.00527726,-0.006091933,0.025659593,0.04845074,0.03617412,0.094824806
/home/multiclass_classification/zebra/train/210.jpg,2,0.003056269,-0.000442747,-0.000440087,-0.003868431,-0.000941126,-0.005677052,-0.012203504,-0.004450599,-0.00528314,-0.03024377,-0.020613773,-0.008799028,-0.006565533,-0.022753727,0.020842768,0.040626142,0.038239658,0.09116225
/home/multiclass_classification/zebra/train/n02391049_8699.jpg,2,0.002215398,-0.003249343,-0.006959738,-0.00853374,0.000916691,-0.001881017,-0.007282709,-0.002627588,-0.005426956,-0.026062427,0.005982356,0.015341154,-0.004105751,-0.004636014,0.023483146,0.03712548,0.05239945,0.13850096
/home/multiclass_classification/zebra/train/n02391049_2511.jpg,2,0.00464676,-0.001382478,0.004136032,0.002443882,0.00100232,0.000981152,-0.000911743,-0.000261048,-0.006940001,-0.009139412,0.007631023,0.027968906,-0.004846266,0.003839857,0.053585272,0.053811863,0.061115608,0.13405213
/home/multiclass_classification/zebra/train/n02391049_2628.jpg,2,0.002803824,-0.001468543,-0.004582389,0.002596277,-0.002486412,-0.000811519,-0.008615427,0.000931052,-0.002026777,-0.033562988,-0.002006747,-0.000160054,-0.00185203,-0.013399765,0.010326024,0.04233198,0.04508859,0.11170243
/home/multiclass_classification/zebra/train/n02391049_9583.jpg,2,0.00156463,0.002749541,0.003402361,0.000404347,-0.001167285,-0.002540034,-0.016129587,-0.010422059,-0.009363448,-0.023040472,-0.009310909,0.000468251,-1.40E-05,0.000719535,0.032952968,0.05183267,0.04134357,0.09375395
/home/multiclass_classification/zebra/train/n02391049_8793.jpg,2,0.000534592,-0.000251999,-0.000503422,-0.003288952,-0.006527607,-0.008052738,-0.011463804,-0.010767818,-0.012832051,-0.041498415,-0.021811316,0.005033115,-0.011009399,-0.021699611,0.03276593,0.040641688,0.03988248,0.10684748
/home/multiclass_classification/zebra/train/n02391049_228.jpg,2,0.000100749,-0.003668981,-0.012251712,-0.007420627,-0.00521236,-0.005587928,-0.007639741,-0.002743865,-0.009515239,-0.028799875,-0.001681736,0.004122377,-0.00084189,-0.013342839,0.029866371,0.038252056,0.043282397,0.10979891
/home/multiclass_classification/zebra/train/image_81.jpeg,2,0.004626705,-0.002773491,-0.001500304,0.00110248,0.00445858,0.008775476,0.007868454,0.010732189,0.000188539,0.004889077,0.006799108,0.022572234,0.00274067,0.012615912,0.03199757,0.055916466,0.061472103,0.1324857
/home/multiclass_classification/zebra/train/n02391049_3072.jpg,2,0.000187265,-0.005089339,-0.012056526,0.001989526,-0.000690977,-0.009234989,-0.011435634,-0.00094325,-0.005758368,-0.019200891,-0.002459566,0.005928156,-0.001042488,-0.00833823,0.02716846,0.04997873,0.042615257,0.11154777
/home/multiclass_classification/zebra/train/n02391049_496.jpg,2,-0.001483072,-0.000200449,-0.004282725,0.000137219,-0.000560569,-0.003603178,0.005599315,-0.00071118,0.000224364,-0.012450789,-0.001309534,4.13E-05,-0.010342517,-0.011464919,0.03427009,0.04772075,0.037835434,0.09053584
/home/multiclass_classification/zebra/train/n02391049_9317.jpg,2,0.002446683,0.001986327,0.004826016,-0.003065768,-0.003581506,-0.012337834,-0.010639438,-3.47E-05,-0.007927463,-0.028256673,-0.008310498,0.008238731,-0.00857601,-0.00620189,0.023626368,0.047736622,0.045322157,0.122310795
/home/multiclass_classification/zebra/train/iimage_23 (26).jpeg,2,-0.000392554,-0.005902037,-0.015595557,-0.006076628,-0.011047872,-0.02307796,-0.022263397,-0.006350452,-0.010271614,-0.03360259,-0.001449977,-0.001863408,-0.008594979,-0.014895989,0.022463895,0.025493864,0.04254299,0.10836427
/home/multiclass_classification/zebra/train/n02391049_217.jpg,2,0.003260188,-0.001068831,0.00171955,0.002352465,0.001305741,0.000903866,-0.006219768,-0.007607322,-0.007243898,-0.032335173,-0.00279977,0.007293151,-0.000598788,-0.002966971,0.036135085,0.05754627,0.04410364,0.103742674
/home/multiclass_classification/zebra/train/zebra (25).jpg,2,0.004885203,-0.002237407,-0.008048411,-0.007289723,-0.002002256,-0.017012252,-0.011066902,0.000794519,-0.005553654,-0.010453461,-0.001672928,0.003856651,-0.001101762,0.000822587,0.024350723,0.04492381,0.035356544,0.09366542
/home/multiclass_classification/zebra/train/image_179.jpeg,2,0.002648257,-0.003988324,-0.008457863,-0.008116771,0.000823418,-0.001020724,-0.01012919,-0.002749644,-0.012440209,-0.02557633,-0.008069307,0.008252014,-0.003144606,-0.008366182,0.040518925,0.051571906,0.045463115,0.10749963
/home/multiclass_classification/zebra/train/iimage_23 (7).jpeg,2,-0.001990605,-0.001686882,-0.003735658,-0.003823911,-0.002140338,0.001272836,-0.005029193,-0.002981123,-0.003224906,-0.018065615,-0.000790402,0.005001457,-0.001683861,0.004067606,0.015971305,0.028160706,0.040520437,0.11759874
/home/multiclass_classification/zebra/train/n02391049_6421.jpg,2,-0.00104502,-0.001490346,-0.004031656,-0.00155194,0.002280651,0.003657274,-0.004646392,-0.005730222,-0.010475591,-0.023142328,-0.001422471,0.014832916,-0.001506923,0.007900723,0.034089897,0.04462851,0.045856763,0.13069215
/home/multiclass_classification/zebra/train/127.jpg,2,0.001351544,-0.004501263,-0.013017409,-0.003641648,-0.005003041,-0.014945576,-0.009364761,-0.007047697,-0.009005307,-0.014447678,-0.005306409,0.015100466,-0.000986781,0.006320325,0.027334832,0.04196682,0.045246534,0.12235166
/home/multiclass_classification/zebra/train/355.jpg,2,-0.000649079,0.000799851,0.002660404,-0.000334646,0.007708692,0.005261269,-0.017423717,-0.011669879,-0.012247553,-0.04029965,-0.008780616,0.008025818,-0.01463271,-0.005146333,0.015455315,0.047186144,0.04368008,0.11790615
/home/multiclass_classification/zebra/train/n02391049_2743.jpg,2,0.001083046,-0.005375482,-0.0183006,-0.00783224,0.003292965,0.004012936,-0.013106097,-0.010668765,-0.005363624,-0.028308118,-0.013034923,-0.012680067,-0.004444093,0.005254281,0.009477838,0.043348514,0.034002133,0.09223786
/home/multiclass_classification/zebra/train/n02391049_7407.jpg,2,0.000707235,-0.001934345,-0.003479916,-0.007778854,-0.00353845,-0.006755536,-0.010909372,0.001011782,-0.007733978,-0.026725698,-0.010280101,0.00030012,-0.0054127,-0.017071277,0.032211997,0.03530647,0.04879857,0.11473357
/home/multiclass_classification/zebra/train/n02391049_3098.jpg,2,0.003429805,0.003897992,0.004366079,-0.000141317,0.000947142,-0.009110659,-0.001159656,-0.003368623,-0.004679225,-0.023766082,-0.01141477,0.005401507,0.002477113,0.000126451,0.026044158,0.03961056,0.040856216,0.10118884
/home/multiclass_classification/zebra/train/n02391049_7324.jpg,2,0.002516917,-0.00331288,-0.006569661,-0.000898451,-0.000948195,-0.013253718,-0.02298961,-0.008390585,-0.007122933,-0.03774271,-0.002185784,0.006196961,-0.007069609,-0.001916155,0.021000352,0.038873866,0.036089472,0.09444534
/home/multiclass_classification/zebra/train/n02391049_2877.jpg,2,-0.000367924,-0.001103274,-0.006066172,-0.003308531,-0.000458901,0.009996525,0.002675061,-0.003302509,-0.007584813,-0.004947518,0.001708813,0.015654802,0.003305821,0.002511034,0.056660615,0.05696953,0.051634833,0.12420946
/home/multiclass_classification/zebra/train/n02391049_1567.jpg,2,-0.000802197,-0.001079197,-0.001733268,0.004321503,0.003414063,0.003047699,-0.005336903,-0.001624406,-0.007352636,-0.016756011,0.001679996,0.012361277,-0.001269435,0.001459453,0.026874084,0.046870694,0.049949456,0.11525136
/home/multiclass_classification/zebra/train/n02391049_9524.jpg,2,0.001397866,0.001359889,-0.000760932,-0.000322485,-0.001306932,-0.008869574,-0.011875749,-0.011928717,-0.014566917,-0.03771667,-0.013564047,0.007828029,-0.009934272,-0.021109227,0.01953895,0.02957547,0.04375304,0.10799524
/home/multiclass_classification/zebra/train/zebra (48).jpg,2,0.004394493,-0.000685147,-0.006000332,-0.001283638,0.006492261,0.004108429,0.00696392,0.003388154,-0.003381609,-0.007370281,-0.004386859,0.009716333,0.003043991,-0.00352502,0.012855673,0.036962777,0.04716689,0.10846299
/home/multiclass_classification/zebra/train/n02391049_9421.jpg,2,-0.002073759,0.003342567,0.010120001,0.00146676,0.003960869,0.002069634,-0.002090002,-0.00079605,-0.003003467,-0.0367311,-0.023026722,-0.014066099,-0.00053916,0.000615516,-0.002067203,0.035424493,0.04130499,0.06792632
/home/multiclass_classification/zebra/train/018.jpg,2,0.000709679,-0.002921881,-0.005352893,-0.012331935,-0.005133273,-0.008553631,-0.00948074,-0.001030017,-0.00745492,-0.022937603,-0.005353055,-0.006942875,-0.002578788,0.001421584,0.017848857,0.046341047,0.047644757,0.10653669
/home/multiclass_classification/zebra/train/zebra (38).JPG,2,-0.001897466,0.003285099,0.003143994,0.008422524,0.006079237,0.005131878,-0.004652236,-0.00134871,-0.005556817,-0.023779348,0.003778201,0.03913284,0.007148891,0.024909139,0.07664886,0.06382952,0.050476853,0.10112956
/home/multiclass_classification/zebra/train/n02391049_4952.jpg,2,-0.000854942,-0.003373455,-0.011650166,-0.00030714,0.00049163,-0.006528521,0.001401822,0.009417692,-0.001327181,-0.006233071,-0.007495879,0.001999311,-0.008988263,-0.014788263,0.015836857,0.020822244,0.041952357,0.1147884
/home/multiclass_classification/zebra/train/29b3af6957.jpg,2,0.003945078,-0.002855789,0.000260615,-0.001624186,0.0050632,0.011239892,0.001857677,0.000301087,-0.004612977,-0.01105462,0.006686656,0.015582471,0.004132506,0.008785981,0.03800816,0.04130522,0.052322432,0.124851935
/home/multiclass_classification/zebra/train/n02391049_165.jpg,2,0.002742064,-0.003029553,-0.009006415,-0.007226403,-0.004963967,-0.016639963,-0.017141968,-0.003412041,-0.012842376,-0.04384301,-0.013760105,-0.003431876,-0.002322756,-0.007886302,0.018530123,0.0477386,0.04108745,0.09780924
/home/multiclass_classification/zebra/train/n02391049_2155.jpg,2,0.001469764,0.000546121,-0.003530512,-0.009248005,0.001958904,0.008328646,-0.001950372,-0.002821047,0.002629218,0.009514201,0.000477083,0.009877558,-0.001848602,0.00408676,0.031517927,0.040131327,0.04086206,0.10674918
/home/multiclass_classification/zebra/train/n02391049_2889.jpg,2,0.000197484,-0.000269366,-0.001528796,-0.003288215,0.002471577,0.009853529,-0.013910217,-0.009678293,-0.009350438,-0.04527327,-0.004835771,-0.00860012,-0.004011874,-0.004483468,0.035777435,0.060022496,0.044380624,0.10970074
/home/multiclass_classification/zebra/train/n02391049_1836.jpg,2,-0.000500603,0.00221553,0.002587978,-0.002748167,-0.001237999,-0.013301889,-0.006499396,0.001847707,-0.000791728,-0.003270841,0.014033659,0.03934934,0.00065287,0.008173813,0.046855766,0.059336625,0.051820286,0.117124386
/home/multiclass_classification/zebra/train/184.jpg,2,0.000952138,-0.00065051,0.00291917,0.004558447,0.003469401,0.007111412,-0.002371748,0.007714072,-0.002488845,-0.017916746,0.002486433,0.018460557,0.003575577,0.017220927,0.046894044,0.046857037,0.05212798,0.12590289
/home/multiclass_classification/zebra/train/n02391049_3228.jpg,2,-0.000363227,-0.003034696,-0.008026357,-0.001713109,0.001623915,0.005215237,-0.008311192,0.00025496,-0.001973987,0.008547943,0.004585509,0.020994587,-0.005928683,0.0006997,0.04158269,0.05393335,0.059672613,0.14271179
/home/multiclass_classification/zebra/train/168.jpg,2,0.000218102,-0.002329246,-0.003130495,0.000986396,-0.000126914,0.005305335,0.00036362,0.003696068,-0.013073627,-0.034103464,-0.006376337,0.005444008,-0.003858217,-0.003598932,0.037989505,0.045904916,0.046978433,0.10357705
/home/multiclass_classification/zebra/train/n02391049_2184.jpg,2,-0.001345563,-0.000351679,0.002920714,0.002815467,0.004772681,0.003425336,-0.009899128,-0.010737317,-0.006908111,-0.04797332,-0.0044849,0.018408801,-0.005791908,-0.00029889,0.030201418,0.051339008,0.0494462,0.116727576
/home/multiclass_classification/zebra/train/n02391049_6122.jpg,2,-0.000119173,0.001038183,-0.003628936,-0.000825587,0.002794983,0.000529419,-0.01346114,-0.002643002,-0.006745201,-0.0220876,0.00277017,0.002005119,-0.006857949,0.001940031,0.034880973,0.055223923,0.04279761,0.100994244
/home/multiclass_classification/zebra/train/n02391049_10504.jpg,2,0.002139117,-0.000175607,-0.005534919,-0.000288729,0.00117994,0.009273789,0.00246974,0.006251411,0.000234379,-0.020933077,-0.008858619,-0.002884044,-0.0064366,0.003987739,0.03056262,0.056871798,0.04543306,0.104913175
/home/multiclass_classification/zebra/train/image_69.jpeg,2,0.006920523,-0.002216411,-0.007550146,-0.007191675,-0.004153345,-0.020964343,-0.010662105,-0.007793495,-0.007330804,-0.035949804,-0.007272663,0.004078432,0.00047893,-0.001681608,0.037515353,0.03452514,0.05088108,0.13369465
/home/multiclass_classification/zebra/train/n02391049_3785.jpg,2,-0.000875578,-0.004859549,-0.010665357,-0.006027372,-0.001357662,-0.006013337,0.00121148,0.006639274,-0.001935396,0.002159094,-0.007636863,0.001385804,0.005718382,0.010374928,0.018788865,0.028876457,0.043087665,0.10907854
/home/multiclass_classification/zebra/train/image_59.jpeg,2,0.005122249,0.003490031,0.006055462,0.007404968,0.000116847,-0.004848267,-0.005326991,-0.000912204,-0.001107459,-0.015854672,-0.007636028,0.012497788,-0.003918586,0.010332793,0.034157522,0.050711222,0.05391782,0.1465382
/home/multiclass_classification/zebra/train/n02391049_2856.jpg,2,0.00077324,0.000353895,0.001508024,-0.006575801,3.96E-07,0.01520138,0.01570148,0.007214909,0.008434027,0.012859741,0.032418717,0.050020605,0.017567074,0.04690469,0.068366915,0.03932683,0.062719174,0.12361416
/home/multiclass_classification/zebra/train/283.jpg,2,0.007515653,0.000529367,0.005214965,0.006182779,-0.001658864,-0.009266234,-0.02565064,-0.007884525,-0.010859514,-0.036910113,-0.022052813,-0.001441766,-0.005839616,-0.001959285,0.022172915,0.041436948,0.040429495,0.092862815
/home/multiclass_classification/zebra/train/n02391049_9016.jpg,2,-0.002363059,0.000810186,-0.000173034,0.003102968,0.001393854,0.006130104,0.005850342,0.006982152,0.004434906,0.017340316,0.03456424,0.04139076,0.024082705,0.07307649,0.057922073,0.057725694,0.0515946,0.11478553
/home/multiclass_classification/zebra/train/180.jpg,2,-0.000419638,-0.00143713,-0.003848016,-0.003227952,0.005711267,0.007651411,-0.005299625,-0.005597766,-0.00441759,-0.023821222,-0.012537274,0.006589355,-0.011087308,-0.016140971,0.027979217,0.042370357,0.043051988,0.10604465
/home/multiclass_classification/zebra/train/zebra (55).jpg,2,0.00450231,-0.001479843,-0.005499291,-0.005704335,0.000568816,0.003707051,-0.006890663,-0.005587826,-0.013332823,-0.030146617,-0.008475489,-0.002086554,-0.001914213,-0.008788441,0.02138985,0.049641505,0.045467682,0.10605704
/home/multiclass_classification/zebra/train/n02391049_10454.jpg,2,-0.000942045,-0.005068955,-0.004983301,-0.006991206,-0.002632797,-0.005914696,-0.008408056,0.002277161,-0.007961987,-0.022297377,-0.007250911,0.005323136,-0.008531315,-0.016632684,0.048675265,0.05839465,0.049435556,0.11568348
/home/multiclass_classification/zebra/train/n02391049_1946.jpg,2,0.001227349,0.000897363,0.003444881,0.002022169,0.006683718,0.002424173,-0.011502796,-0.001839262,-0.006285241,-0.036039837,0.006336834,0.003062309,-0.002636179,-0.004230984,0.025495566,0.034008704,0.04750532,0.1164657
/home/multiclass_classification/zebra/train/n02391049_121.jpg,2,0.001474029,-0.001596148,0.001578649,-0.003085785,0.004603539,0.001827651,-0.013358306,-0.007825997,-0.005164164,-0.022422325,-0.000116618,-0.000261271,-0.009020561,-0.01824389,0.019352015,0.025859825,0.037046574,0.11012751
/home/multiclass_classification/zebra/train/n02391049_6452.jpg,2,0.001856508,-0.002469647,-0.000576127,0.002604101,0.003693689,0.00771132,0.003453667,0.008584488,-0.002340514,-0.012684668,-0.002271953,0.019319009,0.002469799,0.006282238,0.032094233,0.044307344,0.05546359,0.13321277
/home/multiclass_classification/zebra/train/image_187.jpeg,2,0.002601416,-0.002746007,-0.002093708,-0.007179284,0.003986387,0.006015147,-5.26E-05,-0.000606003,-0.009307348,-0.02305912,0.001129972,-0.002136299,-0.003186028,-0.002271607,0.034458883,0.027700001,0.056373954,0.1350946
/home/multiclass_classification/zebra/train/3c97493537.jpg,2,-0.0032198,-0.003561001,-0.006892168,-0.003362399,0.001358513,0.00288576,-0.010996166,-0.006339917,-0.008022509,-0.025471268,0.00193255,0.014804425,-0.008464973,-0.01532614,0.023815501,0.04984098,0.054562032,0.120284066
/home/multiclass_classification/zebra/train/zebra (54).jpg,2,0.004106085,-0.00518406,-0.01380055,0.000469869,0.002960134,0.002283265,-0.007846506,-0.003417102,-0.00658021,-0.022437114,0.001072556,0.006637125,-0.003258827,-0.010898585,0.02724995,0.04990672,0.05107397,0.11157669
/home/multiclass_classification/zebra/train/037.jpg,2,0.005535686,0.001175999,0.007049043,0.0021363,0.002908238,0.002176938,-0.016459903,-0.004229376,-0.012319477,-0.047250833,-0.00990724,0.000288832,-0.006975444,-0.003483343,0.0377933,0.059379008,0.039728515,0.10558234
/home/multiclass_classification/zebra/train/034.jpg,2,0.002986336,-0.006421095,-0.011921834,-0.009486543,-0.005046825,-0.024502918,-0.019464685,-0.008331388,-0.009104362,-0.042519048,-0.006346095,0.005857191,-0.008118405,-0.003182301,0.014635267,0.042911764,0.031531215,0.08188966
/home/multiclass_classification/zebra/train/n02391049_4.jpg,2,-0.002809768,0.002143424,0.006975737,0.00991038,0.004648522,0.014548455,0.004972804,0.003384473,-0.00285353,-0.008934762,0.025663847,0.032830868,0.023317672,0.05571731,0.0851407,0.050618596,0.06047152,0.1103745
/home/multiclass_classification/zebra/train/n02391049_2951.jpg,2,5.99E-05,-0.002209486,-0.006993211,-0.010454907,0.003972323,0.000487673,-0.00252633,0.003704709,-0.001877436,-0.005718508,0.005078792,-0.005913579,-0.00968542,-0.008605149,0.01812012,0.039680526,0.043424707,0.115800396
/home/multiclass_classification/zebra/train/iimage_23 (17).jpeg,2,0.003315639,-0.003346981,-0.006133313,0.006972624,0.006192214,0.006586124,-0.003456076,0.001910791,-0.004915588,-0.013195781,-0.002430172,0.016527705,-0.003198915,-0.006788232,0.034607545,0.045521207,0.043652784,0.11185551
/home/multiclass_classification/zebra/train/177.jpg,2,0.003926985,-0.002361117,-0.005851007,-0.003104765,0.00184767,0.001671356,-0.009873452,-0.008127674,-0.00794119,-0.027710412,-0.010723579,4.99E-05,-0.005830871,0.00750703,0.019865267,0.042498656,0.04454542,0.10949938
/home/multiclass_classification/zebra/train/image_89.jpeg,2,0.000558999,-0.002505782,-0.003528431,-0.007113714,0.001195799,-0.007550417,-0.001224913,0.002647221,-0.002933369,-0.0244914,-0.005236831,0.00939194,-0.008584912,-0.006359003,0.032381095,0.03793378,0.04549297,0.10952382
/home/multiclass_classification/zebra/train/n02391049_9387.jpg,2,-0.000284128,-0.000727274,-0.002044612,-0.003360861,-0.002288969,-0.011232507,-0.021376505,-0.008039588,-0.009065426,-0.038995244,0.003161163,-0.003791669,-0.010914554,-0.021225456,0.021265615,0.03144551,0.04900894,0.121255
/home/multiclass_classification/zebra/train/zebra (33).jpg,2,0.000851648,0.000852749,-0.001748225,0.000121567,0.00491196,0.006718036,0.003247679,0.004573066,-0.002339752,-0.021142863,0.006318817,0.009803564,-0.005327431,0.002731917,0.03935883,0.06170725,0.047479965,0.11496894
/home/multiclass_classification/zebra/train/n02391049_10613.jpg,2,0.005444932,-0.000906626,0.002514915,-0.001546511,0.006552024,0.005351777,0.003559548,0.00055833,-0.004595317,-0.020524893,-0.005178849,0.006894155,-7.36E-06,0.013042681,0.050779156,0.050836604,0.048796356,0.12731883
/home/multiclass_classification/zebra/train/n02391049_8844.jpg,2,0.001717766,-3.47E-05,0.001519935,-0.002484649,0.001182131,-0.004716206,-0.015261048,-0.005580409,-0.007548288,-0.025683608,-0.004786186,0.010920494,-0.007053245,-0.010099892,0.046233352,0.035934903,0.049269304,0.11044563
/home/multiclass_classification/zebra/train/n02391049_764.jpg,2,0.00144724,-0.002094745,-0.001541507,-0.002442202,0.000123767,0.005696856,-0.011037871,-0.014176495,-0.007447355,-0.02978808,-0.001355472,0.012902535,-0.004198893,-0.002647683,0.042148322,0.050532274,0.055918727,0.12539144
/home/multiclass_classification/zebra/train/n02391049_424.jpg,2,0.000719515,-0.001360511,-0.004531445,-0.003703538,-0.002786299,-0.012222802,-0.00812221,-0.00439383,-0.007017891,-0.028531702,-0.008581081,0.007077954,-0.006261153,-0.006343344,0.027683102,0.051319987,0.044312507,0.103912786
/home/multiclass_classification/zebra/train/n02391049_2671.jpg,2,-0.000894583,-3.11E-06,-0.000419001,-0.007143802,0.001710424,0.004019228,-0.018390674,-0.00617692,-0.013426797,-0.041289274,-0.004398373,-0.000575155,-0.006146281,-0.00686715,0.03768442,0.03755951,0.041261997,0.110405
/home/multiclass_classification/zebra/train/n02391049_23.jpg,2,-0.000278852,-0.003328894,-0.002476126,-0.010213552,0.002367017,0.004062869,0.005523924,0.00730975,-0.004005855,-0.01183394,0.002216783,0.00620497,-0.004198487,6.22E-05,0.020451091,0.025966963,0.048023187,0.119331755
/home/multiclass_classification/zebra/train/4f5b41a0f6.jpg,2,-0.003233998,-0.004382656,-0.010711737,-0.00771484,-0.00436174,-0.004897039,-0.013956659,-0.004756808,-0.009045795,-0.026067888,-0.00828708,0.009127718,-0.004535898,-0.019269703,0.019953351,0.035829924,0.046692137,0.109621845
/home/multiclass_classification/zebra/train/n02391049_5307.jpg,2,0.003496718,0.000783514,0.010033203,2.21E-05,-0.000192664,0.003577043,-0.003812438,-0.000712797,-0.004975971,-0.018343005,0.004261698,0.026687019,0.000549404,0.013610676,0.06620521,0.060150705,0.055136964,0.11792426
/home/multiclass_classification/zebra/train/193.jpg,2,-0.003499617,-0.000952434,-0.002839628,-0.008997138,0.002094904,0.004003281,0.006700217,0.003762827,0.001814625,-0.010350431,0.002189979,0.006296527,-0.006869289,-0.00177571,0.024957383,0.032818258,0.048092976,0.11901431
/home/multiclass_classification/zebra/train/263.jpg,2,0.001877988,-0.003273111,-0.008201784,0.00323745,0.005338091,0.008095477,0.00661971,0.002509139,-0.005056129,-0.015732437,-7.72E-05,0.015118306,-0.00191534,-0.013971299,0.047079355,0.055501197,0.044291474,0.11321437
/home/multiclass_classification/zebra/train/348.jpg,2,0.001978351,-0.006995842,-0.016508248,-0.00883747,-0.005031656,-0.015441367,-0.011179798,-0.000805821,-0.003031012,-0.0296883,-0.008461654,0.000346236,-0.00147227,0.002271247,0.015352708,0.040418535,0.0416391,0.109955296
/home/multiclass_classification/zebra/train/208.jpg,2,0.001749743,-0.002880211,-0.002726809,0.004815226,0.002708393,0.004400577,-0.006057064,0.007680806,-0.002961232,-0.017873753,-0.004097913,0.001606492,-0.008128936,-0.010568675,0.015390776,0.04352026,0.046902135,0.10658884
/home/multiclass_classification/zebra/train/n02391049_605.jpg,2,0.004026518,-0.006127644,-0.01631944,-0.013081038,0.006999517,0.007296328,-0.007358514,-0.00567059,-0.007487196,-0.02249972,-0.011676326,0.000805886,-0.002956884,-0.000493165,0.022894502,0.05107253,0.04139877,0.09572551
/home/multiclass_classification/zebra/train/046.jpg,2,-0.000817769,-0.004072536,-0.007290408,-0.006031926,-0.002279973,-0.001651518,-0.008693416,-0.009943824,-0.014413254,-0.03940463,-0.007948991,0.000556747,-0.002929566,-0.015744308,0.04107897,0.065022975,0.05355466,0.121537
/home/multiclass_classification/zebra/train/n02391049_788.jpg,2,-0.00132845,0.001828331,0.008354178,0.009155668,0.004338049,0.001253426,-0.006949797,0.000438367,-0.007725617,-0.030766223,0.000898678,0.00605725,-0.000213451,0.006132244,0.03204578,0.044360563,0.050104223,0.12078356
/home/multiclass_classification/zebra/train/n02391049_1175.jpg,2,0.003565336,-0.005540931,-0.003510981,0.000493163,1.76E-05,-0.009380073,-0.009272527,-0.001571855,-0.007466286,-0.023405189,-0.005738073,0.011612428,0.002168984,-0.004921471,0.02915738,0.047093324,0.046776667,0.11471087
/home/multiclass_classification/zebra/train/203.jpg,2,0.003587636,-0.002045032,-0.002909127,0.003071552,0.001737077,-0.001447314,-0.010747519,-0.004996472,-0.005876941,-0.023423862,-0.001661729,0.012255961,-0.001352265,-0.010663066,0.027475812,0.05049418,0.041668616,0.11050981
/home/multiclass_classification/zebra/train/n02391049_2673.jpg,2,0.006042693,-0.00043802,0.001477744,0.002971915,-0.002241504,-0.003519909,-0.012730125,0.004096633,-0.002896766,-0.030999579,0.002486985,0.015882239,-0.003150082,0.007872219,0.027307441,0.054718066,0.050167963,0.12314149
/home/multiclass_classification/zebra/train/image_42.jpeg,2,0.000855011,-0.002124338,-0.00757793,-0.001706948,-0.002924903,-0.019573256,-0.020367455,-0.004048691,-0.015395577,-0.056267187,-0.008310136,-0.004359297,-0.00973235,-0.011893222,0.030705329,0.05728048,0.049364887,0.117886364
/home/multiclass_classification/zebra/train/n02391049_927.jpg,2,0.002573559,0.000977467,-0.004188675,-0.006963311,0.003573821,-0.000844553,-0.000126197,0.000707394,-0.004762299,-0.020465434,0.007879199,0.008729734,-0.004289744,0.002100881,0.029910881,0.042272612,0.041551575,0.09812884
/home/multiclass_classification/zebra/train/n02391049_308.jpg,2,0.0004403,-0.002029796,-0.007234807,-0.005265343,0.005161766,0.014905493,0.00476264,-0.001611681,-0.007127532,-0.016172415,-0.003782502,0.015804833,-0.005121051,-0.022904888,0.018852128,0.04970578,0.053725936,0.12561752
/home/multiclass_classification/zebra/train/188.jpg,2,0.002015514,-0.001054722,-0.002833265,0.003184899,0.001538202,-0.007408802,-0.001104612,0.004673596,-0.000987459,-0.019136705,0.003856783,0.02401501,-0.002375562,0.00216161,0.02697809,0.039879784,0.043370567,0.116685525
/home/multiclass_classification/zebra/train/185.jpg,2,-0.000147395,0.000455811,0.003451369,-0.005289572,0.004803795,-0.001429087,-0.003436355,-0.004785171,-0.002775033,-0.03484626,0.004210374,0.013682988,-0.004353937,-0.006595983,0.011926681,0.028179716,0.039650276,0.10326947
/home/multiclass_classification/zebra/train/022.jpg,2,0.001691583,-0.004463551,-0.00768037,-0.005319633,-0.001563867,0.002169464,-0.003309285,-0.001849689,-0.00663178,-0.015092609,-0.001680573,0.01152911,-0.005975816,-0.004557076,0.028072013,0.038441136,0.044866927,0.10971658
/home/multiclass_classification/zebra/train/186.jpg,2,0.003407802,0.001466372,-0.003775332,-0.007286199,0.004516962,0.004845914,-0.002397824,-0.002330983,-0.014763969,-0.02717508,-0.001469326,-0.001570994,-0.009395965,-0.010341395,0.012353895,0.028278075,0.044288125,0.10052985
/home/multiclass_classification/zebra/train/n02391049_3122.jpg,2,0.002604503,-0.001217842,-0.001001323,-0.003875133,0.001060669,0.003413638,0.016677115,0.00433737,-0.004650702,-0.004342068,-0.004692912,0.002194617,-0.000773007,-0.013354721,0.029590009,0.03157743,0.051684298,0.11014748
/home/multiclass_classification/zebra/train/image_67.jpeg,2,0.002014465,-0.001208264,0.004681201,-0.007440425,0.002555023,-0.005441818,-0.000806109,0.004630509,-0.003190717,-0.015690627,0.004135384,0.009179705,-0.009293232,-0.012838176,0.010346101,0.031385053,0.039627817,0.11646639
/home/multiclass_classification/zebra/train/035.jpg,2,-0.002696087,-0.005500044,-0.00456869,-0.003624098,0.0008437,-0.005478169,-0.02463669,-0.008020894,-0.012606148,-0.032163016,-0.01391324,0.000582001,-0.010167692,-0.013964913,0.03366471,0.03997419,0.04676414,0.12182233
/home/multiclass_classification/zebra/train/n02391049_111.jpg,2,-0.000816097,-0.003467228,-0.004137442,-0.005200493,0.00016345,-0.003541342,-0.006118435,0.002671423,-0.008723063,-0.03326913,-0.003488655,0.01219976,-0.005170838,-0.002798729,0.028021347,0.042460226,0.042279363,0.09954843
/home/multiclass_classification/zebra/train/n02391049_2949.jpg,2,0.000996824,-0.006889503,-0.008279169,-0.011696685,0.001011888,-0.003285646,-0.001187858,0.001721315,-0.00991282,-0.028090257,-0.015913438,0.004990541,-0.00182828,-0.017790474,0.034538228,0.0494214,0.04449986,0.109551854
/home/multiclass_classification/zebra/train/n02391049_2714.jpg,2,-0.000816616,0.001295355,0.005625504,0.000344363,0.003659411,-0.003314063,-0.02139146,-0.009903142,-0.015764233,-0.036182232,-0.010399774,0.00603281,-0.009656091,-0.014543269,0.026867023,0.04388246,0.047996268,0.1114317
/home/multiclass_classification/zebra/train/187.jpg,2,0.001697382,-0.001208806,-0.005607314,-0.006945539,0.000397276,-0.002239303,-0.004436288,-0.003201359,-0.011909908,-0.029895276,-0.01238619,-0.010426221,-0.011645108,-0.019501213,0.017924596,0.031575866,0.042315613,0.10904507
/home/multiclass_classification/zebra/train/n02391049_8059.jpg,2,-0.001839756,-0.004265934,-0.006203642,-0.011488289,-0.003636102,-0.007311763,-0.009893043,-0.007380342,-0.008546463,-0.034808945,-0.005104937,0.014832683,-0.010066299,-0.016415233,0.03050172,0.0429054,0.044348124,0.11191119
/home/multiclass_classification/zebra/train/image_123.jpeg,2,0.006054443,0.001155735,0.004408379,0.001810089,0.002162444,-0.001884649,-0.006799663,-0.001056717,-0.009182366,-0.027027193,-0.001450512,0.014274493,0.002806172,0.016003972,0.04674581,0.066007614,0.04676646,0.11034465
/home/multiclass_classification/zebra/train/n02391049_3091.jpg,2,0.004871962,-0.002642918,-0.007513211,-0.004612817,0.000482172,-0.005654807,-0.010002485,-0.001426304,-0.006940599,-0.029234868,-0.003279032,0.009323804,-0.0107964,-0.019765392,0.02289422,0.03223939,0.0467411,0.1139887
/home/multiclass_classification/zebra/train/010.jpg,2,0.004027878,-0.001309058,-0.00940644,-0.006273469,-0.001591429,-0.001008297,-0.003651873,-0.003364099,-0.011655543,-0.027188778,-0.004325359,-0.001679419,-0.00011607,-0.009466916,0.016546015,0.037072554,0.045329995,0.11013697
/home/multiclass_classification/zebra/train/358.jpg,2,0.004716447,-0.0083741,-0.024317613,-0.008661893,-0.000462651,0.01191665,-0.005718452,-0.009017375,-0.009699704,-0.026384424,-0.007428399,0.006563999,-0.002937319,-0.005787828,0.022665478,0.043651864,0.048082598,0.118169084
/home/multiclass_classification/zebra/train/zebra (10).jpg,2,0.002021467,-0.001372425,-0.000689841,0.000652405,0.000965528,0.001542911,-0.006329007,0.000127078,-0.002455265,-0.010921633,-0.001065358,0.011386607,-0.002668507,0.003880156,0.03754878,0.044134002,0.05389011,0.12907183
/home/multiclass_classification/zebra/train/200.jpg,2,0.000956475,-0.000318801,0.001269648,-0.000234343,0.002628122,-0.003222948,-0.015240219,-0.006219652,-0.01064145,-0.029257484,0.00441617,0.016452106,-0.003949479,-0.012852614,0.039931707,0.044020593,0.04553286,0.11070287
/home/multiclass_classification/zebra/train/n02391049_3031.jpg,2,-0.004668734,-0.005168672,-0.009038578,0.002462942,-0.001507877,-0.006233333,-0.009192126,0.002783712,-0.002343335,-0.022704687,-0.003024613,0.009814141,-0.002441417,-0.001558088,0.032624844,0.047483183,0.05233395,0.11399843
/home/multiclass_classification/zebra/train/n02391049_2297.jpg,2,-0.001687749,-0.002185137,-0.009820401,-0.003691678,-0.002453985,-0.003918274,0.005192888,-0.000134951,-0.002348788,0.011349042,-0.004839141,0.010029979,-0.009204838,-0.018739017,0.035075627,0.024117328,0.052413244,0.14531751
/home/multiclass_classification/zebra/train/n02391049_6186.jpg,2,0.002841033,-0.00229532,-0.001281116,-0.003276696,0.000995018,-0.008067669,-0.0033814,-0.00151941,-0.004239315,-0.008747349,0.00118469,0.013094954,-0.006023687,-0.01724636,0.020985927,0.044880103,0.03935297,0.099834114
/home/multiclass_classification/zebra/train/image_119.jpeg,2,0.001417553,-0.002399738,-0.003415221,0.003512744,-0.000932595,-0.005133748,-0.006864855,-0.001221991,-0.003777091,-0.013666101,0.003695271,0.01650187,-0.001548444,0.016912416,0.046044208,0.048964873,0.06279446,0.14598608
/home/multiclass_classification/zebra/train/n02391049_2197.jpg,2,0.001149896,-0.001941438,-0.005382287,-0.004969462,-0.004301935,-0.007849164,-0.010923121,-0.000607786,-0.007455477,-0.032506276,-0.016848305,-0.000322841,-0.006840433,-0.018264083,0.020940218,0.043758977,0.041543245,0.11834224
/home/multiclass_classification/zebra/train/n02391049_943.jpg,2,-0.001135694,-0.001344962,-0.004286479,-0.00305149,0.001947724,0.000594575,0.002410191,0.00593632,-0.003751764,-0.008025011,0.000203736,0.012837293,-0.001043414,-0.000982918,0.028882822,0.039532706,0.047769614,0.1175226
/home/multiclass_classification/zebra/train/n02391049_6465.jpg,2,-0.003695958,0.002273885,0.008681766,0.004435939,0.006409827,0.019601006,0.003154151,0.004470105,-0.002490778,-0.005632132,1.37E-05,0.020263752,-0.002979354,-0.009342393,0.034886643,0.04983922,0.050046287,0.124279164
/home/multiclass_classification/zebra/train/n02391049_6471.jpg,2,0.001266552,-0.004460305,-0.011081481,-0.008217385,0.00292107,0.001638489,-0.000330239,0.005777137,-0.006742615,-0.015196418,-0.005069577,0.000941422,0.002114949,0.009212429,0.007834155,0.0242172,0.03508463,0.09503245
/home/multiclass_classification/zebra/train/image_131.jpeg,2,0.002687826,-0.003467625,-0.008778323,-0.011262178,-0.003660437,-0.0081369,-0.007260593,-0.002327281,-0.001889033,-0.009427066,-0.002158282,-0.001081962,-0.003001792,0.008456954,0.024642972,0.03432564,0.051999092,0.122392856
/home/multiclass_classification/zebra/train/n02391049_2266.jpg,2,0.001669655,-0.002724768,-0.003921705,-0.005816157,0.004795904,0.013530813,0.001578205,-0.003177485,-0.00991175,-0.028513521,-0.007769352,0.001699486,-0.007666687,-0.021732777,0.021718042,0.02227253,0.042203523,0.11078732
/home/multiclass_classification/zebra/train/n02391049_628.jpg,2,0.000538017,-0.002294057,-0.005292652,-0.01059404,-0.001370323,0.003920917,0.005544727,0.0057363,6.37E-05,-0.003930508,0.003618,-0.001683508,0.00051746,0.006868106,0.021010673,0.013951676,0.045691058,0.121052556
/home/multiclass_classification/zebra/train/n02391049_2166.jpg,2,-0.002712856,-0.002730307,-0.002892772,-0.006047111,0.003506009,0.004747041,-0.006483222,-0.002422844,-0.000898142,-0.018326627,-0.001824051,-0.002561685,-0.005479374,0.000463414,0.023770437,0.04251569,0.042330965,0.11203061
/home/multiclass_classification/zebra/train/n02391049_2518.jpg,2,-0.000284102,-0.000777294,-0.001969775,0.001368525,0.000700542,0.008932758,0.001368093,-0.002362984,-0.003591201,-0.020853324,0.000653319,0.010562167,0.001348779,-0.002889832,0.044976518,0.037648756,0.043570206,0.11105784
/home/multiclass_classification/zebra/train/049.jpg,2,0.00191375,-0.00044048,0.00069885,0.002748891,0.004870183,0.005823975,-0.015125958,-0.001670522,-0.008748011,-0.028670698,-0.014970098,-0.001524221,-0.008139854,-0.012578129,0.03173285,0.04182838,0.0457272,0.11912889
/home/multiclass_classification/zebra/train/n02391049_2005.jpg,2,-0.00041919,-0.006110414,-0.009419754,-0.009112017,0.009592697,0.011830233,-0.012199615,-0.002074966,-0.005094606,-0.026258536,-0.006055348,-0.002510149,-0.002646592,0.003745461,0.018608078,0.045570247,0.03844312,0.09299051
/home/multiclass_classification/zebra/train/n02391049_3754.jpg,2,0.003965441,-0.001347161,-0.003353893,-0.003176021,-0.001782991,-0.009231987,-0.006856822,-0.006675386,-0.007672889,-0.03674081,-0.003910421,0.011414712,-0.005609624,0.009978181,0.042901583,0.058706827,0.054010987,0.12239985
/home/multiclass_classification/zebra/train/n02391049_7668.jpg,2,0.004978007,-0.004722147,-0.011126274,-0.006445854,-0.000279836,-0.002017728,-0.004060654,0.001290755,-0.003800769,-0.016363207,-0.000332917,0.004331508,-0.002614225,0.001181025,0.04370471,0.025325583,0.04030849,0.10833533
/home/multiclass_classification/zebra/train/image_9.jpeg,2,0.003575485,-0.00607818,-0.010212889,-0.007020316,-0.000704478,-0.005411497,-0.013379307,-0.011222795,-0.006097188,-0.03350511,-0.00668701,0.008406345,-0.007895735,-0.014061584,0.0309483,0.052971423,0.037893124,0.09854962
/home/multiclass_classification/zebra/train/n02391049_17.jpg,2,-0.000256774,0.001020104,-0.000103605,-0.011419468,0.002344512,-0.001719582,0.005846029,-0.001457501,-0.00464153,-0.015215648,-0.01138271,-0.003344145,-0.0035148,-0.000218685,0.02145556,0.011957992,0.043820895,0.1121992
/home/multiclass_classification/zebra/train/n02391049_379.jpg,2,0.005016129,-0.002673278,-0.001650222,-0.003215014,0.001107289,-0.000801942,0.004398103,0.002207608,-0.004319025,-0.009165186,0.000667712,0.022452109,0.006664282,0.01413695,0.057239305,0.05377692,0.054340906,0.12921298
/home/multiclass_classification/zebra/train/image_175.jpeg,2,0.001895788,-0.004101932,-0.007759981,0.003702159,0.003073182,0.007681513,0.000800616,0.000901345,-0.005151561,-0.012692221,-0.005569628,0.017116588,-0.001380815,0.012839103,0.019392846,0.051478203,0.051223524,0.12462264
/home/multiclass_classification/zebra/train/n02391049_154.jpg,2,0.002577509,-0.000518709,-0.004176185,-0.006237221,0.000736734,-0.003580681,-0.004945211,0.00235342,-0.010064468,-0.03237503,0.001646601,0.00658605,-0.001768685,-0.002973954,0.017376427,0.033315968,0.042808354,0.10386712
/home/multiclass_classification/zebra/train/n02391049_3139.jpg,2,0.006888553,-0.001915452,-0.006952751,-0.005209011,0.001237233,-0.006180657,-0.011217194,-0.006860043,-0.011813021,-0.026273962,-0.004710259,0.012527509,0.000190136,-0.019849071,0.038281288,0.04287412,0.040488057,0.10735281
/home/multiclass_classification/zebra/train/n02391049_178.jpg,2,0.000985381,-0.000878938,0.001149328,-0.003187774,0.005157942,0.003651192,-0.004761332,0.001925647,-0.006857873,-0.0133441,-0.009049362,0.000628169,-0.000234053,-0.005508943,0.03452846,0.0532843,0.045644563,0.107529536
/home/multiclass_classification/zebra/train/n02391049_2098.jpg,2,0.001185116,-0.000429262,0.001962692,-0.002259817,0.002244748,0.004744838,-0.016822435,-0.005569566,-0.005343309,-0.022810604,-0.011132009,-0.003712846,-0.007251149,-0.019352656,0.024791285,0.059556827,0.04916154,0.11292266
/home/multiclass_classification/zebra/train/image_17.jpeg,2,0.002726107,-0.002117688,-0.006002733,-0.005945092,-0.001911524,-0.00958195,-0.01373163,-0.006751772,-0.010200884,-0.054836594,-0.019705595,0.00553597,-0.007609982,-0.014746673,0.020909397,0.042030983,0.041206762,0.09948524
/home/multiclass_classification/zebra/train/001.jpg,2,0.003244529,-0.003996973,-0.010241678,-0.008810203,0.004852231,0.011761457,-0.003736092,-0.00196366,-0.004552575,-0.018612118,-0.006807209,0.003686936,-0.004259671,-0.007026206,0.02218796,0.04640743,0.04708878,0.1109996
/home/multiclass_classification/zebra/train/211.jpg,2,-0.001731843,0.00027187,0.000673961,-0.003135325,0.007335433,0.017780378,0.005089356,0.007728992,0.002789326,0.00188757,-0.0047165,0.01787337,0.002856026,0.005851294,0.03719079,0.042718444,0.054698892,0.13238612
/home/multiclass_classification/zebra/train/n02391049_1288.jpg,2,0.003191611,-0.004626613,-0.004295952,-0.001514902,0.000130034,-0.002181349,-0.011615809,-0.002369562,-0.006605401,-0.008182383,0.012345685,0.01314746,-0.003509943,-0.012713051,0.03948802,0.03154244,0.055261374,0.13324246
/home/multiclass_classification/zebra/train/n02391049_33.jpg,2,0.002891318,-0.003757763,-0.012067516,-0.006094706,0.000209227,0.00491441,-0.00221377,-0.000553636,-0.013295779,-0.0348791,-0.005289411,-0.014291193,-0.005630847,-0.001199007,0.00728712,0.0402086,0.044702187,0.104500264
/home/multiclass_classification/zebra/train/103.jpg,2,0.003154781,-0.003343128,-0.009322283,0.00185032,0.003995522,0.014456415,0.0011963,0.004652593,-0.000631568,-0.000469816,0.023426875,0.018203465,-0.001375605,0.024571031,0.03345198,0.053720877,0.04928502,0.11025978
/home/multiclass_classification/zebra/train/n02391049_602.jpg,2,-0.003423659,-0.000444302,0.004420145,0.00109304,0.001725108,-0.003086498,-0.00803417,-0.008364265,-0.010293002,-0.015912052,0.000582296,0.014163788,0.00384123,0.023630908,0.01919556,0.04289828,0.029527456,0.06142925
/home/multiclass_classification/zebra/train/n02391049_2701.jpg,2,0.002629595,0.002324492,0.007053676,0.005677048,0.000389249,-0.008351142,-0.018778317,-0.010990022,-0.003665074,-0.019665048,-0.005638925,0.004815112,0.000424155,0.003523132,0.020664081,0.032693677,0.034771234,0.09115572
/home/multiclass_classification/zebra/train/219.jpg,2,0.000207401,-0.002998696,-0.010684454,-0.007422093,0.003002864,0.005206254,0.003269963,-0.001797107,-0.008152796,-0.021389116,-0.007653466,0.014794366,-0.00478072,-0.004180368,0.034645677,0.048277088,0.04453751,0.11156374
/home/multiclass_classification/zebra/train/n02391049_5909.jpg,2,-7.71E-07,0.001010518,1.52E-06,0.003075126,0.00154635,0.004846491,-0.001084535,-7.15E-05,-0.005403073,-0.012061853,-0.008730019,0.009566381,-0.000448765,-0.006020757,0.03077748,0.034640484,0.055332277,0.13147628
/home/multiclass_classification/zebra/train/n02391049_5782.jpg,2,-6.45E-05,-0.003439746,-0.007700087,-0.012960261,-0.000405009,-0.003200837,0.004712807,0.003712006,-0.005610797,-0.000107784,0.00112063,0.013152042,-0.00413112,0.006343665,0.044690013,0.026961306,0.043347124,0.12003708
/home/multiclass_classification/zebra/train/zebra (30).jpg,2,0.001309032,-0.005326551,-0.010902533,-0.0036966,-0.000146342,-0.011069469,-0.01682524,-0.002009238,-0.013281106,-0.03693452,-0.011570642,0.003713027,-0.007604316,-0.019529779,0.019087393,0.050056092,0.04691167,0.10375112
/home/multiclass_classification/zebra/train/n02391049_3623.jpg,2,0.003337639,-0.000524999,0.006560624,-0.000896523,0.000949957,0.006113971,0.00692899,0.003137254,-0.005806717,-0.012697281,-0.00772603,0.013279849,-0.010771308,-0.024821453,0.03285204,0.026763946,0.038161103,0.09488383
/home/multiclass_classification/zebra/train/n02391049_3844.jpg,2,-0.000121528,0.00011349,-0.004081375,-0.002008878,0.005569961,0.002858309,-0.007731724,-0.00690645,-0.003692206,-0.021378879,-0.00087268,0.017031262,-0.00398435,-0.000427619,0.027892254,0.045978192,0.046329446,0.11233178
/home/multiclass_classification/zebra/train/785be6d4b5.jpg,2,0.001423002,-0.000802608,-0.00298466,-0.005827272,-0.002049434,-0.008267609,-0.01912916,-0.008772689,-0.011146387,-0.026756631,-0.013319961,0.007247989,-0.000142563,0.002642492,0.028621519,0.055342905,0.040855687,0.09575808
/home/multiclass_classification/zebra/train/n02391049_363.jpg,2,0.002728265,-0.001181825,-0.001143012,-0.00134549,-0.000732894,0.002559635,0.006750044,0.003680078,-0.003600443,-0.017518898,0.008999713,0.028281428,0.005370489,0.031324256,0.06757992,0.058553442,0.054495744,0.118934125
/home/multiclass_classification/zebra/train/140.jpg,2,0.00085463,0.000882145,0.000391289,-0.000225943,0.00290683,-0.003909009,-0.0185756,-0.006098162,-0.009907016,-0.03654037,-0.006898851,0.010893343,-0.002036245,-0.015797472,0.03582169,0.053992987,0.043951828,0.11603813
/home/multiclass_classification/zebra/train/005.jpg,2,-0.001414083,-0.001268846,-0.00214112,-0.007413677,0.002613003,-0.00162531,-0.005312522,0.001766387,-0.004841143,-0.019409752,-0.005879956,-0.003252575,-0.006191136,-0.010695878,0.013144989,0.029356051,0.042908076,0.1090278
/home/multiclass_classification/zebra/train/n02391049_1063.jpg,2,0.001029166,-0.001452271,-0.003014462,0.000128505,0.003430257,0.010185991,-0.00210491,0.004375961,-0.005483794,-0.021273777,-0.020404309,0.001717597,-0.003878335,0.004175037,0.034136496,0.034999814,0.045291148,0.115413934
/home/multiclass_classification/zebra/train/n02391049_7151.jpg,2,-0.000851133,-0.002041059,-0.006648402,-0.00086484,-0.003725136,-0.009191119,-0.009191971,-0.003337001,-0.010108328,-0.03592938,-0.004313212,0.020982692,0.002600654,0.002213036,0.047297843,0.059929177,0.05052185,0.13080418
/home/multiclass_classification/zebra/train/n02391049_3443.jpg,2,0.0031461,-0.001138419,-0.0067298,1.69E-06,0.006330399,0.010301484,-0.001073131,-0.003805982,-0.006098317,-0.01956926,-0.000947037,0.011950777,0.002142905,-0.005870543,0.037657928,0.035521697,0.046503708,0.10324341
/home/multiclass_classification/zebra/train/image_25.jpeg,2,0.001149691,-0.005740344,-0.01230949,-0.006420303,0.001047821,0.001951324,-0.007401992,-0.004570415,-0.015523297,-0.026387943,-0.013428315,0.008198494,-0.003919101,-0.016040843,0.04016128,0.04722014,0.046118367,0.10949841
/home/multiclass_classification/zebra/train/n02391049_1097.jpg,2,-0.001982998,-0.000222912,-0.006828016,-0.004711544,-0.006753832,-0.013968941,-0.005252047,-0.005063626,-0.000678356,-0.015916727,0.000332883,0.00745266,0.002186576,-0.005886741,0.01130775,0.022289297,0.038049176,0.09730716
/home/multiclass_classification/zebra/train/089.jpg,2,0.004620546,-0.007399119,-0.015201765,-0.010026318,0.000478909,0.000944149,-0.004027533,0.000909138,-0.002376098,-0.020110246,-0.005109924,0.009208287,-0.009580785,-0.004925857,0.024981715,0.035598814,0.041956946,0.109449886
/home/multiclass_classification/zebra/train/zebra (46).jpg,2,0.003549773,-1.90E-05,0.005857108,0.005318909,0.002731688,-0.004971291,-0.010714453,-0.002257437,-0.010022362,-0.037066784,-0.027552107,0.001903321,-0.008004528,-0.005123327,0.014490945,0.029123625,0.03589351,0.09904902
/home/multiclass_classification/zebra/train/image_167.jpeg,2,0.006096319,-0.000486948,0.002596004,0.002549783,0.004826562,0.002221312,-0.005737628,-0.005312279,-0.001209244,-0.00039713,-0.004858228,0.012699967,-0.0070655,0.003155659,0.016681861,0.037580613,0.04424067,0.09808205
/home/multiclass_classification/zebra/train/n02391049_2781.jpg,2,0.000683301,-0.001180826,-0.007762388,-0.004075542,0.004648459,0.005355646,0.000331179,-0.00270565,-0.001274589,-0.021514803,-0.008577459,-0.010719365,-0.003964488,0.009008937,0.018784571,0.036679197,0.030952431,0.10186734
/home/multiclass_classification/zebra/train/n02391049_6631.jpg,2,0.002831597,-0.000182053,0.001180624,0.004573254,-0.001299426,-0.009175759,-0.009976471,-0.004225197,-0.001856936,-0.011772683,0.00734664,0.03791127,0.01246923,0.038800415,0.047704965,0.040347636,0.053146616,0.1160592
