Full filepath,Full Class Index,sensitivityscore_before_layer4.1.conv1,sensitivityscore_After_layer4.1.conv1_0.5,sensitivityscore_After_layer4.1.conv1_0.6,sensitivityscore_before_layer4.1.conv2,sensitivityscore_After_layer4.1.conv2_0.5,sensitivityscore_After_layer4.1.conv2_0.6
/home/datasets/train/deer/deb4e8d7c9.jpg,0,-0.0083436705,-0.06543513,0.040256955,-0.006182598,-0.058915265,-0.06901096
/home/datasets/train/deer/61860dd81c.jpg,0,-0.004385923,-0.07563062,0.026880683,-0.0052561024,-0.070136,-0.085833
/home/datasets/train/deer/3028e909d9.jpg,0,-0.02706607,-0.06255272,0.03106971,-0.018036056,-0.053046517,-0.06490405
/home/datasets/train/deer/54ad7f6e17.jpg,0,-0.013059165,-0.06573315,0.032998405,0.011094104,-0.039430853,-0.055339713
/home/datasets/train/deer/4d03862792.jpg,0,-0.0039220145,-0.068671055,0.021536376,-0.020057201,-0.099121965,-0.11064233
/home/datasets/train/deer/f47f34dd0c.jpg,0,0.012883885,-0.06683904,0.032810945,0.0052888235,-0.041758634,-0.057886045
/home/datasets/train/deer/a72c338713.jpg,0,-0.015404819,-0.054131314,0.039680604,-0.00061462633,-0.08478835,-0.08402878
/home/datasets/train/deer/2d6f0e6c80.jpg,0,0.009454936,-0.06886349,0.03597496,0.01423643,-0.07607937,-0.07384515
/home/datasets/train/deer/ca61ab1b1f.jpg,0,-0.006102004,-0.05341102,0.04201886,0.0079192715,-0.09771152,-0.11049
/home/datasets/train/deer/2637fbf170.jpg,0,-0.013397897,-0.077974916,0.035226356,0.0010252823,-0.057316262,-0.0897528
/home/datasets/train/deer/9afe2488bf.jpg,0,-0.0034551355,-0.05792612,0.021979356,0.0021008216,-0.07511558,-0.08469016
/home/datasets/train/deer/09818957b7.jpg,0,0.0009698095,-0.05010406,0.02849423,-0.0027942546,-0.060952537,-0.0759076
/home/datasets/train/deer/7cd5dab486.jpg,0,-0.0058907582,-0.0810863,0.025959656,0.0051122117,-0.047878705,-0.064487174
/home/datasets/train/deer/a1a47404e7.jpg,0,-0.017559085,-0.04672289,0.041560877,0.0023615374,-0.064755365,-0.06951971
/home/datasets/train/deer/804d8063d6.jpg,0,-0.012994885,-0.07658516,0.029725648,-0.0037580007,-0.073591575,-0.07957625
/home/datasets/train/deer/image_24.jpg,0,0.003020009,-0.06304643,0.034656584,-0.008386547,-0.08611217,-0.08779715
/home/datasets/train/deer/image_76.jpg,0,0.000721965,-0.08236621,0.037983704,0.007850194,-0.053119607,-0.065570414
/home/datasets/train/deer/a794f45187.jpg,0,-0.012931855,-0.0723058,0.029351067,0.00065981527,-0.072026186,-0.07847942
/home/datasets/train/deer/818c7331ca.jpg,0,0.0061126137,-0.04199753,0.019995173,-0.011161176,-0.030532343,-0.039993756
/home/datasets/train/deer/f54b6f43cd.jpg,0,-0.01407794,-0.07205111,0.035195272,0.0030610822,-0.06428947,-0.076261476
/home/datasets/train/deer/3687f256d7.jpg,0,-0.0027744612,-0.07797641,0.03926929,0.008463742,-0.068402894,-0.075930454
/home/datasets/train/deer/d17f8459df.jpg,0,-0.020856366,-0.047895666,0.0348667,-0.0023188703,-0.065861784,-0.08490552
/home/datasets/train/deer/image_39.jpg,0,-0.005759755,-0.062672734,0.041984152,0.0037548926,-0.035417736,-0.046096325
/home/datasets/train/deer/5f22a77307.jpg,0,-0.0041817,-0.047110815,0.026045203,-0.0012075491,-0.04083395,-0.06690295
/home/datasets/train/deer/178bbe296e.jpg,0,-0.022057272,-0.05890901,0.03446173,0.0033031243,-0.053332966,-0.0750687
/home/datasets/train/deer/362312ee0b.jpg,0,0.0061097434,-0.057452608,0.027669497,-0.009009872,-0.09358696,-0.102567405
/home/datasets/train/deer/aab37153a3.jpg,0,-0.022285886,-0.06983708,0.04535407,-0.010699766,-0.061785743,-0.07000407
/home/datasets/train/deer/image_46.jpg,0,-0.009832653,-0.07163591,0.03368541,-0.0092844125,-0.055671953,-0.07121974
/home/datasets/train/deer/34b92e0dec.jpg,0,-0.012188371,-0.05640682,0.035559453,-0.03360293,-0.043537766,-0.061555937
/home/datasets/train/deer/f5491b0b28.jpg,0,-0.0010169847,-0.07031626,0.021164695,0.005293183,-0.02208076,-0.042085093
/home/datasets/train/deer/ad480eded9.jpg,0,0.0016380735,-0.05570939,0.039034408,0.003695467,-0.09052479,-0.07604391
/home/datasets/train/deer/3ef422fcbd.jpg,0,0.0021948488,-0.06087172,0.04100047,-0.00792165,-0.042673465,-0.057019457
/home/datasets/train/deer/2c8c6e2f6d.jpg,0,-0.015278155,-0.076105416,0.035150044,0.00017171912,-0.04774002,-0.06890858
/home/datasets/train/deer/76e1730a7c.jpg,0,-0.010940433,-0.060938448,0.034686975,0.0063231527,-0.016757675,-0.03147864
/home/datasets/train/deer/i-2022-04-05T155021-669_jpg.rf.e25dbef846a55559f536f312b5aa976b.jpg,0,0.0022065481,-0.08760871,0.03727962,0.021258637,-0.07023364,-0.08116203
/home/datasets/train/deer/9da836299d.jpg,0,0.009099068,-0.066029005,0.034070715,0.01212438,-0.074283205,-0.09678965
/home/datasets/train/deer/i-2022-04-05T172522-092_jpg.rf.f9f71e8abdfc86efe97f1056921951cc.jpg,0,-0.0016774186,-0.057239212,0.04857099,0.004629544,-0.0502778,-0.072138056
/home/datasets/train/deer/3a7685c8c9.jpg,0,-0.009462377,-0.07069859,0.03817056,-0.018102763,-0.07225236,-0.08297379
/home/datasets/train/deer/b7d1c61c3a.jpg,0,-0.006499392,-0.054330356,0.03285347,-0.018852223,-0.060549486,-0.062209718
/home/datasets/train/deer/f1cf53823b.jpg,0,-0.0022395344,-0.06350553,0.037963904,0.00052811066,-0.047966305,-0.056110743
/home/datasets/train/deer/144e70a876.jpg,0,-0.024880867,-0.08855813,0.021426737,-0.040928677,-0.077097386,-0.06742287
/home/datasets/train/deer/c839f5829d.jpg,0,-0.0049582394,-0.09516599,0.036057886,0.0072989315,-0.059276894,-0.078652196
/home/datasets/train/deer/04eec54def.jpg,0,-0.0022570784,-0.05929113,0.026610209,-0.0012494592,-0.028205058,-0.060195666
/home/datasets/train/deer/9e89f1b7d1.jpg,0,-0.0019335159,-0.059262846,0.035667207,0.008375641,-0.07299805,-0.08596119
/home/datasets/train/deer/46a2b61ddc.jpg,0,-0.0024640448,-0.05946689,0.039418533,-0.027807323,-0.081571266,-0.08912861
/home/datasets/train/deer/5eb2e2a419.jpg,0,-0.0022786446,-0.080301106,0.03524918,-0.016723804,-0.110213436,-0.10677194
/home/datasets/train/deer/chital-126500-Edit.jpg,0,-0.009063217,-0.070725545,0.027515778,-0.004021654,-0.069095165,-0.09014882
/home/datasets/train/deer/697718c354.jpg,0,-0.0098725995,-0.07117022,0.027105883,0.00838862,-0.050530035,-0.07286339
/home/datasets/train/deer/3ececaa45e.jpg,0,-0.015187545,-0.07206264,0.027503142,-0.0048236623,-0.041741833,-0.05985866
/home/datasets/train/deer/a1339359de.jpg,0,-0.026173292,-0.083876856,0.02948036,-0.013251222,-0.069928244,-0.090391584
/home/datasets/train/deer/2cb963ba89.jpg,0,-0.005806659,-0.08103617,0.02517049,-0.0057770666,-0.0396849,-0.056705024
/home/datasets/train/deer/494ecfbc45.jpg,0,0.012910889,-0.070182905,0.03251682,0.015176791,-0.053501956,-0.06495487
/home/datasets/train/deer/559b655e24.jpg,0,0.004131443,-0.05896754,0.037314147,0.014998905,-0.06223217,-0.05929147
/home/datasets/train/deer/9de2a5e7c0.jpg,0,0.010491598,-0.072185196,0.03683359,0.010831673,-0.05619751,-0.07626368
/home/datasets/train/deer/image_37.jpg,0,0.001722693,-0.069556534,0.03356994,0.0020310858,-0.054634288,-0.076201856
/home/datasets/train/deer/0074441cc2.jpg,0,-0.019072197,-0.062877074,0.037211843,-0.0020118607,-0.08523472,-0.096521564
/home/datasets/train/deer/9ee04ef873.jpg,0,-0.012951223,-0.05960863,0.034628473,0.018184924,-0.05855047,-0.07935138
/home/datasets/train/deer/4f0b46f73b.jpg,0,-0.0050424463,-0.052981146,0.033660892,-0.008057924,-0.08926956,-0.09941422
/home/datasets/train/deer/15cb3efaed.jpg,0,-0.01903225,-0.07714899,0.0396513,-0.028965216,-0.06477381,-0.07788259
/home/datasets/train/deer/0eb3bb5e9a.jpg,0,0.010950744,-0.055252735,0.030892221,-0.0010514839,-0.052899092,-0.04728969
/home/datasets/train/deer/image_25.jpg,0,0.003385961,-0.07362172,0.043184355,-0.02691979,-0.07405712,-0.077844635
/home/datasets/train/deer/image_32.jpg,0,-0.019892216,-0.053681366,0.03959802,-0.012476983,-0.06696629,-0.08954575
/home/datasets/train/deer/3a9bef94c3.jpg,0,-0.00641105,-0.06482275,0.030039845,-0.00076084223,-0.033386245,-0.053565733
/home/datasets/train/deer/35c2352627.jpg,0,-0.0043202913,-0.06648347,0.047942154,0.00012027961,-0.07187746,-0.09720141
/home/datasets/train/deer/3ee287c0c3.jpg,0,0.0032069883,-0.063933365,0.044576257,-0.01109136,-0.077839375,-0.08088434
/home/datasets/train/deer/11a2ba2d9a.jpg,0,-0.022813432,-0.056971014,0.043209642,-0.01722017,-0.089758925,-0.092048034
/home/datasets/train/deer/5e895b17d1.jpg,0,-0.008806566,-0.08282554,0.024253078,-0.009319991,-0.039933454,-0.05100727
/home/datasets/train/deer/08d1025ed4.jpg,0,0.005160622,-0.07951027,0.043362025,-0.0028720768,-0.061982553,-0.07703915
/home/datasets/train/deer/e39a6aa741.jpg,0,-0.030771198,-0.07510185,0.03747729,-0.0095210355,-0.09101969,-0.092472136
/home/datasets/train/deer/10790b960d.jpg,0,-0.02208567,-0.0831556,0.02274653,-0.0125526395,-0.054699633,-0.07150002
/home/datasets/train/deer/4b9fd4baa6.jpg,0,-0.016855113,-0.07053007,0.0448791,-0.002397768,-0.087782316,-0.09258905
/home/datasets/train/deer/image_67.jpg,0,-0.019234175,-0.06609604,0.036995836,0.007576635,-0.08330168,-0.10083775
/home/datasets/train/deer/7efd89f098.jpg,0,-0.021317009,-0.079132326,0.037122127,0.0010725595,-0.06921136,-0.0816801
/home/datasets/train/deer/e4c951696f.jpg,0,-0.035871003,-0.056484796,0.04374442,-0.030173551,-0.084406994,-0.09332049
/home/datasets/train/deer/7a5bee0f95.jpg,0,-0.002088124,-0.06357769,0.03135829,0.004269383,-0.036404334,-0.0525069
/home/datasets/train/deer/2a5fd6c0f7.jpg,0,0.0025935508,-0.07542539,0.039455604,-0.0014038524,-0.08670282,-0.101299435
/home/datasets/train/deer/feafdc8eca.jpg,0,-0.0078063975,-0.04140061,0.040372524,-0.012670105,-0.053654168,-0.057148293
/home/datasets/train/deer/9b1e8519de3.jpg,0,-0.0069104573,-0.058534563,0.04360303,-0.02169428,-0.059298404,-0.07217723
/home/datasets/train/deer/8a6a0c3359.jpg,0,0.0027411212,-0.06202136,0.04129518,0.0068340595,-0.06659961,-0.08503452
/home/datasets/train/deer/image_60.jpg,0,-0.0018526975,-0.063429646,0.044421114,-0.003482032,-0.07136882,-0.09332916
/home/datasets/train/deer/553f79494c.jpg,0,-0.013433701,-0.03907229,0.026812486,-0.008651212,-0.019440595,-0.043831818
/home/datasets/train/deer/a00813c31c.jpg,0,-0.003740762,-0.06456017,0.03274587,-0.0023148358,-0.07489834,-0.09405519
/home/datasets/train/deer/f506ea569b.jpg,0,-0.0020169066,-0.074154384,0.04038489,-0.0072052265,-0.074809216,-0.09484904
/home/datasets/train/deer/f540be9fe1.jpg,0,-0.0074295355,-0.062049713,0.045619406,-0.005791043,-0.065794945,-0.08240612
/home/datasets/train/deer/image_61.jpg,0,-0.0046668705,-0.05373884,0.041927043,0.009184152,-0.07849927,-0.0898111
/home/datasets/train/deer/fd5be7fb86.jpg,0,-0.025763066,-0.053702157,0.04277807,-0.0065899445,-0.025805783,-0.055778313
/home/datasets/train/deer/ab4ef5b9ae.jpg,0,-0.030931633,-0.06899264,0.037113994,-0.007006276,-0.078671984,-0.096257985
/home/datasets/train/deer/d584f108f1.jpg,0,-0.01839866,-0.045602698,0.020347135,0.0027579386,-0.030574085,-0.0459233
/home/datasets/train/deer/8b07687f39.jpg,0,0.011709846,-0.07107681,0.014563793,0.01908215,-0.049888827,-0.089331575
/home/datasets/train/deer/40ddd40dee.jpg,0,-0.0272297,-0.056055725,0.030987157,-0.01528641,-0.064670816,-0.079773664
/home/datasets/train/deer/2e9aad69b1.jpg,0,-0.009256371,-0.077230304,0.027769176,0.013325001,-0.08877252,-0.097027205
/home/datasets/train/deer/592768b323.jpg,0,-0.0031991925,-0.07444398,0.03864455,-0.0051062424,-0.11030418,-0.10916682
/home/datasets/train/deer/68642c695d.jpg,0,-0.010713511,-0.040449,0.02220935,0.007707824,-0.042941827,-0.055631135
/home/datasets/train/deer/9d755f0824.jpg,0,-0.007868655,-0.06484518,0.0313676,-0.004812646,-0.06647746,-0.0822466
/home/datasets/train/deer/cdcb53004e.jpg,0,-0.009587926,-0.06598496,0.032040525,-0.015173846,-0.07843237,-0.089205734
/home/datasets/train/deer/dfd32bb54a.jpg,0,0.022000344,-0.07739084,0.04066627,0.026566753,-0.040851764,-0.063061595
/home/datasets/train/deer/f0ba5e507a.jpg,0,-0.021994863,-0.0516574,0.029661002,-0.016820168,-0.06969707,-0.07211598
/home/datasets/train/deer/ebf89a6ff8.jpg,0,-0.003587355,-0.05619346,0.03634623,0.012377352,-0.08843736,-0.10544547
/home/datasets/train/deer/61e361648e.jpg,0,-0.023504455,-0.060518757,0.038683664,-0.0005080879,-0.09214653,-0.10133196
/home/datasets/train/deer/image_7.jpg,0,-0.014772806,-0.035655968,0.04202961,-0.0026329586,-0.034407556,-0.056385532
/home/datasets/train/deer/d218c3b043.jpg,0,-0.010988366,-0.031835284,0.035702493,-0.00857312,-0.08468172,-0.095524184
/home/datasets/train/deer/079b0c220d.jpg,0,-0.015246945,-0.06969409,0.0231379,-0.00043125963,-0.0627553,-0.07677837
/home/datasets/train/deer/38cdafa0ff.jpg,0,-0.016744427,-0.05631216,0.028698672,-0.00572408,-0.037489973,-0.05449636
/home/datasets/train/deer/chital2.jpg,0,-0.006720327,-0.064138174,0.032654345,-0.008077147,-0.052508797,-0.07721289
/home/datasets/train/deer/b7d097290c.jpg,0,-0.017808415,-0.06979025,0.021628808,-0.00766333,-0.044780232,-0.055337705
/home/datasets/train/deer/be98adba2e.jpg,0,-0.013081271,-0.0565437,0.03476963,0.013188008,-0.06688033,-0.08038934
/home/datasets/train/deer/496cbc57b9.jpg,0,-0.0043831114,-0.0591474,0.03642597,-0.0020094553,-0.066084854,-0.0810211
/home/datasets/train/deer/a402a1dcce.jpg,0,-0.022779955,-0.045855343,0.034343027,-0.0014483043,-0.056888513,-0.08333455
/home/datasets/train/deer/c226ad906e.jpg,0,-0.016341476,-0.06953344,0.028127234,-0.016929861,-0.0797569,-0.087887816
/home/datasets/train/deer/6ac953ce82.jpg,0,-0.004037163,-0.07235878,0.029412013,-0.020217864,-0.053880703,-0.04434023
/home/datasets/train/deer/cad376db2a.jpg,0,-0.0062575126,-0.07536048,0.03450347,-0.0050865724,-0.07769613,-0.072272
/home/datasets/train/deer/e76709edf7.jpg,0,0.0059657376,-0.061922755,0.030992255,0.0034048534,-0.036424164,-0.053071037
/home/datasets/train/deer/i-2022-04-05T141909-779_jpg.rf.e885c40ed0dd9db7496dd1051422ed29.jpg,0,0.009934819,-0.06301251,0.04218925,0.0050028665,-0.06993578,-0.07901822
/home/datasets/train/deer/40e2f90043.jpg,0,-0.02563798,-0.07002826,0.025485206,-0.003831475,-0.06515005,-0.075159654
/home/datasets/train/deer/de02cda9cf.jpg,0,-0.018215485,-0.057450745,0.028254202,-0.003621031,-0.061627265,-0.07467624
/home/datasets/train/deer/007bbabf4a.jpg,0,0.013695244,-0.078360215,0.03152599,0.00068136957,-0.05502851,-0.078190364
/home/datasets/train/deer/00fdcaa6df.jpg,0,-0.02329926,-0.06407834,0.03410419,0.0004501827,-0.054486915,-0.06330156
/home/datasets/train/deer/80a5cec3b6.jpg,0,-0.030746063,-0.06897038,0.030182742,-0.0059266323,-0.048294492,-0.06490308
/home/datasets/train/deer/194468fb71.jpg,0,-0.010227602,-0.06550177,0.03543721,0.0004164083,-0.055210445,-0.060303554
/home/datasets/train/deer/e6b336021c.jpg,0,-0.014287971,-0.0774815,0.02235679,-0.009134602,-0.065012425,-0.07712305
/home/datasets/train/deer/4ad43a1687.jpg,0,-0.01366095,-0.054935172,0.041237134,-0.036301173,-0.06685434,-0.081649035
/home/datasets/train/deer/image_63.jpg,0,-0.0064303307,-0.032050014,0.035571754,-0.004614966,-0.017570429,-0.033164613
/home/datasets/train/deer/i-2022-04-05T155135-175_jpg.rf.ba04d85eb0ba93cc2d75c835dead8ec1.jpg,0,-0.013552741,-0.067585096,0.044464234,0.013204172,-0.044549845,-0.056235947
/home/datasets/train/deer/6d29b3f6b2.jpg,0,-0.013033278,-0.06250729,0.03591505,-0.015418906,-0.09063308,-0.105652004
/home/datasets/train/deer/bd95b94a06.jpg,0,-0.010406387,-0.07441117,0.034263555,0.0049765958,-0.06657854,-0.0859237
/home/datasets/train/deer/9948bddf10.jpg,0,-0.016017847,-0.05858031,0.048349906,-0.010664594,-0.07376869,-0.08440955
/home/datasets/train/deer/f539d72146.jpg,0,-0.0045980774,-0.077460386,0.044006065,0.004258912,-0.09677594,-0.0967104
/home/datasets/train/deer/babcd5db87.jpg,0,-0.017118393,-0.05537346,0.039992638,-0.0063194064,-0.068654254,-0.078494206
/home/datasets/train/deer/i-2022-03-21T181155-343_jpg.rf.f4e2e52df1fea000302360d2f4df8f6b.jpg,0,-0.031652946,-0.058043927,0.037859373,-0.0044424576,-0.05768651,-0.06702968
/home/datasets/train/deer/f5667086fc.jpg,0,0.004773963,-0.074804105,0.032614697,-0.0003175321,-0.081538014,-0.08942872
/home/datasets/train/deer/14223eaced.jpg,0,-0.0061275894,-0.044790007,0.042107295,7.009925e-05,-0.086026154,-0.08188985
/home/datasets/train/deer/89fac4b53b.jpg,0,-0.0018282137,-0.07558048,0.03180852,-0.04022269,-0.08947175,-0.086564824
/home/datasets/train/deer/i-2022-04-05T153406-871_jpg.rf.30dceb9e6d6972009be205588fe9b3e6.jpg,0,-0.016472055,-0.046442572,0.039158195,-0.00187001,-0.068106696,-0.08079922
/home/datasets/train/deer/1954dcd696.jpg,0,-0.00028070528,-0.07544661,0.039761446,-0.0043758806,-0.09069048,-0.09997989
/home/datasets/train/deer/890c1c2c9d.jpg,0,-0.008628731,-0.06251572,0.042502265,-0.020393128,-0.05284449,-0.0749569
/home/datasets/train/deer/e796d6b20d.jpg,0,0.010001043,-0.06498097,0.036251914,0.012194548,-0.07015241,-0.09918504
/home/datasets/train/deer/15c4799834.jpg,0,-0.0016379934,-0.06373462,0.039546072,0.014415743,-0.05530715,-0.07617969
/home/datasets/train/deer/651a28afda.jpg,0,0.0089305155,-0.07077888,0.04453426,0.005441876,-0.08688849,-0.09585084
/home/datasets/train/deer/7576b528f9.jpg,0,-0.0045592613,-0.056189284,0.034898113,-0.01020569,-0.06673903,-0.08591753
/home/datasets/train/deer/9b1e8519de4.jpg,0,0.0007672077,-0.06631157,0.037178203,0.02065119,-0.057852067,-0.058581367
/home/datasets/train/deer/5a9c5613e1.jpg,0,-0.015453053,-0.06087883,0.038668025,0.0026931968,-0.077729166,-0.0897707
/home/datasets/train/deer/a9b7ee5825.jpg,0,-0.029010937,-0.05683928,0.03169418,-0.016221192,-0.080375746,-0.086151585
/home/datasets/train/deer/4ee20f3a03.jpg,0,0.007313069,-0.07374276,0.029608494,-0.0005834864,-0.07662356,-0.095119536
/home/datasets/train/deer/e9d89d119d.jpg,0,-0.000999094,-0.05346033,0.028467964,-0.0041206377,-0.028262297,-0.043779075
/home/datasets/train/deer/20f38baebd.jpg,0,-0.015329642,-0.06322963,0.036082774,-0.0051924884,-0.077662766,-0.09233982
/home/datasets/train/deer/9d1073d109.jpg,0,-0.005192948,-0.06384443,0.024303343,-0.0002988798,-0.033264935,-0.05638253
/home/datasets/train/deer/4a7335538c.jpg,0,-0.003534614,-0.058082342,0.036434043,0.0013954651,-0.070025936,-0.08024077
/home/datasets/train/deer/2513aa964f.jpg,0,-0.0038028602,-0.06940228,0.027658848,-0.03661618,-0.08592231,-0.097426474
/home/datasets/train/deer/i-2022-04-05T145411-495_jpg.rf.e1a9459b901f8a9c5a97848e735ee881.jpg,0,-0.02771603,-0.06377655,0.047955673,-0.00847192,-0.085469246,-0.08994076
/home/datasets/train/deer/c4c0be2432.jpg,0,-0.012995698,-0.05850271,0.02099813,-0.014032111,-0.036562536,-0.06745833
/home/datasets/train/deer/image_75.jpg,0,-0.009666176,-0.044926293,0.049289335,-0.01797551,-0.069455385,-0.08041543
/home/datasets/train/deer/image_22.jpg,0,0.0033097442,-0.053690054,0.02317946,0.015054583,-0.07663646,-0.080963045
/home/datasets/train/deer/415ee7f99a.jpg,0,-0.0070788763,-0.047584713,0.042762443,-0.019409988,-0.0900782,-0.09657471
/home/datasets/train/deer/12b014a50c.jpg,0,-0.0063383016,-0.055609766,0.03312846,-0.027543077,-0.048170526,-0.06511217
/home/datasets/train/deer/image_29.jpg,0,-0.0048158197,-0.058515403,0.028225295,0.0057626627,-0.052011896,-0.0646574
/home/datasets/train/deer/8d8b5e1d88.jpg,0,-0.025482114,-0.058267087,0.05766718,0.010795992,-0.075835615,-0.08947632
/home/datasets/train/deer/dd485708f8.jpg,0,-0.022963367,-0.06328275,0.028201565,-0.004743213,-0.062609695,-0.064729996
/home/datasets/train/deer/0d99ac6e2f.jpg,0,-0.0033530854,-0.05658879,0.027269928,-0.010395588,-0.047568534,-0.07385833
/home/datasets/train/deer/e79c85919e.jpg,0,7.235212e-05,-0.06798349,0.038377482,-0.023066148,-0.07560439,-0.08735878
/home/datasets/train/deer/image_64.jpg,0,-0.013727903,-0.056131274,0.0454875,0.0024299265,-0.05149138,-0.07960434
/home/datasets/train/deer/e555598dfd.jpg,0,-0.0076904465,-0.05251718,0.042829238,0.010697794,-0.07162918,-0.092614695
/home/datasets/train/deer/ecf5926c4b.jpg,0,-0.014701638,-0.059042398,0.03727234,-0.00629301,-0.07097666,-0.08337921
/home/datasets/train/deer/ba41d458ee.jpg,0,-0.00064343726,-0.072001174,0.03996524,-0.021885179,-0.07156491,-0.08790234
/home/datasets/train/deer/77de761e2b.jpg,0,0.004052181,-0.047286324,0.030045653,0.010644551,-0.05807346,-0.07838361
/home/datasets/train/deer/22e17f35f0.jpg,0,-0.013620095,-0.076132834,0.038695738,0.0032823796,-0.09499064,-0.10646107
/home/datasets/train/deer/4215382882.jpg,0,-0.008998666,-0.05831014,0.029035795,-0.0068911724,-0.08408348,-0.10437654
/home/datasets/train/deer/b1b848f4bc.jpg,0,0.010208699,-0.06888085,0.035098843,-0.010066965,-0.069426864,-0.09533557
/home/datasets/train/deer/09bbbd0230.jpg,0,-0.012419147,-0.06757586,0.035944704,-0.012786159,-0.049967166,-0.055603586
/home/datasets/train/deer/f9f010e651.jpg,0,-0.0070680934,-0.025946153,0.035467625,0.003667926,-0.05169313,-0.054596674
/home/datasets/train/deer/d148bffb73.jpg,0,-0.007649745,-0.07565593,0.036540832,-0.005234423,-0.068444125,-0.085380375
/home/datasets/train/deer/56d0368ac0.jpg,0,-5.4486096e-05,-0.06354848,0.029387128,0.0028295727,-0.030013317,-0.04314634
/home/datasets/train/deer/i-2022-04-05T171133-437_jpg.rf.262f81079a09ab795ce2eea3a7538405.jpg,0,-0.0065902798,-0.05439521,0.044289432,-0.005900941,-0.050291292,-0.06548862
/home/datasets/train/deer/b68facf1c8.jpg,0,-0.016076999,-0.061354272,0.042175364,-0.010103279,-0.061225373,-0.08662416
/home/datasets/train/deer/cba0276b22.jpg,0,-0.017230513,-0.051080305,0.027402937,-0.0027663717,-0.03652182,-0.047340326
/home/datasets/train/deer/5e0833a1e6.jpg,0,0.002275884,-0.061667975,0.039474454,-0.0062826164,-0.06830316,-0.077417545
/home/datasets/train/deer/5b5c5cac47.jpg,0,-0.01933833,-0.05681341,0.030432303,0.003717722,-0.05894148,-0.073240384
/home/datasets/train/deer/image_72.jpg,0,-0.013501179,-0.060729034,0.039323166,-0.022120107,-0.1175852,-0.112544306
/home/datasets/train/deer/4d88a12299.jpg,0,-0.019901246,-0.08271224,0.031241674,-0.008124489,-0.07141198,-0.07982244
/home/datasets/train/deer/adad44934c.jpg,0,-0.023572402,-0.060836356,0.03251152,-0.0063909376,-0.07451667,-0.09677534
/home/datasets/train/deer/839bfe8a48.jpg,0,-0.010579532,-0.04446581,0.03256827,-0.004205589,-0.038917203,-0.054168303
/home/datasets/train/deer/639ec084da.jpg,0,-0.025742231,-0.07629935,0.030798864,-0.016664991,-0.05099607,-0.06555909
/home/datasets/train/deer/91988c1881.jpg,0,-0.022912474,-0.06674182,0.031624246,-0.009466153,-0.06798614,-0.087463886
/home/datasets/train/deer/95e3856962.jpg,0,-0.01211658,-0.06334868,0.033143647,-0.011596229,-0.0712617,-0.07567896
/home/datasets/train/deer/bafb430d97.jpg,0,-0.008405772,-0.048349246,0.04076327,-0.015630554,-0.05287532,-0.06873388
/home/datasets/train/deer/9b1e8519de2.jpg,0,0.0011957537,-0.065816164,0.029579686,0.0030372292,-0.06044052,-0.06402522
/home/datasets/train/deer/e400fda16f.jpg,0,0.0029365448,-0.062007185,0.043641835,0.019273078,-0.08889519,-0.09627515
/home/datasets/train/deer/ea619162ac.jpg,0,-0.014801402,-0.072284415,0.04362687,0.0045469487,-0.037973616,-0.0629413
/home/datasets/train/deer/image_18.jpg,0,-0.0146854,-0.06350302,0.032475024,-0.014520944,-0.08166985,-0.08206034
/home/datasets/train/deer/i-2022-04-05T152353-668_jpg.rf.e614516688f2afebbd4161822bfc7479.jpg,0,-0.017350864,-0.04769373,0.041915752,-0.0045901546,-0.09170965,-0.08904014
/home/datasets/train/deer/fdbda869df.jpg,0,-0.0063621355,-0.06963129,0.04089962,0.009202307,-0.08537826,-0.09220469
/home/datasets/train/deer/30ed474918.jpg,0,-0.015351636,-0.056808367,0.030969454,0.002360547,-0.0864046,-0.10263249
/home/datasets/train/deer/11defc84c2.jpg,0,0.0007542313,-0.061433844,0.025629655,-0.015730467,-0.071994856,-0.09099149
/home/datasets/train/deer/9b8e308461.jpg,0,-0.025731444,-0.06980598,0.028904624,-0.019400699,-0.10339263,-0.11366331
/home/datasets/train/deer/88741c97cb.jpg,0,-0.0021051052,-0.06676355,0.042242534,0.0019386925,-0.09557861,-0.09543158
/home/datasets/train/deer/acd18cc8bc.jpg,0,-0.010072287,-0.06802936,0.025753397,-0.0035272734,-0.071272016,-0.070666924
/home/datasets/train/deer/eec00f171f.jpg,0,-0.0044191615,-0.06364311,0.03530604,0.0066233873,-0.037716724,-0.047836013
/home/datasets/train/deer/876f2db079.jpg,0,-0.01093639,-0.046920095,0.0402864,-0.018690325,-0.051535614,-0.05718204
/home/datasets/train/deer/6f3be6009e.jpg,0,-0.0068272855,-0.065193415,0.025032168,0.005584348,-0.06507131,-0.0828185
/home/datasets/train/deer/a86293172b.jpg,0,0.0027725464,-0.06896377,0.023360636,0.009964189,-0.08551743,-0.09598228
/home/datasets/train/deer/bfb2272ec7.jpg,0,0.022534978,-0.06634094,0.025947124,0.011208978,-0.09746036,-0.1096295
/home/datasets/train/deer/b1d767da65.jpg,0,-0.03368645,-0.057332132,0.037089594,-0.02503812,-0.070860766,-0.07126638
/home/datasets/train/deer/9c3cec486f.jpg,0,-0.0027211914,-0.048247673,0.029819112,-0.0016739427,-0.09017794,-0.110300764
/home/datasets/train/deer/image_13.jpg,0,0.0050035394,-0.057850774,0.045339704,0.0026349989,-0.09034527,-0.09555772
/home/datasets/train/deer/c8ee0fafa8.jpg,0,0.006322204,-0.083624974,0.035755575,0.020946406,-0.05296566,-0.070382744
/home/datasets/train/deer/562a462022.jpg,0,0.008040266,-0.04098597,0.04136903,0.011948466,-0.052514948,-0.05828909
/home/datasets/train/deer/fcb81e1e90.jpg,0,-0.0061969096,-0.060909197,0.04338398,0.0023110197,-0.063332886,-0.075805426
/home/datasets/train/deer/9e9335c570.jpg,0,0.0039813663,-0.05975209,0.0353682,0.019700667,-0.08075028,-0.07874915
/home/datasets/train/deer/619aff9a48.jpg,0,-0.0041114474,-0.03987185,0.009870201,0.0007378787,-0.015021084,-0.019840246
/home/datasets/train/deer/1b96d8a694.jpg,0,-0.006597969,-0.049825106,0.030950084,-0.0129066855,-0.078089446,-0.08103058
/home/datasets/train/deer/8726643f3f.jpg,0,-0.0023658122,-0.0672151,0.039074417,-0.0069729043,-0.06024013,-0.07842534
/home/datasets/train/deer/48f4873374.jpg,0,-0.0079558585,-0.06937702,0.035717104,0.0074739475,-0.058319815,-0.08354459
/home/datasets/train/deer/image_3.jpg,0,-0.04023449,-0.051425423,0.03954685,-0.021109076,-0.08550326,-0.0848396
/home/datasets/train/deer/057584e323.jpg,0,0.0043880204,-0.06157627,0.03876216,-0.01667762,-0.056177437,-0.06322958
/home/datasets/train/deer/bc202e6b46.jpg,0,-0.014178878,-0.07103495,0.027603708,-0.010222888,-0.09406447,-0.10350373
/home/datasets/train/deer/c093147aea.jpg,0,-0.013489833,-0.05153591,0.033671085,-0.0034046895,-0.05093383,-0.045578025
/home/datasets/train/deer/image_62.jpg,0,0.00243699,-0.06121598,0.04687168,0.004554378,-0.04622731,-0.06726762
/home/datasets/train/deer/2831e2eca4.jpg,0,-0.01556069,-0.06389828,0.032858074,-0.0045056073,-0.069122255,-0.06585047
/home/datasets/train/deer/b595435188.jpg,0,0.0076369373,-0.068796866,0.032670908,0.0025188508,-0.059453532,-0.084525526
/home/datasets/train/deer/i-2022-04-05T155246-545_jpg.rf.301020be987d534624c96579566c3da2.jpg,0,-0.006471538,-0.054140545,0.04513698,-0.00298684,-0.08121739,-0.08611449
/home/datasets/train/deer/04637a6efa.jpg,0,-0.008891869,-0.06512608,0.025715666,-0.003557722,-0.060994957,-0.07657869
/home/datasets/train/deer/image_36.jpg,0,-0.009989964,-0.054651115,0.035027307,0.00046117045,-0.042185485,-0.055735204
/home/datasets/train/deer/5ac4da2957.jpg,0,-0.025021203,-0.07154384,0.0427977,-0.023344493,-0.1007089,-0.09956188
/home/datasets/train/deer/image_65.jpg,0,0.00046679005,-0.058277525,0.032340016,-0.0040876428,-0.07807257,-0.08593055
/home/datasets/train/deer/8fc680c79b.jpg,0,-0.019743867,-0.062246207,0.03977219,-0.0033753552,-0.10342543,-0.10193714
/home/datasets/train/deer/13add66d67.jpg,0,-0.007316283,-0.064047,0.026633458,-0.018056534,-0.059713483,-0.064155295
/home/datasets/train/deer/eeb3148a0d.jpg,0,0.0067856954,-0.06715109,0.044303007,0.0074826945,-0.07696286,-0.08567868
/home/datasets/train/deer/9089820c55.jpg,0,-0.01648103,-0.066780224,0.038451016,-0.014767494,-0.061843522,-0.0649812
/home/datasets/train/deer/6435dd1e94.jpg,0,-0.011875962,-0.06645895,0.032000326,-0.015368624,-0.09335998,-0.10263327
/home/datasets/train/deer/dbadd4db68.jpg,0,0.0020715706,-0.07966485,0.026071886,0.0064932257,-0.07193039,-0.089524746
/home/datasets/train/deer/002d813bf4.jpg,0,0.0055557787,-0.07339595,0.023467943,-0.007229899,-0.05203809,-0.06517388
/home/datasets/train/deer/927b28992c.jpg,0,-0.007380884,-0.06026077,0.040616754,-0.0030600848,-0.07168579,-0.085695386
/home/datasets/train/deer/cfc0cfb8ff.jpg,0,-0.00095316535,-0.06896506,0.029189121,-0.0016364469,-0.04097865,-0.042374957
/home/datasets/train/deer/5b5e658c1b.jpg,0,-0.022997653,-0.04979067,0.04691129,0.0030204067,-0.07841334,-0.09286323
/home/datasets/train/deer/image_71.jpg,0,-0.019527461,-0.074153155,0.037557043,-0.008708179,-0.061024323,-0.07173084
/home/datasets/train/deer/48cdac5121.jpg,0,-0.0247184,-0.055821173,0.040483184,-0.016929466,-0.077691704,-0.091947585
/home/datasets/train/deer/658aec63a0.jpg,0,-0.0042541446,-0.06926816,0.04107943,-0.006363169,-0.06218425,-0.07537395
/home/datasets/train/deer/f96cbdb7e5.jpg,0,0.008634809,-0.072339736,0.044957854,-0.0051207994,-0.054125287,-0.06636765
/home/datasets/train/deer/ebad4b6d43.jpg,0,-0.022246735,-0.061225414,0.042696968,-0.017446972,-0.08056967,-0.08157544
/home/datasets/train/deer/47005d4470.jpg,0,-0.0066489065,-0.07970645,0.027129093,0.010462509,-0.07208633,-0.068083435
/home/datasets/train/deer/01135760.jpg,0,-0.021447018,-0.050282083,0.042688318,0.0061466373,-0.07116866,-0.094818994
/home/datasets/train/deer/37513669f8.jpg,0,-0.008876193,-0.059106212,0.035309013,-0.002743309,-0.08248023,-0.10025563
/home/datasets/train/deer/5d95e715fd.jpg,0,0.0010995716,-0.056268103,0.03515406,0.0048343623,-0.06085084,-0.081245705
/home/datasets/train/deer/3c386d3157.jpg,0,-0.014573382,-0.0663308,0.03926855,-0.009313175,-0.06818206,-0.06977243
/home/datasets/train/deer/7235a6e11f.jpg,0,-0.02675303,-0.050933804,0.03699373,-0.005387612,-0.047315396,-0.054724775
/home/datasets/train/deer/e3911bbe23.jpg,0,0.015990578,-0.064665,0.026160784,0.011187114,-0.082867,-0.08963621
/home/datasets/train/deer/54dc8d8754.jpg,0,-0.0231627,-0.0438475,0.0436986,-0.0085344035,-0.062031347,-0.07737473
/home/datasets/train/deer/0f7dc28fe7.jpg,0,0.0011995113,-0.0711017,0.03221821,0.008107698,-0.08247006,-0.08760634
/home/datasets/train/deer/178f861075.jpg,0,-0.014239768,-0.048090108,0.043917965,-0.006775071,-0.07514672,-0.0845862
/home/datasets/train/deer/df6db1e808.jpg,0,-0.007109887,-0.05272152,0.03145466,0.00079627614,-0.04945019,-0.058637954
/home/datasets/train/deer/8e2539f451.jpg,0,-0.001864149,-0.060756788,0.033312872,0.0142538715,-0.06905647,-0.079953335
/home/datasets/train/deer/e0d72589c3.jpg,0,-0.000933446,-0.06514853,0.040685665,-0.007513362,-0.07892288,-0.07696992
/home/datasets/train/deer/3be9b14446.jpg,0,-0.018044002,-0.05484299,0.036444426,0.002823099,-0.05870604,-0.06691812
/home/datasets/train/deer/59152118fb.jpg,0,-0.024524404,-0.06711237,0.027698126,-0.00010659499,-0.09163952,-0.09590425
/home/datasets/train/deer/image_47.jpg,0,-0.021872498,-0.04416374,0.03326056,-0.030877322,-0.039348945,-0.066953614
/home/datasets/train/deer/6927bbc627.jpg,0,0.010258913,-0.05934296,0.019312454,0.019755602,-0.06745033,-0.08935025
/home/datasets/train/deer/image_16.jpg,0,0.011139272,-0.07484214,0.04652404,0.008170953,-0.09084514,-0.08418915
/home/datasets/train/deer/i-2022-03-21T181758-363_jpg.rf.5554934f78445a0bc3f1b369f350fd3d.jpg,0,-0.015956923,-0.059143826,0.05607667,-0.003788651,-0.07683671,-0.07908618
/home/datasets/train/deer/image_34.jpg,0,-0.021040972,-0.06303753,0.044918362,-0.02125248,-0.10021702,-0.10862654
/home/datasets/train/deer/1c05340bc6.jpg,0,0.003074489,-0.064211614,0.029278977,0.004227067,-0.09004455,-0.102891065
/home/datasets/train/deer/ae2b6d9c54.jpg,0,0.0050336733,-0.06529337,0.03204091,0.00898305,-0.061529078,-0.07945249
/home/datasets/train/deer/60b8e3a9b4.jpg,0,-0.0060122972,-0.049633432,0.03287267,-0.003182632,-0.07567943,-0.086591214
/home/datasets/train/deer/17e611398b.jpg,0,-0.015144585,-0.0608401,0.034661993,-0.0015105569,-0.08895564,-0.098784044
/home/datasets/train/deer/i-2022-04-05T150753-678_jpg.rf.b72db8ca75429f1ef3917b0284ae1508.jpg,0,-0.014113197,-0.060765333,0.044449106,0.007858667,-0.06250203,-0.070433244
/home/datasets/train/deer/18e6d0cc15.jpg,0,-0.018630633,-0.06816603,0.023650575,-0.005035718,-0.06502681,-0.07900177
/home/datasets/train/deer/i-2022-04-05T152059-962_jpg.rf.5557f345e7f6eafc9702e3c06f8531c9.jpg,0,-0.029623091,-0.073134735,0.032979105,-0.014574776,-0.051474143,-0.06951666
/home/datasets/train/deer/79d0894827.jpg,0,-0.008712694,-0.0861497,0.023973871,0.003754629,-0.034758534,-0.054982774
/home/datasets/train/deer/9fa6936484.jpg,0,-0.00019942387,-0.07172406,0.016897855,0.010581451,-0.048000958,-0.06765205
/home/datasets/train/deer/8ca8b2baf3.jpg,0,-0.011168993,-0.044733435,0.036471236,-0.017855644,-0.059634022,-0.07049925
/home/datasets/train/deer/8ed5c4f32d.jpg,0,-0.004082553,-0.055263445,0.03441304,-0.014363144,-0.04857136,-0.056899484
/home/datasets/train/deer/b5c8dfb021.jpg,0,-0.0244416,-0.056928616,0.04304345,-0.008108461,-0.07920871,-0.082997866
/home/datasets/train/deer/image_35.jpg,0,-0.008355444,-0.055167593,0.036509223,0.013273083,-0.06690279,-0.07528943
/home/datasets/train/deer/c475dcb6c5.jpg,0,0.00373691,-0.06257181,0.02596707,0.010716465,-0.087917015,-0.077356525
/home/datasets/train/deer/2117417b10.jpg,0,0.0033392236,-0.05997678,0.037803676,0.0184942,-0.07711688,-0.09196955
/home/datasets/train/deer/bee404064a.jpg,0,0.011941362,-0.059493035,0.040551927,0.003356243,-0.09431757,-0.099298835
/home/datasets/train/deer/image_23.jpg,0,-0.014366942,-0.049080424,0.03608469,-0.0071814195,-0.065420665,-0.06052559
/home/datasets/train/deer/9b4caaa081.jpg,0,-0.012632732,-0.040068675,0.02386033,-0.010111298,-0.063822925,-0.08438888
/home/datasets/train/deer/c0c235bd8b.jpg,0,-0.015322568,-0.06517842,0.037050374,-0.0011060551,-0.060343016,-0.0872314
/home/datasets/train/deer/1c9ae330ca.jpg,0,-0.008926393,-0.059945762,0.038276263,-0.011823358,-0.09352195,-0.10135438
/home/datasets/train/deer/ff83c1509b.jpg,0,0.018498113,-0.06413552,0.03696557,0.0056228573,-0.06883684,-0.07667307
/home/datasets/train/deer/image_1.jpg,0,-0.0036342544,-0.041541576,0.044902526,0.0050592725,-0.06078668,-0.07025279
/home/datasets/train/deer/2edbd423e7.jpg,0,-0.014439017,-0.051141623,0.05071347,-0.0070864484,-0.059006643,-0.07735886
/home/datasets/train/deer/a5e37d0346.jpg,0,-0.015648719,-0.072863296,0.029928017,-0.010730745,-0.07434364,-0.08721711
/home/datasets/train/deer/fec92271ef.jpg,0,-0.015345165,-0.0832288,0.04490142,-0.0045716898,-0.07286441,-0.09529116
/home/datasets/train/deer/2a44dd5ff4.jpg,0,-0.0065777726,-0.067675486,0.033567578,-0.0071640722,-0.05598217,-0.0803703
/home/datasets/train/deer/a5b32ae5f7.jpg,0,-0.017731845,-0.0422779,0.030394353,0.006479339,-0.05895169,-0.078457795
/home/datasets/train/deer/86c9921c78.jpg,0,0.006570722,-0.07500493,0.0458663,0.00075655297,-0.08428767,-0.10514055
/home/datasets/train/deer/bad964f7c4.jpg,0,-0.01806029,-0.022064636,0.026393231,-0.04631342,-0.028477317,-0.054752152
/home/datasets/train/deer/012760674d.jpg,0,-0.006804955,-0.06349282,0.038173925,0.0017000398,-0.06653043,-0.08469615
/home/datasets/train/deer/2306633901.jpg,0,-0.009707759,-0.05345849,0.031329922,-0.01723003,-0.07855019,-0.091437005
/home/datasets/train/deer/1084bac3fb.jpg,0,-0.0073445053,-0.054427348,0.034431107,0.01292529,-0.10600669,-0.10459243
/home/datasets/train/deer/04a53a216b.jpg,0,-0.023248512,-0.060948215,0.03737976,-0.0084903855,-0.06822257,-0.086297706
/home/datasets/train/deer/chital-7117406_1280.jpg,0,-0.00505526,-0.054294914,0.035830855,-0.001112008,-0.07797082,-0.08637943
/home/datasets/train/deer/e7e5e80320.jpg,0,-0.009789513,-0.06643596,0.02909388,0.012942424,-0.101541564,-0.11058371
/home/datasets/train/deer/1a8632b915.jpg,0,-0.02206216,-0.04628808,0.036153056,-0.01887786,-0.06966453,-0.075762786
/home/datasets/train/deer/eb4b8a4880.jpg,0,-0.0018779639,-0.059155963,0.038220003,-0.018578812,-0.07392413,-0.06849718
/home/datasets/train/deer/i-2022-04-05T150513-068_jpg.rf.df5b4507d08a3178819032b72a6fd437.jpg,0,-0.022925708,-0.051984772,0.0459807,0.010387568,-0.02706572,-0.022999557
/home/datasets/train/deer/c431d59498.jpg,0,-0.021785239,-0.053353064,0.04033082,-0.00078246207,-0.07525315,-0.08669755
/home/datasets/train/deer/18246f83fe.jpg,0,-0.0014072107,-0.04963892,0.03765011,0.0040850397,-0.08170131,-0.08795043
/home/datasets/train/deer/44955ff52f.jpg,0,-0.015216618,-0.056633215,0.037689596,-0.0052514407,-0.08221886,-0.091616064
/home/datasets/train/deer/90a77bdcd2.jpg,0,-0.005746044,-0.04789558,0.03728785,-0.005721427,-0.07095173,-0.07669504
/home/datasets/train/deer/i-75-_jpg.rf.57eed842d674ea246006d2d04bc66122.jpg,0,-0.003294603,-0.05999534,0.04490286,0.013901124,-0.06460555,-0.07666016
/home/datasets/train/deer/4ed7088e45.jpg,0,-0.0036372547,-0.0701232,0.032406546,-0.0036092068,-0.065232016,-0.07898095
/home/datasets/train/deer/1088e66ae4.jpg,0,-0.012113197,-0.06948186,0.03903817,-0.0052703107,-0.054560926,-0.072459325
/home/datasets/train/deer/22332be8fa.jpg,0,-0.011150606,-0.066057295,0.041752085,0.011794267,-0.097018704,-0.09727288
/home/datasets/train/deer/i-2022-04-05T170134-285_jpg.rf.f17edf6177e16cd3b0627bbf522eedd0.jpg,0,-0.016036496,-0.044322826,0.038309563,0.0015332643,-0.05787917,-0.0591278
/home/datasets/train/deer/796c8d78f9.jpg,0,-0.00046441704,-0.07629791,0.0326532,0.013815425,-0.07587271,-0.07497252
/home/datasets/train/deer/8ef12b0814.jpg,0,-0.017739285,-0.08186132,0.023132076,-0.004909613,-0.07687616,-0.071018524
/home/datasets/train/deer/image_11.jpg,0,-0.008543182,-0.082315624,0.029644523,0.005690287,-0.104213,-0.1085591
/home/datasets/train/deer/892aa342b1.jpg,0,-0.005557043,-0.069138214,0.02815494,0.0038616164,-0.082442045,-0.08724185
/home/datasets/train/deer/image_48.jpg,0,-0.03221395,-0.07231246,0.031294018,-0.011546573,-0.06466409,-0.08240935
/home/datasets/train/deer/e1d9eab908.jpg,0,-0.006716958,-0.049809538,0.029000428,0.0047474517,-0.07746222,-0.091771774
/home/datasets/train/deer/489b9130e6.jpg,0,-0.015240824,-0.052497584,0.0339776,0.004601657,-0.070779145,-0.08884079
/home/datasets/train/deer/d494bc0806.jpg,0,-0.0006069136,-0.063647866,0.037846763,-0.0015057926,-0.06339289,-0.08719548
/home/datasets/train/deer/i-2022-04-05T141607-576_jpg.rf.0f84976169cbea4604ad13ece6e2efca.jpg,0,0.0036011129,-0.08911544,0.028524557,0.014494912,-0.046197906,-0.078622624
/home/datasets/train/deer/i-2022-04-05T141952-304_jpg.rf.06acfbdab9ea4796cc4741b7601e18ab.jpg,0,-0.015213786,-0.05377946,0.04590319,0.004763138,-0.0482163,-0.06652608
/home/datasets/train/deer/e654db2640.jpg,0,0.0014177044,-0.07935357,0.035174526,0.0016093897,-0.08306341,-0.09096445
/home/datasets/train/deer/c55b232cff.jpg,0,-0.019640882,-0.0664262,0.036202848,-4.5150984e-05,-0.07215686,-0.08568485
/home/datasets/train/deer/b0ef907faa.jpg,0,-0.007909579,-0.08179101,0.04324896,-0.016764753,-0.052902855,-0.06570716
/home/datasets/train/deer/i-2022-04-05T143133-693_jpg.rf.ea1a5db74ebd72c387544b51dd5e65ac.jpg,0,-0.017622627,-0.055887677,0.049986478,0.0147017725,-0.06344077,-0.07567893
/home/datasets/train/deer/e159424ea5.jpg,0,0.0021473998,-0.07527131,0.03676621,0.010268334,-0.06828937,-0.08355778
/home/datasets/train/deer/i-2022-04-05T142730-624_jpg.rf.d7a569d7295531ae6b2fd89f944709ec.jpg,0,-0.018706113,-0.041987516,0.051064603,-0.0058445022,-0.07519952,-0.09085058
/home/datasets/train/deer/20210105-1DX26673-DN.jpg,0,-0.0123770805,-0.082443774,0.025875976,-0.005692239,-0.037830718,-0.05358041
/home/datasets/train/deer/ab8f79cd68.jpg,0,-0.0009197863,-0.064867616,0.034838133,0.020484526,-0.009276979,-0.018135695
/home/datasets/train/deer/8c84092472.jpg,0,-0.008631878,-0.06694835,0.04088404,0.001053486,-0.076153316,-0.09489748
/home/datasets/train/deer/9f63ec9f40.jpg,0,3.993511e-06,-0.09610319,0.026844101,-0.009071726,-0.07713917,-0.086198874
/home/datasets/train/deer/bd32df5be3.jpg,0,0.0067749717,-0.06681771,0.040278304,0.002802922,-0.082715936,-0.09715245
/home/datasets/train/deer/0dfad0511e.jpg,0,0.015595753,-0.06640415,0.04019069,0.005203906,-0.04304667,-0.073647834
/home/datasets/train/deer/990f5e6e60.jpg,0,-0.0012659174,-0.058655903,0.03620959,0.005079269,-0.086611904,-0.09596439
/home/datasets/train/deer/0c69537d96.jpg,0,0.0036559054,-0.077767864,0.044776816,0.009935429,-0.048780046,-0.06686334
/home/datasets/train/deer/020773fcda.jpg,0,-0.017772833,-0.056308385,0.025930956,-0.005229752,-0.062240057,-0.068306446
/home/datasets/train/deer/de74a6452f.jpg,0,0.009770774,-0.055297703,0.033827286,0.0046554087,-0.062788,-0.06787981
/home/datasets/train/deer/04cb3cb179.jpg,0,-0.003587263,-0.05561891,0.03606537,-0.009295321,-0.013932035,-0.03346482
/home/datasets/train/deer/chital-5580407_1280.jpg,0,-0.00015359838,-0.06611031,0.044305656,0.0030680299,-0.08483188,-0.09674196
/home/datasets/train/deer/b69cff807b.jpg,0,-0.008161811,-0.07382588,0.032149598,-0.011762167,-0.072432645,-0.090002425
/home/datasets/train/deer/9e39af104d.jpg,0,5.5118464e-05,-0.068549745,0.034190185,-0.01418674,-0.072961815,-0.090588406
/home/datasets/train/deer/f06d22003d.jpg,0,-0.015367931,-0.050615907,0.025458954,-0.0007744306,-0.04834371,-0.06872683
/home/datasets/train/deer/ba437008ba.jpg,0,-0.013761557,-0.08242893,0.031010954,0.000457027,-0.052062966,-0.06274599
/home/datasets/train/deer/7c5235f4b7.jpg,0,-0.012102834,-0.06819212,0.029171055,-0.0010654167,-0.09449123,-0.10428568
/home/datasets/train/deer/cd03c83a59.jpg,0,-0.0059926175,-0.06974861,0.040216878,-0.007370565,-0.0914997,-0.09503645
/home/datasets/train/deer/7f041057c7.jpg,0,-0.0048947567,-0.06986208,0.031206103,-0.013087773,-0.07779779,-0.09134929
/home/datasets/train/deer/62815823.jpg,0,0.0007421039,-0.061460085,0.048144016,0.019666396,-0.07158968,-0.09104827
/home/datasets/train/deer/image_58.jpg,0,-0.013154627,-0.071920656,0.03773972,0.00635733,-0.06995533,-0.07792963
/home/datasets/train/deer/ba47096484.jpg,0,-0.012309527,-0.088299476,0.03116077,-0.007461856,-0.049835086,-0.07243721
/home/datasets/train/deer/8aed96ef61.jpg,0,-0.028295733,-0.059930675,0.03526312,-0.02933188,-0.06552,-0.0758131
/home/datasets/train/deer/419af6556a.jpg,0,-0.010524103,-0.07897676,0.033466224,0.011149302,-0.04854585,-0.07451613
/home/datasets/train/deer/f8e743bf45.jpg,0,0.006665349,-0.0625098,0.044705972,0.006359599,-0.058103487,-0.08632234
/home/datasets/train/deer/376d08e37d.jpg,0,0.007851947,-0.03153983,0.030247957,0.0016713633,-0.019740853,-0.051520564
/home/datasets/train/deer/bc7c91c94b.jpg,0,-0.005088207,-0.07229683,0.039997574,-0.007120133,-0.05447436,-0.07069946
/home/datasets/train/deer/4e7b82812e.jpg,0,-0.007861428,-0.0791886,0.021188842,-0.026268365,-0.06458786,-0.08534463
/home/datasets/train/deer/1433eed2a1.jpg,0,-0.025629142,-0.08148606,0.044873983,-0.005232319,-0.056752145,-0.08375669
/home/datasets/train/deer/b108fb848d.jpg,0,0.011787284,-0.032788668,0.027176406,0.0012600287,-0.06396346,-0.070057556
/home/datasets/train/deer/1d8ad79fd9.jpg,0,-0.012736705,-0.06275105,0.04136931,0.014054283,-0.027563348,-0.047757834
/home/datasets/train/deer/42cbbc24ce.jpg,0,-0.01938854,-0.07949924,0.026477648,-0.010838389,-0.063869916,-0.06405896
/home/datasets/train/deer/76ba56896d.jpg,0,-0.013005356,-0.05672396,0.04001801,0.0012664669,-0.07355596,-0.08690959
/home/datasets/train/deer/i-2022-03-21T181800-137_jpg.rf.42b9c49bd740a1f4737ae4fdcc6199b3.jpg,0,-0.011245194,-0.04624562,0.04508117,6.4953114e-05,-0.06513429,-0.0696056
/home/datasets/train/deer/101647553.jpg,0,0.002235876,-0.06895937,0.034179676,0.012936466,-0.05732998,-0.077638336
/home/datasets/train/deer/3bb091c03c.jpg,0,0.008657103,-0.08919814,0.031830464,-0.0034091948,-0.10786957,-0.11352995
/home/datasets/train/deer/68fcab835b.jpg,0,0.0032906365,-0.053975403,0.033681314,0.0047859554,-0.08439422,-0.07975268
/home/datasets/train/deer/image_53.jpg,0,-0.0150209665,-0.079025365,0.034116782,-0.018706236,-0.052645244,-0.06749806
/home/datasets/train/deer/c859239e76.jpg,0,-0.03161229,-0.05117456,0.047043215,-0.0066567245,-0.0889111,-0.096765876
/home/datasets/train/deer/df942f6b0a.jpg,0,0.011276748,-0.061334126,0.03316273,-0.014712001,-0.040133312,-0.05852662
/home/datasets/train/deer/d70172235b.jpg,0,-0.0039711557,-0.063440785,0.032701246,0.0022469836,-0.08451883,-0.09489515
/home/datasets/train/deer/9d522b0eb2.jpg,0,-0.0108009055,-0.055405702,0.030170333,-0.019315224,-0.07405769,-0.08357781
/home/datasets/train/deer/0c63f3b7c4.jpg,0,0.013057014,-0.05990439,0.03134442,0.010593364,-0.056678385,-0.06407465
/home/datasets/train/deer/89593251f4.jpg,0,0.0012279307,-0.056128606,0.03811995,0.013352832,-0.052350175,-0.05571062
/home/datasets/train/deer/cd39001783.jpg,0,-0.009971691,-0.06549419,0.025533278,-0.014414954,-0.06876746,-0.08047378
/home/datasets/train/deer/e41129a989.jpg,0,-0.01894002,-0.050340563,0.029331436,0.004476952,-0.048933633,-0.06119563
/home/datasets/train/deer/image_10.jpg,0,-0.002277501,-0.0628698,0.04743281,-0.005460686,-0.054739207,-0.084937915
/home/datasets/train/deer/ce03d47a8d.jpg,0,-0.012776605,-0.04363791,0.018085435,0.011070411,-0.05923376,-0.073844805
/home/datasets/train/deer/f8770a5a10.jpg,0,-0.012565059,-0.05500004,0.02711624,-0.013690612,-0.08341734,-0.088476576
/home/datasets/train/deer/950cce8f63.jpg,0,-0.002001462,-0.06585953,0.03061355,-0.0077168206,-0.06572075,-0.0819057
/home/datasets/train/deer/97de903859.jpg,0,-0.008935074,-0.057185903,0.030397762,-0.007486676,-0.03636066,-0.05483092
/home/datasets/train/deer/f81ce647e5.jpg,0,0.0022244751,-0.06415196,0.024598492,0.013702885,-0.076520614,-0.09085979
/home/datasets/train/deer/6e1642fba2.jpg,0,-0.029384324,-0.061316747,0.03213508,-0.06302227,-0.061404146,-0.08361072
/home/datasets/train/deer/926071274a.jpg,0,-0.0036102207,-0.052458093,0.028007975,-0.01734139,-0.11016271,-0.10279329
/home/datasets/train/deer/ac4e000228.jpg,0,-0.019554276,-0.054678902,0.032557238,-0.014237564,-0.06865746,-0.07915568
/home/datasets/train/deer/15832019941_351f9aacc8_b.jpg,0,-0.03905867,-0.05711147,0.051341735,-0.011338762,-0.074164376,-0.09760256
/home/datasets/train/deer/febdb8ed0b.jpg,0,-0.0063765114,-0.059216212,0.04143481,0.010563797,-0.024156453,-0.050176468
/home/datasets/train/deer/88d6d27448.jpg,0,-0.0073382594,-0.06381719,0.047604106,-0.015479124,-0.075360805,-0.08469677
/home/datasets/train/deer/3f720b2036.jpg,0,-0.021628562,-0.058504514,0.047983576,0.00650189,-0.061290212,-0.071974635
/home/datasets/train/deer/7356f118a0.jpg,0,-0.012141457,-0.0662686,0.03884518,0.015290726,-0.077858,-0.087195896
/home/datasets/train/deer/image_79.jpg,0,-0.009199226,-0.06544459,0.033229526,-0.008690521,-0.08381845,-0.10284196
/home/datasets/train/deer/16e43610bd.jpg,0,-0.013355527,-0.055768434,0.04419819,-0.010988429,-0.036162328,-0.060438506
/home/datasets/train/deer/26e904e824.jpg,0,0.0029589059,-0.06753821,0.042176783,0.004150365,-0.07492662,-0.08516264
/home/datasets/train/deer/image_50.jpg,0,0.00037225243,-0.07144278,0.042812273,0.0014977716,-0.066629805,-0.07548873
/home/datasets/train/deer/ba1b0d5034.jpg,0,0.0009770524,-0.07358335,0.021379862,0.0031319256,-0.0499946,-0.06780585
/home/datasets/train/deer/image_44.jpg,0,0.004529749,-0.06349729,0.018831039,0.0032098603,-0.05410517,-0.06786533
/home/datasets/train/deer/70f862b4c0.jpg,0,-0.014444532,-0.063861534,0.032529328,-0.016607035,-0.074068576,-0.096869424
/home/datasets/train/deer/dec4364012.jpg,0,0.0011829557,-0.07179377,0.023695407,0.00593566,-0.046541065,-0.061046734
/home/datasets/train/deer/c3fee535d6.jpg,0,-0.0037549706,-0.05034315,0.03404082,0.0049793674,-0.0678432,-0.07811389
/home/datasets/train/deer/711c2c78e3.jpg,0,-0.012472792,-0.046412088,0.044179577,-0.011928568,-0.06219764,-0.07696845
/home/datasets/train/deer/9396996618.jpg,0,-0.0051832157,-0.05292461,0.02700789,-0.00660541,-0.044542372,-0.06330189
/home/datasets/train/deer/image_77.jpg,0,-0.0023086444,-0.06669544,0.027984867,-0.01069813,-0.06672794,-0.0814462
/home/datasets/train/deer/958c145e72.jpg,0,0.0109453425,-0.05009284,0.028522765,0.0021452045,-0.050898932,-0.053557765
/home/datasets/train/deer/8208ada8b2.jpg,0,-0.001030016,-0.06580458,0.035414536,-0.029649634,-0.06569738,-0.077584684
/home/datasets/train/deer/4df17b900e.jpg,0,-0.010421824,-0.062435992,0.042276174,-0.018259117,-0.05979654,-0.07568528
/home/datasets/train/deer/9b5a17d100.jpg,0,0.016478546,-0.07844136,0.02617226,0.0013431245,-0.03447266,-0.051005624
/home/datasets/train/deer/image_2.jpg,0,-0.014552525,-0.06417454,0.03942612,-0.0033636335,-0.048775367,-0.05085832
/home/datasets/train/deer/image_54.jpg,0,-0.004789075,-0.05908059,0.030383784,-0.0024054754,-0.0831586,-0.087625176
/home/datasets/train/deer/f263308db1.jpg,0,-0.008291837,-0.052986383,0.03555999,0.004220584,-0.092737846,-0.091826506
/home/datasets/train/deer/3c3bbdcd6a.jpg,0,0.005296722,-0.08345697,0.040168263,0.0006482075,-0.053866126,-0.06740071
/home/datasets/train/deer/cb88c1cead.jpg,0,-0.017612267,-0.062144056,0.04299113,0.01084612,-0.054016624,-0.0686605
/home/datasets/train/deer/1ec1d0a80a.jpg,0,0.0008184472,-0.058695573,0.04075121,0.0024684835,-0.081033304,-0.0849564
/home/datasets/train/deer/b0d577d366.jpg,0,-0.01630976,-0.061256513,0.034788452,-0.0057857735,-0.065383576,-0.07866327
/home/datasets/train/deer/14dbe5af8e.jpg,0,-0.025702648,-0.05217082,0.036945544,0.001998843,-0.085638866,-0.09800219
/home/datasets/train/deer/ca857bb95e.jpg,0,-0.02040785,-0.06279893,0.03595372,-0.0088080615,-0.07366249,-0.07796322
/home/datasets/train/deer/3d3e29fcdd.jpg,0,-0.011545614,-0.059113722,0.029580543,-0.00083110493,-0.061164122,-0.072833166
/home/datasets/train/deer/93769d3783.jpg,0,-0.0005868665,-0.07461983,0.037022293,-0.013410596,-0.07200694,-0.08344993
/home/datasets/train/deer/92d43a9f46.jpg,0,-0.005810337,-0.042256735,0.0358898,-0.021969814,-0.09171282,-0.107054144
/home/datasets/train/deer/Chital20Deer-20Male.png,0,-0.008234099,-0.06251719,0.027743815,-0.010265422,-0.06267947,-0.07194359
/home/datasets/train/deer/c0f04942c1.jpg,0,-0.008651187,-0.049701907,0.02874528,0.0046671135,-0.06980949,-0.08156946
/home/datasets/train/deer/0c97f57e98.jpg,0,0.0013136175,-0.07914208,0.041244514,0.00085237506,-0.09244132,-0.10091652
/home/datasets/train/deer/417f5fefbf.jpg,0,-0.015452037,-0.076037906,0.023463132,-0.003632469,-0.08359429,-0.08980235
/home/datasets/train/deer/image_12.jpg,0,-0.0029765256,-0.06931176,0.041959234,0.0046937307,-0.07679821,-0.07805996
/home/datasets/train/deer/4845675995.jpg,0,-0.019183818,-0.039907414,0.019713236,0.0017325783,-0.059148673,-0.0727176
/home/datasets/train/deer/e1761fc675.jpg,0,-0.02399996,-0.07721243,0.045733035,-0.011141546,-0.079599895,-0.07396071
/home/datasets/train/deer/bb25e2c1d9.jpg,0,0.023014344,-0.056638762,0.03934258,0.0035463078,-0.087272994,-0.10558299
/home/datasets/train/deer/i-2022-04-05T153807-807_jpg.rf.936073084dd212d1086a6dda07add89d.jpg,0,-0.0036418615,-0.061798073,0.039506737,0.010427697,-0.05269289,-0.08132166
/home/datasets/train/deer/dddb6a6369.jpg,0,-0.028693788,-0.05439358,0.03945761,-0.013224835,-0.103328355,-0.11045388
/home/datasets/train/deer/94a7ed02ee.jpg,0,-0.012978704,-0.048834685,0.030457899,-0.004558355,-0.06611658,-0.09485712
/home/datasets/train/deer/922e5a2034.jpg,0,-0.010363784,-0.056165844,0.030512035,0.0050162543,-0.041754168,-0.06591266
/home/datasets/train/deer/7525a833fd.jpg,0,-0.0074538523,-0.074958004,0.03037575,-0.002465067,-0.05990012,-0.07656675
/home/datasets/train/deer/84d3beb3ff.jpg,0,0.0068967217,-0.055511482,0.043366358,-0.013280519,-0.08871607,-0.101685755
/home/datasets/train/deer/88f34ac6bf.jpg,0,-0.0060490053,-0.069473155,0.04367904,-0.017366298,-0.068985604,-0.07295631
/home/datasets/train/deer/i-2022-04-05T153353-602_jpg.rf.0f21dcc1cf9d8df211630cb698ede8e6.jpg,0,-0.008495024,-0.042734336,0.05552036,0.0018307352,-0.024322502,-0.04917736
/home/datasets/train/deer/image_5.jpg,0,-0.013435794,-0.039145738,0.048669923,0.0029741644,-0.031387553,-0.04003913
/home/datasets/train/deer/b808e34a81.jpg,0,-0.005051501,-0.042591214,0.023152912,-0.011717929,-0.064915225,-0.07470692
/home/datasets/train/deer/423d2eb110.jpg,0,-0.009621892,-0.07906398,0.02816109,-0.0018920656,-0.048581745,-0.067072585
/home/datasets/train/deer/334b083800.jpg,0,-0.028889997,-0.059090063,0.027135542,-0.028171409,-0.0653506,-0.07091163
/home/datasets/train/deer/37c173b365.jpg,0,-0.011144413,-0.07218131,0.027637359,0.0042224433,-0.07030425,-0.082615286
/home/datasets/train/deer/5265b6f5ae.jpg,0,-0.023211224,-0.043023877,0.027962282,0.009327416,-0.03378913,-0.05103883
/home/datasets/train/deer/5c41e827f2.jpg,0,-0.021380173,-0.063717306,0.036878113,-0.031658955,-0.063244954,-0.07909249
/home/datasets/train/deer/af9dbc1c84.jpg,0,-0.023457296,-0.07262416,0.027494203,-0.02652502,-0.07752143,-0.084389135
/home/datasets/train/deer/b099838f72.jpg,0,0.001466637,-0.052230217,0.030785434,-0.007923372,-0.06550518,-0.07214326
/home/datasets/train/deer/92dd921cd2.jpg,0,-0.023264958,-0.074665695,0.028020333,-0.016499141,-0.07113009,-0.08002353
/home/datasets/train/deer/1769e1a9ea.jpg,0,-0.019631304,-0.0764305,0.039685212,-0.028597426,-0.06383349,-0.08140197
/home/datasets/train/deer/076d8bed65.jpg,0,-0.008341702,-0.074793324,0.032896355,-0.011962332,-0.099760756,-0.10494156
/home/datasets/train/deer/6adf5e2944.jpg,0,-0.018054985,-0.0509551,0.036330946,0.0005002633,-0.09055559,-0.0986986
/home/datasets/train/deer/9e2a0b6fe8.jpg,0,-0.007966376,-0.07998479,0.025721617,-0.0006555049,-0.058451243,-0.06688109
/home/datasets/train/deer/c35b11f5c9.jpg,0,-0.02130004,-0.048693262,0.050632846,-0.011784816,-0.05943961,-0.080380626
/home/datasets/train/deer/7a552c8146.jpg,0,-0.016091123,-0.06031316,0.04021632,-0.009321066,-0.08829546,-0.08684248
/home/datasets/train/deer/40a63aaa33.jpg,0,-0.020069286,-0.07036246,0.020787025,-0.017294291,-0.06168178,-0.07196597
/home/datasets/train/deer/b36c4826d4.jpg,0,-0.01015914,-0.06797774,0.02952013,0.002403138,-0.089117944,-0.11050008
/home/datasets/train/deer/95527575ed.jpg,0,-0.015867047,-0.07191056,0.030148515,-0.03247105,-0.084533095,-0.092154115
/home/datasets/train/deer/8b2ef6ba08.jpg,0,0.0027304264,-0.06281749,0.047632605,0.014452826,-0.042970385,-0.056182865
/home/datasets/train/deer/image_4.jpg,0,-0.010439107,-0.042989932,0.03739069,0.006482427,-0.02807417,-0.05315139
/home/datasets/train/deer/eaa6196679.jpg,0,-0.020676091,-0.06162017,0.034971714,-0.016301224,-0.06950007,-0.07814393
/home/datasets/train/deer/bfa80b6584.jpg,0,-0.018989706,-0.05481127,0.030138068,-0.013383784,-0.05370051,-0.06790278
/home/datasets/train/deer/7b8d17df54.jpg,0,0.0018450362,-0.053023543,0.04792352,-0.016633116,-0.042167332,-0.065837845
/home/datasets/train/deer/c8bf630902.jpg,0,-0.014653934,-0.07992325,0.039014794,-0.009721185,-0.10232408,-0.102619655
/home/datasets/train/deer/e85b4d9a16.jpg,0,-0.010438949,-0.043393202,0.035457794,-0.021204296,-0.066819064,-0.07545111
/home/datasets/train/deer/2868904ea6.jpg,0,-0.0005754903,-0.029383339,0.044805765,0.007650735,-0.073946126,-0.08330328
/home/datasets/train/deer/image_17.jpg,0,0.010368691,-0.06613004,0.04595035,0.006294347,-0.050477646,-0.07022185
/home/datasets/train/deer/41c34dabb4.jpg,0,-0.00024040719,-0.072041884,0.026547613,-0.0060177473,-0.07022112,-0.07935403
/home/datasets/train/deer/696b1de3bd.jpg,0,-0.012976287,-0.064318225,0.032325935,0.0025538579,-0.091319755,-0.09133676
/home/datasets/train/deer/27ebdcec01.jpg,0,-0.015286578,-0.058941785,0.041469175,-0.005922124,-0.06905426,-0.076400876
/home/datasets/train/deer/i-2022-03-21T182105-579_jpg.rf.d22e3209536ac159ee33cb0007a66e37.jpg,0,0.0059808083,-0.056505326,0.0394623,0.0046882313,-0.04494374,-0.045074172
/home/datasets/train/deer/914fffc01d.jpg,0,-0.009927732,-0.060508907,0.03425306,0.009634778,-0.07782814,-0.08469769
/home/datasets/train/deer/5a37d6dffa.jpg,0,0.0019390061,-0.065474816,0.045330383,0.0006361292,-0.034481954,-0.056547526
/home/datasets/train/deer/9d49f7e843.jpg,0,0.0017259186,-0.055932447,0.028578438,-0.0065593077,-0.056074243,-0.08392115
/home/datasets/train/deer/7b30bfe5e9.jpg,0,-0.021992948,-0.066680506,0.029201353,-0.0046985867,-0.076858625,-0.075818054
/home/datasets/train/deer/afa533ddda.jpg,0,-0.010326197,-0.051164687,0.030538727,0.0011104863,-0.08736366,-0.08619564
/home/datasets/train/deer/b5c06b48af.jpg,0,-0.009432768,-0.09924788,0.04074891,-0.023805223,-0.065112315,-0.0835091
/home/datasets/train/deer/image_68.jpg,0,-0.010650399,-0.03844744,0.028372435,-0.05027824,-0.051852487,-0.07188165
/home/datasets/train/deer/6ea3642d85.jpg,0,-0.009851483,-0.062320754,0.03885011,-0.01902705,-0.045912974,-0.0737244
/home/datasets/train/deer/d0ad63695d.jpg,0,-0.0007398741,-0.038594194,0.035540532,-0.003019198,-0.097631946,-0.09709111
/home/datasets/train/deer/1dab9f5977.jpg,0,-0.010079536,-0.05307217,0.03980715,-0.013653356,-0.08335599,-0.08863181
/home/datasets/train/deer/7acc4dd2ea.jpg,0,-0.013298626,-0.062017277,0.029026583,-0.014799626,-0.08122325,-0.09673093
/home/datasets/train/deer/faf4f74423.jpg,0,-0.003930572,-0.07255916,0.037129954,0.00075212074,-0.0898114,-0.10261205
/home/datasets/train/deer/31d413f20f.jpg,0,0.0053568096,-0.062138904,0.033905074,-0.015630402,-0.094621226,-0.1017409
/home/datasets/train/deer/i-2022-04-05T142323-948_jpg.rf.d10e736fed3f52007bc3008874413933.jpg,0,-0.009545447,-0.06708178,0.031933393,0.01849706,-0.06866596,-0.09624301
/home/datasets/train/deer/5e81646a86.jpg,0,0.00041392632,-0.06464553,0.03924155,0.009512449,-0.06216944,-0.086116865
/home/datasets/train/deer/image_73.jpg,0,-0.007497753,-0.06360634,0.03956547,-0.007665349,-0.072909415,-0.080871224
/home/datasets/train/deer/91a4248f94.jpg,0,-0.027933402,-0.055118628,0.04083122,-0.012969978,-0.06712326,-0.069487825
/home/datasets/train/deer/f59831ed90.jpg,0,-0.0073160613,-0.035851434,0.042138748,-0.00092034374,-0.08577274,-0.09304251
/home/datasets/train/deer/a64e2f1de7.jpg,0,-0.0040386533,-0.07021329,0.025568523,0.002313733,-0.05817979,-0.062695645
/home/datasets/train/deer/55fa34aaf8.jpg,0,0.0016947147,-0.058157265,0.036426537,0.007409278,-0.06981615,-0.07582201
/home/datasets/train/deer/fd9bcfac5e.jpg,0,-0.014296626,-0.062029224,0.03145798,-0.010467008,-0.06390871,-0.07103154
/home/datasets/train/deer/35f9dfa5df.jpg,0,-0.008568728,-0.063503884,0.021703716,-0.0011374822,-0.048865158,-0.051813215
/home/datasets/train/deer/906187a592.jpg,0,-0.0059310673,-0.074739724,0.028829679,0.009527821,-0.06951155,-0.07554267
/home/datasets/train/deer/34e9b3e3a0.jpg,0,-0.022892447,-0.042192176,0.045920562,-0.0026701745,-0.069097325,-0.08502984
/home/datasets/train/deer/03bfca1780.jpg,0,0.00037184078,-0.08011424,0.050771672,-0.0046872296,-0.079054505,-0.079142734
/home/datasets/train/deer/image_40.jpg,0,-0.0125196185,-0.07398447,0.040257376,-0.020199042,-0.07417686,-0.092275865
/home/datasets/train/deer/cd3b8ffe1a.jpg,0,-0.0065544182,-0.081958465,0.023799224,-0.0034124977,-0.08138096,-0.09242563
/home/datasets/train/deer/ae5fffcc82.jpg,0,-0.011330697,-0.05332734,0.04288972,0.00011202367,-0.06757399,-0.083841145
/home/datasets/train/deer/2f784a16ff.jpg,0,0.0143187875,-0.052202,0.047957875,0.009890556,-0.030202644,-0.058243833
/home/datasets/train/deer/1f28583fa5.jpg,0,-0.004997039,-0.06265306,0.045295678,0.005817781,-0.1010205,-0.10487485
/home/datasets/train/deer/9d0807552f.jpg,0,-0.008240047,-0.059749544,0.032132987,-2.621347e-05,-0.04954476,-0.06765962
/home/datasets/train/deer/f2d0b3cb24.jpg,0,-0.015340336,-0.07374835,0.049675845,0.010477027,-0.046794336,-0.07592518
/home/datasets/train/deer/60e45c70c8.jpg,0,-0.019203508,-0.06536867,0.042238623,-0.008154546,-0.058638804,-0.07363615
/home/datasets/train/deer/3f357114ad.jpg,0,-0.007884779,-0.072553396,0.035413656,0.0089426385,-0.06307935,-0.07098803
/home/datasets/train/deer/9766dc2019.jpg,0,-0.012832228,-0.0666217,0.04745848,0.0048887143,-0.08148268,-0.09104432
/home/datasets/train/deer/56cbcbe155.jpg,0,-0.0035599777,-0.08401346,0.012518078,-0.014577252,-0.022982476,-0.045804106
/home/datasets/train/deer/d531cd7bb0.jpg,0,-0.016201152,-0.04878141,0.033294022,0.0008191322,-0.09968513,-0.11325289
/home/datasets/train/deer/bcc8547a4c.jpg,0,-0.010910873,-0.054294568,0.036026575,-0.028796725,-0.047878318,-0.053524647
/home/datasets/train/deer/063a4c388e.jpg,0,-0.021188688,-0.079728775,0.036493085,-0.017993879,-0.060543608,-0.072408065
/home/datasets/train/deer/image_70.jpg,0,-0.011824577,-0.04264338,0.036110584,-0.007830441,-0.071734264,-0.083060406
/home/datasets/train/deer/dc26e228e5.jpg,0,0.0021182038,-0.053063698,0.03707143,-0.009118752,-0.08133104,-0.088363335
/home/datasets/train/deer/c1b4eac51f.jpg,0,-0.0011203603,-0.07764036,0.04107064,0.0040673297,-0.073484406,-0.07169641
/home/datasets/train/deer/image_26.jpg,0,-0.01203471,-0.056563545,0.028455058,0.0019502728,-0.030848337,-0.053002823
/home/datasets/train/deer/28c1b95e43.jpg,0,-0.015985383,-0.049487032,0.036729366,-0.018348902,-0.061438143,-0.07663692
/home/datasets/train/deer/06a459075a.jpg,0,-0.0050855707,-0.06639522,0.022513315,0.0034916056,-0.06451956,-0.075433835
/home/datasets/train/deer/b5205f2bce.jpg,0,-0.005572323,-0.061217185,0.039648972,-0.015181702,-0.0836332,-0.090798184
/home/datasets/train/deer/ce7440f340.jpg,0,-0.014608357,-0.0661896,0.043074634,-0.0031431331,-0.07743363,-0.09835857
/home/datasets/train/deer/992d2249f5.jpg,0,-0.00721032,-0.049909726,0.046550527,0.011571765,-0.05530542,-0.06807624
/home/datasets/train/deer/17fc20c082.jpg,0,-0.023224061,-0.06923981,0.033812262,-0.0059125405,-0.05570425,-0.07596773
/home/datasets/train/deer/2c58a3e341.jpg,0,0.0056583406,-0.03829843,0.044299867,0.0072962437,-0.05873142,-0.07796255
/home/datasets/train/deer/7da5c121b2.jpg,0,0.0031688479,-0.054906156,0.034563642,0.012687438,-0.06856976,-0.07258846
/home/datasets/train/deer/4848b541f2.jpg,0,-0.039566822,-0.07163859,0.022492344,-0.06565882,-0.08469832,-0.08479144
/home/datasets/train/deer/0831737680.jpg,0,-0.0221924,-0.05791302,0.033725385,-0.018763166,-0.05741058,-0.08526732
/home/datasets/train/deer/694df53540.jpg,0,0.0035963734,-0.0774034,0.040603478,-0.0027231118,-0.09612436,-0.09822768
/home/datasets/train/deer/image_6.jpg,0,0.0012052227,-0.05429735,0.03595685,0.0033377972,-0.06293617,-0.060510624
/home/datasets/train/deer/023892ab38.jpg,0,-0.0039306344,-0.04348336,0.0464488,0.0021079388,-0.06651664,-0.07535453
/home/datasets/train/deer/609e8018d8.jpg,0,-0.022725943,-0.06669548,0.03579383,-0.016994886,-0.07065508,-0.07687314
/home/datasets/train/deer/1d5488fd16.jpg,0,-0.026886018,-0.065414034,0.0453997,-0.008049778,-0.080887005,-0.08320917
/home/datasets/train/deer/8c794fdd7d.jpg,0,-0.02333348,-0.06373316,0.030095126,-0.006416692,-0.100529835,-0.102097064
/home/datasets/train/deer/i-2022-04-05T150501-236_jpg.rf.ee81342fa501372dc5eae9ab3b358de2.jpg,0,0.0013343757,-0.06560022,0.034967754,0.019490138,-0.054702844,-0.065474235
/home/datasets/train/deer/8b4ed284c3.jpg,0,-0.004221973,-0.042857777,0.03396513,-0.0022571757,-0.034371532,-0.058116816
/home/datasets/train/deer/7bf91daa47.jpg,0,-0.025020594,-0.07410766,0.04427491,-0.017777525,-0.071267486,-0.08183488
/home/datasets/train/deer/dfd32bb54a2.jpg,0,0.0018403865,-0.05347103,0.022004293,-0.0122948075,-0.053816274,-0.06018703
/home/datasets/train/deer/image_38.jpg,0,-0.01267638,-0.03794299,0.03286762,-0.016530905,-0.05782848,-0.05857628
/home/datasets/train/deer/5dd2329946.jpg,0,-0.008214841,-0.06544171,0.036869794,0.006474009,-0.05785337,-0.0774207
/home/datasets/train/deer/83fd2aaa12.jpg,0,-0.010940552,-0.044217557,0.031236889,-0.0034179762,-0.06652181,-0.08074537
/home/datasets/train/deer/image_74.jpg,0,-0.024557842,-0.084235,0.042688634,-0.015136763,-0.06509494,-0.066651724
/home/datasets/train/deer/c787455f12.jpg,0,-0.026369974,-0.040034182,0.041523114,0.00275865,-0.061234847,-0.069094
/home/datasets/train/deer/da2775c4ca.jpg,0,-0.017902588,-0.054349344,0.026171304,-0.023316462,-0.0714097,-0.07551178
/home/datasets/train/deer/501c398a0a.jpg,0,-0.001455537,-0.079684615,0.03502695,0.011767368,-0.05448247,-0.0708407
/home/datasets/train/deer/9498475b07.jpg,0,-0.0067574866,-0.08511475,0.028771726,-0.004362801,-0.0651668,-0.0787735
/home/datasets/train/deer/22673f764c.jpg,0,0.006856772,-0.092220314,0.031517796,0.018433016,-0.057922266,-0.06703266
/home/datasets/train/deer/image_27.jpg,0,-0.0059099654,-0.056734297,0.034701746,0.00048391428,-0.09147398,-0.088115156
/home/datasets/train/deer/263728ea50.jpg,0,-0.023797702,-0.06584665,0.034007248,-0.010519248,-0.07494966,-0.08538288
/home/datasets/train/deer/86e1bcf719.jpg,0,0.0028344635,-0.084762745,0.031003619,0.0044727596,-0.03609617,-0.060685188
/home/datasets/train/deer/740659d302.jpg,0,-0.009702011,-0.0471104,0.039182715,0.009003497,-0.051241703,-0.06716962
/home/datasets/train/deer/f618d52faf.jpg,0,-0.0049819825,-0.07260028,0.03411162,0.004844702,-0.049163066,-0.06927389
/home/datasets/train/deer/cc00d0ad3a.jpg,0,-0.010786254,-0.05518806,0.038289707,-0.001171954,-0.084827006,-0.08646295
/home/datasets/train/deer/8f1071f371.jpg,0,-0.009257575,-0.062889546,0.04648205,-0.0042221313,-0.053897567,-0.071141206
/home/datasets/train/deer/80d7b46eb5.jpg,0,0.008226161,-0.07722913,0.046114646,0.015638184,-0.08195682,-0.08735052
/home/datasets/train/deer/e5bf71a5a3.jpg,0,0.001435205,-0.07077509,0.030118974,-0.009536748,-0.07725153,-0.09028949
/home/datasets/train/deer/00e6f71d05.jpg,0,-0.0087523265,-0.07986301,0.027171224,0.008190185,-0.05795529,-0.07777314
/home/datasets/train/deer/b23f5bb88b.jpg,0,0.008242259,-0.06907131,0.035900585,-0.020148585,-0.09910555,-0.106807776
/home/datasets/train/deer/4853621eaa.jpg,0,-0.002106036,-0.057357296,0.024885911,0.004732675,-0.043974195,-0.056791726
/home/datasets/train/deer/581880b624.jpg,0,-0.004459941,-0.07505256,0.015176677,0.033153318,-0.06408599,-0.07969257
/home/datasets/train/deer/i-2022-04-05T142826-467_jpg.rf.bcdde01a6524c51048741661a8c13625.jpg,0,0.009013275,-0.062115308,0.04076448,0.0007083942,-0.07647619,-0.08597148
/home/datasets/train/deer/8bc1473b68.jpg,0,-0.011388662,-0.054698512,0.032051954,0.0050902544,-0.051403966,-0.06429236
/home/datasets/train/deer/image_14.jpg,0,-0.005199768,-0.08241517,0.0322241,-0.009053092,-0.08425579,-0.084888466
/home/datasets/train/deer/091b0677ff.jpg,0,0.0034904382,-0.05657228,0.040040098,0.009133874,-0.045553602,-0.077168785
/home/datasets/train/deer/5daf16feca.jpg,0,0.008869983,-0.06433271,0.031560965,0.014317609,-0.06588001,-0.08869539
/home/datasets/train/deer/6c52922344.jpg,0,-0.012965018,-0.06610112,0.042058893,-0.013290187,-0.07915258,-0.097967334
/home/datasets/train/deer/cbe29783fb.jpg,0,-0.009537396,-0.052101254,0.030427635,0.0074496595,-0.0520262,-0.052944917
/home/datasets/train/deer/i-2022-04-05T173424-783_jpg.rf.c59d9ef24edd59a683d9e7033513be05.jpg,0,-0.014854859,-0.06421402,0.036354292,0.013941165,-0.0623284,-0.089673206
/home/datasets/train/deer/70dc250e45.jpg,0,-0.016400991,-0.089312404,0.031026449,-0.0020577018,-0.05127389,-0.055837974
/home/datasets/train/deer/bc0fa3558c.jpg,0,-0.018803887,-0.06314954,0.041236553,0.017633472,-0.06689663,-0.08261987
/home/datasets/train/deer/8775fbf2a1.jpg,0,-0.008029661,-0.0672606,0.04382257,-0.009251375,-0.08507447,-0.10028054
/home/datasets/train/deer/2086afb976.jpg,0,-0.009112512,-0.08206798,0.03206197,0.0039008404,-0.08272438,-0.09325005
/home/datasets/train/deer/46e1fa93fd.jpg,0,0.0020979308,-0.068344325,0.031737395,0.0076247035,-0.09089645,-0.09320289
/home/datasets/train/deer/6196156e41.jpg,0,0.0069890404,-0.061276983,0.038081773,-0.018043954,-0.07346122,-0.066053845
/home/datasets/train/deer/4cbb2d757b.jpg,0,0.0071858964,-0.085540496,0.027388811,-0.00420529,-0.060069345,-0.0769218
/home/datasets/train/deer/cd42e2d23c.jpg,0,0.0058115814,-0.055404752,0.036336128,0.0021836401,-0.06485777,-0.068664156
/home/datasets/train/deer/7ed95753cc.jpg,0,-0.027489286,-0.0716217,0.037784718,-0.009270862,-0.059414446,-0.067420594
/home/datasets/train/deer/i-2022-04-05T153322-559_jpg.rf.8fa443d6e45eb25972e3b4555429c749.jpg,0,-0.019951086,-0.040635165,0.05223065,-0.0022472162,-0.055895474,-0.0642944
/home/datasets/train/deer/43dc9bb83d.jpg,0,-0.016275821,-0.06668196,0.040781163,-0.0030983614,-0.06573708,-0.07991932
/home/datasets/train/deer/25e8a5e939.jpg,0,0.00044236146,-0.052089192,0.03292795,0.00022212625,-0.0669379,-0.07122852
/home/datasets/train/deer/d53fc8fbea.jpg,0,-0.0033439444,-0.055628672,0.036641873,-0.0060032126,-0.048301402,-0.067865014
/home/datasets/train/deer/0c02fb600b.jpg,0,-0.015456439,-0.0708714,0.036050607,-0.0058401274,-0.08755337,-0.09891593
/home/datasets/train/deer/479a16c82f.jpg,0,-0.01251835,-0.055775374,0.030444812,0.016555784,-0.054892313,-0.06487281
/home/datasets/train/deer/58ce644a53.jpg,0,0.002264989,-0.07054548,0.029426834,-0.0063713323,-0.07928562,-0.09020359
/home/datasets/train/deer/b9478fa192.jpg,0,-0.008573437,-0.07027911,0.036304265,0.0021913708,-0.07620062,-0.08407288
/home/datasets/train/deer/9358aa5407.jpg,0,-0.022761812,-0.074206896,0.03733108,-0.012801823,-0.057458155,-0.07567085
/home/datasets/train/deer/f0626ae845.jpg,0,-0.0021653976,-0.05466862,0.035658155,0.005765762,-0.07166989,-0.08702338
/home/datasets/train/deer/a28cc10ff8.jpg,0,0.004559736,-0.0665202,0.0348367,0.0012699006,-0.08691816,-0.09179555
/home/datasets/train/deer/0305707c05.jpg,0,-0.019785384,-0.07887368,0.030697975,0.0028842962,-0.047862865,-0.07665782
/home/datasets/train/deer/i-2022-03-21T183537-296_jpg.rf.48fb3d8788b73c9e80e131b2721d466a.jpg,0,-0.005329245,-0.038402446,0.04715907,0.004819344,-0.065337405,-0.06286732
/home/datasets/train/deer/4fb9e7c3fd.jpg,0,0.002493158,-0.056491766,0.033580195,0.010026301,-0.08258896,-0.09873964
/home/datasets/train/deer/image_15.jpg,0,-0.01249042,-0.04254982,0.045518305,-0.0101883765,-0.08347446,-0.088657215
/home/datasets/train/deer/80e577172c.jpg,0,-0.018370546,-0.049168076,0.034467064,-0.0038395235,-0.05776704,-0.066117086
/home/datasets/train/deer/f119532af2.jpg,0,-0.0014921315,-0.07986676,0.031969346,-0.016795823,-0.06564358,-0.06655401
/home/datasets/train/deer/i-2022-04-05T145327-046_jpg.rf.c56cc42b5f61f8ef1861bab0e3cf8702.jpg,0,-0.031887062,-0.0535459,0.046782747,-0.0017249053,-0.077371374,-0.08479039
/home/datasets/train/deer/fb3430f920.jpg,0,-0.042488363,-0.0507459,0.039585028,-0.03822854,-0.04539387,-0.072679274
/home/datasets/train/deer/dec0dccf94.jpg,0,-0.007492031,-0.064869076,0.041182924,-0.022110352,-0.05741853,-0.06337614
/home/datasets/train/deer/bf01774938.jpg,0,-0.019247385,-0.057306506,0.023109088,-0.0013203463,-0.033396967,-0.06019631
/home/datasets/train/deer/ea29dad359.jpg,0,-0.0031765662,-0.06208723,0.037115492,0.013658377,-0.07164931,-0.08297957
/home/datasets/train/deer/a6445b58e3.jpg,0,-0.015809013,-0.06659381,0.031098269,-0.0057011126,-0.027303161,-0.042224728
/home/datasets/train/deer/4ce6ff34e5.jpg,0,-0.0041278796,-0.07057633,0.045085836,-0.00163091,-0.063752435,-0.08196974
/home/datasets/train/deer/efc8f34234.jpg,0,0.00055764476,-0.07006531,0.044610057,-0.009088468,-0.073063776,-0.07646673
/home/datasets/train/deer/1785a1f056.jpg,0,-0.017627843,-0.08316676,0.04779535,-0.008223793,-0.099777445,-0.11977269
/home/datasets/train/deer/i-84-_jpg.rf.35ba26d5841aad62ecde07a05e4788a5.jpg,0,-0.015942305,-0.051837653,0.04368607,-0.0038805588,-0.06052588,-0.078054786
/home/datasets/train/deer/01624101.jpg,0,0.004186578,-0.06736787,0.03396775,-0.009782409,-0.04868437,-0.05976602
/home/datasets/train/deer/61b3d45750.jpg,0,-0.0056793382,-0.06050268,0.038198672,7.4322335e-05,-0.09799257,-0.103993416
/home/datasets/train/deer/i-2022-04-05T160609-821_jpg.rf.5229799ab1b36650aca8267cfe94e92d.jpg,0,-0.007347066,-0.04100373,0.03882563,0.006585803,-0.059853,-0.07092111
/home/datasets/train/deer/d01febac51.jpg,0,-0.01113457,-0.080451414,0.03326343,0.0010431597,-0.054873373,-0.07184863
/home/datasets/train/deer/i-2022-03-21T181406-313_jpg.rf.92cc918b787dc79661c94416a6e180e3.jpg,0,-0.029924527,-0.052648168,0.05346002,0.002968351,-0.0772095,-0.086006515
/home/datasets/train/deer/image_42.jpg,0,-0.007886446,-0.06563676,0.03450488,-0.015926821,-0.082437225,-0.08963549
/home/datasets/train/deer/9db0183723.jpg,0,-0.012164988,-0.057020858,0.036287855,-0.019584153,-0.080618605,-0.08131598
/home/datasets/train/deer/51c187ca54.jpg,0,-0.012861843,-0.06900424,0.026883975,0.01715735,-0.08020039,-0.09009895
/home/datasets/train/deer/5688f2dd39.jpg,0,-0.018181266,-0.06969889,0.032733057,0.0053913286,-0.06965874,-0.080059275
/home/datasets/train/deer/2faea2d734.jpg,0,-0.002081708,-0.06179321,0.035407536,-0.0025489973,-0.0697929,-0.083240226
/home/datasets/train/deer/image_59.jpg,0,-0.0081663905,-0.07740286,0.038184363,-0.0061855875,-0.048993606,-0.06787316
/home/datasets/train/deer/b4b2ec106f.jpg,0,7.249089e-05,-0.06341067,0.027825722,-0.005325745,-0.0527237,-0.053935047
/home/datasets/train/deer/9aa4af9c53.jpg,0,0.0033631956,-0.06571653,0.04254791,0.0010095118,-0.072661385,-0.088904746
/home/datasets/train/deer/5786eeeacd.jpg,0,-0.0074259057,-0.07598466,0.037523717,0.0020395513,-0.06294869,-0.07847149
/home/datasets/train/deer/ce177c76ea.jpg,0,-0.002787225,-0.051534124,0.025728088,-0.0008017444,-0.019584864,-0.032774486
/home/datasets/train/deer/0637d8bdc4.jpg,0,0.0011206511,-0.045142647,0.034518007,0.0056113494,-0.08452525,-0.09986328
/home/datasets/train/deer/cbd08a8918.jpg,0,-0.0136619825,-0.051719263,0.043207664,-0.02149436,-0.08377151,-0.0901586
/home/datasets/train/deer/i-2022-04-05T150314-633_jpg.rf.dec4fad9135f9f4e7e32cecb57c74808.jpg,0,-0.0022823014,-0.048209976,0.03077236,0.017552882,-0.060988527,-0.063888334
/home/datasets/train/deer/image_20.jpg,0,-0.02605853,-0.061055433,0.044923652,-0.011762842,-0.07351628,-0.09232913
/home/datasets/train/deer/144086ceeb.jpg,0,0.016292907,-0.065192685,0.02315304,0.027501648,-0.031029457,-0.048159115
/home/datasets/train/deer/3b2a5c14b5.jpg,0,-0.0026103547,-0.071195334,0.03093838,-0.0016470004,-0.09504907,-0.110289395
/home/datasets/train/deer/11d06e1f65.jpg,0,0.0001753401,-0.066044375,0.036606714,-0.0044649607,-0.07208345,-0.08469571
/home/datasets/train/deer/614df38dae.jpg,0,-0.010071348,-0.08310074,0.028752184,-0.00742805,-0.095177144,-0.112623766
/home/datasets/train/deer/image_21.jpg,0,-0.021835485,-0.071946844,0.028754022,0.015206386,-0.08166977,-0.09724877
/home/datasets/train/deer/cef2f25188.jpg,0,-0.0004591723,-0.06718175,0.0364913,-0.005291623,-0.06786521,-0.07471874
/home/datasets/train/deer/3a1776bf9d.jpg,0,0.0076331557,-0.06138538,0.038964964,0.01187011,-0.06314367,-0.08320899
/home/datasets/train/deer/f8566c0f4f.jpg,0,-0.0009179292,-0.047715567,0.045647264,0.008238795,-0.08641192,-0.09694885
/home/datasets/train/deer/i-2022-04-05T153418-824_jpg.rf.99704125285133f72471b4f674962d45.jpg,0,-0.034869485,-0.05387006,0.034659848,0.007873002,-0.08589862,-0.09782421
/home/datasets/train/deer/c7b9c6c56f.jpg,0,-0.0039234674,-0.060041696,0.036802478,-0.013469441,-0.09349534,-0.0964454
/home/datasets/train/deer/4171515070.jpg,0,-0.03383389,-0.050685897,0.040117536,-0.013882831,-0.0862148,-0.08479978
/home/datasets/train/deer/2440a8c7c2.jpg,0,-0.001154378,-0.05098521,0.028794773,0.0008293714,-0.029246872,-0.055656955
/home/datasets/train/deer/cf5431dc2a.jpg,0,0.0048786835,-0.06041959,0.026529662,-0.009612083,-0.10160793,-0.11188431
/home/datasets/train/deer/097a570265.jpg,0,0.0053357934,-0.054385215,0.042765275,-0.0016342609,-0.05200558,-0.07314607
/home/datasets/train/deer/9da0aec66b.jpg,0,-0.014031985,-0.06452599,0.040691257,0.009197002,-0.061724856,-0.07423468
/home/datasets/train/deer/b5b692fe0c.jpg,0,-0.016943118,-0.058450002,0.02673981,-0.025925262,-0.040744886,-0.046469107
/home/datasets/train/deer/d8cf92e8b6.jpg,0,-0.013850716,-0.04538332,0.031393755,-0.007694777,-0.06878602,-0.07545191
/home/datasets/train/deer/869a598f7b.jpg,0,-0.000430802,-0.060968645,0.03938484,-0.0020930385,-0.0948537,-0.105624326
/home/datasets/train/deer/eb18e9876d.jpg,0,-0.012078715,-0.061540015,0.035774615,0.0051204013,-0.018424649,-0.02888073
/home/datasets/train/deer/30c632fe0b.jpg,0,-0.0006339073,-0.05061095,0.02048392,-0.014497358,-0.045151208,-0.053163655
/home/datasets/train/deer/8246f6a503.jpg,0,-0.009221465,-0.084090695,0.03378247,0.004792854,-0.06002665,-0.07477696
/home/datasets/train/deer/1c345fa7c8.jpg,0,-0.019483432,-0.07073433,0.013075323,-0.01853128,-0.07802212,-0.08711261
/home/datasets/train/deer/be251e5aaf.jpg,0,-0.009196201,-0.053690203,0.04293495,-0.00747782,-0.09950129,-0.104146466
/home/datasets/train/deer/dff70919b6.jpg,0,-0.006416041,-0.097811356,0.035423912,-0.020439446,-0.064042255,-0.06307624
/home/datasets/train/deer/3896c2f3ab.jpg,0,-0.007838633,-0.07709795,0.045864902,-0.0029211782,-0.08956809,-0.09179618
/home/datasets/train/deer/image_57.jpg,0,-0.005801945,-0.07047864,0.030336117,0.008930689,-0.09038192,-0.09916241
/home/datasets/train/deer/9b265c0981.jpg,0,-0.008734628,-0.06190891,0.030723328,0.0036376785,-0.109494105,-0.115141004
/home/datasets/train/deer/image_55.jpg,0,-0.024038441,-0.06505789,0.048855063,-0.014011811,-0.054946844,-0.071634494
/home/datasets/train/deer/i-2022-04-05T163549-202_jpg.rf.4478fddfe1550bf8cfb16b90f75bbd18.jpg,0,-0.019961199,-0.06126976,0.04592354,-0.0036285054,-0.05293996,-0.062789366
/home/datasets/train/deer/6a2283219f.jpg,0,-0.011392008,-0.04554536,0.029155502,-0.015211429,-0.05298672,-0.08120105
/home/datasets/train/deer/6dab8812df.jpg,0,-0.011393422,-0.031341642,0.039314494,0.016016282,-0.06418312,-0.07804314
/home/datasets/train/deer/789d5733d0.jpg,0,0.0049262196,-0.045045562,0.025738914,-0.0072312034,-0.10246857,-0.104414
/home/datasets/train/deer/0bc1ec3994.jpg,0,-0.019875778,-0.059553135,0.04165509,-0.026974913,-0.093522936,-0.09308668
/home/datasets/train/deer/a6b92d0bfa.jpg,0,-0.018545462,-0.059158675,0.032852955,0.001060245,-0.10226926,-0.11027484
/home/datasets/train/deer/image_19.jpg,0,0.001969261,-0.06656952,0.033014905,0.0032932651,-0.072484106,-0.09071178
/home/datasets/train/deer/5e12fd13f3.jpg,0,-0.0013147332,-0.04308412,0.030767892,-0.0019237953,-0.038167413,-0.058855668
/home/datasets/train/deer/66fba5e3ac.jpg,0,9.889994e-05,-0.05104429,0.03021372,0.011009199,-0.037857533,-0.051432088
/home/datasets/train/deer/b6cbefc302.jpg,0,0.003429309,-0.05714564,0.022281565,-0.002052023,-0.03736593,-0.043498058
/home/datasets/train/deer/fd40d74899.jpg,0,0.00686738,-0.0793421,0.03177739,-0.00077943166,-0.05122069,-0.067884736
/home/datasets/train/deer/8888dd4864.jpg,0,-0.01285827,-0.08043285,0.03655309,-0.0028303512,-0.08223001,-0.090080366
/home/datasets/train/deer/ceef5fc0ea.jpg,0,-0.0087311305,-0.09453645,0.022321923,-0.0020617186,-0.06405219,-0.06878839
/home/datasets/train/deer/ea19d2960b.jpg,0,-0.0059006726,-0.06360352,0.04164012,-0.007457114,-0.072251655,-0.09091913
/home/datasets/train/deer/468c43599c.jpg,0,0.0050360123,-0.07211148,0.03500615,0.007290174,-0.062226377,-0.07312973
/home/datasets/train/deer/c845e8589e.jpg,0,-0.006186681,-0.06765059,0.039376635,0.0023592766,-0.062254593,-0.07880547
/home/datasets/train/deer/29d4afcaab.jpg,0,-0.007685314,-0.045117572,0.03604131,0.010231132,-0.08566333,-0.08223727
/home/datasets/train/deer/da6dddd597.jpg,0,-0.005399447,-0.05152264,0.027426768,-0.016619341,-0.0605515,-0.086822435
/home/datasets/train/deer/dd16163d62.jpg,0,-0.02255764,-0.05397007,0.031510554,-0.01795754,-0.09208783,-0.09859592
/home/datasets/train/deer/adfc05fa47.jpg,0,-0.02768286,-0.06897834,0.03269879,-0.02091711,-0.0881314,-0.08228795
/home/datasets/train/deer/1acaea837c.jpg,0,-0.023794424,-0.051747732,0.040690303,-0.0032702028,-0.06017003,-0.0677982
/home/datasets/train/deer/ec08aa0cd8.jpg,0,-0.01494316,-0.03820339,0.034950286,-0.02148413,-0.07619786,-0.08713657
/home/datasets/train/deer/322ace93d4.jpg,0,-0.0017839619,-0.07585665,0.028913224,-0.014184468,-0.052152604,-0.06904714
/home/datasets/train/deer/59ac1ea2ec.jpg,0,-0.005642173,-0.054834552,0.03091355,0.005553706,-0.07872711,-0.087849215
/home/datasets/train/deer/8e9281aade.jpg,0,0.007356137,-0.07612119,0.03062934,0.0038403212,-0.046765514,-0.071496636
/home/datasets/train/deer/image_30.jpg,0,-0.03117849,-0.067970574,0.038232904,0.003445777,-0.06357782,-0.07446046
/home/datasets/train/deer/f34b3d77c6.jpg,0,-0.019776277,-0.05995101,0.028599057,-0.004925836,-0.07823573,-0.086961575
/home/datasets/train/deer/a97984a3ef.jpg,0,-0.009300249,-0.06552478,0.041755673,0.008735772,-0.103095636,-0.10303484
/home/datasets/train/deer/c310dd9b05.jpg,0,-0.03210604,-0.062064014,0.028268754,-0.03571397,-0.07008234,-0.07720174
/home/datasets/train/deer/image_49.jpg,0,-0.0069163814,-0.058097437,0.03418232,-0.005266073,-0.071913525,-0.08702314
/home/datasets/train/deer/fb8a602bbd.jpg,0,-0.022442197,-0.06681743,0.033149395,-0.010871584,-0.0796873,-0.08247621
/home/datasets/train/deer/c1cc2a591e.jpg,0,0.0050185155,-0.07667441,0.03577019,-0.0025342277,-0.058220632,-0.07773067
/home/datasets/train/deer/9581423fd8.jpg,0,0.010400111,-0.06059767,0.03877203,-0.006823125,-0.08097089,-0.08615066
/home/datasets/train/deer/d9b343687d.jpg,0,-0.0020875041,-0.06927468,0.04298858,0.006957588,-0.07901239,-0.09638327
/home/datasets/train/deer/ba470964842.jpg,0,-0.013083572,-0.036310274,0.02323595,-0.007037151,-0.04507394,-0.06642631
/home/datasets/train/deer/317525150a.jpg,0,-0.0024108049,-0.05391962,0.03801403,-0.0051078,-0.07534111,-0.08802762
/home/datasets/train/deer/bd381f9153.jpg,0,0.0027610569,-0.06028126,0.027171656,-0.008101606,-0.052947607,-0.062323794
/home/datasets/train/deer/image_9.jpg,0,-0.0027216598,-0.059090644,0.03836759,0.00523232,-0.06356307,-0.07248136
/home/datasets/train/deer/2979aec4d2.jpg,0,0.0073207286,-0.016653633,0.02057026,-0.0023313602,-0.028992128,-0.034606185
/home/datasets/train/deer/image_33.jpg,0,-0.0042116432,-0.07656036,0.034085903,0.0022757105,-0.090835534,-0.08942682
/home/datasets/train/deer/7c0bd9303f.jpg,0,-0.011015434,-0.061785303,0.041139487,-0.00938843,-0.080631256,-0.09157564
/home/datasets/train/deer/df81932a17.jpg,0,-0.025491996,-0.060903333,0.030771151,-0.01718942,-0.1072488,-0.11192072
/home/datasets/train/deer/ae367cac78.jpg,0,-0.012987183,-0.055480078,0.037120763,-0.029215775,-0.06243688,-0.06221106
/home/datasets/train/deer/f3951bdef1.jpg,0,-0.016001161,-0.07377074,0.04488758,-0.010963165,-0.11178999,-0.11693077
/home/datasets/train/deer/d5c8c2be08.jpg,0,-0.01867034,-0.05625645,0.037068505,-0.0098650325,-0.08672982,-0.09519757
/home/datasets/train/deer/5f64ab23c1.jpg,0,-0.008367203,-0.049736407,0.035016276,-0.009926159,-0.08529144,-0.09558033
/home/datasets/train/deer/ef341fe6dc.jpg,0,-0.027320622,-0.06496656,0.03073873,-0.021434054,-0.048854664,-0.04985507
/home/datasets/train/deer/ade5dd987f.jpg,0,-0.005404668,-0.054090157,0.025341243,-0.007579851,-0.07708214,-0.0714802
/home/datasets/train/deer/0d42c8b3b9.jpg,0,-0.011211524,-0.04950508,0.04335592,0.0052917483,-0.0837187,-0.08743156
/home/datasets/train/deer/dce44069f2.jpg,0,-0.02702696,-0.07078856,0.041910738,0.0101940585,-0.08344414,-0.08961857
/home/datasets/train/deer/Chital20420lowres.jpg,0,-0.0044557345,-0.08161931,0.028177932,0.00037908414,-0.044956062,-0.066010654
/home/datasets/train/deer/b4917d002f.jpg,0,-0.0033927588,-0.06909722,0.038081832,0.009056743,-0.05915171,-0.08332565
/home/datasets/train/deer/7ff1beaea6.jpg,0,-0.016318498,-0.03839232,0.04146955,0.0004883874,-0.051925473,-0.06864984
/home/datasets/train/deer/ddf39d34ee.jpg,0,-0.013188276,-0.066022135,0.028132068,-0.008922024,-0.04925304,-0.06421324
/home/datasets/train/deer/c44e9501b2.jpg,0,-0.011719759,-0.05815197,0.031281106,-0.018841429,-0.045610674,-0.06620454
/home/datasets/train/deer/4fe8b150b0.jpg,0,-0.0055249287,-0.034215435,0.029262658,-0.0014499226,-0.045547187,-0.05978313
/home/datasets/train/deer/image_41.jpg,0,-0.01607034,-0.07921602,0.03334753,0.0036855247,-0.08713597,-0.09350151
/home/datasets/train/deer/i-2022-04-05T172805-110_jpg.rf.88f2196b4699b1934b25ccc7a6e877b8.jpg,0,-0.00030988827,-0.05708836,0.026502114,0.014003403,-0.0443113,-0.05354092
/home/datasets/train/deer/79bb16495c.jpg,0,-0.009531513,-0.043280393,0.045099434,-0.00022392487,-0.088662505,-0.08572015
/home/datasets/train/deer/i-2022-04-05T171022-712_jpg.rf.eb969cd710b0f9cfc0382f1fb4ca2a63.jpg,0,0.00044292887,-0.04267153,0.03732531,0.010475179,-0.050677575,-0.05759817
/home/datasets/train/deer/dbdda3ab06.jpg,0,-0.010653671,-0.08377448,0.015330385,-0.005449746,-0.064695284,-0.073113814
/home/datasets/train/deer/fa34d3fa81.jpg,0,-0.031369917,-0.060379982,0.034184434,-0.021604534,-0.035931155,-0.06983234
/home/datasets/train/deer/0a36a364ce.jpg,0,-0.020053834,-0.07410672,0.03368929,-0.029708857,-0.050306827,-0.063755855
/home/datasets/train/deer/a2ffbd370e.jpg,0,-0.015952824,-0.05502248,0.040871978,-0.00020662718,-0.068814486,-0.0760984
/home/datasets/train/deer/95835525c7.jpg,0,-0.021874644,-0.06400834,0.04084678,-0.009869777,-0.055821236,-0.06492676
/home/datasets/train/deer/238bd32520.jpg,0,-0.018435348,-0.052863203,0.034051664,-0.013933552,-0.069015265,-0.08208627
/home/datasets/train/deer/19d46744e6.jpg,0,-0.009873237,-0.05483707,0.04346905,0.0061844345,-0.0782893,-0.07989261
/home/datasets/train/deer/9b1e8519de.jpg,0,0.007634693,-0.05763596,0.036354594,-0.002593941,-0.061014477,-0.068770364
/home/datasets/train/deer/f95b655381.jpg,0,-0.017264295,-0.058839813,0.027674701,-0.013142344,-0.057865903,-0.061982114
/home/datasets/train/deer/image_28.jpg,0,0.00012343004,-0.051857777,0.036492124,-0.0052269446,-0.07026698,-0.08005495
/home/datasets/train/deer/a3241b663c.jpg,0,-0.007830614,-0.05146192,0.03824091,0.0024538822,-0.064761,-0.087401964
/home/datasets/train/horse/horse12-7.png,1,-0.009371643,-0.034080934,0.05626119,-0.011430822,0.024222475,0.028118737
/home/datasets/train/horse/06_095.png,1,0.0021477873,-0.02170771,0.045547996,-0.007376924,0.019813007,0.038152486
/home/datasets/train/horse/01_020.png,1,-0.033530638,-0.038305297,0.03940416,-0.026503436,0.023551082,0.028739782
/home/datasets/train/horse/07_053.png,1,-0.0024159905,-0.02577958,0.05033823,-0.0044261143,0.024517355,0.035586376
/home/datasets/train/horse/horse16-6.png,1,0.0009504594,-0.046281006,0.058895033,-0.01756618,0.0018385816,0.010748379
/home/datasets/train/horse/02_101.png,1,0.013616591,-0.044688344,0.02886434,-0.0092318915,0.00064179953,0.0053466144
/home/datasets/train/horse/01_080.png,1,0.00063530076,-0.020141812,0.03547528,-0.0106436275,0.032871787,0.052133493
/home/datasets/train/horse/horse19-8.png,1,-0.020006543,-0.02715033,0.050615802,-0.039606705,-0.008260443,-0.0014350847
/home/datasets/train/horse/01_117.png,1,0.006502089,-0.02051711,0.038666286,-0.01875892,-0.0048648296,-0.01067326
/home/datasets/train/horse/02_024.png,1,-0.017749049,-0.01907137,0.03754972,-0.013453709,0.04401759,0.05321227
/home/datasets/train/horse/horse44-2.png,1,0.009940755,-0.022738509,0.05394484,0.0011971169,0.025988063,0.021820873
/home/datasets/train/horse/06_028.png,1,-0.014064945,-0.01734836,0.037497412,-0.027994307,0.027739134,0.040853854
/home/datasets/train/horse/02_077.png,1,0.0072835684,0.017369855,0.045463428,0.0071611097,0.0035347203,0.0010015804
/home/datasets/train/horse/05_026.png,1,-0.0051925797,-0.02639443,0.05339767,-0.016680013,0.037029866,0.041416302
/home/datasets/train/horse/01_027.png,1,-2.757553e-05,-0.038890187,0.044736028,-0.007886577,0.028139517,0.051671878
/home/datasets/train/horse/04_023.png,1,-0.00812212,-0.028285295,0.05090084,-0.005790869,0.036754616,0.041195318
/home/datasets/train/horse/horse09-6.png,1,0.005195816,-0.03612685,0.05532181,-0.022836056,-0.008393237,0.014916204
/home/datasets/train/horse/01_076.png,1,-0.027987052,-0.00089618284,0.0489659,-0.015378412,0.000695406,-0.00659456
/home/datasets/train/horse/02_047.png,1,-0.01006623,-0.02314313,0.03932275,0.00016471534,-0.0025900733,0.015763508
/home/datasets/train/horse/02_087.png,1,0.0047727623,-0.03205631,0.051310427,-0.0145704,-0.003381351,0.006568729
/home/datasets/train/horse/horse18-9.png,1,-0.015092204,-0.031521946,0.03974153,-0.022414707,0.019161608,0.02298746
/home/datasets/train/horse/horse33-2.png,1,-0.008943236,-0.043897938,0.050412774,0.006825933,-0.029938597,-0.021212684
/home/datasets/train/horse/07_069.png,1,0.016171284,-0.03234756,0.03350232,-0.010126643,0.0045045232,0.012393908
/home/datasets/train/horse/horse37-2.png,1,-0.0047200616,0.003230264,0.06214026,-0.0274566,0.0035493602,-0.010618715
/home/datasets/train/horse/horse04-6.png,1,-0.009698959,-0.022107301,0.042677253,-0.015312218,-0.0107193515,0.0024699355
/home/datasets/train/horse/06_078.png,1,-0.002129824,-0.031397954,0.032622628,-0.007175404,0.03536942,0.03797777
/home/datasets/train/horse/horse26-1.png,1,-0.009864341,-0.009100716,0.06553513,-0.04828412,-0.020021427,-0.0121277245
/home/datasets/train/horse/03_060.png,1,0.0069566737,-0.029052038,0.041434538,0.006624079,0.021013197,0.014544766
/home/datasets/train/horse/horse17-7.png,1,0.0061855894,-0.01643388,0.062362794,-0.023914848,0.013439938,0.034136996
/home/datasets/train/horse/horse14-2.png,1,-0.009452624,-0.030927846,0.041231204,-0.0215085,0.00046871463,0.0059022196
/home/datasets/train/horse/04_024.png,1,0.018762369,-0.033124246,0.030066125,0.009229606,0.021301985,0.026054218
/home/datasets/train/horse/06_066.png,1,-0.011076107,-0.025278118,0.043456115,-0.021910556,0.008523719,0.012877222
/home/datasets/train/horse/06_088.png,1,-0.01790584,-0.024630794,0.053940497,-0.025443014,0.031480834,0.042964816
/home/datasets/train/horse/horse47-7.png,1,-0.004529432,-0.003796983,0.058242828,-0.018557496,0.04041333,0.02717429
/home/datasets/train/horse/horse16-4.png,1,-0.018236421,-0.014730126,0.06092252,-0.027496172,0.0154521065,0.031980306
/home/datasets/train/horse/horse13-8.png,1,0.00049619563,-0.03963454,0.06282557,-0.013217878,0.020632664,0.029455023
/home/datasets/train/horse/horse24-1.png,1,-0.013172084,-0.024347154,0.048539173,-0.035950065,0.0022144816,0.012643817
/home/datasets/train/horse/03_075.png,1,0.0055745263,-0.032573096,0.052206516,-0.030510137,0.018473059,0.025561692
/home/datasets/train/horse/01_044.png,1,-0.009009172,-0.028680254,0.04079834,-0.0021905694,0.02986963,0.027441658
/home/datasets/train/horse/06_067.png,1,0.0070084,-0.016596826,0.049748126,-0.022624688,0.019815892,0.020304874
/home/datasets/train/horse/07_028.png,1,0.00034435,-0.008099036,0.025619,0.001805203,-0.009061076,0.007072186
/home/datasets/train/horse/horse37-1.png,1,-0.013717182,0.008737436,0.0531774,-0.017618708,-0.014072271,-0.011886416
/home/datasets/train/horse/01_072.png,1,-0.0054144897,-0.019456677,0.06207391,-0.009792953,0.029208465,0.031759582
/home/datasets/train/horse/horse21-8.png,1,-0.012151465,-0.03290103,0.05329169,-0.025407571,-0.028522816,-0.024341507
/home/datasets/train/horse/horse40-0.png,1,-0.002545345,0.004621397,0.042094458,-0.0069735087,0.032082535,0.0409835
/home/datasets/train/horse/horse15-6.png,1,-0.019211559,-0.03338584,0.04086569,-0.040877,-0.00023008324,0.013293274
/home/datasets/train/horse/02_018.png,1,0.010961114,-0.018800303,0.032826636,0.0054638097,0.009944933,-6.994512e-05
/home/datasets/train/horse/01_098.png,1,-0.008357813,-0.006296089,0.04519181,-0.0138305565,0.035173662,0.035236217
/home/datasets/train/horse/16db12d247.jpg,1,0.01226597,0.012403564,0.048488747,0.020234631,0.014382312,0.027516862
/home/datasets/train/horse/horse05-0.png,1,-0.0027198547,-0.04367713,0.03590338,-0.027518507,-0.037932917,-0.025722606
/home/datasets/train/horse/01_036.png,1,-0.012866781,-0.019232795,0.03993465,-0.017581876,0.02237408,0.033507895
/home/datasets/train/horse/horse40-8.png,1,-0.005335139,0.010970345,0.05771503,0.0023852112,0.04304787,0.054058984
/home/datasets/train/horse/horse28-4.png,1,0.00597355,-0.0358963,0.051911846,-0.009382669,-0.033275306,-0.033446528
/home/datasets/train/horse/horse40-2.png,1,-0.017727435,-0.011951051,0.06129638,-0.023463096,-0.007508707,0.00090973265
/home/datasets/train/horse/horse14-5.png,1,-0.015747793,-0.037569724,0.048631288,-0.0366433,-0.0043198764,0.0011547143
/home/datasets/train/horse/02_019.png,1,0.0060103643,-0.029042795,0.021351464,0.003271516,0.022311265,0.009635787
/home/datasets/train/horse/04_017.png,1,-0.0050429665,-0.01759554,0.050368264,-0.020240033,0.02819417,0.038026035
/home/datasets/train/horse/3b009d95f0.jpg,1,-0.019212026,-0.047141492,0.018577185,-0.013688578,-0.010748027,-0.00033353502
/home/datasets/train/horse/03_051.png,1,-0.014715261,-0.011329513,0.036575384,-0.027636643,0.008788288,0.006347306
/home/datasets/train/horse/03_093.png,1,-0.019194229,-0.0016795823,0.04774521,-0.0102365855,0.018750526,0.0066926223
/home/datasets/train/horse/01_085.png,1,-0.0061061773,-0.031430498,0.040367812,0.0012070609,0.050238356,0.046732396
/home/datasets/train/horse/02_034.png,1,0.005483869,-0.0060958383,0.039020963,-0.01340439,0.035373278,0.03959131
/home/datasets/train/horse/horse05-2.png,1,-0.006090394,-0.023347586,0.036636833,-0.03527193,-0.01905326,-0.0019155178
/home/datasets/train/horse/horse01-3.png,1,0.010795136,-0.032614883,0.036381423,-0.0297662,0.013714256,0.011302434
/home/datasets/train/horse/07_101.png,1,-0.012969551,-0.010274948,0.04226748,-0.015670057,0.015291366,0.020691901
/home/datasets/train/horse/02_095.png,1,-0.00082386914,-0.020453224,0.044397794,0.013570067,0.024412187,0.024651675
/home/datasets/train/horse/07_110.png,1,-0.010818954,-0.017101385,0.027525958,-0.034738887,-0.050143465,-0.04618761
/home/datasets/train/horse/07_108.png,1,0.005755082,-0.03939826,0.05115111,0.0010870276,0.04237358,0.046613574
/home/datasets/train/horse/02_010.png,1,0.0017933017,0.016073229,0.04189334,-0.00177973,0.011317287,-0.007371877
/home/datasets/train/horse/05_027.png,1,-0.004871727,-0.032591578,0.040390246,0.0017250262,0.0011627777,0.0051079933
/home/datasets/train/horse/03_043.png,1,-0.011592295,-0.005659461,0.04983373,-0.0346048,-0.005149688,0.002485061
/home/datasets/train/horse/horse22-6.png,1,-0.008313037,-0.009293487,0.037072867,-0.03297043,0.02092291,0.026956486
/home/datasets/train/horse/horse43-6.png,1,-0.0029981446,0.02635791,0.045993518,-0.011376405,0.056619287,0.037513714
/home/datasets/train/horse/horse01-8.png,1,-0.0023005467,-0.027608505,0.05160649,-0.014412962,-0.031736255,-0.035394102
/home/datasets/train/horse/02_064.png,1,0.016976396,0.0070637525,0.0530467,0.018552946,0.019511001,0.024628092
/home/datasets/train/horse/horse39-1.png,1,-0.004207001,0.0048513208,0.05945547,-0.018727586,0.022702912,0.0235265
/home/datasets/train/horse/horse10-8.png,1,-0.0036399234,-0.01818422,0.058741942,-0.02427411,0.004127519,0.013850139
/home/datasets/train/horse/06_008.png,1,-0.0108222375,-0.017041799,0.0427371,0.007825881,0.036887273,0.05351725
/home/datasets/train/horse/horse10-0.png,1,0.0054072132,-0.037775256,0.046219382,-0.02407536,-0.0081410175,-0.0065325536
/home/datasets/train/horse/horse19-1.png,1,0.0016203448,-0.03662219,0.039444517,-0.026325656,-0.0012548752,0.011817497
/home/datasets/train/horse/02_013.png,1,-0.014390724,-0.0033257017,0.052739166,-0.027081702,0.033546735,0.03209362
/home/datasets/train/horse/01_042.png,1,0.000742396,-0.014302687,0.049970582,-0.029801821,0.019893773,0.017463464
/home/datasets/train/horse/06_098.png,1,-0.015523216,-0.02795836,0.040940702,-0.015044707,0.014601367,0.020602502
/home/datasets/train/horse/horse27-3.png,1,-0.0032876823,-0.02299182,0.06611173,-0.002767162,0.008059692,0.033970367
/home/datasets/train/horse/01_022.png,1,-0.005195847,-0.0023772786,0.03725537,-0.010530195,0.016260643,0.019604038
/home/datasets/train/horse/horse29-9.png,1,-0.024447089,0.001163871,0.06574625,-0.018582031,0.030792873,0.0337874
/home/datasets/train/horse/02_031.png,1,0.007445199,-0.026924983,0.06277309,-0.0088035315,0.022523444,0.019851383
/home/datasets/train/horse/01_050.png,1,-0.006269515,-0.031644337,0.051522866,-0.008292709,0.03416669,0.043550245
/home/datasets/train/horse/06_018.png,1,-0.0010461644,-0.03887552,0.04761706,-0.010632437,-0.0003909329,-0.0043445462
/home/datasets/train/horse/01_115.png,1,-0.007819448,-0.035165273,0.038811527,-0.024254616,0.024899181,0.02901719
/home/datasets/train/horse/03_080.png,1,-0.00822299,-0.014793474,0.05414351,-0.015327055,0.0161174,0.02879945
/home/datasets/train/horse/03_064.png,1,-0.016648628,-0.025965557,0.038648278,0.004608199,0.0063630305,0.0072747157
/home/datasets/train/horse/horse13-3.png,1,-0.00469752,-0.0398245,0.0396852,-0.0007731025,0.0005710772,0.0114148725
/home/datasets/train/horse/horse29-6.png,1,-0.04062126,-0.0066400934,0.050908476,-0.02288802,0.025100295,0.022984847
/home/datasets/train/horse/horse23-6.png,1,-0.005524941,-0.014732651,0.0443148,-0.033951707,-0.024763327,-0.020503018
/home/datasets/train/horse/horse02-8.png,1,-0.023085913,-0.004156612,0.053193826,-0.023527773,-0.01976049,-0.020427102
/home/datasets/train/horse/02_041.png,1,-0.010246091,-0.01852776,0.060430907,-0.015338007,0.019437464,0.024881832
/home/datasets/train/horse/horse47-2.png,1,-0.019092986,-0.023609241,0.057171147,-0.025677752,0.021044377,0.020653041
/home/datasets/train/horse/07_016.png,1,-0.011728161,-0.01908921,0.037579674,-0.006691541,0.024877097,0.034023218
/home/datasets/train/horse/horse24-9.png,1,-0.006969999,-0.009574024,0.048621155,-0.024114005,0.019171387,0.034048695
/home/datasets/train/horse/8eba3c008c.jpg,1,0.00027804915,0.0066012517,0.05817457,-0.014178538,0.04305122,0.05534658
/home/datasets/train/horse/horse01-6.png,1,-0.0157937,-0.02965119,0.055717185,-0.033721194,-0.0037736595,-0.006842989
/home/datasets/train/horse/horse07-5.png,1,0.0053649046,-0.024248306,0.048823602,-0.018140396,0.03258945,0.04313424
/home/datasets/train/horse/horse39-7.png,1,-0.0058674114,0.012253365,0.061875563,-0.015742458,0.021993825,0.026647685
/home/datasets/train/horse/05_041.png,1,0.014537303,-0.010670686,0.06169802,0.010161057,0.03873972,0.034253728
/home/datasets/train/horse/horse01-0.png,1,-0.008040598,-0.018068293,0.049804635,-0.007028733,0.0080144,0.022280153
/home/datasets/train/horse/07_064.png,1,0.0049841446,-0.05066589,0.042202853,-0.0153998695,-0.021937087,-0.01395769
/home/datasets/train/horse/05_023.png,1,0.015428343,-0.013773942,0.049916305,0.0034177662,0.040582962,0.04292649
/home/datasets/train/horse/06_060.png,1,-0.009273788,-0.020897456,0.033625208,-0.009891944,0.038404375,0.04254331
/home/datasets/train/horse/horse30-8.png,1,0.006422524,-0.01368439,0.060453307,-0.005062988,0.016860388,0.025759289
/home/datasets/train/horse/horse12-5.png,1,0.004340438,-0.027084822,0.06891526,-0.020206064,0.024746388,0.037202157
/home/datasets/train/horse/horse20-8.png,1,-0.015548698,-0.0263096,0.044000544,-0.016000656,-0.010456651,-0.004555039
/home/datasets/train/horse/06_012.png,1,-0.013709526,-0.03037072,0.023421895,-0.028730435,0.042614035,0.040282615
/home/datasets/train/horse/0f77c9f912.jpg,1,-0.0050690947,-0.034290396,0.023283184,0.00092723686,0.004258192,0.0041584866
/home/datasets/train/horse/06_071.png,1,-0.00039466098,-0.023543231,0.031996407,-0.020900883,-0.002980019,0.0022456758
/home/datasets/train/horse/horse34-6.png,1,0.00407766,-0.011233741,0.052166194,-0.02906134,0.0018661853,-0.021354264
/home/datasets/train/horse/04_029.png,1,-0.0038232126,-0.026877882,0.044643864,-0.024577433,0.00061705057,-0.0070923064
/home/datasets/train/horse/03_085.png,1,0.007394594,0.0020468922,0.05080769,0.017464299,0.027905218,0.048282735
/home/datasets/train/horse/04_018.png,1,0.013049253,-0.021001473,0.047586318,-0.002638623,0.040735357,0.043472603
/home/datasets/train/horse/horse36-9.png,1,-0.019175196,-0.021733388,0.05263698,-0.023779515,0.028394744,0.023635767
/home/datasets/train/horse/07_074.png,1,0.0021285452,-0.012388524,0.0512648,-0.026565444,-0.010936324,0.00086160656
/home/datasets/train/horse/horse30-0.png,1,-0.012257764,0.0096778385,0.0483704,-0.015861686,0.018478464,0.031176673
/home/datasets/train/horse/0be9a6ba0c.jpg,1,0.0016633496,-0.013338897,0.02293921,0.008543219,0.024283813,0.03197637
/home/datasets/train/horse/04_008.png,1,-0.009288325,-0.024019457,0.044557173,-0.010389815,0.019950282,0.026320837
/home/datasets/train/horse/horse42-4.png,1,0.0027778908,0.011614737,0.07281886,-0.0032082358,0.075737834,0.06456439
/home/datasets/train/horse/07_116.png,1,0.012264372,-0.0054525807,0.04396631,-0.0016190759,-0.027338592,-0.019082768
/home/datasets/train/horse/07_024.png,1,-0.003961478,-0.0083601205,0.038128927,-0.010822174,0.0046924455,0.007756681
/home/datasets/train/horse/horse22-3.png,1,-0.016313914,-0.020613894,0.0383442,-0.027953584,-0.0065559978,-0.0065439153
/home/datasets/train/horse/03_019.png,1,-0.027321354,0.0011559024,0.04831053,-0.0059958864,0.04765085,0.04913187
/home/datasets/train/horse/horse40-3.png,1,0.003910858,0.012804353,0.059467167,-0.0018363041,0.05349028,0.06438365
/home/datasets/train/horse/horse45-3.png,1,0.019592952,-0.0020424156,0.057480313,-0.011522993,-0.00560471,0.0013827397
/home/datasets/train/horse/horse18-0.png,1,-0.009876485,-0.030729603,0.038248636,-0.010084614,0.0012500538,0.006842382
/home/datasets/train/horse/06_057.png,1,-0.017531477,-0.006408929,0.047874607,-0.024562223,0.012424977,0.010632131
/home/datasets/train/horse/01_012.png,1,-0.018910656,-0.0378388,0.041246027,-0.0119925365,0.025745083,0.032489337
/home/datasets/train/horse/horse49-2.png,1,-0.026305823,-0.03516004,0.0415825,-0.029082842,0.009164358,0.023118708
/home/datasets/train/horse/06_081.png,1,-0.013019087,-0.00851828,0.059595503,-0.015926914,0.04081539,0.034016028
/home/datasets/train/horse/0b4957c78a.jpg,1,0.013554092,-0.008843582,0.04113324,0.004853035,0.034563743,0.04104276
/home/datasets/train/horse/07_066.png,1,0.0029959367,-0.025047224,0.054456882,-0.006048177,0.0020941673,0.01940687
/home/datasets/train/horse/03_046.png,1,-0.024272976,-0.02457232,0.04389763,-0.0024427078,0.015708055,0.016260166
/home/datasets/train/horse/horse26-0.png,1,-0.013407514,-0.029407667,0.04341009,-0.0395081,0.004787708,0.016114637
/home/datasets/train/horse/03_081.png,1,0.0032681944,-0.011442628,0.02671573,0.025793862,0.03654196,0.050120577
/home/datasets/train/horse/01_049.png,1,-0.010532266,0.0010362179,0.042375475,-0.020046744,0.016814142,0.026898334
/home/datasets/train/horse/07_045.png,1,-0.004865811,-0.028049141,0.041289143,-0.030202894,-0.0058263447,-0.007859422
/home/datasets/train/horse/horse32-7.png,1,-0.024015745,-0.028028397,0.033235714,-0.030813238,0.0018183831,0.0020423604
/home/datasets/train/horse/01_114.png,1,0.009820067,-0.013254086,0.032804094,-0.0092384545,0.022091895,0.030026209
/home/datasets/train/horse/02_056.png,1,0.015817503,0.0021034584,0.044422172,0.008861729,0.032751348,0.029413074
/home/datasets/train/horse/02_069.png,1,-0.006608894,-0.020366471,0.042569216,-0.0142773995,0.002409677,0.015542721
/home/datasets/train/horse/horse31-4.png,1,0.0019932813,-0.0130662415,0.048184685,-0.025092626,-0.0052979756,-0.005506687
/home/datasets/train/horse/07_113.png,1,-0.0087845065,0.003218404,0.028417608,0.001869445,0.039583232,0.05398362
/home/datasets/train/horse/05_013.png,1,0.012065997,0.009981906,0.052550852,0.013239309,0.030933741,0.04539866
/home/datasets/train/horse/06_074.png,1,-0.006570449,-0.036737792,0.033704065,-0.010517507,0.0074618915,0.0118712
/home/datasets/train/horse/horse17-1.png,1,-0.0100823175,-0.030861732,0.041563332,-0.035027865,0.028099466,0.034944404
/home/datasets/train/horse/06_001.png,1,-0.0125342095,-0.0197959,0.048957728,-0.0108671505,0.025206551,0.030300532
/home/datasets/train/horse/01_025.png,1,0.0006707143,0.03296085,0.04312879,-0.014178028,0.02095918,0.015538817
/home/datasets/train/horse/horse21-9.png,1,-0.021607777,-0.04913771,0.060662173,-0.05369393,-0.0093479045,0.0074553965
/home/datasets/train/horse/horse18-3.png,1,0.01136601,-0.036830198,0.04108368,-0.024142899,0.020512097,0.03520346
/home/datasets/train/horse/06_115.png,1,0.012188461,0.0011248911,0.03435117,-0.0011531617,0.008179879,0.013242856
/home/datasets/train/horse/horse16-1.png,1,0.0075600706,-0.0359056,0.054260533,-0.028840577,0.0006161593,0.027432643
/home/datasets/train/horse/horse01-1.png,1,0.0034158435,-0.0101078525,0.048586927,-0.043468386,0.0053806445,0.0010520859
/home/datasets/train/horse/02_035.png,1,-0.0049232394,-0.0026831739,0.039457217,0.00237497,0.007268036,0.0090697
/home/datasets/train/horse/horse03-7.png,1,-0.015210433,-0.026310131,0.046635978,-0.020933606,-0.0027064318,0.021559712
/home/datasets/train/horse/01_005.png,1,-0.0108993575,-0.020863147,0.04840537,-0.027602773,0.03835281,0.05019974
/home/datasets/train/horse/07_055.png,1,-0.018633096,-0.03930471,0.045449886,-0.028359272,-0.028284144,-0.019323418
/home/datasets/train/horse/horse50-4.png,1,0.018465683,0.0022831145,0.046833497,0.018720388,0.03747549,0.038941476
/home/datasets/train/horse/horse11-8.png,1,-0.005395256,-0.005449328,0.048985664,-0.009367663,0.030049667,0.044113636
/home/datasets/train/horse/07_115.png,1,0.008790587,0.013074634,0.047972105,0.008099728,0.018562945,0.023281783
/home/datasets/train/horse/043c1a0785.jpg,1,-0.01607496,0.007881731,0.041673243,-0.025326526,0.023100443,0.011562336
/home/datasets/train/horse/02_071.png,1,-0.0063632876,-0.00777225,0.044507947,-0.016746946,0.036788642,0.041992307
/home/datasets/train/horse/horse46-6.png,1,-0.0034130393,-0.03323798,0.054539885,-0.0016547241,0.0067164954,0.013976433
/home/datasets/train/horse/horse24-5.png,1,0.0085438145,-0.048587646,0.033246733,-0.024142224,-0.010841399,0.018806932
/home/datasets/train/horse/07_079.png,1,0.008330321,0.014037909,0.038964637,-0.016105324,0.015190375,0.012374796
/home/datasets/train/horse/05_036.png,1,-0.015665065,-0.022105291,0.039276242,-0.048471197,0.020147521,0.03005983
/home/datasets/train/horse/horse47-3.png,1,0.008582036,-0.026778217,0.055204526,-0.015805122,0.01623413,0.027587704
/home/datasets/train/horse/horse35-2.png,1,-0.035041384,-0.007558562,0.061296586,-0.026543226,0.03870091,0.038477063
/home/datasets/train/horse/horse19-7.png,1,-0.014770063,-0.030582389,0.056709893,-0.027416661,-0.015508403,-0.010391109
/home/datasets/train/horse/horse38-6.png,1,-0.013502576,0.015766932,0.07901883,-0.007326344,0.04442604,0.045169614
/home/datasets/train/horse/03_025.png,1,0.00029250234,-0.022651004,0.04042297,-0.01702027,-0.004418482,-0.0046287524
/home/datasets/train/horse/05_035.png,1,0.00083208364,-0.030217636,0.0509414,-0.00959181,0.030914925,0.040716216
/home/datasets/train/horse/06_031.png,1,0.009816076,-0.01668412,0.047733456,0.00075652124,0.017411523,0.043731727
/home/datasets/train/horse/8d296dbe0a.jpg,1,0.0066964664,-0.009896858,0.049636662,-0.012864782,0.0076581165,0.011240341
/home/datasets/train/horse/horse24-7.png,1,0.015977073,-0.018610395,0.062829904,-0.024621258,0.003453657,0.013953796
/home/datasets/train/horse/horse07-4.png,1,-0.023544071,-0.047537126,0.042965803,-0.022958498,0.0027604687,0.01292141
/home/datasets/train/horse/03_053.png,1,-0.016743934,-0.024660073,0.049248613,-0.010838304,-0.0030853637,0.010941256
/home/datasets/train/horse/06_030.png,1,-0.017231163,-0.029789466,0.027541729,-0.02260091,0.0034430185,0.020637762
/home/datasets/train/horse/07_107.png,1,-0.016342493,-0.024634086,0.037309404,-0.009708671,0.033133075,0.044592105
/home/datasets/train/horse/01_111.png,1,0.0013137222,-0.039731186,0.038364835,-0.021095008,-0.0089577325,-0.013447113
/home/datasets/train/horse/01_075.png,1,-0.015741551,-0.019528408,0.045751728,-0.026616793,0.02365314,0.020816522
/home/datasets/train/horse/horse29-3.png,1,-0.012641374,0.0064917463,0.062858224,-0.025152525,0.014718538,0.027711729
/home/datasets/train/horse/05_053.png,1,0.016680576,0.034486614,0.05302898,0.011119237,0.039605893,0.050981935
/home/datasets/train/horse/horse20-9.png,1,0.003710497,-0.026577756,0.033329025,-0.014989304,0.017169243,0.036502376
/home/datasets/train/horse/horse37-6.png,1,-0.016393144,-0.011825751,0.055043183,-0.017974317,0.029078795,0.040847845
/home/datasets/train/horse/01_087.png,1,-0.0024100877,-0.03366923,0.041387323,-0.010645352,0.027393434,0.03059849
/home/datasets/train/horse/horse23-7.png,1,0.009612887,-0.030079894,0.040809475,0.0011281313,-0.020929893,-0.020332608
/home/datasets/train/horse/05_044.png,1,-0.014335969,-0.030014712,0.039928153,-0.010674492,0.018926801,0.028824773
/home/datasets/train/horse/03_072.png,1,-0.0022823182,-0.009870376,0.048346005,-0.015639517,-0.029869942,-0.020272974
/home/datasets/train/horse/07_046.png,1,-0.013726428,-0.010420902,0.03602839,-0.041967932,0.033883944,0.030923834
/home/datasets/train/horse/horse07-7.png,1,0.0028768023,-0.011634433,0.053078987,-0.02681015,-0.0010125246,0.012853088
/home/datasets/train/horse/horse37-3.png,1,-0.0037625646,-0.013678966,0.035483655,-0.017146813,0.0088600125,0.00981941
/home/datasets/train/horse/horse43-5.png,1,-0.010854168,0.006254465,0.045658004,-0.00062810327,0.047028866,0.03199488
/home/datasets/train/horse/06_063.png,1,0.0036063446,-0.01180413,0.035463527,-0.030333454,0.017050656,0.031327017
/home/datasets/train/horse/02_006.png,1,-0.0021453705,0.0053874655,0.04273288,0.0042870585,0.022311721,0.016407993
/home/datasets/train/horse/06_005.png,1,-0.015686793,-0.04327201,0.03901792,-0.0067870645,0.03160453,0.045509927
/home/datasets/train/horse/05_021.png,1,-0.006827306,0.008620593,0.06344339,-0.0017227358,0.028330743,0.039114937
/home/datasets/train/horse/horse08-3.png,1,-0.0014332341,-0.0051633683,0.04895179,-0.018121034,0.027108222,0.04281547
/home/datasets/train/horse/03_030.png,1,-0.010724736,-0.017388625,0.045702055,-0.012502659,0.030787861,0.041370526
/home/datasets/train/horse/horse22-2.png,1,-0.014427134,-0.036029425,0.053776592,-0.017379496,0.029667735,0.030743942
/home/datasets/train/horse/horse06-0.png,1,0.018060729,-0.0023718257,0.04038607,0.00015234388,0.018149171,0.017183013
/home/datasets/train/horse/horse19-0.png,1,0.012404361,-0.029921792,0.035591785,-0.03396745,-0.022857074,-0.008663522
/home/datasets/train/horse/horse42-2.png,1,-0.0090254005,-0.027800214,0.052994546,-0.0034277202,0.027750507,0.03573127
/home/datasets/train/horse/06_004.png,1,-0.009367285,-0.011505124,0.058666594,-0.018447079,0.03816591,0.04128126
/home/datasets/train/horse/02_030.png,1,0.0011855552,-0.02525491,0.042239062,-0.009745777,0.035768587,0.043795932
/home/datasets/train/horse/horse37-5.png,1,-0.005638648,-0.02621252,0.056458663,0.0014100056,0.036134854,0.025273945
/home/datasets/train/horse/horse03-2.png,1,-0.0027026208,-0.041055582,0.03560002,-0.04500343,-0.0077112867,0.0030968348
/home/datasets/train/horse/horse34-7.png,1,-0.015829392,-0.015761547,0.03901706,-0.03195796,0.0063475105,0.0057161655
/home/datasets/train/horse/01_037.png,1,-0.01864141,-0.024097525,0.05050526,-0.031950478,0.025933977,0.020335112
/home/datasets/train/horse/horse45-7.png,1,0.010054726,-0.015518324,0.042979084,-0.017225444,0.028193489,0.041928742
/home/datasets/train/horse/03_102.png,1,-0.0032660284,-0.01371517,0.046382975,-0.0058599003,0.008314416,0.011834545
/home/datasets/train/horse/01_109.png,1,0.0006603198,-0.00481443,0.03578068,-0.009545422,0.002468076,0.0062386873
/home/datasets/train/horse/horse27-0.png,1,-0.01858307,-0.03536481,0.051861092,-0.029098757,-0.011192324,-0.012547655
/home/datasets/train/horse/02_074.png,1,0.0027219774,-0.015636,0.041580692,0.00898942,0.0026884326,0.0147009585
/home/datasets/train/horse/03_055.png,1,-0.012298645,-0.036915734,0.053419754,-0.0085353665,0.02169207,0.025526015
/home/datasets/train/horse/12ca1c4d99.jpg,1,0.00572036,0.045860037,0.04099186,-0.016588138,0.032356944,0.048894126
/home/datasets/train/horse/07_042.png,1,-0.017669985,-0.017428596,0.027753465,-0.04351172,0.010465254,0.009659192
/home/datasets/train/horse/07_008.png,1,-0.007588789,-0.03192839,0.047344632,-0.023039663,-0.006374125,-0.005883887
/home/datasets/train/horse/horse45-9.png,1,-0.002756727,-0.042138442,0.045930505,-0.02687251,-0.0042472803,0.0068953214
/home/datasets/train/horse/horse41-1.png,1,-0.0032664714,-0.028882539,0.04347905,-0.036756918,0.012297359,0.018038064
/home/datasets/train/horse/46de282eae.jpg,1,0.0069470373,-0.014450273,0.05373656,0.0044660755,0.03413125,0.03850908
/home/datasets/train/horse/07_117.png,1,0.0004368876,-0.036952004,0.032063406,-0.0024708174,-0.0071098846,0.0047128424
/home/datasets/train/horse/03_001.png,1,0.021717386,-0.012779236,0.043606684,0.0041960427,0.0063575967,0.020070909
/home/datasets/train/horse/horse17-9.png,1,0.002027185,-0.020338828,0.04139953,-0.01868204,0.025719304,0.03214717
/home/datasets/train/horse/01_047.png,1,-0.0025650645,-0.008807149,0.05018175,-0.0009843232,0.0016999615,0.0019305716
/home/datasets/train/horse/02_093.png,1,-0.0013478817,-0.017093286,0.045879155,-0.028550135,0.01258511,0.026582208
/home/datasets/train/horse/03_097.png,1,0.002356538,0.0066842544,0.059343968,-0.012464582,0.05910918,0.06301251
/home/datasets/train/horse/01_014.png,1,-0.008801866,-0.0109306555,0.054119,-3.0686264e-05,0.05796918,0.060658
/home/datasets/train/horse/horse27-1.png,1,-0.006782915,-0.02853853,0.04626946,-0.03109878,-0.0032556283,-0.0015815101
/home/datasets/train/horse/07_063.png,1,-0.0008889856,-0.040046442,0.04314714,-0.029500518,0.00014071167,0.0012310469
/home/datasets/train/horse/horse15-3.png,1,-0.022867301,-0.024545237,0.058741637,-0.03188473,0.016840033,0.013317717
/home/datasets/train/horse/06_047.png,1,-0.022309296,-0.012693122,0.04428021,-0.017304165,0.02985803,0.036040075
/home/datasets/train/horse/horse50-3.png,1,0.015843702,-0.036275197,0.048056185,0.016866866,0.019729659,0.026744498
/home/datasets/train/horse/horse32-0.png,1,-0.011514742,-0.019148305,0.04181831,-0.014456229,0.010133913,0.02181828
/home/datasets/train/horse/horse14-6.png,1,-0.0068139695,-0.02445032,0.05104553,-0.026900688,-0.013402883,-0.0074397326
/home/datasets/train/horse/06_051.png,1,-0.006582314,-0.028480105,0.047567956,-0.0135867335,0.02271484,0.022362936
/home/datasets/train/horse/06_029.png,1,0.00020398572,-0.0062099937,0.047756843,-0.00052121654,0.04531297,0.051538188
/home/datasets/train/horse/06_099.png,1,-0.015609698,-0.022724072,0.056066874,-0.014776245,0.03498136,0.042229924
/home/datasets/train/horse/04_010.png,1,-0.014686557,-0.026721023,0.040840626,0.0006192606,0.013387155,0.0123177245
/home/datasets/train/horse/07_082.png,1,-0.01124789,-0.029959222,0.040137447,-0.015739117,0.00647917,-0.0023144716
/home/datasets/train/horse/horse45-1.png,1,0.004878152,-0.031138975,0.034413196,-0.01998189,0.008909304,0.016278766
/home/datasets/train/horse/03_063.png,1,0.0028628735,0.006997508,0.053389326,-0.004282881,0.052037403,0.055858303
/home/datasets/train/horse/79cc2810e5.jpg,1,0.013480989,0.011259598,0.0584723,0.00052219257,0.025197253,0.02022566
/home/datasets/train/horse/06_017.png,1,-0.012413995,-0.030304508,0.038713835,-0.038315713,0.023827935,0.030161595
/home/datasets/train/horse/60ef72d53c.jpg,1,-0.004317799,-0.021440271,0.06412807,-0.03027774,0.003252226,-0.011584737
/home/datasets/train/horse/01_009.png,1,-0.011347322,0.00432688,0.037774634,-0.046316445,0.0077709174,0.024279434
/home/datasets/train/horse/horse48-5.png,1,-0.011903753,-0.00035635312,0.044484697,-0.017869476,0.008123828,0.017725965
/home/datasets/train/horse/horse18-2.png,1,0.0031084248,-0.040426403,0.05787092,-0.007519059,0.0016318941,0.012464363
/home/datasets/train/horse/horse01-7.png,1,-0.010215804,-0.015133524,0.060462832,-0.043700676,-0.010131387,0.0036442578
/home/datasets/train/horse/03_047.png,1,0.028617525,0.01799327,0.052242547,-0.00069608993,0.033311803,0.036891893
/home/datasets/train/horse/01_004.png,1,0.01707922,-0.013122015,0.043722756,-0.01519042,0.057014883,0.06438982
/home/datasets/train/horse/horse20-5.png,1,-0.012838069,-0.019071754,0.059727065,-0.024430286,0.0077319006,0.016054517
/home/datasets/train/horse/06_083.png,1,-0.026142197,-0.029803643,0.037212282,-0.020742662,0.011822727,0.033297155
/home/datasets/train/horse/01_104.png,1,-0.007586456,-0.036287367,0.025469638,-0.018040854,0.02702354,0.044582345
/home/datasets/train/horse/horse03-0.png,1,-0.022893082,-0.04776426,0.045998223,-0.027927907,-0.0016576874,-0.0061163376
/home/datasets/train/horse/horse49-5.png,1,-0.022184696,-0.04505308,0.058681592,-0.022908874,-0.01268163,0.0002931913
/home/datasets/train/horse/horse30-5.png,1,-0.020131622,-0.030793885,0.043364264,-0.040154282,-0.009935319,-0.006372719
/home/datasets/train/horse/horse32-2.png,1,-0.0032146012,-0.034196354,0.043000937,-0.026101166,-0.020599868,-0.01353839
/home/datasets/train/horse/horse06-8.png,1,-0.034227513,-0.0051131393,0.055890862,-0.029330736,0.028401518,0.03051163
/home/datasets/train/horse/horse36-0.png,1,0.005629262,-0.031927552,0.038642555,-0.02384787,0.005171612,0.014173741
/home/datasets/train/horse/01_092.png,1,-0.010757687,-0.02688229,0.055243663,-0.0010015811,0.019382413,0.026890643
/home/datasets/train/horse/05_030.png,1,-0.009585424,-0.006556296,0.0458543,-0.021105053,0.016713731,0.01752546
/home/datasets/train/horse/02_061.png,1,0.0014383188,-0.011532715,0.05624342,0.012884252,0.01909525,0.03346109
/home/datasets/train/horse/03_041.png,1,-0.021687843,-0.008863533,0.044231363,-0.030545712,-0.006289732,-0.0029288325
/home/datasets/train/horse/06_120.png,1,-0.008050062,-0.030204793,0.047702212,-0.0065938206,0.035535738,0.03896183
/home/datasets/train/horse/03_092.png,1,-0.007031204,0.0021279205,0.040207315,-0.009191811,0.029011559,0.045523457
/home/datasets/train/horse/06_038.png,1,-0.004679609,-0.020665737,0.036238298,-0.031405333,0.043734208,0.041996103
/home/datasets/train/horse/05_017.png,1,-0.0016261167,-0.018632313,0.055106148,-0.0062740818,0.009505523,0.01711205
/home/datasets/train/horse/horse30-6.png,1,-0.02047646,0.0036891818,0.06313676,-0.0005064169,0.02506563,0.042745408
/home/datasets/train/horse/07_044.png,1,0.005865544,-0.012031842,0.03953293,0.010322422,0.038226116,0.04308043
/home/datasets/train/horse/horse10-2.png,1,-0.01882445,-0.016356915,0.046580352,-0.023231134,0.023199629,0.020682348
/home/datasets/train/horse/01_053.png,1,-0.012546547,-0.02650227,0.044447787,-0.010214794,0.041043185,0.04685147
/home/datasets/train/horse/horse30-9.png,1,-0.013047824,0.008680214,0.06929973,-0.029645246,0.044460867,0.032215513
/home/datasets/train/horse/05_039.png,1,-0.015884096,-0.024859533,0.044132754,-0.020753473,-0.0012448668,-0.0022768215
/home/datasets/train/horse/horse28-7.png,1,0.0014931876,-0.01897043,0.033327445,-0.012365414,0.02553406,0.036029287
/home/datasets/train/horse/06_080.png,1,0.008602273,-0.036021817,0.039268985,-0.0046334406,0.04268252,0.046701945
/home/datasets/train/horse/01_007.png,1,-0.006452715,-0.009929358,0.047316797,-0.003036101,0.028871823,0.041810825
/home/datasets/train/horse/07_105.png,1,-0.0056367246,-0.02371753,0.05406318,0.0037411982,0.03090951,0.035790537
/home/datasets/train/horse/393dd791e0.jpg,1,0.0039457963,-0.012521226,0.03165919,-0.0062409407,0.00024437206,0.011632674
/home/datasets/train/horse/02_065.png,1,0.009152893,-0.016551513,0.040152695,-0.0013212701,0.01445846,0.028692648
/home/datasets/train/horse/horse37-0.png,1,0.005987543,-0.02320634,0.04443889,-0.02250773,-0.02658062,-0.02837038
/home/datasets/train/horse/04_002.png,1,-0.0047726007,-0.02434398,0.043734882,-0.034959324,0.03659975,0.043553863
/home/datasets/train/horse/03_042.png,1,-0.01326906,-0.031042159,0.04943061,-0.017913494,0.02365612,0.034675654
/home/datasets/train/horse/horse26-3.png,1,0.00063390005,-0.045681812,0.041103162,-0.027261663,-0.020387417,-0.002976146
/home/datasets/train/horse/horse42-8.png,1,0.0058083395,-0.015176287,0.03937643,-0.014248019,-0.001392222,0.013981542
/home/datasets/train/horse/03_069.png,1,0.011212524,-0.0117882425,0.05288541,-0.023155976,0.001733657,0.0073071076
/home/datasets/train/horse/horse13-7.png,1,0.00059481896,-0.041105993,0.054504965,-0.011801449,-0.009601917,0.007949862
/home/datasets/train/horse/horse19-5.png,1,-0.0039385683,-0.036321305,0.045216486,-0.034334403,-0.020016484,-0.010671497
/home/datasets/train/horse/02_099.png,1,0.0055065276,-0.0017574762,0.051802196,0.01855183,0.018832486,0.018033605
/home/datasets/train/horse/01_118.png,1,0.014599471,-0.0050102905,0.047538273,-0.008331684,-0.008283805,-0.012434323
/home/datasets/train/horse/horse09-4.png,1,-0.01905744,-0.041404173,0.047975376,-0.028414337,0.0033154413,0.015014613
/home/datasets/train/horse/05_003.png,1,-0.011310553,-0.019076426,0.03933563,-0.007502932,0.023655739,0.029545976
/home/datasets/train/horse/horse36-6.png,1,-0.011191781,-0.010366262,0.05448629,-0.008336702,0.023904268,0.034767177
/home/datasets/train/horse/01_064.png,1,-0.00995799,-0.017061684,0.044783875,-0.011935966,0.0561075,0.05995439
/home/datasets/train/horse/01_107.png,1,0.011857748,-0.009425205,0.034948826,0.00082221115,0.0042318017,0.005592916
/home/datasets/train/horse/horse41-2.png,1,-0.011999246,-0.008873019,0.05999615,-0.027333464,0.033717237,0.04393655
/home/datasets/train/horse/04_026.png,1,0.017374495,0.024390966,0.04316013,0.0048307143,0.037096478,0.04102987
/home/datasets/train/horse/06_109.png,1,-0.007435461,-0.019861583,0.03715749,-0.03554533,0.034167223,0.039516717
/home/datasets/train/horse/horse17-6.png,1,0.014313904,-0.05946017,0.053400308,-0.004885352,0.0016700821,0.016431678
/home/datasets/train/horse/horse29-0.png,1,-0.006793482,-0.022126282,0.051345762,-0.024339138,0.033672165,0.024840128
/home/datasets/train/horse/02_040.png,1,-0.0027036145,-0.011738937,0.05481409,0.007480249,0.023830928,0.02601296
/home/datasets/train/horse/horse41-3.png,1,-0.0045618955,-0.010178957,0.0645791,-0.04009664,0.016790435,0.0010514795
/home/datasets/train/horse/9be807ffb0.jpg,1,0.012354571,-0.0007331064,0.03958477,-0.003930796,0.016887883,0.01949507
/home/datasets/train/horse/horse20-0.png,1,-0.0018804967,-0.032072544,0.03887783,-0.023068612,-0.0037922375,0.0006420659
/home/datasets/train/horse/horse24-3.png,1,0.01003374,-0.011026224,0.043817263,-0.0402192,0.02206558,0.025907882
/home/datasets/train/horse/03_054.png,1,0.011121856,-0.008236784,0.044133484,-0.022686126,0.0029478916,0.003589395
/home/datasets/train/horse/horse34-8.png,1,-0.0256474,-0.03922775,0.046048768,-0.056574445,-0.011938791,0.01021553
/home/datasets/train/horse/6e4eec5100.jpg,1,0.0010981404,0.013512578,0.027982607,-0.008631993,0.029269354,0.03417474
/home/datasets/train/horse/03_027.png,1,-0.020453362,-0.011086366,0.051159456,-0.007182833,0.013910737,0.014521213
/home/datasets/train/horse/horse36-2.png,1,-0.01572965,0.004648912,0.06788033,-0.019596882,0.03577598,0.04027315
/home/datasets/train/horse/horse32-3.png,1,-0.030603593,-0.00050240173,0.06438485,-0.024681518,0.0014115577,0.004644219
/home/datasets/train/horse/horse25-9.png,1,0.0010661194,-0.038834848,0.06086263,-0.026281927,-0.003948082,-0.0045141024
/home/datasets/train/horse/06_010.png,1,-0.009225735,-0.00016137445,0.03482471,-0.018707957,0.041539602,0.028927285
/home/datasets/train/horse/02_009.png,1,-0.009815958,-0.012545685,0.033933636,-0.008379288,0.04028578,0.046282016
/home/datasets/train/horse/02_033.png,1,0.008163166,0.005277483,0.062083177,-0.00324644,0.042327136,0.03779251
/home/datasets/train/horse/horse12-2.png,1,-0.0058924938,-0.017360728,0.043105084,-0.023566442,0.022193857,0.015146157
/home/datasets/train/horse/horse38-1.png,1,-0.01698507,-0.005924492,0.056835264,-0.01331596,0.029809935,0.038331114
/home/datasets/train/horse/horse23-0.png,1,-0.0003153109,-0.0034833434,0.05007633,-0.030768825,-0.017807718,-0.00128897
/home/datasets/train/horse/29a9b70630.jpg,1,0.010060927,-0.011566887,0.04459799,-0.031802796,-0.0011627157,-0.005509993
/home/datasets/train/horse/horse24-8.png,1,-0.0077718524,0.0024488857,0.05104231,-0.03327936,-0.006671705,0.021725265
/home/datasets/train/horse/horse24-6.png,1,-0.008871113,-0.018586427,0.03980414,-0.04330297,-0.0005935328,0.0060311183
/home/datasets/train/horse/07_060.png,1,-0.023820503,-0.01666588,0.040433675,-0.013764318,-0.014761008,-0.01187438
/home/datasets/train/horse/horse28-2.png,1,-0.0004392448,-0.020689752,0.04885046,-0.019271355,0.007440864,0.018001955
/home/datasets/train/horse/670fcd5719.jpg,1,-0.006733548,-0.013196588,0.020285096,-0.020808304,0.032861914,0.033885673
/home/datasets/train/horse/horse32-5.png,1,-0.004596626,-0.029814117,0.039989986,-0.028757816,0.0056828205,0.013264688
/home/datasets/train/horse/horse06-1.png,1,-0.016238404,-0.0043739644,0.050313532,-0.042777374,0.009719827,0.009341342
/home/datasets/train/horse/horse43-1.png,1,0.0051688915,-0.04647699,0.045363832,-0.014487689,-0.019771554,-0.018836714
/home/datasets/train/horse/03_031.png,1,0.011547941,-0.008032963,0.06678313,-0.008254239,0.033269156,0.023179896
/home/datasets/train/horse/horse15-7.png,1,-0.013701306,-0.03720338,0.058134843,-0.030107876,0.017736576,0.024574233
/home/datasets/train/horse/05_056.png,1,0.006937948,-0.006187326,0.053345405,0.011449121,0.017933264,0.027287044
/home/datasets/train/horse/horse07-9.png,1,-0.012212671,-0.0063360604,0.06525108,-0.022912454,0.022241198,0.036993325
/home/datasets/train/horse/05_054.png,1,0.011460779,-0.012269905,0.04643347,0.0038386104,0.0039063795,-0.004408351
/home/datasets/train/horse/horse38-0.png,1,-0.019001964,-0.006824306,0.048161667,-0.020254826,-0.010626657,-0.015425485
/home/datasets/train/horse/169c1bbbea.jpg,1,-0.01194934,-0.01065418,0.05821262,-0.013608342,0.035835657,0.045422465
/home/datasets/train/horse/horse36-7.png,1,-0.02586814,-0.0022386452,0.05029911,-0.015476171,0.03336865,0.03644776
/home/datasets/train/horse/horse42-7.png,1,0.010499358,-0.023825426,0.04327964,-0.020872634,0.00345687,0.0037902587
/home/datasets/train/horse/01_103.png,1,0.0041211303,-0.02486207,0.045792677,-0.0028966921,0.01759552,0.016577817
/home/datasets/train/horse/horse35-3.png,1,0.0096147405,-0.012476363,0.042321533,-0.018484596,0.025095923,0.032511137
/home/datasets/train/horse/07_083.png,1,-0.02182561,-0.014815668,0.04063191,-0.049156845,-0.00060843304,0.008471816
/home/datasets/train/horse/horse08-2.png,1,-0.008800181,0.0107300505,0.050539915,-0.018401532,0.032320336,0.01920474
/home/datasets/train/horse/01_059.png,1,-0.0046463227,-0.02456118,0.044675693,-0.012261959,-0.008683046,-0.009162134
/home/datasets/train/horse/horse42-3.png,1,-0.017847216,-0.0064428966,0.047270454,-0.02416374,0.024745781,0.04236781
/home/datasets/train/horse/02_026.png,1,0.004037561,-0.028030023,0.038991842,0.005290118,0.00932365,0.016714908
/home/datasets/train/horse/03_012.png,1,0.0002328977,-0.019403111,0.052041218,-0.008448564,0.00831292,0.004865329
/home/datasets/train/horse/03_062.png,1,-0.0027164742,0.002077858,0.034411386,-0.015274392,0.01367184,0.033165578
/home/datasets/train/horse/01_069.png,1,-0.0026763063,-0.0019532833,0.044076856,-0.017231898,0.050582714,0.056077816
/home/datasets/train/horse/horse12-8.png,1,-0.011703159,-0.03517796,0.062303707,-0.035925984,0.027800508,0.030318543
/home/datasets/train/horse/07_040.png,1,-0.008114614,-0.024635684,0.033497922,-0.019643094,-0.028083075,-0.020142546
/home/datasets/train/horse/02_028.png,1,0.026663342,0.027845152,0.057949424,0.02009804,0.052343406,0.07054972
/home/datasets/train/horse/05_014.png,1,-0.0005383296,-0.01745764,0.051370442,-0.01355722,0.0086210435,0.0009969918
/home/datasets/train/horse/05_022.png,1,-0.014053969,-0.012358904,0.05200948,0.008394871,0.02151885,0.037540257
/home/datasets/train/horse/01_060.png,1,0.0035135918,-0.009414754,0.041496344,-0.015412093,-0.006918544,-0.0013853684
/home/datasets/train/horse/horse40-9.png,1,-0.00028857216,-0.019108146,0.068028405,0.0010761896,0.051737748,0.061519142
/home/datasets/train/horse/07_051.png,1,5.516503e-05,-0.025687303,0.030981649,-0.015536109,0.00034778123,0.011273545
/home/datasets/train/horse/02_045.png,1,0.01300255,-0.00836047,0.053834677,-0.0040206886,0.005576411,0.00837593
/home/datasets/train/horse/07_104.png,1,-0.009293199,-0.026979957,0.04382799,0.0020740705,0.012393256,0.02091179
/home/datasets/train/horse/07_067.png,1,-0.004793166,-0.035525955,0.043530397,-0.016578026,0.0049972474,0.0072194636
/home/datasets/train/horse/horse26-7.png,1,-0.004340875,-0.03190675,0.052437447,-0.019757712,-0.0019754195,0.016996197
/home/datasets/train/horse/04_003.png,1,0.0049475906,-0.0136278365,0.05217829,-0.017017532,0.013751334,0.018471606
/home/datasets/train/horse/horse02-1.png,1,-0.008981075,-0.021592963,0.050018787,-0.050908513,0.009847621,0.012249581
/home/datasets/train/horse/02_039.png,1,0.0073111546,-0.014971659,0.055559993,0.0011827499,0.027933028,0.041384716
/home/datasets/train/horse/04_019.png,1,0.0025062463,-0.012404432,0.056451723,-0.0046674656,0.03181831,0.041054703
/home/datasets/train/horse/03_090.png,1,0.002024955,-0.008789193,0.04390641,-0.02422851,0.0075997706,0.020967843
/home/datasets/train/horse/07_065.png,1,-0.020409737,-0.017623514,0.05029715,-0.042084523,0.02622596,0.02603475
/home/datasets/train/horse/horse17-2.png,1,-0.0029513463,-0.04199789,0.05762267,-0.019855427,0.025691912,0.01513876
/home/datasets/train/horse/07_073.png,1,-0.003111029,0.0031745094,0.04773476,0.006262553,0.033419702,0.03900569
/home/datasets/train/horse/03_088.png,1,0.0033740355,-0.018409988,0.03788269,-0.021850158,0.015456765,0.02041794
/home/datasets/train/horse/07_118.png,1,-0.020980101,-0.054559037,0.0264134,-0.015557987,0.013971921,0.022999544
/home/datasets/train/horse/06_061.png,1,0.0031881682,-0.018737348,0.04675043,-0.0058495016,0.04292345,0.04958086
/home/datasets/train/horse/06_007.png,1,-0.010311354,-0.030750033,0.044228602,-0.011651372,0.024591789,0.03249751
/home/datasets/train/horse/horse13-0.png,1,-0.011202984,-0.02424363,0.06589958,-0.023045525,0.005550645,0.022153493
/home/datasets/train/horse/07_119.png,1,0.005910226,-0.023869146,0.04547966,0.010017824,0.014047907,0.029281644
/home/datasets/train/horse/06_050.png,1,-0.0076257326,-0.026542934,0.0372241,-0.01465488,-0.0075806594,-0.0064530075
/home/datasets/train/horse/horse17-4.png,1,-0.004066369,-0.012830483,0.059285447,-0.013772672,0.030554954,0.03378158
/home/datasets/train/horse/horse15-5.png,1,-0.005557946,-0.03486114,0.05557161,-0.0144249825,-0.009240818,-0.0029969616
/home/datasets/train/horse/03_084.png,1,0.0025873678,0.026572734,0.047854856,-0.014829241,0.011888633,0.026375007
/home/datasets/train/horse/02_073.png,1,-0.004323603,-0.015061509,0.046004184,-0.026470043,0.024894342,0.03326237
/home/datasets/train/horse/horse15-2.png,1,-0.018674187,-0.023301877,0.052695554,-0.019280635,0.018656798,0.03959981
/home/datasets/train/horse/07_095.png,1,-0.004866478,-0.04691034,0.032588646,-0.006482567,0.048848048,0.046875447
/home/datasets/train/horse/horse09-9.png,1,0.004562701,-0.03931351,0.055250756,-0.015227671,0.035533242,0.034962263
/home/datasets/train/horse/02_096.png,1,0.028068922,-0.012450698,0.037278026,-0.002472498,0.04346157,0.05596132
/home/datasets/train/horse/03_089.png,1,0.005298815,-0.019346047,0.04056222,-0.021796146,0.01429352,0.01359387
/home/datasets/train/horse/horse42-6.png,1,0.008719193,0.026120104,0.06514895,-0.0059695086,0.022585042,0.015170699
/home/datasets/train/horse/06_054.png,1,-0.010248179,-0.04657731,0.0288818,-0.027160607,0.015963078,0.034433827
/home/datasets/train/horse/1ea2e9e1da.jpg,1,-0.002537327,0.043037746,0.023799771,-0.0056834593,0.022917677,0.04131796
/home/datasets/train/horse/horse06-2.png,1,-0.025425753,-0.020490883,0.030404704,-0.04894888,0.0054778517,0.01934462
/home/datasets/train/horse/02_048.png,1,-0.008904924,-0.015617153,0.057755083,-0.0024143062,0.036115877,0.032846674
/home/datasets/train/horse/06_073.png,1,-0.001815239,0.005908855,0.039230548,-0.028082605,0.025264278,0.039516076
/home/datasets/train/horse/horse17-3.png,1,0.0112311635,-0.007224383,0.04830899,-0.0046674013,0.023292016,0.027084038
/home/datasets/train/horse/02_090.png,1,-0.01793245,-0.012017738,0.03789949,-0.011077859,0.005180151,0.016217137
/home/datasets/train/horse/03_087.png,1,-0.011854092,-0.0013731469,0.041168906,-0.020372326,0.0067884144,0.022005748
/home/datasets/train/horse/07_089.png,1,0.00026903953,-0.0018189866,0.042082287,-0.010615096,0.0005439818,0.02065194
/home/datasets/train/horse/horse26-4.png,1,0.015689664,-0.029492732,0.056578413,-0.02573895,-0.025523316,-0.007404577
/home/datasets/train/horse/horse11-2.png,1,0.010913256,-0.031121563,0.046271317,-0.0016742973,0.005639291,0.018700017
/home/datasets/train/horse/horse47-1.png,1,-0.01486632,-0.025251653,0.052929364,-0.009573378,0.009158807,0.019316953
/home/datasets/train/horse/06_025.png,1,-0.0075603155,-0.03205044,0.035576887,-0.018731367,0.02576146,0.027165482
/home/datasets/train/horse/01_078.png,1,0.002601914,-0.029790107,0.045819566,-0.010043803,0.018615572,0.016023858
/home/datasets/train/horse/07_057.png,1,-0.020919215,-0.018566407,0.024964236,-0.04038772,0.00038317963,0.0068695545
/home/datasets/train/horse/07_021.png,1,-0.0049522407,-0.035663802,0.03963348,-0.03330041,0.037115883,0.04314331
/home/datasets/train/horse/07_004.png,1,-0.004131089,-0.052912436,0.037836056,-0.005777618,-0.012004363,0.011860682
/home/datasets/train/horse/03_082.png,1,-0.027519817,0.018735986,0.050608292,-0.046563633,0.021498576,0.029929908
/home/datasets/train/horse/06_035.png,1,0.00437022,-0.02343132,0.030693837,-0.025364343,-0.0068260888,0.011326738
/home/datasets/train/horse/5c0bc27f04.jpg,1,0.00848368,-0.014877409,0.031483185,0.011550855,0.019067474,0.016447334
/home/datasets/train/horse/01_026.png,1,-0.0026979428,-0.003693085,0.04079551,-0.00058358535,0.057084426,0.060864627
/home/datasets/train/horse/03_106.png,1,0.009410634,-0.008791556,0.039873227,-0.020950943,0.0151097905,0.019164162
/home/datasets/train/horse/horse08-6.png,1,-0.016051337,-0.018441636,0.050529145,-0.0152559485,0.03059585,0.037876572
/home/datasets/train/horse/horse49-4.png,1,-0.00034587458,-0.014941795,0.054610386,-0.0065393127,0.005492852,0.026638813
/home/datasets/train/horse/05_024.png,1,-0.01510095,-0.026935868,0.042385913,-0.025328457,0.038337532,0.04697302
/home/datasets/train/horse/01_070.png,1,-0.010008166,0.010000097,0.05922475,-0.01737867,0.056826726,0.05952628
/home/datasets/train/horse/01_034.png,1,0.0049549546,-0.0058936686,0.06129574,-0.010056755,0.04773891,0.047434147
/home/datasets/train/horse/07_070.png,1,0.0017601848,-0.057513412,0.015768804,-0.03833051,-0.019499177,-0.0045881732
/home/datasets/train/horse/01_016.png,1,-0.01122555,-0.026386406,0.03565241,-0.02107026,0.021881416,0.024180114
/home/datasets/train/horse/06_037.png,1,-0.0047055557,-0.029987447,0.053912133,-0.008850567,0.035423763,0.039494254
/home/datasets/train/horse/06_056.png,1,-0.017635908,-0.015265126,0.048571333,-0.018496826,0.04687519,0.04799484
/home/datasets/train/horse/07_114.png,1,-0.005394269,-0.031195499,0.029200234,-0.029014638,-0.011603332,0.0015528405
/home/datasets/train/horse/horse41-5.png,1,0.0038394062,0.023207285,0.07383323,-0.014791094,0.06959156,0.06454855
/home/datasets/train/horse/02_079.png,1,0.010312456,-0.032558493,0.04430079,-0.0052972557,0.03185005,0.037457578
/home/datasets/train/horse/02_002.png,1,0.014997757,0.001166529,0.05368907,0.00553796,0.021449428,0.022448884
/home/datasets/train/horse/05_028.png,1,-0.0029542185,0.0022758432,0.052417476,0.015976414,0.016412674,0.02936591
/home/datasets/train/horse/horse41-9.png,1,-0.006048534,-0.022305824,0.05200903,-0.03154846,0.0054141227,0.016686924
/home/datasets/train/horse/01_081.png,1,-0.006557628,-0.03488017,0.043832142,-0.0122640645,0.03679741,0.042114254
/home/datasets/train/horse/07_012.png,1,-0.010911207,-0.02936923,0.04174982,-0.029490804,0.03754349,0.04057185
/home/datasets/train/horse/horse08-1.png,1,-0.0025911788,0.008634003,0.05204067,-0.012849955,0.04441756,0.04603544
/home/datasets/train/horse/horse39-4.png,1,0.00018846197,0.028220974,0.07643474,-0.013779588,0.048843116,0.04028533
/home/datasets/train/horse/horse08-4.png,1,0.004465323,0.018346624,0.055131406,-0.002916196,0.034452632,0.055604935
/home/datasets/train/horse/horse21-0.png,1,-0.026799094,-0.027354801,0.049434938,-0.0438765,0.0022778325,0.011936144
/home/datasets/train/horse/horse35-0.png,1,0.012609681,-0.01881805,0.03492289,-0.013609461,0.022028036,0.03342323
/home/datasets/train/horse/horse04-0.png,1,-0.029638642,-0.035692606,0.046238028,-0.026868027,-0.010022557,-0.007816704
/home/datasets/train/horse/02_004.png,1,0.013024177,-0.026627515,0.044431634,0.013030279,0.019746775,0.036229644
/home/datasets/train/horse/horse10-9.png,1,-0.0016906811,-0.030478254,0.05765563,-0.028228922,0.01303385,0.037573606
/home/datasets/train/horse/horse39-6.png,1,-0.011028674,-0.007985232,0.07112026,-0.0039686835,0.020525388,0.018222634
/home/datasets/train/horse/03_013.png,1,0.00901833,-0.006978993,0.056551255,-0.0038252752,0.0067417365,0.006499661
/home/datasets/train/horse/07_032.png,1,-0.003662685,-0.012034947,0.038550463,0.018103756,0.041050624,0.04124713
/home/datasets/train/horse/02_100.png,1,-0.0037409966,-0.027117325,0.044506658,-0.018652625,0.017553408,0.014745993
/home/datasets/train/horse/01_033.png,1,-0.017946333,-0.024887105,0.037329406,-0.012981741,0.014820756,0.016426967
/home/datasets/train/horse/06_089.png,1,-0.012772502,-0.015609411,0.045847986,-0.025692929,0.03284048,0.04427464
/home/datasets/train/horse/horse42-1.png,1,0.00032085832,-0.0029474192,0.050873153,-0.014156184,0.020435115,0.025708001
/home/datasets/train/horse/06_045.png,1,-0.018021977,-0.015941145,0.041813493,-0.02303823,0.034365095,0.053873695
/home/datasets/train/horse/02_088.png,1,0.0020596813,-0.0336643,0.05396785,0.002099426,0.028279033,0.038545247
/home/datasets/train/horse/01_010.png,1,0.0041980296,-0.014143824,0.031486593,0.011142939,0.033475373,0.053063743
/home/datasets/train/horse/horse33-1.png,1,-0.018567327,-0.03878005,0.048983537,-0.014891192,-0.028759386,-0.033626076
/home/datasets/train/horse/01_079.png,1,0.0066186786,-0.012658077,0.050672848,0.00041062618,0.04413656,0.04617504
/home/datasets/train/horse/01_095.png,1,-0.017399289,-0.03892627,0.046438392,-0.0014595113,0.016737767,0.01536368
/home/datasets/train/horse/01_029.png,1,0.00031250715,-0.008458449,0.049168486,-0.016511139,0.040026225,0.064365685
/home/datasets/train/horse/horse48-4.png,1,0.0022607176,-0.024094751,0.053899147,-0.029357512,0.03249114,0.033025563
/home/datasets/train/horse/horse25-0.png,1,-0.0100847185,-0.041803956,0.050587066,-0.033425413,0.001848951,-0.0017080447
/home/datasets/train/horse/07_093.png,1,-0.005327898,-0.0024008965,0.03345785,-0.0012572398,0.014868306,0.031461775
/home/datasets/train/horse/horse02-4.png,1,0.0065201744,-0.028167337,0.03370657,-0.042918496,-0.018485786,-0.0034898191
/home/datasets/train/horse/01_062.png,1,-0.030270187,-0.0033470634,0.050101887,-0.03791538,0.011185918,0.018284243
/home/datasets/train/horse/horse09-8.png,1,-0.010213484,-0.03030063,0.05586279,-0.046875432,0.004804422,0.022767944
/home/datasets/train/horse/horse11-5.png,1,-0.0063716127,-0.035665013,0.06437169,-0.019138677,0.04710359,0.057366736
/home/datasets/train/horse/horse36-1.png,1,-0.005004537,-0.021759,0.051585037,-0.021218643,0.004655918,0.015102614
/home/datasets/train/horse/03_091.png,1,-0.0061868858,-0.00049735093,0.052206997,-0.019448062,0.04922478,0.05120424
/home/datasets/train/horse/horse39-8.png,1,-0.0040275073,-0.021287974,0.056338042,-0.006185092,0.02993101,0.030963015
/home/datasets/train/horse/07_106.png,1,-0.020284772,-0.036344312,0.035757985,-0.032551892,0.023391115,0.036926597
/home/datasets/train/horse/horse45-8.png,1,-0.0011687605,-0.0071241986,0.046535548,-0.037644062,0.007628368,0.02098292
/home/datasets/train/horse/07_037.png,1,-0.0029985649,0.018176619,0.031759694,-0.015545078,0.021879405,0.042472295
/home/datasets/train/horse/horse27-5.png,1,-0.0065833256,-0.026805356,0.0437822,-0.05346863,-0.0120202135,0.0026264396
/home/datasets/train/horse/horse05-9.png,1,-0.0030549956,-0.04384213,0.038158692,-0.027766291,7.511815e-05,0.008198427
/home/datasets/train/horse/horse49-7.png,1,0.010818655,-0.024733737,0.06511821,-0.0078067505,0.017550362,0.034293465
/home/datasets/train/horse/horse13-2.png,1,-0.0031331945,-0.0313063,0.04340869,-0.02181748,0.015708648,0.026794162
/home/datasets/train/horse/horse18-7.png,1,0.0001981603,0.0024145003,0.045322053,-0.025345195,0.022953596,0.028211376
/home/datasets/train/horse/horse02-5.png,1,-0.004184697,-0.023079319,0.033260174,-0.0001646562,-0.02034222,-0.010432391
/home/datasets/train/horse/01_066.png,1,-0.011632176,-0.04831467,0.02975433,-0.012628898,0.021473393,0.031713158
/home/datasets/train/horse/06_033.png,1,-0.010888981,-0.0039831996,0.03619555,-0.014718577,0.03557332,0.033111215
/home/datasets/train/horse/06_062.png,1,-2.915971e-05,-0.024243535,0.056903332,0.0046078246,0.025568414,0.024795242
/home/datasets/train/horse/05_037.png,1,0.023228902,0.009519172,0.045632865,0.0028995227,0.03956049,0.045251317
/home/datasets/train/horse/horse44-3.png,1,0.004606653,0.00018441817,0.054790165,-0.01381292,0.0403695,0.03421046
/home/datasets/train/horse/horse45-4.png,1,-0.014848105,-0.0011661113,0.055929404,-0.011936108,0.0027827155,-0.002353644
/home/datasets/train/horse/06_110.png,1,-0.010854799,-0.033571895,0.036526807,-0.006955784,0.011556428,0.0028748414
/home/datasets/train/horse/horse38-2.png,1,-0.014763203,0.013884056,0.07509215,-0.008398299,0.047549635,0.0525396
/home/datasets/train/horse/07_043.png,1,-0.007307523,-0.0106257405,0.053482316,-0.028385432,0.039673027,0.0375226
/home/datasets/train/horse/04_033.png,1,-0.017834373,-0.037219334,0.039355926,-0.0195687,0.01867368,0.025836207
/home/datasets/train/horse/03_077.png,1,0.0031025144,-0.025794527,0.048632924,-0.005646423,0.0125189535,0.021505954
/home/datasets/train/horse/03_058.png,1,0.00061924197,-0.025756536,0.051087495,-0.010001594,0.017396584,0.026572749
/home/datasets/train/horse/03_083.png,1,0.0049200426,-0.017293569,0.05080255,-0.000108492095,0.017449621,-0.0043726894
/home/datasets/train/horse/horse02-7.png,1,-0.019659465,-0.03546452,0.064319335,-0.043509226,-0.020455848,-0.008481998
/home/datasets/train/horse/35ea604665.jpg,1,0.019034345,0.017278051,0.035579056,0.0014630985,0.021784028,0.038374607
/home/datasets/train/horse/horse43-3.png,1,-0.014437858,-0.006106719,0.052916076,-0.009217521,0.02960257,0.03301102
/home/datasets/train/horse/07_099.png,1,0.0039012227,-0.021032916,0.031336352,0.0020824322,0.023473658,0.033509232
/home/datasets/train/horse/03_018.png,1,-0.0032276465,-0.0049016126,0.026061298,0.0028124098,0.011762775,0.024566501
/home/datasets/train/horse/horse43-9.png,1,-0.011510906,-0.02170725,0.043910682,-0.03678073,0.0039667827,0.022938592
/home/datasets/train/horse/horse32-8.png,1,-0.03138661,-0.018105065,0.04836028,-0.039379753,-0.040093213,-0.0420099
/home/datasets/train/horse/07_087.png,1,0.011944265,0.002573254,0.03470865,-0.0021341122,0.024434138,0.023864225
/home/datasets/train/horse/horse14-9.png,1,-0.024009705,-0.0019874307,0.06617139,0.006506203,0.038999528,0.043882526
/home/datasets/train/horse/01_008.png,1,-0.008592284,-0.010568979,0.049047846,-0.012580445,0.0373646,0.041291848
/home/datasets/train/horse/05_012.png,1,0.0060657435,0.0018945853,0.04643257,-0.017771054,0.013801597,0.030198887
/home/datasets/train/horse/horse20-1.png,1,0.0005461939,-0.028102864,0.044919476,-0.03333096,0.015689615,0.025335291
/home/datasets/train/horse/02_070.png,1,-0.008358711,-0.0010748743,0.046880774,-0.004206517,0.03182051,0.04805725
/home/datasets/train/horse/horse33-3.png,1,-0.01879549,-0.018881243,0.06522649,0.0037479773,0.026269276,0.028295808
/home/datasets/train/horse/horse07-3.png,1,-0.0010771877,-0.045627628,0.03704688,-0.01148903,0.022800423,0.022619177
/home/datasets/train/horse/01_101.png,1,-0.005694835,0.001146635,0.049176775,0.00061457185,0.03944193,0.04691634
/home/datasets/train/horse/04_004.png,1,-0.013800317,-0.018289587,0.038653612,-0.009763747,0.024733294,0.023727218
/home/datasets/train/horse/94a7815736.jpg,1,0.0038011484,-0.019479819,0.029091112,0.010853754,0.0069170687,-0.0022630468
/home/datasets/train/horse/05_002.png,1,-0.009664539,-0.0128620565,0.040018447,-0.0028770622,0.03671476,0.03508546
/home/datasets/train/horse/03_011.png,1,0.0016466705,-0.007752322,0.06407382,-0.01640194,0.03804665,0.044565618
/home/datasets/train/horse/05_020.png,1,0.004186107,-0.029078307,0.052390363,-0.02785755,0.008719198,0.011460389
/home/datasets/train/horse/01_077.png,1,-0.01830789,-0.030006528,0.049445093,-0.009252539,0.015485715,0.015663011
/home/datasets/train/horse/07_030.png,1,-0.008387099,-0.0063236775,0.041100204,-0.037404235,0.0070086373,0.021515746
/home/datasets/train/horse/horse33-8.png,1,0.0056723184,-0.0415811,0.058621332,0.0069335285,-0.028901037,-0.017614644
/home/datasets/train/horse/06_075.png,1,0.017408945,-0.023211068,0.019696614,-0.008359753,-0.0050015445,-0.005849455
/home/datasets/train/horse/12ff1822cc.jpg,1,0.0074532777,0.0059344266,0.055871062,0.016531168,0.04950739,0.054339357
/home/datasets/train/horse/06_003.png,1,-0.027641103,-0.006591537,0.050132994,-0.018128086,0.030115597,0.04143523
/home/datasets/train/horse/49b904bb7b.jpg,1,0.024805073,0.04780625,0.045686483,0.015458886,-0.00072955433,0.0258164
/home/datasets/train/horse/horse25-5.png,1,-0.010262137,-0.03616377,0.053781576,-0.033812154,-0.0097435955,0.018350251
/home/datasets/train/horse/05_010.png,1,0.012295428,-0.019184917,0.05335755,0.0051485277,0.028176136,0.029974803
/home/datasets/train/horse/horse18-8.png,1,-0.0002857782,-0.018507265,0.05050608,-0.023675155,-0.028124973,-0.008641722
/home/datasets/train/horse/03_016.png,1,-0.007641079,-0.026304211,0.03487894,-0.026349477,0.0034219893,0.0069798166
/home/datasets/train/horse/01_030.png,1,0.0133941285,-0.006534515,0.054031648,0.004092021,0.04537885,0.05961536
/home/datasets/train/horse/06_077.png,1,-0.0012449129,-0.015515873,0.027794214,-0.0008146856,0.013522811,0.02821503
/home/datasets/train/horse/horse01-5.png,1,0.011731144,-0.023635065,0.03299032,-0.024119664,-0.0031548878,0.004234208
/home/datasets/train/horse/horse20-7.png,1,0.008018584,-0.014390634,0.047345523,-0.04052051,0.031174988,0.04449645
/home/datasets/train/horse/04_030.png,1,-0.0049579386,-0.0077796774,0.040111437,-0.012846729,0.028585352,0.022341158
/home/datasets/train/horse/01_112.png,1,-0.004648349,-0.027473614,0.032971494,-0.026948052,0.016281456,0.02865189
/home/datasets/train/horse/horse46-1.png,1,-0.011848005,-0.011856464,0.04863181,-0.022835227,0.0017226655,0.015463229
/home/datasets/train/horse/horse13-4.png,1,-0.004387606,-0.039785076,0.04771962,-0.032133676,0.0029968945,0.01622796
/home/datasets/train/horse/04_032.png,1,-0.027752656,-0.002352245,0.049855612,-0.03929102,0.021031862,0.030150907
/home/datasets/train/horse/horse12-9.png,1,-0.009261448,-0.030241953,0.05306778,-0.024896536,-0.006749871,0.007577199
/home/datasets/train/horse/horse35-1.png,1,-0.002317938,-0.02783136,0.042436287,-0.015184433,0.021641854,0.03160932
/home/datasets/train/horse/05_040.png,1,-0.011734581,-0.0024401343,0.03628165,-0.008317528,0.034445368,0.043997273
/home/datasets/train/horse/horse39-3.png,1,-0.00862837,0.018294469,0.041524693,-0.015540821,0.035390202,0.04838088
/home/datasets/train/horse/01_011.png,1,-0.008356346,-0.018070824,0.030333282,-0.027122267,0.026429497,0.035075627
/home/datasets/train/horse/02_091.png,1,-0.01879437,-0.027764194,0.027175538,-0.039464608,0.0013929843,0.019664545
/home/datasets/train/horse/horse06-7.png,1,-0.023628244,-0.019717412,0.05923833,-0.024294386,0.017574336,0.03549813
/home/datasets/train/horse/horse31-3.png,1,-0.016746344,-0.0143004265,0.05360401,-0.018741887,0.0051277177,0.012338776
/home/datasets/train/horse/01_038.png,1,-0.020098906,-0.025285836,0.038447045,-0.03940265,0.024846248,0.024860714
/home/datasets/train/horse/horse09-3.png,1,-0.00038539106,-0.044397376,0.04177928,-0.021563774,-0.010229003,-0.015304604
/home/datasets/train/horse/horse11-0.png,1,-0.011866342,-0.02089395,0.042944852,-0.03032193,0.02400974,0.04447742
/home/datasets/train/horse/horse49-8.png,1,0.008454452,-0.025389314,0.053758077,-0.024795389,0.044388168,0.047435056
/home/datasets/train/horse/07_015.png,1,0.0045908177,-0.004812164,0.04266405,-0.030178513,0.030618956,0.03196767
/home/datasets/train/horse/horse02-3.png,1,-0.019291744,-0.041669577,0.034737,-0.042464912,0.0050075473,0.022717591
/home/datasets/train/horse/03_107.png,1,-0.0106086265,-0.03636576,0.049850702,0.0065101096,0.023233602,0.03393855
/home/datasets/train/horse/04_015.png,1,-0.00776257,-0.019063922,0.038585044,-0.006817024,0.027044201,0.041192666
/home/datasets/train/horse/07_085.png,1,-8.9248875e-05,-0.0112459585,0.038695328,-0.013920207,0.032084394,0.025103707
/home/datasets/train/horse/05_051.png,1,0.001277992,0.009484358,0.058417596,-0.01779799,0.017780565,0.028221685
/home/datasets/train/horse/03_039.png,1,-0.0074381595,-0.01707731,0.052154884,-0.024813686,0.034378488,0.035583086
/home/datasets/train/horse/horse04-2.png,1,-0.006392831,-0.037190214,0.04098112,-0.038914505,0.009870993,0.026993744
/home/datasets/train/horse/horse22-9.png,1,-0.0117314635,-0.02775598,0.050838634,-0.035836313,0.0003640675,0.009632748
/home/datasets/train/horse/horse12-1.png,1,-0.013346454,-0.011756692,0.062808946,-0.022534335,0.049158704,0.046047002
/home/datasets/train/horse/horse05-3.png,1,-0.011348804,-0.030574515,0.042839654,-0.046349846,-0.028589025,-0.016494233
/home/datasets/train/horse/horse03-8.png,1,-0.011196445,-0.037939236,0.04583285,-0.009532446,-0.018000165,-0.006401359
/home/datasets/train/horse/02_036.png,1,-0.014996659,-0.0075168363,0.05165761,-0.025057003,0.01815081,0.021893565
/home/datasets/train/horse/horse37-4.png,1,-0.014382173,-0.007913988,0.062852316,-0.009040487,0.019062988,0.004619723
/home/datasets/train/horse/06_064.png,1,-0.011823703,-0.03428361,0.03894131,-0.0012160614,0.016460093,0.022518557
/home/datasets/train/horse/horse19-3.png,1,-0.018413842,-0.038863108,0.04565991,-0.035012085,0.0007445519,0.00511196
/home/datasets/train/horse/9e582527a8.jpg,1,-0.0013319843,0.013936329,0.0638947,-0.0029227235,0.043775953,0.06084767
/home/datasets/train/horse/07_036.png,1,0.006646662,-0.05071009,0.03321957,-0.0060774875,-0.000936178,0.0153403105
/home/datasets/train/horse/06_009.png,1,-0.0039407313,-0.004983357,0.06071449,-0.0071151434,0.011867978,0.029473666
/home/datasets/train/horse/horse46-9.png,1,-0.010700434,-0.021434423,0.051795594,-0.020953055,0.026936503,0.036976762
/home/datasets/train/horse/2ee4211382.jpg,1,-0.002388314,-0.010609675,0.035790183,-0.0014452529,-0.019069709,0.013314022
/home/datasets/train/horse/horse32-9.png,1,-0.03393685,-0.0066993525,0.06804751,-0.037728198,-0.009446765,-0.020829227
/home/datasets/train/horse/03_026.png,1,-0.023882817,0.005950384,0.047830515,-0.032370128,0.0312751,0.031567067
/home/datasets/train/horse/03_044.png,1,-0.016195975,-0.028263643,0.03575953,-0.039758094,-0.019044684,-0.015065846
/home/datasets/train/horse/01_100.png,1,0.006416468,-0.012470612,0.031812437,-0.007104936,0.033205073,0.046296597
/home/datasets/train/horse/02_063.png,1,-0.0005011377,-0.025394734,0.059018828,-0.0070665223,0.048406143,0.05193599
/home/datasets/train/horse/horse42-5.png,1,-0.0031448933,0.0154331615,0.06450695,-0.017577022,0.043539874,0.046872444
/home/datasets/train/horse/06_013.png,1,0.009211908,-0.029948734,0.037170686,0.006446397,0.011017952,0.025419302
/home/datasets/train/horse/616a7424e4.jpg,1,-0.01804578,-0.015015342,0.011456854,-0.026877036,0.012702704,0.019295987
/home/datasets/train/horse/03_022.png,1,-0.01514114,-0.00038367813,0.025997983,0.0005551893,0.021110747,0.037938047
/home/datasets/train/horse/horse17-8.png,1,-0.01675643,-0.027486246,0.050930467,-0.03282257,-0.015296042,-0.0026742932
/home/datasets/train/horse/07_006.png,1,-0.018173847,-0.028942708,0.04710094,-0.03132278,0.0023456593,0.012648839
/home/datasets/train/horse/8c307b1226.jpg,1,-0.007005931,-0.026617356,0.030690111,-0.024004571,0.029549364,0.042878047
/home/datasets/train/horse/01_084.png,1,-0.0170153,-0.025563722,0.04059786,-0.03390214,0.043126024,0.06302898
/home/datasets/train/horse/01_122.png,1,-0.0091428915,-0.02113884,0.043348666,-0.020838879,0.017769504,0.018655406
/home/datasets/train/horse/06_049.png,1,-0.009081848,-0.018208515,0.044526976,0.00960179,-0.012413514,-0.0084205065
/home/datasets/train/horse/horse47-4.png,1,-0.006991003,0.025743771,0.067002736,-0.0068711936,0.05146603,0.058755286
/home/datasets/train/horse/horse05-4.png,1,-0.0125900265,-0.030401405,0.035300612,-0.045695238,-0.0040263804,-0.0014823182
/home/datasets/train/horse/horse18-6.png,1,-0.026614647,-0.042994656,0.050298598,-0.038458586,-0.0017017424,-0.00021272432
/home/datasets/train/horse/02_008.png,1,0.015542464,-0.016265295,0.044514887,0.020390786,0.0020446077,0.018017782
/home/datasets/train/horse/horse26-6.png,1,-0.00757842,-0.010846734,0.041093208,-0.027059568,0.018432414,0.018944055
/home/datasets/train/horse/horse49-0.png,1,-0.022054626,-0.04669716,0.03524261,-0.030733641,-0.020604862,-0.021862034
/home/datasets/train/horse/03_045.png,1,-0.0058527812,-0.0030655721,0.05348911,-0.012191506,0.017668983,0.028635345
/home/datasets/train/horse/07_054.png,1,0.014450705,-0.00953706,0.051538102,0.00018695183,0.015520073,0.0202985
/home/datasets/train/horse/72bd14e805.jpg,1,-0.00048678834,-0.025248224,0.042318802,-0.007270636,0.02697707,0.047770567
/home/datasets/train/horse/02_029.png,1,-0.013013449,0.005037551,0.056416467,-0.0006918693,0.052679658,0.06290757
/home/datasets/train/horse/03_068.png,1,-0.011870859,-0.004013752,0.044866025,-0.018321645,0.02323031,0.03668392
/home/datasets/train/horse/07_033.png,1,-0.0047514588,-0.0050946022,0.06497353,-0.02265694,0.02054314,0.028232805
/home/datasets/train/horse/06_104.png,1,0.016809799,-0.01670976,0.040381454,-0.0024070134,0.037146065,0.036069557
/home/datasets/train/horse/horse25-3.png,1,-0.00032860786,-0.021371778,0.05407411,-0.021224355,-0.007283213,0.0190177
/home/datasets/train/horse/07_013.png,1,-0.017882964,-0.032442894,0.022582058,-0.02633238,-0.011401722,0.004939434
/home/datasets/train/horse/06_113.png,1,-0.010756887,-0.020117378,0.032781433,-0.030963067,0.009102408,0.016492974
/home/datasets/train/horse/07_056.png,1,-0.00892638,-0.0043520927,0.04165253,-0.022521026,0.022112105,0.02690757
/home/datasets/train/horse/horse43-0.png,1,0.0030241436,-0.021486746,0.034983777,-0.015985418,0.029014766,0.033904906
/home/datasets/train/horse/07_003.png,1,-0.016276387,-0.010356108,0.03411127,-0.025891777,-0.0070403465,0.008476041
/home/datasets/train/horse/horse03-4.png,1,-0.017089244,-0.019090805,0.038378842,-0.043180473,0.023226332,0.040383957
/home/datasets/train/horse/horse47-5.png,1,0.0062087206,0.004660121,0.06915624,-0.017989647,0.07091009,0.053189337
/home/datasets/train/horse/horse23-9.png,1,-0.010982877,-0.030889386,0.045256514,-0.031353816,0.0035012206,0.005229071
/home/datasets/train/horse/03_074.png,1,-0.0068471287,-0.021927137,0.020768832,-0.020835828,0.007869771,0.012064512
/home/datasets/train/horse/horse31-5.png,1,-0.013557739,-0.0130356625,0.04864657,-0.04339134,0.036208943,0.042912997
/home/datasets/train/horse/horse18-4.png,1,0.00366006,-0.044092048,0.054046568,-0.031822838,-0.0014115116,0.009057302
/home/datasets/train/horse/03_076.png,1,-0.001905967,-0.016310252,0.04660801,-0.013549998,0.012997841,0.010887075
/home/datasets/train/horse/horse03-6.png,1,-0.012197465,-0.03500226,0.04723104,-0.026567204,0.004611542,0.009553244
/home/datasets/train/horse/horse16-3.png,1,-0.0031354865,-0.04290883,0.047622107,-0.025374943,-0.021167163,-0.007247231
/home/datasets/train/horse/horse11-9.png,1,0.004370729,-0.03353232,0.055838726,-0.008604512,0.005077351,0.021862525
/home/datasets/train/horse/03_033.png,1,0.0038094334,-0.0073739756,0.034782223,-0.029280692,0.015532635,0.020824205
/home/datasets/train/horse/03_056.png,1,0.017544024,-0.019053398,0.032141287,-0.006282073,0.022492994,0.02369895
/home/datasets/train/horse/02_103.png,1,0.011531247,-0.027817652,0.043440454,0.014042131,-0.0077799717,-0.0036533622
/home/datasets/train/horse/horse43-2.png,1,-0.014646583,-0.043785058,0.035445966,-0.023336597,-0.0058736866,0.005854598
/home/datasets/train/horse/03_004.png,1,-0.004726466,-0.016044755,0.052044064,-0.022724539,0.028942278,0.04455945
/home/datasets/train/horse/06_086.png,1,-0.0033891248,-0.011339672,0.04389974,-0.01327239,0.035964176,0.042146042
/home/datasets/train/horse/03_061.png,1,-0.0026066285,-0.01322323,0.04949691,-0.00015366124,0.04452297,0.048520777
/home/datasets/train/horse/horse48-3.png,1,0.0039752293,0.008324565,0.056895778,-0.03642956,0.0562051,0.04927096
/home/datasets/train/horse/horse45-0.png,1,0.0144806085,-0.031677023,0.035707153,-0.013795405,-0.016528523,-0.008948766
/home/datasets/train/horse/horse05-5.png,1,-0.011596824,-0.028414022,0.037572734,-0.036694773,-0.03912943,-0.054044835
/home/datasets/train/horse/horse25-1.png,1,-0.007744285,-0.025733028,0.05640007,-0.024356935,-0.01217732,-0.0011615199
/home/datasets/train/horse/horse41-6.png,1,-0.008070991,0.03300326,0.076297395,-0.0035954248,0.058145598,0.053793754
/home/datasets/train/horse/horse40-7.png,1,-0.0151267825,-0.037894443,0.032367025,-0.022972578,0.0070474227,0.011682685
/home/datasets/train/horse/02_044.png,1,0.0039486764,-0.032440286,0.051257983,0.010884326,0.031949043,0.04276128
/home/datasets/train/horse/07_112.png,1,-0.0118485745,0.011586965,0.037837848,-0.022001918,0.0062879454,0.004303786
/home/datasets/train/horse/01_113.png,1,-0.008066142,-0.019321585,0.037119064,-0.02202139,0.04220303,0.053531747
/home/datasets/train/horse/03_096.png,1,0.011168199,-0.007365218,0.047223926,-0.0036559296,0.06329562,0.060963623
/home/datasets/train/horse/06_096.png,1,-0.008667175,-0.021879975,0.03494849,-0.012273982,0.00074556726,0.0054485905
/home/datasets/train/horse/01_057.png,1,-0.008617517,-0.014220446,0.062322848,-0.010596155,0.06811376,0.06946184
/home/datasets/train/horse/07_017.png,1,-0.0036346428,-0.020011406,0.03281331,-0.0061659794,-0.009414197,-0.003059326
/home/datasets/train/horse/04_014.png,1,-0.0016455823,-0.030298198,0.05630413,-0.017950788,0.011208743,0.0017242148
/home/datasets/train/horse/05_046.png,1,-0.006153942,-0.0072752275,0.050901793,-0.012973942,0.0038133769,0.010539579
/home/datasets/train/horse/horse18-5.png,1,-0.005186996,-0.02450778,0.043494247,-0.037233338,-0.046161335,-0.044258483
/home/datasets/train/horse/85c38fc8e1.jpg,1,0.0022480704,0.009938664,0.067778915,0.0046507036,0.0030348783,0.01347531
/home/datasets/train/horse/02_007.png,1,0.019491032,0.005566436,0.06079726,-0.0062654344,0.04098396,0.05105929
/home/datasets/train/horse/horse34-3.png,1,-0.03009392,-0.012224511,0.05660488,-0.03974659,0.017908068,0.033342145
/home/datasets/train/horse/horse34-5.png,1,0.013799328,-0.018787768,0.039437585,-0.02637553,0.002809626,0.021679744
/home/datasets/train/horse/02_059.png,1,0.014217591,-0.016767718,0.05018196,0.00380091,0.05614645,0.060445413
/home/datasets/train/horse/horse30-4.png,1,0.008932332,-0.033931747,0.049022056,-0.013243658,-0.0071359533,-0.00064709946
/home/datasets/train/horse/06_016.png,1,-0.00044198148,-0.015556798,0.035462193,-0.018092046,0.027277403,0.044082385
/home/datasets/train/horse/02_052.png,1,-0.015603994,-0.006349895,0.040018283,-0.018796409,0.038041085,0.03736621
/home/datasets/train/horse/02_092.png,1,-0.00042125164,0.009895682,0.05754363,0.012197442,0.01286851,0.013709146
/home/datasets/train/horse/07_011.png,1,-0.014510127,-0.015487627,0.04737374,-0.0374487,-0.00048487866,0.00868916
/home/datasets/train/horse/07_020.png,1,-0.012847031,-0.021029476,0.029611355,-0.034200937,0.010344639,0.022984847
/home/datasets/train/horse/02_042.png,1,0.0068522263,-0.02423778,0.06878388,-0.009253155,0.01587279,0.012043794
/home/datasets/train/horse/06_041.png,1,-0.011695446,-0.023714295,0.04194792,-0.025101587,0.04482326,0.056105457
/home/datasets/train/horse/06_053.png,1,-0.0072301812,-0.0076672453,0.04984019,0.0037290074,0.03915141,0.04435671
/home/datasets/train/horse/02_094.png,1,0.00308445,-0.010958828,0.045161735,0.024686918,0.023127684,0.044261843
/home/datasets/train/horse/horse38-7.png,1,0.007662695,-0.011167659,0.06592929,0.0069007357,0.03592968,0.04237088
/home/datasets/train/horse/07_048.png,1,-0.007503039,-0.019461531,0.031565692,-0.026827995,0.033030644,0.04356185
/home/datasets/train/horse/07_041.png,1,-0.009345774,-0.036536466,0.035790775,-0.025851421,0.0062857936,0.021603871
/home/datasets/train/horse/horse04-7.png,1,-0.0052831406,-0.031545542,0.044378616,-0.03622311,0.0039105774,0.013304463
/home/datasets/train/horse/05_025.png,1,-0.0086701475,-0.029852793,0.030807452,-0.027215376,0.028130062,0.027893066
/home/datasets/train/horse/horse47-9.png,1,-0.009186988,-0.02816746,0.04713719,-0.027375411,0.0017789789,0.01959866
/home/datasets/train/horse/horse48-2.png,1,0.0020620744,0.0014397365,0.04739804,-0.021526814,0.029169824,0.04264148
/home/datasets/train/horse/horse50-2.png,1,-0.014701726,-0.04926657,0.037511975,-0.02269407,-0.018085819,-0.0032059164
/home/datasets/train/horse/05_038.png,1,0.016736846,-0.021703474,0.029765047,0.014582664,0.005927941,0.018106027
/home/datasets/train/horse/07_109.png,1,-0.008706075,-0.010862879,0.061090283,-0.0014358738,0.049932566,0.049757697
/home/datasets/train/horse/07_061.png,1,-0.0105313435,-0.020971784,0.042090096,-0.0110458555,0.027813125,0.036094047
/home/datasets/train/horse/07_009.png,1,-0.0042064297,-0.024171598,0.046306863,-0.01747513,0.03747979,0.039236315
/home/datasets/train/horse/04e3436924.jpg,1,0.00662616,-0.026446529,0.049436662,0.013854391,0.025483925,0.036661953
/home/datasets/train/horse/02_046.png,1,0.013786266,0.0020507593,0.055758663,0.010422101,0.03417319,0.033151552
/home/datasets/train/horse/horse45-6.png,1,-0.006367461,-0.010098855,0.051670156,-0.029586937,0.03236698,0.033346906
/home/datasets/train/horse/horse35-6.png,1,-0.01919159,-0.00041109975,0.04958634,-0.009151688,0.038606398,0.042644598
/home/datasets/train/horse/05_029.png,1,0.00015649386,-0.0067287134,0.05798207,-0.01704367,0.045311555,0.05572385
/home/datasets/train/horse/04_007.png,1,-0.0074321693,0.0004123021,0.06536767,-0.0082531795,0.018178428,0.021354591
/home/datasets/train/horse/84e0c0bd9b.jpg,1,-0.03382255,-0.033786908,0.05603797,-0.02344539,0.020420726,0.03265657
/home/datasets/train/horse/horse26-8.png,1,-0.012617433,-0.017664118,0.05890758,-0.029702798,0.009378435,0.02128923
/home/datasets/train/horse/horse45-5.png,1,0.0061161695,-0.016558671,0.053168245,-0.02840292,0.02868054,0.02276966
/home/datasets/train/horse/07_022.png,1,-0.01061709,-0.011545701,0.045293346,-0.039056126,-0.020653127,-0.011181832
/home/datasets/train/horse/03_065.png,1,0.001698494,-0.014104428,0.032701448,0.0052818605,0.054128923,0.041588083
/home/datasets/train/horse/horse30-2.png,1,-0.0077356976,-0.013146741,0.0522758,-0.017055161,0.020581812,0.026448933
/home/datasets/train/horse/horse35-8.png,1,-0.026341457,0.0046452377,0.046766225,-0.016847037,0.014658503,0.023798782
/home/datasets/train/horse/06_015.png,1,-0.0057424493,-0.022856332,0.054865688,-0.013465764,0.0064652753,0.0067169135
/home/datasets/train/horse/05_011.png,1,-0.011903301,-0.019538792,0.051176254,0.001982172,0.02234733,0.029375026
/home/datasets/train/horse/horse07-2.png,1,-0.012859038,-0.0115062315,0.04139131,-0.02227667,0.04640233,0.049591877
/home/datasets/train/horse/06_112.png,1,0.02990779,-0.012022883,0.051611166,0.014193676,0.060412515,0.05015587
/home/datasets/train/horse/01_028.png,1,-0.01129085,-0.013868591,0.051551085,-0.0016370551,0.037540365,0.039802
/home/datasets/train/horse/horse24-0.png,1,-0.01244483,-0.040280692,0.03764916,-0.054484427,-0.0023053326,0.020617869
/home/datasets/train/horse/horse04-3.png,1,-0.01229145,-0.028022751,0.045717694,-0.0379825,-0.034414366,-0.022477563
/home/datasets/train/horse/08c260b0b4.jpg,1,-0.0002198983,-0.03056972,0.023800354,0.005414148,0.018941384,0.02038156
/home/datasets/train/horse/07_018.png,1,-0.013675058,-0.010410779,0.03919119,-0.042192496,0.019380637,0.01684701
/home/datasets/train/horse/02_085.png,1,0.0009352497,-0.018490702,0.049188524,-0.014318272,-0.006953886,-0.01063141
/home/datasets/train/horse/horse29-4.png,1,0.011214692,-0.00714965,0.04846483,-0.012677634,-0.01641516,-0.007448004
/home/datasets/train/horse/horse46-2.png,1,0.0051221866,-0.018298652,0.049952034,-0.01595912,0.003176549,0.018994141
/home/datasets/train/horse/03_038.png,1,-0.006940745,-0.038511842,0.060171388,-0.01087047,0.0075230687,0.013546117
/home/datasets/train/horse/01_023.png,1,-0.0058851195,-0.036374237,0.04418067,-0.017974202,0.034495898,0.043167904
/home/datasets/train/horse/03_101.png,1,-0.010848281,-0.0030368664,0.051562533,-0.035559632,0.021357393,0.02748972
/home/datasets/train/horse/22e62e88ac.jpg,1,0.017393824,-0.006591008,0.049601097,-0.017300652,0.0036358382,0.018218633
/home/datasets/train/horse/02_102.png,1,0.0019229557,-0.016064672,0.054942153,-0.026919309,-0.0003988729,0.019032126
/home/datasets/train/horse/04_011.png,1,-0.009569727,-0.030336315,0.026630437,-0.019685205,0.02642623,0.043468058
/home/datasets/train/horse/horse21-4.png,1,-0.010605932,-0.02900077,0.041119393,-0.04403512,-0.007415687,-0.00085017434
/home/datasets/train/horse/01_055.png,1,0.0083689485,-0.023505226,0.055947628,-0.0036140042,0.031255163,0.032548465
/home/datasets/train/horse/horse03-1.png,1,0.0018536956,-0.030881811,0.046686582,-0.04449995,0.035603918,0.03585165
/home/datasets/train/horse/horse15-1.png,1,-0.0036743614,-0.029395789,0.04688053,-0.0258457,0.019778948,0.03607078
/home/datasets/train/horse/05_033.png,1,-0.015034593,0.0018886072,0.04991848,-0.012044214,0.017101854,0.025852159
/home/datasets/train/horse/01_061.png,1,-0.007376934,-0.029035177,0.041486315,-0.03486328,0.014393745,0.023668416
/home/datasets/train/horse/07_052.png,1,-0.0070088604,0.0017757525,0.054610137,-0.0069538862,0.021147272,0.04037384
/home/datasets/train/horse/77d7506ce4.jpg,1,-0.0011817054,-0.014003508,0.050035767,-0.029527329,0.04550275,0.05174669
/home/datasets/train/horse/horse14-1.png,1,-0.004216048,-0.04546396,0.048654772,-0.012037549,0.0006953124,0.023203086
/home/datasets/train/horse/horse50-0.png,1,-0.025833812,-0.014106074,0.03836881,-0.022968143,0.0052017896,0.018128725
/home/datasets/train/horse/06_042.png,1,-0.008608216,-0.023805015,0.050735183,-0.008622499,0.041110896,0.056503728
/home/datasets/train/horse/01_002.png,1,-0.0196499,-0.020884927,0.053430807,-0.06423985,0.033453368,0.03687063
/home/datasets/train/horse/horse15-8.png,1,-0.008802495,-0.0064271186,0.053658485,-0.020300305,-0.0032367874,0.016432043
/home/datasets/train/horse/03_057.png,1,-0.011332955,-0.017177936,0.05253844,-0.004989405,0.029995529,0.02850431
/home/datasets/train/horse/06_121.png,1,-0.009467355,-0.015439229,0.06046102,-0.009181835,0.01842003,0.020749167
/home/datasets/train/horse/horse11-4.png,1,-0.022747336,-0.04460769,0.04816684,-0.032592632,-0.015122477,-0.0053566806
/home/datasets/train/horse/horse27-9.png,1,-0.012473817,-0.007770284,0.06556453,-0.029310308,0.023755759,0.026080824
/home/datasets/train/horse/72c7b5ca0b.jpg,1,-0.011042982,0.026911143,0.06864833,-0.004419442,0.05359956,0.0662228
/home/datasets/train/horse/horse06-3.png,1,-0.014306093,-0.017536929,0.03734456,-0.03171451,0.006415917,0.012547036
/home/datasets/train/horse/06_102.png,1,0.0130318785,-0.035866193,0.040649742,-0.001019184,0.026959812,0.02845573
/home/datasets/train/horse/06_039.png,1,-0.010486606,-0.013511538,0.05159684,-0.017123403,0.039513953,0.054006666
/home/datasets/train/horse/horse04-1.png,1,-0.017607506,-0.0067595523,0.05414677,-0.040769074,0.019234437,0.033937983
/home/datasets/train/horse/06_107.png,1,0.005030619,-0.009567368,0.028103441,-0.0014825538,0.011064168,0.021017445
/home/datasets/train/horse/horse33-4.png,1,-0.004916715,-0.048819877,0.052025054,0.0031882157,-0.025409134,-0.022388382
/home/datasets/train/horse/04_001.png,1,-0.008703716,-0.004695802,0.037201528,-0.03880798,0.0061562723,0.017735122
/home/datasets/train/horse/01_018.png,1,-0.0132235205,-0.008945941,0.049658313,-0.020323355,0.05557301,0.058881223
/home/datasets/train/horse/02_062.png,1,-0.005918525,-0.008891378,0.051740512,-0.00014503347,0.0198295,0.030960768
/home/datasets/train/horse/horse14-0.png,1,-0.004108845,-0.021074353,0.051494528,-0.018203575,0.02097619,0.029402226
/home/datasets/train/horse/horse46-5.png,1,-0.008665023,-0.018955603,0.058226053,0.0017207789,0.048746794,0.053590126
/home/datasets/train/horse/03_032.png,1,-0.007036277,-0.005435901,0.05329822,-0.005135642,0.0035921484,0.021313239
/home/datasets/train/horse/horse28-8.png,1,-0.0024802778,-0.034892477,0.047218613,-0.025488809,-0.01633738,0.0064360774
/home/datasets/train/horse/06_092.png,1,-0.0061681313,-0.04164043,0.021772008,-0.026669363,0.01944326,0.025162442
/home/datasets/train/horse/horse01-4.png,1,0.005387429,-0.030372424,0.035676368,-0.03607495,-0.010917666,0.0009421306
/home/datasets/train/horse/horse21-3.png,1,-0.029106185,-0.013627805,0.039757043,-0.040922597,0.042967737,0.048874803
/home/datasets/train/horse/horse06-6.png,1,-0.018320777,-0.020621762,0.047982305,-0.028190754,-0.0144369425,-0.0031776747
/home/datasets/train/horse/01_071.png,1,0.009993618,-0.028860511,0.047779776,-0.0063141366,0.029719427,0.022529762
/home/datasets/train/horse/horse32-6.png,1,-0.017417807,-0.014674282,0.056561645,-0.018829692,-0.014613282,-0.021238456
/home/datasets/train/horse/horse16-0.png,1,-0.002469332,-0.009951546,0.060961902,-0.039462864,0.01211184,0.03478552
/home/datasets/train/horse/04_034.png,1,-0.0017030658,-0.013597282,0.04649079,0.0007018375,0.009979745,0.011055764
/home/datasets/train/horse/07_071.png,1,0.004328749,-0.040132508,0.03370418,-0.036241196,-0.015411504,-0.0020307116
/home/datasets/train/horse/03_009.png,1,-0.016435986,-0.021692524,0.046429858,-0.019078903,-0.019973088,-0.009317439
/home/datasets/train/horse/01_096.png,1,-0.01311525,-0.017448021,0.04253234,-0.0070892572,0.008868065,0.0104944585
/home/datasets/train/horse/horse06-4.png,1,-0.01738037,-0.033841528,0.0452978,-0.04291312,0.029704206,0.03696181
/home/datasets/train/horse/06_118.png,1,0.0046380004,0.002745551,0.037465237,0.0091293845,0.011307478,0.024414426
/home/datasets/train/horse/05_019.png,1,-0.009890891,-0.030757802,0.040193506,0.0067488067,0.023811195,0.026240531
/home/datasets/train/horse/03_078.png,1,0.009906175,-0.009407213,0.045990884,0.006673416,0.018932099,0.01678573
/home/datasets/train/horse/03_094.png,1,-0.0039040095,-0.028706416,0.045192916,-0.027502857,0.0064709308,0.014543101
/home/datasets/train/horse/02_057.png,1,-0.0006935019,-0.0032871412,0.05053642,-0.008999743,0.036840566,0.045099217
/home/datasets/train/horse/06_040.png,1,-0.0014144899,-0.031695187,0.030455723,-0.014035668,-0.003761103,0.0069575887
/home/datasets/train/horse/03_020.png,1,-0.016307151,-0.014849383,0.03313049,-0.013167391,0.0238752,0.03446379
/home/datasets/train/horse/07_027.png,1,-0.010690121,-0.048615627,0.022146324,-0.027266018,-0.029353395,-0.0141935535
/home/datasets/train/horse/07_084.png,1,-0.009233536,-0.025408423,0.03667559,0.015473809,0.03118596,0.04206279
/home/datasets/train/horse/07_103.png,1,0.008381064,-0.022306295,0.05294822,0.010125819,0.015672114,0.014053006
/home/datasets/train/horse/02_023.png,1,-0.013749451,0.0054729246,0.06503017,-0.0038881027,0.03801743,0.045087524
/home/datasets/train/horse/horse25-8.png,1,0.004392503,0.0039313124,0.065080956,-0.029978808,-0.013632685,0.0024512964
/home/datasets/train/horse/06_020.png,1,0.0037768595,-0.033357065,0.035715472,0.0027537525,0.0322199,0.043625914
/home/datasets/train/horse/2c68ed34b1.jpg,1,-0.0051285066,-0.021544227,0.034846164,-0.00914829,0.014720584,0.031282905
/home/datasets/train/horse/04_016.png,1,0.017858664,0.004399091,0.050445795,0.010016413,0.032679673,0.035178464
/home/datasets/train/horse/horse39-9.png,1,-0.016182847,-0.015421528,0.057364926,-0.03646449,0.035848074,0.05607167
/home/datasets/train/horse/horse14-4.png,1,-0.0007375125,-0.042052712,0.045228135,-0.015641352,0.015688656,0.031151714
/home/datasets/train/horse/01_003.png,1,-0.013422319,-0.03265142,0.035224155,-0.017987741,0.030766869,0.049623046
/home/datasets/train/horse/07_086.png,1,-0.006415235,-0.024781244,0.038001053,-0.034083184,-0.02311727,0.00023360131
/home/datasets/train/horse/03_086.png,1,-0.0015112362,-0.010048196,0.045319133,-0.030540643,0.032430746,0.040020365
/home/datasets/train/horse/horse25-6.png,1,0.0024316153,-0.034876168,0.053710796,-0.015687147,0.0064452924,0.0070415577
/home/datasets/train/horse/07_025.png,1,-0.016782776,-0.020305285,0.054493036,-0.017888779,0.0007775575,0.0037266526
/home/datasets/train/horse/horse05-7.png,1,-0.008422728,-0.026645197,0.042205777,-0.033024136,-0.02644136,-0.012969863
/home/datasets/train/horse/horse34-4.png,1,0.0067231944,-0.00449209,0.054900557,-0.013808951,-0.033763334,-0.019655364
/home/datasets/train/horse/horse39-0.png,1,-0.01910197,-0.009334123,0.052646328,-0.028842878,0.010128746,0.0117770275
/home/datasets/train/horse/03_010.png,1,0.0069258497,-0.026361395,0.04948182,-0.0052131573,0.032875847,0.036235407
/home/datasets/train/horse/03_067.png,1,0.009339578,-0.023492048,0.04016852,-0.021671303,-0.03744967,-0.038843274
/home/datasets/train/horse/04_022.png,1,0.008786807,0.021586927,0.06489651,-0.0056675663,0.03812523,0.043087177
/home/datasets/train/horse/02_086.png,1,0.001119569,-0.026639767,0.04305415,-0.0031600224,0.020236772,0.03005603
/home/datasets/train/horse/8c9f6aadda.jpg,1,0.0025261007,0.012382188,0.03212719,-0.02108975,0.04320032,0.059550874
/home/datasets/train/horse/03_007.png,1,0.00018008426,-0.018999204,0.04850792,-0.005774928,0.041346252,0.059613075
/home/datasets/train/horse/horse28-3.png,1,-0.00032387162,0.0051880153,0.05557924,-0.014886919,0.026897192,0.030741632
/home/datasets/train/horse/horse29-1.png,1,0.00397848,-0.02082993,0.049583666,-0.0018029399,-0.0017005401,-0.007024491
/home/datasets/train/horse/07_050.png,1,-0.009823741,-0.04049912,0.047814697,-0.051633514,0.036042523,0.054733627
/home/datasets/train/horse/04_028.png,1,0.010675237,0.0013441024,0.048131604,-0.0019406495,0.001572977,0.001274074
/home/datasets/train/horse/01_035.png,1,-0.0030134502,0.007551551,0.050458573,-0.013331426,0.046410292,0.05142612
/home/datasets/train/horse/horse27-2.png,1,-0.008885853,-0.02699026,0.049165662,-0.013589829,0.0021310798,-0.00093606627
/home/datasets/train/horse/horse13-1.png,1,0.006670526,-0.020566273,0.061134826,-0.026126388,0.012513945,0.032758445
/home/datasets/train/horse/02_054.png,1,0.0052133296,0.016105719,0.042096205,0.014545741,0.01410464,0.03210859
/home/datasets/train/horse/horse31-1.png,1,-0.01881075,-0.018399684,0.05251363,-0.034471296,0.02516324,0.030478518
/home/datasets/train/horse/horse07-6.png,1,0.011623568,0.015056845,0.059345737,-0.021738742,0.035690237,0.06255275
/home/datasets/train/horse/01_102.png,1,-0.004757693,-0.018251475,0.046982642,-0.020060629,0.0064694504,0.014548987
/home/datasets/train/horse/06_072.png,1,-0.00085428497,-0.022647204,0.05161885,-0.014642905,0.023057412,0.03707038
/home/datasets/train/horse/horse08-9.png,1,-0.0056723133,-0.01834314,0.053027146,-0.011575861,0.019723402,0.026713103
/home/datasets/train/horse/horse40-5.png,1,0.004898755,0.010561276,0.07232935,-0.013978967,0.07594822,0.05079721
/home/datasets/train/horse/horse21-6.png,1,-0.0064352257,-0.03576529,0.045428615,-0.024657056,0.030483462,0.045410298
/home/datasets/train/horse/horse35-5.png,1,-0.006601003,-0.00834851,0.06420683,-0.021216627,0.02959663,0.036788795
/home/datasets/train/horse/01_088.png,1,-0.008729246,-0.023125887,0.037580024,-0.0024525896,0.016866077,0.02871568
/home/datasets/train/horse/2e1937ab5b.jpg,1,-0.013446283,-0.029567897,0.028911522,-0.021724237,0.012392215,0.019518286
/home/datasets/train/horse/03_029.png,1,0.007930903,-0.015949722,0.05882481,-0.014536144,0.012680145,0.021327041
/home/datasets/train/horse/06_026.png,1,0.008104859,-0.014519505,0.04556161,-0.004282714,0.020700375,0.026581563
/home/datasets/train/horse/horse32-4.png,1,0.0029221922,-0.022682937,0.050801896,-0.019519508,-0.0038238717,-0.0023115564
/home/datasets/train/horse/01_091.png,1,0.00981258,-0.031570673,0.026829923,-0.023769274,0.016398834,0.01880341
/home/datasets/train/horse/04_037.png,1,-0.002853009,-0.009366798,0.046456307,-0.0049848007,0.028544385,0.03512915
/home/datasets/train/horse/horse29-8.png,1,-0.006455798,-0.033679128,0.05796387,-0.026240658,-0.03479707,-0.029750811
/home/datasets/train/horse/04_006.png,1,-0.0056784777,-0.014397244,0.04399827,-0.01438011,0.03467571,0.050070696
/home/datasets/train/horse/07_047.png,1,0.0066578994,-0.020817632,0.042762637,0.000516613,0.0176131,0.01765988
/home/datasets/train/horse/05_045.png,1,0.021779422,-0.012675388,0.047316182,-0.0027780076,0.035922952,0.040094327
/home/datasets/train/horse/horse37-8.png,1,-0.025847543,-0.02970778,0.04877978,-0.009517031,0.02779479,0.031180505
/home/datasets/train/horse/horse29-5.png,1,-0.011682566,-0.027152319,0.041730814,-0.028340952,0.018964767,0.02521341
/home/datasets/train/horse/05_052.png,1,0.03218884,0.024928674,0.04738313,0.010776551,0.03591632,0.054189503
/home/datasets/train/horse/0cb5f18d0b.jpg,1,-0.0035203814,-0.0031948788,0.048290312,0.0061455583,0.03418382,0.038853332
/home/datasets/train/horse/04_021.png,1,0.01465109,0.0042788815,0.054050036,0.0007108394,0.023680963,0.018966166
/home/datasets/train/horse/03_040.png,1,0.0007930682,-0.01722547,0.055419143,-0.021884749,0.042412378,0.05132547
/home/datasets/train/horse/01_094.png,1,-0.006548867,-0.038922668,0.040309384,-0.016332868,0.020442937,0.02922349
/home/datasets/train/horse/06_006.png,1,-0.00031613745,-0.026978735,0.03566865,0.007937196,0.017259799,0.03076467
/home/datasets/train/horse/07_096.png,1,-0.0010472895,-0.029356591,0.033231266,-0.0063022934,0.04289082,0.048262388
/home/datasets/train/horse/horse09-5.png,1,-0.008024173,-0.025853094,0.055414878,-0.025126137,0.011911104,0.018775765
/home/datasets/train/horse/horse37-7.png,1,-0.021007234,-0.011783211,0.048431456,-0.0035504256,0.010753524,0.006634704
/home/datasets/train/horse/02_032.png,1,-0.0049862447,0.00013804599,0.062116273,-0.0055334405,0.040431105,0.04068421
/home/datasets/train/horse/horse04-9.png,1,-0.0026336587,-0.025481833,0.037774455,-0.03266149,0.035938643,0.036258496
/home/datasets/train/horse/horse06-5.png,1,0.0066689346,-0.021669026,0.0601955,-0.028874695,-0.003718784,-0.002775865
/home/datasets/train/horse/horse44-7.png,1,-0.0062493803,-0.02260118,0.054614674,-0.016373726,0.020170655,0.018956834
/home/datasets/train/horse/horse41-7.png,1,-0.0028861798,0.0074291797,0.045817226,0.010117533,0.018492412,0.03417315
/home/datasets/train/horse/horse44-0.png,1,0.013128861,-0.03192787,0.03953106,-0.0064654322,0.030837942,0.03794895
/home/datasets/train/horse/horse38-3.png,1,-0.005880328,-0.0004578852,0.041982047,-0.017992098,0.041057736,0.051503755
/home/datasets/train/horse/horse49-1.png,1,-0.019394297,-0.027078591,0.04153242,-0.017310679,0.013653168,0.02076797
/home/datasets/train/horse/horse29-2.png,1,-0.010816702,-0.03123577,0.055984974,-0.0065196175,0.0068174032,0.011361767
/home/datasets/train/horse/03_005.png,1,-0.01145513,-0.021403424,0.05299077,0.0046252953,0.03334573,0.032676224
/home/datasets/train/horse/horse28-9.png,1,0.0025379364,-0.0148829855,0.056451928,-0.010980269,0.005501932,0.011041199
/home/datasets/train/horse/07_062.png,1,-0.015160484,-0.016249806,0.03131877,-0.019363888,0.022572478,0.023795806
/home/datasets/train/horse/02_058.png,1,0.013834548,0.0045275744,0.034375902,0.025599403,0.02490103,0.027554663
/home/datasets/train/horse/02_068.png,1,-0.0031272364,-0.020184088,0.050961446,-0.023104478,0.009253303,0.014704417
/home/datasets/train/horse/horse42-0.png,1,0.0013595652,-0.018403728,0.041505586,-0.024998251,0.007962851,0.022217758
/home/datasets/train/horse/02_025.png,1,0.009974623,-0.0013058358,0.038666192,-0.0051661693,0.029634118,0.040958017
/home/datasets/train/horse/02_049.png,1,0.0154961385,-0.0042021004,0.05082844,0.0007079977,0.02724583,0.04524803
/home/datasets/train/horse/4b645b5ff4.jpg,1,0.004115207,0.017049091,0.06255369,-0.011126237,0.01985436,0.017618004
/home/datasets/train/horse/horse12-0.png,1,-0.0153017035,-0.039336376,0.04043774,-0.011559091,0.019169606,0.026581641
/home/datasets/train/horse/02_104.png,1,-0.009826271,-0.025846599,0.05283956,-0.0047842152,0.023542065,0.028669776
/home/datasets/train/horse/horse26-2.png,1,0.0051124063,-0.0200532,0.05716262,-0.021465793,0.014162783,0.021479903
/home/datasets/train/horse/72fab2ffef.jpg,1,-0.018847117,0.010244997,0.054883935,-0.01112378,-0.021834925,-0.0034503532
/home/datasets/train/horse/05_008.png,1,-0.022382144,-0.023586992,0.04445876,-0.033782203,0.023700714,0.030893035
/home/datasets/train/horse/horse10-5.png,1,-0.018435638,-0.014005054,0.05925038,-0.022375304,0.049369052,0.05743757
/home/datasets/train/horse/02_027.png,1,-0.0025149519,-0.009503192,0.050387673,-0.0030167531,0.028306607,0.04378607
/home/datasets/train/horse/horse25-7.png,1,-0.020205673,-0.024823919,0.06369831,-0.052215192,-0.0011626864,0.0075282007
/home/datasets/train/horse/horse14-3.png,1,0.005027863,-0.038243666,0.049876958,-0.02551407,0.0010564197,0.011021404
/home/datasets/train/horse/horse44-6.png,1,0.007370253,-0.016604172,0.053733535,0.00040392345,0.045170143,0.04703414
/home/datasets/train/horse/01_052.png,1,0.008116939,-0.008851956,0.046480283,0.003998814,0.030468393,0.048750028
/home/datasets/train/horse/horse08-7.png,1,-0.014422088,-0.019617282,0.05594121,-0.016186405,0.016880227,0.020493364
/home/datasets/train/horse/07_120.png,1,-0.008868275,-0.026086573,0.03889448,-0.032842584,0.00046925712,0.0030076136
/home/datasets/train/horse/horse38-4.png,1,-0.00096301734,0.02544092,0.08169764,-0.0063921507,0.045671385,0.03667155
/home/datasets/train/horse/06_065.png,1,-0.008613874,-0.0236908,0.051874895,-0.020954568,0.036779683,0.05241123
/home/datasets/train/horse/horse27-7.png,1,-0.023026157,-0.023555528,0.041711587,-0.03305243,0.003070335,0.0039641764
/home/datasets/train/horse/horse47-0.png,1,0.0019456232,-0.011127238,0.045322724,-0.026720654,0.02130019,0.029074667
/home/datasets/train/horse/06_036.png,1,-0.021671796,-0.0272366,0.03384819,-0.049095377,0.01326797,0.013805097
/home/datasets/train/horse/06_044.png,1,-0.016849516,-0.011436241,0.047730416,-0.021736361,0.027732797,0.03649003
/home/datasets/train/horse/horse04-8.png,1,-0.019116847,-0.008685381,0.047216833,-0.042849727,-0.008854524,0.009597826
/home/datasets/train/horse/horse33-5.png,1,0.012241221,-0.051390354,0.042852998,-0.014081225,-0.025860013,-0.002552
/home/datasets/train/horse/05_007.png,1,-0.0030803448,-0.019440506,0.040769197,-0.014283632,-0.004299274,0.010969041
/home/datasets/train/horse/01_074.png,1,-0.0075245625,-0.0011532041,0.05859462,-0.0040518274,0.024627872,0.026945215
/home/datasets/train/horse/06_079.png,1,0.0002660416,-0.024781894,0.04984233,-0.010186804,0.01677483,0.029425373
/home/datasets/train/horse/04_009.png,1,-0.015564371,-0.019911774,0.052732654,-0.020194948,0.016849898,0.02560001
/home/datasets/train/horse/04_036.png,1,0.0026847047,0.06584622,0.07652879,-0.033174876,0.024705142,0.03341001
/home/datasets/train/horse/horse28-5.png,1,0.0022421423,-0.0144487675,0.049406383,-0.02667435,-0.005630354,-0.005273345
/home/datasets/train/horse/horse08-8.png,1,-0.008575884,-0.033846725,0.054166958,-0.041274153,0.009100206,0.022528294
/home/datasets/train/horse/06_090.png,1,0.004243549,-0.019787103,0.04175978,-0.022243688,0.03534111,0.04324846
/home/datasets/train/horse/01_065.png,1,-0.025691813,-0.027162518,0.04843578,-0.03902898,0.0058502196,0.013049519
/home/datasets/train/horse/74d3926a78.jpg,1,0.005574419,-0.021818697,0.044608913,-0.021839643,0.020243388,0.024908315
/home/datasets/train/horse/02_020.png,1,0.008139187,0.0050780643,0.032181054,0.015348159,0.0344443,0.04544145
/home/datasets/train/horse/horse10-7.png,1,-0.016974531,-0.020596128,0.052918367,-0.021659244,0.0048675337,0.02234371
/home/datasets/train/horse/07_059.png,1,-0.007401212,-0.040695906,0.031195208,-0.044601038,-0.007696702,0.008716019
/home/datasets/train/horse/03_104.png,1,0.010967899,-0.023871696,0.05092885,0.00079627987,0.02661456,0.043324105
/home/datasets/train/horse/05_015.png,1,-0.011156118,-0.031261098,0.034565262,-0.016042646,-0.008747849,-0.0076460103
/home/datasets/train/horse/02_080.png,1,-0.0010177982,-0.0036678172,0.054838337,0.017100785,0.03318881,0.037093185
/home/datasets/train/horse/horse48-7.png,1,-0.02013783,-0.034016274,0.037061907,-0.025630288,0.00774827,0.02197621
/home/datasets/train/horse/06_019.png,1,-0.0021082843,0.017024985,0.04509942,0.0056721214,0.029941803,0.035266686
/home/datasets/train/horse/horse11-3.png,1,-0.0043968474,-0.042886168,0.03504829,-0.02075207,-0.01570709,0.0046502785
/home/datasets/train/horse/06_105.png,1,0.003116168,-0.0023023942,0.047354545,-0.016962875,-0.0099345725,0.0014175763
/home/datasets/train/horse/06_103.png,1,-0.0094456365,-0.024032539,0.047381666,-0.008839752,-0.00020685373,0.013623875
/home/datasets/train/horse/02_098.png,1,0.017114762,-0.03193967,0.049771417,0.013388852,0.032704137,0.041892707
/home/datasets/train/horse/horse49-6.png,1,0.005261341,-0.021590907,0.048434705,-0.026347632,0.026238913,0.027568258
/home/datasets/train/horse/06_097.png,1,-0.0033911914,-0.002181056,0.022533156,0.0016929992,0.02948461,0.030578673
/home/datasets/train/horse/01_006.png,1,0.0012563523,0.0038591519,0.054567445,-0.014069619,0.053910404,0.045027845
/home/datasets/train/horse/horse50-8.png,1,-0.009511111,-0.04017888,0.04350156,-0.009387776,0.01048151,0.019181132
/home/datasets/train/horse/horse07-8.png,1,-0.0057054097,-0.0036833426,0.053490896,-0.035003494,-0.008654879,0.0035252064
/home/datasets/train/horse/07_100.png,1,0.014651737,-0.0131886415,0.04526029,-0.010223575,0.027578464,0.041873798
/home/datasets/train/horse/horse48-8.png,1,-0.005225688,-0.016693838,0.05549939,-0.008109727,0.012313986,0.029019684
/home/datasets/train/horse/20c5419b6b.jpg,1,0.0036086063,0.0052147247,0.031173993,0.027996007,0.05981043,0.05051031
/home/datasets/train/horse/02_081.png,1,-0.0010659499,-0.030085959,0.0457472,0.0017748172,0.0014378529,-0.0077036833
/home/datasets/train/horse/horse10-3.png,1,-0.027275799,-0.03854979,0.038680848,-0.037112504,0.011255501,0.023340303
/home/datasets/train/horse/horse26-9.png,1,-0.0024174987,-0.034204654,0.059047863,-0.021166429,-0.007803022,-0.010455456
/home/datasets/train/horse/horse30-3.png,1,-0.028925458,0.016935555,0.06701724,-0.02375073,0.022335155,0.025443865
/home/datasets/train/horse/06_106.png,1,-0.013423497,-0.018063014,0.046803087,-0.001937327,0.0030133722,0.024335898
/home/datasets/train/horse/horse19-9.png,1,-0.034555323,-0.019307166,0.037289854,-0.0354873,-0.0065963087,0.007295229
/home/datasets/train/horse/06_111.png,1,0.0027537788,-0.0034211716,0.04464834,-0.014579333,0.022080364,0.02980802
/home/datasets/train/horse/01_068.png,1,0.001795463,-0.026666831,0.038042895,0.0040240274,0.020730466,0.037263937
/home/datasets/train/horse/06_002.png,1,-0.007529903,-0.025630977,0.044367023,-0.020178912,0.022909414,0.019251954
/home/datasets/train/horse/06_034.png,1,-0.0069099735,-0.016884036,0.04704143,-0.011335194,0.023768997,0.03482108
/home/datasets/train/horse/horse37-9.png,1,-0.0053600473,-0.014924021,0.05582097,-0.027147084,-0.0029187428,0.0048385663
/home/datasets/train/horse/horse49-3.png,1,0.003973049,-0.01758216,0.045382783,-0.0075466344,-0.015166508,-0.013855938
/home/datasets/train/horse/02_089.png,1,-0.0008285865,-0.0043069515,0.04511621,0.0069564125,0.021750242,0.022104636
/home/datasets/train/horse/07_035.png,1,-0.021705441,-0.028430635,0.048999313,-0.022514751,0.020530922,0.035928182
/home/datasets/train/horse/02_038.png,1,0.032267377,-0.04055129,0.056361876,0.025174119,0.023042746,0.026609536
/home/datasets/train/horse/horse09-7.png,1,-0.0032146014,-0.023596471,0.0491349,-0.011533323,0.020778283,0.028927607
/home/datasets/train/horse/01_106.png,1,0.0069238255,-0.029099517,0.029335665,-0.013273769,0.028271278,0.033224702
/home/datasets/train/horse/05_005.png,1,0.032460853,-0.008806138,0.03301975,0.0060413745,0.030349154,0.03729263
/home/datasets/train/horse/01_063.png,1,0.0072990693,-0.019016262,0.04725509,-0.018136088,0.031546578,0.039909672
/home/datasets/train/horse/horse10-6.png,1,-0.0031555165,-0.03794055,0.045099054,-0.0066640675,-0.0003685169,0.005592502
/home/datasets/train/horse/horse32-1.png,1,-0.011521222,-0.031081038,0.04387609,-0.01755421,0.00055511866,0.0040681246
/home/datasets/train/horse/01_001.png,1,-0.0044563776,-0.0032014977,0.054914076,-0.012458656,0.030960927,0.045483824
/home/datasets/train/horse/02_055.png,1,0.011480816,-0.022146624,0.043749142,0.011552807,0.01710374,0.029806254
/home/datasets/train/horse/03_050.png,1,-0.011743117,-0.030782854,0.06141508,-0.027181007,0.032853387,0.029503124
/home/datasets/train/horse/horse20-6.png,1,0.0017663571,-0.026819687,0.027948504,-0.032333393,0.021181598,0.023888636
/home/datasets/train/horse/7aee40b5b7.jpg,1,-0.013231059,-0.017537897,0.030298928,-0.0046926453,-0.021041062,0.0067063677
/home/datasets/train/horse/horse01-9.png,1,-0.028767265,-0.0013794743,0.046265427,-0.025087593,0.0018723868,0.008026357
/home/datasets/train/horse/07_005.png,1,-0.007816663,-0.031080553,0.041142445,-0.008922193,-0.012952458,-0.0016324901
/home/datasets/train/horse/01_056.png,1,-0.0267191,-0.012261512,0.058601975,-0.04406666,0.030698111,0.035405718
/home/datasets/train/horse/07_111.png,1,-0.022324508,-0.020051919,0.043521002,-0.037842847,0.0002389159,0.012294415
/home/datasets/train/horse/horse34-0.png,1,-0.011012429,-0.017872535,0.032783974,-0.031510614,-0.005297003,0.0037674594
/home/datasets/train/horse/07_026.png,1,-0.012928874,-0.033563443,0.03526841,-0.0011575464,-0.0015876486,0.0071299192
/home/datasets/train/horse/07_094.png,1,-0.005839298,-0.019394314,0.04001362,-0.00932208,0.017411938,0.026668785
/home/datasets/train/horse/01_120.png,1,0.0034549516,-0.01206143,0.04890276,9.744335e-05,0.047920696,0.05564119
/home/datasets/train/horse/horse47-8.png,1,-0.0044030976,-0.021796118,0.047457833,-0.028901137,0.033386104,0.026858503
/home/datasets/train/horse/horse20-3.png,1,0.0016702861,-0.004521526,0.044147544,-0.020491859,-0.00027215714,0.028868958
/home/datasets/train/horse/06_046.png,1,-0.021525271,-0.03542529,0.03963224,-0.016935155,0.014673788,0.03387919
/home/datasets/train/horse/horse03-3.png,1,0.0016162116,-0.04091512,0.039339967,-0.04666573,0.008200411,0.020223394
/home/datasets/train/horse/horse36-5.png,1,-0.014011982,-0.02206543,0.060779236,-0.0055314554,0.022877993,0.026990354
/home/datasets/train/horse/horse46-0.png,1,0.008048342,-0.0132764485,0.051714245,-0.006762549,0.014572952,0.018433644
/home/datasets/train/horse/horse29-7.png,1,-0.015055125,-0.004254945,0.048895586,-0.026590789,-0.006122621,0.0073343655
/home/datasets/train/horse/horse19-2.png,1,-0.0035348805,-0.020753382,0.043878358,-0.012239749,0.0063606603,0.015850283
/home/datasets/train/horse/03_008.png,1,-0.001838698,0.013221016,0.05976007,-0.020284042,0.045987293,0.047467906
/home/datasets/train/horse/01_089.png,1,-0.02027214,0.010856871,0.046999983,-0.013996581,0.014355601,0.016691867
/home/datasets/train/horse/horse31-7.png,1,-0.03905558,-0.019418234,0.04202558,-0.03688173,0.019144518,0.014353275
/home/datasets/train/horse/01_086.png,1,-0.0045459694,-0.036877688,0.035325017,-0.0038269898,0.00924012,0.025918242
/home/datasets/train/horse/04_013.png,1,-0.027930452,-0.0056147156,0.044997245,-0.046455573,0.018211735,0.016910415
/home/datasets/train/horse/horse02-2.png,1,0.0021705995,-0.01793413,0.047587857,-0.0073922076,-0.012757897,0.007479914
/home/datasets/train/horse/horse41-8.png,1,0.0017953049,-0.013783762,0.041161124,-0.019811584,0.010124043,0.015144566
/home/datasets/train/horse/horse23-5.png,1,0.0060578436,-0.04691661,0.035161026,-0.017885264,-0.017851243,-0.005028829
/home/datasets/train/horse/92b2ac86ed.jpg,1,-0.012959285,0.005173131,0.032301594,-0.024678668,0.035528287,0.045184553
/home/datasets/train/horse/horse12-4.png,1,-0.0031093662,-0.039826483,0.047973283,-0.028437916,-0.025698915,-0.012506394
/home/datasets/train/horse/173a7ce74e.jpg,1,-0.009914365,0.008383194,0.026346147,-0.027254011,0.031339146,0.049130604
/home/datasets/train/horse/01_032.png,1,-0.008895723,-0.016241247,0.03838004,-0.01191923,0.034128573,0.05509089
/home/datasets/train/horse/06_058.png,1,-0.02777964,-0.0051431516,0.049677998,-0.0041261455,0.028186474,0.03258248
/home/datasets/train/horse/06_048.png,1,-0.006387374,-0.029180733,0.024221715,-0.022377348,0.0115944715,0.02517239
/home/datasets/train/horse/horse38-8.png,1,-0.018357726,0.005208134,0.0675946,-0.0012604289,0.050374262,0.06746981
/home/datasets/train/horse/horse26-5.png,1,-0.010673448,-0.03423512,0.04134981,-0.04480835,-0.034426946,-0.028608114
/home/datasets/train/horse/horse24-2.png,1,-0.007260027,-0.03173518,0.05546167,-0.045204148,0.0068933778,0.011316924
/home/datasets/train/horse/05_006.png,1,0.013407779,-0.012653952,0.042722322,0.01008434,0.015377017,0.016211709
/home/datasets/train/horse/0f674003cf.jpg,1,0.012065339,-0.025928482,0.02484599,0.018366452,0.02847251,0.029207177
/home/datasets/train/horse/02_012.png,1,-0.01857945,-0.019281818,0.05656276,-0.044762712,0.018384859,0.028967801
/home/datasets/train/horse/02_022.png,1,0.0068451026,-0.018068317,0.036626466,-0.00850274,0.0019564196,0.009485537
/home/datasets/train/horse/horse23-1.png,1,7.994939e-05,-0.019849814,0.05884409,-0.034892764,0.0061614187,0.027222432
/home/datasets/train/horse/04_035.png,1,0.006434575,-0.022061616,0.041701294,-0.023042616,0.008478519,0.019154135
/home/datasets/train/horse/02_053.png,1,-0.008510017,-0.031495653,0.029142328,-0.0032083662,0.0024714018,-0.0023998185
/home/datasets/train/horse/06_068.png,1,-0.0030555706,-0.04675015,0.025925014,-0.03207343,0.009808291,0.019296741
/home/datasets/train/horse/02_037.png,1,-0.0055652354,-0.019033276,0.05181727,0.0012931554,0.0071696155,0.018994432
/home/datasets/train/horse/horse33-0.png,1,-0.015762407,-0.03861083,0.051559716,-0.00895497,0.00025114883,-0.00044193957
/home/datasets/train/horse/05_031.png,1,0.003373647,-0.021868821,0.058980428,-0.01903555,0.022774454,0.032190114
/home/datasets/train/horse/06_032.png,1,-0.0031090165,-0.03808753,0.03495128,0.0016424805,0.0036591669,0.0031676646
/home/datasets/train/horse/06_021.png,1,0.0009133406,-0.02637133,0.024375264,-0.0069069713,0.023883948,0.03684362
/home/datasets/train/horse/02_072.png,1,0.010073062,-0.022062596,0.049249984,0.021824684,0.017233638,0.028890677
/home/datasets/train/horse/05_034.png,1,0.005066972,-0.009509289,0.04778942,-0.017251508,0.024784511,0.011978969
/home/datasets/train/horse/05_050.png,1,-0.011033242,-0.021297518,0.052695878,-0.03894195,0.005503131,0.020017691
/home/datasets/train/horse/horse13-6.png,1,-0.0053445296,-0.03192936,0.046905436,-0.015853029,0.00706932,0.018982783
/home/datasets/train/horse/05_032.png,1,0.003555357,-0.025945537,0.046921175,-0.010893774,0.038702697,0.032383025
/home/datasets/train/horse/01_046.png,1,-0.011969341,-0.020501949,0.049393266,-0.023378866,0.004380987,0.014818851
/home/datasets/train/horse/03_023.png,1,0.0022256654,-0.032658618,0.03866209,-0.0037001343,0.019119084,0.030186614
/home/datasets/train/horse/horse19-4.png,1,-0.004976107,-0.038686927,0.042514294,-0.02358755,-0.008248228,-0.0060322424
/home/datasets/train/horse/horse48-6.png,1,-0.01026766,-0.011588173,0.04397083,-0.015322557,0.016541477,0.021683969
/home/datasets/train/horse/horse27-6.png,1,-0.025363637,0.0036228497,0.06600917,-0.035517182,0.012271009,0.015327541
/home/datasets/train/horse/horse04-4.png,1,-0.012683089,-0.032863177,0.044573575,-0.05214886,0.014763651,0.0258835
/home/datasets/train/horse/07_078.png,1,0.007901273,0.0018556716,0.0229908,0.009106329,0.007944169,0.011510679
/home/datasets/train/horse/05_009.png,1,0.0069030803,0.005108695,0.07174301,-0.019502604,0.029664913,0.036982395
/home/datasets/train/horse/07_034.png,1,-0.015544061,-0.014995499,0.05276729,-0.02942757,0.01878064,0.024340482
/home/datasets/train/horse/02_075.png,1,0.025139648,-0.007840406,0.04547886,0.00866551,0.033564486,0.027541034
/home/datasets/train/horse/07_091.png,1,-0.013958632,-0.02494083,0.049997397,-0.0014186534,-0.030978581,-0.01820301
/home/datasets/train/horse/03_059.png,1,-0.008378174,-0.020293545,0.055862907,-0.011299569,0.0046395054,0.003163178
/home/datasets/train/horse/03_048.png,1,0.011798747,-0.022168426,0.046866126,-0.015398822,-0.009215607,0.00025691814
/home/datasets/train/horse/07_076.png,1,0.003319982,-0.00544912,0.039526075,0.0072039594,0.014848002,0.02779027
/home/datasets/train/horse/horse22-5.png,1,-0.014181646,-0.040398244,0.034678597,-0.038010493,-0.010901073,0.0017001296
/home/datasets/train/horse/05_018.png,1,0.014221391,-0.0140882265,0.064676285,0.010497536,0.018657273,0.017579366
/home/datasets/train/horse/horse03-9.png,1,0.0018863829,-0.023664884,0.052266926,-0.02132522,-0.010732855,-0.010928573
/home/datasets/train/horse/01_043.png,1,-0.013833147,-0.03201235,0.040032115,-0.003369452,0.030139353,0.037371926
/home/datasets/train/horse/horse05-6.png,1,-0.010689698,-0.027686566,0.043408282,-0.029438702,-0.04034859,-0.042728473
/home/datasets/train/horse/01_073.png,1,-0.006921135,-0.011959506,0.051308766,-0.0032842837,0.04121701,0.04022912
/home/datasets/train/horse/79ae38e93a.jpg,1,-0.002296961,-0.009126756,0.06309146,-0.032198243,0.00937685,0.007159436
/home/datasets/train/horse/horse34-2.png,1,-0.0208174,-0.027167,0.040986817,-0.04632523,0.0022580437,0.009872245
/home/datasets/train/horse/07_014.png,1,-0.028404519,-0.029345417,0.045874506,-0.04618382,-0.018325599,-0.019247409
/home/datasets/train/horse/02_083.png,1,-0.0022594063,-0.002135782,0.04922851,0.01996827,0.048757523,0.06629719
/home/datasets/train/horse/07_039.png,1,-0.0072127883,0.04180361,0.040799573,-0.0092945425,0.003331704,0.032518543
/home/datasets/train/horse/horse15-0.png,1,-0.0015713014,-0.039088443,0.059357766,-0.03217605,0.034658335,0.04698401
/home/datasets/train/horse/07_097.png,1,0.006692605,-0.025484223,0.043546446,-0.010256991,0.0041770414,0.019269306
/home/datasets/train/horse/horse46-4.png,1,-0.0068752314,-0.040892698,0.055087384,-0.0007874251,0.01473739,0.02379724
/home/datasets/train/horse/03_036.png,1,-0.0089889625,-0.010217667,0.04192174,-0.0022961386,0.002193809,0.0160644
/home/datasets/train/horse/01_116.png,1,-0.0076519074,-0.026356298,0.025742434,-0.0076594097,0.027803933,0.032739874
/home/datasets/train/horse/06_116.png,1,0.0036752978,-0.020989694,0.027594894,-0.013712425,0.028169109,0.04096526
/home/datasets/train/horse/horse02-0.png,1,-0.02245755,-0.020973988,0.04209877,-0.031361483,-0.021868622,-0.009447098
/home/datasets/train/horse/horse33-6.png,1,-0.013218016,-0.0036867517,0.05387532,-0.01036226,0.01738445,0.026739765
/home/datasets/train/horse/horse34-9.png,1,-0.009008879,-0.013560897,0.06594451,-0.036437493,0.03395778,0.03457397
/home/datasets/train/horse/horse20-2.png,1,-0.0058436543,-0.016819254,0.055522352,-0.014156852,0.021022161,0.026364565
/home/datasets/train/horse/01_058.png,1,-0.017336858,0.004047952,0.05224487,-0.03912977,0.0058246767,0.026141688
/home/datasets/train/horse/02_105.png,1,-0.020449817,-0.017776128,0.048956037,-0.03179456,0.024967045,0.038189385
/home/datasets/train/horse/03_006.png,1,-0.009924239,-0.011014454,0.054063037,-0.0007189177,0.006558786,0.009291517
/home/datasets/train/horse/02_021.png,1,0.00045019994,0.012957465,0.06633166,-0.0058073546,0.03851521,0.044960648
/home/datasets/train/horse/horse24-4.png,1,-0.0038909581,-0.0452814,0.038727794,-0.035351284,-0.02032519,-0.0036356896
/home/datasets/train/horse/03_066.png,1,0.0020791763,-0.013588951,0.052169945,-0.020793602,0.0024713622,-0.0063003004
/home/datasets/train/horse/01_019.png,1,0.0064204033,-0.020764865,0.047510587,0.021652997,0.008150558,0.011380778
/home/datasets/train/horse/horse02-6.png,1,-0.001646128,-0.029182434,0.060698442,-0.033596244,-0.022494532,-0.015538978
/home/datasets/train/horse/horse12-6.png,1,0.0068925023,-0.040681966,0.049793303,-0.0112954285,0.002335215,0.009519367
/home/datasets/train/horse/06_122.png,1,-0.02025895,-0.011000977,0.04673498,-0.017361175,0.036423985,0.037535615
/home/datasets/train/zebra/n02391049_2585.jpg,2,0.03520588,0.03675562,0.11577074,0.016197618,0.033672314,0.031765267
/home/datasets/train/zebra/n02391049_3326.jpg,2,0.0066763796,0.030717883,0.1052943,0.00030634506,-0.002115542,-0.00893492
/home/datasets/train/zebra/378.jpg,2,0.018089157,0.009610055,0.10410966,0.03345488,-0.023076147,-0.033525802
/home/datasets/train/zebra/n02391049_37.jpg,2,-0.009129236,0.04787102,0.12836203,0.008729508,0.019626098,0.020578386
/home/datasets/train/zebra/n02391049_834.jpg,2,0.032736707,0.04936264,0.09566733,0.023169734,0.02031618,0.014357548
/home/datasets/train/zebra/n02391049_10209.jpg,2,0.031389497,0.034478858,0.13129956,0.041295357,0.001956535,0.017231826
/home/datasets/train/zebra/142.jpg,2,0.009508124,0.020934992,0.11564407,0.005924807,-0.04240875,-0.038465705
/home/datasets/train/zebra/331.jpg,2,0.03417245,0.04204765,0.110511154,0.018466547,-0.03577035,-0.04118798
/home/datasets/train/zebra/n02391049_4445.jpg,2,0.01942794,0.03176593,0.11244941,0.026344217,0.0050659785,0.013593648
/home/datasets/train/zebra/317.jpg,2,0.027962178,0.022923943,0.103610866,0.0204234,-0.019122606,-0.026125045
/home/datasets/train/zebra/n02391049_2407.jpg,2,-0.00070117693,0.011491276,0.11397104,0.010482758,-0.038172226,-0.037123945
/home/datasets/train/zebra/n02391049_251.jpg,2,0.018377217,0.021706138,0.11938344,0.009758394,-0.0046556033,0.004082392
/home/datasets/train/zebra/n02391049_5503.jpg,2,0.040508926,0.031283394,0.107290015,0.030606627,0.004305887,0.0014510117
/home/datasets/train/zebra/n02391049_2229.jpg,2,0.028356096,0.06063699,0.10965862,0.021525843,0.026688479,0.018748468
/home/datasets/train/zebra/image_136.jpeg,2,0.008071164,0.040357113,0.11559608,0.0082922075,0.007945425,0.0066613844
/home/datasets/train/zebra/061.jpg,2,0.0042880047,0.04388406,0.11907885,0.021263707,9.3338545e-05,-0.00077569205
/home/datasets/train/zebra/n02391049_7466.jpg,2,0.03463832,0.030246658,0.108459234,0.029186837,-0.015009083,-0.030041978
/home/datasets/train/zebra/n02391049_6385.jpg,2,0.018403042,-0.0078067244,0.09192674,-0.01167873,-0.004061831,-0.0030445782
/home/datasets/train/zebra/n02391049_9051.jpg,2,0.048139744,0.054802984,0.13042003,0.021179222,0.039081216,0.039762523
/home/datasets/train/zebra/n02391049_2704.jpg,2,0.019845445,0.057991117,0.12147546,0.026874352,0.017697904,0.0398281
/home/datasets/train/zebra/n02391049_1105.jpg,2,0.03140603,0.05322799,0.116713315,0.032745134,0.018964611,0.015237119
/home/datasets/train/zebra/n02391049_9027.jpg,2,0.014897556,0.040122937,0.156941,0.0071710576,0.032038294,0.047349453
/home/datasets/train/zebra/210.jpg,2,0.02711277,0.04927247,0.11723081,0.031638,0.0027878112,0.0002530543
/home/datasets/train/zebra/n02391049_2017.jpg,2,0.025028117,0.05619188,0.14829133,0.027037583,0.014826441,0.0051240698
/home/datasets/train/zebra/n02391049_3228.jpg,2,0.00016938383,0.026786037,0.1036599,0.016215675,-0.026154699,-0.025170712
/home/datasets/train/zebra/n02391049_8699.jpg,2,0.022577122,0.05016025,0.11374607,0.015355783,-0.019619739,-0.019372033
/home/datasets/train/zebra/n02391049_169.jpg,2,0.022623833,0.016708465,0.101122014,0.01290242,-0.018414164,-0.029862223
/home/datasets/train/zebra/044.jpg,2,0.024509137,0.058134593,0.11058215,0.012558937,0.065054536,0.053195752
/home/datasets/train/zebra/n02391049_9136.jpg,2,0.0011813035,0.04081591,0.11668897,0.006537035,-0.001759991,0.0056806486
/home/datasets/train/zebra/zebra (47).jpg,2,0.03904262,0.05384177,0.13648182,0.053483162,0.024374656,0.028174546
/home/datasets/train/zebra/058.jpg,2,0.022250257,0.051969867,0.10619739,0.042776197,0.010083466,0.0075141527
/home/datasets/train/zebra/image_9.jpeg,2,0.032576166,0.014098947,0.09065128,0.027795237,-0.0473059,-0.0512855
/home/datasets/train/zebra/zebra (9).jpg,2,0.0072960514,0.0469031,0.10044492,-0.0011357255,-1.784414e-05,-0.018729303
/home/datasets/train/zebra/n02391049_5295.jpg,2,0.014569713,0.048112802,0.113472134,0.0067395214,-0.0056717563,-0.009161073
/home/datasets/train/zebra/n02391049_2211.jpg,2,0.030613443,0.057827257,0.13622123,0.033342402,0.005177208,0.007902233
/home/datasets/train/zebra/n02391049_773.jpg,2,0.019583821,0.023742631,0.10916404,0.004304609,0.0029154993,-0.00010340568
/home/datasets/train/zebra/n02391049_1235.jpg,2,0.007142676,0.053938672,0.11826551,0.011858331,-0.007792951,-0.0065903673
/home/datasets/train/zebra/368.jpg,2,0.0069211647,0.014073076,0.11086929,0.008185589,-0.04192432,-0.05520031
/home/datasets/train/zebra/097.jpg,2,0.03682235,0.031314556,0.115555234,0.044280045,-0.0019592838,0.005663486
/home/datasets/train/zebra/zebra (48).jpg,2,0.03904262,0.05384177,0.13648182,0.053483162,0.024374656,0.028174546
/home/datasets/train/zebra/545d133e93.jpg,2,0.0092587285,0.013505252,0.12103322,0.011638929,-0.033631504,-0.044092197
/home/datasets/train/zebra/n02391049_3173.jpg,2,0.04396864,0.04585762,0.12380521,0.02642568,0.0040743956,-0.01321249
/home/datasets/train/zebra/n02391049_3031.jpg,2,1.885416e-05,0.040728215,0.12415539,0.0075902813,0.031956106,0.02012391
/home/datasets/train/zebra/n02391049_1118.jpg,2,0.031236958,0.043220382,0.12027547,0.014020858,0.011067007,0.00032974314
/home/datasets/train/zebra/079.jpg,2,0.016548336,0.06109896,0.12923309,0.006925566,0.04564459,0.03830243
/home/datasets/train/zebra/139.jpg,2,0.020764735,0.027578272,0.111643024,0.028347403,-0.038325794,-0.023695596
/home/datasets/train/zebra/n02391049_6564.jpg,2,0.014235225,0.038355343,0.14087602,0.008956378,-0.028793575,-0.03250052
/home/datasets/train/zebra/n02391049_3682.jpg,2,0.019950757,0.028128825,0.11713416,0.018256169,-0.011749126,-0.015937792
/home/datasets/train/zebra/n02391049_3043.jpg,2,0.036586322,0.04154762,0.12880677,0.0164905,0.014361682,0.002105169
/home/datasets/train/zebra/n02391049_1189.jpg,2,0.028505472,0.0548008,0.11629981,0.01779669,0.013677157,0.01952817
/home/datasets/train/zebra/n02391049_2784.jpg,2,0.030844098,0.019960508,0.101075746,0.03239195,-0.04805503,-0.040224366
/home/datasets/train/zebra/259.jpg,2,0.017070487,0.036396675,0.10668381,0.017557524,0.002268549,-0.008703411
/home/datasets/train/zebra/n02391049_2853.jpg,2,0.017025413,0.014494522,0.10580058,-0.003727676,-0.016128562,-0.020413993
/home/datasets/train/zebra/n02391049_936.jpg,2,0.03246724,0.014675902,0.093074545,0.0245484,-0.054710533,-0.06854021
/home/datasets/train/zebra/091.jpg,2,0.01582317,0.034066588,0.12063581,0.022880621,0.0033029718,-0.0010050852
/home/datasets/train/zebra/image_58.jpeg,2,0.03610049,0.047279585,0.1354976,0.035791036,-0.017053789,-0.010874225
/home/datasets/train/zebra/n02391049_268.jpg,2,0.017625429,0.05290647,0.12664512,0.011335887,0.023486864,0.025299208
/home/datasets/train/zebra/n02391049_918.jpg,2,0.026367163,0.04593616,0.12669864,0.03412645,-0.006831206,-0.007497887
/home/datasets/train/zebra/n02391049_9478.jpg,2,0.03585844,0.06826095,0.11946556,0.02519673,0.023533355,0.007950534
/home/datasets/train/zebra/n02391049_9979.jpg,2,0.0052962387,0.060661227,0.113809094,0.026455373,-0.011084372,-0.012828725
/home/datasets/train/zebra/611b81638f.jpg,2,0.028663907,0.039409827,0.140074,0.018771807,0.0072611813,0.012741966
/home/datasets/train/zebra/n02391049_3365.jpg,2,0.009286566,0.0013171956,0.07104534,0.011599997,-0.024084251,-0.04186322
/home/datasets/train/zebra/n02391049_147.jpg,2,0.04493365,0.053345438,0.12519512,0.033375397,-0.009564472,-0.0008724062
/home/datasets/train/zebra/n02391049_5547.jpg,2,0.020339873,0.019246357,0.09980786,0.014875537,-0.052751593,-0.047531098
/home/datasets/train/zebra/126.jpg,2,0.05448979,0.071361184,0.13941821,0.048455447,0.06016933,0.0442609
/home/datasets/train/zebra/30c6501e99.jpg,2,0.01494028,0.036175784,0.14077802,0.011428993,0.014046738,0.012301098
/home/datasets/train/zebra/image_68.jpeg,2,0.005704025,0.0171158,0.08451916,0.016058845,-0.027682155,-0.03504738
/home/datasets/train/zebra/n02391049_4969.jpg,2,0.020370863,0.019006232,0.08518015,0.0066681355,-0.033470258,-0.037157852
/home/datasets/train/zebra/n02391049_574.jpg,2,0.0015119012,0.036523283,0.12544155,-0.014086515,-0.007290234,-0.005219057
/home/datasets/train/zebra/n02391049_6326.jpg,2,0.021124944,0.05668083,0.14102316,0.0129810255,0.024461944,0.03993269
/home/datasets/train/zebra/n02391049_1135.jpg,2,0.022985915,0.07919568,0.13421363,0.023872007,0.013909502,0.01669084
/home/datasets/train/zebra/n02391049_1131.jpg,2,0.01303498,0.054692857,0.115871534,0.004207156,0.009634701,0.0077005345
/home/datasets/train/zebra/n02391049_1198.jpg,2,0.0007619278,0.047208443,0.15029216,0.007356092,-0.010932195,0.0025599608
/home/datasets/train/zebra/image_141.jpeg,2,-0.0064732083,0.035876222,0.11134346,0.0055345073,-0.039816134,-0.03110888
/home/datasets/train/zebra/n02391049_101.jpg,2,0.040241174,0.017703472,0.1308712,0.039462946,-0.0035001216,-0.009719232
/home/datasets/train/zebra/192.jpg,2,0.004929857,0.06277614,0.13595004,0.0025679888,0.016324133,0.013458941
/home/datasets/train/zebra/306.jpg,2,0.028125426,0.054733764,0.11942626,0.03512054,0.019107427,0.02110959
/home/datasets/train/zebra/n02391049_8387.jpg,2,0.011271959,0.026292786,0.13452978,0.030428378,-0.010956319,-0.0113487225
/home/datasets/train/zebra/image_155.jpeg,2,0.03880544,0.046788312,0.13107261,0.04648342,-0.014374365,-0.023559516
/home/datasets/train/zebra/n02391049_9528.jpg,2,0.017121198,0.0663515,0.13900605,0.008873286,0.075952984,0.062520854
/home/datasets/train/zebra/iimage_23 (10).jpeg,2,0.026164252,0.023377314,0.14488472,0.027469518,-0.007318973,-0.021396456
/home/datasets/train/zebra/320.jpg,2,0.014534383,0.027504222,0.13692224,0.021236047,0.007620726,-0.004758781
/home/datasets/train/zebra/n02391049_167.jpg,2,0.032380104,0.033487827,0.106905416,0.02019648,-0.0053712926,0.0010706782
/home/datasets/train/zebra/n02391049_444.jpg,2,0.0038298192,0.014383383,0.10620944,0.0040103034,-0.0036676507,-0.017678408
/home/datasets/train/zebra/n02391049_2511.jpg,2,-0.007863943,0.024704788,0.11435285,-0.0010902998,0.0040350975,0.004822678
/home/datasets/train/zebra/image_21.jpeg,2,0.018730111,0.038986254,0.106160134,0.024303192,-0.0040921597,-0.011963087
/home/datasets/train/zebra/n02391049_2465.jpg,2,0.02783432,0.061259765,0.11878277,0.029409342,0.010997642,0.013785187
/home/datasets/train/zebra/n02391049_383.jpg,2,-0.013047962,0.03018424,0.10884802,-0.017807681,-0.014928573,0.0014900607
/home/datasets/train/zebra/n02391049_7418.jpg,2,0.019473417,0.01808055,0.13564146,0.029323785,0.01837189,0.005505777
/home/datasets/train/zebra/n02391049_8334.jpg,2,0.011270147,0.06650834,0.15135925,0.009500426,0.042291015,0.03251338
/home/datasets/train/zebra/070.jpg,2,0.036021847,0.024981175,0.09193068,0.03275329,-0.032208584,-0.034705907
/home/datasets/train/zebra/n02391049_6834.jpg,2,-0.0025499268,0.01834977,0.103554115,-0.010609195,-0.022215089,-0.03156559
/home/datasets/train/zebra/n02391049_788.jpg,2,0.021310313,0.03576263,0.12563238,0.01832946,-0.0071206326,0.002014149
/home/datasets/train/zebra/n02391049_8301.jpg,2,0.023555443,0.034538023,0.14719754,0.04093408,0.016166793,0.015757222
/home/datasets/train/zebra/image_98.jpeg,2,0.02887303,0.03921313,0.12198891,0.0171264,0.021670243,0.012031566
/home/datasets/train/zebra/n02391049_913.jpg,2,0.007569881,0.0605672,0.11597118,0.006449704,0.020324633,0.018262396
/home/datasets/train/zebra/49f81f233b.jpg,2,0.0065803174,0.036722165,0.09959777,0.015173847,-0.02557743,-0.030302882
/home/datasets/train/zebra/n02391049_857.jpg,2,0.03391301,0.044124313,0.111895904,0.042345516,0.013320905,0.003161367
/home/datasets/train/zebra/n02391049_9219.jpg,2,0.034773458,0.037886947,0.1348535,0.017055925,-0.02140899,-0.0257476
/home/datasets/train/zebra/n02391049_916.jpg,2,0.0037395586,0.03207792,0.12703718,-0.011628071,-0.0038745713,0.009505411
/home/datasets/train/zebra/n02391049_1046.jpg,2,0.02266431,0.044133715,0.12630455,0.017550264,0.015659306,0.024425859
/home/datasets/train/zebra/n02391049_1145.jpg,2,0.010502428,0.03471811,0.15924625,0.017851695,0.020332273,0.033290133
/home/datasets/train/zebra/n02391049_9844.jpg,2,0.011757519,0.026178429,0.11269532,0.012232634,-0.017728597,-0.03019897
/home/datasets/train/zebra/n02391049_7407.jpg,2,0.022942483,0.043917075,0.11784922,0.004120729,0.015818564,0.007035847
/home/datasets/train/zebra/n02391049_787.jpg,2,0.0034066811,0.033400442,0.10582619,-0.0051297327,-0.01853393,-0.020533698
/home/datasets/train/zebra/n02391049_2663.jpg,2,0.015507732,0.006011458,0.09993887,0.0013431679,0.0032326886,-0.0003436152
/home/datasets/train/zebra/iimage_23 (5).jpeg,2,0.019595986,0.019790286,0.13271686,0.044181038,-0.036924135,-0.02974925
/home/datasets/train/zebra/n02391049_2665.jpg,2,0.025113761,0.048890397,0.1027716,0.028395846,0.0007541408,-0.018299099
/home/datasets/train/zebra/n02391049_557.jpg,2,0.010797364,0.0349596,0.12661508,0.04253512,0.014705727,0.0098092295
/home/datasets/train/zebra/377.jpg,2,0.023609113,0.03158443,0.11663505,0.027154023,-0.018411268,-0.031872608
/home/datasets/train/zebra/n02391049_3861.jpg,2,0.0166681,0.013428738,0.106091514,0.011415681,-0.020539785,-0.024481863
/home/datasets/train/zebra/n02391049_2739.jpg,2,0.036215324,0.05424097,0.122928895,0.024715908,-0.0042225514,-0.008002812
/home/datasets/train/zebra/n02391049_3247.jpg,2,0.025121085,0.027828326,0.104330316,0.020429078,-0.037182953,-0.041167554
/home/datasets/train/zebra/120.jpg,2,0.020754512,0.019723397,0.080823705,0.01573407,-0.049514607,-0.049422037
/home/datasets/train/zebra/n02391049_5637.jpg,2,0.016903393,0.008966351,0.1021346,0.010023963,-0.034285944,-0.040685944
/home/datasets/train/zebra/0495f61839.jpg,2,0.016518885,0.030305754,0.112821944,-0.003987965,0.011765713,0.011662753
/home/datasets/train/zebra/170fd0528c.jpg,2,0.044003792,0.03810027,0.1133509,0.024431838,-0.00847354,-0.018476374
/home/datasets/train/zebra/n02391049_1153.jpg,2,0.036137797,0.011488019,0.09545334,0.033297144,-0.04144903,-0.04771955
/home/datasets/train/zebra/340.jpg,2,0.012006715,0.029507112,0.10732656,0.009372165,-0.044039242,-0.061837852
/home/datasets/train/zebra/n02391049_1175.jpg,2,0.03846773,0.044621654,0.11362364,0.031123474,0.025778549,0.024520645
/home/datasets/train/zebra/7ae826e4ac.jpg,2,0.0016344418,0.027151387,0.11558125,-0.0020113983,-0.04621109,-0.050764836
/home/datasets/train/zebra/n02391049_1555.jpg,2,0.027996473,0.027088791,0.10223674,0.010066901,-0.00837603,-0.012385642
/home/datasets/train/zebra/image_133.jpeg,2,0.00019899174,0.023207918,0.12703744,0.010174348,-0.046920136,-0.041982647
/home/datasets/train/zebra/349.jpg,2,0.026435962,0.024248645,0.0957556,0.026523434,-0.04911998,-0.047594458
/home/datasets/train/zebra/264.jpg,2,0.012900353,0.010237646,0.10916416,0.029594176,-0.013990953,-0.01109509
/home/datasets/train/zebra/n02391049_2905.jpg,2,0.027090967,0.037291937,0.097857185,0.0013540667,-0.044348884,-0.04970505
/home/datasets/train/zebra/n02391049_17.jpg,2,0.011400653,0.03258476,0.12755655,-0.020920243,0.017578987,0.024412893
/home/datasets/train/zebra/n02391049_9542.jpg,2,0.02773276,0.05239568,0.13119653,0.01748706,0.055897407,0.034931954
/home/datasets/train/zebra/n02391049_11128.jpg,2,0.002085344,0.025183141,0.13410068,0.019796565,0.010163909,0.00076441467
/home/datasets/train/zebra/n02391049_3513.jpg,2,0.034699347,0.016865753,0.098961055,0.034314603,0.018093936,-0.0027152011
/home/datasets/train/zebra/n02391049_5755.jpg,2,0.010359245,0.019647393,0.11508366,0.011442352,0.0027789762,3.8358383e-05
/home/datasets/train/zebra/n02391049_719.jpg,2,0.04366768,0.048795603,0.0950164,0.035948627,0.017415885,0.0024018735
/home/datasets/train/zebra/n02391049_4692.jpg,2,0.014582071,0.027174827,0.09207467,0.016482547,-0.019984849,-0.023594264
/home/datasets/train/zebra/image_181.jpeg,2,0.03394001,0.04855155,0.1340583,0.025141343,-0.022178391,-0.02369517
/home/datasets/train/zebra/n02391049_2258.jpg,2,0.008928732,0.04655427,0.13608614,0.017640246,0.03172957,0.038850084
/home/datasets/train/zebra/257.jpg,2,0.008515986,0.0070358547,0.07499695,0.015664645,-0.04297611,-0.054227754
/home/datasets/train/zebra/n02391049_272.jpg,2,0.02415992,0.029089753,0.12392087,0.038879104,0.0043818364,0.0013026055
/home/datasets/train/zebra/n02391049_71.jpg,2,0.026514255,0.02360076,0.10197962,0.02331472,-0.020724649,-0.03049538
/home/datasets/train/zebra/iimage_23 (15).jpeg,2,0.031803444,0.03585589,0.13386248,0.019186554,0.013496757,0.020163719
/home/datasets/train/zebra/n02391049_2117.jpg,2,0.024471834,0.06630757,0.15900669,0.011905676,0.050236464,0.029483665
/home/datasets/train/zebra/image_36.jpeg,2,-0.0003380078,0.023920026,0.09556354,0.012108224,-0.010041862,-0.027297087
/home/datasets/train/zebra/zebra (57).jpg,2,0.01951322,0.032483835,0.10057174,-0.013795743,-0.015824929,-0.026591431
/home/datasets/train/zebra/n02391049_2363.jpg,2,0.027454514,0.033876788,0.10712208,0.02841966,0.0036785956,-0.0009893728
/home/datasets/train/zebra/iimage_23 (29).jpeg,2,0.013454493,0.03416107,0.12024357,0.0024985294,0.018944588,0.021879032
/home/datasets/train/zebra/image_79.jpeg,2,0.02753881,0.057418607,0.100122005,0.020165058,0.042471856,0.041100033
/home/datasets/train/zebra/n02391049_2642.jpg,2,-0.01609417,0.03433944,0.11024772,-0.018759761,-0.027317839,-0.032807954
/home/datasets/train/zebra/n02391049_2877.jpg,2,0.028885406,0.028735667,0.102764964,0.029186811,0.0124130715,0.011043594
/home/datasets/train/zebra/zebra (31).jpg,2,0.0065280227,0.015286925,0.10977618,0.0061213844,-0.03091091,-0.028377993
/home/datasets/train/zebra/n02391049_2201.jpg,2,0.034712814,0.054342583,0.116785556,0.019988347,0.03412425,0.032166712
/home/datasets/train/zebra/105.jpg,2,0.022569485,-0.006382594,0.07473248,0.01886505,-0.02663651,-0.038212586
/home/datasets/train/zebra/292.jpg,2,0.011783719,0.023243623,0.08814127,-0.0010056156,-0.0101556,-0.0052790567
/home/datasets/train/zebra/n02391049_3119.jpg,2,0.019332303,0.0286702,0.13258582,0.025882976,0.009127026,0.008926052
/home/datasets/train/zebra/n02391049_1441.jpg,2,0.021462303,0.01723769,0.092573434,0.025018286,0.009755837,-0.010063965
/home/datasets/train/zebra/n02391049_4564.jpg,2,-0.012103643,0.03267635,0.11641447,0.0035751595,-0.00081829354,-0.025351234
/home/datasets/train/zebra/n02391049_11166.jpg,2,0.024015445,0.047109213,0.16620298,0.014731671,0.023926439,0.025320034
/home/datasets/train/zebra/37aaaec2e6.jpg,2,0.0016241712,0.025652766,0.10803328,0.0043788413,-0.023219248,-0.034806937
/home/datasets/train/zebra/n02391049_1149.jpg,2,0.045447998,0.03619846,0.11801319,0.056379493,0.005230238,0.010193234
/home/datasets/train/zebra/n02391049_368.jpg,2,-0.008472675,0.021890223,0.107482225,-0.02210363,-0.04015125,-0.03808116
/home/datasets/train/zebra/zebra (20).jpg,2,0.02239247,0.038368445,0.11812003,0.024532313,0.02251569,0.03678776
/home/datasets/train/zebra/n02391049_6517.jpg,2,0.021565568,0.024015194,0.100510255,0.009229875,-0.042522114,-0.045494065
/home/datasets/train/zebra/n02391049_2756.jpg,2,0.015815722,0.02503339,0.13300246,0.020061139,0.031472124,0.013059011
/home/datasets/train/zebra/n02391049_10467.jpg,2,0.016176615,0.051655404,0.13086912,0.03875672,-0.025696253,-0.027882792
/home/datasets/train/zebra/n02391049_3086.jpg,2,0.030921971,0.04507141,0.11721418,0.040737614,0.01396215,0.008298494
/home/datasets/train/zebra/008.jpg,2,0.0021004197,0.013847866,0.0944872,0.010966743,-0.02460012,-0.027949313
/home/datasets/train/zebra/image_42.jpeg,2,0.014712239,0.018111084,0.10160502,0.025652144,-0.0404886,-0.048510056
/home/datasets/train/zebra/n02391049_786.jpg,2,0.014217293,0.046146046,0.113735616,0.0033604035,0.032038502,0.035584763
/home/datasets/train/zebra/n02391049_3342.jpg,2,0.026865944,0.07725804,0.10794794,0.012961929,0.017907454,0.016583016
/home/datasets/train/zebra/n02391049_743.jpg,2,0.026787663,0.0124782035,0.10124011,0.014454417,0.0032169214,-0.017754342
/home/datasets/train/zebra/n02391049_3253.jpg,2,0.020174917,0.035502892,0.120715305,0.044408593,-0.014148124,-0.004740852
/home/datasets/train/zebra/n02391049_6186.jpg,2,0.02449029,0.033001035,0.12879224,0.012518242,0.012852624,0.001141699
/home/datasets/train/zebra/111.jpg,2,0.014111085,0.021206357,0.13178915,0.02784276,0.01764357,0.01565615
/home/datasets/train/zebra/085.jpg,2,0.0012658043,0.039439656,0.111980855,0.012623662,0.009541779,0.020766586
/home/datasets/train/zebra/image_73.jpeg,2,0.003495397,0.020715583,0.0938497,-0.008168192,0.013965821,0.00522694
/home/datasets/train/zebra/image_69.jpeg,2,0.03574826,0.05046121,0.119373865,0.026132487,0.013948731,0.01008032
/home/datasets/train/zebra/n02391049_275.jpg,2,-0.0049118204,0.057008073,0.12591642,0.0152796,0.0056645237,-0.0014792569
/home/datasets/train/zebra/n02391049_3289.jpg,2,0.040660765,0.028148396,0.10775034,0.046116404,0.018371137,0.018273443
/home/datasets/train/zebra/216.jpg,2,0.032622717,0.044144116,0.11713408,0.021614444,0.0018662345,0.015229862
/home/datasets/train/zebra/image_106.jpeg,2,0.008645292,0.030900331,0.11542093,0.0054114596,-0.004063531,-0.016614702
/home/datasets/train/zebra/n02391049_5638.jpg,2,0.029718757,0.054600023,0.13431546,0.024895191,0.028380174,0.00070179254
/home/datasets/train/zebra/7b7d8759f1.jpg,2,0.011398884,0.036542658,0.11520619,0.015427816,-0.0053568715,-0.003965562
/home/datasets/train/zebra/n02391049_10175.jpg,2,0.00615894,0.0442985,0.11697606,0.022199456,-0.04146415,-0.04428894
/home/datasets/train/zebra/n02391049_5273.jpg,2,0.023259766,0.04041139,0.11663909,0.011598112,0.0059801703,0.0034663798
/home/datasets/train/zebra/image_135.jpeg,2,0.019490033,0.016964436,0.09650867,0.029114798,-0.03539845,-0.045302916
/home/datasets/train/zebra/2a63e3f385.jpg,2,0.00036869897,0.027817644,0.105386734,0.007472808,0.01828833,0.01881073
/home/datasets/train/zebra/030.jpg,2,0.021816157,0.063293606,0.14952259,0.03622639,0.033088677,0.035039734
/home/datasets/train/zebra/280.jpg,2,0.012724811,0.037022322,0.108002275,0.0003491342,-0.02199477,-0.030153964
/home/datasets/train/zebra/39e7a4f1c8.jpg,2,0.01377503,0.046131525,0.11829473,-0.010178998,-0.049592573,-0.044942133
/home/datasets/train/zebra/136.jpg,2,0.02785877,0.0078061763,0.08497247,0.034405317,0.0065473244,-0.0011885948
/home/datasets/train/zebra/n02391049_7105.jpg,2,0.025022013,0.024708368,0.10398342,0.005933574,-0.03102638,-0.035741955
/home/datasets/train/zebra/6e7a163893.jpg,2,0.0124133015,0.027792126,0.108535126,0.01263218,-0.0144256335,-0.016807988
/home/datasets/train/zebra/n02391049_2285.jpg,2,0.036320195,0.04203091,0.13941187,0.044114232,0.034843598,0.03202762
/home/datasets/train/zebra/n02391049_2963.jpg,2,0.022835523,0.059250694,0.12600139,0.009837963,0.017356172,-0.0013293363
/home/datasets/train/zebra/334.jpg,2,0.01524708,0.06992521,0.11535856,0.032009322,0.06263563,0.0469486
/home/datasets/train/zebra/n02391049_74.jpg,2,0.025416201,0.03504975,0.11941852,0.014204083,-0.018981671,-0.021420572
/home/datasets/train/zebra/036.jpg,2,0.023083208,0.020727355,0.0978432,0.0013453942,-0.021561429,-0.029541137
/home/datasets/train/zebra/n02391049_554.jpg,2,0.04333704,0.07470587,0.16235617,0.044973142,0.0313728,0.038943354
/home/datasets/train/zebra/056.jpg,2,0.0015076939,0.010234792,0.093658626,-0.009118163,-0.0058487374,-0.007357618
/home/datasets/train/zebra/187.jpg,2,0.0041639768,0.027270041,0.104265004,0.0015278296,-0.023206223,-0.036112253
/home/datasets/train/zebra/n02391049_3755.jpg,2,0.023368089,0.024470557,0.10289547,0.02710129,-0.010255379,-0.026676647
/home/datasets/train/zebra/image_45.jpeg,2,0.039346002,0.019020721,0.13497227,0.052976392,-0.017364169,-0.026823103
/home/datasets/train/zebra/n02391049_992.jpg,2,0.071874395,0.052233458,0.105115086,0.032856423,0.006782964,-0.0019103652
/home/datasets/train/zebra/zebra (43).jpg,2,0.002351712,0.027293354,0.104075655,-0.018776692,-0.012014517,-0.020067636
/home/datasets/train/zebra/n02391049_4682.jpg,2,0.016268305,0.026070347,0.09907918,0.013371142,0.034388617,0.034112446
/home/datasets/train/zebra/n02391049_9499.jpg,2,0.020951038,0.036761105,0.10545573,0.01075412,-0.030356338,-0.033406734
/home/datasets/train/zebra/n02391049_3238.jpg,2,0.024774607,0.030334417,0.12008052,0.018165883,-0.005972082,-0.0045525143
/home/datasets/train/zebra/n02391049_328.jpg,2,0.018646078,0.03378584,0.12181113,0.020367296,0.019866593,-0.0019407086
/home/datasets/train/zebra/n02391049_544.jpg,2,0.008877277,0.021192072,0.10115725,0.02206351,-0.03517075,-0.047937144
/home/datasets/train/zebra/n02391049_6421.jpg,2,-0.010634787,0.0608828,0.13937855,0.002631052,0.0023916168,0.00091170706
/home/datasets/train/zebra/n02391049_1738.jpg,2,0.028118135,0.016506985,0.110248625,0.03117413,0.00090875104,0.00026552659
/home/datasets/train/zebra/n02391049_932.jpg,2,0.04753085,0.02220112,0.09805183,0.05137405,-0.029120188,-0.039563753
/home/datasets/train/zebra/n02391049_1127.jpg,2,0.00551223,0.05002503,0.09515484,-0.009259815,-0.028832782,-0.045121387
/home/datasets/train/zebra/n02391049_3292.jpg,2,-0.016635468,0.01674774,0.11064081,-0.022109691,-0.063332915,-0.06300527
/home/datasets/train/zebra/n02391049_924.jpg,2,0.016676541,0.035921123,0.109623335,0.021681195,-0.012199134,-0.018241812
/home/datasets/train/zebra/n02391049_142.jpg,2,0.020676643,0.019529382,0.09231673,-0.00097030634,-0.021719128,-0.034120463
/home/datasets/train/zebra/n02391049_2273.jpg,2,0.018733611,0.034169495,0.1094224,0.028375138,-0.03311515,-0.035897244
/home/datasets/train/zebra/n02391049_192.jpg,2,0.013278959,0.026320068,0.11517516,0.018350579,0.0016818652,0.00041106716
/home/datasets/train/zebra/n02391049_10966.jpg,2,0.024205,0.05522628,0.13243696,0.02776973,0.038230844,0.026674315
/home/datasets/train/zebra/n02391049_1088.jpg,2,0.03555024,0.06971095,0.123109706,0.0315362,0.019272825,0.022899885
/home/datasets/train/zebra/n02391049_3246.jpg,2,0.045858826,0.056660116,0.13650367,0.035213135,0.035616055,0.023596903
/home/datasets/train/zebra/n02391049_5781.jpg,2,0.02498877,0.027033778,0.10833941,0.01551518,0.037474375,0.02510326
/home/datasets/train/zebra/332.jpg,2,0.010701908,0.030859549,0.086517416,0.0027430202,-0.054939196,-0.05540723
/home/datasets/train/zebra/n02391049_2231.jpg,2,0.018667972,0.011239333,0.10449636,0.022309642,0.021601213,0.024741989
/home/datasets/train/zebra/n02391049_10461.jpg,2,0.031172998,0.07019775,0.09865908,0.016075179,0.021420702,0.009082347
/home/datasets/train/zebra/284.jpg,2,0.01141204,0.023963448,0.09376817,-0.0076256143,-0.025335629,-0.022381514
/home/datasets/train/zebra/096.jpg,2,0.026751783,0.03844043,0.10186285,0.030258559,-0.02511009,-0.037067965
/home/datasets/train/zebra/n02391049_926.jpg,2,0.032318234,0.031025779,0.08467668,0.016211582,-0.014803709,-0.0135825975
/home/datasets/train/zebra/zebra (35).jpg,2,0.023800328,0.02684718,0.13145779,0.036892295,-0.01577457,-0.010081258
/home/datasets/train/zebra/039.jpg,2,0.018966623,0.07084364,0.13199037,0.019491464,0.03439327,0.025118446
/home/datasets/train/zebra/175.jpg,2,0.030877586,0.026507303,0.11108962,0.017534947,-0.029346544,-0.032917757
/home/datasets/train/zebra/n02391049_116.jpg,2,0.02175418,0.038235217,0.13022397,0.021971693,-0.003165055,-0.012235642
/home/datasets/train/zebra/zebra (24).jpg,2,0.012922443,0.026413139,0.09303735,0.019842647,-0.012524234,-0.025702333
/home/datasets/train/zebra/206.jpg,2,0.040857557,0.024956334,0.10697749,0.0315974,-0.03634178,-0.045750156
/home/datasets/train/zebra/157.jpg,2,0.039608553,0.057570938,0.12746206,0.02956041,-0.010025445,-0.02008643
/home/datasets/train/zebra/n02391049_2879.jpg,2,0.03544997,0.023236094,0.10215996,0.03858287,-0.008717831,-0.025542613
/home/datasets/train/zebra/314.jpg,2,0.019996312,0.05120402,0.10561465,0.039163247,0.015552258,0.016518606
/home/datasets/train/zebra/n02391049_2478.jpg,2,0.012746568,0.013845965,0.12064327,0.019108552,-0.021339234,-0.027033221
/home/datasets/train/zebra/n02391049_3139.jpg,2,0.031357702,0.014062419,0.09499073,0.04617571,-0.028205281,-0.039304435
/home/datasets/train/zebra/n02391049_3122.jpg,2,0.01870431,0.036672834,0.13509636,0.016216911,0.031564604,0.03602833
/home/datasets/train/zebra/347.jpg,2,0.031173674,0.031630278,0.1048795,0.023551743,-0.028129684,-0.034817956
/home/datasets/train/zebra/n02391049_2829.jpg,2,0.004884129,0.014153739,0.091359824,-0.0063472856,-0.001375651,-0.008363887
/home/datasets/train/zebra/n02391049_102.jpg,2,0.009418615,0.04318285,0.09153317,0.0019440134,-0.015980303,-0.017799616
/home/datasets/train/zebra/n02391049_627.jpg,2,0.017650217,0.060782295,0.13321266,0.011698491,0.019697042,-0.0024308162
/home/datasets/train/zebra/n02391049_1355.jpg,2,0.024317548,0.02731295,0.108749524,0.01586349,0.037177738,0.027338602
/home/datasets/train/zebra/n02391049_3436.jpg,2,0.04535081,0.063055076,0.16435422,0.034623682,0.019517478,0.016314175
/home/datasets/train/zebra/322.jpg,2,0.025610926,0.050521813,0.13731271,0.02013829,0.0052853967,0.008797865
/home/datasets/train/zebra/n02391049_5791.jpg,2,0.020308143,0.0636606,0.13328367,0.011788437,0.012922851,0.008140976
/home/datasets/train/zebra/n02391049_1404.jpg,2,0.02382566,0.029136337,0.0958135,0.019525422,0.008703354,-0.0002921261
/home/datasets/train/zebra/n02391049_7324.jpg,2,0.006513899,0.0051611215,0.0963721,0.022258477,-0.041934922,-0.056721006
/home/datasets/train/zebra/n02391049_9532.jpg,2,0.026067028,0.032798216,0.09922278,0.019632969,-0.022426818,-0.028525464
/home/datasets/train/zebra/n02391049_6511.jpg,2,0.032903012,0.07441345,0.14416564,0.04188441,0.034599923,0.043626294
/home/datasets/train/zebra/364.jpg,2,0.006941044,0.034442388,0.0770488,-0.030486748,-0.011944069,-0.019607505
/home/datasets/train/zebra/n02391049_246.jpg,2,0.032599702,0.014366176,0.08624889,0.0082052145,0.011158204,-0.013583325
/home/datasets/train/zebra/image_123.jpeg,2,0.016181026,0.022380685,0.0956787,0.012665905,0.014725627,0.022235597
/home/datasets/train/zebra/image_33.jpeg,2,0.007990487,0.03988573,0.09664227,0.010180622,-0.0039206045,-0.016002424
/home/datasets/train/zebra/n02391049_2131.jpg,2,0.005083753,0.035940506,0.099146426,-0.006318894,-0.03152776,-0.02657459
/home/datasets/train/zebra/n02391049_4863.jpg,2,0.019567788,0.047068737,0.1432009,0.023565527,-0.018661246,-0.009986157
/home/datasets/train/zebra/iimage_23 (6).jpeg,2,0.02702815,0.02036371,0.13518202,0.029081948,-0.0069407145,-0.014673656
/home/datasets/train/zebra/078.jpg,2,0.015218908,0.0039178627,0.087466195,0.011703573,0.02297721,0.015899004
/home/datasets/train/zebra/173.jpg,2,0.010910748,0.022694934,0.09413855,0.030984828,-0.04063812,-0.028741576
/home/datasets/train/zebra/191.jpg,2,0.030965216,0.012740192,0.079994366,0.017175768,-0.04431971,-0.054430403
/home/datasets/train/zebra/n02391049_3949.jpg,2,0.012455003,0.026633179,0.09507315,-0.013628855,0.005933094,0.0019108634
/home/datasets/train/zebra/231.jpg,2,0.013383569,0.0072605796,0.07369616,0.020710044,-0.04062903,-0.043662738
/home/datasets/train/zebra/n02391049_9309.jpg,2,0.0025143167,0.029379291,0.12486746,0.0061680432,0.0030951966,0.0048267804
/home/datasets/train/zebra/n02391049_10597.jpg,2,0.016940746,0.018143058,0.095341615,0.020812731,-0.018370902,-0.021464491
/home/datasets/train/zebra/n02391049_3654.jpg,2,0.032377977,0.02572523,0.11990767,0.025321733,0.036679078,0.020090887
/home/datasets/train/zebra/n02391049_7048.jpg,2,0.019747924,0.040707327,0.13694648,0.021369576,0.020287711,0.002220653
/home/datasets/train/zebra/n02391049_851.jpg,2,0.022284243,0.04471663,0.09690697,-0.0015602843,-0.017552294,-0.019460272
/home/datasets/train/zebra/n02391049_2803.jpg,2,0.0042946218,0.023050694,0.12691319,-0.0023224256,0.0017281836,-0.0012668353
/home/datasets/train/zebra/n02391049_1442.jpg,2,0.00081691216,0.018784821,0.11357367,-0.02933646,-0.035704475,-0.03457156
/home/datasets/train/zebra/n02391049_6026.jpg,2,-0.0014022319,0.047831647,0.13942373,0.004104044,0.010027679,0.022884376
/home/datasets/train/zebra/n02391049_171.jpg,2,0.0057187686,0.055223495,0.13659264,0.010621424,0.037308626,0.048241854
/home/datasets/train/zebra/n02391049_527.jpg,2,0.029064711,0.017715486,0.099574775,0.016111374,0.009212814,0.010273073
/home/datasets/train/zebra/n02391049_4965.jpg,2,0.020117829,0.060706176,0.14248013,0.014731049,0.003905905,-0.004848443
/home/datasets/train/zebra/n02391049_1827.jpg,2,0.024514047,0.0375494,0.105123684,0.014164532,-0.028034082,-0.03205274
/home/datasets/train/zebra/n02391049_8445.jpg,2,0.022340413,0.065432936,0.1125793,0.012172539,0.02240542,0.013532249
/home/datasets/train/zebra/n02391049_954.jpg,2,0.0017755949,0.016800798,0.09315276,-0.005432695,-0.01594677,-0.020448709
/home/datasets/train/zebra/n02391049_6359.jpg,2,0.031610683,0.051394798,0.11833536,0.021464292,0.03996539,0.037735626
/home/datasets/train/zebra/n02391049_3026.jpg,2,0.0040939157,0.045237634,0.1357854,-0.0070361397,0.019779796,0.015126108
/home/datasets/train/zebra/n02391049_8844.jpg,2,0.02854167,0.06812447,0.11896056,0.025249597,0.03870192,0.017282546
/home/datasets/train/zebra/n02391049_1181.jpg,2,0.002752264,0.06440694,0.11554843,0.010552853,0.06441325,0.062135026
/home/datasets/train/zebra/n02391049_2946.jpg,2,0.02446113,0.0500815,0.093043745,0.00443053,-0.024599299,-0.031751074
/home/datasets/train/zebra/n02391049_234.jpg,2,0.018313747,0.020131875,0.11886316,0.028375188,0.0063066157,0.0071403794
/home/datasets/train/zebra/033.jpg,2,0.031263925,0.036501158,0.13526814,0.022075031,-0.0057072355,-0.023752628
/home/datasets/train/zebra/001.jpg,2,0.033036422,0.06510532,0.110684656,0.040996827,0.026628317,0.006826183
/home/datasets/train/zebra/n02391049_496.jpg,2,0.030470856,0.035816,0.09284891,0.018829595,-0.022663234,-0.024946868
/home/datasets/train/zebra/n02391049_2459.jpg,2,0.012849366,0.03537985,0.107594065,0.0061340025,-0.039786216,-0.038730342
/home/datasets/train/zebra/067.jpg,2,0.042498775,0.03323871,0.12033587,0.045915756,-0.021459006,-0.018880218
/home/datasets/train/zebra/059.jpg,2,0.021466006,0.071238816,0.1096718,0.028485514,0.034172706,0.026526928
/home/datasets/train/zebra/n02391049_5344.jpg,2,0.013268675,0.03305364,0.10094017,-0.01822506,-0.0031277565,-0.030311458
/home/datasets/train/zebra/n02391049_5307.jpg,2,0.02729759,0.05449272,0.11138686,0.021509908,-0.009506846,-0.016473193
/home/datasets/train/zebra/n02391049_424.jpg,2,0.007641865,0.014870852,0.10077681,0.007231376,-0.026869666,-0.022657568
/home/datasets/train/zebra/n02391049_2984.jpg,2,0.025798555,0.04017087,0.11379575,0.022551537,-0.017838957,-0.023936018
/home/datasets/train/zebra/n02391049_5121.jpg,2,0.009199267,0.036230236,0.11949547,0.0020712707,-0.026588222,-0.021943763
/home/datasets/train/zebra/019.jpg,2,0.0015495012,0.047822885,0.1396927,0.025074884,0.03083854,0.018879756
/home/datasets/train/zebra/n02391049_4644.jpg,2,0.02580057,0.018419512,0.092655554,0.027122717,-0.033303734,-0.043238506
/home/datasets/train/zebra/n02391049_306.jpg,2,0.03764841,0.03253457,0.0952975,0.026536284,0.0037111202,-0.008449599
/home/datasets/train/zebra/169.jpg,2,0.04874266,0.049724363,0.1169889,0.03994557,0.019610532,0.018111903
/home/datasets/train/zebra/n02391049_9135.jpg,2,0.0057801027,0.043295417,0.13476703,0.025467217,0.015134161,0.016801674
/home/datasets/train/zebra/n02391049_7396.jpg,2,0.022218222,0.022186525,0.10185164,0.010598282,-0.006472118,-0.025680454
/home/datasets/train/zebra/n02391049_4775.jpg,2,0.009977178,0.025461163,0.10392496,0.015928384,-0.020063965,-0.022261709
/home/datasets/train/zebra/n02391049_8394.jpg,2,0.025801145,0.018757004,0.107728645,0.018853243,-0.036329545,-0.04020239
/home/datasets/train/zebra/image_88.jpeg,2,0.01144379,0.031176085,0.12301189,0.03249208,-0.03977695,-0.043142647
/home/datasets/train/zebra/n02391049_461.jpg,2,0.022623833,0.016708465,0.101122014,0.01290242,-0.018414164,-0.029862223
/home/datasets/train/zebra/n02391049_4697.jpg,2,0.0027393382,0.01326268,0.08092875,0.004634125,-0.016403537,-0.022566574
/home/datasets/train/zebra/n02391049_10701.jpg,2,0.013897035,0.053582035,0.12370644,0.006532585,0.010122256,0.0031895358
/home/datasets/train/zebra/image_120.jpeg,2,0.024335023,0.029342894,0.1033421,0.0035330867,-0.03639412,-0.046401426
/home/datasets/train/zebra/n02391049_7319.jpg,2,0.0072819255,0.036032606,0.10660353,0.008623224,-0.0030512186,-0.0003378112
/home/datasets/train/zebra/n02391049_9002.jpg,2,0.011475357,0.008903206,0.10396587,-0.0071476195,-0.025972033,-0.036722198
/home/datasets/train/zebra/164.jpg,2,0.010145003,0.03006481,0.10846086,0.0029508332,-0.018306267,-0.026009658
/home/datasets/train/zebra/291.jpg,2,0.011416935,0.035883203,0.09599112,0.012216687,-0.034443427,-0.034992244
/home/datasets/train/zebra/n02391049_3071.jpg,2,0.021402804,0.018757056,0.11010687,0.01913438,0.006033685,-0.004718206
/home/datasets/train/zebra/n02391049_909.jpg,2,0.029121539,0.04647229,0.10352132,0.022896528,0.0049995016,-0.02319598
/home/datasets/train/zebra/104.jpg,2,0.028534235,0.036416654,0.13032222,0.025588868,0.04140317,0.032632504
/home/datasets/train/zebra/114.jpg,2,0.026587646,0.050083533,0.12479155,0.031182544,0.0393783,0.043415405
/home/datasets/train/zebra/n02391049_2177.jpg,2,0.03420618,0.037770934,0.111160904,0.010556,0.011641828,0.00034432858
/home/datasets/train/zebra/image_154.jpeg,2,0.018113846,0.023626488,0.105581544,0.017213162,-0.06341977,-0.06226086
/home/datasets/train/zebra/image_165.jpeg,2,0.011587744,0.04008091,0.09819064,0.0020007137,-0.03559684,-0.04085601
/home/datasets/train/zebra/n02391049_133.jpg,2,0.0029659413,0.06649453,0.116661556,0.007479623,0.012923896,0.010333475
/home/datasets/train/zebra/351.jpg,2,0.018169153,0.039723165,0.099666476,0.008285003,-0.019779205,-0.03242046
/home/datasets/train/zebra/3ce736b281.jpg,2,0.021330675,0.028479302,0.124406666,0.02030254,0.0402906,0.04808663
/home/datasets/train/zebra/n02391049_1752.jpg,2,0.011355534,0.028288448,0.10599758,0.0061657224,-0.025387906,-0.032323487
/home/datasets/train/zebra/n02391049_8214.jpg,2,0.0055391127,0.027988559,0.10826171,0.008144546,-0.027451191,-0.039988425
/home/datasets/train/zebra/n02391049_8008.jpg,2,7.213093e-05,0.037700377,0.09393614,-0.0126056,-0.027816173,-0.032179207
/home/datasets/train/zebra/n02391049_10504.jpg,2,0.017033737,0.037553426,0.10951248,0.016279649,0.047399454,0.04176189
/home/datasets/train/zebra/n02391049_7832.jpg,2,0.011786299,0.051096525,0.11627181,0.02532728,0.03481284,0.019145109
/home/datasets/train/zebra/186.jpg,2,0.014699219,0.023579322,0.116100475,0.009007714,-0.025201581,-0.035715584
/home/datasets/train/zebra/n02391049_3162.jpg,2,0.025482284,0.028819252,0.10831461,0.031304874,-0.006779466,-0.01723067
/home/datasets/train/zebra/110.jpg,2,-0.006769929,0.008271661,0.09184916,0.015358388,-0.009876719,-0.032734707
/home/datasets/train/zebra/n02391049_5015.jpg,2,0.012638379,0.0509254,0.09691006,0.001131353,-0.009275795,-0.028514512
/home/datasets/train/zebra/n02391049_6469.jpg,2,-0.008314156,0.014187947,0.10473212,-0.005410781,-0.009407968,-0.015099501
/home/datasets/train/zebra/n02391049_33.jpg,2,0.0055943765,0.044036344,0.12188328,0.010617532,-0.016344115,-0.019564977
/home/datasets/train/zebra/image_29.jpeg,2,-0.020639375,0.018884894,0.09314899,-0.046895005,-0.026226394,-0.022088967
/home/datasets/train/zebra/image_110.jpeg,2,0.016160632,0.028029142,0.11625873,0.020105723,-0.018710103,-0.014621571
/home/datasets/train/zebra/image_143.jpeg,2,0.006405234,0.01608225,0.11838065,0.011347555,0.017480118,-0.0034492668
/home/datasets/train/zebra/n02391049_2836.jpg,2,0.030416783,0.044038747,0.122111544,0.0329953,0.016912943,0.008789638
/home/datasets/train/zebra/n02391049_6735.jpg,2,0.023420326,0.0265841,0.099237576,0.015159565,-0.030691314,-0.03316292
/home/datasets/train/zebra/image_24.jpeg,2,0.026184492,0.04533781,0.11164757,0.032237086,-0.0077819647,-0.02114381
/home/datasets/train/zebra/zebra (33).jpg,2,0.029605905,0.024772145,0.11033451,0.010512585,0.023783837,0.0011851192
/home/datasets/train/zebra/304.jpg,2,0.03226158,-0.008587407,0.08776256,0.03126963,-0.054900635,-0.0650921
/home/datasets/train/zebra/n02391049_1495.jpg,2,0.013493522,0.044636965,0.124280155,0.012978883,0.019444795,0.010822094
/home/datasets/train/zebra/image_100.jpeg,2,0.027613197,0.02279181,0.109812535,0.02532855,-0.026906729,-0.02985786
/home/datasets/train/zebra/n02391049_1465.jpg,2,0.0028246813,0.045564402,0.11369965,0.0059919734,-0.004978583,-0.008745767
/home/datasets/train/zebra/n02391049_6775.jpg,2,0.012722378,0.041036747,0.09551452,-0.0057783676,-0.01991416,-0.014583403
/home/datasets/train/zebra/n02391049_8149.jpg,2,0.023975305,0.06823632,0.11505647,0.014435241,0.008972891,0.0018217415
/home/datasets/train/zebra/n02391049_4069.jpg,2,0.0017813423,0.020571174,0.09596282,-0.001031687,0.0122241005,-0.0047272425
/home/datasets/train/zebra/image_85.jpeg,2,0.013693975,0.03713952,0.10434692,0.00018458255,-0.0070418282,-0.004083679
/home/datasets/train/zebra/667edbff5d.jpg,2,0.0064506163,0.022077087,0.114262335,0.009260433,-0.021199968,-0.019206246
/home/datasets/train/zebra/iimage_23 (22).jpeg,2,0.0184387,0.04189638,0.12342003,-0.006103705,-0.0074249743,-0.016805558
/home/datasets/train/zebra/n02391049_9965.jpg,2,0.0064383545,0.025789311,0.0971566,0.0038427701,-0.008559739,-0.02145467
/home/datasets/train/zebra/zebra (26).jpg,2,0.030951962,0.026847301,0.10487576,0.017093923,-0.026426794,-0.03343027
/home/datasets/train/zebra/n02391049_968.jpg,2,0.031190917,0.025080392,0.12157957,0.018873092,0.005735209,0.011827464
/home/datasets/train/zebra/300.jpg,2,0.017132327,0.058647197,0.14396568,0.019784294,0.03555561,0.03780719
/home/datasets/train/zebra/n02391049_2166.jpg,2,0.0108614545,0.016756317,0.10747638,0.0036725863,-0.013465378,-0.023466123
/home/datasets/train/zebra/n02391049_847.jpg,2,0.0062900414,0.03625504,0.12940708,0.015029009,0.02713634,0.027426954
/home/datasets/train/zebra/n02391049_5169.jpg,2,0.024742268,0.032586627,0.1184155,0.040593214,0.020275699,0.024872063
/home/datasets/train/zebra/n02391049_2659.jpg,2,0.027545702,0.036752045,0.13268536,0.012106815,0.00063516526,0.016355053
/home/datasets/train/zebra/n02391049_969.jpg,2,0.036724634,0.0469746,0.11569846,0.03628572,0.003931487,-0.0022941455
/home/datasets/train/zebra/n02391049_1928.jpg,2,0.016400363,0.054708607,0.1196139,0.0041355626,-0.0039461274,-0.008177598
/home/datasets/train/zebra/n02391049_2018.jpg,2,0.035877164,0.021690886,0.1076606,0.02914908,0.028649895,0.022316318
/home/datasets/train/zebra/n02391049_1531.jpg,2,0.051814843,0.022044793,0.120761104,0.038672894,-0.010356683,-0.0144576505
/home/datasets/train/zebra/n02391049_1126.jpg,2,0.026764734,0.04340247,0.12268479,0.038002312,0.029326173,0.010543834
/home/datasets/train/zebra/n02391049_3778.jpg,2,0.008296716,0.032923996,0.103648454,-0.010591357,-0.014001008,-0.023418061
/home/datasets/train/zebra/n02391049_6991.jpg,2,0.03074094,0.03799885,0.14678791,0.04069687,0.062230177,0.053534202
/home/datasets/train/zebra/n02391049_9583.jpg,2,0.00805009,0.04369259,0.0848611,0.017513556,0.025626829,0.008514921
/home/datasets/train/zebra/image_13.jpeg,2,0.022603989,0.026379645,0.096561715,0.01782408,-0.028505659,-0.039424412
/home/datasets/train/zebra/n02391049_1459.jpg,2,-0.006015159,0.046059906,0.11649364,0.010056233,-0.010063697,-0.014351392
/home/datasets/train/zebra/image_51.jpeg,2,0.014989796,0.0607126,0.09576097,0.011684481,0.032740653,0.020208264
/home/datasets/train/zebra/zebra (29).jpg,2,0.014975755,0.031480122,0.10887754,0.013073105,-0.029563304,-0.03605874
/home/datasets/train/zebra/n02391049_907.jpg,2,0.037312876,0.03586152,0.113771036,0.024834312,0.016352033,0.007365908
/home/datasets/train/zebra/zebra (49).jpg,2,0.014451501,0.034757495,0.1344366,0.026764851,0.017346824,0.012195358
/home/datasets/train/zebra/image_67.jpeg,2,0.012518918,0.04388461,0.15141198,0.026527978,0.014735887,0.0013404693
/home/datasets/train/zebra/n02391049_2204.jpg,2,0.032524005,0.030103324,0.098296516,0.03869463,-0.022652006,-0.029032497
/home/datasets/train/zebra/n02391049_1524.jpg,2,0.04266136,0.051155306,0.09976065,0.029974265,0.046986602,0.029886631
/home/datasets/train/zebra/n02391049_404.jpg,2,0.023725085,0.056681104,0.12057196,0.020763772,-0.018221814,-0.031077947
/home/datasets/train/zebra/119.jpg,2,0.026427418,0.033377334,0.13599305,0.030459441,0.035077237,0.04929827
/home/datasets/train/zebra/n02391049_9258.jpg,2,0.012323222,0.03428121,0.12595712,0.0055939555,0.011296988,0.012053069
/home/datasets/train/zebra/n02391049_10307.jpg,2,0.0063430173,0.06911269,0.12177964,0.013031376,0.029171148,0.013532025
/home/datasets/train/zebra/n02391049_6866.jpg,2,0.010105527,0.0130253285,0.08976135,0.007861378,-0.040284965,-0.043255337
/home/datasets/train/zebra/n02391049_1223.jpg,2,0.029321875,0.026269179,0.09240283,0.02069521,-0.03864594,-0.04886573
/home/datasets/train/zebra/011.jpg,2,0.0352126,0.038130224,0.11193525,0.029466625,-0.015784271,-0.009873472
/home/datasets/train/zebra/n02391049_715.jpg,2,0.0070357407,0.04179448,0.115544155,0.015348449,0.04448224,0.04590634
/home/datasets/train/zebra/zebra (41).jpg,2,0.024254827,0.036786698,0.11697917,0.01487982,-0.004824143,-0.0049680825
/home/datasets/train/zebra/n02391049_8878.jpg,2,0.034455262,0.048797965,0.12839383,0.027264632,0.0016271695,0.0027380008
/home/datasets/train/zebra/148.jpg,2,0.0061846296,0.019101605,0.09517005,0.014072098,-0.029540224,-0.046550997
/home/datasets/train/zebra/189.jpg,2,0.0066538285,-0.004487967,0.10150861,0.006646866,-0.029340902,-0.028635237
/home/datasets/train/zebra/302.jpg,2,0.024440136,0.031103294,0.12160157,0.029202335,0.011941003,0.006892409
/home/datasets/train/zebra/n02391049_5924.jpg,2,0.012982911,0.04001924,0.14086358,0.026610587,0.032910354,0.024479814
/home/datasets/train/zebra/n02391049_2181.jpg,2,0.013025731,0.021570334,0.103471704,0.023608714,-0.02599411,-0.03343929
/home/datasets/train/zebra/n02391049_353.jpg,2,-0.0009552953,0.046792194,0.10427151,-0.001757862,-0.025601318,-0.027972164
/home/datasets/train/zebra/285.jpg,2,0.015324533,0.0268328,0.11750917,0.015042916,-0.003680421,0.0128480615
/home/datasets/train/zebra/n02391049_1063.jpg,2,0.007991515,0.02632556,0.1135147,-0.01829641,-0.02320817,-0.023204694
/home/datasets/train/zebra/zebra (59).jpg,2,0.009906961,0.037477396,0.12974751,0.026738226,-0.011273917,-0.0073241815
/home/datasets/train/zebra/n02391049_2586.jpg,2,0.026261799,0.015248828,0.1169542,0.022025159,-0.03670212,-0.032308105
/home/datasets/train/zebra/n02391049_3844.jpg,2,0.02815454,0.019376384,0.10671677,0.01924136,-0.01511744,-0.021855954
/home/datasets/train/zebra/n02391049_7151.jpg,2,0.0509025,0.035189703,0.11844768,0.0428599,0.02262813,0.004084913
/home/datasets/train/zebra/072.jpg,2,0.024355352,0.013161365,0.08763044,0.018738668,-0.022597156,-0.027748503
/home/datasets/train/zebra/n02391049_2916.jpg,2,0.0051577915,0.043039914,0.114912555,0.015442304,0.028780036,0.013735142
/home/datasets/train/zebra/160.jpg,2,-0.0025242297,0.029531186,0.1300541,0.008951383,-0.026703974,-0.021771993
/home/datasets/train/zebra/n02391049_795.jpg,2,0.00957601,0.07099814,0.100033805,-0.021015141,0.016766764,0.011655637
/home/datasets/train/zebra/227.jpg,2,0.006776399,0.035826385,0.113625966,-0.00234405,-0.025020065,-0.03375346
/home/datasets/train/zebra/n02391049_7839.jpg,2,0.01428345,0.019818021,0.087461226,-0.01742667,-0.006563397,-0.014595175
/home/datasets/train/zebra/image_170.jpeg,2,0.017007826,0.04731455,0.13577053,0.0107904235,0.03641953,0.033826713
/home/datasets/train/zebra/n02391049_6317.jpg,2,0.007956281,0.03901812,0.12612608,0.019809283,-0.01511991,-0.016135072
/home/datasets/train/zebra/n02391049_3314.jpg,2,0.014781659,0.049477395,0.0952655,0.021841124,0.016964318,0.013434021
/home/datasets/train/zebra/iimage_23 (13).jpeg,2,0.013058303,0.03263715,0.14089057,0.024624012,0.006353299,0.0047097467
/home/datasets/train/zebra/n02391049_2844.jpg,2,0.007979624,0.026404615,0.10847729,-0.009922777,0.015348759,0.0076170173
/home/datasets/train/zebra/n02391049_2506.jpg,2,0.029422145,0.020198986,0.110424936,0.022785677,-0.0057287896,-0.0072956095
/home/datasets/train/zebra/n02391049_7919.jpg,2,0.033501886,0.0780572,0.11658292,0.037182923,0.055883028,0.02016344
/home/datasets/train/zebra/n02391049_4569.jpg,2,0.028490696,0.015353404,0.095025614,0.028296307,0.013175308,0.0013529407
/home/datasets/train/zebra/n02391049_921.jpg,2,0.03209216,0.024332639,0.11749545,0.026298724,-0.011671767,-0.019834347
/home/datasets/train/zebra/n02391049_415.jpg,2,0.008898086,0.014496439,0.09241465,-0.0023288,-0.028674582,-0.043514732
/home/datasets/train/zebra/n02391049_427.jpg,2,0.00050140126,0.029629605,0.12220653,0.004515309,0.023895588,0.01949598
/home/datasets/train/zebra/n02391049_10435.jpg,2,0.042370312,0.06392315,0.14753021,0.045317814,0.039465755,0.043787446
/home/datasets/train/zebra/n02391049_6503.jpg,2,0.011077687,0.01981745,0.113288835,0.0075537064,0.0026512425,0.0015524011
/home/datasets/train/zebra/n02391049_8148.jpg,2,0.023634588,0.04926189,0.159571,0.025446102,0.036714062,0.042114466
/home/datasets/train/zebra/n02391049_2781.jpg,2,0.020042995,0.04163159,0.10759395,0.021945443,-0.008588878,0.0028519714
/home/datasets/train/zebra/n02391049_1038.jpg,2,0.013987949,0.061861575,0.11907986,0.032158863,-0.028952597,-0.004992416
/home/datasets/train/zebra/n02391049_538.jpg,2,0.02631139,0.033665292,0.09494075,0.013547953,0.0022505596,-0.0144658
/home/datasets/train/zebra/image_10.jpeg,2,0.016827464,0.051956236,0.12566754,0.016971214,-0.036786176,-0.04018408
/home/datasets/train/zebra/n02391049_2768.jpg,2,0.037853576,0.030528184,0.11419882,0.040977396,-0.009545972,-0.011592108
/home/datasets/train/zebra/n02391049_686.jpg,2,0.015035782,0.027073553,0.11748871,0.028444055,-0.0005220426,-0.00034716912
/home/datasets/train/zebra/170.jpg,2,0.043709148,0.018999241,0.088638306,0.014110607,-0.038950704,-0.047456577
/home/datasets/train/zebra/n02391049_3069.jpg,2,0.034248557,0.02669436,0.13545257,0.030713161,-0.0066937646,0.006103525
/home/datasets/train/zebra/n02391049_2648.jpg,2,-0.022229703,0.02057749,0.092922546,-0.01856732,-0.04542943,-0.047452427
/home/datasets/train/zebra/n02391049_2847.jpg,2,0.018289715,0.02193487,0.11168104,0.020973112,-0.032740723,-0.042994734
/home/datasets/train/zebra/image_37.jpeg,2,-0.007554641,0.022507954,0.10107002,-0.014554401,-0.0003520418,-0.018571656
/home/datasets/train/zebra/n02391049_4351.jpg,2,0.030389965,0.035330974,0.11108361,0.027192466,0.00012417976,-0.004941428
/home/datasets/train/zebra/n02391049_8321.jpg,2,0.041605227,0.03265968,0.10852225,0.043682262,0.012177674,0.006749369
/home/datasets/train/zebra/image_114.jpeg,2,0.03067511,0.034109257,0.13625431,0.032204736,0.02710756,0.001155721
/home/datasets/train/zebra/162.jpg,2,0.0056315046,0.029908478,0.095991574,0.011294732,-0.030861225,-0.025221156
/home/datasets/train/zebra/image_144.jpeg,2,0.02368028,0.038133115,0.1038841,0.029620815,0.017684415,0.011846849
/home/datasets/train/zebra/n02391049_2857.jpg,2,0.028837346,0.025814906,0.10141877,0.039133124,0.0056534912,-0.005360771
/home/datasets/train/zebra/n02391049_3187.jpg,2,0.026151694,0.022423254,0.08851563,0.005465965,-0.03116053,-0.03251526
/home/datasets/train/zebra/125.jpg,2,0.0031907158,0.027568731,0.09675756,0.021479838,-0.022257535,-0.035581585
/home/datasets/train/zebra/n02391049_43.jpg,2,-0.020268893,0.012532841,0.11433472,-0.028629294,-0.048213676,-0.055188812
/home/datasets/train/zebra/n02391049_5724.jpg,2,0.005335644,0.038441904,0.123765066,0.019019727,0.033842713,0.016391773
/home/datasets/train/zebra/n02391049_4734.jpg,2,0.027969241,0.052784972,0.11550522,0.011259018,0.033470944,0.039183624
/home/datasets/train/zebra/n02391049_6487.jpg,2,0.037972428,0.06340488,0.13617054,0.037746392,0.05443026,0.04751642
/home/datasets/train/zebra/n02391049_3733.jpg,2,0.037821956,0.02823956,0.120075665,0.035683803,-0.005615029,0.00480174
/home/datasets/train/zebra/n02391049_1295.jpg,2,0.0013790872,0.035001505,0.094604984,0.004631838,-0.013921572,-0.028873831
/home/datasets/train/zebra/n02391049_9006.jpg,2,0.0008839378,0.03137236,0.09524255,0.010327237,0.020232245,-0.010173092
/home/datasets/train/zebra/283.jpg,2,0.0003137265,0.005836943,0.09787919,-0.015345957,-0.058573503,-0.061476655
/home/datasets/train/zebra/n02391049_2723.jpg,2,0.041006923,0.03427247,0.10349415,0.029744904,0.014637213,0.007914819
/home/datasets/train/zebra/127.jpg,2,0.02407738,0.040974703,0.1187071,0.031903885,-0.026863132,-0.013953233
/home/datasets/train/zebra/n02391049_6198.jpg,2,0.007495855,0.0046689184,0.107996866,-0.012007707,-0.0035850955,-0.014538263
/home/datasets/train/zebra/n02391049_7169.jpg,2,0.009332244,0.05790134,0.10673495,0.005074812,0.024621462,0.010962591
/home/datasets/train/zebra/n02391049_1535.jpg,2,0.021728288,0.018940303,0.101593934,-0.010523899,-0.033719953,-0.03223546
/home/datasets/train/zebra/n02391049_5982.jpg,2,0.040513687,0.023035144,0.08761278,0.012765128,-0.018027963,-0.033568013
/home/datasets/train/zebra/n02391049_3262.jpg,2,0.022139255,0.09903994,0.15115497,0.012760725,0.04407267,0.026863068
/home/datasets/train/zebra/n02391049_515.jpg,2,-0.018602885,0.014701782,0.12350232,-0.03115201,0.0013428193,-0.019759774
/home/datasets/train/zebra/n02391049_4189.jpg,2,0.021956017,0.031747576,0.14486156,0.027575105,0.0065992493,-0.0022195112
/home/datasets/train/zebra/n02391049_5383.jpg,2,0.030353338,0.025715008,0.12197823,0.044615656,-0.017303267,-0.03000097
/home/datasets/train/zebra/n02391049_738.jpg,2,0.0029347753,0.035795934,0.090167046,0.0052684443,0.045129403,0.029457968
/home/datasets/train/zebra/n02391049_3001.jpg,2,0.03691334,0.01925132,0.095533565,0.035713732,0.010871088,0.009220963
/home/datasets/train/zebra/n02391049_8793.jpg,2,0.026203625,0.02694124,0.13240826,0.009476305,0.010073202,-0.0039407257
/home/datasets/train/zebra/211.jpg,2,0.02586547,0.028801937,0.122106835,0.020426683,-0.03202922,-0.026939841
/home/datasets/train/zebra/n02391049_7683.jpg,2,0.026489621,0.012826369,0.10058795,0.021141944,-0.015381662,-0.020496283
/home/datasets/train/zebra/n02391049_4584.jpg,2,0.032708928,0.046066716,0.12153156,0.013351919,0.009346806,0.0021588337
/home/datasets/train/zebra/n02391049_1417.jpg,2,0.034820974,0.04663784,0.110575356,0.025374599,-0.00051023625,-0.004452916
/home/datasets/train/zebra/n02391049_2043.jpg,2,0.039776884,0.027977835,0.112398155,0.03714499,0.003024795,0.0027807541
/home/datasets/train/zebra/n02391049_2491.jpg,2,0.00052190525,0.019912796,0.1009246,0.018722033,-0.010877756,-0.014958703
/home/datasets/train/zebra/n02391049_58.jpg,2,0.017059796,0.0007340568,0.08677385,0.028236732,-0.028333966,-0.024360081
/home/datasets/train/zebra/n02391049_7263.jpg,2,0.023591451,0.03378013,0.10119792,0.022778891,0.016083384,-0.006417769
/home/datasets/train/zebra/n02391049_7258.jpg,2,0.053399805,0.06382931,0.13595152,0.039216697,0.03413337,0.039996658
/home/datasets/train/zebra/n02391049_9656.jpg,2,0.004699968,0.031227916,0.12956293,0.04083301,0.01710349,0.01237491
/home/datasets/train/zebra/115.jpg,2,0.013380436,0.07269254,0.12848788,0.030817643,0.020599836,0.025964372
/home/datasets/train/zebra/062.jpg,2,0.022393186,0.038655724,0.09532108,0.004268107,0.0034905728,-0.015950758
/home/datasets/train/zebra/n02391049_4896.jpg,2,0.024108715,0.03560348,0.13464412,0.012540133,0.012089305,0.009365651
/home/datasets/train/zebra/94cf6638fd.jpg,2,0.0042912667,0.032029994,0.12416004,0.009865223,-0.014323598,0.00054050423
/home/datasets/train/zebra/144.jpg,2,0.011041136,0.029522108,0.12708429,0.00326458,-0.008334088,-0.0037081465
/home/datasets/train/zebra/297.jpg,2,0.0035508517,0.052399293,0.126594,0.022169696,0.024321934,0.036760397
/home/datasets/train/zebra/n02391049_226.jpg,2,0.008328049,0.014852155,0.10698539,0.011625815,-0.0057284506,-0.025491904
/home/datasets/train/zebra/image_28.jpeg,2,-0.023007214,0.032254785,0.10158169,-0.026147956,-0.043617982,-0.04248
/home/datasets/train/zebra/n02391049_23.jpg,2,0.01816083,0.023073837,0.10914309,0.01720301,-0.035278488,-0.042713452
/home/datasets/train/zebra/268.jpg,2,0.03830354,0.015133401,0.078225344,0.008156437,-0.053256113,-0.055925295
/home/datasets/train/zebra/n02391049_1062.jpg,2,0.012868392,0.03436714,0.12725069,0.006514879,-0.00026404485,0.00083345734
/home/datasets/train/zebra/n02391049_9629.jpg,2,0.037972875,0.030162862,0.12172322,0.03634124,0.012477078,0.0049052164
/home/datasets/train/zebra/n02391049_2311.jpg,2,0.010796419,0.01752844,0.084281676,0.011895061,-0.015146541,-0.0098847635
/home/datasets/train/zebra/015.jpg,2,0.007855804,0.022533685,0.10022607,0.011679601,-0.043492243,-0.04573299
/home/datasets/train/zebra/n02391049_3443.jpg,2,0.030651825,0.049643375,0.11189147,0.026062192,0.020431876,0.035392694
/home/datasets/train/zebra/n02391049_2673.jpg,2,0.0011735894,0.039852053,0.11191127,0.009837857,0.020618685,0.008228643
/home/datasets/train/zebra/n02391049_10454.jpg,2,0.025830617,0.013259745,0.1060517,0.03626162,-0.01827123,-0.031962108
/home/datasets/train/zebra/n02391049_165.jpg,2,0.00471897,0.005115404,0.089291535,0.0111124385,-0.024700643,-0.04251817
/home/datasets/train/zebra/240.jpg,2,0.027472686,0.015436491,0.116233,0.03742528,-0.014955953,-0.0126584675
/home/datasets/train/zebra/zebra (11).jpg,2,0.032681897,0.022260072,0.094711326,0.020286735,0.0042954907,-0.016165378
/home/datasets/train/zebra/n02391049_1026.jpg,2,0.032679126,0.05290645,0.1426972,0.05115114,0.005042851,0.020309081
/home/datasets/train/zebra/n02391049_3037.jpg,2,0.0033800285,0.03302067,0.11857089,0.0107862055,-5.421508e-05,0.00017380156
/home/datasets/train/zebra/064.jpg,2,0.01293789,0.017843135,0.09977743,0.014074869,-0.00045762304,-0.004897477
/home/datasets/train/zebra/n02391049_193.jpg,2,0.034104344,0.031716548,0.12081917,0.034891788,-0.008687725,-0.017412452
/home/datasets/train/zebra/n02391049_8032.jpg,2,0.013244526,0.009253665,0.10048814,0.006989431,-0.021212347,-0.031549633
/home/datasets/train/zebra/n02391049_168.jpg,2,0.037108332,0.05282967,0.107934505,-0.00071816146,-0.0037750942,0.0010757502
/home/datasets/train/zebra/n02391049_7563.jpg,2,0.03361824,0.06544566,0.119017735,0.030073367,0.025563894,0.01113987
/home/datasets/train/zebra/197.jpg,2,0.02754428,0.013656164,0.100040264,0.049915824,-0.01166915,-0.020197822
/home/datasets/train/zebra/n02391049_9987.jpg,2,0.019310692,0.032762613,0.11313759,0.007926736,-0.010396623,-0.019548481
/home/datasets/train/zebra/n02391049_182.jpg,2,0.009806036,0.041393183,0.107896395,0.008787313,-0.008489201,-0.026160661
/home/datasets/train/zebra/n02391049_4824.jpg,2,0.03479547,0.036600344,0.112739325,0.034383018,-0.015357134,-0.02018016
/home/datasets/train/zebra/n02391049_3081.jpg,2,0.017699078,0.017573006,0.10244481,0.025857672,-0.034570146,-0.03748612
/home/datasets/train/zebra/117.jpg,2,0.010114947,0.04194109,0.14014256,0.031246219,0.002997085,0.014944183
/home/datasets/train/zebra/n02391049_35.jpg,2,0.0037210607,0.015518051,0.11033063,0.024711967,-0.0014829049,0.006912729
/home/datasets/train/zebra/n02391049_2266.jpg,2,0.008352256,0.024914078,0.11085444,0.014177399,0.009734274,0.0052967016
/home/datasets/train/zebra/n02391049_6512.jpg,2,0.012530971,0.018093133,0.10390677,0.013327051,-0.01805635,-0.018090753
/home/datasets/train/zebra/037.jpg,2,-0.009880917,0.030455183,0.08009717,-0.0058971513,0.003564443,-0.001403302
/home/datasets/train/zebra/n02391049_9427.jpg,2,-0.007068559,0.021988763,0.08873621,0.013948502,-0.012806871,-0.02824709
/home/datasets/train/zebra/n02391049_764.jpg,2,0.025494756,0.043920197,0.11018495,0.023070548,-0.009143697,-0.015564774
/home/datasets/train/zebra/089.jpg,2,0.036489137,0.050729975,0.115485996,0.020077648,-0.0020402633,-0.010826375
/home/datasets/train/zebra/310.jpg,2,0.021767851,0.02498216,0.10392296,0.020411821,-0.043306224,-0.042229213
/home/datasets/train/zebra/n02391049_6012.jpg,2,0.04927185,0.018336408,0.105812795,0.030364055,0.02153814,0.02364168
/home/datasets/train/zebra/n02391049_3324.jpg,2,0.04142245,0.02427458,0.10815156,0.052296206,0.0075040404,-0.006545553
/home/datasets/train/zebra/image_6.jpeg,2,0.015259478,0.05254838,0.11038014,0.010780437,-0.030340247,-0.035579972
/home/datasets/train/zebra/n02391049_6902.jpg,2,0.015312301,0.051952638,0.117449015,0.004271211,0.006793374,-0.004383856
/home/datasets/train/zebra/n02391049_10497.jpg,2,0.016887048,0.01816135,0.12222208,0.024803963,0.025767341,0.033393644
/home/datasets/train/zebra/n02391049_5695.jpg,2,0.014465654,0.03140329,0.13641912,0.003937871,-0.025906965,-0.03751358
/home/datasets/train/zebra/329.jpg,2,0.03532552,0.03561375,0.1170838,0.04042162,0.012904256,-0.0038672006
/home/datasets/train/zebra/image_121.jpeg,2,0.0019450388,0.02691942,0.10811556,0.015220884,-0.03539345,-0.038525864
/home/datasets/train/zebra/n02391049_7062.jpg,2,0.015292571,0.005695801,0.12234318,0.011154171,0.036661115,0.027577162
/home/datasets/train/zebra/n02391049_1256.jpg,2,0.038528156,0.047057513,0.10596757,0.028544039,-0.024607828,-0.030515542
/home/datasets/train/zebra/n02391049_2014.jpg,2,0.025183775,0.046555243,0.1197578,0.01745606,0.023335025,0.015801724
/home/datasets/train/zebra/06aa68fa0e.jpg,2,0.032137726,0.04150647,0.09401084,0.024255084,-0.0057761567,-0.029815415
/home/datasets/train/zebra/n02391049_2609.jpg,2,0.03673599,0.03858386,0.12248717,0.03233657,0.009446186,-0.0008650888
/home/datasets/train/zebra/256.jpg,2,0.025610926,0.050521813,0.13731271,0.02013829,0.0052853967,0.008797865
/home/datasets/train/zebra/n02391049_10158.jpg,2,0.044578396,0.042106573,0.10996312,0.043376096,0.019719962,0.013442121
/home/datasets/train/zebra/n02391049_2155.jpg,2,0.026506718,0.027708713,0.11685081,0.037434917,0.009480934,-0.010763992
/home/datasets/train/zebra/032.jpg,2,0.044540636,0.023168012,0.08625563,0.033929713,-0.030531712,-0.024142176
/home/datasets/train/zebra/n02391049_879.jpg,2,0.03513569,0.047316693,0.11362316,0.030788325,0.015197532,0.017177563
/home/datasets/train/zebra/276.jpg,2,0.023537055,0.018705616,0.11073859,0.038899712,0.012494737,0.00072892476
/home/datasets/train/zebra/iimage_23 (20).jpeg,2,0.014281724,0.022712931,0.12664986,0.0061724326,0.019085096,0.025265219
/home/datasets/train/zebra/n02391049_3128.jpg,2,0.0122297555,0.037667602,0.09603302,0.017194957,-0.028593939,-0.045353267
/home/datasets/train/zebra/n02391049_873.jpg,2,0.051298738,0.028371373,0.09893149,0.03521765,-0.007793504,-0.017523061
/home/datasets/train/zebra/n02391049_2355.jpg,2,0.022879906,0.028762134,0.100418255,-0.0020259046,-0.027873904,-0.02823562
/home/datasets/train/zebra/n02391049_506.jpg,2,0.023906188,0.052819196,0.09278525,0.023144288,-0.005599605,-0.012593454
/home/datasets/train/zebra/iimage_23 (12).jpeg,2,0.0125623,0.015874907,0.13195872,0.032664064,-0.03780202,-0.031081524
/home/datasets/train/zebra/335.jpg,2,-0.010529876,0.0070211953,0.07454381,-0.027016725,-0.053559415,-0.06217865
/home/datasets/train/zebra/image_183.jpeg,2,0.0042098393,0.048709176,0.111150235,0.02399584,-0.007843352,-0.01867138
/home/datasets/train/zebra/n02391049_9365.jpg,2,0.029285505,0.02108276,0.14241868,0.030347284,0.04792062,0.047526542
/home/datasets/train/zebra/n02391049_711.jpg,2,0.022644829,0.032153748,0.10918197,0.043606967,-0.0047224793,-0.011253847
/home/datasets/train/zebra/n02391049_6631.jpg,2,0.01738467,0.047644787,0.14294523,0.017309109,0.072693385,0.07250241
/home/datasets/train/zebra/image_56.jpeg,2,0.012982143,0.017384393,0.12954238,0.011357012,0.009866218,0.00075027253
/home/datasets/train/zebra/image_49.jpeg,2,0.025401052,0.04315018,0.11901497,0.011331902,-0.0152778,-0.022724994
/home/datasets/train/zebra/n02391049_7503.jpg,2,0.039541222,0.018469539,0.12569062,0.016916234,0.0014727581,-0.0226857
/home/datasets/train/zebra/n02391049_5595.jpg,2,0.0247939,0.043274835,0.106805936,0.026632957,0.0062772296,-0.004662454
/home/datasets/train/zebra/n02391049_5551.jpg,2,0.01486996,0.043513834,0.10641047,0.014419048,0.0110206045,0.008781213
/home/datasets/train/zebra/n02391049_9747.jpg,2,-0.014197145,0.05443205,0.13626572,-0.0037924508,-0.009493824,-0.015024886
/home/datasets/train/zebra/n02391049_533.jpg,2,0.02317478,0.033374846,0.11973657,0.03151586,0.0010354025,-0.0034858156
/home/datasets/train/zebra/n02391049_163.jpg,2,-0.00072909147,0.01092363,0.10554412,-0.0005579954,-0.046311326,-0.045060128
/home/datasets/train/zebra/n02391049_3397.jpg,2,-0.0075156717,0.041904386,0.12044089,-0.016965281,-0.023290498,-0.012194
/home/datasets/train/zebra/207.jpg,2,0.009524882,0.033401534,0.1301156,0.013887011,0.0024184664,0.014750499
/home/datasets/train/zebra/n02391049_1844.jpg,2,0.017846182,0.01413282,0.116986245,0.03986182,0.027191212,0.016915439
/home/datasets/train/zebra/n02391049_2214.jpg,2,-0.007802144,0.015288511,0.09852299,-0.027033836,-0.008779645,-0.021225957
/home/datasets/train/zebra/n02391049_2949.jpg,2,0.02090062,0.035947744,0.10918385,0.021417195,-0.02787684,-0.04138238
/home/datasets/train/zebra/n02391049_6452.jpg,2,0.018310029,0.053819224,0.13181883,0.018352827,0.0032690074,0.012145473
/home/datasets/train/zebra/n02391049_463.jpg,2,0.012852049,0.06832071,0.11528168,0.022464002,0.030805364,0.01712328
/home/datasets/train/zebra/zebra (44).jpg,2,0.002351712,0.027293354,0.104075655,-0.018776692,-0.012014517,-0.020067636
/home/datasets/train/zebra/n02391049_279.jpg,2,0.010204192,0.0768019,0.1220118,0.026139481,0.007282938,0.003102527
/home/datasets/train/zebra/n02391049_403.jpg,2,-0.0053678323,0.013064223,0.12085308,-8.9094974e-05,-0.015698535,-0.024161406
/home/datasets/train/zebra/n02391049_36.jpg,2,0.02954941,0.020666653,0.10889423,0.008170898,-0.004810959,-0.0026368145
/home/datasets/train/zebra/n02391049_1004.jpg,2,0.03235103,0.03346873,0.10971127,0.003642864,-0.012465072,-0.019036163
/home/datasets/train/zebra/image_30.jpeg,2,0.03148186,0.035401568,0.10343407,0.021463076,0.006725124,0.0124805495
/home/datasets/train/zebra/n02391049_2366.jpg,2,0.027146297,0.043973926,0.11969422,0.029568462,-0.043340646,-0.043486577
/home/datasets/train/zebra/n02391049_2701.jpg,2,0.020996215,0.035540394,0.11744508,0.026338512,-0.016740644,-0.02671826
/home/datasets/train/zebra/n02391049_2446.jpg,2,0.0027532366,0.03423227,0.093996,0.011783476,-0.01615567,-0.04328835
/home/datasets/train/zebra/n02391049_2225.jpg,2,0.025919523,0.028006073,0.10645941,0.0035095043,-0.03047608,-0.03103895
/home/datasets/train/zebra/217.jpg,2,0.042957284,0.03415259,0.12112112,0.050745524,0.045274742,0.034319215
/home/datasets/train/zebra/n02391049_1479.jpg,2,0.03775201,0.013163391,0.087925196,0.027063973,-0.03200252,-0.034509264
/home/datasets/train/zebra/n02391049_10649.jpg,2,0.011654761,0.03244673,0.11409971,0.01890818,0.00085927034,0.0002767183
/home/datasets/train/zebra/n02391049_7927.jpg,2,0.026765468,0.04518567,0.11406113,0.03429853,-0.00097616203,-0.01433728
/home/datasets/train/zebra/n02391049_26.jpg,2,0.00408159,0.07240989,0.13545007,0.01594301,0.018105868,0.027141256
/home/datasets/train/zebra/n02391049_2702.jpg,2,0.03198142,0.02907068,0.105851084,0.012081488,-0.037972398,-0.031397417
/home/datasets/train/zebra/n02391049_4638.jpg,2,0.024784334,0.040563487,0.11018974,0.03118155,0.01340316,0.007495552
/home/datasets/train/zebra/n02391049_1113.jpg,2,0.020577656,0.066541776,0.1332605,0.032465525,0.042757638,0.032201745
/home/datasets/train/zebra/n02391049_3623.jpg,2,0.019775772,0.025752109,0.119459026,0.009558158,-0.009691927,-0.023646927
/home/datasets/train/zebra/n02391049_118.jpg,2,0.0296073,0.015197013,0.10688972,0.024450913,-0.01672889,-0.022882603
/home/datasets/train/zebra/004.jpg,2,-0.0040795924,0.05581799,0.11126505,0.015279535,-0.02463914,-0.027198222
/home/datasets/train/zebra/image_92.jpeg,2,-0.0032387038,0.023738844,0.106696256,-0.015396432,-0.012007875,-0.0049443413
/home/datasets/train/zebra/n02391049_635.jpg,2,0.034802012,0.033602223,0.133754,0.037684355,0.044771295,0.039255723
/home/datasets/train/zebra/n02391049_5276.jpg,2,0.033209715,0.029399257,0.13406293,0.045961477,0.014152978,0.024807503
/home/datasets/train/zebra/n02391049_541.jpg,2,0.017955335,0.029972684,0.10950173,0.029280476,-0.01720042,-0.017551342
/home/datasets/train/zebra/238.jpg,2,0.010307068,0.024869282,0.09224307,-0.0056546736,-0.0038473988,-0.009839838
/home/datasets/train/zebra/iimage_23 (4).jpeg,2,0.018839506,0.045617774,0.14037925,0.015587908,0.02010823,0.025247209
/home/datasets/train/zebra/n02391049_7648.jpg,2,0.038419705,0.050568134,0.13490078,0.04905983,0.020517712,-0.00053556263
/home/datasets/train/zebra/n02391049_3264.jpg,2,0.008215914,0.04959022,0.10601095,0.022928782,-0.026532732,-0.03631921
/home/datasets/train/zebra/n02391049_824.jpg,2,0.037732724,0.041446116,0.11320285,0.018754533,0.0382592,0.021773601
/home/datasets/train/zebra/255.jpg,2,0.028605087,0.037284344,0.09098148,0.024876516,-0.026401544,-0.030707601
/home/datasets/train/zebra/n02391049_5788.jpg,2,0.024174683,0.0457265,0.121805966,0.025696563,0.04422514,0.045821544
/home/datasets/train/zebra/n02391049_2681.jpg,2,0.022018684,0.059613258,0.124559395,0.0217735,0.028113551,0.038686063
/home/datasets/train/zebra/n02391049_5782.jpg,2,0.026820727,0.06713154,0.14517482,0.033993304,0.033088718,0.04186006
/home/datasets/train/zebra/n02391049_119.jpg,2,-0.016474372,0.028336776,0.11149223,-0.019145885,-0.026231049,-0.034650628
/home/datasets/train/zebra/024.jpg,2,0.02707465,0.05897884,0.12784325,0.02950881,0.024240837,0.029067539
/home/datasets/train/zebra/n02391049_1129.jpg,2,0.02327248,0.038006388,0.09445581,0.013508025,-0.006714302,-0.021583702
/home/datasets/train/zebra/n02391049_757.jpg,2,0.024317846,0.02575919,0.09665791,0.03993114,-0.05015684,-0.04351259
/home/datasets/train/zebra/n02391049_4704.jpg,2,0.0060085487,0.034049608,0.12092948,0.022257466,0.013934112,-0.0048800074
/home/datasets/train/zebra/n02391049_2424.jpg,2,0.03566066,0.049800046,0.101292536,0.042528052,-0.0057652416,-0.006303638
/home/datasets/train/zebra/n02391049_8982.jpg,2,0.010970011,0.048530407,0.119837314,0.02009818,0.029820986,0.004888339
/home/datasets/train/zebra/n02391049_5985.jpg,2,0.028132189,0.03148838,0.11092279,0.019734208,0.03164579,0.027149279
/home/datasets/train/zebra/n02391049_2439.jpg,2,0.020976035,0.02117,0.106380835,0.011571138,-0.026129037,-0.036304727
/home/datasets/train/zebra/n02391049_2997.jpg,2,0.028985273,0.05040176,0.14088342,0.015657734,0.031209247,0.05467031
/home/datasets/train/zebra/image_39.jpeg,2,0.0123343505,0.038815834,0.13732617,0.0149618555,0.020279337,-0.0014414657
/home/datasets/train/zebra/n02391049_9626.jpg,2,0.012150206,0.034396864,0.121626765,0.029309155,0.024397962,0.009652612
/home/datasets/train/zebra/image_25.jpeg,2,0.019714125,0.023884542,0.0923014,0.03680507,-0.043351013,-0.05476342
/home/datasets/train/zebra/n02391049_9964.jpg,2,0.020300386,0.06105127,0.11827649,0.027147505,0.023182945,0.019300388
/home/datasets/train/zebra/n02391049_2748.jpg,2,0.040105715,0.04975,0.12468584,0.041019708,-0.015356193,-0.015376406
/home/datasets/train/zebra/048.jpg,2,0.026494298,0.023489976,0.10540189,0.018310267,0.00045861397,-0.009542028
/home/datasets/train/zebra/321.jpg,2,0.011823086,0.038922507,0.09811073,0.01088283,-0.02244677,-0.026440246
/home/datasets/train/zebra/n02391049_3174.jpg,2,0.037268758,0.039758626,0.1155635,0.01669506,0.027960619,0.008397248
/home/datasets/train/zebra/n02391049_3177.jpg,2,0.034959458,0.008056447,0.08758761,0.025242724,-0.053283885,-0.05074268
/home/datasets/train/zebra/n02391049_8425.jpg,2,0.012088935,0.024094297,0.1189699,0.021254577,-0.048339237,-0.04609531
/home/datasets/train/zebra/n02391049_7409.jpg,2,0.009812969,0.04399051,0.1043676,0.020425733,-0.00043553766,-0.02637501
/home/datasets/train/zebra/n02391049_7589.jpg,2,0.017296728,0.04863647,0.10363805,-0.004697634,0.0016376339,-0.005799683
/home/datasets/train/zebra/188.jpg,2,0.028921155,0.058362294,0.1234181,0.024187375,0.0066693136,0.016489927
/home/datasets/train/zebra/230.jpg,2,0.030274656,0.04157285,0.09497904,0.025671765,-0.009107659,-0.035300825
/home/datasets/train/zebra/n02391049_4747.jpg,2,0.01949002,0.04338811,0.116321824,0.011209364,0.0060054264,-0.0023894664
/home/datasets/train/zebra/n02391049_2757.jpg,2,0.009689612,0.023201827,0.086701505,0.02332455,-0.0010646936,-0.009665828
/home/datasets/train/zebra/image_16.jpeg,2,0.005663203,0.032234337,0.11939244,0.01857651,0.0019030552,-0.013792787
/home/datasets/train/zebra/263.jpg,2,0.016677003,0.06587068,0.11730255,0.020851245,0.035636015,0.018372936
/home/datasets/train/zebra/image_130.jpeg,2,0.008582747,0.015329224,0.11331465,-0.010260823,-0.022860005,-0.021171408
/home/datasets/train/zebra/n02391049_993.jpg,2,0.025695685,0.01983612,0.10418634,0.0066444967,0.0031930204,-0.013973474
/home/datasets/train/zebra/n02391049_4259.jpg,2,0.020843832,0.048798285,0.15758294,0.030882355,0.021081982,0.020852493
/home/datasets/train/zebra/image_8.jpeg,2,0.025679525,0.03465727,0.12291079,0.021882769,-0.023910709,-0.023229774
/home/datasets/train/zebra/n02391049_11162.jpg,2,0.021780621,0.028720204,0.11772664,0.013956245,-0.030788496,-0.03951276
/home/datasets/train/zebra/n02391049_9487.jpg,2,0.03408621,0.029999185,0.0920109,0.020727377,0.015191415,-0.0028337426
/home/datasets/train/zebra/n02391049_3465.jpg,2,0.007564718,0.021777354,0.105751075,0.016752526,0.0033968873,-0.0055087116
/home/datasets/train/zebra/zebra (27).jpg,2,0.032538887,0.03388912,0.10914341,0.030598512,-0.005115707,-0.016420785
/home/datasets/train/zebra/n02391049_1199.jpg,2,0.031162232,0.058833394,0.11620121,0.019267857,0.044331178,0.0286794
/home/datasets/train/zebra/n02391049_3028.jpg,2,0.02892603,0.04456406,0.14246908,0.026711553,0.008929819,0.0006711073
/home/datasets/train/zebra/178.jpg,2,0.022133403,0.04015021,0.110470146,0.01831505,-0.021026446,-0.028020408
/home/datasets/train/zebra/image_17.jpeg,2,0.014388746,0.027548179,0.12082046,0.018504743,-0.004540447,-0.018454276
/home/datasets/train/zebra/249.jpg,2,0.016778935,0.043968834,0.11309345,0.016490638,-0.016086224,-0.025396058
/home/datasets/train/zebra/n02391049_8102.jpg,2,0.00805009,0.04369259,0.0848611,0.017513556,0.025626829,0.008514921
/home/datasets/train/zebra/image_182.jpeg,2,0.034072787,0.03842947,0.1070476,0.040074117,0.0016097436,0.0040470324
/home/datasets/train/zebra/n02391049_497.jpg,2,0.020066231,0.04734146,0.11951183,0.032240324,0.04809775,0.042744853
/home/datasets/train/zebra/n02391049_4677.jpg,2,0.018304646,0.06810489,0.14045894,0.027287528,0.043166623,0.04137256
/home/datasets/train/zebra/n02391049_11041.jpg,2,0.020348368,0.024927497,0.103094295,0.030708054,-0.017989604,-0.034966145
/home/datasets/train/zebra/n02391049_6957.jpg,2,0.031090122,0.012868275,0.11744098,0.033875402,-0.0035563335,-0.008357841
/home/datasets/train/zebra/n02391049_628.jpg,2,0.024427192,0.08735218,0.13614224,0.02450541,0.0020223581,0.0011881785
/home/datasets/train/zebra/image_57.jpeg,2,0.024109934,0.037055686,0.13479416,0.029637508,-0.0033315085,-0.008229005
/home/datasets/train/zebra/038.jpg,2,0.018221945,0.012164409,0.14207524,0.007138067,0.01268822,0.0061267344
/home/datasets/train/zebra/n02391049_839.jpg,2,-0.0133957,0.01012816,0.10567757,-0.0034313765,-0.032909248,-0.040262207
/home/datasets/train/zebra/image_111.jpeg,2,0.036234155,0.028235324,0.12058788,0.03330633,0.0010369988,-0.0024472792
/home/datasets/train/zebra/image_2.jpeg,2,0.030253407,0.046126418,0.1180018,0.012607999,0.0010553687,-0.0024790606
/home/datasets/train/zebra/057.jpg,2,0.018776195,0.028168982,0.11369302,0.018146683,-0.015552961,-0.0038722716
/home/datasets/train/zebra/n02391049_1992.jpg,2,0.01951944,0.03381831,0.13000035,0.013255,0.0017079175,0.004632701
/home/datasets/train/zebra/n02391049_4185.jpg,2,0.026052069,0.07700589,0.13520978,0.02654963,0.023950294,0.019776732
/home/datasets/train/zebra/n02391049_3917.jpg,2,0.049910944,0.047802687,0.11319162,0.037331074,-0.018480957,-0.024060337
/home/datasets/train/zebra/n02391049_9151.jpg,2,0.00051319785,0.0037747603,0.11392042,0.013545509,-0.009558818,0.0011171158
/home/datasets/train/zebra/n02391049_4903.jpg,2,-0.0039789025,0.04076648,0.110205196,-0.013932124,-0.024007812,-0.028627582
/home/datasets/train/zebra/002.jpg,2,0.037143,0.037957497,0.08668105,0.021839583,-0.03018608,-0.04385119
/home/datasets/train/zebra/007.jpg,2,0.019578626,0.053420506,0.12419134,0.02775882,0.046288915,0.03178209
/home/datasets/train/zebra/n02391049_2698.jpg,2,0.015036295,0.03860974,0.107453905,0.014286836,-0.014553201,-0.013998449
/home/datasets/train/zebra/260.jpg,2,0.02034753,0.024423055,0.09811237,0.016693994,-0.010217898,-0.016623668
/home/datasets/train/zebra/n02391049_9911.jpg,2,-0.0074586626,0.010809746,0.07869391,-0.00774541,-0.023293491,-0.031014254
/home/datasets/train/zebra/n02391049_2895.jpg,2,0.027543243,0.05088985,0.097998835,0.03297756,-0.015535068,-0.021392146
/home/datasets/train/zebra/n02391049_2163.jpg,2,0.021181297,0.022439893,0.095023274,0.03395073,-0.03763767,-0.052544944
/home/datasets/train/zebra/n02391049_6655.jpg,2,0.01888487,0.04554137,0.11480009,-0.0014345921,0.013035959,0.0072285943
/home/datasets/train/zebra/n02391049_7581.jpg,2,0.028309012,0.038858593,0.096961744,0.040819302,-0.0035625799,-0.02332027
/home/datasets/train/zebra/n02391049_5165.jpg,2,0.010720299,0.007501508,0.10638116,0.023202782,-0.002090197,-0.006603483
/home/datasets/train/zebra/n02391049_2146.jpg,2,0.03293065,0.025365017,0.106805645,0.018413521,-0.027304852,-0.03318278
/home/datasets/train/zebra/n02391049_6962.jpg,2,0.04199431,0.041313604,0.12817013,0.03201332,0.02997119,0.0378085
/home/datasets/train/zebra/image_91.jpeg,2,0.00554364,0.032343626,0.10909161,0.014175404,0.00020230748,0.0075518885
/home/datasets/train/zebra/n02391049_2883.jpg,2,0.011012122,0.06910007,0.13598502,0.011429686,0.04399723,0.0351154
/home/datasets/train/zebra/n02391049_2228.jpg,2,0.040098354,0.049925283,0.12321822,0.024303127,0.017025165,-0.0055887504
/home/datasets/train/zebra/n02391049_9317.jpg,2,0.024586745,0.019757159,0.119879566,0.021761587,-0.0013390351,-0.0038699433
/home/datasets/train/zebra/273.jpg,2,0.020309975,0.03452591,0.11244542,0.03833853,-0.008406537,-0.010304771
/home/datasets/train/zebra/n02391049_2786.jpg,2,0.0006278092,0.046575613,0.117605686,0.008834413,0.0025862586,-0.015202003
/home/datasets/train/zebra/n02391049_704.jpg,2,0.008696679,0.00206119,0.0972978,0.012895597,0.0006781239,-0.0109064
/home/datasets/train/zebra/n02391049_3293.jpg,2,0.0050549586,0.035186075,0.12535463,0.012839455,0.012303515,0.0119061805
/home/datasets/train/zebra/374.jpg,2,0.015352201,0.037967555,0.11021966,0.016533667,-0.048834004,-0.053207777
/home/datasets/train/zebra/n02391049_2639.jpg,2,0.046945825,0.039027296,0.11933374,0.037179288,0.027182365,0.0024796315
/home/datasets/train/zebra/n02391049_3294.jpg,2,-0.007276917,0.01595885,0.08783227,-0.0001015733,-0.045637988,-0.04542507
/home/datasets/train/zebra/n02391049_2507.jpg,2,0.014904431,0.026324764,0.11746298,0.014449282,-0.027077569,-0.041431412
/home/datasets/train/zebra/n02391049_2967.jpg,2,0.020381112,0.034982957,0.11651021,0.018016081,0.012159043,0.0044829473
/home/datasets/train/zebra/2a285c7664.jpg,2,0.032365017,0.023888696,0.12260432,0.04307151,0.039416477,0.032353155
/home/datasets/train/zebra/n02391049_1125.jpg,2,0.021617195,0.039832067,0.099697605,0.010245064,0.03770256,0.027877884
/home/datasets/train/zebra/image_153.jpeg,2,0.03159097,0.028403688,0.13096195,0.010391819,-0.039593615,-0.033074185
/home/datasets/train/zebra/image_31.jpeg,2,0.02237549,0.037931312,0.09206229,-0.0076627554,-0.017401457,-0.01812309
/home/datasets/train/zebra/092.jpg,2,0.027505802,0.038599506,0.11969229,0.030143585,-0.020265827,-0.033568665
/home/datasets/train/zebra/252.jpg,2,0.04166772,0.020999884,0.110845484,0.040353283,-0.015975565,-0.03291964
/home/datasets/train/zebra/n02391049_2304.jpg,2,0.027106892,0.036483727,0.11504004,0.006952749,0.005334741,0.012200835
/home/datasets/train/zebra/n02391049_8158.jpg,2,0.030046482,0.03485853,0.105258584,0.034326896,-0.015508065,-0.018727614
/home/datasets/train/zebra/n02391049_2183.jpg,2,0.054795932,0.072893314,0.14071837,0.05575001,0.0075710258,0.011098701
/home/datasets/train/zebra/image_11.jpeg,2,-0.0065067424,0.014549737,0.10874584,-0.005166584,-0.035027206,-0.047342435
/home/datasets/train/zebra/zebra (46).jpg,2,0.009545159,0.030312566,0.12031599,0.012447132,-0.0043791314,-0.002732873
/home/datasets/train/zebra/n02391049_2003.jpg,2,-0.00081880623,0.005477599,0.1239021,0.0030394094,-0.006180194,-0.0069697397
/home/datasets/train/zebra/n02391049_10342.jpg,2,0.02631309,0.04672817,0.113538526,0.01557987,-0.0071777483,-0.018317856
/home/datasets/train/zebra/9c23e26c9d.jpg,2,0.016797597,0.044895966,0.1015617,0.026723733,0.013304444,0.004413357
/home/datasets/train/zebra/n02391049_9822.jpg,2,0.020999957,0.05225517,0.107125126,0.004356895,0.034930184,0.021203334
/home/datasets/train/zebra/n02391049_934.jpg,2,0.023895023,0.016769662,0.09707001,0.00044749398,-0.017794989,-0.020826822
/home/datasets/train/zebra/n02391049_3785.jpg,2,-0.016780326,0.034574218,0.11814776,0.015332902,-0.028654397,-0.03296743
/home/datasets/train/zebra/134.jpg,2,0.023614062,0.047812145,0.135534,0.024512365,0.015542365,0.034951262
/home/datasets/train/zebra/785be6d4b5.jpg,2,0.03623668,0.056187883,0.13077022,0.022174172,0.015256724,0.0054956116
/home/datasets/train/zebra/n02391049_1314.jpg,2,0.017830057,0.092044376,0.15942478,0.026302973,0.0044325786,0.034761235
/home/datasets/train/zebra/image_87.jpeg,2,0.027069347,0.026040096,0.11035621,0.017433353,-0.0030553346,-0.028739901
/home/datasets/train/zebra/n02391049_7566.jpg,2,0.016008519,0.040486038,0.10509815,0.006539655,0.027484365,0.0069293836
/home/datasets/train/zebra/n02391049_4034.jpg,2,0.04266844,0.05569028,0.12896407,0.046381935,0.039850928,0.04052771
/home/datasets/train/zebra/image_47.jpeg,2,-0.0010487828,0.020018857,0.10886547,0.016168775,-0.044131856,-0.045508068
/home/datasets/train/zebra/n02391049_2466.jpg,2,0.0015419624,0.022462545,0.109832354,0.03055457,0.0009201206,0.0066845454
/home/datasets/train/zebra/n02391049_3022.jpg,2,0.011978032,0.030794073,0.10890605,0.013801386,0.0052924603,-0.0026483694
/home/datasets/train/zebra/n02391049_3219.jpg,2,0.007963146,0.028185831,0.12575124,0.0057106446,-0.0005653128,0.0044456944
/home/datasets/train/zebra/n02391049_1551.jpg,2,0.05078645,0.045585863,0.122597806,0.04896612,-0.013337202,-0.030067278
/home/datasets/train/zebra/n02391049_9625.jpg,2,-0.010295702,0.024172937,0.122010924,-0.006687656,-0.004476154,0.0018529836
/home/datasets/train/zebra/n02391049_1434.jpg,2,0.01260866,0.029806543,0.10861255,0.0103758415,-0.0021618642,0.0032059345
/home/datasets/train/zebra/zebra (53).jpg,2,-0.0027000243,0.024827555,0.115955204,0.021907862,-0.015592088,-0.022612652
/home/datasets/train/zebra/n02391049_10682.jpg,2,0.030995853,0.048970316,0.113560334,0.037359238,0.008382726,0.0012658583
/home/datasets/train/zebra/n02391049_10837.jpg,2,0.033608958,0.046502814,0.12040335,0.031258687,0.0013182703,-0.018005751
/home/datasets/train/zebra/010.jpg,2,0.024903316,0.087041266,0.14577805,0.03170367,0.012330955,0.0068358537
/home/datasets/train/zebra/n02391049_3251.jpg,2,0.036164105,0.045296483,0.15942957,0.025542382,0.054860815,0.05646004
/home/datasets/train/zebra/zebra (36).jpg,2,0.023800328,0.02684718,0.13145779,0.036892295,-0.01577457,-0.010081258
/home/datasets/train/zebra/n02391049_8447.jpg,2,0.004450062,0.031165324,0.09106374,-0.0049678553,-0.0043751616,-0.01475498
/home/datasets/train/zebra/image_163.jpeg,2,0.026808329,0.030614555,0.121791855,0.024613176,-0.019690095,-0.013556591
/home/datasets/train/zebra/n02391049_2098.jpg,2,0.022899358,0.018838791,0.09900546,0.03019903,0.0072767753,-0.013508957
/home/datasets/train/zebra/n02391049_9533.jpg,2,0.008028977,0.06375694,0.121951886,-0.008093494,0.014669639,0.00357146
/home/datasets/train/zebra/n02391049_9977.jpg,2,0.001386232,0.026534144,0.12831534,-0.012817083,0.03953887,0.022937981
/home/datasets/train/zebra/zebra (40).jpg,2,0.0050360938,0.051656168,0.11052811,-0.0070485123,0.023152608,0.0036134385
/home/datasets/train/zebra/4f5b41a0f6.jpg,2,0.035777166,0.044400726,0.10352911,0.015943808,0.012410477,-0.00062727835
/home/datasets/train/zebra/232.jpg,2,0.015024056,0.027554937,0.10721457,0.018089412,-0.029805232,-0.034733135
/home/datasets/train/zebra/iimage_23 (26).jpeg,2,0.011072007,0.060754083,0.12313135,-0.0012714544,-0.0046891076,0.0022263005
/home/datasets/train/zebra/n02391049_2741.jpg,2,0.008937529,0.02414504,0.1060729,0.033732478,0.005309996,0.007456026
/home/datasets/train/zebra/n02391049_1516.jpg,2,0.017687555,0.036963202,0.1096933,0.022810753,-0.025677888,-0.029547637
/home/datasets/train/zebra/n02391049_2687.jpg,2,0.036797978,0.027976932,0.10833742,0.057152014,-0.022411436,-0.03408412
/home/datasets/train/zebra/n02391049_2752.jpg,2,0.013925815,0.031359963,0.122522876,0.011374422,-0.0027521527,-0.0061786547
/home/datasets/train/zebra/346.jpg,2,0.018089157,0.009610055,0.10410966,0.03345488,-0.023076147,-0.033525802
/home/datasets/train/zebra/258.jpg,2,0.042620152,0.031860154,0.12113856,0.046420965,-0.016005004,-0.029101668
/home/datasets/train/zebra/n02391049_1751.jpg,2,0.01916356,0.021920813,0.11480643,0.027845416,-0.005486274,-0.016661905
/home/datasets/train/zebra/n02391049_3091.jpg,2,0.02480675,0.06130638,0.11951209,0.02850079,0.022369754,0.017655412
/home/datasets/train/zebra/n02391049_2982.jpg,2,0.009603855,0.031015215,0.10839795,0.0074713444,-0.005151067,-0.015169906
/home/datasets/train/zebra/489e17d69e.jpg,2,0.0022234824,0.010641163,0.0921568,0.007955786,-0.008398423,-0.017070562
/home/datasets/train/zebra/n02391049_5527.jpg,2,0.0185395,0.048469175,0.10800797,0.0005118423,0.02020243,0.028908493
/home/datasets/train/zebra/n02391049_3073.jpg,2,0.027032742,0.023503443,0.14004165,0.045716,0.053660866,0.046132863
/home/datasets/train/zebra/image_62.jpeg,2,0.013088461,0.030568894,0.1298342,0.01478098,0.027081482,0.01914723
/home/datasets/train/zebra/n02391049_56.jpg,2,0.018609503,0.018784918,0.08227933,-0.007573641,-0.033044066,-0.032949395
/home/datasets/train/zebra/image_118.jpeg,2,0.03204781,0.02150404,0.10694067,0.015116912,-0.013842204,-0.012641875
/home/datasets/train/zebra/n02391049_6184.jpg,2,0.022664782,0.055642687,0.1429289,0.03532856,0.0027904268,0.0025890497
/home/datasets/train/zebra/n02391049_589.jpg,2,0.048945513,0.03567708,0.085359685,0.032346494,0.0040631574,-0.013135739
/home/datasets/train/zebra/n02391049_335.jpg,2,0.004651607,0.0376491,0.117626764,0.0040712105,-0.0023232903,-0.007819615
/home/datasets/train/zebra/088.jpg,2,0.010448084,0.051364604,0.08904252,0.022451214,-0.0106332805,-0.022864424
/home/datasets/train/zebra/n02391049_796.jpg,2,-0.003778293,0.059202444,0.11646212,0.005743311,0.02537661,0.017075302
/home/datasets/train/zebra/n02391049_721.jpg,2,0.016557587,-0.00055227266,0.08381039,0.028298765,-0.033091556,-0.043908495
/home/datasets/train/zebra/n02391049_1884.jpg,2,0.0077752573,0.07296865,0.1561171,0.0029631318,0.04322525,0.048606098
/home/datasets/train/zebra/348.jpg,2,0.0063045183,0.036709398,0.107473284,0.0056470754,-0.06478836,-0.06459018
/home/datasets/train/zebra/n02391049_2386.jpg,2,0.05078645,0.045585863,0.122597806,0.04896612,-0.013337202,-0.030067278
/home/datasets/train/zebra/n02391049_1121.jpg,2,0.020790188,0.045960467,0.13617936,0.016219564,0.006918342,0.023787988
/home/datasets/train/zebra/n02391049_1378.jpg,2,0.0029482539,0.0108271055,0.087941445,-0.0011596263,-0.019125614,-0.018609645
/home/datasets/train/zebra/9e2a9415dc.jpg,2,0.0005399755,0.026651632,0.12553316,0.009599678,-0.017013561,-0.007914744
/home/datasets/train/zebra/n02391049_2767.jpg,2,0.03258094,0.029951029,0.10575156,0.021745678,0.004986828,1.3466924e-06
/home/datasets/train/zebra/n02391049_603.jpg,2,0.029227776,0.03212102,0.122050405,0.00984926,-0.011639715,-0.017994992
/home/datasets/train/zebra/n02391049_127.jpg,2,0.013270687,0.04158803,0.11844532,0.0061054635,0.017793236,0.0057264706
/home/datasets/train/zebra/021.jpg,2,0.03750991,0.02482805,0.11198853,0.047709808,0.008202671,0.0098586455
/home/datasets/train/zebra/n02391049_835.jpg,2,0.035625763,0.039242707,0.09578199,0.013107003,-0.024250487,-0.034006894
/home/datasets/train/zebra/n02391049_2337.jpg,2,0.011496682,0.016494969,0.10326826,-0.011661842,-0.022009656,-0.014889452
/home/datasets/train/zebra/n02391049_379.jpg,2,0.0045291246,0.032547068,0.11557476,-0.014903176,-0.017005624,-0.022137512
/home/datasets/train/zebra/zebra (30).jpg,2,0.014975755,0.031480122,0.10887754,0.013073105,-0.029563304,-0.03605874
/home/datasets/train/zebra/n02391049_7678.jpg,2,0.025183775,0.046555243,0.1197578,0.01745606,0.023335025,0.015801724
/home/datasets/train/zebra/n02391049_3072.jpg,2,0.022069633,0.0669734,0.13166112,0.033680607,0.03537453,0.025040861
/home/datasets/train/zebra/iimage_23 (2).jpeg,2,0.037658997,0.030092128,0.10995435,0.023200013,-0.026432281,-0.035042986
/home/datasets/train/zebra/282.jpg,2,0.002763067,0.029358946,0.118369274,-0.0033523329,0.008162944,0.0071015134
/home/datasets/train/zebra/303.jpg,2,0.02222596,0.01380661,0.09235314,0.009688409,-0.033488307,-0.03240372
/home/datasets/train/zebra/n02391049_18.jpg,2,0.012875429,0.026594292,0.103162624,0.0028808364,-0.015974434,-0.019104071
/home/datasets/train/zebra/106.jpg,2,0.03125414,0.021667289,0.1280234,0.033477116,0.049120113,0.022055
/home/datasets/train/zebra/n02391049_1188.jpg,2,0.016640052,0.051065944,0.1387575,0.004287435,0.03283413,0.04364489
/home/datasets/train/zebra/n02391049_633.jpg,2,0.013698785,0.01606662,0.10858469,0.02806063,-0.017730411,-0.039098926
/home/datasets/train/zebra/image_148.jpeg,2,0.008712271,0.01294127,0.10819841,0.01689218,0.021746371,-0.00039477833
/home/datasets/train/zebra/n02391049_10063.jpg,2,0.014851419,0.04167009,0.10656011,0.014832008,-0.024928335,-0.027345259
/home/datasets/train/zebra/n02391049_10239.jpg,2,0.03789985,0.03039884,0.11641419,0.044552498,-0.009588387,-0.008619454
/home/datasets/train/zebra/image_175.jpeg,2,0.007981374,0.017118182,0.108159654,0.0030014687,-0.029614966,-0.030353973
/home/datasets/train/zebra/180.jpg,2,0.009281354,0.018011052,0.098817915,0.018338474,-0.028385665,-0.032986186
/home/datasets/train/zebra/n02391049_5005.jpg,2,0.025020594,0.028146965,0.12467195,0.024518475,0.011452328,0.018751029
/home/datasets/train/zebra/n02391049_3291.jpg,2,0.015259691,0.021673271,0.10295309,0.02888603,-0.013534801,-0.026642684
/home/datasets/train/zebra/image_151.jpeg,2,0.013091462,0.041748688,0.1269758,0.01769833,0.031920787,0.013917026
/home/datasets/train/zebra/355.jpg,2,0.027469382,0.020362556,0.10461398,0.009885898,-0.017021121,-0.028639719
/home/datasets/train/zebra/n02391049_3054.jpg,2,0.02501402,0.020459078,0.08342673,0.028662948,-0.042831793,-0.049570307
/home/datasets/train/zebra/n02391049_2806.jpg,2,0.031388454,0.04753431,0.10312453,0.0086933095,0.01858838,-0.003804369
/home/datasets/train/zebra/n02391049_9675.jpg,2,0.03925828,0.04192656,0.11063908,0.038175587,0.00672595,0.009516269
/home/datasets/train/zebra/n02391049_474.jpg,2,0.014049437,0.019377876,0.1477173,0.035015747,-0.010100829,0.028765794
/home/datasets/train/zebra/n02391049_999.jpg,2,0.0067743533,0.03349568,0.107909456,-0.0043841754,0.013177476,0.008032665
/home/datasets/train/zebra/2ca8813e35.jpg,2,0.019954298,0.04275507,0.11267747,0.03790422,-0.015096521,-0.021600852
/home/datasets/train/zebra/n02391049_155.jpg,2,-0.0029463354,0.024875296,0.122204624,0.0064525683,-0.0151149705,-0.009012484
/home/datasets/train/zebra/n02391049_1316.jpg,2,0.0167695,0.0045512915,0.12576848,0.04098919,-0.020899,-0.030175531
/home/datasets/train/zebra/n02391049_10398.jpg,2,0.02006609,0.041770972,0.099317454,0.0118130725,0.06254211,0.043844115
/home/datasets/train/zebra/n02391049_2221.jpg,2,-0.0031405515,0.04587613,0.14502747,0.014853788,0.0091513945,-0.000111629255
/home/datasets/train/zebra/n02391049_437.jpg,2,-0.0012093,0.023189187,0.12264989,-0.002751537,0.012073206,0.012754726
/home/datasets/train/zebra/n02391049_425.jpg,2,0.0092528965,0.0008799443,0.12222447,0.020819372,0.007142149,-0.0020133406
/home/datasets/train/zebra/n02391049_9016.jpg,2,0.03500033,0.039109014,0.103546605,0.028077606,0.013750468,0.0073295217
/home/datasets/train/zebra/313.jpg,2,0.0056794616,0.01186222,0.1031171,0.03688921,-0.019196982,-0.03110377
/home/datasets/train/zebra/343.jpg,2,0.0032791882,0.038522616,0.10581952,0.006161005,-0.061117288,-0.059027288
/home/datasets/train/zebra/n02391049_10825.jpg,2,0.011688576,0.043482915,0.11629389,0.013855716,0.04967895,0.027977364
/home/datasets/train/zebra/image_122.jpeg,2,0.005993078,0.024506023,0.086668305,-0.018776882,-0.06103086,-0.06259057
/home/datasets/train/zebra/image_66.jpeg,2,0.03352247,0.029454412,0.11861625,0.029928045,-0.03339884,-0.031137582
/home/datasets/train/zebra/n02391049_1419.jpg,2,0.0041100923,0.0040458404,0.11156289,0.0136724645,-0.018310118,-0.028212227
/home/datasets/train/zebra/4c66fba940.jpg,2,0.016616276,0.03336815,0.13708788,0.031122943,0.02029829,0.013657898
/home/datasets/train/zebra/014.jpg,2,0.029146336,0.03979519,0.100360036,0.042967387,-0.0076040523,-0.0111780455
/home/datasets/train/zebra/n02391049_9804.jpg,2,0.0083727995,0.04727389,0.10815452,0.00010462641,0.02316566,0.021343052
/home/datasets/train/zebra/n02391049_111.jpg,2,0.028386176,0.04122051,0.14085749,0.039585218,0.033577096,0.00017525256
/home/datasets/train/zebra/n02391049_3805.jpg,2,0.026924059,0.047044802,0.109908365,0.037443638,0.02038907,0.019968612
/home/datasets/train/zebra/028.jpg,2,0.019657558,0.06074976,0.10968259,0.027091686,0.029738039,0.018083755
/home/datasets/train/zebra/n02391049_7584.jpg,2,0.03095898,0.0359771,0.11722146,0.028687395,0.0078804,0.0033952603
/home/datasets/train/zebra/n02391049_8444.jpg,2,0.029420197,0.009718107,0.12113259,0.030351276,-0.009571223,-0.013113905
/home/datasets/train/zebra/n02391049_108.jpg,2,0.028956562,0.031824067,0.092816144,0.028947886,0.017473733,0.016903803
/home/datasets/train/zebra/n02391049_1124.jpg,2,0.042535078,0.035745308,0.12932745,0.030402763,0.03971989,0.027033808
/home/datasets/train/zebra/267.jpg,2,0.01509433,0.021875728,0.11252427,0.017503148,0.0050425194,0.003214688
/home/datasets/train/zebra/077.jpg,2,0.022266282,0.038885847,0.10046719,0.027241714,-0.02176895,-0.038912334
/home/datasets/train/zebra/n02391049_551.jpg,2,0.027923044,0.053812668,0.11294517,0.021952093,0.05067534,0.02418782
/home/datasets/train/zebra/196.jpg,2,0.02212996,0.032917082,0.10528673,0.02544965,-0.004593054,-0.018995784
/home/datasets/train/zebra/n02391049_2616.jpg,2,0.016415354,0.0050336914,0.09085472,0.014322424,-0.043678038,-0.04825204
/home/datasets/train/zebra/287.jpg,2,0.011229048,0.014113818,0.08958633,0.010581652,-0.05711703,-0.05816355
/home/datasets/train/zebra/zebra (39).jpg,2,0.0050360938,0.051656168,0.11052811,-0.0070485123,0.023152608,0.0036134385
/home/datasets/train/zebra/n02391049_9421.jpg,2,0.046441056,0.060316063,0.12585184,0.04370813,0.022046918,0.017535932
/home/datasets/train/zebra/n02391049_602.jpg,2,0.028770253,0.03215901,0.115785316,0.031669404,0.0111883,-0.0062211948
/home/datasets/train/zebra/182.jpg,2,0.015105104,0.025710542,0.10744635,0.0010950656,-0.007457711,-0.0062157437
/home/datasets/train/zebra/image_32.jpeg,2,0.03544545,0.05247908,0.11527674,0.045409966,0.020874169,0.019758515
/home/datasets/train/zebra/357.jpg,2,0.016147625,0.033622336,0.11577757,0.005406609,-0.0015737521,-0.0053987205
/home/datasets/train/zebra/016.jpg,2,-0.009744949,0.010570214,0.100919984,-0.0004390562,-0.053618446,-0.05259242
/home/datasets/train/zebra/iimage_23 (25).jpeg,2,0.03869566,0.032830033,0.110445835,0.038113378,-0.019291468,-0.036534656
/home/datasets/train/zebra/n02391049_2136.jpg,2,0.03390952,0.050496545,0.11165303,0.03764373,-0.034213793,-0.039251864
/home/datasets/train/zebra/zebra (21).jpg,2,0.015220169,0.030381508,0.11003413,0.029678456,0.017264307,0.014549931
/home/datasets/train/zebra/025.jpg,2,0.033149548,0.036169916,0.12196449,0.019154226,-0.0076630944,-0.011436308
/home/datasets/train/zebra/n02391049_4027.jpg,2,0.008895941,0.043143317,0.10828048,0.006895234,0.018067122,0.017326582
/home/datasets/train/zebra/60af7b19e1.jpg,2,0.018508967,0.037860833,0.11647028,0.0071018343,-0.019102432,-0.020902514
/home/datasets/train/zebra/n02391049_3149.jpg,2,0.0024564695,0.026090328,0.08893677,-0.02315496,-0.020917892,-0.024795456
/home/datasets/train/zebra/049.jpg,2,0.020077039,0.015016446,0.1013346,0.025171017,-0.020640159,-0.029985592
/home/datasets/train/zebra/n02391049_713.jpg,2,0.02654929,0.0345317,0.073441915,0.03598709,-0.03664373,-0.04785073
/home/datasets/train/zebra/n02391049_5711.jpg,2,0.015217107,0.033803005,0.10326876,0.026570976,-0.012084838,-0.017190786
/home/datasets/train/zebra/239.jpg,2,0.02188362,0.024287187,0.11253761,0.033852093,-0.028385397,-0.039748624
/home/datasets/train/zebra/n02391049_8488.jpg,2,0.008902775,0.04431748,0.096757025,-0.019882495,0.008222933,-0.013026764
/home/datasets/train/zebra/n02391049_927.jpg,2,0.021662887,0.050047897,0.14026836,0.026587285,0.015974594,0.0025627203
/home/datasets/train/zebra/n02391049_725.jpg,2,0.013801143,0.033530258,0.09373462,-0.00057192985,0.004325485,-0.011393227
/home/datasets/train/zebra/n02391049_789.jpg,2,0.0054570194,0.039398953,0.12919724,0.011484191,0.0046890057,0.012332158
/home/datasets/train/zebra/n02391049_3271.jpg,2,0.024563834,0.033348165,0.10591376,0.0033106345,-0.024641916,-0.014943289
/home/datasets/train/zebra/n02391049_3536.jpg,2,0.0324811,0.038586866,0.10517298,0.04528567,0.030797673,0.038461275
/home/datasets/train/zebra/n02391049_1267.jpg,2,0.0029743323,0.019998778,0.112396926,0.0034265593,-0.010689943,-0.012335805
/home/datasets/train/zebra/174.jpg,2,0.021403082,0.028478205,0.103554994,0.009776436,-0.022489198,-0.047489695
/home/datasets/train/zebra/n02391049_8526.jpg,2,-0.00951534,0.042983584,0.11431709,0.008970728,0.010985167,-0.008128189
/home/datasets/train/zebra/n02391049_5333.jpg,2,0.020433627,0.017872615,0.11307809,0.04180915,-0.024654282,-0.042151064
/home/datasets/train/zebra/018.jpg,2,0.02633863,0.028524462,0.12123806,0.036169473,-0.020440038,-0.033871643
/home/datasets/train/zebra/171.jpg,2,0.013588651,0.03990499,0.11443896,-0.015546907,-0.010249108,-0.013785926
/home/datasets/train/zebra/n02391049_5131.jpg,2,0.02463215,0.04580731,0.10210291,0.030747892,-0.010463735,-0.023937583
/home/datasets/train/zebra/n02391049_3578.jpg,2,0.016175192,0.03721204,0.1261235,0.020874463,-0.008349194,-0.01848799
/home/datasets/train/zebra/n02391049_1097.jpg,2,7.533142e-05,0.04646538,0.16553701,0.01628647,0.037689738,0.055000164
/home/datasets/train/zebra/371.jpg,2,0.02277308,0.06804611,0.11823519,0.025199607,0.03235719,0.008948731
/home/datasets/train/zebra/n02391049_9719.jpg,2,0.015173718,0.042919904,0.129296,0.024177913,0.028513014,0.025287883
/home/datasets/train/zebra/image_7.jpeg,2,0.029113749,0.0432806,0.111399174,0.018743675,0.0003970461,0.008304371
/home/datasets/train/zebra/003.jpg,2,0.015405662,0.03394014,0.10971986,0.00963914,0.017447336,-0.0018204469
/home/datasets/train/zebra/n02391049_5217.jpg,2,0.023441203,0.035124812,0.12667191,0.016230935,0.017857704,0.0042590173
/home/datasets/train/zebra/image_14.jpeg,2,0.013223726,0.036831923,0.10317535,0.008074952,-0.008605119,-0.011762028
/home/datasets/train/zebra/112.jpg,2,0.010660797,0.034387324,0.116174854,0.0077717714,-0.017939059,-0.015393823
/home/datasets/train/zebra/image_71.jpeg,2,-0.010747936,0.028254095,0.129298,-0.011359371,-0.03037011,-0.028256664
/home/datasets/train/zebra/779ee4ab23.jpg,2,-0.0006871701,0.05168627,0.111939274,-0.013053794,0.012674173,0.0032533407
/home/datasets/train/zebra/n02391049_141.jpg,2,0.019712102,0.027767,0.095117174,-0.008714369,0.002881418,-0.00044492912
/home/datasets/train/zebra/046.jpg,2,0.03459735,0.012524837,0.09756194,0.02847453,0.028674886,0.023210077
/home/datasets/train/zebra/n02391049_841.jpg,2,0.00715801,0.03725669,0.1188501,-0.008101176,0.008094616,-0.0023604129
/home/datasets/train/zebra/031.jpg,2,0.011887668,0.019502506,0.1083734,0.030241536,0.0077932067,0.0015352964
/home/datasets/train/zebra/n02391049_4525.jpg,2,0.0033791992,0.04540158,0.12350932,-0.005786604,-0.008755956,-0.0031000935
/home/datasets/train/zebra/027.jpg,2,0.010710578,0.024787217,0.093105525,0.02429034,-0.025921714,-0.042248067
/home/datasets/train/zebra/n02391049_4932.jpg,2,0.0060272226,-0.0003277557,0.10335109,0.015452507,-0.043567173,-0.05154388
/home/datasets/train/zebra/n02391049_2743.jpg,2,0.009253051,0.02471912,0.103394344,0.019360766,-0.025157318,-0.02686584
/home/datasets/train/zebra/08e88cb0eb.jpg,2,0.016325464,0.026670776,0.114403665,0.0043298323,-0.039357543,-0.047354154
/home/datasets/train/zebra/185.jpg,2,0.03837213,0.048448227,0.11068625,0.025300719,0.0014617937,-0.00676273
/home/datasets/train/zebra/090.jpg,2,0.0265061,0.03421346,0.13276698,0.02523315,0.010906496,-0.012571454
/home/datasets/train/zebra/n02391049_9122.jpg,2,0.026779471,0.035211552,0.1106795,0.028548874,-0.0117824115,-0.021417858
/home/datasets/train/zebra/n02391049_644.jpg,2,0.005457481,0.026883572,0.11517951,-0.022313213,0.0155539615,0.015420603
/home/datasets/train/zebra/n02391049_6015.jpg,2,0.02723622,0.035423078,0.1385276,0.026397768,0.045286708,0.029975476
/home/datasets/train/zebra/n02391049_2691.jpg,2,0.030535068,0.003274993,0.09507929,0.027069831,-0.029334644,-0.035747975
/home/datasets/train/zebra/n02391049_1451.jpg,2,0.050611045,-0.010523957,0.078493096,0.038018502,-0.017937537,-0.033872824
/home/datasets/train/zebra/image_95.jpeg,2,0.01952944,0.03574637,0.11135021,0.0120952325,-0.0076542264,-0.0059043746
/home/datasets/train/zebra/n02391049_2814.jpg,2,0.016754903,0.02944915,0.124047555,0.005271147,0.011966677,0.013423717
/home/datasets/train/zebra/6eebb7baff.jpg,2,0.018690195,0.012012992,0.09341267,0.032938458,-0.006774788,-0.018752586
/home/datasets/train/zebra/n02391049_1012.jpg,2,0.032148756,0.022611003,0.12759694,0.0226446,0.019728648,0.0016674716
/home/datasets/train/zebra/n02391049_4814.jpg,2,0.025710564,0.045511395,0.11306619,0.022846622,0.00029259454,-0.016800445
/home/datasets/train/zebra/iimage_23 (35).jpeg,2,0.017409123,0.033123624,0.13091996,0.027411269,0.0059263147,-0.004038158
/home/datasets/train/zebra/247.jpg,2,-0.002595882,0.028835066,0.08840984,-0.026333787,-0.028543653,-0.026728168
/home/datasets/train/zebra/n02391049_5586.jpg,2,0.011696706,0.02603959,0.09159334,0.017370243,-0.024038013,-0.034295224
/home/datasets/train/zebra/n02391049_3582.jpg,2,-0.009521799,0.015572897,0.118310586,-0.0060942196,-0.034835283,-0.044722725
/home/datasets/train/zebra/n02391049_2361.jpg,2,0.0028150533,0.014901613,0.09580182,0.0082117645,-0.008830025,-0.0220263
/home/datasets/train/zebra/n02391049_2091.jpg,2,0.025038194,0.018082239,0.10071892,0.020530535,0.0038830573,-0.00752177
/home/datasets/train/zebra/n02391049_5853.jpg,2,0.013105409,0.043793693,0.12550892,0.032197867,0.035732836,0.038926415
/home/datasets/train/zebra/n02391049_8616.jpg,2,0.017215144,0.06385201,0.16003975,0.014894338,0.029370265,0.029046308
/home/datasets/train/zebra/n02391049_6471.jpg,2,0.032612734,0.021655615,0.13088772,0.03277063,-0.022413177,-0.011218261
/home/datasets/train/zebra/zebra (38).JPG,2,0.00534328,0.036040757,0.087086216,-0.013785418,0.009887749,0.0050968295
/home/datasets/train/zebra/n02391049_499.jpg,2,0.015099974,0.042926855,0.11965064,-0.004150594,0.0018582083,-0.008983869
/home/datasets/train/zebra/n02391049_10123.jpg,2,-0.0006975052,0.043710858,0.13991594,0.014575714,0.019611562,0.030804053
/home/datasets/train/zebra/n02391049_1846.jpg,2,0.03726158,0.010716229,0.1017833,0.040088676,-0.022442248,-0.036958452
/home/datasets/train/zebra/n02391049_1908.jpg,2,0.028224628,0.015601207,0.112188384,0.02611043,-0.0062448834,-0.0039447583
/home/datasets/train/zebra/n02391049_4218.jpg,2,0.03001433,0.046875134,0.17131443,0.0465047,0.030361453,0.022965664
/home/datasets/train/zebra/n02391049_10339.jpg,2,0.049310505,0.0189524,0.102358505,0.041227765,-0.031911768,-0.03023363
/home/datasets/train/zebra/n02391049_6622.jpg,2,0.031138275,0.03694122,0.11829164,0.027328974,-0.008050083,-0.01104663
/home/datasets/train/zebra/image_86.jpeg,2,0.016101735,0.03724714,0.12392368,0.011779143,0.04432042,0.032383792
/home/datasets/train/zebra/n02391049_2627.jpg,2,0.028763982,0.017267296,0.13419849,0.043649606,-0.0013549905,-0.022182357
/home/datasets/train/zebra/n02391049_1195.jpg,2,0.0050032837,0.025574867,0.110887006,0.016169762,-0.027440853,-0.02459893
/home/datasets/train/zebra/image_142.jpeg,2,0.02952578,0.055976793,0.106153846,0.014787331,0.057566807,0.054948054
/home/datasets/train/zebra/051.jpg,2,0.01916286,0.05046833,0.1329731,0.029059516,-0.036681045,-0.032589037
/home/datasets/train/zebra/n02391049_465.jpg,2,0.0207063,0.038294688,0.11428207,0.02335103,0.044403445,0.03050198
/home/datasets/train/zebra/n02391049_3878.jpg,2,0.046111017,0.03393581,0.10081157,0.02712377,-0.0074273916,-0.009396637
/home/datasets/train/zebra/zebra (16).jpg,2,0.010668055,0.046625428,0.12200254,0.010370114,0.006777665,0.0040410743
/home/datasets/train/zebra/n02391049_3306.jpg,2,0.01966138,0.041816268,0.11272191,0.05095184,-0.036873963,-0.03507843
/home/datasets/train/zebra/324.jpg,2,0.032921717,0.035669863,0.12912107,0.036581658,-0.02105119,-0.025620949
/home/datasets/train/zebra/12b469bef7.jpg,2,0.029244589,0.02246498,0.11918511,0.00019263104,-0.028764784,-0.025583886
/home/datasets/train/zebra/246.jpg,2,0.012076991,0.0078669535,0.0960715,0.03379032,-0.004317529,-0.0073783025
/home/datasets/train/zebra/319.jpg,2,0.016607737,0.028455978,0.09131405,0.0045931586,-0.0316788,-0.032813907
/home/datasets/train/zebra/373.jpg,2,0.018521652,0.01621186,0.11500836,0.026792452,0.010024753,0.014002582
/home/datasets/train/zebra/zebra (25).jpg,2,0.030951962,0.026847301,0.10487576,0.017093923,-0.026426794,-0.03343027
/home/datasets/train/zebra/n02391049_3096.jpg,2,0.03259923,0.020175956,0.10748653,0.02573938,0.0073559787,0.0007941108
/home/datasets/train/zebra/n02391049_2162.jpg,2,0.03716607,0.008176881,0.1057905,0.03830803,-0.014529472,-0.005251662
/home/datasets/train/zebra/n02391049_295.jpg,2,0.020161897,0.03694791,0.10100952,0.026241427,-0.032169476,-0.039210077
/home/datasets/train/zebra/iimage_23 (34).jpeg,2,0.03560317,0.03715426,0.1304775,0.029258275,0.03557619,0.025749251
/home/datasets/train/zebra/n02391049_929.jpg,2,-0.005486801,0.017514344,0.13895968,-0.019490048,0.03581421,0.037865408
/home/datasets/train/zebra/n02391049_10452.jpg,2,0.011323723,0.034639657,0.11675337,0.020670284,-0.034766532,-0.037647385
/home/datasets/train/zebra/n02391049_11153.jpg,2,-0.0021048011,0.023141896,0.10742366,0.0006853072,0.009542,0.001143977
/home/datasets/train/zebra/n02391049_2782.jpg,2,-0.008166806,0.015306194,0.10920486,-3.553182e-05,-0.02810461,-0.028906828
/home/datasets/train/zebra/n02391049_5889.jpg,2,0.029451407,0.06623548,0.12108864,0.023786046,-0.0022576926,-0.002968002
/home/datasets/train/zebra/n02391049_536.jpg,2,0.01404128,0.0018718541,0.09143902,0.020904608,0.004697256,0.006722749
/home/datasets/train/zebra/n02391049_152.jpg,2,0.007844483,0.029518947,0.1091418,-0.017409228,-0.021715151,-0.03430006
/home/datasets/train/zebra/image_184.jpeg,2,0.022288479,0.066109076,0.14022341,0.023773916,0.042530328,0.008957701
/home/datasets/train/zebra/n02391049_2647.jpg,2,0.03452101,0.032266814,0.11475717,0.019243848,0.031893797,0.01938111
/home/datasets/train/zebra/n02391049_10129.jpg,2,0.017229194,0.03132436,0.1022612,0.032494396,0.028695848,0.017060742
/home/datasets/train/zebra/7f3f1ddc56.jpg,2,0.0026573227,-0.0057723466,0.107676394,-0.027056944,-0.045182623,-0.043922413
/home/datasets/train/zebra/image_12.jpeg,2,0.017030155,0.0613577,0.117920995,0.011856293,0.030789718,0.030039478
/home/datasets/train/zebra/iimage_23 (3).jpeg,2,0.022091754,0.03501726,0.15039136,0.040332247,-0.027501542,-0.009296458
/home/datasets/train/zebra/n02391049_2996.jpg,2,0.030911675,0.0043725595,0.12502727,0.045243807,0.0005723806,0.0031137513
/home/datasets/train/zebra/n02391049_1087.jpg,2,0.037758075,0.03078758,0.10748664,0.04220166,-0.031850506,-0.044827014
/home/datasets/train/zebra/n02391049_2889.jpg,2,0.0065531954,0.011642714,0.09702977,0.00051767903,0.017362835,0.003783377
/home/datasets/train/zebra/n02391049_3023.jpg,2,0.03313946,0.028768659,0.12111813,0.036216237,-0.017459815,-0.011597989
/home/datasets/train/zebra/n02391049_2817.jpg,2,0.053916954,0.044042952,0.119257115,0.03129966,0.013693981,-0.0026154695
/home/datasets/train/zebra/363.jpg,2,0.02575938,0.016118431,0.11001831,0.025134131,-0.028084435,-0.029040132
/home/datasets/train/zebra/n02391049_3328.jpg,2,0.032242306,0.041623168,0.095071234,0.03629917,-0.007367756,-0.01346515
/home/datasets/train/zebra/n02391049_3348.jpg,2,0.022856608,0.005748475,0.09332904,0.018768398,-0.0063390117,-0.0031460933
/home/datasets/train/zebra/337.jpg,2,0.045440637,0.038112003,0.11232655,0.043053463,-0.032106806,-0.0406454
/home/datasets/train/zebra/n02391049_4028.jpg,2,0.028760646,0.037132017,0.11957396,0.035604656,0.0019998197,0.011260804
/home/datasets/train/zebra/n02391049_6918.jpg,2,0.023922233,0.028704867,0.11093386,0.026702125,-0.011152422,-0.009074876
/home/datasets/train/zebra/n02391049_1818.jpg,2,0.033615462,0.06510374,0.14281078,0.00968761,0.010046148,0.017308284
/home/datasets/train/zebra/n02391049_7911.jpg,2,0.041768167,0.05193238,0.13759273,0.051267497,0.027431153,0.040098064
/home/datasets/train/zebra/n02391049_8192.jpg,2,0.0074311905,0.026410067,0.10599315,0.016416006,-0.022393573,-0.040577374
/home/datasets/train/zebra/n02391049_2749.jpg,2,0.022641487,0.021878924,0.104916185,0.010130551,-0.006206859,-0.031714052
/home/datasets/train/zebra/n02391049_2714.jpg,2,0.048031215,0.030863289,0.11096658,0.04370334,-0.03947062,-0.045048956
/home/datasets/train/zebra/14fa6cfe2b.jpg,2,0.010970075,0.040738292,0.13004075,0.028575085,0.015541052,0.01594638
/home/datasets/train/zebra/image_0.jpeg,2,0.008276148,0.019719683,0.1342799,0.032613892,0.0034838538,-0.013475063
/home/datasets/train/zebra/n02391049_7668.jpg,2,0.03288265,0.03296139,0.118732095,0.039342742,0.012563851,0.008238454
/home/datasets/train/zebra/n02391049_202.jpg,2,0.03544476,0.008121649,0.11695512,0.010528721,-0.036310434,-0.029507494
/home/datasets/train/zebra/96e65ae7f7.jpg,2,0.024345871,0.030446455,0.10208269,-0.005430896,-0.020837057,-0.01633177
/home/datasets/train/zebra/n02391049_1894.jpg,2,0.003355272,0.026617065,0.09859044,0.018618729,-0.004389602,-0.020586208
/home/datasets/train/zebra/369.jpg,2,0.028162157,0.0011849236,0.09147703,0.027121875,-0.031074109,-0.044524644
/home/datasets/train/zebra/733f88ba78.jpg,2,0.012006016,0.048438106,0.11723584,0.016209539,-0.007895469,0.0050541204
/home/datasets/train/zebra/n02391049_9416.jpg,2,0.0031190426,0.04546498,0.1536251,-0.011081648,0.026542597,0.01832182
/home/datasets/train/zebra/image_126.jpeg,2,0.0031918087,0.016494304,0.11627909,0.008635504,-0.03567668,-0.04067817
/home/datasets/train/zebra/265.jpg,2,0.020811904,0.0339896,0.10155931,0.018086053,-0.0005676029,-0.012748444
/home/datasets/train/zebra/195.jpg,2,-0.00038453378,0.04785125,0.131955,0.0042560166,0.012412181,0.022431713
/home/datasets/train/zebra/image_179.jpeg,2,-0.0036161642,0.06115651,0.11959626,-0.0008690562,0.03403421,0.034945346
/home/datasets/train/zebra/iimage_23 (16).jpeg,2,0.017818509,0.025472388,0.122586526,0.024417493,0.023071796,0.023272954
/home/datasets/train/zebra/165.jpg,2,0.018396204,0.049578384,0.14614396,0.016932203,0.015769208,0.032986417
/home/datasets/train/zebra/311.jpg,2,0.01497105,0.029285232,0.09362429,0.018626258,-0.037359007,-0.028512802
/home/datasets/train/zebra/image_55.jpeg,2,0.027563965,0.04125358,0.13400982,0.033630706,0.0053300587,0.011674169
/home/datasets/train/zebra/n02391049_3428.jpg,2,0.027264554,0.014611259,0.10595085,0.030576967,-0.016095977,-0.030956225
/home/datasets/train/zebra/068.jpg,2,0.024315346,0.050548475,0.13060197,0.030491246,0.0044726646,0.015975013
/home/datasets/train/zebra/n02391049_9918.jpg,2,0.009993716,0.012471082,0.086313054,0.0018987579,-0.050687123,-0.058709994
/home/datasets/train/zebra/n02391049_362.jpg,2,0.029862028,0.04132386,0.09960331,0.032332912,-0.01297749,-0.018970998
/home/datasets/train/zebra/8bc28d0165.jpg,2,0.00018456299,0.037330832,0.12749115,0.0057481127,-0.025144147,-0.030051487
/home/datasets/train/zebra/n02391049_2886.jpg,2,0.022381835,0.04200769,0.116602175,0.027081437,0.018751584,0.015526088
/home/datasets/train/zebra/131.jpg,2,0.012756897,0.038811848,0.13846251,0.022462865,0.012292579,0.00607164
/home/datasets/train/zebra/n02391049_1946.jpg,2,-0.0061379634,0.025220959,0.11062093,0.0008814322,0.029821131,0.027715616
/home/datasets/train/zebra/image_157.jpeg,2,0.02067107,0.07114965,0.10382331,0.033078916,0.045091596,0.036044266
/home/datasets/train/zebra/n02391049_7.jpg,2,0.014918583,0.061014,0.15111628,0.04188083,0.02331569,0.0036150087
/home/datasets/train/zebra/n02391049_4889.jpg,2,-0.010764645,0.034477033,0.1377514,-0.0065963063,0.008056031,-0.0012805387
/home/datasets/train/zebra/n02391049_2.jpg,2,-0.007276917,0.01595885,0.08783227,-0.0001015733,-0.045637988,-0.04542507
/home/datasets/train/zebra/n02391049_4165.jpg,2,0.015790416,0.011435598,0.09381281,-0.004228946,-0.004557537,-0.019825302
/home/datasets/train/zebra/n02391049_357.jpg,2,0.04361637,0.037247,0.11642115,0.054026686,0.019117823,0.01304714
/home/datasets/train/zebra/n02391049_5661.jpg,2,0.03149964,0.031727508,0.0944179,0.0185998,-0.023049885,-0.046417706
/home/datasets/train/zebra/n02391049_406.jpg,2,0.028009417,0.020339735,0.11231843,0.023499638,-0.014237465,-0.02875201
/home/datasets/train/zebra/n02391049_6053.jpg,2,0.035030317,0.014768221,0.083319604,0.044953294,-0.0075940136,-0.0033828141
/home/datasets/train/zebra/n02391049_7812.jpg,2,0.025116337,0.0019894429,0.14488143,0.030631805,-0.0021050386,-0.0017041992
/home/datasets/train/zebra/n02391049_3235.jpg,2,0.0058676074,0.01605526,0.08885756,0.016485794,-0.005512446,-0.015296824
/home/datasets/train/zebra/n02391049_2418.jpg,2,0.014989373,0.026920643,0.110398985,0.018611476,0.020401716,0.006064005
/home/datasets/train/zebra/image_107.jpeg,2,0.017472185,0.017690947,0.14484885,0.03055253,0.024490066,0.017827364
/home/datasets/train/zebra/177.jpg,2,0.01639166,0.021082077,0.11062751,0.026834704,-0.042047106,-0.049995128
/home/datasets/train/zebra/n02391049_1436.jpg,2,0.033706464,0.015110678,0.08826676,0.035787992,-0.056101523,-0.060504653
/home/datasets/train/zebra/image_48.jpeg,2,0.024347708,0.025258277,0.08579409,0.008793274,-0.03481072,-0.038483027
/home/datasets/train/zebra/318.jpg,2,0.020464066,0.008297768,0.081863694,0.0047269817,-0.013330056,-0.028199788
/home/datasets/train/zebra/n02391049_8659.jpg,2,0.03555031,0.044635423,0.124670446,0.026169492,0.012407805,0.00929823
/home/datasets/train/zebra/n02391049_2322.jpg,2,0.0057896525,0.037178703,0.11397149,-0.0005616043,0.004482732,0.005754886
/home/datasets/train/zebra/n02391049_659.jpg,2,0.042001564,0.022426262,0.112170696,0.050345056,-0.015709985,-0.025656305
/home/datasets/train/zebra/043.jpg,2,0.015583865,0.029064381,0.09204141,0.027855806,-0.000850264,-0.010865916
/home/datasets/train/zebra/29b3af6957.jpg,2,-0.0015945545,0.016499838,0.080697425,-0.013422521,-0.038367458,-0.03294808
/home/datasets/train/zebra/image_94.jpeg,2,0.01875638,0.043729134,0.116678774,0.021813415,0.039801102,0.021339782
/home/datasets/train/zebra/n02391049_10613.jpg,2,0.01186089,0.019240718,0.08514173,0.020839527,-0.03565266,-0.03764989
/home/datasets/train/zebra/zebra (10).jpg,2,0.0072960514,0.0469031,0.10044492,-0.0011357255,-1.784414e-05,-0.018729303
/home/datasets/train/zebra/zebra (5).jpg,2,0.0077326293,0.051322903,0.11174636,0.013720758,0.008099511,0.0074359505
/home/datasets/train/zebra/n02391049_11063.jpg,2,0.018362839,0.056135632,0.15991074,0.023733374,0.020230452,0.027645472
/home/datasets/train/zebra/n02391049_2048.jpg,2,0.01816881,0.06428748,0.10886724,0.0033886032,0.025200143,0.01994952
/home/datasets/train/zebra/n02391049_161.jpg,2,0.016039822,0.02721703,0.119567975,0.019607514,-0.005235195,-0.042250674
/home/datasets/train/zebra/n02391049_63.jpg,2,0.022214334,0.05297915,0.12758751,0.023890022,-0.0040258244,-0.019233072
/home/datasets/train/zebra/n02391049_1836.jpg,2,0.012390138,0.039379008,0.11815526,0.028485488,-0.0060455836,0.003584521
/home/datasets/train/zebra/n02391049_1099.jpg,2,0.0276608,0.023724325,0.09097761,0.030914325,0.001735203,-0.0055428017
/home/datasets/train/zebra/n02391049_2321.jpg,2,0.010512364,0.02032001,0.09279212,0.005511678,-0.011112212,-0.015257556
/home/datasets/train/zebra/n02391049_1758.jpg,2,-0.008424355,0.02571525,0.1151943,-0.008660135,-0.01543577,-0.011928127
/home/datasets/train/zebra/n02391049_1156.jpg,2,0.02891953,0.015973167,0.12768243,0.03453665,0.022226034,0.008278506
/home/datasets/train/zebra/006.jpg,2,0.03475451,0.020439802,0.11806403,0.037000734,0.0053329607,-0.010661754
/home/datasets/train/zebra/375.jpg,2,0.0012060478,0.056405514,0.12243711,0.015200868,0.021086238,0.009826747
/home/datasets/train/zebra/zebra (52).jpg,2,0.021698967,0.03472159,0.14655767,0.01940598,0.012229433,0.018910045
/home/datasets/train/zebra/052.jpg,2,0.017510079,0.03456306,0.122514404,0.013916785,0.0069860667,-0.0070863934
/home/datasets/train/zebra/012.jpg,2,0.052234747,0.02018721,0.11066728,0.03390313,-0.032199427,-0.033201948
/home/datasets/train/zebra/n02391049_9556.jpg,2,0.029167306,0.0019109454,0.11509736,0.027524782,-0.00084249955,-0.032634716
/home/datasets/train/zebra/278.jpg,2,0.016825497,0.033434168,0.11385507,0.030655079,-0.01624462,-0.02600587
/home/datasets/train/zebra/n02391049_2223.jpg,2,0.024606498,0.049328763,0.13813713,0.038843974,0.019285928,-0.01184796
/home/datasets/train/zebra/n02391049_2504.jpg,2,0.021450665,0.05259573,0.13093993,0.026215088,0.04061312,0.028793816
/home/datasets/train/zebra/28d35d124d.jpg,2,0.031483207,0.07514112,0.13903268,0.028161716,0.027246406,0.026021622
/home/datasets/train/zebra/n02391049_3518.jpg,2,0.04232086,0.03697269,0.13664523,0.037672184,0.019685432,0.025355043
/home/datasets/train/zebra/n02391049_2684.jpg,2,0.016288795,0.032930642,0.097442746,0.0019205092,-0.036626346,-0.043969568
/home/datasets/train/zebra/n02391049_9137.jpg,2,0.044370078,0.025446234,0.10512264,0.06145096,-0.007783843,-0.01591112
/home/datasets/train/zebra/n02391049_1721.jpg,2,0.041049346,0.04854791,0.11248112,0.047034025,-0.0035992688,0.004200328
/home/datasets/train/zebra/n02391049_1073.jpg,2,0.0160718,0.022781048,0.110436454,0.006023464,0.016432121,0.023187298
/home/datasets/train/zebra/n02391049_6465.jpg,2,-0.0015953691,0.0382002,0.10769875,0.0060538896,-0.024859905,-0.020686824
/home/datasets/train/zebra/n02391049_629.jpg,2,0.026709937,0.054448888,0.12423463,0.022740044,-0.0047745463,-0.00032172352
/home/datasets/train/zebra/n02391049_9113.jpg,2,0.021633226,0.056458626,0.12931986,0.01716275,0.020174842,0.008914027
/home/datasets/train/zebra/270.jpg,2,0.019553745,0.029348213,0.10177211,0.032502994,0.013717572,0.0046529183
/home/datasets/train/zebra/n02391049_2541.jpg,2,0.017331177,0.027121482,0.1115083,0.0166552,-0.020490073,-0.029672395
/home/datasets/train/zebra/n02391049_2508.jpg,2,0.015026332,0.012309115,0.097629175,0.03872786,-0.03853161,-0.04866451
/home/datasets/train/zebra/image_131.jpeg,2,0.019750673,0.008369056,0.122206,0.03535495,0.007953375,0.00043981522
/home/datasets/train/zebra/n02391049_2593.jpg,2,0.018009227,0.043322604,0.14062244,0.04179177,0.026278999,0.037906483
/home/datasets/train/zebra/n02391049_2633.jpg,2,0.029288124,0.04585408,0.12812221,0.02933542,0.010680222,0.020890826
/home/datasets/train/zebra/n02391049_7949.jpg,2,0.029962678,0.034026355,0.11468346,0.042644247,0.0037089018,0.0002624998
/home/datasets/train/zebra/n02391049_809.jpg,2,0.010534188,0.014126521,0.108310655,0.023121797,-0.00882612,-0.015877362
/home/datasets/train/zebra/n02391049_3261.jpg,2,-0.005490093,0.0074250326,0.12623754,-0.008729166,0.015309238,0.0025901925
/home/datasets/train/zebra/n02391049_3199.jpg,2,0.03550352,0.023987252,0.08673907,0.027350493,0.0066148452,-0.003440802
/home/datasets/train/zebra/094.jpg,2,0.01266866,0.015585687,0.106995516,0.023760132,0.013983417,0.0006134454
/home/datasets/train/zebra/203.jpg,2,0.022465749,0.056304976,0.12113018,0.014125675,-0.020290546,-0.030209491
/home/datasets/train/zebra/zebra (42).jpg,2,0.024254827,0.036786698,0.11697917,0.01487982,-0.004824143,-0.0049680825
/home/datasets/train/zebra/image_81.jpeg,2,0.0059627076,0.031155393,0.11381541,0.021303982,0.010890101,0.009322828
/home/datasets/train/zebra/n02391049_19.jpg,2,0.038971942,0.013936898,0.09998691,0.040570606,-0.022478003,-0.040757813
/home/datasets/train/zebra/n02391049_11.jpg,2,0.008129949,0.060010657,0.14832836,0.029099872,0.011149286,-0.0031392733
/home/datasets/train/zebra/n02391049_10336.jpg,2,0.031466097,0.024566831,0.115418434,0.03916205,0.008354328,-0.018796464
/home/datasets/train/zebra/image_84.jpeg,2,0.029712249,0.021122709,0.08950563,0.020828245,-0.03653236,-0.03829877
/home/datasets/train/zebra/163.jpg,2,0.012635282,0.014133013,0.11277044,0.03630025,-0.027922304,-0.04449015
/home/datasets/train/zebra/n02391049_1042.jpg,2,0.009870969,0.016594186,0.114395835,0.024623506,-0.01081635,-0.026100084
/home/datasets/train/zebra/n02391049_8347.jpg,2,0.03294771,0.038100407,0.12328935,0.020799257,-0.036218997,-0.033443816
/home/datasets/train/zebra/n02391049_8291.jpg,2,0.019982088,0.028347619,0.1146795,0.032545008,-0.0033984156,-0.0074441927
/home/datasets/train/zebra/n02391049_2416.jpg,2,0.02489876,0.024325553,0.10375478,0.019169085,-0.03085847,-0.041102417
/home/datasets/train/zebra/n02391049_333.jpg,2,0.023489442,0.01862599,0.09217554,0.026132809,-0.02187126,-0.027193455
/home/datasets/train/zebra/n02391049_3024.jpg,2,0.023989081,-0.014261829,0.08003272,0.016782781,-0.017994486,-0.029920768
/home/datasets/train/zebra/029.jpg,2,0.027269796,0.03403688,0.11233984,0.029487167,-0.029618565,-0.040080175
/home/datasets/train/zebra/n02391049_10427.jpg,2,0.010751451,0.013858476,0.08973301,0.0034961437,-0.010071827,-0.012333422
/home/datasets/train/zebra/81b246ab40.jpg,2,0.020152383,0.026158597,0.113545544,0.0019394686,-0.04391134,-0.040989786
/home/datasets/train/zebra/image_177.jpeg,2,0.044959266,0.013276526,0.13727035,0.032051057,0.035949152,0.030801425
/home/datasets/train/zebra/n02391049_3872.jpg,2,0.013581237,0.050746553,0.12024687,0.0061242627,-0.0077250507,-0.012154999
/home/datasets/train/zebra/image_140.jpeg,2,0.008121699,0.04220029,0.10210641,0.0061238147,0.0039276807,-0.012653543
/home/datasets/train/zebra/n02391049_6919.jpg,2,0.017011203,0.02932439,0.11600718,0.017205965,-0.008432797,-0.014377633
/home/datasets/train/zebra/316.jpg,2,-0.0042822203,0.026406653,0.08642152,-0.009361612,-0.03969526,-0.048842087
/home/datasets/train/zebra/n02391049_966.jpg,2,0.023839682,0.049608894,0.121439725,0.014131288,0.021415943,0.034720644
/home/datasets/train/zebra/n02391049_734.jpg,2,0.01791868,0.019143172,0.103525475,0.0018660803,0.019894723,-0.0021185502
/home/datasets/train/zebra/n02391049_2842.jpg,2,0.03084846,0.05848989,0.13440636,0.04105628,-0.004862493,-0.0027829371
/home/datasets/train/zebra/n02391049_1211.jpg,2,0.0112252915,0.031556033,0.12000434,0.0073588956,-0.013236239,-0.015625812
/home/datasets/train/zebra/081.jpg,2,0.025436997,0.02902523,0.1168461,0.008124762,-0.029260779,-0.019259635
/home/datasets/train/zebra/n02391049_3937.jpg,2,0.018719925,0.021987963,0.108184785,0.0045288997,-0.037671424,-0.042060453
/home/datasets/train/zebra/n02391049_3087.jpg,2,0.030706825,0.056146517,0.11514857,0.0064358506,0.0022862088,0.0013655182
/home/datasets/train/zebra/n02391049_7364.jpg,2,0.019739937,0.044543974,0.12000544,0.030026043,0.030968439,0.022573344
/home/datasets/train/zebra/n02391049_2165.jpg,2,0.0319366,0.05218992,0.09757246,0.023038756,0.04738555,0.022252109
/home/datasets/train/zebra/147.jpg,2,0.03876102,0.06638215,0.1316159,0.054703653,0.029715985,0.015988372
/home/datasets/train/zebra/n02391049_1725.jpg,2,0.027744912,0.044232856,0.11093622,0.01141592,-0.0125971995,-0.01689058
/home/datasets/train/zebra/image_23.jpeg,2,-7.333944e-05,0.02308899,0.112780355,0.010641074,-0.029785838,-0.04748275
/home/datasets/train/zebra/n02391049_22.jpg,2,0.008538912,0.048776533,0.12915349,0.016635189,-0.028583238,-0.03056255
/home/datasets/train/zebra/299.jpg,2,0.014539651,0.01037559,0.113514,0.033450626,-0.036236513,-0.03886105
/home/datasets/train/zebra/n02391049_6856.jpg,2,0.016590519,0.018081304,0.10108653,0.017776774,-0.050942257,-0.053278383
/home/datasets/train/zebra/n02391049_3276.jpg,2,0.0052551674,0.012739326,0.10781283,-0.0076923016,-0.019782495,-0.021712504
/home/datasets/train/zebra/n02391049_1679.jpg,2,0.03149341,0.050901018,0.12164586,0.022480685,0.016106319,-0.0023753308
/home/datasets/train/zebra/045.jpg,2,0.021001056,0.031363487,0.112510465,0.026044637,0.010800049,0.001664497
/home/datasets/train/zebra/image_50.jpeg,2,0.026772004,0.04546382,0.11252704,0.03508679,0.021435736,0.01884252
/home/datasets/train/zebra/n02391049_395.jpg,2,0.015969299,0.05917979,0.14807111,0.012179817,0.01738677,0.024753384
/home/datasets/train/zebra/n02391049_329.jpg,2,0.030849356,0.04428272,0.1302501,0.029899672,0.03774882,0.029418122
/home/datasets/train/zebra/n02391049_4413.jpg,2,0.030688455,0.01892186,0.098532036,0.021385899,-0.019328333,-0.016847009
/home/datasets/train/zebra/n02391049_286.jpg,2,0.027668701,0.049131114,0.12665062,0.03425401,-0.02489821,-0.040154755
/home/datasets/train/zebra/017.jpg,2,0.007900279,0.03133095,0.10161132,0.013425191,-0.07513796,-0.07118939
/home/datasets/train/zebra/n02391049_2789.jpg,2,0.002603896,0.054469746,0.10381129,-2.8740615e-06,0.016467374,0.026252229
/home/datasets/train/zebra/zebra (32).jpg,2,0.0065280227,0.015286925,0.10977618,0.0061213844,-0.03091091,-0.028377993
/home/datasets/train/zebra/n02391049_1158.jpg,2,-0.0031832317,0.016338315,0.10163161,0.00462454,-0.010135644,-0.020527119
/home/datasets/train/zebra/n02391049_7188.jpg,2,0.029254291,0.026374018,0.13204706,0.027621143,0.023574982,0.037661433
/home/datasets/train/zebra/n02391049_1523.jpg,2,-0.001750459,0.030463079,0.13080385,0.011235215,0.04925269,0.0391118
/home/datasets/train/zebra/n02391049_566.jpg,2,0.004450062,0.031165324,0.09106374,-0.0049678553,-0.0043751616,-0.01475498
/home/datasets/train/zebra/071.jpg,2,0.037666272,0.03291142,0.08909592,0.024961315,0.012464877,0.008576153
/home/datasets/train/zebra/n02391049_3509.jpg,2,-0.0062790383,0.056293823,0.1395886,0.0031673608,-0.007293538,-0.007878916
/home/datasets/train/zebra/n02391049_682.jpg,2,0.013414297,0.041521516,0.1371428,0.0298456,0.0028859705,0.013660669
/home/datasets/train/zebra/n02391049_7521.jpg,2,0.04743728,0.04440482,0.1266216,0.0410076,0.013526017,0.005797446
/home/datasets/train/zebra/n02391049_8831.jpg,2,0.036480997,0.049760513,0.122694746,0.046241887,0.008990921,0.0049214275
/home/datasets/train/zebra/n02391049_944.jpg,2,0.009451143,0.009388899,0.082314104,0.0006705476,-0.02307301,-0.031586874
/home/datasets/train/zebra/095.jpg,2,0.015076349,0.035111435,0.11129807,0.00881298,-0.020079274,-0.014188038
/home/datasets/train/zebra/n02391049_775.jpg,2,0.043648727,0.030569145,0.12902129,0.05558169,0.029741328,0.009121419
/home/datasets/train/zebra/zebra (37).JPG,2,0.00534328,0.036040757,0.087086216,-0.013785418,0.009887749,0.0050968295
/home/datasets/train/zebra/n02391049_3319.jpg,2,0.01959164,0.023245841,0.11292724,0.025419967,0.011675596,0.008002818
/home/datasets/train/zebra/202.jpg,2,0.011819968,0.025606368,0.09592469,0.014016414,-0.052256346,-0.054842494
/home/datasets/train/zebra/n02391049_2005.jpg,2,0.033350606,0.01658957,0.100163504,0.028830936,-0.009503584,-0.033679664
/home/datasets/train/zebra/n02391049_6942.jpg,2,0.006865718,0.022270478,0.08782224,0.026611103,-0.012470797,-0.02226033
/home/datasets/train/zebra/zebra (60).jpg,2,0.009906961,0.037477396,0.12974751,0.026738226,-0.011273917,-0.0073241815
/home/datasets/train/zebra/n02391049_154.jpg,2,0.010887334,0.016478447,0.09127293,-0.0064132474,-0.067690045,-0.07405542
/home/datasets/train/zebra/image_74.jpeg,2,0.012562223,0.030702297,0.111051954,0.0017105762,-0.003351367,-0.014172643
/home/datasets/train/zebra/n02391049_4176.jpg,2,0.005105081,0.019588772,0.11468036,0.014086532,-0.004423959,-0.01320505
/home/datasets/train/zebra/n02391049_886.jpg,2,0.041096628,0.024181906,0.10517517,0.028686587,-0.038431335,-0.04262376
/home/datasets/train/zebra/n02391049_2222.jpg,2,0.0379194,0.021136649,0.11291538,0.03068151,0.031202598,0.000536209
/home/datasets/train/zebra/138.jpg,2,0.046921752,0.052706998,0.117833436,0.033072278,-0.0063497364,-0.009488068
/home/datasets/train/zebra/n02391049_5618.jpg,2,0.024423145,0.03694099,0.097552,0.020591965,-0.013679171,-0.010999711
/home/datasets/train/zebra/n02391049_7434.jpg,2,0.029846488,0.038273193,0.12190735,0.02765736,0.010287242,-0.006325761
/home/datasets/train/zebra/n02391049_176.jpg,2,0.0032402608,0.06045379,0.13844818,-0.0030891104,0.0042307884,0.0044094054
/home/datasets/train/zebra/n02391049_4292.jpg,2,0.025151554,0.05932999,0.16351677,0.038786814,0.022754777,0.048440736
/home/datasets/train/zebra/248.jpg,2,0.016146563,0.012846794,0.09966762,0.009811222,-0.0025456399,-0.008083476
/home/datasets/train/zebra/n02391049_396.jpg,2,0.028536608,0.040583182,0.1143582,0.02993524,0.037542343,0.032963276
/home/datasets/train/zebra/n02391049_9058.jpg,2,0.008887124,0.034506626,0.1282108,0.023331042,0.0035108794,-0.005316252
/home/datasets/train/zebra/image_180.jpeg,2,0.037762173,0.028591657,0.1227136,0.0208603,0.03726551,0.034226194
/home/datasets/train/zebra/101.jpg,2,0.00955466,0.02322442,0.10887632,0.023266053,-0.022430114,-0.018695617
/home/datasets/train/zebra/n02391049_605.jpg,2,0.015954632,0.041037112,0.11364157,0.031589463,-0.023325589,-0.027040692
/home/datasets/train/zebra/050.jpg,2,0.008696783,0.04747215,0.13331585,0.010310449,-0.022408063,-0.015593477
/home/datasets/train/zebra/image_83.jpeg,2,0.026519328,0.037302256,0.10685234,0.016400712,0.00071079377,-0.0105558
/home/datasets/train/zebra/356.jpg,2,0.025740711,0.021279974,0.10824539,0.02137841,-0.013875509,-0.010809835
/home/datasets/train/zebra/n02391049_1652.jpg,2,0.015386863,0.047538124,0.113620825,0.028112372,0.01344084,-0.0069823395
/home/datasets/train/zebra/n02391049_344.jpg,2,0.02845127,0.020606296,0.1121332,0.036590382,-0.028010989,-0.045241922
/home/datasets/train/zebra/image_112.jpeg,2,0.017675925,0.004158177,0.07209658,0.02705411,-0.042085655,-0.04827921
/home/datasets/train/zebra/image_171.jpeg,2,0.0026071083,0.026475664,0.112136535,-0.006427305,5.8731064e-05,-0.008790357
/home/datasets/train/zebra/n02391049_166.jpg,2,0.038024217,0.04876509,0.10064787,0.053832337,-0.0012157764,-0.018000592
/home/datasets/train/zebra/n02391049_3868.jpg,2,0.02925778,0.03565858,0.10599646,0.024775315,0.011710146,0.005896654
/home/datasets/train/zebra/063.jpg,2,0.006427305,0.04614212,0.11725437,0.012181198,0.016327487,0.014459124
/home/datasets/train/zebra/image_109.jpeg,2,0.017979797,0.030018274,0.10384703,0.020048812,0.0040393956,-0.010306677
/home/datasets/train/zebra/n02391049_3098.jpg,2,0.027220659,0.068778604,0.14406338,0.027264472,0.029998692,0.029750932
/home/datasets/train/zebra/n02391049_2813.jpg,2,0.020966815,0.03268221,0.117500976,0.02506153,0.01895737,0.018423675
/home/datasets/train/zebra/076.jpg,2,0.0123032695,0.01569355,0.09232752,0.013185241,-0.02272919,-0.033502027
/home/datasets/train/zebra/n02391049_685.jpg,2,0.014598323,0.01602833,0.11116337,-0.00035803393,0.015121523,-0.005799158
/home/datasets/train/zebra/n02391049_3242.jpg,2,0.02661976,0.05795432,0.12205131,0.022920981,0.02236123,0.02570054
/home/datasets/train/zebra/n02391049_2729.jpg,2,0.027452374,0.03514744,0.09741855,0.01876902,0.0020972937,-0.02256169
/home/datasets/train/zebra/n02391049_897.jpg,2,0.0017503286,0.038833626,0.1270323,0.012094221,-0.0041393954,-0.010845972
/home/datasets/train/zebra/image_38.jpeg,2,0.0273728,0.041487094,0.13245374,0.03623285,0.019579262,0.018932782
/home/datasets/train/zebra/zebra (22).jpg,2,0.015220169,0.030381508,0.11003413,0.029678456,0.017264307,0.014549931
/home/datasets/train/zebra/n02391049_4106.jpg,2,0.008319468,-0.004820369,0.093708426,0.0058322153,-0.022315562,-0.02770174
/home/datasets/train/zebra/n02391049_2644.jpg,2,0.00033662887,0.03435438,0.10348914,0.005012331,-0.048728347,-0.051914427
/home/datasets/train/zebra/n02391049_1147.jpg,2,0.0049460013,0.015069875,0.116968855,0.015612509,0.011367474,0.022934677
/home/datasets/train/zebra/074.jpg,2,0.014870128,0.033608373,0.12828273,0.029611137,0.010146813,0.013746517
/home/datasets/train/zebra/n02391049_1025.jpg,2,0.022526354,0.005675541,0.0985228,0.019601157,-0.030803308,-0.040190782
/home/datasets/train/zebra/123.jpg,2,0.027218074,0.05158761,0.11254369,0.017983502,0.020829687,0.018707013
/home/datasets/train/zebra/n02391049_1731.jpg,2,-0.003788862,0.04110229,0.1285835,0.00702328,0.03152469,0.016037717
/home/datasets/train/zebra/zebra (45).jpg,2,0.009545159,0.030312566,0.12031599,0.012447132,-0.0043791314,-0.002732873
/home/datasets/train/zebra/108.jpg,2,0.010139271,0.033964388,0.109423906,-0.008336101,0.03745989,0.013834054
/home/datasets/train/zebra/209.jpg,2,0.024955343,0.04800994,0.1146909,0.012449371,0.0047808234,0.013153056
/home/datasets/train/zebra/n02391049_2924.jpg,2,0.03417407,0.04444287,0.12069421,0.029779527,0.019890998,0.019853286
/home/datasets/train/zebra/n02391049_3229.jpg,2,0.023867585,0.022278853,0.12088319,0.03133496,0.022598587,0.020540047
/home/datasets/train/zebra/n02391049_904.jpg,2,0.015139692,0.022545036,0.11479049,0.0041167527,0.0061738556,2.9243529e-05
/home/datasets/train/zebra/n02391049_3191.jpg,2,0.02031451,0.009423632,0.12206699,0.019959345,0.034615178,0.015558474
/home/datasets/train/zebra/n02391049_10007.jpg,2,0.025361206,0.028333409,0.12146029,0.009386435,0.030837692,0.010976936
/home/datasets/train/zebra/n02391049_85.jpg,2,0.051298738,0.028371373,0.09893149,0.03521765,-0.007793504,-0.017523061
/home/datasets/train/zebra/n02391049_3402.jpg,2,0.028510485,0.045510545,0.11132,0.031692214,0.026602779,0.00815011
/home/datasets/train/zebra/143.jpg,2,0.016702851,0.016998228,0.095590726,0.030203482,-0.02646947,-0.05267385
/home/datasets/train/zebra/n02391049_5679.jpg,2,0.027659498,0.024588555,0.107832804,0.029866703,-0.0008807923,-0.00028110016
/home/datasets/train/zebra/n02391049_4952.jpg,2,0.027076237,0.04682908,0.13283995,0.032758318,0.030189026,0.02918781
/home/datasets/train/zebra/266.jpg,2,0.005938084,0.058889337,0.108857274,0.009372721,-0.01549515,-0.011236715
/home/datasets/train/zebra/220.jpg,2,0.0075445706,0.03850363,0.11650212,0.0020680986,-0.033224933,-0.032797623
/home/datasets/train/zebra/n02391049_643.jpg,2,0.021249088,0.029594513,0.15510917,0.032728523,0.013749237,0.033995375
/home/datasets/train/zebra/n02391049_1028.jpg,2,0.028646909,0.03180293,0.13519019,0.043132775,0.0084008,0.028698854
/home/datasets/train/zebra/n02391049_5356.jpg,2,0.011999461,0.03767209,0.14410858,0.036730535,0.028265638,0.03177557
/home/datasets/train/zebra/n02391049_2876.jpg,2,0.04006161,0.035544306,0.12184821,0.03502234,0.020061413,0.017288413
/home/datasets/train/zebra/n02391049_983.jpg,2,0.039823487,0.023073582,0.097285315,0.041508626,-0.012013534,-0.014219301
/home/datasets/train/zebra/n02391049_3901.jpg,2,0.0069244923,0.009796735,0.07486126,-0.0009291144,-0.04987377,-0.061433457
/home/datasets/train/zebra/n02391049_6081.jpg,2,0.03717021,0.045178585,0.13354768,0.032907862,-0.012699526,0.0010642922
/home/datasets/train/zebra/n02391049_343.jpg,2,0.014278594,0.023735821,0.11928041,0.008122919,0.025195926,0.026771713
/home/datasets/train/zebra/n02391049_3239.jpg,2,0.004590232,0.043724984,0.11388967,-0.0017948784,0.004725149,-0.004505275
/home/datasets/train/zebra/n02391049_87.jpg,2,0.004972486,0.00900604,0.09073928,-0.0029689746,-0.045107685,-0.05161681
/home/datasets/train/zebra/060.jpg,2,0.0042241877,0.022409385,0.07921789,-0.02395526,-0.027825618,-0.039768968
/home/datasets/train/zebra/n02391049_943.jpg,2,0.037129905,0.02442576,0.12091999,0.05656434,0.00852114,-0.0070770485
/home/datasets/train/zebra/069.jpg,2,-0.0005113366,0.018418675,0.11424877,0.006187821,0.021236604,0.018803038
/home/datasets/train/zebra/3c97493537.jpg,2,0.0039611706,0.037507325,0.12174187,-0.005690149,0.0072082533,0.001444432
/home/datasets/train/zebra/n02391049_10591.jpg,2,0.024866346,0.06287258,0.1310582,0.018984951,0.04437358,0.041100495
/home/datasets/train/zebra/image_129.jpeg,2,0.038225673,0.026742233,0.095723934,0.022503585,-0.030381069,-0.0357432
/home/datasets/train/zebra/n02391049_9377.jpg,2,0.010083222,0.057109524,0.113155834,0.016131058,-0.00349183,-0.009519041
/home/datasets/train/zebra/n02391049_2381.jpg,2,0.04086329,0.027431503,0.103404865,0.021712115,0.009163812,0.0010264134
/home/datasets/train/zebra/n02391049_2856.jpg,2,0.02574167,0.063829586,0.15539397,0.032842964,0.032649253,0.049548544
/home/datasets/train/zebra/354.jpg,2,0.021436144,0.03865231,0.11275115,0.03727314,0.011748295,-0.0069396263
/home/datasets/train/zebra/n02391049_2927.jpg,2,0.009277685,0.030862901,0.11787954,0.015715357,0.029520951,0.020040564
/home/datasets/train/zebra/n02391049_9387.jpg,2,0.0232755,0.052974157,0.11904123,0.0143961925,-0.0053468207,-0.0145313665
/home/datasets/train/zebra/n02391049_6947.jpg,2,0.007629543,0.009980819,0.09446247,0.015056441,-0.05290353,-0.054934602
/home/datasets/train/zebra/7d35713fda.jpg,2,0.0026646832,0.029317126,0.1220134,-0.0017177854,-0.02861335,-0.014065372
/home/datasets/train/zebra/n02391049_3249.jpg,2,0.002570638,0.007601017,0.14803253,0.014055669,-0.0022290722,0.0013166554
/home/datasets/train/zebra/129.jpg,2,0.04653996,0.05948114,0.104213625,0.024126451,0.0048698327,0.008013673
/home/datasets/train/zebra/n02391049_7416.jpg,2,0.027801918,0.027818166,0.10042643,0.033218194,0.0015398148,0.0005464554
/home/datasets/train/zebra/n02391049_4839.jpg,2,0.036653742,0.005931208,0.09050295,-0.0020933687,-0.034474246,-0.045688767
/home/datasets/train/zebra/n02391049_10356.jpg,2,0.0022537461,0.011328991,0.12174615,0.021257252,0.017974038,0.0043431055
/home/datasets/train/zebra/221.jpg,2,0.018919015,0.071060464,0.11946009,0.019319844,0.029900547,0.024682323
/home/datasets/train/zebra/n02391049_9555.jpg,2,0.052403845,0.019599013,0.10167441,0.02665932,0.011052497,-0.01121047
/home/datasets/train/zebra/n02391049_2295.jpg,2,0.02416946,0.05549192,0.121882126,0.043438733,0.0073004104,0.016689254
/home/datasets/train/zebra/iimage_23 (33).jpeg,2,0.011126298,0.033817396,0.122011274,0.022564989,-0.005128813,-0.023225848
/home/datasets/train/zebra/n02391049_2567.jpg,2,0.008909595,0.019891817,0.09606166,0.009470129,-0.01964363,-0.01954755
/home/datasets/train/zebra/150.jpg,2,0.0152408015,0.031669058,0.1207588,0.022331968,0.005632775,-0.013600143
/home/datasets/train/zebra/325.jpg,2,-0.018213786,0.028055241,0.11067796,-0.00998694,-0.02323867,-0.02857377
/home/datasets/train/zebra/image_147.jpeg,2,0.00904118,0.046685178,0.12618725,0.0067510027,-0.0070521683,-0.013711299
/home/datasets/train/zebra/n02391049_7074.jpg,2,0.010946492,0.02176385,0.085406624,-0.01163966,-0.0277583,-0.031957507
/home/datasets/train/zebra/n02391049_9303.jpg,2,0.019357499,0.06587649,0.13418546,0.025161661,-0.0009148279,0.0036693998
/home/datasets/train/zebra/n02391049_6202.jpg,2,0.027990725,0.005182431,0.12042686,0.0399242,0.0121393595,0.0072560557
/home/datasets/train/zebra/n02391049_7306.jpg,2,0.027907444,0.012765858,0.09943998,0.016171187,-0.017314527,-0.020971388
/home/datasets/train/zebra/0f6629e915.jpg,2,0.017388502,0.020346414,0.1323348,0.015800098,0.032120835,0.035792984
/home/datasets/train/zebra/n02391049_3154.jpg,2,0.044938184,0.050682418,0.12259956,0.03059771,0.02602138,0.013225228
/home/datasets/train/zebra/n02391049_3114.jpg,2,0.020078227,0.015975064,0.10619336,0.017487071,0.0019867942,-0.0034730919
/home/datasets/train/zebra/n02391049_8568.jpg,2,0.04058476,0.034909416,0.09390268,0.028276253,-0.023063326,-0.028448906
/home/datasets/train/zebra/21e2c20f1e.jpg,2,0.0035526594,0.0130951535,0.113049224,-0.0065624383,-0.021463709,-0.015882073
/home/datasets/train/zebra/n02391049_3267.jpg,2,0.003355272,0.026617065,0.09859044,0.018618729,-0.004389602,-0.020586208
/home/datasets/train/zebra/n02391049_7886.jpg,2,0.025093671,0.016892534,0.10129283,0.020798162,-0.0018068599,-0.0017005745
/home/datasets/train/zebra/10e8a5d5fd.jpg,2,0.020159949,0.015507363,0.09074977,0.013092214,-0.00084636547,-0.0028543957
/home/datasets/train/zebra/n02391049_419.jpg,2,0.03692427,0.015325959,0.09845095,0.05497753,-0.02840916,-0.047230523
/home/datasets/train/zebra/n02391049_5115.jpg,2,0.016433593,0.039968718,0.10039955,0.035614714,0.011509329,-0.0048863646
/home/datasets/train/zebra/n02391049_9524.jpg,2,0.030229777,0.031858984,0.11719557,0.024835266,-0.016061526,-0.029068787
/home/datasets/train/zebra/n02391049_2265.jpg,2,0.035294645,0.04746192,0.105479084,0.029374951,0.038468845,0.034903716
/home/datasets/train/zebra/n02391049_956.jpg,2,0.021692537,0.046014167,0.11388733,0.02290025,0.040810585,0.030425683
/home/datasets/train/zebra/n02391049_468.jpg,2,0.021517597,0.022579908,0.1248842,0.012375248,0.013920551,-0.008898005
/home/datasets/train/zebra/n02391049_2251.jpg,2,0.02732362,0.036261607,0.114116386,0.007349163,-0.0078089996,-0.017760236
/home/datasets/train/zebra/n02391049_10749.jpg,2,0.017471692,0.057240024,0.12285391,0.01945335,0.049959432,0.04206484
/home/datasets/train/zebra/n02391049_2631.jpg,2,0.0038689864,0.032134637,0.09586788,0.022694841,-0.029224068,-0.028569287
/home/datasets/train/zebra/236.jpg,2,0.01853086,0.03553956,0.116556406,0.008508375,-0.014995432,-0.021200325
/home/datasets/train/zebra/image_1.jpeg,2,0.04078477,0.024743091,0.09495956,0.027765658,-0.03418739,-0.044548556
/home/datasets/train/zebra/176.jpg,2,0.035902664,0.036049146,0.113923654,0.03228818,-0.008066446,-0.023642126
/home/datasets/train/zebra/n02391049_2184.jpg,2,0.04637994,0.05929885,0.1223927,0.025333628,0.043061286,0.041654963
/home/datasets/train/zebra/n02391049_6159.jpg,2,0.023563573,0.020618433,0.089233294,0.022098195,-0.038767952,-0.04762113
/home/datasets/train/zebra/n02391049_1309.jpg,2,0.029637802,0.017433364,0.12499759,5.04544e-05,-0.013508664,-0.01800442
/home/datasets/train/zebra/iimage_23 (19).jpeg,2,0.0073795514,0.02926795,0.12507784,0.0015331442,-0.0003549764,-0.0052512316
/home/datasets/train/zebra/n02391049_2674.jpg,2,0.04122465,0.01674577,0.106727846,0.021411922,-0.048369166,-0.0462414
/home/datasets/train/zebra/n02391049_10122.jpg,2,0.03288313,0.026383117,0.10301304,0.02801793,-0.022351721,-0.030575681
/home/datasets/train/zebra/n02391049_3631.jpg,2,0.03322897,0.059235103,0.13669303,0.033391993,0.048955698,0.053403452
/home/datasets/train/zebra/352.jpg,2,0.03663317,0.047473654,0.11646708,0.029033583,0.0011352086,0.010369662
/home/datasets/train/zebra/n02391049_3209.jpg,2,0.034314334,0.051044982,0.10925345,0.019378936,0.026852174,0.021672305
/home/datasets/train/zebra/n02391049_316.jpg,2,0.027527517,0.056297548,0.11296134,0.0059927143,0.028023606,0.028291805
/home/datasets/train/zebra/n02391049_2289.jpg,2,0.021884311,0.02337432,0.1165649,0.010292135,-0.012089123,-0.031236647
/home/datasets/train/zebra/n02391049_2469.jpg,2,0.04166957,0.04781032,0.1230896,0.024762874,0.020127885,0.022197949
/home/datasets/train/zebra/n02391049_6951.jpg,2,0.023237638,0.013334508,0.09962687,0.009597905,-0.037813347,-0.033720016
/home/datasets/train/zebra/n02391049_11195.jpg,2,0.029915497,0.011899829,0.09587774,0.03128954,-0.03436867,-0.037560273
/home/datasets/train/zebra/140.jpg,2,0.048786543,0.022558447,0.10474102,0.0411165,-0.028966254,-0.04292846
/home/datasets/train/zebra/image_105.jpeg,2,0.042496167,0.03442716,0.116359636,0.037348606,-0.019823717,-0.016610159
/home/datasets/train/zebra/n02391049_2959.jpg,2,0.018297046,0.04594721,0.10355085,-0.006494615,0.006789632,0.0113902055
/home/datasets/train/zebra/image_178.jpeg,2,0.024209907,0.026859827,0.12003784,0.009748271,-0.025515314,-0.021859538
/home/datasets/train/zebra/372.jpg,2,0.025493884,0.04556948,0.11753945,0.035665665,0.029505659,0.025344234
/home/datasets/train/zebra/n02391049_2518.jpg,2,0.021946685,0.026731184,0.08924696,0.033986766,-0.005775493,-0.018918956
/home/datasets/train/zebra/image_19.jpeg,2,0.019980168,0.030961879,0.10022179,0.025811447,0.001663248,-0.011549843
/home/datasets/train/zebra/n02391049_9273.jpg,2,-0.0017379129,0.01323322,0.08173624,-0.008715837,-0.053666018,-0.050811924
/home/datasets/train/zebra/n02391049_2899.jpg,2,0.03039696,0.048623554,0.12915061,0.029388364,0.042010795,0.049410593
/home/datasets/train/zebra/n02391049_3257.jpg,2,0.01755398,0.041427888,0.12015723,0.021206139,0.009329785,0.01081609
/home/datasets/train/zebra/iimage_23 (31).jpeg,2,0.020163806,0.036203537,0.13490617,0.03420432,0.04542981,0.043701537
/home/datasets/train/zebra/n02391049_3779.jpg,2,0.020915292,0.025645567,0.10989359,0.0059835115,-0.003065724,-0.014524173
/home/datasets/train/zebra/013.jpg,2,0.004124321,0.037675954,0.108133934,-0.005037835,-0.01614048,-0.020729072
/home/datasets/train/zebra/n02391049_3034.jpg,2,0.028719813,0.037687596,0.10430532,0.005506151,-0.008557538,-0.024713788
/home/datasets/train/zebra/n02391049_915.jpg,2,0.024553766,0.021618525,0.111854896,0.05298391,-0.0121234935,-0.03414856
/home/datasets/train/zebra/n02391049_6804.jpg,2,0.020228572,0.029060017,0.10658958,0.02715823,-0.010095056,-0.009364033
/home/datasets/train/zebra/n02391049_10131.jpg,2,0.023210581,0.027812283,0.09803522,0.028635804,-0.044143867,-0.029168528
/home/datasets/train/zebra/n02391049_2693.jpg,2,0.026897248,0.021961072,0.090679914,0.033735644,-0.021661406,-0.026576696
/home/datasets/train/zebra/image_174.jpeg,2,0.022572586,0.07395264,0.10716402,0.031997934,0.047032565,0.04365079
/home/datasets/train/zebra/n02391049_10948.jpg,2,0.031171203,0.038818687,0.12716706,0.01970367,0.03340456,0.016905319
/home/datasets/train/zebra/n02391049_2671.jpg,2,0.01188963,0.009506628,0.09472011,0.0092471335,-0.032917462,-0.052649405
/home/datasets/train/zebra/n02391049_3248.jpg,2,0.026143406,0.044278927,0.11302371,0.036583662,0.021138117,0.01556013
/home/datasets/train/zebra/n02391049_10322.jpg,2,0.026616005,0.032112885,0.102164805,0.032527454,0.009756254,0.0011925325
/home/datasets/train/zebra/n02391049_1172.jpg,2,0.016631346,0.015409708,0.120912045,0.026201267,0.02767004,0.03500765
/home/datasets/train/zebra/n02391049_8182.jpg,2,0.022667874,0.03567003,0.12735003,0.017325636,-0.004381222,-0.011727966
/home/datasets/train/zebra/n02391049_121.jpg,2,0.015089412,0.032065686,0.10409931,0.005946301,-0.030996097,-0.04113048
/home/datasets/train/zebra/n02391049_5371.jpg,2,0.042582236,0.037294034,0.11837821,0.007416411,0.014726159,0.01695235
/home/datasets/train/zebra/n02391049_1056.jpg,2,0.020509917,0.011321872,0.086089596,0.009775715,-0.033329405,-0.042580977
/home/datasets/train/zebra/n02391049_3958.jpg,2,0.023081841,-0.00058449805,0.100934796,0.031864252,-0.04078685,-0.037626024
/home/datasets/train/zebra/n02391049_354.jpg,2,0.022571698,0.017700043,0.09607967,-0.0041694874,-0.03179804,-0.038372148
/home/datasets/train/zebra/n02391049_421.jpg,2,0.036607523,0.05797847,0.116578706,0.031859078,-0.0015535671,0.017114554
/home/datasets/train/zebra/n02391049_10636.jpg,2,0.028163299,0.013337498,0.11876055,0.03508038,-0.020913847,-0.03001056
/home/datasets/train/zebra/n02391049_2888.jpg,2,0.018551072,0.041196357,0.0923209,-0.001836244,0.010735383,-0.011297323
/home/datasets/train/zebra/n02391049_2281.jpg,2,0.010875927,0.02511974,0.11391068,-0.0017251854,-0.026959205,-0.014421769
/home/datasets/train/zebra/n02391049_2606.jpg,2,0.034559358,0.053984016,0.16795646,0.033371653,0.032955505,0.034307275
/home/datasets/train/zebra/132.jpg,2,0.00019444805,0.038072504,0.11519898,-0.011438632,-0.039210342,-0.01943852
/home/datasets/train/zebra/n02391049_5947.jpg,2,0.04204894,0.07731326,0.12932104,0.0346782,0.02368236,0.014683889
/home/datasets/train/zebra/n02391049_12.jpg,2,0.029432297,0.038279854,0.12009768,0.027299842,0.01268924,0.01780736
/home/datasets/train/zebra/128.jpg,2,0.0032121465,0.04150637,0.11315541,0.0066786916,-0.023375388,-0.02744887
/home/datasets/train/zebra/n02391049_745.jpg,2,0.046384066,0.050588973,0.11749846,0.028811354,0.015367171,0.010403275
/home/datasets/train/zebra/234.jpg,2,0.035454787,-0.00094773574,0.096993476,0.036130615,-0.024082407,-0.024178129
/home/datasets/train/zebra/n02391049_2838.jpg,2,0.048129156,0.04125653,0.124127105,0.032093704,-0.013701694,-0.024125278
/home/datasets/train/zebra/n02391049_2182.jpg,2,-0.0023939712,0.05160307,0.11596336,0.012504247,0.02588423,0.027350362
/home/datasets/train/zebra/n02391049_2485.jpg,2,0.009335365,0.03799092,0.106646016,0.009000535,-0.008623964,-0.017356135
/home/datasets/train/zebra/n02391049_9922.jpg,2,0.02730698,0.0226647,0.12890613,0.019445047,0.021420235,0.010766474
/home/datasets/train/zebra/n02391049_2481.jpg,2,0.030127767,0.030823587,0.11455211,0.025874462,0.015621667,0.022229617
/home/datasets/train/zebra/n02391049_6293.jpg,2,0.010160369,0.04011029,0.12719248,0.029042915,0.01805451,0.018261429
/home/datasets/train/zebra/208.jpg,2,0.007932544,0.019142155,0.092896655,0.0040496206,-0.021947794,-0.037098862
/home/datasets/train/zebra/n02391049_4058.jpg,2,0.012601739,0.010485321,0.08983399,0.015860021,-0.011076709,-0.019649876
/home/datasets/train/zebra/n02391049_964.jpg,2,0.035992783,0.029876113,0.09980255,0.02730578,-0.030352991,-0.015608812
/home/datasets/train/zebra/n02391049_107.jpg,2,0.054216012,0.048499912,0.10270442,0.044360302,-0.011168852,-0.026189277
/home/datasets/train/zebra/n02391049_5366.jpg,2,0.013410661,0.03959795,0.11219713,0.027321452,-0.019341705,-0.035838548
/home/datasets/train/zebra/n02391049_8059.jpg,2,0.030230967,0.016264265,0.107845195,0.025286822,-0.00453092,-0.011497887
/home/datasets/train/zebra/n02391049_2628.jpg,2,0.02626105,0.031623226,0.11704063,0.029197821,0.005047352,-0.0035421439
/home/datasets/train/zebra/image_27.jpeg,2,0.016897067,0.07532844,0.108161554,0.006860662,0.025048979,0.022090387
/home/datasets/train/zebra/n02391049_949.jpg,2,0.007951302,0.034541875,0.102554545,0.0065611163,-0.035463724,-0.022218596
/home/datasets/train/zebra/n02391049_2637.jpg,2,0.0061846077,0.0068567866,0.07470941,-0.011750741,-0.044536464,-0.04792432
/home/datasets/train/zebra/image_164.jpeg,2,0.022539623,0.04612317,0.11643331,0.024749847,0.0086361375,0.00030249357
/home/datasets/train/zebra/n02391049_285.jpg,2,-0.007566088,0.0091555435,0.10198495,-0.016558468,0.0029627848,-0.010296397
/home/datasets/train/zebra/n02391049_4729.jpg,2,0.0068028495,0.022152333,0.11293194,-0.025797289,0.009299321,0.015627276
/home/datasets/train/zebra/370.jpg,2,0.0318099,0.039248735,0.13349397,0.027727596,-0.023846265,-0.023111772
/home/datasets/train/zebra/n02391049_733.jpg,2,0.04084427,0.022523837,0.10065825,0.045643725,-0.029895715,-0.041801915
/home/datasets/train/zebra/066.jpg,2,0.02917288,0.024368977,0.117115006,0.02248997,-0.016054425,-0.030619182
/home/datasets/train/zebra/361.jpg,2,0.03335403,0.046947464,0.12271941,0.0473131,0.013126312,0.03619234
/home/datasets/train/zebra/087.jpg,2,0.026232077,0.044825193,0.12562557,0.033929363,0.01638249,0.0077087674
/home/datasets/train/zebra/n02391049_676.jpg,2,0.019220795,0.03629553,0.081903554,0.007696272,-0.008997019,-0.015679192
/home/datasets/train/zebra/image_119.jpeg,2,0.01662476,0.022784838,0.11516099,0.014799612,-0.022045378,-0.022707447
/home/datasets/train/zebra/200.jpg,2,0.007359862,0.0168553,0.08680333,-0.00068937824,-0.026024817,-0.027870499
/home/datasets/train/zebra/315.jpg,2,0.0021554257,0.056206226,0.097179785,-0.00063982327,0.019377783,0.02264785
/home/datasets/train/zebra/n02391049_614.jpg,2,0.0041881474,0.047592744,0.119070716,0.015242561,0.02300483,0.020359546
/home/datasets/train/zebra/156.jpg,2,0.018447954,0.050201096,0.12985004,0.032808915,0.055909373,0.053523637
/home/datasets/train/zebra/n02391049_6378.jpg,2,0.010109058,0.03589263,0.092277505,0.017939687,-0.01976778,-0.016601948
/home/datasets/train/zebra/n02391049_5509.jpg,2,0.013306131,0.041426428,0.10882787,-0.0008678043,-0.02693565,-0.020959292
/home/datasets/train/zebra/n02391049_2457.jpg,2,0.025324691,0.034742102,0.14657995,0.01922835,0.034859937,0.013421277
/home/datasets/train/zebra/n02391049_10159.jpg,2,0.017897489,0.018529642,0.10748491,0.02190854,-0.014442058,-0.027166814
/home/datasets/train/zebra/n02391049_3905.jpg,2,-0.0029687532,0.022013027,0.1062673,-0.0064932173,-0.01003073,-0.01584021
/home/datasets/train/zebra/141.jpg,2,0.016376028,0.032843135,0.11044791,0.022089483,0.0326015,9.6840784e-05
/home/datasets/train/zebra/n02391049_2049.jpg,2,0.04690061,0.05719519,0.13107342,0.043454323,0.013309747,0.0019230833
/home/datasets/train/zebra/n02391049_2534.jpg,2,0.032454003,0.041419066,0.119007654,0.03149657,-0.00033378974,-0.0144133195
/home/datasets/train/zebra/image_172.jpeg,2,0.02714968,0.01812337,0.13070464,0.033661865,0.007980407,-0.0049675396
/home/datasets/train/zebra/362.jpg,2,0.022087187,0.041523263,0.104999095,0.015123793,-0.0347864,-0.045838706
/home/datasets/train/zebra/image_128.jpeg,2,0.037201226,0.050721325,0.12735903,0.030816322,0.057974182,0.041855976
/home/datasets/train/zebra/274.jpg,2,0.029831575,0.01320007,0.11100466,0.035272155,-0.0035799649,-0.019435894
/home/datasets/train/zebra/n02391049_10754.jpg,2,0.025120638,0.052760497,0.114902906,0.017158572,-0.0038532182,0.0034707123
/home/datasets/train/zebra/n02391049_248.jpg,2,0.014921782,0.036319494,0.13909453,0.026135009,0.008834113,-0.0046286862
/home/datasets/train/zebra/n02391049_7115.jpg,2,0.025287965,0.036076806,0.11287724,0.008573689,0.035815645,0.018802052
/home/datasets/train/zebra/n02391049_5501.jpg,2,0.027614791,0.033130266,0.10241949,0.018436197,-0.019689273,-0.022709334
/home/datasets/train/zebra/146.jpg,2,0.008258066,0.011145761,0.083188996,0.0059983013,-0.03607976,-0.038726423
/home/datasets/train/zebra/n02391049_249.jpg,2,0.036125317,0.03116311,0.12038756,0.04023983,-0.037327025,-0.037171222
/home/datasets/train/zebra/n02391049_6922.jpg,2,0.015725471,0.025252804,0.115086764,0.016811065,0.035975866,0.03196668
/home/datasets/train/zebra/zebra (28).jpg,2,0.032538887,0.03388912,0.10914341,0.030598512,-0.005115707,-0.016420785
/home/datasets/train/zebra/zebra (54).jpg,2,-0.0027000243,0.024827555,0.115955204,0.021907862,-0.015592088,-0.022612652
/home/datasets/train/zebra/n02391049_2941.jpg,2,0.030353338,0.025715008,0.12197823,0.044615656,-0.017303267,-0.03000097
/home/datasets/train/zebra/n02391049_384.jpg,2,0.007501239,0.031505197,0.11709547,-0.004675518,-0.05211333,-0.04391098
/home/datasets/train/zebra/262.jpg,2,0.0060496912,0.032051984,0.084405586,0.00045503303,-0.033574108,-0.04778833
/home/datasets/train/zebra/0642b33245.jpg,2,0.002230114,0.024094336,0.1299525,-0.016628653,-0.02853669,-0.02468492
/home/datasets/train/zebra/336.jpg,2,0.026087558,0.009400214,0.10545555,0.020572744,-0.027811006,-0.031795233
/home/datasets/train/zebra/n02391049_9777.jpg,2,0.040441953,0.020342315,0.12620883,0.04450232,-0.000512328,-0.01418801
/home/datasets/train/zebra/353.jpg,2,0.012504346,0.013567417,0.0997164,0.0037168139,-0.039029066,-0.03649861
/home/datasets/train/zebra/n02391049_6122.jpg,2,0.02747718,0.02104574,0.09543254,0.026065942,-0.0069123995,-0.03465383
/home/datasets/train/zebra/n02391049_7261.jpg,2,0.0065746848,0.0136624435,0.085325934,0.008932944,-0.0564622,-0.054634795
/home/datasets/train/zebra/n02391049_261.jpg,2,0.022295877,0.006594169,0.123803526,0.041173186,0.00093843974,-0.014088967
/home/datasets/train/zebra/zebra (23).jpg,2,0.012922443,0.026413139,0.09303735,0.019842647,-0.012524234,-0.025702333
/home/datasets/train/zebra/n02391049_2696.jpg,2,0.001461803,0.022180595,0.11706845,0.006342789,-0.010838275,-0.0017492278
/home/datasets/train/zebra/n02391049_2242.jpg,2,0.027147485,0.040782962,0.09932427,0.006995693,0.043249104,0.020636667
/home/datasets/train/zebra/n02391049_2645.jpg,2,0.037696898,0.022647548,0.09255621,0.033623785,-0.011605964,-0.024872454
/home/datasets/train/zebra/2cc1ae5608.jpg,2,0.025957763,0.026343811,0.09343657,0.017121365,0.011913254,0.008385045
/home/datasets/train/zebra/n02391049_3265.jpg,2,0.026456662,0.06339686,0.13496432,0.04251901,0.05527351,0.0143506285
/home/datasets/train/zebra/n02391049_3085.jpg,2,0.0215088,0.02298464,0.10781262,0.025741883,-0.039827317,-0.035107013
/home/datasets/train/zebra/n02391049_2732.jpg,2,-0.0017099725,0.04057581,0.10203719,-0.0010922574,-0.04114552,-0.032588463
/home/datasets/train/zebra/047.jpg,2,0.008176144,0.015824609,0.08309424,0.006026753,-0.046979435,-0.045840424
/home/datasets/train/zebra/n02391049_2383.jpg,2,0.006463063,0.05290919,0.13919309,0.029835433,0.04385523,0.029859874
/home/datasets/train/zebra/201.jpg,2,0.014980333,0.014661807,0.10125975,0.012272635,-0.0049114386,-0.013993068
/home/datasets/train/zebra/n02391049_9055.jpg,2,0.01704295,0.017861605,0.108212516,0.011374284,-0.0067868284,-0.012076157
/home/datasets/train/zebra/n02391049_1064.jpg,2,0.026175588,0.031498984,0.1231423,0.021711212,-0.030520692,-0.026854027
/home/datasets/train/zebra/n02391049_377.jpg,2,0.0044763405,0.033459984,0.09821907,-0.011087289,-0.00886234,-0.025460994
/home/datasets/train/zebra/133.jpg,2,0.03650438,0.06596547,0.13435526,0.022858046,0.026385048,0.035695266
/home/datasets/train/zebra/n02391049_10681.jpg,2,0.018130407,0.0109754205,0.13975282,0.024189759,0.040215492,0.04153561
/home/datasets/train/zebra/n02391049_976.jpg,2,0.043934777,0.03875793,0.12820114,0.03960706,0.004448655,0.008662146
/home/datasets/train/zebra/n02391049_1973.jpg,2,-0.0017199628,0.0006217072,0.08420173,-0.019372787,-0.045508895,-0.046202306
/home/datasets/train/zebra/328.jpg,2,0.004921302,0.015928326,0.10122384,0.0024865214,-0.04130736,-0.038751256
/home/datasets/train/zebra/n02391049_8021.jpg,2,0.0284375,0.01957094,0.12425756,0.034061104,-0.02913108,-0.0310031
/home/datasets/train/zebra/224.jpg,2,0.0069211647,0.014073076,0.11086929,0.008185589,-0.04192432,-0.05520031
/home/datasets/train/zebra/n02391049_2818.jpg,2,0.015690468,0.044868667,0.13818929,0.022335388,0.0043079983,-0.00841401
/home/datasets/train/zebra/009.jpg,2,0.027508017,0.034929443,0.1086417,0.021314187,0.0016811807,-0.011872834
/home/datasets/train/zebra/n02391049_8061.jpg,2,0.01821859,0.026428388,0.11588988,0.016314566,-0.00631047,-0.017446777
/home/datasets/train/zebra/image_59.jpeg,2,0.0041755894,0.025828287,0.12038903,-0.0026471475,0.015162302,0.01458046
/home/datasets/train/zebra/n02391049_345.jpg,2,0.027342744,0.04844231,0.1198675,0.02771258,-0.0037046429,-0.017409747
/home/datasets/train/zebra/179.jpg,2,0.028836211,0.04114659,0.105265826,0.027773965,-0.019693937,-0.018298311
/home/datasets/train/zebra/n02391049_1236.jpg,2,0.037949305,0.0435871,0.14580917,0.05247873,0.047879633,0.039984837
/home/datasets/train/zebra/n02391049_4745.jpg,2,0.015586531,0.06792351,0.14099643,0.0110317785,0.04527516,0.011915768
/home/datasets/train/zebra/n02391049_98.jpg,2,0.014077853,0.0307142,0.127074,0.008889684,0.0034322096,0.00015382934
/home/datasets/train/zebra/n02391049_596.jpg,2,-0.0019251849,0.04688429,0.10425508,0.0030111913,-0.004798647,-0.014561744
/home/datasets/train/zebra/n02391049_4805.jpg,2,0.011970969,0.09443522,0.14417376,0.006329163,0.04198806,0.040898077
/home/datasets/train/zebra/338.jpg,2,0.030591406,0.089025125,0.13725832,0.04373055,0.010017274,0.044684462
/home/datasets/train/zebra/n02391049_6163.jpg,2,0.036484584,0.06117836,0.12022134,0.032576825,0.011901634,-0.0011173263
/home/datasets/train/zebra/n02391049_2232.jpg,2,0.019488662,0.020470543,0.08887768,0.02110326,-0.015679404,-0.026831102
/home/datasets/train/zebra/n02391049_7512.jpg,2,0.010777297,0.026501704,0.10202244,0.028121259,0.0239108,0.023037419
/home/datasets/train/zebra/n02391049_2964.jpg,2,0.013950082,0.025783129,0.10705823,-0.045261055,-0.009042146,-0.011783085
/home/datasets/train/zebra/n02391049_6444.jpg,2,0.006461054,0.01593136,0.11286328,0.0046349755,0.0072880196,0.008888905
/home/datasets/train/zebra/n02391049_6546.jpg,2,0.04361637,0.037247,0.11642115,0.054026686,0.019117823,0.01304714
/home/datasets/train/zebra/n02391049_9331.jpg,2,0.02934597,0.02904609,0.10787512,0.010564335,-0.035376515,-0.053811803
/home/datasets/train/zebra/n02391049_10596.jpg,2,0.016995234,0.06226737,0.14112243,0.018599484,-0.006878305,0.011743577
/home/datasets/train/zebra/n02391049_9698.jpg,2,0.028794076,0.026890755,0.11796054,0.011396917,-0.010819681,-0.014837439
/home/datasets/train/zebra/n02391049_2657.jpg,2,0.02434817,0.039229836,0.1281381,0.03427379,-0.02566402,-0.028111123
/home/datasets/train/zebra/n02391049_8689.jpg,2,0.017102815,0.034078732,0.12009387,0.023585882,-0.0022873608,0.002350404
/home/datasets/train/zebra/image_187.jpeg,2,-0.00015969621,0.031970046,0.1118265,-0.031939413,-0.028918497,-0.04252398
/home/datasets/train/zebra/359.jpg,2,0.028309166,0.045200575,0.11982244,0.02765029,-0.0068360325,-0.0069698524
/home/datasets/train/zebra/n02391049_4901.jpg,2,0.032582205,0.039950047,0.1368437,0.03896658,0.020575276,0.021348916
/home/datasets/train/zebra/n02391049_626.jpg,2,0.004578679,0.037793078,0.09990451,-0.01777545,0.012063923,-0.0049303696
/home/datasets/train/zebra/n02391049_8855.jpg,2,0.01702281,0.050542235,0.12163816,0.0093409205,0.026013952,0.020316327
/home/datasets/train/zebra/n02391049_2656.jpg,2,-0.006273292,0.027716838,0.09640221,-0.00024743658,0.011963051,0.018572949
/home/datasets/train/zebra/n02391049_6475.jpg,2,0.0043764063,0.040516768,0.10842895,-0.030065645,0.023564674,0.023191992
/home/datasets/train/zebra/n02391049_5291.jpg,2,0.024906864,0.019315433,0.13642763,0.03311719,0.016146127,-0.0017868187
/home/datasets/train/zebra/n02391049_5093.jpg,2,0.015417913,0.06319602,0.16559497,0.023825236,0.049500376,0.05376527
/home/datasets/train/zebra/n02391049_978.jpg,2,0.005294777,0.03707799,0.108156085,0.001608077,-0.025471542,-0.03208499
/home/datasets/train/zebra/n02391049_2921.jpg,2,-0.013122963,0.03626501,0.10300027,-0.04073906,-0.0040560137,-0.014742814
/home/datasets/train/zebra/305.jpg,2,0.008892154,0.011543747,0.08470751,0.017873077,-0.011292944,-0.032171972
/home/datasets/train/zebra/n02391049_2597.jpg,2,0.018898383,0.020908652,0.12231641,0.023480004,-0.017475333,-0.024005815
/home/datasets/train/zebra/n02391049_9494.jpg,2,0.008137889,0.039741315,0.08022241,-0.016327193,0.0036227265,-0.006036477
/home/datasets/train/zebra/n02391049_5367.jpg,2,0.011248815,0.025329158,0.11741041,0.020690765,0.017457778,0.010639467
/home/datasets/train/zebra/054.jpg,2,0.034850307,0.026118107,0.10292215,0.02479652,0.0037310636,-0.013519317
/home/datasets/train/zebra/107.jpg,2,0.0378006,0.043757923,0.12755415,0.026913248,0.021044714,0.024312569
/home/datasets/train/zebra/n02391049_10429.jpg,2,0.04238724,0.03667806,0.13661557,0.032104373,0.025377551,0.032440543
/home/datasets/train/zebra/image_54.jpeg,2,0.0072444035,0.01809131,0.11756766,0.012331522,-0.034806047,-0.038763452
/home/datasets/train/zebra/n02391049_7378.jpg,2,0.02618248,0.00878972,0.11744404,0.053262223,0.013449496,-0.0058373697
/home/datasets/train/zebra/n02391049_646.jpg,2,0.015476525,0.010251744,0.081959754,0.021104448,0.006078655,-0.011762802
/home/datasets/train/zebra/n02391049_1184.jpg,2,0.0052342974,0.0407453,0.10549097,0.017803926,0.030234875,0.030006468
/home/datasets/train/zebra/n02391049_9919.jpg,2,0.006076006,0.021206442,0.1286969,0.003424541,-0.026938852,-0.025991585
/home/datasets/train/zebra/image_93.jpeg,2,-0.0049468363,0.031921305,0.13273957,0.005964969,0.020588797,0.009972155
/home/datasets/train/zebra/358.jpg,2,-0.00012256717,0.014724218,0.10448075,0.0042575896,-0.029734578,-0.035777017
/home/datasets/train/zebra/n02391049_4.jpg,2,0.022448048,0.05567731,0.13006538,0.014814564,0.051564578,0.045548312
/home/datasets/train/zebra/n02391049_9726.jpg,2,0.026000658,0.016368464,0.07685444,0.012029685,-0.018335655,-0.03382718
/home/datasets/train/zebra/zebra (56).jpg,2,0.02335737,0.02328818,0.12489871,0.016241994,-0.032973878,-0.0413366
/home/datasets/train/zebra/168.jpg,2,0.011439885,0.028088868,0.10463965,0.021616956,0.05144781,0.031330347
/home/datasets/train/zebra/zebra (55).jpg,2,0.02335737,0.02328818,0.12489871,0.016241994,-0.032973878,-0.0413366
/home/datasets/train/zebra/n02391049_2549.jpg,2,0.0427012,0.04583709,0.14023457,0.036688946,0.017731547,0.01764921
/home/datasets/train/zebra/n02391049_79.jpg,2,-0.011090902,0.03949949,0.11721512,0.009233069,-0.031489573,-0.042923108
/home/datasets/train/zebra/image_146.jpeg,2,0.00026206672,0.03802599,0.10578424,0.0011638915,-0.03886168,-0.04538607
/home/datasets/train/zebra/n02391049_2651.jpg,2,-0.0025825924,0.02648012,0.12040754,0.008699449,-0.018271923,-0.02634802
/home/datasets/train/zebra/n02391049_695.jpg,2,0.0035377354,0.029571824,0.10734006,0.013112369,0.030357005,0.03943549
/home/datasets/train/zebra/n02391049_1742.jpg,2,0.028409991,0.041969854,0.12231961,0.028136302,0.025708864,0.024562642
/home/datasets/train/zebra/iimage_23 (32).jpeg,2,0.015956495,0.045640364,0.12273605,0.027785003,0.014397662,0.014585884
/home/datasets/train/zebra/n02391049_638.jpg,2,0.025177337,0.05482164,0.1408838,0.02851846,0.034014747,0.03450464
/home/datasets/train/zebra/226.jpg,2,0.019948814,0.036022287,0.09253703,0.011673985,0.013284309,0.008222863
/home/datasets/train/zebra/n02391049_8539.jpg,2,0.042685393,0.027453728,0.1094687,0.035375156,-0.02022816,-0.025457527
/home/datasets/train/zebra/n02391049_2275.jpg,2,0.009937096,0.038876362,0.11174712,0.006686591,-0.013727141,-0.017091878
/home/datasets/train/zebra/n02391049_6935.jpg,2,0.0048802863,0.065595135,0.11230825,0.001323306,0.01634346,0.018917281
/home/datasets/train/zebra/image_167.jpeg,2,0.031941645,0.0199372,0.087486744,0.027722288,-0.029046135,-0.04491568
/home/datasets/train/zebra/zebra (12).jpg,2,0.032681897,0.022260072,0.094711326,0.020286735,0.0042954907,-0.016165378
/home/datasets/train/zebra/n02391049_358.jpg,2,0.036686845,0.010361398,0.119779594,0.017430838,-0.011502183,-0.020240746
/home/datasets/train/zebra/023.jpg,2,0.029022397,0.04681178,0.10528036,0.03027477,0.009250167,0.0075133517
/home/datasets/train/zebra/n02391049_9443.jpg,2,0.0085005425,0.01221479,0.09450768,0.006638775,-0.03683436,-0.03935525
/home/datasets/train/zebra/n02391049_2926.jpg,2,0.041023783,0.02686125,0.079300866,0.00294049,-0.0056981333,-0.02678252
/home/datasets/train/zebra/022.jpg,2,0.030721707,0.011538458,0.08775778,0.03570602,-0.043388113,-0.0415501
/home/datasets/train/zebra/005.jpg,2,0.019862395,0.054092202,0.106919065,0.023442958,0.003179483,0.0009735152
/home/datasets/train/zebra/image_52.jpeg,2,0.049842652,0.03533172,0.12713346,0.056109283,0.03333543,0.016080167
/home/datasets/train/zebra/n02391049_5216.jpg,2,0.011475602,0.03653212,0.12201145,0.01804892,0.012849545,0.022566661
/home/datasets/train/zebra/n02391049_7645.jpg,2,0.039835766,0.050522603,0.13266343,0.03905329,0.0560179,0.04876623
/home/datasets/train/zebra/n02391049_2733.jpg,2,0.01887283,0.03520187,0.110551715,0.016602125,0.017384786,0.022020727
/home/datasets/train/zebra/n02391049_2747.jpg,2,0.021783365,0.033514503,0.11898976,0.02474521,-0.016919458,-0.02421525
/home/datasets/train/zebra/n02391049_7779.jpg,2,0.009292191,0.046722982,0.100340486,0.015304528,0.0060899947,0.0034983288
/home/datasets/train/zebra/n02391049_9336.jpg,2,0.015602831,0.026161503,0.13383353,0.023956489,0.02324235,0.014285466
/home/datasets/train/zebra/n02391049_1183.jpg,2,0.03327604,0.014052268,0.0931796,0.024002302,-0.0056772386,-0.020914197
/home/datasets/train/zebra/n02391049_875.jpg,2,0.017047437,0.038252562,0.11787367,0.0009795409,0.0071178265,-0.007125227
/home/datasets/train/zebra/n02391049_8373.jpg,2,0.0080882255,0.07435881,0.15157701,0.030519012,0.031557634,0.039596133
/home/datasets/train/zebra/204.jpg,2,0.016573684,0.032165118,0.09467906,0.01270626,0.012308072,0.018661369
/home/datasets/train/zebra/n02391049_1567.jpg,2,0.0030608645,0.04901471,0.12601739,0.008505339,0.0135153895,0.0046995757
/home/datasets/train/zebra/n02391049_2794.jpg,2,0.023442037,0.01640521,0.095560834,0.04358996,-0.024852566,-0.030066354
/home/datasets/train/zebra/n02391049_6396.jpg,2,0.031839833,0.026246874,0.11770882,0.014556274,-0.011973504,-0.009667343
/home/datasets/train/zebra/image_15.jpeg,2,0.029407665,0.037908394,0.11175393,0.021701122,-0.034625314,-0.035246387
/home/datasets/train/zebra/241.jpg,2,0.037193254,0.015972067,0.10909784,0.039823923,-0.0068525,-0.0041062767
/home/datasets/train/zebra/n02391049_621.jpg,2,0.031841643,0.024220876,0.1346819,0.035018645,0.035489183,0.035083942
/home/datasets/train/zebra/n02391049_1095.jpg,2,0.03307681,0.057121504,0.12208403,0.028534975,0.03945609,0.033896133
/home/datasets/train/zebra/n02391049_10278.jpg,2,0.0047538346,0.06297751,0.13922612,0.015798137,0.05191768,0.04911628
/home/datasets/train/zebra/n02391049_8951.jpg,2,0.018681426,0.03369488,0.12674937,0.03645632,0.00027380837,-0.0022498593
/home/datasets/train/zebra/n02391049_3232.jpg,2,0.03284119,0.04187597,0.124296635,0.020976793,0.0028479942,0.010425748
/home/datasets/train/zebra/n02391049_2477.jpg,2,0.032370657,-0.0006366819,0.09297354,0.043092012,-0.029620264,-0.02416846
/home/datasets/train/zebra/n02391049_8856.jpg,2,0.020222135,0.029573876,0.14763737,0.020735111,0.041150574,0.037867427
/home/datasets/train/zebra/n02391049_4077.jpg,2,0.010974087,0.033305433,0.09463149,0.0023327032,-0.005646766,-0.013200204
/home/datasets/train/zebra/n02391049_6245.jpg,2,0.021127962,0.021164197,0.10648084,0.026066635,-0.045042478,-0.04049089
/home/datasets/train/zebra/n02391049_707.jpg,2,0.013928515,0.017755203,0.09995661,0.011352427,-0.02881086,-0.0312909
/home/datasets/train/zebra/n02391049_565.jpg,2,0.026464485,0.061337583,0.108249694,0.012291418,0.030552514,0.030081581
/home/datasets/train/zebra/n02391049_2584.jpg,2,0.021471653,0.016610222,0.11525856,0.027900694,0.009920673,0.00051082484
/home/datasets/train/zebra/image_161.jpeg,2,0.022260759,0.059625532,0.121630184,0.014546237,0.006800592,-0.0048473403
/home/datasets/train/zebra/n02391049_8657.jpg,2,0.016185047,0.008399042,0.0833121,0.00568417,-0.0171257,-0.034615505
/home/datasets/train/zebra/n02391049_4922.jpg,2,0.032494586,0.028716719,0.11302453,0.019831078,0.014608247,-0.00047580618
/home/datasets/train/zebra/n02391049_2294.jpg,2,0.027512781,0.0042916182,0.09316999,0.013128605,-0.02974096,-0.030541254
/home/datasets/train/zebra/n02391049_2636.jpg,2,0.04383897,0.06365033,0.118692175,0.038798034,0.023177378,0.0006000679
/home/datasets/train/zebra/n02391049_3681.jpg,2,0.01049247,0.048368193,0.14850023,0.033019423,0.018174753,0.024142083
/home/datasets/train/zebra/n02391049_363.jpg,2,0.013845914,0.018818967,0.08543894,0.011763586,-0.024767298,-0.028466288
/home/datasets/train/zebra/290.jpg,2,0.009469996,0.025731351,0.09710859,0.006788607,0.0045270855,-0.013395717
/home/datasets/train/zebra/n02391049_7836.jpg,2,0.041705944,0.007803836,0.08408222,0.026222374,-0.0023272,-0.014230132
/home/datasets/train/zebra/n02391049_3754.jpg,2,0.016936608,0.02560466,0.09196106,0.01974187,0.010589608,-0.003626069
/home/datasets/train/zebra/n02391049_2935.jpg,2,0.0101006245,0.03127785,0.12568556,-0.001792415,0.05150037,0.04328215
/home/datasets/train/zebra/n02391049_254.jpg,2,0.0127996765,0.037774358,0.136434,0.0065505044,0.02905481,0.028480548
/home/datasets/train/zebra/n02391049_1891.jpg,2,-0.00412752,0.022298958,0.11309244,-0.013712367,-0.045596804,-0.04523895
/home/datasets/train/zebra/image_132.jpeg,2,0.018157233,0.054576825,0.12252325,0.020309273,-0.037513286,-0.04098413
/home/datasets/train/zebra/zebra (8).jpg,2,0.0027798302,0.011367379,0.11165457,-0.012330569,-0.037281357,-0.037051022
/home/datasets/train/zebra/image_173.jpeg,2,0.042430416,0.0500019,0.12385799,0.028178472,0.032347247,0.03478656
/home/datasets/train/zebra/n02391049_15.jpg,2,-0.00445702,0.023825744,0.124481924,-0.011559324,-0.010650181,-0.01904672
/home/datasets/train/zebra/n02391049_6121.jpg,2,0.02682386,0.013475437,0.08946663,0.016654419,-0.011148421,-0.026280532
/home/datasets/train/zebra/image_64.jpeg,2,0.030341787,0.06762256,0.106195346,0.029173816,0.011933392,-0.008254593
/home/datasets/train/zebra/image_168.jpeg,2,-0.002301952,0.028260352,0.10744259,-0.00059619825,0.007825563,-0.0040240902
/home/datasets/train/zebra/296.jpg,2,0.0007490497,0.033514377,0.109767266,0.015434423,-0.011342793,-0.0152404625
/home/datasets/train/zebra/n02391049_2824.jpg,2,0.03760553,0.054067463,0.1483365,0.039237738,0.012333946,0.011875292
/home/datasets/train/zebra/193.jpg,2,0.0038956706,0.033159517,0.11659622,0.009075796,-0.0011122376,-0.021230947
/home/datasets/train/zebra/n02391049_6374.jpg,2,0.00971115,0.05611484,0.12950033,0.010377753,0.037631646,0.042908046
/home/datasets/train/zebra/n02391049_2464.jpg,2,0.015838731,0.033358358,0.114443876,0.018360898,-0.026465606,-0.03304265
/home/datasets/train/zebra/215.jpg,2,0.02188362,0.024287187,0.11253761,0.033852093,-0.028385397,-0.039748624
/home/datasets/train/zebra/n02391049_935.jpg,2,0.025873132,0.021476801,0.110526875,0.015002317,0.012285308,0.007244693
/home/datasets/train/zebra/n02391049_2951.jpg,2,0.0110536525,0.054704778,0.13273393,0.014585862,0.020296384,0.016333234
/home/datasets/train/zebra/n02391049_737.jpg,2,0.0141235,0.03851337,0.13078505,0.033251636,-0.034367464,-0.04051634
/home/datasets/train/zebra/n02391049_10257.jpg,2,0.007153884,0.052943267,0.15407076,0.0049088313,0.020915262,0.02317644
/home/datasets/train/zebra/n02391049_2476.jpg,2,0.025046583,0.038499974,0.10517126,0.021402791,-0.010326705,-0.020221524
/home/datasets/train/zebra/n02391049_2451.jpg,2,0.010306463,0.036972392,0.10469492,-0.027001763,-0.010211574,-0.012350664
/home/datasets/train/zebra/184.jpg,2,0.020293502,0.04924363,0.1424351,0.04517333,-0.004127117,-0.010798443
/home/datasets/train/zebra/n02391049_6609.jpg,2,0.018093195,0.0166354,0.102830976,0.010161306,-0.028075192,-0.014098095
/home/datasets/train/zebra/n02391049_2448.jpg,2,0.020422366,0.086141706,0.15908998,0.03752681,0.023344148,0.016369192
/home/datasets/train/zebra/n02391049_7205.jpg,2,-0.0017551968,-0.0013049953,0.09617332,0.01898639,-0.02329418,-0.03300752
/home/datasets/train/zebra/n02391049_2571.jpg,2,0.03160955,0.03185864,0.115360186,0.027758684,-0.0075856247,-0.01688028
/home/datasets/train/zebra/366.jpg,2,0.033927128,0.016200274,0.118645936,0.039076995,-0.02426741,-0.013786411
/home/datasets/train/zebra/n02391049_1296.jpg,2,0.004069303,0.020514932,0.11603816,0.00318956,-0.0021888427,0.005126265
/home/datasets/train/zebra/n02391049_122.jpg,2,0.027901089,0.04513674,0.11709203,0.01579756,0.010996717,0.014552108
/home/datasets/train/zebra/n02391049_217.jpg,2,0.037967198,0.058029927,0.12834515,0.037331462,0.04924769,0.032832433
/home/datasets/train/zebra/360.jpg,2,0.013390891,0.029054018,0.0912721,-0.0070199966,-0.021996148,-0.026239526
/home/datasets/train/zebra/n02391049_6683.jpg,2,0.003693993,0.014494959,0.09148167,-0.0081050545,-0.0022884933,-0.009859496
/home/datasets/train/zebra/n02391049_7457.jpg,2,-0.003875922,0.027220506,0.122403935,-3.7745107e-05,0.012552466,0.015784215
/home/datasets/train/zebra/1a3a28f74e.jpg,2,0.0035216871,0.008229974,0.09135158,0.012585002,-0.014943529,-0.020694133
/home/datasets/train/zebra/n02391049_2297.jpg,2,0.020453734,0.016866444,0.13003227,0.021683868,-0.0037961407,-0.010267032
/home/datasets/train/zebra/n02391049_2848.jpg,2,0.014227071,0.0311771,0.1394405,0.038303223,0.024695005,0.021189164
/home/datasets/train/zebra/n02391049_866.jpg,2,-0.011802773,0.026133183,0.106441915,-0.00010906771,-0.019671526,-0.015677378
/home/datasets/train/zebra/n02391049_6097.jpg,2,-0.012695316,0.028108802,0.11185826,-0.013308627,-0.01403999,-0.008805782
/home/datasets/train/zebra/35aecee037.jpg,2,0.008995731,0.04058644,0.10314457,0.008507691,-0.044209376,-0.04839368
/home/datasets/train/zebra/213.jpg,2,0.037762284,0.02429323,0.09752728,0.044320285,-0.03373426,-0.04318581
/home/datasets/train/zebra/n02391049_7847.jpg,2,0.006128034,0.034466393,0.12668525,0.014912432,0.024125773,0.013314122
/home/datasets/train/zebra/n02391049_2333.jpg,2,0.022595217,0.013627827,0.12146807,0.024567345,-0.001971616,-0.0054827724
/home/datasets/train/zebra/n02391049_1509.jpg,2,0.044940263,0.032919865,0.1130764,0.033946924,0.009371331,0.008405608
/home/datasets/train/zebra/342.jpg,2,0.019816678,0.020483678,0.08765928,0.012579677,-0.015298288,-0.02383978
/home/datasets/train/zebra/n02391049_2989.jpg,2,0.02169238,0.0380096,0.09038548,0.032920294,0.016078882,0.00881643
/home/datasets/train/zebra/n02391049_178.jpg,2,0.04493688,0.025230573,0.103376485,0.031640656,-0.026582506,-0.039142296
/home/datasets/train/zebra/159.jpg,2,0.009570261,0.039628778,0.09576768,0.012834418,-0.018884202,-0.021281974
/home/datasets/train/zebra/image_63.jpeg,2,0.013447049,0.06311772,0.11554845,0.019821197,0.03200393,0.018816734
/home/datasets/train/zebra/zebra (3).jpg,2,0.018886045,0.06598872,0.115334675,0.019446252,0.038867056,0.035122342
/home/datasets/train/zebra/n02391049_228.jpg,2,0.03741991,0.041009977,0.10332378,0.033452705,0.040022887,0.033307333
/home/datasets/train/zebra/219.jpg,2,0.012340146,0.016912732,0.08133228,0.0041525993,-0.032635853,-0.032092046
/home/datasets/train/zebra/image_158.jpeg,2,0.008020547,0.07307285,0.11655624,0.00077018724,0.04203331,0.042592805
/home/datasets/train/zebra/n02391049_3038.jpg,2,0.01287798,0.048527334,0.11763564,0.013235528,0.012698844,-0.000384775
/home/datasets/train/zebra/n02391049_10165.jpg,2,-0.0055895788,0.03540594,0.12943375,-0.0103064235,0.032265525,0.013611697
/home/datasets/train/zebra/n02391049_2875.jpg,2,0.015652215,0.053366408,0.14985934,0.014253262,0.050749607,0.055765793
/home/datasets/train/zebra/n02391049_8266.jpg,2,-0.0021649105,0.030263944,0.105384514,-0.014038189,-0.017291714,-0.028323678
/home/datasets/train/zebra/n02391049_4576.jpg,2,0.03829153,0.030580387,0.11451657,0.017415516,0.01349152,0.016247585
/home/datasets/train/zebra/n02391049_4873.jpg,2,0.023435213,0.050016753,0.110279694,0.012130498,-0.004248834,-0.0076301284
/home/datasets/train/zebra/167.jpg,2,0.003781951,0.035817485,0.098689646,0.0006302304,-1.0835938e-05,-0.007976921
/home/datasets/train/zebra/n02391049_7972.jpg,2,0.029278241,0.03744194,0.1361368,0.03757175,0.027794063,0.0306853
/home/datasets/train/zebra/n02391049_32.jpg,2,0.00083876215,0.023845144,0.110478505,-0.0021167803,-0.009587515,-0.014103746
/home/datasets/train/zebra/n02391049_4974.jpg,2,0.023030091,0.006395609,0.10394441,0.03724525,-0.041434377,-0.04403644
/home/datasets/train/zebra/image_124.jpeg,2,0.036500074,0.029027674,0.11397284,0.03704414,-0.009254999,-0.0019603316
/home/datasets/train/zebra/zebra (14).jpg,2,0.03583754,0.0048111253,0.102801144,0.030879758,-0.054790486,-0.06479696
/home/datasets/train/zebra/n02391049_776.jpg,2,0.017275255,0.045818157,0.15227169,0.008986969,0.020581689,0.026212636
/home/datasets/train/zebra/n02391049_2623.jpg,2,0.0016504601,0.019017909,0.10335965,0.015189887,-0.023320775,-0.037392925
/home/datasets/train/zebra/n02391049_3236.jpg,2,0.029718757,0.054600023,0.13431546,0.024895191,0.028380174,0.00070179254
/home/datasets/train/zebra/243.jpg,2,0.019625673,0.0065810382,0.093176365,0.0035743103,-0.037068922,-0.04377907
/home/datasets/train/zebra/n02391049_6216.jpg,2,0.029124651,0.014375716,0.10606213,0.028274894,-0.05350035,-0.05342275
/home/datasets/train/zebra/image_75.jpeg,2,0.038445033,0.05843056,0.13757509,0.03680069,0.0015796088,-0.0022543184
/home/datasets/train/zebra/n02391049_1532.jpg,2,0.03652345,0.035046104,0.12319634,0.021703985,0.002840843,0.009152679
/home/datasets/train/zebra/iimage_23 (28).jpeg,2,0.041855074,0.029613052,0.1435253,0.03675714,0.0046055946,0.0062855855
/home/datasets/train/zebra/065.jpg,2,0.024810933,0.03477994,0.14032695,0.032887295,0.0008240454,-0.0050105434
/home/datasets/train/zebra/n02391049_1288.jpg,2,0.0040604994,0.039680164,0.11752872,0.014479812,-0.031768497,-0.034824118
/home/datasets/train/zebra/n02391049_9417.jpg,2,0.01214892,0.09281002,0.14556262,0.013337364,0.026668943,0.028772369
/home/datasets/train/zebra/n02391049_4748.jpg,2,0.03682223,0.027540926,0.10212666,0.039083667,0.020053573,0.008812619
/home/datasets/train/zebra/n02391049_3135.jpg,2,0.013364134,0.031349316,0.1195592,-0.0027770817,0.012437327,0.0056928815
/home/datasets/train/zebra/n02391049_3088.jpg,2,0.0070473826,0.025293551,0.13052931,0.009331981,0.022142043,0.026325174
/home/datasets/train/zebra/n02391049_2024.jpg,2,0.01961846,0.03449119,0.12910762,0.009803403,0.012384667,0.02555008
/home/datasets/train/zebra/n02391049_3426.jpg,2,-0.013358188,0.019294964,0.11050086,-0.028425142,-0.012572531,-0.024356607
/home/datasets/train/zebra/n02391049_7557.jpg,2,0.0037404504,0.045054905,0.12022723,0.0149356965,0.038422193,0.04003351
/home/datasets/train/zebra/n02391049_1054.jpg,2,0.018253189,0.051144496,0.09895071,-0.0044639125,-0.020204639,-0.031370074
/home/datasets/train/zebra/image_138.jpeg,2,0.01228056,0.051918462,0.11894901,0.015968716,0.014643502,0.011044523
/home/datasets/train/zebra/n02391049_6757.jpg,2,0.01049804,0.025741726,0.14345375,0.031059366,-0.0037204018,-0.01507594
/home/datasets/train/zebra/n02391049_5714.jpg,2,0.012299579,0.01200313,0.12634361,0.034376875,0.032946903,0.016189296
/home/datasets/train/zebra/image_108.jpeg,2,0.037096173,0.031668793,0.11607849,0.008044373,0.033473574,0.02840585
/home/datasets/train/zebra/n02391049_2709.jpg,2,0.020378819,0.037179846,0.11477396,0.018803932,-0.011595226,-0.013937414
/home/datasets/train/zebra/181.jpg,2,0.026636079,0.019862391,0.08436696,0.00804469,-0.03817796,-0.048051257
/home/datasets/train/zebra/n02391049_308.jpg,2,0.026543414,0.04673477,0.11031509,0.035885103,-0.014099214,-0.029641228
/home/datasets/train/zebra/269.jpg,2,0.032921717,0.035669863,0.12912107,0.036581658,-0.02105119,-0.025620949
/home/datasets/train/zebra/n02391049_3371.jpg,2,0.034384206,0.02991917,0.08887625,0.03137411,0.0011609914,-0.0139083825
/home/datasets/train/zebra/n02391049_8937.jpg,2,0.03174592,0.035946637,0.13014762,0.0352891,0.013388043,0.003868414
/home/datasets/train/zebra/295.jpg,2,0.01720395,0.060869142,0.13546589,0.034741312,-0.01409268,-0.029671598
/home/datasets/train/zebra/n02391049_608.jpg,2,0.024317525,0.0037067235,0.098988235,0.01862832,0.017644603,0.010993607
/home/datasets/train/zebra/n02391049_10324.jpg,2,0.008918133,0.030591384,0.10468471,-0.008382163,-0.024846835,-0.018641029
/home/datasets/train/zebra/image_40.jpeg,2,0.036955684,0.0236601,0.12477368,0.0323878,-0.027126547,-0.027004875
/home/datasets/train/zebra/iimage_23 (21).jpeg,2,0.018672451,0.03373808,0.12551104,0.024524447,0.01317921,0.008259537
/home/datasets/train/zebra/n02391049_5789.jpg,2,0.026125718,0.025747536,0.11608388,0.024408337,0.02864393,0.02467318
/home/datasets/train/zebra/n02391049_2133.jpg,2,0.03276746,0.035063803,0.13133623,0.027980624,0.01499622,-0.00455088
/home/datasets/train/zebra/205.jpg,2,0.035714008,0.05213929,0.11005764,0.02608297,0.016621409,0.018300364
/home/datasets/train/zebra/212.jpg,2,0.020843413,0.019049043,0.10761908,0.0043691536,0.004432,0.0057241106
/home/datasets/train/zebra/n02391049_1789.jpg,2,0.016440062,0.019271359,0.10345198,0.023618342,-0.033713445,-0.03272932
/home/datasets/train/zebra/n02391049_2995.jpg,2,0.023745023,0.03797388,0.12425003,0.02322545,-0.017994747,-0.021369006
/home/datasets/train/zebra/312.jpg,2,0.021744184,0.029714793,0.088805094,0.019744886,-0.024969365,-0.030001445
/home/datasets/train/zebra/n02391049_2367.jpg,2,0.0063147745,0.02483759,0.0989466,0.01696829,0.009533098,0.002165311
/home/datasets/train/zebra/n02391049_1937.jpg,2,0.013496853,0.02273922,0.10071975,0.014747123,0.017283883,0.0117953215
/home/datasets/train/zebra/n02391049_4144.jpg,2,0.046602454,0.023286968,0.106422916,0.04774864,0.0013318742,-0.010941362
/home/datasets/train/zebra/n02391049_1875.jpg,2,0.040044576,0.03144786,0.09851965,0.03545726,-0.039371822,-0.045442324
/home/datasets/train/zebra/n02391049_2197.jpg,2,0.016996495,0.040994663,0.12585466,0.012986059,0.024120376,0.017909927
/home/datasets/train/zebra/n02391049_9951.jpg,2,0.011580912,0.0063743223,0.1012979,0.025572415,-0.008784194,-0.019041825
/home/datasets/train/zebra/zebra (7).jpg,2,0.0027798302,0.011367379,0.11165457,-0.012330569,-0.037281357,-0.037051022
/home/datasets/train/zebra/n02391049_1148.jpg,2,0.017357044,0.027597325,0.11260587,0.017014,-0.033559747,-0.026605349
/home/datasets/train/zebra/n02391049_2825.jpg,2,0.018746411,0.037339024,0.09115289,0.0047809076,0.009605024,0.0039249435
/home/datasets/train/zebra/n02391049_2579.jpg,2,0.037149243,0.01627145,0.116768956,0.042432934,-0.00878611,-0.043062784
/home/datasets/train/zebra/n02391049_8565.jpg,2,0.013231929,0.03193235,0.10249087,0.002421705,-0.0019589607,-0.022174247
/home/datasets/train/zebra/n02391049_6762.jpg,2,0.035271727,0.05116155,0.13518602,0.041670218,0.021718604,0.010430066
/home/datasets/train/zebra/034.jpg,2,0.02270716,0.02324292,0.11707507,0.023868147,-0.014016008,-0.011510596
/home/datasets/train/zebra/n02391049_1163.jpg,2,0.008956022,0.03804344,0.13502212,0.0056927884,0.0038679773,-0.0023359768
/home/datasets/train/zebra/035.jpg,2,0.014715053,0.01752128,0.13071135,0.033578873,-0.006729845,-0.011532148
/home/datasets/train/zebra/098.jpg,2,0.028080437,0.031307694,0.09144212,0.039930254,-0.054611452,-0.055164315
/home/datasets/train/zebra/154.jpg,2,0.04880794,0.031162798,0.10782309,0.039200082,-0.013727033,-0.02083397
/home/datasets/train/zebra/n02391049_8902.jpg,2,0.019235982,0.05091883,0.11351632,0.012519842,0.00010138936,0.00433567
/home/datasets/train/zebra/n02391049_2906.jpg,2,0.014499008,0.026819408,0.1413573,0.02567922,0.021377787,0.03074732
/home/datasets/train/zebra/084.jpg,2,0.004316029,0.055458385,0.10840846,0.008471282,0.01855021,0.028159203
/home/datasets/train/zebra/n02391049_2922.jpg,2,0.038840715,0.025466602,0.13764744,0.0379482,0.00431729,-0.006067192
/home/datasets/train/zebra/228.jpg,2,0.0318099,0.039248735,0.13349397,0.027727596,-0.023846265,-0.023111772
/home/datasets/train/zebra/n02391049_5189.jpg,2,0.009574775,0.009704031,0.11126232,0.012810577,-0.019053373,-0.02699893
/home/datasets/train/zebra/n02391049_752.jpg,2,0.020113003,0.028917784,0.13056025,-0.0058023524,0.0048116315,-0.0015826672
/home/datasets/train/zebra/image_72.jpeg,2,0.020541616,0.0445751,0.12440914,0.027352247,0.01866403,0.017302647
/home/datasets/train/zebra/166.jpg,2,0.015964866,0.035738662,0.11147498,0.022452936,0.01721853,0.0011060787
/home/datasets/train/zebra/n02391049_7567.jpg,2,0.02506118,0.029576141,0.11898123,-0.008056955,-0.025185613,-0.017595652
/home/datasets/train/zebra/n02391049_2852.jpg,2,0.033861794,0.031007523,0.08754755,0.02931766,-0.025831938,-0.042292397
/home/datasets/train/zebra/151.jpg,2,0.015691858,0.030879945,0.11688755,0.0039320653,-0.042387024,-0.03496199
/home/datasets/train/zebra/254.jpg,2,0.0021020677,0.036320154,0.110220045,0.011077525,-0.03835986,-0.049616516
/home/datasets/train/zebra/n02391049_7038.jpg,2,0.05171364,0.034541402,0.11762648,0.0425175,0.026028847,0.002304528
/home/datasets/train/zebra/253.jpg,2,0.03364102,0.03633273,0.0978981,0.030473515,-0.02046797,-0.040065065
/home/datasets/train/zebra/277.jpg,2,0.050485928,0.025041701,0.09414126,0.025252862,-0.0045924108,-0.020183856
/home/datasets/train/zebra/288.jpg,2,0.0222767,0.016639905,0.10342817,0.018630104,-0.01384385,-0.019063795
/home/datasets/train/zebra/n02391049_7494.jpg,2,0.03408938,0.022428842,0.1139124,0.028120901,0.010650295,0.0020990446
/home/datasets/train/zebra/n02391049_3202.jpg,2,0.047346726,0.06488016,0.14118244,0.043644264,0.033117626,0.051995598
/home/datasets/train/zebra/149.jpg,2,0.03846985,0.051149577,0.118675604,0.03163757,0.024783691,0.014823403
/home/datasets/train/zebra/281.jpg,2,0.0072915023,0.03010642,0.09745446,0.0045187655,-0.028522946,-0.04186189
/home/datasets/train/zebra/n02391049_6629.jpg,2,0.03111522,0.044611335,0.10755946,0.03666468,0.00038728397,-0.008512336
/home/datasets/train/zebra/n02391049_314.jpg,2,0.016166536,0.03518636,0.1404309,0.019998834,-0.010741082,-0.016496042
/home/datasets/train/zebra/n02391049_4517.jpg,2,0.016569901,0.018413108,0.08971048,0.008627834,0.025745997,0.009482203
/home/datasets/train/zebra/073.jpg,2,0.026503516,0.012454285,0.10651466,0.024170872,-0.027458774,-0.036336966
/home/datasets/train/zebra/n02391049_3158.jpg,2,0.05344797,0.034848247,0.10818297,0.037291687,0.031233896,0.019587884
/home/datasets/train/zebra/n02391049_556.jpg,2,0.023765575,0.0382059,0.10452748,0.017999107,-0.00214467,-0.006799316
/home/datasets/train/zebra/image_89.jpeg,2,0.022110071,0.04688362,0.10380948,0.023244884,-0.007994118,-0.023139033
/home/datasets/train/zebra/n02391049_25.jpg,2,0.013055341,0.030429441,0.12473911,0.015030069,-0.0031159804,-0.009053748
/home/datasets/train/zebra/n02391049_2341.jpg,2,-0.0020515886,0.022880275,0.09411359,-0.00390941,0.0076366174,0.015668187
/home/datasets/train/zebra/n02391049_7721.jpg,2,-0.00431043,0.03210564,0.13242617,0.024341451,0.013360126,-0.0027238438
/home/datasets/train/zebra/n02391049_5909.jpg,2,0.042531803,0.028374888,0.14207402,0.045904987,0.03442768,0.042109057
/home/datasets/train/zebra/n02391049_1743.jpg,2,0.03947798,0.033508386,0.09954001,0.04119038,-0.044770323,-0.058892585
/home/datasets/train/zebra/194.jpg,2,0.011156812,0.02325366,0.09323569,0.009842393,-0.028059155,-0.037433643
/home/datasets/train/zebra/n02391049_1191.jpg,2,0.020983823,0.038258024,0.12319968,0.024984933,0.026020821,0.0031565242
/home/datasets/train/zebra/n02391049_2486.jpg,2,0.039832063,0.04913061,0.123228505,0.021562338,0.020444823,0.023791773
/home/datasets/train/zebra/n02391049_2218.jpg,2,0.03226012,0.021179141,0.115559,0.039683096,0.015803799,0.014099793
/home/datasets/train/zebra/n02391049_10576.jpg,2,0.027935296,0.046942644,0.16095775,0.03999225,0.026408182,0.041029528
/home/datasets/train/zebra/iimage_23 (7).jpeg,2,0.026410405,0.020622246,0.13406149,0.042338118,-0.009368769,-0.005619281
/home/datasets/train/zebra/iimage_23 (17).jpeg,2,0.032009054,0.05241479,0.13142073,0.053688727,0.02844866,0.023690986
/home/datasets/train/zebra/102.jpg,2,0.038080737,0.031949587,0.09933326,0.034846783,0.027115008,0.007555862
/home/datasets/train/zebra/n02391049_5875.jpg,2,0.019950349,0.05868484,0.095320255,0.013831696,0.0135367345,0.00879989
/home/datasets/train/zebra/image_125.jpeg,2,0.037627812,0.03176277,0.08959967,0.042609137,0.034806922,0.0275845
/home/datasets/train/zebra/103.jpg,2,0.0051948214,0.046408977,0.12105045,0.03317129,0.014450673,0.002652279
/home/datasets/train/zebra/n02391049_543.jpg,2,0.027770797,0.015751876,0.10253672,0.038385473,-0.01881887,-0.024136135
/home/datasets/train/zebra/n02391049_6413.jpg,2,0.0071049267,0.019471886,0.12018891,0.00729864,-0.00606896,-0.016947985
/home/datasets/train/zebra/345.jpg,2,0.0037019416,0.057328135,0.13928492,0.0012473571,-0.01048954,-0.0103385765
/home/datasets/train/zebra/n02391049_3303.jpg,2,0.03485532,0.034911353,0.11302811,0.026650812,-0.01750982,-0.016496755
/home/datasets/train/zebra/n02391049_2911.jpg,2,0.02118148,0.02411022,0.11401299,0.03417151,0.014361877,0.02599491
/home/datasets/train/zebra/n02391049_712.jpg,2,-0.0012862394,0.04178221,0.120638974,-0.013301353,-0.010312547,-0.030759938
/home/datasets/train/zebra/n02391049_46.jpg,2,0.05033064,0.048363756,0.12319863,0.043358386,0.012326928,0.0028545326
/home/datasets/train/zebra/376.jpg,2,0.037754714,0.03067949,0.1274561,0.024860678,0.027211308,0.01782725
/home/datasets/train/zebra/image_169.jpeg,2,-6.7946734e-05,0.032354996,0.1064216,0.013299296,-0.010249189,-0.022690095
/home/datasets/train/zebra/n02391049_3233.jpg,2,0.02486872,0.032440417,0.12003374,0.024176173,-0.0014850469,-0.0026289131
/home/datasets/train/zebra/n02391049_4448.jpg,2,-0.0008741929,0.038427833,0.10780293,0.00753629,-0.024859367,-0.02068995
/home/datasets/train/zebra/n02391049_10739.jpg,2,0.008268065,0.053134285,0.115898356,-0.010734034,-0.012386,-0.019862141
/home/datasets/train/zebra/image_116.jpeg,2,0.019766698,0.02333198,0.13101506,0.02469109,-0.0029462883,-0.0053873872
/home/datasets/train/zebra/n02391049_1067.jpg,2,0.030564105,0.044311862,0.11225529,0.02059501,0.01617843,0.02587046
/home/datasets/train/zebra/n02391049_356.jpg,2,0.030077487,0.03754163,0.13035196,0.035544105,0.029810645,0.022804959
