Full filepath,Full Class Index,sensitivityscore_before_features.9.block.1.0,sensitivityscore_After_features.9.block.1.0_0.5,sensitivityscore_After_features.9.block.1.0_0.6
/home/datasets/train/deer/deb4e8d7c9.jpg,0,0.0047130114,0.011297278,0.0105159
/home/datasets/train/deer/61860dd81c.jpg,0,0.017755933,0.012543729,0.0168324
/home/datasets/train/deer/3028e909d9.jpg,0,0.016080018,0.009850667,0.0105289295
/home/datasets/train/deer/54ad7f6e17.jpg,0,0.02469893,-0.0003624214,0.0038053065
/home/datasets/train/deer/4d03862792.jpg,0,0.01085359,0.0032858416,-0.0029767766
/home/datasets/train/deer/f47f34dd0c.jpg,0,0.007106468,0.012238092,0.008956246
/home/datasets/train/deer/a72c338713.jpg,0,0.0014854572,-0.007431551,-0.012906232
/home/datasets/train/deer/2d6f0e6c80.jpg,0,0.013414946,0.014844884,0.016696757
/home/datasets/train/deer/ca61ab1b1f.jpg,0,0.008656509,0.015187433,0.011794087
/home/datasets/train/deer/2637fbf170.jpg,0,0.012139493,0.021151919,0.0007332461
/home/datasets/train/deer/9afe2488bf.jpg,0,-0.002006886,0.022844795,0.018176187
/home/datasets/train/deer/09818957b7.jpg,0,0.010198187,-0.013770898,-0.017495159
/home/datasets/train/deer/7cd5dab486.jpg,0,-0.012435653,0.016728342,-0.003317407
/home/datasets/train/deer/a1a47404e7.jpg,0,0.0050541307,0.013229428,0.00429661
/home/datasets/train/deer/804d8063d6.jpg,0,0.030370362,0.0036998352,0.0067300284
/home/datasets/train/deer/image_24.jpg,0,0.0168682,0.011075327,0.008797609
/home/datasets/train/deer/image_76.jpg,0,0.02036734,0.011522944,0.018504802
/home/datasets/train/deer/a794f45187.jpg,0,0.020234862,0.010570427,0.0014001864
/home/datasets/train/deer/818c7331ca.jpg,0,0.012378355,0.005187652,0.005840576
/home/datasets/train/deer/f54b6f43cd.jpg,0,0.018137235,0.012363194,0.011545487
/home/datasets/train/deer/3687f256d7.jpg,0,0.010113595,0.02361923,0.024775965
/home/datasets/train/deer/d17f8459df.jpg,0,0.008343071,0.017695919,0.014341058
/home/datasets/train/deer/image_39.jpg,0,0.010120347,0.014943853,0.00960532
/home/datasets/train/deer/5f22a77307.jpg,0,0.002800962,0.00015076378,0.012239452
/home/datasets/train/deer/178bbe296e.jpg,0,0.03060528,0.011282189,0.013799911
/home/datasets/train/deer/362312ee0b.jpg,0,0.015182337,-0.013498366,-0.011630399
/home/datasets/train/deer/aab37153a3.jpg,0,-0.011871044,0.010955172,0.0051931376
/home/datasets/train/deer/image_46.jpg,0,-0.0071446667,0.014513885,0.018212682
/home/datasets/train/deer/34b92e0dec.jpg,0,0.014378972,0.01003046,0.011936183
/home/datasets/train/deer/f5491b0b28.jpg,0,0.0035065939,0.0049848454,0.00434401
/home/datasets/train/deer/ad480eded9.jpg,0,-0.007582622,0.017229013,0.012206739
/home/datasets/train/deer/3ef422fcbd.jpg,0,0.0108802905,0.01809825,0.01589917
/home/datasets/train/deer/2c8c6e2f6d.jpg,0,0.008978356,0.013919113,0.012659633
/home/datasets/train/deer/76e1730a7c.jpg,0,0.010815257,-0.0035442389,-0.007919318
/home/datasets/train/deer/i-2022-04-05T155021-669_jpg.rf.e25dbef846a55559f536f312b5aa976b.jpg,0,0.0015807729,0.022101842,0.013485996
/home/datasets/train/deer/9da836299d.jpg,0,-0.004693207,0.02150941,0.010994637
/home/datasets/train/deer/i-2022-04-05T172522-092_jpg.rf.f9f71e8abdfc86efe97f1056921951cc.jpg,0,0.0035541805,0.0029616356,-0.0050208014
/home/datasets/train/deer/3a7685c8c9.jpg,0,0.004475045,0.0003603059,-0.0045604683
/home/datasets/train/deer/b7d1c61c3a.jpg,0,-0.010490077,0.01713556,0.013797414
/home/datasets/train/deer/f1cf53823b.jpg,0,0.010369922,0.0072684716,0.010421602
/home/datasets/train/deer/144e70a876.jpg,0,0.0077604298,0.019720681,0.016670682
/home/datasets/train/deer/c839f5829d.jpg,0,0.017471293,0.0049666674,0.0012468817
/home/datasets/train/deer/04eec54def.jpg,0,-0.012900125,0.020979118,0.020827845
/home/datasets/train/deer/9e89f1b7d1.jpg,0,0.0039952053,0.0034303754,0.007485095
/home/datasets/train/deer/46a2b61ddc.jpg,0,-0.000877272,0.006337451,0.010185324
/home/datasets/train/deer/5eb2e2a419.jpg,0,0.0012548366,0.0041165426,0.008369125
/home/datasets/train/deer/chital-126500-Edit.jpg,0,0.01487643,0.010125337,0.011893919
/home/datasets/train/deer/697718c354.jpg,0,0.0036693795,-0.007285472,-0.021757368
/home/datasets/train/deer/3ececaa45e.jpg,0,0.01932503,0.011234605,0.014354892
/home/datasets/train/deer/a1339359de.jpg,0,0.008371976,0.011171125,0.0025745295
/home/datasets/train/deer/2cb963ba89.jpg,0,0.0051761577,0.0063631637,0.00839399
/home/datasets/train/deer/494ecfbc45.jpg,0,0.0177666,0.008647862,-0.0029753803
/home/datasets/train/deer/559b655e24.jpg,0,0.0005240673,0.017835755,0.012286777
/home/datasets/train/deer/9de2a5e7c0.jpg,0,-0.0061790757,0.01861507,0.016239418
/home/datasets/train/deer/image_37.jpg,0,0.008987041,0.008074878,0.010032201
/home/datasets/train/deer/0074441cc2.jpg,0,0.009317894,0.0076320507,0.004369036
/home/datasets/train/deer/9ee04ef873.jpg,0,0.018773708,0.0032237151,0.0038283963
/home/datasets/train/deer/4f0b46f73b.jpg,0,0.018976415,0.011114093,0.013478755
/home/datasets/train/deer/15cb3efaed.jpg,0,-0.006109304,0.008228287,0.02138339
/home/datasets/train/deer/0eb3bb5e9a.jpg,0,0.019806068,0.009914083,0.015561303
/home/datasets/train/deer/image_25.jpg,0,-0.010243274,0.012734354,0.0003979737
/home/datasets/train/deer/image_32.jpg,0,0.011090487,0.016554473,0.010914044
/home/datasets/train/deer/3a9bef94c3.jpg,0,0.019287422,0.01854027,-0.0023430176
/home/datasets/train/deer/35c2352627.jpg,0,0.0072140554,0.0101033915,0.010289785
/home/datasets/train/deer/3ee287c0c3.jpg,0,0.01653749,0.006186453,0.006328658
/home/datasets/train/deer/11a2ba2d9a.jpg,0,0.022736032,0.0017503125,0.0071285004
/home/datasets/train/deer/5e895b17d1.jpg,0,0.014848391,0.016398847,0.017265454
/home/datasets/train/deer/08d1025ed4.jpg,0,0.005542501,0.00423426,-0.0011752017
/home/datasets/train/deer/e39a6aa741.jpg,0,0.0063458215,0.0042286376,0.00806233
/home/datasets/train/deer/10790b960d.jpg,0,0.010290688,0.010235798,0.010857479
/home/datasets/train/deer/4b9fd4baa6.jpg,0,0.009540092,-0.00062311045,0.004031438
/home/datasets/train/deer/image_67.jpg,0,0.012181353,0.010288063,0.011290882
/home/datasets/train/deer/7efd89f098.jpg,0,-0.015497766,0.0065026633,0.0016634518
/home/datasets/train/deer/e4c951696f.jpg,0,-0.0048895725,8.503394e-05,-0.002947494
/home/datasets/train/deer/7a5bee0f95.jpg,0,0.008369888,0.0076191304,-0.00752044
/home/datasets/train/deer/2a5fd6c0f7.jpg,0,0.019679254,0.0043156454,0.00080466433
/home/datasets/train/deer/feafdc8eca.jpg,0,0.0047612265,0.026605006,0.017291402
/home/datasets/train/deer/9b1e8519de3.jpg,0,0.010876869,0.01833054,0.018575612
/home/datasets/train/deer/8a6a0c3359.jpg,0,0.015474179,0.016449155,0.012876302
/home/datasets/train/deer/image_60.jpg,0,0.017546505,0.019727001,0.0064557726
/home/datasets/train/deer/553f79494c.jpg,0,0.006907413,0.0018601271,0.0053183436
/home/datasets/train/deer/a00813c31c.jpg,0,0.015838493,0.011363813,0.0045032054
/home/datasets/train/deer/f506ea569b.jpg,0,-0.009824231,0.0032377709,0.0041380743
/home/datasets/train/deer/f540be9fe1.jpg,0,0.017002692,0.021758473,0.01748661
/home/datasets/train/deer/image_61.jpg,0,0.0050856657,0.0070649413,0.01143114
/home/datasets/train/deer/fd5be7fb86.jpg,0,0.015939675,0.0024425222,0.012431053
/home/datasets/train/deer/ab4ef5b9ae.jpg,0,0.0035607568,0.0028940276,-0.0064494004
/home/datasets/train/deer/d584f108f1.jpg,0,-0.0009146639,0.012224019,0.012049066
/home/datasets/train/deer/8b07687f39.jpg,0,0.003070748,0.0038683075,0.005738145
/home/datasets/train/deer/40ddd40dee.jpg,0,0.00782818,0.010569468,0.008997706
/home/datasets/train/deer/2e9aad69b1.jpg,0,0.01725892,-0.0002684635,0.0007640192
/home/datasets/train/deer/592768b323.jpg,0,0.028304089,0.00396019,0.0058427863
/home/datasets/train/deer/68642c695d.jpg,0,-0.027167054,0.0021644218,-0.013838718
/home/datasets/train/deer/9d755f0824.jpg,0,0.0068303645,0.016317688,0.010081414
/home/datasets/train/deer/cdcb53004e.jpg,0,0.020597931,0.0102195265,0.012616963
/home/datasets/train/deer/dfd32bb54a.jpg,0,0.00634092,0.0069309636,0.0023676206
/home/datasets/train/deer/f0ba5e507a.jpg,0,-0.03166989,0.01257973,0.0019595108
/home/datasets/train/deer/ebf89a6ff8.jpg,0,0.020807467,-0.005522926,0.002006853
/home/datasets/train/deer/61e361648e.jpg,0,0.0030946787,0.005905423,-0.0046301163
/home/datasets/train/deer/image_7.jpg,0,-0.0011515142,0.0051862216,0.0030623958
/home/datasets/train/deer/d218c3b043.jpg,0,-0.0018798207,0.012204806,0.015297631
/home/datasets/train/deer/079b0c220d.jpg,0,-0.007455321,0.009924404,0.013824511
/home/datasets/train/deer/38cdafa0ff.jpg,0,0.003851084,0.013604015,-0.009910371
/home/datasets/train/deer/chital2.jpg,0,-0.0045429314,0.011622535,0.0050870203
/home/datasets/train/deer/b7d097290c.jpg,0,-0.0062318062,0.0107427575,0.016198978
/home/datasets/train/deer/be98adba2e.jpg,0,0.01976003,0.0038084628,0.009031377
/home/datasets/train/deer/496cbc57b9.jpg,0,0.0033539864,0.011191912,0.0066621313
/home/datasets/train/deer/a402a1dcce.jpg,0,-0.007703215,0.01881012,0.013580039
/home/datasets/train/deer/c226ad906e.jpg,0,0.008135839,0.0009063268,0.021465663
/home/datasets/train/deer/6ac953ce82.jpg,0,0.022123316,0.011423567,0.0063539296
/home/datasets/train/deer/cad376db2a.jpg,0,-0.018891586,0.012128727,0.01409412
/home/datasets/train/deer/e76709edf7.jpg,0,-0.004983705,0.015256851,0.016872268
/home/datasets/train/deer/i-2022-04-05T141909-779_jpg.rf.e885c40ed0dd9db7496dd1051422ed29.jpg,0,-0.00027101836,0.01054061,0.008535689
/home/datasets/train/deer/40e2f90043.jpg,0,0.0024988044,0.008063115,0.007762847
/home/datasets/train/deer/de02cda9cf.jpg,0,0.010390865,0.0071762903,0.009911458
/home/datasets/train/deer/007bbabf4a.jpg,0,0.008086247,0.007821626,0.011647133
/home/datasets/train/deer/00fdcaa6df.jpg,0,0.026376985,0.010225792,0.014367801
/home/datasets/train/deer/80a5cec3b6.jpg,0,0.0040296796,0.021689564,0.023747448
/home/datasets/train/deer/194468fb71.jpg,0,-0.007344529,0.0016925894,0.00332167
/home/datasets/train/deer/e6b336021c.jpg,0,0.0025155367,0.0059039183,0.012335019
/home/datasets/train/deer/4ad43a1687.jpg,0,-0.008620517,0.011970766,0.021112703
/home/datasets/train/deer/image_63.jpg,0,-0.008715015,0.017076537,0.0022234754
/home/datasets/train/deer/i-2022-04-05T155135-175_jpg.rf.ba04d85eb0ba93cc2d75c835dead8ec1.jpg,0,0.012421354,0.020889062,0.01871854
/home/datasets/train/deer/6d29b3f6b2.jpg,0,0.0046675256,0.011428127,0.008904713
/home/datasets/train/deer/bd95b94a06.jpg,0,0.0083696395,0.012424486,0.01227394
/home/datasets/train/deer/9948bddf10.jpg,0,0.0019328155,0.0025661201,-0.0049486225
/home/datasets/train/deer/f539d72146.jpg,0,-0.0037153834,0.022437613,0.018389305
/home/datasets/train/deer/babcd5db87.jpg,0,0.009394697,0.0062018526,-0.0070534814
/home/datasets/train/deer/i-2022-03-21T181155-343_jpg.rf.f4e2e52df1fea000302360d2f4df8f6b.jpg,0,0.02586795,0.021998689,0.014519723
/home/datasets/train/deer/f5667086fc.jpg,0,-0.00026056054,0.007838117,0.007992575
/home/datasets/train/deer/14223eaced.jpg,0,0.0058429106,0.009176016,0.011871776
/home/datasets/train/deer/89fac4b53b.jpg,0,-0.008935228,0.02046271,0.011007838
/home/datasets/train/deer/i-2022-04-05T153406-871_jpg.rf.30dceb9e6d6972009be205588fe9b3e6.jpg,0,0.004482257,0.018024802,0.02030487
/home/datasets/train/deer/1954dcd696.jpg,0,0.0040892214,0.0029751637,-0.0073778853
/home/datasets/train/deer/890c1c2c9d.jpg,0,0.004024052,0.016704405,0.0067639532
/home/datasets/train/deer/e796d6b20d.jpg,0,-0.00061945035,0.020733507,0.0052502737
/home/datasets/train/deer/15c4799834.jpg,0,0.016893279,-0.0018955572,0.0008005204
/home/datasets/train/deer/651a28afda.jpg,0,0.009006407,0.023463883,0.022875246
/home/datasets/train/deer/7576b528f9.jpg,0,-0.008977362,0.014555933,0.006560421
/home/datasets/train/deer/9b1e8519de4.jpg,0,0.009052833,0.005037699,0.003305276
/home/datasets/train/deer/5a9c5613e1.jpg,0,0.016735382,0.017043574,0.011602869
/home/datasets/train/deer/a9b7ee5825.jpg,0,0.0033761554,0.017732408,0.016957344
/home/datasets/train/deer/4ee20f3a03.jpg,0,-0.0010976815,0.012972099,0.008768657
/home/datasets/train/deer/e9d89d119d.jpg,0,-0.0036332766,0.015025339,0.0055524064
/home/datasets/train/deer/20f38baebd.jpg,0,-0.003369451,0.013261039,0.016430946
/home/datasets/train/deer/9d1073d109.jpg,0,0.012073959,0.014379732,0.012394616
/home/datasets/train/deer/4a7335538c.jpg,0,0.004719887,0.020904355,0.018519634
/home/datasets/train/deer/2513aa964f.jpg,0,-0.0027670134,0.0040274737,0.00014088687
/home/datasets/train/deer/i-2022-04-05T145411-495_jpg.rf.e1a9459b901f8a9c5a97848e735ee881.jpg,0,0.009990832,0.026087318,0.015448085
/home/datasets/train/deer/c4c0be2432.jpg,0,0.0050960877,0.004937494,0.002562539
/home/datasets/train/deer/image_75.jpg,0,-0.0025944626,0.010942643,0.015257793
/home/datasets/train/deer/image_22.jpg,0,0.014797477,0.012784401,0.0058435905
/home/datasets/train/deer/415ee7f99a.jpg,0,0.014597042,0.007749493,0.018358313
/home/datasets/train/deer/12b014a50c.jpg,0,0.00038900413,0.011722208,0.0062036393
/home/datasets/train/deer/image_29.jpg,0,-0.008467195,0.011607468,0.014484063
/home/datasets/train/deer/8d8b5e1d88.jpg,0,0.00806113,0.0023237295,-0.0072781383
/home/datasets/train/deer/dd485708f8.jpg,0,0.016681578,0.00638065,0.013649538
/home/datasets/train/deer/0d99ac6e2f.jpg,0,0.011893613,0.0062888283,0.0092290975
/home/datasets/train/deer/e79c85919e.jpg,0,-0.0075078732,0.015612999,0.02537647
/home/datasets/train/deer/image_64.jpg,0,-0.015214138,0.01409639,0.021389443
/home/datasets/train/deer/e555598dfd.jpg,0,0.011700199,0.017089296,0.020593856
/home/datasets/train/deer/ecf5926c4b.jpg,0,0.005940133,0.0009612157,0.0040876316
/home/datasets/train/deer/ba41d458ee.jpg,0,-0.011493416,0.015216973,0.014781567
/home/datasets/train/deer/77de761e2b.jpg,0,0.003539056,-0.004526185,0.0008910295
/home/datasets/train/deer/22e17f35f0.jpg,0,-0.014119731,0.012275698,0.01015773
/home/datasets/train/deer/4215382882.jpg,0,0.007318891,-0.0035751006,0.002108036
/home/datasets/train/deer/b1b848f4bc.jpg,0,0.010628687,0.00861422,0.0002698875
/home/datasets/train/deer/09bbbd0230.jpg,0,-0.0008464521,0.01320047,0.011623211
/home/datasets/train/deer/f9f010e651.jpg,0,-0.003376115,-0.00040886854,0.005464346
/home/datasets/train/deer/d148bffb73.jpg,0,-0.0047978014,-0.0021588844,-0.0049294876
/home/datasets/train/deer/56d0368ac0.jpg,0,0.0027024108,0.019344699,0.014689872
/home/datasets/train/deer/i-2022-04-05T171133-437_jpg.rf.262f81079a09ab795ce2eea3a7538405.jpg,0,0.01526238,0.010510977,0.016181346
/home/datasets/train/deer/b68facf1c8.jpg,0,-0.003957388,0.0063340347,-0.012900724
/home/datasets/train/deer/cba0276b22.jpg,0,0.01822739,0.012038367,0.008620679
/home/datasets/train/deer/5e0833a1e6.jpg,0,0.006952702,0.0025372733,0.0065659233
/home/datasets/train/deer/5b5c5cac47.jpg,0,0.0039017906,0.020209853,0.017365292
/home/datasets/train/deer/image_72.jpg,0,-0.0064192773,0.00969106,0.008881977
/home/datasets/train/deer/4d88a12299.jpg,0,-0.0065288055,0.016930912,0.0117145125
/home/datasets/train/deer/adad44934c.jpg,0,0.0027804128,0.025032781,0.023380117
/home/datasets/train/deer/839bfe8a48.jpg,0,0.0013278271,0.02243786,0.015815297
/home/datasets/train/deer/639ec084da.jpg,0,-0.004155073,0.015996814,0.014105
/home/datasets/train/deer/91988c1881.jpg,0,0.0008058918,0.008682962,0.0051431633
/home/datasets/train/deer/95e3856962.jpg,0,-0.0065615186,0.016197849,0.008000841
/home/datasets/train/deer/bafb430d97.jpg,0,-0.004510791,0.014765514,0.010398665
/home/datasets/train/deer/9b1e8519de2.jpg,0,-0.0034833425,0.010890898,0.009885965
/home/datasets/train/deer/e400fda16f.jpg,0,0.017967574,0.020719532,0.030934978
/home/datasets/train/deer/ea619162ac.jpg,0,0.011999424,0.020324595,0.013678793
/home/datasets/train/deer/image_18.jpg,0,0.0057740756,0.012892891,0.0044409763
/home/datasets/train/deer/i-2022-04-05T152353-668_jpg.rf.e614516688f2afebbd4161822bfc7479.jpg,0,0.011355142,0.019430548,0.00942617
/home/datasets/train/deer/fdbda869df.jpg,0,0.0058645215,-0.0005749662,0.0049680355
/home/datasets/train/deer/30ed474918.jpg,0,-0.0016965774,0.0010874395,-0.0032442156
/home/datasets/train/deer/11defc84c2.jpg,0,0.010632355,0.0108417235,0.007942593
/home/datasets/train/deer/9b8e308461.jpg,0,0.008377423,0.004342108,0.008885938
/home/datasets/train/deer/88741c97cb.jpg,0,0.0052099726,0.013409643,0.017920988
/home/datasets/train/deer/acd18cc8bc.jpg,0,0.0072287857,0.01693993,0.008734728
/home/datasets/train/deer/eec00f171f.jpg,0,-0.007734404,0.007446095,0.0051150033
/home/datasets/train/deer/876f2db079.jpg,0,-0.0037906016,0.019412238,0.012711807
/home/datasets/train/deer/6f3be6009e.jpg,0,-0.00012459548,0.021587726,0.021676235
/home/datasets/train/deer/a86293172b.jpg,0,0.016154625,0.009148916,0.015552428
/home/datasets/train/deer/bfb2272ec7.jpg,0,0.017080087,0.012267606,0.011099992
/home/datasets/train/deer/b1d767da65.jpg,0,0.013989022,0.014705157,-0.0037349588
/home/datasets/train/deer/9c3cec486f.jpg,0,0.0028100465,0.00553304,0.0003321194
/home/datasets/train/deer/image_13.jpg,0,0.022268252,0.01762104,0.006197973
/home/datasets/train/deer/c8ee0fafa8.jpg,0,-0.0039058886,0.0062103407,0.0033720792
/home/datasets/train/deer/562a462022.jpg,0,0.012698819,0.00977611,0.009981341
/home/datasets/train/deer/fcb81e1e90.jpg,0,0.005428011,0.012763333,0.021363318
/home/datasets/train/deer/9e9335c570.jpg,0,0.009102879,0.012683632,0.013618062
/home/datasets/train/deer/619aff9a48.jpg,0,0.010758122,0.0065434845,0.021310244
/home/datasets/train/deer/1b96d8a694.jpg,0,0.016236397,0.003046656,0.0022134727
/home/datasets/train/deer/8726643f3f.jpg,0,0.0050013345,0.008587675,0.0116774505
/home/datasets/train/deer/48f4873374.jpg,0,0.010366441,0.018956779,0.008892148
/home/datasets/train/deer/image_3.jpg,0,0.032092385,0.0033021285,0.0012145571
/home/datasets/train/deer/057584e323.jpg,0,0.020261567,0.021683998,0.013469285
/home/datasets/train/deer/bc202e6b46.jpg,0,-0.004548992,0.014028918,0.012172623
/home/datasets/train/deer/c093147aea.jpg,0,0.015060054,0.019811284,0.029974123
/home/datasets/train/deer/image_62.jpg,0,-0.007757905,0.023201443,0.013614196
/home/datasets/train/deer/2831e2eca4.jpg,0,0.011257826,0.008923449,0.00540337
/home/datasets/train/deer/b595435188.jpg,0,0.0015507082,-0.0032962225,0.011078756
/home/datasets/train/deer/i-2022-04-05T155246-545_jpg.rf.301020be987d534624c96579566c3da2.jpg,0,0.02348433,-0.0011098294,0.012494134
/home/datasets/train/deer/04637a6efa.jpg,0,0.002517269,0.024177514,0.016185302
/home/datasets/train/deer/image_36.jpg,0,0.0184787,0.0048466073,0.008778256
/home/datasets/train/deer/5ac4da2957.jpg,0,0.013710851,0.0051913075,0.020074924
/home/datasets/train/deer/image_65.jpg,0,-0.009542582,0.0144003285,0.0057329587
/home/datasets/train/deer/8fc680c79b.jpg,0,0.0077231997,0.0035204892,0.005680252
/home/datasets/train/deer/13add66d67.jpg,0,0.0030187902,0.0139560755,0.009211617
/home/datasets/train/deer/eeb3148a0d.jpg,0,0.015748294,0.027340803,0.024736326
/home/datasets/train/deer/9089820c55.jpg,0,0.006219255,0.01774089,0.012470366
/home/datasets/train/deer/6435dd1e94.jpg,0,0.0107144965,-0.0050932355,-0.011651331
/home/datasets/train/deer/dbadd4db68.jpg,0,-0.0060064676,0.02489949,0.0024112067
/home/datasets/train/deer/002d813bf4.jpg,0,0.005057546,0.012789008,0.0010376729
/home/datasets/train/deer/927b28992c.jpg,0,0.016019788,-0.0028451618,-0.0042945854
/home/datasets/train/deer/cfc0cfb8ff.jpg,0,0.029099833,0.011785194,0.013579122
/home/datasets/train/deer/5b5e658c1b.jpg,0,0.015550502,-0.0018490974,0.006264801
/home/datasets/train/deer/image_71.jpg,0,-0.018118147,0.0070864246,-0.0060227914
/home/datasets/train/deer/48cdac5121.jpg,0,-0.021469453,0.018009465,0.01344187
/home/datasets/train/deer/658aec63a0.jpg,0,-0.0076936884,0.010600572,0.013671072
/home/datasets/train/deer/f96cbdb7e5.jpg,0,-0.0065972777,0.0033812139,0.01605761
/home/datasets/train/deer/ebad4b6d43.jpg,0,0.0014722139,0.023028776,0.019591108
/home/datasets/train/deer/47005d4470.jpg,0,0.014374455,0.0027166386,0.0083837565
/home/datasets/train/deer/01135760.jpg,0,-0.00421839,0.018942244,-0.0013757236
/home/datasets/train/deer/37513669f8.jpg,0,0.0068885395,0.004395564,0.007661566
/home/datasets/train/deer/5d95e715fd.jpg,0,0.0036891075,-0.003469823,-0.008900964
/home/datasets/train/deer/3c386d3157.jpg,0,0.014597771,0.006814519,0.018482715
/home/datasets/train/deer/7235a6e11f.jpg,0,0.0075654727,0.020594731,0.020870779
/home/datasets/train/deer/e3911bbe23.jpg,0,0.0068492363,0.013854942,-0.0019805895
/home/datasets/train/deer/54dc8d8754.jpg,0,0.00010438403,0.01135972,0.013814304
/home/datasets/train/deer/0f7dc28fe7.jpg,0,0.018272316,-0.0034019414,-0.0041312883
/home/datasets/train/deer/178f861075.jpg,0,0.010023568,0.0001596734,-0.01323952
/home/datasets/train/deer/df6db1e808.jpg,0,0.0024831407,0.019458326,0.022079851
/home/datasets/train/deer/8e2539f451.jpg,0,0.017614184,-0.008619996,-0.0007010881
/home/datasets/train/deer/e0d72589c3.jpg,0,0.0044842116,0.0021708037,-0.012182292
/home/datasets/train/deer/3be9b14446.jpg,0,0.019559693,0.0002134007,-0.011111908
/home/datasets/train/deer/59152118fb.jpg,0,0.009202802,0.005873101,0.014379688
/home/datasets/train/deer/image_47.jpg,0,0.0024069867,0.012188494,0.0065264255
/home/datasets/train/deer/6927bbc627.jpg,0,0.011430701,0.019245258,0.015320746
/home/datasets/train/deer/image_16.jpg,0,0.008470829,0.010888605,0.004336058
/home/datasets/train/deer/i-2022-03-21T181758-363_jpg.rf.5554934f78445a0bc3f1b369f350fd3d.jpg,0,0.003815037,0.03251063,0.01979897
/home/datasets/train/deer/image_34.jpg,0,0.010713201,0.0075254515,-0.003155268
/home/datasets/train/deer/1c05340bc6.jpg,0,0.010643801,0.014479455,0.009989952
/home/datasets/train/deer/ae2b6d9c54.jpg,0,0.0016879132,0.020565782,0.018560464
/home/datasets/train/deer/60b8e3a9b4.jpg,0,0.015948337,0.004267278,-0.0063652126
/home/datasets/train/deer/17e611398b.jpg,0,0.0029353425,0.017243572,0.010838786
/home/datasets/train/deer/i-2022-04-05T150753-678_jpg.rf.b72db8ca75429f1ef3917b0284ae1508.jpg,0,0.014639336,0.021565832,0.015653871
/home/datasets/train/deer/18e6d0cc15.jpg,0,0.02307672,0.005437576,0.017077327
/home/datasets/train/deer/i-2022-04-05T152059-962_jpg.rf.5557f345e7f6eafc9702e3c06f8531c9.jpg,0,0.0009276641,0.0128652295,0.0012438565
/home/datasets/train/deer/79d0894827.jpg,0,-0.005983607,-0.00034420402,-0.0060032355
/home/datasets/train/deer/9fa6936484.jpg,0,0.012154447,0.012069657,0.019018903
/home/datasets/train/deer/8ca8b2baf3.jpg,0,0.0063467156,0.023158945,0.021836579
/home/datasets/train/deer/8ed5c4f32d.jpg,0,0.0057973843,0.0019422681,0.005904748
/home/datasets/train/deer/b5c8dfb021.jpg,0,0.007244171,0.024605649,0.0153761795
/home/datasets/train/deer/image_35.jpg,0,0.025709141,0.017184265,0.0035493313
/home/datasets/train/deer/c475dcb6c5.jpg,0,0.01540396,0.0039807865,0.0043165083
/home/datasets/train/deer/2117417b10.jpg,0,0.014983048,0.011798343,0.017221311
/home/datasets/train/deer/bee404064a.jpg,0,0.008600508,0.0023431077,0.0017373057
/home/datasets/train/deer/image_23.jpg,0,0.016537523,-0.0010600154,-0.0048889546
/home/datasets/train/deer/9b4caaa081.jpg,0,0.012691418,0.005279846,0.0047728713
/home/datasets/train/deer/c0c235bd8b.jpg,0,-0.0071452144,0.00048761442,0.003399451
/home/datasets/train/deer/1c9ae330ca.jpg,0,0.004075595,-0.0065722386,-0.011051804
/home/datasets/train/deer/ff83c1509b.jpg,0,-0.0017805495,0.021918919,0.016694313
/home/datasets/train/deer/image_1.jpg,0,0.0005661475,0.008719737,0.003391799
/home/datasets/train/deer/2edbd423e7.jpg,0,0.008210297,0.013852898,0.012269717
/home/datasets/train/deer/a5e37d0346.jpg,0,0.0009062041,0.015716579,0.016045406
/home/datasets/train/deer/fec92271ef.jpg,0,0.016359322,0.0053878827,0.0096462285
/home/datasets/train/deer/2a44dd5ff4.jpg,0,-0.0067584803,0.006193688,-0.003956883
/home/datasets/train/deer/a5b32ae5f7.jpg,0,0.0051990566,0.01204671,-0.0025125984
/home/datasets/train/deer/86c9921c78.jpg,0,0.00737558,0.009389861,0.016931823
/home/datasets/train/deer/bad964f7c4.jpg,0,0.001446197,0.022005951,0.01247129
/home/datasets/train/deer/012760674d.jpg,0,0.0067202747,0.0037548253,0.011586554
/home/datasets/train/deer/2306633901.jpg,0,0.008588158,0.011041812,0.01539471
/home/datasets/train/deer/1084bac3fb.jpg,0,0.006934208,0.01154658,0.0073291333
/home/datasets/train/deer/04a53a216b.jpg,0,-0.0008385228,0.006068469,-0.002622674
/home/datasets/train/deer/chital-7117406_1280.jpg,0,0.010323364,0.017719341,0.017900154
/home/datasets/train/deer/e7e5e80320.jpg,0,-0.0074803894,0.01605821,0.0008939721
/home/datasets/train/deer/1a8632b915.jpg,0,0.00046529993,0.0073654386,0.0060403924
/home/datasets/train/deer/eb4b8a4880.jpg,0,0.019865563,0.021087017,0.008677765
/home/datasets/train/deer/i-2022-04-05T150513-068_jpg.rf.df5b4507d08a3178819032b72a6fd437.jpg,0,0.004693097,0.024529565,0.02047867
/home/datasets/train/deer/c431d59498.jpg,0,0.0045466544,0.0008466821,0.009251488
/home/datasets/train/deer/18246f83fe.jpg,0,-0.002829025,-0.0062368875,-0.007940638
/home/datasets/train/deer/44955ff52f.jpg,0,0.009423919,-0.0049560494,-0.0015831222
/home/datasets/train/deer/90a77bdcd2.jpg,0,0.012800042,-0.0014720082,-0.000985987
/home/datasets/train/deer/i-75-_jpg.rf.57eed842d674ea246006d2d04bc66122.jpg,0,0.03428123,0.0009998174,0.0011053425
/home/datasets/train/deer/4ed7088e45.jpg,0,0.0077056843,-0.0006849696,0.00017335522
/home/datasets/train/deer/1088e66ae4.jpg,0,-0.0019566251,0.0144230705,0.00980361
/home/datasets/train/deer/22332be8fa.jpg,0,0.014798924,0.012889907,0.009952222
/home/datasets/train/deer/i-2022-04-05T170134-285_jpg.rf.f17edf6177e16cd3b0627bbf522eedd0.jpg,0,-0.02073777,0.019247402,0.017685784
/home/datasets/train/deer/796c8d78f9.jpg,0,0.013875557,0.0036926048,0.011404779
/home/datasets/train/deer/8ef12b0814.jpg,0,0.014609624,0.010920554,0.009791961
/home/datasets/train/deer/image_11.jpg,0,0.0016799197,0.013074707,0.0068116463
/home/datasets/train/deer/892aa342b1.jpg,0,0.02844939,0.012080532,0.012604184
/home/datasets/train/deer/image_48.jpg,0,0.014731149,0.009263712,0.0025279443
/home/datasets/train/deer/e1d9eab908.jpg,0,0.010286753,0.013938261,0.0065431325
/home/datasets/train/deer/489b9130e6.jpg,0,0.007854374,0.020896595,0.017596366
/home/datasets/train/deer/d494bc0806.jpg,0,0.0068502687,0.0030841683,0.008904659
/home/datasets/train/deer/i-2022-04-05T141607-576_jpg.rf.0f84976169cbea4604ad13ece6e2efca.jpg,0,0.029480722,0.013647626,0.017453836
/home/datasets/train/deer/i-2022-04-05T141952-304_jpg.rf.06acfbdab9ea4796cc4741b7601e18ab.jpg,0,0.0027267984,0.014727209,0.004448049
/home/datasets/train/deer/e654db2640.jpg,0,0.012729235,0.023378594,0.020330941
/home/datasets/train/deer/c55b232cff.jpg,0,0.00049414113,0.015095434,0.011110811
/home/datasets/train/deer/b0ef907faa.jpg,0,0.023063323,0.019847423,0.009483266
/home/datasets/train/deer/i-2022-04-05T143133-693_jpg.rf.ea1a5db74ebd72c387544b51dd5e65ac.jpg,0,0.012583673,0.020214135,0.02474535
/home/datasets/train/deer/e159424ea5.jpg,0,0.011268271,-0.0043057064,0.0018664815
/home/datasets/train/deer/i-2022-04-05T142730-624_jpg.rf.d7a569d7295531ae6b2fd89f944709ec.jpg,0,-0.0008298112,0.0041107996,0.0007332782
/home/datasets/train/deer/20210105-1DX26673-DN.jpg,0,-0.010960508,0.010457026,0.012952146
/home/datasets/train/deer/ab8f79cd68.jpg,0,0.005791122,0.0056545483,0.011912376
/home/datasets/train/deer/8c84092472.jpg,0,0.0076379026,0.0044787135,0.0026608484
/home/datasets/train/deer/9f63ec9f40.jpg,0,0.011379109,0.004203753,-0.0034207222
/home/datasets/train/deer/bd32df5be3.jpg,0,0.017133724,0.011086322,0.008196857
/home/datasets/train/deer/0dfad0511e.jpg,0,0.02470627,-0.0015454239,-0.001120435
/home/datasets/train/deer/990f5e6e60.jpg,0,0.0034640247,0.010746173,-0.007726321
/home/datasets/train/deer/0c69537d96.jpg,0,0.013326818,0.00861311,0.012891578
/home/datasets/train/deer/020773fcda.jpg,0,-0.0067443424,0.013050182,0.0104285395
/home/datasets/train/deer/de74a6452f.jpg,0,0.0013527819,-0.001425606,-0.0037929723
/home/datasets/train/deer/04cb3cb179.jpg,0,0.0056176097,0.0026682937,0.0043743285
/home/datasets/train/deer/chital-5580407_1280.jpg,0,0.010508304,0.005204095,0.0055948184
/home/datasets/train/deer/b69cff807b.jpg,0,0.017998675,0.0030937074,0.002639289
/home/datasets/train/deer/9e39af104d.jpg,0,-0.013270995,0.0060211634,0.009375767
/home/datasets/train/deer/f06d22003d.jpg,0,-0.0035864138,0.012113748,0.0195105
/home/datasets/train/deer/ba437008ba.jpg,0,-0.0026878307,0.016369421,0.011147338
/home/datasets/train/deer/7c5235f4b7.jpg,0,-0.00022021052,0.0077675735,0.0048852544
/home/datasets/train/deer/cd03c83a59.jpg,0,0.00041202735,-0.00016044569,0.00030675856
/home/datasets/train/deer/7f041057c7.jpg,0,0.0010783657,-0.00081101246,-0.016422505
/home/datasets/train/deer/62815823.jpg,0,-0.005024345,0.013704593,0.0075266957
/home/datasets/train/deer/image_58.jpg,0,0.0041427584,0.008087132,0.004683055
/home/datasets/train/deer/ba47096484.jpg,0,0.011873637,0.008226348,0.003484748
/home/datasets/train/deer/8aed96ef61.jpg,0,0.020229409,-0.010374224,-0.015954345
/home/datasets/train/deer/419af6556a.jpg,0,0.002731381,0.015161779,0.0028459595
/home/datasets/train/deer/f8e743bf45.jpg,0,0.007993068,0.0069278963,0.0077493093
/home/datasets/train/deer/376d08e37d.jpg,0,0.0069131027,0.017620854,0.014414785
/home/datasets/train/deer/bc7c91c94b.jpg,0,0.000857736,0.027306028,0.022426901
/home/datasets/train/deer/4e7b82812e.jpg,0,0.01606216,-0.021874636,-0.0062777493
/home/datasets/train/deer/1433eed2a1.jpg,0,0.01922889,0.019590143,0.015256429
/home/datasets/train/deer/b108fb848d.jpg,0,0.008270701,0.015489781,0.015699945
/home/datasets/train/deer/1d8ad79fd9.jpg,0,-0.0023122544,0.014947971,0.0027458612
/home/datasets/train/deer/42cbbc24ce.jpg,0,0.008328404,0.007709477,0.0062348153
/home/datasets/train/deer/76ba56896d.jpg,0,-0.005385634,0.014891999,0.023990752
/home/datasets/train/deer/i-2022-03-21T181800-137_jpg.rf.42b9c49bd740a1f4737ae4fdcc6199b3.jpg,0,0.018557418,0.011069203,0.015826205
/home/datasets/train/deer/101647553.jpg,0,-0.009130463,0.02292912,0.014011913
/home/datasets/train/deer/3bb091c03c.jpg,0,-0.013694409,0.0018816483,0.014065806
/home/datasets/train/deer/68fcab835b.jpg,0,0.013466787,0.015031652,0.01719012
/home/datasets/train/deer/image_53.jpg,0,-0.0053107245,0.006458967,0.011795998
/home/datasets/train/deer/c859239e76.jpg,0,0.0042707473,0.0072991196,0.0110797305
/home/datasets/train/deer/df942f6b0a.jpg,0,-0.0021587186,0.019856993,0.02086007
/home/datasets/train/deer/d70172235b.jpg,0,0.015397586,-0.0032929895,-0.003194483
/home/datasets/train/deer/9d522b0eb2.jpg,0,0.014122593,0.009654665,0.008873016
/home/datasets/train/deer/0c63f3b7c4.jpg,0,-0.007406287,0.0066280724,0.0027869428
/home/datasets/train/deer/89593251f4.jpg,0,-0.01436908,0.015920583,0.013259776
/home/datasets/train/deer/cd39001783.jpg,0,0.010601273,0.008501176,0.0055669257
/home/datasets/train/deer/e41129a989.jpg,0,0.014687855,-0.006376182,-0.0012921456
/home/datasets/train/deer/image_10.jpg,0,0.007180371,0.013208959,0.0019742055
/home/datasets/train/deer/ce03d47a8d.jpg,0,-0.010619983,0.017244421,0.013902581
/home/datasets/train/deer/f8770a5a10.jpg,0,-0.0010116857,-0.0035626309,-0.0032979879
/home/datasets/train/deer/950cce8f63.jpg,0,0.02205555,0.003566042,-0.0077799736
/home/datasets/train/deer/97de903859.jpg,0,0.006830726,0.008118521,0.004989201
/home/datasets/train/deer/f81ce647e5.jpg,0,0.00739737,0.008876456,0.00293697
/home/datasets/train/deer/6e1642fba2.jpg,0,0.013187512,0.002516493,0.0026627798
/home/datasets/train/deer/926071274a.jpg,0,-0.008082486,0.013680674,0.010363495
/home/datasets/train/deer/ac4e000228.jpg,0,0.015451411,0.014301302,0.01407945
/home/datasets/train/deer/15832019941_351f9aacc8_b.jpg,0,0.012358658,0.008976687,0.006171223
/home/datasets/train/deer/febdb8ed0b.jpg,0,-0.014969648,-0.00042138202,-0.0048942138
/home/datasets/train/deer/88d6d27448.jpg,0,0.010008345,0.016637111,0.01392707
/home/datasets/train/deer/3f720b2036.jpg,0,0.020650733,0.0038730898,-0.0024391864
/home/datasets/train/deer/7356f118a0.jpg,0,0.015738312,0.002686589,0.003235194
/home/datasets/train/deer/image_79.jpg,0,-0.003220426,0.0027988653,-0.00054630684
/home/datasets/train/deer/16e43610bd.jpg,0,0.017960351,-0.0010426815,0.0020990497
/home/datasets/train/deer/26e904e824.jpg,0,0.0026283234,-0.0044493717,0.008154983
/home/datasets/train/deer/image_50.jpg,0,-0.007392358,0.022000417,0.0077798944
/home/datasets/train/deer/ba1b0d5034.jpg,0,0.010994302,0.008313213,0.0015148008
/home/datasets/train/deer/image_44.jpg,0,0.010235062,0.009623497,0.007163616
/home/datasets/train/deer/70f862b4c0.jpg,0,-0.007830437,0.01734548,0.0005407756
/home/datasets/train/deer/dec4364012.jpg,0,0.015360941,0.015981564,0.014625641
/home/datasets/train/deer/c3fee535d6.jpg,0,0.005329309,0.00499921,0.0033117058
/home/datasets/train/deer/711c2c78e3.jpg,0,-0.0064065517,0.00702326,0.013826879
/home/datasets/train/deer/9396996618.jpg,0,0.02058204,0.020592539,0.013837751
/home/datasets/train/deer/image_77.jpg,0,0.0008400853,-0.0006462415,0.00809822
/home/datasets/train/deer/958c145e72.jpg,0,0.018703816,0.019926697,0.019955736
/home/datasets/train/deer/8208ada8b2.jpg,0,0.002016261,0.008186759,0.0070039206
/home/datasets/train/deer/4df17b900e.jpg,0,-0.0039987885,0.013959025,0.0016381375
/home/datasets/train/deer/9b5a17d100.jpg,0,0.007975077,0.0071205436,-0.005392179
/home/datasets/train/deer/image_2.jpg,0,0.008123943,0.014345059,0.011714721
/home/datasets/train/deer/image_54.jpg,0,-0.005644232,0.012628287,0.014792033
/home/datasets/train/deer/f263308db1.jpg,0,0.015542904,0.0062554413,-0.0080211265
/home/datasets/train/deer/3c3bbdcd6a.jpg,0,0.00502708,0.0023610953,0.0029560293
/home/datasets/train/deer/cb88c1cead.jpg,0,-0.0143608935,0.0036701488,0.00044470467
/home/datasets/train/deer/1ec1d0a80a.jpg,0,0.010431575,0.013450349,0.010403607
/home/datasets/train/deer/b0d577d366.jpg,0,0.008518403,-0.0022950792,0.004488146
/home/datasets/train/deer/14dbe5af8e.jpg,0,-0.0038721499,0.01312916,0.013790664
/home/datasets/train/deer/ca857bb95e.jpg,0,0.023326948,0.0130326655,0.015906224
/home/datasets/train/deer/3d3e29fcdd.jpg,0,-0.006599703,0.0039279917,-0.0076047257
/home/datasets/train/deer/93769d3783.jpg,0,0.008684152,-0.0008772407,0.0023989296
/home/datasets/train/deer/92d43a9f46.jpg,0,0.010634782,0.013584837,0.0018601405
/home/datasets/train/deer/Chital20Deer-20Male.png,0,0.006903163,0.008227988,0.0016268861
/home/datasets/train/deer/c0f04942c1.jpg,0,-0.0013861004,0.015946807,0.01145912
/home/datasets/train/deer/0c97f57e98.jpg,0,0.0016244873,0.013281525,0.0053783352
/home/datasets/train/deer/417f5fefbf.jpg,0,0.015132234,-0.0050174473,0.0019650944
/home/datasets/train/deer/image_12.jpg,0,-0.0005471831,0.0058784643,0.0017664172
/home/datasets/train/deer/4845675995.jpg,0,0.009762743,0.008929627,0.0028158152
/home/datasets/train/deer/e1761fc675.jpg,0,0.0065658316,-0.0027523804,-0.012175632
/home/datasets/train/deer/bb25e2c1d9.jpg,0,0.009129208,0.0008372003,-0.008879677
/home/datasets/train/deer/i-2022-04-05T153807-807_jpg.rf.936073084dd212d1086a6dda07add89d.jpg,0,-0.004697864,0.014841796,0.008988922
/home/datasets/train/deer/dddb6a6369.jpg,0,0.011305535,-0.0040923,-0.002164305
/home/datasets/train/deer/94a7ed02ee.jpg,0,0.017825361,0.013872525,0.008235676
/home/datasets/train/deer/922e5a2034.jpg,0,0.011261724,0.012022374,0.012781601
/home/datasets/train/deer/7525a833fd.jpg,0,0.005710369,0.0018977569,0.0043975613
/home/datasets/train/deer/84d3beb3ff.jpg,0,0.005105364,0.026627949,0.013193132
/home/datasets/train/deer/88f34ac6bf.jpg,0,0.0010523715,0.01804393,0.005236051
/home/datasets/train/deer/i-2022-04-05T153353-602_jpg.rf.0f21dcc1cf9d8df211630cb698ede8e6.jpg,0,-0.017747857,0.0065738293,0.02340036
/home/datasets/train/deer/image_5.jpg,0,0.011430192,0.01416903,0.010567787
/home/datasets/train/deer/b808e34a81.jpg,0,-0.00897627,0.01389969,-0.00042008236
/home/datasets/train/deer/423d2eb110.jpg,0,0.019260393,0.011849891,0.014405316
/home/datasets/train/deer/334b083800.jpg,0,0.005843411,0.008210491,0.020401299
/home/datasets/train/deer/37c173b365.jpg,0,-0.0023167427,0.007819175,0.0032477144
/home/datasets/train/deer/5265b6f5ae.jpg,0,0.0013821071,0.0058188057,-0.00010449439
/home/datasets/train/deer/5c41e827f2.jpg,0,0.00069422997,0.021695334,0.016371757
/home/datasets/train/deer/af9dbc1c84.jpg,0,0.021941097,-0.0014104069,0.0030244966
/home/datasets/train/deer/b099838f72.jpg,0,0.009186755,0.018287115,0.012535647
/home/datasets/train/deer/92dd921cd2.jpg,0,-0.002751631,-0.0007931127,0.006318715
/home/datasets/train/deer/1769e1a9ea.jpg,0,0.003934462,0.020937484,0.0057564853
/home/datasets/train/deer/076d8bed65.jpg,0,-0.012500016,0.01804376,0.013196962
/home/datasets/train/deer/6adf5e2944.jpg,0,0.0036492294,-0.0017154347,-0.0015828852
/home/datasets/train/deer/9e2a0b6fe8.jpg,0,0.010462493,0.01348307,0.010311818
/home/datasets/train/deer/c35b11f5c9.jpg,0,0.009898853,0.017474378,0.022518992
/home/datasets/train/deer/7a552c8146.jpg,0,0.0036142706,0.015630115,0.01639004
/home/datasets/train/deer/40a63aaa33.jpg,0,0.019078355,0.008685248,0.0073178504
/home/datasets/train/deer/b36c4826d4.jpg,0,0.016075846,0.018952383,0.013875319
/home/datasets/train/deer/95527575ed.jpg,0,0.025429647,-0.00792462,0.002142861
/home/datasets/train/deer/8b2ef6ba08.jpg,0,0.0133562405,0.002287372,0.0063978713
/home/datasets/train/deer/image_4.jpg,0,0.012652842,0.012362342,0.010303139
/home/datasets/train/deer/eaa6196679.jpg,0,0.008842905,0.014329567,0.026803128
/home/datasets/train/deer/bfa80b6584.jpg,0,0.0016847551,0.009773884,0.0061433017
/home/datasets/train/deer/7b8d17df54.jpg,0,-0.009271715,0.016841564,0.0040213787
/home/datasets/train/deer/c8bf630902.jpg,0,0.0015345435,0.01997209,-0.00013506855
/home/datasets/train/deer/e85b4d9a16.jpg,0,0.0126442555,0.017372498,0.02286177
/home/datasets/train/deer/2868904ea6.jpg,0,0.0059568034,0.008770267,-0.00012428057
/home/datasets/train/deer/image_17.jpg,0,0.004829556,0.0058963466,-0.0026597874
/home/datasets/train/deer/41c34dabb4.jpg,0,0.01849873,0.018044664,0.017895043
/home/datasets/train/deer/696b1de3bd.jpg,0,-0.0033343206,0.017655248,0.007822347
/home/datasets/train/deer/27ebdcec01.jpg,0,0.0013821195,0.014970013,0.015795516
/home/datasets/train/deer/i-2022-03-21T182105-579_jpg.rf.d22e3209536ac159ee33cb0007a66e37.jpg,0,0.002700272,0.006317714,-4.095491e-07
/home/datasets/train/deer/914fffc01d.jpg,0,-0.00061281957,0.025348047,0.012932174
/home/datasets/train/deer/5a37d6dffa.jpg,0,0.016669318,0.014784022,0.012068106
/home/datasets/train/deer/9d49f7e843.jpg,0,0.0148338955,0.0024305615,0.005843374
/home/datasets/train/deer/7b30bfe5e9.jpg,0,0.020967612,0.008494046,0.00786693
/home/datasets/train/deer/afa533ddda.jpg,0,0.00063177047,-0.0009348957,-0.0061499514
/home/datasets/train/deer/b5c06b48af.jpg,0,0.010904092,0.014745478,0.012905661
/home/datasets/train/deer/image_68.jpg,0,-0.002001426,0.014910657,0.007120373
/home/datasets/train/deer/6ea3642d85.jpg,0,-0.00043577573,0.00825806,0.0070064655
/home/datasets/train/deer/d0ad63695d.jpg,0,0.0046824217,0.008843301,0.00011507701
/home/datasets/train/deer/1dab9f5977.jpg,0,0.018037956,0.008866037,-0.0081787845
/home/datasets/train/deer/7acc4dd2ea.jpg,0,0.0041723056,0.009549467,0.007052901
/home/datasets/train/deer/faf4f74423.jpg,0,1.80793e-05,0.026635585,0.025370892
/home/datasets/train/deer/31d413f20f.jpg,0,0.01641319,-0.0023150214,-0.0033742688
/home/datasets/train/deer/i-2022-04-05T142323-948_jpg.rf.d10e736fed3f52007bc3008874413933.jpg,0,-0.00037331227,0.003795946,0.014777854
/home/datasets/train/deer/5e81646a86.jpg,0,0.011855684,0.008543303,0.0070872386
/home/datasets/train/deer/image_73.jpg,0,0.0036865626,0.002547022,-0.0064114854
/home/datasets/train/deer/91a4248f94.jpg,0,0.014233066,0.012337777,0.017810643
/home/datasets/train/deer/f59831ed90.jpg,0,0.012139752,-0.002121024,0.0013432715
/home/datasets/train/deer/a64e2f1de7.jpg,0,0.011603011,0.011445011,0.00599143
/home/datasets/train/deer/55fa34aaf8.jpg,0,0.0045322524,0.0004862526,-0.0012546198
/home/datasets/train/deer/fd9bcfac5e.jpg,0,0.02210467,0.011353236,0.014822433
/home/datasets/train/deer/35f9dfa5df.jpg,0,0.0037361453,0.014773892,0.003100421
/home/datasets/train/deer/906187a592.jpg,0,-0.004445986,0.010393804,0.013974773
/home/datasets/train/deer/34e9b3e3a0.jpg,0,0.0006807158,0.011224155,-0.009033951
/home/datasets/train/deer/03bfca1780.jpg,0,0.0070569054,0.018841159,0.013055991
/home/datasets/train/deer/image_40.jpg,0,-0.028857144,0.027864236,0.013115564
/home/datasets/train/deer/cd3b8ffe1a.jpg,0,0.022996992,0.0079022385,0.0027756777
/home/datasets/train/deer/ae5fffcc82.jpg,0,0.0037964936,0.0311446,0.025963008
/home/datasets/train/deer/2f784a16ff.jpg,0,0.010464283,0.012466898,0.011121053
/home/datasets/train/deer/1f28583fa5.jpg,0,0.024755696,-0.0032689064,-0.0058788215
/home/datasets/train/deer/9d0807552f.jpg,0,0.00071256515,0.0115160365,0.008213209
/home/datasets/train/deer/f2d0b3cb24.jpg,0,0.022367168,0.011902709,0.011562211
/home/datasets/train/deer/60e45c70c8.jpg,0,0.0062836963,0.013865892,0.0148012955
/home/datasets/train/deer/3f357114ad.jpg,0,0.022793474,0.0053218557,-0.0003196547
/home/datasets/train/deer/9766dc2019.jpg,0,0.004748328,0.015491485,0.0016105089
/home/datasets/train/deer/56cbcbe155.jpg,0,-0.0010850895,0.016469218,0.017980408
/home/datasets/train/deer/d531cd7bb0.jpg,0,-0.011248525,0.0010388838,-0.0051449593
/home/datasets/train/deer/bcc8547a4c.jpg,0,0.010066844,0.011342625,0.004839004
/home/datasets/train/deer/063a4c388e.jpg,0,0.0015677842,0.009234523,0.009404973
/home/datasets/train/deer/image_70.jpg,0,0.006891576,0.025375811,0.0025834301
/home/datasets/train/deer/dc26e228e5.jpg,0,0.001104433,0.008331607,0.0077725444
/home/datasets/train/deer/c1b4eac51f.jpg,0,0.0055596465,0.011057561,0.0105799325
/home/datasets/train/deer/image_26.jpg,0,-0.01211126,0.020475045,0.024449887
/home/datasets/train/deer/28c1b95e43.jpg,0,0.0068621314,0.009486669,0.009649874
/home/datasets/train/deer/06a459075a.jpg,0,0.019493219,0.0028741988,-0.0009638779
/home/datasets/train/deer/b5205f2bce.jpg,0,0.0063067423,0.01745851,0.019268528
/home/datasets/train/deer/ce7440f340.jpg,0,0.005057574,0.015451337,0.019979268
/home/datasets/train/deer/992d2249f5.jpg,0,0.018450907,0.013911114,0.013492053
/home/datasets/train/deer/17fc20c082.jpg,0,0.0121362,0.01698383,0.0201462
/home/datasets/train/deer/2c58a3e341.jpg,0,0.0014579226,0.007543983,0.0147765055
/home/datasets/train/deer/7da5c121b2.jpg,0,0.023621252,0.015675433,0.021846903
/home/datasets/train/deer/4848b541f2.jpg,0,0.0021263515,0.0095562525,0.011509366
/home/datasets/train/deer/0831737680.jpg,0,-0.0043396703,0.014869062,0.008744942
/home/datasets/train/deer/694df53540.jpg,0,-0.0020514845,0.006278484,-0.002143778
/home/datasets/train/deer/image_6.jpg,0,0.0038853213,0.01851096,0.015497375
/home/datasets/train/deer/023892ab38.jpg,0,-0.0015847792,0.014839793,0.015579445
/home/datasets/train/deer/609e8018d8.jpg,0,0.00056279544,0.014799445,0.014627488
/home/datasets/train/deer/1d5488fd16.jpg,0,-0.0023869663,0.02250626,0.018473385
/home/datasets/train/deer/8c794fdd7d.jpg,0,0.006317208,0.0019587348,0.0080301985
/home/datasets/train/deer/i-2022-04-05T150501-236_jpg.rf.ee81342fa501372dc5eae9ab3b358de2.jpg,0,0.014433099,0.025985252,0.010093968
/home/datasets/train/deer/8b4ed284c3.jpg,0,0.023289504,0.019961167,0.01739294
/home/datasets/train/deer/7bf91daa47.jpg,0,-0.0046521993,-0.0030025467,-0.00014035415
/home/datasets/train/deer/dfd32bb54a2.jpg,0,0.016367901,0.0025028328,0.0038506712
/home/datasets/train/deer/image_38.jpg,0,-0.02501617,0.0136968745,0.000754741
/home/datasets/train/deer/5dd2329946.jpg,0,-0.0011816686,0.015085679,0.0053101415
/home/datasets/train/deer/83fd2aaa12.jpg,0,6.270758e-05,0.0010256052,-0.0012354758
/home/datasets/train/deer/image_74.jpg,0,-0.04249359,0.024132475,0.0064042415
/home/datasets/train/deer/c787455f12.jpg,0,0.009080239,0.011807471,0.012327944
/home/datasets/train/deer/da2775c4ca.jpg,0,0.001334456,0.009892717,0.011487181
/home/datasets/train/deer/501c398a0a.jpg,0,0.008891683,0.0067267036,0.00041981414
/home/datasets/train/deer/9498475b07.jpg,0,0.0127458265,0.012526069,0.008432452
/home/datasets/train/deer/22673f764c.jpg,0,0.009401288,0.0024473553,-0.01291787
/home/datasets/train/deer/image_27.jpg,0,0.009917402,0.0066654924,0.011641701
/home/datasets/train/deer/263728ea50.jpg,0,-0.006293893,0.011373913,0.013459155
/home/datasets/train/deer/86e1bcf719.jpg,0,0.014265529,0.011987508,0.0036261664
/home/datasets/train/deer/740659d302.jpg,0,-0.0032325755,0.0080466755,0.0102087045
/home/datasets/train/deer/f618d52faf.jpg,0,0.013286488,0.026984584,0.010283222
/home/datasets/train/deer/cc00d0ad3a.jpg,0,0.014313176,0.0058763204,0.0036558935
/home/datasets/train/deer/8f1071f371.jpg,0,0.0040737838,0.0023330355,0.0028402903
/home/datasets/train/deer/80d7b46eb5.jpg,0,0.011143624,0.018981032,0.005053727
/home/datasets/train/deer/e5bf71a5a3.jpg,0,-0.0013471376,0.0052987626,0.013951052
/home/datasets/train/deer/00e6f71d05.jpg,0,0.0030704492,0.013430565,-0.0021753456
/home/datasets/train/deer/b23f5bb88b.jpg,0,0.016900888,0.0076854625,0.0031716658
/home/datasets/train/deer/4853621eaa.jpg,0,0.00046285288,0.01199861,0.009771707
/home/datasets/train/deer/581880b624.jpg,0,0.001752031,0.021194177,0.012306426
/home/datasets/train/deer/i-2022-04-05T142826-467_jpg.rf.bcdde01a6524c51048741661a8c13625.jpg,0,0.005530713,0.020928163,0.010208713
/home/datasets/train/deer/8bc1473b68.jpg,0,-0.0036459249,0.010601528,0.01681292
/home/datasets/train/deer/image_14.jpg,0,0.014529731,0.028561499,0.0073465444
/home/datasets/train/deer/091b0677ff.jpg,0,0.013179526,0.007827649,0.010382868
/home/datasets/train/deer/5daf16feca.jpg,0,0.00032474007,0.008362781,0.01893912
/home/datasets/train/deer/6c52922344.jpg,0,0.018150829,0.0077020684,0.00428856
/home/datasets/train/deer/cbe29783fb.jpg,0,0.014742397,0.010047649,0.013499799
/home/datasets/train/deer/i-2022-04-05T173424-783_jpg.rf.c59d9ef24edd59a683d9e7033513be05.jpg,0,0.0031316017,0.011377187,0.01096368
/home/datasets/train/deer/70dc250e45.jpg,0,0.0012017703,0.017014623,0.009879036
/home/datasets/train/deer/bc0fa3558c.jpg,0,0.0016023752,0.0025767689,-0.00028886506
/home/datasets/train/deer/8775fbf2a1.jpg,0,0.008075728,0.010056108,0.006856461
/home/datasets/train/deer/2086afb976.jpg,0,-0.009080799,-0.006554212,0.003919133
/home/datasets/train/deer/46e1fa93fd.jpg,0,0.0045437776,0.0086400695,0.007471785
/home/datasets/train/deer/6196156e41.jpg,0,-0.004779234,0.0041825757,-0.0061906585
/home/datasets/train/deer/4cbb2d757b.jpg,0,0.011074116,0.0073105036,0.0027016785
/home/datasets/train/deer/cd42e2d23c.jpg,0,0.0061185607,0.018228384,0.020690417
/home/datasets/train/deer/7ed95753cc.jpg,0,-0.002626603,0.0016608825,0.0008487948
/home/datasets/train/deer/i-2022-04-05T153322-559_jpg.rf.8fa443d6e45eb25972e3b4555429c749.jpg,0,-0.012005899,0.01516491,0.0074475976
/home/datasets/train/deer/43dc9bb83d.jpg,0,0.016432468,0.0040418296,0.0105236415
/home/datasets/train/deer/25e8a5e939.jpg,0,0.024536554,0.0026904861,0.011044524
/home/datasets/train/deer/d53fc8fbea.jpg,0,-0.0020747061,0.0046907063,0.0011558842
/home/datasets/train/deer/0c02fb600b.jpg,0,0.010665186,0.014475769,0.004892984
/home/datasets/train/deer/479a16c82f.jpg,0,0.007525117,-0.0016953226,-0.013626479
/home/datasets/train/deer/58ce644a53.jpg,0,-0.0012855795,0.0055233925,0.014091144
/home/datasets/train/deer/b9478fa192.jpg,0,0.0068967277,0.018473294,0.018039005
/home/datasets/train/deer/9358aa5407.jpg,0,0.017662395,0.019021627,0.015921265
/home/datasets/train/deer/f0626ae845.jpg,0,0.008887619,0.018940471,-0.0029884314
/home/datasets/train/deer/a28cc10ff8.jpg,0,0.0022809205,0.022930112,0.019271951
/home/datasets/train/deer/0305707c05.jpg,0,0.015561326,0.0060663694,0.0145605765
/home/datasets/train/deer/i-2022-03-21T183537-296_jpg.rf.48fb3d8788b73c9e80e131b2721d466a.jpg,0,0.0026096134,0.0067299497,-0.0071119936
/home/datasets/train/deer/4fb9e7c3fd.jpg,0,0.011999957,0.00023464183,-0.003325804
/home/datasets/train/deer/image_15.jpg,0,0.0020508552,0.011202051,0.016120868
/home/datasets/train/deer/80e577172c.jpg,0,0.0009861176,0.008567991,0.009665187
/home/datasets/train/deer/f119532af2.jpg,0,-0.0011980266,0.008201262,0.007782256
/home/datasets/train/deer/i-2022-04-05T145327-046_jpg.rf.c56cc42b5f61f8ef1861bab0e3cf8702.jpg,0,-0.0033086552,0.022044696,0.01036981
/home/datasets/train/deer/fb3430f920.jpg,0,0.028441,0.009469905,0.011626828
/home/datasets/train/deer/dec0dccf94.jpg,0,-0.009181419,0.0025471896,-0.004173085
/home/datasets/train/deer/bf01774938.jpg,0,-0.0019241476,0.010480843,0.009604024
/home/datasets/train/deer/ea29dad359.jpg,0,0.0066579273,0.0102955,0.008465571
/home/datasets/train/deer/a6445b58e3.jpg,0,-0.0049684164,0.013783619,0.00061920984
/home/datasets/train/deer/4ce6ff34e5.jpg,0,0.009439816,-0.005512194,0.010646358
/home/datasets/train/deer/efc8f34234.jpg,0,0.0053990204,-0.0073806616,-0.0007717742
/home/datasets/train/deer/1785a1f056.jpg,0,0.013832394,0.0132686915,0.004154754
/home/datasets/train/deer/i-84-_jpg.rf.35ba26d5841aad62ecde07a05e4788a5.jpg,0,6.715348e-05,0.023553155,0.01853274
/home/datasets/train/deer/01624101.jpg,0,-0.014004558,0.0075599407,0.0093853045
/home/datasets/train/deer/61b3d45750.jpg,0,0.0057898182,0.013167227,0.0097851865
/home/datasets/train/deer/i-2022-04-05T160609-821_jpg.rf.5229799ab1b36650aca8267cfe94e92d.jpg,0,-0.0025000423,0.0025902796,-0.010623733
/home/datasets/train/deer/d01febac51.jpg,0,0.008113228,0.011980377,0.005505573
/home/datasets/train/deer/i-2022-03-21T181406-313_jpg.rf.92cc918b787dc79661c94416a6e180e3.jpg,0,-0.0010121823,0.001615148,0.0077487333
/home/datasets/train/deer/image_42.jpg,0,0.0055131195,0.025758967,0.017049693
/home/datasets/train/deer/9db0183723.jpg,0,0.012830198,0.009640789,0.007822294
/home/datasets/train/deer/51c187ca54.jpg,0,0.0013812482,0.0145019945,0.006267006
/home/datasets/train/deer/5688f2dd39.jpg,0,0.0033828935,0.016892169,0.015964186
/home/datasets/train/deer/2faea2d734.jpg,0,0.0026070024,0.0109477425,0.007576342
/home/datasets/train/deer/image_59.jpg,0,0.0074198265,0.008275677,0.012672892
/home/datasets/train/deer/b4b2ec106f.jpg,0,0.02044833,0.013349744,0.016192945
/home/datasets/train/deer/9aa4af9c53.jpg,0,0.011333243,0.0017240744,0.012920679
/home/datasets/train/deer/5786eeeacd.jpg,0,0.0046560233,0.0033285322,-0.0065764356
/home/datasets/train/deer/ce177c76ea.jpg,0,-0.0033805738,0.01783317,0.008136388
/home/datasets/train/deer/0637d8bdc4.jpg,0,-0.011951092,0.013338451,0.021672752
/home/datasets/train/deer/cbd08a8918.jpg,0,-0.0071211313,-0.0036655553,0.003954891
/home/datasets/train/deer/i-2022-04-05T150314-633_jpg.rf.dec4fad9135f9f4e7e32cecb57c74808.jpg,0,0.016859697,0.0034176204,-0.0023697126
/home/datasets/train/deer/image_20.jpg,0,-0.008551114,0.015683515,0.017506046
/home/datasets/train/deer/144086ceeb.jpg,0,0.021445695,0.0020911053,0.0021985425
/home/datasets/train/deer/3b2a5c14b5.jpg,0,0.0126396,0.011161675,0.014817014
/home/datasets/train/deer/11d06e1f65.jpg,0,-0.01753158,0.014270498,0.010286115
/home/datasets/train/deer/614df38dae.jpg,0,-0.0069796047,0.019191924,0.01659206
/home/datasets/train/deer/image_21.jpg,0,-0.00701383,0.01598395,0.011809499
/home/datasets/train/deer/cef2f25188.jpg,0,0.010429867,0.0112418365,0.0039907186
/home/datasets/train/deer/3a1776bf9d.jpg,0,0.007619553,0.011208251,-0.0015589106
/home/datasets/train/deer/f8566c0f4f.jpg,0,0.004345021,0.016921181,0.01637364
/home/datasets/train/deer/i-2022-04-05T153418-824_jpg.rf.99704125285133f72471b4f674962d45.jpg,0,0.0126751745,0.007859481,0.017575853
/home/datasets/train/deer/c7b9c6c56f.jpg,0,0.0035328798,0.0055841124,0.007637777
/home/datasets/train/deer/4171515070.jpg,0,0.03145232,0.004588365,0.0052007753
/home/datasets/train/deer/2440a8c7c2.jpg,0,0.021133099,0.0010328076,-0.007074267
/home/datasets/train/deer/cf5431dc2a.jpg,0,0.017715305,0.004923545,0.010658564
/home/datasets/train/deer/097a570265.jpg,0,0.0029176823,0.011038891,0.0069634584
/home/datasets/train/deer/9da0aec66b.jpg,0,0.016756078,0.010266452,0.0030707242
/home/datasets/train/deer/b5b692fe0c.jpg,0,0.0062820525,0.0014302472,-0.00071532524
/home/datasets/train/deer/d8cf92e8b6.jpg,0,0.0018083438,0.0029818062,0.008414721
/home/datasets/train/deer/869a598f7b.jpg,0,0.010016916,-0.0002800848,0.0042250645
/home/datasets/train/deer/eb18e9876d.jpg,0,0.0042998195,0.0060260566,0.0047529377
/home/datasets/train/deer/30c632fe0b.jpg,0,0.008684478,0.016558953,0.021289164
/home/datasets/train/deer/8246f6a503.jpg,0,0.00022662024,-0.008783037,-0.0037159154
/home/datasets/train/deer/1c345fa7c8.jpg,0,-0.006856678,0.008481015,0.012343133
/home/datasets/train/deer/be251e5aaf.jpg,0,0.005111375,0.01598858,0.011592651
/home/datasets/train/deer/dff70919b6.jpg,0,-0.0032970733,0.014035881,0.017485483
/home/datasets/train/deer/3896c2f3ab.jpg,0,0.001524829,-0.00440415,0.00048580943
/home/datasets/train/deer/image_57.jpg,0,-0.0006834422,0.012126673,0.009170974
/home/datasets/train/deer/9b265c0981.jpg,0,-0.014848059,0.01614074,0.013333209
/home/datasets/train/deer/image_55.jpg,0,0.0011224163,0.0129296,0.004856913
/home/datasets/train/deer/i-2022-04-05T163549-202_jpg.rf.4478fddfe1550bf8cfb16b90f75bbd18.jpg,0,-0.00063951826,0.020801911,0.0065930425
/home/datasets/train/deer/6a2283219f.jpg,0,0.00473948,0.019712273,0.01830874
/home/datasets/train/deer/6dab8812df.jpg,0,0.002392293,0.016230125,0.016813671
/home/datasets/train/deer/789d5733d0.jpg,0,0.0031833444,-0.003118941,-0.0044740774
/home/datasets/train/deer/0bc1ec3994.jpg,0,-0.010831131,0.008162936,0.016131112
/home/datasets/train/deer/a6b92d0bfa.jpg,0,0.0054725837,0.023784997,0.028794296
/home/datasets/train/deer/image_19.jpg,0,0.014737839,0.012034699,0.014044703
/home/datasets/train/deer/5e12fd13f3.jpg,0,0.022286456,0.017452331,0.014470035
/home/datasets/train/deer/66fba5e3ac.jpg,0,0.007750362,0.0022586207,-0.0021134375
/home/datasets/train/deer/b6cbefc302.jpg,0,0.0153045915,0.02202888,0.017117683
/home/datasets/train/deer/fd40d74899.jpg,0,0.0029785088,0.014775533,0.003307353
/home/datasets/train/deer/8888dd4864.jpg,0,-0.0031411045,0.011987805,0.0065281233
/home/datasets/train/deer/ceef5fc0ea.jpg,0,0.007945694,0.0089681875,0.0052657016
/home/datasets/train/deer/ea19d2960b.jpg,0,0.007502239,0.0061846254,-0.0124675315
/home/datasets/train/deer/468c43599c.jpg,0,0.018827006,-0.012370186,-0.0140589755
/home/datasets/train/deer/c845e8589e.jpg,0,0.0024521935,0.0047706002,0.00646548
/home/datasets/train/deer/29d4afcaab.jpg,0,0.016315838,0.005641914,0.0047373637
/home/datasets/train/deer/da6dddd597.jpg,0,0.003543495,0.0127196275,0.01012708
/home/datasets/train/deer/dd16163d62.jpg,0,-0.011898791,-0.0044368664,-0.0060278242
/home/datasets/train/deer/adfc05fa47.jpg,0,-0.0010122636,0.0073503284,0.0069707492
/home/datasets/train/deer/1acaea837c.jpg,0,-0.012539536,0.032666996,0.01824237
/home/datasets/train/deer/ec08aa0cd8.jpg,0,-0.013282215,0.0003256444,-0.002492684
/home/datasets/train/deer/322ace93d4.jpg,0,0.025912357,0.008179348,-0.0007822701
/home/datasets/train/deer/59ac1ea2ec.jpg,0,0.007220432,-0.012098527,-0.00942852
/home/datasets/train/deer/8e9281aade.jpg,0,0.013083711,0.015886763,0.0010671655
/home/datasets/train/deer/image_30.jpg,0,-0.009041887,0.005929778,0.010615185
/home/datasets/train/deer/f34b3d77c6.jpg,0,0.0062126415,0.015930764,0.010171315
/home/datasets/train/deer/a97984a3ef.jpg,0,0.011893922,0.010331327,-0.0010615545
/home/datasets/train/deer/c310dd9b05.jpg,0,0.0036168115,0.010105727,0.0069150208
/home/datasets/train/deer/image_49.jpg,0,0.0040161186,0.010518726,0.009710298
/home/datasets/train/deer/fb8a602bbd.jpg,0,0.007839147,0.009766499,0.011895403
/home/datasets/train/deer/c1cc2a591e.jpg,0,0.0049601123,0.013242603,0.014251563
/home/datasets/train/deer/9581423fd8.jpg,0,0.0013836581,0.01251567,0.018719632
/home/datasets/train/deer/d9b343687d.jpg,0,-0.0014403999,-0.0020137103,0.004004269
/home/datasets/train/deer/ba470964842.jpg,0,0.006411014,0.008617984,-0.0014027802
/home/datasets/train/deer/317525150a.jpg,0,0.01286388,0.0096324645,0.006832178
/home/datasets/train/deer/bd381f9153.jpg,0,0.008812399,0.012267761,0.008408843
/home/datasets/train/deer/image_9.jpg,0,0.019955955,-0.00022719044,-0.0024027107
/home/datasets/train/deer/2979aec4d2.jpg,0,-0.00050302316,0.0050764824,0.0023589958
/home/datasets/train/deer/image_33.jpg,0,0.010100019,0.013949672,0.018574143
/home/datasets/train/deer/7c0bd9303f.jpg,0,0.0035248268,0.013004345,0.0036786282
/home/datasets/train/deer/df81932a17.jpg,0,0.010429801,0.022864431,0.0035624234
/home/datasets/train/deer/ae367cac78.jpg,0,-0.0067082206,0.014823841,-0.00320219
/home/datasets/train/deer/f3951bdef1.jpg,0,0.0026970704,0.0010310106,-0.03670442
/home/datasets/train/deer/d5c8c2be08.jpg,0,0.0074703856,0.011052312,-0.007523648
/home/datasets/train/deer/5f64ab23c1.jpg,0,0.0037985072,0.0046656914,-0.020413062
/home/datasets/train/deer/ef341fe6dc.jpg,0,0.0072522275,0.005698691,-0.0009552487
/home/datasets/train/deer/ade5dd987f.jpg,0,0.014279963,0.0057566687,0.021748051
/home/datasets/train/deer/0d42c8b3b9.jpg,0,0.011478106,0.009589629,0.005772994
/home/datasets/train/deer/dce44069f2.jpg,0,0.02113527,0.014191049,0.008607606
/home/datasets/train/deer/Chital20420lowres.jpg,0,0.0019597607,0.011267733,0.0028305012
/home/datasets/train/deer/b4917d002f.jpg,0,0.006298649,0.018005643,0.008573382
/home/datasets/train/deer/7ff1beaea6.jpg,0,0.0019051317,0.016658321,0.01252447
/home/datasets/train/deer/ddf39d34ee.jpg,0,-0.0020130666,0.012743908,0.011769906
/home/datasets/train/deer/c44e9501b2.jpg,0,0.012170063,0.015545096,0.016612986
/home/datasets/train/deer/4fe8b150b0.jpg,0,0.004037072,0.014958585,0.0046214387
/home/datasets/train/deer/image_41.jpg,0,-0.0042098947,0.0032534355,0.007725333
/home/datasets/train/deer/i-2022-04-05T172805-110_jpg.rf.88f2196b4699b1934b25ccc7a6e877b8.jpg,0,0.0098636,0.021694578,-0.0072555547
/home/datasets/train/deer/79bb16495c.jpg,0,0.031024477,0.02684053,0.027515898
/home/datasets/train/deer/i-2022-04-05T171022-712_jpg.rf.eb969cd710b0f9cfc0382f1fb4ca2a63.jpg,0,-0.0046593538,0.01884048,0.016627342
/home/datasets/train/deer/dbdda3ab06.jpg,0,0.018000701,0.0061574606,0.009752965
/home/datasets/train/deer/fa34d3fa81.jpg,0,0.023161944,-0.0017714053,-0.007983996
/home/datasets/train/deer/0a36a364ce.jpg,0,-0.0023161655,-0.005924631,-0.010388084
/home/datasets/train/deer/a2ffbd370e.jpg,0,0.008381581,0.006729442,0.0055495296
/home/datasets/train/deer/95835525c7.jpg,0,-0.00014962861,0.017798044,0.011534402
/home/datasets/train/deer/238bd32520.jpg,0,0.0028301477,0.0031941168,0.010912392
/home/datasets/train/deer/19d46744e6.jpg,0,0.017589787,0.0019493983,-0.0048278794
/home/datasets/train/deer/9b1e8519de.jpg,0,-0.009306255,0.02528158,0.019798398
/home/datasets/train/deer/f95b655381.jpg,0,0.0072608436,0.0006324556,-0.010670099
/home/datasets/train/deer/image_28.jpg,0,-0.013497471,-0.00054302067,-0.00068090134
/home/datasets/train/deer/a3241b663c.jpg,0,0.015263371,0.00034201716,0.015478413
/home/datasets/train/horse/horse12-7.png,1,-0.011076141,0.0013153245,0.0086902045
/home/datasets/train/horse/06_095.png,1,-0.002907625,0.0037296023,0.009629672
/home/datasets/train/horse/01_020.png,1,-0.0032277394,-0.0024538864,0.0048528644
/home/datasets/train/horse/07_053.png,1,-0.008892976,0.0038412327,-0.0021593468
/home/datasets/train/horse/horse16-6.png,1,-0.0024585763,-1.9432046e-06,0.0092114145
/home/datasets/train/horse/02_101.png,1,-0.004666346,0.0053105652,0.002171862
/home/datasets/train/horse/01_080.png,1,0.00059856207,-0.0022997726,0.0072910003
/home/datasets/train/horse/horse19-8.png,1,7.643504e-05,-0.009040666,-0.0018714508
/home/datasets/train/horse/01_117.png,1,-0.00716359,-0.004375755,0.0017174127
/home/datasets/train/horse/02_024.png,1,-0.007310344,0.003389984,0.012164356
/home/datasets/train/horse/horse44-2.png,1,-0.0029044547,-0.0018067462,0.00094551686
/home/datasets/train/horse/06_028.png,1,-0.00453246,-0.0010478133,-0.0004072974
/home/datasets/train/horse/02_077.png,1,-0.0026129032,-0.007681669,-0.0029926705
/home/datasets/train/horse/05_026.png,1,-0.010127509,0.0032219407,0.0011452377
/home/datasets/train/horse/01_027.png,1,-0.005810639,0.0015842912,0.008134486
/home/datasets/train/horse/04_023.png,1,0.003215711,0.0003921138,0.007312353
/home/datasets/train/horse/horse09-6.png,1,-0.015576659,0.0040363898,0.0029685968
/home/datasets/train/horse/01_076.png,1,-0.0010229466,-0.0023803287,-0.003758815
/home/datasets/train/horse/02_047.png,1,-0.0027937626,0.0013059522,0.008053503
/home/datasets/train/horse/02_087.png,1,-0.0014627166,0.010802139,0.013970625
/home/datasets/train/horse/horse18-9.png,1,0.0062172506,-0.0070770737,-0.005451279
/home/datasets/train/horse/horse33-2.png,1,-0.0048902854,-0.0033222267,-0.0029123547
/home/datasets/train/horse/07_069.png,1,-0.00620199,-0.003998474,-0.0018875892
/home/datasets/train/horse/horse37-2.png,1,0.0030518395,-0.0024479427,0.005156087
/home/datasets/train/horse/horse04-6.png,1,-9.096996e-05,0.0034156002,0.0015780493
/home/datasets/train/horse/06_078.png,1,-0.0025808609,0.010084291,0.010532863
/home/datasets/train/horse/horse26-1.png,1,-0.008723821,0.0021713127,0.010319026
/home/datasets/train/horse/03_060.png,1,-0.0062587387,0.00045987382,0.009081019
/home/datasets/train/horse/horse17-7.png,1,0.00083560776,0.0006270071,0.0036087278
/home/datasets/train/horse/horse14-2.png,1,-0.0033805408,-0.0037405686,0.0060816705
/home/datasets/train/horse/04_024.png,1,-0.009323877,4.2870175e-05,0.0019756937
/home/datasets/train/horse/06_066.png,1,0.0040726135,-0.0015399398,-0.0034361598
/home/datasets/train/horse/06_088.png,1,-0.007615448,-0.0064266957,0.004208193
/home/datasets/train/horse/horse47-7.png,1,0.0014167461,-0.004815668,-3.264309e-05
/home/datasets/train/horse/horse16-4.png,1,0.0060055256,-0.0009287754,0.0042357966
/home/datasets/train/horse/horse13-8.png,1,-0.0013517052,0.00028947368,0.009585329
/home/datasets/train/horse/horse24-1.png,1,-0.015250015,-0.00080579333,-0.00338529
/home/datasets/train/horse/03_075.png,1,0.00014874956,-0.0014612791,-0.0011697628
/home/datasets/train/horse/01_044.png,1,-0.005784664,0.004895393,0.0012860077
/home/datasets/train/horse/06_067.png,1,-0.010905721,-0.0067230994,0.0036030305
/home/datasets/train/horse/07_028.png,1,-0.007725751,0.00057133916,-0.0052208337
/home/datasets/train/horse/horse37-1.png,1,-0.0056587374,-0.0023392185,0.004923438
/home/datasets/train/horse/01_072.png,1,-0.0120238,-0.0013955282,0.006117221
/home/datasets/train/horse/horse21-8.png,1,0.0002882171,-0.00021072151,-0.0015531832
/home/datasets/train/horse/horse40-0.png,1,0.0025552427,0.0031255083,0.011435339
/home/datasets/train/horse/horse15-6.png,1,-0.004141492,-0.0012265053,0.009871595
/home/datasets/train/horse/02_018.png,1,0.008844015,0.0017180044,0.010963215
/home/datasets/train/horse/01_098.png,1,0.0018533017,0.007056962,0.002451785
/home/datasets/train/horse/16db12d247.jpg,1,-0.008275596,0.0055574337,0.012234584
/home/datasets/train/horse/horse05-0.png,1,0.005191896,0.0037547068,0.012348135
/home/datasets/train/horse/01_036.png,1,0.014029736,-0.0012308955,0.0039757965
/home/datasets/train/horse/horse40-8.png,1,-0.0047936365,-0.004665477,0.0010732454
/home/datasets/train/horse/horse28-4.png,1,-0.004406494,-0.0026813648,0.005851374
/home/datasets/train/horse/horse40-2.png,1,-0.0031888145,0.0024898695,0.011676456
/home/datasets/train/horse/horse14-5.png,1,-0.0012251332,-0.0034632743,0.005100087
/home/datasets/train/horse/02_019.png,1,-0.027366797,0.002940862,-0.00022852444
/home/datasets/train/horse/04_017.png,1,-0.0013407742,0.008413729,0.013824554
/home/datasets/train/horse/3b009d95f0.jpg,1,-0.0142039275,-0.004473143,-0.006734553
/home/datasets/train/horse/03_051.png,1,-0.010932995,-0.008417813,-0.0016346445
/home/datasets/train/horse/03_093.png,1,-0.0074580703,0.0041806055,-0.00032820896
/home/datasets/train/horse/01_085.png,1,-0.005439543,0.0021081902,0.0035791565
/home/datasets/train/horse/02_034.png,1,0.0010079786,-0.0046051075,0.0033727544
/home/datasets/train/horse/horse05-2.png,1,9.206054e-05,0.0017961296,0.008373418
/home/datasets/train/horse/horse01-3.png,1,0.006390161,0.00048587646,0.0029044128
/home/datasets/train/horse/07_101.png,1,-0.011300629,0.0047684866,0.007567779
/home/datasets/train/horse/02_095.png,1,-0.010289347,0.0025977655,0.005312904
/home/datasets/train/horse/07_110.png,1,-0.00021805835,0.0013269973,-0.00037243002
/home/datasets/train/horse/07_108.png,1,0.0005569951,-0.003197062,-0.0019555865
/home/datasets/train/horse/02_010.png,1,0.018017352,0.007265647,0.014541862
/home/datasets/train/horse/05_027.png,1,-0.014692285,-0.001256024,-0.0005012356
/home/datasets/train/horse/03_043.png,1,-0.0013188313,0.00712795,0.007857781
/home/datasets/train/horse/horse22-6.png,1,-0.000668993,-0.0023955465,-0.0007593966
/home/datasets/train/horse/horse43-6.png,1,0.00059515657,-0.015017388,-0.014390323
/home/datasets/train/horse/horse01-8.png,1,-0.007935572,0.0044401577,0.01061197
/home/datasets/train/horse/02_064.png,1,-0.0012127976,0.005260639,0.007941311
/home/datasets/train/horse/horse39-1.png,1,0.00026843406,0.0019621074,0.017121492
/home/datasets/train/horse/horse10-8.png,1,0.0037474313,0.004842675,0.00082786183
/home/datasets/train/horse/06_008.png,1,-0.005211994,-0.0062982515,-0.0017994749
/home/datasets/train/horse/horse10-0.png,1,-0.007312605,-0.0022158076,0.0055904337
/home/datasets/train/horse/horse19-1.png,1,0.0029715667,0.0049349377,0.00835635
/home/datasets/train/horse/02_013.png,1,0.0041489536,-0.0067769587,-0.00094114285
/home/datasets/train/horse/01_042.png,1,-0.006735256,0.0041814856,0.0016133913
/home/datasets/train/horse/06_098.png,1,-0.0036807116,0.00028693816,-0.0016204763
/home/datasets/train/horse/horse27-3.png,1,0.004034427,-0.007566167,0.00431165
/home/datasets/train/horse/01_022.png,1,-0.0073828055,-0.010998291,0.00022248784
/home/datasets/train/horse/horse29-9.png,1,-0.014802841,-0.0021599787,0.002987765
/home/datasets/train/horse/02_031.png,1,0.009796496,0.0052274386,0.011299028
/home/datasets/train/horse/01_050.png,1,-0.004251439,-0.004712897,0.001345997
/home/datasets/train/horse/06_018.png,1,0.0066263676,-0.004417756,0.009281294
/home/datasets/train/horse/01_115.png,1,0.00938256,0.0011431165,0.00911967
/home/datasets/train/horse/03_080.png,1,-0.00013418274,0.010041482,0.010268108
/home/datasets/train/horse/03_064.png,1,-0.0055780937,0.0015609447,0.0073559377
/home/datasets/train/horse/horse13-3.png,1,-0.013285029,0.0049573663,0.007658561
/home/datasets/train/horse/horse29-6.png,1,0.00608712,-0.0041691284,0.0020005088
/home/datasets/train/horse/horse23-6.png,1,-0.0047187335,-0.020932278,-0.016407318
/home/datasets/train/horse/horse02-8.png,1,-0.0008489407,-0.0012335519,0.0027388444
/home/datasets/train/horse/02_041.png,1,-0.00812098,0.0020614318,0.006551222
/home/datasets/train/horse/horse47-2.png,1,-0.004558251,-0.005540318,-0.0012790349
/home/datasets/train/horse/07_016.png,1,-0.010838031,0.0051062168,0.004236869
/home/datasets/train/horse/horse24-9.png,1,-0.0125152,-0.005103307,-0.00818108
/home/datasets/train/horse/8eba3c008c.jpg,1,0.0039792825,0.010332984,-0.0027894254
/home/datasets/train/horse/horse01-6.png,1,0.0014927764,0.004754725,0.011959447
/home/datasets/train/horse/horse07-5.png,1,-0.0030183848,-0.005004636,-0.00034362893
/home/datasets/train/horse/horse39-7.png,1,-0.007967908,0.0029573138,0.005295666
/home/datasets/train/horse/05_041.png,1,-0.00371957,0.010382193,0.008624004
/home/datasets/train/horse/horse01-0.png,1,-0.0060724327,-0.012708427,-0.005324644
/home/datasets/train/horse/07_064.png,1,-0.005051875,0.0050152945,0.011426944
/home/datasets/train/horse/05_023.png,1,-0.00512981,3.2078475e-05,0.0029422876
/home/datasets/train/horse/06_060.png,1,0.003924857,0.003947517,0.0031740442
/home/datasets/train/horse/horse30-8.png,1,-0.003237805,-0.0046653375,-0.0044926377
/home/datasets/train/horse/horse12-5.png,1,0.0018995365,-0.0026678224,-0.0006149765
/home/datasets/train/horse/horse20-8.png,1,-0.0020176368,-0.0056228098,-0.004972584
/home/datasets/train/horse/06_012.png,1,-0.0014018076,0.011430793,0.012401254
/home/datasets/train/horse/0f77c9f912.jpg,1,3.4452416e-05,0.004252306,0.0063240603
/home/datasets/train/horse/06_071.png,1,-0.011228445,-0.007387183,-0.0015473637
/home/datasets/train/horse/horse34-6.png,1,0.009539723,-0.0023782847,0.003917617
/home/datasets/train/horse/04_029.png,1,-0.0028390728,-0.0056430595,0.00012905058
/home/datasets/train/horse/03_085.png,1,-0.004249925,-0.0049153543,0.0003969951
/home/datasets/train/horse/04_018.png,1,-0.016281698,0.0057914183,0.011435169
/home/datasets/train/horse/horse36-9.png,1,0.0020482885,0.00070063665,0.0035832988
/home/datasets/train/horse/07_074.png,1,-0.0018860258,0.002455051,0.0047264397
/home/datasets/train/horse/horse30-0.png,1,0.011340201,-0.0033582367,-0.00057815
/home/datasets/train/horse/0be9a6ba0c.jpg,1,-0.000918292,0.008576004,0.00976241
/home/datasets/train/horse/04_008.png,1,0.0005075,-0.00186638,-0.0028386018
/home/datasets/train/horse/horse42-4.png,1,-0.013287152,-0.012692253,-0.011791273
/home/datasets/train/horse/07_116.png,1,-0.022397187,-0.0055731544,0.0017985727
/home/datasets/train/horse/07_024.png,1,0.002362532,0.0001917365,0.005338742
/home/datasets/train/horse/horse22-3.png,1,-0.0066557666,-0.004674023,0.00210624
/home/datasets/train/horse/03_019.png,1,-0.009807963,0.0019228471,0.002355192
/home/datasets/train/horse/horse40-3.png,1,-0.0056809927,0.009285503,0.008439613
/home/datasets/train/horse/horse45-3.png,1,-0.01092443,0.0040513454,0.013658494
/home/datasets/train/horse/horse18-0.png,1,-0.0036348016,0.004145851,0.011175776
/home/datasets/train/horse/06_057.png,1,-0.013634384,0.006901556,0.007702619
/home/datasets/train/horse/01_012.png,1,0.00088066247,-0.001349528,0.0014839505
/home/datasets/train/horse/horse49-2.png,1,-0.011283034,-0.0059807957,0.0048494833
/home/datasets/train/horse/06_081.png,1,0.0028313873,-0.0036486313,-0.0050409343
/home/datasets/train/horse/0b4957c78a.jpg,1,-0.0016160002,-0.004101161,-0.0036431234
/home/datasets/train/horse/07_066.png,1,-0.009180052,-0.0033800257,-0.0022883713
/home/datasets/train/horse/03_046.png,1,0.001377437,0.005674299,0.008361995
/home/datasets/train/horse/horse26-0.png,1,-0.0044144895,0.0131565835,0.01312613
/home/datasets/train/horse/03_081.png,1,-0.014117067,-0.00768173,0.00091871154
/home/datasets/train/horse/01_049.png,1,-0.009138161,-0.002471272,0.0054880013
/home/datasets/train/horse/07_045.png,1,-0.0030167191,0.004685429,0.0027307542
/home/datasets/train/horse/horse32-7.png,1,0.00043939124,-0.004368903,0.004696775
/home/datasets/train/horse/01_114.png,1,-0.007230749,-0.007247745,0.008360488
/home/datasets/train/horse/02_056.png,1,0.009121216,0.0042629223,0.0051070224
/home/datasets/train/horse/02_069.png,1,0.005040258,0.010501409,0.004900432
/home/datasets/train/horse/horse31-4.png,1,0.0007595001,0.0007528155,0.005179096
/home/datasets/train/horse/07_113.png,1,-0.016223064,0.010289654,0.0065448987
/home/datasets/train/horse/05_013.png,1,-0.0068396293,0.0032912488,0.006013329
/home/datasets/train/horse/06_074.png,1,-0.0028025135,0.0051669814,0.003419061
/home/datasets/train/horse/horse17-1.png,1,-0.013226018,0.0021786857,0.002042264
/home/datasets/train/horse/06_001.png,1,0.0031928043,0.002654435,0.013723903
/home/datasets/train/horse/01_025.png,1,0.0026465736,0.003429445,0.012317254
/home/datasets/train/horse/horse21-9.png,1,-0.0068977214,-0.009571351,-0.006003406
/home/datasets/train/horse/horse18-3.png,1,0.0077336794,0.004674405,0.0038256394
/home/datasets/train/horse/06_115.png,1,0.006586693,-0.00594579,0.0019252668
/home/datasets/train/horse/horse16-1.png,1,-3.2421434e-05,-0.0018540239,-0.0015446586
/home/datasets/train/horse/horse01-1.png,1,0.008536579,-0.0017423518,0.0035569007
/home/datasets/train/horse/02_035.png,1,0.0011709608,0.009205547,0.009594908
/home/datasets/train/horse/horse03-7.png,1,0.000422567,0.00016129296,-0.00069719367
/home/datasets/train/horse/01_005.png,1,-0.008404096,0.0034303623,0.0032439174
/home/datasets/train/horse/07_055.png,1,-0.0021815153,0.0038107806,0.00058464403
/home/datasets/train/horse/horse50-4.png,1,-0.0068273935,-0.008541089,-0.0032328
/home/datasets/train/horse/horse11-8.png,1,0.017726626,0.004496721,0.0062095053
/home/datasets/train/horse/07_115.png,1,-0.010371246,0.0028583775,0.0067243483
/home/datasets/train/horse/043c1a0785.jpg,1,-0.0046838317,-0.0008743275,0.009805837
/home/datasets/train/horse/02_071.png,1,-0.009087826,-0.0055934116,-0.004790687
/home/datasets/train/horse/horse46-6.png,1,-0.008212265,-0.0019154919,0.006964417
/home/datasets/train/horse/horse24-5.png,1,-0.00077556004,0.0033272724,0.013705452
/home/datasets/train/horse/07_079.png,1,0.009883076,0.0016568147,0.0031547567
/home/datasets/train/horse/05_036.png,1,-0.009611744,0.0019556219,0.007246605
/home/datasets/train/horse/horse47-3.png,1,-0.00183567,0.003428395,0.0053469776
/home/datasets/train/horse/horse35-2.png,1,0.0059617544,-0.00081592833,0.0067126546
/home/datasets/train/horse/horse19-7.png,1,3.5901554e-05,0.0005967389,0.0025233466
/home/datasets/train/horse/horse38-6.png,1,-0.009649972,0.0025637224,0.015104505
/home/datasets/train/horse/03_025.png,1,-0.011878787,-0.0065734237,0.004213811
/home/datasets/train/horse/05_035.png,1,-0.003070152,-0.010300454,0.00086476735
/home/datasets/train/horse/06_031.png,1,-0.0019326068,-0.0020286178,0.010045169
/home/datasets/train/horse/8d296dbe0a.jpg,1,0.0055996636,-0.0023749857,-0.0030107575
/home/datasets/train/horse/horse24-7.png,1,-0.020117324,0.006475967,2.668798e-05
/home/datasets/train/horse/horse07-4.png,1,-0.009070664,-0.0054230164,0.0025463018
/home/datasets/train/horse/03_053.png,1,0.002774264,-0.0020928425,0.003423463
/home/datasets/train/horse/06_030.png,1,-0.012293671,0.004160446,0.004332265
/home/datasets/train/horse/07_107.png,1,-0.012226367,-0.004579316,0.003323861
/home/datasets/train/horse/01_111.png,1,-0.010389769,0.004120661,0.0028873314
/home/datasets/train/horse/01_075.png,1,0.008241319,0.010890825,0.013667893
/home/datasets/train/horse/horse29-3.png,1,0.015240844,0.0020478247,0.006978315
/home/datasets/train/horse/05_053.png,1,-0.014531047,-0.00600259,-0.0013457646
/home/datasets/train/horse/horse20-9.png,1,0.006890703,-0.009616303,-0.00928637
/home/datasets/train/horse/horse37-6.png,1,-0.0016154486,-0.00079939794,0.004472623
/home/datasets/train/horse/01_087.png,1,0.00031387853,0.009150229,0.014324267
/home/datasets/train/horse/horse23-7.png,1,-0.010528407,-0.005743365,-0.011162451
/home/datasets/train/horse/05_044.png,1,0.0056519583,0.0062810727,0.0033876507
/home/datasets/train/horse/03_072.png,1,-0.005845439,0.004173532,0.0028312244
/home/datasets/train/horse/07_046.png,1,-0.00201893,0.008066627,0.0019787299
/home/datasets/train/horse/horse07-7.png,1,0.00067355856,-0.0012389356,0.00792746
/home/datasets/train/horse/horse37-3.png,1,0.0037748953,0.00027980283,0.01349223
/home/datasets/train/horse/horse43-5.png,1,-0.0045924047,-0.010333168,-0.013839155
/home/datasets/train/horse/06_063.png,1,-0.0077572446,-0.0039468054,-0.0016859288
/home/datasets/train/horse/02_006.png,1,-0.00024384353,0.004748605,0.0068681054
/home/datasets/train/horse/06_005.png,1,-0.009790722,0.0005426542,0.008672029
/home/datasets/train/horse/05_021.png,1,-0.0020460687,-0.0035795951,0.0003715611
/home/datasets/train/horse/horse08-3.png,1,0.005250407,0.0015141703,0.001440688
/home/datasets/train/horse/03_030.png,1,0.0070406203,-0.0052828984,-0.0015579697
/home/datasets/train/horse/horse22-2.png,1,0.002344304,0.00036883284,0.0008918353
/home/datasets/train/horse/horse06-0.png,1,0.014689874,0.0016873018,0.007152403
/home/datasets/train/horse/horse19-0.png,1,0.014150297,-0.002630755,0.0022602607
/home/datasets/train/horse/horse42-2.png,1,-0.0037915474,-0.0042849714,0.0017377282
/home/datasets/train/horse/06_004.png,1,0.008280644,0.005870208,0.0039539663
/home/datasets/train/horse/02_030.png,1,-0.008143667,-0.0065747136,0.0035220515
/home/datasets/train/horse/horse37-5.png,1,0.012539701,-8.425582e-05,0.0054999907
/home/datasets/train/horse/horse03-2.png,1,-0.009242535,0.002262527,0.009794927
/home/datasets/train/horse/horse34-7.png,1,-0.000833509,-0.004634794,0.0035582318
/home/datasets/train/horse/01_037.png,1,0.0023834943,0.0011598659,0.004321145
/home/datasets/train/horse/horse45-7.png,1,0.0038527166,-0.006293689,-0.007287719
/home/datasets/train/horse/03_102.png,1,-0.004116267,0.0020735648,0.008137832
/home/datasets/train/horse/01_109.png,1,-0.0052976813,0.001283003,0.0011904855
/home/datasets/train/horse/horse27-0.png,1,0.0034703421,0.0038672453,0.009923484
/home/datasets/train/horse/02_074.png,1,-0.008630798,0.004049959,0.014185568
/home/datasets/train/horse/03_055.png,1,-0.0098270485,0.00626877,0.0059026415
/home/datasets/train/horse/12ca1c4d99.jpg,1,-0.0030836686,-0.00052414346,0.004801066
/home/datasets/train/horse/07_042.png,1,0.005347037,-0.008828788,0.0033868577
/home/datasets/train/horse/07_008.png,1,-0.0061825076,-0.00087590795,0.011142831
/home/datasets/train/horse/horse45-9.png,1,0.002292827,0.0022709216,0.0029161836
/home/datasets/train/horse/horse41-1.png,1,-0.006564595,-0.00020459341,-0.00016601908
/home/datasets/train/horse/46de282eae.jpg,1,-0.012393595,0.007999926,0.0049039796
/home/datasets/train/horse/07_117.png,1,-0.0052425046,-0.006742853,-0.0038282839
/home/datasets/train/horse/03_001.png,1,-0.0048610074,-0.012105527,-0.004391823
/home/datasets/train/horse/horse17-9.png,1,-0.0072378037,-1.4342484e-05,0.0009801737
/home/datasets/train/horse/01_047.png,1,-0.0011092891,-0.0027816235,0.0016264394
/home/datasets/train/horse/02_093.png,1,-0.0007731358,-0.0029349867,0.0027023496
/home/datasets/train/horse/03_097.png,1,-0.011242632,0.010020433,0.009560188
/home/datasets/train/horse/01_014.png,1,-0.0059811827,0.0013256124,0.007875997
/home/datasets/train/horse/horse27-1.png,1,0.008433033,-0.0017376096,0.0043543633
/home/datasets/train/horse/07_063.png,1,-0.00027483236,0.001065339,0.002691088
/home/datasets/train/horse/horse15-3.png,1,-0.01175209,0.0026389724,0.012982967
/home/datasets/train/horse/06_047.png,1,0.01380234,-0.00030793226,0.010395931
/home/datasets/train/horse/horse50-3.png,1,0.00031925272,0.0031811395,0.0054984954
/home/datasets/train/horse/horse32-0.png,1,0.0010383893,-0.0032172936,0.013675464
/home/datasets/train/horse/horse14-6.png,1,-0.007172606,0.006592555,0.01343458
/home/datasets/train/horse/06_051.png,1,-0.008293495,0.0063320696,0.011344401
/home/datasets/train/horse/06_029.png,1,-0.004424838,0.008444201,0.012224466
/home/datasets/train/horse/06_099.png,1,0.003028894,-0.0005272308,0.004631614
/home/datasets/train/horse/04_010.png,1,-0.010571429,-0.00596238,-6.957818e-05
/home/datasets/train/horse/07_082.png,1,-0.010788193,-0.0052473648,-0.001462359
/home/datasets/train/horse/horse45-1.png,1,0.002742624,0.002787081,0.009307996
/home/datasets/train/horse/03_063.png,1,-0.0067028804,-0.00047877757,0.0030783804
/home/datasets/train/horse/79cc2810e5.jpg,1,-0.018112775,0.004211789,0.0032285976
/home/datasets/train/horse/06_017.png,1,0.0015368948,-0.0032344915,0.008471664
/home/datasets/train/horse/60ef72d53c.jpg,1,-0.013495315,-0.00390382,0.005382105
/home/datasets/train/horse/01_009.png,1,0.0042964993,0.0019571614,0.006499894
/home/datasets/train/horse/horse48-5.png,1,-0.0022801494,0.002602562,0.006668913
/home/datasets/train/horse/horse18-2.png,1,0.0028767283,-0.00034901686,0.007880115
/home/datasets/train/horse/horse01-7.png,1,0.001278413,-0.0014638253,0.0062599164
/home/datasets/train/horse/03_047.png,1,-0.0011899546,0.0022697877,0.0071458328
/home/datasets/train/horse/01_004.png,1,-0.004407182,-0.0012483681,0.001437794
/home/datasets/train/horse/horse20-5.png,1,-0.019466285,-0.005644685,-0.004143807
/home/datasets/train/horse/06_083.png,1,0.002468417,0.010024387,0.009587233
/home/datasets/train/horse/01_104.png,1,-0.0064622676,0.0005567097,0.005541729
/home/datasets/train/horse/horse03-0.png,1,0.0071481634,0.0023739766,0.0068574464
/home/datasets/train/horse/horse49-5.png,1,0.0018190958,-0.00072303973,0.0048751896
/home/datasets/train/horse/horse30-5.png,1,-0.0021436997,-0.0005285023,-0.0044812644
/home/datasets/train/horse/horse32-2.png,1,-0.014664009,-0.0034088045,-0.0016126297
/home/datasets/train/horse/horse06-8.png,1,0.0020120528,-0.0016745003,0.007234489
/home/datasets/train/horse/horse36-0.png,1,-0.004595776,-0.008495228,0.0019839955
/home/datasets/train/horse/01_092.png,1,-0.011048559,0.0061310967,0.007173448
/home/datasets/train/horse/05_030.png,1,-0.0038113142,0.004637896,0.0074581373
/home/datasets/train/horse/02_061.png,1,-0.0032888695,0.0043778196,0.009013737
/home/datasets/train/horse/03_041.png,1,0.0025225054,-0.002557455,0.007064404
/home/datasets/train/horse/06_120.png,1,-0.0019868505,0.0038077878,0.0066450806
/home/datasets/train/horse/03_092.png,1,-0.006656681,-0.008024377,-0.0012671505
/home/datasets/train/horse/06_038.png,1,-0.006672178,-0.004297545,-0.0042523164
/home/datasets/train/horse/05_017.png,1,-0.0041079074,0.0104149515,0.01009078
/home/datasets/train/horse/horse30-6.png,1,-4.7613285e-05,0.0019662506,0.0077471407
/home/datasets/train/horse/07_044.png,1,-0.005766664,0.0064272424,0.010269276
/home/datasets/train/horse/horse10-2.png,1,-0.009638827,-0.00721542,-0.006695356
/home/datasets/train/horse/01_053.png,1,-0.0022024119,-0.008313407,-0.00068476796
/home/datasets/train/horse/horse30-9.png,1,0.0006890483,-0.008421094,0.005162945
/home/datasets/train/horse/05_039.png,1,-0.017994076,0.0010167137,0.0062882584
/home/datasets/train/horse/horse28-7.png,1,-0.010927876,-0.009417024,0.00087327696
/home/datasets/train/horse/06_080.png,1,0.0016757108,-0.012097979,-0.008797593
/home/datasets/train/horse/01_007.png,1,-0.0013874925,-0.0031151283,-0.007134929
/home/datasets/train/horse/07_105.png,1,-0.017727451,0.006564577,0.005449802
/home/datasets/train/horse/393dd791e0.jpg,1,0.0059936335,0.0031564643,0.0076470734
/home/datasets/train/horse/02_065.png,1,-0.018481988,-0.004089169,0.0009791845
/home/datasets/train/horse/horse37-0.png,1,-0.02046878,0.0058028777,0.012953682
/home/datasets/train/horse/04_002.png,1,-0.0006574136,-0.0003779498,0.011003609
/home/datasets/train/horse/03_042.png,1,-0.00546616,0.0068570217,0.0035529193
/home/datasets/train/horse/horse26-3.png,1,-0.0035587354,-0.0033853513,0.00834288
/home/datasets/train/horse/horse42-8.png,1,0.0031072448,-0.00075207045,-0.016028967
/home/datasets/train/horse/03_069.png,1,0.0053020897,-0.002477766,0.0041566836
/home/datasets/train/horse/horse13-7.png,1,-0.0011821053,0.0015110346,0.004006519
/home/datasets/train/horse/horse19-5.png,1,-0.005947529,0.008010297,0.009613637
/home/datasets/train/horse/02_099.png,1,-0.007943981,0.005067637,-0.00011229946
/home/datasets/train/horse/01_118.png,1,-0.0046069613,0.00011686067,0.01421581
/home/datasets/train/horse/horse09-4.png,1,-0.0029006186,-0.0032000402,0.0030254668
/home/datasets/train/horse/05_003.png,1,-0.01504484,0.001474265,0.0058775735
/home/datasets/train/horse/horse36-6.png,1,-0.009711891,0.004227503,0.00766892
/home/datasets/train/horse/01_064.png,1,-0.0015770886,0.00013397215,0.0018529254
/home/datasets/train/horse/01_107.png,1,-0.0072943983,-8.050841e-05,-0.0057999715
/home/datasets/train/horse/horse41-2.png,1,-0.004462852,-0.0041489284,-0.0037838165
/home/datasets/train/horse/04_026.png,1,-0.020829836,-0.0004230002,0.009432398
/home/datasets/train/horse/06_109.png,1,-0.012457812,1.649675e-05,0.008651684
/home/datasets/train/horse/horse17-6.png,1,-0.011473639,-0.005157656,-0.002630853
/home/datasets/train/horse/horse29-0.png,1,-0.0040088496,-0.0016482191,-0.0017374908
/home/datasets/train/horse/02_040.png,1,-0.017966196,0.008729402,0.016371656
/home/datasets/train/horse/horse41-3.png,1,-0.0001422572,0.009013856,0.017116979
/home/datasets/train/horse/9be807ffb0.jpg,1,-0.0020485627,0.0025139044,-0.0013727583
/home/datasets/train/horse/horse20-0.png,1,0.003997219,0.004557577,0.009476187
/home/datasets/train/horse/horse24-3.png,1,-0.0075331973,-0.0051189265,0.004005057
/home/datasets/train/horse/03_054.png,1,-0.00750905,-0.0028978079,0.0068612983
/home/datasets/train/horse/horse34-8.png,1,0.0031629931,-0.0068258764,0.0033498646
/home/datasets/train/horse/6e4eec5100.jpg,1,0.013500883,0.0016059016,0.006615926
/home/datasets/train/horse/03_027.png,1,-0.0035168857,0.0050522895,0.005824678
/home/datasets/train/horse/horse36-2.png,1,-0.010479939,0.007715262,0.0032847517
/home/datasets/train/horse/horse32-3.png,1,0.0053871353,-0.0040199133,0.007624879
/home/datasets/train/horse/horse25-9.png,1,-0.00803162,-0.0010520937,-0.00088602584
/home/datasets/train/horse/06_010.png,1,-0.001784984,-0.0076981685,-0.0015257966
/home/datasets/train/horse/02_009.png,1,-0.008001082,0.0068997215,0.008048211
/home/datasets/train/horse/02_033.png,1,-0.0021956488,-0.0092299245,-0.0035826755
/home/datasets/train/horse/horse12-2.png,1,-0.007702407,-0.00082964683,0.0081370035
/home/datasets/train/horse/horse38-1.png,1,0.0034187168,0.0009489367,0.017502528
/home/datasets/train/horse/horse23-0.png,1,-0.004555026,-0.0037787755,-0.0061463434
/home/datasets/train/horse/29a9b70630.jpg,1,0.007294452,-0.0061064037,0.008461954
/home/datasets/train/horse/horse24-8.png,1,-0.0029949397,-0.004188619,-0.0045086946
/home/datasets/train/horse/horse24-6.png,1,-0.017468104,-0.013180503,-0.016621348
/home/datasets/train/horse/07_060.png,1,-0.012139248,-0.0007948462,-0.001958553
/home/datasets/train/horse/horse28-2.png,1,-0.01455603,-0.007251078,-0.0012280256
/home/datasets/train/horse/670fcd5719.jpg,1,-0.0068312497,-0.0015496986,0.0014177803
/home/datasets/train/horse/horse32-5.png,1,0.0027166186,-0.0011536033,0.0045698383
/home/datasets/train/horse/horse06-1.png,1,0.0055444688,0.00723138,0.014377703
/home/datasets/train/horse/horse43-1.png,1,-0.0124794245,-0.009018227,-0.008154616
/home/datasets/train/horse/03_031.png,1,-0.0095564425,0.001161722,0.0017712073
/home/datasets/train/horse/horse15-7.png,1,0.0112692565,0.0023408702,0.0041671162
/home/datasets/train/horse/05_056.png,1,-0.003484388,0.003515055,0.0040146075
/home/datasets/train/horse/horse07-9.png,1,0.008521577,0.008512432,0.00862416
/home/datasets/train/horse/05_054.png,1,0.005154882,0.007112537,0.011620893
/home/datasets/train/horse/horse38-0.png,1,-0.0094521325,0.0012951773,0.005058198
/home/datasets/train/horse/169c1bbbea.jpg,1,-0.012134156,0.0058275126,-0.0026783743
/home/datasets/train/horse/horse36-7.png,1,-0.0030445354,0.0029688869,0.0054560853
/home/datasets/train/horse/horse42-7.png,1,-0.011454021,-0.0042352686,-0.010644272
/home/datasets/train/horse/01_103.png,1,-0.007318001,0.005661752,0.0051001357
/home/datasets/train/horse/horse35-3.png,1,-0.0047513694,0.006681199,0.0041696317
/home/datasets/train/horse/07_083.png,1,-0.007388014,-0.0016304499,-0.0023715359
/home/datasets/train/horse/horse08-2.png,1,0.0038765408,-0.0041371603,0.0007632531
/home/datasets/train/horse/01_059.png,1,0.00082575646,0.0029729798,0.0073661944
/home/datasets/train/horse/horse42-3.png,1,0.0062810476,-0.0036758198,0.0071728
/home/datasets/train/horse/02_026.png,1,-0.01647816,0.0028707674,0.006324552
/home/datasets/train/horse/03_012.png,1,-0.013278801,-0.0031319305,0.0004340338
/home/datasets/train/horse/03_062.png,1,-0.0012342426,0.0036270234,0.008783678
/home/datasets/train/horse/01_069.png,1,-0.005364782,0.006197784,0.0029886193
/home/datasets/train/horse/horse12-8.png,1,0.00090116076,0.008361875,0.0081439605
/home/datasets/train/horse/07_040.png,1,-8.927111e-05,0.0070944447,0.0026761207
/home/datasets/train/horse/02_028.png,1,-0.0032990118,-0.0036984612,0.0029652861
/home/datasets/train/horse/05_014.png,1,-0.010928251,-0.0016698786,0.0056673195
/home/datasets/train/horse/05_022.png,1,-0.0024780207,-0.002078467,0.0053800987
/home/datasets/train/horse/01_060.png,1,0.0033161305,0.005441161,0.017034106
/home/datasets/train/horse/horse40-9.png,1,-0.00049502635,0.0065147467,0.008299693
/home/datasets/train/horse/07_051.png,1,-0.001750838,0.0065651317,0.008579014
/home/datasets/train/horse/02_045.png,1,0.006104367,-0.0024765031,-0.0018485151
/home/datasets/train/horse/07_104.png,1,-0.0070295525,-0.014131622,-0.011050707
/home/datasets/train/horse/07_067.png,1,-0.0050306646,-0.003820202,-0.0009854935
/home/datasets/train/horse/horse26-7.png,1,-0.011706986,0.0002791679,-0.0024882643
/home/datasets/train/horse/04_003.png,1,-0.0043721665,-0.0018534476,0.0021442983
/home/datasets/train/horse/horse02-1.png,1,0.0019953793,0.005451844,0.010040199
/home/datasets/train/horse/02_039.png,1,-0.013058699,0.002408182,0.006553377
/home/datasets/train/horse/04_019.png,1,-0.012758218,-0.0062228674,-0.0055946475
/home/datasets/train/horse/03_090.png,1,0.0020636653,0.0050542806,0.0035722882
/home/datasets/train/horse/07_065.png,1,-0.0074036648,-0.0025601094,0.0035866466
/home/datasets/train/horse/horse17-2.png,1,-0.01351983,0.0043420168,0.0065302695
/home/datasets/train/horse/07_073.png,1,-0.008759626,-0.0039170776,0.0044043623
/home/datasets/train/horse/03_088.png,1,0.018373974,0.01126818,0.011375951
/home/datasets/train/horse/07_118.png,1,-0.0049594636,-0.00022740354,0.0025364698
/home/datasets/train/horse/06_061.png,1,0.0050709737,0.0067849667,0.005577266
/home/datasets/train/horse/06_007.png,1,-0.0067246137,-0.0035384088,-0.0009928907
/home/datasets/train/horse/horse13-0.png,1,0.00031002413,0.000118131284,0.01287779
/home/datasets/train/horse/07_119.png,1,-0.004142843,-0.005906186,-0.004437146
/home/datasets/train/horse/06_050.png,1,-0.0005155888,-0.0013997103,0.00047513
/home/datasets/train/horse/horse17-4.png,1,0.012197031,-0.0028843384,-0.0109526515
/home/datasets/train/horse/horse15-5.png,1,0.004042137,0.010225292,0.018623576
/home/datasets/train/horse/03_084.png,1,-0.0066152476,0.0031391904,0.0054960866
/home/datasets/train/horse/02_073.png,1,-0.007552451,0.006033947,0.007477446
/home/datasets/train/horse/horse15-2.png,1,-0.0027376816,-0.0039442936,0.0045448374
/home/datasets/train/horse/07_095.png,1,-0.010114908,-0.00592065,-0.0039393343
/home/datasets/train/horse/horse09-9.png,1,0.0033980254,0.0023560342,-0.0004779502
/home/datasets/train/horse/02_096.png,1,-0.004378834,-0.0027685056,0.0018985185
/home/datasets/train/horse/03_089.png,1,0.0055658533,0.0049208864,0.0054493016
/home/datasets/train/horse/horse42-6.png,1,-0.00280273,-0.007146371,-0.008814217
/home/datasets/train/horse/06_054.png,1,-0.009800104,-0.002628265,-0.000248002
/home/datasets/train/horse/1ea2e9e1da.jpg,1,0.016191829,0.0072087403,-0.00088942936
/home/datasets/train/horse/horse06-2.png,1,0.009782619,0.0062732194,0.00882528
/home/datasets/train/horse/02_048.png,1,-0.001248776,0.0045857,0.0070255776
/home/datasets/train/horse/06_073.png,1,0.0053705894,-0.0071439934,-0.0018333183
/home/datasets/train/horse/horse17-3.png,1,0.0066815694,-0.00060156314,0.0019743107
/home/datasets/train/horse/02_090.png,1,0.006901229,0.008218343,0.011408686
/home/datasets/train/horse/03_087.png,1,-0.013880831,-0.0017716866,0.0031497837
/home/datasets/train/horse/07_089.png,1,-0.011040255,0.0128383115,0.003940543
/home/datasets/train/horse/horse26-4.png,1,0.006553119,0.00089697726,0.007672619
/home/datasets/train/horse/horse11-2.png,1,0.01538381,-0.0035414845,0.0050605517
/home/datasets/train/horse/horse47-1.png,1,-0.002725273,-0.0039165616,0.0019132182
/home/datasets/train/horse/06_025.png,1,-0.002106418,-0.00053003384,0.00137697
/home/datasets/train/horse/01_078.png,1,0.009706939,-0.013171579,-0.0072749993
/home/datasets/train/horse/07_057.png,1,0.0015134553,0.0027543653,0.005926475
/home/datasets/train/horse/07_021.png,1,-0.014225975,0.005954042,0.0046187686
/home/datasets/train/horse/07_004.png,1,-0.008597706,-0.0015508966,0.0035286418
/home/datasets/train/horse/03_082.png,1,-0.003060822,-0.0074953022,-0.002455735
/home/datasets/train/horse/06_035.png,1,-0.0073804576,0.004152772,0.0028184815
/home/datasets/train/horse/5c0bc27f04.jpg,1,-0.0005997659,-0.0038949559,0.0014166401
/home/datasets/train/horse/01_026.png,1,0.0059953504,0.0040872423,0.011493074
/home/datasets/train/horse/03_106.png,1,-0.0016404975,0.0045579653,0.007856024
/home/datasets/train/horse/horse08-6.png,1,0.0021988277,-0.001161261,0.008132657
/home/datasets/train/horse/horse49-4.png,1,0.000698118,-0.0040876623,-0.006677158
/home/datasets/train/horse/05_024.png,1,-0.0029128855,0.009484403,0.008578577
/home/datasets/train/horse/01_070.png,1,-0.001646077,0.0022296421,-0.0034360846
/home/datasets/train/horse/01_034.png,1,0.015968345,0.003028156,0.004784928
/home/datasets/train/horse/07_070.png,1,-0.01716188,-0.0035285586,-0.011685599
/home/datasets/train/horse/01_016.png,1,-0.0006916133,-0.013913987,0.0014089034
/home/datasets/train/horse/06_037.png,1,0.0017696875,-0.0007267479,0.0050390246
/home/datasets/train/horse/06_056.png,1,-0.0028619128,0.00108653,-0.0010363817
/home/datasets/train/horse/07_114.png,1,-0.016350893,-0.0038966057,0.0030038022
/home/datasets/train/horse/horse41-5.png,1,-0.004772119,-0.007942988,-0.0072071515
/home/datasets/train/horse/02_079.png,1,-0.003006244,0.0055526383,0.006332871
/home/datasets/train/horse/02_002.png,1,-0.009613464,0.011913222,0.009302296
/home/datasets/train/horse/05_028.png,1,-0.0061027035,0.00021087902,-0.0012470606
/home/datasets/train/horse/horse41-9.png,1,-0.0055575566,-0.0047987523,0.009402125
/home/datasets/train/horse/01_081.png,1,-0.0046678055,-0.0006807138,-0.002064531
/home/datasets/train/horse/07_012.png,1,-0.004016539,-0.0026029588,-0.0016035747
/home/datasets/train/horse/horse08-1.png,1,-0.0037604133,0.000277051,0.0008898986
/home/datasets/train/horse/horse39-4.png,1,-0.003721376,-0.0031981962,-0.003223284
/home/datasets/train/horse/horse08-4.png,1,0.0046111606,-0.009744831,-0.008176653
/home/datasets/train/horse/horse21-0.png,1,-0.00095468014,-0.0010375169,-0.0022966312
/home/datasets/train/horse/horse35-0.png,1,-0.010968135,0.0009385904,0.0049455916
/home/datasets/train/horse/horse04-0.png,1,0.0032309361,0.0054843603,0.009015722
/home/datasets/train/horse/02_004.png,1,0.005028044,0.009233352,0.012927323
/home/datasets/train/horse/horse10-9.png,1,-0.004208208,0.0075071473,0.005812293
/home/datasets/train/horse/horse39-6.png,1,0.0055665877,-0.004101016,0.0054801097
/home/datasets/train/horse/03_013.png,1,-0.007782303,-0.0062451744,-0.009258179
/home/datasets/train/horse/07_032.png,1,-0.0020889437,-0.0013576259,-0.0060080616
/home/datasets/train/horse/02_100.png,1,-0.0014115006,0.0020572925,-0.0007530635
/home/datasets/train/horse/01_033.png,1,0.0037565948,-0.0025366917,0.006949097
/home/datasets/train/horse/06_089.png,1,0.0031192834,-0.0049042418,0.004836465
/home/datasets/train/horse/horse42-1.png,1,0.001459131,0.000298305,-6.4005115e-05
/home/datasets/train/horse/06_045.png,1,-0.0131766,-0.0008089399,-0.0071898745
/home/datasets/train/horse/02_088.png,1,-0.013353698,-0.0058612907,-0.0024764636
/home/datasets/train/horse/01_010.png,1,0.005645257,0.0029832101,0.009221413
/home/datasets/train/horse/horse33-1.png,1,0.008483086,-0.0001694276,-4.060351e-05
/home/datasets/train/horse/01_079.png,1,-0.00058972184,-0.0031374583,-0.001137498
/home/datasets/train/horse/01_095.png,1,0.017594166,0.008446603,0.008837331
/home/datasets/train/horse/01_029.png,1,0.0005328615,-0.0020850021,-0.0022705046
/home/datasets/train/horse/horse48-4.png,1,-0.0017098291,0.00073273946,0.013640305
/home/datasets/train/horse/horse25-0.png,1,0.0022244996,-0.0011213396,0.00038955966
/home/datasets/train/horse/07_093.png,1,-0.0070131747,-0.0056062043,-0.0048007527
/home/datasets/train/horse/horse02-4.png,1,0.0020582343,-0.0043458734,-0.0045455964
/home/datasets/train/horse/01_062.png,1,-0.0020225053,0.008982104,0.008327866
/home/datasets/train/horse/horse09-8.png,1,0.00097379624,0.0026898233,0.0013413082
/home/datasets/train/horse/horse11-5.png,1,0.00042085443,0.010722634,0.0083151385
/home/datasets/train/horse/horse36-1.png,1,0.0056749247,0.003004714,0.0017560194
/home/datasets/train/horse/03_091.png,1,0.007874308,-0.00056633493,0.0061416
/home/datasets/train/horse/horse39-8.png,1,-0.007608923,-0.008808981,0.00015064422
/home/datasets/train/horse/07_106.png,1,-0.008370895,-0.0029776306,0.0007864183
/home/datasets/train/horse/horse45-8.png,1,0.0050459728,-0.0038893141,0.006684059
/home/datasets/train/horse/07_037.png,1,-0.020136558,0.0038955496,0.0004970562
/home/datasets/train/horse/horse27-5.png,1,0.0049730362,0.00031224266,0.0030711154
/home/datasets/train/horse/horse05-9.png,1,-0.0005649696,0.0078071603,0.011155229
/home/datasets/train/horse/horse49-7.png,1,0.014482833,-0.0037893555,0.00010519964
/home/datasets/train/horse/horse13-2.png,1,-0.0013753423,0.005103939,0.007957394
/home/datasets/train/horse/horse18-7.png,1,0.006267017,-0.0060455734,-0.00071710325
/home/datasets/train/horse/horse02-5.png,1,0.0136815915,0.00037952722,0.0021802438
/home/datasets/train/horse/01_066.png,1,-0.011395234,-0.0040352717,0.0019370453
/home/datasets/train/horse/06_033.png,1,-0.013596144,-0.001642108,0.00077489065
/home/datasets/train/horse/06_062.png,1,-0.0022786097,-0.0017490339,-0.0036459374
/home/datasets/train/horse/05_037.png,1,0.013384719,0.0034924254,0.012004053
/home/datasets/train/horse/horse44-3.png,1,-0.0030698646,-0.006239146,-0.0017506639
/home/datasets/train/horse/horse45-4.png,1,-0.009656706,-0.0020561055,-0.004195602
/home/datasets/train/horse/06_110.png,1,-0.009804422,-0.00438382,-0.0027889933
/home/datasets/train/horse/horse38-2.png,1,0.009306438,0.0030236305,0.000712003
/home/datasets/train/horse/07_043.png,1,0.0084266635,-0.0022889862,0.0029272628
/home/datasets/train/horse/04_033.png,1,-0.005563562,-0.003371559,0.0033936794
/home/datasets/train/horse/03_077.png,1,0.0037029423,0.020181268,0.018596532
/home/datasets/train/horse/03_058.png,1,-0.008180767,0.010874669,0.014688581
/home/datasets/train/horse/03_083.png,1,0.004332513,0.012085332,0.015214687
/home/datasets/train/horse/horse02-7.png,1,-0.014718645,0.015123272,0.010960485
/home/datasets/train/horse/35ea604665.jpg,1,-0.001674724,0.0014391313,-0.00061987364
/home/datasets/train/horse/horse43-3.png,1,-0.008658072,0.00489409,0.008907475
/home/datasets/train/horse/07_099.png,1,-0.0015653684,-0.003076893,0.006223051
/home/datasets/train/horse/03_018.png,1,-0.0035953457,-0.014949804,-0.00878975
/home/datasets/train/horse/horse43-9.png,1,0.0018533925,0.0002881717,-0.00031731254
/home/datasets/train/horse/horse32-8.png,1,-0.0071125524,-0.0002186154,0.0012038122
/home/datasets/train/horse/07_087.png,1,-0.019082332,-0.008124087,0.0006269249
/home/datasets/train/horse/horse14-9.png,1,0.007131147,0.008961999,0.0052861837
/home/datasets/train/horse/01_008.png,1,-0.0044399593,-0.007521233,-0.009146694
/home/datasets/train/horse/05_012.png,1,-0.0077094752,0.0036149102,0.008150066
/home/datasets/train/horse/horse20-1.png,1,0.0027941612,-1.7923303e-06,-0.001274294
/home/datasets/train/horse/02_070.png,1,-0.010168828,-0.001949444,0.0022186004
/home/datasets/train/horse/horse33-3.png,1,0.008447333,-0.0001601188,0.0010044054
/home/datasets/train/horse/horse07-3.png,1,-0.007822524,-0.0053456333,0.0018562893
/home/datasets/train/horse/01_101.png,1,0.002565864,0.005490869,-0.0011673972
/home/datasets/train/horse/04_004.png,1,-0.011392899,-0.0048214523,0.0010330018
/home/datasets/train/horse/94a7815736.jpg,1,-0.004463506,-0.002826981,-0.0012407755
/home/datasets/train/horse/05_002.png,1,-0.0062063932,-0.0005724025,0.0017911666
/home/datasets/train/horse/03_011.png,1,-0.007845645,-0.0060938466,-0.005563993
/home/datasets/train/horse/05_020.png,1,-0.004880803,-0.0036331671,-0.00073999586
/home/datasets/train/horse/01_077.png,1,0.009189372,0.0038174572,0.010674233
/home/datasets/train/horse/07_030.png,1,-0.008961926,-0.013402599,-0.004567056
/home/datasets/train/horse/horse33-8.png,1,-0.0022052475,-0.007896392,0.0067586545
/home/datasets/train/horse/06_075.png,1,0.0018104198,0.0049741575,0.006001087
/home/datasets/train/horse/12ff1822cc.jpg,1,-0.007576502,-0.0070425523,-0.00282868
/home/datasets/train/horse/06_003.png,1,0.004602151,0.0025103078,0.0040158136
/home/datasets/train/horse/49b904bb7b.jpg,1,0.00012558908,-0.00043706968,0.0017193421
/home/datasets/train/horse/horse25-5.png,1,-0.008909123,-0.020531148,-0.016418302
/home/datasets/train/horse/05_010.png,1,-0.006437531,-0.0058655147,0.003590116
/home/datasets/train/horse/horse18-8.png,1,-0.01668647,0.0013947099,0.0030047493
/home/datasets/train/horse/03_016.png,1,-0.005277898,-0.0032265743,-0.00036633573
/home/datasets/train/horse/01_030.png,1,-0.0013981533,-0.00069300923,0.0023993368
/home/datasets/train/horse/06_077.png,1,-0.007496701,0.0012324757,-0.0010281776
/home/datasets/train/horse/horse01-5.png,1,-0.0063787294,0.0032410305,0.0073149097
/home/datasets/train/horse/horse20-7.png,1,-0.0009520983,-0.008665811,-0.0028212946
/home/datasets/train/horse/04_030.png,1,-0.017030112,-0.007464356,-0.008428947
/home/datasets/train/horse/01_112.png,1,-0.009111741,-0.004303783,-0.00020395289
/home/datasets/train/horse/horse46-1.png,1,-0.0050375448,0.0046135075,0.010091178
/home/datasets/train/horse/horse13-4.png,1,-0.0040864274,-0.0025338016,0.0017772352
/home/datasets/train/horse/04_032.png,1,-0.015807651,-0.002576233,0.0013698922
/home/datasets/train/horse/horse12-9.png,1,-0.0072807465,0.0051726475,0.0068419576
/home/datasets/train/horse/horse35-1.png,1,-0.0051392317,-0.002685878,0.006268527
/home/datasets/train/horse/05_040.png,1,0.00504315,0.0028532457,0.007851973
/home/datasets/train/horse/horse39-3.png,1,0.015489658,0.0020254184,0.007251329
/home/datasets/train/horse/01_011.png,1,-0.0052406685,0.00023069535,-0.003207535
/home/datasets/train/horse/02_091.png,1,-0.00856786,-0.0021406133,0.01416984
/home/datasets/train/horse/horse06-7.png,1,0.0038529679,0.007895235,0.0061002565
/home/datasets/train/horse/horse31-3.png,1,-0.013247883,-0.0063484297,0.0059603746
/home/datasets/train/horse/01_038.png,1,0.0039696684,-0.0056015193,0.0042857965
/home/datasets/train/horse/horse09-3.png,1,-0.010112323,-0.00012439722,0.005321079
/home/datasets/train/horse/horse11-0.png,1,-1.3862504e-05,0.005546931,0.012743242
/home/datasets/train/horse/horse49-8.png,1,0.0053782016,0.0016808107,0.0031695059
/home/datasets/train/horse/07_015.png,1,-0.0118292775,-0.0017881674,0.0035642735
/home/datasets/train/horse/horse02-3.png,1,-0.0033431214,0.0052221366,0.0058788094
/home/datasets/train/horse/03_107.png,1,-0.003083127,-0.0012457044,-0.00012169778
/home/datasets/train/horse/04_015.png,1,-0.0019346076,0.002288851,0.005737326
/home/datasets/train/horse/07_085.png,1,0.0038486463,0.0071456297,0.0104370285
/home/datasets/train/horse/05_051.png,1,-0.0052106744,-0.0034502754,0.00065492606
/home/datasets/train/horse/03_039.png,1,-0.0072819674,-0.010911958,-0.0095657
/home/datasets/train/horse/horse04-2.png,1,0.005346618,0.0027984446,0.012210853
/home/datasets/train/horse/horse22-9.png,1,0.0048981286,-0.0022354415,0.0064974152
/home/datasets/train/horse/horse12-1.png,1,-0.0071298727,0.00033695344,0.0013276762
/home/datasets/train/horse/horse05-3.png,1,0.006966585,-0.0017095401,0.005887154
/home/datasets/train/horse/horse03-8.png,1,-0.0072014257,-0.004359354,0.0069615557
/home/datasets/train/horse/02_036.png,1,-0.0133126965,-0.00042165373,0.0041422574
/home/datasets/train/horse/horse37-4.png,1,-0.00093737803,0.010428911,0.015205605
/home/datasets/train/horse/06_064.png,1,-0.0004288489,-0.0037512414,0.0023739631
/home/datasets/train/horse/horse19-3.png,1,-0.009918908,0.0017965119,0.0021526003
/home/datasets/train/horse/9e582527a8.jpg,1,-0.0023738793,-0.0147460895,-0.0031686544
/home/datasets/train/horse/07_036.png,1,-0.001864791,-0.0027847376,0.0037772576
/home/datasets/train/horse/06_009.png,1,-0.013921518,0.0021906893,0.0041634543
/home/datasets/train/horse/horse46-9.png,1,0.008757336,0.0062579922,0.0062443106
/home/datasets/train/horse/2ee4211382.jpg,1,-0.007014121,0.0073667676,0.0066002896
/home/datasets/train/horse/horse32-9.png,1,0.0055486895,-0.0035964134,-0.0010222673
/home/datasets/train/horse/03_026.png,1,-0.0123090185,-0.0077912165,-0.0124232825
/home/datasets/train/horse/03_044.png,1,0.010887832,-0.009127413,0.0011075744
/home/datasets/train/horse/01_100.png,1,0.010100999,-0.0066056056,-0.0019095797
/home/datasets/train/horse/02_063.png,1,-0.0005568601,0.009264853,0.0069091665
/home/datasets/train/horse/horse42-5.png,1,-0.0015438354,-0.005810845,-0.0016737198
/home/datasets/train/horse/06_013.png,1,-0.01086843,-0.0021857617,0.00043097744
/home/datasets/train/horse/616a7424e4.jpg,1,-0.0025045434,0.001034824,0.0071428125
/home/datasets/train/horse/03_022.png,1,0.0065696975,0.0065231533,0.009566094
/home/datasets/train/horse/horse17-8.png,1,0.0015019604,0.0039372826,0.0060205404
/home/datasets/train/horse/07_006.png,1,-0.010007304,-0.0012775577,0.0065647652
/home/datasets/train/horse/8c307b1226.jpg,1,-0.003967486,0.0040219165,0.015157336
/home/datasets/train/horse/01_084.png,1,-0.009422455,-0.010493839,-0.0027983435
/home/datasets/train/horse/01_122.png,1,0.0016805383,-0.00019572652,-0.0049611004
/home/datasets/train/horse/06_049.png,1,-0.009121707,-0.012247318,-0.0046616853
/home/datasets/train/horse/horse47-4.png,1,0.0064975666,-0.0050617866,-0.0074414527
/home/datasets/train/horse/horse05-4.png,1,0.004766075,0.0054762485,0.0034388816
/home/datasets/train/horse/horse18-6.png,1,-0.006126999,-0.006478761,-0.00028529717
/home/datasets/train/horse/02_008.png,1,-0.011928689,0.0063426346,0.009249185
/home/datasets/train/horse/horse26-6.png,1,-0.0025813263,-0.0034723678,0.001978201
/home/datasets/train/horse/horse49-0.png,1,-0.0024705024,0.0064224824,0.004052259
/home/datasets/train/horse/03_045.png,1,-0.014141437,-0.006887025,0.0016632474
/home/datasets/train/horse/07_054.png,1,0.008891523,0.0011213878,-0.0036431996
/home/datasets/train/horse/72bd14e805.jpg,1,-0.003972565,-0.006127216,-0.007547456
/home/datasets/train/horse/02_029.png,1,-0.012293127,0.0017380792,0.0008801331
/home/datasets/train/horse/03_068.png,1,-0.004168301,0.0044479636,0.0004594864
/home/datasets/train/horse/07_033.png,1,-0.0022737763,0.007947145,0.012307616
/home/datasets/train/horse/06_104.png,1,-0.0017055273,0.0030021295,0.00691095
/home/datasets/train/horse/horse25-3.png,1,-0.007080383,-0.00020815246,0.021908514
/home/datasets/train/horse/07_013.png,1,-0.017756224,-0.0071821073,-0.0011052385
/home/datasets/train/horse/06_113.png,1,-0.0018800208,-0.0063271504,-0.00036593247
/home/datasets/train/horse/07_056.png,1,0.0027103191,0.0008962569,-0.00064585684
/home/datasets/train/horse/horse43-0.png,1,-0.002547157,0.004636691,0.008127911
/home/datasets/train/horse/07_003.png,1,0.0028548879,-0.012109691,-0.0068572117
/home/datasets/train/horse/horse03-4.png,1,-0.016190777,-0.007986919,-0.008646714
/home/datasets/train/horse/horse47-5.png,1,-0.0036748957,0.0016569964,0.0083327135
/home/datasets/train/horse/horse23-9.png,1,-0.007224426,-0.006247854,0.0011930726
/home/datasets/train/horse/03_074.png,1,-0.0015043144,0.0040450757,0.0028480594
/home/datasets/train/horse/horse31-5.png,1,-0.0062423646,-0.001732935,-0.0067355186
/home/datasets/train/horse/horse18-4.png,1,-0.0046988316,0.0049759294,0.004511512
/home/datasets/train/horse/03_076.png,1,-0.004356565,0.0012995047,0.01037281
/home/datasets/train/horse/horse03-6.png,1,-0.005186837,0.005434474,0.00919496
/home/datasets/train/horse/horse16-3.png,1,0.00072145835,0.003621521,0.010267796
/home/datasets/train/horse/horse11-9.png,1,-0.0049019363,-0.0024366481,-0.0014531903
/home/datasets/train/horse/03_033.png,1,-0.0009256522,-0.010793497,-0.0022919294
/home/datasets/train/horse/03_056.png,1,-0.0029938514,-0.008519169,-0.0043815933
/home/datasets/train/horse/02_103.png,1,-0.012893236,0.0001892976,0.0086023435
/home/datasets/train/horse/horse43-2.png,1,-0.014348455,-0.018128904,-0.018337155
/home/datasets/train/horse/03_004.png,1,-0.00088746706,-0.0056149983,-0.0095118005
/home/datasets/train/horse/06_086.png,1,-0.011586538,0.0005803072,0.007068645
/home/datasets/train/horse/03_061.png,1,-0.006920434,0.001437899,0.0041902633
/home/datasets/train/horse/horse48-3.png,1,0.00027726428,0.004320183,0.004319434
/home/datasets/train/horse/horse45-0.png,1,-0.016795449,-0.0066399183,0.0052357325
/home/datasets/train/horse/horse05-5.png,1,-6.88117e-05,-0.011683628,0.000253484
/home/datasets/train/horse/horse25-1.png,1,-0.021629527,0.00023657549,0.0036543484
/home/datasets/train/horse/horse41-6.png,1,0.0113935685,-0.0022464464,0.0039076814
/home/datasets/train/horse/horse40-7.png,1,-0.008681754,-0.006693798,0.0043882756
/home/datasets/train/horse/02_044.png,1,0.011912728,0.0016865907,0.003479555
/home/datasets/train/horse/07_112.png,1,-0.0075105364,-0.0050487807,0.0028202236
/home/datasets/train/horse/01_113.png,1,-0.012995396,0.009922365,0.0075627007
/home/datasets/train/horse/03_096.png,1,-0.00015308615,0.0034142104,0.008688235
/home/datasets/train/horse/06_096.png,1,0.0037071437,0.0019872817,-0.0002043572
/home/datasets/train/horse/01_057.png,1,-0.0022200197,-0.00066826586,-0.0046557668
/home/datasets/train/horse/07_017.png,1,-0.008915314,-0.00083614164,0.005110437
/home/datasets/train/horse/04_014.png,1,-0.007352864,0.00062973355,0.009182153
/home/datasets/train/horse/05_046.png,1,-0.01928842,0.009000204,0.010051927
/home/datasets/train/horse/horse18-5.png,1,-0.005104267,0.0027387452,0.0019101312
/home/datasets/train/horse/85c38fc8e1.jpg,1,-0.003524334,-0.0009553167,0.002668389
/home/datasets/train/horse/02_007.png,1,0.008689334,0.011031974,0.0042109145
/home/datasets/train/horse/horse34-3.png,1,0.0037461668,-0.0062943534,-0.0078505
/home/datasets/train/horse/horse34-5.png,1,-0.008668361,-0.00748895,-0.006738279
/home/datasets/train/horse/02_059.png,1,-0.0019472078,-0.00246855,0.0012404233
/home/datasets/train/horse/horse30-4.png,1,-0.012008771,-0.0013137967,-0.0032777926
/home/datasets/train/horse/06_016.png,1,-0.0021232197,0.0027063768,0.0022333781
/home/datasets/train/horse/02_052.png,1,-0.00528833,0.00430525,0.01588935
/home/datasets/train/horse/02_092.png,1,-0.009653719,-0.0019136118,0.0025389271
/home/datasets/train/horse/07_011.png,1,-0.003222974,-0.0039222976,0.008149754
/home/datasets/train/horse/07_020.png,1,-0.017463278,-0.0052084946,-0.0069067045
/home/datasets/train/horse/02_042.png,1,0.0035524708,-0.0009138129,0.01139752
/home/datasets/train/horse/06_041.png,1,-0.0053096386,-0.00035148743,0.013467537
/home/datasets/train/horse/06_053.png,1,-0.0064828424,-0.0005499341,0.0011475493
/home/datasets/train/horse/02_094.png,1,0.007780835,0.010325355,0.007018186
/home/datasets/train/horse/horse38-7.png,1,-0.0029657416,0.0010650062,0.004957771
/home/datasets/train/horse/07_048.png,1,0.0035668048,-0.0036920412,0.0016562226
/home/datasets/train/horse/07_041.png,1,-0.011724295,-0.004604128,0.0003909734
/home/datasets/train/horse/horse04-7.png,1,0.001829844,-0.00017939927,0.0003789747
/home/datasets/train/horse/05_025.png,1,0.0038270648,0.0013161162,0.009138787
/home/datasets/train/horse/horse47-9.png,1,0.0038101035,0.002543238,0.0058164736
/home/datasets/train/horse/horse48-2.png,1,-0.0019757205,0.0016327284,0.0023055815
/home/datasets/train/horse/horse50-2.png,1,-0.0027946038,-0.0046695187,0.0006802089
/home/datasets/train/horse/05_038.png,1,-0.0063227895,-0.0008444586,0.00017539557
/home/datasets/train/horse/07_109.png,1,-0.0061412137,-0.0010116671,-0.0022234572
/home/datasets/train/horse/07_061.png,1,-0.0031816808,0.0045614573,0.0045759715
/home/datasets/train/horse/07_009.png,1,-0.009173537,-0.0008524311,0.004083614
/home/datasets/train/horse/04e3436924.jpg,1,-0.011227703,-0.008982567,-0.012409126
/home/datasets/train/horse/02_046.png,1,-0.0034630815,-0.0039250893,0.002580697
/home/datasets/train/horse/horse45-6.png,1,-0.004880838,-0.008208251,-0.012282452
/home/datasets/train/horse/horse35-6.png,1,-0.00055685034,-0.004682823,0.00083119166
/home/datasets/train/horse/05_029.png,1,-0.0037482404,-0.0036540327,0.0062079383
/home/datasets/train/horse/04_007.png,1,0.0027006734,0.009899793,0.010667547
/home/datasets/train/horse/84e0c0bd9b.jpg,1,0.0042889714,0.0057378584,-0.0031827055
/home/datasets/train/horse/horse26-8.png,1,-0.008624444,-0.012456385,-0.0073940624
/home/datasets/train/horse/horse45-5.png,1,-0.0026331889,-0.012638662,-0.015544886
/home/datasets/train/horse/07_022.png,1,-0.026591392,-0.00017751497,0.0013281364
/home/datasets/train/horse/03_065.png,1,-0.008170063,0.00053028174,0.0028863985
/home/datasets/train/horse/horse30-2.png,1,-0.0015425283,-0.004661057,-0.0015255872
/home/datasets/train/horse/horse35-8.png,1,-0.012337178,-0.0012817937,0.009234819
/home/datasets/train/horse/06_015.png,1,-0.011251101,0.0024409136,0.0024644374
/home/datasets/train/horse/05_011.png,1,-0.013653549,-0.0059354054,-0.003459796
/home/datasets/train/horse/horse07-2.png,1,-0.0074752425,-0.00026350655,0.007952172
/home/datasets/train/horse/06_112.png,1,0.004637478,0.0016395375,0.011713481
/home/datasets/train/horse/01_028.png,1,0.002375126,0.0080062095,0.013507605
/home/datasets/train/horse/horse24-0.png,1,-0.013998451,-0.0034837376,-0.004298305
/home/datasets/train/horse/horse04-3.png,1,-0.0056302175,-0.011295134,0.0058463886
/home/datasets/train/horse/08c260b0b4.jpg,1,0.002698278,0.002939028,0.0024984719
/home/datasets/train/horse/07_018.png,1,-0.007940737,0.00060976227,0.0021560541
/home/datasets/train/horse/02_085.png,1,-0.0064440137,0.008569906,0.011554186
/home/datasets/train/horse/horse29-4.png,1,-0.0036876837,0.008375565,0.0054603955
/home/datasets/train/horse/horse46-2.png,1,-0.0046192426,0.011876866,0.008330652
/home/datasets/train/horse/03_038.png,1,-0.0072053988,0.010622693,0.011286467
/home/datasets/train/horse/01_023.png,1,-0.007288533,0.0016321908,0.0015529986
/home/datasets/train/horse/03_101.png,1,0.0019868868,0.007769473,0.008250867
/home/datasets/train/horse/22e62e88ac.jpg,1,-0.011731446,0.0009704309,0.0045126006
/home/datasets/train/horse/02_102.png,1,-0.008069816,-0.0038971058,-0.003519451
/home/datasets/train/horse/04_011.png,1,-0.012821933,0.003357524,0.010809004
/home/datasets/train/horse/horse21-4.png,1,-0.011257717,-3.5400735e-05,0.0022817315
/home/datasets/train/horse/01_055.png,1,-0.0072412407,0.0025184148,0.0049706353
/home/datasets/train/horse/horse03-1.png,1,-0.0040328214,-0.006283479,0.0017132988
/home/datasets/train/horse/horse15-1.png,1,0.0006139347,0.007835846,0.01875628
/home/datasets/train/horse/05_033.png,1,-0.013936874,0.0012490554,-0.0036919916
/home/datasets/train/horse/01_061.png,1,0.0036266926,-0.003359125,-0.00397078
/home/datasets/train/horse/07_052.png,1,-0.0041694287,0.009545682,0.010868255
/home/datasets/train/horse/77d7506ce4.jpg,1,-0.011146055,-0.0062275026,0.002349774
/home/datasets/train/horse/horse14-1.png,1,0.0059725656,-0.006608225,-0.008672978
/home/datasets/train/horse/horse50-0.png,1,-0.011284776,0.0011168264,0.0066156266
/home/datasets/train/horse/06_042.png,1,-0.0051206206,-0.0034946701,0.003969983
/home/datasets/train/horse/01_002.png,1,-0.012663411,0.002233893,0.017641544
/home/datasets/train/horse/horse15-8.png,1,0.006037523,0.00019614678,0.006443069
/home/datasets/train/horse/03_057.png,1,-0.012850659,0.0007653285,0.005458059
/home/datasets/train/horse/06_121.png,1,-0.013010742,-0.0041668382,0.005917006
/home/datasets/train/horse/horse11-4.png,1,-0.008398499,0.0032646568,0.003786417
/home/datasets/train/horse/horse27-9.png,1,-0.008215308,0.002882741,-6.86571e-05
/home/datasets/train/horse/72c7b5ca0b.jpg,1,-0.011654928,-0.008534733,0.0019736066
/home/datasets/train/horse/horse06-3.png,1,0.008585384,0.004649873,0.0030749952
/home/datasets/train/horse/06_102.png,1,0.00032289722,-0.0014900332,0.003733061
/home/datasets/train/horse/06_039.png,1,-0.005197839,-0.005399444,0.0013895717
/home/datasets/train/horse/horse04-1.png,1,-0.0064979633,-0.010180058,0.0017564858
/home/datasets/train/horse/06_107.png,1,-0.0031187113,-0.008432123,-0.004944599
/home/datasets/train/horse/horse33-4.png,1,-0.013555206,0.0010674694,0.0029414264
/home/datasets/train/horse/04_001.png,1,-0.0032836613,-0.00019747263,0.010762213
/home/datasets/train/horse/01_018.png,1,-0.009464717,0.011941533,0.012891637
/home/datasets/train/horse/02_062.png,1,0.00010200823,0.0014498176,0.0040277746
/home/datasets/train/horse/horse14-0.png,1,8.43266e-06,0.009057995,0.012578182
/home/datasets/train/horse/horse46-5.png,1,-0.012909409,-0.0039857863,0.0003869197
/home/datasets/train/horse/03_032.png,1,0.0062478436,0.010203624,0.016581517
/home/datasets/train/horse/horse28-8.png,1,-0.009111954,-0.00047959248,8.048257e-05
/home/datasets/train/horse/06_092.png,1,-0.009877348,-0.00832084,-0.0070552086
/home/datasets/train/horse/horse01-4.png,1,-0.008727223,-0.006273779,0.0022971216
/home/datasets/train/horse/horse21-3.png,1,-0.003401736,-0.0069948514,-0.0036567394
/home/datasets/train/horse/horse06-6.png,1,0.00025871058,0.0028619706,0.006083685
/home/datasets/train/horse/01_071.png,1,-0.0055682333,-0.0014511808,0.004730191
/home/datasets/train/horse/horse32-6.png,1,0.00039103697,0.00064565334,0.005184764
/home/datasets/train/horse/horse16-0.png,1,0.0066199377,-0.0045820065,0.006272237
/home/datasets/train/horse/04_034.png,1,0.0006587547,0.00033648591,-0.0016031188
/home/datasets/train/horse/07_071.png,1,-0.012048133,-0.007088856,-0.004058701
/home/datasets/train/horse/03_009.png,1,0.0066824285,0.0038360395,0.015939293
/home/datasets/train/horse/01_096.png,1,0.007628116,-0.000575247,0.0014769982
/home/datasets/train/horse/horse06-4.png,1,-0.02367137,-0.00057579635,0.0027459166
/home/datasets/train/horse/06_118.png,1,-0.009058643,0.008409817,0.013402436
/home/datasets/train/horse/05_019.png,1,-0.000796717,0.0029387933,0.0015952635
/home/datasets/train/horse/03_078.png,1,0.0037349353,-0.0029522877,-0.0023217648
/home/datasets/train/horse/03_094.png,1,0.003001099,0.0024463427,0.0045577963
/home/datasets/train/horse/02_057.png,1,0.002954942,0.0025755004,0.0077957488
/home/datasets/train/horse/06_040.png,1,0.00312678,-0.0019243881,0.002271331
/home/datasets/train/horse/03_020.png,1,-0.0010304807,0.0021508976,0.009104053
/home/datasets/train/horse/07_027.png,1,-0.0017403783,-0.0007767412,0.004489023
/home/datasets/train/horse/07_084.png,1,-0.008040201,-0.00018327788,-0.0030412911
/home/datasets/train/horse/07_103.png,1,-0.012723129,-0.0021180129,0.0053008823
/home/datasets/train/horse/02_023.png,1,-0.018404663,-0.0021285978,0.00013623183
/home/datasets/train/horse/horse25-8.png,1,-0.003765325,-0.009488417,-0.0012210789
/home/datasets/train/horse/06_020.png,1,-0.000102013466,-0.002453348,0.0015776593
/home/datasets/train/horse/2c68ed34b1.jpg,1,-0.0040420005,-0.0030785897,0.004911704
/home/datasets/train/horse/04_016.png,1,-0.011151486,-0.007476028,0.0044883587
/home/datasets/train/horse/horse39-9.png,1,0.0009259747,-0.0021826804,0.009272652
/home/datasets/train/horse/horse14-4.png,1,0.0065271542,0.0057892106,0.0072210724
/home/datasets/train/horse/01_003.png,1,-0.0063422085,-0.0072188005,-0.0047181197
/home/datasets/train/horse/07_086.png,1,-0.0063069114,0.0006520055,0.00015104539
/home/datasets/train/horse/03_086.png,1,0.00046246732,0.005589158,0.0050616106
/home/datasets/train/horse/horse25-6.png,1,-0.0019592387,-0.01350678,-0.004973291
/home/datasets/train/horse/07_025.png,1,-0.006395473,-0.00117611,0.0021617676
/home/datasets/train/horse/horse05-7.png,1,0.0010855354,-0.0014618468,0.0012956571
/home/datasets/train/horse/horse34-4.png,1,-0.017281108,-2.2615539e-05,0.0044953246
/home/datasets/train/horse/horse39-0.png,1,0.008160857,-0.0029558036,0.006568704
/home/datasets/train/horse/03_010.png,1,-0.008198148,-0.008255074,-0.00616493
/home/datasets/train/horse/03_067.png,1,0.0013519342,0.0064232033,0.0076618404
/home/datasets/train/horse/04_022.png,1,0.0049816836,0.0070116995,0.011205339
/home/datasets/train/horse/02_086.png,1,-0.0025918502,-0.0006837263,0.0035911622
/home/datasets/train/horse/8c9f6aadda.jpg,1,0.0051426953,-0.00626363,0.0078458255
/home/datasets/train/horse/03_007.png,1,-0.0114362985,-0.02089993,-0.0007698783
/home/datasets/train/horse/horse28-3.png,1,-0.004977174,-0.0028349003,0.0009118193
/home/datasets/train/horse/horse29-1.png,1,-0.001444808,0.00226164,-0.00080430415
/home/datasets/train/horse/07_050.png,1,-0.0070982976,-0.004840935,-0.005075731
/home/datasets/train/horse/04_028.png,1,0.0003870693,-0.0021335091,0.011110187
/home/datasets/train/horse/01_035.png,1,0.0003542034,-0.0072171753,0.004129012
/home/datasets/train/horse/horse27-2.png,1,-0.0040290183,-0.0013415343,-0.0012273081
/home/datasets/train/horse/horse13-1.png,1,-0.002458794,0.0035608616,0.012544584
/home/datasets/train/horse/02_054.png,1,-0.014152456,-0.0046611787,-0.0015876386
/home/datasets/train/horse/horse31-1.png,1,-0.006591712,-0.0058968496,0.00474535
/home/datasets/train/horse/horse07-6.png,1,0.008401183,0.002911695,0.009221717
/home/datasets/train/horse/01_102.png,1,-0.0062173074,0.0056466237,0.012191292
/home/datasets/train/horse/06_072.png,1,0.005376488,0.0036399965,0.004837201
/home/datasets/train/horse/horse08-9.png,1,0.010644238,-0.009157967,0.0023201401
/home/datasets/train/horse/horse40-5.png,1,-0.006765572,-0.0024060798,0.0076378407
/home/datasets/train/horse/horse21-6.png,1,-0.014376286,0.004978136,0.0066308626
/home/datasets/train/horse/horse35-5.png,1,-0.0051027643,-0.0027440665,-0.0008463985
/home/datasets/train/horse/01_088.png,1,0.0062809996,0.0011922346,-0.00042123755
/home/datasets/train/horse/2e1937ab5b.jpg,1,0.006533428,-0.0046867854,0.0059248246
/home/datasets/train/horse/03_029.png,1,-0.010971455,0.0037623383,0.006014915
/home/datasets/train/horse/06_026.png,1,-0.019271906,0.0044643,0.0023166486
/home/datasets/train/horse/horse32-4.png,1,-0.004903079,-0.008154256,0.001947986
/home/datasets/train/horse/01_091.png,1,-0.010192381,0.005038921,-0.0068624057
/home/datasets/train/horse/04_037.png,1,-0.004376882,-0.006348559,0.004070022
/home/datasets/train/horse/horse29-8.png,1,0.00039627452,-0.005783929,0.0045522144
/home/datasets/train/horse/04_006.png,1,-0.009582216,0.007993913,0.006364735
/home/datasets/train/horse/07_047.png,1,-0.013581027,-0.00086263195,0.00112659
/home/datasets/train/horse/05_045.png,1,-0.0010212811,0.0014334343,-0.001077055
/home/datasets/train/horse/horse37-8.png,1,-0.015727064,-0.0051457137,0.0059905997
/home/datasets/train/horse/horse29-5.png,1,-0.0025348892,0.0024031717,0.002710546
/home/datasets/train/horse/05_052.png,1,-0.008866934,0.0007913755,0.008241186
/home/datasets/train/horse/0cb5f18d0b.jpg,1,-0.012626322,0.006322159,0.006961667
/home/datasets/train/horse/04_021.png,1,0.0010571347,0.006551355,0.02041801
/home/datasets/train/horse/03_040.png,1,-0.0022308305,0.0025445572,0.007286574
/home/datasets/train/horse/01_094.png,1,0.004866987,-0.0006694189,-0.004964607
/home/datasets/train/horse/06_006.png,1,0.0023703428,0.010093926,0.010639736
/home/datasets/train/horse/07_096.png,1,-0.0036443793,0.003755842,0.0041365046
/home/datasets/train/horse/horse09-5.png,1,-0.018578015,-0.0070483126,-0.00316345
/home/datasets/train/horse/horse37-7.png,1,0.003423599,-0.0060265865,0.003025172
/home/datasets/train/horse/02_032.png,1,0.0045504207,0.007196323,0.0036595357
/home/datasets/train/horse/horse04-9.png,1,-0.002378379,0.001049669,0.008825923
/home/datasets/train/horse/horse06-5.png,1,-0.016446006,-0.007385861,0.0015853117
/home/datasets/train/horse/horse44-7.png,1,-0.006679672,0.0006503952,0.002219396
/home/datasets/train/horse/horse41-7.png,1,0.0043632267,-0.019710477,0.0015485752
/home/datasets/train/horse/horse44-0.png,1,-0.006503403,0.00019878324,0.004803355
/home/datasets/train/horse/horse38-3.png,1,-0.0034539201,0.010413185,0.014613507
/home/datasets/train/horse/horse49-1.png,1,-0.0004175431,0.0057538534,0.00580542
/home/datasets/train/horse/horse29-2.png,1,0.0019151842,-0.009778056,-0.0053133518
/home/datasets/train/horse/03_005.png,1,-0.0006206385,0.01105481,0.012060244
/home/datasets/train/horse/horse28-9.png,1,0.0070636594,-0.005639088,-0.001079444
/home/datasets/train/horse/07_062.png,1,-0.008970103,0.009039173,0.014427144
/home/datasets/train/horse/02_058.png,1,-0.014400131,0.003549092,0.011577114
/home/datasets/train/horse/02_068.png,1,0.006304666,-0.007540105,0.008661289
/home/datasets/train/horse/horse42-0.png,1,-0.00516502,0.0007923511,0.0068771965
/home/datasets/train/horse/02_025.png,1,-0.0046640513,-0.0039698323,0.002698013
/home/datasets/train/horse/02_049.png,1,-0.0021735723,-0.004060173,0.0007303031
/home/datasets/train/horse/4b645b5ff4.jpg,1,0.0022532516,-0.0024147113,0.0024075513
/home/datasets/train/horse/horse12-0.png,1,0.0026403144,0.0060094697,0.010819026
/home/datasets/train/horse/02_104.png,1,0.0012550973,0.0008527988,0.006074235
/home/datasets/train/horse/horse26-2.png,1,-0.014938578,-0.010910755,-0.0034419913
/home/datasets/train/horse/72fab2ffef.jpg,1,-0.0019832004,-0.0064623607,0.00053579174
/home/datasets/train/horse/05_008.png,1,-0.0020636842,0.0007976596,0.011372177
/home/datasets/train/horse/horse10-5.png,1,-0.01294034,0.005659568,0.011318149
/home/datasets/train/horse/02_027.png,1,-3.947597e-05,0.004404319,0.00771089
/home/datasets/train/horse/horse25-7.png,1,-0.007674847,-0.0013460189,-0.0037369132
/home/datasets/train/horse/horse14-3.png,1,0.00884987,0.004791942,0.0029414305
/home/datasets/train/horse/horse44-6.png,1,-0.00751427,-0.0038795054,0.0048395256
/home/datasets/train/horse/01_052.png,1,-0.008880013,0.0010186785,0.003033284
/home/datasets/train/horse/horse08-7.png,1,-0.0055842954,-0.0011600703,-0.0003469782
/home/datasets/train/horse/07_120.png,1,-0.014148794,-0.0064611207,-0.00020827842
/home/datasets/train/horse/horse38-4.png,1,-0.007362611,0.0008413694,0.0034785736
/home/datasets/train/horse/06_065.png,1,0.002877894,0.0012072069,0.0027602322
/home/datasets/train/horse/horse27-7.png,1,0.0053792354,-0.011040465,0.000521875
/home/datasets/train/horse/horse47-0.png,1,0.011255081,-0.0075710653,0.0070882784
/home/datasets/train/horse/06_036.png,1,-0.005133294,-0.0006982103,-0.004511636
/home/datasets/train/horse/06_044.png,1,0.0024125627,0.00042564608,-0.0014562104
/home/datasets/train/horse/horse04-8.png,1,-0.0034296736,-0.0013906732,0.0013110805
/home/datasets/train/horse/horse33-5.png,1,0.008046567,0.000650194,0.006076647
/home/datasets/train/horse/05_007.png,1,-0.0055691767,-0.0042630294,-0.0027649247
/home/datasets/train/horse/01_074.png,1,0.0012919725,0.0009980646,0.0033121977
/home/datasets/train/horse/06_079.png,1,-0.0012592208,-0.005875782,0.0029864172
/home/datasets/train/horse/04_009.png,1,-0.0045260983,-0.0004649968,0.0035620658
/home/datasets/train/horse/04_036.png,1,-0.007938491,-0.0041215927,0.0047082203
/home/datasets/train/horse/horse28-5.png,1,0.0024408936,0.0028135872,0.005696781
/home/datasets/train/horse/horse08-8.png,1,0.0044399127,-0.006405733,-0.00045069522
/home/datasets/train/horse/06_090.png,1,-0.010379888,0.0053172833,0.001377224
/home/datasets/train/horse/01_065.png,1,-0.013421364,0.0068121674,0.011633901
/home/datasets/train/horse/74d3926a78.jpg,1,-0.0022316028,-0.0048909285,0.0059645153
/home/datasets/train/horse/02_020.png,1,-0.0028663836,-0.0018176881,0.0015474152
/home/datasets/train/horse/horse10-7.png,1,0.012127603,0.0014367742,0.0032794
/home/datasets/train/horse/07_059.png,1,0.0012942855,-0.010864345,-0.007313663
/home/datasets/train/horse/03_104.png,1,0.009849408,-0.002263162,0.0054949075
/home/datasets/train/horse/05_015.png,1,-0.010055042,-0.007280211,-0.0017249498
/home/datasets/train/horse/02_080.png,1,-0.01202787,0.0045051407,0.002066744
/home/datasets/train/horse/horse48-7.png,1,-0.010123328,-0.00038661162,-0.0019500812
/home/datasets/train/horse/06_019.png,1,-0.024456352,0.0025205575,0.0055996426
/home/datasets/train/horse/horse11-3.png,1,-0.024098933,0.001771206,-0.0008417369
/home/datasets/train/horse/06_105.png,1,-0.011974292,0.0019060582,0.0022757733
/home/datasets/train/horse/06_103.png,1,0.010770548,-0.0002816869,-0.0021132187
/home/datasets/train/horse/02_098.png,1,-0.0036244853,0.00010209088,-0.004936249
/home/datasets/train/horse/horse49-6.png,1,-0.0031613857,0.006007389,0.02097946
/home/datasets/train/horse/06_097.png,1,-0.020689163,0.0042094807,0.010856164
/home/datasets/train/horse/01_006.png,1,-0.006926058,0.0058824453,0.005452075
/home/datasets/train/horse/horse50-8.png,1,0.00016893458,0.003933338,0.014231463
/home/datasets/train/horse/horse07-8.png,1,0.007840083,0.0086058155,0.016742738
/home/datasets/train/horse/07_100.png,1,-0.0015283083,-0.0046642916,-0.001202498
/home/datasets/train/horse/horse48-8.png,1,0.00059146783,0.007926017,0.00030686148
/home/datasets/train/horse/20c5419b6b.jpg,1,0.0057374197,0.0030741778,0.0015934642
/home/datasets/train/horse/02_081.png,1,0.00034433312,0.008069802,0.012557764
/home/datasets/train/horse/horse10-3.png,1,-0.010064929,0.0033361362,0.0029419796
/home/datasets/train/horse/horse26-9.png,1,0.001242233,0.0006495947,0.010772341
/home/datasets/train/horse/horse30-3.png,1,-0.0034323963,0.0022974745,0.002955488
/home/datasets/train/horse/06_106.png,1,-0.010011221,-0.009388458,-0.002515482
/home/datasets/train/horse/horse19-9.png,1,-0.011773002,0.001215679,0.004801208
/home/datasets/train/horse/06_111.png,1,-0.0033484506,0.0067337947,0.009596411
/home/datasets/train/horse/01_068.png,1,-0.0085037965,0.0017421651,0.0008340111
/home/datasets/train/horse/06_002.png,1,0.007752233,0.006760439,0.012703303
/home/datasets/train/horse/06_034.png,1,-0.010987312,0.0015190396,0.0033515384
/home/datasets/train/horse/horse37-9.png,1,-0.012665677,-0.010483157,0.0064997184
/home/datasets/train/horse/horse49-3.png,1,0.0015223743,-0.006472796,-0.0033863666
/home/datasets/train/horse/02_089.png,1,-0.004295116,0.0068305084,0.011727333
/home/datasets/train/horse/07_035.png,1,0.0007655644,-0.00874348,0.0012961677
/home/datasets/train/horse/02_038.png,1,-0.005456676,0.0024980977,0.0006278083
/home/datasets/train/horse/horse09-7.png,1,-0.003401489,0.008853971,0.0043771025
/home/datasets/train/horse/01_106.png,1,-0.0035909459,0.010403182,0.005660304
/home/datasets/train/horse/05_005.png,1,0.0057964455,0.0043750564,0.0052397503
/home/datasets/train/horse/01_063.png,1,-0.0035563393,-0.008367104,-0.005122586
/home/datasets/train/horse/horse10-6.png,1,0.003192566,0.00049956073,0.0016578364
/home/datasets/train/horse/horse32-1.png,1,-0.0057063727,-0.0024318823,-0.00090721395
/home/datasets/train/horse/01_001.png,1,-0.011199154,-0.002961167,0.005458141
/home/datasets/train/horse/02_055.png,1,-0.0068976283,-0.0016099336,0.0019145261
/home/datasets/train/horse/03_050.png,1,-0.00010126969,0.0027524568,0.0035734195
/home/datasets/train/horse/horse20-6.png,1,0.0032495828,-0.00066153845,-0.0008760024
/home/datasets/train/horse/7aee40b5b7.jpg,1,-0.005679153,0.004770012,0.0043300353
/home/datasets/train/horse/horse01-9.png,1,0.0032429688,-0.00093188416,-0.0004912545
/home/datasets/train/horse/07_005.png,1,0.0039244406,-0.0018249176,0.001294839
/home/datasets/train/horse/01_056.png,1,0.0042158547,0.0011513857,0.0044974945
/home/datasets/train/horse/07_111.png,1,-0.0064750146,-0.00019972824,0.0069144713
/home/datasets/train/horse/horse34-0.png,1,-0.0020928069,-0.0023196158,0.00063481834
/home/datasets/train/horse/07_026.png,1,-0.021206839,0.003158056,0.0046002143
/home/datasets/train/horse/07_094.png,1,-0.010727245,0.0026841452,0.006035145
/home/datasets/train/horse/01_120.png,1,-0.0011701747,-0.0023383594,0.008899447
/home/datasets/train/horse/horse47-8.png,1,0.011455057,-0.008401075,-0.008439871
/home/datasets/train/horse/horse20-3.png,1,-0.006238029,-0.0026475275,0.0016536699
/home/datasets/train/horse/06_046.png,1,-0.0053481115,0.0026127766,0.016651385
/home/datasets/train/horse/horse03-3.png,1,-0.0078017213,-0.0017361088,0.006475603
/home/datasets/train/horse/horse36-5.png,1,0.003026114,-0.003173396,0.0014456571
/home/datasets/train/horse/horse46-0.png,1,0.0033188611,0.006583051,0.011764237
/home/datasets/train/horse/horse29-7.png,1,-0.005060769,-0.0028656337,0.00798949
/home/datasets/train/horse/horse19-2.png,1,0.0021054577,0.0013297116,-0.0063569574
/home/datasets/train/horse/03_008.png,1,-0.00841306,0.004053897,0.008298034
/home/datasets/train/horse/01_089.png,1,-0.012468337,0.009192422,0.010522276
/home/datasets/train/horse/horse31-7.png,1,0.005980429,-0.009219412,0.0035058535
/home/datasets/train/horse/01_086.png,1,-0.013186816,0.0005676908,0.009729927
/home/datasets/train/horse/04_013.png,1,-0.010469579,-0.005952909,-0.0026289143
/home/datasets/train/horse/horse02-2.png,1,-0.0061044623,-0.0020190983,0.0014137058
/home/datasets/train/horse/horse41-8.png,1,0.006198093,-0.00032503554,-0.00597494
/home/datasets/train/horse/horse23-5.png,1,0.013636498,0.0074064797,0.012183858
/home/datasets/train/horse/92b2ac86ed.jpg,1,-0.0030792085,0.0054892977,0.0038393198
/home/datasets/train/horse/horse12-4.png,1,-0.003681846,-0.0005603973,0.00612015
/home/datasets/train/horse/173a7ce74e.jpg,1,0.003995169,0.0044540833,0.006228262
/home/datasets/train/horse/01_032.png,1,-0.0019825604,0.004353714,0.011163937
/home/datasets/train/horse/06_058.png,1,-0.0073096873,0.0076084603,0.0031021489
/home/datasets/train/horse/06_048.png,1,0.013935853,-0.0034321607,-0.0015107188
/home/datasets/train/horse/horse38-8.png,1,-0.012641397,-0.011206722,-0.0041303155
/home/datasets/train/horse/horse26-5.png,1,0.018087074,-0.010848815,0.005571561
/home/datasets/train/horse/horse24-2.png,1,-0.0058729784,-0.008772729,-0.013595078
/home/datasets/train/horse/05_006.png,1,0.00073193014,0.0012178683,0.0041752374
/home/datasets/train/horse/0f674003cf.jpg,1,-0.0011424037,-0.005707626,-0.009524707
/home/datasets/train/horse/02_012.png,1,0.005352703,-0.00027804542,0.0051933336
/home/datasets/train/horse/02_022.png,1,-0.0074320612,0.0040901275,0.0074847015
/home/datasets/train/horse/horse23-1.png,1,0.010596558,-0.0053240852,0.0015436005
/home/datasets/train/horse/04_035.png,1,-0.005521113,-0.0022454038,0.0033430704
/home/datasets/train/horse/02_053.png,1,0.009112814,-0.0049895314,-0.00034139538
/home/datasets/train/horse/06_068.png,1,-0.004229175,-0.00058834534,0.0017989944
/home/datasets/train/horse/02_037.png,1,-0.0004022771,0.003842964,0.0026886864
/home/datasets/train/horse/horse33-0.png,1,-0.0046668504,-0.00094003,0.00048429635
/home/datasets/train/horse/05_031.png,1,-0.010103776,0.00756241,0.005082307
/home/datasets/train/horse/06_032.png,1,-0.012591295,0.009206891,0.011924226
/home/datasets/train/horse/06_021.png,1,-0.0052597946,0.0063933977,0.0038594517
/home/datasets/train/horse/02_072.png,1,-0.00071477983,-0.0008409264,-0.0018495899
/home/datasets/train/horse/05_034.png,1,-0.017765276,-0.0039652986,0.0041385167
/home/datasets/train/horse/05_050.png,1,-0.0023921542,0.0062747085,0.01268035
/home/datasets/train/horse/horse13-6.png,1,-0.0060956627,-0.0005279479,0.0014802328
/home/datasets/train/horse/05_032.png,1,-0.01018255,0.011101804,0.009560719
/home/datasets/train/horse/01_046.png,1,-0.0025777952,0.000113212154,0.0040037185
/home/datasets/train/horse/03_023.png,1,-0.0064648455,-0.0031507085,-0.0068810238
/home/datasets/train/horse/horse19-4.png,1,0.010249099,-0.0013026994,0.0012001797
/home/datasets/train/horse/horse48-6.png,1,-0.0011119157,-0.0015265798,-0.0006681299
/home/datasets/train/horse/horse27-6.png,1,-0.00032778736,-0.0037450371,0.0016772391
/home/datasets/train/horse/horse04-4.png,1,-0.0043763085,-0.008156131,-0.004986629
/home/datasets/train/horse/07_078.png,1,-0.015516403,-0.006774749,-0.0059618987
/home/datasets/train/horse/05_009.png,1,-0.0042925146,0.0007833594,0.0015726829
/home/datasets/train/horse/07_034.png,1,0.008324182,0.0059292065,0.005514019
/home/datasets/train/horse/02_075.png,1,-0.0046260767,0.0055614077,0.0012592445
/home/datasets/train/horse/07_091.png,1,0.0008886239,-0.0043471446,-0.0037430064
/home/datasets/train/horse/03_059.png,1,-0.002299442,0.0040044812,0.0017301535
/home/datasets/train/horse/03_048.png,1,0.01336878,0.00037102494,0.007122443
/home/datasets/train/horse/07_076.png,1,-0.001176321,0.0024295186,0.004722439
/home/datasets/train/horse/horse22-5.png,1,0.008480187,0.005712646,0.01042839
/home/datasets/train/horse/05_018.png,1,-0.005878367,0.011875525,0.014747661
/home/datasets/train/horse/horse03-9.png,1,0.001394069,0.0053532803,0.009534727
/home/datasets/train/horse/01_043.png,1,-0.0057418076,0.0008272012,-0.0011846678
/home/datasets/train/horse/horse05-6.png,1,0.003742618,-0.005577421,0.0015917462
/home/datasets/train/horse/01_073.png,1,-0.005141362,-0.00018410012,0.0041091107
/home/datasets/train/horse/79ae38e93a.jpg,1,-0.016249537,-0.0022781428,0.0027586168
/home/datasets/train/horse/horse34-2.png,1,0.003005972,-0.010577533,-0.0039340584
/home/datasets/train/horse/07_014.png,1,-0.0055764457,0.0043179374,0.011766347
/home/datasets/train/horse/02_083.png,1,0.0006398405,0.00879839,0.0065040123
/home/datasets/train/horse/07_039.png,1,0.007953653,-0.007241654,0.0013802373
/home/datasets/train/horse/horse15-0.png,1,-0.0006139446,0.0065778,0.023758842
/home/datasets/train/horse/07_097.png,1,-0.020212451,0.00064197823,0.003617658
/home/datasets/train/horse/horse46-4.png,1,0.00062472606,0.011515355,0.015684001
/home/datasets/train/horse/03_036.png,1,-0.005669503,-0.0033428103,0.0031926422
/home/datasets/train/horse/01_116.png,1,-0.00022008829,0.00050769886,-0.000752522
/home/datasets/train/horse/06_116.png,1,-0.0031163236,-0.0018851364,0.009360783
/home/datasets/train/horse/horse02-0.png,1,0.0068073366,-0.0043250658,0.0060443375
/home/datasets/train/horse/horse33-6.png,1,0.007949005,-0.0009871572,0.0022902286
/home/datasets/train/horse/horse34-9.png,1,-0.008632445,-0.0047418103,0.004085211
/home/datasets/train/horse/horse20-2.png,1,0.006148822,-0.0021158683,-0.0003275508
/home/datasets/train/horse/01_058.png,1,-0.007047699,-0.0041445084,-0.0014737758
/home/datasets/train/horse/02_105.png,1,0.011288263,-0.0031454393,0.0028279014
/home/datasets/train/horse/03_006.png,1,0.0014835615,0.0068043214,0.009095378
/home/datasets/train/horse/02_021.png,1,-0.005368191,-0.008224262,0.004205943
/home/datasets/train/horse/horse24-4.png,1,-0.002217113,-0.010628477,-0.009649051
/home/datasets/train/horse/03_066.png,1,0.0013695753,0.0021422443,0.009324094
/home/datasets/train/horse/01_019.png,1,-0.004622611,-0.0044006836,-0.0024423515
/home/datasets/train/horse/horse02-6.png,1,-0.0057797516,0.004227869,0.0066052014
/home/datasets/train/horse/horse12-6.png,1,-0.010069475,-0.0033615888,-0.00037089072
/home/datasets/train/horse/06_122.png,1,-0.010053754,0.00031523022,0.006667965
/home/datasets/train/zebra/n02391049_2585.jpg,2,0.0020074816,-0.008226857,-0.0059516216
/home/datasets/train/zebra/n02391049_3326.jpg,2,0.018242747,-0.0006958991,-0.0048697246
/home/datasets/train/zebra/378.jpg,2,-0.005218108,-0.0013277663,0.00030512654
/home/datasets/train/zebra/n02391049_37.jpg,2,0.011178648,0.0014274074,0.0013573063
/home/datasets/train/zebra/n02391049_834.jpg,2,0.006971695,-0.011238284,-0.0127842175
/home/datasets/train/zebra/n02391049_10209.jpg,2,-0.013500936,-0.004157836,-0.011614683
/home/datasets/train/zebra/142.jpg,2,-0.0012072951,-0.0026018862,-0.003206424
/home/datasets/train/zebra/331.jpg,2,0.0043394193,-0.011892585,-0.0046714116
/home/datasets/train/zebra/n02391049_4445.jpg,2,0.0078098876,0.0068832813,-0.0017318642
/home/datasets/train/zebra/317.jpg,2,-0.007829052,-0.0003420934,-0.0090138335
/home/datasets/train/zebra/n02391049_2407.jpg,2,0.021200553,-0.003756892,0.006202492
/home/datasets/train/zebra/n02391049_251.jpg,2,0.014524765,-0.00044285844,-0.006388695
/home/datasets/train/zebra/n02391049_5503.jpg,2,0.013337162,0.0027407166,-0.0017759614
/home/datasets/train/zebra/n02391049_2229.jpg,2,-0.005808589,0.01324443,-0.0016045631
/home/datasets/train/zebra/image_136.jpeg,2,0.0029431256,-0.00053561805,-0.0069394764
/home/datasets/train/zebra/061.jpg,2,-0.010922918,-0.002645587,-0.00144797
/home/datasets/train/zebra/n02391049_7466.jpg,2,0.004849417,-0.0075617554,-0.006305745
/home/datasets/train/zebra/n02391049_6385.jpg,2,-0.0035094102,-0.0015581669,-0.005774257
/home/datasets/train/zebra/n02391049_9051.jpg,2,-0.0062609985,-0.006088202,-0.0030423012
/home/datasets/train/zebra/n02391049_2704.jpg,2,0.0038675587,-0.0002556243,-0.00718162
/home/datasets/train/zebra/n02391049_1105.jpg,2,-0.0002737157,-0.0064711226,-0.009451868
/home/datasets/train/zebra/n02391049_9027.jpg,2,0.004910229,-0.0019458301,0.006722707
/home/datasets/train/zebra/210.jpg,2,0.0042968346,-0.0031295973,-0.0040435386
/home/datasets/train/zebra/n02391049_2017.jpg,2,0.002343351,0.00049055833,-0.006806848
/home/datasets/train/zebra/n02391049_3228.jpg,2,0.012322452,-0.00019989524,0.0037250705
/home/datasets/train/zebra/n02391049_8699.jpg,2,-0.0027186356,-0.0010927378,0.0015517718
/home/datasets/train/zebra/n02391049_169.jpg,2,0.015085679,-0.010682092,-0.0045662746
/home/datasets/train/zebra/044.jpg,2,0.001188599,-0.008089856,-0.008260899
/home/datasets/train/zebra/n02391049_9136.jpg,2,0.004799062,0.0029826246,0.0032190955
/home/datasets/train/zebra/zebra (47).jpg,2,-0.0012953957,-0.009061277,-0.0042230766
/home/datasets/train/zebra/058.jpg,2,-0.0060878634,-0.014572765,-0.0060836435
/home/datasets/train/zebra/image_9.jpeg,2,0.00066346466,-0.0043788967,-0.0060730474
/home/datasets/train/zebra/zebra (9).jpg,2,0.008962276,-0.0035790764,-0.0034346406
/home/datasets/train/zebra/n02391049_5295.jpg,2,0.008150177,-0.0014879453,-0.0056902915
/home/datasets/train/zebra/n02391049_2211.jpg,2,0.018497745,-0.007441841,-0.0028422927
/home/datasets/train/zebra/n02391049_773.jpg,2,0.0031708286,-0.008161197,-0.0068079904
/home/datasets/train/zebra/n02391049_1235.jpg,2,0.003472391,-0.01102615,-0.01396041
/home/datasets/train/zebra/368.jpg,2,-0.0041210493,-0.0022267646,-0.01079076
/home/datasets/train/zebra/097.jpg,2,0.009740275,0.0077069364,0.0012103426
/home/datasets/train/zebra/zebra (48).jpg,2,-0.0012953957,-0.009061277,-0.0042230766
/home/datasets/train/zebra/545d133e93.jpg,2,-0.008969787,-0.0058460953,-0.01169483
/home/datasets/train/zebra/n02391049_3173.jpg,2,0.0008946775,-0.00705765,-0.004645845
/home/datasets/train/zebra/n02391049_3031.jpg,2,0.005697638,-0.0042237653,-0.0037317262
/home/datasets/train/zebra/n02391049_1118.jpg,2,0.010108395,-0.000713534,0.0009769555
/home/datasets/train/zebra/079.jpg,2,0.0028332735,0.0062826076,-0.004144909
/home/datasets/train/zebra/139.jpg,2,0.019142471,-0.002223311,-0.0008200621
/home/datasets/train/zebra/n02391049_6564.jpg,2,0.002449628,0.0027353372,-0.003552226
/home/datasets/train/zebra/n02391049_3682.jpg,2,0.008497877,-0.0033943886,0.0040698713
/home/datasets/train/zebra/n02391049_3043.jpg,2,0.015559881,-0.0019596363,-0.006934888
/home/datasets/train/zebra/n02391049_1189.jpg,2,-0.0015773138,-0.0052887946,-0.011616214
/home/datasets/train/zebra/n02391049_2784.jpg,2,-0.0033072603,0.00048456958,-0.004062139
/home/datasets/train/zebra/259.jpg,2,0.0048783245,-0.0043811398,-0.007865265
/home/datasets/train/zebra/n02391049_2853.jpg,2,-0.01739385,0.0017686198,-0.009549345
/home/datasets/train/zebra/n02391049_936.jpg,2,0.007858749,-0.010893691,-0.0061738426
/home/datasets/train/zebra/091.jpg,2,-0.013726795,0.004387925,-0.0052705584
/home/datasets/train/zebra/image_58.jpeg,2,-0.029321972,-0.0060348497,-0.00577043
/home/datasets/train/zebra/n02391049_268.jpg,2,0.0041795718,0.0025837668,-0.0011551632
/home/datasets/train/zebra/n02391049_918.jpg,2,0.007738919,-0.0123184575,-0.010249883
/home/datasets/train/zebra/n02391049_9478.jpg,2,0.0006723735,-0.007856685,-0.017947398
/home/datasets/train/zebra/n02391049_9979.jpg,2,0.0028389595,-0.002789353,-0.0022005192
/home/datasets/train/zebra/611b81638f.jpg,2,0.0062150154,-0.005196573,-0.0028180222
/home/datasets/train/zebra/n02391049_3365.jpg,2,-0.01804263,-0.00479402,-0.009849638
/home/datasets/train/zebra/n02391049_147.jpg,2,0.021140901,-0.006022606,-0.005098186
/home/datasets/train/zebra/n02391049_5547.jpg,2,0.0034171697,-0.0016797829,-0.012659015
/home/datasets/train/zebra/126.jpg,2,-0.004031727,-0.009443518,-0.00041470188
/home/datasets/train/zebra/30c6501e99.jpg,2,-0.008423648,0.001927066,0.0022544328
/home/datasets/train/zebra/image_68.jpeg,2,-0.0022088974,-0.013937085,-0.013345969
/home/datasets/train/zebra/n02391049_4969.jpg,2,0.0015933928,-0.013158451,-0.014080106
/home/datasets/train/zebra/n02391049_574.jpg,2,-0.010186339,-0.006765616,-0.009671857
/home/datasets/train/zebra/n02391049_6326.jpg,2,-0.00996656,-0.014926479,-0.011995367
/home/datasets/train/zebra/n02391049_1135.jpg,2,0.009030041,-0.00210495,-0.0026823161
/home/datasets/train/zebra/n02391049_1131.jpg,2,0.025695857,-0.024251977,-0.018699443
/home/datasets/train/zebra/n02391049_1198.jpg,2,0.03010273,0.0010210008,-0.0021659841
/home/datasets/train/zebra/image_141.jpeg,2,0.00419215,0.0015071945,-0.0027290168
/home/datasets/train/zebra/n02391049_101.jpg,2,0.0008127061,-0.006232634,-0.007348845
/home/datasets/train/zebra/192.jpg,2,-0.006346547,-0.0018616684,-0.011586659
/home/datasets/train/zebra/306.jpg,2,-0.002599088,-0.010907327,0.0012257873
/home/datasets/train/zebra/n02391049_8387.jpg,2,0.0030732478,-0.004022875,0.011829251
/home/datasets/train/zebra/image_155.jpeg,2,0.009373248,-0.010834141,-0.0035843218
/home/datasets/train/zebra/n02391049_9528.jpg,2,0.0052203513,0.002436031,-0.0010138853
/home/datasets/train/zebra/iimage_23 (10).jpeg,2,-0.014549466,-0.008114867,-0.006193405
/home/datasets/train/zebra/320.jpg,2,0.0030780407,-0.012368087,-0.009341655
/home/datasets/train/zebra/n02391049_167.jpg,2,0.017217172,-0.0021903783,-0.0028845733
/home/datasets/train/zebra/n02391049_444.jpg,2,0.007236088,-0.0067086658,-0.00481818
/home/datasets/train/zebra/n02391049_2511.jpg,2,0.005719759,-0.0049711987,-0.010609921
/home/datasets/train/zebra/image_21.jpeg,2,0.0045040725,-0.006388653,-0.0022100466
/home/datasets/train/zebra/n02391049_2465.jpg,2,-0.0047119632,-0.0020313924,-0.0030867227
/home/datasets/train/zebra/n02391049_383.jpg,2,0.004321824,-0.009972305,0.0038317717
/home/datasets/train/zebra/n02391049_7418.jpg,2,-0.01795588,-0.0049165734,-0.0066795815
/home/datasets/train/zebra/n02391049_8334.jpg,2,0.007981755,0.00479072,-0.0015939837
/home/datasets/train/zebra/070.jpg,2,-0.0101550585,-0.0040428336,-0.0025750357
/home/datasets/train/zebra/n02391049_6834.jpg,2,0.0029003602,-0.017383382,-0.015211268
/home/datasets/train/zebra/n02391049_788.jpg,2,0.022084665,0.0059574754,-0.0007114839
/home/datasets/train/zebra/n02391049_8301.jpg,2,0.006676236,-0.0020329675,-0.0013618264
/home/datasets/train/zebra/image_98.jpeg,2,-0.0007991481,-0.0025580276,-0.0055749835
/home/datasets/train/zebra/n02391049_913.jpg,2,0.0049953815,0.0021114063,0.005578678
/home/datasets/train/zebra/49f81f233b.jpg,2,-0.0021717977,-0.0062599955,-0.002908517
/home/datasets/train/zebra/n02391049_857.jpg,2,-0.016894154,0.002904142,-0.007858865
/home/datasets/train/zebra/n02391049_9219.jpg,2,0.028122496,-0.016806748,-0.0127623845
/home/datasets/train/zebra/n02391049_916.jpg,2,-0.009341515,-0.009046281,-0.013572017
/home/datasets/train/zebra/n02391049_1046.jpg,2,0.003557393,0.0037411503,-0.003928256
/home/datasets/train/zebra/n02391049_1145.jpg,2,-0.0020070623,0.009092896,0.010307426
/home/datasets/train/zebra/n02391049_9844.jpg,2,0.03125753,-0.006741844,-0.0110220695
/home/datasets/train/zebra/n02391049_7407.jpg,2,0.0052234237,-0.015022747,-0.011974797
/home/datasets/train/zebra/n02391049_787.jpg,2,-0.000918271,0.00605396,0.0030035
/home/datasets/train/zebra/n02391049_2663.jpg,2,0.018352615,-0.002478133,-0.006001991
/home/datasets/train/zebra/iimage_23 (5).jpeg,2,-0.0109499665,0.00066578254,0.0073627415
/home/datasets/train/zebra/n02391049_2665.jpg,2,-0.0034131464,-0.004035243,-0.0031193718
/home/datasets/train/zebra/n02391049_557.jpg,2,-0.00814414,-0.0068214503,-0.006801935
/home/datasets/train/zebra/377.jpg,2,0.0053842855,-0.003707348,-0.0032833735
/home/datasets/train/zebra/n02391049_3861.jpg,2,0.012046002,0.0003511163,-0.0034927526
/home/datasets/train/zebra/n02391049_2739.jpg,2,0.01247488,-0.006597273,-0.004470814
/home/datasets/train/zebra/n02391049_3247.jpg,2,0.00883847,-0.004774493,-0.0019642496
/home/datasets/train/zebra/120.jpg,2,-0.0036651655,0.0010826439,-0.009176905
/home/datasets/train/zebra/n02391049_5637.jpg,2,0.008472526,-0.005850874,-0.0028643846
/home/datasets/train/zebra/0495f61839.jpg,2,0.014682887,-0.0031009652,-0.007651909
/home/datasets/train/zebra/170fd0528c.jpg,2,-0.004895637,-0.009209201,-0.011575112
/home/datasets/train/zebra/n02391049_1153.jpg,2,-0.0070947884,-0.009388944,-0.0088523505
/home/datasets/train/zebra/340.jpg,2,-0.0062883245,-0.010973713,-0.01563941
/home/datasets/train/zebra/n02391049_1175.jpg,2,0.0059537888,0.004081891,-0.0049312655
/home/datasets/train/zebra/7ae826e4ac.jpg,2,-0.0060124714,-0.017458688,-0.020444956
/home/datasets/train/zebra/n02391049_1555.jpg,2,0.019155355,-0.002768509,-0.01400329
/home/datasets/train/zebra/image_133.jpeg,2,0.0019426254,-0.0018109833,-0.0072625168
/home/datasets/train/zebra/349.jpg,2,0.0037027257,0.0017320521,0.0045098076
/home/datasets/train/zebra/264.jpg,2,-0.0038189515,0.0034545693,-0.0070822854
/home/datasets/train/zebra/n02391049_2905.jpg,2,-0.005193803,-0.007776842,-0.011162485
/home/datasets/train/zebra/n02391049_17.jpg,2,-0.0055713314,-0.0039452882,-0.0056681563
/home/datasets/train/zebra/n02391049_9542.jpg,2,0.021734342,0.0040402347,0.003720249
/home/datasets/train/zebra/n02391049_11128.jpg,2,0.0040484993,0.013082276,-0.00051509985
/home/datasets/train/zebra/n02391049_3513.jpg,2,0.004405354,-0.012311764,-0.0023349463
/home/datasets/train/zebra/n02391049_5755.jpg,2,0.0008374385,-0.0021063439,-0.0029787063
/home/datasets/train/zebra/n02391049_719.jpg,2,-0.0011540388,0.00470131,-0.00092360284
/home/datasets/train/zebra/n02391049_4692.jpg,2,0.013787983,0.005362775,-0.009214942
/home/datasets/train/zebra/image_181.jpeg,2,0.00011629611,0.0011041486,0.00069675455
/home/datasets/train/zebra/n02391049_2258.jpg,2,-0.02405825,0.0035090218,-0.022213591
/home/datasets/train/zebra/257.jpg,2,-0.023379685,-0.009396163,-0.013924751
/home/datasets/train/zebra/n02391049_272.jpg,2,0.0106098885,0.013399443,0.008559164
/home/datasets/train/zebra/n02391049_71.jpg,2,-0.010748589,-0.013051892,-0.0131097
/home/datasets/train/zebra/iimage_23 (15).jpeg,2,0.0074209566,0.00017300528,0.001290632
/home/datasets/train/zebra/n02391049_2117.jpg,2,0.019122597,-0.0014064361,-0.011484128
/home/datasets/train/zebra/image_36.jpeg,2,-0.001446896,-0.005209245,0.0005080097
/home/datasets/train/zebra/zebra (57).jpg,2,0.0075596115,-0.0033041066,-0.013765771
/home/datasets/train/zebra/n02391049_2363.jpg,2,0.0063524987,-0.0017484871,-0.007956483
/home/datasets/train/zebra/iimage_23 (29).jpeg,2,-0.022810623,-0.010493793,-0.0062229293
/home/datasets/train/zebra/image_79.jpeg,2,0.006562508,-0.01212821,-0.016513098
/home/datasets/train/zebra/n02391049_2642.jpg,2,0.0053427275,-0.004896288,-0.013005296
/home/datasets/train/zebra/n02391049_2877.jpg,2,0.0155099705,-0.0051763086,-0.0028104328
/home/datasets/train/zebra/zebra (31).jpg,2,0.003132137,-0.005112822,-0.013914365
/home/datasets/train/zebra/n02391049_2201.jpg,2,0.0060177185,-0.0033387565,-0.008590426
/home/datasets/train/zebra/105.jpg,2,-0.016747147,-0.009351776,-0.00875458
/home/datasets/train/zebra/292.jpg,2,0.0027389387,-0.00822296,-0.002684947
/home/datasets/train/zebra/n02391049_3119.jpg,2,0.0091311755,0.00038361922,-0.0015002748
/home/datasets/train/zebra/n02391049_1441.jpg,2,0.00043768855,0.0016695103,-0.0063752015
/home/datasets/train/zebra/n02391049_4564.jpg,2,-0.0002639338,-0.0027587763,0.011259159
/home/datasets/train/zebra/n02391049_11166.jpg,2,0.016833896,0.005795939,0.0033842672
/home/datasets/train/zebra/37aaaec2e6.jpg,2,-0.0055175507,-0.008569435,-0.0064110532
/home/datasets/train/zebra/n02391049_1149.jpg,2,-0.0060672658,-0.004772071,-0.006670303
/home/datasets/train/zebra/n02391049_368.jpg,2,0.0280253,-0.0047393446,-0.008776306
/home/datasets/train/zebra/zebra (20).jpg,2,0.0028598872,0.001315861,0.003189042
/home/datasets/train/zebra/n02391049_6517.jpg,2,0.0073982254,0.0033949057,0.00060074823
/home/datasets/train/zebra/n02391049_2756.jpg,2,0.008877432,-0.0058854134,0.0012656673
/home/datasets/train/zebra/n02391049_10467.jpg,2,-0.013458886,-0.0012457159,-0.009893753
/home/datasets/train/zebra/n02391049_3086.jpg,2,0.013426038,-0.006677612,0.0038847742
/home/datasets/train/zebra/008.jpg,2,0.013194808,-0.009188555,-0.003332723
/home/datasets/train/zebra/image_42.jpeg,2,0.0026404732,-1.09192915e-05,0.008534346
/home/datasets/train/zebra/n02391049_786.jpg,2,0.003759421,-0.005013001,-0.004749446
/home/datasets/train/zebra/n02391049_3342.jpg,2,-0.0009550052,-0.005146644,-0.008346933
/home/datasets/train/zebra/n02391049_743.jpg,2,0.015506497,-0.010486534,0.0006160177
/home/datasets/train/zebra/n02391049_3253.jpg,2,-0.00777733,-0.004991148,-0.007753337
/home/datasets/train/zebra/n02391049_6186.jpg,2,-0.0055173654,-0.008945889,-0.011634426
/home/datasets/train/zebra/111.jpg,2,0.009254481,0.009063938,0.00030339218
/home/datasets/train/zebra/085.jpg,2,-0.007224999,-0.0053815497,-0.011096068
/home/datasets/train/zebra/image_73.jpeg,2,0.013011142,-0.012952561,-0.012531282
/home/datasets/train/zebra/image_69.jpeg,2,0.0008361002,0.007353765,-0.004934288
/home/datasets/train/zebra/n02391049_275.jpg,2,-0.025040047,-0.006418919,-0.0076140626
/home/datasets/train/zebra/n02391049_3289.jpg,2,0.024301533,0.0003976362,0.008232768
/home/datasets/train/zebra/216.jpg,2,-0.008484097,-0.015940763,0.0020801034
/home/datasets/train/zebra/image_106.jpeg,2,0.011662914,-0.0012195217,-0.0015559033
/home/datasets/train/zebra/n02391049_5638.jpg,2,-0.0040147444,-0.0049923845,-0.0007361523
/home/datasets/train/zebra/7b7d8759f1.jpg,2,0.0071534077,-0.0017991831,-0.00720303
/home/datasets/train/zebra/n02391049_10175.jpg,2,0.004011206,0.0049751736,-0.00061993836
/home/datasets/train/zebra/n02391049_5273.jpg,2,0.002972455,-0.013479578,-0.017791333
/home/datasets/train/zebra/image_135.jpeg,2,0.0024965673,-0.001206205,0.0069440333
/home/datasets/train/zebra/2a63e3f385.jpg,2,0.008433484,0.0010077271,-0.0061255796
/home/datasets/train/zebra/030.jpg,2,-0.0240276,-0.0017971979,0.0019399624
/home/datasets/train/zebra/280.jpg,2,0.0120709585,-0.008587107,-0.01459119
/home/datasets/train/zebra/39e7a4f1c8.jpg,2,0.005367934,-0.006555492,-0.010240409
/home/datasets/train/zebra/136.jpg,2,0.013880428,-0.0054744883,-0.008283891
/home/datasets/train/zebra/n02391049_7105.jpg,2,0.008761998,-0.008111326,-0.0077425228
/home/datasets/train/zebra/6e7a163893.jpg,2,0.011453449,0.003495061,-0.00072580716
/home/datasets/train/zebra/n02391049_2285.jpg,2,-0.0027703766,-0.009755679,-0.0041732606
/home/datasets/train/zebra/n02391049_2963.jpg,2,0.010211079,-0.0033057267,0.0072933724
/home/datasets/train/zebra/334.jpg,2,0.00527191,-0.0016595097,-0.0025434366
/home/datasets/train/zebra/n02391049_74.jpg,2,0.026480103,-0.003883863,-0.0057385927
/home/datasets/train/zebra/036.jpg,2,0.006337353,-0.007664306,-0.006919986
/home/datasets/train/zebra/n02391049_554.jpg,2,-0.0015617998,-0.0048507056,-0.007833957
/home/datasets/train/zebra/056.jpg,2,0.007441289,-0.0014679729,-0.016287666
/home/datasets/train/zebra/187.jpg,2,-0.007108572,-0.012864148,-0.012173297
/home/datasets/train/zebra/n02391049_3755.jpg,2,-0.04723247,-0.006414556,-0.005018982
/home/datasets/train/zebra/image_45.jpeg,2,0.0034835876,0.0034501825,-0.00534161
/home/datasets/train/zebra/n02391049_992.jpg,2,0.022398641,0.00075673824,0.0041391626
/home/datasets/train/zebra/zebra (43).jpg,2,-0.0026130201,-0.0019102497,-0.003309318
/home/datasets/train/zebra/n02391049_4682.jpg,2,-0.006781911,-0.008166523,-0.0078035807
/home/datasets/train/zebra/n02391049_9499.jpg,2,-0.00042443257,0.003369292,-0.0029567291
/home/datasets/train/zebra/n02391049_3238.jpg,2,0.0015438306,-0.013592622,-0.024185784
/home/datasets/train/zebra/n02391049_328.jpg,2,-0.0031461006,-0.014016569,-0.011420188
/home/datasets/train/zebra/n02391049_544.jpg,2,0.01243273,0.0010191835,-0.005506855
/home/datasets/train/zebra/n02391049_6421.jpg,2,0.002095188,-0.0073266774,-0.006537902
/home/datasets/train/zebra/n02391049_1738.jpg,2,0.013872622,0.0023299754,-0.0028789486
/home/datasets/train/zebra/n02391049_932.jpg,2,-0.0027079224,-0.005010954,-0.006587253
/home/datasets/train/zebra/n02391049_1127.jpg,2,0.0060635037,-0.007209789,-0.012670406
/home/datasets/train/zebra/n02391049_3292.jpg,2,0.00010538101,0.005107173,0.011076311
/home/datasets/train/zebra/n02391049_924.jpg,2,0.0072972802,-0.005288246,-0.012337362
/home/datasets/train/zebra/n02391049_142.jpg,2,0.017753378,-0.0057706074,-0.0036542374
/home/datasets/train/zebra/n02391049_2273.jpg,2,-0.0048473245,-0.0036610041,0.0025072051
/home/datasets/train/zebra/n02391049_192.jpg,2,0.01120431,-0.0034743026,-0.0034438898
/home/datasets/train/zebra/n02391049_10966.jpg,2,0.006558875,-0.0014946489,-0.0060744286
/home/datasets/train/zebra/n02391049_1088.jpg,2,-0.01014054,-0.009105582,-0.0029066184
/home/datasets/train/zebra/n02391049_3246.jpg,2,0.022845302,-0.0070257476,-0.009115744
/home/datasets/train/zebra/n02391049_5781.jpg,2,0.0129557345,-0.0002235286,0.001594492
/home/datasets/train/zebra/332.jpg,2,0.0037943125,-0.0053851297,-0.008735333
/home/datasets/train/zebra/n02391049_2231.jpg,2,0.009953491,-0.0023338725,-0.0007992359
/home/datasets/train/zebra/n02391049_10461.jpg,2,0.016527591,-0.020604845,-0.019199748
/home/datasets/train/zebra/284.jpg,2,-0.0016736612,0.0064659566,0.0035772494
/home/datasets/train/zebra/096.jpg,2,0.0059417635,-0.0042140214,-0.0030887662
/home/datasets/train/zebra/n02391049_926.jpg,2,0.02099532,-0.0031166303,-0.0047615105
/home/datasets/train/zebra/zebra (35).jpg,2,0.005976986,-0.0008994972,0.003497441
/home/datasets/train/zebra/039.jpg,2,0.0032209773,0.0040138145,0.007937611
/home/datasets/train/zebra/175.jpg,2,0.002030294,0.008513815,-0.006005239
/home/datasets/train/zebra/n02391049_116.jpg,2,0.01562294,-0.016627792,0.0026555439
/home/datasets/train/zebra/zebra (24).jpg,2,0.017539844,0.0019210603,-0.008759093
/home/datasets/train/zebra/206.jpg,2,0.004428641,0.0023791546,-0.003147232
/home/datasets/train/zebra/157.jpg,2,0.002823962,-0.008977763,-0.008171241
/home/datasets/train/zebra/n02391049_2879.jpg,2,-0.007387832,0.006103414,0.0041873213
/home/datasets/train/zebra/314.jpg,2,-0.019261915,-0.004161603,-0.014738142
/home/datasets/train/zebra/n02391049_2478.jpg,2,0.017279051,0.0009021979,0.01012767
/home/datasets/train/zebra/n02391049_3139.jpg,2,-0.005658364,-0.007633053,0.0025395802
/home/datasets/train/zebra/n02391049_3122.jpg,2,0.011845415,-0.00940658,-0.0076391846
/home/datasets/train/zebra/347.jpg,2,0.0021083492,-0.00944024,-0.0029730792
/home/datasets/train/zebra/n02391049_2829.jpg,2,0.013398567,-0.0035390272,-0.020725925
/home/datasets/train/zebra/n02391049_102.jpg,2,-0.0026311574,-0.003016485,-0.01162418
/home/datasets/train/zebra/n02391049_627.jpg,2,0.004300759,0.009475419,0.006294592
/home/datasets/train/zebra/n02391049_1355.jpg,2,0.009913144,-0.0056915735,-0.0013192191
/home/datasets/train/zebra/n02391049_3436.jpg,2,0.005265118,-0.016845271,-0.016887743
/home/datasets/train/zebra/322.jpg,2,0.0057850704,-0.0035284304,-0.0027174437
/home/datasets/train/zebra/n02391049_5791.jpg,2,0.016211571,0.014115943,0.0072672884
/home/datasets/train/zebra/n02391049_1404.jpg,2,-0.0043522012,-0.0040235203,-0.006399927
/home/datasets/train/zebra/n02391049_7324.jpg,2,0.0016015725,-0.0032861019,-0.0020987531
/home/datasets/train/zebra/n02391049_9532.jpg,2,-0.0014805468,-0.007181405,-0.0047835535
/home/datasets/train/zebra/n02391049_6511.jpg,2,0.0013277254,-0.008331813,-0.010728149
/home/datasets/train/zebra/364.jpg,2,0.003523461,-0.0018010649,-0.0032455795
/home/datasets/train/zebra/n02391049_246.jpg,2,0.011978431,-0.001964015,0.0041933656
/home/datasets/train/zebra/image_123.jpeg,2,-0.0015832894,-0.015059059,-0.02128313
/home/datasets/train/zebra/image_33.jpeg,2,0.009228394,-0.0016003287,-0.0025896807
/home/datasets/train/zebra/n02391049_2131.jpg,2,-0.0063306605,-0.0018341991,-0.00086294464
/home/datasets/train/zebra/n02391049_4863.jpg,2,0.019656159,0.0029535582,-0.005446628
/home/datasets/train/zebra/iimage_23 (6).jpeg,2,-0.019326653,-0.0058816266,-0.0019079761
/home/datasets/train/zebra/078.jpg,2,0.010079358,-0.008363357,-0.004367126
/home/datasets/train/zebra/173.jpg,2,-0.0007914603,-0.0075732376,-0.011452201
/home/datasets/train/zebra/191.jpg,2,-0.014315472,-0.010344328,-0.0090799555
/home/datasets/train/zebra/n02391049_3949.jpg,2,0.009423179,-0.02362759,-0.006984727
/home/datasets/train/zebra/231.jpg,2,-0.011142715,-0.009321512,-0.011776973
/home/datasets/train/zebra/n02391049_9309.jpg,2,0.0012915696,-0.0039891754,6.267603e-05
/home/datasets/train/zebra/n02391049_10597.jpg,2,-0.0071601914,-0.019961996,-0.011065958
/home/datasets/train/zebra/n02391049_3654.jpg,2,0.008474292,-0.0056256806,-0.003201778
/home/datasets/train/zebra/n02391049_7048.jpg,2,0.01604998,0.007425895,5.21061e-05
/home/datasets/train/zebra/n02391049_851.jpg,2,-0.011592588,-0.0039031322,-0.00471091
/home/datasets/train/zebra/n02391049_2803.jpg,2,-0.013846734,0.00090395287,-0.00020187907
/home/datasets/train/zebra/n02391049_1442.jpg,2,0.011000093,-0.0090750195,-0.0011663497
/home/datasets/train/zebra/n02391049_6026.jpg,2,-0.0040137726,-0.0050254483,-0.005072713
/home/datasets/train/zebra/n02391049_171.jpg,2,0.008625198,0.005424187,0.0042836554
/home/datasets/train/zebra/n02391049_527.jpg,2,0.008704225,0.008065321,-0.0030047684
/home/datasets/train/zebra/n02391049_4965.jpg,2,0.004245352,-0.000532683,-0.0025483286
/home/datasets/train/zebra/n02391049_1827.jpg,2,0.0008271764,-0.0076280055,-0.0019598515
/home/datasets/train/zebra/n02391049_8445.jpg,2,0.006660851,-0.011567894,-0.010551328
/home/datasets/train/zebra/n02391049_954.jpg,2,0.010263481,-0.0086163245,-0.011998337
/home/datasets/train/zebra/n02391049_6359.jpg,2,0.022928644,-0.00050748594,-0.0064017493
/home/datasets/train/zebra/n02391049_3026.jpg,2,0.010980054,-0.0049351254,-0.007997333
/home/datasets/train/zebra/n02391049_8844.jpg,2,0.0038576548,-0.002701296,-0.007178926
/home/datasets/train/zebra/n02391049_1181.jpg,2,0.010654847,-0.0034251749,-0.005833326
/home/datasets/train/zebra/n02391049_2946.jpg,2,0.00035070063,-0.017112095,-0.008947253
/home/datasets/train/zebra/n02391049_234.jpg,2,-0.0008465869,9.6784905e-05,-0.008325203
/home/datasets/train/zebra/033.jpg,2,0.0014079716,-0.017746137,-0.007970511
/home/datasets/train/zebra/001.jpg,2,0.0015035784,-0.010899657,-0.009463604
/home/datasets/train/zebra/n02391049_496.jpg,2,0.015202461,-0.01250842,-0.0017400794
/home/datasets/train/zebra/n02391049_2459.jpg,2,0.0013152026,-0.017151259,-0.017117478
/home/datasets/train/zebra/067.jpg,2,-0.006968661,-0.0034526899,-0.0053450726
/home/datasets/train/zebra/059.jpg,2,0.014333513,-0.011379284,-0.017165579
/home/datasets/train/zebra/n02391049_5344.jpg,2,0.012847276,0.0037422166,0.009039441
/home/datasets/train/zebra/n02391049_5307.jpg,2,0.013250408,-0.0044070655,-0.008441625
/home/datasets/train/zebra/n02391049_424.jpg,2,-0.012936869,-0.0062406803,-0.010764139
/home/datasets/train/zebra/n02391049_2984.jpg,2,-0.01739369,-0.0006773141,-0.0041739773
/home/datasets/train/zebra/n02391049_5121.jpg,2,0.013285557,0.010654877,0.007172444
/home/datasets/train/zebra/019.jpg,2,0.0060883914,-0.006549186,-0.0058862073
/home/datasets/train/zebra/n02391049_4644.jpg,2,0.0033894682,-0.004360516,0.0020555756
/home/datasets/train/zebra/n02391049_306.jpg,2,0.0014966093,-0.010652622,-0.016431674
/home/datasets/train/zebra/169.jpg,2,0.005686039,-0.0052541383,-0.007507461
/home/datasets/train/zebra/n02391049_9135.jpg,2,0.0040975083,-0.005486033,0.0006416221
/home/datasets/train/zebra/n02391049_7396.jpg,2,0.0152196735,-0.006179083,-0.016125122
/home/datasets/train/zebra/n02391049_4775.jpg,2,-0.0009391211,-0.00027625076,-0.0050289426
/home/datasets/train/zebra/n02391049_8394.jpg,2,0.020588288,-0.0057438486,0.003865562
/home/datasets/train/zebra/image_88.jpeg,2,0.015188648,-0.0044331816,-0.009331329
/home/datasets/train/zebra/n02391049_461.jpg,2,0.015085679,-0.010682092,-0.0045662746
/home/datasets/train/zebra/n02391049_4697.jpg,2,0.024645548,-0.0005815623,-0.0006191104
/home/datasets/train/zebra/n02391049_10701.jpg,2,0.009287516,-0.0041773026,-0.0034449548
/home/datasets/train/zebra/image_120.jpeg,2,-0.014536378,-0.0232684,-0.006491166
/home/datasets/train/zebra/n02391049_7319.jpg,2,0.016160622,0.009476181,-0.008176396
/home/datasets/train/zebra/n02391049_9002.jpg,2,-0.037288535,-0.0030537848,-0.006586167
/home/datasets/train/zebra/164.jpg,2,0.0046222354,-0.007327363,-0.0027307663
/home/datasets/train/zebra/291.jpg,2,-0.006304028,-0.0077640917,-0.0031554713
/home/datasets/train/zebra/n02391049_3071.jpg,2,-0.0013852944,-0.004372534,-0.008310668
/home/datasets/train/zebra/n02391049_909.jpg,2,-0.016184201,-0.0025579187,0.0017699949
/home/datasets/train/zebra/104.jpg,2,0.012670407,-0.002287928,0.0038702234
/home/datasets/train/zebra/114.jpg,2,-0.006641533,0.0006614048,-0.00097174663
/home/datasets/train/zebra/n02391049_2177.jpg,2,0.011218768,-0.01633584,-0.005131499
/home/datasets/train/zebra/image_154.jpeg,2,0.0002147439,-0.009956878,-0.009503314
/home/datasets/train/zebra/image_165.jpeg,2,0.004316155,0.00012471527,-0.002518863
/home/datasets/train/zebra/n02391049_133.jpg,2,0.0031888117,-0.0006640693,-0.0061829695
/home/datasets/train/zebra/351.jpg,2,0.010117203,-0.012825974,-0.016412325
/home/datasets/train/zebra/3ce736b281.jpg,2,-0.00060205325,0.0011455028,-0.010231793
/home/datasets/train/zebra/n02391049_1752.jpg,2,-0.00142228,0.0032242208,-4.6478468e-05
/home/datasets/train/zebra/n02391049_8214.jpg,2,-0.0071568755,0.010800529,-0.004362001
/home/datasets/train/zebra/n02391049_8008.jpg,2,0.021024616,0.007294191,0.0026720106
/home/datasets/train/zebra/n02391049_10504.jpg,2,-0.005021408,-0.0019105421,0.0025430135
/home/datasets/train/zebra/n02391049_7832.jpg,2,0.01816673,0.009277569,0.011309605
/home/datasets/train/zebra/186.jpg,2,-0.010447179,-0.0042485557,-0.001791252
/home/datasets/train/zebra/n02391049_3162.jpg,2,0.010941949,0.0055746613,0.01322404
/home/datasets/train/zebra/110.jpg,2,-0.0028899037,-0.0057853153,-0.010213199
/home/datasets/train/zebra/n02391049_5015.jpg,2,-0.013283278,-0.003118121,-0.0056380983
/home/datasets/train/zebra/n02391049_6469.jpg,2,0.01375143,-0.007930007,0.0016518852
/home/datasets/train/zebra/n02391049_33.jpg,2,-0.013575854,-0.013361478,-0.008593693
/home/datasets/train/zebra/image_29.jpeg,2,0.00010854239,0.008087121,0.0024062698
/home/datasets/train/zebra/image_110.jpeg,2,0.012315404,0.0067505776,0.0043418994
/home/datasets/train/zebra/image_143.jpeg,2,-0.012593281,-0.008565072,-0.008525366
/home/datasets/train/zebra/n02391049_2836.jpg,2,-0.0072167893,-0.006820064,-0.017695501
/home/datasets/train/zebra/n02391049_6735.jpg,2,-0.008941582,-0.015742376,-0.005437276
/home/datasets/train/zebra/image_24.jpeg,2,0.017824821,-0.0018657031,-0.011661658
/home/datasets/train/zebra/zebra (33).jpg,2,-0.002715493,-0.011421569,-0.0135374125
/home/datasets/train/zebra/304.jpg,2,-0.013799256,-0.004662868,-0.006101004
/home/datasets/train/zebra/n02391049_1495.jpg,2,0.0041400082,-0.0005386798,-0.01038555
/home/datasets/train/zebra/image_100.jpeg,2,-0.0036758315,6.4533844e-05,0.0029672293
/home/datasets/train/zebra/n02391049_1465.jpg,2,0.004008373,-0.0072968416,-0.0044149626
/home/datasets/train/zebra/n02391049_6775.jpg,2,-0.0095141325,-0.006431174,-0.0071312543
/home/datasets/train/zebra/n02391049_8149.jpg,2,0.00029683858,-0.012905174,-0.012916993
/home/datasets/train/zebra/n02391049_4069.jpg,2,-0.018515902,-0.0072053215,0.00054944213
/home/datasets/train/zebra/image_85.jpeg,2,0.0041775014,-0.0072249565,-0.017754829
/home/datasets/train/zebra/667edbff5d.jpg,2,0.024917185,0.0006681029,0.0035546024
/home/datasets/train/zebra/iimage_23 (22).jpeg,2,0.007863263,-0.0066664126,-0.005780344
/home/datasets/train/zebra/n02391049_9965.jpg,2,0.003495783,-0.0026016498,-0.0042080395
/home/datasets/train/zebra/zebra (26).jpg,2,-0.012036379,-0.008626344,-0.0040503046
/home/datasets/train/zebra/n02391049_968.jpg,2,0.008081757,-0.00436989,0.0061721494
/home/datasets/train/zebra/300.jpg,2,0.003729067,-0.005440071,-0.015788667
/home/datasets/train/zebra/n02391049_2166.jpg,2,0.0049593225,-0.006542492,0.003850736
/home/datasets/train/zebra/n02391049_847.jpg,2,-0.0011376275,-0.0065398132,-0.0038834703
/home/datasets/train/zebra/n02391049_5169.jpg,2,0.007080289,-0.0039255386,0.0012008094
/home/datasets/train/zebra/n02391049_2659.jpg,2,0.017761635,0.013831611,0.011416769
/home/datasets/train/zebra/n02391049_969.jpg,2,0.025424823,-0.0059113367,-0.012132678
/home/datasets/train/zebra/n02391049_1928.jpg,2,0.032957796,-0.0022109759,-0.013207805
/home/datasets/train/zebra/n02391049_2018.jpg,2,0.01787778,-0.0031168018,-0.00069361064
/home/datasets/train/zebra/n02391049_1531.jpg,2,-0.015051459,-0.008126539,-0.0048775566
/home/datasets/train/zebra/n02391049_1126.jpg,2,0.014135115,0.0028643524,0.0028632274
/home/datasets/train/zebra/n02391049_3778.jpg,2,-0.0032334458,0.011033956,-0.0072828736
/home/datasets/train/zebra/n02391049_6991.jpg,2,-0.0056493543,-0.0010336784,-0.011877506
/home/datasets/train/zebra/n02391049_9583.jpg,2,-0.009668559,-0.002953018,-0.0042167637
/home/datasets/train/zebra/image_13.jpeg,2,0.0020301598,-0.002801883,-0.010480313
/home/datasets/train/zebra/n02391049_1459.jpg,2,-0.015985256,0.008122865,0.0021122326
/home/datasets/train/zebra/image_51.jpeg,2,-0.0070779924,-0.008696516,-0.0045525124
/home/datasets/train/zebra/zebra (29).jpg,2,0.017143428,-0.00215487,-0.009938251
/home/datasets/train/zebra/n02391049_907.jpg,2,0.012478524,-0.005637378,-0.014718112
/home/datasets/train/zebra/zebra (49).jpg,2,-0.0017558071,0.0018212085,-0.012582276
/home/datasets/train/zebra/image_67.jpeg,2,0.005070342,0.0039157765,-0.00043749763
/home/datasets/train/zebra/n02391049_2204.jpg,2,-0.0026699048,-0.011405354,-0.006778935
/home/datasets/train/zebra/n02391049_1524.jpg,2,0.004272489,-0.0051191836,-0.018991405
/home/datasets/train/zebra/n02391049_404.jpg,2,0.014202062,-4.1654333e-05,-0.003318766
/home/datasets/train/zebra/119.jpg,2,-0.0007594242,0.0002141872,0.011371265
/home/datasets/train/zebra/n02391049_9258.jpg,2,0.020412821,-0.0074714907,-0.008616405
/home/datasets/train/zebra/n02391049_10307.jpg,2,-0.019959409,-0.015487676,-0.011676588
/home/datasets/train/zebra/n02391049_6866.jpg,2,0.0073430724,0.00092848344,-0.00499163
/home/datasets/train/zebra/n02391049_1223.jpg,2,0.013632874,0.001228198,-0.009721216
/home/datasets/train/zebra/011.jpg,2,0.013499123,-0.016248846,-0.008840017
/home/datasets/train/zebra/n02391049_715.jpg,2,0.00023017498,-0.003453488,-1.4647318e-05
/home/datasets/train/zebra/zebra (41).jpg,2,0.017206741,-0.0021637653,-0.005831305
/home/datasets/train/zebra/n02391049_8878.jpg,2,0.016247736,0.00288876,-0.005634406
/home/datasets/train/zebra/148.jpg,2,-0.011805359,-0.008835269,-0.0010173717
/home/datasets/train/zebra/189.jpg,2,0.004068669,0.0031287156,-0.0023809918
/home/datasets/train/zebra/302.jpg,2,0.008019538,0.0031781867,-0.0050929175
/home/datasets/train/zebra/n02391049_5924.jpg,2,-0.015452691,-0.0047923373,-0.004750303
/home/datasets/train/zebra/n02391049_2181.jpg,2,0.004341783,0.0030339514,-0.010778505
/home/datasets/train/zebra/n02391049_353.jpg,2,0.009096977,-0.0016969475,0.0019193597
/home/datasets/train/zebra/285.jpg,2,0.0010060873,-0.007924675,-0.009088077
/home/datasets/train/zebra/n02391049_1063.jpg,2,0.007496623,-0.0042601647,-0.00626423
/home/datasets/train/zebra/zebra (59).jpg,2,0.008845407,-0.0010308945,-0.005086655
/home/datasets/train/zebra/n02391049_2586.jpg,2,0.0133706,-0.008688133,0.002885167
/home/datasets/train/zebra/n02391049_3844.jpg,2,-0.010687258,-0.0077177705,0.005349908
/home/datasets/train/zebra/n02391049_7151.jpg,2,-0.012533627,0.00044565013,0.00018180069
/home/datasets/train/zebra/072.jpg,2,0.019535763,-0.0026542782,-0.012900579
/home/datasets/train/zebra/n02391049_2916.jpg,2,-0.0037458488,-0.0043488294,0.012053752
/home/datasets/train/zebra/160.jpg,2,0.006724463,-0.0056696166,-0.0031439245
/home/datasets/train/zebra/n02391049_795.jpg,2,0.024304396,-0.002599618,-0.0029740725
/home/datasets/train/zebra/227.jpg,2,0.012090113,-0.0028582704,-0.00076038134
/home/datasets/train/zebra/n02391049_7839.jpg,2,0.011459047,-0.008609111,-0.011593626
/home/datasets/train/zebra/image_170.jpeg,2,0.010342415,-0.014886826,-0.017890599
/home/datasets/train/zebra/n02391049_6317.jpg,2,-0.005806246,0.010029793,-0.0024596183
/home/datasets/train/zebra/n02391049_3314.jpg,2,0.0062548886,-0.0076963445,-0.001873234
/home/datasets/train/zebra/iimage_23 (13).jpeg,2,-0.00032622623,0.0029048822,0.006213637
/home/datasets/train/zebra/n02391049_2844.jpg,2,0.011732952,-0.013963043,-0.004411997
/home/datasets/train/zebra/n02391049_2506.jpg,2,0.006071634,0.0043325983,-0.0039874287
/home/datasets/train/zebra/n02391049_7919.jpg,2,-0.007515546,-0.011960935,-0.0044113393
/home/datasets/train/zebra/n02391049_4569.jpg,2,-0.004683606,0.002995191,0.00015438977
/home/datasets/train/zebra/n02391049_921.jpg,2,-0.015506612,-0.021158459,-0.008039771
/home/datasets/train/zebra/n02391049_415.jpg,2,0.022644624,0.00039166387,0.005315024
/home/datasets/train/zebra/n02391049_427.jpg,2,-0.00473994,-0.0058279205,-0.0018042685
/home/datasets/train/zebra/n02391049_10435.jpg,2,-0.028000046,0.0030308762,-0.0019879853
/home/datasets/train/zebra/n02391049_6503.jpg,2,0.013003709,0.006178856,0.0015954375
/home/datasets/train/zebra/n02391049_8148.jpg,2,0.0005340036,0.0011929465,-0.027100382
/home/datasets/train/zebra/n02391049_2781.jpg,2,-0.020088196,0.005096886,0.0027359626
/home/datasets/train/zebra/n02391049_1038.jpg,2,0.016077453,-0.00041866582,-0.0009439911
/home/datasets/train/zebra/n02391049_538.jpg,2,0.018654421,-0.0086306445,-0.00900202
/home/datasets/train/zebra/image_10.jpeg,2,0.006965106,-0.012827721,-0.009665049
/home/datasets/train/zebra/n02391049_2768.jpg,2,0.0020224447,0.006687261,-0.010412854
/home/datasets/train/zebra/n02391049_686.jpg,2,0.007703945,-0.0045361547,-0.0007455216
/home/datasets/train/zebra/170.jpg,2,0.010375932,-0.005423462,-0.0083426805
/home/datasets/train/zebra/n02391049_3069.jpg,2,-0.00948573,-0.0137242265,-0.016604112
/home/datasets/train/zebra/n02391049_2648.jpg,2,0.011306675,-0.0039730812,-0.0034381615
/home/datasets/train/zebra/n02391049_2847.jpg,2,-0.007522569,0.004899434,-0.00169377
/home/datasets/train/zebra/image_37.jpeg,2,0.011693845,-0.0072497483,-0.015142705
/home/datasets/train/zebra/n02391049_4351.jpg,2,-0.0013061191,-0.0025821934,-0.0036132075
/home/datasets/train/zebra/n02391049_8321.jpg,2,0.004412088,-0.0006966217,-0.007022433
/home/datasets/train/zebra/image_114.jpeg,2,-0.01196645,-0.012553321,-0.0040590107
/home/datasets/train/zebra/162.jpg,2,0.0067114923,-0.0048360326,-0.008435389
/home/datasets/train/zebra/image_144.jpeg,2,0.010319305,-0.003821569,0.0014129648
/home/datasets/train/zebra/n02391049_2857.jpg,2,-8.352334e-06,-0.0017468659,0.0044266456
/home/datasets/train/zebra/n02391049_3187.jpg,2,0.013589695,-0.011541322,-0.017187577
/home/datasets/train/zebra/125.jpg,2,-0.011450337,-0.011749838,-0.01060819
/home/datasets/train/zebra/n02391049_43.jpg,2,-0.00076404493,0.0006301019,-0.0036343306
/home/datasets/train/zebra/n02391049_5724.jpg,2,-0.013544025,0.0017423648,-0.007967208
/home/datasets/train/zebra/n02391049_4734.jpg,2,0.023637718,-0.0018922496,-0.0039795283
/home/datasets/train/zebra/n02391049_6487.jpg,2,-0.010615107,2.1374086e-05,0.0014421907
/home/datasets/train/zebra/n02391049_3733.jpg,2,0.01577455,-0.0014465582,-0.00472208
/home/datasets/train/zebra/n02391049_1295.jpg,2,0.013084909,0.00016884669,-0.0076296907
/home/datasets/train/zebra/n02391049_9006.jpg,2,-0.009901942,-0.003309141,-0.007917323
/home/datasets/train/zebra/283.jpg,2,0.015143987,0.005664656,0.0045358306
/home/datasets/train/zebra/n02391049_2723.jpg,2,0.013803721,0.003234699,-0.002413442
/home/datasets/train/zebra/127.jpg,2,-0.009193326,0.0035033787,-0.0034230459
/home/datasets/train/zebra/n02391049_6198.jpg,2,0.009713765,0.0044393055,0.0005670399
/home/datasets/train/zebra/n02391049_7169.jpg,2,0.013455497,-0.008002329,-0.01733775
/home/datasets/train/zebra/n02391049_1535.jpg,2,0.016302293,0.014323281,-0.0063093835
/home/datasets/train/zebra/n02391049_5982.jpg,2,-0.008515074,-0.0075271637,-0.001955674
/home/datasets/train/zebra/n02391049_3262.jpg,2,0.0034394441,-0.014829259,-0.01871574
/home/datasets/train/zebra/n02391049_515.jpg,2,0.023275089,0.0111946,0.0035124032
/home/datasets/train/zebra/n02391049_4189.jpg,2,0.0029899534,0.0031358267,-0.006464296
/home/datasets/train/zebra/n02391049_5383.jpg,2,-0.039143458,-0.0075252806,-0.001885375
/home/datasets/train/zebra/n02391049_738.jpg,2,0.017192885,-0.0024460785,0.0024981988
/home/datasets/train/zebra/n02391049_3001.jpg,2,-0.008465459,-0.0045722,-0.015088987
/home/datasets/train/zebra/n02391049_8793.jpg,2,0.00041510817,-0.0068099657,-0.0038290652
/home/datasets/train/zebra/211.jpg,2,0.010843672,0.00848149,0.0030018361
/home/datasets/train/zebra/n02391049_7683.jpg,2,0.006211482,-0.00061282737,-0.010484541
/home/datasets/train/zebra/n02391049_4584.jpg,2,-0.00053630816,0.0074146553,0.00076758396
/home/datasets/train/zebra/n02391049_1417.jpg,2,-0.0070120343,-0.005288988,-0.0065693804
/home/datasets/train/zebra/n02391049_2043.jpg,2,0.0017023215,-0.008335344,-0.008395326
/home/datasets/train/zebra/n02391049_2491.jpg,2,0.0027468437,-0.0047948603,-0.011523795
/home/datasets/train/zebra/n02391049_58.jpg,2,-0.0013669662,-0.0013665936,0.0027991666
/home/datasets/train/zebra/n02391049_7263.jpg,2,-0.012611128,-0.009823884,-0.009448627
/home/datasets/train/zebra/n02391049_7258.jpg,2,0.005943657,0.0048581967,-0.005456503
/home/datasets/train/zebra/n02391049_9656.jpg,2,-0.007537565,-0.013245259,-0.013317189
/home/datasets/train/zebra/115.jpg,2,-0.014908608,0.0060178293,0.0011081053
/home/datasets/train/zebra/062.jpg,2,0.010277117,-0.0077313576,-0.0139371995
/home/datasets/train/zebra/n02391049_4896.jpg,2,-0.0029447493,-0.006603631,-0.01087705
/home/datasets/train/zebra/94cf6638fd.jpg,2,0.010150244,-0.00060739974,-0.0033504171
/home/datasets/train/zebra/144.jpg,2,-0.0007132364,-0.008371055,-0.015316923
/home/datasets/train/zebra/297.jpg,2,0.005968787,-0.0054958127,-0.008975714
/home/datasets/train/zebra/n02391049_226.jpg,2,0.014517268,0.0014381146,0.0031853267
/home/datasets/train/zebra/image_28.jpeg,2,0.0023411568,1.0914169e-05,-0.0035012984
/home/datasets/train/zebra/n02391049_23.jpg,2,0.005181633,-0.009886163,-0.0031327996
/home/datasets/train/zebra/268.jpg,2,0.0027323158,-0.0065009557,-0.007623976
/home/datasets/train/zebra/n02391049_1062.jpg,2,-0.006224332,-0.010358516,0.00421719
/home/datasets/train/zebra/n02391049_9629.jpg,2,-0.008204121,-0.012935888,-0.004934802
/home/datasets/train/zebra/n02391049_2311.jpg,2,0.0046969466,-0.0001978213,-0.00078853744
/home/datasets/train/zebra/015.jpg,2,-0.007643988,-0.006609545,-0.012233687
/home/datasets/train/zebra/n02391049_3443.jpg,2,0.006194584,0.0031351736,-0.007430413
/home/datasets/train/zebra/n02391049_2673.jpg,2,0.008284105,-0.010071654,-0.011219831
/home/datasets/train/zebra/n02391049_10454.jpg,2,0.0092442045,-0.004886452,-0.00091018213
/home/datasets/train/zebra/n02391049_165.jpg,2,-0.010046313,-0.0013020377,-0.012088028
/home/datasets/train/zebra/240.jpg,2,-0.007229529,-0.007929068,-0.008584506
/home/datasets/train/zebra/zebra (11).jpg,2,0.012723298,0.006426786,-0.0008094397
/home/datasets/train/zebra/n02391049_1026.jpg,2,-0.0101312455,0.009554125,0.007028318
/home/datasets/train/zebra/n02391049_3037.jpg,2,0.0010494823,-0.006312192,-0.014271256
/home/datasets/train/zebra/064.jpg,2,-0.0065811705,-0.003873151,-0.01331346
/home/datasets/train/zebra/n02391049_193.jpg,2,-0.002519887,-0.011214004,-0.001885224
/home/datasets/train/zebra/n02391049_8032.jpg,2,0.009978315,-0.008990963,-0.010349489
/home/datasets/train/zebra/n02391049_168.jpg,2,0.0032873093,0.002127063,-0.006802426
/home/datasets/train/zebra/n02391049_7563.jpg,2,-0.018860247,-0.0055385074,-0.0048047667
/home/datasets/train/zebra/197.jpg,2,-0.0065995976,-0.007892905,-0.0044085206
/home/datasets/train/zebra/n02391049_9987.jpg,2,0.00023993105,-0.008705543,-0.008974185
/home/datasets/train/zebra/n02391049_182.jpg,2,0.0025799493,-0.0065787374,0.0008930878
/home/datasets/train/zebra/n02391049_4824.jpg,2,0.0039660726,-0.0009436235,0.0004179608
/home/datasets/train/zebra/n02391049_3081.jpg,2,-0.00493092,-0.014681757,-0.00034957216
/home/datasets/train/zebra/117.jpg,2,-0.0133041795,-0.00010230765,-0.011479678
/home/datasets/train/zebra/n02391049_35.jpg,2,-0.008417197,-0.008472649,-0.0148696
/home/datasets/train/zebra/n02391049_2266.jpg,2,0.0055940584,0.0014349894,0.0020561009
/home/datasets/train/zebra/n02391049_6512.jpg,2,0.011235077,0.0017192112,-0.0018797616
/home/datasets/train/zebra/037.jpg,2,0.0049010897,-0.0054672845,-0.008029692
/home/datasets/train/zebra/n02391049_9427.jpg,2,-0.015803382,-0.007865077,-0.011575558
/home/datasets/train/zebra/n02391049_764.jpg,2,0.023692638,-0.0104837855,0.0021889452
/home/datasets/train/zebra/089.jpg,2,0.008518115,-0.006988213,-0.011332069
/home/datasets/train/zebra/310.jpg,2,0.014566813,-0.0019111901,-0.0010206185
/home/datasets/train/zebra/n02391049_6012.jpg,2,0.008669843,0.008613814,0.0030805902
/home/datasets/train/zebra/n02391049_3324.jpg,2,-0.0039046113,-0.0067502297,-0.017694637
/home/datasets/train/zebra/image_6.jpeg,2,-0.0009910148,-0.007273229,-0.013668787
/home/datasets/train/zebra/n02391049_6902.jpg,2,0.008392862,0.0028261875,0.0023355111
/home/datasets/train/zebra/n02391049_10497.jpg,2,-0.020646755,-7.921632e-05,-0.006184334
/home/datasets/train/zebra/n02391049_5695.jpg,2,-0.0041426844,0.0056669107,0.0006270311
/home/datasets/train/zebra/329.jpg,2,0.003649726,0.0027572294,-0.00050121685
/home/datasets/train/zebra/image_121.jpeg,2,-0.00409669,-0.00805363,-0.010898007
/home/datasets/train/zebra/n02391049_7062.jpg,2,0.01792715,0.0018659658,8.531404e-05
/home/datasets/train/zebra/n02391049_1256.jpg,2,0.0047159083,-0.003787919,-0.010435313
/home/datasets/train/zebra/n02391049_2014.jpg,2,-0.0012984129,-0.0036352463,-0.012638555
/home/datasets/train/zebra/06aa68fa0e.jpg,2,0.0009030672,-0.0063893814,-0.008652901
/home/datasets/train/zebra/n02391049_2609.jpg,2,0.0068232045,-0.00254383,-0.0061346777
/home/datasets/train/zebra/256.jpg,2,0.0057850704,-0.0035284304,-0.0027174437
/home/datasets/train/zebra/n02391049_10158.jpg,2,0.0012251176,-0.0048967805,-0.0058813137
/home/datasets/train/zebra/n02391049_2155.jpg,2,0.00028410077,0.0011335344,-0.0012242261
/home/datasets/train/zebra/032.jpg,2,0.026127547,-0.016635053,-0.017503984
/home/datasets/train/zebra/n02391049_879.jpg,2,-0.0024283098,0.008291556,0.0072254622
/home/datasets/train/zebra/276.jpg,2,0.0007062275,0.0001319237,5.412381e-06
/home/datasets/train/zebra/iimage_23 (20).jpeg,2,0.0012076432,-0.0032778932,0.0073655457
/home/datasets/train/zebra/n02391049_3128.jpg,2,0.013526051,-0.0047466103,-0.0083440645
/home/datasets/train/zebra/n02391049_873.jpg,2,0.015902832,0.002022649,-0.00034702243
/home/datasets/train/zebra/n02391049_2355.jpg,2,-0.0073646414,0.0004312796,-0.0026963335
/home/datasets/train/zebra/n02391049_506.jpg,2,-0.008082107,-0.00600377,-0.0064682215
/home/datasets/train/zebra/iimage_23 (12).jpeg,2,-0.011761231,-0.003182847,0.006324604
/home/datasets/train/zebra/335.jpg,2,-0.00013582222,-0.0031341987,-0.013844966
/home/datasets/train/zebra/image_183.jpeg,2,0.020992544,0.0041042175,0.009776263
/home/datasets/train/zebra/n02391049_9365.jpg,2,0.006192471,0.005829446,0.010545656
/home/datasets/train/zebra/n02391049_711.jpg,2,-0.021662418,-0.00060370145,-0.000712304
/home/datasets/train/zebra/n02391049_6631.jpg,2,0.025660034,0.0086671375,-0.0037679696
/home/datasets/train/zebra/image_56.jpeg,2,0.021009393,-0.0013170626,-0.006165002
/home/datasets/train/zebra/image_49.jpeg,2,-0.0036256132,-0.006018536,-0.011087981
/home/datasets/train/zebra/n02391049_7503.jpg,2,0.011981474,0.008829826,0.010821742
/home/datasets/train/zebra/n02391049_5595.jpg,2,-0.0026664487,0.0007526475,0.0023648627
/home/datasets/train/zebra/n02391049_5551.jpg,2,0.016577704,-0.006710532,-0.008945538
/home/datasets/train/zebra/n02391049_9747.jpg,2,0.028955176,-0.0054648397,-0.012778202
/home/datasets/train/zebra/n02391049_533.jpg,2,0.019620048,-0.0024982248,-0.00027682818
/home/datasets/train/zebra/n02391049_163.jpg,2,0.009769231,0.007700089,-0.0015338482
/home/datasets/train/zebra/n02391049_3397.jpg,2,0.011011276,-0.003880376,-0.005482847
/home/datasets/train/zebra/207.jpg,2,-0.0015162204,0.004834639,-0.012241986
/home/datasets/train/zebra/n02391049_1844.jpg,2,-0.018066466,-0.0017991151,-0.0010104367
/home/datasets/train/zebra/n02391049_2214.jpg,2,0.016345154,-0.017204352,-0.008453661
/home/datasets/train/zebra/n02391049_2949.jpg,2,0.02314502,-0.011095984,-0.0093838265
/home/datasets/train/zebra/n02391049_6452.jpg,2,0.01481926,-0.004554432,-0.007439649
/home/datasets/train/zebra/n02391049_463.jpg,2,0.008556415,7.623108e-05,-0.0019695908
/home/datasets/train/zebra/zebra (44).jpg,2,-0.0026130201,-0.0019102497,-0.003309318
/home/datasets/train/zebra/n02391049_279.jpg,2,-0.004066051,0.0029957907,0.0021620814
/home/datasets/train/zebra/n02391049_403.jpg,2,0.0013138347,-0.00080523524,-0.006935035
/home/datasets/train/zebra/n02391049_36.jpg,2,-0.0003590203,-0.0058552744,-0.00822055
/home/datasets/train/zebra/n02391049_1004.jpg,2,0.012385029,0.009837935,-0.0007644014
/home/datasets/train/zebra/image_30.jpeg,2,0.016249292,-0.0006348385,-0.00070182385
/home/datasets/train/zebra/n02391049_2366.jpg,2,0.0032432673,0.003742615,-0.0040126587
/home/datasets/train/zebra/n02391049_2701.jpg,2,-0.012893986,-0.007108934,-0.008141104
/home/datasets/train/zebra/n02391049_2446.jpg,2,0.008552159,-0.008868251,-0.011457412
/home/datasets/train/zebra/n02391049_2225.jpg,2,-0.0021034214,-0.006221841,-0.00807727
/home/datasets/train/zebra/217.jpg,2,-0.0008202462,-0.006045525,-0.013150996
/home/datasets/train/zebra/n02391049_1479.jpg,2,0.020527713,-0.0034120542,-0.011622295
/home/datasets/train/zebra/n02391049_10649.jpg,2,-0.015333592,-0.0044693807,-0.002654879
/home/datasets/train/zebra/n02391049_7927.jpg,2,0.010379484,-0.00071224757,-0.011658549
/home/datasets/train/zebra/n02391049_26.jpg,2,0.0020594539,0.004882334,0.0033472637
/home/datasets/train/zebra/n02391049_2702.jpg,2,-0.0009388658,0.0048422376,0.0010463186
/home/datasets/train/zebra/n02391049_4638.jpg,2,0.006189014,0.0036713216,-0.0003156683
/home/datasets/train/zebra/n02391049_1113.jpg,2,0.008429523,-0.011406837,-0.0045614312
/home/datasets/train/zebra/n02391049_3623.jpg,2,0.007445042,0.0037573332,-0.0026578405
/home/datasets/train/zebra/n02391049_118.jpg,2,0.0013295673,-0.010074683,-0.012854852
/home/datasets/train/zebra/004.jpg,2,-0.013900202,0.0036174906,0.002114914
/home/datasets/train/zebra/image_92.jpeg,2,0.020419575,-0.014705427,-0.014789185
/home/datasets/train/zebra/n02391049_635.jpg,2,0.00803506,-0.0032039315,0.001645497
/home/datasets/train/zebra/n02391049_5276.jpg,2,-0.009513866,0.0029943571,0.0019553595
/home/datasets/train/zebra/n02391049_541.jpg,2,0.0052531464,-0.009856314,-0.012716964
/home/datasets/train/zebra/238.jpg,2,-0.0078114467,0.0022781526,-0.0062623415
/home/datasets/train/zebra/iimage_23 (4).jpeg,2,0.013654192,-0.0059477836,-0.009480627
/home/datasets/train/zebra/n02391049_7648.jpg,2,0.013849202,-0.011546448,-0.0069696745
/home/datasets/train/zebra/n02391049_3264.jpg,2,-0.011318133,0.002592374,0.0058754766
/home/datasets/train/zebra/n02391049_824.jpg,2,0.0057914555,-0.004417294,-0.002044322
/home/datasets/train/zebra/255.jpg,2,0.009930678,-0.011185603,-0.011693092
/home/datasets/train/zebra/n02391049_5788.jpg,2,0.022851596,0.0145675,0.011633119
/home/datasets/train/zebra/n02391049_2681.jpg,2,-0.010229172,0.0017845614,0.005197219
/home/datasets/train/zebra/n02391049_5782.jpg,2,-0.003988104,0.0026276216,-0.0070620724
/home/datasets/train/zebra/n02391049_119.jpg,2,-0.007100748,-0.004267389,-0.0058154906
/home/datasets/train/zebra/024.jpg,2,-0.007854676,0.0010285114,0.0035466866
/home/datasets/train/zebra/n02391049_1129.jpg,2,0.025136594,0.0038376,-0.0067112
/home/datasets/train/zebra/n02391049_757.jpg,2,0.0047692056,-0.008795192,0.0008018387
/home/datasets/train/zebra/n02391049_4704.jpg,2,-0.011217908,-0.011611519,-0.018222813
/home/datasets/train/zebra/n02391049_2424.jpg,2,0.0054729925,-0.0013981869,0.0002949331
/home/datasets/train/zebra/n02391049_8982.jpg,2,0.0004962031,-0.0054805186,-0.008209886
/home/datasets/train/zebra/n02391049_5985.jpg,2,0.017877925,0.0073932675,0.0021243906
/home/datasets/train/zebra/n02391049_2439.jpg,2,-0.0021143665,-0.0007624682,-0.000947312
/home/datasets/train/zebra/n02391049_2997.jpg,2,0.0074963123,0.015843395,0.011957195
/home/datasets/train/zebra/image_39.jpeg,2,-0.026284672,-0.010005849,-0.0069209896
/home/datasets/train/zebra/n02391049_9626.jpg,2,-0.0022972245,-0.0017019531,-0.0065378128
/home/datasets/train/zebra/image_25.jpeg,2,0.0056238994,-0.008373048,0.00091235363
/home/datasets/train/zebra/n02391049_9964.jpg,2,0.00864694,0.0045242123,-0.006549582
/home/datasets/train/zebra/n02391049_2748.jpg,2,0.00927709,-0.012731615,-0.007944755
/home/datasets/train/zebra/048.jpg,2,-0.0067542363,-0.0077106804,-0.006354158
/home/datasets/train/zebra/321.jpg,2,-0.00498039,-0.0039952733,-0.015694162
/home/datasets/train/zebra/n02391049_3174.jpg,2,0.021476947,-0.009168865,-0.0045335335
/home/datasets/train/zebra/n02391049_3177.jpg,2,0.015915073,0.003579589,-0.0026914445
/home/datasets/train/zebra/n02391049_8425.jpg,2,0.003516998,-0.0008187108,-0.015275216
/home/datasets/train/zebra/n02391049_7409.jpg,2,-0.012908699,0.004284735,0.0007586243
/home/datasets/train/zebra/n02391049_7589.jpg,2,0.009418752,-0.00951653,0.004271012
/home/datasets/train/zebra/188.jpg,2,-0.0066110557,-0.007624071,-0.008643476
/home/datasets/train/zebra/230.jpg,2,0.0044274516,-0.0069256625,-0.007853603
/home/datasets/train/zebra/n02391049_4747.jpg,2,-0.0041042496,-1.4480203e-05,-0.0063711987
/home/datasets/train/zebra/n02391049_2757.jpg,2,-0.0069761844,-0.0018037276,-0.001101763
/home/datasets/train/zebra/image_16.jpeg,2,-0.0077817193,-0.011473477,-0.010212166
/home/datasets/train/zebra/263.jpg,2,0.02115849,-0.00918345,-0.006642995
/home/datasets/train/zebra/image_130.jpeg,2,-0.010577288,-0.0035691904,-0.008206001
/home/datasets/train/zebra/n02391049_993.jpg,2,0.022486756,0.012289089,0.004643774
/home/datasets/train/zebra/n02391049_4259.jpg,2,0.006212059,0.0049339584,-0.0010012455
/home/datasets/train/zebra/image_8.jpeg,2,-0.009561376,-9.7557495e-05,-0.004941814
/home/datasets/train/zebra/n02391049_11162.jpg,2,-4.0409155e-05,-0.009032303,-0.009757995
/home/datasets/train/zebra/n02391049_9487.jpg,2,-0.0017478608,0.004277536,0.007414789
/home/datasets/train/zebra/n02391049_3465.jpg,2,-0.004795722,-0.007181183,-0.013648499
/home/datasets/train/zebra/zebra (27).jpg,2,-0.006601068,-0.010862973,-0.010105634
/home/datasets/train/zebra/n02391049_1199.jpg,2,0.024969222,0.005016112,0.0037353537
/home/datasets/train/zebra/n02391049_3028.jpg,2,-0.024785064,-0.0073840753,-0.0044027963
/home/datasets/train/zebra/178.jpg,2,-0.0025864989,0.0013861614,0.00083586725
/home/datasets/train/zebra/image_17.jpeg,2,0.008223811,-0.0041543357,0.0017741828
/home/datasets/train/zebra/249.jpg,2,0.015699906,-0.010493822,-0.007729492
/home/datasets/train/zebra/n02391049_8102.jpg,2,-0.009668559,-0.002953018,-0.0042167637
/home/datasets/train/zebra/image_182.jpeg,2,-0.0077535906,-0.0076384107,-0.013407445
/home/datasets/train/zebra/n02391049_497.jpg,2,-0.009975735,0.0014518313,0.0025165752
/home/datasets/train/zebra/n02391049_4677.jpg,2,0.00036284514,-0.0010058802,-0.017584372
/home/datasets/train/zebra/n02391049_11041.jpg,2,0.0012951503,-0.0036461724,0.00885666
/home/datasets/train/zebra/n02391049_6957.jpg,2,-0.009229617,-0.007903678,-0.005247852
/home/datasets/train/zebra/n02391049_628.jpg,2,6.6657085e-05,-0.0021162892,-0.014138461
/home/datasets/train/zebra/image_57.jpeg,2,0.008914921,-0.002967927,-0.0010696378
/home/datasets/train/zebra/038.jpg,2,-0.0019509317,-0.009502832,-0.011504176
/home/datasets/train/zebra/n02391049_839.jpg,2,0.009583527,-0.004109926,-0.009572457
/home/datasets/train/zebra/image_111.jpeg,2,0.0026599464,-0.0015628901,-0.006968831
/home/datasets/train/zebra/image_2.jpeg,2,0.012954764,-0.008943697,-0.007822617
/home/datasets/train/zebra/057.jpg,2,-0.025819808,-0.0059234574,0.00056511804
/home/datasets/train/zebra/n02391049_1992.jpg,2,0.02405725,-0.002443242,-0.0053486004
/home/datasets/train/zebra/n02391049_4185.jpg,2,-0.017310323,-0.011751508,-0.0014887643
/home/datasets/train/zebra/n02391049_3917.jpg,2,0.0097429,-0.0043946686,-0.0024914108
/home/datasets/train/zebra/n02391049_9151.jpg,2,0.0008951728,-0.0076486967,-0.006437339
/home/datasets/train/zebra/n02391049_4903.jpg,2,0.008716462,0.0021390277,-0.004549232
/home/datasets/train/zebra/002.jpg,2,0.012568381,-0.000264375,0.0041640555
/home/datasets/train/zebra/007.jpg,2,0.0012775566,-0.012897936,-0.004720359
/home/datasets/train/zebra/n02391049_2698.jpg,2,0.0015006196,-0.008995153,-0.00979119
/home/datasets/train/zebra/260.jpg,2,-0.011655095,-0.004539156,-0.0045941304
/home/datasets/train/zebra/n02391049_9911.jpg,2,0.01224784,-0.00984061,-0.010604128
/home/datasets/train/zebra/n02391049_2895.jpg,2,0.0063681114,-0.017004412,-0.010705955
/home/datasets/train/zebra/n02391049_2163.jpg,2,0.009815821,-0.011200697,-0.006094398
/home/datasets/train/zebra/n02391049_6655.jpg,2,0.012609722,-0.007524816,-0.0043447777
/home/datasets/train/zebra/n02391049_7581.jpg,2,0.0004460971,-0.0031993487,-0.007879593
/home/datasets/train/zebra/n02391049_5165.jpg,2,-0.012978958,-0.011164087,-0.020149473
/home/datasets/train/zebra/n02391049_2146.jpg,2,0.010771316,-0.009077197,-0.009755747
/home/datasets/train/zebra/n02391049_6962.jpg,2,0.014483354,-0.008584556,-0.010528048
/home/datasets/train/zebra/image_91.jpeg,2,0.010426418,-0.0018226933,-0.006387235
/home/datasets/train/zebra/n02391049_2883.jpg,2,0.0054261666,0.01283488,0.0028259768
/home/datasets/train/zebra/n02391049_2228.jpg,2,0.028300906,0.008199296,0.0010498165
/home/datasets/train/zebra/n02391049_9317.jpg,2,0.005920886,0.0027438567,-0.0064435396
/home/datasets/train/zebra/273.jpg,2,-0.0011033439,-0.005486194,-0.0074585625
/home/datasets/train/zebra/n02391049_2786.jpg,2,0.007259585,-0.008557547,0.0032294383
/home/datasets/train/zebra/n02391049_704.jpg,2,-0.014544671,-0.004989439,-0.0051772664
/home/datasets/train/zebra/n02391049_3293.jpg,2,-0.0023550969,-0.019471217,-0.016472813
/home/datasets/train/zebra/374.jpg,2,0.012186404,-0.007590951,-0.009842085
/home/datasets/train/zebra/n02391049_2639.jpg,2,0.017361084,-0.0002026963,0.012235786
/home/datasets/train/zebra/n02391049_3294.jpg,2,-0.0044511883,-0.00037020957,-0.001094368
/home/datasets/train/zebra/n02391049_2507.jpg,2,-0.011956112,0.013383464,0.012352972
/home/datasets/train/zebra/n02391049_2967.jpg,2,0.00041773485,0.00023934571,0.0069990903
/home/datasets/train/zebra/2a285c7664.jpg,2,0.01085031,-0.0025529624,-0.009399971
/home/datasets/train/zebra/n02391049_1125.jpg,2,0.00816793,-0.0050599547,0.008189768
/home/datasets/train/zebra/image_153.jpeg,2,0.013049278,0.0031628278,-0.0015505741
/home/datasets/train/zebra/image_31.jpeg,2,-0.0060764607,-0.004842248,-0.00048695202
/home/datasets/train/zebra/092.jpg,2,-0.003166797,0.00038732705,-0.011655935
/home/datasets/train/zebra/252.jpg,2,-0.029603358,-0.0107846875,-0.009160722
/home/datasets/train/zebra/n02391049_2304.jpg,2,0.001228756,-0.003411032,0.0007173738
/home/datasets/train/zebra/n02391049_8158.jpg,2,0.004913518,0.00031985156,-0.007921524
/home/datasets/train/zebra/n02391049_2183.jpg,2,0.015371615,0.005966791,0.0022366038
/home/datasets/train/zebra/image_11.jpeg,2,0.0037796684,-0.0047243135,-0.0067963414
/home/datasets/train/zebra/zebra (46).jpg,2,0.0027230354,-0.015329199,-0.008510338
/home/datasets/train/zebra/n02391049_2003.jpg,2,0.0047308314,-0.008585164,-0.0048675416
/home/datasets/train/zebra/n02391049_10342.jpg,2,0.0061517516,-0.007281746,-0.0101024
/home/datasets/train/zebra/9c23e26c9d.jpg,2,0.013146218,0.007392545,0.0024859898
/home/datasets/train/zebra/n02391049_9822.jpg,2,-0.0022946056,-0.0060054166,-0.01017192
/home/datasets/train/zebra/n02391049_934.jpg,2,0.005515751,0.0041230284,-0.004425722
/home/datasets/train/zebra/n02391049_3785.jpg,2,-0.005508887,-0.0025833773,-0.006629945
/home/datasets/train/zebra/134.jpg,2,-0.0009630737,-0.005359525,-0.005070635
/home/datasets/train/zebra/785be6d4b5.jpg,2,0.007374895,-0.0012092448,0.008388816
/home/datasets/train/zebra/n02391049_1314.jpg,2,0.022709016,-0.0071544033,-0.011023771
/home/datasets/train/zebra/image_87.jpeg,2,0.0061289705,0.0012351474,0.0063277977
/home/datasets/train/zebra/n02391049_7566.jpg,2,0.032406807,-0.024841659,-0.0012257211
/home/datasets/train/zebra/n02391049_4034.jpg,2,0.004440843,-0.0052011707,-0.005620331
/home/datasets/train/zebra/image_47.jpeg,2,-0.0012537788,0.0035026744,0.00017202296
/home/datasets/train/zebra/n02391049_2466.jpg,2,-0.0032159223,-0.007160539,-0.005562728
/home/datasets/train/zebra/n02391049_3022.jpg,2,0.0073278053,-0.006938318,-0.0032640807
/home/datasets/train/zebra/n02391049_3219.jpg,2,-0.004749952,-0.0026463328,0.008293175
/home/datasets/train/zebra/n02391049_1551.jpg,2,-0.008433658,-0.0019654143,-0.0043068263
/home/datasets/train/zebra/n02391049_9625.jpg,2,0.007829442,-0.006928429,-0.0104789995
/home/datasets/train/zebra/n02391049_1434.jpg,2,0.002756551,0.014479737,0.007840654
/home/datasets/train/zebra/zebra (53).jpg,2,0.0042395247,-0.00047096435,-0.0021095928
/home/datasets/train/zebra/n02391049_10682.jpg,2,-0.024134746,-0.0053361896,-0.00035769015
/home/datasets/train/zebra/n02391049_10837.jpg,2,-0.0033810853,-8.651335e-05,0.00029815058
/home/datasets/train/zebra/010.jpg,2,-0.00056508277,-0.00050343433,0.0024343112
/home/datasets/train/zebra/n02391049_3251.jpg,2,0.002809424,0.004404838,0.004975809
/home/datasets/train/zebra/zebra (36).jpg,2,0.005976986,-0.0008994972,0.003497441
/home/datasets/train/zebra/n02391049_8447.jpg,2,0.0011867452,-0.002018095,-0.008179803
/home/datasets/train/zebra/image_163.jpeg,2,0.009832997,-0.004937023,-0.0026634757
/home/datasets/train/zebra/n02391049_2098.jpg,2,0.01737586,-0.0044994443,-0.004986006
/home/datasets/train/zebra/n02391049_9533.jpg,2,-0.01899257,-0.0046015717,-0.003899028
/home/datasets/train/zebra/n02391049_9977.jpg,2,-0.0014816851,-0.011701902,-0.012287769
/home/datasets/train/zebra/zebra (40).jpg,2,0.0122833885,-0.00087537244,-0.0030307954
/home/datasets/train/zebra/4f5b41a0f6.jpg,2,0.0025617974,-0.0122437645,-0.011699639
/home/datasets/train/zebra/232.jpg,2,0.011706921,-0.005006195,0.0014103829
/home/datasets/train/zebra/iimage_23 (26).jpeg,2,-0.0037979984,0.0005263211,-0.012072678
/home/datasets/train/zebra/n02391049_2741.jpg,2,0.0062543857,-0.007660691,-0.01671702
/home/datasets/train/zebra/n02391049_1516.jpg,2,-0.0144253615,-0.0112704495,-0.0025160653
/home/datasets/train/zebra/n02391049_2687.jpg,2,-0.01968801,-0.00062993215,-0.0012259595
/home/datasets/train/zebra/n02391049_2752.jpg,2,0.015031746,0.0025112801,0.0042326055
/home/datasets/train/zebra/346.jpg,2,-0.005218108,-0.0013277663,0.00030512654
/home/datasets/train/zebra/258.jpg,2,-0.002054552,-0.015478095,-0.013794858
/home/datasets/train/zebra/n02391049_1751.jpg,2,0.010338477,-0.009973324,-0.010307192
/home/datasets/train/zebra/n02391049_3091.jpg,2,0.0049707973,-0.0023127566,-0.0073832115
/home/datasets/train/zebra/n02391049_2982.jpg,2,0.0060011446,0.010690001,-0.0057002623
/home/datasets/train/zebra/489e17d69e.jpg,2,0.011785866,-0.002162167,-0.008113809
/home/datasets/train/zebra/n02391049_5527.jpg,2,0.0023993454,-0.008826416,-0.019213345
/home/datasets/train/zebra/n02391049_3073.jpg,2,0.008936383,-0.0017642512,-0.007897079
/home/datasets/train/zebra/image_62.jpeg,2,0.022511642,-0.01109775,-0.009121543
/home/datasets/train/zebra/n02391049_56.jpg,2,0.0037286761,-0.007298357,-0.017506357
/home/datasets/train/zebra/image_118.jpeg,2,-0.012180431,0.0025022584,-0.0088753365
/home/datasets/train/zebra/n02391049_6184.jpg,2,0.008446079,-0.008392989,-0.009507156
/home/datasets/train/zebra/n02391049_589.jpg,2,-0.0066383677,-0.004668832,-0.010424087
/home/datasets/train/zebra/n02391049_335.jpg,2,0.0051182252,0.000626595,0.0016856936
/home/datasets/train/zebra/088.jpg,2,-0.0056779683,-0.008544261,-0.013876619
/home/datasets/train/zebra/n02391049_796.jpg,2,0.011178754,-0.016258482,-0.013413674
/home/datasets/train/zebra/n02391049_721.jpg,2,-0.01041716,0.007005452,-0.0036504609
/home/datasets/train/zebra/n02391049_1884.jpg,2,-0.0043211905,-0.0020076155,-9.289244e-05
/home/datasets/train/zebra/348.jpg,2,-0.010640223,-0.0055236677,-0.010015918
/home/datasets/train/zebra/n02391049_2386.jpg,2,-0.008433658,-0.0019654143,-0.0043068263
/home/datasets/train/zebra/n02391049_1121.jpg,2,-0.0077118757,-0.008748861,-0.006037295
/home/datasets/train/zebra/n02391049_1378.jpg,2,0.0052714003,0.0022121673,-0.0016182119
/home/datasets/train/zebra/9e2a9415dc.jpg,2,0.008277226,-0.0036332319,-0.0025282563
/home/datasets/train/zebra/n02391049_2767.jpg,2,0.012717808,-0.0122444015,-0.0132964
/home/datasets/train/zebra/n02391049_603.jpg,2,-0.006719511,-0.0039169565,-0.0004918289
/home/datasets/train/zebra/n02391049_127.jpg,2,0.0013203654,0.0032760543,-0.0052226325
/home/datasets/train/zebra/021.jpg,2,-0.00467549,0.0102246385,-0.0010315413
/home/datasets/train/zebra/n02391049_835.jpg,2,0.013902166,-0.0082903905,-0.008915402
/home/datasets/train/zebra/n02391049_2337.jpg,2,0.0017835603,0.012800479,0.0034047456
/home/datasets/train/zebra/n02391049_379.jpg,2,0.011464138,-0.00962895,-0.012467657
/home/datasets/train/zebra/zebra (30).jpg,2,0.017143428,-0.00215487,-0.009938251
/home/datasets/train/zebra/n02391049_7678.jpg,2,-0.0012984129,-0.0036352463,-0.012638555
/home/datasets/train/zebra/n02391049_3072.jpg,2,-0.021512989,-0.009448967,-0.0030293034
/home/datasets/train/zebra/iimage_23 (2).jpeg,2,0.0073248697,-0.0063761463,-0.0038107177
/home/datasets/train/zebra/282.jpg,2,-0.013273973,-0.009362055,-0.0034019223
/home/datasets/train/zebra/303.jpg,2,0.005040281,0.005228101,-0.0021556057
/home/datasets/train/zebra/n02391049_18.jpg,2,0.0034063729,-0.0030092741,-0.004708642
/home/datasets/train/zebra/106.jpg,2,-0.006427316,-0.008015516,-0.0069534704
/home/datasets/train/zebra/n02391049_1188.jpg,2,-0.008302201,-0.0015306212,-0.0052098697
/home/datasets/train/zebra/n02391049_633.jpg,2,0.011822155,-0.0013392202,-0.0049803327
/home/datasets/train/zebra/image_148.jpeg,2,-0.012732083,-0.0120668635,0.0012955039
/home/datasets/train/zebra/n02391049_10063.jpg,2,0.009410251,-0.0017400185,-0.009164821
/home/datasets/train/zebra/n02391049_10239.jpg,2,-0.008990931,-0.001275487,-0.004839069
/home/datasets/train/zebra/image_175.jpeg,2,0.007145402,-0.0145034455,-0.018361896
/home/datasets/train/zebra/180.jpg,2,-0.0047152303,-0.015269009,-0.0087343715
/home/datasets/train/zebra/n02391049_5005.jpg,2,-0.0033176867,-0.0045815757,-0.0102739055
/home/datasets/train/zebra/n02391049_3291.jpg,2,0.010949702,2.619857e-05,-0.0034198503
/home/datasets/train/zebra/image_151.jpeg,2,-0.027886104,-0.005652185,-0.011370538
/home/datasets/train/zebra/355.jpg,2,-0.013443053,0.0017535952,0.003616197
/home/datasets/train/zebra/n02391049_3054.jpg,2,0.0025487803,-0.01309099,-0.010187201
/home/datasets/train/zebra/n02391049_2806.jpg,2,0.01981019,0.001140988,0.0042658057
/home/datasets/train/zebra/n02391049_9675.jpg,2,-0.0013916264,-0.006573663,-0.013213728
/home/datasets/train/zebra/n02391049_474.jpg,2,-0.010113515,0.004330137,-0.0025182362
/home/datasets/train/zebra/n02391049_999.jpg,2,-0.0046382076,-0.0010467067,0.0019161615
/home/datasets/train/zebra/2ca8813e35.jpg,2,0.0008291383,-0.000941989,-0.0013153977
/home/datasets/train/zebra/n02391049_155.jpg,2,-0.0028798115,-0.0039647818,-0.0099727465
/home/datasets/train/zebra/n02391049_1316.jpg,2,-0.017427396,-0.0035275833,-0.0073697167
/home/datasets/train/zebra/n02391049_10398.jpg,2,-0.0012349375,-0.0068019847,-0.0060660793
/home/datasets/train/zebra/n02391049_2221.jpg,2,-0.012195071,-0.0047475807,-0.0050783954
/home/datasets/train/zebra/n02391049_437.jpg,2,0.017840631,-0.0028666225,-0.00081905257
/home/datasets/train/zebra/n02391049_425.jpg,2,0.014432965,-0.0010693825,0.0022326626
/home/datasets/train/zebra/n02391049_9016.jpg,2,0.010908,-0.0030757422,-0.0018984611
/home/datasets/train/zebra/313.jpg,2,-0.013478401,-0.0070278477,-0.007946813
/home/datasets/train/zebra/343.jpg,2,0.005243511,-0.0021586493,-0.00735415
/home/datasets/train/zebra/n02391049_10825.jpg,2,0.0057519795,-0.0035439993,-0.0002138383
/home/datasets/train/zebra/image_122.jpeg,2,0.0072020674,-0.005967361,-0.0098018125
/home/datasets/train/zebra/image_66.jpeg,2,0.004293707,-0.012195405,1.6471022e-05
/home/datasets/train/zebra/n02391049_1419.jpg,2,0.016185723,-0.00648775,-0.0031375706
/home/datasets/train/zebra/4c66fba940.jpg,2,0.005517593,0.00020122144,-0.004561915
/home/datasets/train/zebra/014.jpg,2,-0.009570533,-0.0012260585,-0.0016656205
/home/datasets/train/zebra/n02391049_9804.jpg,2,0.014771367,-0.0026613222,-0.001970834
/home/datasets/train/zebra/n02391049_111.jpg,2,0.006535869,-0.011162109,-0.017055009
/home/datasets/train/zebra/n02391049_3805.jpg,2,-0.012660706,-0.0046013496,-0.006521906
/home/datasets/train/zebra/028.jpg,2,-0.018979145,-0.00086267025,-0.004684447
/home/datasets/train/zebra/n02391049_7584.jpg,2,0.00076225866,-0.003345375,-0.0023349486
/home/datasets/train/zebra/n02391049_8444.jpg,2,0.020440193,-0.00670127,-0.0018821922
/home/datasets/train/zebra/n02391049_108.jpg,2,0.018882558,-0.00078483374,0.0037001695
/home/datasets/train/zebra/n02391049_1124.jpg,2,-0.021192867,-0.012411106,-0.010151492
/home/datasets/train/zebra/267.jpg,2,0.003620101,-0.0037413037,-0.0073708566
/home/datasets/train/zebra/077.jpg,2,0.004570672,-0.007938921,-0.005896233
/home/datasets/train/zebra/n02391049_551.jpg,2,0.00532796,-0.0099038975,-0.009364869
/home/datasets/train/zebra/196.jpg,2,-0.0064548757,-0.008283649,-0.005627101
/home/datasets/train/zebra/n02391049_2616.jpg,2,-0.0027610604,-0.010696385,-0.015058486
/home/datasets/train/zebra/287.jpg,2,0.0033747233,0.0003782683,-0.010459304
/home/datasets/train/zebra/zebra (39).jpg,2,0.0122833885,-0.00087537244,-0.0030307954
/home/datasets/train/zebra/n02391049_9421.jpg,2,-0.02152389,0.004394809,-0.0017953261
/home/datasets/train/zebra/n02391049_602.jpg,2,0.0040903185,-0.023947764,-0.0150390575
/home/datasets/train/zebra/182.jpg,2,0.00022281206,-0.0033348873,-0.005699002
/home/datasets/train/zebra/image_32.jpeg,2,0.0035152158,0.0019304749,-0.005225497
/home/datasets/train/zebra/357.jpg,2,0.0061857034,-0.008007223,-0.0006982016
/home/datasets/train/zebra/016.jpg,2,0.009860156,-0.0073362496,-0.008904984
/home/datasets/train/zebra/iimage_23 (25).jpeg,2,0.01137592,-0.006313444,-0.00521117
/home/datasets/train/zebra/n02391049_2136.jpg,2,-0.022473589,-0.0026526554,-0.0043352805
/home/datasets/train/zebra/zebra (21).jpg,2,-0.009089204,-0.0130014215,-0.015262885
/home/datasets/train/zebra/025.jpg,2,-0.004848039,-0.0041727526,-0.00085903425
/home/datasets/train/zebra/n02391049_4027.jpg,2,0.0053290804,0.001879571,-0.0037857485
/home/datasets/train/zebra/60af7b19e1.jpg,2,-0.0016310071,-0.0022020342,-0.008703552
/home/datasets/train/zebra/n02391049_3149.jpg,2,-0.0031613437,-0.008052457,-0.005745279
/home/datasets/train/zebra/049.jpg,2,0.007983601,-0.002563933,0.0031906648
/home/datasets/train/zebra/n02391049_713.jpg,2,-0.0010839477,-0.01867098,-0.009391171
/home/datasets/train/zebra/n02391049_5711.jpg,2,0.011792813,6.628432e-05,-0.0028210215
/home/datasets/train/zebra/239.jpg,2,-0.0051804,-0.007157759,-0.0105587095
/home/datasets/train/zebra/n02391049_8488.jpg,2,0.015985565,-0.008604737,-0.002585934
/home/datasets/train/zebra/n02391049_927.jpg,2,0.0052893106,-0.010874306,-0.0051204525
/home/datasets/train/zebra/n02391049_725.jpg,2,0.012150455,0.011743529,0.023732003
/home/datasets/train/zebra/n02391049_789.jpg,2,0.0013870494,0.003401035,-0.009442432
/home/datasets/train/zebra/n02391049_3271.jpg,2,0.012484015,-0.0038084725,-0.00822537
/home/datasets/train/zebra/n02391049_3536.jpg,2,0.010886498,-0.011987111,-0.024684643
/home/datasets/train/zebra/n02391049_1267.jpg,2,0.010927446,0.0038935791,0.0012640653
/home/datasets/train/zebra/174.jpg,2,-0.0019562286,0.0020433373,0.007409609
/home/datasets/train/zebra/n02391049_8526.jpg,2,0.007388348,-0.00854474,-0.0068585663
/home/datasets/train/zebra/n02391049_5333.jpg,2,-0.0024389094,-0.006989451,-0.00881227
/home/datasets/train/zebra/018.jpg,2,-0.010663599,-0.0013706182,0.0080578495
/home/datasets/train/zebra/171.jpg,2,-0.008412062,-0.008064339,-0.008988998
/home/datasets/train/zebra/n02391049_5131.jpg,2,-0.0035923608,-0.003472284,-0.0019118087
/home/datasets/train/zebra/n02391049_3578.jpg,2,-0.0067584626,-0.0186672,-0.009365092
/home/datasets/train/zebra/n02391049_1097.jpg,2,-0.020265989,0.0069610076,-0.0014694819
/home/datasets/train/zebra/371.jpg,2,0.0047826534,-0.0017841245,-0.004439124
/home/datasets/train/zebra/n02391049_9719.jpg,2,0.009201435,-0.0053683184,0.0077682193
/home/datasets/train/zebra/image_7.jpeg,2,-0.0029559778,-0.0025877878,-0.008857982
/home/datasets/train/zebra/003.jpg,2,0.012343494,-0.007047078,-0.0056276177
/home/datasets/train/zebra/n02391049_5217.jpg,2,0.017049883,0.015017226,0.0019946336
/home/datasets/train/zebra/image_14.jpeg,2,0.026072325,-0.0049978597,-0.0075356164
/home/datasets/train/zebra/112.jpg,2,-0.0066547547,-0.010487926,-0.02064141
/home/datasets/train/zebra/image_71.jpeg,2,0.0029165037,-0.011106679,-0.008700321
/home/datasets/train/zebra/779ee4ab23.jpg,2,-0.0033901792,-0.004077926,-0.0023380746
/home/datasets/train/zebra/n02391049_141.jpg,2,-0.0110951215,0.0032124305,-0.006154778
/home/datasets/train/zebra/046.jpg,2,0.019979773,-0.0031686253,-0.010786835
/home/datasets/train/zebra/n02391049_841.jpg,2,0.013006163,-0.00062958326,0.0021173803
/home/datasets/train/zebra/031.jpg,2,-0.01108548,-0.0044858474,-0.0035034316
/home/datasets/train/zebra/n02391049_4525.jpg,2,0.002554185,-0.011608373,-0.01257081
/home/datasets/train/zebra/027.jpg,2,0.0032226075,-0.00112225,0.0013146708
/home/datasets/train/zebra/n02391049_4932.jpg,2,-0.0033831673,-0.00516947,-0.010959517
/home/datasets/train/zebra/n02391049_2743.jpg,2,0.0002889547,0.002545599,0.009951124
/home/datasets/train/zebra/08e88cb0eb.jpg,2,0.0021836017,0.0003973269,-0.0049741482
/home/datasets/train/zebra/185.jpg,2,0.0048719295,-0.005217052,-0.0042194757
/home/datasets/train/zebra/090.jpg,2,-0.003464751,-0.013829993,-0.009261925
/home/datasets/train/zebra/n02391049_9122.jpg,2,0.010900648,-0.0013364956,0.002626962
/home/datasets/train/zebra/n02391049_644.jpg,2,0.0005104336,-0.013429263,-0.019301742
/home/datasets/train/zebra/n02391049_6015.jpg,2,-0.004003426,0.0043660416,0.0054621277
/home/datasets/train/zebra/n02391049_2691.jpg,2,0.0049264664,-0.009950751,-0.0017935209
/home/datasets/train/zebra/n02391049_1451.jpg,2,-0.00293648,0.005534703,-0.0028741849
/home/datasets/train/zebra/image_95.jpeg,2,0.016376989,-0.0020516764,0.00581395
/home/datasets/train/zebra/n02391049_2814.jpg,2,-0.0017544297,0.0019440122,-0.0030882263
/home/datasets/train/zebra/6eebb7baff.jpg,2,-0.0020939978,-0.0037029258,-0.0044897273
/home/datasets/train/zebra/n02391049_1012.jpg,2,0.007365886,-0.0030059076,0.0003909372
/home/datasets/train/zebra/n02391049_4814.jpg,2,0.007906552,-0.014443418,-0.015830994
/home/datasets/train/zebra/iimage_23 (35).jpeg,2,-0.014155582,-0.008365834,-0.007168247
/home/datasets/train/zebra/247.jpg,2,0.0107450895,0.005305295,-0.009237967
/home/datasets/train/zebra/n02391049_5586.jpg,2,-0.0042574354,-0.005100515,-0.006058513
/home/datasets/train/zebra/n02391049_3582.jpg,2,0.008644043,0.006508715,0.0062897857
/home/datasets/train/zebra/n02391049_2361.jpg,2,-0.0013188396,0.013499805,-0.008682372
/home/datasets/train/zebra/n02391049_2091.jpg,2,-0.014649618,-0.0033954168,-0.0001151968
/home/datasets/train/zebra/n02391049_5853.jpg,2,0.0011919602,0.0027384318,-0.0038833027
/home/datasets/train/zebra/n02391049_8616.jpg,2,0.007823225,0.0027310923,0.0016741304
/home/datasets/train/zebra/n02391049_6471.jpg,2,-0.016042866,-0.012049984,-0.010965579
/home/datasets/train/zebra/zebra (38).JPG,2,0.015081727,-0.014784698,-0.008292841
/home/datasets/train/zebra/n02391049_499.jpg,2,-0.0077583846,-0.0060184747,0.0011872364
/home/datasets/train/zebra/n02391049_10123.jpg,2,-0.0006289305,0.003843438,-0.00027296203
/home/datasets/train/zebra/n02391049_1846.jpg,2,0.01225761,-0.0045978907,-0.006699154
/home/datasets/train/zebra/n02391049_1908.jpg,2,0.006690665,-0.013711433,-0.0075621083
/home/datasets/train/zebra/n02391049_4218.jpg,2,0.010727255,0.0042805546,0.0077119633
/home/datasets/train/zebra/n02391049_10339.jpg,2,-0.01368978,-0.006996872,-0.0071184137
/home/datasets/train/zebra/n02391049_6622.jpg,2,0.011861442,-0.0038072267,-0.007078531
/home/datasets/train/zebra/image_86.jpeg,2,0.014238408,0.012090318,0.016223097
/home/datasets/train/zebra/n02391049_2627.jpg,2,-0.006001259,0.0037566358,-0.007802326
/home/datasets/train/zebra/n02391049_1195.jpg,2,-0.0010011768,0.0049053,-0.0051938924
/home/datasets/train/zebra/image_142.jpeg,2,0.023418233,0.005890891,0.0149082225
/home/datasets/train/zebra/051.jpg,2,-0.0006312493,0.00021367334,-0.0026871993
/home/datasets/train/zebra/n02391049_465.jpg,2,0.0040109754,-0.005356014,-0.010525912
/home/datasets/train/zebra/n02391049_3878.jpg,2,0.014020741,0.003821453,0.012452297
/home/datasets/train/zebra/zebra (16).jpg,2,0.0047902414,-0.0016862652,-0.0010990608
/home/datasets/train/zebra/n02391049_3306.jpg,2,-0.0004386343,-0.00390157,-0.00841793
/home/datasets/train/zebra/324.jpg,2,-0.020411067,-0.002875578,-0.0009185644
/home/datasets/train/zebra/12b469bef7.jpg,2,0.020573998,0.00037274323,-0.0052357055
/home/datasets/train/zebra/246.jpg,2,0.011100145,-0.0054836967,-0.008360378
/home/datasets/train/zebra/319.jpg,2,0.01009215,-0.0125074955,-0.014360776
/home/datasets/train/zebra/373.jpg,2,-0.008301903,-0.0036032829,-0.0059086327
/home/datasets/train/zebra/zebra (25).jpg,2,-0.012036379,-0.008626344,-0.0040503046
/home/datasets/train/zebra/n02391049_3096.jpg,2,0.002139273,0.01199034,0.00937424
/home/datasets/train/zebra/n02391049_2162.jpg,2,-0.014913332,-0.0044589215,-0.005991873
/home/datasets/train/zebra/n02391049_295.jpg,2,0.0036647725,-0.0011241578,-0.0055671893
/home/datasets/train/zebra/iimage_23 (34).jpeg,2,0.004008935,-0.00015141116,-0.002846133
/home/datasets/train/zebra/n02391049_929.jpg,2,-0.0067119747,0.003981894,-0.006653875
/home/datasets/train/zebra/n02391049_10452.jpg,2,-0.008900663,-0.0048929583,-0.012329315
/home/datasets/train/zebra/n02391049_11153.jpg,2,0.007888688,-0.0097920885,-0.017238446
/home/datasets/train/zebra/n02391049_2782.jpg,2,0.012812661,-0.01792676,-0.019595167
/home/datasets/train/zebra/n02391049_5889.jpg,2,0.023140168,0.0027227772,0.0077139824
/home/datasets/train/zebra/n02391049_536.jpg,2,-0.001397877,0.0025533354,-0.002226099
/home/datasets/train/zebra/n02391049_152.jpg,2,-0.002036034,-0.0031110796,-0.0037992294
/home/datasets/train/zebra/image_184.jpeg,2,-0.010050432,0.00016314676,-0.002166045
/home/datasets/train/zebra/n02391049_2647.jpg,2,0.008364588,-0.0060121967,-0.013124041
/home/datasets/train/zebra/n02391049_10129.jpg,2,4.291674e-05,-0.0053036646,-0.00032466208
/home/datasets/train/zebra/7f3f1ddc56.jpg,2,0.0017092885,0.0040418077,0.0008048455
/home/datasets/train/zebra/image_12.jpeg,2,-0.0028808282,-0.010192914,-0.011339353
/home/datasets/train/zebra/iimage_23 (3).jpeg,2,0.007158082,-0.005569781,-0.0014505018
/home/datasets/train/zebra/n02391049_2996.jpg,2,0.0043397592,0.010441083,0.018660583
/home/datasets/train/zebra/n02391049_1087.jpg,2,-0.016350493,-0.0027555565,-0.008914921
/home/datasets/train/zebra/n02391049_2889.jpg,2,0.017760353,-0.004279854,-0.0063037504
/home/datasets/train/zebra/n02391049_3023.jpg,2,-0.000908867,-0.0033309928,-0.00796849
/home/datasets/train/zebra/n02391049_2817.jpg,2,0.0062137973,-0.017427124,-0.01423551
/home/datasets/train/zebra/363.jpg,2,0.0049858913,-0.010359682,-0.008892513
/home/datasets/train/zebra/n02391049_3328.jpg,2,0.00036075013,-0.0029235128,-0.00410079
/home/datasets/train/zebra/n02391049_3348.jpg,2,0.005747371,0.0004259476,0.0021107686
/home/datasets/train/zebra/337.jpg,2,-0.014516245,-0.0055881455,-0.0074094664
/home/datasets/train/zebra/n02391049_4028.jpg,2,-0.0022454187,-0.0063844365,-0.009439044
/home/datasets/train/zebra/n02391049_6918.jpg,2,-0.00014485908,-0.0050325016,-0.009738295
/home/datasets/train/zebra/n02391049_1818.jpg,2,0.014130527,0.0054898453,-0.003771983
/home/datasets/train/zebra/n02391049_7911.jpg,2,0.00066167396,-0.0022828802,-0.0015821981
/home/datasets/train/zebra/n02391049_8192.jpg,2,0.0047552004,-0.006495173,-0.010868829
/home/datasets/train/zebra/n02391049_2749.jpg,2,-0.0023308862,-0.0072387094,-0.007872922
/home/datasets/train/zebra/n02391049_2714.jpg,2,0.001593495,-0.013732031,-0.01058272
/home/datasets/train/zebra/14fa6cfe2b.jpg,2,-0.00468792,0.001208466,0.003476958
/home/datasets/train/zebra/image_0.jpeg,2,0.00910486,0.0003652097,-0.0022049411
/home/datasets/train/zebra/n02391049_7668.jpg,2,-0.004832535,-0.002912912,-0.006182243
/home/datasets/train/zebra/n02391049_202.jpg,2,-9.256718e-05,-0.008024111,-0.0047235815
/home/datasets/train/zebra/96e65ae7f7.jpg,2,0.0014565312,-0.00057127257,-0.0005195886
/home/datasets/train/zebra/n02391049_1894.jpg,2,0.0074081705,-0.004192699,-0.005926757
/home/datasets/train/zebra/369.jpg,2,-0.007064832,-0.0016527567,-0.0010326486
/home/datasets/train/zebra/733f88ba78.jpg,2,-0.005489337,-0.0006788727,0.0019356497
/home/datasets/train/zebra/n02391049_9416.jpg,2,0.027681688,0.007376356,-0.0017284568
/home/datasets/train/zebra/image_126.jpeg,2,-0.008969547,-0.004719315,-0.006927151
/home/datasets/train/zebra/265.jpg,2,0.013645977,-0.013478074,-0.014060498
/home/datasets/train/zebra/195.jpg,2,-0.015162583,-0.0014259112,-0.00033773598
/home/datasets/train/zebra/image_179.jpeg,2,0.0117618395,-0.002668331,-0.00362428
/home/datasets/train/zebra/iimage_23 (16).jpeg,2,0.020896226,0.00034276652,-0.0017463873
/home/datasets/train/zebra/165.jpg,2,0.002460288,0.0062630493,-0.010482238
/home/datasets/train/zebra/311.jpg,2,-0.007487365,-0.012390514,-0.0057499097
/home/datasets/train/zebra/image_55.jpeg,2,0.013017461,-0.0028126757,6.116554e-05
/home/datasets/train/zebra/n02391049_3428.jpg,2,-0.012011563,-0.0063875257,-0.0027389321
/home/datasets/train/zebra/068.jpg,2,-0.011208823,-0.008545041,-0.0063627474
/home/datasets/train/zebra/n02391049_9918.jpg,2,0.0012001053,0.002402279,-0.0076517942
/home/datasets/train/zebra/n02391049_362.jpg,2,0.0040865233,0.006814928,0.0022691633
/home/datasets/train/zebra/8bc28d0165.jpg,2,0.0041398276,-0.0002560229,-0.0045714825
/home/datasets/train/zebra/n02391049_2886.jpg,2,0.017502028,-0.0005868572,-0.0026824358
/home/datasets/train/zebra/131.jpg,2,-0.0061385958,-0.008988442,-0.002619037
/home/datasets/train/zebra/n02391049_1946.jpg,2,-0.005390389,-0.007853627,-0.013214851
/home/datasets/train/zebra/image_157.jpeg,2,-0.013861993,-0.01179765,-0.012416085
/home/datasets/train/zebra/n02391049_7.jpg,2,-0.014287559,-0.0059934114,-0.0077943373
/home/datasets/train/zebra/n02391049_4889.jpg,2,0.01821485,-0.00066633476,0.0042251386
/home/datasets/train/zebra/n02391049_2.jpg,2,-0.0044511883,-0.00037020957,-0.001094368
/home/datasets/train/zebra/n02391049_4165.jpg,2,0.0013345056,-0.008144425,-0.020334981
/home/datasets/train/zebra/n02391049_357.jpg,2,0.0043736035,-0.00080601394,-0.009362316
/home/datasets/train/zebra/n02391049_5661.jpg,2,-0.0057185814,0.002366064,-0.010402679
/home/datasets/train/zebra/n02391049_406.jpg,2,0.0031547383,-0.005333367,0.001713657
/home/datasets/train/zebra/n02391049_6053.jpg,2,-0.0016357988,0.0025889506,-0.0046180086
/home/datasets/train/zebra/n02391049_7812.jpg,2,0.007865638,-0.0014036957,-0.011310707
/home/datasets/train/zebra/n02391049_3235.jpg,2,-0.015250869,0.0006082685,-0.011539731
/home/datasets/train/zebra/n02391049_2418.jpg,2,0.00220294,7.155957e-05,-0.0083788615
/home/datasets/train/zebra/image_107.jpeg,2,0.0002907887,-0.0031065182,-0.009322453
/home/datasets/train/zebra/177.jpg,2,0.0019344818,-0.0015952825,-0.0014012208
/home/datasets/train/zebra/n02391049_1436.jpg,2,0.00071414234,-0.011569862,-0.014853578
/home/datasets/train/zebra/image_48.jpeg,2,0.0011504197,-0.0068444796,-0.008140571
/home/datasets/train/zebra/318.jpg,2,-0.0077338354,-0.0035238075,-0.0062684896
/home/datasets/train/zebra/n02391049_8659.jpg,2,0.009917676,0.0026973714,-0.0076607326
/home/datasets/train/zebra/n02391049_2322.jpg,2,0.021219134,0.0022501994,-0.004046874
/home/datasets/train/zebra/n02391049_659.jpg,2,0.010900355,-0.013538413,-0.0042082677
/home/datasets/train/zebra/043.jpg,2,0.0041945484,-0.010307135,-0.007056102
/home/datasets/train/zebra/29b3af6957.jpg,2,0.008151278,-0.0018217195,-0.009753862
/home/datasets/train/zebra/image_94.jpeg,2,0.012116154,-0.0037337972,0.005195626
/home/datasets/train/zebra/n02391049_10613.jpg,2,0.018942244,-0.015700258,-0.0047900807
/home/datasets/train/zebra/zebra (10).jpg,2,0.008962276,-0.0035790764,-0.0034346406
/home/datasets/train/zebra/zebra (5).jpg,2,0.0077946037,0.0012524268,-0.00036571454
/home/datasets/train/zebra/n02391049_11063.jpg,2,-0.0010364729,0.017692044,0.007994438
/home/datasets/train/zebra/n02391049_2048.jpg,2,0.0046195807,-0.016077045,-0.0036952584
/home/datasets/train/zebra/n02391049_161.jpg,2,-0.013374552,-0.007868119,-0.0047491863
/home/datasets/train/zebra/n02391049_63.jpg,2,0.014447441,-0.015178837,-0.009861802
/home/datasets/train/zebra/n02391049_1836.jpg,2,0.011114489,-0.011114985,-0.0029769298
/home/datasets/train/zebra/n02391049_1099.jpg,2,0.0063181757,0.0005739338,-0.009432813
/home/datasets/train/zebra/n02391049_2321.jpg,2,0.0068384083,0.0005503313,-0.008093044
/home/datasets/train/zebra/n02391049_1758.jpg,2,-0.0030135382,-0.00070537697,-0.00565368
/home/datasets/train/zebra/n02391049_1156.jpg,2,0.0009716371,-0.0010668004,-0.0054170676
/home/datasets/train/zebra/006.jpg,2,0.0032035229,-0.008973749,-0.009337347
/home/datasets/train/zebra/375.jpg,2,0.007065773,-0.0048655653,-0.00039657974
/home/datasets/train/zebra/zebra (52).jpg,2,0.012015501,0.0012891795,-0.009115752
/home/datasets/train/zebra/052.jpg,2,-0.008416092,-0.010612922,-0.009995615
/home/datasets/train/zebra/012.jpg,2,-0.0011049674,-0.017144106,-0.008137779
/home/datasets/train/zebra/n02391049_9556.jpg,2,0.016849939,-0.0061296946,0.00026275427
/home/datasets/train/zebra/278.jpg,2,0.00909044,-0.0029286833,-0.00505139
/home/datasets/train/zebra/n02391049_2223.jpg,2,-0.009360807,0.005041671,-0.0038839304
/home/datasets/train/zebra/n02391049_2504.jpg,2,-0.0089829415,-0.000117150834,-0.0012817003
/home/datasets/train/zebra/28d35d124d.jpg,2,0.004491704,-0.0013967135,-0.004283677
/home/datasets/train/zebra/n02391049_3518.jpg,2,0.0017845416,-0.004307944,-0.004912301
/home/datasets/train/zebra/n02391049_2684.jpg,2,0.0030527785,-0.007630066,-0.0024133571
/home/datasets/train/zebra/n02391049_9137.jpg,2,0.008047618,-0.004371357,-0.002250729
/home/datasets/train/zebra/n02391049_1721.jpg,2,0.0012110772,-0.007144852,-0.011920003
/home/datasets/train/zebra/n02391049_1073.jpg,2,0.018794894,-0.035283543,-0.0028503998
/home/datasets/train/zebra/n02391049_6465.jpg,2,0.0014028174,-0.014436092,-0.021767687
/home/datasets/train/zebra/n02391049_629.jpg,2,0.004368972,-0.0072174096,0.0006354989
/home/datasets/train/zebra/n02391049_9113.jpg,2,-0.011367351,-0.01667764,-0.0063062008
/home/datasets/train/zebra/270.jpg,2,-0.01065606,-0.0011949297,0.014794198
/home/datasets/train/zebra/n02391049_2541.jpg,2,-0.024235625,0.0010913649,0.014270537
/home/datasets/train/zebra/n02391049_2508.jpg,2,0.00071721,-0.009612028,-0.009111946
/home/datasets/train/zebra/image_131.jpeg,2,-0.01419544,-0.006625386,-0.007294246
/home/datasets/train/zebra/n02391049_2593.jpg,2,-0.007072271,0.00489504,0.0005717594
/home/datasets/train/zebra/n02391049_2633.jpg,2,0.0114995735,0.0037920885,-0.00913425
/home/datasets/train/zebra/n02391049_7949.jpg,2,0.0025511435,-0.007799226,-0.013081146
/home/datasets/train/zebra/n02391049_809.jpg,2,0.0066201556,-0.0003015108,-0.010610826
/home/datasets/train/zebra/n02391049_3261.jpg,2,-0.0039551114,-0.0005421387,0.0034193168
/home/datasets/train/zebra/n02391049_3199.jpg,2,0.0012301719,-0.002592706,-0.003798128
/home/datasets/train/zebra/094.jpg,2,-0.0046788505,-0.006394975,-0.01108025
/home/datasets/train/zebra/203.jpg,2,0.009690858,-0.0016964708,-0.0012777792
/home/datasets/train/zebra/zebra (42).jpg,2,0.017206741,-0.0021637653,-0.005831305
/home/datasets/train/zebra/image_81.jpeg,2,0.015348308,-0.006134097,0.005318625
/home/datasets/train/zebra/n02391049_19.jpg,2,-0.006370618,0.0016093245,0.0004299474
/home/datasets/train/zebra/n02391049_11.jpg,2,-0.010355149,-0.010144206,-0.012018238
/home/datasets/train/zebra/n02391049_10336.jpg,2,-0.018121969,-0.013467626,-0.0067208237
/home/datasets/train/zebra/image_84.jpeg,2,-0.0109333135,-0.008003797,-0.0080684405
/home/datasets/train/zebra/163.jpg,2,-0.0068586627,0.0014277925,0.00071025034
/home/datasets/train/zebra/n02391049_1042.jpg,2,0.0017537223,-0.008301383,-0.0050768536
/home/datasets/train/zebra/n02391049_8347.jpg,2,0.010223483,-0.0020870196,-0.00618612
/home/datasets/train/zebra/n02391049_8291.jpg,2,0.01447922,0.0039435066,-0.0029265676
/home/datasets/train/zebra/n02391049_2416.jpg,2,0.0061136615,-0.018388506,-0.0071636997
/home/datasets/train/zebra/n02391049_333.jpg,2,0.006992121,-0.006320889,-0.0026331618
/home/datasets/train/zebra/n02391049_3024.jpg,2,0.012893424,-0.008126823,-0.0022011627
/home/datasets/train/zebra/029.jpg,2,-0.0066736615,0.001095961,-0.0073582605
/home/datasets/train/zebra/n02391049_10427.jpg,2,0.012123711,-0.007689313,-0.008696655
/home/datasets/train/zebra/81b246ab40.jpg,2,0.019577201,0.006618404,0.00051484175
/home/datasets/train/zebra/image_177.jpeg,2,-0.0023730786,-0.012532138,-0.010685874
/home/datasets/train/zebra/n02391049_3872.jpg,2,0.0008572857,0.0004493082,-0.0016932678
/home/datasets/train/zebra/image_140.jpeg,2,0.020549482,-0.009690257,-0.0017282502
/home/datasets/train/zebra/n02391049_6919.jpg,2,0.019415963,0.0021177707,0.0026684278
/home/datasets/train/zebra/316.jpg,2,-0.0030721799,-0.0066589974,-0.002046146
/home/datasets/train/zebra/n02391049_966.jpg,2,0.0076430114,0.0062685823,-0.00011334126
/home/datasets/train/zebra/n02391049_734.jpg,2,-0.0064464184,-0.014880085,-0.008243004
/home/datasets/train/zebra/n02391049_2842.jpg,2,-0.03121995,0.005698377,-0.0014356831
/home/datasets/train/zebra/n02391049_1211.jpg,2,0.012511545,-0.0051784813,0.00040641916
/home/datasets/train/zebra/081.jpg,2,-0.018647596,-0.007498149,-0.0057199644
/home/datasets/train/zebra/n02391049_3937.jpg,2,0.005647107,0.00063638703,-0.004031754
/home/datasets/train/zebra/n02391049_3087.jpg,2,-0.00366429,-0.0021544208,-0.006572593
/home/datasets/train/zebra/n02391049_7364.jpg,2,-6.40254e-05,-0.01105819,-0.010861963
/home/datasets/train/zebra/n02391049_2165.jpg,2,0.021829344,-0.0026679898,0.0012546023
/home/datasets/train/zebra/147.jpg,2,-0.020891007,-0.004191786,-0.005424875
/home/datasets/train/zebra/n02391049_1725.jpg,2,0.0015867208,-0.010864996,-0.019303545
/home/datasets/train/zebra/image_23.jpeg,2,-0.008462073,-0.003866609,-0.012415176
/home/datasets/train/zebra/n02391049_22.jpg,2,-0.014729371,-0.0063258223,0.0022624782
/home/datasets/train/zebra/299.jpg,2,-0.0053000045,-0.0079762135,-0.0043362807
/home/datasets/train/zebra/n02391049_6856.jpg,2,-0.0041648513,-0.0075343857,-0.010854688
/home/datasets/train/zebra/n02391049_3276.jpg,2,0.0064344206,-0.0110301785,-0.0043362025
/home/datasets/train/zebra/n02391049_1679.jpg,2,-0.0045540826,-0.0017072209,0.0007503424
/home/datasets/train/zebra/045.jpg,2,0.012652498,-0.0002999173,-0.0049899323
/home/datasets/train/zebra/image_50.jpeg,2,-0.013596696,-0.0111356545,-0.014462311
/home/datasets/train/zebra/n02391049_395.jpg,2,0.0173798,-0.004962059,-0.0043695457
/home/datasets/train/zebra/n02391049_329.jpg,2,-0.005759958,-0.006230723,-0.0068513704
/home/datasets/train/zebra/n02391049_4413.jpg,2,0.011961112,-0.0016967985,-0.00050832494
/home/datasets/train/zebra/n02391049_286.jpg,2,-0.022949671,-0.00080433977,-0.0101204915
/home/datasets/train/zebra/017.jpg,2,-0.0019805809,-0.0029523063,-0.008871177
/home/datasets/train/zebra/n02391049_2789.jpg,2,-0.0035145995,-0.007517866,-0.0050693173
/home/datasets/train/zebra/zebra (32).jpg,2,0.003132137,-0.005112822,-0.013914365
/home/datasets/train/zebra/n02391049_1158.jpg,2,-0.0018938961,-0.014010625,-0.008632483
/home/datasets/train/zebra/n02391049_7188.jpg,2,0.015285697,-0.0114402305,-0.00014826003
/home/datasets/train/zebra/n02391049_1523.jpg,2,0.0070035825,-0.0012486081,-0.008664237
/home/datasets/train/zebra/n02391049_566.jpg,2,0.0011867452,-0.002018095,-0.008179803
/home/datasets/train/zebra/071.jpg,2,-0.007900157,-0.0084902095,-0.001021187
/home/datasets/train/zebra/n02391049_3509.jpg,2,0.001644074,-0.0047376193,-0.008643729
/home/datasets/train/zebra/n02391049_682.jpg,2,0.008844299,-0.00775664,-0.013552363
/home/datasets/train/zebra/n02391049_7521.jpg,2,0.006742093,-0.010081226,0.0054147537
/home/datasets/train/zebra/n02391049_8831.jpg,2,-0.0076605747,-0.010586263,-0.014660893
/home/datasets/train/zebra/n02391049_944.jpg,2,-0.00097212195,-0.0018814496,-0.00067718304
/home/datasets/train/zebra/095.jpg,2,0.02334616,-0.0051325215,-0.010762823
/home/datasets/train/zebra/n02391049_775.jpg,2,-0.00742686,0.0029157246,-0.009343455
/home/datasets/train/zebra/zebra (37).JPG,2,0.015081727,-0.014784698,-0.008292841
/home/datasets/train/zebra/n02391049_3319.jpg,2,-0.0030946867,-0.0050494485,-0.008188723
/home/datasets/train/zebra/202.jpg,2,0.00507066,-0.0037490125,-0.0064449096
/home/datasets/train/zebra/n02391049_2005.jpg,2,0.0032268157,-0.0075237076,-0.0067992983
/home/datasets/train/zebra/n02391049_6942.jpg,2,0.011145653,-0.0064190235,-0.006717571
/home/datasets/train/zebra/zebra (60).jpg,2,0.008845407,-0.0010308945,-0.005086655
/home/datasets/train/zebra/n02391049_154.jpg,2,-0.003068013,-0.010951387,-0.014320991
/home/datasets/train/zebra/image_74.jpeg,2,-0.011538282,-0.0068828315,-0.005244286
/home/datasets/train/zebra/n02391049_4176.jpg,2,-0.012728979,-0.0076131946,-0.0037066233
/home/datasets/train/zebra/n02391049_886.jpg,2,0.0027642124,0.0035532457,-0.004335028
/home/datasets/train/zebra/n02391049_2222.jpg,2,0.002999044,-0.009370971,-0.01534002
/home/datasets/train/zebra/138.jpg,2,0.0072175446,-0.0066272896,-0.0030528994
/home/datasets/train/zebra/n02391049_5618.jpg,2,-0.0075148093,-0.011030404,-0.008676304
/home/datasets/train/zebra/n02391049_7434.jpg,2,-0.0009323717,-0.0043145227,-0.0061980817
/home/datasets/train/zebra/n02391049_176.jpg,2,-0.0011587392,-0.0017090223,-0.002799538
/home/datasets/train/zebra/n02391049_4292.jpg,2,-0.0017815632,0.0023926229,0.002847797
/home/datasets/train/zebra/248.jpg,2,0.0016646377,0.012305571,0.0061561754
/home/datasets/train/zebra/n02391049_396.jpg,2,0.021520639,0.0023559753,0.016906306
/home/datasets/train/zebra/n02391049_9058.jpg,2,-0.020033091,-0.0046363957,-0.011527665
/home/datasets/train/zebra/image_180.jpeg,2,-0.008059185,-0.0020799888,-0.0075201127
/home/datasets/train/zebra/101.jpg,2,0.0043161423,-0.0037622151,0.00031394255
/home/datasets/train/zebra/n02391049_605.jpg,2,-0.014774004,-0.012432598,0.00540551
/home/datasets/train/zebra/050.jpg,2,0.0050850897,-0.015834402,-0.0171777
/home/datasets/train/zebra/image_83.jpeg,2,-0.00095444237,0.008059589,0.00074547436
/home/datasets/train/zebra/356.jpg,2,-0.019252762,-0.009084571,-0.008748237
/home/datasets/train/zebra/n02391049_1652.jpg,2,0.010026578,-0.0041199406,-0.0084225945
/home/datasets/train/zebra/n02391049_344.jpg,2,0.0136379,0.006892287,-0.0019071967
/home/datasets/train/zebra/image_112.jpeg,2,-0.009410065,-0.0109666595,-0.008283397
/home/datasets/train/zebra/image_171.jpeg,2,0.023347232,-0.0018449172,-0.0034176866
/home/datasets/train/zebra/n02391049_166.jpg,2,-0.0132569745,-0.0055075944,-0.00893305
/home/datasets/train/zebra/n02391049_3868.jpg,2,-0.008037844,-0.012148807,-0.0076082535
/home/datasets/train/zebra/063.jpg,2,-0.021295944,-0.014774904,-0.010635699
/home/datasets/train/zebra/image_109.jpeg,2,0.015820377,-0.012480601,-0.008191626
/home/datasets/train/zebra/n02391049_3098.jpg,2,-0.00093301013,0.0033870845,-0.0076968637
/home/datasets/train/zebra/n02391049_2813.jpg,2,0.0034646215,-0.012798586,-0.0063385847
/home/datasets/train/zebra/076.jpg,2,-0.019918012,0.001201992,-0.009392198
/home/datasets/train/zebra/n02391049_685.jpg,2,0.017655218,0.015061116,-0.0017402568
/home/datasets/train/zebra/n02391049_3242.jpg,2,-0.013619779,-0.007694092,-0.0015733726
/home/datasets/train/zebra/n02391049_2729.jpg,2,0.0007358636,-0.007307148,-0.0031667834
/home/datasets/train/zebra/n02391049_897.jpg,2,-0.00067740516,0.006322122,0.0007023602
/home/datasets/train/zebra/image_38.jpeg,2,0.014277833,-0.007094172,-0.010486525
/home/datasets/train/zebra/zebra (22).jpg,2,-0.009089204,-0.0130014215,-0.015262885
/home/datasets/train/zebra/n02391049_4106.jpg,2,0.015810382,-0.010680797,-0.0078404825
/home/datasets/train/zebra/n02391049_2644.jpg,2,-0.004724465,-0.010358066,-0.0067166938
/home/datasets/train/zebra/n02391049_1147.jpg,2,-0.0005514859,0.002073467,-0.0040199747
/home/datasets/train/zebra/074.jpg,2,-0.0016624345,-0.0044473307,-0.0059213405
/home/datasets/train/zebra/n02391049_1025.jpg,2,-0.016450798,-0.0005016825,-0.0049073743
/home/datasets/train/zebra/123.jpg,2,0.0002304418,-0.0056166467,-0.016237188
/home/datasets/train/zebra/n02391049_1731.jpg,2,0.015298607,-0.0014609538,-0.010703841
/home/datasets/train/zebra/zebra (45).jpg,2,0.0027230354,-0.015329199,-0.008510338
/home/datasets/train/zebra/108.jpg,2,-0.002784254,-0.0087473355,-0.009148063
/home/datasets/train/zebra/209.jpg,2,0.016303483,0.0070522036,0.0006305181
/home/datasets/train/zebra/n02391049_2924.jpg,2,0.008554809,-0.009037063,-0.0049169557
/home/datasets/train/zebra/n02391049_3229.jpg,2,0.011190318,0.006518811,0.0028365082
/home/datasets/train/zebra/n02391049_904.jpg,2,0.0197283,-0.007837931,-0.004741574
/home/datasets/train/zebra/n02391049_3191.jpg,2,0.010171177,-0.0031900455,-0.0051789396
/home/datasets/train/zebra/n02391049_10007.jpg,2,0.0045016515,-0.013076436,-0.0045804153
/home/datasets/train/zebra/n02391049_85.jpg,2,0.015902832,0.002022649,-0.00034702243
/home/datasets/train/zebra/n02391049_3402.jpg,2,0.019510519,0.0062703555,0.004947029
/home/datasets/train/zebra/143.jpg,2,-0.010348987,0.0005466072,0.00055943534
/home/datasets/train/zebra/n02391049_5679.jpg,2,-0.0004568639,-0.016706066,-0.011126006
/home/datasets/train/zebra/n02391049_4952.jpg,2,-0.001922755,-0.005560997,-0.006143901
/home/datasets/train/zebra/266.jpg,2,0.00011034892,-0.011810473,-0.005536868
/home/datasets/train/zebra/220.jpg,2,0.014271067,-0.0068281963,-0.016122768
/home/datasets/train/zebra/n02391049_643.jpg,2,0.0006392037,0.009957923,-0.00049327407
/home/datasets/train/zebra/n02391049_1028.jpg,2,-0.0057502417,-0.000266194,-0.004911541
/home/datasets/train/zebra/n02391049_5356.jpg,2,-0.008436691,-0.008621905,-0.0063733174
/home/datasets/train/zebra/n02391049_2876.jpg,2,-0.0005634986,-0.0034586969,-0.0077716056
/home/datasets/train/zebra/n02391049_983.jpg,2,0.009444503,-0.0008782516,0.0047356966
/home/datasets/train/zebra/n02391049_3901.jpg,2,0.0101455115,0.0003825219,-0.008594271
/home/datasets/train/zebra/n02391049_6081.jpg,2,0.007827645,0.009383513,0.0021428647
/home/datasets/train/zebra/n02391049_343.jpg,2,0.016348783,0.011412175,0.005678661
/home/datasets/train/zebra/n02391049_3239.jpg,2,0.024849232,0.0057546734,-0.0039127157
/home/datasets/train/zebra/n02391049_87.jpg,2,0.013631054,0.0060222223,-0.0077978177
/home/datasets/train/zebra/060.jpg,2,-0.0034823683,-0.010570379,-0.014004186
/home/datasets/train/zebra/n02391049_943.jpg,2,-0.0109061925,-0.0071575227,-0.0011402157
/home/datasets/train/zebra/069.jpg,2,0.009570136,-0.0059530335,-0.0038231001
/home/datasets/train/zebra/3c97493537.jpg,2,0.007912512,-0.005212503,-0.007886281
/home/datasets/train/zebra/n02391049_10591.jpg,2,0.0073434566,-0.007338366,-0.0086857295
/home/datasets/train/zebra/image_129.jpeg,2,0.016729131,-0.0018509137,-0.0005126111
/home/datasets/train/zebra/n02391049_9377.jpg,2,0.010072332,-0.010726984,-0.017699718
/home/datasets/train/zebra/n02391049_2381.jpg,2,0.010461896,-0.0007421281,-0.0076093865
/home/datasets/train/zebra/n02391049_2856.jpg,2,0.019987933,0.0019125026,-0.009275489
/home/datasets/train/zebra/354.jpg,2,-0.0061774207,-0.0041770735,-0.0116830245
/home/datasets/train/zebra/n02391049_2927.jpg,2,0.012572708,-0.0012093971,-0.007552581
/home/datasets/train/zebra/n02391049_9387.jpg,2,-0.01905847,-0.0010515836,-0.0036238695
/home/datasets/train/zebra/n02391049_6947.jpg,2,-0.006933869,-0.011541501,-0.006234207
/home/datasets/train/zebra/7d35713fda.jpg,2,0.009488664,-0.0038882308,-0.00214027
/home/datasets/train/zebra/n02391049_3249.jpg,2,0.0057894657,-0.0042388993,-0.0061964467
/home/datasets/train/zebra/129.jpg,2,0.0131452475,-0.0042910036,-0.003845595
/home/datasets/train/zebra/n02391049_7416.jpg,2,0.018561862,0.002248909,0.006104862
/home/datasets/train/zebra/n02391049_4839.jpg,2,0.0024250336,-0.0044975174,0.006165014
/home/datasets/train/zebra/n02391049_10356.jpg,2,-0.015625224,-0.0027604585,-0.004768532
/home/datasets/train/zebra/221.jpg,2,0.013505254,-0.002450771,-0.008658519
/home/datasets/train/zebra/n02391049_9555.jpg,2,0.00035717804,0.0017610992,-0.0028776336
/home/datasets/train/zebra/n02391049_2295.jpg,2,0.008999968,0.010919272,-0.0036734466
/home/datasets/train/zebra/iimage_23 (33).jpeg,2,0.012643162,0.00072115683,-0.0011483757
/home/datasets/train/zebra/n02391049_2567.jpg,2,-0.0018650715,0.0033026775,3.0330848e-05
/home/datasets/train/zebra/150.jpg,2,0.0015293087,0.0052617528,0.0034173243
/home/datasets/train/zebra/325.jpg,2,-0.021745196,-0.0063375463,-0.0072992244
/home/datasets/train/zebra/image_147.jpeg,2,-0.0052841287,-0.00093415496,-0.001088857
/home/datasets/train/zebra/n02391049_7074.jpg,2,0.009294391,-0.011044191,-0.012320941
/home/datasets/train/zebra/n02391049_9303.jpg,2,-0.029395286,-0.013670923,-0.007058304
/home/datasets/train/zebra/n02391049_6202.jpg,2,0.0053587845,-0.0030723363,-4.0952174e-05
/home/datasets/train/zebra/n02391049_7306.jpg,2,0.021997679,0.0013796426,-0.002867119
/home/datasets/train/zebra/0f6629e915.jpg,2,0.010740623,0.00040337932,0.0010533633
/home/datasets/train/zebra/n02391049_3154.jpg,2,0.0028685865,-0.003830574,-0.013281992
/home/datasets/train/zebra/n02391049_3114.jpg,2,-0.012933924,0.00064785406,3.3082208e-05
/home/datasets/train/zebra/n02391049_8568.jpg,2,0.008913387,-0.012789737,-0.014140793
/home/datasets/train/zebra/21e2c20f1e.jpg,2,0.02403545,0.0034786372,0.005515584
/home/datasets/train/zebra/n02391049_3267.jpg,2,0.0074081705,-0.004192699,-0.005926757
/home/datasets/train/zebra/n02391049_7886.jpg,2,0.002200465,-0.016132567,-0.009834463
/home/datasets/train/zebra/10e8a5d5fd.jpg,2,0.0077364906,0.0021321762,-0.005461162
/home/datasets/train/zebra/n02391049_419.jpg,2,-0.013424864,-0.0010990563,-0.0045801373
/home/datasets/train/zebra/n02391049_5115.jpg,2,-0.0047744066,-0.010364134,-0.0052624885
/home/datasets/train/zebra/n02391049_9524.jpg,2,-0.0035731064,-0.00928366,-0.0075383014
/home/datasets/train/zebra/n02391049_2265.jpg,2,0.013321441,0.00021741138,-0.002731651
/home/datasets/train/zebra/n02391049_956.jpg,2,0.029307965,0.010001662,-5.25043e-05
/home/datasets/train/zebra/n02391049_468.jpg,2,0.0018891678,-0.0028456259,-0.0058154752
/home/datasets/train/zebra/n02391049_2251.jpg,2,-0.000326799,-0.007900072,-0.0064321435
/home/datasets/train/zebra/n02391049_10749.jpg,2,0.023665652,0.00095140917,-0.0023726074
/home/datasets/train/zebra/n02391049_2631.jpg,2,0.0049878675,-0.013081143,-0.011399471
/home/datasets/train/zebra/236.jpg,2,-0.0031304436,-0.0038511143,-0.009868806
/home/datasets/train/zebra/image_1.jpeg,2,0.013511029,-0.0065848064,-0.005497653
/home/datasets/train/zebra/176.jpg,2,-0.013070601,-0.0007125081,-0.0061399345
/home/datasets/train/zebra/n02391049_2184.jpg,2,-0.015151894,-0.00026310538,0.001420302
/home/datasets/train/zebra/n02391049_6159.jpg,2,0.0014408578,-0.00814869,-0.0056845285
/home/datasets/train/zebra/n02391049_1309.jpg,2,-0.011816114,-0.0036284616,-0.007868275
/home/datasets/train/zebra/iimage_23 (19).jpeg,2,0.013427289,0.0047624027,0.002358303
/home/datasets/train/zebra/n02391049_2674.jpg,2,-0.0002462454,-0.0027310695,0.0016595069
/home/datasets/train/zebra/n02391049_10122.jpg,2,-0.0028839172,-0.0005707636,-0.0104310345
/home/datasets/train/zebra/n02391049_3631.jpg,2,0.006002903,-0.008925737,-0.0052318643
/home/datasets/train/zebra/352.jpg,2,0.007603294,-0.012078156,-0.0012005308
/home/datasets/train/zebra/n02391049_3209.jpg,2,0.010495292,-0.000108464854,0.0036014458
/home/datasets/train/zebra/n02391049_316.jpg,2,-0.00016392121,-0.0048621423,-0.0049136262
/home/datasets/train/zebra/n02391049_2289.jpg,2,-0.0064445212,-0.010315172,-0.0005999999
/home/datasets/train/zebra/n02391049_2469.jpg,2,0.029860126,-3.379461e-05,-0.0026703794
/home/datasets/train/zebra/n02391049_6951.jpg,2,0.015531927,-0.0054841684,-0.0093746595
/home/datasets/train/zebra/n02391049_11195.jpg,2,0.010274413,0.008131228,-0.0015245827
/home/datasets/train/zebra/140.jpg,2,0.011320016,0.003671896,-0.0090151485
/home/datasets/train/zebra/image_105.jpeg,2,-0.015906211,-0.005716305,-0.006897134
/home/datasets/train/zebra/n02391049_2959.jpg,2,0.00447026,-0.019541439,-0.018145159
/home/datasets/train/zebra/image_178.jpeg,2,-0.009462047,-0.017321337,-0.001631141
/home/datasets/train/zebra/372.jpg,2,0.009191157,-0.0065590087,-0.0035166931
/home/datasets/train/zebra/n02391049_2518.jpg,2,0.013206394,-0.0048029097,-0.0059465915
/home/datasets/train/zebra/image_19.jpeg,2,0.010109553,-0.011434551,-0.009549506
/home/datasets/train/zebra/n02391049_9273.jpg,2,-0.0068236627,-0.013594978,-0.0017849314
/home/datasets/train/zebra/n02391049_2899.jpg,2,0.004456617,-0.000973125,0.00035537267
/home/datasets/train/zebra/n02391049_3257.jpg,2,0.009505112,-0.00037804176,-0.009286423
/home/datasets/train/zebra/iimage_23 (31).jpeg,2,0.016108293,-0.001879687,-0.009008162
/home/datasets/train/zebra/n02391049_3779.jpg,2,-0.02427749,-0.00069205416,0.00087967794
/home/datasets/train/zebra/013.jpg,2,0.0076699057,-0.0050237477,-0.0056902943
/home/datasets/train/zebra/n02391049_3034.jpg,2,-0.019563347,-0.0012063349,-0.004775127
/home/datasets/train/zebra/n02391049_915.jpg,2,-0.018883068,-0.0011483731,-0.006930807
/home/datasets/train/zebra/n02391049_6804.jpg,2,0.008817963,-0.010051043,-0.009068838
/home/datasets/train/zebra/n02391049_10131.jpg,2,-0.0037683046,-0.0014379523,0.0030090294
/home/datasets/train/zebra/n02391049_2693.jpg,2,0.02099359,-0.00349819,-0.006532917
/home/datasets/train/zebra/image_174.jpeg,2,0.008952163,-0.016557734,-0.018914258
/home/datasets/train/zebra/n02391049_10948.jpg,2,-0.008813798,-0.00716438,-0.011597987
/home/datasets/train/zebra/n02391049_2671.jpg,2,0.0032241212,-0.003182206,-0.0055136615
/home/datasets/train/zebra/n02391049_3248.jpg,2,-0.010605711,-0.010979088,-0.0051185936
/home/datasets/train/zebra/n02391049_10322.jpg,2,0.003981363,-0.008881051,-0.008363124
/home/datasets/train/zebra/n02391049_1172.jpg,2,0.0039162524,0.006607662,-0.004323331
/home/datasets/train/zebra/n02391049_8182.jpg,2,-0.0026036568,-0.0065435315,-0.004977522
/home/datasets/train/zebra/n02391049_121.jpg,2,-0.019292656,-0.002979103,-0.011776308
/home/datasets/train/zebra/n02391049_5371.jpg,2,0.008467045,0.0017092254,0.0035497565
/home/datasets/train/zebra/n02391049_1056.jpg,2,0.02399265,0.0023529162,0.0026439494
/home/datasets/train/zebra/n02391049_3958.jpg,2,-0.014441812,0.0023934268,0.0015882866
/home/datasets/train/zebra/n02391049_354.jpg,2,-0.018238854,-0.0036496846,-0.009079372
/home/datasets/train/zebra/n02391049_421.jpg,2,-0.0038081084,0.004307067,-0.0051276768
/home/datasets/train/zebra/n02391049_10636.jpg,2,0.0011576883,0.0012820734,-0.00335163
/home/datasets/train/zebra/n02391049_2888.jpg,2,0.016108725,-0.008700042,-0.016660186
/home/datasets/train/zebra/n02391049_2281.jpg,2,-0.008152542,-0.0009890232,-0.0013578944
/home/datasets/train/zebra/n02391049_2606.jpg,2,0.010337531,0.00987686,-0.0010804208
/home/datasets/train/zebra/132.jpg,2,-0.0066063562,-0.0045671705,-0.0038732071
/home/datasets/train/zebra/n02391049_5947.jpg,2,0.001295882,-0.016498402,-0.007680868
/home/datasets/train/zebra/n02391049_12.jpg,2,0.008896459,-0.004285504,-0.002008884
/home/datasets/train/zebra/128.jpg,2,-0.012822512,-0.0044916403,-0.0024134116
/home/datasets/train/zebra/n02391049_745.jpg,2,0.011653602,-0.01488664,-0.014690364
/home/datasets/train/zebra/234.jpg,2,0.0028354966,-0.0022256768,-0.00432349
/home/datasets/train/zebra/n02391049_2838.jpg,2,0.0047539817,0.001248755,0.0026518488
/home/datasets/train/zebra/n02391049_2182.jpg,2,0.005972439,0.005842489,-0.00795935
/home/datasets/train/zebra/n02391049_2485.jpg,2,-0.007942241,-0.00065969955,-0.0022834835
/home/datasets/train/zebra/n02391049_9922.jpg,2,-0.010364516,-0.007694894,-0.009188069
/home/datasets/train/zebra/n02391049_2481.jpg,2,0.013759535,0.011069712,0.013615355
/home/datasets/train/zebra/n02391049_6293.jpg,2,0.017922526,0.0029363835,-0.005616081
/home/datasets/train/zebra/208.jpg,2,0.00742532,-0.006967151,-0.011155323
/home/datasets/train/zebra/n02391049_4058.jpg,2,-0.01645731,-0.0011158572,-0.0024339254
/home/datasets/train/zebra/n02391049_964.jpg,2,-0.0001320265,0.0059762285,0.005775461
/home/datasets/train/zebra/n02391049_107.jpg,2,-0.015143263,-0.0033316244,-0.0013484795
/home/datasets/train/zebra/n02391049_5366.jpg,2,-0.0028679883,-0.00018184888,0.0076266495
/home/datasets/train/zebra/n02391049_8059.jpg,2,-0.006859591,0.0029095751,0.002856371
/home/datasets/train/zebra/n02391049_2628.jpg,2,0.008970629,-0.0031744116,-0.002930198
/home/datasets/train/zebra/image_27.jpeg,2,-0.002375125,-0.008744976,-0.010231604
/home/datasets/train/zebra/n02391049_949.jpg,2,0.01383647,0.017605338,0.0045865746
/home/datasets/train/zebra/n02391049_2637.jpg,2,0.0077500595,-0.010680094,-0.0092404345
/home/datasets/train/zebra/image_164.jpeg,2,-0.021419398,-0.013705926,-0.008620635
/home/datasets/train/zebra/n02391049_285.jpg,2,0.0028787153,-0.0013241719,-0.0039913347
/home/datasets/train/zebra/n02391049_4729.jpg,2,-0.0050517684,-0.004280744,-0.0050442284
/home/datasets/train/zebra/370.jpg,2,-0.0059502833,-0.00847725,-0.005162611
/home/datasets/train/zebra/n02391049_733.jpg,2,-0.007880268,-0.002058296,0.0033661262
/home/datasets/train/zebra/066.jpg,2,-0.012689122,-0.0035867519,0.0012672038
/home/datasets/train/zebra/361.jpg,2,0.0054561645,-0.0012179518,-0.0075238463
/home/datasets/train/zebra/087.jpg,2,0.009274839,-0.008641267,-0.008842778
/home/datasets/train/zebra/n02391049_676.jpg,2,-0.0038861507,-0.0071623824,-0.00083029084
/home/datasets/train/zebra/image_119.jpeg,2,-0.005252103,-0.0083283605,-0.00035958993
/home/datasets/train/zebra/200.jpg,2,6.898859e-05,0.0046282345,0.0011888794
/home/datasets/train/zebra/315.jpg,2,0.014842579,-0.006198709,-0.010859413
/home/datasets/train/zebra/n02391049_614.jpg,2,0.0076026376,-0.007247616,-0.015711341
/home/datasets/train/zebra/156.jpg,2,0.023687558,0.0059667598,-0.0010493146
/home/datasets/train/zebra/n02391049_6378.jpg,2,-0.003977572,0.01124542,0.006161176
/home/datasets/train/zebra/n02391049_5509.jpg,2,0.0042188778,-0.0019856633,-0.00995609
/home/datasets/train/zebra/n02391049_2457.jpg,2,0.009930862,-0.007117739,-0.0036538243
/home/datasets/train/zebra/n02391049_10159.jpg,2,0.018365333,0.00030806847,-0.001554238
/home/datasets/train/zebra/n02391049_3905.jpg,2,0.0041872323,0.008306641,-0.004257125
/home/datasets/train/zebra/141.jpg,2,0.003187039,-0.0065756906,-0.0070837922
/home/datasets/train/zebra/n02391049_2049.jpg,2,-0.0034606527,-0.013618975,-0.014810155
/home/datasets/train/zebra/n02391049_2534.jpg,2,0.014665078,-0.0012700721,-0.017300386
/home/datasets/train/zebra/image_172.jpeg,2,0.0017317801,0.0033020955,-0.0016743607
/home/datasets/train/zebra/362.jpg,2,-0.005262752,-0.0072332425,-0.012342183
/home/datasets/train/zebra/image_128.jpeg,2,0.022209022,-0.011243239,-0.016437616
/home/datasets/train/zebra/274.jpg,2,0.009521214,-0.0057842117,-0.0006838802
/home/datasets/train/zebra/n02391049_10754.jpg,2,-0.004118069,-0.009978171,-0.005728292
/home/datasets/train/zebra/n02391049_248.jpg,2,-0.004363798,-0.0152175985,-0.008784022
/home/datasets/train/zebra/n02391049_7115.jpg,2,0.0044708047,-0.009682262,-0.00815592
/home/datasets/train/zebra/n02391049_5501.jpg,2,-0.01737247,-0.004943507,-0.0053524477
/home/datasets/train/zebra/146.jpg,2,0.0127812885,-0.01066107,-0.015505537
/home/datasets/train/zebra/n02391049_249.jpg,2,0.012217855,-0.0035654362,-0.005957017
/home/datasets/train/zebra/n02391049_6922.jpg,2,0.014902206,-0.009918413,-0.0062558223
/home/datasets/train/zebra/zebra (28).jpg,2,-0.006601068,-0.010862973,-0.010105634
/home/datasets/train/zebra/zebra (54).jpg,2,0.0042395247,-0.00047096435,-0.0021095928
/home/datasets/train/zebra/n02391049_2941.jpg,2,-0.039143458,-0.0075252806,-0.001885375
/home/datasets/train/zebra/n02391049_384.jpg,2,-0.00023710227,0.006878917,-0.00420256
/home/datasets/train/zebra/262.jpg,2,0.004239799,0.00033858698,-0.0038483697
/home/datasets/train/zebra/0642b33245.jpg,2,0.005746186,-0.0061728274,-0.011900823
/home/datasets/train/zebra/336.jpg,2,-0.005405793,0.0006057124,-0.007477044
/home/datasets/train/zebra/n02391049_9777.jpg,2,0.004557309,-0.0041445526,0.002782528
/home/datasets/train/zebra/353.jpg,2,-0.015291847,-0.012282466,0.0012841083
/home/datasets/train/zebra/n02391049_6122.jpg,2,-0.016016074,-0.005303356,-0.010543932
/home/datasets/train/zebra/n02391049_7261.jpg,2,-0.024702966,-5.6107296e-05,0.0007953218
/home/datasets/train/zebra/n02391049_261.jpg,2,0.012291703,0.001684993,-0.009223226
/home/datasets/train/zebra/zebra (23).jpg,2,0.017539844,0.0019210603,-0.008759093
/home/datasets/train/zebra/n02391049_2696.jpg,2,0.005772084,-0.0050207665,-0.008141112
/home/datasets/train/zebra/n02391049_2242.jpg,2,0.018405922,0.012831546,0.00845773
/home/datasets/train/zebra/n02391049_2645.jpg,2,-0.008441152,-0.008169999,-0.0071905926
/home/datasets/train/zebra/2cc1ae5608.jpg,2,0.0093682315,-0.004759783,-0.007920832
/home/datasets/train/zebra/n02391049_3265.jpg,2,-0.023045026,-0.007567768,-0.0057474226
/home/datasets/train/zebra/n02391049_3085.jpg,2,0.010838438,0.0003351895,-0.006191583
/home/datasets/train/zebra/n02391049_2732.jpg,2,0.008381634,-0.008474775,-0.015117105
/home/datasets/train/zebra/047.jpg,2,-0.007988633,-0.008053394,-0.0077522807
/home/datasets/train/zebra/n02391049_2383.jpg,2,-0.030951286,-0.0009207779,-0.0005732955
/home/datasets/train/zebra/201.jpg,2,0.011189573,-0.0030079107,-0.0030153354
/home/datasets/train/zebra/n02391049_9055.jpg,2,0.007852832,0.0066951616,-0.00089358084
/home/datasets/train/zebra/n02391049_1064.jpg,2,0.011254574,0.0069009555,-0.001036902
/home/datasets/train/zebra/n02391049_377.jpg,2,0.0307507,-0.0032296972,0.006049816
/home/datasets/train/zebra/133.jpg,2,-0.003210262,-0.00041925,-0.0037386878
/home/datasets/train/zebra/n02391049_10681.jpg,2,-0.002179556,0.0022032617,-0.004431889
/home/datasets/train/zebra/n02391049_976.jpg,2,0.0072201183,-0.0088997185,-0.008577179
/home/datasets/train/zebra/n02391049_1973.jpg,2,0.009385383,-0.008164449,-0.015958969
/home/datasets/train/zebra/328.jpg,2,0.004181529,-0.00094485364,-0.0065911766
/home/datasets/train/zebra/n02391049_8021.jpg,2,-0.004706209,5.8760284e-05,-0.0045978203
/home/datasets/train/zebra/224.jpg,2,-0.0041210493,-0.0022267646,-0.01079076
/home/datasets/train/zebra/n02391049_2818.jpg,2,-0.0070766592,-0.0051166806,-0.009799129
/home/datasets/train/zebra/009.jpg,2,-0.030345097,-0.0028795418,-0.008592183
/home/datasets/train/zebra/n02391049_8061.jpg,2,0.00686893,-0.0029254425,-0.006655099
/home/datasets/train/zebra/image_59.jpeg,2,0.01709574,0.0045335894,0.0040652677
/home/datasets/train/zebra/n02391049_345.jpg,2,-0.006285114,0.0023628776,-0.0046323957
/home/datasets/train/zebra/179.jpg,2,0.01591156,-0.009251486,-0.006396929
/home/datasets/train/zebra/n02391049_1236.jpg,2,-0.022735242,-0.007956299,-0.0043643564
/home/datasets/train/zebra/n02391049_4745.jpg,2,-0.00019426877,-0.012477674,-0.005632637
/home/datasets/train/zebra/n02391049_98.jpg,2,0.020603318,5.4451404e-05,-0.001919248
/home/datasets/train/zebra/n02391049_596.jpg,2,0.0028203037,-0.007571443,-0.0024134284
/home/datasets/train/zebra/n02391049_4805.jpg,2,0.032018017,0.0019535616,0.00041935133
/home/datasets/train/zebra/338.jpg,2,-0.0010701434,0.0027752686,-0.0013996384
/home/datasets/train/zebra/n02391049_6163.jpg,2,0.0070518116,-0.00085595436,-0.003604306
/home/datasets/train/zebra/n02391049_2232.jpg,2,0.016142245,0.011529934,0.0072824624
/home/datasets/train/zebra/n02391049_7512.jpg,2,0.0010136412,-0.0026458218,0.0018751783
/home/datasets/train/zebra/n02391049_2964.jpg,2,0.0024615186,-0.002670945,-0.0004621805
/home/datasets/train/zebra/n02391049_6444.jpg,2,0.014340929,3.4971163e-07,-0.010698369
/home/datasets/train/zebra/n02391049_6546.jpg,2,0.0043736035,-0.00080601394,-0.009362316
/home/datasets/train/zebra/n02391049_9331.jpg,2,0.009209091,-0.0073528187,-0.0060587674
/home/datasets/train/zebra/n02391049_10596.jpg,2,0.0014095567,-0.0011254756,-0.008602276
/home/datasets/train/zebra/n02391049_9698.jpg,2,0.008975667,-0.0011671038,0.0023117478
/home/datasets/train/zebra/n02391049_2657.jpg,2,-0.010982195,-0.00083507475,-0.0034035796
/home/datasets/train/zebra/n02391049_8689.jpg,2,0.019542241,-0.0052423086,-0.0062618298
/home/datasets/train/zebra/image_187.jpeg,2,0.008209088,0.0021828196,0.0006394974
/home/datasets/train/zebra/359.jpg,2,-0.008795236,-0.011067939,-0.005471666
/home/datasets/train/zebra/n02391049_4901.jpg,2,0.010197145,0.003986257,-0.010963626
/home/datasets/train/zebra/n02391049_626.jpg,2,0.01857323,-0.003589441,-0.011206757
/home/datasets/train/zebra/n02391049_8855.jpg,2,-0.000750965,-0.008334331,-0.004003714
/home/datasets/train/zebra/n02391049_2656.jpg,2,0.01892898,-0.006948991,-0.003723801
/home/datasets/train/zebra/n02391049_6475.jpg,2,-0.005789584,0.001319773,0.0026355444
/home/datasets/train/zebra/n02391049_5291.jpg,2,0.0068444107,-0.0072167134,-0.012218275
/home/datasets/train/zebra/n02391049_5093.jpg,2,0.012697877,0.015310646,0.0030528337
/home/datasets/train/zebra/n02391049_978.jpg,2,-0.0030707226,-0.0013586618,-0.0031865025
/home/datasets/train/zebra/n02391049_2921.jpg,2,0.012575864,0.0024783025,-0.0034895164
/home/datasets/train/zebra/305.jpg,2,-0.011747656,-0.0054657315,-0.010434512
/home/datasets/train/zebra/n02391049_2597.jpg,2,-0.008554185,-0.009858951,-0.002185224
/home/datasets/train/zebra/n02391049_9494.jpg,2,0.0038130996,0.0015172327,-0.0023912406
/home/datasets/train/zebra/n02391049_5367.jpg,2,0.022361115,-0.0010975355,-0.0014864367
/home/datasets/train/zebra/054.jpg,2,0.018484443,-0.021795267,-0.007558183
/home/datasets/train/zebra/107.jpg,2,0.0013455169,-0.010876315,-0.014612924
/home/datasets/train/zebra/n02391049_10429.jpg,2,0.026264597,0.0007185594,0.0015827573
/home/datasets/train/zebra/image_54.jpeg,2,-0.010234334,-0.003642688,-0.0059915194
/home/datasets/train/zebra/n02391049_7378.jpg,2,-0.008122273,-0.0023942008,-0.010719394
/home/datasets/train/zebra/n02391049_646.jpg,2,0.0052205734,-0.009410133,-0.009325227
/home/datasets/train/zebra/n02391049_1184.jpg,2,0.0046659047,-0.0021538478,-0.0027259765
/home/datasets/train/zebra/n02391049_9919.jpg,2,0.021351142,-0.0068341475,0.0025161123
/home/datasets/train/zebra/image_93.jpeg,2,0.0049135536,-0.002375215,-0.010658889
/home/datasets/train/zebra/358.jpg,2,0.0020242743,-0.0028787549,0.002525427
/home/datasets/train/zebra/n02391049_4.jpg,2,0.02520373,0.015622937,0.0018344161
/home/datasets/train/zebra/n02391049_9726.jpg,2,0.0007713274,0.0016812524,-0.0032995206
/home/datasets/train/zebra/zebra (56).jpg,2,0.0015645449,-0.003994149,-0.0008302764
/home/datasets/train/zebra/168.jpg,2,0.005295698,-0.020075422,-0.008331429
/home/datasets/train/zebra/zebra (55).jpg,2,0.0015645449,-0.003994149,-0.0008302764
/home/datasets/train/zebra/n02391049_2549.jpg,2,-0.008525277,-0.004371744,-0.0064844326
/home/datasets/train/zebra/n02391049_79.jpg,2,-0.017649159,-0.004808379,-0.010453682
/home/datasets/train/zebra/image_146.jpeg,2,-0.013468317,0.0029051984,-0.0050356104
/home/datasets/train/zebra/n02391049_2651.jpg,2,-0.0052150115,0.0023428565,-0.0054595685
/home/datasets/train/zebra/n02391049_695.jpg,2,-0.010944404,0.0013614837,-0.005906373
/home/datasets/train/zebra/n02391049_1742.jpg,2,0.013398357,-0.0031048404,-0.004769482
/home/datasets/train/zebra/iimage_23 (32).jpeg,2,-0.018026128,-0.012772485,-0.007965392
/home/datasets/train/zebra/n02391049_638.jpg,2,-0.016742479,-0.0021947399,-0.009197561
/home/datasets/train/zebra/226.jpg,2,0.011323906,0.004472185,0.00029228895
/home/datasets/train/zebra/n02391049_8539.jpg,2,0.0015575604,-0.010383034,-0.010838285
/home/datasets/train/zebra/n02391049_2275.jpg,2,0.020062672,-0.016507871,-0.011329461
/home/datasets/train/zebra/n02391049_6935.jpg,2,0.0240559,-0.004859466,-0.0061175292
/home/datasets/train/zebra/image_167.jpeg,2,-0.003909732,-0.008985367,-0.011141103
/home/datasets/train/zebra/zebra (12).jpg,2,0.012723298,0.006426786,-0.0008094397
/home/datasets/train/zebra/n02391049_358.jpg,2,0.014388055,-0.004827045,-0.010462641
/home/datasets/train/zebra/023.jpg,2,0.0037799887,-0.0056581288,-0.0040393136
/home/datasets/train/zebra/n02391049_9443.jpg,2,-0.000661782,-0.001508466,0.0033016782
/home/datasets/train/zebra/n02391049_2926.jpg,2,0.013621286,-0.00026975805,-0.0016563545
/home/datasets/train/zebra/022.jpg,2,-0.009139554,0.00039901305,0.007408658
/home/datasets/train/zebra/005.jpg,2,-0.013473912,0.0015516479,-0.0011469098
/home/datasets/train/zebra/image_52.jpeg,2,0.0053367037,-0.0010533305,-0.0036267112
/home/datasets/train/zebra/n02391049_5216.jpg,2,0.0023152814,-0.0039530545,-0.004492237
/home/datasets/train/zebra/n02391049_7645.jpg,2,0.018126171,-0.001626703,-0.003743965
/home/datasets/train/zebra/n02391049_2733.jpg,2,0.013163853,-0.009576825,-0.0101991715
/home/datasets/train/zebra/n02391049_2747.jpg,2,0.017454581,-0.005138972,-0.006575635
/home/datasets/train/zebra/n02391049_7779.jpg,2,0.011636568,0.00062993914,0.0033639017
/home/datasets/train/zebra/n02391049_9336.jpg,2,-0.0090072695,0.00016734656,0.0033063376
/home/datasets/train/zebra/n02391049_1183.jpg,2,0.0016133911,-0.0015965692,-0.0014994361
/home/datasets/train/zebra/n02391049_875.jpg,2,0.004490342,-0.013698358,-0.0051449267
/home/datasets/train/zebra/n02391049_8373.jpg,2,-0.016950754,-0.0039295056,-0.0003120139
/home/datasets/train/zebra/204.jpg,2,0.014542187,-0.005410508,0.008899169
/home/datasets/train/zebra/n02391049_1567.jpg,2,0.015155122,-0.009255547,-0.010183692
/home/datasets/train/zebra/n02391049_2794.jpg,2,-0.0044764886,-0.00571212,-0.002450048
/home/datasets/train/zebra/n02391049_6396.jpg,2,0.0151811335,-0.0029806911,-0.011181653
/home/datasets/train/zebra/image_15.jpeg,2,0.0013939274,-0.009336974,-0.009368354
/home/datasets/train/zebra/241.jpg,2,-0.019481316,-0.000919093,-0.0055370075
/home/datasets/train/zebra/n02391049_621.jpg,2,0.0023117089,0.0072018607,0.005904815
/home/datasets/train/zebra/n02391049_1095.jpg,2,-0.00017314882,-0.011831413,-0.009548989
/home/datasets/train/zebra/n02391049_10278.jpg,2,-0.0007876328,-0.00034349412,-0.008161899
/home/datasets/train/zebra/n02391049_8951.jpg,2,-0.0029899278,-0.0027075785,-0.000614048
/home/datasets/train/zebra/n02391049_3232.jpg,2,0.0101995375,0.0046042493,-0.0056349793
/home/datasets/train/zebra/n02391049_2477.jpg,2,0.010404103,0.003989596,-0.00588345
/home/datasets/train/zebra/n02391049_8856.jpg,2,0.023229614,-0.0030204947,-0.0018689721
/home/datasets/train/zebra/n02391049_4077.jpg,2,0.0072102156,-0.0061819963,-0.0066401786
/home/datasets/train/zebra/n02391049_6245.jpg,2,0.006926539,0.0079807285,-0.00044633134
/home/datasets/train/zebra/n02391049_707.jpg,2,0.014782635,-0.0049736905,-0.010005267
/home/datasets/train/zebra/n02391049_565.jpg,2,0.019859985,-0.0045329556,0.014998231
/home/datasets/train/zebra/n02391049_2584.jpg,2,0.007622838,-0.013540512,-0.021302462
/home/datasets/train/zebra/image_161.jpeg,2,0.0045509506,-0.00315416,-0.0028705639
/home/datasets/train/zebra/n02391049_8657.jpg,2,-0.020239461,0.0072000455,-0.00028384104
/home/datasets/train/zebra/n02391049_4922.jpg,2,0.002064453,0.001377672,-0.009306636
/home/datasets/train/zebra/n02391049_2294.jpg,2,-0.0034556636,-0.0007763535,0.0019709081
/home/datasets/train/zebra/n02391049_2636.jpg,2,-0.0059010293,-0.009176545,-0.0095184725
/home/datasets/train/zebra/n02391049_3681.jpg,2,-0.0022432741,-0.0020083152,-0.012738039
/home/datasets/train/zebra/n02391049_363.jpg,2,0.0020070313,0.0048068087,-0.0026795333
/home/datasets/train/zebra/290.jpg,2,-0.0195237,-0.00908883,-0.0035672737
/home/datasets/train/zebra/n02391049_7836.jpg,2,0.016988799,0.00084896083,-0.002908405
/home/datasets/train/zebra/n02391049_3754.jpg,2,0.00909793,0.004737838,0.0009319014
/home/datasets/train/zebra/n02391049_2935.jpg,2,0.002579277,-0.010630893,-0.0049450416
/home/datasets/train/zebra/n02391049_254.jpg,2,0.018424362,-0.0025819398,0.00013594958
/home/datasets/train/zebra/n02391049_1891.jpg,2,0.014123578,-0.0017716065,-0.013559555
/home/datasets/train/zebra/image_132.jpeg,2,0.0034528035,-0.014055157,-0.011117657
/home/datasets/train/zebra/zebra (8).jpg,2,-0.008116144,-0.005020242,-0.011637545
/home/datasets/train/zebra/image_173.jpeg,2,-0.005604243,-0.00065690745,-0.0011419937
/home/datasets/train/zebra/n02391049_15.jpg,2,0.023031034,-0.0025670263,-0.00089485897
/home/datasets/train/zebra/n02391049_6121.jpg,2,-0.008511035,-0.009901503,-0.011589029
/home/datasets/train/zebra/image_64.jpeg,2,0.011819544,-0.0022573266,0.0027272135
/home/datasets/train/zebra/image_168.jpeg,2,0.012096692,-5.1737414e-05,-0.0030747969
/home/datasets/train/zebra/296.jpg,2,-0.021715555,-6.291852e-05,-0.007012413
/home/datasets/train/zebra/n02391049_2824.jpg,2,-0.013256036,-0.010415401,-0.010941684
/home/datasets/train/zebra/193.jpg,2,-0.013732931,0.00028526224,0.0077043697
/home/datasets/train/zebra/n02391049_6374.jpg,2,0.001906581,0.0006277312,-0.007906415
/home/datasets/train/zebra/n02391049_2464.jpg,2,0.012557863,-0.008654787,-0.007502157
/home/datasets/train/zebra/215.jpg,2,-0.0051804,-0.007157759,-0.0105587095
/home/datasets/train/zebra/n02391049_935.jpg,2,0.012761914,0.015747242,0.009727872
/home/datasets/train/zebra/n02391049_2951.jpg,2,-0.0036297333,-0.011295617,-0.012519524
/home/datasets/train/zebra/n02391049_737.jpg,2,-0.0063587017,-0.01094378,-0.00359103
/home/datasets/train/zebra/n02391049_10257.jpg,2,0.006691765,0.014045101,0.015398594
/home/datasets/train/zebra/n02391049_2476.jpg,2,-0.0013322339,-0.0032245712,-0.010213978
/home/datasets/train/zebra/n02391049_2451.jpg,2,0.010089096,0.0012820228,0.0019360328
/home/datasets/train/zebra/184.jpg,2,0.026212804,-0.007712978,-0.003236379
/home/datasets/train/zebra/n02391049_6609.jpg,2,-0.0019563558,-0.0036413204,-0.015098887
/home/datasets/train/zebra/n02391049_2448.jpg,2,-0.007955675,0.0006218499,-0.007974716
/home/datasets/train/zebra/n02391049_7205.jpg,2,0.030894816,-0.0052738,-0.003640363
/home/datasets/train/zebra/n02391049_2571.jpg,2,-0.0053001465,-0.00931346,-0.0051462473
/home/datasets/train/zebra/366.jpg,2,0.0018233531,0.0010811817,-0.007475342
/home/datasets/train/zebra/n02391049_1296.jpg,2,0.018184952,0.007337554,0.0022605306
/home/datasets/train/zebra/n02391049_122.jpg,2,0.012547353,0.0059652184,0.0003532846
/home/datasets/train/zebra/n02391049_217.jpg,2,0.0007075635,-0.0049708495,0.0031776521
/home/datasets/train/zebra/360.jpg,2,0.0004248456,-0.00673147,-0.0029338822
/home/datasets/train/zebra/n02391049_6683.jpg,2,0.012096807,0.00049748615,-0.0043993336
/home/datasets/train/zebra/n02391049_7457.jpg,2,-0.0025986107,0.009594976,0.008037888
/home/datasets/train/zebra/1a3a28f74e.jpg,2,0.009896819,-0.0043989094,-0.0070659956
/home/datasets/train/zebra/n02391049_2297.jpg,2,0.0038970213,-0.006150047,-0.008683499
/home/datasets/train/zebra/n02391049_2848.jpg,2,0.007802869,-0.011895905,-0.0075525017
/home/datasets/train/zebra/n02391049_866.jpg,2,0.004905037,0.003298075,-0.0057905586
/home/datasets/train/zebra/n02391049_6097.jpg,2,0.00087273365,0.007007975,-0.005552116
/home/datasets/train/zebra/35aecee037.jpg,2,0.007620996,0.0015179752,-0.005383152
/home/datasets/train/zebra/213.jpg,2,-0.007409347,-0.0035296811,0.0051132846
/home/datasets/train/zebra/n02391049_7847.jpg,2,-0.005057587,0.005628219,0.002265728
/home/datasets/train/zebra/n02391049_2333.jpg,2,0.003940247,0.0057462575,-0.004540098
/home/datasets/train/zebra/n02391049_1509.jpg,2,-0.0041508307,0.0009079986,-0.0059077265
/home/datasets/train/zebra/342.jpg,2,-0.001535893,-0.007287571,-0.014235135
/home/datasets/train/zebra/n02391049_2989.jpg,2,0.014656674,-0.0058373893,-0.005792363
/home/datasets/train/zebra/n02391049_178.jpg,2,0.0037010552,-0.00551306,-0.00662116
/home/datasets/train/zebra/159.jpg,2,-0.0072188587,-0.009603279,-0.010985051
/home/datasets/train/zebra/image_63.jpeg,2,0.021603864,-0.0088370405,-0.007512214
/home/datasets/train/zebra/zebra (3).jpg,2,0.0012285203,-0.00861771,-0.009441537
/home/datasets/train/zebra/n02391049_228.jpg,2,0.0025660952,-0.005881913,-0.012125203
/home/datasets/train/zebra/219.jpg,2,0.019058226,0.0052416995,-0.0066671646
/home/datasets/train/zebra/image_158.jpeg,2,0.0024125832,-0.008032735,-0.009349234
/home/datasets/train/zebra/n02391049_3038.jpg,2,-0.009764454,0.00020190096,-0.002772358
/home/datasets/train/zebra/n02391049_10165.jpg,2,0.024978194,-0.010177024,-0.005335305
/home/datasets/train/zebra/n02391049_2875.jpg,2,0.019189604,0.00014241552,0.0020902343
/home/datasets/train/zebra/n02391049_8266.jpg,2,0.000586845,-0.006002337,-0.0052418476
/home/datasets/train/zebra/n02391049_4576.jpg,2,0.011559838,-0.0058274334,-0.008363619
/home/datasets/train/zebra/n02391049_4873.jpg,2,-0.0061585763,0.008304579,0.011150738
/home/datasets/train/zebra/167.jpg,2,0.0039959587,0.0022286144,0.00090339803
/home/datasets/train/zebra/n02391049_7972.jpg,2,-0.0015306389,0.0054157367,-0.0011954815
/home/datasets/train/zebra/n02391049_32.jpg,2,0.00022832339,-0.00047362642,0.00078834174
/home/datasets/train/zebra/n02391049_4974.jpg,2,0.009316156,0.00081933034,-0.002056801
/home/datasets/train/zebra/image_124.jpeg,2,-0.007197939,-0.011301411,-0.0030031342
/home/datasets/train/zebra/zebra (14).jpg,2,-0.007079793,-0.011971407,-0.016021535
/home/datasets/train/zebra/n02391049_776.jpg,2,-0.0139343655,-0.007151266,-0.016288789
/home/datasets/train/zebra/n02391049_2623.jpg,2,0.012913547,0.003915612,-0.0031632492
/home/datasets/train/zebra/n02391049_3236.jpg,2,-0.0040147444,-0.0049923845,-0.0007361523
/home/datasets/train/zebra/243.jpg,2,0.0053889775,-0.007694399,-0.011040159
/home/datasets/train/zebra/n02391049_6216.jpg,2,0.010419537,0.0023120288,-0.005068676
/home/datasets/train/zebra/image_75.jpeg,2,0.010249447,-0.001528935,-0.00485737
/home/datasets/train/zebra/n02391049_1532.jpg,2,-0.018803213,-0.0012049219,0.0031843148
/home/datasets/train/zebra/iimage_23 (28).jpeg,2,0.017139101,-0.0047902754,-0.0010192082
/home/datasets/train/zebra/065.jpg,2,0.004670026,-0.0011192131,-0.0057731736
/home/datasets/train/zebra/n02391049_1288.jpg,2,0.0065063173,-0.005423757,-0.008033209
/home/datasets/train/zebra/n02391049_9417.jpg,2,-0.007992842,-0.005645968,0.001988768
/home/datasets/train/zebra/n02391049_4748.jpg,2,0.002491957,-0.016650569,-0.015717205
/home/datasets/train/zebra/n02391049_3135.jpg,2,0.011820872,0.00020597689,-0.01851596
/home/datasets/train/zebra/n02391049_3088.jpg,2,-0.011462583,-0.0041063954,-0.0062473975
/home/datasets/train/zebra/n02391049_2024.jpg,2,0.02179864,0.0014817654,0.00041259348
/home/datasets/train/zebra/n02391049_3426.jpg,2,0.0055376054,0.0055193696,0.010336297
/home/datasets/train/zebra/n02391049_7557.jpg,2,-0.008147375,0.000956181,0.0011335588
/home/datasets/train/zebra/n02391049_1054.jpg,2,-0.010752555,-0.010000046,0.00010536634
/home/datasets/train/zebra/image_138.jpeg,2,-0.016197558,-0.005353016,-0.010541815
/home/datasets/train/zebra/n02391049_6757.jpg,2,0.0023178381,0.002524847,-0.0041353106
/home/datasets/train/zebra/n02391049_5714.jpg,2,-0.01057412,-0.0072038956,-0.0076923184
/home/datasets/train/zebra/image_108.jpeg,2,-0.0005287264,-0.014558377,-0.0074988143
/home/datasets/train/zebra/n02391049_2709.jpg,2,0.006948045,0.004918253,0.0003194508
/home/datasets/train/zebra/181.jpg,2,0.001442031,-0.006580873,-0.013810907
/home/datasets/train/zebra/n02391049_308.jpg,2,0.017678183,0.000477514,-0.0035646744
/home/datasets/train/zebra/269.jpg,2,-0.020411067,-0.002875578,-0.0009185644
/home/datasets/train/zebra/n02391049_3371.jpg,2,0.01621103,-0.009104912,-0.0064362464
/home/datasets/train/zebra/n02391049_8937.jpg,2,0.0028050623,0.0003707991,-0.0021065276
/home/datasets/train/zebra/295.jpg,2,-0.007166557,-0.0038015433,-0.001571395
/home/datasets/train/zebra/n02391049_608.jpg,2,0.010586461,-0.013205258,-0.0099688275
/home/datasets/train/zebra/n02391049_10324.jpg,2,0.00701474,0.00024336902,0.002654681
/home/datasets/train/zebra/image_40.jpeg,2,-0.00025563873,0.0005879677,-0.0010674238
/home/datasets/train/zebra/iimage_23 (21).jpeg,2,-0.0051684417,-0.0050143218,0.01632608
/home/datasets/train/zebra/n02391049_5789.jpg,2,0.013668884,-0.0024033727,0.0021985953
/home/datasets/train/zebra/n02391049_2133.jpg,2,0.003205731,-0.004050345,-0.007472057
/home/datasets/train/zebra/205.jpg,2,0.002270939,0.002391857,-0.0060406076
/home/datasets/train/zebra/212.jpg,2,0.00469278,-0.007893664,-0.00643158
/home/datasets/train/zebra/n02391049_1789.jpg,2,0.013293475,-0.010905528,-0.003621825
/home/datasets/train/zebra/n02391049_2995.jpg,2,0.0051798415,0.0040310165,-0.0011130201
/home/datasets/train/zebra/312.jpg,2,-0.006207396,-0.0031815623,0.0011178389
/home/datasets/train/zebra/n02391049_2367.jpg,2,0.0038160733,-0.015842069,-0.018344708
/home/datasets/train/zebra/n02391049_1937.jpg,2,0.009027521,-0.002572546,-0.012688601
/home/datasets/train/zebra/n02391049_4144.jpg,2,0.0030978122,-0.007518771,-0.00041794404
/home/datasets/train/zebra/n02391049_1875.jpg,2,-0.0035824354,-0.001811788,-0.0061045187
/home/datasets/train/zebra/n02391049_2197.jpg,2,0.018108964,-0.0041734213,-0.007067911
/home/datasets/train/zebra/n02391049_9951.jpg,2,-0.00052977307,0.002043608,-0.0022215766
/home/datasets/train/zebra/zebra (7).jpg,2,-0.008116144,-0.005020242,-0.011637545
/home/datasets/train/zebra/n02391049_1148.jpg,2,0.009777425,0.0074667754,0.0068678935
/home/datasets/train/zebra/n02391049_2825.jpg,2,0.021208197,-0.0031777604,0.008198936
/home/datasets/train/zebra/n02391049_2579.jpg,2,-0.01254919,-0.0036357231,-0.008076821
/home/datasets/train/zebra/n02391049_8565.jpg,2,0.006345649,0.0026719063,0.004155383
/home/datasets/train/zebra/n02391049_6762.jpg,2,-0.0030037088,-0.0023532058,-0.011152847
/home/datasets/train/zebra/034.jpg,2,-0.0048238304,-0.0005633519,-0.00077719893
/home/datasets/train/zebra/n02391049_1163.jpg,2,-0.0028873603,-0.013513659,-0.009656677
/home/datasets/train/zebra/035.jpg,2,0.00040714932,0.002082683,-0.002202085
/home/datasets/train/zebra/098.jpg,2,0.0008847043,-0.010563145,-0.0065919925
/home/datasets/train/zebra/154.jpg,2,0.009794601,-0.003245661,-0.0044481233
/home/datasets/train/zebra/n02391049_8902.jpg,2,-0.0038231695,-0.005499471,-0.007486505
/home/datasets/train/zebra/n02391049_2906.jpg,2,0.021257726,0.0074594887,-0.004205196
/home/datasets/train/zebra/084.jpg,2,0.0052313404,-0.010218113,-0.021022765
/home/datasets/train/zebra/n02391049_2922.jpg,2,0.0066220565,-0.0037074266,0.005708853
/home/datasets/train/zebra/228.jpg,2,-0.0059502833,-0.00847725,-0.005162611
/home/datasets/train/zebra/n02391049_5189.jpg,2,-0.008158491,-0.00855997,-0.0056691077
/home/datasets/train/zebra/n02391049_752.jpg,2,0.0030223734,0.0055436385,-0.0006964764
/home/datasets/train/zebra/image_72.jpeg,2,0.0008812726,-0.007931315,-0.0026873937
/home/datasets/train/zebra/166.jpg,2,0.009207126,-0.0053992392,-0.007950889
/home/datasets/train/zebra/n02391049_7567.jpg,2,0.0056909514,-0.01426771,-0.0017803113
/home/datasets/train/zebra/n02391049_2852.jpg,2,0.0068030343,-0.0021472992,-0.0023771583
/home/datasets/train/zebra/151.jpg,2,-0.0019885558,-0.0008665663,-0.0051296568
/home/datasets/train/zebra/254.jpg,2,0.013916627,-0.000910603,-0.0068855733
/home/datasets/train/zebra/n02391049_7038.jpg,2,0.024036735,-0.0026590948,-0.0025717998
/home/datasets/train/zebra/253.jpg,2,-0.015966155,-0.012290198,-0.0013561571
/home/datasets/train/zebra/277.jpg,2,-0.0029095137,-0.003045815,-0.008608822
/home/datasets/train/zebra/288.jpg,2,-0.012181708,-0.0085968645,-0.004511929
/home/datasets/train/zebra/n02391049_7494.jpg,2,-0.0045543043,-0.010565886,-0.0032335515
/home/datasets/train/zebra/n02391049_3202.jpg,2,0.008883096,0.0031785856,-0.0017383555
/home/datasets/train/zebra/149.jpg,2,-0.00022841012,-0.011496672,-0.020221509
/home/datasets/train/zebra/281.jpg,2,0.0034947908,-0.009236712,-0.003076701
/home/datasets/train/zebra/n02391049_6629.jpg,2,0.010866819,-0.0074479557,-0.0066457544
/home/datasets/train/zebra/n02391049_314.jpg,2,-0.0054967087,-0.0074849147,-0.0072527165
/home/datasets/train/zebra/n02391049_4517.jpg,2,0.013059879,-0.013924103,0.006362629
/home/datasets/train/zebra/073.jpg,2,-0.015167762,-0.00409968,-0.0084204115
/home/datasets/train/zebra/n02391049_3158.jpg,2,-0.004631281,-0.009897173,-0.002825911
/home/datasets/train/zebra/n02391049_556.jpg,2,0.0063377684,-0.0020539917,-0.0019351265
/home/datasets/train/zebra/image_89.jpeg,2,0.007969265,-0.00423483,-0.009409815
/home/datasets/train/zebra/n02391049_25.jpg,2,-0.009603081,-0.01044026,0.00028212584
/home/datasets/train/zebra/n02391049_2341.jpg,2,-0.0023303616,-0.010243092,-0.012309002
/home/datasets/train/zebra/n02391049_7721.jpg,2,-0.011089396,-0.0019275355,-0.0070774658
/home/datasets/train/zebra/n02391049_5909.jpg,2,0.01254382,-0.020461615,-0.01873333
/home/datasets/train/zebra/n02391049_1743.jpg,2,-0.0011678038,-0.016648937,-0.014853982
/home/datasets/train/zebra/194.jpg,2,-0.014939289,-0.0013944319,-0.0027178125
/home/datasets/train/zebra/n02391049_1191.jpg,2,-0.0021424862,-0.011890706,-0.011411271
/home/datasets/train/zebra/n02391049_2486.jpg,2,-0.013318719,-0.012046734,-0.01219164
/home/datasets/train/zebra/n02391049_2218.jpg,2,-0.0014478809,0.0009681566,-0.0031131732
/home/datasets/train/zebra/n02391049_10576.jpg,2,-0.006032538,0.0015018429,0.00042496994
/home/datasets/train/zebra/iimage_23 (7).jpeg,2,-0.013233218,-0.007600596,-0.0063152397
/home/datasets/train/zebra/iimage_23 (17).jpeg,2,-0.0037147203,-0.003831182,-0.0039289016
/home/datasets/train/zebra/102.jpg,2,-0.009739138,-0.0092602875,-0.014238702
/home/datasets/train/zebra/n02391049_5875.jpg,2,-0.0013500848,-0.0048334724,-0.008160734
/home/datasets/train/zebra/image_125.jpeg,2,0.00043477095,-0.0029711686,0.000383585
/home/datasets/train/zebra/103.jpg,2,0.010262416,-0.0034269844,-0.0040269056
/home/datasets/train/zebra/n02391049_543.jpg,2,0.0062359143,-0.0025329061,-0.0018659707
/home/datasets/train/zebra/n02391049_6413.jpg,2,0.0016941873,-0.0031048423,-0.0074765757
/home/datasets/train/zebra/345.jpg,2,-0.010060482,-0.007595328,-0.014540758
/home/datasets/train/zebra/n02391049_3303.jpg,2,0.0025923247,-0.016322222,-0.016651083
/home/datasets/train/zebra/n02391049_2911.jpg,2,0.007770371,-0.0072360495,-0.008559639
/home/datasets/train/zebra/n02391049_712.jpg,2,0.014930264,-0.011894776,-0.01795565
/home/datasets/train/zebra/n02391049_46.jpg,2,-0.006918337,-0.00847847,-0.0054798266
/home/datasets/train/zebra/376.jpg,2,-0.014150913,-0.009953848,-0.0128506785
/home/datasets/train/zebra/image_169.jpeg,2,0.008080271,-0.0073135262,-0.004015283
/home/datasets/train/zebra/n02391049_3233.jpg,2,0.01739188,-0.007973148,-0.006065687
/home/datasets/train/zebra/n02391049_4448.jpg,2,0.0012980683,-0.014128884,-0.021737568
/home/datasets/train/zebra/n02391049_10739.jpg,2,-0.0022945749,0.01176651,0.007988026
/home/datasets/train/zebra/image_116.jpeg,2,-0.0059255315,-0.0082142595,-0.011693872
/home/datasets/train/zebra/n02391049_1067.jpg,2,0.003220182,0.01345564,0.003997999
/home/datasets/train/zebra/n02391049_356.jpg,2,-0.003053478,-0.001975406,0.0014270851
