Full filepath,Full Class Index,sensitivityscore_before_Conv2d_1a_3x3.conv,sensitivityscore_before_Conv2d_2a_3x3.conv,sensitivityscore_before_Conv2d_2b_3x3.conv,sensitivityscore_before_maxpool1,sensitivityscore_before_Conv2d_3b_1x1.conv,sensitivityscore_before_Conv2d_4a_3x3.conv,sensitivityscore_before_maxpool2,sensitivityscore_before_Mixed_5b.branch1x1.conv,sensitivityscore_before_Mixed_5b.branch5x5_1.conv,sensitivityscore_before_Mixed_5b.branch5x5_2.conv,sensitivityscore_before_Mixed_5b.branch3x3dbl_1.conv,sensitivityscore_before_Mixed_5b.branch3x3dbl_2.conv,sensitivityscore_before_Mixed_5b.branch3x3dbl_3.conv,sensitivityscore_before_Mixed_5b.branch_pool.conv,sensitivityscore_before_Mixed_5c.branch1x1.conv,sensitivityscore_before_Mixed_5c.branch5x5_1.conv,sensitivityscore_before_Mixed_5c.branch5x5_2.conv,sensitivityscore_before_Mixed_5c.branch3x3dbl_1.conv,sensitivityscore_before_Mixed_5c.branch3x3dbl_2.conv,sensitivityscore_before_Mixed_5c.branch3x3dbl_3.conv,sensitivityscore_before_Mixed_5c.branch_pool.conv,sensitivityscore_before_Mixed_5d.branch1x1.conv,sensitivityscore_before_Mixed_5d.branch5x5_1.conv,sensitivityscore_before_Mixed_5d.branch5x5_2.conv,sensitivityscore_before_Mixed_5d.branch3x3dbl_1.conv,sensitivityscore_before_Mixed_5d.branch3x3dbl_2.conv,sensitivityscore_before_Mixed_5d.branch3x3dbl_3.conv,sensitivityscore_before_Mixed_5d.branch_pool.conv,sensitivityscore_before_Mixed_6a.branch3x3.conv,sensitivityscore_before_Mixed_6a.branch3x3dbl_1.conv,sensitivityscore_before_Mixed_6a.branch3x3dbl_2.conv,sensitivityscore_before_Mixed_6a.branch3x3dbl_3.conv,sensitivityscore_before_Mixed_6b.branch1x1.conv,sensitivityscore_before_Mixed_6b.branch7x7_1.conv,sensitivityscore_before_Mixed_6b.branch7x7_2.conv,sensitivityscore_before_Mixed_6b.branch7x7_3.conv,sensitivityscore_before_Mixed_6b.branch7x7dbl_1.conv,sensitivityscore_before_Mixed_6b.branch7x7dbl_2.conv,sensitivityscore_before_Mixed_6b.branch7x7dbl_3.conv,sensitivityscore_before_Mixed_6b.branch7x7dbl_4.conv,sensitivityscore_before_Mixed_6b.branch7x7dbl_5.conv,sensitivityscore_before_Mixed_6b.branch_pool.conv,sensitivityscore_before_Mixed_6c.branch1x1.conv,sensitivityscore_before_Mixed_6c.branch7x7_1.conv,sensitivityscore_before_Mixed_6c.branch7x7_2.conv,sensitivityscore_before_Mixed_6c.branch7x7_3.conv,sensitivityscore_before_Mixed_6c.branch7x7dbl_1.conv,sensitivityscore_before_Mixed_6c.branch7x7dbl_2.conv,sensitivityscore_before_Mixed_6c.branch7x7dbl_3.conv,sensitivityscore_before_Mixed_6c.branch7x7dbl_4.conv,sensitivityscore_before_Mixed_6c.branch7x7dbl_5.conv,sensitivityscore_before_Mixed_6c.branch_pool.conv,sensitivityscore_before_Mixed_6d.branch1x1.conv,sensitivityscore_before_Mixed_6d.branch7x7_1.conv,sensitivityscore_before_Mixed_6d.branch7x7_2.conv,sensitivityscore_before_Mixed_6d.branch7x7_3.conv,sensitivityscore_before_Mixed_6d.branch7x7dbl_1.conv,sensitivityscore_before_Mixed_6d.branch7x7dbl_2.conv,sensitivityscore_before_Mixed_6d.branch7x7dbl_3.conv,sensitivityscore_before_Mixed_6d.branch7x7dbl_4.conv,sensitivityscore_before_Mixed_6d.branch7x7dbl_5.conv,sensitivityscore_before_Mixed_6d.branch_pool.conv,sensitivityscore_before_Mixed_6e.branch1x1.conv,sensitivityscore_before_Mixed_6e.branch7x7_1.conv,sensitivityscore_before_Mixed_6e.branch7x7_2.conv,sensitivityscore_before_Mixed_6e.branch7x7_3.conv,sensitivityscore_before_Mixed_6e.branch7x7dbl_1.conv,sensitivityscore_before_Mixed_6e.branch7x7dbl_2.conv,sensitivityscore_before_Mixed_6e.branch7x7dbl_3.conv,sensitivityscore_before_Mixed_6e.branch7x7dbl_4.conv,sensitivityscore_before_Mixed_6e.branch7x7dbl_5.conv,sensitivityscore_before_Mixed_6e.branch_pool.conv
/mnt/sdd/caltech_training_multiclass/train/001.Black_footed_Albatross/Black_Footed_Albatross_0064_796101.jpg,0,-0.002871595,-0.002004274,-0.002028853,0.016044084,0.008987636,0.004387477,-0.007800779,-0.003733504,-0.01164636,0.003365398,-0.00128025,-0.004080647,-0.007658688,0.019360347,0.00328083,-0.014008204,-0.006148762,0.002100394,-0.002056266,-0.003681175,-0.008601902,-0.008043644,-0.005798441,-0.001756187,-0.001932567,-0.001320871,0.000649739,-0.001403507,-0.005633437,-0.00604996,-0.004962285,0.000721024,-0.009832362,0.02579943,0.01876586,0.009445979,-0.011416448,-0.016512822,-0.006382693,-0.001481049,-0.028043697,-0.013031591,0.007293734,0.001377536,0.00934694,-0.00772532,-0.012019916,-0.0214758,-0.035628054,-0.023298372,-0.012960672,-0.007316464,0.001653051,-0.00864762,-0.01019916,-0.002713685,0.006067826,-0.009024208,-0.004838527,-0.000355437,-0.016938724,0.0007038,0.007547649,-0.009527963,-0.012725835,-0.003897129,0.008966615,-0.002049084,-0.001521089,-0.0010114,-0.009390596,0.007454027
/mnt/sdd/caltech_training_multiclass/train/001.Black_footed_Albatross/Black_Footed_Albatross_0010_796097.jpg,0,0.000681331,0.001354647,0.003902634,0.015157056,0.010632531,0.005396177,0.012061004,0.010355925,0.010942897,0.003430589,-0.004199465,0.010738816,0.002479135,-0.025289554,0.023861807,0.009902436,-0.003049392,-0.00484401,0.001133077,0.004180836,0.00659151,0.0332756,0.013233544,-0.006495892,-0.011174863,0.002083404,0.005437334,0.000429674,-0.000414368,-0.003332157,0.00507507,-0.001470103,0.017571427,-0.001970309,0.000735304,-0.005440718,-0.002842556,0.028542355,0.016539585,0.036122717,0.000869663,0.04475627,0.027975848,0.024217525,0.02662804,0.019157467,0.003813999,0.018720321,-0.004679012,-0.001088623,-0.002108154,0.029647473,0.03323873,0.016629525,0.028745104,0.019025985,0.00304499,-0.002397894,0.010095311,0.0324725,0.018531354,0.03357021,0.026144017,0.02707857,0.019373184,0.024930768,0.01094852,0.000634966,-0.004057403,0.011773067,0.005352399,0.013065143
/mnt/sdd/caltech_training_multiclass/train/001.Black_footed_Albatross/Black_Footed_Albatross_0006_796065.jpg,0,-0.000864796,0.001964347,6.92E-05,-0.003474123,-0.005373054,-0.002577395,0.00203373,0.002954877,0.009540771,0.003464516,0.007219909,2.88E-05,0.005579914,0.008255485,0.008053813,0.001690439,-0.003361705,-0.008592746,0.003083196,-0.001748994,0.014639037,0.004576655,0.00588753,0.00941275,-0.009045263,0.005783967,0.004132939,0.001944514,-0.00484869,-0.002270836,-0.000731326,0.001469652,-0.005793362,-0.011628469,-0.000417178,-2.71E-06,0.021041932,0.017097533,0.011916565,-0.004285506,-0.006486797,0.008812899,0.010558826,-0.010207132,-0.005186766,-0.007166504,-0.002220332,-0.010856316,0.012246836,0.001611712,0.006717333,0.010661613,0.015102079,-0.014854252,-0.010018555,-0.010839352,0.009701812,0.014285408,-0.001022048,0.008628307,0.00850307,-0.002294875,0.013318388,0.006139659,0.006387175,0.004745252,0.010546336,0.000636084,0.015220172,0.004131863,0.012591374,-0.005586629
/mnt/sdd/caltech_training_multiclass/train/001.Black_footed_Albatross/Black_Footed_Albatross_0051_796103.jpg,0,-0.00440841,-0.007314233,-0.003252149,-0.01516624,-0.013787909,-0.005418954,-0.005631491,-0.004514558,-0.026669547,-0.020003408,-0.014360624,-0.004295153,0.012541683,-0.005833977,0.010073016,-0.006244054,-0.006704558,-0.009513524,-0.008194256,0.002739749,-0.000223881,0.013071052,-0.002770716,0.00042854,0.003459439,0.00538816,-0.000964855,-0.001961715,0.011140861,0.004426453,-0.005748891,-0.009286913,0.02550316,0.010607913,0.007721125,0.007725754,0.015411044,0.016189901,0.010460718,0.0344145,0.021040846,-0.013753818,0.007634098,0.02117949,0.007960523,0.002533688,0.002902272,-0.002261905,-0.009207026,-0.028750045,0.003425421,0.017586984,0.010660464,0.001429691,0.02223668,0.018647587,-0.010707744,-0.006364311,-0.008888865,-0.005108915,0.005234777,0.021503251,0.011532214,0.024284488,0.019296853,0.016018212,-0.00502126,-0.013545143,-0.006440215,0.001095441,0.006358307,0.020191774
/mnt/sdd/caltech_training_multiclass/train/001.Black_footed_Albatross/Black_Footed_Albatross_0076_417.jpg,0,-0.000970938,-0.001530749,0.002022625,-0.015899075,-0.016595371,-0.003628346,-0.006658232,-0.00455736,0.000177317,-0.001591165,-0.005417544,0.004507009,0.008342294,0.003359254,-0.018871803,0.020707918,0.009958237,0.009248463,0.00695575,0.004057357,-0.011801473,-0.003063028,0.007467622,-0.004867899,-0.002286565,0.002639573,0.003213591,-0.00601959,0.000434997,5.14E-05,0.003217431,-0.00341762,-0.014795678,-0.008315788,-0.005785637,0.008561878,0.002393618,-0.011657466,-0.004391305,0.01504417,0.004623748,0.005663741,-0.006113324,-0.010726811,0.008709574,-0.002849559,0.01185033,-0.009566886,0.007308287,0.006107949,0.001616188,-0.001729581,0.001735993,0.010158286,0.014859244,0.011308573,-0.014955153,-0.008323618,-0.005943352,-0.010680671,0.003123618,0.014816294,0.008411886,0.010439101,0.003609218,0.00864533,0.008541334,0.005340217,-0.000524931,0.006279954,-0.001115171,-0.004259381
/mnt/sdd/caltech_training_multiclass/train/001.Black_footed_Albatross/Black_Footed_Albatross_0082_796121.jpg,0,0.000138496,0.004357975,0.001665594,0.010051376,0.007614618,0.000508894,0.00506869,0.009820111,-0.008388573,0.003174792,-0.005250921,0.003725425,-0.009973977,-0.004829862,-0.001603753,-0.019498823,-0.008710843,0.00231854,-0.001943267,0.001939072,0.011251966,-0.008977268,-0.012673298,-0.00985222,-0.004433576,-0.000387301,0.008195302,-0.002912601,-0.011346908,-0.004542938,-0.002870809,-1.95E-05,-0.001200189,0.014689729,0.010882404,0.006802265,-0.016672436,-0.054401048,-0.010920307,-0.028360486,-0.020907031,0.001792267,-0.012362904,-0.023966763,-0.014722182,0.004820081,0.02640782,0.009999171,0.01704653,0.004333055,-0.00533421,0.020738237,0.011638784,-0.010584818,-0.013885282,0.009545473,-0.027618818,-0.008125341,-0.004603853,-0.015568331,0.001249898,-0.001231279,0.003070527,0.012709837,-0.003026557,0.009075086,0.000256393,-0.005149516,-0.012976678,-0.011556736,0.013549711,-0.000460275
/mnt/sdd/caltech_training_multiclass/train/001.Black_footed_Albatross/Black_Footed_Albatross_0046_18.jpg,0,-8.23E-05,-0.002036508,-0.002953241,0.001492402,0.000122329,-0.000940409,-0.00577419,0.004205026,-0.005486009,-0.009607013,-0.002677335,-0.002178632,-0.005072407,-0.001297537,0.008060692,0.008613098,0.005300113,-0.004316748,-0.001107504,-0.008113239,0.005718783,0.008586643,-0.002814891,-0.00239182,-0.006623002,-0.009708267,-0.004610425,-0.000495524,0.007894538,0.005705252,-0.001044588,-0.006548269,-0.000921372,-0.009123169,-0.0110697,-0.002439986,0.009400586,0.013375454,0.013779795,0.017918307,0.00335466,-0.00136295,0.019299366,-0.00732005,0.00711762,-0.000832366,0.001166487,0.009848708,-0.000257496,0.003227544,0.000940311,0.001959866,0.003629918,-0.013078158,0.001099046,0.01801499,-0.001734682,-0.003712935,-0.006093158,-0.023672557,-0.006483883,0.005119877,-0.005262733,0.014238378,0.012217451,0.026573565,-0.009536333,-0.013906069,0.012329223,0.003559175,0.006366534,0.014051523
/mnt/sdd/caltech_training_multiclass/train/001.Black_footed_Albatross/Black_Footed_Albatross_0001_796111.jpg,0,-0.001179762,0.003575862,0.004266899,-0.000915701,0.000493075,0.002296708,0.007007906,0.007333337,-0.002407786,0.007955912,0.004110451,-0.003413979,-0.011227582,0.013299247,0.01651984,-0.016026229,-0.001673198,0.008171141,-0.001873627,0.006670732,-0.009233348,0.018191244,0.008824784,0.01870177,0.001351984,0.012923896,0.004564202,-0.006759537,0.00700911,-0.001790774,0.004297687,0.006979739,-0.00133684,0.004203863,0.026444023,-0.002314582,0.00310397,0.012449625,0.013706342,0.025926773,0.00296504,0.008537171,0.01287071,0.028663538,0.02706245,0.016417079,0.001761831,0.010777036,-0.002913148,0.008836611,0.013347307,0.006455049,0.019788079,0.012324522,0.006701117,0.00965084,0.009835568,0.024759378,0.022122242,0.02757725,0.022971332,0.02437307,0.008697152,0.032234915,0.041959487,0.032093186,0.002377043,0.005321219,0.006408315,0.001721305,0.016566101,0.008280985
/mnt/sdd/caltech_training_multiclass/train/001.Black_footed_Albatross/Black_Footed_Albatross_0014_89.jpg,0,0.003664274,0.0016353,0.005266503,0.007518444,0.003297248,4.99E-05,-0.008328084,0.002662111,0.011020274,0.003843936,-0.018713787,-0.00868566,-0.001819121,-0.009277599,0.006539329,0.005295662,-0.004324657,0.008230558,-0.003968848,0.004563627,0.001128845,0.010688882,-0.011986586,-0.010997405,-1.04E-05,0.003689187,0.001007516,-0.000653579,0.014631828,-0.004518439,0.010886151,0.007137037,0.029852193,0.013499402,-0.010095637,-0.006655863,-0.004528266,-0.010019423,0.016062614,0.00349228,0.007998913,-0.002125056,0.020645024,0.026778568,0.017659647,0.015700066,-0.005276727,-0.010444699,-0.00789061,-0.00557383,-0.01009439,0.010915628,0.016250478,0.011610565,0.007984364,0.007483003,0.008992869,-0.01224,-0.005967891,-0.006094907,0.010796406,0.013222482,0.004817053,0.015914407,0.012340391,0.017475761,0.03137581,0.010292124,0.012552708,0.012008547,-0.004122702,0.021603493
/mnt/sdd/caltech_training_multiclass/train/001.Black_footed_Albatross/Black_Footed_Albatross_0057_796106.jpg,0,-0.000316806,0.002422756,0.000765514,0.004277875,0.006249113,0.006453998,0.003088085,0.00177034,-0.004527857,0.000670163,-0.013300108,-0.011090934,-0.003402798,-0.002107137,0.02050101,-0.025683057,-0.00032483,-0.007433911,-0.00163493,-0.000151742,0.019110672,0.011936024,-0.004570251,0.014321778,0.004290442,0.004769797,0.007531377,0.023906745,0.001146135,-0.006432694,-0.005118806,-0.007237016,-0.010394296,-0.016480953,0.007643573,-0.01219638,0.02654884,0.035283923,0.023979386,0.012667912,0.016690178,0.008664764,-0.003480642,0.000854382,0.01790768,0.008642806,0.015363931,0.012405145,0.006696516,0.010644773,-0.003161295,0.014175568,0.018813938,0.018613925,0.012112218,0.007219238,-0.007274173,0.009807199,0.018445905,0.01706025,0.007332856,-0.00079505,0.007810443,0.030041104,0.004015684,0.011381689,-0.008431639,-0.004059534,0.003621858,0.00272962,0.00635603,0.012585446
/mnt/sdd/caltech_training_multiclass/train/001.Black_footed_Albatross/Black_Footed_Albatross_0065_796068.jpg,0,-0.000275698,-0.002605851,0.000819828,0.013164768,0.008476979,0.005221404,0.005926249,0.007748853,-0.011289405,-0.004305394,0.003969382,0.012154611,0.010183948,0.007347747,0.002492394,-0.012580478,-0.01508134,0.006485074,0.006651865,0.003405205,0.0048842,0.002410081,0.003863723,-0.00738591,0.002821229,-0.004823467,-0.005103395,0.007003312,-0.003821293,-0.004224679,-0.00432022,-0.007119115,-0.000320048,-0.002311977,0.008967244,0.002129027,0.006857317,0.00369641,0.00879271,0.012522267,0.001622692,-0.02273174,0.011657409,-0.001041106,0.005066608,-0.003569203,-0.010590686,-0.002183836,-0.013718058,0.019449737,0.007898753,-0.000690604,0.004997538,0.019781848,0.01299268,0.00909927,0.008793005,0.007785055,0.009834249,0.012785455,0.010675735,0.011944603,-0.003872559,-0.000229011,-0.006146222,0.004528579,0.004792821,-0.006888114,-0.005966474,0.005195193,0.006565309,0.011787538
/mnt/sdd/caltech_training_multiclass/train/001.Black_footed_Albatross/Black_Footed_Albatross_0071_796113.jpg,0,0.000799922,0.005924982,0.003044898,0.006636064,0.007782055,0.001256402,-0.006767167,-0.009686627,-0.007665702,-0.011282325,-0.003390021,-0.003712799,0.000955925,-0.001861162,-0.005664297,-0.003684904,0.001069879,-0.004832031,-0.000145318,-0.009523453,-0.003912237,-0.006745506,0.001591896,-0.007922118,-0.001400866,0.001397086,-0.001400601,-0.003655379,-0.005805316,0.006206154,-0.002489909,0.002828063,-0.010998827,-0.01290575,0.00162079,-0.004129181,0.010649408,-0.008514245,-0.010815417,-0.004949497,-0.011838716,-0.009734768,-0.004728939,-0.017898474,-0.001761949,-0.014577411,-0.01850177,-0.012339429,-0.006621061,-0.025174262,-0.013139429,-0.00768186,0.011282975,-0.003725411,-0.004988248,-0.004556726,0.00032407,-0.004084131,0.002241718,0.001419056,-0.002022483,-0.006851165,0.008092881,0.005730813,-0.010647438,-0.004897664,0.003141743,0.008424411,-0.010372855,-0.020383906,-0.023599625,-0.010833321
/mnt/sdd/caltech_training_multiclass/train/001.Black_footed_Albatross/Black_Footed_Albatross_0045_796129.jpg,0,0.001136505,-0.000214358,0.000860531,0.013528944,0.017286167,0.004296135,-0.004188819,-0.009357967,0.002354183,-0.003204723,-0.007558385,-0.004095485,-0.004761334,-0.003929526,0.007492798,-0.006915474,0.016697563,-0.020066801,-0.011631763,-0.01315912,0.000322308,0.01572501,-0.006902141,0.004204307,-0.017962318,-0.01163833,-0.002240618,0.005395424,0.017951084,-0.00542804,0.005030193,-0.015713854,0.011138449,0.012395525,-0.012673318,0.000894338,0.025858125,0.051543415,0.04071627,0.043961205,0.016302159,-0.009779493,0.010842203,-0.016811412,-0.004128285,-0.003225715,-0.008879002,0.013884151,-0.014599139,-0.012586409,0.003167348,0.021636132,0.014278911,-0.014767394,-0.011067456,-0.002199701,0.014985444,-0.004450081,-0.006475308,-0.010715861,-0.003193933,0.024546415,0.009672936,0.01885295,0.041443005,0.03203293,0.00796447,0.001699429,-0.009213854,-0.00012063,0.014115475,0.023179151
/mnt/sdd/caltech_training_multiclass/train/001.Black_footed_Albatross/Black_Footed_Albatross_0047_796064.jpg,0,1.98E-05,-0.002083102,-0.001626978,0.002430686,0.001120605,-0.00027183,-0.01388755,-0.028328022,-0.006602957,0.003356431,-0.008582568,-0.005921259,0.007070013,0.002280014,-0.003310502,-0.004632611,0.00066434,-0.02151253,0.002452082,-0.012202214,0.002446042,-0.000224674,-0.002356063,-0.007579333,0.015736382,0.009616893,4.27E-05,-0.000892158,-0.01591365,-0.007644378,0.007391709,0.006795097,0.017671652,-0.016301462,-0.00677008,-0.014124417,0.016128706,-0.016953796,-0.024673183,-0.030883841,-0.002311453,-0.01917676,0.000763453,-0.023251401,-0.008467227,-0.001599808,-0.01225643,-0.012433596,-0.000854418,-0.010152309,-0.005067027,0.007415934,0.010425545,-0.021408437,0.005260418,-0.005049511,0.002344155,0.009414207,0.008493342,-0.002313392,0.006049629,0.004382221,0.007643054,-0.024648458,-0.028107427,-0.019266969,0.017103655,0.015599717,-0.00737377,-0.001774313,-0.008908086,0.002738211
/mnt/sdd/caltech_training_multiclass/train/001.Black_footed_Albatross/Black_Footed_Albatross_0039_796132.jpg,0,-0.00474221,0.002172579,-0.002126032,0.02424382,0.016177122,0.004191955,0.009665959,0.007299665,-0.007363067,-0.003379098,0.007987941,0.000858844,-0.010636118,0.014507717,0.011715494,0.01930632,0.011767835,0.004124788,-0.00101159,-0.00093533,-0.005858718,-0.002237315,0.005951877,-0.000365439,0.002868588,-0.008391338,0.001784093,0.001873686,-0.004657922,0.000125422,-0.003472883,-0.019210074,-0.003934051,-0.017481405,-0.009337748,-0.009087076,-0.019178912,0.004182194,0.004904938,0.021076296,0.01165901,-0.007266222,0.004501062,0.001580884,0.008485992,0.008089619,-0.011198871,0.009375608,0.024765939,0.008496885,0.013437288,0.013726806,0.002430199,-0.006045433,-0.007143187,0.000696632,-0.001992337,-0.008161554,-0.001065251,2.09E-05,0.00210345,0.016182903,-0.000181197,0.008975383,0.017282257,0.012132769,-0.003185072,-0.007844865,0.004208843,0.011455648,0.010362596,0.022174574
/mnt/sdd/caltech_training_multiclass/train/001.Black_footed_Albatross/Black_Footed_Albatross_0085_92.jpg,0,-0.004026203,-0.000951619,-5.24E-05,0.014003309,0.008275024,0.003450879,0.009662101,0.013907945,-0.007274388,-0.006735278,-0.001733583,0.009972402,0.011057503,0.007109153,0.008218187,0.007883109,0.008247083,0.009775545,0.006451034,-0.004350367,0.02043482,0.01658951,0.010813445,0.00343573,0.009376466,0.005285858,0.004583958,0.009809507,0.000504238,-0.017361782,0.001019563,-0.017976979,0.005135899,-0.001778594,-0.000515947,0.006776557,0.015817894,-0.00117532,0.004274637,-0.000148023,-0.000487125,0.000536272,0.009014092,-0.01478661,0.001075145,-0.008069823,-0.005191308,0.006886897,-0.018006952,0.002720966,-0.005382815,0.018259775,0.01661976,0.004437876,0.000756836,0.002283842,0.003827906,0.004139864,-0.009762718,-0.00456572,-0.011239118,0.000788613,0.016287316,0.004477295,-0.00320464,-0.001907769,0.004411155,0.002125278,0.01056407,0.009022228,0.000136498,-0.002093979
/mnt/sdd/caltech_training_multiclass/train/001.Black_footed_Albatross/Black_Footed_Albatross_0068_796135.jpg,0,-0.001909941,0.00099869,0.000689486,0.018654726,0.01351911,0.007170109,0.009827678,0.00963831,0.006263584,0.009247875,0.000367373,0.003541844,0.009647997,-0.0059629,0.01835509,0.007981676,0.008916532,-0.0017715,0.004073634,0.016982634,0.01247439,0.017353289,0.004976295,-0.005807539,-0.006195069,0.004964069,0.003086079,0.02223799,-0.005853411,0.009246508,0.012707601,0.001056397,0.009048676,0.002152413,0.004464542,-0.002299479,0.026781354,0.031260245,0.004786968,0.031540126,0.012397066,0.016340569,0.00408493,0.009900387,0.008081279,0.017268997,0.007504419,-0.01456105,0.005621845,0.014944309,0.011079234,0.008459102,0.019195132,-0.015447988,0.007194486,0.001440738,-0.003783571,0.003125843,0.009498917,-0.007350439,-0.005228933,0.018167509,0.003947903,0.01713673,-0.004560082,0.001040077,-0.006535513,-0.005312965,-0.012053894,-0.00018571,-0.006538073,0.025018308
/mnt/sdd/caltech_training_multiclass/train/001.Black_footed_Albatross/Black_Footed_Albatross_0016_796067.jpg,0,-0.002998123,0.003274238,0.000130692,0.0010734,0.001358344,0.001873448,-0.005224912,-0.011851761,-0.00660523,-0.000746753,-0.011354455,-0.008437151,-0.014553145,-0.001928589,-0.015149077,0.001629427,0.008437368,-0.003421891,-0.004930513,0.002703592,-0.033275146,-0.004796847,0.008321123,0.005820126,0.001824163,0.000888239,-0.005292743,-0.005265891,-0.010449442,0.00175855,0.002506899,0.005325315,0.003357888,-0.009612246,0.006382893,0.008865861,-0.002410005,0.004733672,-0.01568776,-0.015750352,-0.022529725,0.006470208,-0.00215948,0.002417626,0.011394251,0.004672145,-0.031873837,-0.03008876,-0.023379525,-0.025797928,-0.011812694,0.011863611,-0.00037082,0.013933077,-0.006807983,-0.006131934,-0.006166758,-0.003586248,-0.009251414,-0.004459825,-0.003598891,0.015504355,0.005780028,0.01272643,-0.006566004,0.001864914,0.012565855,-0.003461842,0.002403438,0.004449204,-0.011303023,0.002267549
/mnt/sdd/caltech_training_multiclass/train/001.Black_footed_Albatross/Black_Footed_Albatross_0090_796077.jpg,0,-0.002846744,0.001218688,0.002282612,0.005454462,0.003512304,-0.000490214,-0.003221265,0.01074657,-0.017877001,-0.004235204,-0.009148369,0.003111592,-0.002827697,-0.011014041,0.003208021,0.011982994,0.009476176,0.006169925,0.007460856,0.011930029,0.000481922,0.004594239,0.010975644,0.000863685,0.011010259,0.003877214,0.006783114,0.005197662,-0.004659315,-0.00440895,0.009625685,-0.004960729,0.001340061,-0.001675047,0.007991269,0.003560244,0.009645419,-0.004002769,-0.001249073,0.01735607,-0.0082295,0.005864184,0.003029767,-0.015831526,-0.003734747,-0.000375738,-0.000402341,-0.014682277,0.007063002,-0.006150697,-0.000266959,-0.002935919,0.01404272,0.007265249,-0.000974986,0.007282917,-0.024083588,-0.046682406,-0.04268539,-0.022558525,-0.012268055,0.0056929,0.028217172,-0.006988972,-0.023493327,-0.022858515,0.002989909,0.010801636,0.02644188,0.016828883,0.027889222,-0.001676393
/mnt/sdd/caltech_training_multiclass/train/001.Black_footed_Albatross/Black_Footed_Albatross_0089_796069.jpg,0,-2.34E-05,0.001090249,0.000249925,0.005363113,0.001026401,0.000627242,0.002369448,-0.012304752,0.018292164,-0.001209329,-0.007893495,0.002463082,-0.002507745,0.004512022,-0.009213966,-0.009602409,-0.00623275,0.008298395,0.002894781,-0.002294997,-0.012594029,-0.00317464,-0.003219336,-0.008691853,-0.003858617,0.007384331,-0.007610551,-0.000251404,-0.004310841,0.013209541,-0.006982191,-0.015105856,-0.006288688,0.000735859,-0.001472055,0.002502311,-0.007898546,-0.013857532,-0.006459296,0.006647625,0.002980026,-0.00674103,0.001620098,-0.005070265,-0.011322362,-0.010702969,-0.021300696,-0.030276656,-0.021573251,-0.009428774,0.00311407,0.006075165,-0.002659792,-0.008564677,0.006467482,0.005459912,-0.003233173,0.00861283,0.002267635,0.004776659,0.004605567,-0.013036983,0.009894384,-0.02246515,-0.009890579,-0.011952693,0.00775448,-0.001051469,0.017936978,0.01600892,0.008998491,0.00452382
/mnt/sdd/caltech_training_multiclass/train/001.Black_footed_Albatross/Black_Footed_Albatross_0005_796090.jpg,0,0.002221142,-0.001418751,0.000655956,0.01908569,0.013482932,0.003564326,0.015189825,0.009033317,8.71E-05,0.011354314,0.003868723,0.003152033,-0.001916086,0.020905633,0.009066145,0.020592561,-0.002839736,-0.006486019,-0.006899776,0.004889971,-0.002651533,0.010616283,-0.008570004,-0.010664607,0.000995067,0.003253308,-0.001510837,0.00983084,-0.002782574,0.001921082,0.002770406,0.002830512,0.011076821,-0.009028744,-0.012213849,0.001200081,-0.030687224,-0.009114755,0.000860051,-0.001695988,-0.003525087,0.0056127,0.001098731,0.021428144,0.011523293,0.013461903,0.015872313,0.017887268,0.031591028,0.008426575,0.020294424,0.000336673,0.013855143,0.006882881,0.006826374,0.00953839,0.021659723,0.024858605,0.026226886,0.015915893,0.009946295,0.00549317,0.00716653,0.021241285,0.021941476,0.029860362,0.015981847,0.022138514,0.024051737,0.020177621,0.018758327,0.010872196
/mnt/sdd/caltech_training_multiclass/train/001.Black_footed_Albatross/Black_Footed_Albatross_0007_796138.jpg,0,0.002443339,0.002076536,0.001454101,0.010755772,0.004853946,0.003352099,0.021438338,0.021541368,0.014708238,0.012702436,-0.000680417,0.003176299,-0.005116842,-0.001139585,0.020825755,0.005506815,0.010165604,0.005523421,-0.001987827,0.016308082,-0.00225628,0.022223424,0.004130832,-0.005337998,0.007051154,0.000114769,-0.001055348,0.019477155,0.005519731,-0.000105978,0.005272593,0.013538504,-0.000863837,-0.001326758,0.023043968,0.005010419,0.009774097,-0.017917046,-0.014548434,-0.017136347,-0.006397931,0.014628639,0.016878406,0.003984153,0.01773546,0.007356832,0.007172056,-0.001267295,0.003495386,0.021760404,0.007584101,0.019631915,0.022870708,0.006102634,0.018365858,0.007695579,0.01505685,-0.003397585,0.009847571,0.010718071,0.007267883,0.020948738,0.005857537,0.031117713,0.028796908,0.033951573,0.005828598,-0.008973784,-0.005943854,8.18E-05,0.003744606,0.009242012
/mnt/sdd/caltech_training_multiclass/train/001.Black_footed_Albatross/Black_Footed_Albatross_0069_796139.jpg,0,-6.62E-05,-0.001278396,-0.000835638,0.01661845,0.02019766,0.005629391,0.015696168,0.021630537,-0.001274031,-0.001109373,-0.008694658,-0.006558358,0.003658968,0.008821339,0.026799798,0.011278868,0.001791249,0.017890848,-0.001706486,-0.005357498,-0.001426678,0.030499864,2.89E-05,-0.000266069,-0.015236734,-0.001029177,-0.004417107,0.017056782,0.00554782,-0.006953292,0.004810393,-0.00091889,0.024230823,-0.002958005,-0.005376139,0.006280927,0.01008832,0.017239302,0.0197034,0.027337335,0.018040877,0.014275357,0.013940029,-0.013054937,-0.003353496,-0.003539739,-0.002506103,-0.019079268,-0.00748677,0.00418241,-0.005102074,0.017070793,0.02564735,0.025657307,0.020582562,0.022781346,0.016154129,0.00696089,0.000399331,-0.005838835,-0.002959643,0.030191125,0.018566977,0.015823891,0.004661828,0.000438736,0.002199328,-0.006671295,0.013163248,0.000873782,0.003456595,0.014292682
/mnt/sdd/caltech_training_multiclass/train/001.Black_footed_Albatross/Black_Footed_Albatross_0040_796066.jpg,0,0.000545266,0.003692811,0.000440779,-0.00806025,-0.004274751,0.0003959,-0.014629962,-0.027023053,-0.008569732,-0.015753705,-0.002567424,0.006853476,0.004599011,0.018663822,-0.017100714,0.004733945,0.010787027,-0.007081502,0.00064294,-0.006802361,0.013284771,0.004151349,-0.00598462,-0.006673741,-0.005480449,0.0060642,-0.003092071,0.001201631,-0.000302414,0.002693096,-0.000112593,0.012681916,-0.006080446,0.011886416,-0.000475591,-0.01538372,0.032712676,0.013377014,0.029451853,0.02957081,0.009365495,0.011739587,0.014644305,0.002278478,0.002778788,0.000577249,-0.00174176,0.003150613,-0.012725259,-0.002646378,-0.005339372,0.004150117,0.017144002,0.006657423,0.005244951,0.010853859,-0.000868712,0.023903146,0.031103984,0.023476604,0.0198359,-0.005398143,0.026503228,0.003383408,0.000727345,-0.002600414,0.002095995,0.008986022,0.004858214,0.001651197,-0.009453211,0.013797464
/mnt/sdd/caltech_training_multiclass/train/001.Black_footed_Albatross/Black_Footed_Albatross_0041_796108.jpg,0,-0.000786622,-0.000139804,-0.002444193,0.006008037,0.009670001,0.003086677,0.011765004,0.021493979,-0.012886656,0.007541317,0.001528233,0.001046392,-0.003008287,-0.013297048,0.020040782,0.006529293,0.005562653,0.001656218,-0.001976345,0.000202239,0.01850907,0.006832564,0.00742976,0.007698592,0.007822562,0.003454929,-0.001623066,0.011762561,0.005827751,-0.004420703,0.00012863,-0.004102996,0.013912914,0.004553487,0.003915777,0.005193637,0.026263777,0.032162078,0.019578561,0.02615063,0.004926954,0.00818873,0.018101778,0.002414992,-0.004353356,0.005284246,-0.020340748,-0.01695546,-0.004959455,-0.002667605,0.005060237,0.02480408,0.021732025,0.017980617,0.00309036,0.001535117,0.005213792,0.00979428,0.015180968,0.005074801,0.00750221,0.02037936,0.02098614,0.019520374,0.010613341,0.001626856,0.016063895,0.00136908,0.007268403,0.007301632,0.008965173,0.016712222
/mnt/sdd/caltech_training_multiclass/train/001.Black_footed_Albatross/Black_Footed_Albatross_0074_59.jpg,0,0.003682084,0.000968282,0.003731225,0.004714075,0.007188653,0.00445181,0.000125193,-0.01273923,0.00380765,-0.003947206,0.011577884,0.00025178,0.007674343,0.019703992,-0.01075414,-0.007423678,0.00511307,0.00766524,0.000555308,0.00607117,0.005531699,-0.004391118,0.003952451,-0.001164085,-0.012411302,0.000940553,-0.006238267,-0.007092709,-0.011016533,0.002156405,0.000509199,-0.003925651,-0.010336462,0.01170681,-0.005288048,-0.011813251,-0.013758135,-0.020616598,-0.003145152,-0.017647337,-0.014144503,-0.011883623,0.000581502,-0.004384788,-0.00300461,-0.011276423,-0.011413612,-0.003653579,-0.006560649,-0.008901318,0.000465857,-0.00558067,0.005817668,-0.004992893,-0.002796392,0.00622179,-0.014956101,-0.017469201,-0.012448192,-0.00428982,-0.011160594,-0.004665419,0.014016402,-0.017194942,-0.003471814,-0.003179005,0.013423386,0.003880512,0.005194449,0.014858689,0.003486426,0.019093495
/mnt/sdd/caltech_training_multiclass/train/001.Black_footed_Albatross/Black_Footed_Albatross_0050_796125.jpg,0,-0.002282774,-0.00171215,-0.002243917,0.005698295,0.001938124,0.004072471,0.007253512,0.006867816,-0.009143344,-0.00194489,-0.0011582,0.005656792,-0.000168167,0.002563817,-6.37E-05,-0.005487812,-0.005179367,0.005406579,0.010033689,0.019279035,0.012651672,0.03609509,-0.005930067,0.011501865,0.004353356,0.000633188,0.009186656,0.014404573,0.017221656,0.0006283,0.011782041,0.002565421,0.012177227,-0.007918078,0.010696805,-0.005505296,0.010697774,-0.00171377,-0.009716773,-0.009464738,0.005163718,0.020481825,0.017476968,-0.007479507,0.005354824,-0.005676135,-0.001107826,-0.000548094,-0.007241541,-0.001194283,0.004675075,0.02609651,0.011215609,0.011530408,0.018341577,0.02331765,0.008927591,0.012921013,0.013402073,0.01804524,0.001778755,0.009392314,0.003928893,0.007368178,-0.007546701,0.016544681,-0.004571193,-0.00500356,-0.001051407,-0.005401078,0.006211989,0.01956949
/mnt/sdd/caltech_training_multiclass/train/001.Black_footed_Albatross/Black_Footed_Albatross_0058_796074.jpg,0,0.001479706,0.001894218,0.001297867,0.009276969,0.007986445,0.004344213,0.007984206,0.007205065,0.002237698,0.006037315,-0.001450703,0.002017158,0.005973623,0.000741125,0.003673037,0.006987392,0.013978932,0.004895763,0.003927122,0.011420181,-0.001195849,0.006679935,0.009265238,0.002083717,-0.005154597,-0.005142824,-0.001305692,0.008781806,0.001252037,0.003294016,0.0024995,0.001975155,-0.000731357,-0.011843143,-0.004060638,0.00011852,-0.011898607,0.009290142,0.004464552,0.01379454,0.013594219,0.008697006,-0.000449138,0.00091001,-0.00668886,-0.007611572,-0.008959087,-0.026866939,-0.017335968,-0.009003467,-0.025919883,0.020459034,0.03239282,0.005277636,0.001933365,0.006329947,-0.015303057,-0.014547946,0.00710532,0.002639132,0.009984653,0.007569145,0.009779736,0.032552112,0.018507473,0.022353973,0.009745306,0.006974276,0.01249525,0.008522411,0.012716658,0.008799203
/mnt/sdd/caltech_training_multiclass/train/001.Black_footed_Albatross/Black_Footed_Albatross_0038_212.jpg,0,-0.001300002,-0.00089506,-0.002476079,0.009216683,0.003007382,0.001675527,0.003354242,0.004387334,-0.015667312,-0.010182018,0.010181522,0.007314232,0.020471869,0.013522055,-0.000103247,-0.018381678,0.005356065,0.004103665,0.00388423,0.013342483,0.023051497,0.008303764,0.00417565,-0.000968945,-0.002228195,-0.003363507,-0.010651613,0.010337185,0.008752024,-0.003251404,-0.002252081,0.003816659,0.001161652,0.012771023,0.01263243,0.00664578,0.022904579,0.027687505,0.03843426,0.04098127,0.013819484,0.013177848,0.0008335,-0.005029921,-0.007210788,-0.015967216,-0.011059724,-0.00161793,-0.013512951,-0.004080749,0.005930292,0.020000275,0.001854264,-0.011160472,-0.009660939,-0.003408397,0.006028499,-0.002278517,-0.005247343,-0.002405636,0.001938778,0.015493842,0.005514914,0.006814534,-0.001755777,-0.003457821,-0.002659925,0.000784704,0.001500198,0.003217261,-0.003878588,0.000480876
/mnt/sdd/caltech_training_multiclass/train/001.Black_footed_Albatross/Black_Footed_Albatross_0077_796114.jpg,0,0.003632064,0.007317156,0.000252866,0.012217728,0.009355336,0.003797696,0.009250577,0.001132412,0.019259203,0.005717055,0.000829089,-0.004479481,-0.004558385,0.018689524,0.005318336,0.010623787,0.012756132,0.012724342,0.00634941,-0.005957243,0.003400007,-0.005001762,0.009433538,-0.00309536,0.0082212,0.004357177,-0.00083966,0.018732607,0.000145724,0.006855561,0.002283222,-0.003973201,-0.005513476,-0.006402277,-0.001818398,-0.000450917,0.013398381,0.014134945,0.009098107,0.013554788,0.014078904,-0.002305167,0.005804502,0.01324714,-0.002696958,-0.00965415,0.017023858,0.008203368,0.00931935,0.010859239,0.00804213,-0.01151743,0.000284328,-0.007530357,-0.00571545,-0.002924555,0.012111089,0.023118205,0.00709832,-0.004886497,0.000158123,-0.006339312,0.014855227,0.009761725,0.020919755,0.014672186,-0.017575787,-0.000722998,-0.01650669,-0.013742344,-0.022458788,0.017125871
/mnt/sdd/caltech_training_multiclass/train/001.Black_footed_Albatross/Black_Footed_Albatross_0079_796122.jpg,0,-0.004557822,-0.002420896,-0.002679384,-1.65E-05,0.001946361,-8.02E-05,-0.001078049,0.000828357,-0.009393683,-0.001258931,-0.000998287,-0.004513841,0.00329143,0.012120871,0.005394311,-0.003166807,-0.005071797,0.013591413,0.006670665,0.01339543,-0.004076749,-0.009161228,-0.004028893,0.003533528,-0.006095316,-0.003359445,-0.001293827,0.014090462,-0.002732975,-0.004604557,0.003073332,0.005247389,0.012001928,0.010442115,-0.000247867,-0.012294355,0.029451162,0.014202307,0.019692544,0.005654811,0.004217481,-0.016037196,0.023211507,0.02601993,0.03276237,0.028359627,-0.005856426,0.012675718,0.006089834,0.006592323,0.01649747,0.005586698,0.022225939,0.01139273,0.024096914,0.015179563,0.022245176,0.01390948,0.033434257,0.01714312,0.016414788,0.001948464,0.014835382,0.011152642,0.012590107,0.012721131,0.021098673,0.028060587,0.009930066,0.01595247,0.02757876,0.014497262
/mnt/sdd/caltech_training_multiclass/train/001.Black_footed_Albatross/Black_Footed_Albatross_0088_796133.jpg,0,0.001372519,-0.003142361,-0.001556908,0.009878825,0.00383051,0.005812608,0.012820161,0.017424233,0.000313387,-0.001063448,0.00667572,-0.010852908,0.010553865,0.033660386,0.008509252,-0.00822335,-0.006737853,-0.003107781,-0.002430239,0.001473934,0.02862362,0.002251228,-0.004819334,-0.001075101,0.000704234,-0.007833067,0.00576061,0.03460731,0.00468731,-0.002900878,-0.009331165,-0.019766204,-0.005443265,-0.004350378,0.013159188,0.001039887,0.024158366,0.028954184,0.028980784,0.028818568,0.01626774,-0.00218125,0.013054938,-0.00101139,0.006543474,-0.012885893,-0.0215784,-0.028724717,-0.010710385,-0.00928265,-0.015373882,0.033394605,0.019657122,0.002428251,0.00348507,-0.002231056,0.002250299,0.008364184,0.005801461,0.005761212,-0.002792481,0.005588243,0.015125655,-0.000590307,-0.000642937,0.008640012,-0.006297889,0.003137372,0.002813823,-0.004238544,-0.006714586,0.002441056
/mnt/sdd/caltech_training_multiclass/train/001.Black_footed_Albatross/Black_Footed_Albatross_0024_796089.jpg,0,0.003635551,-0.00117672,0.001059749,0.004417579,-0.003924222,0.001153617,0.00914768,-0.001142088,0.007837558,0.012606354,0.001150003,0.006557491,0.001400633,0.014144224,0.000612916,0.004038685,0.007684466,-0.000527553,0.00903956,0.008561456,-0.006195901,-0.001999855,0.00915853,0.001394788,0.015863448,0.004622767,0.001747444,-0.009968234,-0.008804116,0.001554777,0.011365423,0.012441976,0.010638563,0.017580666,0.020450316,0.004106532,0.00454241,0.002396086,-0.006401328,-0.019163068,0.010067381,-0.008893681,0.004270958,0.002571042,0.006524777,0.009253597,-0.000643402,0.005670846,0.004011526,0.0032793,0.006924125,0.006318067,0.012914615,-0.000765796,-0.008797687,-0.003283302,-0.009345032,-0.010596882,-0.012079545,0.007711915,0.003094397,0.022276595,0.014837527,0.015865345,0.012634511,0.023601187,-0.0046694,0.002204203,0.015058187,0.008157597,0.012538083,0.010901916
/mnt/sdd/caltech_training_multiclass/train/001.Black_footed_Albatross/Black_Footed_Albatross_0037_796120.jpg,0,0.00011632,0.001553532,0.000277415,0.007196631,0.006917686,0.001865655,-0.00018335,-0.005515468,-0.006463637,-0.005858063,-0.001798492,-0.002683947,-0.010016512,-0.001328725,-0.004961187,-0.012842985,-0.005819337,0.004030737,-0.000126676,0.000326472,-0.008703452,0.002159808,0.001298409,0.003067256,-0.012342067,3.36E-05,0.005450471,-0.001742237,-0.001059309,-0.005079772,0.003396951,-0.000706767,-0.021279246,-0.00458499,0.014992078,0.007668828,0.002667512,0.008784777,0.009798216,0.011405373,-0.002649055,0.009460857,-0.005822142,0.013477922,0.016383879,0.009484427,0.005453275,0.012678431,0.00804868,0.003267283,-0.006962899,-0.021758813,-0.006571487,0.010364068,0.008707225,0.006190458,-0.012110312,-0.009383454,-0.014121483,-0.000608278,-0.00832155,0.01157489,0.014839433,0.015095213,-0.006089619,0.000426768,-0.006738629,-0.004707074,-0.016969642,-0.013492403,-0.010699747,0.005481968
/mnt/sdd/caltech_training_multiclass/train/001.Black_footed_Albatross/Black_Footed_Albatross_0060_796076.jpg,0,0.003076708,-0.003606525,-0.001135803,0.004183193,0.008249326,-0.00049968,-0.001215979,-0.005283144,-0.006528075,0.004272176,-0.00092349,-0.003117951,-0.000349221,0.014978431,-0.01172525,0.007198981,0.001620586,0.008988227,0.006436909,-0.010827392,-0.015301291,-0.014295645,0.008208895,-0.000436298,0.001357944,-0.005534739,-0.006066526,-0.010873362,-0.008202854,-0.008857891,0.004800881,0.015396984,-0.016043853,0.003554058,0.009375665,0.003920567,-0.008137173,0.002035323,0.007358593,0.012185304,0.002730326,0.00707952,-0.000436413,0.00150761,0.01333694,0.001818215,0.006265168,0.003093905,-0.005061164,-0.008764333,-0.008378321,-0.008406285,0.000829271,-0.000242785,0.000442108,-0.010846841,0.003997741,0.002567555,-0.009159108,-0.01133492,-0.005696473,-0.020038046,0.007670596,-0.018496744,-0.009805759,-0.005817245,0.008456367,0.004419656,0.005148964,-0.001428019,0.014907606,0.004494609
/mnt/sdd/caltech_training_multiclass/train/001.Black_footed_Albatross/Black_Footed_Albatross_0049_796063.jpg,0,0.001478008,-0.000191943,-0.001671242,-0.002494652,-0.001412997,-0.00219591,-0.006672768,-0.001344348,-0.010428831,-0.000374878,-0.015398677,0.001137931,-0.00346696,-0.008031059,0.000567664,-0.008342118,-0.000303432,-0.007804355,0.001054547,0.003084503,-0.003094045,0.006318937,0.010390338,0.016843792,-0.005166534,0.003723138,-0.001115089,0.007061655,0.02036037,0.00896817,0.011828611,0.03695454,0.02110581,0.014017933,9.77E-05,-0.003073662,0.003517152,0.006606934,0.003421882,-0.009679212,0.010950178,0.01175478,0.010957059,0.019693933,0.022389054,0.03252951,0.004262516,-0.007300808,-0.000494603,-0.004300467,-0.002993738,0.019955253,0.011072637,0.007270305,0.008821629,0.022356855,0.007295641,0.005103674,0.01691629,0.009725899,0.006738449,-0.004691008,0.009370782,0.014569126,0.019127255,0.020265084,-0.002629316,0.012320465,0.005064028,0.011543931,0.010867219,0.011754504
/mnt/sdd/caltech_training_multiclass/train/001.Black_footed_Albatross/Black_Footed_Albatross_0026_796095.jpg,0,0.003359126,0.001384391,0.001929924,0.0011218,0.000355301,0.001001099,0.005358235,0.011825998,-0.005288608,0.00332649,0.001281753,0.004350775,0.003290376,-0.013976267,0.005851041,-0.006240001,-7.99E-05,0.014415011,0.0081304,-0.001208225,0.00602387,0.020229837,-0.006437992,0.003320314,-0.013908906,-0.00869595,-0.000651124,0.005360616,0.010691201,-0.015129958,0.00047767,0.019380553,0.01231893,0.005620047,0.010470405,-0.002000443,-0.009995354,0.018889632,0.000686386,0.009969153,0.006543959,0.020463724,0.009969183,0.010866731,0.02040687,0.021644976,0.01695631,0.025574898,-0.000927834,0.027422715,0.00841613,0.009988196,0.02664649,0.007332657,-0.008889405,0.002095538,0.010238668,0.025751472,0.023837235,0.027305853,0.014676257,0.02133593,0.007355765,0.034717496,0.01809052,0.024220997,-0.000477569,0.005842179,-0.001913818,-0.009627234,0.001458122,0.015151075
/mnt/sdd/caltech_training_multiclass/train/001.Black_footed_Albatross/Black_Footed_Albatross_0032_796115.jpg,0,0.000240764,-0.003799051,-0.002075644,0.008371352,0.009034743,0.001996876,0.001558921,0.015064439,-0.007025516,-0.010088989,0.00982048,0.003963102,0.00468276,0.009152583,0.005073957,-0.006284494,-0.001718091,-0.009664472,0.001373329,0.004907871,0.01445695,0.011673287,0.008618193,0.007847025,-0.01087343,-0.014470435,-0.005922163,0.012528475,-0.001765151,-0.008058419,0.00160908,0.003215046,0.007676432,0.003142952,0.000685125,-0.012346277,0.032093115,0.036652714,0.019409323,0.01688762,0.014697553,-0.002482408,0.012000313,0.003644091,0.015156006,0.000909161,-0.02592785,-0.00392773,-0.003877485,-0.006270943,-0.01077213,0.010484796,0.028153501,0.007907406,0.018758453,0.012594195,-0.012505592,-0.01315086,-0.021136308,-0.007518207,-0.003923842,0.017644845,0.022956174,0.004569457,0.003587665,0.002551789,0.006092408,0.000614051,0.003980908,0.007953269,0.0041119,0.009358876
/mnt/sdd/caltech_training_multiclass/train/001.Black_footed_Albatross/Black_Footed_Albatross_0053_796109.jpg,0,-0.002810394,-0.003992358,-0.000135844,0.005825697,0.005874116,0.004667049,0.01558604,0.020989526,-0.001498758,0.006157519,0.00253438,0.002201137,0.004605864,0.016507905,0.018251598,0.015779505,0.00328945,0.00050097,-0.003364551,0.00866909,0.027462222,0.018209655,-0.003372345,0.002675242,-0.002053527,0.00443188,0.00119383,0.03159246,0.008895265,0.005046773,-0.004441612,-0.000414779,0.024119813,-0.005193092,0.010325789,0.000901677,0.05964548,0.057324693,0.05970224,0.06464274,0.025891945,0.015638378,0.01618387,0.014708314,0.007601078,0.011586505,0.017118543,-0.002905338,0.02328946,0.03781842,0.01907111,0.015266743,0.02283558,0.01965355,0.019510064,0.01447398,0.031490624,0.037033282,0.02621818,0.01894764,0.021346752,0.016658144,0.014351422,0.021369508,0.006505027,0.003716504,0.001061197,0.002580425,0.002428743,0.008729233,0.005977095,0.008136068
/mnt/sdd/caltech_training_multiclass/train/001.Black_footed_Albatross/Black_Footed_Albatross_0035_796140.jpg,0,-0.000617294,0.001043985,0.003101204,0.022394544,0.016240211,0.00697056,0.013146445,0.014016273,0.011786105,0.009539016,0.003940965,0.001150612,-0.009080657,0.002549805,0.020750817,-0.001778058,0.002310706,0.00270331,-0.005496739,0.003888069,0.003523555,0.015625216,0.00539721,0.012556765,0.003131891,-0.003677237,0.005152934,-0.006045441,-0.002839579,0.015386216,-0.004126628,0.001911,0.002947287,-0.004739699,-0.004219697,-0.001954924,0.001630289,-0.011214655,0.00210423,0.003591998,0.005121471,0.048042454,0.014177864,0.008845097,0.005596597,0.005264607,0.014868847,0.02615824,0.008898816,0.014706364,0.001043071,0.017158179,0.023565643,-0.002466473,0.009726093,0.003516138,0.01077251,-0.012680181,-0.005765678,-0.004099024,0.012360444,0.011600588,0.023432342,0.007584735,0.005388794,0.006526566,0.005700585,-0.007700627,0.00112141,0.00424824,0.008505737,-0.009824029
/mnt/sdd/caltech_training_multiclass/train/001.Black_footed_Albatross/Black_Footed_Albatross_0061_796082.jpg,0,-0.000301892,-0.004018072,0.000143326,0.004372317,-0.000488979,-0.000536697,0.009262263,0.009595861,0.004535434,0.006656379,0.002278477,-0.003605681,-0.000550133,0.002374853,-0.009156977,0.000291532,-0.001917742,0.000158347,0.002669927,-0.005166588,0.004751084,0.005165541,0.003644767,-0.002910516,0.01111978,0.006288025,-0.004057202,-0.004159653,-0.007005594,0.006645727,-0.000407649,0.005279743,0.005501516,-0.001732116,-0.004051208,-0.002733222,-0.00829109,-0.014523095,-0.018541735,0.000252092,-0.02257837,0.006720816,-0.00577736,-0.004015103,-0.014535715,-0.00339485,-0.011093411,0.009372298,0.005969736,-0.005446236,0.008670888,0.013759576,0.008993651,0.006840445,0.015085917,0.012814649,-0.009543296,-0.015129278,-0.008481558,-0.023187954,-0.016832296,0.001161861,0.01598815,-0.011590185,-0.016785013,-0.018942382,-0.008398075,-0.019175377,-0.019399667,-0.001802884,-0.009011079,0.014060248
/mnt/sdd/caltech_training_multiclass/train/001.Black_footed_Albatross/Black_Footed_Albatross_0023_796059.jpg,0,0.004110213,0.003511307,0.004804331,-0.008168975,-0.000188604,0.001244381,0.003515926,0.0040433,0.015819658,0.006897203,-0.002780285,0.004304212,9.35E-05,0.008643976,0.006519769,0.009561492,0.007862104,-0.008614851,-0.01056853,-0.012582108,0.016235739,0.00363854,-0.011951429,-0.000453521,-0.007463888,-0.009410105,-0.006472134,0.024866397,0.000165117,-0.004509889,0.003596052,0.013271263,0.01181843,-0.002824421,-0.019223135,-0.007079661,0.028067816,0.016850587,0.02689344,0.04308854,-0.002710052,0.004091558,0.013105158,-0.014077136,-0.004041181,-0.001617055,-0.014683748,-0.00948938,0.001837865,-0.006510403,-0.009105278,0.018456131,0.033963982,0.001037599,0.009658022,0.015199297,0.004725215,0.002351598,0.000122525,-0.006326956,0.000821325,0.006319932,0.026008196,0.031717386,0.008337936,0.013852175,0.00599118,-0.002435413,-0.011953641,-0.013089849,-0.000917827,0.01290635
/mnt/sdd/caltech_training_multiclass/train/001.Black_footed_Albatross/Black_Footed_Albatross_0033_796086.jpg,0,0.002089701,0.001508927,-0.000667851,0.001763256,-0.005717259,0.002367942,0.006759368,-0.003669353,0.006856578,-0.005408787,0.002275592,0.007463925,0.009302285,0.005641006,0.012557276,-0.014522119,-0.000321374,0.006986497,0.005129312,0.003149746,-0.009682084,0.008993669,-0.003862683,0.012001365,-0.002308094,-0.003185044,0.007979333,0.011312326,0.007348648,-0.00125725,0.008393343,0.012124643,0.012559548,0.008542785,-0.002048669,0.005039717,0.00510569,-0.006754449,-0.002570022,-0.003134186,-0.005526714,0.02595695,0.014416568,0.031130292,0.034022868,0.005772263,-0.010448528,-0.007040389,0.003549445,-0.013368603,0.00748571,0.002081057,0.020959266,-0.007126933,0.008223439,0.003699389,-0.004551267,-0.009952327,-0.017183535,0.002701925,-0.013114493,0.020983376,0.001737125,0.02332694,0.021986462,0.019652437,0.015339151,-0.005455949,-4.88E-05,0.007315279,0.003764466,-0.000128188
/mnt/sdd/caltech_training_multiclass/train/001.Black_footed_Albatross/Black_Footed_Albatross_0042_796071.jpg,0,-0.001608798,0.004243275,0.002163499,0.016732145,0.014067841,0.006057638,0.014057936,0.017119462,0.001822468,-0.005288454,0.011921985,0.009154106,0.00935028,-0.008545272,0.026373861,0.000690993,0.001904145,0.003997214,0.009509042,0.006467928,0.018370971,0.011554718,0.012822783,0.013346745,-0.00876681,-0.00998749,-0.009742945,0.013200702,-0.003396692,-0.001636069,-0.009744087,-0.012665298,0.006331332,0.011403066,0.015246095,-0.000112594,0.016970601,0.007001423,0.008505136,0.03249658,0.010937482,-0.004247829,-0.002456793,-0.009331833,-0.003501642,-0.009686938,0.000942182,-0.000442074,-0.005216277,0.011015426,0.002591982,0.008760663,0.012790691,0.012283247,-0.009302519,-0.003193885,0.007216548,0.019428913,0.009467621,0.014547292,0.000488069,-0.006397627,0.011959448,0.000468848,0.007082812,-0.002349086,0.002592495,-0.003228183,0.009424881,-0.007486895,0.004555333,0.011607196
/mnt/sdd/caltech_training_multiclass/train/001.Black_footed_Albatross/Black_Footed_Albatross_0036_796127.jpg,0,0.000321809,2.82E-05,0.001579484,-0.007879589,-0.006981177,0.000698065,-0.001517377,-0.009108633,-0.000480343,0.000413187,0.002058843,0.002931168,0.000428539,-0.020986855,-0.006987397,-0.011082049,-0.008538984,-0.000522132,0.005489623,0.005492845,-0.022514418,-0.004930551,-0.004573526,0.006617251,-0.004061791,0.004920952,-0.00733748,-0.01444382,-0.002890839,-0.004439413,0.00349116,0.004231975,-0.013513779,0.021875532,0.01953658,0.009848934,-0.020268314,-0.010739131,0.0126279,0.008758294,0.013654617,0.00067596,-0.002411543,0.015087265,0.016227676,0.00785068,-0.012297044,-0.001116553,-0.008371137,-0.01040079,-0.01169657,0.005281914,0.006163289,0.021417137,0.018236643,-0.003271675,-0.014967764,-0.010345668,-0.00853315,0.00856044,-0.005334762,0.018548392,-0.000693733,0.010299725,-0.0051782,-0.000896815,0.01568503,0.00665819,-0.009562194,-0.006120884,-0.002398567,0.005350225
/mnt/sdd/caltech_training_multiclass/train/001.Black_footed_Albatross/Black_Footed_Albatross_0078_796126.jpg,0,0.006468236,0.00637813,0.003526563,-0.000774237,-0.004565209,0.000911032,0.000228391,0.001415901,0.013344314,-0.001451231,0.002238689,0.007676016,-0.000933763,0.013752393,0.005547267,0.011826994,0.005202529,-0.004473846,0.012408822,0.004651684,0.023515264,-0.004734314,-0.010225148,-5.64E-05,0.008380244,0.000718152,-0.000263563,0.021485364,-0.016228072,-0.001675091,0.001307197,0.005548653,-0.020847356,-0.00867169,-0.004832562,0.003188112,0.040203184,0.017568707,0.030826014,0.01684212,0.012512904,0.013225136,-0.001644642,-0.000244904,0.010173307,0.007105173,-0.017742569,-0.013864276,-0.021314781,-0.013187333,-0.01406722,0.009202131,0.001636977,-0.0172611,-0.002906365,-0.00311845,-0.001913936,0.010986024,0.004474973,-0.011101527,-0.004984442,-0.008842742,-0.001595553,0.004042503,0.008291721,0.016963338,0.003335476,-0.012254851,0.006966401,0.015672635,0.016586527,-0.01167809
/mnt/sdd/caltech_training_multiclass/train/001.Black_footed_Albatross/Black_Footed_Albatross_0003_796136.jpg,0,-0.004117975,-0.002622361,7.97E-05,-0.000807611,-0.002515831,-0.000512926,-0.007732781,-0.018454745,0.002814774,0.002839151,-0.007936491,-0.006658799,-0.006022715,-0.01657716,-0.004713992,-0.006722188,-0.000275267,-0.004346676,-0.002568481,0.000106928,-0.017138235,-0.001310525,-0.009458406,0.000583452,-0.008006014,0.000645089,-0.011146156,-0.002812195,-0.006593901,-0.010580334,-0.003673554,0.002584549,-0.002226021,1.79E-05,-0.00164235,-0.010287494,0.009204514,0.015943851,-0.009505117,0.013586354,-0.014176263,0.000601429,0.000611866,0.002325432,0.004064993,0.010115069,-0.024864739,-0.035297588,-0.037991226,-0.02926132,-0.011856237,0.005322334,0.010911593,-0.01722752,-0.003230555,0.006575889,-0.026655333,-0.022673253,-0.032820117,-0.012520431,-0.01991744,-0.004829234,0.000570627,0.006651311,0.009064816,0.006734559,0.002029228,0.002091362,0.003604215,-0.005306657,-0.00767037,0.009410582
/mnt/sdd/caltech_training_multiclass/train/001.Black_footed_Albatross/Black_Footed_Albatross_0063_796141.jpg,0,-0.002062501,0.000642325,0.000901395,-0.00277687,-0.00138971,0.002015618,0.007609309,0.016934188,0.002276617,0.006350866,0.002910741,0.003444833,-0.000905536,-0.026307564,-0.00209901,0.007431956,-0.004381413,0.006476355,0.004138362,0.000216471,-0.016004186,-0.012315787,-0.0019735,0.009276646,-0.005578185,-0.007523291,0.00072199,0.004998177,0.00067548,0.001791243,-0.001184722,-0.001084249,0.002087857,-0.017845945,-0.017613165,-0.01360178,-0.00423609,-0.027938463,-0.021940295,-0.01990829,0.003622893,0.0098838,-0.004079846,-0.000544433,-0.000497132,0.010154637,0.004252114,-0.000686478,0.003407095,-0.014795789,-0.011700667,0.004633417,0.015243005,-0.004406373,0.00798053,-0.014965342,-0.010757117,-0.012361584,-0.003457141,-0.00804745,0.000290203,0.012909456,0.030687977,0.016956177,0.005400616,0.012075213,0.000162849,-0.009211648,0.001507185,0.015483223,0.015988685,0.011083568
/mnt/sdd/caltech_training_multiclass/train/002.Laysan_Albatross/Laysan_Albatross_0091_602.jpg,1,-0.001550641,-0.000144975,-0.00377674,-0.001256931,-0.007447872,0.001068397,0.00669866,0.008989668,-0.003483121,0.003715971,0.011035549,0.001042789,0.00203761,0.007601977,-0.008172349,0.014212232,0.007611712,0.012462914,0.008765946,0.009126764,-0.014128394,0.007812579,0.014041461,0.018329576,-0.003055543,-0.004439391,-0.004479274,0.003936921,-0.000330538,-0.002525037,0.005648864,0.012182958,-0.000764565,0.01826435,-0.001662596,0.011770185,0.004412337,0.00905224,0.012280257,0.007997589,0.001842533,-0.002256527,0.006490761,0.009344198,0.009113995,-0.000730547,0.016029257,0.027781311,0.02033583,0.013184868,0.009725101,-0.013866089,0.006454344,-0.002136466,0.001767727,0.007190122,0.008110605,-0.003767515,0.004256281,-0.002156783,0.000653095,0.005083745,0.002720845,-0.008007578,-0.014438391,-0.009333247,-0.002385139,-0.00704397,-0.000366364,0.006301727,0.002621998,0.006768661
/mnt/sdd/caltech_training_multiclass/train/002.Laysan_Albatross/Laysan_Albatross_0017_614.jpg,1,-0.004426451,-0.000441464,-0.003570313,0.004753849,-0.001235544,-0.001175831,-0.007359739,-0.01559183,0.017353289,0.003062052,-0.002664389,-0.006111053,-0.002746779,-0.003514394,0.004494232,0.012318471,0.01445231,-0.009821449,-0.000633462,-0.004061641,-0.025885347,-0.000458295,0.004596434,0.004093824,-0.000555478,0.001396207,-0.002767048,0.01088218,-0.000701873,-0.004541121,0.001781573,0.009536787,0.022907123,-0.001487555,0.003699557,0.00460284,0.007702784,0.022448525,0.015727416,0.016117157,0.00286583,0.000537526,0.011341097,0.004038082,0.006225911,0.005529378,0.014058575,0.012895837,0.018814556,0.022117887,0.014603473,-0.000435984,-0.000477885,0.016789638,-0.007176745,0.018877681,0.009617597,0.009814207,0.018344786,0.028142575,0.010793859,0.010401569,-0.005551566,0.002834139,-0.008343956,-0.006919225,0.005819081,0.014806778,0.00535126,0.004049369,0.014387874,0.015956365
/mnt/sdd/caltech_training_multiclass/train/002.Laysan_Albatross/Laysan_Albatross_0059_488.jpg,1,0.003139914,0.001147891,0.004286008,0.00488181,-0.001578338,-0.001320493,0.001991333,-0.002835949,0.010275777,0.007186992,0.003811978,-0.007095698,-0.01681768,0.006842793,-0.011736545,0.000384834,0.00876415,0.000677936,-0.002122553,-0.006820748,-0.03275764,-0.011713674,0.000702654,-0.001409743,0.010195968,0.000341625,0.001854934,-0.011741266,-0.00218085,-0.010574122,2.01E-05,0.005033408,-0.005073841,0.016648283,-0.005760173,0.003058263,-0.019156892,-0.028658185,-0.019500274,-0.03407833,-0.005880483,-0.023409706,-0.013888207,-0.009948472,-0.002303612,-0.008264737,0.003602792,0.004529479,0.004971239,-0.012132504,-0.012786781,-0.009638226,0.003232749,-0.001806159,-0.005359309,-0.005853566,-0.033079486,-0.02449963,-0.015240079,-0.009210875,-0.012159703,-0.005578054,0.007347073,-0.004088068,-0.024840517,-0.024044305,-0.006247288,0.006039326,0.008353656,-0.005785307,-9.84E-05,-0.018542927
/mnt/sdd/caltech_training_multiclass/train/002.Laysan_Albatross/Laysan_Albatross_0085_564.jpg,1,-0.00409535,-0.003986592,-0.001388871,0.005300514,0.005784452,0.001210755,-0.012573383,-0.018314376,0.01959801,0.002379819,0.003965597,-0.001684308,-0.003925756,0.000114569,-0.019069102,0.00648375,0.010223854,-0.001898004,-0.008538926,-0.009170509,-0.040412497,-0.006454004,-0.009677343,-0.004321238,-0.007976791,-0.006050705,0.000672531,-0.012431424,-0.008218661,0.006137242,-0.003116317,0.00393893,-0.006817647,-0.005285047,-0.00707053,-0.022588752,-0.010920714,-0.03724769,-0.035276525,-0.00958748,-0.014697299,-0.002431268,0.010896333,-0.017656738,-0.017948199,-0.00026452,0.018627405,0.032666318,0.017641911,0.011519708,-0.000528119,-0.007764117,0.014299247,-0.000419545,-0.00014854,0.006989073,-0.02332123,9.62E-06,-0.013014094,0.002449895,-0.00438695,0.005325656,0.011090163,0.000765884,0.015723612,0.009581261,0.00647907,0.007282118,0.00995603,0.015176822,0.019354802,0.02185431
/mnt/sdd/caltech_training_multiclass/train/002.Laysan_Albatross/Laysan_Albatross_0076_671.jpg,1,-0.000204837,-0.002240427,-0.001215042,-0.007750215,-0.008108678,0.00175585,0.004443944,0.00382088,-0.000924198,0.001450319,0.011082748,0.010141817,0.005971031,-0.022199493,0.007186046,0.01561616,0.011449993,-0.003365174,-0.002931008,0.004511348,0.001487699,-0.000451035,0.000951915,0.003968841,0.00717099,0.004604588,0.003646428,0.006410308,0.005155712,0.003236547,0.01103228,0.019266145,0.006717127,0.009145148,-0.012364673,0.002676709,-0.001323355,0.012397215,-0.007887825,-0.01810681,0.006762062,-0.007720906,0.003857134,-0.00664539,-0.013897394,-0.02032929,-0.002362752,0.001274683,-0.008340962,-0.006463972,-0.016865732,-0.006638014,0.00286409,0.01327873,0.017759187,0.009642181,-0.005769673,-0.010264961,-0.005591036,-0.007434268,-0.017871156,-0.011238914,0.01666181,0.000852039,0.009294039,0.009790909,-0.007891147,0.002587267,0.01082499,0.000144676,0.009579856,0.004000893
/mnt/sdd/caltech_training_multiclass/train/002.Laysan_Albatross/Laysan_Albatross_0040_472.jpg,1,-0.001957771,-0.002027236,-0.003374688,-0.004113758,-0.004207879,-0.000476989,0.006016126,0.01666683,0.000744227,-0.000897741,-0.007602007,-0.0110498,-0.013173307,-0.014346313,0.006247148,-0.004910294,-0.003262929,-0.003932267,-0.002185031,0.006090029,-0.001636803,0.020582546,0.010700216,-0.00150871,-0.006937058,-0.006707296,-0.011844401,-0.011622522,0.004259091,-0.001214891,0.002164834,0.008937495,0.025011946,0.019227648,0.027048212,0.01803957,-0.000252044,0.003099735,0.004315643,0.008901849,0.013186968,-0.001235566,0.017112438,0.016290605,0.0103394,0.014391112,0.009024138,0.018771563,0.012677461,-0.000565994,-0.006953858,0.017908137,0.005652514,0.023304122,0.01443175,0.011988031,0.01896302,0.003829624,0.006414714,-0.000891749,0.00912156,0.016601019,0.000611704,0.007382084,0.008560709,0.017396871,0.008206013,0.009427438,0.030974694,0.032291465,0.038959786,0.008886602
/mnt/sdd/caltech_training_multiclass/train/002.Laysan_Albatross/Laysan_Albatross_0083_756.jpg,1,0.002435057,-0.003036337,0.000971654,-0.0021707,-0.006053276,0.003294904,0.007457686,0.00250854,-0.008453223,-0.008930564,0.002532561,1.15E-05,0.002820597,0.009092664,0.004357484,0.001614419,0.008038774,0.00740388,0.000241002,0.006222163,0.009283785,0.012969499,0.012901377,0.005602093,-0.02029756,-0.007327415,-0.007554495,-0.005441546,0.006704382,0.008728476,0.005403876,0.014683135,0.011595005,0.007671699,0.009008326,0.008248078,0.021305505,0.01595871,-0.000740079,-0.004227509,0.005916559,-0.004774561,0.006240459,-0.002244479,-0.008536181,-0.006450743,0.009033148,-0.0032281,-0.011039282,-0.002857033,-0.003906289,0.009402522,0.010191194,-0.002403912,0.00446245,-0.001194938,-0.011636822,-0.003665527,-0.008535514,-0.000936167,-0.006943787,-0.005493285,0.002112117,-0.00247482,-0.009642772,-0.004163595,0.006682566,-0.014004052,-0.00937283,-0.020872017,-0.004756035,0.006910677
/mnt/sdd/caltech_training_multiclass/train/002.Laysan_Albatross/Laysan_Albatross_0080_821.jpg,1,6.95E-05,0.002283976,-0.000133313,0.008512721,0.002942309,-0.000600831,-0.0067546,-0.010752371,0.014467537,-0.006589496,0.001320652,0.001233771,0.001431012,0.000242322,0.003679186,-0.005621267,-0.0078838,0.005671542,8.87E-08,0.004505513,-0.016826853,-0.006400488,-0.001509985,-0.00587141,-0.002252332,-0.005218208,-0.003090832,-0.004333247,-0.005933888,0.007265776,0.005957339,0.00960358,-0.005822126,-0.002946748,0.003225244,-0.002514037,-0.018946575,-0.017869918,-0.014614429,-0.027133476,-0.013291114,0.00531361,0.001306231,0.003420582,0.013262915,-0.01144331,-0.004353173,0.013367711,0.002984423,-0.008617949,-0.010274389,-0.014274307,-0.001723832,0.003485048,0.00859677,0.007034413,-0.004493696,-0.000617021,0.006649396,0.008286891,-0.011744835,-1.87E-05,0.011119139,-0.004911143,0.003268233,0.000111835,-0.005072657,-2.47E-05,-0.00935627,-0.000733205,-0.008559682,0.008379064
/mnt/sdd/caltech_training_multiclass/train/002.Laysan_Albatross/Laysan_Albatross_0065_809.jpg,1,0.005345588,0.001766627,0.002828995,0.010911449,0.009723624,0.001375506,0.009478641,-0.004996869,-0.012762756,0.003303206,0.015761789,0.002674451,-0.007279221,0.007932293,-0.008610055,-0.001666421,0.000358728,0.005312746,0.004848748,0.004748964,-0.019650856,-0.006679101,-0.001057946,0.00116666,-0.004686469,-0.002533212,-0.003023536,-0.006557761,-0.001907339,-0.00607583,0.002760064,0.002803479,0.003082965,-0.003998905,-0.00573225,0.004212849,-0.006363379,-0.01899347,0.010840638,-0.001270203,-0.010454314,-0.000600552,0.008225011,0.007766966,-0.007493122,-0.015397709,-0.005320739,0.022051735,0.011146842,0.012562229,0.013704111,-0.016322691,0.001229856,0.016013365,0.011341268,0.011607198,-0.025984466,-0.011255648,0.002114138,-0.012208346,-0.004560839,0.004761806,0.002717346,0.001717715,-0.002441873,0.003751162,-0.001094562,-0.002332094,-0.004709812,0.005221543,0.008375939,0.014088548
/mnt/sdd/caltech_training_multiclass/train/002.Laysan_Albatross/Laysan_Albatross_0042_801.jpg,1,0.000405446,0.001603826,0.001085358,0.01341421,0.013779717,0.003008179,0.019362286,0.012589077,-0.00702021,-0.001943153,0.002542527,0.008264341,0.002433511,0.002069304,0.014195707,0.000729738,0.001388962,-0.005539965,0.00171539,0.001517276,-0.006324783,0.002740991,0.01489477,0.009587795,-9.14E-05,-0.002297978,-0.003377331,0.031347986,0.003925671,-0.004424044,0.008512802,0.012081108,0.036433168,0.002562394,-0.000900171,-0.009179898,0.01485851,0.006481601,-0.009217629,0.002663471,0.012529908,0.015655918,0.029107263,0.015500998,0.007808228,0.014901307,0.006645455,-0.00471301,0.000117328,0.004266404,-0.003707063,-0.00612988,0.033920895,0.015372522,0.01890601,0.011884238,0.007165454,0.005705845,0.013036864,0.034311056,0.023396745,-0.005521102,0.018355628,0.004769392,0.006965966,0.006065128,0.01919443,0.004215834,0.025814518,0.040177338,0.034619972,0.030708872
/mnt/sdd/caltech_training_multiclass/train/002.Laysan_Albatross/Laysan_Albatross_0033_658.jpg,1,0.001068309,0.001369966,0.000747526,0.003427858,-0.000559275,0.000267517,0.014620004,0.019682577,0.005244477,0.002324571,0.005263777,-3.65E-05,0.00478603,-0.006714038,0.005870831,-0.006942576,-0.00274255,0.006929134,0.000153348,0.003322621,0.003159619,0.007886129,0.008545798,0.010994872,0.00063524,0.000743943,-0.004554094,0.005046006,0.007613675,-0.000920548,-0.007973082,-0.01959626,0.007953119,-0.005749438,0.000321983,-0.001163963,0.010821697,-0.001182009,-0.005200999,0.009930409,0.001484096,0.004055105,-0.012978998,-0.000543592,0.002249584,0.003281977,0.004163523,0.020051833,0.009101633,0.002700805,0.027521066,-0.002687412,0.002249772,0.010363703,0.001881782,0.01350518,-0.007898054,0.005889285,0.006346905,0.012333761,0.017442714,0.013688615,0.00197378,-0.002654401,-0.009135242,-0.007871578,-0.001603686,-0.015907295,-0.008165214,-0.008091118,-0.003168011,0.00543133
/mnt/sdd/caltech_training_multiclass/train/002.Laysan_Albatross/Laysan_Albatross_0012_696.jpg,1,4.97E-05,0.004714154,0.000562067,-0.000314865,-0.004420374,-0.002225853,-0.012073777,-0.02135588,0.004429399,-0.007963559,-0.006277627,-0.013088337,-0.013849145,0.006016908,-0.025904514,-0.019473376,-0.019889679,0.012010779,0.015049531,0.007454544,-0.03827445,-0.016082073,-0.004530904,-0.006181498,0.014164014,0.009359082,0.00970266,-0.013188303,0.002788414,-0.007677809,-0.008678202,0.016636007,-0.007104047,-0.002052119,0.00656511,0.007140555,-0.006280439,-0.0315442,-0.000653692,-0.030262886,-0.019140713,0.007027174,-0.002707502,0.001426076,-0.008866312,0.00752734,0.012935324,0.02649569,0.012516059,0.018060744,-0.004048586,-0.01925281,-0.005388085,0.012361016,0.001872645,0.002067051,0.006242203,-0.012921447,-0.00770005,-0.009102287,-0.000289672,0.001176967,-0.000782822,-0.002209402,0.005841564,0.015176777,0.006818544,-0.003026011,-0.005884735,-0.008641739,0.016795473,0.012116052
/mnt/sdd/caltech_training_multiclass/train/002.Laysan_Albatross/Laysan_Albatross_0028_643.jpg,1,-0.002064962,-0.001496984,0.001285843,-0.004583939,0.001042338,-0.002320002,-0.001214496,-0.006054227,0.000521894,-0.000296352,-0.001293718,-0.008016182,-0.003919335,-0.00040638,-0.008459753,0.010028204,9.41E-05,0.007300871,0.002649956,-0.000455887,-0.027956808,-0.006059233,-0.020459916,-0.000414975,-0.005437424,0.003312133,0.000406716,-0.00228025,0.003221074,0.001819206,-0.00150863,0.011017632,0.003760321,0.003496984,0.001977138,0.003376565,-0.009320858,-0.018163819,-0.020457577,-0.020507742,-0.010247668,-0.004443669,-0.012804473,0.009927728,0.002582707,-0.002403017,0.001524805,0.007585042,-0.012084236,0.007706098,0.015976556,0.011700504,-0.0090208,0.006540817,-0.003755428,-0.002652592,0.002317484,-0.015047804,-0.018322814,-0.022594318,-0.012022649,-0.003699306,-0.012209162,-0.00634133,-0.02136949,-0.02314484,-0.01910736,-0.019240826,-0.001183716,-0.016911604,-0.003696653,0.014146743
/mnt/sdd/caltech_training_multiclass/train/002.Laysan_Albatross/Laysan_Albatross_0099_869.jpg,1,0.003573404,-0.001694551,-0.00101709,-0.012920996,-0.012154564,-0.004909882,-0.004787711,0.013885083,-0.018153831,-0.007856978,-0.000824363,-0.005690634,-0.004415423,-0.020778183,-0.00520973,0.005915385,-0.003950618,0.015516546,0.010829641,0.007287052,-0.024241067,0.006046241,0.005234242,-0.000135006,-0.003537852,-0.004379178,-0.003563174,-0.011036122,-0.001176687,-0.003277457,-0.00335444,-0.007446897,-0.013772648,0.001423355,-0.004697677,-0.004131169,0.004711033,0.006556459,0.015893389,0.013192417,0.005198157,-0.000949814,0.007595424,0.007127066,0.004950161,-3.30E-05,0.013250795,0.011495263,-0.008934144,-0.003316909,-0.008702967,-0.011686391,-0.019756032,-0.002971809,0.004211256,0.011015675,0.005697758,0.020825397,0.014423144,0.014948068,0.010707131,0.024211526,0.008864093,0.007613053,0.020034816,0.017963072,-0.011118416,-0.000508905,-0.003737002,-0.008636096,0.003775212,-0.008697446
/mnt/sdd/caltech_training_multiclass/train/002.Laysan_Albatross/Laysan_Albatross_0056_500.jpg,1,6.77E-06,-0.000568912,0.001138111,-0.005393719,0.006584683,0.000282817,-0.004803936,-0.001265369,-0.018548004,-0.016297108,-0.000995319,-0.006330752,-0.018416964,-0.017209986,-0.003125115,-0.018970717,-0.004908356,-0.003331688,0.001629881,0.009711118,-0.027629465,0.000706632,-0.000998121,-0.002422875,-0.00581998,-0.004033747,-0.007295116,-0.012090392,0.01150669,-0.001917523,0.002613305,0.005831929,0.017348997,0.002436316,-0.009933825,-0.012839686,-0.022346545,-0.027533267,-0.006686619,-0.032315418,-0.013576698,-0.009140044,0.006049566,-0.00078925,0.001859721,0.008518029,-0.002855437,0.010019433,-0.010106945,-0.00485458,-0.010764496,-0.002151104,0.000655185,-0.003531584,-0.003390096,0.001174317,-0.021867208,-0.015702305,-0.019969445,-0.019715939,-0.026748378,0.008385735,0.015217995,-0.009576804,-0.033052623,-0.016263464,0.002716366,0.003261262,0.000657801,-0.003083498,0.010731096,0.019691948
/mnt/sdd/caltech_training_multiclass/train/002.Laysan_Albatross/Laysan_Albatross_0025_571.jpg,1,-0.00254878,-0.00350283,-0.003967421,-0.002979863,-0.000262195,-0.00136456,-0.010985983,-0.002973635,-0.045148846,-0.011139776,-0.001049351,0.001227916,-0.007240736,-0.0132914,-0.006423814,0.006450377,0.006039186,-0.001247045,-0.008886282,-0.000719046,-0.012148474,-0.00868732,-0.008733871,-0.003324755,-0.010296104,-0.004798547,-0.006697346,0.0047283,0.004140975,-0.008505138,-0.01081646,-0.003601489,-0.006643578,-0.011679454,-0.000639423,0.005342399,0.003024458,-0.005425299,0.008213568,-0.001779172,0.003714011,0.005202068,0.003320312,-0.005829632,-0.009515563,-0.005775366,-0.018355537,-4.00E-05,-0.002010008,0.00463164,0.00458991,0.009387849,0.002312512,-0.003853327,-0.014796801,-0.009780028,0.004022722,-0.004176932,-0.006568159,-0.00439305,-0.003130792,-0.004159526,0.006084153,0.005165024,-0.025373999,-0.015576082,-0.017745614,-0.011637343,-0.012751716,-0.003987209,-0.005487533,0.01661237
/mnt/sdd/caltech_training_multiclass/train/002.Laysan_Albatross/Laysan_Albatross_0070_788.jpg,1,-0.000822635,-0.001074445,-0.000811443,0.00040382,-0.001387301,-0.00145069,0.002437104,0.007687581,0.018994562,0.007251061,0.001261377,-0.006523812,0.003476533,-0.019453581,0.00104809,-0.007774811,-0.006649345,-4.88E-05,0.003701334,0.006683478,-0.008631649,0.015564427,-0.005769813,0.006360499,0.003926925,0.004537348,0.007654327,0.004438636,0.002660742,0.002696784,-0.001265768,0.013735814,0.01906395,0.007117214,-0.003907861,-0.010790399,-0.019442802,-0.012983515,-0.010448362,-0.002249271,0.000608081,0.00579685,0.004711312,0.006742437,0.021781975,0.0112059,-0.001771546,-0.001156489,-0.005970181,0.001387613,0.001160625,-0.00736059,0.001379648,0.026893497,0.002900712,0.001677609,-0.026404522,-0.008507188,-0.009082346,-0.009238987,0.007691496,-0.016294051,-0.011908283,0.000549176,0.004187656,-0.003310988,-0.012711208,-0.007698884,-0.00549275,-0.005684887,-0.012759247,6.93E-05
/mnt/sdd/caltech_training_multiclass/train/002.Laysan_Albatross/Laysan_Albatross_0100_735.jpg,1,-0.0011885,0.000480774,0.000863467,-0.008085211,-0.006219271,-0.000755723,-0.001599175,-0.008164162,0.021275567,0.003359826,-0.001436128,-0.010715365,-0.005115677,-0.005821945,0.001369349,-0.027178612,-0.028010141,0.004644894,0.003552548,-0.00508039,-0.006193595,0.000209803,-0.003525216,-0.0012711,-0.000744214,0.006386672,0.00119202,-0.007781818,-0.003757392,-0.006032476,-0.00032472,-0.001547314,0.002833117,0.009649839,-0.006455738,0.000490861,-0.006140821,3.17E-05,-0.024254493,-0.007770521,-0.025133733,0.013351372,-0.001537295,0.008989116,0.020884505,0.027556812,0.006540406,0.007765383,0.021904022,0.029379325,0.013759457,0.000165424,0.015190419,0.041460633,0.024127346,0.023247767,0.00871501,0.007992667,0.017733421,0.022533175,0.010852171,0.003298837,-0.001124014,-0.004667875,0.006085772,0.00718306,0.010700836,0.000331056,0.008434252,-0.003252366,0.003029014,0.00624985
/mnt/sdd/caltech_training_multiclass/train/002.Laysan_Albatross/Laysan_Albatross_0013_910.jpg,1,-0.001685663,-0.001576447,0.001694739,0.004050931,0.003036339,-0.000296115,0.001614773,-0.003629629,0.009943575,-0.000929683,0.007486258,0.008935387,0.000765594,-0.002594585,0.004917451,-0.009983806,-0.012584051,0.002497223,0.0088393,-0.000148895,-0.00768941,0.000864578,0.006395972,0.010939678,0.004626798,0.0042713,0.002455353,-0.007412879,0.007266794,0.000796651,0.017418377,0.021766217,-0.0018036,0.004277722,0.001153804,0.000786502,-0.011534193,-0.013489384,-0.031459346,-0.012372656,-0.003484335,0.000463449,0.015808232,-0.00025881,0.005859588,0.003616808,0.006488138,-0.017252628,-0.015187211,0.001580259,0.004122308,-0.001486658,0.015897436,0.020820824,0.02502977,0.018342074,-0.005127157,0.001551463,0.003534478,0.025145264,0.024046345,-0.001132151,0.01950973,0.016008634,0.023751795,0.023805227,0.009368056,0.017794764,0.013541244,0.002876893,0.019024733,0.026982043
/mnt/sdd/caltech_training_multiclass/train/002.Laysan_Albatross/Laysan_Albatross_0060_777.jpg,1,0.002847069,0.000433306,-0.000488801,0.000212978,0.00339396,-0.000630116,-7.54E-05,-0.001235268,0.003642773,-0.006256005,0.005193353,0.007288647,-0.008508133,-0.003161099,0.010032238,-0.020156011,-0.017089741,-0.017436393,-0.007371469,0.004729759,0.010371363,0.017599735,0.00475142,0.000546607,-0.002306498,-0.006432546,0.002349448,-0.002384132,0.009013951,-0.014047941,-0.01150124,-0.009042623,0.003014829,0.013458557,-0.007613155,0.005759676,-0.023484588,-0.014103901,-0.018559173,-0.027124234,-0.019673064,0.003544301,-0.00532915,-0.004326956,0.005824409,0.004303415,-0.011236256,0.000257363,-0.011681229,0.01266299,4.13E-05,0.009617522,-0.003508531,-0.000287222,0.014220522,0.008450914,0.008625139,-0.002103532,0.003657326,0.011644952,-0.010367502,0.023851965,0.006380125,-0.005575161,0.009982266,0.004638889,-0.011184499,-0.001997232,0.026623182,0.024141824,0.03411405,0.024373356
/mnt/sdd/caltech_training_multiclass/train/002.Laysan_Albatross/Laysan_Albatross_0006_702.jpg,1,-0.002790475,-0.000541941,-0.003664097,-0.00044918,-0.002617118,0.00205788,-0.012754651,-0.019509718,0.009214373,0.011442173,0.001672341,-0.001391181,-0.006264224,-0.004678403,0.001634253,-0.000737187,-0.000382873,-0.012435495,-0.012189554,-0.007809124,-0.007341672,-0.00327063,-0.001918665,-0.001579763,0.002800412,-0.000885507,-0.003174947,-0.009557767,-0.00097147,-0.005163826,0.000562681,-0.008197392,-0.004723949,-0.010215433,-0.013963055,-0.004126022,-0.020487646,0.00845099,0.005513477,0.010468647,-0.00379029,0.001490865,-0.004076455,0.003656902,-0.000111707,0.003279178,0.01707399,0.031065736,0.02035271,0.009069902,0.000533641,-0.019635757,-0.005502205,0.007646381,0.010907021,0.010368229,-0.015204841,-0.017121948,-0.00350899,-0.005111245,-0.004681991,-0.003880535,-0.005462932,0.000543516,0.009422015,4.83E-05,-0.00637278,0.004430016,-0.004171781,0.019760743,0.009900395,0.018383473
/mnt/sdd/caltech_training_multiclass/train/002.Laysan_Albatross/Laysan_Albatross_0092_834.jpg,1,0.003402307,0.002378411,0.000753706,-0.005634567,-0.005313485,0.000464153,0.003496526,-0.01663159,0.009365659,0.008190656,0.003969795,0.000668336,-0.003110535,-0.001917763,0.004817233,-0.006571331,0.00153388,0.019510185,0.014887591,0.012780283,-0.024972647,-0.009484101,-0.007758949,5.01E-05,0.012592876,0.001792513,0.000101102,-0.002243005,0.00937421,0.000923875,0.003657427,0.001950959,0.008066182,0.004187154,0.012034669,0.006993735,-0.008484521,0.005609247,-0.002286137,-0.001234662,0.005450689,-0.00553088,-0.009065928,0.009604118,0.002794933,0.012166753,-0.007046586,-0.005739997,0.001931032,-0.003707108,0.003398278,-0.024587875,-0.009637095,0.020866498,0.009807986,0.021124689,-0.016457861,0.001003203,0.012684512,0.010185743,0.02327497,0.006398669,0.025639888,0.013261078,0.012046132,0.020252058,0.002152073,0.006512334,0.011869773,0.015721278,0.009635513,0.011614563
/mnt/sdd/caltech_training_multiclass/train/002.Laysan_Albatross/Laysan_Albatross_0096_673.jpg,1,-0.001648515,0.001195428,0.000386904,0.011052772,0.00895488,0.003143982,0.005595654,-0.006721321,0.000296766,0.004826722,0.016150914,0.006730004,0.004276642,0.010325911,0.000877925,-0.001087751,-0.005445757,0.003906044,0.007422258,0.009900228,-0.00908036,0.002688634,-0.003512831,-0.004644865,-0.007579204,0.003846054,0.002712732,0.000546333,0.00188872,-0.008012161,0.000264201,0.006182286,0.022482097,0.005121952,-0.004335803,0.005351799,0.016243028,-0.004812565,0.026456738,0.020697936,0.006093027,0.000413549,0.010118285,0.00829101,-0.006279627,-0.008134644,0.000469832,0.016000846,0.002502764,0.010618502,0.007738135,-0.003320256,0.009700224,0.01220331,0.008299015,0.010681313,-0.002763263,0.008024583,0.022370983,0.005781864,0.010956852,0.008728836,0.014092464,-0.005847007,-0.004549039,-0.001028631,0.005876988,-0.002989151,-0.005070812,-0.001365978,-0.003824599,0.017882748
/mnt/sdd/caltech_training_multiclass/train/002.Laysan_Albatross/Laysan_Albatross_0005_565.jpg,1,0.002004748,0.002011631,0.001397472,0.00357846,-0.005462491,0.002137231,0.012192415,0.014279139,0.001378362,0.009793017,0.006619224,0.004924363,-0.012713617,-0.008411195,-0.00417525,-7.45E-05,0.002129552,-0.004421413,-0.005472356,-0.005483693,-0.008263532,0.012141021,-0.005535039,-0.004003754,-0.005797394,0.001322544,-0.006275621,-0.010655499,0.002819389,-0.010125045,0.001713254,-0.002179534,0.010016046,-0.006620625,-0.007028817,-0.013582733,-0.017405707,-0.007697741,0.002474336,-0.012448115,0.000293924,-0.000715591,0.02098015,0.000119869,0.001371239,0.010932058,0.003014014,0.020312892,0.032103688,0.021295464,0.005467332,-0.017928265,-0.011745653,0.026502676,0.016796367,0.009926026,-0.007114993,-0.006681929,0.003063653,-0.006686161,-0.011875298,0.008185433,0.010368692,-0.013413819,-0.018972322,-0.013870464,-0.00496493,-0.017082538,-0.018825939,-0.013803459,0.002038351,0.004188276
/mnt/sdd/caltech_training_multiclass/train/002.Laysan_Albatross/Laysan_Albatross_0104_630.jpg,1,-0.002067568,-0.002603308,-0.001274365,0.001332794,-0.00282165,0.0011379,-0.005250757,0.003893653,-0.002764676,-0.002720908,-0.004267059,0.00536355,0.01697962,0.005557987,0.007299478,-0.001250231,-0.008286364,0.000980759,-0.000298046,-0.007122706,0.02217075,0.015074297,-0.008702332,6.92E-05,0.008826651,0.012367228,0.001620111,0.020043746,-0.00151661,0.009324396,-0.00401488,0.011199681,0.011430759,0.000714788,-0.001269487,-0.005125355,0.008806312,0.015535628,0.006460408,0.016680686,0.014883608,0.006820537,0.005063934,0.003651243,0.01037172,0.01266418,0.001527474,0.000579309,-0.007936635,-0.000807505,-0.011605779,0.003122405,-0.000942111,-0.000850574,0.011049345,0.012685631,0.027787881,0.009071676,0.020732578,-0.010380087,0.011944504,0.01573705,0.015559029,0.004948428,-0.007828552,0.005779772,0.002449056,0.003979094,0.006761211,0.005251746,0.003215401,0.000830815
/mnt/sdd/caltech_training_multiclass/train/002.Laysan_Albatross/Laysan_Albatross_0049_918.jpg,1,-0.000675572,4.96E-05,-7.56E-05,-0.007313235,-0.006832985,0.000160072,-0.002307615,-0.002320669,-0.002860112,-0.001213671,-0.002230368,-0.004226875,-0.003933183,-0.017259026,-0.017912604,-0.016980143,-0.012814284,0.013812214,0.000147817,-0.001428951,-0.00925504,0.006310531,0.00561901,0.000322296,-0.000575906,-0.003231835,0.002244378,-0.013908437,-0.001234143,-0.007213155,-0.002071443,-0.00330275,0.00792638,0.006990103,-0.007886217,-0.007509585,-0.003186916,-0.007801574,0.000887869,-0.025876746,-0.005863732,0.000487018,0.000194827,0.008517165,0.016658299,0.009110681,0.001418963,0.017029203,0.004533798,0.018331828,-0.018414102,-0.017542507,0.007237278,0.01261976,0.019531116,0.014635135,-0.004745198,-0.006288232,0.006088694,0.007810648,0.001103471,0.009336213,-0.000542905,0.003228609,-0.000441507,0.010007867,0.004368073,-0.01317895,0.001825011,0.012084229,0.025943292,0.017430946
/mnt/sdd/caltech_training_multiclass/train/002.Laysan_Albatross/Laysan_Albatross_0075_668.jpg,1,0.000594245,-0.000288488,-0.001449136,-0.000812127,-0.003609302,-7.65E-05,-0.007843785,0.000346696,0.008323514,0.007902695,-0.00690513,-0.005203111,-0.011103757,-0.02417134,0.00994712,0.000361277,-0.001955236,0.008522431,0.006693689,0.005648948,-0.026484933,0.014481817,0.014023366,0.006626045,-0.005393857,-0.00216457,0.005316228,-0.012731189,0.001378474,0.004691504,-0.004117228,0.009884393,0.009636741,0.011316543,-0.001419946,0.00686635,-0.016094485,-0.006504128,0.014692308,0.012611506,0.006582189,-0.008891679,0.016211493,0.007997183,0.019431427,0.013681517,-0.012886561,0.000232719,-0.001690722,-0.023000509,-0.018357612,0.002688652,-0.015843097,0.024499435,0.014241052,0.001062165,-0.00659703,-0.014628412,0.002504629,0.008186798,0.01768282,0.030657243,0.005034814,0.022281453,0.032725632,0.019539772,0.006667717,0.001882517,-0.003659563,0.010591446,0.012932383,0.015962362
/mnt/sdd/caltech_training_multiclass/train/002.Laysan_Albatross/Laysan_Albatross_0079_506.jpg,1,0.001583499,-0.001067874,-0.000373321,0.001947693,-0.001939743,0.00363416,0.005089651,0.017261188,0.006992736,0.001621395,-0.003511508,0.001740443,-0.000409263,0.012231728,0.00731413,0.009644734,0.009384607,0.001165225,-0.005502082,-0.007819379,0.000709975,0.008294448,0.000226033,0.003877278,0.00104019,-0.001120861,0.003373014,0.011177662,0.010740028,-0.005016222,0.002698088,0.000927189,0.003343318,0.000555545,-0.01432424,0.005942958,0.00955922,-0.007340338,0.007381302,0.017154338,0.003062861,0.000330722,0.000410495,-0.017891936,-0.015089536,-0.012867495,-0.006709315,-0.001563644,0.000905359,-0.004781348,-0.013611588,0.014342519,-0.00127777,-0.012892416,0.002123526,0.003702188,-0.012085331,-0.019875078,-0.000652742,0.004825329,0.003545259,-0.000150548,0.018962651,0.012663411,0.002702819,0.002245633,-0.002815034,0.005526143,0.00237571,0.003748064,-0.008433,0.006372471
/mnt/sdd/caltech_training_multiclass/train/002.Laysan_Albatross/Laysan_Albatross_0094_1013.jpg,1,-0.007283459,0.000952457,0.003407425,0.012415439,0.016617939,0.005399289,0.020140361,0.020109762,0.011377228,-0.000432255,0.011295038,0.010110361,0.004527724,-0.017210815,0.008426448,-0.024795253,-0.000461668,0.0086853,-0.006242667,0.003818817,0.015955884,0.006589679,0.022733742,0.010949225,0.009744673,0.013939063,0.005842523,0.020122556,0.013983537,-0.004850639,-0.009235259,-0.01013054,0.013473874,0.00683746,0.017942593,0.007493683,-0.006563998,0.01917841,0.012009149,-0.006054378,0.005303452,-3.41E-05,0.014060813,0.007374491,-0.003790485,0.007750504,0.008135593,0.0041602,0.01488585,0.025370905,0.005580391,0.011843989,-0.004544714,0.021236215,0.006896504,0.0098046,-0.004036502,-0.015384723,-0.002900194,-0.023913499,-0.026259994,0.00565305,0.018070858,0.00082597,-0.018117858,-0.006855117,-0.000984125,0.00520135,0.013028799,0.002754324,0.010756017,0.006424952
/mnt/sdd/caltech_training_multiclass/train/002.Laysan_Albatross/Laysan_Albatross_0018_492.jpg,1,0.001912329,0.000624318,0.001041301,-0.011684384,-0.009176957,-0.005951299,-0.008116481,-0.015157694,-0.004912253,-0.003467011,-0.000526812,-0.007596989,-0.009065447,-0.021077208,-0.005068506,-0.025992185,-0.005048159,-0.010637696,-0.00183919,-0.002013669,-0.021758959,0.013147993,-0.004066328,-0.013407504,0.012407051,0.002305165,0.004902196,-0.026666626,0.006729568,-0.01880258,-0.011085467,-0.012982466,0.017225252,-0.014574835,-0.005106533,-0.000807505,-0.003127229,-0.019773794,-0.012215026,-0.035263073,-0.017664919,0.007364093,0.017861523,0.010770854,0.021967404,0.011196751,0.001059446,0.009469392,0.016126662,0.012730879,0.024593174,-0.01996911,-0.004664831,0.015694305,0.012678459,0.004172209,0.001372572,-0.014566314,0.000228845,0.014251776,0.0166561,0.01794509,0.001865296,0.024295557,0.020427527,0.01460705,-0.017113857,-0.023714006,-0.017347027,-0.026703253,-0.001544722,0.030790662
/mnt/sdd/caltech_training_multiclass/train/002.Laysan_Albatross/Laysan_Albatross_0047_619.jpg,1,0.002176921,-0.00094721,0.000194315,-0.000498167,-0.003387814,-0.000472137,9.52E-05,-0.000184339,-0.008585351,-0.006849739,0.002843244,0.001536475,-0.002670105,0.01037823,-0.007112764,0.010310506,0.002347532,-0.008014911,0.007679491,-0.003850597,-0.010112197,-0.001169096,0.014094089,0.001304676,-0.009532093,-0.007178908,-0.003141792,-0.008027903,-0.002332993,-0.003745517,-0.003373357,0.008128711,0.007086313,0.002142255,-0.00258993,0.009435138,0.018870156,0.019489687,0.006032867,0.00053505,-0.018469874,0.004692116,0.008419586,0.006281169,-0.000495225,-0.004361381,-0.008846789,-0.0008522,-0.012407508,0.005783373,0.008579769,-0.010475678,0.01767705,-0.000736372,0.006809119,-0.002272691,0.010243375,0.007834261,0.006534993,0.003302407,0.014318062,-0.020903366,0.006861637,0.012630638,-0.024961818,-0.02150466,0.014001357,0.003934953,-0.001153372,-0.000189533,-0.008242191,0.022380026
/mnt/sdd/caltech_training_multiclass/train/002.Laysan_Albatross/Laysan_Albatross_0050_870.jpg,1,-0.002194941,0.000667061,0.003411489,0.001688006,-0.002563304,0.000729921,-0.002918488,-0.001775285,0.018625502,0.011509505,0.004762409,0.008943914,-0.00402522,-0.02992066,0.011771783,-0.004852796,-0.006658595,-0.005329323,-0.006292159,0.005599233,-0.007205968,-0.000818706,0.000891311,0.002675185,0.004125458,0.003545249,0.012362004,-0.005991877,0.007363392,-0.007585104,0.013283245,0.027654158,0.002048828,0.024614673,0.005648803,0.00490763,-0.022684665,-0.027210277,-0.016109949,-0.038436875,-0.029559145,0.00695806,0.010888988,0.009982989,0.005283975,0.010363355,0.004364414,0.023819081,0.020981042,0.026555005,0.01731513,-0.033399276,-0.005988703,0.017220397,0.02923851,0.021948833,0.00324734,0.014726736,0.019454446,0.02763164,0.00392042,0.011371929,0.007269606,0.003268844,0.018571097,0.012773412,0.007797533,0.017323662,0.022502381,0.0206993,0.01915702,0.00614473
/mnt/sdd/caltech_training_multiclass/train/002.Laysan_Albatross/Laysan_Albatross_0044_784.jpg,1,-0.004045523,-0.001155226,-0.004585922,0.007424597,0.003342576,0.004675951,0.002892093,0.005149724,0.015468732,0.007750815,0.004411278,0.001859022,-0.008691354,0.011804844,-0.002912526,-0.010984806,-0.007706164,0.012917555,0.006001505,0.003317288,0.016784055,0.003025509,-0.006026993,-0.005644429,0.007565146,0.006145673,-0.007841612,0.00447306,0.001720381,-0.008755179,-0.00979301,0.008360804,-0.01544874,0.005517908,0.008247529,0.008879334,0.003704583,-0.005942385,-0.003747099,-0.002615369,0.002908259,0.0020917,0.007880552,-0.008119801,-0.002884033,0.003737223,0.014137877,0.005031994,-0.010499013,0.02000361,0.003235749,-0.012845777,-0.012741407,0.005126673,0.015014699,0.017953504,-0.00998731,-0.006191446,0.003441282,-0.001800502,0.016252698,0.026027575,-0.000656312,0.010728955,0.017321741,0.0158802,0.000567815,-0.002786815,0.005335809,0.011151081,0.009944954,0.005932941
/mnt/sdd/caltech_training_multiclass/train/002.Laysan_Albatross/Laysan_Albatross_0023_1059.jpg,1,-0.000796393,-0.00022005,0.003532852,0.002454811,0.002616535,0.001398375,0.001963317,0.007253409,0.001463829,0.00445389,-0.001567474,-0.001798569,0.002690902,0.004008537,-0.005011971,-0.004496701,-0.010367886,0.000932558,-0.003597471,-0.004197765,0.006754338,-0.002497222,0.005358235,0.002259691,-0.002733531,0.00214202,-0.004249793,-0.005547991,0.005110352,0.01690329,-0.003832478,-0.0036026,-0.009318766,0.00705483,-0.00519788,-0.002371879,-0.001362885,-0.019147556,-0.017594026,-0.020097256,-0.018924443,0.005448365,0.012149627,-0.008375405,-0.005939075,0.004732073,-0.000975959,0.003891455,-0.027225839,-0.000302636,-0.002561335,-0.017708817,0.004661756,0.001343067,0.008671354,0.013093622,-0.012964385,-0.012833556,-0.010504812,-0.02231067,-0.018279485,-0.007608431,0.005841476,-0.005504546,-0.00586376,-0.006570673,0.011065805,0.003242052,0.01034302,0.011918602,0.006635719,0.009659498
/mnt/sdd/caltech_training_multiclass/train/002.Laysan_Albatross/Laysan_Albatross_0034_628.jpg,1,0.001490333,0.003914009,0.00517629,0.00212084,0.010010324,0.002635501,0.003575363,-0.000270651,0.005309088,0.002264299,0.011140642,0.006175688,-0.002175268,-0.009849607,0.002322881,0.008460664,0.010137986,-0.004864528,1.63E-06,-0.012970834,-0.009373998,0.003520947,0.000287202,0.005702476,0.002111567,0.005675606,0.003295344,0.000613118,0.008517984,0.013450192,0.009300401,0.001847862,0.00195503,0.012706385,-0.005285172,0.004494619,-0.003566493,-0.016410314,0.009122837,-0.015128756,-0.00200646,0.011922509,-0.0006295,0.00228081,0.00829027,-0.005934409,-0.006894488,-0.010746036,-0.014392056,-0.003409089,-0.008925882,-0.014707259,0.004297692,0.017741915,0.00299567,0.006937329,-0.001532924,-0.001491323,-0.006694985,-0.029710568,-0.029440891,-0.031710118,0.010012875,-0.007370845,-0.031448975,-0.03137748,-0.019797161,-0.006379,0.010202769,-0.014612025,0.002261996,0.009976065
/mnt/sdd/caltech_training_multiclass/train/002.Laysan_Albatross/Laysan_Albatross_0098_621.jpg,1,0.000526177,-0.000385611,-0.002180955,0.002300598,0.005038017,-0.002415039,-0.00591521,-0.022717264,0.00448409,-0.000946378,-0.004834499,-0.002443089,0.002398287,0.000169758,-0.021146797,-0.007976193,-0.000296445,0.003601749,0.011921299,0.002682583,-0.006937195,-0.008615653,-0.013235141,-0.00336162,-0.000122303,-0.002721923,0.00396887,-0.006989149,-0.002971174,-0.005674109,-0.008221811,-0.003084287,-0.000744803,-0.009884132,-0.00307764,-0.012662841,0.00062259,-0.018078128,-0.028046496,-0.00511418,-0.001775195,-0.005127407,0.000665404,0.01494061,0.008290336,0.010549298,0.027652662,0.011123352,0.011016598,0.010543327,0.012242895,-0.006701975,-0.0038548,0.002041445,-0.015504323,-0.005899636,0.013440574,0.011710398,0.013453713,0.01098129,-0.001547377,-0.007653462,-0.010920754,0.021616016,0.028286371,0.015049616,0.006507758,0.010358749,0.015601767,0.018469626,0.024165068,0.008672119
/mnt/sdd/caltech_training_multiclass/train/002.Laysan_Albatross/Laysan_Albatross_0053_543.jpg,1,0.005465132,0.000685836,0.000757771,-0.007230272,-0.008943059,-0.004357996,-0.008819517,-0.003229771,0.012586664,-0.008881661,-0.007908452,-0.013376022,-0.004700285,-0.014783876,0.014121785,-0.022202592,-0.024411235,-0.017211033,-0.006418098,-0.002338339,-0.01255136,0.011192733,0.005962822,0.009402192,0.001094773,0.002719969,-0.009852147,-0.012759764,0.004033558,0.001788096,-0.008969657,0.015563836,0.00068763,-0.019202137,-0.022001691,0.004426652,0.007586611,0.001871136,-0.004828168,-0.020725705,-0.009765654,0.008065045,-0.002230622,0.00410036,-0.016188018,-0.010184228,0.008089053,0.01286387,0.00373918,-0.009707045,-0.007547844,0.000702558,0.009076745,-0.004404258,0.005027523,0.004461004,-0.03586942,-0.043597065,-0.024158638,-0.019847032,9.02E-05,0.0067795,0.0109662,4.78E-05,0.007811421,0.004176774,-0.002778782,-0.001208633,0.012655877,0.008538269,0.001866889,0.016049542
/mnt/sdd/caltech_training_multiclass/train/002.Laysan_Albatross/Laysan_Albatross_0088_883.jpg,1,0.001948946,0.002563648,0.001393076,0.008051627,0.003776186,-0.00211381,0.001123478,-0.005883209,-0.020056495,-0.011790171,-0.002582964,-0.008883471,-0.004661752,-0.001013477,0.005985471,-0.022053905,-0.006452,-0.004267024,-0.010726975,-0.003664345,0.002018866,-0.001319848,-0.01082376,-0.001298507,0.010184664,0.012913166,0.006075499,-0.016257446,-0.00315395,-0.008524136,-0.002493744,-0.007898663,-0.000827561,0.00824162,0.005453172,0.004286689,-0.011948668,0.004040427,-0.021704193,-0.025114182,-0.019841047,-0.00752992,0.001348373,-0.004733172,0.006214568,0.006838483,0.011340048,0.023301255,0.016777849,0.034511805,0.012479108,0.001632793,0.012428071,-0.021112213,-0.004937684,-0.009517665,-0.001997062,-0.007947555,0.014840614,0.015670996,0.011220483,0.005632487,0.010802337,-0.002960837,0.007075583,0.008485304,0.002583282,-0.002870917,0.006263319,0.008557474,0.041799232,0.010071262
/mnt/sdd/caltech_training_multiclass/train/002.Laysan_Albatross/Laysan_Albatross_0029_482.jpg,1,-0.000173399,0.000154039,3.42E-05,0.013623696,0.015865099,0.001061521,0.008489476,0.009781471,0.012374383,-0.005169747,0.003750301,0.00864216,0.004814173,-3.54E-05,0.015631288,0.019935397,0.006372222,-0.00064499,-0.002091928,-0.001842012,0.014391607,0.01399934,-0.007304962,0.001345914,-0.002062529,-0.002741275,-0.009743382,-0.001460022,7.55E-06,0.005995019,0.006161579,-0.003533999,-0.005055271,-0.000573002,0.001858401,0.010207729,0.000649225,0.022989478,0.004030681,0.029105531,0.0084561,-0.012615797,0.001066261,0.017247623,0.006223952,-0.001159783,-0.006020873,0.012801468,0.02440983,0.020853613,0.005464321,-0.00732371,0.005710635,0.010680114,0.010481062,0.002198173,0.000974464,0.000684222,0.00613679,-0.000346212,0.006021501,-0.001585499,0.006945827,0.009957075,0.000271563,-0.005568108,0.010756716,0.005051291,0.006174966,0.012114813,0.01320122,0.009091973
/mnt/sdd/caltech_training_multiclass/train/002.Laysan_Albatross/Laysan_Albatross_0103_504.jpg,1,-0.000310311,0.000591371,0.000186156,0.008297746,0.012019992,0.005134611,0.013372378,0.013881568,0.012432615,0.010022667,0.006764646,0.000310467,0.007915866,0.009209299,0.010814504,-0.000823036,-0.000550188,-0.000903164,0.002913127,-0.004566887,0.01100782,0.003986727,0.018076878,0.007705913,0.013369437,0.014279651,0.003451755,0.016309772,0.006734723,0.009990509,0.001679629,-0.007526187,0.010436012,0.008999444,-0.006497776,-0.001505269,-0.028572459,-0.000885361,0.014706071,0.007553333,0.005728805,-0.006315384,0.013970511,-0.002849143,0.003893938,-0.002030164,-0.017851327,0.005026552,-0.002917451,-0.000608466,-0.010320309,-0.015638793,0.002123587,0.014436342,0.011937426,0.002183773,-0.02058275,-0.01249686,-0.022276234,-0.021857131,-0.018980214,0.013552226,0.007966932,-0.011835336,-0.005924045,0.013314705,0.003595695,0.007448418,0.00944637,0.008267336,0.021311816,0.01120192
/mnt/sdd/caltech_training_multiclass/train/002.Laysan_Albatross/Laysan_Albatross_0055_570.jpg,1,-0.002811169,0.000684799,-0.000150123,-0.002765414,-0.001024195,-0.001417899,-0.003884139,-0.011472052,0.018400585,0.00774528,0.007797494,0.009666711,0.005447085,-0.004267747,-0.011224143,-0.001784216,-0.00524472,-0.001594774,0.005826517,0.00216422,-0.014461083,-0.013441565,-0.002723367,0.000716777,0.005518635,0.001314398,0.000394874,-0.004953726,-0.006170066,0.006956956,0.005537011,0.004011742,-0.013194437,0.004516712,0.006634319,7.25E-05,-0.023530873,-0.022203514,-0.023373421,-0.021505283,-0.011044277,-0.02739115,-0.003626463,0.00495642,0.002052606,-0.001623562,-0.008123005,-0.008417882,0.008414237,0.025241744,0.015201045,-0.018543733,-0.003509361,-0.018328793,-0.010128513,-0.010197516,-0.00179411,-0.00049029,0.014435341,0.008185544,0.0019006,-0.009025727,-0.001818423,-0.003024526,0.006779303,0.000950261,-0.001766636,0.000184238,0.006676727,0.002826616,-0.001371682,-0.002846206
/mnt/sdd/caltech_training_multiclass/train/002.Laysan_Albatross/Laysan_Albatross_0002_1027.jpg,1,-0.000116324,0.001228683,0.001289272,-0.000443105,0.002529074,0.003113937,0.00804845,0.003940422,-0.007108621,-0.0202225,0.01573246,0.006611449,0.001531585,0.000156584,0.002052416,0.001198952,0.01104072,-0.002667202,0.003422891,0.002495504,0.000367065,0.008006103,0.001592348,0.001832152,0.001905472,0.014404349,0.012530521,0.004623584,0.012645206,0.009970656,0.00334348,0.012950232,0.009163535,0.015602135,-0.000129722,0.002567079,0.001431944,0.013345367,0.002083745,-0.00442249,0.010970222,-0.011914566,0.019255992,0.020172935,0.024519091,0.01598946,0.010090709,-0.010171993,-0.004226693,-0.006383574,-0.001787168,0.005665039,0.010793604,0.020881373,0.027734354,0.008922812,0.00048109,0.002220383,-0.002982958,-0.008146933,-0.017128326,0.003378177,0.000990184,-0.000687558,-0.003566159,-0.001224136,-0.012561725,-0.013797872,-0.012424463,-0.019191425,-0.006051145,0.004306865
/mnt/sdd/caltech_training_multiclass/train/002.Laysan_Albatross/Laysan_Albatross_0039_924.jpg,1,-0.002194603,-0.001482378,0.001207886,0.005271914,0.002541038,0.00234715,-0.003865575,-0.003605537,0.005320136,-0.001792956,-0.006199391,-0.00840026,-0.015572839,-0.015516215,0.000708918,-0.003508591,-0.004668375,-0.007463814,0.002657524,0.001156607,-0.015843242,0.008865483,-0.006277103,-0.007891633,-0.001805738,0.001728781,0.00030738,-0.003136263,-0.006191051,-0.007825973,0.011013203,0.030499326,0.010717352,-0.003201047,-0.002414258,-0.005525436,-0.023006767,-0.011886567,-0.009882797,0.015503055,-0.000224688,-0.005083966,-0.001067707,-0.000309116,0.007040965,0.006817259,0.024801917,0.034497593,0.035848692,0.019937051,0.003287862,0.002866471,-0.005412505,0.019617174,0.010519933,0.010911906,-0.002839408,-0.016364353,-0.01277496,-0.007138012,-0.015365643,0.022784954,6.72E-05,0.005233536,-0.004044539,-0.006521547,-0.010317113,-0.01781878,-0.01693269,-0.022067098,-0.007513263,0.01040034
/mnt/sdd/caltech_training_multiclass/train/002.Laysan_Albatross/Laysan_Albatross_0071_792.jpg,1,0.00137659,0.002312688,0.00261786,-0.003346036,-0.002530358,-0.000216993,0.005109295,0.010491967,0.007596924,0.009518398,-0.003828481,-0.004137383,-0.00211019,0.023153756,0.008636464,0.020363428,0.012171874,0.007845782,0.001182472,-0.000457832,-0.017224718,0.006936851,0.010010172,0.017353969,-0.004586586,-0.013722557,-0.003318004,-0.002738935,0.002112758,-0.009223433,0.002745268,0.01376663,0.015595896,0.01146799,0.014000542,0.009374774,-0.002088279,0.008538534,0.0111639,0.03130456,0.020426005,0.005601948,0.011742039,0.015841171,0.020281054,0.016670674,0.001374334,0.002288106,0.01070689,0.018536406,0.012828609,0.018418865,0.010384541,0.010679975,0.017707482,0.008585961,0.003207164,0.019440847,0.019014798,0.014602602,0.030842284,-0.000507286,0.004379885,0.001915663,0.001385588,-0.020045683,0.008147195,0.010972098,0.021433797,0.020515693,0.017925974,0.015511375
/mnt/sdd/caltech_training_multiclass/train/002.Laysan_Albatross/Laysan_Albatross_0064_674.jpg,1,0.000111411,-0.00219389,0.002030835,0.003823514,0.000692904,-0.000501267,0.004049747,0.003484233,-0.005998742,0.013115687,-0.010619759,-0.005707028,-0.009318653,0.004773916,-0.005063265,0.00956771,0.002463345,-0.00992851,-0.00909243,-0.006910923,0.007293964,-0.011412064,0.002376315,-0.003295232,0.007424457,-0.003695338,-0.006101811,0.001158024,-0.004993436,-0.000775707,-0.000631593,-0.002424717,0.011218422,-0.004790592,0.006569345,-0.005400096,0.01144485,0.000868632,-0.007711255,-0.002623047,-0.000108,0.008600771,0.007530072,0.005260397,-0.000771245,0.019016325,0.001670032,0.003396858,0.020461299,0.015657451,0.019282814,0.008230442,0.018486017,0.011478139,0.012848303,0.016642341,0.001070053,0.005307469,0.008736106,0.002137988,0.005131958,-0.013508624,0.012166973,0.005217322,0.005844326,-0.006057805,0.022257011,0.001525092,0.004490227,0.013996489,0.02398735,0.008732893
/mnt/sdd/caltech_training_multiclass/train/002.Laysan_Albatross/Laysan_Albatross_0081_800.jpg,1,-0.006784785,0.00085109,-0.002689521,0.001792112,0.003256904,0.002060257,-0.002240091,0.012002891,-0.007397641,-0.016160369,-0.004273014,0.005203487,-0.001483475,-0.011525242,0.006335795,-0.011344334,0.009381739,-0.000873532,-0.001597464,0.007240149,0.020089716,0.006700334,-0.003663523,-0.002273359,-0.003207073,0.000822026,0.004477832,0.01703541,0.00625529,0.00136224,-0.00525445,-0.002013385,0.02093024,0.013107336,0.014488714,0.018706834,0.014982278,0.015426775,-0.010773471,0.004199644,0.017535387,0.006234727,0.029585939,0.004332887,0.006318261,0.007973522,-0.012130751,-0.008495418,-7.83E-05,0.004793429,0.010315049,0.012395984,0.002347417,0.028319366,0.01564449,0.023474015,0.005711732,0.016386926,-0.01663769,-0.003780494,-0.008494189,0.017138708,0.001470966,-0.010576509,-0.01837119,-0.004766239,0.01436927,0.008142494,0.015542278,0.003027764,-0.00061673,0.02529483
/mnt/sdd/caltech_training_multiclass/train/002.Laysan_Albatross/Laysan_Albatross_0061_563.jpg,1,0.00041704,0.000556325,5.13E-06,0.001133055,-0.006713192,0.000295397,-0.01202892,-0.012522618,0.001695404,0.008916441,0.004088518,-0.003247378,-0.008141127,-0.015578872,-0.018304888,-0.017189926,-0.007028441,0.003314774,0.005520086,-0.000645393,-0.022348952,-0.013775202,0.006178278,-0.001340031,0.000538246,0.000872608,0.012709504,-0.019264823,0.008169208,-0.003838609,-0.002857462,0.004233172,-0.003767192,0.005989996,0.009610523,1.53E-06,-0.03881722,-0.019686842,-0.008852733,-0.007110448,-0.005346548,0.008893309,0.03231446,0.01415736,0.012189036,0.010022767,-0.00307996,0.012205909,0.00410177,0.009117075,0.00584345,-0.021346614,0.000823237,0.0318176,0.017763933,0.012492266,-0.005357892,0.006488152,-0.007021255,-0.004230344,0.002704732,0.026516216,0.010860713,0.006450384,0.000537154,0.002316333,-0.006606146,-0.003981125,-0.010462051,-0.015512041,-0.0011835,0.024729598
/mnt/sdd/caltech_training_multiclass/train/002.Laysan_Albatross/Laysan_Albatross_0037_699.jpg,1,0.002185141,0.002808451,-0.001201505,-0.010928586,-0.008616403,-0.006690905,-0.011979936,-0.021518076,0.005589147,0.014555767,-0.009192281,-0.009665743,-0.009065194,-0.014968591,-0.011944054,-0.014134539,0.000880482,-0.015687414,-0.000927714,-0.010992579,-0.020020038,-0.00369399,-0.001885114,0.000984555,0.007806719,0.002454864,0.004586809,-0.01813085,-5.17E-05,0.002401953,0.00514679,-0.004191683,-0.003278564,-0.002807051,-0.005434891,0.000827396,-0.022383349,-0.008360855,-0.013280539,-0.010051574,-0.000150033,-0.009431304,0.007456514,0.008151384,0.004037878,-0.000919441,-0.006988802,-0.005151704,0.005735803,0.011001322,0.003228278,0.005798059,0.01327807,0.005770846,0.018697795,0.011422999,-0.013798845,-0.010961431,6.97E-05,-0.003678461,0.003670622,0.020951103,0.005234066,-0.000508434,-0.012317677,-0.014135886,-0.019689122,-0.007947359,-0.029736128,-0.035161145,-0.036036193,0.00607627
/mnt/sdd/caltech_training_multiclass/train/003.Sooty_Albatross/Sooty_Albatross_0020_796359.jpg,2,-0.004735875,-0.001811593,0.002430903,0.011914501,0.012134333,0.003549373,0.007739184,0.013765764,0.00498221,0.00331089,-0.003033315,-0.006700919,-0.002886763,0.008278748,0.011343906,-0.010422564,0.001990842,-0.012631431,-0.010764692,-0.011985252,0.01057928,-0.003677608,-0.00567624,-0.000998737,0.002896171,-0.001426802,0.007737183,0.011607773,0.005218852,0.008350391,-0.000182494,0.002420659,-0.007122073,-0.010360694,-0.022019297,-0.012988479,0.018014526,0.02880607,0.010127181,0.003521958,0.011237843,0.002151865,-0.001769139,-0.011495238,-0.014042864,-0.013326798,0.008398851,-0.007499926,-0.0062693,0.013522226,0.008425955,-0.001322708,0.001245909,-0.008276467,-0.000650513,0.003973217,0.00206533,-0.003915982,0.01114478,-0.007626303,-0.009809159,-0.000591832,0.019901238,-0.002429205,-0.012813018,-0.01786199,-0.018779704,-0.003616703,-0.008267361,-0.017420689,-0.02630768,0.010391085
/mnt/sdd/caltech_training_multiclass/train/003.Sooty_Albatross/Sooty_Albatross_0069_796358.jpg,2,0.00422109,-0.001292008,0.000354532,-0.004517568,-0.000728459,-0.000383032,-0.003270093,-0.002987614,0.005117869,-0.001048883,-0.001238313,4.48E-05,-0.001289855,-0.007132174,-0.011588008,0.005110167,-0.00261541,-0.012339423,-0.014242433,-0.008992553,0.001542091,-0.003913569,-0.00374282,-0.010228818,-0.009609765,-0.005327473,-0.001051542,-0.002750135,0.006843211,0.002789981,-0.008250457,0.004109808,-0.00963271,-0.021716578,-0.007516376,-0.010428236,-0.003308515,0.011631824,-0.00686405,0.010406542,0.002308769,0.01068606,0.001714514,0.007801488,-0.007499967,0.000994704,0.005934985,0.021544822,0.022300698,0.003345487,0.003158096,-0.012639053,-0.00569599,0.008717507,0.004384372,0.001225496,8.37E-05,-0.009189976,-0.012505605,-0.006559306,-0.003953159,0.001625339,0.002557497,-0.004294369,0.00297265,0.004159103,-0.010054555,-0.006778359,0.019370021,0.005431187,0.013140839,0.005744889
/mnt/sdd/caltech_training_multiclass/train/003.Sooty_Albatross/Sooty_Albatross_0007_796372.jpg,2,0.004437394,0.000306253,-0.000986144,6.68E-07,0.005082959,0.000744747,0.001175483,-0.003438857,0.000371368,0.001007819,-0.012194766,0.004144226,-0.00667989,0.001894894,-0.006238891,-0.007112294,-0.006428869,0.010965049,0.001586133,-0.000406761,-0.017567653,0.005981533,-0.007103876,-0.006377412,-0.000305002,0.004495337,-0.006702602,-0.000153416,0.000563122,-0.004247814,-0.009076912,-0.008945238,0.012080039,0.001741193,-0.01472657,-0.011046051,-0.01586455,-0.005082815,-0.006065317,0.00519574,0.002735752,0.003886452,0.006798483,0.016936664,0.003048755,0.002111012,0.025899917,0.010101025,0.014192081,0.020108402,0.007801228,-0.002974805,-0.00031482,0.025483087,0.020806894,0.019970223,0.00311593,0.017348628,0.03288637,0.016334567,0.017762965,0.005710787,-0.000255833,0.011739226,0.008676741,0.000640602,-0.003918541,-0.011275197,-0.01706644,0.001714744,-0.003303733,-0.002126441
/mnt/sdd/caltech_training_multiclass/train/003.Sooty_Albatross/Sooty_Albatross_0005_796342.jpg,2,0.000574878,-0.001212681,0.00159038,-0.00368619,-0.007172152,-0.000623001,0.013131119,0.02284037,0.008185858,0.013067613,0.00432542,0.004746347,0.002640327,0.009052075,0.043073867,0.007969172,0.003117572,-0.007119818,-0.001098725,-0.000460422,0.031631015,0.011243096,0.009749355,0.006689183,0.002491124,-0.010454362,-0.006564773,0.019188331,0.003550047,-0.002436962,-0.004347272,-0.013283846,0.009977089,0.011417914,0.003422156,0.005921068,0.030152103,0.030108022,0.032260884,0.041285492,0.033168577,0.028286416,0.009174269,0.003658098,0.008988943,0.000536867,0.013562446,-0.006023177,0.006829443,-0.012565162,0.004045237,0.04164192,-0.007682892,-0.002408253,0.010479335,-0.001045141,-0.003873626,0.017401854,0.022467934,0.017070813,0.011171793,0.011290741,4.62E-05,0.023884881,0.005304229,0.014581153,-0.008945935,0.006349434,0.003281753,-0.004163094,-0.006953998,-0.004655525
/mnt/sdd/caltech_training_multiclass/train/003.Sooty_Albatross/Sooty_Albatross_0010_796355.jpg,2,0.001580188,-0.000497393,-0.000400242,-0.003641181,0.000304051,-0.001279136,0.00711199,0.025897756,-0.013615917,-0.003546289,0.005608697,0.003523852,-0.000775751,0.01033289,0.018552206,-0.006746126,-0.000944521,-0.004759856,-0.004486734,0.004353387,0.030211758,0.013801767,0.006738158,0.005492337,-0.005678687,0.002665356,0.003663798,0.009148115,0.009541335,0.004795159,0.007896075,0.00385361,0.017009795,0.012844072,0.017824037,0.003303875,0.002573069,0.009934925,0.007028774,0.005359757,0.007192317,0.004952421,0.000406418,0.010247937,0.014570095,0.001934063,-0.000641548,-0.007610739,-0.003650481,-0.016999282,-0.010379047,0.028655056,0.006106947,0.001639411,0.013381128,-0.000242847,0.014044947,0.008977125,-0.004787602,-0.00540522,-0.007499258,0.012570999,0.002398496,0.004784664,-0.007786896,-0.005380671,0.006127385,0.002730786,0.00411716,0.014814531,0.001716493,0.004954246
/mnt/sdd/caltech_training_multiclass/train/003.Sooty_Albatross/Sooty_Albatross_0068_796353.jpg,2,-0.002294008,0.008273544,0.000143319,-0.000924685,-0.006791932,0.00241853,-0.005788368,-0.019040829,0.008247151,0.011785384,-0.004162879,-0.001408591,-0.011909734,0.03025006,-0.011997516,0.002624709,-0.000495634,-0.01251648,-0.016701076,-0.004840487,-0.001341365,-0.005020734,-0.0185295,-0.00821262,-0.006974431,-0.014359435,-0.011594774,-0.013992803,-0.003131053,0.007012478,-0.004202189,-0.015043775,-0.000501634,-0.024230205,0.00929711,-0.004218234,-0.00317138,-0.005934383,0.011334186,0.01554872,-0.020163639,-0.02343664,-0.015919637,-0.007671245,-0.006987044,-0.011401949,0.008458525,-0.02529449,-0.007527729,-0.019428175,-0.018936014,0.012948287,0.001994013,-0.035012666,-0.011362665,3.48E-05,-0.016694348,-0.023419349,-0.009403851,0.002668601,0.009373952,0.007218084,0.004249135,0.008784981,0.007078648,0.000165874,0.014541406,0.010119926,0.01620404,0.0202446,0.008937506,-0.002488606
/mnt/sdd/caltech_training_multiclass/train/003.Sooty_Albatross/Sooty_Albatross_0001_1071.jpg,2,-0.000197834,0.00175148,0.002013707,0.006053799,0.011420573,0.000902786,0.017145116,0.03502045,-0.024949616,-0.009793221,-0.008132014,0.008063296,-0.003328722,0.011774462,0.015440277,-0.006392366,-0.001817662,0.009773892,5.80E-05,-0.006982612,0.023932239,-0.008768108,0.002641681,-0.005813484,-0.000514475,-0.011173206,-0.004692079,0.024086881,-0.0006298,0.004057207,0.004901881,-0.004982025,0.007313173,0.014388535,0.012663713,0.00824648,0.01864554,-0.000541641,-0.003340749,-0.016323986,0.002745932,0.007767822,0.008470299,0.002783394,-0.00253092,-0.002386674,-0.004687845,-0.021133604,-0.030899046,-0.02689566,-0.006628972,0.013398146,0.006755439,-0.012773355,-0.005758996,0.001404281,0.012483509,0.001057573,-9.96E-05,0.006902776,0.02144342,0.00395349,-0.004937653,0.004441011,-0.015216086,-0.001705951,0.02243196,0.026221829,0.01723425,0.016018035,0.015545577,0.003592899
/mnt/sdd/caltech_training_multiclass/train/003.Sooty_Albatross/Sooty_Albatross_0002_796395.jpg,2,0.000248599,0.000333004,-0.000981947,0.004638983,0.002153312,0.000972206,0.000277351,0.01134475,-0.008448415,-0.005614739,-0.002425051,-0.000199787,-0.005956393,0.006559506,0.009785773,0.007684895,0.00306339,-0.010360478,-0.001964513,-0.006961046,0.003386149,0.004494189,0.002061222,0.003389848,-0.001865267,0.001987295,-0.004219217,0.005044323,0.007568086,-0.005722974,-0.013906652,0.002525671,0.003888022,0.019481357,0.010110636,0.011796741,-0.002949023,-0.020749362,0.010803469,0.006833448,0.002132853,0.021284577,0.000147522,-0.005411931,-0.007258036,-0.014971454,0.013597002,0.00533563,-0.006219362,-0.013172822,-0.007023071,0.020954503,0.004878894,-0.010410076,-0.007212351,-0.005967703,0.002996027,-0.005827639,0.003068543,0.012835994,0.0080298,-0.00783585,0.00987178,0.004348416,-0.007903473,0.008053184,0.00672906,0.001277547,0.000442522,-0.000563165,0.00065,0.000666958
/mnt/sdd/caltech_training_multiclass/train/003.Sooty_Albatross/Sooty_Albatross_0043_1076.jpg,2,-0.002483126,-0.001571285,0.001681794,-0.00369449,-0.002897504,-5.36E-05,-0.002134056,-0.008533269,0.00628807,-0.003063778,-0.008372837,-0.008073567,-0.01013004,-0.001906693,-0.016608583,-0.012160225,-0.012075766,-0.005447391,0.005014269,0.002865053,-0.013099713,-0.005345658,0.000316615,-0.002200279,-0.002760608,0.001593669,-0.005688254,-0.001127153,0.011560204,0.000426877,-0.005190414,-0.004759207,-0.00477879,0.009542391,0.009595211,-0.003144883,-0.002827771,0.00278452,0.002955813,0.005728376,-0.000100769,-0.00327017,-0.001766481,0.002931413,-0.019553725,-0.006046942,-0.011114987,0.007462766,0.004556448,0.006787384,0.011091148,0.007875634,-0.018686645,0.026025807,0.010099868,-0.003066595,0.015209978,0.011910056,0.021834455,0.028288785,0.020533301,-0.000503361,-0.001877413,0.010987807,0.002728627,0.001388865,0.019002333,0.012481519,0.024179844,0.022500351,0.007674018,0.012024702
/mnt/sdd/caltech_training_multiclass/train/003.Sooty_Albatross/Sooty_Albatross_0023_796401.jpg,2,0.004728865,0.000637697,-0.001620049,-0.002663983,0.001392764,0.001722159,-0.002180089,-0.013879123,0.0028511,0.00690467,0.009954391,-0.000842077,0.005669382,0.024667818,-0.008141115,0.020052832,-0.005066758,-0.005835594,-0.002711502,-0.011745326,0.001498629,-0.016473264,0.00977643,-0.001885649,-0.005047871,-0.002421214,-0.00010643,-0.005644234,0.002668509,0.003865529,0.001943293,-0.001771992,-0.002346626,-0.018331887,0.011270287,0.002534856,-0.021353498,9.48E-05,-0.012581404,-0.001368762,-0.017997742,-0.011061231,0.002930393,-0.004656534,-0.004566128,-0.014624627,-0.04376836,-0.04761753,-0.04264984,-0.041126195,-0.021210443,0.028583035,-0.000268304,-0.010329338,-0.001228878,0.002843521,-0.025117252,-0.010776199,0.008194204,-0.015498181,-0.017404463,0.016618377,-0.003609573,-0.0060625,-0.01969764,-0.009286689,-0.013412507,-0.005672659,0.003285111,-0.003439267,0.005087648,0.017634189
/mnt/sdd/caltech_training_multiclass/train/003.Sooty_Albatross/Sooty_Albatross_0058_796360.jpg,2,-0.002771674,-0.004539314,-0.002091229,0.003248347,0.009280568,0.003529871,0.007582298,0.00749835,0.005173323,0.007995645,0.007325075,0.005416671,0.001505058,0.017312663,0.001817299,0.013204908,0.011977964,0.003454094,0.00761134,-0.008065862,0.008461842,0.001579361,-0.001674891,0.002615945,-0.007008212,-0.00875967,-0.0002451,-0.003600654,-0.007768968,0.002536594,-0.001315731,-0.01695762,-0.016063347,-0.008817084,0.002692632,-0.003063744,0.028555576,0.000736811,-0.026795704,-0.013954135,0.011400801,-0.010624077,-0.003878401,-4.94E-05,-0.02149051,-0.007406246,-0.02313204,-0.031349126,-0.030865757,-0.02481909,-0.00879243,-0.019422522,-0.00146378,0.007502125,0.003591588,-0.006679377,-0.021267671,-0.030700775,-0.02655197,-0.018589482,-0.018862633,-0.011280456,-0.000767532,-0.01665248,-0.024034228,-0.014061849,-0.003705115,-0.018649962,-0.01528574,-0.006161137,-0.021763993,0.008094732
/mnt/sdd/caltech_training_multiclass/train/003.Sooty_Albatross/Sooty_Albatross_0072_796371.jpg,2,-0.004126357,-0.003110824,-0.001705703,-0.001381424,-0.001786687,-0.00191089,0.008302739,-8.43E-05,-0.008196998,0.006391731,-0.000264357,-0.002178812,0.003105965,-0.003723097,0.007455264,-0.000576086,-0.004100272,0.011764707,0.007920494,0.000839583,0.003395357,0.01302663,0.005445727,0.009659102,-0.003738645,-0.00094483,-0.004482034,0.001889044,0.002545402,-0.003495245,-0.009970626,-0.01323265,0.005501887,0.002347889,0.015521287,0.006912761,0.002643382,0.009139851,0.024918124,-0.005354649,-0.002012791,0.004359005,0.016494295,0.004599909,0.007558771,0.004476587,-0.004030784,-0.009446783,-0.001279749,-0.00813002,-0.001487865,0.01682336,0.018234253,0.007443595,0.01624081,0.003834292,0.024369095,0.02321349,0.033793077,0.024174012,0.02296973,0.00469363,0.00669,0.020031568,0.025987886,0.012469975,0.007020184,0.00807706,-0.00186267,0.010313403,-0.000861377,0.001567862
/mnt/sdd/caltech_training_multiclass/train/003.Sooty_Albatross/Sooty_Albatross_0030_1122.jpg,2,0.001148553,0.001431995,0.001451206,0.005779816,0.003560987,-0.002024009,-0.007420482,-0.011874117,-0.015612459,-0.00343787,-0.000589469,0.001857851,0.001791148,0.003196771,-0.003203181,-0.011904318,-0.004098426,-0.005693099,-0.003497132,-0.009421105,-0.009077799,-0.007206657,-0.01435227,-0.009431075,-0.012513302,-0.008403061,-0.009190982,0.003145247,-0.005492936,0.004436315,-0.007537142,0.003821551,-0.00345281,-0.010643467,-0.007751306,0.003312524,0.000606241,-0.007704099,0.024063759,0.002475884,0.010744019,-0.005925115,-0.016905656,0.00468583,-0.004885597,-0.006513025,0.012520152,-0.006234158,-0.009139436,-0.006612737,0.002109489,-0.002293742,-0.005850609,-0.002009907,-0.011909352,-0.000990249,-0.019569654,-0.020165598,-0.025047798,-0.028490517,-0.013111885,0.002048797,-0.003851221,-0.002327019,-0.01263002,0.007650287,-0.019381255,-0.015564054,-0.005323655,-0.013960891,-0.004441803,0.008580571
/mnt/sdd/caltech_training_multiclass/train/003.Sooty_Albatross/Sooty_Albatross_0065_796367.jpg,2,0.003146099,0.003469972,-0.000591573,-0.007420467,-0.009108697,-0.004429283,-0.006887327,-0.008526074,-0.007928656,0.002279111,-0.002096577,-0.004041879,-0.010734854,0.001454915,-0.007985209,-0.002843883,0.011640791,-0.003666135,-0.000303577,-0.010791469,-0.025282076,-0.004561345,-0.001120876,-0.012406952,-0.000778785,0.007424747,-0.004981131,-0.016598355,-0.004106586,-0.002878524,-0.002613473,-0.006426285,0.002138689,0.005918525,-0.003123248,0.001586779,-0.028891139,-0.030024203,-0.014396787,-0.017197564,-0.004191757,0.002385881,-0.008125037,-0.003310713,0.000312104,0.002148178,-0.025935525,-0.026200198,-0.027185936,-0.01948641,-0.011179466,-0.001156533,-0.000232351,0.000515264,0.002628702,-0.002947156,-0.028213095,-0.019230932,-0.007532364,-0.021765366,-0.015706882,-0.008954497,-0.009027781,-0.008125326,-0.007733133,-0.010379895,-0.011865871,-0.012008159,-0.0291764,-0.03340663,-0.020296967,-0.008672572
/mnt/sdd/caltech_training_multiclass/train/003.Sooty_Albatross/Sooty_Albatross_0041_796364.jpg,2,0.001524126,-0.001962655,-0.00041055,-0.020427577,-0.012696229,-0.005352031,-0.010749253,-0.011553505,-0.004621059,-0.002408828,-0.002157408,-0.0097927,0.002594951,-0.018477304,-0.015372794,-0.001540061,-0.006496219,0.004947967,-0.001556053,0.004563626,-0.002537341,-0.014942624,0.001413239,0.003179373,0.005699923,0.008394145,0.002581992,-0.010413597,0.001176489,0.00077444,0.006688696,0.014181063,-0.003210767,0.002208874,-0.01197212,-0.01141441,-0.007590529,0.006442873,0.003548717,-0.007703585,-0.004517587,-0.000744797,0.004412008,-0.002318333,-0.012000491,0.012735972,-0.023723127,-0.031054657,-0.024566483,-0.034338795,-0.012786732,-0.009455768,0.001074938,0.000796033,0.01650405,-0.002751199,0.009333788,0.021313824,-0.003383617,0.001956122,5.79E-05,0.000445418,0.001739594,0.005014857,0.002692848,-0.001351762,-4.05E-05,0.001030165,-0.010727853,-0.003549351,-0.007168448,-0.011972036
/mnt/sdd/caltech_training_multiclass/train/003.Sooty_Albatross/Sooty_Albatross_0031_1066.jpg,2,-0.001937778,-0.001267932,-0.001178571,0.014170347,0.011402106,0.003246202,0.006693773,0.009095271,-0.015876586,-0.014315809,0.001634339,0.002868995,0.006667869,0.005749912,0.00664856,0.007820043,0.003865093,0.011364872,0.001990653,0.001548764,-0.001689506,-0.011183822,-0.008097697,0.00704819,-0.004874737,0.000200404,-0.00434367,0.013877022,0.00136376,-0.004113654,-0.003792068,-0.009263719,0.00594666,0.021043872,0.002317547,-0.00369683,-0.025633253,-0.018790863,-0.008797712,-0.012677781,-0.013525147,-0.001054367,-0.002237416,0.003523996,-0.011436269,-0.014533604,-0.004170742,-0.015192691,-0.019190658,0.008763811,0.002117954,0.003554414,0.007835846,0.006141222,0.008168913,0.002367313,-0.013684779,-0.021541305,-0.014106884,-0.017512914,-0.014927385,0.009285489,0.015410939,-0.011153905,-0.013579111,-0.011229665,-0.008530048,0.005391181,0.00140801,-0.007722178,-0.007210485,-0.009510703
/mnt/sdd/caltech_training_multiclass/train/003.Sooty_Albatross/Sooty_Albatross_0004_796366.jpg,2,-0.000945321,0.00360934,0.001316133,0.006403504,0.003057958,0.001933496,0.01292968,0.004804877,-0.000689019,-0.000224725,0.000199386,-0.00367727,-0.007118991,0.020395271,0.014887544,0.016633062,0.005616505,-0.003405305,-0.00659965,0.004775103,-0.00668367,0.006289784,0.000219593,0.008187594,0.007507804,0.008427006,0.005238751,-0.001980747,0.002557776,0.004024804,0.006159995,0.001914968,0.00078775,-0.026389524,-0.006139925,-0.009202069,-0.005245328,-0.008025589,0.016515113,-0.003112668,-0.003830033,0.003732657,-0.027985884,-0.025497857,-0.008558972,-0.007229736,-0.017969813,-0.020401616,-0.024197312,-0.014968673,-0.014554121,-0.00012845,-0.010481381,-0.007002912,-0.005413841,0.001424577,-0.015027112,-0.02662177,-0.012005984,-0.030450491,-0.024996215,-0.021871012,-0.012508919,-0.0343362,-0.026059799,-0.015092867,-0.010315391,-0.02109563,-0.013960999,-0.011510168,-0.012326463,0.000606795
/mnt/sdd/caltech_training_multiclass/train/003.Sooty_Albatross/Sooty_Albatross_0079_796389.jpg,2,-0.004859371,-0.000944018,-0.001078415,-0.007065321,-0.006915461,-0.00185929,-0.012218923,-0.005277547,-0.013444723,-0.011341057,-0.001173027,-0.003914588,-0.003970495,-0.034451544,-0.009979313,-0.01038757,-0.003560185,-0.002726475,0.001358683,0.004819345,-0.013483068,-0.010818484,0.004306186,0.011665699,-0.002653868,0.000638173,-0.004304962,-0.014661658,0.008843415,-0.02395433,-0.005145105,0.002801857,-0.003194695,0.002276092,0.005582468,0.01212597,-0.033711866,-0.022528566,-0.016731624,-0.016860832,-0.025498819,0.011935636,-0.002498385,0.003417524,0.005986802,0.011726541,-0.023986548,-0.024131633,-0.021694664,-0.0331504,-0.010398267,0.016379338,0.015593612,0.014466956,0.015355648,0.019896172,-0.008721422,-0.001239613,-0.00071701,0.007491036,0.01133459,-0.014235192,-0.004512348,0.028371017,0.007331166,0.014220433,0.013175434,0.02213207,0.027240623,0.021554329,0.016215742,0.003213182
/mnt/sdd/caltech_training_multiclass/train/003.Sooty_Albatross/Sooty_Albatross_0034_1154.jpg,2,0.000208092,8.33E-05,-0.001705891,0.006432912,0.012456212,0.000885564,0.0015721,-0.005612897,-0.005635021,0.002350835,-0.006341114,-0.008960701,-0.006325218,0.009095557,0.011044439,-0.005539776,-0.014288552,-0.003428088,0.001910177,0.000914572,-0.005277369,-0.006045627,-0.004474727,-0.007732826,-0.008287864,-0.002434757,0.006677145,-0.00720211,-0.008270804,0.003074594,-0.000355109,-0.011523715,-0.007302487,-0.002555701,0.02340399,0.017186861,0.005367904,-0.014396225,0.004306531,0.012587319,0.001803263,0.004011765,0.000201309,0.001527352,0.002071122,0.002954217,-0.006800137,-0.005684718,0.000800332,-0.03920382,-0.009145633,0.045302667,-0.002837539,-0.006329456,0.006052848,0.004213712,0.017351586,0.001497423,0.008578622,0.003353318,-0.002109307,0.011518583,0.009202006,-0.015729453,-0.020595353,-0.01074178,-0.005817788,-0.009155727,-0.01570426,-0.006617997,-0.004192703,0.003947402
/mnt/sdd/caltech_training_multiclass/train/003.Sooty_Albatross/Sooty_Albatross_0050_796351.jpg,2,-0.003427835,-0.002311761,-0.001891568,-0.003857873,0.000131404,-0.001786192,-0.004156063,-0.002813085,0.00798342,0.003295541,0.008808069,0.01035111,-0.000755553,-0.003864618,-0.001823659,0.010450391,0.011109436,-0.011349575,-0.008127149,-0.004843555,-0.004492942,0.001892236,9.73E-05,0.009401806,-0.005238753,-0.00803449,0.003125698,-0.00079704,0.008965814,0.002964639,0.001435349,-0.005948257,0.003223631,-0.008893386,-0.005403565,0.008073388,0.015932541,0.00950758,0.027497236,0.018868301,0.011342407,-0.000731347,-0.003330656,0.006787069,0.006912839,-0.009165078,0.012887809,-0.008379323,0.000816464,0.002613536,0.000757147,-0.011616545,-0.012373699,-0.008322002,-0.000754188,0.00780267,0.013116451,0.015443249,0.011954008,0.008287044,0.003717006,-0.006828474,0.005042173,-0.011972375,-0.01354189,-0.007469463,-0.00593772,-0.000439839,0.010287847,0.001811683,-0.001449796,0.000541162
/mnt/sdd/caltech_training_multiclass/train/003.Sooty_Albatross/Sooty_Albatross_0048_1130.jpg,2,-0.00123184,-0.001497721,0.002387924,0.0022176,-0.00110641,-0.002051388,-0.004846237,-0.001069611,-0.001353809,-0.009558893,-0.002929309,-0.006906656,-0.017812107,-0.005259449,0.005186316,-0.004991051,-0.006418027,-0.01023405,-0.006843131,8.69E-05,-0.01367166,-0.000954203,-0.007113371,-0.00118926,-0.006841327,-0.008441502,-0.004077482,-0.019701194,0.011767376,0.003277541,-0.001495979,-0.003083303,-0.006006228,-0.001033529,0.014517341,-0.000135545,-0.021274665,-0.03266371,-0.026261259,-0.044029087,-0.031245295,-0.005512626,-0.01160874,-0.003295264,-0.008037491,-0.010270987,-0.040476978,-0.02330853,-0.024367642,-0.011347313,-0.015265554,0.004426271,-0.016385937,-0.013969554,0.002914234,0.007977388,-0.02200653,-0.008051544,-0.002948404,-0.003108661,0.013987051,0.002931237,-0.007446859,0.013767065,-0.009061573,-0.011994923,0.004387058,0.00014381,0.008844514,0.008870647,0.011350047,-0.000344502
/mnt/sdd/caltech_training_multiclass/train/003.Sooty_Albatross/Sooty_Albatross_0024_1161.jpg,2,-0.005723586,-0.003386842,0.000864744,0.003194977,0.000902533,-0.002826468,-0.001892368,-0.004149692,0.003830878,0.004745198,-0.006395158,-0.008271638,-0.009434769,0.015000828,-0.014520619,0.020313885,-0.002131127,-0.007550973,-0.011787904,-0.000348507,-0.027425846,-0.000254324,-0.001198646,-0.000205034,-0.002296954,0.000327345,-0.001018613,-0.010941453,0.002058409,-0.007044592,0.001091284,-0.023327786,0.013464711,-0.007574918,-0.02014485,-0.015906263,-0.03316016,-0.019061223,0.010089144,-0.010174094,-0.003467508,0.003079079,-0.002634741,0.00198627,-0.000455351,-0.006835262,-0.019345278,-0.016584478,-0.042461753,-0.021423582,-0.017601417,0.006434363,-0.005684456,-0.014284252,-0.011389727,-0.012648298,-0.004644893,-0.015908493,-0.013519414,-0.009183783,0.002562232,0.009668826,-0.002465341,-0.009600343,5.36E-05,-0.001864271,-0.000177586,0.014603596,0.004813742,0.005519359,0.01697002,-0.009237894
/mnt/sdd/caltech_training_multiclass/train/003.Sooty_Albatross/Sooty_Albatross_0014_796373.jpg,2,-3.78E-05,0.002182487,0.002172537,0.001496337,0.012625936,0.001270468,0.006366939,0.00757158,-0.008749234,-0.008170952,0.005405444,0.006459504,0.007463123,-0.02158387,-0.001020821,0.001990585,-0.001056319,0.011105474,0.004708598,0.005300636,-0.006156972,-0.005440024,-0.015928086,-0.001961411,-0.001776116,0.006768769,3.13E-05,0.001437118,0.005875855,0.001508211,0.00894515,0.005662887,0.005853463,-0.001911511,-0.008444628,-0.011927098,-0.005161758,-0.046764478,-0.04988855,-0.0564372,-0.025451992,-0.001582842,-0.012160108,0.005828789,-0.003360074,0.004783513,0.000399691,-0.023209136,-0.021608103,-0.014949347,-0.015298743,0.006183795,0.002954453,0.003220497,-0.001927455,-0.007061263,-0.023045383,-0.034659334,-0.037812367,-0.024494562,-0.02528133,0.009534173,-0.005650547,0.000363911,-0.009748271,0.007329369,-0.002728927,-0.018383194,-0.019248929,-0.005996504,-0.002366326,-0.005603595
/mnt/sdd/caltech_training_multiclass/train/003.Sooty_Albatross/Sooty_Albatross_0019_796391.jpg,2,-0.002412121,-0.002617869,-0.001711948,-0.007197497,0.000951564,3.62E-05,0.007329991,0.003267734,-0.00362539,0.000351109,0.011375359,0.009452961,0.003565287,0.004082969,0.016164515,0.012132563,0.011763674,0.00537541,0.005029774,0.009223547,0.00432435,0.010595307,0.00746448,-0.001306403,0.001357129,0.007729076,0.001754665,0.015562615,0.006904811,0.006820651,0.001286329,0.010371706,0.001020327,-0.012900602,0.00722361,0.003303133,0.014071642,-0.005680894,0.018941807,0.013125522,0.018560179,0.017220328,-0.000296171,0.00844422,0.007644672,0.005273197,-0.008358285,-0.014659938,-0.024483562,-0.009673024,0.006355075,0.015671581,0.009344107,-0.017673433,-0.006340025,-0.003766831,0.007529016,-0.01196366,0.000874421,0.000440208,-0.006339619,0.021115929,0.015827447,-0.006900981,-0.01390066,-0.007306609,0.00982313,-0.00289746,-0.007293182,-0.005996066,-0.002867141,0.00219638
/mnt/sdd/caltech_training_multiclass/train/003.Sooty_Albatross/Sooty_Albatross_0036_796387.jpg,2,0.003435527,0.000315014,0.00227616,-0.009677128,-0.001912301,-0.002001244,-0.007739189,-0.021152712,0.01117695,0.003553246,0.000589583,0.004590795,-0.004024404,-0.014195306,-0.009765764,0.008170587,-0.000117577,-0.006830972,-0.002579005,0.011673699,-0.011000527,-0.0078717,0.006645094,0.00149369,-0.005189139,-0.000786237,-0.003604124,-0.005434173,-0.011287337,0.003460434,0.009743132,-0.012129811,-0.010421991,-0.015808553,-0.013848071,-0.010955494,-0.015421227,-0.006381066,0.002836391,-0.001062586,-0.007109946,-0.015236983,-0.000642086,-0.027610071,-0.011080325,-0.006822038,-0.001169815,-0.014426646,-0.009989754,0.010090056,-0.004756903,-0.011995981,0.005827375,-0.00917537,0.001403913,-0.004627319,-0.012334607,-0.005639676,-0.017755354,-0.015953396,-0.018064192,-0.006318258,0.010297885,-0.017630078,-0.01770379,-0.007862303,-2.80E-05,-0.000318973,0.006367843,0.005341228,0.015758801,0.005201924
/mnt/sdd/caltech_training_multiclass/train/003.Sooty_Albatross/Sooty_Albatross_0022_796398.jpg,2,-0.001797423,-0.001017089,-0.000146629,0.013940904,0.003987972,0.005116185,-0.007646028,0.010326143,-0.006885367,-0.001884936,-0.006108188,0.001646142,-0.011578046,0.004955114,-0.007214248,0.00534514,0.004005897,0.00446337,0.00223236,0.003885406,-0.015992638,-0.015847761,-0.001240197,-0.01286794,0.002989557,0.005563454,-0.001189008,-0.001390546,-0.002862952,-0.003190463,-0.005382902,0.01018613,-0.003965284,-0.010281273,-0.005545772,-0.005988502,-0.02308779,-0.026340991,-0.00688867,-0.010705842,-0.00165955,-0.02148094,0.006988634,0.003948701,-0.01661069,-0.008494124,4.34E-05,0.003290466,-0.011855348,-0.00114021,-0.021700231,-0.022028988,-0.004062288,-0.026799705,-0.013820883,-0.017981324,-0.035764534,-0.024540883,-0.033125415,-0.019867502,-0.021867175,0.010579419,0.015338901,-0.022459056,-0.00195517,-0.006393252,-0.00423917,0.001536057,-0.007431064,-0.016599463,-0.025144314,0.005899534
/mnt/sdd/caltech_training_multiclass/train/003.Sooty_Albatross/Sooty_Albatross_0013_796402.jpg,2,-0.002163575,-0.000756143,0.001999814,0.004042855,0.010768712,0.00080398,0.009791615,0.004084882,0.000910428,0.008557123,0.01431355,0.011503877,0.01173423,0.016045528,-0.000291049,0.017422551,0.004792908,0.014509248,0.000191661,0.000158951,0.000980383,-0.01687156,0.002298988,0.000831683,0.001321986,-0.001181758,-7.83E-05,-0.002239834,-0.009702824,-0.003526011,-0.005975638,-0.006153991,0.002527854,-0.004381097,0.018276941,0.000469846,0.008589044,-0.015753405,-0.036535144,-0.027814664,-0.018041598,0.005071039,-0.019448167,-0.005511784,0.005441159,-0.008049251,0.011104621,-0.00019069,-0.008823916,-0.011751919,-0.011797609,-0.003064889,-0.011514667,-0.001705831,-0.004658794,-0.004509473,-0.008868227,-0.007082145,-0.001783297,-0.002007179,-0.006136762,-0.018247202,-0.020630624,-0.021640088,-0.022195715,-0.029601296,-0.01128535,0.002239517,0.001806467,0.006789588,0.012678685,-0.027724056
/mnt/sdd/caltech_training_multiclass/train/003.Sooty_Albatross/Sooty_Albatross_0077_1080.jpg,2,0.003606776,0.000275291,-0.001429185,-0.003296815,-0.006525104,-0.00159886,-0.011741417,0.000438559,-0.018647457,-0.011465447,-0.003285263,-0.012599345,-0.003945753,-0.003238823,-0.002761228,-0.007797327,-0.00606004,0.003514802,0.003180972,0.003898779,-0.03181101,-0.002488597,0.010697332,0.009259431,0.001502727,-0.003508706,-0.007369101,-0.018290026,0.005672996,0.002572417,0.001558414,0.00408529,-0.004366932,0.003329624,-0.006689733,0.008403376,4.99E-05,0.002875565,0.007708771,0.009478835,0.033849232,-0.02004828,0.001470086,0.001753976,-0.008390591,0.013068891,-0.01073655,0.000549503,-0.01021604,-0.002343017,-0.00917393,-0.012300152,0.017335568,-0.008434977,-0.025773311,-0.011486689,-0.026008414,-0.022836221,-0.040855296,-0.0336158,-0.019088836,-0.016195372,-0.00160236,-0.010705868,-0.01498203,-0.003321763,0.014713479,0.005957269,0.00543453,0.004698985,0.007545796,0.015116198
/mnt/sdd/caltech_training_multiclass/train/003.Sooty_Albatross/Sooty_Albatross_0070_796346.jpg,2,0.002193988,0.001196409,-0.000555107,-0.003556154,-0.007007539,-0.000593841,-0.003073825,0.014235757,-0.02437593,-0.01081976,-0.000429129,0.010782292,0.010093203,0.004979956,0.021353886,0.00200594,0.002223332,-0.014496662,0.001597295,-0.002939598,0.010057431,0.010175211,-0.000505634,0.001624371,0.009393845,0.002835349,0.00202614,0.007943134,0.00128954,0.003530695,0.010314235,0.00234304,0.00553322,-0.01490521,-0.015305496,-0.01649197,0.00479623,0.002385077,0.013561519,0.008822069,0.014793368,0.000309157,-0.002712802,-0.003377473,-0.006394793,-0.011418909,0.006604323,-0.01328285,0.004705056,0.01084674,0.003699183,0.009523036,-0.019182475,0.013916938,0.01965519,0.007655256,0.021839723,0.006571379,0.004087825,0.00603503,-0.004216295,0.010816393,-0.009443121,0.005650069,-0.006648436,-0.011928066,-0.00587967,-0.009957066,-0.010120749,-0.010407554,-0.002667075,-0.002853086
/mnt/sdd/caltech_training_multiclass/train/003.Sooty_Albatross/Sooty_Albatross_0032_1149.jpg,2,0.001070039,0.000748207,-0.001634475,-0.01103686,-0.012007034,-0.004366031,-0.000761144,0.002624772,-0.001879002,0.006926999,0.004346265,0.001291392,0.004986042,0.013559721,0.006802255,-0.013391882,-0.010029921,-0.012186918,-0.013988952,-0.005783659,0.008795632,-0.008565482,-0.008121662,-0.015661903,-0.002155672,-0.004247532,-0.010388985,0.011214831,-0.011309141,-0.008602314,-0.000660976,-0.024034273,0.002109977,0.000570725,-0.003195064,-0.001139295,0.007906513,0.04411813,0.016270895,0.02781741,0.004554889,-0.011413017,0.005976292,-0.004747932,-0.00988168,0.005828493,0.013709639,0.002774057,-0.002496643,0.000824118,0.018687475,0.007912776,0.015926197,-0.010075664,-0.021119695,-0.01193439,0.02849618,0.013386437,0.015294578,0.013978202,0.017937621,-0.012210604,0.017416168,0.012759799,0.012803519,0.004875348,-0.006883265,-0.004815662,-0.008775269,0.005329317,0.000336942,0.007250179
/mnt/sdd/caltech_training_multiclass/train/003.Sooty_Albatross/Sooty_Albatross_0076_796365.jpg,2,-0.002130261,-0.002465832,0.001334523,-0.001126761,-0.002294373,0.000201159,-0.010715262,-0.009318768,0.002460975,-0.005560587,-0.016447842,-0.007747438,0.007420584,0.000750033,-0.007064391,0.002718635,-0.003036387,0.001789,0.002707569,-0.001678601,-0.003185143,-0.009888318,-0.003210378,-0.000649223,0.000153651,0.007621377,0.007847711,-0.00646017,-0.006112583,-0.007236713,0.006031536,0.007146003,0.0085419,0.006826228,0.004374531,-0.001188803,-0.014334322,-0.021404803,-0.029039381,-0.008212012,-0.004485943,0.005499943,0.003931202,-0.013859369,-0.014145975,-0.012949428,-0.002559096,0.005843516,-0.010194605,-0.015177703,-0.011538222,0.001559067,-0.014122075,-0.000697781,-0.016012568,-0.006781898,-0.008134531,0.003532805,-0.010025043,-0.001201508,-0.002365219,-0.005366431,-0.003760967,-0.018031308,-0.01961847,-0.030784557,0.017881878,0.015032383,0.007391596,0.00770056,0.003309295,-0.005474477
/mnt/sdd/caltech_training_multiclass/train/003.Sooty_Albatross/Sooty_Albatross_0051_796374.jpg,2,0.001530781,-0.000622529,0.000291563,0.008007456,0.0082362,0.001013058,0.014976027,0.00821818,-0.004174597,-0.002946983,0.006301627,0.003481233,-0.005485545,0.019234829,0.009770418,0.016639782,0.006156496,0.010916388,0.002926219,-0.003808566,-0.005425145,-0.008545754,0.009409209,0.002818558,0.000194054,0.000771037,-0.000151463,-3.60E-05,-0.009267691,0.004006199,0.003388868,-0.006895932,-0.001020892,0.023222769,-0.003779563,0.005502565,0.005495768,-0.031218,-0.016793106,-0.029977709,0.00286452,-0.020660508,-0.007562141,0.0177114,0.002350125,-0.005396027,-0.021654401,-0.029629696,-0.047757693,-0.044108592,-0.01723237,0.012636864,-0.00444606,-0.007328854,-0.004586979,-0.006890921,-0.023300882,-0.028639834,-0.007610665,-0.022439953,-0.008281393,-0.010526082,0.004153464,-0.009215762,-0.005024587,-0.014945127,-0.000542594,0.01191031,-0.002515114,0.001187852,0.004159154,-0.005104161
/mnt/sdd/caltech_training_multiclass/train/003.Sooty_Albatross/Sooty_Albatross_0025_796361.jpg,2,-0.000597066,0.001396135,-0.002725661,-0.0027912,-0.001064966,-0.00083101,0.006027759,0.015428216,-0.023593832,-0.004034077,0.01473392,0.015857605,-0.000157091,0.011809045,0.011478743,-0.01378708,-0.016690785,0.014713654,-0.002677535,0.018773764,0.003666861,0.004581194,0.010300653,0.012736896,-0.010268086,-0.004536789,-0.004293575,0.013255441,0.001394137,-0.003195849,-0.004083948,-0.021189539,0.010641051,-0.007421817,-0.002706996,-0.005171521,-0.004121905,-0.005801147,0.028754307,0.027526785,0.008129153,0.003529667,0.003655841,0.013311364,0.038243663,0.016445892,0.006322824,0.008882496,0.016388554,0.007369793,0.017569814,0.012492003,0.022576865,0.001305447,0.002830187,0.004841492,0.02140733,0.026219029,0.029111797,0.019719964,0.027384471,0.000772497,0.00686976,0.012136082,-0.015569245,-0.01783764,-0.008629872,0.00380862,-0.025372935,-0.012786325,-0.014505345,0.014686865
/mnt/sdd/caltech_training_multiclass/train/003.Sooty_Albatross/Sooty_Albatross_0074_1221.jpg,2,-0.000677896,-0.004065342,0.000103183,-0.015114462,-0.005867561,-0.004551752,-0.006320145,-0.00902798,-0.000423311,0.004594434,-0.003761872,-0.006334375,-0.008774608,0.01594974,-0.00069707,-0.00591189,-0.002375342,-0.001103507,-0.002464069,-0.002847337,-0.027041383,-0.012803976,-0.005594164,-0.001798085,-0.005227055,-0.013000373,-0.008614291,0.001990659,0.001083142,-0.001707648,-0.010820603,-0.009138523,0.013580324,0.022121122,0.013198299,0.007213463,-0.008896213,-0.001677219,0.00810614,0.011301096,0.018893939,-0.011546192,-0.006192558,0.00370772,0.003223524,0.004062168,-0.008067403,-0.023367789,-0.027391937,-0.041037984,-0.01754363,0.009920317,-0.002143281,0.010305083,-0.001203046,-0.002082442,-0.004615766,-0.007276175,-0.010533354,-0.02249217,-0.022414057,0.005203771,0.007869262,-0.019830614,-0.028884757,-0.019063141,0.002576239,0.006324482,-0.005535547,0.004045265,-0.000912325,-0.002242322
/mnt/sdd/caltech_training_multiclass/train/003.Sooty_Albatross/Sooty_Albatross_0046_1211.jpg,2,-0.001841306,-0.002338543,4.30E-05,-0.002897977,0.001232279,0.000155384,-0.002970969,0.011293699,0.002745871,-0.0109151,-0.002684302,-0.0006407,0.006662831,0.009071785,0.010731705,0.007381897,-0.00548472,-0.014371747,-0.002103245,-0.00290984,0.002828606,0.005743925,-0.008625079,-0.005187369,0.000877883,0.008265727,0.002956877,0.001765391,0.004582144,0.002534884,0.008486458,-0.00688858,0.015570936,0.002720328,0.006649513,0.005732683,0.009128775,0.01678302,0.002214649,0.00467832,0.016495071,0.005778851,0.007637166,-0.023101449,0.003790828,-0.004716084,-0.019057872,-0.012079768,-0.031882122,-0.025093265,-0.010444769,0.008572738,0.000948943,0.00681039,0.019205706,0.004776992,-0.006925437,-0.004583985,-0.009484662,-0.011392514,0.001473455,-0.00424372,0.01129291,-0.029268043,-0.031989563,-0.021636412,0.02585968,0.023933109,0.002957076,-0.001714586,-0.013621822,0.00663756
/mnt/sdd/caltech_training_multiclass/train/003.Sooty_Albatross/Sooty_Albatross_0003_1078.jpg,2,0.001127056,-5.18E-05,0.001645828,-0.000408884,-0.0018758,-0.00064994,0.009110421,0.01492347,-0.005272553,-0.000595983,0.000783732,0.002021785,0.002290209,0.01516004,-0.000607443,0.006556226,0.00115526,-0.004912623,0.007286114,0.005375297,0.014063846,0.00449568,0.013595187,0.004331726,0.01222691,-0.002997218,0.00255655,-0.004012769,0.005461302,0.000979212,-0.007144826,-0.009837076,0.002459567,0.001414539,-0.02120747,-0.013773724,0.025673311,0.001753951,0.013182065,-0.012855779,0.0033072,-0.005698346,0.003056286,-0.013858957,-0.018928725,-0.000551357,-0.001895711,0.001996884,0.000724322,0.004742708,-0.00479503,0.011883365,-0.002422428,0.01415246,0.007372953,-0.002398398,-0.007227499,-0.01055192,-0.007942878,-0.005040377,-0.000713786,0.020043274,-0.005020381,-0.008889431,-0.005958713,0.000877203,0.013507832,0.013890889,0.007241945,0.009236165,0.002825279,0.008238901
/mnt/sdd/caltech_training_multiclass/train/003.Sooty_Albatross/Sooty_Albatross_0075_796352.jpg,2,-0.00211083,0.000419419,0.002677131,0.002686137,0.000546648,-0.000573102,0.001261543,-0.010574098,0.021952279,0.003576844,-0.002963133,0.002184111,-0.004251394,0.01699875,-0.009328387,0.005866384,0.008679546,-0.003587016,-0.002721106,-0.004620018,0.00980676,-0.003827834,-0.001564284,0.001538311,0.007049481,0.012801886,-0.0021019,-0.001680156,0.00432119,0.006748212,0.005696867,-0.001522661,0.014000248,-0.007318811,-0.003276152,0.00595107,0.000503061,-0.038278118,-0.014381782,-0.028323827,-0.01652133,-0.004700533,-0.003034636,0.001163845,0.003615525,0.003672911,-0.0127791,-0.005271511,-0.015554452,-0.022319848,-0.007025911,0.013679947,0.00084777,0.005672128,-0.008011211,-0.007750267,0.002605905,0.000708524,0.009365812,0.015437928,0.006549312,0.021656133,0.006358205,0.003464026,-0.012259162,-0.002982971,-0.011140267,-0.008063253,-0.005444011,-0.00296985,-0.004327341,0.008795831
/mnt/sdd/caltech_training_multiclass/train/003.Sooty_Albatross/Sooty_Albatross_0006_796390.jpg,2,5.21E-05,-0.000388256,9.69E-05,-0.010185011,-0.006929725,-0.00464454,-0.016730227,-0.010733859,-0.016509023,-0.013711713,-0.004359189,-0.001652864,-0.00531586,-0.03595402,-0.019030802,-0.017690245,-0.00431099,0.004061947,0.006608341,0.001807245,-0.047462795,-0.008606057,-0.004228013,0.001821162,-9.96E-05,-0.000104477,0.000631497,-0.022366457,-0.011070765,0.001485184,0.007428172,0.012078913,0.002002473,-0.019069852,-0.019755721,-0.013373218,-0.029678486,-0.040475644,-0.024982058,-0.02867112,-0.006481965,-0.005103789,-0.012473336,0.020220188,0.015691044,0.007042743,-0.016380481,-0.0109587,-0.017542757,-0.013103187,-0.00244385,-0.006484914,0.002834935,-0.024576182,-0.005169004,-0.011213755,-0.016314678,-0.01740979,-0.012093797,-0.006052122,-0.009003724,0.003254861,-0.006551389,-0.008056672,0.002343835,0.004831077,-0.012171954,-0.00033716,-0.01139399,-0.000185085,0.013173807,0.001266771
/mnt/sdd/caltech_training_multiclass/train/003.Sooty_Albatross/Sooty_Albatross_0042_1210.jpg,2,-0.000309646,0.001765083,-0.000944367,0.006017718,0.01190618,0.0043563,0.012205584,0.019458251,0.013162794,0.001621565,0.009439495,0.00707295,-0.005320503,0.008256421,0.02229432,0.000605566,0.000836279,0.00059234,0.008828616,-0.000674053,-0.02474565,-7.12E-07,0.002842182,-0.000932408,-0.008495801,-0.006179207,-0.002234547,0.011491967,0.01066855,-0.002685734,0.003368164,-0.005391196,0.006181326,0.001604945,-0.006730007,-0.002580769,-0.010623787,-0.016816974,0.004345057,-0.003400313,0.009436778,0.004934993,0.017889714,0.004409085,0.00489592,-0.003053852,-0.00094791,-0.012708495,-0.006377435,-0.024490025,-0.00750283,-0.000744472,0.011312673,0.016546126,0.011150732,-0.006327936,0.006020855,-0.00072227,0.013809973,0.009952074,0.001688678,0.014092185,0.006566582,0.013082476,0.014715286,0.014318037,0.011886809,0.003627846,0.008898772,0.008251828,0.010651325,0.016438521
/mnt/sdd/caltech_training_multiclass/train/003.Sooty_Albatross/Sooty_Albatross_0073_1171.jpg,2,0.001852722,0.001096521,-0.00168958,-0.001181016,0.000696771,-0.001924418,-0.005302114,-0.009628743,-0.010981354,-0.001536143,0.004458432,-0.000860809,-0.011020441,-0.000830071,-0.016181491,0.013337151,0.00243916,-0.00054491,0.002028659,-0.009161075,-0.020801973,-0.002973351,0.004716924,0.000833369,0.008716822,0.0090003,0.004894431,-0.009070743,0.004005464,0.006381063,-3.01E-05,-0.005996105,0.002072894,-0.005209414,0.001080246,-0.002830135,-0.029857267,-0.03128537,-0.013424182,-0.017873544,-0.02041725,0.005688093,-0.008929967,0.007334259,-0.014262088,-0.009033388,-0.005948477,0.000936391,0.003534515,-0.001030308,-0.00354705,-0.012796126,-0.001981606,-0.03140819,-0.011610003,-0.000990574,0.005861695,-0.01086092,-0.008615407,-0.011903958,-0.000781633,0.007562617,0.004838491,0.005240272,-0.007663472,-0.003166452,-0.003156145,0.00125474,-0.012301268,-0.011107065,-0.013994498,-0.006929865
/mnt/sdd/caltech_training_multiclass/train/003.Sooty_Albatross/Sooty_Albatross_0038_1065.jpg,2,-0.001540082,-0.000211398,-0.000977052,-0.006369801,-0.000777383,0.001733689,-0.006484022,-0.01296382,-0.008373082,-0.009604082,-0.004581356,0.00108802,-0.010642707,-0.01643449,-0.011970433,-0.002222378,0.000824692,0.004701987,0.005291791,0.002704109,-0.015132686,-0.006567002,-0.001315802,-0.001828241,-0.014924468,-0.002425741,-0.003039526,-0.005266336,-0.006153247,-0.003114112,-0.002558117,0.019173536,-0.00681328,0.01750569,0.03161078,0.001736236,0.020981222,-0.019322246,-0.009531745,-0.000982858,-0.013528653,0.005664645,0.016834836,-0.014268847,0.002035638,0.004225263,-0.019091912,-0.011693917,-0.012518979,-0.000444216,0.005978906,0.015568512,0.009349519,0.006062693,-0.00035028,8.64E-05,0.019146152,0.001323698,0.002179842,-0.000320141,0.005617704,-0.003927952,-0.00265634,0.014766198,0.010998051,0.005300108,0.007370307,0.007239495,1.28E-05,-0.010876639,-0.008798127,0.001161788
/mnt/sdd/caltech_training_multiclass/train/003.Sooty_Albatross/Sooty_Albatross_0040_796375.jpg,2,-0.002119274,-0.000811703,-0.005417037,-0.015332734,-0.013019532,-0.003881462,-0.014431806,-0.026501443,0.002904614,0.013498288,-0.00683564,-0.009920893,0.002126053,0.028110959,-0.011990137,0.012138004,0.014066743,-0.003418862,0.005173901,-0.006109857,-0.017632697,-0.028500637,-0.009856178,-0.003700544,0.004943337,0.0044757,0.001000196,0.012316659,-0.005595865,0.00900089,0.005817816,0.013672116,-0.010429729,0.013044991,-0.00387418,-0.007245805,-0.012981704,-0.003636126,-0.00365465,0.012081029,0.016949784,-0.006434202,-0.011930685,-0.001877227,0.008409208,0.009205194,-0.000303064,-0.02580683,-0.008887204,-0.02986937,-0.019037025,-0.019247917,-0.016303122,-0.011143802,-0.007421033,-0.003562728,-0.000121213,-0.001517135,-0.008782627,0.007314684,0.012453778,-0.008227248,-0.002471202,-0.034060486,-0.027493289,-0.030935297,0.006599661,-0.005559498,-0.01378497,3.92E-05,-0.006546234,0.000496144
/mnt/sdd/caltech_training_multiclass/train/003.Sooty_Albatross/Sooty_Albatross_0016_1075.jpg,2,-0.001567626,-0.002417782,-0.001216687,0.007970453,0.001361484,0.00032966,0.003917224,0.001523338,-0.007126587,0.004893955,0.001774915,-0.001280641,-0.004073919,0.000570405,-0.009939314,0.004603938,0.000766046,-0.004826753,-0.004991941,-0.008628745,0.007191724,-0.010218662,-0.010758915,-0.011282898,0.003120401,0.000918338,0.005285081,0.004112329,0.003296814,0.004255991,-0.003234902,-0.02101492,-0.007791263,0.003581689,-0.002795294,-0.00646095,-0.012196692,-0.024018072,-0.006501928,-0.023763472,-0.017515548,-0.011876582,-0.012104991,-0.022538003,-0.016033083,-0.015560573,-0.02254723,-0.020876177,-0.0390848,-0.019044792,-0.024313025,-0.016262043,-0.007256358,-0.020687914,-0.004581931,-0.011168547,-0.020194631,-0.024817022,-0.033336196,-0.025571052,-0.025707144,0.006878874,-0.015129807,-0.013416812,-0.036873087,-0.030907467,-0.010618031,-0.004778693,-0.016754461,-0.012579715,-0.005530324,-0.002466079
/mnt/sdd/caltech_training_multiclass/train/003.Sooty_Albatross/Sooty_Albatross_0055_1160.jpg,2,-0.001659529,-2.07E-06,0.007691656,-0.009460196,-0.003035264,0.000235422,0.012811048,0.020106226,0.015426195,0.002626973,-0.003891286,-0.002621683,-0.006436382,0.011711221,0.004951729,0.012405426,0.003518956,0.008836111,0.002014388,-0.005875658,-0.01766482,-0.001865438,0.019026682,0.00501912,-0.002229804,0.010057884,0.000309693,-0.004379178,0.005887118,0.002186241,-0.005377173,-0.00602374,-7.75E-05,0.003760617,-0.003498582,0.004779238,0.0068468,-0.000906078,0.030542878,0.023030996,0.018306635,-0.002680777,0.006330434,-0.006997312,0.00889411,0.012026833,-0.012881664,-0.001431805,-0.016258556,-0.011827627,-0.005208409,0.009893999,-0.010993405,-0.004126895,0.016685389,0.013357678,-0.017858509,-0.01600739,-0.015743878,-0.01220917,0.000118242,0.015494121,-0.005015408,0.012536082,-0.005258535,-0.000884312,-0.009640686,-0.008238007,0.009906029,-0.001529043,-0.001980671,0.009163337
/mnt/sdd/caltech_training_multiclass/train/003.Sooty_Albatross/Sooty_Albatross_0057_796354.jpg,2,-0.005477672,-0.001086473,-0.002226871,0.001018973,0.005506978,1.73E-05,-0.000116471,0.008557159,-0.004511952,-0.010754943,0.007868115,0.000875663,-0.006219146,-0.010417217,0.003506192,-0.008834785,0.002227833,0.004514835,0.004675052,0.015858388,-0.013179215,-0.003411781,0.015903825,0.010873167,-0.002257642,-0.000513959,0.007694972,-0.00864647,0.000130549,0.008967483,0.012444057,0.010750646,0.013234543,0.002318725,0.017980186,0.003943633,-0.019890975,-0.008431442,-0.011843786,-0.012487002,-0.016285522,-0.004275047,-0.003168151,0.006042223,0.003995907,0.002392905,0.001698331,0.00148471,0.008794338,0.023722704,0.015063776,-0.000683337,-0.005501714,-0.002168356,0.008480962,-0.000666987,-0.00266941,-0.003802571,-0.013579713,-0.017905373,-0.001848683,-0.01221244,-0.012515502,0.021087643,0.004770038,0.009515995,0.008535098,-0.008307053,0.009837541,0.001122493,-0.006592169,0.00044909
/mnt/sdd/caltech_training_multiclass/train/003.Sooty_Albatross/Sooty_Albatross_0063_1101.jpg,2,-0.000925008,-0.002685006,-0.002312576,0.000344625,-0.002585445,-0.000897377,-0.003605072,-0.012610579,-0.025972074,-0.009565178,0.002958109,0.005888046,-0.007207871,0.00306784,-0.005665785,-0.008568931,0.003711566,0.002638031,0.011473516,0.000579642,-0.008806968,-0.002880422,0.010517892,0.011982805,-0.015308256,-0.009341453,-0.005379859,-0.002753601,0.005219475,-0.000704894,0.006057763,0.005013045,0.000883422,0.014480431,0.009809062,0.010570588,0.008241557,0.007890958,-0.003360096,0.01852971,0.015829535,-0.003135291,0.008623128,0.016738322,0.007503755,0.011641717,-0.02927579,0.001681272,-0.003750821,0.004579614,0.003769251,0.006043553,-0.014090719,0.006718371,0.007648522,-0.001678876,0.016731791,0.017249724,0.009313645,0.003015716,0.003661183,-0.009000857,-0.006236397,-0.013144856,0.003867395,0.012083035,-0.007939806,0.000184911,0.001817429,0.005728075,0.012338139,0.017611384
/mnt/sdd/caltech_training_multiclass/train/004.Groove_billed_Ani/Groove_Billed_Ani_0100_1646.jpg,3,0.002414376,-0.001622225,-0.002885411,-0.011997413,-0.004656011,-0.002963286,0.001726704,0.000568689,0.014918864,0.004742697,0.007931693,0.010416791,0.004598335,-0.011626621,0.008789921,-0.015658913,0.004422108,-0.005166349,-0.004037701,-0.005526588,0.008403781,-0.006386119,0.017295161,0.008131379,-0.006986918,-0.011930367,-0.007683292,0.015048991,-0.003564838,-0.002039816,-0.002509459,0.009331146,0.003583379,0.007720513,-0.005152586,0.003959637,0.011573077,0.018262992,0.020832263,0.027169133,0.006840124,-0.00571027,-0.009474121,-0.005602533,-0.003586703,-0.002496031,-0.012304071,-0.013203489,0.001310378,0.007410485,0.001340222,0.000707805,0.010010563,-0.011075113,-0.003255293,-0.015549453,0.01370527,0.008901248,0.000938528,0.002909355,-0.020602506,-0.00250122,0.010420384,-0.011567391,-0.005682046,0.007823742,0.007789585,-0.01216996,-0.00377893,-0.005102162,-0.007381314,-0.013601849
/mnt/sdd/caltech_training_multiclass/train/004.Groove_billed_Ani/Groove_Billed_Ani_0080_1549.jpg,3,-7.36E-05,-0.000283665,0.002281699,0.002673137,0.002573457,0.000121208,-0.000572104,-0.002412188,-0.00288583,-0.000263014,0.001800302,0.000716855,-0.001797709,-0.016974661,0.002567096,-0.008294945,0.003649789,-0.006230226,0.000623351,-0.005943126,-0.006236624,-0.003150684,-0.007649484,0.009332762,0.004519901,-0.001363035,0.009037302,0.002970116,0.002876244,-0.004717614,-0.001792718,-0.013983576,-0.000594634,-0.01567277,0.002458392,0.002187085,0.003214008,0.006534078,-0.007169934,0.013027529,-0.003950281,-0.007171113,0.012689764,-0.012812357,-0.003843498,-0.002914109,0.025289968,0.023182692,0.013480758,0.012289067,0.015718542,-0.009703566,0.003742454,-0.01272579,0.005937501,-0.004635929,0.013442932,0.007925258,0.006327651,-0.000331465,0.022557732,-0.008677218,0.007894734,0.003200716,0.010246715,0.009701612,0.022860128,0.017576337,0.006616588,0.003206273,-0.004741268,-0.01625018
/mnt/sdd/caltech_training_multiclass/train/004.Groove_billed_Ani/Groove_Billed_Ani_0078_1780.jpg,3,-0.001231963,-0.002723589,0.00067077,-0.008695085,0.00024268,-0.00387877,-0.005214477,-0.012625875,-0.000955794,0.002234237,0.009848228,0.004456734,-0.004077622,-0.020335888,-0.002988118,-0.015322793,-0.013784891,0.003663726,0.006983105,0.006526867,-0.008864557,-0.015086433,0.002346434,0.009311294,-0.016990721,0.004531533,-0.007910509,-0.004138126,0.001042218,0.001959595,0.003656007,0.002681024,-0.004754582,0.010067103,0.000264171,-0.002060274,-0.04311625,-0.02120773,-0.003892809,-0.025946444,-0.000831504,-0.003976394,-0.016101034,-0.00751631,0.002989502,0.002067584,-0.008347277,-0.009657616,-0.013060797,-0.00751613,0.005315098,-0.028664704,-0.015601896,4.35E-05,0.010422802,0.003788061,0.00335548,0.012321474,0.005395027,-0.002198239,0.001054953,-0.0320307,-0.006800897,0.004241921,-0.01004683,-0.006958593,0.008828125,0.003268021,-0.00198746,0.015037436,0.010732994,-0.019926043
/mnt/sdd/caltech_training_multiclass/train/004.Groove_billed_Ani/Groove_Billed_Ani_0036_1604.jpg,3,0.003231078,-0.002454573,0.001149983,0.003536784,0.005166023,0.002529407,0.002953801,0.010956483,0.001167293,-0.002580228,-0.004306124,0.000736788,0.009620691,-0.016729096,0.001756203,0.023876393,0.007851986,-0.014193872,-0.003613123,-0.004789397,0.019201463,0.01537313,0.015498479,0.008856806,0.000644256,0.008364517,0.000769788,0.007928595,0.002609302,0.013594599,-0.004867381,-0.008294979,0.007621641,0.012679026,0.003503578,0.002624153,0.032991346,0.037438843,0.008126829,0.031329267,0.01256268,0.019357866,0.000592519,-0.004165112,-0.011065466,-0.009673986,0.013604634,0.006186154,0.010233033,0.010340443,-0.00177192,-0.010463995,0.00706983,0.003229505,0.011810057,-0.001268154,0.005378093,-0.002386128,-0.024135776,0.007723891,0.01279958,0.008106544,0.013147993,0.002830903,0.004587347,0.009799517,0.010212113,0.001339131,0.003346512,0.006091859,0.001280508,-0.000831043
/mnt/sdd/caltech_training_multiclass/train/004.Groove_billed_Ani/Groove_Billed_Ani_0101_1700.jpg,3,0.001265992,-0.003087634,-0.002140828,0.009584729,0.00711836,0.003395904,0.00117335,-0.002414892,-0.001906663,0.004681623,-0.000588168,0.012414073,0.003777772,0.011179064,-0.003209317,0.007535103,0.018038664,0.002202331,0.001532285,0.006048206,-0.005193301,-0.005195633,-0.006713491,-0.006960623,-0.004660284,0.004349253,0.001829095,0.001138845,-0.002030499,0.002054233,0.001760052,-0.017478209,0.00010459,0.00450367,0.009981422,0.006303512,0.005955292,-0.004893522,-0.013811237,-0.003916032,0.009488961,-0.001975678,-0.014489137,0.003208329,-0.013944199,-0.005822622,0.001120692,0.012632197,0.008555906,-0.001191353,-0.005977501,-0.011477366,0.004225474,0.004834683,-0.007190712,-0.00178635,-0.004702094,-0.014889889,-0.018366307,-0.012685924,-0.004552905,-0.005072314,0.007918982,-0.005955011,-0.014502821,-0.002798375,0.004592001,0.008735083,-0.005416895,0.007324345,0.008697312,-0.016027328
/mnt/sdd/caltech_training_multiclass/train/004.Groove_billed_Ani/Groove_Billed_Ani_0044_1731.jpg,3,0.002432148,0.002379475,0.001436227,0.00721171,-0.001278943,0.001612483,0.003818814,0.012038244,-0.013930417,-0.001047355,-0.0105852,-0.007785387,-0.003178207,-0.005277696,0.017362015,0.00389904,0.009106229,0.007260909,-0.002165769,0.008194759,0.010571112,0.020709557,0.001021254,0.009836134,0.014176423,0.009072281,0.001928214,0.01507606,0.01646488,0.004271129,0.002124862,-0.003364536,0.029108383,0.000379536,-0.002131431,0.010428008,-0.001750236,-0.000366783,0.034319118,0.036178693,0.008036107,0.025391387,0.014908392,-0.003860944,0.011014372,0.018898787,0.006351376,0.00640046,0.018047143,0.004599868,-0.001194072,0.015871035,0.004468435,0.006056233,0.00234745,-0.00226679,0.006754243,0.012153226,0.019926494,0.016360782,-0.01015926,0.022020483,0.010637282,0.000110026,-0.016426053,0.000543883,-0.013384117,-0.010742407,-0.002146901,-0.007623597,-0.018902335,0.00103768
/mnt/sdd/caltech_training_multiclass/train/004.Groove_billed_Ani/Groove_Billed_Ani_0087_1765.jpg,3,-0.001234433,0.002635907,0.00201453,0.011152987,0.010504209,0.001557904,0.00495735,-0.0049691,0.009147925,-0.005972729,0.002965179,0.006872083,-0.002963683,0.004084826,-0.001788617,-0.009116052,-0.001747201,0.000273787,-0.00368202,-0.00272616,0.007762374,0.012921312,-0.007081261,-0.002650816,-0.006907935,-0.004475435,-0.014951542,-7.44E-05,0.008770148,-0.011996077,0.00062841,0.003305511,0.007209585,0.002713505,0.00596243,0.001517202,0.000598409,-0.013763629,-0.008234304,0.002675321,0.004533631,-0.001529154,-0.016207272,0.008849785,0.005143316,0.004922448,0.00594258,-0.015941836,-0.009040656,-0.007759722,-0.010457527,-0.014207051,0.016526086,-0.000949367,-0.013260491,-0.006099968,0.007958926,-0.001748823,-0.014748085,-0.017935626,-0.017200027,-0.025910055,0.001191108,0.00521023,0.015377007,0.020641014,-0.010439012,0.005829893,0.00503993,0.005005003,0.007664542,-0.003137163
/mnt/sdd/caltech_training_multiclass/train/004.Groove_billed_Ani/Groove_Billed_Ani_0019_1585.jpg,3,-0.002796831,-0.004373819,-0.000383595,0.007742248,0.009638201,0.002000088,0.006458418,0.013790669,0.004090364,0.005347893,0.002870429,-0.000358304,0.001840462,-0.012822858,0.009766794,-0.002320432,0.007150515,0.008460626,-0.003662528,0.005530991,0.006558103,-0.002607607,0.00342921,0.003034043,-0.008886274,-0.004674507,0.003738196,0.019793157,0.006985355,0.00462706,0.00496899,0.011419411,0.004043838,-0.008420062,-0.010890733,-0.004213434,0.015932634,0.020474017,0.022597473,0.005431733,0.009322738,0.011451855,0.00871357,0.01751605,0.009453076,0.009358581,-0.009067876,-0.007493932,0.006824885,0.009353514,-0.006794122,0.000358893,0.004244091,0.009437708,0.008070271,0.009365444,0.019167444,0.018079601,0.022487555,0.01379205,0.008776668,-0.002082471,0.024004793,0.00844794,0.021042079,0.006674165,0.019470207,0.00959828,0.009097339,0.015119109,0.011353297,-0.003188086
/mnt/sdd/caltech_training_multiclass/train/004.Groove_billed_Ani/Groove_Billed_Ani_0010_1704.jpg,3,0.001506481,-0.00259348,-0.001472556,-0.009358594,-0.008384914,-0.002460142,-0.001777923,0.000266253,-0.001627739,-0.006109254,-0.000582407,-0.006303226,0.000545236,-0.019065619,0.009679984,0.008077358,-0.004575679,-0.017856928,-0.00147331,0.00348524,0.006751733,0.02184653,0.002598575,0.020771982,0.011331666,-0.001715745,0.003837825,0.001683288,0.002236248,-0.008756589,-0.000911735,-0.018860102,-0.003294486,0.013251554,0.006779444,0.014136234,0.014792603,0.049339436,0.038318083,0.025692388,0.026110288,-0.015194187,-0.011265391,0.020781685,0.009164923,-0.008453699,-0.005375055,-0.020357186,0.002906965,-0.006433063,0.003044132,0.006414869,0.010708429,-0.001758697,0.008498549,1.81E-05,0.01809934,0.001230947,-0.01812964,0.0232363,0.010519074,-0.011562703,0.00034422,0.014724508,0.007116161,0.003029728,0.008928114,0.001721425,0.00458361,0.015077252,0.005292351,0.002096011
/mnt/sdd/caltech_training_multiclass/train/004.Groove_billed_Ani/Groove_Billed_Ani_0031_1588.jpg,3,-0.004345431,-0.000380529,-0.001452381,-0.00026462,0.000961153,-0.000351919,-0.011309359,-0.012717876,0.00812454,0.005035993,0.002018956,0.005233002,-0.004573769,-0.0311974,-0.001557175,0.019305535,0.011005868,-0.01767572,-0.011911426,-0.001279541,0.001057449,-0.000207278,-0.010511683,-0.002811041,0.000405197,0.003247387,0.002743587,0.005667036,-0.001136245,0.000459018,-0.001147911,0.005647726,0.008847931,-0.015442906,-0.010129647,-0.010227578,-0.004132657,0.012779498,0.021455977,0.012824368,0.008759968,-0.01079649,0.007161809,0.00451828,0.00465009,-0.012027817,-0.014977152,0.000622094,-0.006698418,-0.00509814,0.00327222,-0.006992673,0.006186472,0.010249205,0.013188145,0.00785401,0.003447954,-0.009317807,-0.030740254,-0.017195363,-0.017400865,0.007633057,0.014185252,-0.008656945,0.008560365,0.006682919,0.024901304,0.017601296,0.0227617,0.021263205,0.023271095,-0.003750791
/mnt/sdd/caltech_training_multiclass/train/004.Groove_billed_Ani/Groove_Billed_Ani_0068_1538.jpg,3,-0.001068951,-0.002336607,0.000215691,-0.009964522,-0.006801547,-0.002972859,-0.013308327,-0.017634623,-0.013197146,-0.004704818,-0.008510741,-0.002493583,0.00387747,-0.004377071,-0.018172711,-0.0142734,0.004178015,-0.003370059,0.003220167,-0.006753453,0.001564325,0.001495309,-0.004396994,0.003286203,-0.01694094,-0.021335602,-0.012806131,0.007009593,-0.007975793,0.000925622,0.001386162,-0.004127911,0.002344059,0.000895336,-0.000443106,-0.003937482,-0.025973812,-0.017494638,-0.020179298,-0.016792238,-3.31E-06,-0.004829195,-0.007418168,0.005973776,-0.003470019,0.00964951,-0.014869234,-0.006232536,0.008606814,0.003848393,-0.012210569,0.00898492,0.003421072,-0.005300474,-0.010942649,-0.000822745,-0.000144291,-0.009961067,-0.009333679,-0.003777594,0.000780132,-0.017814104,0.013724214,0.012359782,-0.009561348,-0.018029895,0.004285519,-0.000497981,-0.007053465,0.010841284,0.002797935,-0.02338111
/mnt/sdd/caltech_training_multiclass/train/004.Groove_billed_Ani/Groove_Billed_Ani_0015_1653.jpg,3,0.002258012,0.001045567,0.002607861,-0.007692601,-0.012044656,0.000232539,0.004282168,0.003964859,0.00324609,0.014340068,-0.000568038,0.001697638,0.00611844,-0.013110951,-0.001355687,0.018048447,0.004893832,0.008995111,0.006772755,-0.007358894,-0.007714232,0.005731927,-0.003074725,0.001323504,0.004356868,0.007856297,0.010704055,-0.013999539,-0.004303273,-0.00077394,-0.001536514,-0.004457407,-0.001132162,-0.009289685,-0.009734692,-0.001696969,-0.008849977,-0.003871196,0.005030918,0.015194075,0.013944687,-0.01596807,-0.01125826,-0.008665997,-0.001040567,0.003563052,-0.011343667,-0.002823426,0.004961913,-0.003201801,0.002358765,-0.001231806,-0.007555937,0.017857028,0.013295632,0.015668672,-0.001798258,0.007638334,0.007761965,0.013642455,0.00705121,-0.013950784,0.006214892,0.003051542,-0.024736622,0.003573739,0.01105945,0.008980484,0.005882935,0.022759214,0.017893532,-0.015547941
/mnt/sdd/caltech_training_multiclass/train/004.Groove_billed_Ani/Groove_Billed_Ani_0074_1730.jpg,3,0.003683499,0.004517861,0.005445238,0.002591741,0.007756614,0.004316658,0.013157275,0.01667612,0.012680307,0.008210323,0.007866312,0.00671414,0.009917055,-1.31E-05,0.006871712,0.025989797,0.013261562,-0.003101377,-0.002436871,-0.005210948,0.009875628,-0.013487414,0.013415688,0.015125155,0.006762276,0.011026941,0.001281098,0.003406586,-0.000419496,0.001083094,0.000507386,0.002383119,0.014947698,-0.011654879,0.008816515,0.008190444,-0.01050451,-0.006331882,-0.011566082,0.010047632,-0.000495394,0.002580279,0.018655423,-0.006747529,0.002787489,-0.001083543,0.002393106,-0.003933349,-0.021073395,-0.022578243,-0.015470954,0.017856572,0.014667981,-0.011909367,0.001376432,0.001751868,0.01502835,0.014878327,0.008798407,0.015227265,0.00813163,0.001333313,0.024695594,0.002577464,0.002521774,0.009438606,0.003737823,-0.006699072,0.015237507,0.010549348,-0.001132454,-0.006133788
/mnt/sdd/caltech_training_multiclass/train/004.Groove_billed_Ani/Groove_Billed_Ani_0053_1672.jpg,3,-0.000719517,0.001838212,-9.30E-07,-0.00190216,-0.00137531,0.003835249,0.008037011,0.017401366,0.017731732,0.000612988,0.007811686,-0.001344563,-0.003173449,-0.021800466,0.007811931,0.011061554,0.002265887,-0.000734398,-0.003259655,0.003296605,0.00456464,0.002986177,0.009246062,-0.002525617,-0.00037161,-0.004710004,0.00280371,0.004645196,-0.000601407,-0.001802852,0.006651211,0.028077403,0.012900115,0.005207369,0.023084143,0.021704258,-0.003121228,-0.011897593,-0.010752157,-0.031050961,-0.01446247,-0.000610815,-0.027378913,-0.011152586,-0.01760995,0.004359386,-0.00335706,0.005855574,-0.001229061,-0.001821516,-0.007376914,0.02253849,0.003302215,0.00680721,0.018550009,0.011796993,0.009753495,-0.002336176,-0.018184653,0.00276607,-0.012217424,-0.012140095,0.012009648,-0.006271782,0.006174712,0.008064484,0.011649733,0.019686192,0.018947933,0.020504065,0.009185522,0.001191607
/mnt/sdd/caltech_training_multiclass/train/004.Groove_billed_Ani/Groove_Billed_Ani_0091_1728.jpg,3,0.00227494,0.001122395,-0.001334226,-0.009136451,-0.010787254,-0.00140271,-0.001444413,0.004470904,-0.003216862,0.000624947,-0.00834006,-0.005610542,-0.005907282,-0.006860586,-0.010075472,-0.004451613,-0.00164241,-0.000839818,-0.007244348,-0.004007953,-0.00754625,0.005137833,-0.021696253,-0.007020155,0.005215274,-0.000321974,0.003217639,0.00560687,0.000172926,-0.001257312,0.003061202,0.006869976,0.014627162,-0.018666474,-0.012089979,-0.010579957,0.005638961,-0.001746445,-0.009616965,-0.001856396,-0.006597846,0.004196341,0.006621709,0.007045959,0.001221287,0.010698281,0.00750466,0.010962806,-0.00373987,-0.016182225,-0.017482981,-0.008459521,-0.005114024,-0.000655123,0.010662206,0.001399499,0.00681207,0.002358497,0.002510529,0.011714996,0.014334564,-0.005930227,0.014211528,-0.012763407,-0.002761727,0.00412003,-0.000364115,0.006667454,0.009070862,0.003248539,0.001116338,-0.002105256
/mnt/sdd/caltech_training_multiclass/train/004.Groove_billed_Ani/Groove_Billed_Ani_0109_1592.jpg,3,0.00246297,-0.003931783,-0.00147684,-0.005399938,-0.007443254,-0.001444723,-0.007359915,-0.008745811,-0.015912298,-0.001619669,-0.005150805,-0.009497127,-0.005977991,-0.004176047,0.000526974,0.005985167,0.017601244,-0.0041152,0.010351613,-0.002048731,0.004477734,0.007772349,0.002260004,-0.008583834,-0.016503718,-0.004629511,0.002604469,0.0155755,-0.006206556,-0.003539871,-0.003031735,0.000863474,0.028838057,0.011239097,0.019534416,0.00963186,-0.004105333,0.012240835,0.037269197,0.023362642,0.02702968,0.001241303,0.005530872,0.021609757,0.006695862,0.013821199,-0.018014552,-0.007398675,-0.011168988,0.003596905,-0.007572666,0.009904439,0.007789739,0.028647346,0.027567495,0.011550235,0.03142312,0.015903972,0.02529773,0.03327497,0.013723733,0.006426483,0.01667486,0.002325993,0.01969188,0.009970204,0.016295593,0.021081988,0.002738959,0.012619989,0.000274058,0.00024717
/mnt/sdd/caltech_training_multiclass/train/004.Groove_billed_Ani/Groove_Billed_Ani_0058_1751.jpg,3,0.002537608,0.001183849,-0.000392312,0.00175992,0.000358517,0.004352348,0.012374532,0.016733104,0.010624112,0.009804605,-0.00057753,0.002713675,0.007356172,-0.003634501,0.014071988,0.028255776,0.012591274,-0.01501784,-0.002033072,-0.003506049,0.03281574,0.014047235,0.0195634,0.010980638,-0.012796031,-0.002603607,0.00764285,0.006412907,0.001288866,-0.006082872,0.000725639,-0.003880024,0.016375173,-0.010402956,-0.003156778,-0.001868374,0.047600217,0.05216668,0.03520656,0.04111426,0.01898046,0.007040497,-0.002796091,-0.002800752,-0.009650515,-0.001694076,-0.001298548,0.005938225,0.016228551,0.004380158,0.019650552,0.008168414,0.010162612,0.003765165,-0.001486242,0.004458726,0.026672669,0.019674234,0.018664395,0.004617369,0.006908774,0.008818805,0.015123135,0.010859793,0.019341994,0.016352184,0.001123773,0.00898879,0.016291538,0.014576707,0.01184446,-0.010825407
/mnt/sdd/caltech_training_multiclass/train/004.Groove_billed_Ani/Groove_Billed_Ani_0006_1763.jpg,3,-0.000623308,0.002497423,0.002026659,-0.001525893,-0.004016872,0.003013908,-0.000230932,0.001658376,0.013995864,0.004268632,-0.004560112,0.007603689,-0.001977791,-0.005157045,0.009951262,0.009232274,0.005317739,0.002221738,-0.000920046,-0.00226397,0.004115527,0.000866464,-0.007601265,-0.001664137,0.001563824,0.007308238,0.004411414,0.014010473,0.007541981,0.00776656,0.007516785,-0.004595127,0.001716932,0.002538276,-0.011580422,-0.007434627,0.00878843,0.004909135,0.016425012,0.032627475,0.022838902,-0.001841824,-0.00355605,0.015876187,0.006404364,0.011055633,-0.008669229,0.015566405,0.00169336,-0.000634381,-0.00266471,-0.000382604,0.006311763,-0.000703648,0.000826364,0.007023111,-0.010394717,0.010195726,0.022940863,0.012177475,0.010510497,0.012886303,0.011892479,0.014795873,-0.002165803,0.018308923,0.004455336,0.00134232,0.002262624,0.005302323,0.003742307,-0.00184535
/mnt/sdd/caltech_training_multiclass/train/004.Groove_billed_Ani/Groove_Billed_Ani_0105_1562.jpg,3,0.003192168,0.000455924,0.001755232,-0.010834004,-0.007609308,-0.003436197,-0.006017398,-0.007610301,0.011306739,0.001145073,0.005649458,0.007661077,0.005179822,-0.005247724,-0.001888293,0.002801027,0.003319774,-0.009869625,0.005321614,-0.005712726,-7.79E-07,-0.001413026,-0.004022701,-0.002295035,0.010542784,0.001074502,0.006321839,-0.012615047,-0.008799046,-0.006629393,0.007513427,0.009409362,0.004659732,0.003271138,0.006252096,0.00607646,-0.016198164,-0.002216837,-0.007452604,-0.003009871,-0.006804467,-0.00469782,-0.004329379,-0.006475586,-0.012629678,0.001843233,-0.007025363,-0.006160581,-0.012535082,0.003337506,0.006527305,-0.007769832,0.004299745,-0.003287928,-5.95E-05,0.013902841,0.016829785,0.023973878,0.015485372,0.013161017,0.007496271,-0.01414005,0.009758972,0.010425948,-0.00963694,0.003605618,-0.002306535,-0.000821618,-0.008527653,0.012547355,0.003686287,-0.009666776
/mnt/sdd/caltech_training_multiclass/train/004.Groove_billed_Ani/Groove_Billed_Ani_0033_1494.jpg,3,-0.002810001,-0.00054787,-0.001825299,0.003736191,0.005703949,-0.001570023,-0.00511347,-4.50E-06,-0.004894923,-8.95E-05,0.005375926,-0.002227722,-0.002130041,0.00743363,-0.010630539,0.007072107,0.014927983,-0.007841256,-0.003228874,-0.006895433,0.004846263,0.004045244,-0.000571449,-0.003170162,-0.008182083,-0.006605043,-0.010885689,-0.002720113,-0.001374194,0.001118505,0.004685193,-0.006707216,0.009720042,0.005842708,0.014604084,0.010611005,-0.02030559,-0.014079283,0.004861851,0.023163011,0.017671864,-0.009342732,0.006061473,0.007596561,-0.005131589,-0.002498546,0.022399824,0.013446614,0.006576044,-0.005730183,-0.004424952,-0.001060893,0.001084471,0.00182709,-0.00623185,0.007412928,0.01245488,0.012914036,0.011386397,0.000201215,0.006630239,-0.00669558,0.010016678,0.006750184,0.004220697,-0.019484363,0.001770575,0.000741879,-0.005779928,-0.005294915,-0.011830609,-0.014701892
/mnt/sdd/caltech_training_multiclass/train/004.Groove_billed_Ani/Groove_Billed_Ani_0047_1706.jpg,3,0.001879279,0.004070986,0.001025393,0.003770037,0.003579307,0.00053509,-0.002320412,-0.006315708,0.004597012,0.007154706,-0.001505723,-0.006446623,0.004847507,-0.000870811,-0.003326417,-0.022674674,-0.025575487,-0.009122347,0.004031786,-0.008230144,-0.000917259,0.016577592,0.008810278,0.006632409,-0.000149552,0.008101933,0.005301334,-0.005840905,0.007413396,0.002416192,0.0022733,0.01095549,0.026236735,0.007618254,0.000682727,0.005277972,0.015816424,0.01253381,-0.002916569,0.009443995,-0.010523483,-0.000939429,0.022726681,0.002778162,-0.005830651,-0.002498534,0.006171287,-0.010809203,0.006602875,-0.009824228,0.003708826,-0.001747814,0.023718338,-0.004643833,0.000871519,-0.000367412,0.028226199,0.03230818,0.020837927,0.023264881,0.001655042,0.023070024,0.016806884,0.014236726,0.012116421,0.02339485,0.002683929,0.008017872,0.001772922,0.006475052,-0.005188718,0.001092504
/mnt/sdd/caltech_training_multiclass/train/004.Groove_billed_Ani/Groove_Billed_Ani_0072_1696.jpg,3,0.003269174,0.00241525,0.003408092,0.004759567,0.001521066,-0.002035885,-0.003821424,-0.000559995,0.010966847,0.000474287,-0.009798782,-0.010654889,-0.015202915,-0.00756922,-0.00511576,-0.002110497,-0.00080856,-0.010661422,-0.001936014,-0.009753684,-0.02455862,-0.009287598,-0.017536495,-0.011009499,0.005359756,0.014686098,0.009075828,-0.015245424,0.002131294,-0.003923252,0.00067178,-0.0090925,-0.012359126,-0.013370276,-0.00694449,-0.000949429,-0.040069416,-0.01754873,-0.005391246,-0.017350629,-0.017041449,-0.00940657,-0.001767844,0.01116195,0.007670864,0.016073164,0.004330306,-0.00261404,-0.00559877,0.001261289,-0.005545867,-0.011529912,-0.00996943,0.011052697,0.003904756,0.008023993,-0.016048241,-0.008956189,-0.012158661,-0.003063578,-0.012367629,-0.000765448,-0.001726375,0.011700502,-0.007618461,-0.00446215,-0.00225784,-0.013676439,-0.015142331,-0.000513994,-0.00922172,-0.017039545
/mnt/sdd/caltech_training_multiclass/train/004.Groove_billed_Ani/Groove_Billed_Ani_0071_1559.jpg,3,-0.005654057,-0.002098369,-0.002094105,-0.004726635,-0.007741334,-0.003721168,-0.017956603,-0.028229121,-0.003580242,0.005139048,-0.003394844,-0.006342237,-0.002638867,-0.013780276,-0.015521688,-0.009418129,-0.000211187,0.013163284,0.008788589,0.0034694,0.000362658,-0.005489259,-0.005671075,0.005056909,-0.009250621,-0.013388258,-0.002127567,0.00393762,-0.003696603,0.008931411,-0.004341354,-0.003010784,-0.004895072,-0.002324323,0.009425675,0.007296027,0.0083069,0.006091373,0.020464135,0.025763417,0.015516734,0.001349074,-0.009840271,0.011360145,0.002677667,-0.000597868,-0.019692753,-0.014151599,-0.003831774,-0.009521006,-0.006026315,-0.009776779,-0.002475779,-0.008273705,0.010892651,-0.00182882,-0.00565809,-0.000593217,-0.013856713,-0.008048832,-0.009273361,0.007251079,0.015822867,-0.000464075,0.010191558,-0.005572183,0.00357744,0.003644018,0.017096125,0.004505377,-0.001879139,-0.006066373
/mnt/sdd/caltech_training_multiclass/train/004.Groove_billed_Ani/Groove_Billed_Ani_0069_1546.jpg,3,-0.001483901,-0.001140201,-0.00248222,-0.000304592,0.008256862,0.000147168,0.014920182,0.01625567,-0.005965225,-0.01402963,0.012156446,0.00716233,-0.0024679,-0.001026692,0.011394128,-0.010753992,0.002228987,-0.000169946,0.000781553,0.000825068,0.001053816,0.007455135,0.002615484,0.006771642,-0.000625327,0.005599176,0.00230168,-0.001096272,0.008687823,0.002556476,-0.001443807,0.003892683,-0.004248761,0.012382099,-0.008265084,5.84E-05,0.006618735,0.011079956,0.02422721,0.013670549,0.011847025,0.003047043,-0.020612206,0.005315634,0.012637183,0.00538947,0.003180687,0.005293357,-0.005787293,-0.00409498,0.003820499,-0.013952944,0.001905061,-0.006487185,-0.00738027,0.003036527,0.00107125,-0.013089636,0.002798555,0.009507654,0.007134936,-0.019478107,-0.004932263,-0.001082381,-0.009247979,-0.008327657,0.023796368,0.009975437,0.017233621,0.013934475,0.017190259,-0.002291998
/mnt/sdd/caltech_training_multiclass/train/004.Groove_billed_Ani/Groove_Billed_Ani_0108_1639.jpg,3,-1.22E-06,0.000519372,0.001460775,-0.006634141,-0.00026747,-0.000369234,-0.001147338,-0.002044804,-0.015162742,-0.006278224,-0.004352545,-0.003236948,0.007613927,-0.017758753,-0.00213015,0.004430598,-0.001339255,0.00410451,0.005230706,-0.004237294,0.004754541,0.004510905,-0.004609068,0.007869673,0.002367841,0.003495812,0.006190557,-0.005539123,0.00536724,0.006184296,0.007621744,0.007066431,0.0166502,-0.001884554,0.003992446,0.004562044,-0.012539641,-0.005262209,-0.012636803,-0.027246827,-0.009241974,0.002405555,0.014728655,0.011409318,0.006436217,0.007159725,0.008077221,0.006427991,-0.010012658,-0.005803386,-0.004675598,-0.003553611,0.019991383,0.000227089,0.013935895,0.002549638,0.000103364,0.006599209,0.01698041,0.004571087,0.017030671,-0.012762543,0.020298505,0.019352896,0.014076516,0.00818137,0.013972532,0.004915967,0.016174652,-0.00141809,-0.008716075,0.006369922
/mnt/sdd/caltech_training_multiclass/train/004.Groove_billed_Ani/Groove_Billed_Ani_0040_1715.jpg,3,0.001522226,-0.004537383,-0.001565573,0.003348939,0.001694261,-0.000612336,-0.011415931,-0.010547278,-0.001514934,-0.003606883,-0.004879803,-0.002938788,0.00512079,-0.000106112,-0.019140538,-0.007762676,0.00837566,-0.00131199,0.004353875,0.001766324,-0.014927791,0.007913417,-0.009573984,-0.001076284,-0.006815882,-0.010081276,-0.006792635,0.006459617,-0.005749869,0.003656615,0.008961745,0.009651416,0.003735001,0.015406653,0.013051498,0.009447755,0.017897021,-0.005912935,-0.00619766,0.000966743,0.004149414,-0.012540511,-0.004280578,0.002818553,0.000569246,0.001736119,-0.003528016,-0.004592212,-0.035959054,-0.019157117,-0.00768248,0.001680282,0.008532917,-0.006881301,-0.013779549,-0.011114107,0.0082183,0.002559216,0.013942851,0.013635077,0.000779596,0.019587379,0.013137154,0.009176841,0.012733051,0.014910854,-0.011670789,0.015198267,0.006065093,-0.014148502,-0.013210963,-0.007472865
/mnt/sdd/caltech_training_multiclass/train/004.Groove_billed_Ani/Groove_Billed_Ani_0082_1697.jpg,3,0.004191387,0.007270213,-6.64E-05,0.002897584,0.000644688,-0.001634089,0.005245572,0.006240285,-0.00710415,-0.000647948,-0.004975358,-0.005653033,-0.002412264,-0.010817179,0.008901232,0.00020098,-0.011366533,-0.002114872,-0.001505127,0.001809418,-0.00696339,0.003559725,0.00115056,-0.008205026,0.010707077,0.011431538,-0.003947781,0.005159001,-0.000559217,-0.005161531,0.004732486,-0.013048427,0.006022839,-0.005038664,-0.001698983,-0.003006992,-0.00159898,-0.00293475,-0.007724071,-0.009717684,-0.004179495,0.005781063,0.006442148,0.003985498,-0.001178279,-0.001804104,-0.001197163,-0.007367432,-0.025381386,-0.010867621,-0.002989644,0.00095943,0.002820523,0.001238858,0.003758631,0.010258383,-0.006131777,-0.00587873,-0.001047546,-0.006557252,0.01408578,-0.008016078,0.00833557,0.009909447,-0.001141429,0.004395085,0.007739818,-0.000453005,-0.007884793,-0.007306648,0.007793654,-0.005689535
/mnt/sdd/caltech_training_multiclass/train/004.Groove_billed_Ani/Groove_Billed_Ani_0085_1612.jpg,3,0.003217268,0.002683621,-0.002025839,0.004218246,-0.002751787,0.001717072,0.009974842,0.006204163,0.003985832,0.003116746,0.015892211,0.004246465,-0.001699808,-0.008072747,0.019913333,0.004184865,0.013077205,-0.018135335,-0.007193023,0.004802973,0.018501803,0.00460396,0.00818434,0.007918952,-0.000902841,0.002388882,0.00167373,0.005018051,-0.002535449,0.001811022,0.001825162,0.00195059,-0.012333738,0.009490858,0.012473201,0.02234358,0.017131772,0.01691766,0.013979833,-0.005852501,-0.011142514,-0.00213433,-0.00343037,0.001188831,0.004712665,0.007587131,0.00622771,-0.01259597,-0.005438574,0.001089226,0.008456553,-0.022849279,0.003843997,-0.003127073,-0.001461263,0.00860467,-0.004561461,-0.002544649,0.012884155,0.002329837,-0.007270923,-0.009273156,0.000548207,-0.007139913,0.004098385,0.007837785,-7.73E-05,-0.010560738,-0.001796865,-0.011626605,-0.008140969,-0.0171321
/mnt/sdd/caltech_training_multiclass/train/004.Groove_billed_Ani/Groove_Billed_Ani_0027_1754.jpg,3,0.00217607,0.001417066,-0.001336105,0.002774485,0.000984548,0.002106711,0.009985534,0.010929934,0.009678141,0.00329449,0.002252311,0.001102277,-0.010197846,-0.006613521,-0.001426545,-0.005582267,-0.001782709,-0.00939334,-0.001447815,0.005969431,-0.002218898,-0.007633525,0.002933187,0.003229691,-0.000312342,0.000803978,-0.005241236,-0.001270496,0.003417243,-0.003449919,-0.001143139,0.001232234,0.002605483,0.000963914,-0.000464076,-0.0137681,0.004702453,-0.003401661,-0.005131026,0.018910896,0.016690943,-0.014070496,0.005765592,-0.020755328,-0.009030825,-0.008616596,-0.008424499,-0.02452772,-0.008470883,0.00058783,0.007301689,-0.012284564,0.005560652,0.00129343,-0.00082237,0.000588416,0.012505471,-0.003052689,0.009958832,0.010032917,0.013958663,0.017938575,0.013827948,-0.013376532,-0.014891241,-0.007365974,0.00436062,0.004312639,0.020307887,0.017132001,0.010431467,0.005780175
/mnt/sdd/caltech_training_multiclass/train/004.Groove_billed_Ani/Groove_Billed_Ani_0060_1505.jpg,3,-0.003164956,-0.00085964,0.001156815,-0.008925422,-0.003780836,-0.001724082,-0.003268896,0.004184936,0.006379739,0.002408219,0.001794117,0.005237075,-0.005072562,-0.023417808,-0.005265577,0.01209022,0.010371183,0.006270887,0.004797397,0.007906001,-0.000294929,0.000273902,0.022022184,0.008705072,0.010334063,0.004350317,-0.000354608,-0.01736971,0.009972152,0.001774076,-0.006764805,-0.015225368,-0.004330199,0.002466867,-0.00104833,-0.002514093,0.003288445,0.010006053,-0.001692936,0.008041391,0.007992363,0.000160316,-0.006118174,-0.02295881,-0.003942062,-0.01155275,-0.021151472,-0.010411873,-0.00487399,-0.019203827,-0.013139468,0.000228628,0.008402779,-0.013839074,-0.001196696,-0.005396175,-0.008980434,-0.006205043,0.001855328,0.008382144,0.011914559,0.00550507,0.01272806,0.005688936,-0.005724596,-0.00283747,0.009620253,-0.00922223,-0.006327359,-0.005348318,0.008260556,-0.008363854
/mnt/sdd/caltech_training_multiclass/train/004.Groove_billed_Ani/Groove_Billed_Ani_0107_1590.jpg,3,-0.002969298,-0.002789477,-0.003669754,-0.005982165,-0.004362986,-0.004721409,-0.00388362,-0.004636968,-0.008288679,-0.009170461,-0.000881865,0.006230095,0.000178993,-0.00454556,-0.01763672,-0.007379392,-0.009535457,0.00882975,0.000621508,0.004704319,-0.018318987,0.010181328,-0.00458301,0.002305063,-0.001706378,-0.003424171,-0.002613167,-0.01611673,0.011083691,0.000928835,-0.006797808,0.00246665,-0.004917618,0.01595737,0.019312836,0.018485382,-0.022537962,-0.00516555,0.013238699,-0.000158528,0.02055525,0.017935898,0.011866139,0.021987062,0.008356611,0.000676573,0.015816662,0.003325409,0.006367839,0.014859017,0.003118379,-0.002596041,0.012987426,0.001591914,0.001712056,0.007574434,-0.01238361,-0.012627208,-0.017473392,-0.008695852,-0.005900382,-0.006355631,0.010231554,0.010632141,0.019679572,0.006160947,0.003907129,0.0113369,0.011510655,0.019377135,0.005123267,-0.021727512
/mnt/sdd/caltech_training_multiclass/train/004.Groove_billed_Ani/Groove_Billed_Ani_0002_1670.jpg,3,-0.003210092,-0.001784679,-0.001822255,-0.008591689,-0.000751109,-0.004423645,-0.006675236,-0.007875098,0.000753904,0.006854138,0.007305117,0.002213819,0.000494128,-0.00449539,0.00084689,-0.022912502,-0.001543176,-0.012081945,-4.62E-05,-0.001524387,0.012852732,-0.006936415,-0.01325217,-0.006705927,-0.004861836,1.10E-05,-0.000704308,0.002156802,-0.006797671,-0.006744999,0.004760955,0.016864391,-0.006790107,0.012318738,0.020304155,0.01741115,0.000311391,0.00341282,-0.007893928,0.009527574,0.012120142,0.009767195,-0.004886185,-0.001180844,-8.89E-05,-0.002571,-0.014788342,-0.007453689,-0.002373736,-0.00518894,0.019614715,-0.005356752,-0.000717795,0.026125818,0.013315415,0.015301986,0.015424033,0.01205915,0.006199624,0.017376585,0.016889967,0.002706443,0.014926808,0.009775796,0.009694777,0.00858547,-0.006985084,-0.011256967,-0.000786675,-0.005737076,0.00316009,0.000960501
/mnt/sdd/caltech_training_multiclass/train/004.Groove_billed_Ani/Groove_Billed_Ani_0012_1784.jpg,3,0.004229737,0.005197859,0.002373671,0.008934828,0.010752018,0.006385164,0.00035094,0.012728514,-0.009639655,0.00181901,0.004200433,0.000718064,-0.01906677,0.010788867,-0.000758429,0.002354859,-0.011916394,-0.000841327,0.001146879,-0.008136103,-0.015655383,-0.004451149,0.001870146,-0.010105279,0.01026304,0.014685964,0.003430092,-0.012170203,0.009968407,-0.005922165,-0.002261429,-0.007339784,-0.000995277,-0.002594356,-0.004149681,-0.015054659,-0.012359018,-0.013428072,-0.011811353,0.004738732,-0.000974702,0.007221395,0.01128874,0.01018665,-0.011693218,-0.008314258,0.018546732,0.011135987,0.014390841,0.006353175,0.011342243,0.005930624,-0.003803723,-0.022874542,-0.006871057,-0.000521936,0.008223997,-0.002972281,-0.002118297,-0.002904664,0.009787014,0.008700056,0.001462557,0.017538719,0.003765641,0.011878243,0.012342245,-0.009584595,-0.000804361,-0.001223897,0.008088021,-0.006363355
/mnt/sdd/caltech_training_multiclass/train/004.Groove_billed_Ani/Groove_Billed_Ani_0055_1501.jpg,3,-7.59E-05,0.000284246,0.000122318,-0.014663959,0.000782511,-0.003547879,-0.013342783,-0.016675655,-0.007294404,0.003867033,0.000325551,-0.00112121,0.003675412,-0.007040303,-0.002322308,-0.001125105,-0.005583537,0.00331333,0.000135743,0.00122667,-0.00824658,0.001571645,0.008117462,0.010281142,-0.014228448,-0.00422786,0.002582972,0.012551716,0.008815551,-0.003204321,-0.000505475,-0.013465518,0.000965491,0.020347955,0.004804345,0.01984912,0.0160038,-0.011675001,-0.01971467,0.000176095,0.005526556,-0.000989565,0.009980165,0.016745044,0.009365621,0.011727124,0.008532115,-0.002145902,-0.001824541,-0.000302396,0.005759327,-0.000912714,0.014101222,0.014971675,-0.000691656,0.001276038,0.011805194,0.017825268,0.005529808,0.007654721,0.00085467,0.010407581,0.003369632,0.011709467,0.01558404,0.008603325,0.012165492,0.017800633,0.022350678,0.013271428,0.013724685,-0.000973147
/mnt/sdd/caltech_training_multiclass/train/004.Groove_billed_Ani/Groove_Billed_Ani_0032_1776.jpg,3,0.003995405,0.002768715,0.00252032,0.003004393,0.003594283,-0.000654221,-0.001742249,-0.005302643,-0.010834937,0.006024045,0.007392054,-0.002785307,-0.007954544,-0.004607196,-0.014450666,0.001649169,0.008844025,-0.019774973,-0.00400846,-0.002693877,-0.022823682,-0.011623534,0.01819198,0.008556211,-0.018710691,-0.007651468,0.000477104,0.000761019,0.001952655,-1.38E-05,0.006845293,0.005290329,-0.009480514,-0.001968754,0.000809958,0.005861827,-0.028902974,-0.039488968,-0.010576943,-0.009806423,-0.004091752,0.015836287,0.004026508,-0.003097211,0.00480115,0.004094082,-0.013337332,-0.01911593,-0.018824173,-0.01620173,-0.001899033,-0.002476243,0.006423097,0.012865488,0.01425198,0.008329721,0.009100847,0.006479924,0.000787426,0.015925344,0.016646808,-0.010697419,0.018423224,0.006199732,0.001734133,0.002529553,0.006826433,0.01203067,0.025155982,-3.74E-05,0.002731369,0.003400951
/mnt/sdd/caltech_training_multiclass/train/004.Groove_billed_Ani/Groove_Billed_Ani_0014_1755.jpg,3,-0.005037378,-0.003798748,-0.004606747,0.014753922,0.010169344,0.005932614,0.009952121,0.019986384,0.003067306,0.001535265,0.006604086,0.004290667,0.005280336,0.003071031,0.012900679,0.009650269,0.006037795,0.002900644,-0.006274342,0.004734315,0.016869776,0.000870312,0.008092631,-0.001229452,0.001463556,0.000311402,-0.008934611,0.023233242,0.004354226,0.006433792,-0.002577253,-0.003620532,-0.007096786,-0.020295972,-0.015074595,-0.007519857,0.042198777,0.007224266,0.003297992,-0.005216016,-0.001872955,0.005781052,0.01267322,-0.031461533,-0.035582267,-0.026059527,-0.01141472,-0.002123387,-0.027548645,-0.02187096,-0.018962724,-0.005958086,-0.001408416,-0.003965129,-0.008070086,-0.008672168,-0.021982295,-0.011349643,-0.018182829,0.004652921,-0.000898744,0.00034487,0.003706352,-0.000990253,0.013716586,-0.005583831,0.005267651,-0.001236192,0.009185075,0.003995868,-0.003138295,-0.00761061
/mnt/sdd/caltech_training_multiclass/train/004.Groove_billed_Ani/Groove_Billed_Ani_0075_1617.jpg,3,0.002591078,0.001574742,0.000819407,-0.012477042,-0.011022693,-0.002954549,-0.003969986,-8.80E-05,0.013592391,-0.002870854,0.001170311,-0.010131693,-0.001561954,-0.006086493,-0.005101713,0.005633225,0.001791277,0.002912442,-0.007235826,0.000374128,0.008082556,0.006367396,0.004986082,0.002312616,0.003216509,0.003851351,-0.004549029,-0.01235137,0.00421843,-0.0011022,0.00886452,0.011720913,-0.00512581,0.013432063,0.006698863,0.001874687,0.016718648,0.013584747,0.01736837,0.027895302,0.008972103,0.001359799,0.009198615,0.027492173,0.00798591,0.004698454,0.00398191,-0.009616329,-0.009452872,-0.018752718,-4.68E-05,0.000253929,0.011062475,0.007845031,0.005714756,0.007495131,0.001418205,0.008103509,0.005750171,0.009423516,0.014054263,-0.002190273,0.007733995,0.015912002,0.013757376,0.013233249,0.028339926,0.014619384,0.012837624,0.010130381,0.012023876,-0.008837516
/mnt/sdd/caltech_training_multiclass/train/004.Groove_billed_Ani/Groove_Billed_Ani_0004_1528.jpg,3,0.000696337,0.000522619,-0.001434829,0.003753849,-0.002700989,-4.82E-05,0.011751985,0.016762309,-0.002634661,0.00295519,-0.003354657,-0.0033714,-0.005438354,-0.014669599,0.005868524,-0.003069046,0.008662852,-0.002896644,0.003476203,0.001158635,0.008362873,0.01816665,-0.003943469,-0.003402213,0.005087181,0.004140377,-0.001932201,0.004827904,0.008646913,0.002739193,-0.007342675,-0.002123972,0.001319011,-0.003880547,-0.017709237,-0.002678856,0.028203517,0.015732434,0.037429973,0.012640955,0.02307795,-0.005536468,0.001640305,0.013440477,-0.005523555,0.009364092,-0.009461028,-0.011449315,-0.006436605,0.008731165,-0.002242075,0.00181466,-0.004607609,0.009725513,0.006119404,0.008915274,0.004860622,0.004467773,0.008247664,0.009890036,0.013261153,-0.004940112,0.005860893,-0.002072298,-0.000720721,0.010428989,0.014261069,0.004424774,0.027468411,0.015261707,0.0197592,0.01348605
/mnt/sdd/caltech_training_multiclass/train/004.Groove_billed_Ani/Groove_Billed_Ani_0062_1767.jpg,3,-0.004172159,-0.003329307,-0.003444545,-0.002335238,-0.002265828,-0.000896689,0.02152784,0.025958514,-0.001297478,-0.004010454,0.008182019,0.009831803,0.013025759,0.002271158,0.01800742,0.002587734,-0.00894077,-0.006266534,0.005906929,0.008281006,0.041001357,0.016811457,0.008595689,0.013266053,-0.004779664,0.003853101,-0.004749561,0.027204815,0.012107036,0.009260281,-0.001224459,0.007340916,0.010245577,-0.002229688,0.015010722,0.010407075,0.03628792,0.039849952,-0.000825176,0.022617174,-0.001637379,0.023745794,0.005695954,-0.002495709,-0.001836552,0.002578579,0.000150522,-0.02511872,-0.012321607,-0.001419418,0.00081569,0.000550291,0.005344816,-0.003798117,0.000217419,0.020495169,0.006666953,0.01265561,0.023119936,0.01880732,0.016896382,-0.01603332,0.006225486,0.016107144,0.01266343,0.005119794,0.019011512,0.025994401,0.017700499,0.021122001,0.018600568,-0.004178276
/mnt/sdd/caltech_training_multiclass/train/004.Groove_billed_Ani/Groove_Billed_Ani_0051_1650.jpg,3,0.002923975,-0.000881027,0.002494551,0.00930575,0.006023648,-0.001412648,-0.005563229,-0.000552663,0.007065014,0.010412401,-0.006691412,-0.00489788,-0.004427354,-0.008482,-0.013296099,0.002011444,0.008118104,-0.006095806,-0.005689587,-0.001283668,0.014363587,-0.0038113,0.009606728,0.005930992,0.005567594,-0.003141855,0.002810088,0.000535505,-0.000123592,0.008241004,-0.006785104,0.001704912,-0.007051872,0.023177098,0.000397936,-0.002141978,-0.011755713,-0.021546213,-0.022612514,-0.001019254,0.003405716,-0.00581821,-0.022295203,-0.007147982,0.001837971,0.003005918,-0.00077718,0.013103554,-0.006544666,-0.010241868,-0.017857697,0.006543951,-0.000855595,-0.011532388,-0.014081463,-0.000639652,-0.00283077,-0.004672424,0.002312132,-0.004357207,0.014777141,-0.006544278,-0.000957874,0.008544983,0.014266076,-0.000397968,0.014959579,-0.00331803,-0.011805858,0.013097448,-0.013532123,-0.020580042
/mnt/sdd/caltech_training_multiclass/train/004.Groove_billed_Ani/Groove_Billed_Ani_0009_1522.jpg,3,-0.001561325,-0.006494456,0.000807672,-0.004816367,0.000800797,-0.00384794,0.000977884,-0.004823346,-0.011402178,-0.012511871,-0.007187257,-0.003936162,-0.002613273,0.011779178,-0.011480451,0.013210999,0.014020134,0.003745036,-0.009400496,0.007387279,0.001874101,-0.00824284,0.015089314,-0.012153031,0.003567471,0.007206012,0.003823776,-0.003059225,-0.009216452,0.007674758,-0.007646968,0.003632557,-0.022383742,-0.010448527,0.00022605,-0.004678477,-0.009296099,0.001837658,-0.012905406,-0.000269831,0.004877938,-0.008346301,-0.010045732,-0.008853383,-0.001564087,0.005910231,0.007362731,0.002250927,0.017035939,0.013624165,0.006585362,0.001684321,0.007791772,-0.005964091,-0.012989167,-0.00470322,-0.006072804,0.000909552,-0.007198609,0.009011308,-0.00833664,0.015403552,0.000904127,0.016396489,0.014685448,-0.001258057,-0.000481913,0.00325833,-0.000472103,-0.005228641,-0.006721434,-0.010140728
/mnt/sdd/caltech_training_multiclass/train/004.Groove_billed_Ani/Groove_Billed_Ani_0035_1591.jpg,3,0.001348961,0.002057183,0.001736794,-0.001794564,-0.001739303,-0.000525401,0.001114299,-0.001347234,0.009694934,0.002442477,-0.002580178,0.005003459,0.005897231,0.000451781,-0.012937222,0.004758449,-0.005802757,-0.005838478,0.001657768,-0.000821909,-0.000805255,-0.006294872,-0.014076817,-0.00576685,0.004537642,-0.004858996,0.002353043,0.002873469,-0.010362693,-0.005287133,-0.004693328,0.002138168,-0.011006431,0.006155627,0.003200908,-0.000365269,-0.027213564,-0.026874166,-0.001650102,-0.016309306,0.004190789,-0.00703177,0.000681821,0.009723668,-0.001548403,0.004376175,-0.01289274,-0.008993842,-0.004724789,-0.003634854,0.002228454,-0.012952782,0.007952152,-0.008381991,-0.009802548,-0.000560866,0.002179239,0.011930376,0.015682478,0.026453279,0.026171919,-0.01307215,0.012623354,0.002927511,-0.01568576,0.001874987,0.00373907,0.001965464,0.012710728,0.008593392,-0.000243056,-0.001640952
/mnt/sdd/caltech_training_multiclass/train/004.Groove_billed_Ani/Groove_Billed_Ani_0077_1724.jpg,3,0.001201534,-0.001159035,0.000143673,0.005990446,0.001990549,0.001125722,-0.003900848,-0.010701316,0.014479246,0.008925379,-0.011166038,-0.010777606,-0.005516942,0.00272787,-0.013308708,0.008209085,0.004697386,-0.003740822,0.003668361,-0.004768931,-0.011484347,-0.007473031,-0.013639769,0.001769803,-0.005474944,-0.004221571,0.002206486,-0.019083008,-0.002794092,0.009610372,0.009562987,0.005122943,0.010323829,0.009722069,-0.006534178,0.006263584,-0.015019423,-0.019434474,-0.008068354,-0.00579044,0.013200424,-0.008212896,-0.020950485,-0.001186777,-0.006320357,0.006863089,0.02062311,0.005192684,-0.013038855,-0.002492807,0.007872934,-0.010186064,0.008897822,-0.000298503,0.002930086,0.018875957,0.018520752,0.006196607,-0.000171379,0.000771542,0.004741602,-0.021918375,0.020709462,-0.023801818,-0.026103467,-0.018939968,0.023502214,0.006524401,-0.004034587,0.02890135,0.008027501,0.012512513
/mnt/sdd/caltech_training_multiclass/train/004.Groove_billed_Ani/Groove_Billed_Ani_0094_1540.jpg,3,-0.000917166,0.00147644,-0.000806448,-0.01152492,-0.006159078,-0.00153072,-0.000611289,-0.000543342,0.011516373,0.007621923,0.003135223,0.016470045,0.006805291,-0.000658718,0.003881453,-0.001751198,0.00364025,-0.010691287,-0.017772458,-0.008443795,0.017617648,-0.001922973,-0.01237438,0.003741712,-0.005456033,-0.006506919,0.002435355,0.021987557,-0.00298327,0.002001504,0.005425147,0.004038556,0.01109761,-0.005613685,0.002322814,0.000825576,0.02803236,0.028005537,0.018737089,0.030754734,0.016297555,0.005898148,-0.009196995,0.003400855,0.014754801,0.003968785,-0.018849967,-0.017678965,-0.01606969,0.003727411,-0.005145632,0.013331062,-0.004674522,-0.008697259,0.012520252,0.007890763,0.029034737,0.01272953,0.019922744,0.014210962,0.010003934,0.007839966,0.014704513,-0.000874798,-0.012398241,-0.001418216,0.009218652,0.002417797,-0.00147763,0.004230545,0.006344183,0.007976084
/mnt/sdd/caltech_training_multiclass/train/004.Groove_billed_Ani/Groove_Billed_Ani_0059_1480.jpg,3,4.77E-05,0.000258877,0.001222659,-0.00096842,-0.00232282,-0.0018453,0.008660925,-0.002607174,0.008869465,0.004925434,0.009973969,-0.001386819,-0.001962404,-0.002377871,0.009145014,0.001796251,-0.005422643,-0.004524586,-0.006112555,-0.001825338,0.006036189,-0.01426527,0.007995428,0.008919602,-0.005181308,0.003991866,0.008258318,-0.009420856,-0.002578692,0.000569371,0.00650316,0.004316958,-0.006813795,-0.005884199,0.001742304,0.003616737,0.010695085,0.009521827,-0.008750849,0.002420083,0.002549376,-0.003145693,0.001817541,0.011249459,-0.013952989,-0.014478112,-0.025236553,-0.021783076,-0.020198708,-0.018269643,-0.011312059,0.004195851,0.015791716,-0.029052045,-0.008041631,-0.004948455,0.006344301,-0.005956478,-0.021957211,0.007618231,0.002246382,0.000824888,0.01069566,0.004708869,-0.010114057,-0.002409417,-0.004509225,-7.31E-05,0.004550368,0.016551357,-0.009171562,0.014981695
/mnt/sdd/caltech_training_multiclass/train/004.Groove_billed_Ani/Groove_Billed_Ani_0088_1678.jpg,3,-0.000828432,-0.001055062,-0.001664864,-0.003895758,-0.008692279,-0.000308444,0.000902921,-0.011808891,-0.021613915,-0.001182875,0.004582424,0.002367802,0.004582341,0.007705879,0.006130228,-0.012111545,-0.015519084,0.006153225,-0.00243124,0.004186275,0.005356233,0.014050115,-0.001731376,-0.002957218,0.008166371,0.003257863,0.001540093,-0.003568358,0.004095115,0.001915613,-0.007424566,-0.015969744,0.012397913,-0.003937854,-0.00801583,-0.007053596,0.001005888,0.001223211,-0.014316294,-0.011286562,-0.015847914,0.013838688,-0.007274098,-0.003292482,-0.015103214,-0.015219539,0.01943651,0.017356504,0.004215273,0.012369755,0.012691359,0.017852526,0.002523897,0.008066162,-0.002017607,0.006332241,0.014333675,0.018228572,0.025258835,0.029608985,0.012717005,-0.00930243,0.006578763,-0.015765466,-0.005650492,-0.014484972,0.012164831,0.005740644,-0.009775609,0.002385131,0.006270894,-0.006344183
/mnt/sdd/caltech_training_multiclass/train/004.Groove_billed_Ani/Groove_Billed_Ani_0076_1661.jpg,3,0.000459217,0.001203097,-0.000677616,0.007093093,0.00316821,0.002112226,0.006906192,0.011439096,-0.002225318,-0.005970386,0.01188935,0.001363918,0.006748031,0.000839806,-0.004574596,0.008984773,0.001981558,0.003911193,0.002501803,0.003698593,0.011379686,0.007798602,0.031045929,0.007304079,-0.003390708,-0.009530425,-0.004750016,0.00685509,-0.00772327,0.005384154,0.003041936,-0.005602432,0.007037332,0.021050379,0.006153092,0.00315465,0.015980024,0.007553486,0.017209817,0.01982882,0.012727077,-0.016678283,0.00847779,-0.006311762,0.00186038,0.001525384,0.000954525,0.004259146,-0.015231531,0.00829412,0.022755975,0.007399562,0.012930003,0.014004651,0.017069288,0.011181043,-0.001485522,0.007127919,0.01202094,0.010180048,0.003249113,-0.011784403,0.019955052,0.009355719,0.017047612,0.027512811,-0.00888563,0.006879936,0.017075475,0.01817733,0.009746062,-0.000736924
/mnt/sdd/caltech_training_multiclass/train/004.Groove_billed_Ani/Groove_Billed_Ani_0005_1750.jpg,3,-0.002122944,-0.003053773,-0.002326604,-0.002609649,-0.006699362,-0.001182546,-0.001410852,0.006999339,-0.013084192,-0.001313378,-0.001415619,-0.010716829,-0.002902169,-0.010233535,0.0028444,-0.019697117,-0.003166582,-0.008118661,-0.006586568,-0.001756515,0.015109699,0.006539926,0.009332821,-0.002211745,0.003077611,-0.008388466,-0.007244825,0.010660505,-0.002292997,0.000626403,0.003081028,0.01124708,0.009550773,0.001479704,0.011087433,0.002158334,0.016200222,0.010205057,-0.002409233,0.006542061,0.015162313,0.005802116,0.003967642,-0.004218747,0.003113584,0.014515984,-0.001832654,0.004160449,0.011173617,0.017712064,0.010872133,-0.004353497,0.01836181,0.012715025,-2.67E-06,-0.000150242,0.003922019,0.008538714,0.005655003,0.018108986,0.015986599,0.004060564,0.011850367,0.023156669,0.024793997,0.012750385,0.012107963,0.010999354,0.004886641,0.009924797,0.011545498,-0.011863653
/mnt/sdd/caltech_training_multiclass/train/005.Crested_Auklet/Crested_Auklet_0005_794922.jpg,4,-0.002399811,-0.00107289,0.000669976,0.005249421,0.00411706,0.002275057,-0.003467011,-0.014150094,-0.011282459,0.004504493,0.01180009,5.71E-05,-0.004690215,-0.016240172,0.001495363,-0.004289183,0.001460644,-0.000632751,0.010012321,0.0004059,-0.02401207,-0.003213851,-0.012630372,0.007493967,0.004038497,-0.003588848,-0.002942829,-0.003429286,0.018037435,0.017614614,0.006666133,0.025517933,-0.009477501,-0.017306047,-0.007189995,-0.008559431,0.011387629,-0.012765249,-0.013812452,-0.007350704,-0.007308958,-0.012051832,-0.000744941,0.010906713,-0.004041976,0.007944632,0.011917644,0.000168365,0.022059664,0.008728726,0.002357194,-0.027295567,0.013633104,0.005566848,-0.009345161,0.00257989,-0.02963205,-0.020058747,-0.016453665,-0.00935695,-0.003735117,-0.005016961,0.010370553,-0.003174999,0.003189431,-0.018134968,-0.006266482,0.001659781,-0.020819146,-0.009930939,-0.003757128,-0.011449312
/mnt/sdd/caltech_training_multiclass/train/005.Crested_Auklet/Crested_Auklet_0066_785251.jpg,4,-0.000233015,0.000454019,0.000282445,0.008166069,0.007974788,0.001868335,-0.009614101,-0.021506596,0.013327114,-0.004955194,-0.002765536,0.001105876,-0.000438283,-0.001012421,-0.00125308,0.019535398,0.00780316,-0.011810858,-0.002073043,-0.004395028,0.004990014,0.009928892,-0.006908446,-0.007033839,-0.002343622,0.006475053,0.002558921,-0.006106089,0.004043323,-0.01364808,-0.004930554,-0.006190621,-0.012872994,-0.017377933,-0.008305285,-0.003724269,0.001398146,0.009066612,0.002433328,0.018210681,0.013628131,-0.000674252,0.000135519,0.004742383,-0.01270383,-0.012294869,0.018105187,0.004600661,0.0163293,0.00593294,0.010738993,0.011554709,-0.004687194,-0.00246263,-0.002767452,-0.000703351,-0.0183912,-0.023965944,-0.024276145,-0.010912919,-0.002689228,0.010675372,0.005534977,0.011502668,0.010525818,0.008686503,-0.009998149,-0.003251766,0.00204444,0.005346734,0.005311982,-0.005897973
/mnt/sdd/caltech_training_multiclass/train/005.Crested_Auklet/Crested_Auklet_0073_785248.jpg,4,-0.000192365,-0.005375169,-0.003845209,-0.01120647,0.000238501,-0.002329771,-0.008495984,-0.01014466,0.001354291,-0.007372485,-0.007207591,-0.005460109,-0.003092126,-0.012787269,-0.013944823,-0.00388156,-0.006274561,-0.000322817,-0.003660115,-0.003838195,-0.008328921,-0.00229381,-0.000509384,0.002224817,-0.018557532,-0.007601226,-0.002890081,0.001590887,0.006029113,0.005918191,0.002639846,-0.008237105,-0.010088379,0.002875336,0.005157092,0.000572581,-0.00827907,-0.005181201,0.007727716,-0.007665911,-0.00282486,0.004889263,-0.002199834,0.014709458,-0.004936168,0.002357219,0.003145835,0.000630701,0.014983166,-0.003913378,-0.008933846,0.002664529,0.000763521,-0.009275081,0.001856851,-0.013829161,-0.004854938,-0.007370447,-0.009211486,0.002691425,0.000113165,0.002069946,-0.000464538,-0.005840022,-0.006616279,-0.006920029,-0.003575767,-0.009274027,-0.009922958,0.01220528,-0.000589218,0.000773416
/mnt/sdd/caltech_training_multiclass/train/005.Crested_Auklet/Crested_Auklet_0057_794932.jpg,4,0.004889086,0.004744944,0.000937534,-0.001632981,-0.007560007,-0.003476775,-0.003715643,-0.001561963,-0.000748018,0.000402111,-0.006635271,-0.006699192,0.006515713,-0.005313327,-0.002555689,0.000629576,-0.005281601,0.001731084,-0.006559904,-0.000651626,0.011696987,-0.004778027,0.005973221,0.012553163,-0.002859953,0.008405031,-0.005082287,-0.015679618,0.004675217,0.00348765,0.005052963,0.003116582,0.004535257,-0.013223211,-0.012415344,-0.008055227,-0.018279098,-0.018588748,-0.017082686,-0.013671558,-0.02502283,-0.001538873,-0.008442225,-0.00313211,-0.012321646,-0.007398029,-0.008720516,-0.016419737,-0.012347302,0.00092765,-0.004886716,-0.007497895,0.015723396,0.001784151,-0.005501567,0.001683972,-0.014875865,-0.025838926,-0.01818065,-0.020742092,-0.008455405,0.004561607,0.006280696,-0.012832528,-0.000836632,-0.004998409,-0.001601228,0.011048103,0.003832131,0.007191432,0.00793271,-0.006869484
/mnt/sdd/caltech_training_multiclass/train/005.Crested_Auklet/Crested_Auklet_0052_794952.jpg,4,-0.00028124,0.006130014,0.002582922,0.001473171,0.003728774,0.004968245,0.003910578,0.014054235,0.003603311,0.012176706,-0.007625315,-0.008196965,-0.00044467,-0.03405193,0.016104493,-0.006731922,0.003113426,-0.009662055,-0.003995797,-0.004379198,-0.001118512,0.006807243,0.009831494,0.006375881,0.001854635,0.008136734,0.008957885,0.011146956,0.012289755,0.005798123,0.004127303,0.005648105,0.01808993,-0.015236551,-0.006070738,0.002051666,0.024461865,0.043476917,0.008562991,0.024405602,0.019774862,-0.003423232,0.017599527,-0.009540345,-0.005532732,-0.010611054,0.04498344,0.040297896,0.033481028,0.022959333,0.02500065,-0.010341246,0.021954551,-0.007166365,-0.006361225,-0.005568494,-0.014740558,-0.02479879,-0.025929727,-0.023675602,-0.013756283,0.019352354,0.002261007,0.006498303,0.000655641,-0.006423201,-0.001006826,-0.004035584,0.013371277,0.008944098,0.01265534,0.011304747
/mnt/sdd/caltech_training_multiclass/train/005.Crested_Auklet/Crested_Auklet_0074_794949.jpg,4,0.00689887,0.002503399,0.000398282,-0.008654304,-0.000596721,-0.002312883,0.000370394,0.005808221,0.018015362,0.005779222,-0.008689706,-0.007841407,0.005165483,-0.007939406,0.012393968,0.007221596,-0.008135569,0.003900054,-0.000328191,-0.001080298,-0.016113661,0.002200988,0.006272716,-2.39E-05,0.005820407,0.001151635,0.003744028,-0.007049108,-0.01283559,0.001347768,0.003377094,0.011799194,0.006270012,-0.002517178,-0.004206778,-0.00367223,-0.02448522,-0.020310663,-0.030218147,-0.020602148,-0.022123754,-0.005040016,-0.004114763,-0.013900536,-0.015249439,-0.005693966,0.010199534,0.001537149,0.0054886,0.016633248,0.005788098,0.003852079,0.007347266,-0.009740599,0.009029272,-0.000857204,-0.02074641,-0.008436745,-0.003649317,0.011235334,0.00727877,-0.015634906,0.013698604,-0.006169046,-0.008166456,-0.020730507,0.004631398,0.002656029,-0.001783214,0.004606911,0.009754811,0.011940641
/mnt/sdd/caltech_training_multiclass/train/005.Crested_Auklet/Crested_Auklet_0077_785257.jpg,4,0.002218104,0.002040644,0.003408344,0.009993717,0.003386617,0.000397476,0.00320967,0.004882824,-0.012067353,-0.00173333,0.00123502,0.001893049,0.014019564,0.034920603,0.007957957,0.024928283,0.01401093,-0.009436808,0.001617091,-0.007686432,0.007842617,0.013881882,-0.005984466,-0.004470642,-0.001190496,0.018019397,0.008103086,0.004832927,-0.004439795,-0.005115304,-0.004457606,-0.002948963,0.016237397,-0.015462147,0.010492722,0.00468697,-0.005822061,0.010636607,0.02034413,0.011424817,0.000179789,0.018498091,0.005289645,0.001462157,0.000644379,0.005736256,0.003411726,0.015456756,0.010157365,-0.009313975,-0.005737209,0.025886288,0.0138359,-0.007737989,-0.002825948,0.000105691,0.001371623,0.006395795,0.007138304,0.02428742,-0.005219517,-0.007404624,0.015171127,0.008444156,0.004267987,0.012465817,-0.000274333,-0.002380617,0.003508387,-0.008150702,0.003504986,-0.001100335
/mnt/sdd/caltech_training_multiclass/train/005.Crested_Auklet/Crested_Auklet_0029_1824.jpg,4,0.000196079,-0.003446038,-0.001885367,-0.005371288,-0.004310946,-0.002029459,-0.002305734,0.008982345,-0.020580877,-0.01312896,0.00754999,-0.001572022,0.010332959,-0.001016415,0.014956375,-0.01704812,-0.018500226,-0.005885784,0.003396483,0.004538325,0.062482223,0.009428576,0.000442921,0.007329308,-0.002700121,-0.008620146,-0.001004824,0.03309671,0.004603196,0.010670578,0.00618134,-0.008015143,0.004912233,0.00802552,0.001644355,0.009040552,0.049497582,0.04371237,0.026862612,0.03332779,0.011510587,-0.01648681,0.020924084,0.011963049,0.013504112,0.010058055,-0.031224478,-0.005128239,0.010282856,-0.005557547,0.012234077,0.01915899,0.012303658,-0.003323957,-0.003846767,-0.013469994,0.037149683,0.034044147,0.025252186,0.017672116,0.024046533,-0.017316822,0.017413734,0.019230276,0.013231766,0.012192196,0.001592232,0.018131351,0.012442894,0.025184276,0.024266578,-0.002573642
/mnt/sdd/caltech_training_multiclass/train/005.Crested_Auklet/Crested_Auklet_0061_794904.jpg,4,0.000789422,0.001814174,-0.0011257,-0.007275456,-0.002000181,-0.002121632,-0.015417532,-0.015227171,-0.02803513,-0.012024069,-0.00256175,-0.009890031,0.006632024,-0.0061835,-0.017628275,-0.008913992,0.007411505,-0.003815818,0.004797689,0.008525291,-0.008687872,-0.005867332,-0.015052853,-0.007357095,-0.004586075,-0.003469643,-0.006679076,-0.01539241,-0.011914446,0.005082462,-0.003351433,-0.012493577,-0.004433611,-0.029330447,-0.024800241,-0.019170774,-0.008447004,-0.018545683,-0.03324877,-0.034035057,-0.012443371,-0.012380363,-0.001282389,-0.02050956,-0.004347452,-0.000617766,0.014452903,0.015081688,-0.004164129,0.002495897,0.016949866,-0.018750228,0.013943585,-0.015477742,-0.005225162,-0.011051049,-0.045407884,-0.02518528,-0.02170268,-0.041978486,-0.012349426,-0.016981043,0.002918764,-0.008986333,-0.020095654,-0.03171371,-0.007077539,-0.007464503,-0.013601685,-0.017902264,-0.011419773,-0.00856642
/mnt/sdd/caltech_training_multiclass/train/005.Crested_Auklet/Crested_Auklet_0028_794951.jpg,4,-0.001319143,-0.002094904,-0.001278584,0.005752106,0.000926066,0.00110094,-0.001253495,-0.004376619,-0.007212565,-0.005093045,-0.006629925,-0.004326219,0.000390327,0.008778285,-0.01637387,0.003614987,-0.000447055,-0.007212168,0.001536652,0.005837023,0.002831174,0.003660403,-0.000233079,0.005077367,0.002212167,0.009540197,0.001364213,-0.008043963,0.00449974,0.011691217,-0.002759666,-0.004807589,0.011194621,0.011459976,0.01737823,0.002319489,0.005454347,-0.007154266,-0.003680363,0.003243036,-0.015793232,-0.013260005,0.005557348,-0.009616518,-0.004019623,-0.00637969,0.007309959,0.001578438,-0.003484272,-0.00172514,0.019181145,0.00911308,0.017449208,0.00188772,-0.006236373,0.001532783,0.012524613,-0.013482254,0.008878216,-0.018361706,-0.001416125,0.010844985,0.011651256,-0.000325908,-0.007735361,0.00259946,-0.004465968,0.015631331,0.006441418,0.017927442,0.007271508,0.000509657
/mnt/sdd/caltech_training_multiclass/train/005.Crested_Auklet/Crested_Auklet_0062_794968.jpg,4,0.000314825,0.002665268,0.002292272,0.010844007,0.012413359,0.005849375,0.009273553,0.011387958,0.006296775,0.001877771,0.010824858,0.010038855,0.008096231,-0.0008458,-0.003807339,0.017295823,0.009776672,0.003386052,0.008256123,-0.002729838,-0.002289153,-0.000500074,0.007161951,-0.007950962,-0.005905818,-0.011393848,-0.00323698,-0.003038622,0.010274068,-0.000739428,-0.00133382,0.002680688,0.004395653,0.01867526,0.005363854,0.00285339,-0.000391181,0.00605571,-0.003744191,0.016195275,0.012941872,-0.026353855,0.018866021,0.020260649,0.023718923,0.012821326,0.012886236,0.016589906,0.005118632,0.019077014,0.009413146,-0.001366003,0.037245423,-0.003627208,0.007848095,0.014941389,0.015271736,0.006137842,0.003633622,-0.000189017,-0.003781279,-0.004731925,0.002733789,0.009357253,0.0151039,0.028322697,0.028549178,0.032105885,0.028988287,0.026229955,0.017023213,0.014948055
/mnt/sdd/caltech_training_multiclass/train/005.Crested_Auklet/Crested_Auklet_0011_794927.jpg,4,0.002278639,0.002920899,0.004409269,0.003533969,0.007242169,0.005942664,0.005737402,0.030559046,-0.019054119,-0.005987784,-0.002960873,-0.003729799,0.000705469,0.002331394,0.020972755,0.008757003,0.000924861,0.009270415,0.001470471,-0.001597323,-0.004520933,0.017592965,-0.011944416,-0.000926577,0.021939239,0.01979108,-0.000185413,0.00593046,0.004641376,-0.000643287,-0.010040483,0.008311568,0.028046265,0.003797176,0.01174596,-0.003447426,0.00234681,-0.000438963,-0.011582507,-0.020832416,-0.009767995,0.00178791,0.019978862,0.007527062,-0.002452103,-0.003162436,0.040752124,0.018090341,0.006934914,0.000625514,0.001074919,0.004933517,0.006751956,-0.004656907,-0.004961476,0.001817505,0.008224852,-0.001993401,0.0040125,0.004628885,0.005537955,0.012841678,0.002820577,0.006953892,0.003902004,-0.007851689,0.007394319,0.007074133,0.002591446,0.000993875,0.005341299,0.001556014
/mnt/sdd/caltech_training_multiclass/train/005.Crested_Auklet/Crested_Auklet_0003_794962.jpg,4,-0.001884968,-0.000753284,-0.00037456,-0.005845342,-0.001756749,0.00197341,-0.00938526,-0.005327239,-0.000217112,0.002207618,-0.004233776,-0.005670661,-0.002040881,-0.018036306,-0.001208917,0.000948436,0.000283558,-0.000564809,0.005931807,-8.66E-05,-0.000130123,-0.002242691,0.003794689,-0.001441619,-0.002705875,-0.004825907,0.00340788,0.013763716,-0.005674296,-0.007620334,0.001660506,-0.003746271,-0.007842172,0.011884606,0.002753695,0.017451959,-0.016786866,-0.009016132,-0.021599278,-0.010518339,-0.00472506,0.009936504,0.006229611,0.019371223,0.010948945,-0.001332863,-0.01924013,-0.005198541,-0.008531554,0.005162951,0.003533236,0.009138538,0.029213388,-0.015813991,-0.012660092,-0.015665699,-0.01806763,-0.002329551,-0.011182615,-0.026090248,-0.003946083,-0.001880775,0.018622177,0.005355555,-0.010931165,0.006633421,-0.009402183,0.006455779,-0.004537486,-0.016085202,-0.002838659,-0.005014827
/mnt/sdd/caltech_training_multiclass/train/005.Crested_Auklet/Crested_Auklet_0047_794918.jpg,4,0.007432926,-0.005024922,-0.001292962,-0.003495327,-0.008735448,-0.000696207,-0.006398084,-0.015192807,-0.01056401,-0.007273361,0.007608646,0.003124137,0.008048009,0.004077127,0.002565884,-0.010898432,-0.002724676,0.015393078,0.009108087,0.005566286,-0.004333217,0.000851031,0.000899258,0.000929874,-0.014292667,-0.009759914,-0.000604099,0.008405333,-0.012338933,0.000464713,0.001621441,-0.005539735,-0.004183067,-0.00231475,0.001139531,-0.010396753,-0.00266571,0.010612977,0.018649666,-0.00274423,0.001456116,0.01618626,-0.005859141,-0.00997159,-0.020207793,-0.019800106,-0.004388759,-0.017029647,0.000484875,-0.014404958,-0.0152763,0.012114209,-0.015937427,0.000588825,0.009244096,0.01275772,0.003097316,-0.004931192,-0.001292365,-0.003010882,0.005778422,-0.018861795,0.001038946,-0.008420686,0.010062269,-0.004311525,-0.01331112,-0.003935229,-0.001749108,0.005133314,0.009841877,-0.004873801
/mnt/sdd/caltech_training_multiclass/train/005.Crested_Auklet/Crested_Auklet_0010_794907.jpg,4,-0.004126832,-0.001271682,0.000388432,-0.012558966,-0.001505659,-0.004533743,-0.00238803,-0.002218172,0.001535425,0.010130275,0.006823992,0.003861809,0.0105305,-0.017471144,0.000979695,0.007558907,0.012921489,-0.003895868,0.003530062,0.003840875,-0.004114606,-0.006001722,0.008170679,0.00057379,0.000889455,-0.001508747,0.00377764,-0.010204498,0.000229395,-0.00665189,-0.007692175,0.002782983,0.000705732,0.013585562,0.0037255,0.008104421,0.007625161,-0.009047911,-0.017874844,-8.65E-05,-0.009796863,-0.007045256,-0.000397334,-0.003388497,-0.020739906,0.003671964,-0.002511893,-0.002892784,-0.01955489,-0.025009586,-0.016646657,0.00177051,0.003846728,0.001764932,0.009442807,-0.00313166,-0.013379569,-0.008905716,-0.006492567,0.006200793,0.012867404,-0.008463753,-0.002994973,-0.001490938,-0.009403123,-0.008534837,-0.001171084,0.001757879,0.010555213,0.004828299,0.007262302,0.005403647
/mnt/sdd/caltech_training_multiclass/train/005.Crested_Auklet/Crested_Auklet_0068_785253.jpg,4,0.001167442,-0.00735577,-0.004734897,-0.009812887,-0.008420473,-0.000527551,-0.012638383,-0.018971134,-0.014706768,-0.021219352,-0.002200403,0.005391171,-0.005406747,-0.004419942,-0.03784515,-0.001138786,0.010087647,-0.001729874,-0.003718393,0.003465011,-0.018324118,-0.007798109,0.007873805,0.007218401,-0.024365967,-0.0108007,-0.013428887,-0.009960123,-0.005875801,-0.002123539,-0.000456914,0.004105908,-0.007610366,-0.013820635,-0.003200846,-0.005081284,-0.033785183,-0.010489315,-0.007540453,-0.019370854,0.001429393,-0.004236783,0.004538143,-0.023131004,-0.008466003,-0.009688126,-0.024846014,-0.034518935,-0.027397506,-0.029294357,-0.023285419,-0.004523952,0.011383639,-0.021224454,-0.014308387,-0.023659114,-0.008058194,0.01750679,-0.016789231,-0.020769436,0.007892272,0.008203749,-0.006525863,-0.024338167,-0.013409425,0.011227099,0.001113853,-0.00483383,-0.004994466,0.008439938,0.011184125,0.02481461
/mnt/sdd/caltech_training_multiclass/train/005.Crested_Auklet/Crested_Auklet_0012_794960.jpg,4,0.003565071,-0.005047454,-0.002933925,0.011418816,0.004143391,0.00192246,-0.005953054,-0.02113621,0.002374656,0.000832254,0.008079427,-0.000988837,-0.002411236,0.009757167,-0.016879596,0.000112551,0.000494666,-0.007879546,-0.010442697,-0.01088277,0.006917613,0.003743877,-0.009732954,-0.00548159,-0.002639159,-0.006970627,0.005747799,-0.010264876,-0.003713983,-0.011941144,-0.000602084,0.015613424,-0.010757052,0.008363566,0.003826182,0.011671793,0.000783224,0.000899934,0.022817794,0.019670144,0.013429319,-0.013207083,-0.000868869,-0.005477747,-0.006276039,-0.014367033,-0.00832987,0.009615208,0.006986012,0.003355468,-0.001903879,0.006958176,-0.00700185,0.007232998,0.026876725,0.011987782,-0.011571576,0.005160314,0.008118024,0.00434244,0.007309108,0.006106732,0.010720794,0.020764824,0.009018363,-0.003124292,0.00604518,0.002308758,-0.004521284,-0.003646221,0.011502494,0.006531025
/mnt/sdd/caltech_training_multiclass/train/005.Crested_Auklet/Crested_Auklet_0021_794938.jpg,4,0.004546735,-4.27E-05,0.000903206,0.017919566,0.004510757,0.003639938,0.01201373,0.011702634,-0.005099447,-0.003708222,0.005123798,0.011346219,0.00016955,0.016790492,0.014276042,-0.00263465,0.005322459,0.009929176,0.000764364,0.004246288,0.019010477,0.013153991,-0.007889871,0.003347717,0.0100065,0.008689399,-0.003078824,-0.001641022,0.010301324,0.002637699,-0.007383373,-0.025987977,0.004810117,0.012421387,0.004308261,0.001695867,-0.007423689,0.02398278,0.020171292,-0.017275881,0.003656864,-0.015180655,0.002093672,0.004097621,-6.61E-06,-0.005287775,-0.012332956,-0.017296191,-0.021112368,-0.027887981,-0.008481989,0.008211046,0.002180471,-0.016805368,-0.009177998,-0.007349806,0.003963457,0.002529542,-0.006389563,-0.000418308,-0.008773999,-0.005480116,-0.001746521,-0.018239044,-0.027115406,-0.008667169,0.001811304,-0.005591413,-0.015295477,-0.014609548,-0.002152241,0.008694397
/mnt/sdd/caltech_training_multiclass/train/005.Crested_Auklet/Crested_Auklet_0069_785258.jpg,4,0.002173209,0.002475805,0.001352338,0.009140754,0.005140096,0.000590332,-0.005148072,-0.004107704,-0.012765959,-0.006908107,-0.001511388,-0.004257241,-0.000294994,0.004549572,-0.013841935,-0.004877779,-0.004286367,0.006502469,0.007834376,0.004942885,-0.014515997,0.000425739,-0.004257764,0.013839704,-0.014667791,-0.002187819,0.002643474,-0.007815883,-0.000490574,0.001336453,0.003359541,0.014486114,-0.002398429,-0.010020963,-0.000126559,-0.001109669,-0.045618705,-0.03823909,-0.03559058,-0.039416224,-0.022750096,-0.006016469,0.014759041,-0.007696546,0.000316612,-0.002264105,0.01908179,-0.021179311,0.002975504,-0.014517448,0.005091633,-0.00911391,0.011393728,0.009862601,-0.010151838,0.001287931,0.011089448,-0.00950738,-0.006959979,-0.004329183,0.001040414,0.012437286,0.012614483,0.01265478,0.002716794,0.01608236,0.012324296,-0.004371888,-0.01043093,-0.022094648,-0.005088477,-0.001505466
/mnt/sdd/caltech_training_multiclass/train/005.Crested_Auklet/Crested_Auklet_0033_794964.jpg,4,0.001769064,-0.00049781,0.003549398,0.002692299,0.006186622,0.002917738,0.01983967,0.023704922,0.002520808,0.00307744,0.008025412,0.012974255,-0.001107663,0.000390248,0.021824965,0.014152383,0.004617759,0.000426105,-0.002659832,0.000314085,0.006636506,0.013308007,-0.007173078,-0.003123975,0.008450693,0.002505801,0.000806436,0.0064714,0.013535407,0.003739018,0.0013603,-0.001001603,0.009331077,-0.002891133,0.001358354,0.006025493,-0.012786226,-0.019174976,-0.007754206,-0.023624703,0.002919283,0.003679279,0.015089072,0.006700999,0.01982075,0.008837571,0.016466288,0.005785821,-0.005896716,-0.008408852,0.016741863,0.025721323,0.02437044,-0.007205346,-0.008118438,-0.008142994,0.02009606,0.024116438,0.013747249,0.006711135,0.004832442,0.01614316,0.003911254,0.007955949,-0.008604595,0.005790172,0.003378123,0.018224785,0.02115636,0.009596758,0.00958102,0.001652211
/mnt/sdd/caltech_training_multiclass/train/005.Crested_Auklet/Crested_Auklet_0044_1825.jpg,4,0.002114242,-0.001685838,0.001752874,-0.004178152,-0.002416199,-0.002246636,-0.00421156,-0.004423904,-0.021535486,-0.009107481,0.000507507,0.005535169,0.002348427,-0.008367203,0.00547993,0.003713947,-0.002528268,-0.00195853,-0.006566166,-0.000352586,-0.002288818,0.003963427,0.006118634,-0.005353421,0.007031457,0.00069949,-0.000383235,0.00734522,0.000709071,0.01037374,-0.00126556,0.015373175,0.018966928,-0.008177223,-0.006195475,0.003150144,-0.006066426,-0.00602974,0.007968171,0.011444056,-0.00075657,-0.004569982,0.009494242,0.009941387,0.009706626,0.006677432,-0.014984991,-0.007243211,-0.015995521,-0.015736803,0.006905306,0.009165164,0.007873015,-0.011454571,-0.009509292,-0.008079753,0.022991251,0.011516364,0.02630062,0.03070787,0.03049004,0.020587273,-0.002825723,0.03723826,0.027796037,0.026010804,0.023029987,0.025005534,0.035490084,0.029710563,0.026246509,0.012882425
/mnt/sdd/caltech_training_multiclass/train/005.Crested_Auklet/Crested_Auklet_0076_785252.jpg,4,-0.004765937,-0.001909928,0.00085357,-0.005985366,0.000356769,-0.003785444,0.002137132,-0.008981124,0.009836545,0.007028828,0.001453362,0.002387809,0.004917095,0.010334449,-0.009490466,0.004720088,0.005007601,0.010481318,0.005225009,0.009841511,0.001141708,-0.003117776,-0.008217989,-0.00244327,-0.005345529,-0.007508764,-0.001352585,-0.007072602,-0.01082007,-0.009024566,-0.003995334,-0.00633599,0.006591221,-0.004793814,0.003126912,0.001395715,0.001467576,2.69E-05,0.003159612,0.014409696,0.011164573,0.008703588,0.001998222,-0.003752752,-0.013326114,-0.011468327,0.026224349,0.022129133,0.02021263,0.006802642,0.006553765,0.007594253,-0.006579724,-0.004692181,-0.006003669,-0.011089766,-0.0103937,-0.000413166,0.00729534,0.000948642,0.01122188,0.000113668,0.01223911,-0.010884765,-0.013955852,-0.010707374,-0.000806088,0.002535676,0.003340173,0.022168215,-0.000747002,-0.017171081
/mnt/sdd/caltech_training_multiclass/train/005.Crested_Auklet/Crested_Auklet_0072_785260.jpg,4,2.37E-05,-0.000428318,0.00044258,0.014742455,0.015311963,0.003128575,0.00095612,-0.014338076,-0.002105149,-0.003956442,-0.000149339,-0.002482488,-0.007991124,0.019456677,-0.011646938,-0.014026448,-0.002060844,-0.010007318,-0.007063702,-0.001261937,-0.027335158,0.000593698,-0.00916996,-0.014218058,-0.008913075,-0.016518528,-9.94E-05,-0.010223903,-0.008147098,-0.006248014,5.68E-05,-0.00619086,0.011768078,-0.0103988,-0.007522368,-0.001250968,-0.02113923,-0.013796486,-0.0168497,-0.008616241,-0.007787482,-0.018863147,0.008203365,0.005317768,-0.003281017,-0.00326175,0.012943247,0.017444033,0.029943205,0.015364548,-0.001227978,0.002067419,0.004979574,0.000214498,-0.003809494,-0.000258138,-0.001802245,0.007270495,0.000932986,-0.010079857,0.001850482,0.007836763,0.009629802,-0.000385905,0.005416185,0.001246307,0.011857085,0.009436341,-0.00331326,0.000149977,0.006138011,-0.002823812
/mnt/sdd/caltech_training_multiclass/train/005.Crested_Auklet/Crested_Auklet_0001_794941.jpg,4,0.000228127,-0.001228139,9.96E-05,0.000836852,-0.001542964,0.001212355,0.007733158,0.009978729,-0.019070972,-0.012704325,-0.010425784,-0.001875786,-0.00022136,0.024073342,0.00213442,-0.0205445,-0.014700339,0.003003071,-0.005603819,-0.003843465,-0.001495305,0.011283658,-0.019941116,-0.025369346,-0.011893671,0.00373472,0.001152884,-0.012223517,-0.002656924,4.73E-05,-0.01001136,-0.013366267,0.022696804,-0.034143817,-0.004000622,-0.010491674,-0.014720423,-0.002153932,-0.012516283,0.001633927,0.000147934,0.00053055,-0.00218774,-0.020595565,-0.017413208,-0.008677181,0.022722185,0.032880034,0.009943699,0.004967456,0.000350134,0.007779242,0.011076912,-0.00842659,-0.013441268,-0.013762467,-0.012737196,-0.017588692,-0.03658796,-0.021903384,0.000465727,-0.016981188,0.00727945,-0.011681099,-0.014291361,-0.019799098,-0.008386284,0.001066516,0.000861382,0.009474939,-0.002620865,0.002104916
/mnt/sdd/caltech_training_multiclass/train/005.Crested_Auklet/Crested_Auklet_0048_1791.jpg,4,0.001426374,0.003565034,-0.000732102,0.000217452,-0.007449519,-0.001229521,-0.007777296,-0.007504173,-0.020234752,-0.016696025,-0.000286305,-0.001893612,0.004937586,0.001132019,-0.011780866,-0.010717797,-0.003817529,0.006946037,0.005351123,0.003348504,-0.019128423,-0.003520422,0.011461544,0.00498943,0.003241638,0.002122718,-0.003150194,-0.007496439,-0.013390746,-0.001525839,-0.014378058,-0.01095152,0.000936649,-0.009533298,-0.010473354,-0.011270669,-0.005387145,0.011172228,0.01392308,-0.002980073,0.004383938,-0.009697394,-0.011130824,-0.032492727,-0.01539505,-0.007940011,0.023507662,0.021472475,0.000566147,-0.010481229,0.021709558,0.008565437,-0.000212678,-0.015439915,-0.024815654,-0.01912136,-0.017266087,-0.015932245,-0.016956154,-0.019268837,0.00660046,-0.00174197,0.006193835,-0.017922036,-0.019198688,-0.032075256,0.000237934,-0.010321668,-0.011686148,-0.024951825,-0.005384737,0.00964429
/mnt/sdd/caltech_training_multiclass/train/005.Crested_Auklet/Crested_Auklet_0040_794912.jpg,4,-0.001295351,-0.000222827,-0.001151864,0.006241468,0.011033607,0.000358114,0.002651095,0.006754438,0.009044043,-0.006349921,0.004605593,0.01094439,0.013694901,0.008170022,-0.003308706,0.001722005,-0.003278832,0.009229994,0.00642028,0.004158059,0.008608319,0.000999586,-0.009896293,-0.006028464,-0.00724532,0.005151922,0.009587441,0.017390657,0.005254288,0.006843237,0.00759207,-0.008298235,0.002383799,-0.003580856,0.001762104,-0.006065722,-0.012881951,0.000654113,0.000843782,-0.009680361,-0.004598484,0.01225357,0.013757984,-0.006846277,-0.000942228,-0.013229525,-0.002149061,-0.011284247,-0.002868583,0.00610819,-0.004106721,0.0067035,-0.008137146,-0.000345273,-0.001523636,-0.002816794,-0.012142204,0.000483197,-0.008555935,-0.012984217,-0.007002784,0.000986731,0.010202657,-0.010254321,-0.002919006,-0.006505687,0.001313382,-0.001202496,-0.003928423,-0.012475471,-0.012337563,-0.012909027
/mnt/sdd/caltech_training_multiclass/train/005.Crested_Auklet/Crested_Auklet_0045_794940.jpg,4,-0.000287742,0.000455223,-0.003808896,-8.35E-05,0.007407702,4.29E-06,-0.000944645,0.000398356,-0.013328807,-0.009399815,-0.002946438,-0.001840417,0.006221153,-0.006935643,0.001355908,-0.008551327,-0.001850621,0.007553557,0.005223191,0.007316623,0.021291444,0.008166672,-0.008743804,0.00761164,0.001773401,-0.000132863,0.009202061,0.007026609,0.000317578,-0.00166794,0.009578979,0.014715276,0.00457713,0.00573386,0.005427707,0.005803982,0.002359168,0.01571785,0.0256882,0.016538806,0.005349586,-0.003218295,0.014756026,0.016958741,0.003108685,0.004463033,-0.00025427,0.001309349,0.007853257,-0.005019832,0.003179572,0.010710123,0.019106634,0.004704099,-0.004428881,-0.001237936,0.019815885,0.02021901,0.04076208,0.009238063,0.010692636,0.0086878,0.007131488,-0.009884176,-0.002411433,0.008379433,0.007295842,0.002395976,-0.000809202,0.02425159,0.012591871,0.015526867
/mnt/sdd/caltech_training_multiclass/train/005.Crested_Auklet/Crested_Auklet_0059_794929.jpg,4,9.18E-05,1.97E-05,-0.00181627,-0.004886538,0.001527008,0.000560842,0.000209506,-0.016813196,0.015182174,0.002718174,0.010774755,0.006558816,0.003897497,0.021541465,-0.000602589,-0.008422177,-0.005642209,-0.000294397,-0.00528826,0.00027607,-0.011771614,-0.019614294,-0.00565556,-0.01349023,-0.014586844,-0.005092026,-0.003904858,-0.007414772,-0.01418164,0.01199159,0.003466605,-0.014880015,-0.009615466,-0.008548987,-0.013819693,-0.001323781,-0.020205837,-0.030109916,-0.054260463,-0.05718664,-0.030897446,-0.013569906,-0.016830478,-0.015429394,-0.02233189,-0.018075798,-0.009260298,-0.002581281,-0.018007474,-0.018525649,-0.01349317,-0.002485702,0.015257005,-0.03119898,-0.02115738,-0.015738754,-0.043635298,-0.03630658,-0.024703605,-0.022293132,-0.000483084,-0.015399577,0.008576099,-0.002494874,-0.016717546,-0.018369509,0.004102603,0.00403423,0.013232298,0.002330176,0.014069168,0.004870851
/mnt/sdd/caltech_training_multiclass/train/005.Crested_Auklet/Crested_Auklet_0018_1817.jpg,4,0.001310273,0.000294371,0.003420221,0.007645738,0.008771414,0.000781389,0.001559747,-0.006659749,-0.002440532,-0.004818943,-0.00112598,0.005155807,0.009983785,0.013222524,-0.001911573,0.018370163,0.004202955,0.002581822,0.00487874,0.000730427,-0.012798865,-0.002527166,0.007970044,-0.000271643,-0.001417441,0.005809419,0.003360108,0.003012718,0.009027014,0.003476578,0.007207173,0.009883132,0.004606407,0.003197009,0.009787549,0.003583415,-0.014200123,-0.006872739,0.003481444,0.0159278,0.00695872,-0.015394136,0.007739823,0.011457241,0.008672189,0.002609777,-0.003923613,-0.01634238,-0.009770816,0.011426343,0.005587756,0.007858011,-0.000926656,0.004296472,0.002058533,0.010241137,0.008750109,0.000221175,0.000765067,-0.005520455,-0.004721327,0.003630008,0.012153652,0.006448539,-0.003937538,-0.00514634,-0.004395115,0.006176755,0.007658659,0.002768752,0.006140086,0.000670358
/mnt/sdd/caltech_training_multiclass/train/005.Crested_Auklet/Crested_Auklet_0067_785249.jpg,4,-0.000757464,0.000240971,-0.000105277,0.002357543,-0.000541987,-0.001033606,-0.003244409,0.004257508,0.003285776,0.003530402,-0.004717638,-0.009529945,-0.00185968,-0.020770626,0.008370359,0.000323526,-0.004559041,-0.010910763,-0.003837534,0.001017858,0.016275208,0.011823062,-0.004845458,0.000598566,0.006737491,0.014100472,-0.004658399,-0.001189015,0.005730062,0.000122507,-0.001845945,-0.003988823,0.009947289,-0.007914691,-0.011037523,-0.002505071,0.00643984,0.005170002,-0.004732697,0.020277947,0.002325092,0.001753646,0.003888049,-0.006289879,-0.003799681,-0.006949805,-0.004754384,-0.004899917,-0.000219735,-0.006888352,0.001452311,-0.00311407,0.010439368,-0.009219458,-0.002230083,-0.00350758,-0.00755882,-0.004564234,0.00095637,-0.006013802,-0.005182503,-0.022337891,0.010206309,-0.002387986,-0.007550424,-0.003262724,0.013011948,0.012073481,0.012867037,0.026396345,0.015021585,-0.001650417
/mnt/sdd/caltech_training_multiclass/train/005.Crested_Auklet/Crested_Auklet_0053_794966.jpg,4,0.000459965,-0.001194653,0.001140812,0.005098516,-0.002233619,-4.46E-05,0.014209913,0.025119428,-0.009067337,-0.011009509,0.001042593,0.011870844,0.000283073,-0.013081327,0.008867377,0.003130943,0.001213076,-0.002484289,-0.000376637,-0.007565029,0.016039683,0.00097954,-0.001388937,0.008974883,-0.001473704,-0.006666267,-0.002423731,0.002715837,-0.002478695,-0.007982236,0.001010503,0.003116411,0.0079002,0.010786765,0.002683081,0.000348236,0.001761008,-0.005005049,-0.018988622,-0.022592815,-0.016812447,0.014317649,0.013819918,-0.007899584,0.001858481,0.000631884,-0.016405556,0.001951882,0.010390131,0.004146204,-0.012880088,0.03261575,0.009484956,0.001583067,-0.003866269,-0.004348401,-0.002727898,0.003126869,0.007571617,-0.000163969,0.002992596,-0.01045054,-0.001438591,0.002985834,-0.006464479,-0.012261133,0.01531866,0.008263736,0.00479714,0.01082715,-0.000152366,-0.004303846
/mnt/sdd/caltech_training_multiclass/train/005.Crested_Auklet/Crested_Auklet_0013_794914.jpg,4,-0.001643985,-0.004790395,-0.002773953,0.00238395,-0.003863522,-0.002770153,-0.004838676,-0.012229949,-0.010515152,-0.008332749,-0.004772369,0.00070974,-0.007912632,0.010069564,-0.008783644,-0.022120774,-0.013893883,-0.002624896,-0.006052051,-0.016072191,-0.006783405,-0.024158597,-0.004037678,-0.008880094,-0.004101684,-0.004834885,0.002715886,-0.005565886,-0.015750464,0.000988119,-0.010777555,-0.006960685,-0.009975039,-0.01736082,-0.02613873,-0.012621058,-0.011548868,-0.027338844,-0.008209545,-0.01082762,-0.018613603,0.006945517,-0.012233036,-0.013286683,-0.019701045,-0.004617299,-0.025230339,-0.005867996,-0.011634171,-0.004956337,-0.000830971,0.00227003,-0.005304317,-0.005754279,-0.008975766,-0.009332342,-0.028897304,-0.023605257,-0.015596191,0.001659553,0.011094089,-0.022871051,0.00128952,-0.009623917,-0.008852699,-0.015100104,0.02218026,0.00747945,0.012686728,0.003788902,0.012067617,-0.004015019
/mnt/sdd/caltech_training_multiclass/train/005.Crested_Auklet/Crested_Auklet_0032_794931.jpg,4,-0.005204727,-0.00061162,-0.000886321,0.005386122,0.005768962,0.001111462,-0.003874832,-0.007567928,0.019233821,0.014125094,0.001308902,-0.010629529,-0.000785361,-0.01305547,-0.002259508,0.010199342,0.003365066,-0.009455115,0.004019777,0.002093533,-0.003850449,0.001757443,-0.026195481,-0.007103675,0.008215098,0.001527711,0.001359488,-0.00935356,-0.008616013,0.006452379,0.010427894,-0.015906023,-0.013805132,-0.01439542,-0.003195937,0.009414225,-0.015675556,0.000820714,-0.002849193,0.017613644,0.000459481,0.003851313,-0.00375285,8.91E-06,0.000526837,0.006468209,0.00094084,-0.02735009,-0.011150049,-0.008027393,-0.001908076,-0.013884345,0.010304726,-0.003655945,-0.017083991,-0.002498521,-0.022081036,-0.015421622,-0.022372548,-0.020161096,-0.007288067,0.002782864,0.008052099,0.003104588,-0.013704817,-0.021201998,0.002188765,0.013223521,0.024039812,0.010126844,-0.003000457,0.004743279
/mnt/sdd/caltech_training_multiclass/train/005.Crested_Auklet/Crested_Auklet_0042_794902.jpg,4,0.004042595,-0.001392519,-0.000935768,0.005977524,0.007541726,0.003604075,0.008170667,0.015919045,-0.005052126,-0.002112807,-0.00261061,-0.00588965,-0.000742723,0.015399891,0.009878353,-0.012265012,-0.004599361,-0.006142801,-0.002051016,0.000388549,0.00815695,0.012901969,0.002764184,0.005105588,-0.005070209,0.002200036,2.68E-05,0.005100696,0.008251572,0.012493953,0.00759962,0.006823785,-0.003138589,0.00466392,-0.005969252,-0.00183128,-0.008822952,-0.016767334,-0.007636838,0.005311137,-0.001818942,0.007626792,-0.005308183,0.003058144,0.003615175,-7.68E-05,0.03224396,0.003222604,0.007172142,0.005643201,0.009465598,-0.001569608,0.004114118,-0.026749525,-0.014105749,-0.02441187,0.002424427,0.016707456,0.006917457,-0.00748283,-0.001857698,-0.017126825,0.003666063,-0.015347568,-0.020950485,-0.03693571,-0.014466036,-0.009722676,-0.006427068,-0.010632472,-0.008891055,-0.025322065
/mnt/sdd/caltech_training_multiclass/train/005.Crested_Auklet/Crested_Auklet_0006_1813.jpg,4,0.001618114,0.000389658,-0.001421705,0.001075786,0.000402748,0.000377391,0.003090648,-0.00305696,-0.017922696,-0.010279887,0.004142013,0.005970604,0.012127029,-0.00632222,-0.000694175,0.005767155,-0.002708507,0.013192331,0.004830848,0.013926075,-0.008282894,0.003658264,-0.003726293,0.01014841,-0.011361561,-0.01876266,-0.005435684,0.004939802,0.010136621,0.00128003,0.004591337,-0.006878044,0.009669981,-0.001355377,-0.006205619,0.003746298,-0.004832268,0.01002286,-0.000638609,-0.002899463,0.003262173,0.003561188,0.017036129,0.007221579,0.018529885,0.014956219,-0.004338761,-0.002682572,-0.005543367,0.009068512,0.007278947,0.021059146,0.017132448,0.002545363,-0.007349792,0.001104927,0.004081973,0.00987686,0.005395701,-0.000778631,0.012797127,0.002638116,0.014665201,-0.01344995,-0.01645184,-0.013430106,0.010132625,0.026720487,0.011848385,0.0181184,0.01118914,0.010245733
/mnt/sdd/caltech_training_multiclass/train/006.Least_Auklet/Least_Auklet_0016_1903.jpg,5,0.007256081,0.004410453,0.002689948,0.005785495,0.007893447,-0.000647092,0.010170374,0.011543192,-0.004099069,0.010541335,-0.006674305,-0.000236112,-0.009846255,0.005681578,-0.000756694,0.003288169,-0.008500423,0.000426556,-0.002819858,-0.008936282,0.011994743,0.003068873,-0.004056751,-0.007548345,0.001731416,0.012351032,0.003362457,-0.003134563,-0.003730371,-0.006287888,0.005544697,-0.008881662,0.0075595,-0.014365505,-0.00490873,-0.000350021,0.005255919,-0.020863082,-0.012913536,-0.02199354,-0.028358512,-0.008760374,0.009334516,-0.013931842,-0.010341371,-0.01800124,-0.002225707,-0.004739317,3.70E-05,-0.021203771,-0.001746397,0.018096156,0.006826657,-0.009874126,-0.00727691,-0.019597253,0.002982354,0.00278593,-0.006456142,0.001538525,-0.001240327,0.01324371,0.010353874,-0.008268434,-0.005997261,-0.029502813,-0.000194975,-0.006316633,0.001483892,-0.003764649,0.00304053,0.013681003
/mnt/sdd/caltech_training_multiclass/train/006.Least_Auklet/Least_Auklet_0014_1901.jpg,5,-0.002435685,-8.78E-05,0.001476245,0.01168949,0.010633844,0.005046192,-0.00033837,0.011542565,-0.002179798,0.001843781,-0.00135172,0.001223213,-0.00062641,-5.06E-05,0.024757847,0.011941407,0.011490863,0.010345016,0.001545721,-0.002846633,0.011720536,-0.007538783,0.015384471,0.011689158,0.005124208,0.005686374,0.003375146,0.005708196,-0.00241923,-0.007626755,-0.008790011,0.000838759,-0.001879888,0.000132465,-0.005235759,-0.001149186,0.011315035,0.008044649,0.031118147,-0.011634169,-0.009053962,-0.004704736,0.01750211,0.004672176,0.004589533,0.007836537,0.00445107,-0.011239003,-0.008381022,-0.005545081,-0.005522608,0.000664424,0.027120352,-0.00182725,-0.005531436,-0.014437221,0.007074691,-0.000840682,-0.005698498,0.001914581,-0.005732148,0.004166515,0.024614058,0.000975111,0.006322994,-0.001018179,-0.013158282,-0.00469584,0.004682052,-0.011015306,-0.000339148,0.002427075
/mnt/sdd/caltech_training_multiclass/train/006.Least_Auklet/Least_Auklet_0043_795067.jpg,5,0.001296644,-0.004011557,0.001044649,0.007980065,0.004077848,-0.002006788,0.013468843,0.013708506,0.013098886,-0.002290951,0.011015649,-0.004386622,-0.003309699,0.016188074,-0.001368307,0.012932933,0.004812454,0.008480471,0.00329588,1.57E-05,-0.006285901,-0.001111825,0.007630379,0.00372918,-0.003489408,0.004465096,-0.005265192,-0.012897324,0.004244483,-0.000641639,-0.004359382,-3.15E-05,0.01178613,0.002935795,0.00839667,0.005551551,-0.021865409,-0.000761711,-0.03813692,-0.030428698,-0.0012582,0.000283645,0.007873518,0.020009454,-0.005406034,0.006038008,0.003858776,-0.01858693,-0.016743967,-0.007833252,0.008239883,0.008526644,0.012095673,-0.012328299,-0.005710856,-0.005855252,0.017314149,0.024802119,0.009988904,0.024741739,0.001259562,0.006556209,-0.010718921,0.004871958,-0.001060312,-0.006879346,0.01509534,-3.08E-05,0.010795299,0.008494129,0.019015659,0.000293124
/mnt/sdd/caltech_training_multiclass/train/006.Least_Auklet/Least_Auklet_0041_795107.jpg,5,0.000529864,9.32E-05,0.003665088,-0.000242258,-0.008147596,-0.002084198,-0.005861377,-0.007498501,-0.009300013,-0.015218546,-0.005248964,-0.000469713,-0.007723041,-0.015421305,0.003094481,-0.037652448,-0.009580238,-0.003985594,-0.00136398,0.007687087,0.004703878,0.003221524,0.007147412,0.003702692,-0.00095884,0.000377994,0.011303557,0.011849041,-0.005545634,-0.004173836,0.00197454,0.011045923,0.001899272,0.000322607,0.014364508,0.007309307,-0.020376172,-0.015682358,-0.012388748,-0.004629461,-0.011041809,0.019320479,0.011166026,-0.020424578,-0.001869304,-0.011937471,0.001460715,-0.007982826,-0.010721008,-0.006367945,-0.008835047,0.009403422,0.006536667,-0.007035816,-0.012257502,-0.010667081,-0.00112074,-0.013702488,-0.019443072,0.004567947,0.00077014,0.008296205,0.007667269,-0.010167459,-0.009241,-0.016585581,-0.003724457,-0.013315624,-0.028110616,-0.010951282,-0.007646748,0.014027117
/mnt/sdd/caltech_training_multiclass/train/006.Least_Auklet/Least_Auklet_0005_795119.jpg,5,0.003478188,0.003188645,0.003001031,-0.008485135,-0.008808661,-0.0055954,-0.00253338,-0.002567378,-0.014414713,0.001916664,0.001248853,0.000103129,0.002041685,-0.006923646,-0.003354856,-0.03224919,-0.017643223,-0.000243552,0.013536195,-0.000922291,-0.010772875,-0.00131474,0.00126781,-0.004141683,0.012362393,0.005865215,0.007269955,-0.02324693,0.006148322,-0.000816318,-0.001051718,-0.004441821,0.003374923,0.001308305,0.004718219,0.002502035,-0.03417731,-0.030406427,-0.04390171,-0.03512965,-0.013080053,-0.001454877,-0.007001202,-0.010712635,-0.002243442,-0.010351412,0.008826384,0.003384524,-0.003487758,-0.004966633,0.002487602,-0.012519742,-0.005674595,0.006686962,0.007301771,-0.014928166,-0.032580696,-0.030455774,-0.019149974,-0.029404663,-0.005241495,-0.00846502,-0.009500342,-0.02154302,-0.002606662,-0.008915618,-0.009726868,-0.005545556,-0.005185555,-0.013000401,0.008858095,0.002880216
/mnt/sdd/caltech_training_multiclass/train/006.Least_Auklet/Least_Auklet_0032_795068.jpg,5,0.001234755,-2.73E-05,0.002751099,0.015107835,0.006805114,0.002966142,-0.004415192,-0.00951946,0.004240799,-0.003993579,0.001402278,0.002989213,-0.00557106,0.018767767,-0.006926167,0.027109114,0.017214857,0.008226985,0.007437769,-0.001441529,-0.008938145,-0.006742836,0.008463038,0.008612299,-0.005577964,-0.001310264,-0.008371785,-0.009466834,-0.016808953,-0.020095855,0.002282523,0.020539347,-0.011305525,0.002716965,0.004055164,0.000276512,-0.038700048,-0.034512796,-0.04294631,-0.047654733,-0.033103503,-0.00360577,-0.020470653,-0.01261949,-0.003442901,-0.011275027,0.000478173,-0.013191201,-0.001283663,-0.004506675,-0.01063339,0.011718707,0.028823975,-0.009987152,-0.018543769,-0.014858475,-0.014605021,-0.026203135,-0.026175544,-0.017847952,-0.017772986,-0.006996655,0.002520083,-0.007206317,-0.01143683,-0.018784141,-0.012811954,-0.013590214,-0.005987627,0.006394762,0.006862146,0.012800688
/mnt/sdd/caltech_training_multiclass/train/006.Least_Auklet/Least_Auklet_0020_795080.jpg,5,0.000382394,-0.001786995,-0.001969368,0.006284182,0.000268529,-0.001610904,0.005468392,0.00090309,0.00767948,0.006876993,0.003353091,0.005263395,-0.000624951,0.01313589,0.007103404,-0.023067191,-0.022397175,0.012417337,0.012930859,0.012295986,0.008705556,-0.005888712,0.010909087,0.007881919,0.003396291,-0.002720665,-0.001112649,0.006996656,0.001488392,-0.006011468,-0.005834288,0.000419515,0.018745165,0.025640208,0.013590626,-0.002025606,-0.006738835,-0.02193676,-0.005378344,-0.006442901,0.001549217,0.002064732,0.012208328,-0.012531535,-0.001455016,0.000321121,-0.013449409,-0.02379483,-0.025485083,-0.023318473,-0.017289415,0.006370702,0.005247118,0.012678578,0.009964043,-0.002172785,0.000967978,-0.002074961,-0.001003152,0.004561819,-0.009184875,0.000642027,0.00443275,-0.008731861,-0.019487932,-0.025486372,-0.015010984,0.00344137,0.03334543,0.010175435,0.004309614,0.014095221
/mnt/sdd/caltech_training_multiclass/train/006.Least_Auklet/Least_Auklet_0004_795112.jpg,5,0.004634832,0.000984472,0.002667134,-0.001961606,0.012306072,-0.003026322,-0.002094172,-0.003528043,-0.010942799,0.010140155,-0.007571168,-0.012317851,-0.014798112,-0.025108777,-0.000989095,-0.006719837,-0.014052279,-0.005057211,-0.002712574,0.005571166,-0.000667023,0.001305569,-0.011341807,-0.001156485,-0.01628249,-0.005173767,-0.001244005,0.011546535,0.004449254,0.004574634,0.003726931,0.010128871,0.002704682,0.006735395,-0.011661878,-0.004632261,0.003399865,-0.024472363,-0.019532323,-0.03505945,-0.006793446,-0.002864589,-0.016176786,0.010401521,0.005558063,-0.012927422,0.004786026,-0.00218816,-0.006207945,-0.006828375,-0.002877403,0.011459839,-0.001656418,-0.009173664,0.008243016,-0.005397292,-0.012488768,-0.006782564,-0.012660525,-0.005320163,-0.018820219,-0.010750569,0.012766423,-0.012313058,0.00993628,-0.014390552,0.013457863,0.005189526,0.007173501,0.010083517,0.005821713,0.004657802
/mnt/sdd/caltech_training_multiclass/train/006.Least_Auklet/Least_Auklet_0052_795088.jpg,5,0.004697479,-0.002144839,-0.002102837,0.002537973,0.004447321,-0.000839384,-0.003244788,0.006625728,0.001913332,-0.001983438,-0.009026071,-0.0170019,-0.024591837,0.0219071,-0.003751178,-0.0117287,-0.009250013,0.000334221,-0.010351609,-0.004055617,0.0020927,0.00840665,-0.000805734,-0.005182145,-0.015604141,-0.003125798,-0.003409919,-0.012962258,-0.007638546,-0.001109213,0.002220442,-0.005812653,0.008556329,-0.002016592,-0.002866568,0.003675874,-0.017753588,-0.028287115,-0.026374185,-0.03648884,-0.047429733,0.016724996,-0.004309422,-0.000843796,-0.007321032,-0.003978527,-0.002629316,-0.015058786,-0.023239017,-0.02029019,-0.007231812,0.007737632,0.00504082,-0.019868083,-0.01919052,-0.017039958,0.017519642,0.010690906,0.00277815,0.015492456,0.007728695,-0.002544792,0.011198958,-0.02751344,-0.013082282,-0.04329263,0.004275626,-0.004908295,0.00816817,0.010271581,0.022028064,0.000298098
/mnt/sdd/caltech_training_multiclass/train/006.Least_Auklet/Least_Auklet_0055_795106.jpg,5,-0.001526716,0.002557118,0.000936183,0.000829621,0.00134571,-0.000702858,0.006247708,0.01331123,0.011373276,0.004463781,-0.000835866,0.006996723,0.003274005,0.00804669,0.008140959,-0.000473917,-0.006353412,0.011688084,0.001961481,0.001128667,0.004438468,-0.001563647,0.012708743,0.009635286,0.006545321,0.011069395,-0.001921195,-0.008338921,-0.004179061,0.001708992,-0.005380397,-0.004694223,0.009215611,0.003552848,-0.010000183,0.004734214,0.02849225,0.026429497,0.007117156,-0.011859684,0.001790617,-0.004536287,-0.020073678,-0.001962059,0.004536602,0.000778969,-0.011208956,-0.013436187,-0.015682558,-0.020131424,-0.009858472,0.005706469,0.017821379,0.002933769,7.55E-05,0.00142675,-0.01488304,-0.000779385,-0.027307058,-0.006436964,0.00165056,-0.006863026,0.012220013,-0.010461856,-0.004418341,0.003013344,0.003081161,-0.000532075,0.0094626,0.000515519,0.00408696,0.001869485
/mnt/sdd/caltech_training_multiclass/train/006.Least_Auklet/Least_Auklet_0042_1874.jpg,5,0.000108902,0.001056049,0.001113445,0.005568086,-0.000533747,-0.00495936,0.015404122,0.023066983,-0.006876854,0.006039723,0.003120434,-0.001508311,-0.007102197,0.01594821,-0.001211867,0.011844428,-0.009647536,0.004159542,0.007019167,-0.002952261,0.001332858,0.005116582,-0.001837352,0.007908035,-0.004308291,0.007878019,-0.010099572,-0.011352927,-0.00700614,0.002147158,-0.003526022,0.001778062,0.019576244,-0.010238165,-0.001777246,-0.006404155,-0.017090572,-0.005164177,-0.013415515,-0.000987009,-0.002223812,-0.003174202,0.02182315,-0.026734862,-0.017175186,-0.022999784,-0.018278385,-0.02269582,-0.029506534,-0.018169291,-0.022302834,-0.005173335,0.012360556,0.012144221,-0.010754122,-0.007276184,-0.022788094,-0.03847721,-0.017041111,-0.016369872,0.004953961,0.005067065,0.00075553,0.004861132,0.009979631,0.001763199,-0.003065581,-0.00418619,0.015274519,0.011977852,0.020839922,0.022501528
/mnt/sdd/caltech_training_multiclass/train/006.Least_Auklet/Least_Auklet_0063_795134.jpg,5,0.002936064,0.002829121,-0.000911861,0.009571173,0.006190317,0.000997875,0.010757277,0.015149571,-0.012511123,0.002540476,0.002968986,0.001237537,-0.012170536,0.022669878,0.010986744,-0.003605877,-0.007252347,-0.002740748,-0.004715463,0.00079291,-0.004225886,0.003096523,-0.0007685,-0.003407442,-0.004534894,-0.003427388,-0.002509593,-0.002632173,-0.001337655,0.01181049,0.000677818,0.000120384,0.005879345,0.011131262,0.02251698,0.003151077,-0.007529378,-0.021818701,-0.023160186,-0.032468453,-0.014863389,0.005892319,-0.005258236,-0.025488432,-0.005372889,-0.012405507,0.012415078,-0.005359919,0.018696055,0.006581049,0.013471059,0.025661059,0.009717958,-0.015975744,-0.010155184,-0.016185535,-0.002769485,-0.002942654,0.002105611,-0.016107734,-0.022640878,0.018315092,0.011708365,-0.012153705,-0.016476385,-0.010933457,-0.013885063,-0.004694092,-0.004683602,6.55E-06,-0.003805524,0.011557581
/mnt/sdd/caltech_training_multiclass/train/006.Least_Auklet/Least_Auklet_0060_795095.jpg,5,-0.00421007,0.002613814,0.001443302,-0.001934227,0.005717653,0.003378011,0.00532325,-0.001937557,0.013315204,-0.000400444,-0.004816139,0.007607521,0.005161594,0.022226185,0.013111017,0.02422778,0.032592498,-0.009545045,-0.008053556,-0.002614533,0.017378658,0.007785461,9.60E-05,0.005053771,0.018353213,0.012114096,0.000816296,0.014942105,-0.007110479,0.00514329,0.001039514,0.011648277,-0.005187276,0.004642302,0.024730481,0.00533284,0.031149274,0.019964788,0.018351745,-0.000961541,0.013454533,0.007647373,0.004175443,-3.94E-05,-0.003796028,-0.009388904,0.00733746,0.010729294,0.016161773,0.013069358,0.00917288,0.0123353,0.012947903,0.003657548,0.01128705,0.004155495,-0.013874246,-0.019905157,-0.001028413,0.006540222,0.018309038,-0.01487579,0.015729908,0.007540755,0.010796431,0.006213101,0.004640629,0.002338874,0.003984705,0.009972588,0.001620279,0.008191848
/mnt/sdd/caltech_training_multiclass/train/006.Least_Auklet/Least_Auklet_0025_795087.jpg,5,-0.000219357,-0.001942729,0.002640677,-0.005544803,-0.00400259,-0.004042498,-0.009080773,-0.021688169,-0.028929811,-0.018984608,0.00666599,-0.001571067,-0.008114005,-0.012107864,-0.021902736,-0.019171005,-0.011667116,-0.005960841,0.00227725,0.009678645,-0.011602362,-0.010193773,-0.002887594,-0.002672997,-0.009994209,0.009497901,0.003013014,-0.018693086,0.004956514,-0.00202636,0.007462661,0.010815975,-0.004086386,-0.007405497,0.000585289,0.003671014,-0.03258954,-0.031063624,-0.05042797,-0.02438094,-0.016871782,-0.001546175,0.002087493,0.026941124,0.01686742,0.007551367,-0.016021919,-0.024822997,-0.009879858,-0.006500811,-0.001746765,-0.011764979,0.00722057,0.016891701,0.00757555,0.011005928,0.006473144,0.012886031,0.007564204,0.01704055,0.005314628,-0.01750925,-0.008163907,0.001590729,-0.000259263,0.009167874,0.006065681,-0.01634802,-0.018209595,-0.020168703,-0.011372235,0.00339609
/mnt/sdd/caltech_training_multiclass/train/006.Least_Auklet/Least_Auklet_0012_795074.jpg,5,0.004619366,-0.000411824,-0.000785061,0.001938798,0.008533644,0.00070156,0.0118104,0.011756927,0.026329692,0.007601934,0.005331636,0.000611066,-0.00485189,-0.020172799,0.014373933,-0.010795604,-0.008884396,-0.007076209,-0.001582286,0.017070167,0.015897566,0.006810158,-0.001223642,0.009169906,0.001656916,0.007667714,-0.00050172,0.000574979,0.008976206,0.004951306,0.004058117,-0.013465808,0.005193813,0.006460781,0.002999323,-0.002323292,-0.010347556,-0.02386195,-0.033926785,-0.019511417,-0.010364918,0.002816089,0.001622978,0.013300669,0.008879069,0.005256777,-0.007366461,-0.000207931,-0.013783025,-0.014169224,-0.006546936,-0.007085498,0.013492562,-0.004812671,-0.004620614,-0.013698589,-0.019909862,-0.010768601,-0.014598265,-0.001931875,-0.014262301,0.000523865,-0.001336522,-0.010675648,-0.00213994,0.012783195,-0.000645163,0.000478946,0.008369812,0.010050985,0.020364046,0.006314617
/mnt/sdd/caltech_training_multiclass/train/006.Least_Auklet/Least_Auklet_0010_795092.jpg,5,-0.001877697,0.000261308,0.001229819,0.006600244,0.009731668,0.002838606,0.00164485,-0.002630963,0.007664802,0.003229609,-0.006196331,-0.005026544,-0.01119267,-0.012397051,-0.013847905,-0.007825581,-0.011225333,0.006967738,0.008275953,0.007850033,-0.011230404,-0.001518219,0.003362365,0.011849808,-0.002304108,0.00422517,-0.001707828,-0.008564344,0.000767955,-0.001539732,0.001690747,0.01347102,0.01265678,0.0120046,0.013232014,0.007814765,-0.014863882,-0.000622492,-0.014244799,0.005542229,-0.005395212,-0.012005786,-0.001520511,-0.009702695,0.002867925,0.00342226,0.017613731,0.001844951,0.02152546,0.0093602,0.012641175,-0.003192016,0.00962717,-0.008663533,0.00189207,-0.016224463,-0.024804305,-0.012789665,-0.019721847,-0.005113388,-0.008596769,-0.003745175,0.008907387,-0.00452002,-0.007510441,-0.027901959,-0.006031625,-0.000575271,-0.001563266,-0.008434913,0.004872089,0.010509657
/mnt/sdd/caltech_training_multiclass/train/006.Least_Auklet/Least_Auklet_0007_795123.jpg,5,0.003203902,0.000772483,0.003483797,0.003368215,-0.001615747,0.00341324,-4.54E-05,0.005707114,0.000344373,-0.002389589,0.001153743,0.006615319,-0.00052383,-0.015994871,0.010804236,-0.009882852,-0.016277231,-0.001461844,-0.000382974,0.009389017,-0.010551818,-0.000390013,0.006192919,0.005896241,-0.003282635,0.014393294,0.001655968,0.012511833,-0.006208259,-0.010866979,3.58E-05,0.003452034,0.019969301,0.017054252,0.011030577,0.004375485,0.008093759,0.006910426,0.015486663,0.004501233,-0.004621869,0.007253184,0.004353031,0.006511578,0.00575403,0.009198314,0.015817482,0.013765512,0.020674536,0.019300656,0.008971591,0.009834347,0.013997832,0.000110433,-0.008584791,0.002869621,0.023648381,0.0383759,0.046056807,0.047661826,0.036159515,0.001319713,0.026973665,0.027810413,0.02065748,0.026216462,-0.005673806,0.000194465,-0.0203971,-0.013465069,-0.020647094,0.00429642
/mnt/sdd/caltech_training_multiclass/train/006.Least_Auklet/Least_Auklet_0050_1924.jpg,5,-0.002440994,-1.15E-05,0.000464697,0.009602209,0.002402224,0.000755488,0.007986106,0.00457869,0.018372536,0.003938716,0.005654786,-0.005525868,-0.002659319,-0.025242865,0.007203944,0.006472865,-0.007948301,-0.008291362,-0.000628169,0.006919982,0.023450568,0.007438845,-0.002711078,8.55E-05,0.002028022,0.002110232,-0.002844552,0.002717383,-0.001603503,0.001296585,0.002904441,0.00562693,0.003544771,-0.008468846,-0.004412245,0.004540823,0.025159167,0.01551039,-0.00216058,0.012110143,-0.00071614,0.004517977,-0.002829438,-0.010954389,0.003658552,-0.001665908,-0.026528079,-0.010161554,-0.017726943,-0.005804438,-0.009707745,0.013022151,0.015818473,0.002160793,-0.0085712,0.001777324,0.008208864,0.005450174,0.013564711,0.015049004,-0.002443778,-0.001286428,0.001116938,-0.003921973,0.003354111,0.003953678,0.004060408,0.006556048,-0.00593767,5.36E-05,-0.008103372,-0.002168104
/mnt/sdd/caltech_training_multiclass/train/006.Least_Auklet/Least_Auklet_0021_795127.jpg,5,0.000426976,0.002650818,0.002485153,-0.002105633,0.003338793,-0.000512755,0.008372654,0.001500587,0.018842144,0.006900231,0.010900183,0.004389524,-0.000118876,-0.006852198,0.005314717,-0.001417485,0.008706287,-0.007871882,-0.015784042,-0.002907687,0.004195876,0.000580809,0.00579245,0.004838271,-0.008494287,-0.003853263,-0.002136029,-0.002609319,-0.001937096,0.003315765,0.011044856,0.007956337,-0.006173858,0.007156682,0.01247288,-0.002632568,0.02549886,0.003688326,0.025663875,0.01329302,0.009625739,0.000457206,0.001840521,0.003716732,0.004894397,0.000563252,-0.007772316,-0.009584944,-0.017552491,-0.000904642,0.006425541,0.002271987,-0.003017135,0.009388547,0.012247722,0.001200966,-0.005243652,-0.002882314,-0.008383125,-0.006612061,-0.01837169,-0.00080214,0.001896826,-0.008626169,-0.012249784,-0.021281343,-0.019488644,-0.00423917,-0.020881515,-0.01058985,-0.006044881,0.001491745
/mnt/sdd/caltech_training_multiclass/train/006.Least_Auklet/Least_Auklet_0040_795100.jpg,5,0.001266484,0.002090295,0.001194778,0.000112366,0.00296114,-0.00197234,0.007222896,0.005483261,0.013213805,0.011762528,-0.004616283,-0.003087041,-0.007087291,-0.001784388,0.010342462,0.001281282,-0.003893146,-0.006668312,-0.00310869,-0.01216592,0.003604665,0.009336782,-0.011998261,-0.013928389,-0.008679816,-0.003182461,-0.00955685,-0.000456799,-0.004253049,-0.002063552,-0.002254394,-0.004802913,0.008208562,0.000781676,-0.001943933,0.011839485,0.05677242,0.008032844,0.013972485,0.01740597,-0.001714439,-0.006904118,0.001433905,-0.001636027,-0.007671107,-0.015584406,-0.006739657,0.014834482,0.000441103,-0.005973111,-0.004610299,0.019512447,0.009430759,-0.001440103,0.002265193,-0.001049132,0.002743575,0.017071761,0.013323579,-0.002483558,-0.01028792,-0.014028005,0.009789234,0.000800036,0.005464089,-0.028339768,-0.000212864,0.010680322,0.012948329,0.028474469,0.022307457,0.008595148
/mnt/sdd/caltech_training_multiclass/train/006.Least_Auklet/Least_Auklet_0027_795091.jpg,5,0.005152195,-0.003387586,0.003311132,-0.000980098,0.009494154,-0.003310873,-0.001883557,-0.007381021,-0.004942859,-0.01104923,-0.005159651,0.000380619,-0.00646768,0.009853943,-0.002675022,-0.01861046,-0.010476511,-0.003548039,0.001137426,-0.007498026,0.006079007,-0.009850766,0.007790326,-0.004111606,0.009378757,-0.000311147,-0.003210717,-0.008075764,0.000416233,-0.017398318,-0.010589108,0.003982986,0.01726779,0.023747914,0.005915875,-0.010776904,-0.024666315,-0.03321318,-0.027993754,-0.03775776,-0.041629225,-0.010995997,0.01292696,-0.023798186,-0.020823296,-0.004456488,0.006939392,-0.004070905,-0.008581199,-0.01130505,-0.005025578,-0.002430822,-0.000739882,0.00504305,-0.01240152,-0.017026212,-0.025981244,-0.022756036,-0.009416462,-0.011352275,0.001580555,0.003242579,0.009232749,-0.01992082,-0.001253999,-0.018498395,-0.003172835,0.005871936,0.014937048,0.000328315,0.004942177,0.004495675
/mnt/sdd/caltech_training_multiclass/train/006.Least_Auklet/Least_Auklet_0011_795109.jpg,5,-0.000555445,0.007366475,0.001886386,0.010847928,0.005928202,-0.000771708,-0.000411555,-0.003352288,-0.000173669,0.009628686,-0.004934876,-8.47E-05,0.005326456,0.010366053,-0.003741504,-0.004236021,-0.001867591,0.010774634,0.000896435,-0.00230948,0.014624642,-0.001613292,-0.008517121,0.009216368,0.012877287,-0.003030792,0.003565597,-0.013712342,-0.006927952,-0.005401433,-0.00420107,-0.003912725,0.000287596,0.017844476,0.013509782,0.00540431,-0.000747988,-0.013045901,-0.020518538,-0.015326498,-0.011644796,-0.00506038,-0.000717222,-0.005133428,0.001515078,-0.006869269,-0.005359126,0.005527614,0.004360437,0.001949097,-0.008674772,-0.001594997,0.007505033,2.95E-05,-0.005149715,-0.018889595,0.003946761,0.006415573,0.010045805,0.00696003,0.006063927,-0.00340966,0.008105734,-0.02660912,-0.008226937,-0.01930503,0.021674862,0.004852812,0.002794595,-0.008036316,-0.008320644,0.008586329
/mnt/sdd/caltech_training_multiclass/train/006.Least_Auklet/Least_Auklet_0057_795126.jpg,5,0.002403559,7.40E-05,-0.002241148,0.00652789,0.003223919,0.001759734,0.00464149,0.01825853,0.006382974,0.000410475,-0.001473907,-0.00168842,-0.012849927,-0.010175055,0.008787414,-0.021758694,-0.012708398,-0.005080957,-0.0166446,-0.007025901,0.00442611,0.009750435,0.007972495,0.004155122,0.0036127,-0.009598451,0.003323259,-0.003416743,0.002430726,-0.011159277,-0.003715806,-0.009239674,0.021372912,0.00431614,-0.00169574,-0.01170044,-0.010714619,-0.028566573,-0.008628857,0.000343834,0.005742283,-0.001320751,-0.0019467,-0.006429829,-0.005918008,-0.02438573,0.012638228,0.016568458,-0.01698921,0.011597844,-0.00050092,3.89E-05,-0.013622196,-0.011408363,-0.004972949,-0.00746496,0.015124766,0.017232347,0.003412214,-0.007258285,0.009181054,0.016636979,-0.002043442,-0.014270066,-0.020720636,-0.015730131,0.006227826,-0.003940993,0.015383506,0.002391424,-0.000494261,0.004616353
/mnt/sdd/caltech_training_multiclass/train/006.Least_Auklet/Least_Auklet_0039_795081.jpg,5,-0.000974815,-0.002261435,0.000507493,-0.002486008,-0.002985618,-0.003212147,0.002540747,0.002542689,0.001323729,0.006352141,0.003021715,-0.00281394,-0.008102407,0.009006541,-0.001135381,-0.01903009,-0.016921222,0.001782039,0.005476662,0.003609972,-0.00258234,0.003654617,-0.010624719,-0.00712394,-0.005437507,0.002658552,-0.004737348,-0.002229537,0.007953281,-0.00645199,-0.000767868,-0.00826563,0.008556327,0.015155248,-0.005106621,-0.000977568,-0.03337069,-0.01564693,-0.01897202,-0.015684135,-0.001603076,-0.002520752,-0.004908408,-0.005627969,0.008099263,-0.009358672,-0.000177769,-0.005668066,-0.007559883,-0.012195997,-0.000629066,0.008924303,0.00064872,-0.010210998,-0.006778933,0.007460889,-0.010623178,-0.007204257,-0.024036175,-0.014606981,-0.0157776,0.020142449,0.010591923,-0.016568366,-0.01502048,-0.012104477,0.00719574,-0.000478891,0.006499508,-0.000774278,-0.001711585,0.009216686
/mnt/sdd/caltech_training_multiclass/train/006.Least_Auklet/Least_Auklet_0054_795130.jpg,5,0.000209916,-0.000307626,-0.000447539,-0.002746563,-0.002736206,-0.001515897,-0.005326522,0.008897428,-0.001019914,-0.002728744,0.002875674,-0.001910345,-0.004676537,0.001912395,-0.002357008,0.026543256,0.008157208,-0.010376341,-0.008209798,-0.001860818,-0.00577788,-0.00091623,-0.006828896,-0.006698169,0.00160658,0.004644901,0.004098146,-0.004355484,-0.006775039,-0.001123633,0.001029304,-0.014773361,0.007046088,-0.001605544,0.002544537,0.018053629,-0.00763514,-0.011191609,-0.01885647,-0.04464567,-0.019817457,-0.002801992,0.014864606,-0.012301045,-0.012547256,0.009831285,0.012741075,-0.007500256,0.002936272,-0.004724721,0.010191628,-0.003272001,0.02197279,0.015085219,0.002217452,0.001322472,-0.011533003,-0.012959701,-0.015629755,-0.003758535,0.014076913,0.004370228,0.009084055,0.004563734,0.007383116,-0.007203049,0.014423624,0.011894628,0.007847431,-0.009886779,0.000197722,0.017038366
/mnt/sdd/caltech_training_multiclass/train/006.Least_Auklet/Least_Auklet_0038_795132.jpg,5,-0.001060299,-0.001615127,-0.002996296,0.002908435,0.003315506,-0.001509031,-0.004082591,-0.009130537,-0.015467534,-0.019622589,-0.004842855,-0.001142409,-0.008732203,-0.001320422,-0.005688177,-0.000665104,0.000479467,-0.01524606,-0.012650196,-0.001165833,0.004120113,0.008048992,-0.006968953,-0.007335112,-0.008968082,-0.008016718,-0.003855601,-0.006149358,-0.003236217,0.001142887,0.005190956,-0.004057729,0.009278135,-0.010577137,-0.008945257,-0.005650373,0.017030057,0.01750551,0.034553744,0.042090256,0.020682931,0.004086729,0.023585655,0.00423807,0.011402552,0.00401273,0.009495932,-0.009983813,-0.002288909,0.008323675,-0.001343826,0.002854497,0.023184804,0.006933652,0.004934408,0.004488081,0.015162888,0.017381962,0.010269208,0.014223645,0.00450473,0.019510277,0.016745586,-0.001676609,0.003600787,-0.011367241,-0.001453207,0.01803908,-0.001246445,-0.011850014,0.001084313,0.020245165
/mnt/sdd/caltech_training_multiclass/train/006.Least_Auklet/Least_Auklet_0023_1898.jpg,5,0.001089661,0.001615505,-0.002001927,-0.000731787,0.001218523,-0.000751299,-0.00518703,-0.005957034,-0.012209283,0.000122045,-0.003074308,0.005707372,-0.004703944,0.024035987,-0.002990984,-0.004813807,-0.009834578,0.00299938,-0.009147996,-0.007004864,-0.006894734,-0.007994626,0.001074964,0.006098719,-0.018195651,-0.011078466,-0.003078624,-0.007292253,-0.005338195,-0.00892788,-0.004456486,-0.006459392,0.008807401,-0.025065595,-0.007371902,0.002483386,0.015015088,-0.000882539,-0.00491667,-0.0124388,0.003213325,-0.006892666,0.008099,-0.010024091,-0.009792819,-0.009093242,-0.002900206,-0.008562705,-0.006151894,-0.02458038,-0.002301393,0.016711304,0.024186444,0.012754915,-0.004606851,0.003514034,0.008355427,0.00631185,0.008050668,0.022273274,0.005534694,-0.001115139,0.011042739,-0.004489175,-0.00784271,-0.016048605,-0.002024963,-0.001589413,-0.003634126,-0.01009458,-0.004176797,-0.001706168
/mnt/sdd/caltech_training_multiclass/train/006.Least_Auklet/Least_Auklet_0034_795096.jpg,5,0.001159778,-0.00062798,-0.001769905,0.003862476,0.006645611,0.001495375,0.00142185,-0.002754683,-0.003933989,0.007370265,-0.000370579,-0.004169387,-0.003586482,0.000683551,0.013050101,0.002020896,0.00538442,-0.006034693,-0.006191663,-0.000398358,0.02020831,0.006023803,-0.004453861,0.003171593,0.006833598,0.001408768,0.000183604,0.015331149,0.002701744,-0.009508409,-0.00425901,-0.007572998,0.011275971,0.011114202,0.000844714,-0.002340382,0.03039917,0.020720832,0.024368197,0.005333776,0.006721387,0.007711902,0.02263566,0.011799745,0.001780455,0.007331129,0.006869857,0.006837826,0.006220146,0.023223432,0.017676242,0.018006865,0.017185736,0.009161543,0.005894481,-0.000731391,0.027277432,0.020570021,0.020414572,0.058937293,0.015662406,0.007037304,0.015430803,0.002199665,0.006068789,0.013117231,-0.025923137,-0.005273174,-0.005037775,-0.006640748,-0.003554718,0.008156432
/mnt/sdd/caltech_training_multiclass/train/006.Least_Auklet/Least_Auklet_0024_795120.jpg,5,0.005199255,0.002106399,0.004407955,0.013180405,0.01553174,0.002907844,0.019124757,0.026302125,0.022280717,0.014957948,0.004772282,0.00635461,0.000288033,0.01610224,0.007391282,-0.002260591,-1.54E-05,0.010462489,0.008870586,0.002149309,0.024831628,0.007034706,-0.009278597,0.0108409,-0.003778541,0.002845138,0.00792018,0.00112393,0.002712603,0.007327684,0.00187252,0.016074302,0.011692603,0.001644986,0.002498794,-0.001103355,0.015030956,-0.002185286,0.004107083,-0.003353719,0.003316858,0.016749518,0.004263419,0.011604835,-0.00365388,-0.011370948,0.000777165,0.016330004,-0.004060087,-0.004373196,-9.98E-05,0.021456163,0.009780167,0.005162566,-0.017608408,-0.013746119,0.02314615,0.020206524,0.022778314,0.01425337,0.015825808,0.004753136,0.021279901,-0.01348151,-0.010571893,-0.030162606,-0.001321357,-0.005357152,-0.002345831,-0.004811772,0.000447729,0.009162797
/mnt/sdd/caltech_training_multiclass/train/006.Least_Auklet/Least_Auklet_0026_795066.jpg,5,0.000322264,0.000507913,-0.001019734,0.001655414,-0.003763513,-1.25E-05,0.004241317,0.002151075,0.001011705,0.013478082,0.005559364,0.000523014,-0.00101081,-0.003916393,0.003500742,-0.004311578,0.008100567,0.00732454,0.001675326,-0.00573672,0.007126076,0.0139055,-0.00887725,0.008378854,0.007022018,0.002636854,0.006085699,0.000762167,0.009431823,0.013152904,0.003327223,0.012094794,0.015311137,-0.03165469,-0.014071899,-0.011278922,0.006925957,0.023629982,-0.005347757,-0.001499921,0.015766237,0.013560078,0.012781549,0.01200622,-3.01E-05,-0.010586979,-0.008359708,0.003592397,-0.017471243,-0.0202084,-0.01386012,0.007731525,0.022977326,0.009459324,0.003955645,-0.004209109,-0.017546738,-0.034265198,-0.05605217,-0.021023754,-0.007936151,0.020030085,0.01588171,0.001749138,0.010244319,-0.007269996,-0.005720176,-0.00058528,-0.010927003,-7.69E-05,-0.000196095,0.013090194
/mnt/sdd/caltech_training_multiclass/train/006.Least_Auklet/Least_Auklet_0035_1888.jpg,5,0.001241027,0.003697053,0.000469366,0.002657811,0.005667714,0.002541171,-0.011378766,-0.013588937,0.003566512,0.004055375,-0.005407911,-0.010381326,-0.002115771,-0.018252999,-0.003745747,-0.003318345,0.009828383,-0.024104487,-0.014411479,-0.011031703,-0.011749524,-0.010419146,0.009834433,-0.000852869,0.017904134,0.007572216,0.004798873,-0.002372202,-0.004526201,0.002543426,-0.001243309,0.008342108,-0.009696553,0.005951203,0.022341374,0.008139227,0.002059492,-0.004624642,0.01188718,-0.008817152,-0.009208185,-0.000139683,0.006254915,-0.01157018,-0.014105957,-0.003547648,-0.020999663,-0.004318594,-0.006756823,-0.00472541,-0.005177939,0.009642404,0.007596128,-0.000668567,0.009710375,-0.008482867,-0.016291365,-0.021601308,0.005159739,-0.000578842,-0.020713676,4.35E-05,0.005146641,-0.012983993,-0.015426662,-0.023571514,0.000929617,0.001580916,-0.006184483,-0.000706532,-0.001689987,0.008529633
/mnt/sdd/caltech_training_multiclass/train/006.Least_Auklet/Least_Auklet_0008_795071.jpg,5,0.005870932,0.001772615,0.00440325,-0.019851375,-0.011375171,-0.006203215,-0.017560994,0.002480535,0.010428801,0.009147455,-0.012503138,-0.002907754,0.000484226,-0.051869027,-0.001124228,-0.005795717,0.003967356,-0.009401144,-0.002047429,-0.011370185,-0.006876984,0.002938096,0.003554126,-0.00693741,0.012999503,0.011479158,0.00621973,-0.016870245,-0.000857242,0.003737877,0.00517625,0.008590886,0.004012128,-0.015098495,-0.003998267,-0.006238074,0.009822432,-0.024617726,-0.03294875,-0.006445137,-0.017721709,-0.005688062,0.005535609,-0.006280909,-0.003341534,-0.010064102,-0.015514037,-0.023529831,-0.02149789,-0.019194517,-0.015928082,-0.004652702,0.007719215,-0.017976604,-0.009726125,-0.011026517,-0.029227857,-0.024096396,-0.028082125,-0.01516676,-0.007989856,-0.009758586,0.005838087,-0.00821942,-0.003056187,-0.00676979,-0.014230525,-0.014091155,-0.006438484,-0.001662548,0.011881347,0.001787507
/mnt/sdd/caltech_training_multiclass/train/007.Parakeet_Auklet/Parakeet_Auklet_0047_795956.jpg,6,0.000592913,-0.001451198,-0.001466161,-0.003233843,-0.000978592,-0.00060854,0.004254316,-0.000928788,-0.011011178,0.011781851,-0.002828115,-0.002354617,-0.006558334,-0.021915825,0.013896895,0.019266617,0.011718286,-0.012748438,-0.005871995,0.001988245,0.019848544,0.016595019,0.007004301,0.001774198,0.010200742,0.000292179,0.011362279,0.01668861,0.008417484,-0.000861166,0.001389813,0.011855639,0.018398888,-0.001041147,0.009529606,0.003650389,0.03716747,0.031929456,0.008146422,0.006143255,0.01613148,0.014414819,0.013690809,-0.000391117,-0.00327307,0.001816379,0.016689617,-0.000212464,-0.005777163,-0.001602769,0.003860863,0.032941595,0.008554228,-0.003838,-0.001018617,-0.009938209,0.04267627,0.025087694,0.022495426,0.014335852,0.017662713,0.002134017,0.010098161,0.001572484,0.011544118,-0.020697292,0.002872551,-0.011845555,-0.012086831,0.001136537,0.005281026,0.012015705
/mnt/sdd/caltech_training_multiclass/train/007.Parakeet_Auklet/Parakeet_Auklet_0061_795990.jpg,6,-0.000279673,-0.001221302,0.001454458,-0.002898363,-0.009646241,-0.002953756,-0.013879516,-0.014562944,-0.00547962,-0.003884427,-0.003170454,-0.010726545,-0.005309351,-0.004922641,-0.021844469,-0.017583687,-0.014439899,-0.010681604,-0.013210759,-0.00443548,-0.016328922,-0.010840992,-0.011096161,-0.00379897,-0.008889001,-0.006084848,-0.011594364,-0.019091047,-0.00732288,0.002936527,-0.010920096,-0.012579653,0.001814528,-0.026534349,-0.028217517,-0.016984299,-0.020564158,-0.024155471,-0.01604161,-0.033799984,-0.01964587,0.01689285,-0.005283697,-0.008141416,-0.021516396,-0.006002842,0.005053842,-0.006302462,-0.002825475,-0.000913528,-0.015184822,0.000406916,0.001905415,-0.014509978,-0.009432383,-0.00569144,-0.032535635,-0.018104862,-0.02407075,-0.038528215,-0.002156876,-0.02163159,0.007865203,0.016245827,-0.000723342,-0.007500324,0.005041677,-0.011176441,-0.001070317,0.007280203,0.011901609,0.000991981
/mnt/sdd/caltech_training_multiclass/train/007.Parakeet_Auklet/Parakeet_Auklet_0010_795995.jpg,6,-0.002793727,-0.000411353,-0.003710292,-0.00322098,-0.002579119,-0.001673188,-0.013189945,-0.0288172,-0.002035031,0.004309079,0.001420491,-0.008282892,-0.008114551,0.003562961,-0.01866143,0.000585065,0.00387671,0.005264228,0.003049324,0.005279122,-0.011954258,0.004792937,0.01296723,0.002990602,0.007471576,0.00479954,-0.001394638,-0.008401458,-0.009236782,-0.00155299,0.004591691,0.015688503,-0.013164032,-0.003561644,0.003453017,-0.002215541,0.033227958,-0.005384695,-0.013291992,-0.027736073,-0.008471471,-0.001016729,0.015357645,-0.022899438,-0.014229923,-0.007676358,-0.00510277,0.019497013,-0.000144209,0.000672053,-0.009940472,-0.009255541,0.007166789,0.010612719,0.015426559,0.017362067,-0.011773775,0.005202242,-0.00360767,-0.009664277,0.004742312,0.006467288,-0.002496587,-0.006987417,-0.011406916,-0.003274367,0.003398627,-0.001081804,0.006634864,0.01154829,-0.002791201,0.004441702
/mnt/sdd/caltech_training_multiclass/train/007.Parakeet_Auklet/Parakeet_Auklet_0059_795973.jpg,6,0.00100314,-0.002623103,0.000714217,0.002825469,0.005901058,-0.001469836,-0.009956061,-0.036098108,0.018070653,0.001218332,-0.000228411,-0.013855092,-0.005802251,0.024161441,-0.005654171,-0.005986862,0.007696256,-0.016724814,-0.019434094,-0.011569403,-0.003538036,-0.011632809,-0.013237561,-0.012328161,0.002161159,0.002301611,0.004740349,-0.017490465,-0.007805584,-0.000908682,-0.001216805,0.002432001,0.000338545,-0.003263373,-0.008581772,-0.002533743,-0.017507859,-0.020321786,-0.019849371,-0.03621242,-0.02023404,-0.005125816,-0.011710473,-0.01107357,-0.029008584,-0.012689751,-0.008923908,-0.009343178,0.000551706,-0.003273912,0.012543276,-0.002159568,0.002485272,-0.008793112,-0.01307624,-0.012440408,-0.020436158,-0.028305832,-0.001288523,-0.00574716,0.000720828,0.00717285,-0.000835997,-0.008978668,0.007834458,-0.013607645,0.003107225,0.003192699,-0.002609322,0.013578512,0.003016314,-0.006585499
/mnt/sdd/caltech_training_multiclass/train/007.Parakeet_Auklet/Parakeet_Auklet_0040_795974.jpg,6,0.000727306,0.002306971,-0.004109036,0.014925284,0.014874892,0.005250247,-0.005032754,-0.014447955,0.020047769,0.002819425,-0.000980583,0.002052351,0.001509992,0.012634789,-0.007927749,0.005856624,0.005051459,0.003408407,-0.004197313,-0.00633009,-0.01163516,-0.007570944,-0.007232968,-0.005284079,-0.010976666,-0.005327324,-0.0013059,-0.008616541,-0.005395451,0.003428882,-0.009203856,0.000331743,0.008029483,0.004110586,-0.004955337,0.004806911,-0.021011941,-0.008277579,-0.033039637,-0.012104516,-0.002888506,-0.002901287,-0.012867399,-0.012218636,-0.000858792,-0.010889424,-0.00242067,-0.003990511,-0.015908767,-0.002749979,0.009204291,0.007278873,0.006369773,-0.01391501,-0.005387637,0.000676193,-0.04368788,-0.047473982,-0.032837823,-0.02790637,-0.008938514,-0.01871322,0.012066586,-0.01802391,-0.013381689,-0.036233135,0.00432418,-0.015285733,-0.0109322,-0.007343541,-0.001884611,0.010813553
/mnt/sdd/caltech_training_multiclass/train/007.Parakeet_Auklet/Parakeet_Auklet_0012_795927.jpg,6,-0.001613153,0.000651877,-0.001400527,-0.00272829,0.000570537,-0.003607778,-0.021008441,-0.019065533,-0.018245902,-0.012624022,-0.009586413,-0.012858475,-0.012641341,-0.012367649,-0.000405043,-0.008760808,-0.003416868,-0.019609716,-0.003999376,-0.003397813,-0.011997813,-0.000851613,-0.001289525,-0.001812707,0.004462528,0.011106355,0.008023253,-0.00384392,-0.002841396,0.005683749,-0.003869158,0.013894348,-0.014596874,0.015275748,-0.009234662,0.00245286,-0.004313414,-0.023507485,-0.019320846,-0.029507902,-0.027750794,0.001479705,-0.002228577,-0.020147152,0.000470086,-0.003357635,-0.00896475,-0.00551586,-0.001135595,-0.006010871,-0.009568491,-0.012709498,-0.008888582,0.003112719,-0.005228478,-0.003228475,-0.01394964,-0.011499701,-0.023287605,-0.028178629,-0.002256374,-0.015929848,0.011306955,-0.022312397,-0.024029296,-0.029760776,0.004223666,0.005892415,-0.001216537,0.001273692,-0.002138646,-0.000101066
/mnt/sdd/caltech_training_multiclass/train/007.Parakeet_Auklet/Parakeet_Auklet_0050_795957.jpg,6,-0.002537753,-0.001373841,0.000867729,0.001945251,0.004836851,0.002882644,0.007166917,0.004872939,0.003782307,0.01326062,0.008368812,0.013346647,0.000236684,-0.004872052,0.001611973,-0.008139608,-0.002029913,0.010585676,0.002804104,0.010369288,0.003540874,0.022403546,0.013032573,0.010523895,0.001840796,-0.00132787,-0.002909871,0.004306312,-0.003622706,0.001674707,0.018853355,0.012656245,0.01344756,0.006827555,0.001544809,-0.001828828,-0.020135742,0.004046,0.016168997,-0.007920912,-0.011037877,0.013589283,-0.002764747,0.011676375,0.002689142,-0.006102905,0.026291035,0.023539277,7.17E-05,-0.010849662,-0.003769544,0.006331354,0.018833075,-0.006050454,0.010504339,0.003381785,-0.012466282,-0.000132452,0.002752573,0.013634591,0.014878084,0.008084911,0.005470912,-0.00440226,0.003825287,0.005304472,-0.015623812,-0.003902516,0.008815068,-0.011026418,-0.008347232,0.003013698
/mnt/sdd/caltech_training_multiclass/train/007.Parakeet_Auklet/Parakeet_Auklet_0027_795925.jpg,6,0.002419832,0.003513012,0.004417373,0.009451198,0.009548693,-0.000202651,-0.003005677,-0.009859338,-0.007402354,0.00465498,-0.00245515,-0.00335126,-0.00490079,0.006142774,-0.015615117,0.000767699,-0.01762018,-0.002207393,-0.004462869,0.005319151,-0.019703554,-0.008344612,-0.000551363,-0.00086818,-0.015533004,-0.002972,0.000418603,-0.012023422,-0.0021978,-0.002415332,0.006734218,-0.002319915,-0.01925218,-0.001094497,0.008569944,0.000178258,-0.037052926,-0.04185504,-0.031628758,-0.033280917,-0.021659093,0.009407299,-0.021817025,-0.03366922,-0.022453407,-0.018165722,0.021024909,0.01660363,0.011715885,0.000325684,-0.000503045,-0.016283408,-0.004481762,-0.015033789,-0.022182826,-0.022837786,-0.012228693,-0.011055274,0.021666601,0.024000708,0.00953773,-0.024149314,-0.009482551,0.005806337,-0.015376074,-0.021991353,-0.023457691,-0.019621354,-0.016777596,-0.009732319,-0.002157082,-0.002522029
/mnt/sdd/caltech_training_multiclass/train/007.Parakeet_Auklet/Parakeet_Auklet_0028_795944.jpg,6,0.002149309,-0.000719131,-0.002823899,0.005361163,0.00963375,-0.000825341,-0.010126261,-0.002059203,0.002457868,0.001237574,0.000100247,-0.00656446,-0.006011747,-0.025678055,-0.006060665,-0.004496986,0.001262501,-0.009712777,-0.011235857,-0.010145932,-0.0136785,-0.001080243,-0.012653414,-0.011536558,-0.012871674,0.001809016,0.000194506,-0.010871529,-0.002919591,-0.007229975,0.003760225,-0.00959742,0.00177713,-0.01323862,-0.016771453,-0.01107323,-0.000621142,-0.011465083,-0.03021834,-0.025989847,-0.018604144,-0.021146463,-0.01316949,-0.009273979,-0.015262831,-0.006619094,0.002774431,-0.00570367,-0.002240825,-0.005698291,0.001321356,-0.004931478,-0.013272199,-0.008401442,-0.002990931,-0.000278892,-0.021182042,-0.01248589,-0.008132019,-0.015795754,-0.01828499,-0.018295601,-0.009656974,-0.012547839,-0.04084146,-0.040890653,-0.003359419,-0.003854804,-0.00534962,-0.011325175,-0.002522654,-0.010911526
/mnt/sdd/caltech_training_multiclass/train/007.Parakeet_Auklet/Parakeet_Auklet_0051_795971.jpg,6,0.002896076,-0.00199077,-0.000570235,0.002713422,0.001315233,0.000491159,-0.007292899,-0.015773986,0.000636892,0.001279155,0.002856537,-0.004342806,-0.005693534,-0.011387136,-0.009837262,-0.012319511,-0.001737855,-0.012862964,-0.012030202,-0.004886347,-0.003662278,-0.002325924,0.003572769,0.007806631,0.000157568,-0.01184498,-0.011532368,-0.001755901,-0.002339653,-0.004156289,0.006724943,-0.000985163,-0.00432678,0.017518153,0.017337002,0.001666068,-0.042160325,-0.05842719,-0.044978216,-0.03692883,-0.027498534,0.006442492,0.00371165,0.011850968,-0.008266571,-0.00021396,-0.022635303,0.001015015,-0.000247542,-0.031598464,-0.002867507,0.001965472,0.012635733,0.021626377,0.015817065,0.011082459,-0.002228424,-0.013218227,-0.026697448,-0.016445834,-0.003989983,-0.004578509,0.003599506,0.010307527,0.008743926,0.003646317,-0.018228136,-0.014711245,-0.011529567,-0.016724972,0.004379397,0.011650873
/mnt/sdd/caltech_training_multiclass/train/007.Parakeet_Auklet/Parakeet_Auklet_0007_795932.jpg,6,0.001196179,-0.002892183,0.001473857,0.002909482,0.008577403,-0.001942564,-0.010378249,-0.02115162,-0.005928522,-0.005901333,-0.007736947,-0.000912521,-0.010542763,-0.012635903,-0.017940303,-0.007081638,-0.008016558,0.015603582,0.012293238,0.013874545,-0.010550121,-0.00127001,-0.003297926,0.007214215,-0.003372535,-0.00817607,-0.004691323,-0.00769698,0.006457713,-0.002498722,0.004220383,0.016233541,-0.011334809,-0.014875991,0.003295654,-0.000287229,-0.00281395,-0.007735668,-0.005982025,-0.009975359,-0.000166505,0.007533503,-0.004615088,-0.001237841,-0.007617768,-0.004658829,-0.014556266,-0.02339723,-0.01623382,0.004150546,-0.019540835,0.013359493,0.011342916,0.010873383,-0.003921737,-0.010899384,-0.024657259,-0.030173186,-0.010467644,0.006820686,-0.000273025,-0.007035229,-0.002597221,-0.012378776,-0.013971049,-0.019734934,0.005285525,0.007887564,0.023687525,0.005569626,-0.005478289,0.007587853
/mnt/sdd/caltech_training_multiclass/train/007.Parakeet_Auklet/Parakeet_Auklet_0064_795954.jpg,6,0.00365027,-0.00333263,-0.002348813,-0.001717658,-0.000854081,0.000708946,-0.005659168,-0.002941595,0.000451572,-0.0073924,-0.006354682,-0.019564431,-0.01420076,0.002461261,-0.005478114,-0.011040038,-0.011358543,-0.014775779,-0.003158432,0.008939589,-0.005694854,-0.002740225,-0.00868815,-0.00082913,-0.016045317,-0.001024553,-0.001696756,-0.004042418,-0.004668177,-0.007513928,4.42E-05,0.020173145,-0.003210699,0.021216558,0.006347338,0.01767858,-0.014068814,-0.025028951,-0.009347267,-0.015660357,-0.011183173,0.000227433,-0.01040327,0.007087336,0.012684707,-0.006390285,0.001385156,-0.003896051,0.005964798,-0.009320338,-0.009139176,0.009230594,-0.001166416,-0.002740516,0.006095325,-0.010387035,-0.007699145,-0.004003926,-0.004277141,0.000194412,-0.005817843,-0.005796197,-0.008723985,-0.002220136,-0.010150263,-0.023446066,-0.001646241,-0.009858741,0.000703505,0.00697526,0.008436169,-0.00243157
/mnt/sdd/caltech_training_multiclass/train/007.Parakeet_Auklet/Parakeet_Auklet_0035_795934.jpg,6,0.003688225,0.002317495,0.000943009,-0.000688657,0.014055828,0.002951826,-0.010076502,-0.007819172,0.017544527,0.009172719,-0.006551087,-0.007667393,-0.002675083,-0.004846593,0.019523997,-0.006685799,-0.00899757,-0.003790119,-0.00293434,-0.003277826,-0.004883471,0.015155648,0.003684276,0.011061333,0.01032012,0.006738349,0.000310984,-0.013575908,0.012262409,0.005229066,0.008951078,0.029936727,0.010481256,0.011738583,0.000234108,0.008571034,-0.003864408,-0.02270282,-0.01800618,-0.035286345,-0.022306053,-0.003529002,0.010662654,0.012833643,-0.004760072,0.010039423,0.028653257,0.0292293,0.019822098,0.017871581,0.020871552,0.011844137,-0.004510894,0.003720743,-0.007968722,0.005169723,0.021998761,0.018256577,0.024614703,0.017567728,0.011724856,0.010143129,-0.004919296,0.002140817,-0.004264597,-0.004113585,-0.00405255,0.003286563,0.007714316,0.005910182,0.001680933,-0.017661108
/mnt/sdd/caltech_training_multiclass/train/007.Parakeet_Auklet/Parakeet_Auklet_0001_795972.jpg,6,0.001582278,0.000653349,-0.002718025,-0.004302642,-0.003389443,0.001717918,0.005896731,-0.005900976,0.008652332,0.00430347,0.004881968,0.000518348,0.002907971,0.002158849,0.002499727,-0.003312859,-0.012962251,0.00361074,-0.001605947,-0.000327736,0.003012627,0.003709387,0.006286893,-0.001615599,-0.000875432,0.005544204,0.005262369,-0.00836541,-0.000255896,0.011078616,0.00826735,0.011399759,0.002582009,0.011743384,0.012518756,0.004264794,0.009488633,0.017459936,0.014396217,-0.027085248,-0.026455276,-0.00343957,-0.002586561,-0.015784994,-0.003937807,-0.007798028,-0.023521844,-0.01957751,-0.012118291,-5.32E-05,-0.019120509,-0.00291257,0.00961047,-0.000562278,-0.005673502,-0.007040222,0.001966212,-0.006796518,-0.0018047,-0.008682874,-0.005455862,-0.015990898,0.002554047,0.00607703,-0.007377516,-0.015343743,-0.022446277,-0.015955895,-0.006791408,-0.002092226,-0.000436475,0.009669147
/mnt/sdd/caltech_training_multiclass/train/007.Parakeet_Auklet/Parakeet_Auklet_0032_795986.jpg,6,-0.0004672,0.003496597,-0.001905891,0.014218166,0.011695026,0.004921112,0.004378364,0.007293328,0.000254272,-0.001542757,0.009281917,0.005480934,-0.004741593,-0.011348208,-0.002300534,-0.020740297,-0.003773341,-0.005503228,-0.003511857,0.007987126,-0.008104752,-0.003146806,-0.012769539,-0.007503182,-0.017023874,-0.005715299,0.000591697,0.002990143,-0.004988537,0.00199306,-0.004545272,0.002100054,0.002950992,-0.021495663,-0.005440268,0.001850692,0.004190366,0.006178625,0.016560072,-0.001756802,0.002795696,-0.016366236,0.009861872,-0.007192027,0.006628108,0.006621574,-0.024659105,-0.016150814,-0.03576148,-0.015287124,-0.010659492,0.002367912,0.00060559,0.009901451,-0.00234896,0.006777097,0.000560638,0.004446141,0.001769107,0.015874736,0.012755042,-0.001465135,0.016267631,0.005274412,0.022973623,0.013528724,0.005347868,0.002517905,0.0037369,0.000668833,0.014172637,-0.009249502
/mnt/sdd/caltech_training_multiclass/train/007.Parakeet_Auklet/Parakeet_Auklet_0041_795933.jpg,6,-0.001806411,-0.001332248,-0.0017939,-0.000819425,-0.000806929,0.00558968,-0.005573752,-0.004104883,-0.007705022,0.003880331,-0.010258555,-0.012475587,-0.004175642,-0.000491038,-0.005616186,-0.021354157,-0.000765791,0.010780534,-0.00337478,0.008755916,0.003855138,0.005406084,0.00637348,0.004056604,0.00932569,-0.001534834,0.000957108,0.002456604,0.006138281,0.000999,-0.009713734,-0.012455184,0.007911764,-0.000597188,0.000830049,0.004750822,-0.016454784,-0.014190484,-0.005031451,-0.025451444,-0.016412012,-0.009129575,0.00836754,-0.013654567,-0.007672017,0.000936963,-0.012287292,-0.019797184,-0.03180805,-0.019360151,-0.021874603,0.000967781,0.000184499,-0.000545806,-0.01136747,-0.012124207,0.002812889,-0.008100797,-0.010459179,-0.0079812,0.008794808,-0.013350148,0.00069475,-0.003156489,0.006837406,-0.004780336,-0.00962844,-0.002272235,-0.008672165,-0.013769515,-0.002005003,0.000796154
/mnt/sdd/caltech_training_multiclass/train/007.Parakeet_Auklet/Parakeet_Auklet_0020_795947.jpg,6,0.001140112,0.000460016,-0.00238286,-0.000455474,0.001903443,-0.000379967,-0.000947383,0.002623169,0.015904574,0.008668764,0.003415181,0.00303508,-0.000894592,0.005095847,0.003747263,-0.011338246,-0.003310828,-0.017784312,-0.012142584,-0.005741918,0.017665591,0.003658858,-0.006553426,-0.006860396,-0.005513961,-0.013949502,-0.006135744,0.006750197,0.001090278,-0.009030715,-0.010567976,-0.01655468,-0.001758261,0.002395256,-0.006349419,0.002927383,-0.009010937,-0.028430808,-0.029263753,-0.012291928,-0.01591975,0.006084424,-0.028468164,0.004552789,-0.000518104,-0.003081893,-0.013086078,-0.014668532,-0.01779928,-0.015385819,-0.013845197,0.006946002,0.008092312,0.009641333,0.008997289,0.00140308,-0.005627769,-0.007294204,-0.014655178,-0.019504681,-0.01461601,-0.011020064,-0.01020051,-0.02025961,-0.01485437,-0.027132334,7.52E-05,-0.000803357,0.00528311,0.011672815,0.004883113,0.004413906
/mnt/sdd/caltech_training_multiclass/train/007.Parakeet_Auklet/Parakeet_Auklet_0058_795942.jpg,6,-0.003805656,-0.003533686,0.000375001,0.006579157,0.013099432,0.004300028,-0.00828783,-0.000937842,0.008482212,0.001955709,-0.003592313,-0.006423438,-0.008014257,0.005852375,-0.000297647,-0.001999226,0.001774446,-0.005079759,-0.006023141,-0.000436409,-0.011377713,-0.003091527,-0.012234669,-0.005161574,0.004072854,-0.009464985,0.001459444,0.001294821,7.82E-06,-0.003405546,0.00362467,0.011315763,0.009260823,-0.016434247,0.01193035,0.018984495,0.01478586,-0.020552862,-0.018422797,-0.008840798,-0.008726212,-0.00458658,0.028865179,-0.004694661,-0.002187101,0.006283658,-0.009381219,-0.018490188,-0.04019022,-0.03153681,-0.015895875,0.007794019,0.009942059,0.016106723,0.01453569,0.021399904,0.002397899,-0.002724814,-0.015485387,-0.011613287,0.001681422,-0.010439107,0.003971113,-0.00999652,-0.021467794,-0.025054568,-0.001853903,0.013969105,0.007273704,0.012097433,0.001552122,0.00749492
/mnt/sdd/caltech_training_multiclass/train/007.Parakeet_Auklet/Parakeet_Auklet_0048_795980.jpg,6,-0.002295515,-0.001967241,-0.000574088,0.000289007,0.001524858,0.000613052,0.003583041,0.00933794,-0.002111789,0.003611249,0.000692859,-0.00360745,-0.007354198,0.003554061,-0.00047749,0.005062918,-0.000959791,-0.001993893,0.003746107,0.013160102,-0.003425824,0.002477809,-0.006000815,-0.006568478,0.006639889,0.000600989,0.010516062,0.001985472,0.006458531,-0.005593908,0.006229458,0.018923605,0.013968747,-0.003901286,0.005138991,-0.001055206,-0.012758283,-0.009437727,-0.003002774,0.00786233,0.015248291,-0.0223912,0.005173786,0.001944223,-0.004981252,-0.001977444,-0.008820529,0.023195341,0.012150075,-0.001504974,0.001059929,-0.002072793,-0.005030383,0.010315987,0.023720233,0.017156575,0.014709762,0.006166847,0.012477962,0.016249325,0.024466332,0.000711428,-0.006493903,-0.006696113,-0.00840758,-0.005435884,0.003156154,-0.013460839,-0.002587214,-0.000515251,0.00295428,0.005698452
/mnt/sdd/caltech_training_multiclass/train/007.Parakeet_Auklet/Parakeet_Auklet_0025_795975.jpg,6,-0.002336298,0.001088561,-0.001701557,-0.012613602,-0.012194155,-0.005145523,-0.022503963,-0.027857006,0.005037487,-0.005953662,-0.014741631,-0.016007502,-0.001993449,-0.021696001,-0.004350522,-0.012241898,-0.003694985,-0.010082313,-0.011475398,-0.00035699,-0.002873994,-0.001701391,-0.009066497,-0.006758729,-0.003687884,-0.002756715,0.003689561,-0.014575746,-0.011383431,0.011785889,0.000597728,-0.006149735,-0.030480027,-0.005290807,0.00481548,0.004899079,0.021781726,-0.005518713,-0.003696653,-0.021234652,-0.017551953,-0.021936368,-0.012362048,-0.024313333,-0.018808577,-0.012390811,-0.042882953,-0.02598567,-0.027640143,-0.02621118,-0.009348947,-0.011950612,0.002330707,-0.008027313,-0.007252636,-0.000890852,-0.015836442,-0.017230574,-0.021789156,-0.027847573,-0.011526497,-0.02990268,0.00223246,-0.017881801,-0.006973225,-0.033678066,0.001480628,0.000272737,-0.012329297,-0.001458273,0.00645105,-0.004156466
/mnt/sdd/caltech_training_multiclass/train/007.Parakeet_Auklet/Parakeet_Auklet_0034_795994.jpg,6,-9.83E-05,-0.000107582,0.00126179,-0.003814179,-0.009350231,-0.002368966,-0.002505151,0.006091497,0.002912949,-0.001143437,0.001338102,-0.003697785,-0.011678516,0.008756483,-0.000989288,-0.009796902,-0.01755436,-0.013613966,-0.004645318,0.002103594,0.00293792,-0.007539566,-0.002738001,-0.001232411,-0.005845481,-0.005583544,-0.003664958,0.006674256,-0.005152209,-0.005426153,-0.012664655,-0.002848124,0.005387088,0.015157592,-0.005540243,0.005563608,-0.023961093,-0.03514865,-0.007730505,0.007226459,-0.004437206,-0.009732556,-0.006478936,-0.03145058,-0.003029033,-0.009887358,-0.010532992,-0.006666271,0.003830197,0.001215832,0.000297482,0.011350672,0.013577214,-0.002937699,-0.005516335,-0.01686245,-0.010129035,-0.008136728,-0.011424802,-0.01378312,-0.005265251,-0.009934632,0.000711351,-0.008745821,-0.007063649,-0.017299518,-0.005744049,-0.004780346,-0.009970995,0.012274231,0.009428838,0.001455124
/mnt/sdd/caltech_training_multiclass/train/007.Parakeet_Auklet/Parakeet_Auklet_0080_795965.jpg,6,0.002816548,0.002094566,0.002588884,0.004003374,0.005801591,0.004894619,-0.002683311,-0.016661782,0.000629048,0.00526777,0.009983728,-0.001577766,-0.007942918,-0.016160604,-0.013273046,0.012365378,0.011642518,-0.00971857,-0.002141936,-0.005201585,-0.020098764,-0.001997089,0.001641282,-0.004621674,0.007942759,0.009278635,-0.00076205,-0.003886888,0.006134365,0.010167095,0.002260667,0.011835638,0.006756694,-0.012029587,-0.023143737,-0.002293971,0.00533736,-0.003297934,-0.024754234,-0.01494264,-0.015465152,-0.021916255,-0.001576243,-0.021521183,-0.00758342,-0.02030908,0.033766925,0.016626142,0.014078308,0.023205629,0.004833162,0.00247581,0.012475735,0.013242982,0.010324813,0.003248387,-0.012768162,-0.001130565,0.000771154,0.00112383,0.001625001,-0.010222586,0.0120653,0.00888544,-0.020794824,-0.018345667,0.009376515,-0.005340167,-0.0187501,-0.006629534,-0.004440565,-0.010076738
/mnt/sdd/caltech_training_multiclass/train/007.Parakeet_Auklet/Parakeet_Auklet_0056_795926.jpg,6,-0.00269243,-0.005416555,-0.002480397,-0.003526538,0.002312445,-0.002050583,-0.006010066,-0.022972755,-0.000321844,-0.000617952,0.007866208,-0.00581242,-0.001985483,0.014341912,-0.006879097,-0.02724493,-0.014521545,0.008507054,0.00919354,0.005928369,0.00252177,0.011036351,0.003674361,0.005854918,-0.006460146,0.002842877,0.01012557,0.008507623,-0.002375835,0.004688088,0.001529215,0.004190953,0.010526385,0.005228293,-0.000354094,0.006978524,0.009335376,0.019640543,0.015837085,-0.004393933,-0.00040076,0.00033647,0.013662538,-0.003952177,0.007957958,0.009604992,-0.014044602,-0.000463233,-0.00892527,0.003366366,0.001589421,0.004793301,0.019413956,-0.004668349,0.00530215,-0.007079367,0.014579414,0.005348124,0.004287202,-0.009917894,-0.00564859,-0.010619286,0.002343275,-0.018140223,-0.013578631,-0.021748,-0.010799515,0.000655002,-0.011147785,0.00157303,-0.008374928,0.007195043
/mnt/sdd/caltech_training_multiclass/train/007.Parakeet_Auklet/Parakeet_Auklet_0074_795976.jpg,6,-0.001806751,0.002663602,0.001997968,0.003903522,0.007096824,0.003556136,-0.005344315,-0.017631315,0.000755614,-9.31E-06,0.001946548,-0.002007029,-0.005344428,-0.019898444,-0.015922995,0.008059885,0.022252422,-0.001312332,0.000558724,0.002426977,-0.021792196,-0.001423418,0.016887402,0.007105993,0.002677339,0.00728868,0.009707399,-0.008343002,-0.000802762,0.001526161,0.003581652,0.012607487,0.000764404,-0.016937338,-0.025650617,-0.007019667,-0.018917743,-0.005339478,-0.013677608,0.009245733,-0.003699179,0.00527689,-0.004760321,-0.010137225,0.002805546,0.004416677,-0.001978672,0.011336202,0.025999915,0.022449153,0.015232234,0.00752395,0.010982323,-0.001442784,-0.000862995,-0.001444101,0.010457327,0.01799127,0.012156671,0.017933525,0.01816268,0.005414322,-0.007302851,-0.006277789,-0.002098669,-0.009238203,0.013701182,0.012986183,0.02181185,0.004851556,-0.013119204,0.012941276
/mnt/sdd/caltech_training_multiclass/train/007.Parakeet_Auklet/Parakeet_Auklet_0015_795966.jpg,6,-0.001919527,0.001787159,0.001536859,0.009642714,0.007217716,0.00723876,0.015498638,0.009423633,0.021752398,0.02353989,0.00396035,0.001905564,-0.005307168,0.014938151,0.006799976,0.009862362,0.004791101,-0.004855906,0.002977878,0.012250347,0.003539029,0.004334158,0.000456657,-0.007088194,0.013512769,0.011435716,0.0059848,0.004764296,-0.004334033,-0.004167093,0.007311882,0.014898256,0.000862624,0.00491582,-9.89E-05,-0.007616559,0.008604767,0.015717488,0.06351579,0.029149747,-0.001791651,0.011842098,0.002427076,-0.017892297,-0.00450364,0.007510379,-0.001815986,0.005864416,0.003968377,-0.009336425,-0.00152953,0.001914597,0.020856868,0.008173902,0.010077595,0.002185627,0.002466261,0.005454668,0.003396447,0.006775419,0.005580515,-0.00529093,-0.003571439,-0.002140337,0.005310958,-0.010943203,0.00333146,-6.56E-06,-0.003607353,0.009111235,0.005801076,0.021472655
/mnt/sdd/caltech_training_multiclass/train/007.Parakeet_Auklet/Parakeet_Auklet_0016_795977.jpg,6,-0.001471321,0.001342648,0.0039423,0.003393873,-0.004172606,0.001519218,-0.004360791,-0.012214522,0.004384785,0.001594061,-0.001635485,-0.007505754,-0.005557605,-0.023410203,-0.004319373,-0.009161072,-0.005192363,-0.002924108,-0.003087694,-0.001932545,-0.01822042,0.00617262,0.001959574,0.001842491,0.003995605,0.001177053,0.00875669,-0.004921887,-0.005266188,-0.005825834,0.001958016,0.036355995,0.000226146,0.02187469,0.003778944,0.00526567,0.006694769,-0.002715078,0.007103588,0.00531209,0.001453581,-0.013688474,0.012220378,0.003824715,0.005773714,0.000957136,-0.015322529,-0.00021701,-0.013958335,-0.00246886,0.00706004,-0.00329917,0.020410426,-0.003050523,0.005631102,0.003353037,0.002958315,-0.005868562,-0.001972528,0.021602493,0.025300737,-0.008071384,0.012502948,-0.000237119,0.001441108,-0.004230711,0.006861044,-0.004867357,-0.010339071,-0.018904962,0.003986311,0.008098513
/mnt/sdd/caltech_training_multiclass/train/007.Parakeet_Auklet/Parakeet_Auklet_0003_795982.jpg,6,0.000639459,-0.003084813,-0.00403075,0.005372356,0.011135773,0.001720647,-0.003265668,-0.016438808,-0.020067181,-0.01637927,-0.002653817,-0.009482704,-0.006532409,0.00929569,-0.004872615,-0.04453151,-0.030561825,0.003115236,0.004733317,-0.002752541,-0.019299459,-0.014990585,0.002275121,0.009176929,-0.012949502,-0.005898852,-0.011136424,-0.006594759,-0.004893016,-0.002543553,-0.005627355,-0.014951368,-0.006264194,0.005506128,0.011959083,-0.001159725,-0.004237219,-0.033450313,-0.033212036,-0.06183391,-0.038169138,-0.028919585,0.000523557,-0.022313993,-0.031991925,-0.022218138,-0.008883823,-0.01889832,-0.029821549,-0.017087335,-0.012887116,-0.001408214,0.003877906,-0.000886716,-0.011164519,-0.004441402,-0.02363688,-0.028652906,0.000617951,-0.020955265,-0.014699437,-0.010526041,0.004102694,-0.029725106,-0.028374994,-0.039024405,0.000218964,-0.004014153,0.0079713,-0.000423722,0.001081396,-0.008086388
/mnt/sdd/caltech_training_multiclass/train/007.Parakeet_Auklet/Parakeet_Auklet_0070_795998.jpg,6,0.003986921,0.000808603,0.001098837,-0.007714486,-0.007552965,-0.003159024,-0.002740627,-0.021508032,0.017292425,0.004359832,-0.00676232,-2.62E-05,0.000882004,-0.025228178,-0.002698841,-0.00284001,-0.008882022,-0.00268758,0.007577466,0.005326183,-0.003174442,0.007573525,0.008918844,-0.002303166,0.010738879,0.004407496,0.001141345,-0.012773696,0.005966818,0.003589565,0.009734497,0.005073703,0.003568868,-0.00395095,-0.009312557,0.008225229,0.002189126,-0.007019533,-0.013425597,0.007115587,0.006645912,-0.016695874,-0.004050573,0.033115193,0.004401053,-0.009392357,-0.012171962,0.003375533,0.002125949,-0.010917891,-0.003139978,-0.003922934,0.010707699,-0.004406329,0.001674678,0.013014848,-0.002835538,-0.011061775,-0.018530078,-0.008158315,0.004294089,0.006497506,-0.014913898,0.002096814,0.015290452,-0.001255307,-0.003264314,0.011195586,0.001533468,-4.96E-05,0.000516236,-0.001348829
/mnt/sdd/caltech_training_multiclass/train/007.Parakeet_Auklet/Parakeet_Auklet_0069_795936.jpg,6,-0.005806899,-0.002213406,0.003323956,0.006393689,0.008976146,0.001977329,-0.003008494,0.007836626,-0.006284561,0.00133928,-0.002932635,-0.011513518,-0.00811179,-0.010016967,0.012169868,-0.010089183,-0.006941015,-0.015635956,-0.000146247,0.004847559,-0.012751392,0.002418697,0.002621937,0.013243097,0.004477095,0.003091077,-0.000363915,0.002471237,0.001215939,0.017258286,0.008957579,0.000228586,0.008764436,-0.011324373,-0.00330478,0.012629151,-0.016661156,-0.017081622,-0.025373269,-0.00898725,-0.009847502,-0.02693819,0.003484494,0.000631506,0.006239157,0.00462733,0.009401692,-0.001988834,0.017104266,0.009688021,-0.010986387,-0.001132452,0.002794794,0.003692794,-0.005350493,0.000395353,-0.015160003,-0.017092455,-0.002950571,0.000637647,-0.004453251,-0.011359331,0.00083061,-8.18E-05,-0.011676108,-0.032332804,0.007429991,0.005541859,-0.00386805,-0.000200405,0.000135662,-0.007129566
/mnt/sdd/caltech_training_multiclass/train/007.Parakeet_Auklet/Parakeet_Auklet_0038_795935.jpg,6,-0.001723026,-0.00296243,0.000358332,-0.003848241,-0.0028828,-0.003172355,-0.004320312,-0.013096565,0.02402625,-0.000862891,-0.004971321,-0.006126931,-0.002253351,-0.000297879,-0.014037082,0.006892787,-0.001326571,-0.01923364,-0.015516317,-0.005632703,0.009288778,-0.005919254,0.007270697,-0.004418519,-0.002873353,-0.00557018,0.001487571,-0.011827398,-0.013342978,-0.001549602,-0.001056457,-0.009048857,-0.001016335,0.006301777,-0.004734383,0.007639671,-0.008384526,-0.007928655,-0.02039044,-0.011393627,-0.008917864,0.006916323,-0.021779817,0.000752525,-0.003436681,-0.00807066,0.017395627,0.010462175,-0.018354554,0.003011494,0.014832189,-0.007902651,0.011702759,-0.003127404,0.001095979,0.003936256,-0.032098725,-0.029579964,-0.022454597,-0.016811078,-0.006378005,-0.014852768,0.007996311,-0.016213108,-0.020524325,-0.027184248,0.009517761,0.003476377,-0.006151631,0.001820056,-1.54E-05,0.009759178
/mnt/sdd/caltech_training_multiclass/train/007.Parakeet_Auklet/Parakeet_Auklet_0055_795963.jpg,6,0.006381143,0.000194553,0.000705552,0.004055714,-0.008132323,-0.000884773,0.005331818,0.002335194,0.003114661,-0.003271967,0.002772211,0.007936562,0.012761191,0.002193071,0.011006987,0.004745752,0.002626299,0.006650658,0.005819731,0.012897096,0.000449042,0.009287767,0.005160715,0.002046832,-0.005719538,-0.003401818,-0.003721621,-0.015694154,0.003941681,0.015022906,0.00358385,-0.00205009,0.008444761,0.012025075,0.004620858,-0.002975864,0.007237409,0.001727821,-0.008298723,-0.012249414,-0.005698631,-0.012074389,-0.008637575,-0.002969847,-0.005358794,-0.012718301,0.011842104,-0.022777881,0.00086199,-0.004826258,0.003028071,0.012498226,0.015066946,-0.008560133,-0.015750509,-0.008228065,-0.007532098,-0.014716821,0.002753675,-0.012158848,-0.007723996,-0.004431801,0.013479838,-0.002137668,-0.008574586,-0.0304759,0.001680395,0.013040231,0.001374443,-0.004998406,-0.010328089,0.00951087
/mnt/sdd/caltech_training_multiclass/train/007.Parakeet_Auklet/Parakeet_Auklet_0072_795929.jpg,6,0.000420235,0.001097886,-0.002153888,-0.007612404,-0.011542903,-0.003523843,-0.000865379,3.37E-05,-0.012579336,-0.016127829,-0.002369263,-0.001782166,0.00119264,-0.01164956,-0.005232814,0.021050204,0.011235378,0.006657358,0.004613271,0.012259873,-0.013443985,-0.000479685,-0.001396553,0.000894112,-0.007367992,0.004582557,0.010721316,0.002950599,0.007244826,-0.003639863,0.005813322,0.011972726,0.005821976,-0.002013124,-0.002622934,0.002511881,-0.011323046,0.005194102,-0.011484502,-0.013655487,0.010402813,0.000381801,0.012275922,-0.014993215,0.005850706,0.012252789,0.020474738,0.006178873,0.003234509,0.020945229,-0.001709761,-0.003567242,0.011353122,0.025514577,0.012448868,0.00809261,0.001471532,0.01547508,0.012689445,0.025122095,0.022097811,-0.012778423,0.004900393,0.014367721,0.008931276,0.011193097,0.011018662,0.01928453,-0.009305013,-0.011206835,0.001590711,0.014731416
/mnt/sdd/caltech_training_multiclass/train/007.Parakeet_Auklet/Parakeet_Auklet_0067_795964.jpg,6,0.00462614,-0.002548225,-0.00164878,0.010240902,0.010156161,0.001168428,-0.001173726,-0.010050778,0.002022623,-0.004046331,-0.010179662,-0.017681986,-0.022171509,0.008255275,0.005102951,-0.004700399,-0.003014691,-0.016668918,-0.010774788,-0.010481875,-0.02625417,0.000409981,-0.002043958,-0.002391722,-0.002622522,-0.005001904,-0.000909782,-0.001111172,-0.004042093,0.005346309,0.000178687,-0.010548174,-0.002821453,-0.002632124,-0.016625369,0.007589065,-0.011496451,-0.024144137,-0.023379043,-0.011214351,-0.02218383,-0.017201938,-0.011964402,-0.015659207,-0.005900199,0.000628176,-0.01367503,-0.006615651,0.003111941,-0.008307278,-0.013037944,-0.00788535,0.010021761,-0.023371827,-0.026612034,-0.010821658,-0.0249588,-0.007197276,-0.003673259,-0.007104526,0.005509684,-0.008920928,0.009959137,-0.018765897,-0.001742126,-0.014804097,0.00322523,-0.011030481,0.008773773,0.011326412,0.012760442,-0.000369004
/mnt/sdd/caltech_training_multiclass/train/007.Parakeet_Auklet/Parakeet_Auklet_0031_795960.jpg,6,-0.002067777,-0.000660224,0.002378311,0.002999858,0.00405787,0.003449656,0.007495836,0.010945516,-0.010994892,0.000750802,0.006918239,-0.004475719,-0.005761427,-0.004522564,0.005930811,-0.003202159,-0.007775405,0.00033933,-0.004051474,-0.007297752,-0.011628302,-0.00097165,0.006402751,0.005072919,0.004145925,0.003025003,-0.00502184,0.005495172,0.007987492,0.001001215,-0.01124787,-0.011949454,-0.022329077,0.003850204,0.021828942,0.00843237,-0.004859366,-0.032330826,-0.04792674,-0.032141767,-0.016979335,-0.002166013,-0.010323529,-0.012129955,-0.00477753,-0.005196808,0.02507788,-0.005542377,-0.008335932,-0.00565331,0.007693608,0.003162145,0.00721798,-0.018915799,-0.023446754,-0.020709276,-0.006371054,-0.003314216,-0.007855188,-0.015485331,0.003340602,-0.007191329,-0.001011374,0.00782996,-0.001230264,-0.018801581,0.001913437,-0.013122385,-0.01602275,-0.002006898,0.010322498,0.006071328
/mnt/sdd/caltech_training_multiclass/train/007.Parakeet_Auklet/Parakeet_Auklet_0042_795961.jpg,6,-0.003371782,-0.003674214,-0.001344025,-0.010108666,-0.007741908,-0.003861717,-0.006059548,-0.008061172,0.003123499,0.001915211,-0.009886002,-0.004170976,0.002437969,-0.012454901,-0.012954774,-0.02741687,-0.019285891,0.013229066,0.01884791,0.013680657,-0.003861108,-0.002184964,0.013053545,0.015671458,-0.00951512,-0.008279974,-2.72E-05,-0.009071183,0.006399035,-0.008239329,0.006068571,0.019650184,-0.010390263,0.001209952,-0.006141714,-0.011529213,-0.012292024,-0.000816301,0.00177041,-0.010339942,-0.003386156,0.001007571,0.017546128,-0.006106843,0.00985142,-0.011828387,-0.021944955,-0.004347098,0.00879821,-0.014996756,-0.01906111,0.005236148,0.006354884,0.015255926,0.023568653,0.017169267,0.002313841,0.008420834,0.0159406,0.003980628,0.014844243,-0.00262473,0.01411813,0.018532678,0.011212315,-0.000188418,0.00740843,-0.00136439,0.016739853,0.006914331,-0.002465779,0.003099265
/mnt/sdd/caltech_training_multiclass/train/007.Parakeet_Auklet/Parakeet_Auklet_0039_795955.jpg,6,-0.000812835,0.001273252,0.002820171,-0.00136525,0.001926423,0.001339104,0.001233204,-0.006846004,0.008740412,-0.004075148,-0.001154805,-0.003403612,-0.006328757,-0.005664901,-0.001992407,-0.009768007,-0.001715376,0.002258654,0.001775179,0.002718198,-0.006309447,-0.002285866,-0.012730347,0.001289213,0.003671164,-0.002132659,0.004938084,0.007596648,0.001028739,-0.002052966,0.004308576,-0.000407384,0.016822385,0.000482143,-0.003638875,-0.001627202,0.004969582,0.010156791,-0.008459074,-0.000862366,-0.005922435,-0.003040888,-0.000285092,-0.018419664,-0.000592592,-0.006748262,-0.004520665,0.006244336,-0.003444342,0.000416246,0.005772832,0.005358397,0.014184981,0.00497302,0.005193293,0.004348537,-0.033071946,-0.009154137,-0.007835422,-0.002751797,-0.002147294,0.013590458,0.005647274,0.011447514,0.0026702,0.000333605,-0.008827938,0.000226387,0.006541828,0.006590535,0.000857879,0.004398509
/mnt/sdd/caltech_training_multiclass/train/007.Parakeet_Auklet/Parakeet_Auklet_0062_795958.jpg,6,-0.004572139,-0.004021044,-0.004386162,0.002156641,-0.004874464,0.000466216,-0.007697557,-0.019860812,-0.012158451,0.001402884,-0.008174153,-0.002510496,-0.001120751,0.008706361,-0.004703716,0.007069034,0.005913379,-0.003430808,-0.01128776,-0.011595969,-0.001519683,0.018221058,-0.007236009,-0.00348009,-0.003392784,0.003891671,-0.003107904,-0.011543758,0.001129853,0.003030458,-0.003913184,-0.004548525,0.003698104,0.007364564,-0.00490997,-0.006443706,-0.002800187,-0.003496992,-0.004695714,-0.03165296,-0.029403131,0.00448693,-0.012611194,-0.012247504,0.00529479,0.002213653,-0.015003699,-0.011918515,-0.02764878,-0.031062407,-0.010615789,0.00891576,0.01712139,-0.034286186,-0.03028412,-0.021609467,-0.004159657,-0.019307371,-0.010790257,-0.022494372,-0.023183744,-0.014272358,-0.003474068,-0.023632504,-0.021095315,-0.050596632,-0.004694112,-0.007811779,0.012949919,-0.000592172,0.006904579,0.010450129
/mnt/sdd/caltech_training_multiclass/train/007.Parakeet_Auklet/Parakeet_Auklet_0013_795970.jpg,6,0.000317089,-0.003417843,-0.006022515,-0.011178725,-0.004978456,-0.003210624,-0.006921166,0.000622547,-0.009680497,-0.010103839,0.002936011,0.002528244,-0.00083755,-0.001694026,-0.001265043,-0.008740874,-0.000189285,-0.004855034,-0.000813812,0.005022745,0.015487079,0.000682602,0.002613209,0.008077799,-0.010230241,0.005413075,-0.006348583,0.012896797,0.010079032,0.008292053,-0.002837407,0.000742627,0.001813965,0.014906119,0.010700215,0.001987126,-0.001382423,0.014811097,0.011500903,0.014572021,0.012310788,0.005632453,0.016430732,0.001842393,0.014097662,0.01351757,-0.027503911,-0.010051806,-0.023611385,-0.005728652,0.000338117,0.014349366,0.021564927,0.01847711,0.011880264,-0.000628987,0.02187383,-0.003435804,0.015265948,0.024675855,0.025353182,-0.001288831,0.021495428,0.005926318,0.00931097,0.015826754,0.00672053,0.002438014,-0.002870194,-0.005499949,-0.00306171,0.002739414
/mnt/sdd/caltech_training_multiclass/train/007.Parakeet_Auklet/Parakeet_Auklet_0026_795962.jpg,6,-0.001994081,0.00011026,-0.002041834,-0.00488214,-0.000975084,-0.000800201,-0.007314852,0.000825721,-0.013949494,-0.022151943,0.002236306,0.000441545,-0.008642918,-0.030048573,-0.004107872,0.006881865,0.00130928,-0.00542198,-0.014241114,-0.002222231,-0.020944763,-0.012156631,-0.000608999,0.004894624,-0.011512038,-0.014044696,-0.001441242,0.002474285,0.010854249,0.014618596,0.004011113,0.00865009,-0.01478813,-0.006176202,-0.023477841,-0.009072855,0.015532909,-0.004257621,0.010066494,-0.020687994,-0.006176276,-0.001934425,0.015453558,-0.006146312,-0.008801468,-0.005512138,-0.045267746,-0.038919944,-0.021953605,-0.024761051,-0.001648315,-0.010562574,0.007962838,-0.006346359,-0.005693347,-0.008088335,-0.018726895,-0.026196532,-0.035985313,0.004399313,0.004931651,0.00980527,-0.0023076,0.006278309,0.013453335,-0.006261198,-0.001820906,-0.004797935,-0.011499165,-0.00930928,0.003202332,0.006027319
/mnt/sdd/caltech_training_multiclass/train/007.Parakeet_Auklet/Parakeet_Auklet_0008_795992.jpg,6,-0.000752247,0.001577612,-0.001990742,-0.00456821,-0.00062783,0.001985142,-0.021950534,-0.02095462,0.003797195,-0.001660773,-0.015740026,-0.019612003,-0.025166165,-0.027570758,-0.01411556,-0.008263933,-0.000683636,-0.013412643,-0.011469052,-0.008233953,-0.01540661,0.009237487,-0.01520402,-0.010807909,-0.001379901,-0.010949399,-0.007140972,-0.026353486,-0.009777801,-0.000757702,0.000117858,-0.00116377,-0.021202903,-0.006657317,-0.016251203,-0.003721013,-0.009169688,-0.04202093,-0.044328727,-0.044875234,-0.01989856,-0.018345932,-0.016739521,-0.022337869,-0.009337092,-0.013318425,0.003858593,-0.008253391,-0.005844006,0.001976396,0.0058065,0.003775595,-0.011879851,-0.009587766,-0.004228662,0.002165368,-0.007176774,-0.007266513,0.003151018,-0.005172085,-0.007706368,-0.024165425,-0.004612763,-0.00515102,-0.007986859,-0.017493779,-0.009514861,-0.0183984,0.001058738,-0.003234062,0.011023216,-0.007597296
/mnt/sdd/caltech_training_multiclass/train/007.Parakeet_Auklet/Parakeet_Auklet_0036_795943.jpg,6,-0.005343115,-0.00835296,-0.008872194,-0.009794533,-0.015669243,-0.00468451,-0.0198353,-0.013073677,-0.039139442,-0.024702253,0.009301109,0.003603112,-0.001286551,-0.014532269,-0.015900092,-0.02886281,-0.009107634,0.005253203,0.012297982,-0.000594906,-0.02036276,-0.002225046,-0.011884695,7.86E-05,-0.01042131,-0.021029543,-0.014356917,0.000306892,-0.012990551,0.002102838,0.014365401,0.02419364,-0.00517078,0.009946309,0.001099182,0.011883801,-0.002725103,0.011406682,-0.021079097,-0.001926812,-0.000303156,-0.002256655,0.001429535,0.003669162,0.007057212,-0.004164852,-0.01725879,-0.013730591,-0.013563763,-0.002284847,-0.007116799,0.007283324,0.013322972,0.014423335,0.002681318,-0.00770715,-0.028148765,-0.029557157,-0.009468953,-0.001502242,-0.000343879,0.017577838,0.004657184,-0.012441628,-0.010780602,-0.013166506,0.013205635,0.009718454,0.006345979,0.010435775,-0.001483699,0.01065232
/mnt/sdd/caltech_training_multiclass/train/007.Parakeet_Auklet/Parakeet_Auklet_0075_795981.jpg,6,-0.001920707,-0.00116767,-0.002400365,-0.004726644,-0.002330481,-0.002231035,-0.008970104,0.002032573,0.01000954,-0.000314337,-0.009380102,-0.006369575,-0.00544411,0.008220996,-0.007375839,-0.012196768,-0.005810694,0.003948045,0.008150935,0.003675432,-0.002487636,0.013568392,-0.008199047,-0.008611519,-0.009375041,0.00019381,-0.000263857,-0.009823257,0.006313251,0.000302251,-0.001141471,0.0084661,0.002501964,0.007087551,-0.005301349,-0.00428991,-0.01995917,-0.032445982,-0.035755552,-0.029562395,-0.009810575,-0.00589763,-0.009880748,0.000795219,0.005445994,-0.00365038,-0.005975614,-0.001289982,0.003784361,-0.013847728,-0.009573106,-0.003884148,0.010767512,0.004821286,0.00791011,9.73E-06,-0.006791438,-0.013676584,-0.027628738,-0.012352517,-0.007768439,-0.002410558,-0.016580012,0.013396628,0.00539449,0.006479053,-0.00707055,-0.001896955,-0.010170407,-0.006359496,-0.003427337,0.007529337
/mnt/sdd/caltech_training_multiclass/train/008.Rhinoceros_Auklet/Rhinoceros_Auklet_0008_797531.jpg,7,0.000675257,8.61E-05,0.001384198,0.000998407,0.002387934,0.001117805,0.007500055,-0.005323585,0.010587836,0.002524946,-4.89E-05,0.003587163,-0.001216622,0.015127178,0.007049569,0.005200948,0.002751323,0.002281989,-0.005772648,-0.002924105,-0.005250131,-0.003151935,-0.001000324,0.004635125,-0.000557697,0.000580595,-0.006551227,0.003248508,-0.002850383,0.013567121,-0.000221489,0.020171437,0.003767153,0.00615793,0.009490812,-0.003303382,0.023423329,0.001059188,0.015664719,0.016687002,-0.003398681,0.01013526,0.028817147,-0.011345426,0.009325963,0.014791233,-0.000622079,-0.008946827,0.012709394,0.001714673,0.013546104,0.003952328,0.024496816,0.003501975,0.00038553,0.005247078,-0.014507561,-0.02532981,-0.00351454,0.001232211,-0.008695785,0.013963788,0.020219369,0.016252164,0.00937018,0.005165471,-0.006858455,-0.005865663,-0.00872384,0.002299176,0.012299247,0.01682782
/mnt/sdd/caltech_training_multiclass/train/008.Rhinoceros_Auklet/Rhinoceros_Auklet_0049_797543.jpg,7,-0.002606649,-0.001804613,8.17E-05,-0.003120375,-0.004923402,-0.000556024,0.014731065,0.015727052,-0.007935917,-0.000995081,0.003268171,0.005561288,0.001584296,0.003884382,0.018560262,0.014527267,0.002287939,0.005205385,-0.006049546,-0.000473669,0.004341187,-0.004472649,-0.007361458,-0.003077836,0.004986739,0.010387937,0.000895569,-0.005799684,-0.001048496,-0.000396198,0.006471047,0.029967325,0.010658031,-0.008966113,-0.000113427,0.001265726,0.02153648,0.026370872,0.017625008,0.011303553,0.007286642,-0.013198706,0.018482532,-0.002201607,-0.013759577,-0.001392734,-0.023440313,-0.04033444,-0.035202958,-0.046722207,-0.02325596,-0.005998702,0.01844207,0.006836894,-0.007284843,0.007511739,-0.017710209,-0.015365543,-0.007408537,0.008496694,0.01799548,-0.002458419,0.011244239,0.018334705,0.010343874,0.019155815,-0.015823066,-0.006299762,-0.003595323,-0.009590713,0.006914576,0.009054269
/mnt/sdd/caltech_training_multiclass/train/008.Rhinoceros_Auklet/Rhinoceros_Auklet_0032_797516.jpg,7,-0.000732148,-0.000968762,-0.004578652,-0.005567715,-0.005962435,0.000589732,0.009859182,0.00816579,0.000735081,-0.000157483,0.009217567,0.005695223,0.005775705,-0.011887155,0.00871028,0.012251191,0.008443086,0.000161755,0.003975319,-0.001792339,0.01979307,0.016328478,0.008154692,0.00134426,-0.020006515,-0.012009045,0.000338389,0.009736925,0.011644517,-0.008097606,0.008093799,0.000522525,-0.001882606,-0.006156802,0.008046373,-0.004933838,0.010606693,0.007612507,0.007766888,0.011499403,-0.001432373,0.001062208,-0.002696318,0.000614486,-0.016711134,-0.011297803,-0.013734726,-0.020215508,-0.01484617,-0.025293078,-0.000381308,0.014570211,-0.008064348,-0.021553095,-0.017106213,-0.008298098,0.012487516,0.004875656,0.001303346,0.007731942,-0.010096481,-0.008079226,0.002277456,-0.008799126,-0.005669562,0.008037033,0.001086752,-0.011069261,-0.008620082,-0.002098931,3.86E-05,0.000617004
/mnt/sdd/caltech_training_multiclass/train/008.Rhinoceros_Auklet/Rhinoceros_Auklet_0043_2096.jpg,7,0.001230285,0.00209394,0.002616724,0.004525867,0.001222514,-0.000347884,0.00211395,0.000209839,-0.013779505,-0.001675394,-0.003650436,-0.000289472,0.001383715,0.016070276,0.00698286,0.004766964,0.002952454,0.014180351,0.00481091,-0.003223172,-0.000657819,0.005843895,-0.006455143,0.001573043,-0.000540153,0.005373516,0.000963492,-0.004838267,-0.004219765,-0.005429457,-0.003135148,-0.006733783,0.006617006,-0.000302277,0.007822882,0.001657925,-0.022465423,-0.011552888,-0.020763716,-0.039093487,-0.021907939,0.015341656,-0.001774102,0.002080004,-0.014536761,-0.001437876,0.007603603,0.013669318,-0.002546094,0.007801287,0.016282545,-0.002109684,0.003958192,0.009387957,0.006906445,0.006099186,-0.012023767,-0.009573424,0.008589624,0.009748977,-0.000484744,-0.003026469,0.021032222,-0.004782261,0.002498328,-0.007731678,0.020050354,0.000262976,0.003188729,-0.003048171,0.009266344,0.003859916
/mnt/sdd/caltech_training_multiclass/train/008.Rhinoceros_Auklet/Rhinoceros_Auklet_0042_2101.jpg,7,-0.000256358,0.002271635,0.000854097,0.006746481,0.0048679,0.000507858,0.002379837,0.00688631,-0.003020319,0.003379459,0.005295096,0.004330709,0.000112123,0.004435705,0.002368664,0.026070658,0.013183886,-0.005222991,-0.001014798,-0.004555482,0.01184103,0.006755489,0.002006267,-0.005222336,0.00305802,0.000168446,0.001914368,-0.000128311,0.00175158,-0.003129774,-0.003938981,-0.015267654,-0.007758055,0.005490319,0.000139327,-0.002390449,0.015112985,0.023836374,0.014936199,0.008441292,0.004962231,0.015939483,-0.000618876,-0.008704814,-0.009808835,0.005490287,0.02811454,0.010866027,0.022624275,0.012934916,0.024824835,0.004117426,-0.000789525,-0.009757437,0.00032042,-0.002032502,0.021280408,0.021283427,0.023518182,0.004522968,0.010645483,-0.00719064,0.022861889,-0.034607198,-0.015509611,-0.015464002,-0.005737232,-0.007355827,-0.018620722,-0.022554142,-0.00979925,0.017421752
/mnt/sdd/caltech_training_multiclass/train/008.Rhinoceros_Auklet/Rhinoceros_Auklet_0004_797541.jpg,7,0.000256033,0.004774355,0.002499249,0.00122511,0.003216489,-0.001122447,0.017355224,0.017468493,0.002081698,-0.011630609,0.003171735,0.004954,-0.005341805,0.017927501,0.023140488,0.001140623,-0.001612712,-0.003646325,-0.007387239,0.001327326,-4.00E-05,0.009168106,0.008971954,0.002891925,0.000319824,0.011989836,0.002783038,-0.000608291,0.005067884,0.006057237,-0.002873766,-0.008959672,0.000708668,-0.009707203,-0.004427409,-0.000754842,-0.019035302,-0.015947685,-0.009612789,-0.013391666,-0.002382529,0.013152947,0.004887021,-0.002081011,0.002788441,0.000698941,0.003098645,-0.017164817,-0.015999204,-0.029415533,-0.016898753,0.004760728,0.006937544,-0.00719644,-0.007737023,-0.002259761,0.004009427,0.001706042,-0.000968407,0.004744095,0.003307725,0.004962607,0.006145508,0.002659174,0.008183338,-0.010228338,0.000153249,-0.007970149,-0.001496813,-0.002108185,0.000326341,0.011327606
/mnt/sdd/caltech_training_multiclass/train/008.Rhinoceros_Auklet/Rhinoceros_Auklet_0037_797499.jpg,7,4.14E-05,0.000618807,0.000294933,0.014470405,0.006681725,0.004484247,0.005069638,-0.000534097,-0.002775399,-0.002795459,-0.001083394,0.004626205,0.00075922,0.0216164,-0.002419549,0.014220155,0.001132658,-0.006368403,0.006832945,0.016663091,-0.00404008,-0.000280129,0.003901405,-0.002830039,-0.003607726,0.007630411,-3.45E-05,0.002763553,0.00523704,-0.00109861,-0.00576424,0.00662945,-0.006669076,0.006944207,0.015092405,0.007013468,0.005350178,-0.005456177,0.003700844,0.003557267,0.010111319,0.010830896,0.017113354,0.010421814,-0.007840974,-0.007367739,-0.010300234,0.003151425,0.003213514,-0.005605408,-0.003942077,0.005803825,-0.000557676,0.010314656,-0.003997371,-0.000238101,-0.015783895,-0.018180106,-0.012606227,0.00231532,0.000234124,0.018970877,-2.94E-05,0.010479935,0.00527654,0.007712495,0.005409619,-0.000528043,0.009075843,-0.000844323,0.00174796,-0.006244643
/mnt/sdd/caltech_training_multiclass/train/008.Rhinoceros_Auklet/Rhinoceros_Auklet_0012_2161.jpg,7,0.001046526,0.000195024,0.001383851,0.003524678,0.002080569,0.002767939,0.018462572,0.027365282,-0.01912883,-0.010741706,0.002023706,0.001608269,-0.000644485,0.005112437,0.004434478,-0.00642904,-0.006963105,0.002689297,0.003677228,0.001802968,0.011077085,0.015368738,-0.013317765,-0.010772194,0.00037594,-0.000766282,-0.00385084,0.001489784,0.004230592,0.005182741,-0.00795573,-0.013883089,0.008172097,-0.016695123,-0.007578045,0.003087097,0.001938979,0.025214806,0.014650453,-0.000978829,0.003600755,0.026262954,0.032238238,-0.005148672,0.023945436,0.003838087,-0.011820651,-0.008912783,-0.02168359,-0.021165542,-0.00833182,0.004815631,0.018930838,0.009473726,0.014753927,0.006812728,-0.004087275,-0.00523304,0.000993885,0.002870044,0.00947631,0.014174705,0.022261538,0.033270158,0.026583951,0.008705001,0.012156619,-0.00075489,0.01342438,-0.003279197,0.007895995,0.020581894
/mnt/sdd/caltech_training_multiclass/train/008.Rhinoceros_Auklet/Rhinoceros_Auklet_0046_797532.jpg,7,-0.000304499,-0.002725706,0.000495146,-0.008341804,-0.013018176,-0.00220069,-0.002454114,-0.003712421,0.00610591,0.00930005,0.007090263,0.009614483,-0.00317167,-0.0507497,-0.004445041,-0.009164371,0.00487049,-0.012668834,-0.009826059,-0.007381681,-0.007568944,0.001161314,-0.004511753,-0.010726083,-0.007161717,-0.01039912,0.002293714,-0.008135881,-0.001199726,0.000560742,-0.002621708,-0.004367753,-0.009292531,-0.008413086,-0.018850636,-0.016949773,-0.001684803,-0.001443556,-0.021015622,-0.009728345,-0.009862388,0.001479427,-0.009242229,-0.022673886,-0.013603347,0.006523145,-0.006875661,-0.000393407,0.008292079,-0.000394859,-0.006994166,0.006725209,-0.001134662,0.002762192,-0.001952614,0.001476222,-0.00801056,-0.015506385,-0.020134507,0.00144075,0.003799233,-0.009209636,0.004960943,-0.012701908,-0.010168058,-0.006055616,0.021243852,-0.001332907,0.019752605,0.010278743,0.011212887,0.005896552
/mnt/sdd/caltech_training_multiclass/train/008.Rhinoceros_Auklet/Rhinoceros_Auklet_0009_797539.jpg,7,0.000604562,-0.003360635,-0.001454478,0.008042567,0.010456264,0.000743267,0.011371487,0.022533525,-0.003644778,-0.007114442,0.010820963,0.010138349,0.008893672,0.021724988,0.026418041,0.02887372,0.016316269,0.009446537,0.000447928,0.005044246,0.004118112,0.019026645,0.012707379,0.007397851,0.00435172,-0.004797941,-0.00150302,0.009088499,0.003310642,-0.00284681,0.007811011,0.009871948,0.012779035,0.019305944,0.014208978,0.007753141,0.027788635,0.006735816,0.005811148,-0.004833182,0.017212117,0.00576991,0.022443976,0.011015207,-0.005533552,0.000545257,-0.018935405,-0.011967962,0.004281399,0.010737311,-0.01438848,-0.011589304,0.031305205,0.001661048,-0.011941355,0.000569787,-0.008398275,-0.017847564,-0.009702919,0.00546026,0.010346945,0.003813122,0.012229255,0.01456886,0.003668967,0.011739293,0.001778853,0.014048624,0.00042722,0.002223805,0.027901608,0.028401833
/mnt/sdd/caltech_training_multiclass/train/008.Rhinoceros_Auklet/Rhinoceros_Auklet_0050_797534.jpg,7,0.001603417,-0.00076064,-0.00105999,-0.00188548,0.001096563,0.003365004,0.002777553,0.001506746,0.000203749,-0.001338191,0.000515008,0.006901948,0.001428176,-0.007391182,0.02693547,0.008182341,-0.001234209,-0.012505082,-0.013323487,-0.004065859,0.01401308,0.013138729,-0.000157499,-0.00302782,0.006445798,0.008320548,0.016222164,-5.70E-05,0.013432402,-0.000802173,-0.008964371,-0.021741437,-0.00196896,-0.00483061,-0.003137566,-0.012300484,0.020868775,0.002398,0.006898189,-0.005282491,0.000942094,0.009397659,0.010097909,-0.002669002,-0.003281296,-0.005699943,0.00490302,-0.001655601,0.003681765,-0.003293008,0.001619816,-0.014128597,0.003212216,-0.018471517,-0.01630936,-0.008254575,-0.006017281,0.000142995,-0.003695543,-0.003562319,-0.003972503,0.013482876,-0.002203475,0.015077855,0.00700849,-0.006366152,6.42E-05,0.001957175,0.010986957,0.005331501,0.005983219,0.005536094
/mnt/sdd/caltech_training_multiclass/train/008.Rhinoceros_Auklet/Rhinoceros_Auklet_0029_797520.jpg,7,-0.000739822,0.001210339,0.000130568,-0.00011146,-0.002269208,-0.0016569,-0.005238159,-0.006783888,-0.000278684,-0.00041161,0.004771524,0.002993722,-0.007864733,0.00706729,-0.009515401,-0.012709998,-0.006877026,0.005132821,0.006411317,0.008170188,-0.005976457,-0.007854308,-0.006283734,-0.000588096,-0.003779758,-0.005126286,0.003843805,-0.008090209,0.000850759,-0.006096045,-0.012990762,-0.008800447,-0.001276841,-0.007150676,0.000394512,-0.006407476,-0.015903128,-0.041009314,-0.03985524,-0.005432819,-0.012471505,0.005112859,0.015937373,-0.03000435,-0.013531036,-0.006927028,0.008651328,-0.015182432,0.003918076,0.012284977,-0.00317867,0.015559323,0.02048751,0.004896587,0.004989148,-0.007123536,0.006659551,0.002041517,0.007490736,0.00831477,0.017867813,0.009901829,0.009355433,0.006754263,-0.011255337,-0.016684638,0.010508918,0.006647279,-0.001034151,-0.003406867,-0.011378037,0.008610497
/mnt/sdd/caltech_training_multiclass/train/008.Rhinoceros_Auklet/Rhinoceros_Auklet_0048_2162.jpg,7,0.002849869,0.00109746,-0.00319282,-0.00097925,-0.002483459,-0.001839328,0.007435377,0.00192753,0.00470004,-0.002277901,0.001300414,0.00532371,-0.00785274,0.001419405,0.008379549,-0.001552298,0.00117835,-0.002657112,-0.005662853,-0.00097787,0.00563453,0.002918447,-0.013387831,0.006843222,-0.030699292,-0.003054112,-0.008098539,0.014956545,0.009725969,-0.004153477,-0.008239377,-0.018926747,0.004562292,-0.001510248,-0.001567106,-0.003869904,0.012592738,-0.004577433,-0.000122396,-0.017274052,-0.004515747,0.004621258,0.011573522,-0.005880156,-0.010396175,-0.004817674,-0.013931123,-0.02338706,-0.005179577,-0.036472447,0.005848491,0.008267207,0.001347727,-1.97E-05,0.004351464,-0.006557412,0.008631036,-0.001108999,0.004963308,0.002851885,0.01216941,0.01276793,0.003607453,0.001381245,-0.010804676,0.005481195,0.011082213,-0.001479607,0.014338783,0.000588128,0.004986594,0.006612899
/mnt/sdd/caltech_training_multiclass/train/008.Rhinoceros_Auklet/Rhinoceros_Auklet_0041_797515.jpg,7,0.001473769,0.001747656,0.000338047,0.000715383,-0.000119009,8.43E-05,0.000118651,-0.008763542,0.02107139,0.00610073,0.010403273,-0.00321803,-0.013210901,-0.016788336,0.005980386,0.001138294,0.011728618,-0.005000648,-0.00504134,-0.001447929,0.011934805,-0.007634129,-0.000291345,-0.008243985,-0.002125242,-0.013369717,-0.006692017,0.005304552,-0.003173575,-0.001060894,-0.00242254,-8.68E-05,-0.014928998,-0.01909494,-0.014307513,-0.01637189,0.007679991,0.015560328,0.030696051,0.045726735,0.012896817,-0.003781876,-0.002188201,0.019471793,0.010269265,0.014877388,-0.00508439,-0.011402965,-0.005310036,0.01280161,-0.004518793,0.002132489,0.004297509,-0.012519732,-0.006930232,-0.004980127,0.017574083,0.007627897,-0.000625292,0.002986624,-0.001649345,-0.015464349,0.014350085,-0.02272816,-0.005682586,-0.013907875,0.001342674,-0.008540466,-0.010100635,0.020988077,0.005460932,-0.00323305
/mnt/sdd/caltech_training_multiclass/train/008.Rhinoceros_Auklet/Rhinoceros_Auklet_0026_797519.jpg,7,0.002740835,-0.00100312,0.000903008,0.003522314,0.003415504,0.000838064,-0.003714573,-0.003161828,0.005990706,0.005789741,-0.005484127,-0.000467847,0.002214751,-0.004292186,0.014072225,-0.004482199,-0.005814471,0.001397292,0.012868419,0.010599664,-0.004200732,0.00481074,-0.003322111,0.01376339,-0.007199273,-0.003942257,-0.016968932,0.00190609,0.002641968,-0.000366225,-0.008406418,0.002643301,0.006854493,-0.000362521,0.018293101,-0.011102183,0.03689301,0.042617932,0.028908148,0.033140775,0.007426863,0.00813609,0.010358952,0.004948975,-0.002438459,0.007385032,0.023387745,0.012565872,0.019149203,0.00533755,0.016261104,-0.010280074,0.009713104,-4.96E-05,0.002748573,0.01156271,-0.013080996,-0.018694228,0.001754432,0.01649582,0.011182092,0.005108582,0.01429804,0.00314478,-0.005247254,-0.001260961,0.011336058,0.003757797,0.004378461,0.019792203,0.016563665,0.017088335
/mnt/sdd/caltech_training_multiclass/train/008.Rhinoceros_Auklet/Rhinoceros_Auklet_0024_797529.jpg,7,-0.003888525,-0.004902569,-0.003153203,-0.001445334,-0.001828153,0.00019021,0.014523192,0.021233894,0.010269662,0.006793387,0.003169235,0.000712288,-0.001271872,-0.008991975,0.018602973,-0.003032667,-0.006547188,0.01308378,0.001580552,0.006568933,0.000914807,0.015770499,0.015873993,0.019174883,0.009549187,0.007299446,0.00803094,-0.000224079,0.003857011,0.0056886,0.014166326,0.031591665,0.023747444,0.009360928,-0.008184912,0.002339907,-0.04573957,-0.005627577,-0.012880029,-0.009349205,-0.011268643,0.021622054,0.019290932,0.02388135,0.018596247,0.013913952,0.024273532,0.014363618,0.023780452,0.041301902,0.023508389,-0.002298252,0.016821314,-0.006540109,-0.003916548,0.017406216,0.02923548,0.024597425,0.023818206,0.027907457,0.018053591,0.000331745,0.004804308,0.000265739,-0.009084879,-0.002571419,0.016708065,0.013894624,0.026976533,0.024883404,0.010384292,0.002286658
/mnt/sdd/caltech_training_multiclass/train/008.Rhinoceros_Auklet/Rhinoceros_Auklet_0007_797521.jpg,7,-0.001836421,0.003108508,-2.33E-05,-0.006824968,-0.00316195,-0.000763153,-0.003698887,-0.00543933,-0.011681492,-0.01688584,0.002961394,-0.00920777,-0.007925928,0.022789154,0.011519657,-0.002449895,-0.000898883,-0.003711037,-0.004189887,0.006275809,-0.000276055,0.001264348,0.007761654,0.008350038,0.003409806,-0.005272493,-0.009017179,0.009630829,0.004821293,0.007212949,-0.00302077,-0.014648225,0.00483248,-0.024124864,-0.003114559,-0.01046925,0.001070153,-0.001080125,0.012351954,0.006954785,-0.003833637,0.00710123,0.012467783,-0.003903791,-0.013235411,-0.004331579,-0.001329522,-0.011989179,0.007156199,0.019653,0.006699401,-0.000732128,0.01717937,-0.001846512,-0.010219596,-0.002068451,-0.02396725,-0.010782578,0.00476407,0.006252846,0.004501513,0.012497399,0.026866384,0.007085207,0.004925517,-0.003218723,0.013562431,0.003327844,0.012161659,0.012659636,0.010992341,0.008011987
/mnt/sdd/caltech_training_multiclass/train/008.Rhinoceros_Auklet/Rhinoceros_Auklet_0034_797497.jpg,7,-0.001083037,-0.002480304,-0.002369511,-0.016800147,-0.016257247,-0.006214115,-0.01581556,-0.024338674,-0.008894501,-0.004279962,-0.00170676,-0.005071615,-0.016736787,-0.000706743,-0.0278868,-0.019911524,-0.010397486,0.00133829,-0.005924564,0.00671524,-0.019172028,-0.016808573,0.0149716,0.001841296,0.00266587,-0.004117019,-0.006714874,-0.0292277,-0.001781377,0.017204586,0.006732367,0.019366523,-0.022353757,0.014160791,0.013270863,0.001947713,-0.025917288,-0.016456915,-0.017640524,-0.028189525,-0.02938666,-0.019668322,0.005051015,-0.007826958,-5.28E-05,-0.002542669,0.007864269,0.002794045,0.007237108,0.002340956,0.005270341,-0.02952352,-0.012803777,0.007550787,0.004574051,-0.008369243,-0.001330208,-0.000459249,0.010018684,0.007788518,0.002894,-0.011160868,-0.008513061,0.015769018,0.008796516,0.010183637,-0.006984431,0.001678182,-0.007900083,-0.016573008,-0.01645343,-0.005877232
/mnt/sdd/caltech_training_multiclass/train/008.Rhinoceros_Auklet/Rhinoceros_Auklet_0010_797545.jpg,7,-0.00449875,0.001392084,0.00223911,-0.014249131,-0.00877264,-0.003635874,-0.014646391,-0.01697145,-0.000893039,0.002109513,0.003802841,0.005219656,-0.00314382,-0.017098634,0.002469146,-0.005729074,-0.00408615,-0.03144902,-0.007916302,-0.009990539,0.015286999,-0.006963208,-0.00550297,-0.01275564,0.004139703,0.002095224,-0.0008091,-0.003011431,0.003941543,0.000292869,0.019718582,0.012566168,-0.001952397,-0.00422843,-0.012606519,-0.006194249,0.000332737,-0.010079336,0.011776911,0.017271278,-0.0027408,0.011415131,-0.002457092,-0.000372821,0.002174055,-0.002253643,0.02569765,0.007516874,0.025752163,-0.001419797,-0.010693287,0.008077101,-0.005350247,-0.001564562,0.000807113,-0.000552034,0.01539275,-0.016441956,0.000656213,-0.008826464,0.005053528,0.009884255,0.000169305,-0.000161661,-0.008871658,-0.01412561,-0.011637276,-0.010751794,-0.00331419,-0.014016839,-5.47E-05,-0.004249143
/mnt/sdd/caltech_training_multiclass/train/008.Rhinoceros_Auklet/Rhinoceros_Auklet_0006_797512.jpg,7,-3.73E-05,-0.000365808,0.004167339,-0.002319722,0.00101788,-0.001231151,0.012380963,0.016788859,-0.010166626,-0.000620255,0.002509268,0.001086129,-0.004155723,-0.012481142,0.001591339,-0.006698716,-0.010343174,0.009430486,0.006684007,-0.008838796,-0.012658827,-0.003786796,-0.011565961,0.010353427,0.016199553,0.00516677,-0.008405569,-0.017953303,0.000253931,-0.007436092,-0.011376917,-0.001931819,0.00997941,0.00612644,0.008537332,0.010118143,-0.030784732,-0.027592778,0.000172254,-0.051495157,-0.023545023,0.005880443,0.005886908,0.009756494,-0.00042809,0.00813728,0.016779581,0.003872723,0.017456295,-0.010820154,-0.008104417,-0.015538311,0.007909257,-0.003790296,-0.008378833,-0.015147366,0.001601931,-0.00540069,-0.008629531,0.00162063,0.004606057,-0.015369304,-0.002081513,0.015391602,0.005967983,0.000748105,0.002215954,-0.004656509,-0.015000826,-0.002543526,-0.004375668,0.006078315
/mnt/sdd/caltech_training_multiclass/train/008.Rhinoceros_Auklet/Rhinoceros_Auklet_0031_797518.jpg,7,0.001696398,-0.000195472,-0.000111185,-0.000770208,-0.004595481,0.000596804,0.012465285,0.01447034,-0.007268688,-0.001234581,0.015242941,0.005506647,-0.006210109,-0.001569619,0.020884112,-0.008511384,0.000399129,0.000178981,0.004418194,-0.001015406,0.009948812,0.007372474,0.008358043,0.01665829,-0.006899488,0.00662479,0.005560544,0.009822608,0.007436538,0.000213759,-0.000895315,0.007613262,-0.010305657,-0.00174366,0.008602207,-0.000141512,-0.0027925,0.008881602,0.008071121,0.004468948,0.01105008,0.024462208,0.00032759,-0.003421027,-0.006569486,0.002477378,0.006905014,-0.004279754,0.005143507,-0.014639618,0.001093298,0.001722788,0.0112979,0.015279804,0.004576538,-0.004737021,0.002807583,0.001276005,0.00655813,-0.002195539,-0.001259463,0.015418837,0.004400392,0.015819421,0.008108008,0.002646425,-0.0010922,-0.000298967,-0.005216277,-0.018636901,-0.00681008,0.008459211
/mnt/sdd/caltech_training_multiclass/train/008.Rhinoceros_Auklet/Rhinoceros_Auklet_0044_797502.jpg,7,-0.002964785,-0.000594943,0.000482794,-0.010755306,-0.004498169,0.000382666,0.000377008,-0.008585966,0.004365711,-0.00292093,-0.005358316,-0.001535012,-0.004995632,-0.017235875,-0.004485227,-0.001600165,-0.002058161,-0.004726388,-0.000867613,0.009274893,-0.012433872,-0.007861213,-0.011319944,-0.005376249,0.001494675,0.001498391,-0.0003155,-0.006714831,-0.003607234,0.003450526,-0.005528297,0.01819107,-0.018925253,-0.011512486,0.003544157,0.002711724,4.69E-05,0.004603903,0.022556515,0.007188579,0.013385315,-0.001011041,0.02673737,0.00163086,0.004950482,0.012991671,0.022051938,-0.00702003,-0.014821179,-0.003072574,0.01506512,-0.010914661,0.019840367,0.022898007,0.009804245,0.004462773,-0.005329061,0.010635072,0.014245558,0.027449751,0.023293193,0.006980607,0.020020325,0.012940478,0.009565111,0.005230461,0.028575188,0.026239237,0.02314413,0.019356005,0.015288036,0.032141924
/mnt/sdd/caltech_training_multiclass/train/008.Rhinoceros_Auklet/Rhinoceros_Auklet_0020_2195.jpg,7,0.001884797,-0.003936646,-0.003748201,-0.014100452,-0.006072785,-0.000847511,-0.00344044,-0.004603416,0.01729433,0.012694165,0.004009577,0.005257977,-4.98E-05,-0.004754965,-0.009597681,0.00337075,-0.002683227,0.004451296,0.005726677,0.007441321,0.012381853,-0.004491119,-0.002984022,0.001018129,0.00102553,-0.000981799,0.00256511,-0.004818698,-0.003620785,0.00561908,-0.000856791,0.015490323,-0.008397983,-0.002896115,0.002852099,-0.005528006,0.008777751,0.004013168,-0.008840102,-0.008145647,-0.008343687,0.006098458,0.011568269,-0.010952176,-0.012343416,-0.005173534,-0.014935136,-0.009640774,-0.021344837,-0.016260179,0.001125407,9.39E-05,0.007841747,0.010828207,0.004763958,-0.005548677,-0.009114284,0.001918868,0.005074385,0.003975995,0.01535937,-0.007220091,0.001106429,0.014946879,0.003336725,0.011590338,-0.007418464,-0.005271272,0.006198042,0.004811482,0.0026173,0.01590042
/mnt/sdd/caltech_training_multiclass/train/008.Rhinoceros_Auklet/Rhinoceros_Auklet_0011_797530.jpg,7,-0.002204649,0.001902875,0.004215816,-0.006629607,-0.003957421,-0.001451753,-0.006105811,-0.006515065,0.00284449,-0.001432462,-0.002361825,-0.009686812,-0.00138487,-0.020536304,-0.003023726,-0.010240025,-0.005854283,-0.000951346,0.018748552,-0.004920661,-0.01276713,-0.001008196,-0.000996682,-0.008606901,0.008656794,0.006685072,-0.000631913,-0.010485671,0.000935563,0.002851545,0.000618439,-0.009919741,-0.012338799,-0.005696436,0.008355022,-0.002942856,-0.000686756,0.004092204,0.000286301,-0.016299434,-0.00186403,-0.017131746,-0.00557546,0.00958816,-0.019902013,-0.009864653,-0.013870645,-0.007188942,0.001614935,-0.00778067,0.005769173,0.00423463,0.010290214,0.016854107,0.008649899,0.006037935,-0.030202284,-0.01596446,-0.006343857,-0.016493745,-0.003234431,0.005659357,0.008333822,-0.000853443,-0.000907783,-0.005293161,-0.009488216,-0.009409832,-0.012960373,0.001951902,-0.003404528,0.01412798
/mnt/sdd/caltech_training_multiclass/train/008.Rhinoceros_Auklet/Rhinoceros_Auklet_0015_2160.jpg,7,-0.000891412,0.000325374,-9.86E-06,0.010692218,0.006428255,0.005049826,0.006862557,0.020627957,0.001587324,0.002642056,0.009409398,0.005758731,0.005313707,-0.006840953,0.017426506,-0.011088485,-0.006180245,-0.004731562,0.00322333,0.007694365,0.002664913,0.00804609,0.00956342,-0.003006469,0.015107826,0.011680512,0.004589965,-0.003256863,0.011245731,-0.00033919,0.001405077,0.01502943,-0.005136799,-0.007815206,0.003162638,-0.013975864,0.006081634,0.021825181,0.008649215,-0.003045335,-0.014920947,0.015923675,0.010619101,0.001750533,-0.004683671,0.002886524,0.001306551,-0.004171557,0.004094408,-0.016527057,-0.01125646,-0.004369026,0.020366723,0.021881662,0.005851179,-0.001217121,-0.001769253,0.013537524,0.010723397,0.019096639,-0.004135945,-0.011927139,0.014572173,0.015837291,0.017199548,0.003614035,0.010600033,0.007914076,0.006325922,0.005199451,0.013310563,0.009946589
/mnt/sdd/caltech_training_multiclass/train/008.Rhinoceros_Auklet/Rhinoceros_Auklet_0030_797509.jpg,7,0.001255636,-0.000638418,-0.000363746,0.000652595,0.000554061,-0.004075984,-0.004101148,-0.015914818,0.01234946,-0.003548385,0.002975468,-0.000885323,0.004897667,0.000469764,-0.014919751,0.005695224,0.000395795,0.01031507,0.00438987,0.013151025,-0.011356549,-0.014870782,0.001622875,-0.007358318,0.002657712,-0.000435237,0.004268693,-0.010118136,-0.00045795,-0.003763221,0.003306636,-0.005441878,-0.016879443,0.004788629,0.007216985,0.00654882,-0.01378197,-0.020405285,-0.015181198,-0.003312495,-0.012828969,7.51E-05,0.004681688,-0.019861454,-0.001173086,-0.000463219,-0.013417074,-0.014783001,-0.018173832,-0.017430052,-0.003068268,-0.0148068,0.005498991,0.005051207,0.001025368,0.002895778,-0.009376163,-0.00655466,0.007222116,0.007069245,0.00971227,-0.004515859,0.011026924,0.006274902,-0.007666136,-0.010444493,-0.001622328,0.006923197,0.006362561,0.000943044,0.006610285,0.011859046
/mnt/sdd/caltech_training_multiclass/train/008.Rhinoceros_Auklet/Rhinoceros_Auklet_0014_797522.jpg,7,-0.001630485,-0.000819271,0.000574554,-0.016201813,-0.015469806,-0.000148643,-0.00293873,-0.007148169,-0.000440636,-0.004156815,0.004311988,0.005166889,-0.000217105,-0.020396698,0.008527034,-0.002176096,0.00565539,-0.026275981,-0.012078693,-0.010988978,0.005001271,-0.007544583,-0.00721878,0.008570345,-0.019042931,-0.003462303,-0.001233246,-0.002555127,0.01757445,0.004573081,-0.010689268,-0.009639416,0.006567967,-0.008798075,-0.021591172,-0.00696356,0.043465175,0.032332346,0.026077613,0.018574173,0.002943523,-0.021460999,0.013500838,-0.006868993,-0.013304401,-0.003545632,-0.033003192,-0.01216772,-0.018104298,-0.003887906,-0.022771185,-0.013698213,0.012768663,0.001557653,0.000186934,-0.010192943,-0.018220464,-0.02096466,-0.022405958,-0.009131024,-0.005410455,0.007974848,0.009302598,0.00743944,0.00656539,0.009577207,0.00619801,0.01321511,0.008145406,0.008718459,0.006428334,0.009245605
/mnt/sdd/caltech_training_multiclass/train/008.Rhinoceros_Auklet/Rhinoceros_Auklet_0019_797513.jpg,7,-0.000879102,0.000957,-0.002843859,-0.009237967,-0.008166065,-0.003380275,0.001788413,-0.002564275,0.019745262,0.00457344,0.002872649,0.001181537,0.006599561,-0.002910385,-0.001412188,0.008823227,0.003928683,-0.00258587,-0.005284111,-0.004878017,-0.010212135,-0.003110613,0.001133886,0.001852182,-0.003499698,-0.008105826,-0.010531852,-0.002287118,-0.003491078,0.000187287,0.00239384,-0.004073603,-0.00492134,-0.012871331,0.002232743,-0.001545304,-0.029454809,-0.0318432,-0.022362636,-0.034692436,-0.022669973,0.000348399,-0.004258112,-0.00222099,-0.006623402,0.004743478,-0.024783641,-0.023995973,-0.013925036,-0.010420515,-0.006463905,-0.013043262,0.007522128,0.007193286,-0.007098668,-0.004591219,-0.001230472,0.009364111,-0.004634015,-0.007737372,0.002375852,-0.016842537,0.003499272,-0.01955571,-0.010242127,-0.014736202,-0.000939094,0.010960847,-0.014575906,-0.00454843,-0.012474653,0.004160649
/mnt/sdd/caltech_training_multiclass/train/008.Rhinoceros_Auklet/Rhinoceros_Auklet_0022_2170.jpg,7,-0.000467512,0.000380237,0.003072274,0.007348083,0.004574063,-3.60E-05,0.000239219,-0.000988804,0.011625555,-0.004294249,0.005008928,0.000862452,-0.002622469,0.007828675,0.002053782,-0.005705005,-0.004569646,-0.001203888,0.004814307,0.008155536,-0.009420058,0.000454899,-0.002631125,0.009758243,0.004548197,8.88E-05,-0.004400395,0.001060718,-0.003414832,0.000339953,-0.004230855,0.00856116,0.007142967,0.009896674,0.011395416,-0.002324743,-0.011157992,-0.012101458,-0.013134575,-0.00619329,-0.000779342,0.006032597,0.002400126,-0.008273847,0.003839249,-0.00284608,-0.010729164,-0.004669984,-0.027013332,-0.028306754,-0.027970022,0.00868734,0.006508285,0.025588812,0.002366495,0.014339808,-0.012303097,-0.009843068,0.000613552,0.008911485,0.020543192,0.003916971,0.000949732,0.015752316,-0.00093818,0.002425205,0.011790372,0.008289686,0.01762216,0.02883367,0.03023183,0.000996807
/mnt/sdd/caltech_training_multiclass/train/008.Rhinoceros_Auklet/Rhinoceros_Auklet_0003_797535.jpg,7,0.000733055,-6.76E-05,-0.001905407,0.001799045,-0.001387696,0.003011942,0.003909071,0.009472775,0.002016269,0.010124758,-0.005114467,-0.009354293,0.005060935,-0.01580417,0.014634377,-0.00927541,-0.002413172,0.002681518,-0.00095485,0.00320054,-0.004115006,0.023102246,-0.008238478,0.005558478,0.005461493,0.004638605,-0.00559903,-0.001275876,0.011301624,-0.015372538,-0.000500185,-0.010284567,0.008466008,0.00392078,-0.007426317,0.002675108,0.015084428,0.003009364,-0.009096492,0.005525571,-0.001786186,0.033247277,-0.005476452,0.013189688,0.01142587,0.016284937,0.016615082,0.00186793,-0.00865685,0.004846993,0.000363271,-0.005285326,0.001782526,0.01857513,0.022832585,0.012703782,0.009025112,-0.000182082,-0.002121528,0.009148138,-0.007032767,0.022874689,0.020528335,-0.015998106,0.007337011,0.000326778,-0.005088438,-0.007382828,-0.014668624,-0.004533258,-0.003889896,-0.003973728
/mnt/sdd/caltech_training_multiclass/train/008.Rhinoceros_Auklet/Rhinoceros_Auklet_0023_797501.jpg,7,-8.06E-05,0.001033757,-0.001313888,-0.004947774,-0.00458169,-0.003691024,-0.007674943,-0.008328908,-0.014633027,-0.00059662,0.006974573,-0.001019747,0.003155139,-0.005180725,0.001069357,0.003276018,-0.004107738,-0.012084719,-0.002061678,-0.00911106,-0.001703798,-0.007302005,0.003426411,-0.003864408,-0.005912621,-0.005336354,0.001758513,-0.005980734,0.000208423,-0.004829617,-0.00756234,-0.013770711,-0.00511347,-0.000323887,0.009802462,-0.003870411,0.036421895,0.010833444,-0.008379428,-0.004449425,-0.000829339,0.003893147,0.009434172,0.00208991,-0.00247302,6.49E-05,0.007603157,0.000138654,-0.003399294,0.007294811,-0.001124959,-0.010308117,0.026067918,-0.009442352,-0.007894858,-0.006927031,0.017647548,-0.005519932,0.010950667,0.012188063,0.011080159,0.005231472,0.021627337,0.027502451,0.022054732,0.002380561,0.003239499,0.003409484,0.003895701,0.008279307,0.011782496,-0.004394345
/mnt/sdd/caltech_training_multiclass/train/008.Rhinoceros_Auklet/Rhinoceros_Auklet_0025_797508.jpg,7,-0.003303245,7.19E-05,-0.001616829,0.000467703,0.000500877,-0.001145905,-0.012154892,-0.018193759,0.004959146,0.001371211,0.000863001,-0.000626558,-0.00659502,0.006406174,-0.014791166,0.004723986,-0.000505524,0.003066491,0.000663007,-0.009736063,-0.008311039,-0.023668222,-0.009821029,-0.004840727,-0.009108922,-0.00268947,-0.005191692,-0.006607574,5.27E-06,-0.008747431,-0.004605481,-0.0069914,-0.009446052,-0.016531546,-0.005565026,-0.017072609,0.015152091,-0.001490129,-0.008326951,-0.013100179,-0.006269405,-0.002788378,-0.000306507,-0.002603107,-0.01173332,-0.00361535,-0.02380721,-0.019175053,-0.002966943,-0.019287026,-0.013825716,-0.017279584,0.008304477,0.000331187,-0.003436386,0.001024514,0.014626566,0.003623482,0.009277351,0.009455889,0.015707567,-0.009158079,0.013535181,-0.002756964,-0.001843849,-0.006977862,-0.004940461,-0.002772353,-0.00633525,-0.001402932,0.005500263,0.010762977
/mnt/sdd/caltech_training_multiclass/train/008.Rhinoceros_Auklet/Rhinoceros_Auklet_0035_2166.jpg,7,-0.000170966,-0.001200035,0.001440386,0.000488038,0.000809249,0.00081633,0.00804625,0.004315012,0.0073607,0.003609077,-0.005725214,-0.004671807,-0.004346127,-0.008012265,0.029341668,0.009391833,0.004669263,-0.000192775,-0.001028579,0.01690661,-0.011515348,-0.002122532,0.000827227,0.005191543,-0.001432707,-0.003775726,-0.012472745,0.021553935,0.003206228,-0.003193765,0.000827145,0.004955271,0.009038989,-0.01894363,-0.002859152,-0.009002603,-0.008302443,0.024161292,0.02035885,0.028133133,0.000539519,0.000361908,0.007641863,-0.027873952,-0.009331012,-0.009412606,0.027857758,0.016544648,-0.003142006,-0.016295005,0.000937966,0.003514608,0.022519873,0.011930693,0.014321489,0.004014879,-0.016524903,-0.009283944,0.001751242,0.005051845,-0.006163621,0.007787343,0.012774511,0.023862531,0.017257148,0.003425178,-0.008009687,0.012266612,0.004883539,0.009997269,0.007144331,0.017873539
/mnt/sdd/caltech_training_multiclass/train/008.Rhinoceros_Auklet/Rhinoceros_Auklet_0038_797544.jpg,7,-0.001230388,-0.000390846,-0.001953741,-0.006628736,-0.003808558,7.09E-05,-0.004391846,-0.007503416,-0.00031012,0.012636066,0.002264747,0.007427047,0.003341624,-0.017881969,0.011605425,-0.020317461,-0.011749862,-0.007168882,-0.005447772,0.000759035,0.00923513,-0.006896091,0.01005782,-0.007678819,-0.000718143,0.00185185,-0.003131431,0.005060946,-0.004704114,0.000594171,-0.002791163,-0.005271806,-0.012348879,0.007841541,0.003449469,-0.002577839,-0.014079846,-0.014958069,-0.014889734,-0.006997771,-0.003980924,0.00129923,0.004164271,-0.007998565,-0.005622099,0.004726552,-0.008196641,0.000337272,0.018056128,0.014735618,0.007743638,-0.01300867,0.016056437,0.006863191,0.003471175,0.000119573,-0.014645403,-0.015892968,-0.018692816,-0.025735304,-0.017310359,-0.002332204,0.027424153,0.012782515,0.013702034,-0.002268086,0.001697904,-0.004004406,-0.018659681,-0.004537338,-0.00666291,0.002728551
/mnt/sdd/caltech_training_multiclass/train/008.Rhinoceros_Auklet/Rhinoceros_Auklet_0027_797496.jpg,7,0.001952921,0.001611125,-0.001742346,-0.01457949,-0.007977961,-0.001773796,-0.009542757,-0.013018558,0.009018384,0.007317904,-0.003667058,-0.0009088,0.003495901,-0.006063274,-0.007629512,-0.004034008,-0.010470641,-0.00988261,-0.00767053,-0.01298975,-0.014420182,-0.014206942,0.001891302,0.010867882,-0.00900788,-0.022032931,-0.007394775,0.000646631,-0.008239329,-0.001393896,0.004925122,0.014356054,0.00212286,0.000246923,0.008901254,-0.00325202,0.025504902,0.013505702,-0.005611799,-0.010200764,-0.021901367,-0.008255107,0.00100371,-0.021025438,-0.021892099,-0.033717483,-0.025389198,-0.025477082,-0.009907489,-0.013967558,-0.008900022,-0.000881842,0.008452369,0.010224289,0.003030563,-0.012448758,-0.017923541,-0.011027698,-0.013168626,-0.024603894,-0.026272282,0.007768016,0.013576069,-0.027466327,-0.018628195,-0.028722385,0.014051874,0.002390228,0.012690177,0.000864064,0.000137582,0.007461262
/mnt/sdd/caltech_training_multiclass/train/008.Rhinoceros_Auklet/Rhinoceros_Auklet_0033_2169.jpg,7,0.003835373,0.001749653,-0.001752162,0.005539831,0.001787086,4.50E-05,-0.008095688,-0.017234173,0.007850077,0.005484452,0.000831599,-0.010714915,-0.009683106,-0.001714522,-0.007943331,-0.033534326,-0.014875692,-0.008141516,0.006557866,-0.007342861,-0.01719769,-0.009922639,-0.010757322,-0.010897942,0.002394173,0.009181498,0.001787142,-0.012589924,-0.001996564,-0.00369175,-0.001758709,-0.014740728,0.001475004,-0.007790161,-0.017625332,-0.001002041,-0.013179846,-0.02900841,-0.010323088,-0.052519098,-0.026581997,-0.010200325,0.01252627,-0.007661412,0.000865004,-0.004761175,-0.006500194,-0.010205595,-0.004892603,-0.016841339,0.0019916,-0.03117052,-0.000830916,-0.018817818,-0.01785732,-0.011533718,-0.015946869,0.002460842,0.021260735,0.021050159,0.013636686,-0.011345171,0.017570022,0.024802998,0.04168032,0.02203692,0.004892092,0.006872992,0.009923685,0.008241182,0.009062359,0.004793859
/mnt/sdd/caltech_training_multiclass/train/008.Rhinoceros_Auklet/Rhinoceros_Auklet_0040_797503.jpg,7,-0.001016579,-0.004151871,-0.004906192,-0.012571359,-0.010195771,-0.003670894,-0.011191154,-0.020842284,-0.014171582,-0.006770006,-0.006077867,-0.008051978,0.006146886,-0.011418346,0.000373005,0.00195258,-0.009736586,-0.005531759,-0.002688269,0.008073054,0.014626514,0.000243593,-0.000325979,0.009503165,-0.004793863,-0.01035999,-0.00634461,0.002530273,0.007535534,-0.000250974,-0.001957813,0.000795295,-0.006255487,0.030800795,0.013212864,0.010774856,-0.000541109,0.003131858,0.011097636,0.015827999,0.000200216,0.001628888,0.008953621,0.005041217,0.002434499,0.014787757,-0.036768887,-0.010791115,-0.020332366,-0.034768566,-0.017330935,0.02280917,0.014226415,-0.010041362,0.008192548,-0.002278422,0.00912988,0.008333755,0.010182482,0.002204628,0.009696931,0.007234192,0.016335525,0.018673118,0.018381508,0.01051478,-0.004676782,0.012926701,0.008834602,-0.005315329,0.000722788,0.005364176
/mnt/sdd/caltech_training_multiclass/train/008.Rhinoceros_Auklet/Rhinoceros_Auklet_0013_797537.jpg,7,0.004307852,0.0046125,0.001324333,0.004564428,0.007852504,0.004705199,0.0159125,0.02698988,0.003736368,0.001525999,-0.000338102,-0.0034893,-0.000331612,0.001522831,0.012336636,-0.008621223,0.00781569,0.002545239,-0.000856122,-0.006241733,0.018417774,0.001851883,-0.007177681,-0.000478008,0.017936932,0.007793569,0.001885113,0.000644005,-0.00029959,-0.000722729,-0.008963578,-0.010722768,0.018989809,0.007977281,-0.010054191,-0.000728157,-0.008582269,-0.021410853,0.007812722,-0.026631441,-0.008339793,-0.018077731,-0.008639392,-0.005421808,0.015513041,0.000355994,-0.002851548,-0.023796692,-0.011889719,-0.014724041,-0.009468652,-0.008793501,-0.012501116,-0.02501502,-0.012908422,-0.007882042,-0.017406682,-0.011683975,-0.008086043,-0.022478871,-0.011413504,-0.006392884,-0.000511249,-0.008532773,-0.012572799,-0.00148476,0.016794737,0.004904104,-0.00325379,-0.019836951,-0.027343398,-0.014739318
/mnt/sdd/caltech_training_multiclass/train/009.Brewer_Blackbird/Brewer_Blackbird_0109_2232.jpg,8,-0.005718609,-0.005386167,-0.00380939,0.005526174,0.001298371,-0.000340953,-0.004002897,-0.00275447,-0.018637516,-0.017330823,-0.006333967,-0.011396807,-0.005206061,-0.01073168,-0.008352833,-0.014567588,-0.001750698,-0.012400737,-0.006952092,-0.001796226,-0.018085431,-0.009492118,0.006941597,0.015444978,-0.000535844,0.000649478,0.001651526,-0.000276177,-0.010996824,0.005707294,0.000156119,0.000875386,-0.000479452,-0.00976992,0.001955319,-0.003345212,-0.00338625,-0.01408506,-0.002467835,-0.021265313,-0.019060787,-0.001025346,-0.002519183,-0.005964928,-0.001475933,-0.004718708,-0.025556345,-0.015701538,-0.030171864,-0.021969972,-0.011698152,0.00326589,0.004148082,-0.020018743,-0.013465382,-0.01359398,-0.021529052,-0.00670732,0.002396065,-0.008012807,-0.002705988,-0.006208973,-0.005894459,-0.008719711,-0.010236695,-0.022814233,0.001047853,0.003279891,-0.001850466,0.001447551,0.004078486,0.01221078
/mnt/sdd/caltech_training_multiclass/train/009.Brewer_Blackbird/Brewer_Blackbird_0035_2611.jpg,8,8.51E-06,-0.001820304,0.000551023,-0.000415467,0.005667688,-0.00156768,0.001868209,0.012387207,-0.006221349,0.002739613,-0.004350311,-0.005978267,-0.003325098,-0.022804217,-0.010743389,0.005727307,0.012761941,0.00053967,0.00433071,0.005181455,-0.020061314,-0.005617058,-0.007881369,-0.003836119,-0.004558609,0.00243789,0.005667406,-0.017832987,-0.008157745,-0.000848391,-0.002517802,0.004358405,-0.007588623,-0.005110571,0.004309583,0.005859889,-0.031497084,-0.02405898,-0.004927131,-0.024687659,-0.013237361,-0.015053413,-0.030968618,-0.003043335,-0.001660721,0.003079594,-0.006782506,-0.005429607,0.006073967,-8.92E-05,-0.004698925,-0.006509605,-0.008147095,-0.00655326,-0.005425795,-0.00503241,-0.015638508,0.00050359,-0.001864231,0.001072191,0.003037211,0.005509728,-0.00175887,-0.024792321,-0.04557012,-0.027419187,-0.001838619,0.004112524,-0.002703548,0.004354687,0.000962499,-0.00461967
/mnt/sdd/caltech_training_multiclass/train/009.Brewer_Blackbird/Brewer_Blackbird_0016_2225.jpg,8,-0.004761064,-0.003075151,-0.002278138,-0.000814288,-0.001273061,-0.001275301,0.001526454,-0.000444587,0.007037951,0.008970678,-0.003962562,-0.008829251,-0.010927271,0.000724967,0.000466516,-0.008419964,0.000604635,0.009726085,0.001779817,0.014863209,-0.009117127,0.010625312,0.000589221,-0.00164293,0.001352234,0.002969461,-0.010145512,-0.006281825,-0.001725787,0.01595264,0.008621767,-0.007565543,0.002842455,-0.006252891,-0.00510677,-0.006932081,-0.018574964,-0.009120015,-0.011998564,0.015027493,0.00200958,0.008850386,-0.009962563,0.009470052,-0.008713653,0.011095619,0.026330052,-0.005418204,-0.014234245,-0.026676767,-0.007229486,0.009400618,1.74E-05,0.005694095,0.010397485,-0.004168439,-0.006156098,-0.02035591,-0.002657862,0.009277556,0.022989923,0.021134729,0.013523507,-0.003951469,-0.031109605,-0.012137044,0.015621509,-0.002062488,0.000257966,0.002175257,-0.010689141,-0.001857069
/mnt/sdd/caltech_training_multiclass/train/009.Brewer_Blackbird/Brewer_Blackbird_0046_2688.jpg,8,-0.001700841,0.001768919,0.002065903,-0.002528479,0.002533376,-0.001595243,0.00270883,0.003531909,-0.002919308,0.003122142,0.003036877,-0.009258207,-0.007071124,0.023385812,0.023084257,-0.001523274,-0.001756973,-0.001229163,-0.007580111,-0.007799646,-0.012957688,0.004596495,-0.001693529,0.015776196,0.005336542,0.005913124,0.0077289,-0.01035432,-0.004337181,0.002835678,-0.001943457,-0.009247801,0.011627533,-0.01605023,-0.000460533,-0.004696432,-0.010332667,-0.037240166,-0.019063838,-0.01681123,-0.003886615,-0.007095746,0.000651875,0.003758949,-0.00781047,0.000834578,0.025900088,0.013595996,0.009242915,0.005848344,-0.007341415,-0.015465702,0.000898762,-0.000535972,-0.007951586,-6.32E-05,-0.03150533,-0.007094656,-0.020687118,-0.025009627,-0.018138329,-0.002038093,-0.001808646,0.000918027,-0.004860267,-0.002444972,-0.005820441,0.00660083,0.006745606,-0.00389749,0.008356592,-0.022259306
/mnt/sdd/caltech_training_multiclass/train/009.Brewer_Blackbird/Brewer_Blackbird_0010_2269.jpg,8,0.002786111,0.001328462,-0.003380481,0.01015051,0.009780463,0.005015018,-0.008704675,-0.014499968,-0.01527277,-0.007036116,-0.000949081,-0.003307898,0.003853,-0.012325583,-0.012002692,-0.017239336,-0.010796018,0.002538682,-0.000639997,0.002617281,-0.003955142,-0.007321794,-0.007836983,0.001343447,-0.013002981,-0.013580982,-0.000314382,-0.005551457,-0.015044618,0.007391905,0.007138191,0.005872916,-0.005522208,-0.008412747,-0.008025204,-0.001920145,-0.040532067,-0.010675957,-0.03418376,-0.010779507,-0.015073616,0.010254233,-0.021950144,0.004083658,-0.005680451,0.006169185,-0.018688738,0.001189543,-0.00152179,0.018922871,0.014964949,0.008636153,0.006519632,-0.000514169,0.009395085,0.010668349,0.014654996,0.010169387,0.003019354,0.00086851,-0.003609174,-0.001446769,0.010337641,-0.005147672,-0.029459305,-0.020217795,0.008340243,-0.009689399,0.00209345,-0.003055992,0.011027757,0.000326474
/mnt/sdd/caltech_training_multiclass/train/009.Brewer_Blackbird/Brewer_Blackbird_0127_2235.jpg,8,-0.001814525,-0.000978087,-0.002935824,-0.006165677,-0.001505267,-0.001565897,0.000971264,0.000491796,-0.012407746,-0.00688309,0.002150825,0.004527314,0.005379538,0.014013175,-0.009691621,0.001861589,0.00470209,0.002029578,0.009028762,0.005111942,-0.017364813,-0.012225058,0.006683143,-0.00180956,-0.003919967,-0.004710247,-0.003967492,-0.01193324,-0.007389556,0.003827198,-0.005452769,-0.02212671,-0.005174923,0.005483449,0.002259785,-0.011624977,-0.03311614,-0.035997063,-0.021417867,-0.032071367,-0.030049749,0.009274422,-0.017080832,-0.022028284,-0.007969586,-0.01179263,-0.001322889,-0.001059679,-0.025293777,-0.016405188,-0.017019393,0.006140713,-0.022404818,-0.00540559,0.003745108,0.004892362,-0.028223757,-0.018784927,-0.001806809,-0.01241274,0.006969693,0.006997595,-0.002344866,-0.000906514,-0.006832454,-0.003643091,-0.012725538,0.003166172,0.005232842,0.004395959,-0.002038071,-0.001792097
/mnt/sdd/caltech_training_multiclass/train/009.Brewer_Blackbird/Brewer_Blackbird_0017_2668.jpg,8,0.000285742,-0.001192808,0.001257009,0.009480633,0.005347846,-0.003515769,-0.001599812,0.008188929,-0.015487364,0.002058834,0.003352928,-0.001975124,-0.000368516,0.004698842,-0.010206824,-0.018765038,-0.021083508,0.002821919,-0.001675718,-0.003881544,-0.020834364,-0.004589239,0.004291868,-0.009466946,-0.004428881,-0.001660578,-0.004412108,-0.010756036,0.00670945,0.003877226,-0.001053381,0.00150357,-0.017945245,-0.013093788,-0.01360986,-0.010049504,-0.024930425,-0.03259755,-0.022814028,-0.02876446,-0.026283558,-7.64E-05,0.010072198,0.006699282,0.001493047,0.010456662,-0.017628282,-0.01942027,-0.023697551,-0.030691428,-0.011889365,-0.028072096,0.004677587,0.013598977,0.006873973,-0.01517302,-0.008598849,-0.012713175,-0.013922986,-0.005504925,-0.015383039,-0.005871121,-0.018737525,0.034975305,0.032175265,0.035679806,-0.009782144,-0.02233227,-0.006000334,0.000400255,0.009565565,-0.014062514
/mnt/sdd/caltech_training_multiclass/train/009.Brewer_Blackbird/Brewer_Blackbird_0032_2214.jpg,8,0.005096042,0.007843574,0.003487291,0.007137006,0.005642217,-0.000370002,-8.32E-06,0.003606676,-0.006556683,0.003814228,-0.004980891,0.000477293,-0.005481213,0.010309256,-0.006372147,-0.009702148,-0.009897838,-0.001297456,-0.004459855,0.005307929,-0.005950638,-0.002555527,0.007390465,0.002918317,-0.004622109,-0.008200852,-0.004426058,-0.01085489,-0.007287463,0.003900571,-0.001351679,0.018390631,-0.018803526,0.009993311,0.001149566,0.004084016,-0.023394547,-0.025080804,7.62E-05,-0.018397458,-0.003487951,-0.009221457,-0.02578476,0.017001236,-0.00637528,-0.000664408,-0.004035361,-0.000701847,0.00124931,-0.007196952,-0.002699239,-0.013433628,-0.015297998,-0.013798956,-0.006703655,-0.000534782,-0.001116665,0.005670878,-0.008375876,-0.009927365,-0.011680015,-0.010362539,-0.001362978,-0.02018692,-0.017037116,-0.009203417,-0.005523183,-0.010705643,-0.002127064,-0.000553073,-0.004323696,0.005410141
/mnt/sdd/caltech_training_multiclass/train/009.Brewer_Blackbird/Brewer_Blackbird_0066_2693.jpg,8,0.003853283,0.002454029,0.003135061,-0.001449857,-0.001005439,-0.002021408,-0.004799221,-0.003679641,0.002883762,-0.011192942,-0.0066354,-0.002561467,-0.004328006,-0.006957229,-0.006840007,0.003387486,0.003189923,0.002772541,-0.007912951,0.004109449,-0.015394582,0.007057093,0.01018933,-0.009423988,0.004969639,-0.007255626,-0.014397142,-0.013394469,0.011117461,0.002944501,-0.000727532,0.011136472,-0.012563294,0.013641125,0.006522591,0.00137496,-0.020326607,-0.001419499,-0.008018393,-0.006887182,-0.027826808,-0.011760471,-0.020723997,0.000192881,0.005144773,-8.47E-05,0.02673621,0.005166897,-0.011504999,-0.003084838,0.003926479,-0.007561326,-0.013416269,0.007382615,0.00932144,0.00807751,-0.01759559,-0.021682926,-0.023714479,-0.016685229,-0.0158774,0.015119956,0.008789133,-0.019553933,-0.038883485,-0.020366102,-0.016310057,-0.016201606,-0.020319043,-0.007991436,-0.001980872,-0.014677566
/mnt/sdd/caltech_training_multiclass/train/009.Brewer_Blackbird/Brewer_Blackbird_0103_2273.jpg,8,0.002513894,0.002302854,0.00118256,0.009621145,0.007958368,0.001413226,0.008150484,0.00701605,0.008198202,0.009303059,-0.000719041,-0.0018768,-0.002933878,0.009599491,0.003443084,0.02350036,-0.003266207,0.010001735,0.010384345,0.012972492,-0.011535862,0.008626637,0.013176449,0.010408795,0.008564067,0.0120808,0.002356117,-0.006097029,0.012536088,0.004816177,-0.002558923,0.003718063,0.012038494,-0.017707385,-0.017045997,0.00024635,0.022035316,0.007476882,0.018737622,0.02909728,0.006307536,-0.010610677,0.00343303,-0.007991672,0.012650026,-0.007789773,0.029078526,0.028022572,0.02136284,0.005416115,-0.003098434,-0.000394183,0.004079357,0.000199808,-0.002579262,-0.007349523,-0.001077164,0.001489481,0.002508125,-0.001610974,-0.009008912,0.008037282,-0.002610159,0.012869539,0.008620332,0.018498374,-0.002359488,0.006795054,-0.012361182,-0.006134196,0.002332879,0.000592973
/mnt/sdd/caltech_training_multiclass/train/009.Brewer_Blackbird/Brewer_Blackbird_0097_2322.jpg,8,0.004400867,-0.003515258,-0.000405609,0.001104688,-0.005241149,-0.001448645,0.0019444,0.000505867,0.009290995,0.015005592,0.010149322,0.009662796,0.011999833,0.001511552,-0.000370975,0.011148823,0.02005956,-0.012732546,-0.011097408,-0.00963586,0.025619559,0.003634353,-0.010642539,-0.004494344,-0.000963197,0.004097733,-0.005025088,0.0061929,-0.002950072,-0.002843831,-0.007548529,0.00375303,-0.005118531,-0.02301586,-0.02021069,-0.017844029,0.04811161,0.03322254,0.008067585,0.00397446,0.007511592,-0.004750897,-0.019319426,-0.007044504,0.013543723,0.003329588,-0.034700572,-0.006333058,-0.009301136,-0.002334463,0.019248737,-0.039688796,-0.003178983,-0.005869589,-0.005114215,-0.007781987,0.008579088,0.000389337,-0.00200616,0.008877157,0.009210294,0.007451388,-0.003378702,0.00339461,0.033002563,0.024684057,-0.011439888,-0.011870376,-0.007174355,0.004866993,0.006093872,-0.005356829
/mnt/sdd/caltech_training_multiclass/train/009.Brewer_Blackbird/Brewer_Blackbird_0025_2231.jpg,8,-0.001403253,-0.00270925,-0.002248789,-0.007319235,-0.002044229,-0.003323508,-0.000277654,0.000615442,-0.007436886,-3.74E-05,-0.003447605,-0.000340653,-0.010591358,-0.00386824,-0.006647344,-0.032207448,-0.027817816,-0.0096728,0.001733447,-0.007095264,-0.006063834,-0.005965062,-0.004685766,0.005858444,-7.63E-05,0.011529834,0.004028413,-0.009872604,-0.003462217,-0.006023328,0.000945617,-0.005744177,-0.011320666,-0.002667799,-0.002857028,0.001924195,0.000878676,0.002738496,0.009688551,0.009307896,0.01240666,0.006498889,-0.00214117,0.015987415,-0.020040084,-0.006685584,-0.005406874,0.007746169,0.013454614,0.007302907,0.01959129,0.003090246,-0.003582251,0.01959344,0.017983582,0.001929451,-0.010374556,-0.004502036,-0.009163104,0.012351576,0.001411933,-0.000608522,8.82E-05,-0.00079954,-0.015170815,-0.002884572,-0.004828231,-0.015012452,-0.019370219,-0.010544338,-0.011374233,0.011623053
/mnt/sdd/caltech_training_multiclass/train/009.Brewer_Blackbird/Brewer_Blackbird_0099_2560.jpg,8,0.001745928,0.000392007,0.002491656,0.006629266,0.003326821,0.000349999,0.009495748,0.01508596,0.009080921,-0.001805478,0.004232215,0.003640908,0.001727783,-0.018235499,0.013110286,-0.001120705,0.002351258,-0.000620545,0.002635074,0.01436509,0.005418714,0.011120779,0.012866719,0.007295822,0.011215178,0.015787743,0.00120807,-0.001568047,0.012453007,0.009395541,0.004587684,0.003747936,0.000998065,0.004401999,0.00083548,0.003847915,0.012458225,0.00858972,0.020794228,0.018563613,0.020762015,0.011832736,0.002361488,0.021247882,0.008512323,0.00711088,0.00640267,0.0319802,0.029879436,0.006416678,0.004188529,0.007870954,-0.012325438,-0.000503697,0.000129335,0.013408537,0.007560728,0.012823386,-0.019681577,-0.004383921,0.013466424,0.012446293,-0.009547541,0.003397577,0.00934666,0.005346493,0.008267247,0.000473557,0.004753848,-0.005426552,0.002889322,0.007327165
/mnt/sdd/caltech_training_multiclass/train/009.Brewer_Blackbird/Brewer_Blackbird_0106_2608.jpg,8,-0.004029124,3.11E-05,-0.001742711,0.003105239,-0.004700466,-0.001476706,-0.012088869,-0.003269424,-0.014866863,-0.015747594,-0.016593328,-0.011482865,-0.014136675,0.007931567,-0.012718407,-0.009761443,-0.006886351,-0.00762798,0.002786015,0.008450762,-0.015779968,-0.003770833,-0.00130702,0.00936387,-0.009999739,-0.008603522,-0.000911046,-0.008886143,-0.001093859,0.007428128,0.011275172,0.015685331,0.013875252,-0.013224848,-0.012340654,-0.015960388,0.010422893,0.003790614,0.010666212,-0.002109126,-0.012832494,-0.010462437,-0.0105404,-0.003095354,-0.00657552,-0.002305835,-0.004140533,-0.005370851,-0.004368974,-0.005043547,0.001559784,0.007136311,0.013254109,-0.008566995,-0.010605815,0.002551442,-0.00468309,0.003647163,0.009668305,0.011289439,0.001631626,-0.005080725,0.004429442,0.0112851,-0.001939019,0.006389797,0.007442925,0.006421709,0.016200755,-0.008744756,-0.006279695,0.001708494
/mnt/sdd/caltech_training_multiclass/train/009.Brewer_Blackbird/Brewer_Blackbird_0054_2631.jpg,8,-0.001820674,-0.001256098,0.004039149,0.003677035,0.005216204,0.003558636,-0.004125171,-0.007171266,-0.005900821,0.00572521,-0.000496473,0.009426478,0.010418057,0.003883942,-0.006216835,0.003933686,0.008637494,0.019873241,0.00379632,0.006622574,-0.009175002,-0.0156623,0.000539853,0.000269707,0.00136005,0.004636191,0.004907525,0.002840783,0.005746515,0.005551596,0.004076359,-0.009863102,-0.002874299,-0.003861889,-0.019158594,-0.005124936,-0.01509564,-0.006568286,0.010833995,-0.007157248,0.006748116,0.01956244,-0.005085209,0.008399507,0.00989941,0.014439549,-0.03399445,-0.012632922,-0.019512895,-0.025847258,-0.0228264,0.024843708,0.008446058,0.006957159,-1.77E-05,0.005678371,0.005965038,-0.007678786,-0.001750258,-0.012133641,-0.012111743,0.012787179,-0.004786355,0.008613224,0.034417216,0.02826292,-0.007698207,-0.010856596,-0.017088003,0.000274559,0.006032588,0.001666379
/mnt/sdd/caltech_training_multiclass/train/009.Brewer_Blackbird/Brewer_Blackbird_0038_2294.jpg,8,0.001256631,0.007068466,0.002904573,-0.003000754,-0.00407042,-0.00322116,-0.005833502,-0.016510256,0.010770016,0.005391124,-0.009961546,-0.003435435,-0.006810463,-0.01327719,0.002907725,0.01078694,0.007063271,-0.020416357,-0.008846605,-0.005722835,-0.027919201,-0.016546886,-0.003755859,0.003295073,0.000339348,-0.003877552,0.001002365,-0.001486268,0.001556116,0.007998196,0.006808497,0.00441513,-0.026345037,-0.008250775,-0.010933306,-0.01754841,-0.04157245,-0.036175396,-0.024864376,-0.051657554,-0.026221965,0.008428965,-0.03932137,-0.018330347,-0.010778809,-0.004478697,-0.021477107,-0.018777352,-0.003607805,0.009074107,0.000421766,-0.016483948,-0.010947443,-0.014492043,-0.020081744,-0.001082969,-0.018998489,-0.022039533,-0.003596473,0.001355966,0.010164466,-0.005683917,-0.01308615,-0.016176553,-0.005693859,-0.016846348,-0.001608725,0.008696564,0.00514045,0.00645522,-0.016143149,-0.005314268
/mnt/sdd/caltech_training_multiclass/train/009.Brewer_Blackbird/Brewer_Blackbird_0142_2636.jpg,8,0.000649173,0.001114163,-0.002819263,-0.008248046,-0.004105453,-0.002018457,0.001265447,-0.004769167,-0.009383246,-0.010510184,0.001960028,0.003538145,0.001377609,0.002981257,-0.007335402,0.011717595,0.005481969,0.00747213,0.006293757,0.002917496,-0.031337876,-0.013974622,-0.005357654,-0.008304631,0.002914884,0.000360039,0.003209691,-0.022403594,0.004016106,0.002740273,0.003960253,-0.002543387,-0.00683276,-0.02278284,-0.009025412,0.004008032,-0.04560322,-0.039055347,-0.012768099,-0.03838498,-0.014808851,0.019061767,-0.017557444,0.01906387,-0.001604042,-0.001934508,-0.006354937,0.002921833,0.002690243,-0.012720476,-0.013558888,-0.016545624,0.010574637,-0.007148095,-0.006327307,-0.001568935,-0.018567257,-0.00468256,-0.022773765,-0.012325387,-0.010095228,-0.004837308,-0.005219907,0.010623183,0.011489129,0.03085216,-0.013494877,-0.023739222,-0.03330031,-0.022068372,0.008849278,0.005822646
/mnt/sdd/caltech_training_multiclass/train/009.Brewer_Blackbird/Brewer_Blackbird_0079_2343.jpg,8,0.001232763,-0.000727287,-0.002877289,-0.014149721,-0.01563231,0.000352308,0.009462751,0.02110596,-0.013938705,-0.004830608,0.009574511,0.015251625,0.01190028,-0.00896276,0.00373217,-0.000217803,-0.001159401,0.021585608,0.002954951,0.002783031,0.019788727,0.016274737,0.006211793,0.005786246,-0.000235441,0.001385216,-0.002770923,-0.002335678,0.01717414,-0.003415093,-0.00996562,-0.018347006,0.001658906,-0.003918494,0.007870344,0.002193395,0.032490302,0.024972215,0.00129891,0.03476558,0.017085597,0.002603637,-0.013616615,0.003821553,0.012902544,0.007988391,0.015759645,0.008091848,-0.008437588,-0.005526039,0.0040373,-0.008319776,-0.016973244,0.01292042,0.008057495,0.006566661,-0.010215513,-0.001187481,-0.009441157,0.011531028,0.023865588,-0.008239863,-0.018881658,0.02047715,0.030610375,0.019338116,-0.001959975,0.001090268,-0.001679262,-0.01337674,-0.014949426,-0.011453318
/mnt/sdd/caltech_training_multiclass/train/009.Brewer_Blackbird/Brewer_Blackbird_0041_2653.jpg,8,0.00177741,0.002104128,0.002145679,0.005214099,0.000217085,0.001295252,-0.00072292,0.006321676,-0.013979063,-0.011594063,0.000289772,0.008225468,0.007882101,0.010813263,-0.002507352,-0.003875481,-0.013072763,0.00647375,0.013750907,0.007669609,-0.004482927,0.013599416,0.008319415,0.009927003,-0.000797468,-0.001172698,-0.00534422,-0.006171702,0.01093694,0.004724024,0.00124902,0.009048726,0.001075561,-0.001958608,0.003557076,0.012623958,0.027906949,-0.003603289,-0.003627894,-0.007172747,-0.01732377,-0.019712694,0.007696174,0.021422168,0.01595503,0.007824226,0.006098814,-0.004506121,0.001343304,-0.005673307,0.007497947,-0.005861134,0.004160848,-0.008093555,-0.008169651,0.013858805,-0.000355431,-0.009201559,-0.012335919,-0.00849822,-0.013410123,-0.001507502,-0.002304077,0.008542744,0.002436907,0.020133927,0.007774036,0.00227472,-0.006195416,-0.003660119,-0.001379498,-0.005094862
/mnt/sdd/caltech_training_multiclass/train/009.Brewer_Blackbird/Brewer_Blackbird_0030_2268.jpg,8,-0.001300639,-2.89E-05,-0.001302045,-0.009488991,-0.011064857,-0.00082219,-0.00212648,-0.004063026,0.003792318,0.010500809,-0.005465029,0.00326773,-0.001009291,-0.0109194,-0.003478103,0.014028417,0.008032029,0.003129244,0.001507439,-0.001041319,-0.007095871,-0.000465664,0.009489603,-0.003287083,-0.004877971,0.01204644,-0.000665649,-0.001749855,0.009936359,-0.001395229,-0.000102698,-0.019933965,-0.002901675,-0.002320929,-0.011878487,-0.011627933,0.001629759,0.001191582,-0.014751358,-0.006623792,-0.000441286,-0.021007532,0.012351582,0.002803348,0.001540256,-0.000462796,-0.04115487,-0.015535606,-0.005376316,-0.017873801,-0.009752302,-0.005459119,-0.006192569,-0.004660085,-0.00741747,0.001311433,-0.003303662,-0.008629312,-0.011241157,-0.001493163,-0.005525833,0.006103298,-0.005851669,0.009258743,0.010887802,0.015475255,0.000202462,0.008352407,-0.004134603,0.001912444,0.006996433,-0.006232298
/mnt/sdd/caltech_training_multiclass/train/009.Brewer_Blackbird/Brewer_Blackbird_0015_2286.jpg,8,-0.003060175,0.000478584,-0.000368529,-0.007993821,-0.004757624,-0.00264394,-0.001474851,-0.007751652,-0.011293694,-0.009483017,0.001108608,0.011418086,-0.001497225,-0.011561701,0.003754063,-0.012748333,-0.001536291,-0.008024356,0.005296158,0.005035495,-0.006874028,0.002355744,0.008503426,-0.001173857,-0.009110875,-0.002408341,0.000613914,0.006997388,0.017623175,-0.002822238,-0.001268313,0.003317277,0.009035748,-0.011380341,-0.017774124,-0.012674242,0.044430118,0.024208834,0.006727717,0.01833941,0.026937366,-0.007109418,0.004118094,0.004194717,0.014352616,0.004328995,-0.000323769,0.006705427,-0.003901178,0.005102585,-0.00387831,-0.010085989,0.001103042,0.005097736,-0.001106271,0.001285051,-0.00604294,0.009348944,0.012767812,-0.005897829,-0.001055849,-0.010309394,-0.009904404,0.029820338,0.025826719,0.026048627,-0.011279797,-0.02628549,-0.010202969,-0.017143438,0.001068506,-0.01513694
/mnt/sdd/caltech_training_multiclass/train/009.Brewer_Blackbird/Brewer_Blackbird_0027_2329.jpg,8,-0.000641204,0.00237301,-0.002803214,0.006486561,-0.00153557,-0.000740758,0.005413061,-0.003620801,0.000713002,0.001482685,0.006385125,0.011274673,0.015061427,0.00810484,0.004579335,0.022034869,0.001406506,0.00780666,-0.000899767,-0.002878561,0.007007415,-0.002367994,0.005059054,-0.000447167,0.00361433,0.002601488,-0.002115486,0.000586601,-0.006247441,0.00097789,-0.001403618,-0.006030046,-0.001950964,0.020582322,-0.01230339,0.007327796,-0.00722114,-0.019040614,-0.020997547,-0.021106904,-0.017473582,0.003502604,-0.002871289,0.00765999,0.015003569,0.010564961,-0.022280527,-0.026625304,-0.030088076,-0.02128015,-0.015185779,0.006878336,0.006142228,-0.011768383,0.005135217,0.001106732,0.016074719,-0.001438917,0.012873357,0.004654467,-0.001605908,0.001919897,0.007700842,-0.015376489,-0.008394196,-0.018072776,0.016547509,0.023391614,0.026794542,0.018358326,-7.50E-05,0.006204676
/mnt/sdd/caltech_training_multiclass/train/009.Brewer_Blackbird/Brewer_Blackbird_0087_2622.jpg,8,0.002260387,0.000657441,0.001620154,-0.00320022,-0.003181812,-0.000193814,-0.001197484,0.018205527,0.01190002,-0.005032001,-0.00939432,-0.004932575,-0.004660028,-0.01166076,0.005297932,-0.024637574,-0.024641143,0.006897369,0.004414517,0.020868093,-0.015306441,0.002776653,0.011012644,0.002744135,0.000825135,0.001966992,-0.000489668,-0.004173004,0.006250607,0.00804567,0.005371606,-0.000829244,0.0025156,0.000550608,0.007387226,0.005781816,-0.012993433,-0.00921201,-0.003027637,-0.005104609,0.002977735,0.004143416,-0.008623073,0.024437174,0.013558193,0.012499778,-0.001403497,-0.004248328,0.012579287,0.029533269,0.013984987,-0.005127424,-0.006447498,-0.003599198,0.009074139,0.004099317,0.006896937,0.021985017,0.013518371,0.007331679,0.019064564,0.004687776,-0.007274893,0.02010158,0.012892119,0.012283001,0.006022191,0.018370453,0.014931394,0.021311868,0.008571602,0.010149605
/mnt/sdd/caltech_training_multiclass/train/009.Brewer_Blackbird/Brewer_Blackbird_0026_2625.jpg,8,-0.000824586,-0.004830185,-0.00207651,0.005242741,0.004037926,0.0001444,-0.009035679,-0.012712367,-0.028689213,-0.019650768,-1.56E-05,-0.003913135,-0.004360362,-0.012150398,-0.017854229,-0.013168619,-0.013766544,0.006038324,0.00600253,0.013189498,-0.022227364,-0.006094241,0.007715518,0.002813237,-0.003703472,-0.000203549,-0.004306779,-0.003710326,0.0028938,0.005527736,-0.002948529,-0.011229655,0.000151283,-0.016313266,-0.00662842,-0.008726646,-0.029622223,-0.03289318,-0.015209278,-0.01729384,0.00041587,0.001448302,-0.00928802,-0.021584224,0.002949362,-0.003155732,0.002244933,0.006739435,-0.003079101,0.008870623,0.004080797,0.005156747,0.003619785,-0.01862921,-0.015250057,-0.004530912,-0.000183409,0.003113915,0.012865847,0.017058501,0.005180736,0.006077022,0.001430023,0.01737684,0.009084642,0.014288891,-0.008944717,-0.004459262,0.000793867,0.001227641,0.027811984,-0.010736348
/mnt/sdd/caltech_training_multiclass/train/009.Brewer_Blackbird/Brewer_Blackbird_0116_2327.jpg,8,0.001247386,-0.003782145,-0.00369382,-0.002753503,-0.00151111,0.001260919,0.003793873,-0.00300691,0.001512324,0.003817292,-0.00058386,-5.22E-05,0.000769599,0.008788045,0.00990249,-0.007088649,-0.005093709,0.003591726,-0.017011661,-0.005624298,-0.007680337,-0.008815181,-0.003148103,0.002167316,0.006159011,0.006709522,0.004933049,-0.009672278,-0.004042728,-0.005469685,-0.001461763,0.001245299,0.007429291,0.006635352,0.006709902,0.014782758,-0.026180197,-0.017312864,-0.014244853,0.000925364,-0.001472823,0.028080745,0.003969733,0.011597497,-0.002338403,-0.009455988,0.001465584,-0.025846746,-0.00395587,-0.012751136,-0.005728928,0.006036527,-0.001006245,-0.008919353,-0.010690495,0.001821993,0.011450883,-0.004429667,-0.007391806,-0.008869738,-0.012347719,-0.010172357,0.003305025,-0.008899695,-0.010114739,-0.008060447,-0.011377212,0.006285621,0.009813154,0.015501291,-0.007420748,0.004302634
/mnt/sdd/caltech_training_multiclass/train/009.Brewer_Blackbird/Brewer_Blackbird_0014_2679.jpg,8,0.000587995,0.001029693,0.000462209,0.000714898,-0.000257,-0.003072684,-0.003028354,-0.003159246,0.000791367,-0.007059116,-0.008867318,-0.003622392,-0.002833108,0.007333255,-0.00395486,-0.005615145,-0.001778424,-0.006759646,0.000215694,-0.003367942,0.003388071,-0.002794383,-0.007206913,-0.002136167,0.017070096,0.007415261,-0.005992339,-0.005180856,-0.006841534,0.001095892,0.000408264,-0.005742088,0.002231119,0.007820469,-0.000115744,-0.002309335,0.002525355,0.011667873,0.016006783,0.000194465,0.008875584,0.003423375,-0.005519976,-0.007427536,0.000377337,0.0052981,-0.001368126,-0.009377035,0.022378089,0.017802373,0.018769741,0.007687625,0.000108916,0.007348397,-0.005497404,0.007716753,0.009788932,-0.01388121,0.003960302,-0.000473657,0.005718098,0.004163524,0.004152078,0.00801695,0.011310989,0.015184625,0.008221135,-0.004995885,0.00071739,0.004388601,0.001574915,-0.004591908
/mnt/sdd/caltech_training_multiclass/train/009.Brewer_Blackbird/Brewer_Blackbird_0070_2325.jpg,8,-0.001044476,0.001541413,-0.00155228,0.004398717,-0.000447241,-1.63E-05,-0.003284637,-0.006060964,0.001345423,-0.006220837,-0.003305606,-0.009837438,-0.012936059,-0.020269308,-0.011323849,-0.018151559,-0.013864817,-0.003769467,-0.000320403,0.00077568,-0.011109851,0.000658574,-0.006863346,0.001544859,0.003347973,-0.003890584,0.000422748,-0.012152283,-0.001368064,-0.003944514,-0.000124544,0.001708411,0.003348241,0.001663917,-0.013294361,-0.008703403,-0.01598503,-0.00428274,-0.010062396,-0.031421803,-0.000652132,-0.019491287,-0.012628011,0.023503665,0.022757024,0.007293019,0.005363439,0.007044737,-0.004691133,-9.22E-06,-0.010484707,-0.011525717,-0.014216137,-0.001317181,-0.000946929,7.37E-06,0.014222041,0.014083384,-0.006730856,0.01479318,0.015407507,-0.004236943,-0.016773507,0.016188858,0.025585743,0.041427318,0.00777039,0.015049895,-0.001600582,0.016423676,0.0135069,0.000754989
/mnt/sdd/caltech_training_multiclass/train/009.Brewer_Blackbird/Brewer_Blackbird_0045_2303.jpg,8,0.003014276,0.002550478,0.001818661,-0.007021788,-0.00845974,-0.004535403,0.001659912,-0.006098271,0.01218141,6.68E-05,-0.010738615,0.000284227,-0.001817072,-0.007445823,-0.009394263,0.004210378,-0.010674953,0.000949715,-0.001789428,-0.000526563,-0.002816909,-0.005181482,-0.016476559,0.00163512,-0.01125057,-0.009649544,0.006923785,-0.008855441,-0.009488305,0.006788092,-0.003512565,0.006117971,0.000326165,0.013553232,0.007403919,0.00305821,-0.035037708,-0.03885427,-0.052515198,-0.018135557,-0.03718877,-0.011896201,-0.002528513,-0.001391079,0.005707102,-0.012743699,-0.013824925,-0.008792244,-0.013968425,-0.011795242,-0.007675604,-0.011510492,0.00253018,-0.014358758,-0.007811314,-0.006095703,0.00853331,0.008376656,0.007462605,-0.000657676,0.006243122,-0.013310161,-0.00604569,0.011882637,0.00848976,0.010778546,0.004129991,0.011099147,0.017255262,0.00905476,0.006450575,-0.00425974
/mnt/sdd/caltech_training_multiclass/train/009.Brewer_Blackbird/Brewer_Blackbird_0009_2616.jpg,8,-0.003162458,-0.004613289,0.001433683,-0.00112961,0.007989939,0.001749509,0.007581372,0.003545997,0.000530934,-0.000825754,-0.006387781,-0.000151775,6.80E-06,0.003950934,-0.008449961,0.005535545,-0.004014415,0.016427293,0.006157265,0.006564234,-0.008816863,-0.001314565,0.005908273,0.006298443,0.001082849,-0.003849159,0.000727127,-0.003444619,0.000765118,0.008657359,0.004971023,0.013114492,0.002498312,-0.011953438,-0.011179708,-0.009391811,-0.033489894,-0.02151474,-0.025652809,-0.041479662,-0.01718627,0.013117068,-0.025657337,0.009085853,0.011746457,0.007127402,0.013279888,0.02359242,0.003262141,0.0239811,0.010391674,0.001411539,-0.011074827,-0.011297274,-0.007611571,-0.01797378,-0.005183329,0.012563216,-0.000897605,-0.001166644,0.006875315,0.008920958,-0.00305261,0.002908763,-0.000198923,-0.019269504,-0.009148918,-0.016709302,-0.019965926,-0.013859794,-0.009127121,-0.013819583
/mnt/sdd/caltech_training_multiclass/train/009.Brewer_Blackbird/Brewer_Blackbird_0065_2310.jpg,8,0.000323756,-0.00347582,-0.001830467,-0.005141436,-0.013319169,-0.003782424,-0.012870894,-0.010656475,0.013649674,-0.012481319,-0.004173107,-0.014857875,-0.01575604,0.007294837,-0.021854335,-0.015622535,-0.022872962,-0.00705889,-0.005366658,-0.002790293,-0.00463889,-0.015362687,0.006833344,0.013022017,0.00118901,-0.005234751,-0.005832772,-0.023316398,0.001026296,0.003235708,0.005030947,0.004649812,-0.018307917,0.012502201,0.010597641,0.010082296,-0.052413665,-0.026659742,-0.010548047,-0.044058908,-0.014755338,0.010108667,-0.006413433,0.014707629,0.002198703,-0.006938904,-0.009140471,-0.03737755,-0.014805265,-0.016341904,-0.01617122,-0.014855343,-0.012084914,-0.010092114,0.002315907,0.004645326,0.002223358,0.00265485,-0.010358919,-0.016444776,-0.020739922,-0.006055381,-0.013125542,-0.015456944,-0.016738512,-0.013333289,0.000755702,0.011226394,0.017424649,0.013227365,0.000466158,-0.002028533
/mnt/sdd/caltech_training_multiclass/train/009.Brewer_Blackbird/Brewer_Blackbird_0012_2691.jpg,8,-0.00077814,0.000462079,-0.002140893,0.008382255,0.005068633,0.001078027,-0.000546455,0.011627224,-0.006413282,-0.013456477,-0.002290857,-0.005387879,0.00478325,0.002278191,0.007394126,-0.005391667,-0.006151115,-0.002759313,0.001822717,0.003797582,-0.005846594,-0.002342203,-0.005429422,0.011826788,4.19E-05,0.001331171,-0.003867087,0.00548122,0.008298833,-0.003478279,-0.005126971,0.002920006,0.006452133,0.000804814,0.003572292,-0.002971477,-0.040149473,-0.033820875,-0.03857785,-0.034220703,-0.022373663,-0.001822808,0.002416467,0.00372182,0.001471847,0.008873928,0.004615684,0.003057164,0.007323511,0.00847883,0.008279122,-0.024636282,0.008824176,0.00637339,0.004166523,-0.005547855,0.014468444,0.026020601,-0.005018958,-0.007173985,0.009136012,0.015219537,-0.017584365,0.027201783,0.0319238,0.033091336,0.003690138,0.015542251,-0.002542627,0.00537713,0.013978267,-0.003608371
/mnt/sdd/caltech_training_multiclass/train/009.Brewer_Blackbird/Brewer_Blackbird_0140_2586.jpg,8,0.00209462,-0.000675343,-0.001384596,-0.005193595,0.000759963,0.002822086,0.006023847,0.009933018,-0.001896278,0.004735848,0.01180731,0.005719392,0.006462324,-0.009321733,0.014802744,0.014758403,-0.003526178,-0.007443634,-0.007823684,0.00929625,0.004323433,0.001507235,0.016490944,0.000854983,0.001648884,-0.000978252,-0.000198405,0.00154197,0.002793724,0.006921611,0.003911633,0.019806866,0.010020526,0.006352881,-0.003946293,0.002230031,0.003577584,0.026017655,0.002667105,0.027785834,0.016382398,-0.003230189,0.00210955,0.014835276,0.009494342,0.003134509,0.009926278,-0.004279815,-0.02686939,-0.014661545,-0.009306025,-0.00882697,0.001323809,0.014626971,0.009415166,0.012484187,0.001477248,0.001825915,-0.003093805,0.00328916,0.011575557,0.02360484,0.004298201,0.01721355,-0.011728331,0.001814376,-0.000698814,0.012049674,0.017359415,-0.000899481,0.003379317,-0.00734204
/mnt/sdd/caltech_training_multiclass/train/009.Brewer_Blackbird/Brewer_Blackbird_0101_2630.jpg,8,0.000519882,0.000212789,0.00110686,-0.01197717,-0.010031692,-0.003122906,-0.007205681,-0.003974092,-0.009846093,-0.007090073,-0.003849614,-0.010117704,-0.013375575,0.003215559,-0.002491927,0.012137285,-0.001450348,-0.012092512,-0.003933491,-0.002061529,-0.00413236,-0.012058289,0.002529332,0.003564065,0.012329774,0.003290179,0.002084857,-0.005581932,0.015026641,-0.006181634,-0.010129783,-0.01320051,0.010321977,-0.000933624,0.002289403,-0.004965556,-0.001460275,-0.00431228,0.002325928,-0.005478032,0.002256,-0.003130701,-0.00326999,-0.009201971,-0.004976707,0.008720066,0.012543174,0.024217654,0.006965811,0.003107123,-0.009426227,0.03131021,0.013439157,0.013953008,0.004152776,0.002029731,-0.002756111,0.001553797,-0.004084519,-0.003590951,-0.004793892,0.014713615,0.003700832,0.004087037,0.001909556,0.007138174,-0.00010863,-0.008295979,-0.005617223,0.000396805,-0.002299666,0.000238525
/mnt/sdd/caltech_training_multiclass/train/009.Brewer_Blackbird/Brewer_Blackbird_0131_2289.jpg,8,0.000976409,0.001032821,0.00336677,-0.004667923,-0.00101459,-0.001945294,-0.001184142,-0.017060794,0.016839784,0.006762628,-0.009074926,-0.004218117,-3.42E-05,0.028761774,0.000287832,-0.012519935,-0.008988356,0.011052229,0.001615819,0.010481186,-0.017724166,-0.002715879,-0.006541465,0.008660161,0.010562508,0.010564035,0.000892055,-0.002967418,-0.008874539,0.001278186,-0.003538973,0.014343422,0.011479865,0.009364357,-0.002932819,-0.00047215,-0.032500044,-0.025582254,-0.047260433,-0.036212817,-0.03633088,0.01664971,-0.011225648,-0.00396928,-0.013652183,-0.000127423,-0.018497134,-0.00682625,-0.010532239,-0.02124593,-0.012095334,-0.01009195,-0.010554533,-0.009623235,0.001473633,-0.004023836,-0.007159157,-0.012347316,-0.016059691,-0.024631804,-0.002204022,-0.005828784,0.004347501,-0.024688313,-0.03451127,-0.031429753,0.007933353,0.01573112,0.017559675,0.013413753,0.017203243,-0.000460609
/mnt/sdd/caltech_training_multiclass/train/009.Brewer_Blackbird/Brewer_Blackbird_0112_2340.jpg,8,-0.001448994,-0.001753806,0.001947308,-0.00023323,0.000311002,0.000511976,0.007385369,0.007671719,0.010029297,0.003467625,-0.001331698,0.00490649,0.00358074,-0.012870967,0.006053127,-0.000845089,-0.003154948,0.017929703,0.004476361,0.016311463,-0.000581864,0.007433807,0.00667876,0.007253306,0.004766864,0.003004396,0.006029043,-0.008156525,0.00827825,-0.011205622,-0.009145456,-0.003812115,0.009911582,0.005910783,0.007060899,0.002731971,-0.023615256,-0.000205369,0.011479113,-0.002425468,0.002717351,-0.014617465,-0.002527567,0.002300018,0.004582399,-0.010819174,0.040686756,0.033744,0.00949047,0.018908953,0.00936195,0.010594342,-0.002345476,0.009360604,0.008891975,0.007789173,-0.003385898,-0.008259344,0.009828083,0.000826774,-0.005910602,0.01376415,0.011533755,0.010332137,0.008006839,0.008417808,-0.007476638,-0.003587058,-0.01184568,-0.008756409,0.001396346,0.003736995
/mnt/sdd/caltech_training_multiclass/train/009.Brewer_Blackbird/Brewer_Blackbird_0132_2293.jpg,8,-0.001308114,0.002621352,0.001622182,-0.005612354,-0.002388862,5.35E-05,-0.00224293,0.000704795,-0.000846064,0.001053252,-0.003181248,-0.008965346,-0.01175154,-0.00773448,0.008018689,-0.009614977,-0.000240173,0.003062381,0.00261766,0.0042639,-0.000937032,0.014593099,-0.006652855,-0.004842705,0.007185086,0.01668213,-0.000688767,-0.008233445,0.008430243,-0.001894882,0.002271687,-0.003771601,0.012985453,-0.005558166,-0.007659249,-0.002008423,0.005354899,-0.008275924,-0.002735266,-0.008816619,-0.001224483,-0.005326537,0.001699284,0.005639488,0.002986586,0.00571161,-0.01363571,0.002373439,0.000251463,-0.000669084,0.008784217,0.017475193,0.0087567,0.009960486,0.002343789,0.004564587,0.007026343,0.020061228,-0.003015941,-0.005829075,0.009085984,0.005204162,0.001914764,0.017928092,0.011979422,0.020480003,0.001841275,-0.000832688,-0.015378905,-0.004397863,-0.002277476,0.002102776
/mnt/sdd/caltech_training_multiclass/train/009.Brewer_Blackbird/Brewer_Blackbird_0002_2278.jpg,8,-0.009444285,-0.008150105,-0.001645062,0.003286311,-0.005600879,-0.001626928,-0.014499491,-0.002737712,-0.013991699,-0.017786508,0.001160077,0.001701292,-0.002464932,-0.011769816,-0.013046119,-0.0204378,-0.015554599,-0.011573899,0.00651836,-0.002290575,0.002145754,0.008125933,-0.012538583,-0.005953291,-0.016024455,-0.007699881,-0.014089117,-0.000944735,-0.00033835,-0.002447185,0.006481404,-0.012432812,-0.012422748,0.00995605,0.002335916,-0.002742948,-0.012733371,-0.004988852,0.014778825,-0.001067167,0.009006009,0.012239117,-0.012140105,0.017109089,0.013534511,0.01062068,0.036749087,-0.007542961,0.009772543,-0.016317671,-0.008152871,0.0151977,0.010450765,0.008794885,0.000983412,0.000192871,0.002678089,0.010230668,-0.001075746,0.013093832,0.01070207,0.005282238,0.005889623,0.015182054,0.024747208,0.01843125,0.000241629,0.005589364,0.000531708,-0.012971303,-0.00472464,0.004947814
/mnt/sdd/caltech_training_multiclass/train/009.Brewer_Blackbird/Brewer_Blackbird_0078_2659.jpg,8,0.000166703,-0.004645958,-0.003209254,-0.004288892,0.002012689,-0.000344152,-0.006399273,0.00262286,-0.012936393,-0.005528946,0.00346739,-0.000231342,-0.000380482,-0.015105514,-0.000425339,-0.008843907,0.001274305,-0.012848132,0.002415707,-0.00554624,0.011352327,0.005296751,-0.00368896,0.000311405,-0.001318569,0.003792774,-0.001874632,-0.006101408,-0.008724269,0.003264957,-0.003513221,-0.006372497,-0.014423785,0.01049841,0.00496576,0.006295965,0.007726894,0.019764323,0.004087008,0.003865932,0.011581807,0.009370651,-0.013710202,0.002899641,-0.012951748,-0.000472659,0.02401916,0.006186772,0.011267507,0.006277067,0.014934978,0.005634244,-0.01605538,-0.000327894,0.003431282,0.005749548,0.008114559,0.022873305,-0.002294232,0.014523864,0.020274084,-0.012492076,0.000957318,-0.003886994,-0.006538582,-0.014920684,0.010964514,0.01204606,0.017168388,0.005692664,-0.000628471,-0.003618905
/mnt/sdd/caltech_training_multiclass/train/009.Brewer_Blackbird/Brewer_Blackbird_0133_2324.jpg,8,-0.000639698,0.003225425,0.001074534,0.001463755,0.00117563,0.000279455,0.006565602,0.003327189,0.007369248,-0.008914484,-0.000881284,-0.002585326,0.003432607,-0.011392741,0.024037078,-0.011980006,0.003260891,0.015048517,0.002535621,-0.003366723,0.013232122,0.014678489,0.012951281,0.007196828,0.002908266,-0.000920513,0.005824509,-0.000697711,0.008369057,0.005035654,0.002143717,0.012918852,0.009408865,0.003115645,0.019433266,0.008900661,0.021689342,0.027374297,0.011802509,0.023492325,0.021215241,0.008945065,0.00810164,0.002266379,-0.005137183,0.001008765,-0.009785034,-0.009494048,0.005507651,-0.00312686,-0.008478537,0.012696958,0.003599933,0.003012182,0.000473383,0.002220775,-0.006805873,0.013164439,0.001969045,0.002424559,0.004731146,-0.0008873,0.003709753,0.014911568,0.014626877,0.024245244,0.005894961,-0.016554624,-0.010156136,0.004858183,0.001224111,-0.007065002
/mnt/sdd/caltech_training_multiclass/train/009.Brewer_Blackbird/Brewer_Blackbird_0090_2658.jpg,8,0.002854005,0.001979667,0.001559702,-0.001644718,-0.005629237,-0.002501421,0.006481653,0.001971528,-0.008793544,-0.01010504,-0.003586546,0.00020107,0.001569388,0.004585824,-0.001873814,-0.002479333,0.00042458,-0.004367681,-0.002492938,0.002776874,-0.009732277,0.006111436,0.003784726,0.003778465,0.003823797,0.007648538,0.010435075,-0.013622236,-0.00462238,0.000318469,-0.003267363,0.011634926,-0.012690362,-0.00468216,0.021501131,-0.004621477,0.000721488,-0.004713321,-0.003096345,-0.019119278,-0.005817059,0.014295165,-0.002403253,-0.005890026,-0.012414184,-0.011227908,0.010374088,-0.000198081,-0.024571152,-0.007557514,-0.001742316,0.008632548,-0.009120701,0.00954974,0.006061141,0.003216082,-0.007260454,-0.010135194,-0.012848212,-0.003748882,-0.009902047,0.007170465,-0.004360518,-0.002053608,-0.005600588,-0.009577328,-0.011144186,0.000534689,0.004963998,-0.004014897,-0.005360139,-0.01002378
/mnt/sdd/caltech_training_multiclass/train/009.Brewer_Blackbird/Brewer_Blackbird_0095_2610.jpg,8,0.005610352,0.006708509,0.001921167,0.008348132,0.010067022,0.002399364,0.000740981,-0.01451591,0.010498455,0.017232426,0.003031819,-0.010616384,0.004840882,-0.000678953,-0.003141479,-0.026921155,-0.014436376,-0.003632546,-0.002948969,-0.003429682,0.000623937,-0.007411769,0.000591388,0.001370587,-0.010454333,-0.006024498,0.008392611,-0.010649983,0.003156122,0.011975524,-0.004713929,-0.007659008,-0.010977816,0.018620688,-0.004043496,-0.002218521,-0.022401491,-0.019230211,-0.024313401,-0.008316102,-0.010025802,-0.009993184,-0.014497447,-0.003125697,-0.01685406,-0.007183746,-0.009715101,-0.009962197,-0.004736405,0.002358127,-0.006747014,-0.007463504,-0.010424253,-0.020549564,-0.00788554,-0.006978533,-0.011404377,-0.02525201,-0.021443214,-0.017997246,-0.014419282,-0.009966046,0.002145835,0.001736306,-0.003161574,-0.014355483,0.014774204,0.008458819,0.011498531,0.016027622,0.001984356,-0.00188837
/mnt/sdd/caltech_training_multiclass/train/009.Brewer_Blackbird/Brewer_Blackbird_0082_2593.jpg,8,0.001200804,-0.002091296,0.001253291,-0.010978857,-0.007031933,-0.002203692,0.0003453,0.003362157,0.010793211,0.002940681,0.000862484,-0.011179094,-0.004984899,0.005691095,-0.004363669,-0.002121873,-0.003621186,0.007255744,0.002292241,0.0016384,-0.006730913,0.013794467,0.006391807,0.00532117,0.017484672,0.021064745,0.010610951,-0.010719931,-0.000618869,0.002796042,-0.002278054,0.002437072,0.01757605,-0.010636683,0.003641305,-0.007175624,0.017178155,-0.012809819,0.005176446,0.005483346,0.017511569,0.008687911,0.019369587,0.008871033,0.015992027,0.003416723,0.00669219,0.015485955,0.011443544,0.011278899,0.004092966,0.019190857,0.016169604,0.002569255,-0.002975609,-0.003196959,0.02027302,0.007407538,-0.002300346,0.002683715,-0.00889397,0.01979953,0.005414012,0.006338645,0.006926271,0.023709795,-0.001511393,0.010255273,-0.018760353,-0.013329534,0.004927707,0.008122131
/mnt/sdd/caltech_training_multiclass/train/009.Brewer_Blackbird/Brewer_Blackbird_0018_2261.jpg,8,-0.000956442,-0.000513337,-0.003283372,0.000993013,0.003066392,0.000571619,0.000706187,-0.003849858,-0.006690311,0.01438049,-0.00150143,-0.00745406,-0.005005909,0.001173829,0.011392114,-0.001166195,-0.008767705,-0.010070926,0.001782195,-0.011459073,0.011008566,0.001584628,-0.005837712,0.006574004,0.006359411,0.00174003,-0.005337794,0.002922528,0.006932624,-0.007992677,-0.004558516,-0.011281866,-0.004704521,-0.008240795,0.003704133,0.000903076,0.012648858,0.00038171,-0.001557234,-0.017991787,-0.005477545,0.012281454,-0.002903406,-0.018311935,-0.01177649,-0.018164197,0.010598203,0.000334154,-0.00203065,-0.003457068,0.013576292,0.005027948,0.01365771,0.019801851,0.004326118,0.012226971,-0.021215416,-0.017864332,0.001414772,-0.005188753,0.010716794,-0.00441391,0.02049763,0.00352013,0.005201246,0.015681941,0.003979223,0.010610146,-0.005129683,0.001078853,0.016350228,0.010294176
/mnt/sdd/caltech_training_multiclass/train/009.Brewer_Blackbird/Brewer_Blackbird_0028_2682.jpg,8,-0.001996574,0.00047627,0.002028916,-0.015011704,-0.011984785,-0.00474163,-0.011471367,-0.013891153,-0.006348461,-0.001397689,0.001217934,-0.005866182,-0.007802626,0.002159121,-0.020252958,-0.007779009,-0.008783609,-0.012417515,0.006307357,0.008499634,-0.014275125,0.006228326,0.002317557,0.014297627,0.002628864,0.001924544,-0.000973714,-0.014690919,0.009171952,-7.46E-05,-0.001661011,-0.006617377,0.003944442,0.000539566,0.010911128,0.0098713,-0.04582106,-0.023239098,-0.016493227,-0.02944575,-0.007540611,-0.016614914,-0.005550898,0.015826857,0.018160954,0.011004557,-0.001331148,-0.000689555,0.001021798,-0.012860977,-0.001605515,-0.012178627,-0.002416956,-0.005866365,9.67E-05,-0.004518601,0.021645647,0.020412866,0.013483798,0.004330658,-0.006018624,-0.013758238,-0.024037626,0.009495457,0.020156026,0.022293974,0.007757245,0.008855424,-0.004879427,8.11E-06,-0.005970549,-0.014203624
/mnt/sdd/caltech_training_multiclass/train/009.Brewer_Blackbird/Brewer_Blackbird_0064_2290.jpg,8,-0.002961277,0.003030973,-0.000255511,0.002606422,0.00587277,0.000520729,0.006490921,0.018397562,-0.012667457,-0.000696172,-0.003814741,0.000998659,-0.002438932,0.001472028,0.016430613,-0.015711188,-0.021097608,-0.002536259,-8.24E-05,0.015753817,0.000636121,0.01607388,0.008598259,0.006143436,0.004749279,0.001406689,0.001992329,0.001690999,0.002902988,0.005431676,-0.001390064,0.005901605,0.018689215,-0.027829684,-0.011549612,-0.008974334,0.012881359,-0.008348283,-0.007415597,-0.01864462,-0.002426444,0.000469143,0.03554774,-0.005180902,0.019058943,0.012702544,0.003573645,0.002932284,0.010833323,0.003654291,0.008387565,-0.004823843,0.001883639,-0.002343092,-0.005097148,-0.001084093,0.005505857,0.002777374,-0.024220094,-0.017928138,-0.019495655,0.002511567,0.000918203,-0.002224439,-0.00489415,0.012547717,0.010341667,-0.000805124,-0.008147405,-0.000863191,-0.000702953,0.012946349
/mnt/sdd/caltech_training_multiclass/train/009.Brewer_Blackbird/Brewer_Blackbird_0074_2277.jpg,8,0.000549317,-0.001872742,0.001577057,-5.62E-05,0.003362216,0.002283909,0.000575133,0.005303972,0.005082808,0.003545465,-0.000516251,-0.008183651,-0.014810164,0.004891359,0.001281183,-0.002949416,-0.009035425,0.004993909,-0.000631338,0.006070564,-0.02316138,-0.002759162,-0.001006702,-0.006329214,0.009091594,0.003909747,-0.000764352,-0.006254766,0.002778156,0.003347671,-0.004268016,-0.011915728,-0.002160719,-0.009489527,-0.016764348,-0.003569539,-0.02244937,-0.010810926,-0.003260097,-0.000292813,-0.006456368,0.012896161,-0.002940245,0.011029125,0.012303871,0.004414539,-0.008173538,-0.00426254,-0.018548291,-0.01924562,-0.024824651,-0.013615375,0.000494279,-0.012384644,-0.016018983,-0.003569214,0.003899004,0.002720258,-0.011076482,0.005586787,0.015541075,0.006898108,0.012918079,0.021661393,0.020206278,0.016704977,-0.004241636,-0.00724851,-0.011470282,-0.013915469,-0.005242591,0.003432341
/mnt/sdd/caltech_training_multiclass/train/009.Brewer_Blackbird/Brewer_Blackbird_0004_2345.jpg,8,-0.000117316,-0.000357599,0.001117679,0.013106102,0.008463707,0.00369538,0.005440251,0.010908677,-0.013052573,-0.008842913,0.006496155,-0.002071413,-0.001952737,0.00403953,0.014621032,0.015261969,0.009943879,0.003618349,-0.003572432,0.00209073,0.016216643,0.020258453,0.012809903,0.01654195,-0.010433202,-0.004113032,-0.003728168,0.006148628,0.010768008,0.002323109,0.010589225,0.029069494,-0.000219945,0.005285616,0.017431375,0.009638426,-0.009934078,-0.003708823,-0.00458531,-0.011368017,0.002119441,0.030233532,-0.002138798,0.023590025,0.023545653,0.01649483,0.012061499,0.030039027,0.024766354,0.029973332,0.006931228,-0.001131856,0.007514566,0.004744247,-0.007227012,0.005850396,0.012447827,0.015221791,-0.000390629,0.006492964,-0.008599283,0.00973666,0.005212995,-0.004290213,0.002222138,0.013207398,0.007419831,0.01330472,0.014894173,0.017765984,0.00784692,0.00551183
/mnt/sdd/caltech_training_multiclass/train/010.Red_winged_Blackbird/Red_Winged_Blackbird_0024_4180.jpg,9,-0.000594727,0.003358538,0.003351373,0.006581472,0.009795513,0.004511637,0.012041071,0.009240465,0.008988274,0.003514967,0.007997072,0.003372281,0.007477379,0.013295263,0.018467939,0.001034106,0.003397457,-0.000596977,0.002982504,-0.009774692,0.029882267,0.006182991,0.012479283,0.011584991,0.001992926,0.003952419,0.002861153,0.011750771,0.009546316,0.011132561,0.007547414,-0.013398303,0.005772664,0.010242034,0.008371121,-0.007713551,-0.002453593,0.020107714,0.011235899,0.03242558,0.028570931,0.002835563,0.001047661,-0.000886496,-0.010458849,-0.010711371,0.012793518,-0.004297821,-0.023985928,-0.008945571,-0.004177789,0.014601496,0.005237598,0.019836007,0.011602726,-0.007053085,-0.005558266,-0.008809567,-0.01562175,-0.013138985,-0.015534857,0.024516813,0.007971676,0.000595188,-0.009625522,-0.011810279,-0.017328288,-0.023806863,-0.002007152,-0.014980845,-0.004757858,-0.001894541
/mnt/sdd/caltech_training_multiclass/train/010.Red_winged_Blackbird/Red_Winged_Blackbird_0022_4483.jpg,9,0.004447015,0.002168743,0.002132865,-0.002680483,-0.003234282,0.001355275,0.009140707,0.002869723,0.024733262,0.02275506,0.003652174,-0.004100622,-0.003156217,-0.007642475,-0.003916295,0.008608639,-0.002983581,0.003313053,0.00896411,-0.001617062,-0.011962179,0.008813246,0.011573495,0.004511903,0.003390906,0.008538253,-0.005109578,0.002579423,0.009516662,-0.002124399,0.012358207,0.004316684,0.010534303,0.002634493,-0.015204984,0.000491048,-0.010756427,-0.001380295,0.012759824,-0.002516787,-0.007220278,0.007273477,0.011244272,-0.01147922,-0.001966277,-0.004866328,-0.02131578,-0.01437746,-0.025475211,-0.018781401,-0.008534925,0.001886767,-0.003262481,0.006760086,0.010639861,0.012340322,-0.002125428,-0.004402333,-0.012312582,-0.004089913,-0.008907408,0.015263069,0.006064804,-0.0300895,-0.021766992,-0.017757466,0.010654107,0.003678775,0.008672927,0.014490695,0.002433881,0.014607346
/mnt/sdd/caltech_training_multiclass/train/010.Red_winged_Blackbird/Red_Winged_Blackbird_0014_3761.jpg,9,0.000917911,0.00368427,0.000105169,-0.003416335,-0.001429976,0.001406204,0.003604485,-0.005246708,-0.0035648,0.005541493,-0.011708465,-0.004724259,-0.000677169,-0.006467728,0.006333877,0.004292427,0.000163785,0.012380386,0.01324179,0.010194441,-0.014366929,0.002720623,-0.003548503,0.007358595,0.001101021,0.013973087,0.013161389,-0.004908005,0.0031532,0.003366657,0.011383555,0.023761889,0.012846056,0.011535455,-0.004395654,-0.016093614,0.015368304,-0.00789173,0.001590905,-0.02187907,-0.005231518,-0.014302694,0.004834965,0.002145948,-0.003892472,0.002709373,0.010259561,0.00059162,0.005202418,0.003080623,0.012733933,-0.020268187,0.018508416,0.013412841,0.004838646,-0.003437729,-0.02407001,-0.003924375,0.011754422,0.02491062,0.030429864,0.003275934,0.01818746,-0.021515738,-0.024746705,-0.020439442,0.006009856,0.018107574,0.026756741,0.011492655,0.003296181,0.007130982
/mnt/sdd/caltech_training_multiclass/train/010.Red_winged_Blackbird/Red_Winged_Blackbird_0088_4007.jpg,9,-0.003251071,0.000105996,-0.003040602,-0.001157547,0.003120949,0.002820448,-0.002260394,-0.017996563,0.001384397,-0.015155006,-0.007342657,-0.008464099,0.001513694,-0.003610865,-0.008592176,-0.012969434,0.006014982,0.007472898,-0.002148517,0.003490543,-0.002145039,0.000649804,-3.02E-05,-0.000199316,0.003164941,0.001309986,0.00545632,0.003407895,-0.004970541,0.006075557,0.009475739,0.005857176,-0.012233788,-0.002480872,-0.001378092,-0.009694023,0.005750055,0.01826109,0.007190129,-0.014280468,-0.008876977,0.00048907,-0.002021532,-0.024665639,-0.016033035,-0.006467683,0.022832716,0.01062822,0.011738354,0.016825361,0.018176258,0.005442725,0.00740722,-0.013924699,-0.00367055,-0.010395012,-0.020273428,-0.025581727,-0.004606024,-0.005501614,0.001776256,0.008205516,0.002745614,-0.008311049,-0.005824651,-0.01164502,-0.00287696,0.006913937,0.008935064,0.012671417,0.00110547,-0.000712242
/mnt/sdd/caltech_training_multiclass/train/010.Red_winged_Blackbird/Red_Winged_Blackbird_0085_5846.jpg,9,-0.001717274,0.000355512,0.000102086,-0.001510938,0.00047926,0.001857099,0.008475028,0.006624461,0.002862398,0.004246918,0.009666359,0.002974807,0.008373869,-0.013843605,0.001637451,0.030437646,0.022007452,-0.001322678,0.002076267,-0.003772572,0.017764919,0.011807669,-0.003743564,-0.003768469,0.015019243,0.001131863,0.004714045,0.019332923,0.002435372,0.003068457,-0.002527416,0.005249589,0.015783641,-0.014242942,0.01027266,-0.000107727,0.006242821,0.01212484,0.01688461,0.027663462,0.011449223,0.0072954,0.004381583,-0.003638578,0.015713714,0.007664075,0.005241202,0.012139914,0.015819281,0.02897425,0.019658271,0.013315681,0.000165844,0.012520843,0.008627838,0.010668866,-0.003415571,0.000954424,0.004970304,0.009546325,0.008335378,0.02305947,0.011212106,-0.007541303,0.006110241,-0.004195656,0.010783875,0.005164334,0.00808532,-0.00068468,0.004659475,0.004601293
/mnt/sdd/caltech_training_multiclass/train/010.Red_winged_Blackbird/Red_Winged_Blackbird_0027_4123.jpg,9,-0.000396553,-0.00201433,0.003748332,0.002745311,0.00081468,5.23E-05,0.002320996,-0.000208883,-0.004271404,-0.001729061,0.005491829,0.007139448,-0.007195714,-0.005602202,-0.00761415,-0.004835929,-0.008726177,0.003593696,0.006260617,0.002767485,-0.019567197,0.004067035,0.001631369,-0.001116544,-0.013670212,-0.011128828,-0.013716953,-0.008511682,0.015806224,0.006573177,0.004665809,0.001614213,0.007933867,-0.002681561,0.004219288,-0.000294545,-0.015781544,0.002877062,0.00414077,-0.000383486,-0.00631529,-0.003311739,-0.001276433,-0.003295465,0.005778871,-0.004248346,0.006952141,0.007514004,0.007589498,0.011794274,0.009048078,0.003259812,0.009452784,0.004068737,-0.008058462,-0.000652506,0.023935128,0.019184168,0.025539292,0.027762093,0.023536567,0.014201638,0.011962086,0.005322962,0.012856801,0.023181023,0.009941625,0.001642505,0.001019311,0.01150355,0.009513108,0.010473289
/mnt/sdd/caltech_training_multiclass/train/010.Red_winged_Blackbird/Red_Winged_Blackbird_0006_6005.jpg,9,0.000764736,-0.001922064,-0.003622763,0.002581579,-0.003610174,-5.93E-05,-0.001295828,0.00283793,0.01576997,0.002006626,-0.011994228,-0.003434529,-0.003306676,-0.004428241,-0.009367555,-0.02054608,-0.00781963,0.010212528,0.003932853,0.008987473,0.006634391,0.005888884,-0.003583886,-0.003428872,-0.00527389,0.015774302,-0.001986668,-0.000346254,-0.003102952,0.012354452,0.014642948,0.007527576,-0.003736293,-0.007993478,-0.010123214,-0.006391213,0.019406388,0.019882703,0.000806242,-0.016507315,-0.014926963,-0.010392375,0.023907214,-0.002803604,-0.019035604,-0.014157367,0.005770593,0.007383743,0.016058765,0.00657101,-0.003231231,0.008426205,0.0084473,0.008797385,0.007814444,0.020124976,-0.007645774,5.78E-05,-0.010557049,-0.020551916,-0.011898061,0.024221368,0.003857505,-0.024654873,-0.005796007,-0.000509083,-0.004618522,-0.018825505,-0.011206036,-0.00501,0.006526675,0.017424783
/mnt/sdd/caltech_training_multiclass/train/010.Red_winged_Blackbird/Red_Winged_Blackbird_0062_4233.jpg,9,-0.002198919,-0.004614675,-0.002676884,0.004103236,0.001799263,-0.004521048,-0.001889252,-0.009309419,0.005237225,-5.00E-05,0.009190725,-0.007382241,-0.005674047,0.011312746,-0.023197807,-0.008048481,-0.008740881,-0.009129674,-0.01225361,-0.006946043,-0.016864985,-0.009566975,-0.01222025,0.004688606,-0.006383437,-0.002507437,-0.001852241,-0.02013624,0.001009926,0.003272412,0.002018973,0.002269672,-0.007363037,0.028121576,0.010033222,-0.000141339,-0.01753658,-0.024165794,-0.001591631,-0.023825739,-0.005682406,-0.014355975,-0.004416633,-0.002171115,-0.018738974,0.000526293,-0.020221435,-0.026268143,-0.016615678,-0.021491583,-0.01313491,-0.009692405,-0.004633684,-0.00287812,0.008313488,0.007237502,-0.018454794,0.001432392,-0.020017449,-0.009318331,0.000182241,-0.004261685,0.006083762,0.004951873,-0.00399893,-0.020434372,0.008638509,0.017624862,0.002589078,0.014312484,0.015558153,0.001343056
/mnt/sdd/caltech_training_multiclass/train/010.Red_winged_Blackbird/Red_Winged_Blackbird_0005_5636.jpg,9,0.001372183,0.002781144,0.001377381,0.014146846,0.008903477,0.002159447,-0.00747625,-0.028196288,0.03605672,0.010236812,-0.005751252,-0.005047344,-0.007280855,0.008504491,-0.017034335,0.016157195,-0.000278202,-0.005278951,-0.003242046,-0.018147817,-0.003525209,-0.015292537,0.003306498,-0.005825225,-0.005623615,0.004337584,0.006777708,-0.013741761,-0.004708606,0.000275664,0.009686256,-0.004528462,-0.018691035,-0.004017117,-0.016020492,-0.012430405,-0.015749443,-0.034113906,-0.002068815,-0.009679182,0.003677033,-0.008943316,0.010782377,-0.010162749,0.012202497,-0.003934623,-0.006600645,-0.026798699,-0.017868038,-0.010355059,-0.008256372,-0.012447313,-0.003548782,0.007113717,0.007061384,-0.003951511,-0.019595604,-0.025425768,-0.003992689,-0.01988823,0.002771179,-0.000356345,-0.001197005,0.019905478,0.039558746,0.026846396,0.004252167,-0.004432367,-0.005547859,-0.019170692,-0.007672498,0.008181012
/mnt/sdd/caltech_training_multiclass/train/010.Red_winged_Blackbird/Red_Winged_Blackbird_0032_4004.jpg,9,-0.002150045,0.003625859,0.001814065,0.004994121,0.003676387,0.00532363,0.007997906,0.005303139,0.018968627,-0.006772324,-0.005146518,-0.001157761,0.002446238,-0.005536432,0.002664611,0.015608502,0.005815516,0.002429007,-0.008179089,0.007612621,0.002965625,0.008834731,0.018588718,0.011240501,-0.002316085,0.01223128,0.007523944,0.009893153,0.019983266,-0.003685294,0.010963433,0.020942707,0.022706792,0.028736897,0.017461583,0.008156845,0.011449037,0.010684164,0.02727459,0.009565469,0.001929298,0.01006562,0.03042528,0.007385087,0.010707459,-0.003232558,0.003003015,-0.009210013,0.001334829,0.010704254,-0.003240382,0.004743523,0.010891774,0.004713043,0.006585249,0.009790386,-0.005214768,-0.007584326,-0.026314612,-0.025573678,-0.010162298,0.037618533,0.012082385,0.028279366,0.01368963,0.00871372,0.007970619,0.007428328,0.000743348,-0.00620274,-0.00271897,-0.003636438
/mnt/sdd/caltech_training_multiclass/train/010.Red_winged_Blackbird/Red_Winged_Blackbird_0025_5342.jpg,9,0.000975839,0.000117327,0.00019804,0.012054107,0.009257984,0.000351668,0.004215837,-0.000309739,0.006202633,-0.002630284,-0.002066395,-0.001820181,-0.002805715,-0.00010434,-0.009993764,-0.021277549,-0.023394499,0.001937358,0.002831341,0.010271353,0.016606834,-0.005886186,-0.007820082,0.002087759,0.004536561,0.002862254,0.001494155,0.001285441,-0.000829148,0.00291669,-0.004767156,-0.004887737,-0.007589053,0.000683663,-0.009600032,-0.007843939,0.003499152,-0.005800875,-0.000523076,0.009381902,-0.007642304,-0.01605849,-0.008159749,0.011604804,0.000833992,0.003944998,-0.008037518,-0.012189344,-0.018178321,-0.021808077,-0.025878128,-0.00583479,0.003778937,-0.002747311,-0.008460764,-0.007216108,0.002496384,0.00751592,0.004775561,0.00225854,-0.006898642,-0.000933308,-0.002933521,0.006235991,0.003178131,0.010798363,-0.004021831,-0.002791987,-0.007032886,-0.012668174,0.000581645,0.00094897
/mnt/sdd/caltech_training_multiclass/train/010.Red_winged_Blackbird/Red_Winged_Blackbird_0042_3635.jpg,9,0.001251836,-0.001180931,0.002496311,0.003429291,0.011024952,0.001141863,0.004917053,-0.004003502,0.01945131,0.013612324,0.013308981,-0.0002247,-0.010506086,0.004903714,-0.012791116,0.005047442,0.00964496,0.00746912,0.002086635,0.0097894,-0.012354935,-0.001024648,0.003415053,0.011727084,0.009367419,0.011286661,0.012058903,-0.003044378,0.009405845,0.007867927,0.006406658,0.024415173,0.011891654,-0.009168394,-0.001559198,0.004366899,-0.001939636,-0.020978997,0.002546163,-0.0168433,-0.018952088,-0.00231646,0.001341327,0.001511648,0.027241228,0.003881219,0.00492725,-0.020216329,-0.013326569,0.004578668,-0.000317215,-0.001486555,0.02349503,0.008365019,0.014410247,0.008656167,0.014588344,0.011695581,0.01775815,0.006058442,0.008915581,-0.006538494,0.002363011,0.014954859,0.01319408,0.012553873,0.012124381,0.003302106,-0.013038892,0.005234815,0.007656827,-0.002125066
/mnt/sdd/caltech_training_multiclass/train/010.Red_winged_Blackbird/Red_Winged_Blackbird_0064_4936.jpg,9,-0.003701104,-0.002584571,0.000633556,-0.010153551,-0.010371833,-0.001626394,0.002026268,0.003421328,0.000195965,0.013321329,-0.009915223,-0.005249743,-0.005158125,-0.002123047,0.001714735,-0.00162166,0.006720939,-0.010547152,-0.001753409,-0.006336356,-0.009230319,0.000623585,0.002188072,-0.012669694,0.005759048,0.004521679,0.012421242,0.006870296,0.003084385,-0.002259752,0.007003393,0.00468057,0.003396505,0.019150361,0.000409847,0.006614519,0.015721453,0.023812216,0.012650561,0.011089772,0.009944445,0.002446386,0.003677705,0.001216059,0.001377677,0.00371608,-0.027440857,0.011863103,0.016888272,-0.007071349,-0.005858305,0.018728595,-0.007528036,4.28E-05,0.004696156,0.00129211,-0.003497648,-0.013029034,-0.012367347,-0.014353723,0.001701452,-0.000107352,-0.004750188,0.001699012,0.00307713,0.011447484,-0.008562711,0.004899035,0.003627727,-0.004334062,0.002917078,-0.00738828
/mnt/sdd/caltech_training_multiclass/train/010.Red_winged_Blackbird/Red_Winged_Blackbird_0049_5598.jpg,9,0.006089606,0.000751413,0.000561957,-0.000966201,0.007524975,0.00221336,0.0029318,0.007548523,-0.00079033,0.005461551,-0.008073051,-0.009755547,-0.000341162,-0.012932248,0.001775457,-0.015068008,-0.014409423,0.001954355,0.008740082,0.003815125,-0.009497969,0.012211768,-0.005963629,0.000667943,0.001294363,0.004166519,0.000133369,-0.007161036,-0.001557027,0.008318994,0.000175622,-0.000660553,0.005525017,0.012805538,0.016454922,0.006519073,0.04027842,0.00620396,0.004511865,0.007303217,0.003632017,0.017812528,-0.002486353,-0.011876197,-0.001380523,0.002373296,-0.008027541,0.025012987,0.030487899,0.028511884,0.014868524,-0.005444311,0.004062739,-0.001062135,0.007457283,0.009821781,-0.016272517,-0.020660441,-0.014445533,-0.028019518,-0.016981287,-0.003930615,-0.006999343,-0.009268371,-0.021633375,-0.011329545,0.002533677,-0.017822241,-0.009327743,-0.012918083,-0.001300973,0.011072338
/mnt/sdd/caltech_training_multiclass/train/010.Red_winged_Blackbird/Red_Winged_Blackbird_0046_4242.jpg,9,0.001802294,0.003039908,-0.001033702,0.017063217,0.013858384,0.005455059,0.014563493,0.003360702,-0.006217685,0.000745195,0.014238545,0.003316777,0.007926687,0.020469297,-0.00114134,0.008073877,-0.003325795,0.004936606,0.000567285,-0.006781166,0.005613236,0.009411927,-0.008116748,-0.004370905,0.015652094,-0.001192034,0.005927637,0.026508912,0.000885333,-0.001240442,0.002595951,0.012122775,0.013653533,0.002802162,0.004655788,-0.000248399,0.005652661,0.015633628,-0.004611592,-0.00908074,0.006550808,0.018708752,0.002487538,-0.013120296,0.011494935,0.012091792,0.012265063,0.02199126,0.009616318,0.017339487,0.005120429,0.014493923,0.021091234,-0.007244069,-0.01427687,-0.00284695,0.021414632,-0.002931215,0.012435565,0.013105198,0.012177237,0.005947752,0.006099853,-0.002463246,0.001248883,-0.00260592,0.011975647,-0.001099162,-0.006453592,-0.004223069,0.004987425,0.012141378
/mnt/sdd/caltech_training_multiclass/train/010.Red_winged_Blackbird/Red_Winged_Blackbird_0029_4804.jpg,9,0.003842769,0.002767769,0.001881313,-0.004895084,-0.003520615,2.72E-05,0.001890264,0.010439042,-0.000329963,0.006664312,-0.003042225,0.004102684,-0.001184936,0.004389456,0.003767991,0.015183959,0.011645576,-0.001795084,0.001296591,-0.002655579,0.008768607,0.002717686,0.019329915,0.014321198,-0.010946533,0.001224761,-0.000573323,0.014871662,0.00278368,0.00978514,-9.11E-05,0.011065731,0.009906531,-0.012214246,0.01215825,0.002721671,0.024829695,0.029392432,0.031307906,0.03866449,0.024351792,0.014792504,0.008534766,0.014390681,0.003380402,-0.000903857,0.03231216,0.035528224,0.036243483,0.018219221,0.010228718,0.014237068,-0.001492709,-0.004275572,-0.003304236,-0.005455526,0.008066342,-0.002373837,-0.0123846,-0.010203392,0.003795919,0.010118701,0.004042181,-0.016755018,-0.012359833,-0.012960307,-0.007835431,-0.005856602,0.012352715,0.007879721,0.010152021,0.001243986
/mnt/sdd/caltech_training_multiclass/train/010.Red_winged_Blackbird/Red_Winged_Blackbird_0089_4188.jpg,9,0.004049547,0.000154545,-0.000241594,-0.009726822,-0.0115816,-0.003396269,-0.007893366,-0.014229104,0.004702471,0.002997826,-0.005094161,0.010509176,-0.003567326,-0.014708706,-0.015833542,-0.000591124,0.003271306,-0.004392227,-0.000773856,-0.00537761,0.002699282,-0.00694804,-0.003018926,-0.003029095,-0.003709537,0.005773687,0.001320503,0.000100195,-0.004209176,-0.007658572,-0.004786848,0.001401352,-0.002791944,-0.011999104,-0.015899776,-0.006510563,0.007827705,0.000535526,-0.002403999,0.009320511,0.013280839,0.003890415,0.01129074,0.002489303,0.005815858,0.00985669,-0.012234082,-0.006226777,-0.016934603,-0.008338585,0.008328367,-0.005550892,0.014295919,0.007070783,0.006102647,0.000277584,0.001501657,-0.003407441,-0.006701102,-0.021155812,-0.006783657,0.01834589,0.008877465,-0.02569746,-0.023063915,-0.001310501,-0.005082292,0.001619034,0.007076213,-0.013021854,-0.003076404,0.009523175
/mnt/sdd/caltech_training_multiclass/train/010.Red_winged_Blackbird/Red_Winged_Blackbird_0066_5070.jpg,9,0.000168998,-0.003780432,-0.00152879,0.002888426,0.008160715,0.002418842,0.009914129,0.013315974,0.007970108,-0.003621142,0.002129847,0.002479628,0.003273451,0.003179044,0.004185097,0.000520877,0.013422599,-0.001963991,0.000370485,0.004141072,-0.011478493,0.004469237,-0.000190696,0.003632325,0.009315684,0.008047182,0.002410219,0.00516652,0.007790039,3.23E-05,0.008620776,0.006951026,0.011828587,-0.00756745,-0.003311889,-0.009951416,-0.014145189,-0.002954636,0.024980506,0.009298795,0.009767609,0.019030947,0.00820674,0.007048369,0.012868004,0.005749736,0.031553604,0.014660517,0.011050718,0.007563144,0.002845141,-0.00923345,0.014805793,0.007760113,-0.006275821,-0.012635127,-0.00166691,0.017069824,-0.001568871,-0.013711723,-0.013232396,0.004358529,-0.00607505,-0.005529905,-0.009450669,-0.008163875,-0.004418753,0.015111622,0.004655208,-0.0104186,-0.013461749,0.00908057
/mnt/sdd/caltech_training_multiclass/train/010.Red_winged_Blackbird/Red_Winged_Blackbird_0075_4953.jpg,9,-0.001135658,0.00041568,-0.001248259,-0.004899154,-0.001966819,0.00148905,-0.004746708,0.004617124,-0.000899036,-9.54E-05,-0.004886281,-0.007699329,-0.007188542,-0.008553959,-0.011494815,-0.007993685,-0.011318185,-0.001689131,0.003712315,0.004137346,-0.032068096,-0.016193833,-0.005381258,-0.006852506,0.000677289,2.34E-06,-0.004252705,-0.014135134,-0.001667654,-0.003393013,0.005160044,0.018450307,0.000342896,-0.015161296,0.00032978,-0.008022315,-0.01272015,-0.018184083,-0.014534902,-0.01570033,-0.022054508,-0.020544015,-0.008416395,-0.015486408,-0.012771068,-0.015876275,-0.011511511,-0.011187589,-0.009790447,-0.000426203,0.009865112,0.003359945,0.005150263,0.008053441,-0.009747737,-0.006825795,0.007160119,0.001691623,0.002467761,-0.018333387,-0.013726652,-0.021881286,-0.009490991,0.010022232,-0.007823489,0.000734,0.026261326,0.006844324,0.008746449,0.006078545,0.002625651,-0.004054165
/mnt/sdd/caltech_training_multiclass/train/010.Red_winged_Blackbird/Red_Winged_Blackbird_0074_4146.jpg,9,-0.002775756,0.000196754,0.002136144,0.005220091,0.006851166,0.000571322,0.001443654,0.004498857,0.003864198,-0.012333777,0.002861141,-0.00390607,0.003715674,-0.00339538,0.006820925,0.004526774,0.011197483,0.000132843,0.000347662,0.003155774,0.003246214,-0.010076657,0.014714925,0.004673794,0.005658521,0.011666035,0.007122391,0.006053137,0.001865952,-0.019285422,-0.01162536,0.006747816,0.000814612,-0.031488847,-0.020776913,-0.011193394,0.009518215,0.013436338,0.01023565,-0.009863544,0.017009245,0.003930889,0.000481169,-0.005960035,0.000561136,-0.015958766,0.016235135,0.002529673,0.018053217,0.0214409,0.001420021,-0.001338274,-0.002700678,-0.01986962,-0.006663426,-0.001737324,-0.010363251,-0.015071699,0.003897598,0.005740831,0.002061163,-0.015445321,-0.005101129,-0.001565654,0.021393824,0.000947757,0.009770416,0.001277853,0.009788997,0.011435223,-0.007275472,-0.004557577
/mnt/sdd/caltech_training_multiclass/train/010.Red_winged_Blackbird/Red_Winged_Blackbird_0091_4096.jpg,9,-0.001156426,0.001388757,0.00329248,0.011341999,0.009917766,0.004489464,0.002354459,-0.003785177,0.009066818,0.006365885,0.000466512,-0.005854001,0.002592878,0.004353701,-0.004599129,0.01226684,0.003017095,-0.006136854,-0.000988148,-0.004951142,0.011755947,-0.001158707,-0.002110649,0.004775967,0.006272117,0.012988044,0.005265262,0.004581415,0.008224828,-0.000497486,0.008816244,-0.012600206,0.005010867,-0.01557489,-0.021418497,-0.00624584,-0.004382297,-0.015788969,0.003574788,-0.008489196,0.003969911,0.00590999,0.016028045,0.000188913,0.024918878,0.015397187,0.015492814,0.012698774,-0.010980096,0.019079879,0.010784189,-0.018012416,0.013491177,-0.002762973,-0.000481362,-0.01347173,-0.005985089,0.00830647,0.012800496,-0.013526299,0.000224331,0.012509735,0.008757231,-0.02199158,-0.018661013,0.001146852,0.01588916,0.01405048,0.01061921,0.006986021,0.012263209,-0.003570256
/mnt/sdd/caltech_training_multiclass/train/010.Red_winged_Blackbird/Red_Winged_Blackbird_0065_4026.jpg,9,0.001929517,0.001608661,0.001903723,0.008449576,0.009384103,-0.000130429,-0.005750568,-0.007378497,-0.006310082,-0.002803193,-0.000621613,-0.002305953,-0.00126385,-0.001718162,0.000883767,-0.003672833,-0.002491289,-0.002509147,0.003640896,0.007586306,-0.011462445,0.007723397,0.010829248,0.007645501,-0.003136113,-0.000772143,0.006860646,-0.002692051,0.005869756,0.004266012,-0.002654039,0.006299107,0.02203393,-0.002749256,-0.011038117,-0.005197641,-0.00151801,0.000386138,0.0142054,-0.008096661,-0.011900228,-0.008961466,0.009852063,0.010271688,0.014746781,0.009566842,0.013414972,0.01807908,0.01983785,0.03220622,0.026971307,0.008165655,0.0153033,0.004167696,0.002967726,-0.003116921,-0.001082939,-0.009404706,-0.018391276,0.003486499,-0.00809294,0.011404857,0.005265255,0.001836895,0.01952859,0.02870343,-0.003072576,-0.00200947,-0.017669098,-0.018724592,-0.002173864,0.003012013
/mnt/sdd/caltech_training_multiclass/train/010.Red_winged_Blackbird/Red_Winged_Blackbird_0081_6081.jpg,9,0.008275736,6.96E-05,0.001056467,0.014565517,0.007430316,0.001074062,0.01542224,0.029141378,0.019676605,0.012375594,0.003370221,0.004331876,0.003450625,0.010816541,0.019005157,0.002785301,0.002227435,0.004339853,-0.00033639,0.000914295,0.005230652,0.004575699,-0.014629576,0.004414879,0.018387219,0.005219114,0.001588751,0.01497278,0.01004787,-0.008547876,0.000583613,0.007025898,0.007603596,0.012121613,-0.007935555,0.001514079,-0.000276083,0.005428298,0.013978137,0.011064643,0.012551512,-0.001773133,-0.004490799,-0.008591483,-0.001938321,-0.012778065,-0.001597839,0.003101016,0.002071866,0.020697337,-0.00712158,0.011131732,-0.005510224,-0.02007347,-0.005892845,-0.013734225,-0.007504601,0.011398149,0.008786364,0.000828936,-0.00853182,-0.003128785,0.000217367,-0.013421464,-0.027485749,0.002806747,-0.007237469,-0.012929782,-0.010329664,-0.006438442,0.011500268,0.01700804
/mnt/sdd/caltech_training_multiclass/train/010.Red_winged_Blackbird/Red_Winged_Blackbird_0061_4196.jpg,9,0.002246288,0.002433075,0.003145467,0.004990479,0.00134292,-5.99E-06,0.003856177,0.012911228,0.007370028,-0.003856125,-0.007056962,-0.002415805,-0.00574769,-0.003551085,0.00843332,-0.001379796,-0.003175023,0.004953398,-0.009082212,0.002875113,0.013337193,0.000329291,-0.014305918,0.008317602,0.008152599,0.005483527,0.002417834,0.015197618,0.006612809,0.009299235,0.00460744,0.002391486,0.012925452,-0.003795676,-0.000555207,0.019561313,0.002334617,0.014710217,0.029787794,0.024363704,0.001507108,0.003513997,0.016362078,0.017298264,0.022435931,0.015622365,0.008105308,0.012371194,0.012664354,0.019047296,0.004109283,-0.00439293,0.020701922,0.016878568,-0.000251554,0.013203933,0.014386343,0.012512755,0.002955687,0.000361308,-0.00889535,0.02056511,-0.000778294,0.019703127,0.01892557,0.030571453,0.002745051,-0.008969728,0.004928384,0.020665912,-0.001903534,0.014314751
/mnt/sdd/caltech_training_multiclass/train/010.Red_winged_Blackbird/Red_Winged_Blackbird_0040_4522.jpg,9,0.001734789,0.001854921,-0.002142247,0.000607368,-0.003719737,-0.00126451,-0.002941699,-0.018844089,-0.000853836,0.007300694,0.00358415,0.009175895,-0.002323876,0.013620909,0.005999719,0.010486445,0.012220368,-0.01835296,-0.0170348,-0.013312744,-0.001127053,-0.001619318,0.004774702,7.27E-05,-0.006114131,-0.000856604,0.000277341,-0.010195516,0.00767748,0.001037239,0.002281609,-0.006389971,-0.009901776,-0.013892694,-0.000850391,-0.00172409,0.018355072,0.024566894,0.016579265,0.017167851,0.003432261,0.002631642,-0.006858555,-0.009368809,-0.017922578,-0.012851682,-0.001014077,0.004518292,-0.00686838,-0.006318096,0.001839321,0.000212358,0.012982987,0.024436153,0.008032888,0.01151346,-0.01610791,-0.013636964,0.002703576,0.006775948,-0.00188078,0.017548067,0.016409487,0.030639004,0.005768176,0.007016495,0.011977166,0.005555514,0.01711262,0.006615154,0.01414092,0.00063539
/mnt/sdd/caltech_training_multiclass/train/010.Red_winged_Blackbird/Red_Winged_Blackbird_0011_5845.jpg,9,-0.001927634,-0.000735029,0.00197269,0.004600093,0.010462131,0.004356742,0.018580269,0.009289118,0.019452883,0.011665529,0.007975434,0.002912281,0.002627687,0.014486235,0.015305461,0.008085385,0.011006149,0.005358289,5.74E-05,0.003082485,-0.00604333,0.02126896,-0.009518014,0.001462749,0.017599128,0.008814338,-0.000622588,-0.000822686,0.004182414,-0.009755963,0.012511401,-0.014147837,0.019393153,-0.004703695,0.005952007,-0.0032804,-0.007431347,-0.03282408,-0.011305396,-0.010367701,0.001175692,-0.002020844,0.011599659,0.016448125,-0.000108379,0.000994823,-0.008532734,0.001896723,0.013615118,0.002110751,0.008440299,0.021484535,0.026266236,0.005085497,0.012061119,0.001794244,-0.020568956,-0.0011023,0.003494633,-0.016531646,0.000705354,0.016017377,0.016438663,-0.005613697,-0.010101027,-0.007904748,0.000885652,-0.00322089,-0.003108732,-0.013258713,-0.006875291,0.006166101
/mnt/sdd/caltech_training_multiclass/train/010.Red_winged_Blackbird/Red_Winged_Blackbird_0047_3802.jpg,9,0.006841452,0.002454698,0.004691988,0.015093984,0.006275376,0.002451037,0.004935792,-0.002607025,0.013062348,0.009231018,-0.006087113,0.001740308,-0.003707456,-0.001136366,0.005215946,-0.002030042,-0.007597395,-0.018062487,-0.009208804,0.014446851,-0.002600285,0.006948337,0.005055557,0.007267918,0.010093149,0.000656016,-0.002632765,-0.002894321,0.001755149,-0.002490117,-0.001076262,-0.020545665,0.000295327,0.00135797,-0.010607425,-0.0071119,-0.01839361,-0.014305331,0.005082635,-0.013842647,0.020717507,0.009602355,0.012354882,-0.008606654,0.015195435,0.005509378,0.012667345,-0.003554937,-0.02078832,-0.006693385,0.001757524,0.025191616,0.000166744,-0.01120753,0.010151341,0.007171053,0.021995282,0.004930339,0.005412264,-0.008308142,0.004631985,-0.016020212,0.002953989,-0.002278333,-0.007594686,-0.000663198,0.01089114,-0.001885011,0.005577118,0.002368549,0.01720747,-0.005313554
/mnt/sdd/caltech_training_multiclass/train/010.Red_winged_Blackbird/Red_Winged_Blackbird_0053_4072.jpg,9,-0.00116521,0.001376743,7.78E-05,0.009942139,0.004798623,0.003355744,0.009043888,0.000746205,-0.002488976,-0.008785063,0.004780321,0.005148018,-7.09E-05,0.013669688,0.013312758,0.006001431,0.003380396,-0.001747607,-0.00446344,-0.009826087,-0.002190669,0.003513046,-0.01880879,-0.012705153,-0.005889796,-0.00721103,0.00199494,0.004943588,0.010636067,-0.003570071,0.001551047,0.00338928,-0.001279028,-0.009279843,0.002469135,-0.003144732,0.031614043,0.016961982,0.016779076,0.003004346,0.017583903,-0.00195169,0.017977772,0.004538743,0.00717105,0.007424602,-0.000299886,0.008431195,-0.001213577,-0.009516477,-0.005746524,-0.01819199,0.008996023,0.006193041,0.003189862,0.00352808,-0.00899352,-0.005521637,-0.011360572,-0.003134274,-0.018914534,0.001638783,0.020085331,0.004942155,0.003314721,-0.002468943,0.015727842,0.015699163,-0.007494056,0.002272358,0.003661335,-0.005441271
/mnt/sdd/caltech_training_multiclass/train/010.Red_winged_Blackbird/Red_Winged_Blackbird_0060_4688.jpg,9,-0.001120246,0.003852841,0.00345264,-0.002443329,-0.001559205,0.000123111,-0.005617347,-0.004087035,0.018456396,0.019201862,-0.013961753,-0.006140132,-0.001322237,-0.004874982,-0.00925742,-0.0022317,0.001435597,-0.000625564,-0.002390629,-0.008590538,0.001353347,-0.011629352,-0.00528601,-0.003307805,-0.0064698,-0.003808132,-0.001159619,0.007960812,-0.007006583,-0.007183138,-0.008072417,-0.006952389,-0.016842023,-0.005787894,0.00640587,-0.004199593,0.034073982,0.018222343,-0.004372144,0.009134844,0.010808473,0.014053687,0.017014248,-0.023704644,-0.010438639,-0.011458707,0.010986112,0.017341835,0.011535127,0.008474461,0.004204497,-0.002556002,-0.000647059,-0.005344257,0.004558632,0.001382262,-0.029309211,-0.030985221,-0.019024754,-0.020052865,0.011197762,0.017371884,0.012611318,-0.019599425,-0.022317402,-0.028704086,-0.00273962,0.010888098,0.008595631,-0.00223225,0.003099818,0.021633914
/mnt/sdd/caltech_training_multiclass/train/010.Red_winged_Blackbird/Red_Winged_Blackbird_0045_4526.jpg,9,0.000847006,0.000287977,-0.004264701,-0.007719947,-0.001883686,-0.001232567,-0.002096913,-0.011108013,0.008173634,0.008045869,0.003547117,-0.003046012,-0.001915337,0.009631953,0.002101681,0.010199345,0.013817851,-0.012696369,-0.008292384,-0.006999282,-0.004552089,0.00591235,-0.022365607,-0.002453676,0.003579391,0.004190996,0.008592371,-0.000386236,-0.000456325,0.006428297,0.00547789,0.007160449,0.019786337,0.015833944,0.010288841,0.005844054,-0.005794744,-0.007602118,-0.008433159,-0.028428914,-0.003383096,-0.009638737,-0.000599346,-0.000318725,0.01377287,0.004440167,0.009925572,0.003526773,0.017356023,0.008183399,0.013742799,0.015606839,-0.024517363,-0.02065633,-0.001777363,-0.003016353,-0.013622597,-0.0187174,-0.03015727,-0.031921763,-0.015511543,0.019517519,-0.00398133,-0.023833081,-0.028723584,-0.036689207,-0.010373765,-0.014901388,-0.010525068,-0.0141045,-0.010921923,-0.005010256
/mnt/sdd/caltech_training_multiclass/train/010.Red_winged_Blackbird/Red_Winged_Blackbird_0017_4116.jpg,9,0.003797062,0.001254741,0.00200294,-0.006408364,-0.008423552,-0.002794025,-0.006598092,-0.012360673,-0.012596018,-0.01090056,0.001980728,0.004936213,-0.00430525,-0.019141715,-0.000694806,-0.002074139,-0.007589127,0.00463748,0.004393767,0.002460894,-0.002741862,-0.009978376,0.008874565,0.003380328,0.002135746,0.00068532,0.00043117,-0.001201578,-0.004755014,0.002452506,-0.001033564,-0.014488881,-0.003610047,0.003261437,0.002667465,0.003130704,-0.014421135,0.007501312,-0.010465464,-0.006814656,-0.008777154,0.001129881,-0.015330061,0.017012633,0.002575619,-0.006224273,0.009424596,0.013498256,0.012588615,0.036960527,0.009680939,5.93E-05,-0.016855102,0.000881839,-0.027056938,-0.01664552,0.026606077,0.00895902,0.009693765,0.019383008,0.006382966,-0.005742841,-0.00990947,0.013333643,0.013345288,0.015664881,0.003625002,-0.001909841,0.003628944,0.003287128,0.003011817,-0.008697411
/mnt/sdd/caltech_training_multiclass/train/010.Red_winged_Blackbird/Red_Winged_Blackbird_0104_3918.jpg,9,0.002383015,0.002683006,-0.000384777,0.012125813,0.008136429,0.004946298,0.016307542,0.009833477,-0.004469002,0.00561925,0.010900088,0.006526721,0.005007252,0.015940823,0.000208946,0.017810095,0.01233284,-0.004238537,-0.004014555,0.003844093,0.010460595,0.001954425,0.016156599,-0.001918453,0.00460849,-0.004167094,0.000979235,0.012476591,-0.000618965,0.009594641,0.004588041,0.006072911,0.011688259,-0.019188907,-0.011201682,-0.003045499,0.04701419,0.05071265,0.04951053,0.032047354,0.027019357,0.002596577,0.016670436,-0.005620197,0.005614332,0.00479706,0.010524211,0.016539957,0.008204397,0.013872329,0.013360658,0.007650843,0.021324385,0.009889947,0.000911244,0.002191288,0.003725675,0.002105434,0.003985635,0.000694284,-0.006450967,0.013180418,0.004916353,0.01054555,0.024703246,0.01901117,-0.003308873,-0.014673793,-0.013864745,0.002367763,-0.001634964,0.014033667
/mnt/sdd/caltech_training_multiclass/train/010.Red_winged_Blackbird/Red_Winged_Blackbird_0044_5621.jpg,9,0.001901335,0.000499286,0.002327462,-0.005532927,-0.007415896,-0.001469784,-0.001874863,0.004240094,-0.000481338,-0.004810086,-0.002506395,-0.001256457,-0.003431835,-0.014162805,0.009099078,0.004414819,-6.45E-05,-0.000998628,-0.00432734,0.000514981,-0.010669304,-0.001267837,-0.006510963,0.011453003,-0.005252179,-0.000779439,-0.003493366,-0.000233246,0.002744084,-0.004898031,0.005024146,0.010466661,-0.00273141,-0.005783224,-0.013657153,-0.010401793,0.018037815,0.007795225,-0.00196889,0.014414246,0.001274895,0.003758965,0.002121064,0.00527148,-0.011988734,-0.006351406,-0.008752605,-0.022037933,0.000157674,-0.009032544,-0.008321354,-0.00698407,0.002651647,-0.003087214,-0.027781386,-0.026581302,0.010679105,0.02053767,0.028884366,0.02949363,0.015442818,0.001978773,0.012356071,-0.012361176,-0.005164356,-0.006337098,0.00694669,0.005373911,0.003378606,0.006750465,0.008423938,-0.00118894
/mnt/sdd/caltech_training_multiclass/train/010.Red_winged_Blackbird/Red_Winged_Blackbird_0105_4842.jpg,9,0.000231098,0.001422245,0.004483054,0.013955395,0.011294231,0.002764623,0.006454605,0.024137821,0.011015938,0.011075828,-0.010249805,-0.019280378,-0.017653765,-0.005075236,0.008962491,-0.022894258,-0.011780987,0.001655721,0.002231516,0.011580414,-0.006156969,0.000507953,-0.00093618,-0.007503522,0.010887407,0.011670636,0.017348547,-0.009475501,0.004474572,0.004531379,3.27E-05,0.021243747,0.01116218,-0.007788325,0.000717051,-0.010681982,-0.014349829,-0.022946266,-0.017628385,-0.043872513,-0.016734406,-0.006998154,-0.000295092,0.003145551,-0.009866966,0.005893495,0.007550172,-0.003454135,-0.002225534,-0.004161918,-0.000652165,-0.007103617,0.003247604,5.04E-05,0.009265757,0.007322503,-0.016944613,-0.017872715,-0.02483757,-0.01266993,-0.017183252,0.006796605,0.008310379,-0.010594298,0.012032715,-0.000717487,-0.019879553,-0.003003539,0.002499851,-0.002346617,-0.000928212,0.002931625
/mnt/sdd/caltech_training_multiclass/train/010.Red_winged_Blackbird/Red_Winged_Blackbird_0028_4709.jpg,9,0.003235663,8.08E-05,0.002295917,1.18E-05,0.004174558,0.002175964,0.006750573,0.020973109,0.012360266,0.003394033,-0.007251741,-0.003203893,-0.01324432,-0.013002189,0.009053391,-0.005994933,0.000929345,0.001652979,-0.001826776,-0.007134961,-0.006387519,0.009001405,-0.007592573,-0.000567493,0.005465544,0.001870369,0.001893524,-0.001220501,0.008786084,-0.009414251,8.22E-06,-0.000676953,-0.000705715,-0.008922514,0.000422022,-0.012471478,0.015309953,0.01750147,0.010291377,0.007671846,-0.006341691,0.008798456,-0.002358437,0.00565327,0.004941288,0.003530353,0.009526401,-0.008707949,0.009869577,-0.00218054,-0.003045308,-0.006141716,-0.001218333,0.019299861,0.01640458,0.017985232,0.003381704,0.01585216,0.024335364,0.009462368,0.005651391,0.019263797,0.000890171,0.005311341,0.008969233,0.01783435,-0.001566493,-0.016379228,-0.005680246,0.003029092,0.013468452,0.006572733
/mnt/sdd/caltech_training_multiclass/train/010.Red_winged_Blackbird/Red_Winged_Blackbird_0020_4050.jpg,9,0.000751563,0.00360939,0.000793999,-0.004586932,-0.004359569,0.000406175,0.007352691,0.008864107,0.01770436,0.013068949,-0.004063452,-0.000665442,-0.007154171,-0.01444602,-0.00495434,0.016070586,0.010146745,0.016302621,0.003845064,0.007494891,-0.013988306,0.000207205,-0.0008691,-0.001741206,0.006636404,0.00197813,-0.002598281,2.74E-05,0.008280806,0.001641351,-6.93E-05,-0.014684722,-0.009324925,-0.00010489,-0.015322233,-0.01400603,-0.016128603,-0.010869988,-0.003621712,-0.00613216,-0.001721648,-0.014052558,0.01669931,-0.025744773,-0.011980015,0.000939994,0.004684322,-0.002715832,-0.003359565,0.005585885,0.012958844,-0.006820174,-0.018943958,0.01387799,0.005241329,0.003332776,-0.010740273,-0.012462074,-0.010101112,-0.020197662,-0.023368359,0.0056493,-0.004419901,0.007801669,0.020780656,0.013912335,-0.029373528,-0.030808413,-0.02083489,-0.020239642,-0.016216226,-0.007087241
/mnt/sdd/caltech_training_multiclass/train/010.Red_winged_Blackbird/Red_Winged_Blackbird_0039_4285.jpg,9,0.001381953,-0.000263882,-0.00188611,0.000229627,0.003557047,0.001425249,0.015306078,0.019821929,-0.00898142,0.002131887,0.010784434,0.001969909,-0.002332895,0.003266456,-0.00520446,0.016359258,0.00264333,0.000733121,-0.002214921,-0.003481979,-0.003928199,-0.014828827,0.002744075,-0.009106558,-0.011877724,-0.006058996,-0.001817118,-0.006402204,0.007920747,-0.002862758,0.008580506,0.003910626,0.006888663,-0.011625064,-0.008104578,-0.003388405,0.002330171,-0.009350568,0.003438262,0.012940922,-0.00532776,-0.002293553,-0.007477609,0.004904691,0.021732923,0.00405023,-0.000654551,-0.00595744,0.024810562,0.017005246,0.003909033,-0.005763521,-0.00147532,0.000249675,-0.011028668,-0.009063306,-0.006782101,-0.020341728,-0.025637807,-0.02405852,-0.002044675,0.008917645,0.00629261,-0.001775318,-0.001686182,-0.002736088,0.003478845,-0.013953595,-0.008977631,-0.002166387,-0.013273414,-0.002766534
/mnt/sdd/caltech_training_multiclass/train/010.Red_winged_Blackbird/Red_Winged_Blackbird_0007_3706.jpg,9,-0.002695528,0.001858985,0.001417365,0.019744016,0.012092811,0.004495357,0.009291256,0.012881743,0.007522762,0.003917769,0.0129524,0.005617727,0.006979657,0.014768486,-0.000643099,0.018661264,0.022008155,0.007537101,0.00209205,-0.004373453,0.008190583,-0.001527318,-0.004227311,-0.011841815,0.000622711,-0.004645547,-0.001440406,0.005838634,0.007776468,-0.009870821,-0.00056649,0.004166848,0.006424541,-0.007967589,-0.006278203,-0.012742992,0.008089202,0.002385678,0.004416945,-0.004293707,0.009256278,0.0147546,0.001878954,0.003741646,0.001438235,-0.006539146,-0.020433132,-0.020218126,-0.012263432,0.000900873,-0.002631506,0.003585436,0.004559859,-0.004953007,-0.000646767,0.005632809,0.008475103,-0.001174235,0.013137208,0.005441296,-0.010781445,0.018372588,0.005299544,0.012326314,0.005201249,0.01981549,0.000153836,0.0013281,-0.021728354,-0.001819467,-0.002591477,0.004179315
/mnt/sdd/caltech_training_multiclass/train/010.Red_winged_Blackbird/Red_Winged_Blackbird_0096_5019.jpg,9,-0.001228069,-0.003516065,-0.001618463,-0.000708322,-1.97E-05,-0.000375901,0.004186245,0.005023841,-0.009681249,-0.00050691,0.002188087,0.001706433,-0.003908118,-0.015532918,-0.015159848,0.007649129,0.00079452,0.008603491,0.017596368,0.007806981,0.000555732,-0.00766796,0.013254752,-0.005632871,-0.001949791,0.001683649,-0.006150461,-0.010241453,0.002173131,-0.005309007,-0.00729235,0.007549208,-0.008736407,0.002171304,-0.017412197,-0.011383511,0.006779926,0.019354887,0.000709379,-0.016837804,-0.007592644,-0.004628412,0.002914042,-0.014824707,-0.021407302,-0.007130737,-0.010973726,-0.015339739,-0.01230634,-0.002755169,-0.001888209,-0.010954591,-0.008366084,-0.010551683,-0.003884378,-0.004045956,-0.020445406,-0.010719865,-0.013145268,-0.022980114,-0.007654271,0.010197289,0.011526139,-0.019060113,-0.005500455,-0.017331593,-0.005671147,0.00772556,0.007391485,-0.000641369,0.005154016,-0.02075832
/mnt/sdd/caltech_training_multiclass/train/010.Red_winged_Blackbird/Red_Winged_Blackbird_0001_3695.jpg,9,-0.001950766,-0.00569866,-0.002886765,-0.002033996,0.004957023,-0.000377213,0.010229094,0.016175237,-0.006603917,-0.004396457,0.009720501,0.007989144,-0.004475599,-0.015110442,-0.006422686,-0.002543986,0.000439549,0.000632799,-0.001843799,0.00701866,-0.012195901,0.002091264,0.010165201,0.001683377,-0.012488004,0.00224016,-0.003865693,-0.01705981,0.003023043,-0.005786252,-0.009092373,0.007601056,0.004564103,0.023200136,0.003690774,0.007279116,-0.004027774,-0.002696672,0.007630534,-0.016695425,-0.001990968,0.004742639,0.000205803,0.007292309,-0.002182736,0.001450327,-0.014500887,-0.011453049,-0.011643728,-0.032414492,-0.02282817,0.002369592,-0.00561893,0.010771738,0.004771713,0.008114301,-0.015841905,-0.013303951,-0.007433381,0.004350683,-0.017192718,-0.011292817,0.003090209,0.022661379,0.004305796,0.003556473,-0.002275398,-0.008536137,-0.003854416,0.008093361,0.014950348,0.003598101
/mnt/sdd/caltech_training_multiclass/train/010.Red_winged_Blackbird/Red_Winged_Blackbird_0013_5762.jpg,9,-0.001926018,-0.000171977,-0.003182953,-0.0047102,-0.004564092,-0.001906226,-0.00496855,-0.007364532,-0.01543906,-0.001362616,-0.004483391,-0.006987142,-0.006670659,0.001469695,7.66E-05,0.002103416,0.000867874,-0.005375122,-0.011108763,-0.013285318,-0.005233629,-0.005437417,0.008048207,0.004412232,0.000292213,0.002388461,-0.004495661,-0.000347112,0.006619152,0.003717522,-0.006490786,0.013751081,0.006628974,0.010427734,-0.009085897,0.011885935,0.033422675,0.013964822,0.004892579,0.041536853,0.025613157,-0.019702958,0.000557955,0.017891023,0.01363303,0.010334238,0.00435017,0.006935277,0.000395235,0.002097284,0.010795978,-0.001438424,0.0178468,-0.009176374,-0.001864727,-0.015232969,0.003222276,0.012945572,-0.012296239,-0.015513171,-0.019677142,0.015269415,0.004465029,0.01782317,0.011530535,0.004014258,0.008306795,-0.006418889,-0.000902091,-4.58E-05,-0.004387155,-0.002285415
/mnt/sdd/caltech_training_multiclass/train/010.Red_winged_Blackbird/Red_Winged_Blackbird_0109_4454.jpg,9,0.003017538,-0.001465267,0.001917299,-0.002132839,0.002412433,-0.000880925,0.001609691,0.002043398,-0.002663785,-0.005193284,0.00177535,-0.001783962,-0.006584734,-0.001112085,-0.008340515,-0.002184228,-0.003506428,-0.006606371,-0.004537438,-0.005217657,0.004363169,-0.001638487,0.011919772,0.007460085,-0.007444009,-0.012009741,0.001149142,-0.004857496,0.001360171,0.017408062,0.005134611,0.012550594,0.004966389,0.021269694,0.0188093,0.007872322,-0.001795089,-0.011529089,-0.005802041,0.005226287,0.0018467,0.008466173,-0.000565025,0.009231341,0.00131073,0.002020966,-0.023852598,0.001138666,-0.005958074,-0.003048948,-0.019359829,-0.001370149,-0.005957951,-0.01587468,0.002166456,-0.008065776,-0.005943133,-0.004326539,-0.00191371,-0.003177305,-0.006810285,-0.001743682,0.003718893,0.002942507,-0.015449607,-0.008754622,-0.007872834,0.014585262,0.011016516,-0.009135072,-0.005603824,-0.003988808
/mnt/sdd/caltech_training_multiclass/train/010.Red_winged_Blackbird/Red_Winged_Blackbird_0059_4612.jpg,9,0.002520829,-0.000642834,0.00321881,0.010633422,0.009953761,0.005543489,0.008578891,-0.002192131,-0.005764652,-0.012495182,0.007633671,0.003217179,0.002039041,0.012576687,0.000551917,0.003480263,0.01442966,-0.005626469,-0.002500904,-0.011114147,-0.000748086,0.010066844,0.007523655,-0.004201921,0.004823207,0.00201132,-0.00477334,0.001579637,0.009501915,-0.002299108,-0.004684959,0.008699082,0.01556487,0.003258422,0.011410382,0.007178149,0.012616653,-0.001533883,0.006904639,0.009450387,0.002588622,0.006042192,0.045405846,-0.003329887,-0.009448892,0.007343233,-0.018990705,-0.02225102,-0.011404236,-0.035312325,-0.008022151,0.009092855,0.0312558,-0.000607726,-0.012773087,7.45E-06,0.008066186,0.005210923,0.021722645,0.010197658,-0.005592456,0.001111427,0.009502443,0.010910443,0.002140874,0.009064039,0.011359096,0.015185059,0.020536937,0.012082487,0.022116214,-0.001600305
/mnt/sdd/caltech_training_multiclass/train/010.Red_winged_Blackbird/Red_Winged_Blackbird_0010_6386.jpg,9,0.002515304,0.005513416,0.003296212,0.009338321,0.008754121,-0.001568599,-0.00616383,-0.00815831,0.015912062,-0.001403231,0.003642468,0.001160001,-0.007567146,-0.005169791,-0.015103655,-0.003835341,-0.006799008,-0.003651608,0.001504032,0.008891265,-0.016411599,-0.004494886,-0.002611779,0.010244533,-0.003913308,-0.00365553,-0.007257289,-0.010461385,-0.00868891,0.007487642,0.001524308,-0.013493763,-0.005836886,-0.007411301,-0.015369237,-0.010467959,-0.030433267,-0.031418703,-0.026611404,-0.041914552,-0.020793254,-0.016343284,0.018990368,-0.00855756,-0.007798466,-0.012231353,-0.00486404,-0.008450414,0.003793569,0.005950727,-0.001240329,-0.007184695,-0.00368596,-0.010067491,0.008193654,0.006091747,-0.014767042,-0.004357517,-0.000304634,0.000279534,-0.00955532,-0.000871455,-0.008119306,0.008029745,0.004799421,-0.003437323,-0.009811759,-0.01208683,-0.009723075,-0.019068759,-0.009875738,-0.002859434
/mnt/sdd/caltech_training_multiclass/train/010.Red_winged_Blackbird/Red_Winged_Blackbird_0009_5841.jpg,9,-0.004754858,-0.001774274,-0.005996062,0.002843633,-0.002566141,0.000673747,-0.012624717,-0.019870307,-0.010044096,0.00606963,0.00242369,0.000239981,-0.00627086,-0.004199025,-0.023018997,-0.01262699,-0.008085426,-0.010573734,-0.008021605,0.001160788,0.014312794,-0.009261864,0.004978583,-0.010255653,-0.001435237,-0.009019855,0.00540639,-0.008879252,0.003685809,-0.017778357,-0.003860042,-0.010695102,-0.006948083,-0.006740191,-0.009971207,-0.001004802,-0.002068018,-0.010416606,-0.018360863,-0.015630018,-0.005603209,-0.008818507,-0.011225749,-0.029428639,-0.030651338,-0.020376053,0.01342098,0.017271452,0.018758647,0.011377743,0.01619036,0.005052337,-0.034011304,-0.011427383,-0.001457868,-0.015257083,-0.018550854,-0.018639956,-0.01096211,-0.024334507,-0.024666525,0.007783725,-0.01802375,-0.039195538,-0.034250073,-0.035285488,-0.027140938,-0.022981532,-0.017317332,-0.012683841,-0.008305008,-0.011530547
/mnt/sdd/caltech_training_multiclass/train/010.Red_winged_Blackbird/Red_Winged_Blackbird_0052_5575.jpg,9,-0.00212036,-0.002770023,0.002420509,0.000931606,-0.001827288,-0.000775266,0.007859148,0.010230273,-0.023236036,-0.015009811,0.012721215,0.005840896,0.010528206,0.001446666,0.027961828,-0.007709709,0.007203536,-0.007282368,0.001790274,0.002990141,0.021078536,0.012865417,0.002371506,-0.004897237,0.009382699,0.001314569,0.005903904,0.008500051,-0.000930117,0.000396382,-0.000351883,-0.003612994,0.018143155,0.005807975,0.00953024,0.009402501,0.021252982,0.017553689,-0.004012015,0.015588856,0.01045267,0.002075068,-0.002608229,0.008307933,0.006384693,0.002056571,-0.001543462,-0.016873434,0.009624146,0.009209529,0.007410161,0.006873952,-0.000516198,-0.009871592,0.00029008,0.00324721,0.009347489,0.012723744,0.008840634,-0.004913933,-0.004424882,0.015420232,0.012541228,-0.012008801,-0.0103457,-0.014375555,0.003848892,-0.00796188,-0.002107751,-0.006688721,-0.000781305,0.000870716
/mnt/sdd/caltech_training_multiclass/train/010.Red_winged_Blackbird/Red_Winged_Blackbird_0023_5257.jpg,9,0.001370725,-0.003647075,-0.001163016,-0.000805226,-0.00016941,-0.002699584,-0.001801687,0.002374154,-0.011926202,-0.009961308,-0.00356354,0.002879938,-0.006663833,0.0097122,0.005794894,0.006665712,0.002882045,-0.009376301,-0.019347686,-0.010796733,-0.001875188,-0.002481465,-0.000248448,-0.008768007,-0.020883521,-0.011159367,-0.004566434,-0.007920519,0.006361044,-0.006599275,-0.001993325,-0.003564445,0.002164971,-0.01508728,-0.023235392,-0.012750976,-0.005119318,-0.006657829,0.003590357,-0.002981389,-0.004615082,0.004596717,0.005947287,-0.007173552,-0.007029019,5.63E-05,-0.010419351,-0.01676178,-0.02004675,-0.01782107,0.001213933,0.01357987,0.012700144,-0.012237426,-0.008039,-0.013344724,0.001499481,0.030130738,0.012534105,0.024882821,-0.000598291,0.001287072,0.003071879,-0.002888523,0.009467939,-0.003042844,-0.008637917,-0.002686752,-0.004201176,-0.003336946,0.011883281,0.002941873
/mnt/sdd/caltech_training_multiclass/train/010.Red_winged_Blackbird/Red_Winged_Blackbird_0094_5856.jpg,9,-0.00237841,0.000695904,-0.001312099,-0.010355216,-0.00840422,-0.000517988,-0.001600041,0.004752457,-0.003730231,0.00248378,0.001906935,-0.000274245,0.005555577,0.01519295,-0.005795684,-0.008223,0.008251719,-0.013400316,-0.008246068,-0.010201393,-0.008421758,0.001321601,-0.018735457,-0.011306033,-0.008132497,0.001850243,0.006753935,-0.014750363,0.003880599,0.001278069,-0.00837205,-0.017667009,0.003662011,-0.01278729,0.000771262,-0.006718523,0.014672011,-0.002070057,0.006153746,-0.011042583,-0.010356506,-0.011239748,0.012241226,0.015780266,-0.001815744,0.004543864,-0.002142902,-0.007642526,-0.005597037,-0.015628288,-0.011160429,-0.009160459,0.028838625,0.009953643,0.019096125,0.0167187,-0.004292597,0.013644998,-0.002679465,0.00011438,-0.01841958,0.008805611,-0.001892316,0.008353939,0.014476939,-0.000518602,0.002825955,-0.006867679,0.002414069,-0.000623662,-0.000629218,0.009788035
