Full filepath,Full Class Index,sensitivityscore_before_features.5.block.0.0,sensitivityscore_After_features.5.block.0.0_0.5,sensitivityscore_After_features.5.block.0.0_0.6,sensitivityscore_After_features.5.block.0.0_0.7,sensitivityscore_before_features.5.block.1.0,sensitivityscore_After_features.5.block.1.0_0.5,sensitivityscore_After_features.5.block.1.0_0.6,sensitivityscore_After_features.5.block.1.0_0.7,sensitivityscore_before_features.5.block.2.fc2,sensitivityscore_After_features.5.block.2.fc2_0.5,sensitivityscore_After_features.5.block.2.fc2_0.6,sensitivityscore_After_features.5.block.2.fc2_0.7,sensitivityscore_before_features.5.block.3.0,sensitivityscore_After_features.5.block.3.0_0.5,sensitivityscore_After_features.5.block.3.0_0.6,sensitivityscore_After_features.5.block.3.0_0.7,sensitivityscore_before_features.6.block.0.0,sensitivityscore_After_features.6.block.0.0_0.5,sensitivityscore_After_features.6.block.0.0_0.6,sensitivityscore_After_features.6.block.0.0_0.7,sensitivityscore_before_features.6.block.1.0,sensitivityscore_After_features.6.block.1.0_0.5,sensitivityscore_After_features.6.block.1.0_0.6,sensitivityscore_After_features.6.block.1.0_0.7,sensitivityscore_before_features.6.block.2.fc2,sensitivityscore_After_features.6.block.2.fc2_0.5,sensitivityscore_After_features.6.block.2.fc2_0.6,sensitivityscore_After_features.6.block.2.fc2_0.7,sensitivityscore_before_features.6.block.3.0,sensitivityscore_After_features.6.block.3.0_0.5,sensitivityscore_After_features.6.block.3.0_0.6,sensitivityscore_After_features.6.block.3.0_0.7,sensitivityscore_before_features.7.block.0.0,sensitivityscore_After_features.7.block.0.0_0.5,sensitivityscore_After_features.7.block.0.0_0.6,sensitivityscore_After_features.7.block.0.0_0.7,sensitivityscore_before_features.7.block.1.0,sensitivityscore_After_features.7.block.1.0_0.5,sensitivityscore_After_features.7.block.1.0_0.6,sensitivityscore_After_features.7.block.1.0_0.7,sensitivityscore_before_features.7.block.2.fc2,sensitivityscore_After_features.7.block.2.fc2_0.5,sensitivityscore_After_features.7.block.2.fc2_0.6,sensitivityscore_After_features.7.block.2.fc2_0.7,sensitivityscore_before_features.7.block.3.0,sensitivityscore_After_features.7.block.3.0_0.5,sensitivityscore_After_features.7.block.3.0_0.6,sensitivityscore_After_features.7.block.3.0_0.7
/mnt/sdd/caltech_training/multiclass/train/001.Black_footed_Albatross/Black_Footed_Albatross_0007_796138.jpg,0,0.010634312,0.0008076766,0.008489763,0.019123472,0.002496798,0.0027977559,-7.9135876e-05,-0.00035847328,0.16325626,-0.17432962,-0.15236749,-0.14132114,-0.023133585,0.062467255,0.018116023,-0.02658519,-0.018605057,0.008150488,0.008742642,0.020711176,-0.010624619,0.002877376,0.0009042597,8.633116e-05,0.03148018,0.02099561,0.049746882,0.032843363,-0.03747144,0.0018818341,0.012840051,-0.01573876,0.0040832357,0.014880589,0.0056488146,-0.018909708,-0.0044561937,-0.00039993273,0.00047333376,0.0069841333,0.019943979,0.11549691,0.10871416,0.15242374,-0.0122825075,-0.026148118,0.16073582,-0.05259978
/mnt/sdd/caltech_training/multiclass/train/001.Black_footed_Albatross/Black_Footed_Albatross_0047_796064.jpg,0,-0.0049035633,0.0042999876,-0.037747815,0.001134974,-0.0055228323,0.007224052,0.009464931,0.008056424,-0.026785761,0.05665854,0.001435034,0.1452525,-0.015531186,0.039267596,0.022619262,0.04250522,0.0039933724,-0.0051100077,-0.005327479,-0.0031855158,-0.001976597,-0.0012412288,0.0031902362,0.00035276118,-0.03204589,0.038936764,-0.117303774,-0.0059827045,-0.00094082206,0.04561577,0.027435914,0.026396636,-0.017679242,0.022955967,0.008958879,-0.004294347,-0.0034552794,0.010536458,0.0053889016,0.008877503,0.053489,0.0569515,0.04871866,0.0072337007,-0.010807289,0.01929335,0.029517857,0.043673955
/mnt/sdd/caltech_training/multiclass/train/001.Black_footed_Albatross/Black_Footed_Albatross_0036_796127.jpg,0,0.010530522,0.0070581636,0.015292396,0.025672358,0.008670571,-0.0014846617,-0.001033464,-0.0116470065,-0.039478876,0.020992992,0.057930768,0.029845402,0.010952599,0.011714309,-0.04654138,0.024300711,0.0010071418,0.004277753,-0.0075106407,-0.0055970764,0.00299139,-0.0029955492,-0.005314276,-0.008541276,0.031130575,0.08931754,0.09210336,0.0249389,-0.011377037,0.019788329,-0.0048597036,-0.02593426,0.013436805,0.0044315825,0.024744492,0.010642886,0.0062551014,-0.002274309,0.0010189429,0.000118072785,-0.032759786,0.031730454,0.08832916,0.07056774,0.024642847,0.0069405106,0.094563104,0.025718056
/mnt/sdd/caltech_training/multiclass/train/001.Black_footed_Albatross/Black_Footed_Albatross_0026_796095.jpg,0,0.0057846317,0.012732964,0.013862366,0.013867832,-0.0011741729,0.0006389242,-0.0133458,-0.0042282515,-0.037611652,-0.0036260858,-0.2061034,-0.18227799,-0.043294612,0.05684036,-0.009609675,0.015370913,-0.008354832,0.0062493216,0.0034584445,-0.0042233593,-0.0037217375,-0.011267301,-0.010878697,-0.0046587023,-0.0546847,0.049081396,0.09533864,0.030342834,0.002233101,-0.05067451,0.036708597,-0.0059227813,-0.011017778,0.012353243,-0.0075367987,0.0139607005,-0.0011247162,0.006247342,0.0050194915,0.004093389,-0.020109296,0.16734472,0.1783495,0.17093754,0.03320559,0.14847097,0.06820702,-0.046854805
/mnt/sdd/caltech_training/multiclass/train/001.Black_footed_Albatross/Black_Footed_Albatross_0010_796097.jpg,0,0.007117669,0.0067493753,-0.0021872413,0.0010051881,0.0075689,0.0021426042,0.0034774449,0.004330104,0.013004981,0.13029352,0.14849249,0.15194824,-0.019640725,0.054053657,0.028198928,0.02348966,-0.0074649747,0.012247452,0.0020678865,0.0031043557,-0.0003034667,0.0020358867,0.0004861761,-0.009708529,0.048953377,0.1049431,0.07319307,0.16871428,-0.029996393,0.033196945,0.011355528,0.017529272,0.003903233,0.014802637,0.032948144,0.028596247,-0.00053641223,0.0066532353,0.008360402,0.0037229918,0.12200924,0.036509737,0.025987117,-0.03798566,0.01551087,-0.0117669515,0.08268458,0.009204518
/mnt/sdd/caltech_training/multiclass/train/001.Black_footed_Albatross/Black_Footed_Albatross_0069_796139.jpg,0,-0.0029737283,0.0062608225,0.0048288517,-0.009967415,0.005153297,-0.00034818216,-0.00084886677,0.0012816701,0.02291109,-0.01570014,0.11305846,0.067251,-0.03773132,0.065558955,0.030113604,0.030508459,-0.008176945,-0.001860321,-0.008794239,0.008131264,0.00016120856,-0.00085143297,0.004452682,0.0058485474,-0.0149539625,0.040650655,0.034053475,-0.0024653599,-0.032732144,0.054545764,0.02502063,0.020010713,-0.0099587655,-0.00052661914,0.015829735,0.008406892,-0.00012584089,-0.0040149693,-0.0016675805,0.0035181534,-0.025174163,0.08238866,0.19972172,0.22896099,0.012309178,0.050940484,0.041098226,-0.0035945522
/mnt/sdd/caltech_training/multiclass/train/001.Black_footed_Albatross/Black_Footed_Albatross_0067_170.jpg,0,0.0014438793,0.0018494097,0.002064094,0.012795964,0.005453756,0.0034003318,0.0074117896,0.011914833,0.076279104,-0.117672354,-0.13668112,-0.13424414,-0.021712095,0.022259023,0.030312013,0.0086352,-0.0074449526,-0.008968607,-0.009119008,-0.013228064,-0.00090693444,0.0045535555,0.0058477735,0.0028404915,0.10097859,-0.043421954,-0.11017971,-0.13779463,-0.0019904457,0.04355912,0.033103414,-0.001903035,-0.010450589,-0.007430526,0.010066235,0.003877209,-0.0053739497,0.00796888,0.005321764,0.008781832,-0.15309489,-0.013523042,0.16357821,0.13674241,-0.018125396,0.17065477,0.011699615,-0.03346003
/mnt/sdd/caltech_training/multiclass/train/001.Black_footed_Albatross/Black_Footed_Albatross_0090_796077.jpg,0,-0.015633048,-0.00028701604,-0.0045559085,0.0053488603,-0.007515232,-0.0089494195,-0.007754752,-0.00090056,-0.05720084,0.023864098,-0.044936076,-0.06333028,-0.016350754,0.028721262,0.0060648946,0.041457504,-0.0012952422,0.0011170907,-0.016971055,-0.009825526,0.003887095,0.0035750808,-0.002995607,-0.0017040961,-0.030773222,0.1699889,0.18321836,0.15853973,0.0092354305,0.014331113,-0.014527017,-0.015539021,0.017363036,-0.017154926,-0.0064522033,0.0038033433,0.0072300974,0.004299828,0.0004507592,0.0041438206,-0.10100638,-0.06346952,-0.046905994,-0.00081463903,0.022000398,0.056071714,0.046341572,-0.039716974
/mnt/sdd/caltech_training/multiclass/train/001.Black_footed_Albatross/Black_Footed_Albatross_0035_796140.jpg,0,0.008888017,0.010989923,0.0054693776,0.015335759,0.008510012,0.0019155804,0.0011275153,0.008305768,-0.05852808,-0.1325851,-0.1448554,-0.15362972,-0.024108766,0.032512978,0.025106603,-0.067761004,0.005105065,0.021257278,0.011694563,-0.0020089755,0.008373445,-0.009162037,-0.009502806,-0.0038800158,0.09280537,0.12290993,0.0626186,0.12039739,0.005467673,0.023791617,0.036947913,0.048577875,0.014619768,0.031641427,0.035131097,0.03637531,0.008322694,0.00013437273,0.00035498175,-0.0023653454,-0.020525612,-0.017515387,0.039741304,-0.035196185,0.04246353,0.046097007,0.093703374,-0.061710067
/mnt/sdd/caltech_training/multiclass/train/001.Black_footed_Albatross/Black_Footed_Albatross_0076_417.jpg,0,0.008143092,0.008585456,0.0065437728,0.021393262,0.005961621,0.0025264667,-0.0041254647,0.0034027891,-0.04759535,0.05418773,0.12677827,0.087526836,0.0008821259,0.0042197267,0.012464995,-0.047877263,0.00055141654,0.0013997358,0.001050855,-0.005134859,0.0048781508,0.00360965,0.0024648563,-0.01272272,0.08927392,0.030835446,0.029106745,0.034341097,-0.021684391,0.04998198,0.019427648,-0.015860615,-0.0059386613,-0.007982308,0.007088892,-0.010500446,-0.0012975724,0.007862866,0.0066105872,0.00486547,0.020564616,0.050576486,0.032096706,0.01744305,-0.0042011994,0.03689166,0.0565489,-0.017074019
/mnt/sdd/caltech_training/multiclass/train/001.Black_footed_Albatross/Black_Footed_Albatross_0080_796096.jpg,0,0.0131600415,0.023042995,0.017433919,0.015642498,0.009251417,-0.004008416,-0.0024773544,-0.0005493148,-0.004609815,-0.037799787,0.10344264,0.18020701,-0.02975789,0.024995726,0.01966555,-0.0507525,-0.009097254,-0.002025602,-0.001326069,0.012537548,0.0034941584,0.0039101453,-0.0042283516,-0.0028587962,0.06509116,0.15524405,0.11692872,0.043515623,-0.052902568,0.0047763702,0.0014711367,0.019730348,-0.021146242,-0.0007381914,0.0046351664,0.0070230416,-0.006098943,0.0036556944,0.0021683928,0.0018641526,-0.11311093,0.1215653,0.1602761,0.10143649,-0.029731538,-0.0028989138,0.05885128,0.031997673
/mnt/sdd/caltech_training/multiclass/train/001.Black_footed_Albatross/Black_Footed_Albatross_0061_796082.jpg,0,-0.00076425914,0.008125097,-0.00049408374,0.023889322,-0.002897135,-0.006046582,0.0033042463,0.000249031,-0.002617972,0.17086187,0.18405685,-0.0002698265,-0.028550904,0.01305874,0.050176382,-0.017557213,-0.0100830905,0.0027580885,0.00795898,0.008176576,0.0023702467,0.0027589183,-0.006982943,0.006165811,0.026643109,0.049652044,0.018640857,-0.0027588792,-0.03221541,0.01343584,0.03545132,0.020428587,0.017051088,0.00498008,0.018165592,0.011091225,0.0031330003,-0.004579338,-0.0004497734,0.0031800733,-0.087952286,-0.2106803,-0.01564769,0.04819104,0.032122012,0.028857354,0.050633423,-0.06599523
/mnt/sdd/caltech_training/multiclass/train/001.Black_footed_Albatross/Black_Footed_Albatross_0003_796136.jpg,0,-0.0036942258,-0.010865291,-0.0104237385,-0.0067978436,-0.003191364,-0.0021364237,0.005896754,0.00558679,-0.04381601,-0.15353145,-0.113446176,-0.020182747,0.04020136,0.037636597,-0.007756112,0.030839942,-0.006157472,-0.017063998,-0.0015679802,-0.00261113,0.0009971425,0.0045314794,-0.0038072104,-0.0052229026,-0.021284834,0.11265381,0.03657141,0.045249328,-0.031209163,0.013275691,0.019319579,-0.010435458,0.03247957,0.0033332482,-0.0017610313,-0.02755052,0.002736049,-0.00153436,-0.0026448113,-0.0026732162,0.014922265,-0.086379655,0.0070328265,-0.037258208,-0.0013717134,0.120188594,0.07998081,-0.09866443
/mnt/sdd/caltech_training/multiclass/train/001.Black_footed_Albatross/Black_Footed_Albatross_0079_796122.jpg,0,-0.011702231,-0.006195012,0.004539814,-0.013653492,-0.0034150155,-0.0018688649,-0.0003529766,-0.006097556,-0.07328612,-0.0027100816,0.13060111,0.1599876,-0.028209705,-0.012487974,-0.014283611,-0.025110964,-0.003371513,0.009678235,0.004672436,0.008601708,0.00077765924,0.0038715848,0.0024242094,0.004483437,-0.010922831,-0.018664833,0.024117801,-0.029112797,-0.020239785,-0.019593135,-0.021209834,-0.024667654,-0.019487625,0.016920155,0.028752793,0.012758508,-0.002709385,0.0021270774,0.0013482689,0.006344455,0.0042341277,0.03502209,0.10384056,0.12796547,-0.0121660605,0.10144457,0.027367163,0.038774095
/mnt/sdd/caltech_training/multiclass/train/001.Black_footed_Albatross/Black_Footed_Albatross_0082_796121.jpg,0,0.008232274,0.0020732167,-0.0006599138,0.014429451,0.0019168231,-0.0064181304,-0.006129001,0.0038806638,0.060987078,0.15628293,0.1971228,0.18557954,-0.047967903,0.01071275,-0.043159343,0.008252535,0.0066598887,-0.0072602564,-0.0072085187,-0.0010951711,0.0037217846,0.003991712,0.0012713384,0.0031614345,0.06155682,-0.08465063,-0.055872075,-0.024784405,-0.05372703,0.02261721,0.015584527,0.025458463,-0.0083367415,0.01475693,0.023102242,0.024271794,-0.0030748388,0.004505078,0.005508052,0.0011353306,-0.008186143,0.08847103,0.09004327,0.04584103,-0.010664274,0.10653022,0.05001163,0.038004924
/mnt/sdd/caltech_training/multiclass/train/001.Black_footed_Albatross/Black_Footed_Albatross_0064_796101.jpg,0,0.011022914,0.0010763399,0.012944314,0.01117342,-0.0037642429,0.00738912,0.007011991,0.003310233,0.028893039,-0.045217276,-0.056889534,-0.10406842,-0.010488578,-0.016890645,-0.0067841066,-0.026877904,0.0005378317,-0.014995376,-0.0047649103,-0.012370705,-0.001879517,0.00052802777,-0.001266212,0.005987131,-0.07823865,0.096340775,0.04089933,0.0013505928,-0.045581624,0.06724834,0.0725535,0.04364471,-0.02001021,0.013305652,0.029902596,0.019974858,-0.0020580846,-0.00030540768,0.00090724544,-4.3674838e-05,-0.052940514,-0.011827171,-0.0037163757,0.0044432823,0.007216836,0.07545727,0.07938363,-0.05528037
/mnt/sdd/caltech_training/multiclass/train/001.Black_footed_Albatross/Black_Footed_Albatross_0042_796071.jpg,0,-0.0019910077,-0.00071042497,0.00032496313,0.0031203134,0.002321576,-0.018108027,-0.0125167705,-0.018397346,-0.07548962,0.13974962,-0.019613218,-0.049481317,-0.03882551,-0.018644765,0.0062261736,-0.036104664,0.0052317157,0.019477528,0.02112975,0.0042705117,-0.0040945103,0.0048863017,0.00092600414,-0.0036233934,0.114503816,0.115526006,0.083676875,0.014740419,-0.0024521882,0.04804331,0.04318762,0.036424678,0.0061971056,0.012418605,0.013241365,0.004557575,0.00064426416,0.0022842605,0.0014474875,-0.0016646928,-0.21549585,-0.08121548,-0.03329721,-0.024465056,0.018659906,0.022978056,0.09347416,-0.02369994
/mnt/sdd/caltech_training/multiclass/train/001.Black_footed_Albatross/Black_Footed_Albatross_0068_796135.jpg,0,0.00970239,-0.00092918996,0.020227268,0.014443156,0.005163318,0.006811788,0.011703314,0.0059100604,0.0531286,-0.06677021,-0.11411905,-0.14704643,-0.03697885,0.035612334,-0.0012188992,0.0033334303,0.0025411234,0.014047474,-0.0007047984,-0.0011792046,0.0039025974,0.006770623,0.00064012536,-0.009086618,0.01533509,0.03353445,0.06137691,0.032070152,-0.06727361,0.03852893,0.018516496,-0.015486492,-0.027805934,0.016342191,0.016028618,0.011627648,-0.0049497727,-0.0029712995,-0.0012596067,0.0037996375,0.07021923,-0.11555576,-0.031117594,-0.06401421,-0.0055586807,0.059967514,0.09811726,0.085979536
/mnt/sdd/caltech_training/multiclass/train/001.Black_footed_Albatross/Black_Footed_Albatross_0031_100.jpg,0,0.012180191,-0.010847739,-0.0034630012,0.0037851152,0.0021475605,0.010769302,0.011066078,0.004156662,-0.0073166788,-0.13457417,-0.12707475,-0.17774765,0.025080658,0.014606817,-0.006906702,-0.0181982,0.009417845,-0.006904956,-0.013084831,-0.0035738621,0.0065350607,-0.002828795,0.0011378096,-0.0021080691,0.048564628,0.009944626,-0.00026375568,0.04430627,0.0162137,-0.00066419225,0.011738915,0.010203711,0.016987886,0.020914257,0.020928718,-0.005692932,-0.0012418088,-0.00030906452,-0.0009965035,0.0037154197,-0.012785561,0.04304357,-0.01217597,-0.041749597,0.02228333,0.02815672,0.08818432,-0.08371788
/mnt/sdd/caltech_training/multiclass/train/001.Black_footed_Albatross/Black_Footed_Albatross_0014_89.jpg,0,0.0025971816,0.0046530874,-0.0036567787,0.010959745,0.00090872496,0.0019028836,0.0021637464,0.0023963377,0.050698403,0.09957092,0.19740975,0.18842433,-0.0024673254,-0.023057524,0.022761367,0.0014149849,0.009647223,0.013584238,0.021888226,0.013599041,-0.003273238,-0.0076614977,0.0027289544,-0.0045208647,0.028731119,-0.040436365,-0.04378352,0.04990926,0.005788635,0.008988142,0.010333139,0.02153049,0.012785029,0.012574442,0.030002503,0.021591805,0.0004130569,0.005567598,0.0044310675,0.002865913,0.0026633572,0.14136544,0.16309139,0.100567006,-0.002160048,0.09322445,0.054444317,-0.02334716
/mnt/sdd/caltech_training/multiclass/train/001.Black_footed_Albatross/Black_Footed_Albatross_0033_796086.jpg,0,-0.012921883,0.009590004,0.0011799352,-0.007889204,-0.006368063,-0.0056078043,0.005707006,-0.00074100506,0.009485563,-0.070998386,-0.0661246,0.015745923,-0.021057254,0.018578187,0.049118552,-0.021117358,-9.605929e-05,-0.007326734,-0.00080396095,0.005883814,-0.007904382,-0.00027014816,-0.0008118523,0.006718713,-0.076459184,0.09276876,0.06922332,0.07781372,-0.014614193,0.037025712,0.06757442,0.044805672,-0.013580109,0.023331422,0.019998167,0.015389482,0.0012097938,0.0034281472,0.0005763661,0.0006240037,-0.22657502,-0.074447006,-0.014040727,-0.058524035,0.033833668,0.09106205,0.09789646,0.06315509
/mnt/sdd/caltech_training/multiclass/train/001.Black_footed_Albatross/Black_Footed_Albatross_0024_796089.jpg,0,-0.0003902139,0.000986634,0.033891268,0.010611951,0.0015226057,0.006759574,0.00861859,0.0053593926,0.0210411,0.036759138,-0.116278544,0.12510245,0.0017071723,0.028841063,-0.014192814,-0.007640152,0.0031639235,0.015663734,-8.40954e-05,-0.00035650772,0.007145696,-0.0049646054,-0.0031524706,0.0012932147,-0.03670743,-0.04337533,-0.11075568,-0.14754124,0.012756687,0.010993579,0.005316233,0.010883812,0.015297568,0.010765262,-0.0052790935,-0.018405102,0.004632514,0.0026072385,0.0022216921,0.005035309,0.009014627,0.14137319,0.21843123,0.18142053,0.028457096,0.08215314,-0.0190975,-0.04457108
/mnt/sdd/caltech_training/multiclass/train/001.Black_footed_Albatross/Black_Footed_Albatross_0005_796090.jpg,0,-0.0010433292,0.0073002083,-0.013805474,-0.018416714,0.00433096,0.0071552997,0.012740529,0.008793771,0.027034547,0.12854184,-0.025238052,-0.07632675,-0.0056246887,0.04439774,-0.024264704,-0.057836898,0.0040997644,0.011558664,0.008294634,-0.018335277,0.005409544,0.0067096176,0.0038133366,0.007607925,-0.06167058,0.091459826,0.026137182,-0.026425045,-0.0099573415,-0.021559231,-0.03656961,-0.058360443,-0.00811292,0.020051973,0.02320249,0.021783143,-0.00047174533,0.008046914,0.0024987722,0.006497519,-0.14878407,0.007174097,-0.027098693,0.03301079,-0.0012967568,0.09179395,0.0063753165,-0.023860965
/mnt/sdd/caltech_training/multiclass/train/001.Black_footed_Albatross/Black_Footed_Albatross_0023_796059.jpg,0,0.0048595928,0.0068050316,-0.0063901013,0.0031641764,0.0012311623,-0.0030635018,0.00019685854,-0.010980525,-0.017008763,0.04529453,0.008807607,0.032868996,-0.013463061,0.01295121,-0.0029950282,0.07693872,-0.00365797,0.0152674625,-0.0103829885,-0.019830547,-0.0013724635,0.0039511165,0.003091466,-0.010641554,0.06243792,-0.08199158,-0.058617268,-0.056030594,-0.03725582,0.0007233438,0.0014696205,-0.03312827,-0.012116225,0.0065751025,0.005527671,0.027208166,-0.0031197285,-0.00046701962,0.0058843847,0.0026546537,-0.049375437,0.06744255,0.072267085,0.061518006,0.0100548025,0.0513469,0.071624175,-0.027063163
/mnt/sdd/caltech_training/multiclass/train/001.Black_footed_Albatross/Black_Footed_Albatross_0074_59.jpg,0,0.00067179604,0.015620515,0.026682673,0.015564889,0.009174697,0.018278807,0.012767285,0.01588007,-0.014270961,-0.03278789,0.02076967,0.027006794,-0.0025149798,-0.001362334,0.007206675,0.024345642,0.0036748494,0.013282975,0.01561214,0.019547604,-0.00033999817,-0.0032574402,-0.003243459,-0.0022040806,0.034376405,0.06982444,-0.040924586,-0.0850496,-0.008195802,0.033083174,0.017135793,0.03262912,-0.015651356,0.0017001838,0.010480894,0.012538222,-0.006336315,0.0050352197,0.0024435946,0.0033408399,-0.015514076,0.11228108,0.13900879,0.09427617,-0.0062335297,0.1144707,0.08449339,-0.00706302
/mnt/sdd/caltech_training/multiclass/train/001.Black_footed_Albatross/Black_Footed_Albatross_0085_92.jpg,0,-0.006610305,0.009583232,0.004662389,0.008375794,-0.003983355,0.0047389916,0.0066469386,-0.0058815377,-0.07099291,0.04292985,-0.056347914,0.023655273,-0.027548555,0.034689594,0.04150681,-0.021120548,-0.0022818935,0.006591726,7.573608e-05,0.0018933504,0.0037922813,0.008072026,0.004020907,0.009880847,0.10769583,0.11340608,0.111751154,0.13205194,-0.010483026,0.022472743,0.04331325,0.022983175,-0.007819895,0.017511789,0.015474253,0.039233305,-0.0022076736,0.0013248677,-0.008101881,0.00078765943,-0.047425367,-0.030764375,0.016803779,0.008418372,-0.018005446,0.076927766,0.04461952,-0.015198762
/mnt/sdd/caltech_training/multiclass/train/001.Black_footed_Albatross/Black_Footed_Albatross_0077_796114.jpg,0,0.00034542428,0.00833637,0.015988858,0.017587088,0.004570116,0.0008538137,0.00838067,0.002413211,0.044675343,-0.031600602,-0.12798575,-0.012924574,0.010960883,0.005035707,0.02343098,0.0107695125,-8.995831e-05,0.017023515,0.0016161916,0.008162096,-0.0011447193,0.007350181,0.000268606,0.0024874555,-0.022770707,0.031869862,0.014148651,0.048909064,-0.00629039,0.009998284,0.0361823,0.05830091,0.02311287,0.015562778,-0.0052336343,-0.012589386,-0.0013205509,0.0008940308,-0.000491902,0.0022681039,-0.05977176,0.048994444,0.0119928615,-0.0068720514,0.012615311,0.07125226,0.059198,0.017701019
/mnt/sdd/caltech_training/multiclass/train/001.Black_footed_Albatross/Black_Footed_Albatross_0049_796063.jpg,0,0.009281917,-0.010918731,-0.018527534,0.030167973,0.0043901475,-0.0005752883,-0.0031152104,-0.005327582,-0.14318144,-0.0049595516,0.12664896,0.16805598,-0.011348397,0.030948604,0.02811658,0.024396863,0.00020954851,0.0006912106,0.0034632985,-0.020628331,0.0045963842,0.00051012496,0.0027518063,-0.005210609,-0.08128786,0.023242518,0.033751708,-0.0019374872,0.03239981,0.010376034,0.018337643,-0.01371892,0.035950337,0.00014499109,0.000537544,0.012396729,0.00015473046,0.009347342,0.006724132,0.0034005444,0.09840638,0.08277094,0.14300364,0.13802727,0.03595303,0.046643622,0.021962743,-0.08219379
/mnt/sdd/caltech_training/multiclass/train/001.Black_footed_Albatross/Black_Footed_Albatross_0065_796068.jpg,0,-0.0013905002,0.0038547236,0.0056867255,0.01445597,0.0053263023,-0.007907111,-0.0064117485,0.00075153005,-0.065395184,0.033476792,0.026231911,0.030722138,-8.332869e-05,0.05359979,-0.004403874,0.017874416,0.010080659,0.013323875,-0.004828831,-0.0069131344,0.0032386037,-0.008323712,0.008375032,0.0006768573,0.05724383,0.110519074,0.048137136,-0.061607182,-0.031526215,0.031893797,0.054601867,0.045295548,-0.01417644,0.008358665,0.017230002,0.002310242,-0.0004174154,-6.9650705e-05,0.003473576,0.0051179323,-0.002172768,0.04789129,0.014790058,-0.07379288,0.009689482,0.13887951,0.07876781,-0.008641873
/mnt/sdd/caltech_training/multiclass/train/001.Black_footed_Albatross/Black_Footed_Albatross_0009_34.jpg,0,-0.011008771,0.0037599439,0.0059779594,0.010164189,-0.0021478115,0.009147622,0.00019229518,0.0139056435,-0.008996133,-0.14516015,0.13931583,0.16277516,-0.035109743,0.021138234,0.007497506,-0.00505611,-0.00088211533,-0.004429674,0.0059578684,-0.0077597112,0.0014370938,-0.012020778,-0.00848278,-0.007111104,-0.061964907,0.06839983,0.010649309,0.041206494,0.0034711193,-0.020710904,-0.04121447,-0.04035887,-0.011121753,0.017604414,0.036635436,0.01776202,0.0024337803,0.0062692086,0.009410132,0.0078952825,-0.032244295,0.065468706,0.12937146,0.158809,-0.0137037765,0.15546928,0.04855057,-0.031467486
/mnt/sdd/caltech_training/multiclass/train/001.Black_footed_Albatross/Black_Footed_Albatross_0089_796069.jpg,0,-0.004748352,0.0025891187,0.0074580302,0.00656401,-0.007622047,0.0067351745,0.011684872,0.012150332,-0.035007413,-0.101193614,-0.0971406,-0.11192835,-0.0020890536,0.015389903,0.037872344,-0.041861106,-0.0067086956,0.0061000935,0.004709155,0.0017455881,0.0058127344,0.008095635,0.009692173,0.008014337,-0.050148323,0.092782035,0.056044042,-0.029840728,-0.056680545,0.00452919,0.025808986,0.022134935,-0.009090601,-0.013053186,-0.009301941,0.0017710058,0.0022230702,0.006161125,0.0009799991,0.0035005184,-0.1402318,-0.040415846,-0.020585164,-0.017428502,-0.0077634603,-9.421352e-05,0.01070433,0.01307155
/mnt/sdd/caltech_training/multiclass/train/001.Black_footed_Albatross/Black_Footed_Albatross_0041_796108.jpg,0,0.009558616,-0.00052162964,-0.0063514737,-0.0030746476,0.0024775793,-0.0016635014,-0.009885194,-0.0016027475,-0.012186561,-0.18299621,-0.20650023,-0.20661435,0.00983193,0.02283457,0.020467784,-0.0023423322,0.0067159743,0.007672092,-0.004382672,0.0069832304,-0.00027475134,-0.0076770205,0.0063514505,0.00489698,-0.06417385,0.041399132,-0.031244112,-0.04075761,-0.04103854,0.01678926,0.055402644,0.04401063,-0.009945713,0.0064532286,0.033365604,0.018888127,-0.0027997906,0.002230267,0.004666916,0.0053764028,-0.06973924,-0.20334584,-0.11010142,-0.08472552,-0.023806302,0.090553105,0.051052123,-0.06751461
/mnt/sdd/caltech_training/multiclass/train/001.Black_footed_Albatross/Black_Footed_Albatross_0081_426.jpg,0,-0.0033035546,0.0012935265,-0.012252781,-0.017894983,0.0020124405,-0.0012221243,-0.0032303515,0.0056023584,-0.01633658,-0.046675112,-0.083692536,0.023851007,0.0024042486,0.07547735,0.002299361,-0.030747637,-2.8840732e-06,0.012121269,0.012436936,0.0037399498,0.010597154,0.003414016,-0.002102375,0.008022346,0.034617014,0.1016999,0.19602728,0.1606879,-0.025717864,0.020245532,-0.0022276454,0.009286014,0.008764591,0.012204979,0.0047829566,-0.011249804,0.0035476703,-0.0021945518,-0.0022798812,0.006220747,0.00022098981,0.13415955,0.21572837,0.15382367,0.024302473,0.066077024,-0.051684193,-0.063785166
/mnt/sdd/caltech_training/multiclass/train/001.Black_footed_Albatross/Black_Footed_Albatross_0056_796078.jpg,0,0.012905086,0.0054415194,0.009617157,0.02443213,0.009002786,0.008065321,-0.0018037944,-0.0021120154,0.19544832,0.0024328157,-0.028111938,0.021447966,0.013890419,0.047635473,0.044201113,-0.004381731,-0.012129428,0.011150389,0.0015360503,-0.002716712,-0.0015174681,0.004500931,0.0015281887,-0.0071056243,-0.013256708,0.08336558,0.18710414,0.18549453,-0.0015029013,-0.015692772,0.007868482,-0.022254338,0.027483454,-0.0067093,0.0061898557,-0.018993901,0.0022674284,0.0008493598,-0.0025912228,0.00346608,-0.06314325,0.04488451,0.063497655,0.02666033,0.014919637,0.020521034,0.085031,-0.005338137
/mnt/sdd/caltech_training/multiclass/train/001.Black_footed_Albatross/Black_Footed_Albatross_0038_212.jpg,0,0.0028767446,0.0067153517,0.017272122,0.010554981,-0.0028612188,-0.001863234,-0.01612127,-0.011261366,0.0019661225,0.16089447,0.031586353,-0.025541037,0.0003032661,0.015623559,0.05188795,0.032417886,0.01684116,-0.002463721,0.0035843723,0.018039638,0.0074933907,0.0014740468,0.003772562,0.005877549,0.026258895,0.07361241,0.09885643,0.045372847,-0.04314985,0.028484538,0.044731606,0.003715883,-0.024853516,0.008511264,0.0041598687,-0.012446849,-0.0055275303,-0.00047002034,-0.0020346674,-0.0007120761,0.029380154,-0.14022228,-0.052425254,-0.068431586,0.007181863,0.035769004,-0.021994688,0.03972964
/mnt/sdd/caltech_training/multiclass/train/001.Black_footed_Albatross/Black_Footed_Albatross_0037_796120.jpg,0,-0.010616723,0.00016170228,0.0040400103,-0.006723859,-0.006341871,0.0004990483,-0.0036700894,-0.0020382064,-0.2838036,0.15811019,-0.027899705,-0.17659849,-0.034585427,-0.0033227517,0.0018244374,-0.007092328,0.0012213411,-0.0016156235,-0.0020378367,0.0066701407,-0.0008369074,-0.005671979,0.0024567386,0.0024235265,0.079883516,0.06801109,-0.04654479,0.06475568,-0.039691813,0.04670041,0.029108658,0.033355832,-0.010322764,0.02846288,0.008158157,0.014392333,-0.0026831194,0.004380387,0.0082763815,0.0039645117,0.029781397,0.09422407,0.12058404,0.14486358,-0.02565972,0.0779243,0.103805974,0.022571683
/mnt/sdd/caltech_training/multiclass/train/001.Black_footed_Albatross/Black_Footed_Albatross_0002_55.jpg,0,-0.005053117,-0.0077630132,-0.003977796,0.00074593176,-0.0102973385,0.0019679882,0.005210162,-0.0024749818,-0.07182846,-0.068155825,-0.13341507,-0.09980534,-0.022947777,-0.012141405,0.052210458,-0.04060488,0.00035050977,0.02024101,0.01685343,0.010430738,-0.0038995396,0.0044858814,0.004256159,0.004253483,-0.11037154,0.03133526,0.039349515,0.010954469,-0.012624216,0.024918268,0.0026188544,0.009868288,-0.014567584,-0.005256326,0.015056063,0.005202988,-0.0025562448,0.007932887,0.0058766035,0.00362915,-0.14638133,0.09269075,0.19394957,0.20400277,-0.018896583,0.019969873,0.069607265,0.007732096
/mnt/sdd/caltech_training/multiclass/train/001.Black_footed_Albatross/Black_Footed_Albatross_0025_796057.jpg,0,-6.266078e-05,-0.0010458787,-0.0019407247,-0.025249625,0.0005345165,0.00060472486,-0.003936887,0.0037765803,0.02479086,-0.06873782,0.16695793,0.18979876,0.019918201,-0.0004140418,0.036752142,-0.0005361397,-0.0019983102,0.0030274824,0.012648128,0.012945563,-0.0034850691,-0.002855399,-0.0035799257,-0.0068844426,0.039478946,-0.05476555,0.007115459,0.0021914262,-0.009339803,0.023167837,0.006264747,0.010866061,-0.009053421,0.01792667,0.017308,-0.0021479232,-7.570756e-05,0.0052554905,0.0030361784,0.0015390352,-0.13559726,-0.035988696,0.033593416,0.0051217508,-0.027426304,0.0939443,0.003279309,-0.093528
/mnt/sdd/caltech_training/multiclass/train/001.Black_footed_Albatross/Black_Footed_Albatross_0008_796083.jpg,0,0.004657103,0.0027528822,0.0033267317,-0.0029549715,0.005301022,-0.0034753548,0.00781457,-0.00031692453,0.002515167,0.09707087,0.09250015,0.1913582,-0.016300468,0.0038953312,-0.024451733,-0.013522074,-0.002156978,-0.016520742,0.0058010966,-0.0048735915,0.002761321,-0.0054333257,-0.0019584286,-0.00055514125,0.050314337,-0.04067529,-0.031747714,0.025802325,-0.014834667,0.060238715,0.06592095,0.060373068,-0.0067009158,-0.013281719,0.021582149,0.010986314,-0.0016747024,0.00191254,0.0026642266,0.008276993,0.09897989,0.14651522,0.11917949,0.05017317,-0.00809355,0.080489755,-0.018607073,0.124594495
/mnt/sdd/caltech_training/multiclass/train/001.Black_footed_Albatross/Black_Footed_Albatross_0078_796126.jpg,0,-0.009528833,0.0021500704,0.007640396,0.013195778,-0.002974383,0.0102258045,-0.020033931,0.0057639284,-0.05311118,-0.075025454,0.10627753,0.10733934,-0.013221372,-0.0064530526,-0.023196911,-0.01917942,0.011101023,-0.0015064441,0.008285345,0.0013091997,0.008908621,-0.004303531,-0.00892566,0.00016837311,0.04547324,0.03367929,0.02697598,0.08388453,-0.058665477,-0.0062558195,-0.00073329173,-0.028406713,-0.03376238,0.029300904,0.023965485,0.022450123,-0.006190575,-0.0038928436,-0.0004947245,0.0040390994,-0.14646246,0.07071786,0.087813556,0.13855048,0.018735815,0.10210048,0.006319372,-0.009156978
/mnt/sdd/caltech_training/multiclass/train/001.Black_footed_Albatross/Black_Footed_Albatross_0039_796132.jpg,0,0.00034675654,0.020698765,0.017043753,0.008377865,-0.0023094479,-0.0033943467,0.005602183,-0.0002352632,0.046780642,-0.03272204,-0.036904752,-0.09204233,-0.021795623,-0.029117648,0.03336951,-0.046784803,-0.0029157307,-0.01036738,-0.011377914,-0.0121401865,0.0012144262,0.007856308,0.0010760252,-0.0013262689,-0.012453267,0.12001879,0.0684036,0.008523341,-0.07741032,0.015644122,0.060178395,0.038406633,-0.012778439,0.01746661,0.03221511,0.007975371,0.0024439096,-0.002212273,-0.0029217126,-0.00018965176,0.065285094,-0.08690168,0.061239224,0.025869071,0.014636631,0.051199798,-0.0067246878,-0.062861845
/mnt/sdd/caltech_training/multiclass/train/001.Black_footed_Albatross/Black_Footed_Albatross_0006_796065.jpg,0,0.0016675035,0.005751006,0.013332053,0.013203701,0.006333645,-0.008044365,-0.003162024,0.002868128,-0.011017628,-0.1932186,-0.15408722,0.029774157,0.0072234385,-0.031203782,-0.073903084,-0.042593077,0.011573998,-0.0022183894,0.009860968,0.008157359,0.0038675037,-0.0018140044,-0.007076899,-9.8770135e-05,0.11202847,0.03216613,0.068893224,0.013747325,-0.045947634,0.019898165,0.012236617,0.02008051,-0.007003543,0.0003404119,0.01673207,0.011428877,0.0036337357,4.7034293e-05,-0.0033283636,-0.0022785994,-0.029620277,0.09260672,0.12440949,0.04501741,0.022756979,0.035190187,0.051160417,-0.011550295
/mnt/sdd/caltech_training/multiclass/train/001.Black_footed_Albatross/Black_Footed_Albatross_0032_796115.jpg,0,-0.0072572534,0.016916621,7.81815e-05,0.004634151,-0.002027261,0.0042313226,0.0008095377,-0.008472951,-0.04180348,0.13136467,0.057981584,0.094472244,-0.011386604,0.015022201,0.03920474,0.0059252074,0.015294492,0.0061397455,0.0036738166,0.006299339,0.0064843227,-0.001061704,0.00055362954,-0.004415707,-0.045502488,0.22446635,0.20857123,0.22780943,-0.01337941,0.01985932,0.031790227,0.049761668,-0.008205515,0.01069231,0.03349283,0.0114299925,0.00056711055,0.003675114,-0.0014729974,0.0012959822,-0.13837689,0.036539637,-0.0063800514,0.00045942143,-0.0031508147,-0.03027042,0.09592062,-0.03908138
/mnt/sdd/caltech_training/multiclass/train/001.Black_footed_Albatross/Black_Footed_Albatross_0071_796113.jpg,0,0.009389909,-0.0025693628,-0.0007737095,0.0034939377,0.010085546,-0.0046521947,-0.002311365,-0.0009380295,0.057558574,0.10105608,0.044088066,-0.009427149,-0.018613892,0.021240477,0.024862796,-0.014072857,-0.0033503606,-0.0004949118,0.0070324205,-0.005969041,-0.0053020185,-0.012441965,-0.0035818303,-0.005843169,0.114079095,0.04801887,0.024137437,0.019394308,-0.0605037,-0.016708128,0.032832377,0.030965822,-0.01174801,-0.0055079088,-0.011409655,-0.010393929,-0.0037538176,-0.0029338547,-0.003732814,-0.00020327896,0.04395669,0.0067770183,0.07245125,0.035111304,0.007983253,0.023580551,0.062622145,-0.01461718
/mnt/sdd/caltech_training/multiclass/train/001.Black_footed_Albatross/Black_Footed_Albatross_0051_796103.jpg,0,0.008070193,-0.0032749763,0.0010270498,0.0108385645,0.008832606,-0.005646809,-0.005646258,-0.007482021,0.016442433,0.09450645,0.1173862,0.17238712,0.0043416284,0.025660116,-0.036697444,0.058715075,-0.010142794,0.0058254986,-0.0009226408,0.0024069408,0.0046216045,-0.0016039172,-0.0035258015,-0.00785633,0.030054614,0.09099741,0.023182388,-0.062312268,-0.050151445,0.011937391,0.0132468585,0.005984752,0.016672421,0.014515906,0.013738264,0.013114262,0.0036064603,0.002252129,0.0035591454,0.002429822,0.0008172933,0.056481764,0.12521593,0.026998907,0.017129624,0.055982932,0.050246183,0.103601635
/mnt/sdd/caltech_training/multiclass/train/001.Black_footed_Albatross/Black_Footed_Albatross_0016_796067.jpg,0,0.008870524,0.0052607222,0.0057144766,0.017206812,0.002361758,0.00624906,0.00081259536,0.0069699977,0.021377534,0.010599181,-0.010360325,-0.03659253,-0.0024680733,-0.0029393295,0.012231108,-0.0050566113,0.003058657,0.0143669285,-0.0009658397,0.007865631,-0.0010080964,0.0016442959,0.0015794465,-0.0038313796,-0.0627921,-0.038041785,0.07459932,0.07654916,-0.027296968,0.017951164,0.0643205,0.010498326,-0.014943806,0.032761384,0.010082871,0.02099372,0.0049338164,-0.0044006957,-0.00039040594,-0.002878331,-0.062106453,0.12632084,0.1730851,0.08286737,0.0034835357,0.07083867,0.07832904,-0.01994725
/mnt/sdd/caltech_training/multiclass/train/001.Black_footed_Albatross/Black_Footed_Albatross_0088_796133.jpg,0,0.020989638,0.002222117,0.0002359089,-0.002096294,0.0027622543,0.003357396,-0.0024679427,-0.002173866,0.011023235,0.04890755,0.023300521,0.05810661,0.010655606,0.018074345,-0.029659813,0.014095371,-0.010727346,-0.008376522,-0.003103544,0.013598338,0.00853507,-0.004907376,0.0047160313,-0.00048974855,0.05944214,0.17384753,0.12948936,0.18330684,-0.030997649,-0.0007985635,-0.007762074,0.026515603,-0.0014630505,0.0269694,0.023064401,0.008316493,0.00026197618,0.0007385731,0.004174906,0.008062361,0.048644897,0.12914705,0.17928235,0.14004666,0.008614517,0.041094545,0.08343365,0.021965403
/mnt/sdd/caltech_training/multiclass/train/001.Black_footed_Albatross/Black_Footed_Albatross_0053_796109.jpg,0,0.008149583,0.014019078,0.019980595,0.011494165,0.0009107266,-0.0050586932,0.0036330835,-6.793579e-05,0.07512055,0.0026437566,-0.033200465,-0.044953264,-0.014984146,0.037029333,0.04935984,0.0033280328,-0.0012748521,8.482777e-05,-0.0011966289,0.0077317664,8.964387e-05,0.0056548323,0.008546028,0.00931914,-0.13242324,0.052116513,0.014397353,-0.07449465,0.011973351,0.002439754,0.038280815,0.04490087,0.02502059,0.0022485247,0.004983065,-0.01853483,0.008770777,0.003935387,0.007112356,0.0052158814,-0.11974299,0.074819826,0.12709606,0.13600984,0.008944892,-0.05029655,0.08609189,-0.018011361
/mnt/sdd/caltech_training/multiclass/train/002.Laysan_Albatross/Laysan_Albatross_0061_563.jpg,1,0.0011682835,0.017177846,0.0012109727,0.012862786,-0.00043649302,0.002707183,-9.52417e-05,0.0026351002,0.08017644,0.1458647,0.04312466,0.21738349,0.008004731,0.016892822,-0.05323469,0.011282349,-0.010193057,0.007997307,-0.0029998932,0.003093318,4.7714333e-05,-0.003069689,-0.003802866,0.0022509382,-0.12097176,0.02395071,0.016663078,-0.01654867,0.023296423,-0.0028138496,0.010078374,0.014218056,-0.00090160954,0.023652613,-0.0010736194,-0.0036427141,0.00096602534,-0.0012807692,0.0013813368,0.0019637882,0.1327796,0.020015722,0.009244211,-0.086238325,-0.02010575,0.06317883,-0.057818945,-0.02340679
/mnt/sdd/caltech_training/multiclass/train/002.Laysan_Albatross/Laysan_Albatross_0017_614.jpg,1,0.0016411268,0.005443473,0.019703813,0.0013259868,0.0014323138,0.004379185,-0.00485394,-0.0024818694,0.063642666,0.032276116,0.013845172,0.022943385,0.01713882,0.043561522,0.016285911,0.04467809,0.0044612586,0.003685264,0.0035680581,-0.0061180633,-0.00020777667,-0.0010820116,-0.0021190904,-0.00028455444,0.027673524,-0.02992727,-0.010233907,-0.038944997,0.053922772,0.0008426127,0.020195011,0.019531269,0.008273845,0.029827464,0.014921616,0.0064691007,0.00078274566,-0.0035672365,-0.006001585,-0.006000918,0.026042607,0.07068532,0.08698806,0.0854183,0.022795077,0.036206406,0.05297077,0.055461597
/mnt/sdd/caltech_training/multiclass/train/002.Laysan_Albatross/Laysan_Albatross_0035_876.jpg,1,-0.008826971,-0.008209949,-0.00872178,0.008246186,-0.00094511453,0.0034031854,-0.002335291,-0.0003009229,-0.113195695,0.17049281,0.16674505,0.14701104,0.003471038,0.0043241046,-0.021100849,0.002266923,-0.002269125,-0.015659312,0.004812748,-0.012453057,0.0007443944,0.00165955,-0.00036746112,0.0018116648,-0.0011445582,0.09312586,0.04978884,0.04509959,0.042832214,-0.01558069,0.010124217,0.026431248,0.024019664,-0.0067091333,-0.01768107,-0.00898644,0.003343527,0.0013483281,-0.0004122749,0.0011383637,0.053188927,0.03726008,-0.0066645257,-0.0058121383,-0.0069347527,0.074888274,-0.017646126,-0.06701723
/mnt/sdd/caltech_training/multiclass/train/002.Laysan_Albatross/Laysan_Albatross_0040_472.jpg,1,0.00153358,-0.014539389,-0.021169044,-0.0088661425,0.0044418676,0.0047235703,-0.0036082622,-2.536975e-05,0.09230469,0.058349364,0.030688949,0.08249303,0.0034361854,-0.00517821,-0.002505877,0.046932004,0.00050922506,-0.0020713117,-0.020264361,0.001839492,-0.0027421669,-0.0009966186,-0.0029211666,-0.00027472316,0.052270047,-0.04971273,-0.07179752,-0.06539241,0.0027946364,-0.009350305,-0.01822637,0.005601489,0.0057099015,-0.007856205,-0.010714721,-0.0026239087,0.0039592665,0.0011100818,0.0019652536,0.0019212158,-0.02793974,-0.023284249,-0.00478372,0.022759693,-0.0020145345,-0.017742114,-0.083724886,0.013237794
/mnt/sdd/caltech_training/multiclass/train/002.Laysan_Albatross/Laysan_Albatross_0073_927.jpg,1,-0.005322943,0.0073100226,-0.009116187,0.020117247,0.0030006904,-0.005885681,-0.003257109,-0.00024860818,-0.032990064,0.044753194,-0.002557151,0.042947926,-0.016672,-0.016059317,0.024243645,-0.0052590277,0.006993321,-0.0026624105,-0.002421361,0.0008419433,-0.0023045845,0.00022868486,0.0022634685,-0.0041055614,-0.030273423,0.053531677,-0.036349934,0.054069698,0.0069248537,-4.7276728e-05,-0.0024981531,-0.010127514,0.016213818,-0.0055843554,0.01963569,0.016757546,0.0036130955,-0.0021105246,0.0018793673,0.0031828317,-0.120177135,0.05692371,0.050127793,0.037689976,0.062464584,-0.033980645,-0.029113017,0.05616372
/mnt/sdd/caltech_training/multiclass/train/002.Laysan_Albatross/Laysan_Albatross_0076_671.jpg,1,-0.013747798,-0.0006732228,-0.0049551353,0.003603857,-0.001935453,0.005881974,0.0009546863,0.0003297659,0.057997845,-0.13275325,-0.10351648,-0.11209527,-0.00085763633,-0.03730205,-0.020431595,-0.028246058,-0.0023182814,0.013649692,0.011619579,0.01074318,-0.0018015063,0.00096586463,-0.0012027011,6.560027e-05,0.07414565,0.004353816,-0.028277399,-0.07517945,0.03166994,0.026822109,0.04208897,0.004507103,0.0044302233,0.0391348,0.018305782,0.02510502,-0.00041024823,0.0077993087,-0.00087513495,-0.0049334364,0.17239794,0.15416557,0.1383088,0.094016135,0.005978957,0.0239033,-0.003208559,0.12980837
/mnt/sdd/caltech_training/multiclass/train/002.Laysan_Albatross/Laysan_Albatross_0002_1027.jpg,1,-0.006002481,0.008900071,-0.0032768454,0.011420641,-0.00017832674,0.003343985,0.005216631,0.010494176,0.085485674,0.010083761,-0.045018166,0.050843615,-0.045583174,0.070331976,0.046258457,-0.014228116,-0.012624325,0.0017308479,0.028753191,0.012045051,0.0031704102,0.004147446,-0.0042275605,0.0020929596,0.08396738,-0.008161223,-0.089427024,-0.14251262,-0.04639104,0.005967863,-0.009007907,0.042156376,-0.008266522,-0.0064261807,-0.0039771358,-0.033786632,-0.0023752793,0.002823036,0.00021787378,0.0035449166,-0.060192756,0.10681795,0.15702862,0.12595305,-0.027126143,0.054425843,0.021572553,0.014573403
/mnt/sdd/caltech_training/multiclass/train/002.Laysan_Albatross/Laysan_Albatross_0012_696.jpg,1,-0.011316128,0.01700325,0.01714418,0.024492107,0.0008658995,0.008811331,6.2896346e-05,0.0070430646,0.033889696,0.10169483,0.06308508,-0.010472329,-0.0079282,0.033272583,0.0073883245,0.024401832,-0.0038032515,-0.009428516,0.008728557,0.008465771,0.0003008796,0.0088501405,0.0007683614,0.0010248157,-0.13451509,-0.08149952,-0.029187154,-0.026160069,0.0040827664,0.023278851,0.04917272,-0.0094310185,-0.022056466,0.007632843,0.037076093,0.0070914538,-0.00399563,0.00024759886,-0.0047485195,-0.0030869138,-0.032389566,0.016692659,0.057382215,0.040637016,0.010660948,-0.05453766,-0.027227022,0.05275894
/mnt/sdd/caltech_training/multiclass/train/002.Laysan_Albatross/Laysan_Albatross_0005_565.jpg,1,0.0060757506,-0.010660525,-0.00800408,-0.019312609,-0.00024771085,0.0061851987,-0.009140944,-0.0013123308,-0.015609905,0.013084363,0.122422546,0.08568378,-0.025972178,0.024220577,0.024360158,0.029349891,-0.0021040826,0.0038442244,-0.0037826353,-0.017002251,-0.00433252,-0.00075077184,0.000736119,-0.004941588,-0.036217578,0.17887616,0.098697454,0.042927936,0.008554106,0.0008682776,-0.01011616,0.045505844,-0.011589587,0.013186675,0.009446827,0.011108881,-0.0037863501,0.0018534522,0.0024042395,-0.0021578954,0.11155446,0.07146002,0.028032225,0.009652495,-0.024800112,0.036736358,0.0298737,-0.050214987
/mnt/sdd/caltech_training/multiclass/train/002.Laysan_Albatross/Laysan_Albatross_0042_801.jpg,1,-0.0016386939,-0.011840557,-0.0121363215,-0.0032785712,0.0013685117,-0.0070679425,-0.010652246,-0.0037842838,0.1049912,0.0420032,0.12701666,0.14729512,-0.021782516,-0.006724708,-0.018767133,-0.006301698,0.005564639,-0.011829883,-0.0069509177,-0.00582499,0.0008186537,0.0017364233,0.00089147245,-0.002346846,0.0044025853,0.056916375,-0.015799355,-0.08554459,0.021863673,0.0063157785,0.027966987,0.02447417,-0.019910004,0.022289906,0.00978372,-0.01178006,-0.0052617397,-0.0053673163,-0.0034000257,-0.003947037,0.23851536,0.034619752,0.08929547,0.02254722,-0.055966355,0.013416249,0.09275831,0.022025954
/mnt/sdd/caltech_training/multiclass/train/002.Laysan_Albatross/Laysan_Albatross_0096_673.jpg,1,-0.014171453,0.0049372762,0.008030573,0.004892516,-0.0022885501,0.00900599,-0.0015984772,0.002143911,-0.03366459,0.04695734,0.031977084,-0.024357963,0.0053102234,-0.01785209,0.023024088,-0.010330368,0.014667178,-0.003955298,0.0020106263,-0.006741163,0.0046366816,0.005914759,0.0048313094,0.002414445,0.06698243,0.13722217,0.09673734,0.033917595,0.025536822,-0.015165176,-0.016610377,-0.06663862,-0.02949799,0.011157528,-0.01848666,-0.01659072,-0.00016509474,-0.009216852,-0.009593116,-0.007707406,0.030058261,-0.076080486,-0.01738324,-0.003533706,0.01418902,0.025585353,0.008835005,-0.083015054
/mnt/sdd/caltech_training/multiclass/train/002.Laysan_Albatross/Laysan_Albatross_0081_800.jpg,1,0.0059999665,-0.009247126,0.012025794,-0.001056504,0.0015541437,0.0138278175,0.0050342996,0.0069855126,0.013502397,0.11556359,0.09500939,0.013129149,0.017722651,0.053088285,0.06138515,0.027490022,0.012269041,-0.006775067,0.0005923507,-0.005834316,0.0041526984,0.00033280556,0.005603484,0.005430297,0.10070403,0.09638805,-0.000831848,-0.021394648,0.0012330003,0.035882007,0.024073295,0.05363942,-0.0002778126,0.033739604,0.033752263,0.0089755375,-0.0052455203,0.0020415965,0.0035997918,0.004183918,0.04294419,0.034867458,0.031680714,0.049284156,-0.013264546,0.048714787,0.034819707,0.061824366
/mnt/sdd/caltech_training/multiclass/train/002.Laysan_Albatross/Laysan_Albatross_0058_637.jpg,1,-0.009089125,0.013140639,0.008705631,0.0077624572,-0.003341184,-0.001312011,-0.004533033,0.0003946653,0.050393716,0.1178742,0.2228135,0.14844985,-0.02048916,-0.0141997505,0.0016347617,-0.0022635348,0.0034667347,0.003266955,0.0028443965,0.0057501467,0.0029654186,-0.002821058,-0.000109946355,0.0021050232,0.028425312,0.13505246,0.13251168,0.09361484,-0.01273206,-0.016851988,-0.026424015,-0.022941068,-0.016102597,0.020752065,0.04223471,0.034969445,-0.0017518279,0.0003585192,-0.0034610229,0.0012877777,-0.010826045,0.078576624,0.03840303,0.059308592,-0.025309209,0.05615809,-0.06849268,-0.005519905
/mnt/sdd/caltech_training/multiclass/train/002.Laysan_Albatross/Laysan_Albatross_0037_699.jpg,1,0.010652223,0.010431619,0.006352257,0.008699361,0.0032217258,0.0027395824,0.0014772072,-0.005032029,0.023508582,-0.07880586,0.006722213,0.032281846,0.007558126,-0.01622399,0.004088685,-0.023738429,0.011048875,0.00132288,-0.0022602216,0.0010006856,0.0056596347,0.0074058655,0.00067453826,0.000226676,0.02991712,0.03736553,0.009946704,0.021837158,0.0022334727,0.015278182,0.0033661108,0.009957151,-0.0005930236,0.023662798,0.012938273,-0.0011156229,0.0020894571,-0.002799379,0.0026445051,-0.006394876,-0.048635066,-0.05652534,-0.03639796,-0.027843703,0.01257326,-0.029859267,-0.020683933,0.07513676
/mnt/sdd/caltech_training/multiclass/train/002.Laysan_Albatross/Laysan_Albatross_0003_1033.jpg,1,0.0011680447,0.006985957,0.010102699,0.011209631,0.0041844454,0.0013308004,-0.004780138,-0.01070965,0.021749802,-0.123922855,-0.08625861,-0.057664648,0.0036807675,0.013942964,0.0012221274,-0.02128259,0.0012608913,0.0012616918,0.015301484,0.010182369,-0.0033426858,-0.0014179379,0.00531921,0.0057109334,0.010447634,-0.01741521,-0.03150947,-0.13392943,0.018103162,-0.009726825,-0.018511228,-0.037676893,0.010074798,0.049890693,0.050811954,0.039169755,0.00054541486,-0.0020865519,-0.0048110466,-0.004277286,-0.057082396,0.13461491,0.15789676,0.14873938,0.01169169,0.010865271,0.04981548,0.16977341
/mnt/sdd/caltech_training/multiclass/train/002.Laysan_Albatross/Laysan_Albatross_0051_1020.jpg,1,-0.0008834568,0.013612373,0.0047040745,0.008553932,0.00019835809,0.0013077375,0.008965861,0.0076395446,0.11760761,0.027077159,0.040234465,0.06897226,-0.005598253,0.008418952,-0.0077382764,0.04044685,-0.004578744,0.0051690983,-0.00883086,0.007694635,0.0021974093,-0.0013983579,0.0018028326,-0.0042854003,0.01896,-0.0022037178,0.0348408,-0.04560429,-0.033473656,0.019480668,0.03426367,0.0041728974,-0.0178216,0.012703134,0.0076031704,0.016143367,-0.001655374,-1.894054e-05,0.0010959011,-0.003572444,0.17521349,-0.008148024,0.024995709,-0.05561589,0.025554134,-0.022243012,-0.06230207,-0.080772
/mnt/sdd/caltech_training/multiclass/train/002.Laysan_Albatross/Laysan_Albatross_0028_643.jpg,1,-0.017302476,-0.018999092,-0.013574496,-0.009244459,-0.004875714,-0.0070008123,-0.003595362,-0.008734495,-0.06547356,-0.05616431,-0.03740862,0.003115315,-0.026527196,-0.0110031795,0.017590284,-0.033282053,0.012676275,0.0033646983,0.003842677,0.00943658,0.0007084445,0.004595856,0.0032122189,0.0044057565,-0.04894695,0.0913235,0.06926404,0.0076958174,0.023209233,0.042963564,0.044876024,0.024023522,-0.031495523,0.019632116,-0.014181724,-0.017035529,-0.003215014,-0.0014121567,0.0021146822,-0.0034389596,0.0041763,0.18216932,0.02138324,-0.027233964,0.010302454,0.021934917,-0.07092932,-0.007912744
/mnt/sdd/caltech_training/multiclass/train/002.Laysan_Albatross/Laysan_Albatross_0053_543.jpg,1,-0.0004993137,-0.0108650215,-0.018597692,0.00615654,-0.0047401623,-0.0012075163,-0.0037085954,0.013662046,-0.10151544,0.007868223,0.114413664,0.023793621,-0.023785163,0.011070884,0.057369158,-0.02397813,-0.010783694,-0.0037927905,0.005649155,0.001187603,0.0019478373,0.005594992,0.0040583382,0.0028674193,-0.005627584,0.16775866,-0.029750308,0.03298029,-0.017106045,0.044718232,0.015410719,0.011323762,-0.0062133917,0.07106539,0.041259136,-0.00068424176,-6.8030204e-05,0.0061188946,0.0044694887,0.001101982,0.10341941,0.097746894,0.13875644,0.15020587,-0.035919886,0.050151695,0.060269155,0.024412107
/mnt/sdd/caltech_training/multiclass/train/002.Laysan_Albatross/Laysan_Albatross_0060_777.jpg,1,-0.029558094,0.011378518,0.012183055,0.019633304,-0.015797865,-0.0023121715,0.0017829947,-0.000591007,-0.1702187,0.08979651,0.098496184,0.021580184,-0.060146905,0.018942295,-0.010595359,-0.007785817,0.0024813097,-0.0029628577,-0.014194684,-0.01108999,-0.0045676893,0.0020718744,0.004698052,0.004367888,-0.0064794216,0.009755382,0.000903409,-0.028474927,-0.0096007,-0.021716319,-0.06198445,-0.087962575,0.019510435,0.015433412,-0.0066482658,0.011413244,0.0008383171,-0.008077767,-0.006171407,-0.007411961,0.13127814,0.101088084,0.07787896,0.05707741,0.027759582,0.023203243,0.013854965,0.01699097
/mnt/sdd/caltech_training/multiclass/train/002.Laysan_Albatross/Laysan_Albatross_0033_658.jpg,1,0.0015036184,0.003930785,0.0011440224,-0.003300766,-0.001297865,-0.0046864483,-0.0020533483,-0.0016567612,-0.03511037,0.18975079,0.17851292,0.13811179,-0.009981726,-0.0042451713,-0.0008248566,0.037476387,0.0025693143,0.013583557,0.0057710684,0.009831004,0.007570059,-7.932272e-05,0.000104869716,0.0026563145,0.03624298,0.013735402,0.012493466,-0.019242087,0.054254193,0.0319067,-0.042869996,-0.04554747,0.020279024,0.01970626,-0.004471018,-0.011719426,0.00870976,0.0035646392,0.0018965657,0.0012310594,-0.0045511606,0.060390696,0.045290343,0.0155783,0.010161344,0.003247281,-0.07598908,-0.05267445
/mnt/sdd/caltech_training/multiclass/train/002.Laysan_Albatross/Laysan_Albatross_0059_488.jpg,1,-0.011161435,0.00329514,0.009044621,0.002649106,-0.00016435876,0.013194852,-0.000697389,-0.0063917506,-0.04791651,0.059326187,0.005460426,0.011116353,-0.01979004,-0.06077592,0.0023530908,-0.024180314,0.0024838499,-0.0055767684,0.0058187335,0.0011177359,-0.0082175955,0.0020532347,0.004143755,-0.0016602783,-0.007639881,0.051472746,-0.0093710385,0.010225948,-0.04189424,0.0497308,0.034881327,-0.05959865,-0.019031754,0.0026851483,0.008993619,-0.013395278,-0.007328172,0.0042067664,-0.0028749686,0.0029255676,-0.12789074,0.08219601,0.15138775,0.15402621,-0.006621954,0.063901395,-0.032696474,-0.09557703
/mnt/sdd/caltech_training/multiclass/train/002.Laysan_Albatross/Laysan_Albatross_0079_506.jpg,1,0.00472588,0.00068500405,0.0035898346,-0.0019471957,0.00045016198,-0.0009522791,-0.003964195,0.008753372,-0.0021340698,0.12061229,0.0600386,0.063378066,0.0025051383,0.013618295,0.0007310277,0.059775613,0.0016127315,-0.010377271,-0.011012919,-0.012924967,0.00034008082,-0.00016307377,0.0020777737,0.0067325756,0.05447571,0.16331965,0.05356972,0.043024816,0.0071548168,0.015943643,0.006031772,0.008342865,-0.006513607,0.0048124264,0.018503934,0.001193017,-0.0022136439,0.005403015,0.0036153714,-0.0032800576,0.031828143,-0.108142704,-0.0574072,-0.056804057,-0.017203987,0.01596134,0.040970013,0.12978373
/mnt/sdd/caltech_training/multiclass/train/002.Laysan_Albatross/Laysan_Albatross_0093_725.jpg,1,-0.017949773,-0.014020734,-0.018402828,-0.014231445,-0.007576333,0.0019076103,-0.008552552,-0.0053998325,-0.021205887,-0.08459799,-0.05150245,0.003096871,-0.0018625995,0.037120294,0.026253916,0.03982538,-0.003175167,0.008860405,-0.003593433,0.01292336,0.0012156252,-0.0032309713,-0.007953531,-0.0065496746,0.07365415,0.037148178,-0.03812526,-0.13383862,-0.037383337,0.019521467,-0.010511678,-0.031378783,-0.040971976,0.000831618,0.0026599295,-0.006072678,-0.0071234563,-0.0017105796,-0.0018165519,-0.0069094053,-0.021529157,0.03190272,-0.019874927,-0.020161945,-0.04346074,-0.00782438,-0.06445863,0.007920792
/mnt/sdd/caltech_training/multiclass/train/002.Laysan_Albatross/Laysan_Albatross_0100_735.jpg,1,-0.003491355,0.010179791,0.0001720984,0.0066329734,-0.0038092795,-0.00092770415,-0.0025662153,0.0005985517,-0.0034285672,0.1606029,0.13366967,0.08249943,-0.04253593,-0.0063709132,0.041288164,-0.007291597,0.002406586,-3.389013e-05,0.0003101217,0.0037451964,0.003541031,0.0053834957,0.004826668,0.006847211,-0.004002277,0.0054881144,-0.014777787,-0.07478917,-0.015708847,0.0076320944,0.041486476,0.04041351,-0.022081114,-0.00329014,0.019497618,0.0040111346,-0.0029292698,0.0038001682,0.0023122393,0.0014837186,0.1477413,0.07650043,0.05797143,0.030023355,0.0038866885,0.0057723513,0.004924178,0.1527371
/mnt/sdd/caltech_training/multiclass/train/002.Laysan_Albatross/Laysan_Albatross_0103_504.jpg,1,-0.0072897454,-0.0027732803,-0.00040854432,0.010732609,-0.0037337746,0.0031405156,0.01071585,-0.00044147705,0.00023564696,-0.0021537542,0.1067877,0.08657316,-0.004399524,0.0020693985,-0.02170915,-0.0021438375,0.002067326,-0.015465505,-0.02540616,-0.005166104,0.00018177269,0.004612316,0.005508667,-0.0017467189,0.0037477585,-0.05367521,-0.034054607,-0.028847624,-0.029144872,-0.024288299,-0.00017896015,-0.004360636,-0.01528533,0.01926805,0.018240307,0.0020279263,-0.0060925903,0.002946953,-0.002467286,-0.0062466385,-0.10480383,-0.048978455,-0.078149214,-0.073579475,0.006061625,-0.08012723,-0.03730287,-0.024422526
/mnt/sdd/caltech_training/multiclass/train/002.Laysan_Albatross/Laysan_Albatross_0102_611.jpg,1,-0.014507538,0.0058039287,0.008450953,0.013638544,-0.00087297417,0.004729224,-0.001551841,0.00040097,0.0052078515,-0.087409206,0.11589541,0.118333176,0.0054935813,-0.009273431,0.018633697,-0.014162019,0.003855731,-0.0019392304,0.005502256,0.0054413164,-0.0061489996,0.0021689143,0.004174913,0.00043830625,0.040038723,0.10903654,0.056205228,0.114615045,0.021870421,0.026072374,0.06636682,0.08748683,-0.010418041,0.029454108,0.031381886,0.037662715,-0.00246908,-0.0033434147,-0.0074393246,-0.00587939,0.19118208,0.07493081,0.08655651,0.09096168,-0.030174354,0.0099147605,0.00836934,0.06081375
/mnt/sdd/caltech_training/multiclass/train/002.Laysan_Albatross/Laysan_Albatross_0099_869.jpg,1,0.0035720167,-0.0065062027,-0.0010778052,0.010783721,-0.002441456,0.011282495,0.0035900865,0.005264426,0.02783271,0.11794704,0.1627269,0.15276739,-0.013541327,-0.020423563,0.009000311,0.02098054,-0.0060667675,0.0080664735,0.009443363,-0.0063179987,0.0036838246,-0.00076813716,-0.00050073233,0.0026127931,0.092394814,0.2675404,0.10025284,0.12552054,0.036250796,0.006379034,-0.00017411262,-0.01054864,-0.0014796813,0.011294712,0.03451034,0.027199611,-0.0028122573,0.0029596742,0.0028149644,-8.197814e-05,0.0561593,0.022191327,0.13685001,0.06318773,-0.014311887,0.09729856,-0.060565017,-0.057328194
/mnt/sdd/caltech_training/multiclass/train/002.Laysan_Albatross/Laysan_Albatross_0039_924.jpg,1,-0.011984404,0.0043357974,0.0008392297,-0.0032875258,-0.005430067,0.0020590469,0.0046502543,0.0015285248,0.07512844,0.1359254,0.19237083,0.21463706,-0.023636844,0.036171332,0.04494993,-0.0023305165,0.009419325,-0.0069791344,0.0032027978,0.00804749,-0.004080532,0.0028072319,0.0019226066,-0.0028268353,0.03522861,0.025746822,-0.023188973,-0.087486446,-0.01454976,0.0154535975,-0.016694319,-0.049974795,-0.0042636585,0.021369949,0.010093926,-0.008976195,-0.0021566176,-0.0018407097,-0.0019565357,-0.0040512932,-0.0345567,0.24822795,0.19432099,0.16611238,-0.022039765,-0.013746939,-0.1094525,-0.072077915
/mnt/sdd/caltech_training/multiclass/train/002.Laysan_Albatross/Laysan_Albatross_0023_1059.jpg,1,-0.0069435136,0.005331194,0.005672941,0.004650118,-1.2342352e-06,0.00420636,0.0055157035,-0.00674789,-0.046425104,0.009977162,0.0013554133,0.018084355,-0.026365813,0.013350846,-0.005606027,0.013057199,0.0011934381,-0.0055955313,-0.011865638,-0.0025078866,-0.0062062265,0.0019384503,0.0072545013,0.0026507075,-0.020686224,-0.04465066,0.017370515,-0.060543664,0.011455829,0.026635079,0.01231855,0.0125261815,-0.022105113,0.017028518,-0.0002123497,0.010653315,-0.0031157737,0.0006547306,0.00030906367,-0.004748243,0.10792826,0.07476471,0.028696112,-0.022579104,0.004925711,0.029080534,-0.093188636,-0.024503812
/mnt/sdd/caltech_training/multiclass/train/002.Laysan_Albatross/Laysan_Albatross_0092_834.jpg,1,-0.012399075,-0.010305135,-0.0048693577,-0.009912871,-0.0042116367,-3.3588207e-05,-0.001538747,-0.0047229673,0.01731415,0.00042395294,0.08234137,0.11038804,-0.017024431,0.00010329578,-0.02979135,-0.039390933,0.004646573,0.0027844799,-0.00017060456,0.00861379,-0.0028530078,0.0064843707,0.006090943,0.00056936324,0.01744854,0.10525787,0.03921403,0.030095335,-0.006309958,0.027434811,0.031660713,0.027832925,-0.042119853,0.015481221,-0.0006200052,-0.008340562,-0.0065259207,-0.0017829272,-0.0008369825,-0.0060973456,0.0777508,-0.025823161,-0.0866559,-0.03783446,-0.034359265,0.020704858,1.4040386e-05,0.060724825
/mnt/sdd/caltech_training/multiclass/train/002.Laysan_Albatross/Laysan_Albatross_0083_756.jpg,1,-0.006218195,0.001108665,0.006468172,-0.007029348,-0.0021361879,-0.0040051574,0.0003902036,0.0049055927,0.056060527,-0.051446192,-0.051580533,-0.0882134,0.008819704,0.03991601,0.0017497609,0.019636791,0.0035572778,0.00870509,-0.010405419,-0.0027591311,-0.0015082469,0.001080893,0.0015312191,0.00016618532,0.01799543,-0.07891433,-0.0446556,0.001950305,-0.013656657,-0.0019780556,0.029094364,0.0025517205,0.014489565,-0.01978743,0.0071536917,-0.0024692975,-0.0015858578,-0.001017934,-0.0022484018,-0.00550269,0.12742954,0.22239779,0.1979791,0.13765213,-0.019145869,-0.008722557,0.006342498,0.014127478
/mnt/sdd/caltech_training/multiclass/train/002.Laysan_Albatross/Laysan_Albatross_0091_602.jpg,1,-0.0072595985,-0.013723666,-0.011121173,-0.0072712963,-0.00083157234,-0.001460271,-0.00045544514,-0.0022740455,0.12574907,0.08603936,0.06491077,0.07070179,-0.011852616,0.013366316,0.06102669,0.0045294464,-0.008161003,0.011276014,0.0037838377,-0.008387502,-0.0036235433,0.0022591266,-0.00042972143,0.001374351,-0.05449398,-0.085841924,-0.04273496,-0.13324332,0.029746298,0.008318799,0.00687991,-0.0007537911,-0.0043329634,0.0011839969,0.011244714,0.0058316262,-0.001253183,0.010060266,0.008779305,0.0041569024,-0.06669746,0.025971694,-0.015965892,0.03230118,0.0061604776,-0.0052285697,-0.02200119,-0.051746666
/mnt/sdd/caltech_training/multiclass/train/002.Laysan_Albatross/Laysan_Albatross_0056_500.jpg,1,0.0033020996,-0.011579423,-0.00015429244,0.00600521,0.0008771762,0.0034486845,-0.0036070305,0.0027235416,0.11026391,0.007447548,0.12636709,0.015927274,0.020823874,0.026775561,0.037808362,0.034255642,-0.00020939414,0.017647255,0.017569723,0.01586229,0.0064859306,0.003644351,0.002493785,-0.0038910187,0.071868494,0.054536037,0.18743429,-0.05490841,0.0057761623,-0.02127477,-0.027943779,-0.040648974,0.0004577008,0.006304146,0.017305378,0.04670659,0.002337793,-0.0060850913,-0.007379868,-0.0052138628,0.17749146,-0.035375334,-0.033292778,-0.008932821,-0.026624389,0.06689544,-0.046396453,0.08628899
/mnt/sdd/caltech_training/multiclass/train/002.Laysan_Albatross/Laysan_Albatross_0001_545.jpg,1,-0.004320139,0.0032813495,0.012970012,0.02600417,0.0016868212,0.005880475,0.0035890636,-0.0010517188,0.12720579,0.1591155,-0.040462464,-0.09248234,-0.012911923,0.009605576,-0.0031776149,-0.011646522,0.00424563,0.004595992,0.0015874878,0.0089957835,-0.006104733,-0.0030858198,0.00065946404,0.0036354936,-0.021461604,0.11386097,-0.11796915,0.10561118,0.03777655,0.049275547,0.018791761,0.022599317,0.0048220954,0.009993527,-0.0046634255,-0.014215609,-0.0022232959,0.0049086884,0.0025747232,0.0034462442,0.045814388,-0.09483859,-0.0025144187,0.03559807,-0.016830556,0.11228112,0.0060566533,-0.024910586
/mnt/sdd/caltech_training/multiclass/train/002.Laysan_Albatross/Laysan_Albatross_0047_619.jpg,1,-0.0024819644,-0.0077845203,-0.012201404,0.0020022239,-0.0066633876,0.003874323,0.0008755416,0.0036931052,0.021030527,0.049634013,-0.07560903,-0.0461649,-0.027075693,0.02448088,0.008425508,0.029841295,0.008234102,0.0020468272,0.010392566,-0.0013689777,0.00041347137,0.0066973455,-0.00035036472,0.002691269,-0.019708402,0.15772499,-0.003002381,-0.17155519,0.023566848,-0.032746844,-0.009564005,0.011557853,-0.010164145,0.009636114,-0.005314245,0.025437154,-0.0038448905,0.0006747612,0.0031300785,-0.0023434535,0.056452587,0.053857677,-0.0026333202,-0.0269892,-0.022460993,0.07079905,-0.015640978,-0.10061092
/mnt/sdd/caltech_training/multiclass/train/002.Laysan_Albatross/Laysan_Albatross_0025_571.jpg,1,-0.012892626,0.004068394,0.0036391285,0.0062927343,-0.002834463,-3.1000236e-05,0.0033091316,-0.0025248642,-0.020430546,0.08578319,0.03251568,0.031541962,0.0011074995,0.007710494,0.028490897,0.021755917,0.0042811707,0.0018523261,0.007805015,-0.0103688855,0.006043919,0.0007256329,-0.0034788363,-0.0010905156,0.06376222,0.15386902,0.12485809,0.047750153,0.02053694,-0.006875996,-0.020308614,-0.044274516,0.011708273,-0.021007236,0.0006231455,0.011420404,0.0030522519,-0.0021480254,0.0001966795,-0.002183312,0.06228374,0.011857759,0.098788865,0.101365045,0.053940736,0.0030038925,-0.077382475,-0.056643642
/mnt/sdd/caltech_training/multiclass/train/002.Laysan_Albatross/Laysan_Albatross_0006_702.jpg,1,0.010797614,-0.0012396004,0.008810599,0.0048294812,0.0033891203,-0.007830566,-0.0022529685,-0.003988208,0.14463097,0.00026217476,-0.091830336,-0.08616045,0.025541797,0.026084559,-0.039982703,-0.025391676,0.012976099,-0.0076845465,0.0019447592,-0.00021879066,0.0034339712,0.0054674675,0.00057257875,0.0048141466,-0.01848464,0.014463134,0.007706035,-0.059735764,0.029554551,0.018575761,0.006283884,-0.022389997,0.009879084,0.009074962,0.016486399,0.0131708,-0.00012368627,0.008369664,-0.0005765689,-0.0043478385,-0.012191772,-0.052708156,-0.07267074,0.0047922917,-0.015770465,0.04748352,-0.040895574,0.045773897
/mnt/sdd/caltech_training/multiclass/train/002.Laysan_Albatross/Laysan_Albatross_0070_788.jpg,1,0.011500413,-0.0031382507,0.0024411932,0.0070896354,0.0026710639,0.0029555808,-0.0035398589,0.0001659852,0.10202449,-0.09459023,0.012925863,0.01164983,-0.0050147884,-0.04889729,-0.07060467,0.00785966,0.004631231,0.008127661,-0.0008949642,-0.0037063477,-0.0012057982,-0.0073422873,-0.002628895,-0.0030323116,-0.015569357,0.020869955,0.0015849061,0.044962972,-0.00076253247,0.016489262,0.019524373,0.014058447,-0.0138634,0.018340267,0.029129807,2.9386836e-05,-0.002411199,-6.858469e-05,0.0011005842,0.00095222786,0.10193339,0.13147804,0.085592106,0.1023258,-0.011942262,0.005348227,-0.015577637,0.05916073
/mnt/sdd/caltech_training/multiclass/train/002.Laysan_Albatross/Laysan_Albatross_0044_784.jpg,1,0.0018567466,0.0012851299,0.0037028983,-0.0114801265,0.0017030092,0.004915833,0.004085797,0.0048408434,-0.001799833,-0.04231236,0.06326638,0.015306836,0.0019586452,0.006694829,-0.0030913786,0.01823289,0.0065919436,-0.0058679376,-0.013727591,-0.019580824,-0.0066415644,-0.0062475363,-0.00041603576,-0.0045920718,-0.12827384,0.12939924,0.034636036,-0.083989486,-0.0075844117,-0.017643511,-0.006968057,-0.0462924,-0.01925849,-0.018533217,-0.02986845,0.030932078,-0.0009816124,0.0015708635,-0.0051822844,-0.0033993404,-0.18564008,-0.0035665557,-0.058626868,-0.07248866,0.006689014,0.058509715,-0.100238785,-0.03475604
/mnt/sdd/caltech_training/multiclass/train/002.Laysan_Albatross/Laysan_Albatross_0004_930.jpg,1,0.0034590496,-0.009318,0.0140904365,0.009884104,0.0023036161,0.0010836378,-0.005245197,-0.0018193829,-0.016524702,0.08862029,0.04058466,0.03563627,-0.0012211716,0.02306338,0.029060246,-0.008094356,0.0063200793,-0.00403406,-0.00082194665,0.010784365,0.0024169395,0.0056188935,0.0063259443,0.0076607894,-0.013535477,0.12627435,0.11327685,0.06300252,0.04952904,-0.0027793208,-0.03315273,-0.046851967,0.009330659,0.026189782,0.0025690743,-0.009794737,-0.00022835514,0.0016237688,0.0024290546,-0.009614032,0.050880287,-0.017124083,0.017891504,0.013899859,0.011689384,-0.02668399,-0.11927898,0.12987238
/mnt/sdd/caltech_training/multiclass/train/002.Laysan_Albatross/Laysan_Albatross_0094_1013.jpg,1,0.0017931876,0.010235431,0.0057605985,0.010572197,0.0033278042,0.0060924105,0.003135182,0.011170067,-0.024935938,0.08001061,0.0348385,0.0011169165,0.0032413602,0.06858662,0.063918486,0.026025252,0.020064909,-0.0014748,0.0057788435,-0.005534581,0.004829997,0.0067531974,0.002714756,0.0020243712,-0.012382921,0.025534924,0.031018207,-0.026791524,-0.012991644,-0.024405092,-0.04032369,0.017063342,-0.026844783,-0.0002848662,-0.020339455,-0.02021244,-0.0070246877,0.0018447014,0.0060124407,-0.0012698944,0.0011188462,0.14737542,0.11033098,0.1167324,-0.027248688,0.037309147,0.033676755,-0.105217636
/mnt/sdd/caltech_training/multiclass/train/002.Laysan_Albatross/Laysan_Albatross_0050_870.jpg,1,0.011671677,0.017732536,0.0054588234,0.0058338614,0.0005974931,0.0065851775,0.0045253057,0.0060101897,0.07512464,-0.022207223,0.041806616,0.045064915,0.012057165,0.01033407,-0.0015685409,-0.0013240799,0.01145342,0.006652137,-0.0034996476,0.0010322588,-0.004676491,0.0061862157,-0.00032164482,0.003260196,0.12257728,0.056216825,0.044150516,-0.10148857,0.0072392984,-0.020046463,-0.0042400733,0.008410145,-0.0056807296,0.00045514712,0.0005232673,-0.012547738,0.004357761,0.0008988717,-0.0023848992,-0.006738281,0.09777556,0.058146067,0.095605426,0.08540283,-0.005114153,-0.061567336,-0.036397703,-0.110787466
/mnt/sdd/caltech_training/multiclass/train/002.Laysan_Albatross/Laysan_Albatross_0088_883.jpg,1,-0.00072830566,-0.010007005,-0.0077730105,-0.0071247527,-0.0005798375,0.0053228796,0.01230252,0.004256823,-0.043231994,0.04052461,0.014504556,-0.026595188,0.0019185492,0.01676708,-0.0312286,-0.017551342,-0.0028594555,-0.0156769,-0.012820319,-0.0033130192,-0.0010729744,0.0031968302,-0.0003979402,0.0028077755,0.05137286,0.1670013,0.09195158,0.13917884,-0.022569157,-0.023809375,-0.0018717465,-0.018585734,0.0008011623,0.01069049,0.010837881,-0.0030826002,-0.0016634637,0.0005508899,0.0026776895,0.006934572,0.13336134,0.08988419,0.13045743,0.12222657,0.008330544,0.04975166,-0.017549377,0.028310321
/mnt/sdd/caltech_training/multiclass/train/002.Laysan_Albatross/Laysan_Albatross_0055_570.jpg,1,-0.0035136181,-0.010154684,0.0032239563,0.010093715,0.0018969346,0.00031128386,-0.0015401754,0.0029872125,0.07551293,0.111109346,-0.004994953,-0.08518047,-0.01498095,0.046678226,0.027596995,0.04201966,0.0056338143,-0.0012022998,-0.0035480987,0.0070420364,-0.0014210282,0.0019911805,-0.007531155,-0.0024335522,0.06742762,-0.009905724,-0.044846535,-0.0677074,-0.0018591471,0.024513599,-0.009215215,-0.014238191,0.00034630427,0.009662234,0.015980355,0.015489734,-0.002083851,0.0040655127,0.0022867615,-0.0024127197,-0.061963797,0.09166674,0.05210541,0.09967012,-0.019315865,-0.011986861,-0.055146012,0.07191937
/mnt/sdd/caltech_training/multiclass/train/002.Laysan_Albatross/Laysan_Albatross_0013_910.jpg,1,-0.015453526,0.01275165,0.014991488,0.0011970745,-0.004991773,-0.0032763314,0.0047123204,0.016330784,-0.07882212,0.14368612,-0.025807798,0.020960588,-0.024386963,-0.004086973,-0.015231136,0.02222193,0.009218271,0.0030776144,-0.012381639,0.00062424014,0.0037863145,0.004812385,0.0025082242,0.0084215505,0.03660071,0.104460925,0.021716237,-0.012370624,0.011215704,0.03180785,-0.017054897,-0.059145577,0.025001261,-0.01671836,-0.010819536,-0.02215137,0.0018363702,0.002965215,0.00020844952,0.0006278632,0.10149587,0.054076545,0.037844896,0.015691072,0.007327315,-0.025691954,-0.03061089,0.099933565
/mnt/sdd/caltech_training/multiclass/train/002.Laysan_Albatross/Laysan_Albatross_0071_792.jpg,1,0.004116868,0.005378918,0.009641346,0.0075687477,0.0044815694,-0.004951137,-0.0015541477,-0.0009735753,0.04152936,0.23138903,0.171164,0.13666224,-0.016870372,0.06406675,0.027825564,0.048529,0.0041376315,-0.004613165,-0.0030106353,-0.003076174,0.0028320646,0.00030901394,-0.0013094863,-0.004368905,0.012938563,0.14480752,0.106561296,0.04469312,-0.008512842,-0.0076571302,-0.0013920628,0.062200602,-0.03004786,0.018092021,0.0062739924,0.0020016585,-0.00466875,-0.004066767,-0.0013071996,-0.0009503113,-0.18143556,0.11226368,0.08635639,0.07708755,-0.013624876,0.019261947,0.013233153,0.024810107
/mnt/sdd/caltech_training/multiclass/train/002.Laysan_Albatross/Laysan_Albatross_0029_482.jpg,1,-0.00525338,-0.017059442,-0.0139359245,-0.0020704218,-0.0019140235,-0.006882127,-0.0059614633,-0.007424455,0.023673275,0.08750123,0.12560052,0.060224876,-0.004760089,0.03239771,-0.022392692,-0.014345643,0.013049153,0.010833576,-0.0015140334,0.0020331563,0.0015251704,-0.002474582,0.0003930116,0.004722657,0.06468702,0.03138735,-0.020849524,-0.12850353,-0.022117756,-0.03909438,-0.012572128,-0.02731203,-0.017101523,0.00044722063,-0.0027950613,-0.0031946858,-0.008264251,-0.006612154,-0.00021248742,-0.00031529774,0.03425864,0.021285146,-0.020399999,0.0047916546,-0.043874044,-0.016276736,-0.01901309,-0.07906695
/mnt/sdd/caltech_training/multiclass/train/002.Laysan_Albatross/Laysan_Albatross_0034_628.jpg,1,-0.007700567,0.011649791,0.0060088625,0.005866022,-0.0021800639,-0.0053703897,-0.0058350926,-0.008033566,-0.1446332,-0.027794175,0.01721894,-0.01881988,-0.03656328,0.023662806,0.017529324,-0.0287808,-0.00097214757,-0.006277972,0.002093097,-0.0083045615,-0.0051491302,-0.0014125427,0.0024515353,0.0007005207,0.005038701,0.1660788,0.13751322,0.09738075,-0.050319865,0.027053244,-0.019267058,-0.05730739,-0.0032886732,0.012847423,0.0010642521,-0.006501385,-0.004208441,-0.0066727726,-0.0015157466,0.0011193187,0.053175375,0.049344182,0.057897396,0.0400781,-0.07225158,-0.015222639,-0.08059928,0.042227376
/mnt/sdd/caltech_training/multiclass/train/003.Sooty_Albatross/Sooty_Albatross_0020_796359.jpg,2,0.0018496694,-0.0043414095,-0.005993937,-0.011806767,0.0010626503,-0.00958096,-0.011343278,-0.01026484,-0.007778123,0.0010645166,-0.010571286,-0.033015776,0.016018825,-0.019674074,-0.00952852,-0.04495714,-0.009103257,-0.013827182,-0.015769174,-0.01399819,0.0006607113,0.0059176525,0.00021195156,0.005540368,0.0024777222,-0.11998986,-0.16113672,-0.11150234,0.04028811,0.08144222,0.012527385,0.05747316,0.00022997428,-0.02518231,-0.010745506,-0.01373784,-0.00043449085,0.0016115402,-0.00047750748,-0.0032370887,0.029206943,0.17829907,0.12005706,0.062161952,-0.022071607,-0.03188504,-0.027359843,0.037816554
/mnt/sdd/caltech_training/multiclass/train/003.Sooty_Albatross/Sooty_Albatross_0006_796390.jpg,2,-0.012282671,0.004203111,0.00816478,0.02078705,-0.005587174,-0.0022663814,0.0013155073,0.0023769639,-0.1713095,-0.17391588,-0.12565063,-0.091710836,0.013730419,-0.03147895,0.008364594,-0.0034019449,-0.0004836684,0.019128677,-0.0010251147,-0.0143884905,0.005136202,-0.007744967,-0.0063577215,-0.008885833,-0.034246977,0.013390776,-0.012559172,0.06195505,0.005929171,-0.053327084,-0.08245324,-0.05365719,0.036650833,-0.0309426,-0.02438903,-0.010825882,0.0073825493,-0.0046991296,0.0031969347,0.005132245,0.11796885,0.104763284,0.030282808,0.054456778,0.050529614,-0.04144741,-0.007174745,0.12447659
/mnt/sdd/caltech_training/multiclass/train/003.Sooty_Albatross/Sooty_Albatross_0036_796387.jpg,2,0.0013656892,-0.008173416,-0.015700545,-0.020984633,0.0021025664,-0.010599423,0.0023782551,-0.0016769641,0.08794598,-0.09245901,-0.039026797,-0.05845243,0.0045366026,-0.01643054,0.032668963,-0.009064034,0.0033311103,-0.009506418,-0.0019310631,0.00074099924,0.00021351766,-0.00025674584,0.0027682383,0.0034377277,0.03999751,-0.11457466,-0.09597928,-0.058264524,-0.0031898068,0.047136635,-0.008814229,-0.022027835,-0.01326911,-0.0018718536,0.0030099675,0.0067800265,-0.00042473918,-0.0038520675,0.0002457006,-0.0018941758,-0.0015890356,0.07867114,0.058258522,0.048583113,-0.025775947,-0.05857943,-0.06777665,-0.10638758
/mnt/sdd/caltech_training/multiclass/train/003.Sooty_Albatross/Sooty_Albatross_0043_1076.jpg,2,0.01842567,-0.0045397766,0.0039654667,-0.02558746,0.006369113,-0.019996658,-0.008095501,-0.011377335,0.032688405,-0.25181627,-0.21622021,-0.17082432,0.029569209,0.010146407,-0.022597123,0.007658477,0.0050865607,-0.008668755,-0.016611869,-0.013282152,-0.0021336756,-0.0012491548,0.0012158985,0.0037452136,0.09525588,-0.030627556,-0.11295447,-0.028631639,-0.02802496,-0.018403526,-0.006224987,-0.011361326,0.0056421836,0.003105107,0.016783064,0.0031593933,0.0023907328,-0.0038048492,-0.0059654512,-0.0033713127,-0.07365568,0.117806464,0.10069906,0.109263636,-0.0038855365,0.00380773,-0.07805323,0.009575419
/mnt/sdd/caltech_training/multiclass/train/003.Sooty_Albatross/Sooty_Albatross_0055_1160.jpg,2,0.005522806,0.00470435,0.009233161,0.004387756,-0.0063200705,-0.0025242255,0.008712776,-0.002143714,0.06530494,-0.17924687,-0.11293703,-0.09199776,0.034426972,0.020873789,-0.0012660348,-0.022514217,0.00885804,-0.004789475,-0.0009951764,-0.0005232622,0.0069765113,-0.0042801625,0.0006674143,-0.0005003769,0.0129636,-0.1535095,-0.09893614,-0.07125855,0.033478938,-0.031071592,-0.0117913075,0.000645929,0.016717423,-0.0037325767,-0.013055144,-0.011245441,0.0022311034,0.002530748,0.0031818338,-0.0005796652,0.01420939,0.049166445,0.10403312,0.057697393,0.017475853,-0.03382308,-0.06644338,-0.05431576
/mnt/sdd/caltech_training/multiclass/train/003.Sooty_Albatross/Sooty_Albatross_0044_1105.jpg,2,0.0067335037,-0.032741636,-0.010583759,-0.014791981,0.0045054136,0.00858708,0.00414617,0.008509209,0.10025633,-0.19183078,-0.118777186,-0.12583253,0.030663695,0.008448234,0.0072656595,0.0022167908,0.014246548,-0.005739937,0.008796445,-0.020038953,-0.0023145368,0.00010002183,-0.0037871175,0.008037617,-0.02587076,-0.2120747,-0.17327163,-0.15091407,0.0066109225,-0.006953595,-0.009384902,0.016613878,2.8174836e-05,0.02180136,-0.028171226,-0.029521555,-0.00063602155,0.0035169013,0.0041939057,0.006840834,-0.05314885,0.024782099,0.023126762,0.026039287,0.0062359245,0.09797533,0.033471614,0.071671166
/mnt/sdd/caltech_training/multiclass/train/003.Sooty_Albatross/Sooty_Albatross_0051_796374.jpg,2,0.0070619676,-0.0037216253,-0.005807552,0.01560162,0.0012011298,-0.002228961,0.0078011956,0.00039056514,0.044064388,-0.05525608,-0.18650883,-0.15317804,0.002385155,0.0035715597,0.032621372,-0.030357786,-0.0014714682,0.0049759704,-0.001998365,-0.008892988,0.0021294502,0.002082976,-0.001928375,-0.001911219,0.022322714,-0.15565436,-0.0341697,0.068167716,0.013531038,0.0106241545,-0.018306036,-0.014826408,0.00081674475,-0.012477982,-0.01506477,-0.027205274,0.006750986,0.0030189606,-0.00036866032,0.006402905,0.17495869,0.006289348,0.037301775,0.08304793,-0.010790941,-0.0070874514,-0.0074569853,-0.058592655
/mnt/sdd/caltech_training/multiclass/train/003.Sooty_Albatross/Sooty_Albatross_0064_796343.jpg,2,-0.015837502,-0.008168407,-0.004965868,-0.007906665,-0.007437978,-0.0057725483,0.010480526,-0.0008840808,0.12003489,-0.11111261,-0.08930563,-0.08798298,-0.016329678,-0.02696842,-0.045704693,-0.0732176,-0.0034038434,-0.012379284,-0.034474485,-0.026646938,-0.00455449,0.0047151917,0.0013855749,-0.002520862,-0.0930022,-0.09272148,-0.085613415,-0.07718359,0.0221404,0.08503889,0.059218846,0.010279767,0.0034547825,0.0009241947,-0.004763645,-0.0029796027,-0.0014697319,-0.0038774856,0.0016892279,0.00059149845,-0.03669666,-0.061523125,0.026773874,0.006082926,0.004638737,0.015191995,0.009390086,-0.090005055
/mnt/sdd/caltech_training/multiclass/train/003.Sooty_Albatross/Sooty_Albatross_0034_1154.jpg,2,0.0130062755,0.0065847533,0.0060276585,0.0015717093,0.009950203,0.0056847404,-0.00083899463,-0.0024779222,-0.071902916,0.0004358068,-0.089039356,-0.003812164,-0.0028519128,0.017720394,0.0023553818,0.017071256,-0.00063959835,-0.0060158717,0.0057423124,0.0039999904,-0.0023769385,0.0025995588,0.009938623,0.007058059,-0.06231282,-0.045550648,0.032125466,-0.042507254,0.026015727,0.033792257,0.039771974,0.0047362503,0.01144182,-0.0042504156,0.012242204,0.02015789,-0.005778609,-0.0028982991,-0.0057023,-0.0020871456,0.11263721,0.0047514066,-0.025173776,-0.008819595,0.014059319,-0.031624958,0.00135152,0.04054501
/mnt/sdd/caltech_training/multiclass/train/003.Sooty_Albatross/Sooty_Albatross_0054_796347.jpg,2,0.00440187,0.004779079,-0.0018664345,-0.015376436,0.00231126,-0.016244402,-0.014066659,-0.0076121287,-0.002167469,-0.22866489,-0.2706777,-0.22937757,0.02114061,0.006081933,-0.031392016,-0.0072456757,0.0031790477,-0.0017618099,-0.0077014393,0.0014013557,0.0040075127,-0.0066677323,0.0007891218,0.0010428098,0.09169643,-0.124832705,-0.08693315,-0.09991151,0.001546734,0.0067725237,0.042180143,0.018535595,0.022544071,-0.013387159,-0.020787671,-0.030353291,0.0009734912,0.0024990921,-0.0063195126,0.005435021,0.033050127,0.18813811,0.16028403,0.13040072,-0.020584106,-0.050571732,-0.058543935,-0.048482206
/mnt/sdd/caltech_training/multiclass/train/003.Sooty_Albatross/Sooty_Albatross_0067_796376.jpg,2,-0.00047320873,0.015864136,0.018089624,0.015593184,0.0076929093,0.0029806048,-0.0013437766,-0.0023486223,0.06465235,-0.009479061,-0.139071,-0.13970612,0.019226154,-0.03198604,-0.031810142,-0.024379596,-0.007500878,-0.021726154,-0.010698861,0.00090297544,-0.0020770594,-0.008782968,0.0007918102,0.00043670717,0.051359866,0.09557548,0.043024182,-0.10044408,-0.012784905,0.01577833,0.021847771,0.020359514,-0.024947241,0.009805863,-0.0014219501,-0.018925037,-0.0026710387,0.0038528559,0.0030221753,-0.0016077146,0.040053524,0.12541154,0.12648775,0.10661005,-0.034386076,-0.09246541,-0.04723599,-0.008081966
/mnt/sdd/caltech_training/multiclass/train/003.Sooty_Albatross/Sooty_Albatross_0003_1078.jpg,2,0.009194751,-0.017343767,-0.0060539586,-0.0020111296,9.135832e-05,0.002312771,0.00608429,-0.0012302082,0.07209233,-0.10274627,-0.029938312,-0.01984674,0.0018584589,0.0012236123,-0.007871009,-0.02406954,0.0056108246,-0.008729022,-0.014298996,-0.00911094,-0.004359806,0.0043262765,-0.0023681251,-0.0032745725,0.013441954,0.00082299486,-0.03131111,0.020687323,0.0029490069,-0.015807865,-0.03151575,-0.025943276,0.0069782324,0.0016616927,0.0018834672,0.018077932,-0.009343181,-0.0031684116,-0.00087527616,-0.0023825024,0.007984876,0.024028312,-0.04347386,-0.098808475,-0.0056355987,-0.006283943,-0.078606755,-0.051213585
/mnt/sdd/caltech_training/multiclass/train/003.Sooty_Albatross/Sooty_Albatross_0077_1080.jpg,2,-0.00812746,0.0031336984,-0.00523404,-0.015974417,-0.0056927227,-0.005959457,-0.006019287,-0.0074399584,0.005104013,-0.18651472,-0.1055783,-0.072988674,-0.010314526,-0.009820966,0.0071178954,-0.034450915,0.0033910037,-0.011158053,-0.012255564,-0.020359915,-0.0010089325,0.007934719,0.0031520254,0.002302932,0.052481547,-0.07741052,-0.08125479,0.06595309,-0.049113493,-0.043123215,0.0022030408,0.025097951,-0.0018426841,0.0063829967,0.014896676,0.005781126,-0.0028716258,-0.0044717714,-0.00273171,0.007473147,0.07536328,-0.0015792623,0.028142693,0.005713477,0.037654012,-0.039865978,0.056428052,-0.011031916
/mnt/sdd/caltech_training/multiclass/train/003.Sooty_Albatross/Sooty_Albatross_0049_796350.jpg,2,0.011330316,-0.015852207,-0.014365464,-0.0057555446,0.005569901,0.0048009455,0.0008669427,-0.0045210053,-0.015339717,-0.04451961,-0.14680666,-0.1673215,-0.003521716,0.023120228,-0.0040082913,-0.06013174,0.006884757,0.013951659,-0.0008638763,0.006134701,0.0048461705,0.002275996,0.004317774,-0.0003597939,0.13107623,-0.11729463,-0.050656095,0.0164211,-0.015120121,0.037448592,-0.0048294547,-0.016451886,-0.009076485,0.0025946153,-0.0032008993,-0.024022028,0.0015312028,-0.0057027475,-0.0009877481,-0.0023930068,0.045996003,0.077860594,0.020413453,-0.024615508,-0.04628134,-0.015419565,-0.027310915,0.026505033
/mnt/sdd/caltech_training/multiclass/train/003.Sooty_Albatross/Sooty_Albatross_0070_796346.jpg,2,-0.00064811844,-0.0069502154,-0.0077823605,-0.012927913,-0.0014974873,-0.0082750255,-0.010275633,-0.0031469557,0.053117227,-0.23969933,-0.14072345,-0.08153185,0.023423977,-0.023509318,-0.008680133,-0.010594845,-0.0033561531,-0.013039196,-0.009525776,-0.007464871,-0.0077904495,-0.0010179967,-0.00403288,-0.002032485,-0.039657213,0.021599408,0.0061332546,0.028703656,-0.03617284,-0.024230095,-0.03047522,0.027446583,-0.031167176,-0.026948236,-0.021663362,-0.018244699,-0.0018262782,-0.0076014125,-0.0026175366,0.0048522386,-0.030648828,-0.027589276,0.06167599,0.040933292,-0.06241221,-0.07177703,-0.05841247,-0.09324058
/mnt/sdd/caltech_training/multiclass/train/003.Sooty_Albatross/Sooty_Albatross_0002_796395.jpg,2,-0.015889231,-0.016021717,-0.006855946,-0.0077760136,-0.0090495795,-0.0009418345,0.011031483,0.007148388,0.03062111,-0.040766723,-0.011136275,-0.0014035832,0.0041097775,0.035113454,-0.006231777,-0.022372236,0.008141896,-0.0031946353,0.00470273,-0.0041710236,-0.0004389619,0.0029926833,-8.227117e-05,-0.000818552,0.07882732,-0.09866595,-0.04530845,0.012088861,0.022951256,-0.054398276,-0.05029212,-0.038796507,-0.006471707,-0.01072688,-0.0048810747,-0.008262151,-0.0031034364,-0.00041748316,-0.0023502395,-0.0035365997,0.10362808,0.12495616,0.0024431795,0.029642073,0.007292471,-0.015042172,-0.073712766,0.08455628
/mnt/sdd/caltech_training/multiclass/train/003.Sooty_Albatross/Sooty_Albatross_0016_1075.jpg,2,0.0022264742,-0.00018921704,0.0020929724,0.0047718273,-0.00079374394,-0.00566186,-0.0024578525,-0.005601495,-0.024560433,0.23835057,0.19438258,0.05878825,0.016997937,-0.012261743,-0.018147811,-0.006726535,0.0009722491,-0.0068875924,-0.0038785844,-0.003689762,0.00016377773,-0.0023974637,-0.006430896,-0.0025539568,0.0018471126,0.025170121,0.015025381,-0.02853214,-0.020321978,0.019098476,0.002365442,-0.005067424,-0.0077821426,-0.018353974,-0.004517448,1.4098361e-05,-0.005741295,0.002214383,0.002412567,0.0015850682,-0.009553986,0.019437354,-0.044537503,-0.024880232,-0.02287322,-0.053244393,-0.04397867,0.0542072
/mnt/sdd/caltech_training/multiclass/train/003.Sooty_Albatross/Sooty_Albatross_0005_796342.jpg,2,0.011514153,0.0030504074,-0.0087110475,-0.005478843,0.009774519,-0.011926884,0.005046563,0.007116736,0.095543414,-0.24480322,-0.20842549,-0.16060144,0.037385505,-0.030869942,-0.080668345,-0.04322317,0.0018595879,-0.008447047,0.004113842,0.0052948273,-0.0008578954,-0.0043967646,-0.007534834,-0.0058154515,0.05971998,0.096783206,0.11922729,0.12606047,-0.043900527,-0.03094616,0.009448753,0.009777062,-0.013004666,-0.03003211,-0.028824143,-0.023774829,-0.0024444135,0.00023433694,0.0017948853,0.003958713,-0.003799878,0.021204263,-0.036756113,0.018893939,-0.025843801,0.019177873,-0.04214278,-0.030454373
/mnt/sdd/caltech_training/multiclass/train/003.Sooty_Albatross/Sooty_Albatross_0013_796402.jpg,2,0.00186533,-0.0094143,-0.004149096,0.002531667,0.0024307151,-0.006405723,0.00082418777,-0.00032486743,-0.08282556,-0.22926944,-0.057972834,-0.10844703,0.016268032,0.028848208,0.017935677,-0.025450144,0.008035121,-0.005930784,-0.005109802,-0.00216296,-0.0035212392,-0.0041201077,0.0005933218,-0.004559579,-0.13284138,0.025847938,0.030206537,-0.037003126,0.013004223,0.011555163,0.011005386,-0.0017321461,0.014054015,-0.02401817,-0.019409457,-0.031823892,0.00045921805,0.0037182635,0.0012936462,0.0015932078,-0.04807242,-0.13098136,-0.11877677,-0.11912813,0.01370734,-0.06111235,-0.07163972,-0.048936464
/mnt/sdd/caltech_training/multiclass/train/003.Sooty_Albatross/Sooty_Albatross_0038_1065.jpg,2,0.013841819,0.007651563,0.019278113,0.02877283,0.0030919993,-0.0009099445,0.0012606937,-0.013805291,0.16538343,-0.052527945,-0.035268784,0.007428866,-0.0067909933,0.054452628,0.011393352,-0.003500728,0.0048083467,-0.005248324,-0.0043090987,0.004604117,0.0028982228,-0.00072238967,0.0051537864,-0.0058194306,0.14301929,-0.0070206616,-0.033620913,0.053135913,0.0060753226,0.066655755,0.07068369,0.0737869,-0.010743416,-0.0094630085,-0.008470178,-0.0050071795,-0.0030733822,-0.003145636,0.0018246081,-0.0007812147,0.060455523,-0.029573357,0.020852502,-0.03700889,-0.006869623,-0.0703481,-0.074321195,0.017689569
/mnt/sdd/caltech_training/multiclass/train/003.Sooty_Albatross/Sooty_Albatross_0032_1149.jpg,2,-0.005854205,-0.016457591,0.015600159,0.0068948297,0.0036992645,-0.0017735523,0.0016989402,-0.001637545,0.014317059,-0.26845062,-0.17596608,-0.15176909,-0.015475716,-0.0017804408,-0.0027555004,-0.023013474,-0.0062022726,0.0051300405,-0.016590368,0.0013015829,-0.0047049476,0.0063682552,0.006818841,0.008507483,-0.016280085,-0.30704015,0.013133388,-0.045031954,-0.04220353,0.087633766,0.045859825,0.08273757,-0.019179609,-0.015273721,-0.011179361,0.0074722935,-0.0025774683,-0.010652345,9.6179196e-05,6.723753e-05,0.044713132,0.01591562,-0.02853711,-0.06120292,-0.020551166,0.062029347,-0.048513964,0.08872333
/mnt/sdd/caltech_training/multiclass/train/003.Sooty_Albatross/Sooty_Albatross_0076_796365.jpg,2,0.0045629023,-0.0009364865,-0.01099834,0.0014980878,0.003947572,-0.002626616,-0.0029393942,-0.0049332795,-0.041042693,-0.015394828,-0.01482074,-0.026954746,0.015301004,0.008908058,0.013693085,-0.036199883,-0.007496661,-0.017158965,0.0041286405,-0.00964761,-0.0011578925,-0.0010032728,-0.010741665,0.0002485254,-0.029524967,0.01363478,-0.044085383,0.028533772,0.037401967,0.0024650255,0.03505139,0.027375855,-0.016153596,0.0011697849,-0.014761155,-0.0056342226,-0.0018229994,-0.0007946836,0.0044677663,-0.00017081521,-0.037456032,0.04201683,0.098695494,0.01920111,-0.02265438,-0.02370774,0.0051678848,-0.06502734
/mnt/sdd/caltech_training/multiclass/train/003.Sooty_Albatross/Sooty_Albatross_0004_796366.jpg,2,-0.007266796,-0.003365806,-0.0042988593,-0.015876882,0.00093950203,0.00255486,-0.0072391448,-0.0018312125,0.11310467,0.005325731,-0.09938221,-0.034380596,-0.015541453,-0.08714174,-0.07073985,-0.030347055,-0.006137818,-0.016892556,-0.008376958,-0.008872788,-0.0030145978,-0.006233536,-0.001407678,-0.0035710582,-0.02602596,0.05297508,0.051087987,-0.007510904,0.0057019806,0.026273532,-0.015407795,-0.022237826,-0.0056714593,-0.016730487,-0.0059317676,-0.013039777,-0.0017404917,-0.008592743,-0.00040321526,0.00023224612,0.0014304332,0.074663565,0.065757036,0.03456472,-0.018173635,-0.083589226,-0.048644654,0.03479053
/mnt/sdd/caltech_training/multiclass/train/003.Sooty_Albatross/Sooty_Albatross_0048_1130.jpg,2,0.0025953013,0.025453951,0.023290474,0.015610909,-0.0029047206,-0.011090951,0.0045255506,-0.0046941973,-0.027565988,-0.024116682,-0.017444998,0.022128137,-0.022733698,-0.0020168733,-0.03723216,-0.0022823699,-0.014111213,0.0049465457,0.010199803,-0.018731812,-0.01075126,-0.0035263323,-0.003224605,0.007887073,-0.017565489,-0.18516903,-0.16354127,-0.11933023,-0.005828157,0.03126991,0.04875716,0.05682054,-0.0118687255,-0.033226147,-0.027857669,-0.0221016,-0.0022337888,-0.0013379693,-0.0027735503,0.0067719226,0.08529164,-0.008423546,0.058232833,0.06915081,-0.022128562,-0.02188553,-0.11465837,0.09851144
/mnt/sdd/caltech_training/multiclass/train/003.Sooty_Albatross/Sooty_Albatross_0050_796351.jpg,2,-0.0021047452,0.003924136,0.007922519,0.0037558887,0.0045594275,-0.002162104,-0.0016248131,-0.0042573093,0.07331918,-0.03467686,-0.08183261,-0.04350529,-0.0186554,-0.03889616,0.01714474,-0.053152837,-0.009252095,-0.019848693,-0.019185018,-0.0035962262,0.0001085503,-0.0017529947,0.0018852324,0.003654935,0.0140598565,-0.003864455,-0.031726565,-0.00850622,-0.042326726,-0.03885041,-0.059925493,-0.02392191,-0.004144225,-0.008149948,-0.024361733,0.00715377,-0.0013064635,-0.00043109315,0.0019804235,0.0021558343,-0.10262145,0.058956906,0.04256489,0.089554444,0.0068057384,-0.035539366,-0.062040035,-0.0870661
/mnt/sdd/caltech_training/multiclass/train/003.Sooty_Albatross/Sooty_Albatross_0014_796373.jpg,2,-0.0024424712,0.0040696054,0.003954716,0.0065440517,0.0036706554,0.0014274118,0.0042720744,0.0017531052,0.016791128,-0.15283526,-0.07637383,-0.17188261,-0.011286929,-0.04396556,-0.022996936,0.016052336,-0.0045774085,0.008956119,-0.0028118766,0.003274133,-0.0011192914,0.0051449426,-0.00417855,0.0034503052,0.044356517,-0.14829746,0.0071611945,-0.16844766,-0.024709888,-0.011870494,0.013923222,0.010560249,0.0065119416,0.009186378,-0.010703178,-0.0059747193,0.004320011,0.0018270414,-0.002036252,-0.0036708731,-0.020328848,0.11205754,0.050190017,0.08150723,0.034554522,-0.026249876,-0.0069616484,0.0052895416
/mnt/sdd/caltech_training/multiclass/train/003.Sooty_Albatross/Sooty_Albatross_0030_1122.jpg,2,0.015472971,0.008932677,-3.8146507e-05,-0.021237228,0.007270371,-0.0047664586,-0.0025131423,-0.0027374346,0.009137543,-0.037185624,0.03303528,-0.052746225,0.03141168,-0.004965388,0.0005444691,-0.01526811,0.0024295915,-0.019316746,-0.011843654,-0.012339186,0.0028837011,0.0023025386,0.004959261,-0.015541017,0.08207638,0.026838034,0.054677054,0.0879444,-0.0060759666,-0.020916058,0.0016464144,0.0035164547,-0.00791825,-0.042222366,-0.037871625,-0.01533944,0.0077903206,-0.00075770775,-0.005792589,-0.0030897188,-0.09280827,-0.10557252,-0.04643908,-0.053971484,0.0041124453,-0.018396936,-0.025887847,0.015310504
/mnt/sdd/caltech_training/multiclass/train/003.Sooty_Albatross/Sooty_Albatross_0023_796401.jpg,2,0.0038079782,0.0064701983,0.0126188155,0.015517679,0.0021429057,-0.0029241368,-0.0022659046,0.0024698812,-0.0018482357,-0.23005314,-0.17094103,-0.14168012,-0.021888673,-0.079469316,-0.024607271,-0.01724621,-0.007598413,-0.008043885,-0.01020134,-0.023852248,-0.001532221,0.006035917,-0.003385047,-0.0017066735,0.020961292,-0.15502635,-0.010935897,-0.046716638,0.017628796,0.04611074,0.040212106,0.07717461,-0.0039634234,0.00066872593,0.002357603,0.0010866164,0.0041230097,-0.006049072,-0.00083261833,-0.0007008193,0.21516839,-0.014517285,-0.007229794,-0.02871018,-0.061789975,-0.04388438,-0.08072394,0.075259455
/mnt/sdd/caltech_training/multiclass/train/003.Sooty_Albatross/Sooty_Albatross_0065_796367.jpg,2,0.009293413,-0.0016092616,-0.00029099244,-0.0106726615,-0.0014698774,-0.006170218,-0.008005628,-0.0116171995,0.05573042,-0.19765297,-0.24858478,-0.16387413,0.040285222,0.029125888,0.03661099,-0.038847923,0.007255952,-0.023274839,-0.006469625,-0.009067938,-0.00021301559,-0.013419095,-0.0062475298,-0.0087134065,0.065327846,-0.12203374,-0.08473637,-0.16197847,0.011758904,-0.009307882,-0.03297048,0.03612466,-0.015778944,-0.006297654,0.020304749,-0.013846358,-0.0018577471,-0.009184239,-0.0047281906,0.0004155675,0.08876118,0.13236158,0.14772731,0.14877295,-0.008110746,-0.011518443,-0.005051868,-0.0020917533
/mnt/sdd/caltech_training/multiclass/train/003.Sooty_Albatross/Sooty_Albatross_0010_796355.jpg,2,0.004950953,0.007605068,0.0015738901,-0.00053716043,0.0011436628,0.00079862843,0.0042290087,0.004982878,0.10361177,-0.21436593,-0.014628954,0.056282617,-0.005544782,0.035952687,0.032345526,-0.024451785,0.0026953765,-0.0070227236,0.0041973246,0.0059947926,0.0036001666,-0.0093496125,-0.001976301,-0.0068223365,-0.009055469,-0.0047420114,-0.09485194,-0.06953579,0.021602813,0.04077498,0.03608935,0.007747945,-0.007054071,0.009262811,0.035543766,0.01887039,0.0020893225,0.004009442,0.003536738,0.0011368776,0.08363617,0.17384738,0.05438929,0.103037216,-0.0069793076,-0.028514914,0.016849421,-0.06765362
/mnt/sdd/caltech_training/multiclass/train/003.Sooty_Albatross/Sooty_Albatross_0033_1128.jpg,2,0.00013555912,0.0037435852,0.011125976,0.016265707,-0.0011953665,-0.004806666,-0.010979027,-0.0072699757,0.1819003,0.022946458,-0.03920223,-0.22412252,0.008708309,0.04047873,0.0155401835,-0.024605686,-0.0008142934,0.007397823,0.0038348217,-0.00676426,-0.0043801973,-0.0030413354,-0.004033471,-0.0019528558,0.031531442,-0.0828685,-0.09642071,-0.090878114,0.00081372634,-0.016884655,0.0063558165,0.043661207,-0.015447959,-0.0032897815,-0.010072456,-0.018925209,-0.0015531984,-0.002780281,-0.0032539773,0.0039307475,-0.13820484,0.038677983,0.037353262,0.0056307614,-0.0048243324,-0.07181349,-0.026502168,-0.010751931
/mnt/sdd/caltech_training/multiclass/train/003.Sooty_Albatross/Sooty_Albatross_0021_796339.jpg,2,0.014179349,0.009229664,-0.0012364276,1.7334009e-05,0.0037181722,-0.0169864,-0.0029867347,0.00770728,0.12607676,-0.055429455,0.14475013,0.08094767,-0.0031184172,0.0059390645,0.028464058,0.013627993,0.017112534,0.0071144374,0.004556207,-0.007705347,0.0037867003,0.0009208461,-0.0003668868,0.0015648938,0.13813168,-0.041880164,-0.032176275,0.013248954,-9.7059645e-05,-0.05652424,-0.02874459,0.012742801,-0.021170838,0.00061683264,-0.0011876193,0.0036319355,-0.004612536,-0.0038470535,0.004320898,0.004330502,0.036219068,-0.012550347,0.07048925,0.09372677,-0.028965022,-0.00042667566,-0.060332935,0.03409252
/mnt/sdd/caltech_training/multiclass/train/003.Sooty_Albatross/Sooty_Albatross_0007_796372.jpg,2,-0.007883576,-0.00944964,-0.007253824,-0.0070858058,-0.00020694561,-0.0045056487,-0.005619485,-0.011309932,-0.022847839,0.10571046,-0.048831,0.0056987256,-0.004652017,-0.014895063,0.01410524,-0.030501409,-0.002052407,0.00038159126,-0.0016944506,0.0050746934,0.00015431884,-0.0079420395,-0.0020649605,-0.0016544191,-0.06207411,-0.0035358593,0.054854438,0.07489529,0.00861055,0.040955763,0.02205244,0.011641992,0.006710727,-0.02875753,-0.05777985,-0.048086755,-0.0012603069,-0.001552673,-0.0014757017,0.0037166511,-0.025855059,0.07607944,0.015000828,-0.041098945,-0.005499006,-0.00031716004,-0.11670655,0.06652532
/mnt/sdd/caltech_training/multiclass/train/003.Sooty_Albatross/Sooty_Albatross_0073_1171.jpg,2,-0.007273157,-0.019247446,-0.0021535605,-0.0067156465,-0.0055646584,0.0027338425,0.0017642967,-0.0008203535,0.0648727,-0.13361546,-0.16449797,-0.15589756,0.021840798,-0.02366429,-0.01531212,-0.025330948,0.0019546174,-0.006423872,-0.020093026,-0.024224173,-0.0013971506,0.0023589141,0.00092891627,0.0018979722,-0.07213308,-0.01539766,-0.053596184,-0.0760974,0.000585672,0.000858346,-0.02740141,-0.015020465,0.0036539198,-0.0015687547,-0.0014840676,-0.024514876,-0.0011936612,-0.0027739767,0.0047722813,0.0035359382,0.022174787,0.030233052,0.02952879,0.068129614,-0.012042709,-0.0051146885,-0.08871669,0.07014086
/mnt/sdd/caltech_training/multiclass/train/003.Sooty_Albatross/Sooty_Albatross_0025_796361.jpg,2,0.019210368,0.0024945948,-0.0063589243,-0.0025325746,0.0042678113,-0.014429699,-0.011196732,-0.011334504,-0.037609477,0.07724857,-0.054381974,-0.07246927,0.027552538,-0.01821393,-0.019009981,-0.02916599,0.0103508495,0.012631355,0.002037029,0.0005253763,0.0060351626,-0.0028837472,0.0014190332,-0.0045028715,0.042804617,-0.23298313,-0.19120657,-0.152162,0.028544815,-0.033192113,-0.03075911,-0.010716995,0.040240265,-0.026368115,-0.031074978,-0.007646808,-0.00061501376,-0.0036578695,-0.0017354012,-0.00022015406,-0.19521159,0.14928448,0.086734496,0.082279384,-0.0062700915,-0.0133151645,0.028279923,-0.04371175
/mnt/sdd/caltech_training/multiclass/train/003.Sooty_Albatross/Sooty_Albatross_0031_1066.jpg,2,-0.0018025003,0.012824262,0.014684162,0.0045589753,-0.0007659673,-0.0040402533,0.000114083174,-0.0026085642,0.11450082,-0.23763373,-0.12465587,-0.06933998,0.015467842,-0.019631336,0.0105934385,-0.03660477,-0.0017273775,0.00012873486,-0.011274977,0.014096165,-0.0074764327,-0.005083903,-0.0022146981,0.002846183,0.043928638,-0.12535582,-0.028834995,-0.015452584,-0.018230025,-0.0052596796,0.042723164,-0.019693894,-0.021132393,-0.00021164771,0.02081251,-0.010750455,-0.00048965577,0.0041351877,0.007016775,0.0030306636,-0.034275606,0.0573166,0.021947332,0.04445347,-0.025727091,0.0027991356,-0.06423892,0.10745141
/mnt/sdd/caltech_training/multiclass/train/003.Sooty_Albatross/Sooty_Albatross_0075_796352.jpg,2,-0.016295942,-0.019669335,0.012234954,0.004576861,0.0044206004,-0.0061722184,-0.009291155,-0.011114991,-0.034298487,0.10223573,-0.029473424,0.0005786568,-0.03153166,-0.030548036,-0.02111414,-0.027063033,-0.0034580717,0.0048169065,0.017636577,0.022349566,-0.009477466,0.011777934,0.008103322,0.00022354699,-0.11242236,-0.083698794,-0.030353552,-0.11630734,0.022832476,-0.0021265335,0.018358866,0.034667388,-0.0048811794,-0.023336517,-0.013877481,0.022564597,0.0007219409,-0.0019772737,-1.9673083e-05,-0.0025730794,0.06198153,0.014683477,0.026439402,-0.003516404,-0.02479239,0.02257016,-0.014885984,0.022280157
/mnt/sdd/caltech_training/multiclass/train/003.Sooty_Albatross/Sooty_Albatross_0040_796375.jpg,2,-0.0033950312,0.0021847226,0.009254079,0.004895076,-0.0020980174,0.0074760946,-0.0016307571,-0.0071744714,-0.08106583,-0.06156167,-0.18994802,-0.1387408,-0.006419775,0.0036508245,0.016904308,0.011991778,-0.0004739673,-0.0037438169,-0.010987148,-0.011423991,0.003085582,-0.006016773,-0.0027477683,-0.0035215905,0.001946846,0.047258634,-0.0037812144,0.017108228,0.00851379,-0.0039149015,-0.028529124,-0.048218094,0.0050651757,-0.018045915,-0.012899962,-0.02297197,0.007121431,-0.0034483145,-0.0041033393,-0.002610986,-0.0012063682,0.19005664,0.15422797,0.08852333,0.008069234,0.031247979,-0.0066121146,0.017123792
/mnt/sdd/caltech_training/multiclass/train/003.Sooty_Albatross/Sooty_Albatross_0019_796391.jpg,2,0.005020026,-0.009164604,-0.015673928,-0.026688848,0.0031642248,0.0032424466,0.0015397376,0.0016875884,0.12682137,-0.07902683,-0.048040353,-0.07697864,0.020199597,-0.008365982,-0.020577203,-0.046760883,0.01041772,-0.024451472,-0.005643751,-0.008303987,-0.0031622949,0.0014095157,-0.003783572,-0.0023918974,0.050413966,-0.14279172,-0.09354443,-0.02497066,-0.0022339132,-0.023389168,-0.042727016,-0.053650547,0.012532451,0.020608662,0.01991291,0.016583353,-0.0033057323,-0.00036913034,-0.0017813054,0.0012368495,0.07560127,0.100029305,0.0612293,0.079087704,-0.004110379,-0.03228142,-0.020436037,-0.081239596
/mnt/sdd/caltech_training/multiclass/train/003.Sooty_Albatross/Sooty_Albatross_0071_1116.jpg,2,0.0019962958,-0.008773462,0.010134799,0.0028446517,-0.00068611884,-0.0053264787,-0.0076594395,-0.01373449,0.07526061,0.016164955,-0.00079340674,0.008674517,0.023270402,0.012172564,-0.005411312,-0.014647039,0.00340095,0.0007008876,-0.00021701166,-0.0034246263,0.0037845364,-0.002606688,-0.0055449707,-0.006766719,-0.013357664,-0.16635334,-0.12094721,-0.06838412,0.038387015,-0.009770596,-0.005104552,-0.032063443,-0.0050875377,-0.013229712,-0.011661772,0.0316711,-0.0016397318,-0.0010082349,-0.00011463958,0.0002597114,0.026634647,0.08914027,0.13853714,0.10164132,-0.009317479,-0.0340875,-0.08781712,-0.024455253
/mnt/sdd/caltech_training/multiclass/train/003.Sooty_Albatross/Sooty_Albatross_0069_796358.jpg,2,-0.0038059875,-0.0113752475,-0.021492092,-0.026431829,0.0013803496,0.0016534216,0.0027840906,0.0025597075,-0.03197379,-0.18092442,-0.0971563,-0.09699637,0.009596815,-0.046793588,0.016207019,0.005454908,0.00321473,0.00431676,-0.016372118,-0.013762573,-0.0039533013,-0.0025484476,-0.005713365,-4.271639e-05,-0.03177014,-0.035630688,-0.03801788,-0.025627729,0.0015079202,-0.055998955,-0.040269088,-0.03319806,-0.004695531,0.0020930362,-0.0013510692,0.023389054,0.0071394024,-0.0078370515,0.00058960484,0.0036295764,-0.15727073,0.09089661,0.091840744,0.13594157,-0.017254125,0.033163033,-0.087073326,-0.05674564
/mnt/sdd/caltech_training/multiclass/train/003.Sooty_Albatross/Sooty_Albatross_0046_1211.jpg,2,-0.0038203176,-0.02524228,-0.02018155,-0.030886836,-0.0046600522,0.0005717338,0.007150059,0.009386308,0.021400897,0.16464683,0.09788568,0.031707823,-0.01330343,-0.00097523234,0.02768641,-0.032237686,-0.003159496,-0.015877498,-0.014802354,-0.012237329,0.0008948559,0.0006444567,0.0013470548,0.002896578,0.025746524,0.097878784,0.047562197,0.04538505,0.013723548,0.032737054,0.01596363,0.022264447,0.017334782,-0.020839272,-0.03170416,-0.008408008,0.0033231198,0.0079990495,0.0024332702,0.0017394321,-0.11484419,0.17458811,0.09021597,0.075415045,0.03566114,-0.04413761,0.026690532,-0.11033441
/mnt/sdd/caltech_training/multiclass/train/003.Sooty_Albatross/Sooty_Albatross_0041_796364.jpg,2,0.006846115,0.008808005,0.00961778,-0.0077204118,0.010199709,-0.004002048,-0.009209791,-0.010005092,-0.038961846,0.050163236,-0.16356766,-0.038247894,-0.017308816,0.0532773,0.04003787,0.004640719,-0.009592719,0.0155488,0.010203015,-0.0054301023,0.00019543432,-0.0011367269,-0.00963118,0.004806614,-0.064423114,-0.18193091,-0.16675666,-0.16797523,0.007140137,0.036416195,0.022963874,0.008558581,0.00096101867,-0.02421877,-0.010742005,-0.012098152,-0.0009872413,-0.0020113501,0.0028542373,-0.00075900333,-0.006901633,0.05341868,0.07842343,0.08504964,-0.0019791028,-0.021408018,0.015837857,-0.053678934
/mnt/sdd/caltech_training/multiclass/train/003.Sooty_Albatross/Sooty_Albatross_0022_796398.jpg,2,-0.004095424,-0.006998274,-0.009665885,-0.0028662505,-0.0031323906,0.007854493,-0.0064689117,-0.005134804,-0.051547784,-0.09160477,-0.069397554,-0.04176255,0.0005632376,0.013016876,-0.0028927557,-0.0055182353,0.005739932,-0.017700505,-0.0050761364,-0.010530325,0.001141513,0.0028113446,-0.001862913,0.0019895174,0.0617787,-0.06150645,-0.06991038,0.051754866,0.0027817385,0.021949518,0.038875066,0.032997813,-0.008154741,-0.024717622,-0.016881783,-0.014641293,-0.00073881994,0.005933508,0.004966946,-0.0038807,0.038509984,0.11681817,0.08788966,0.05801644,-0.003892631,-0.020457227,0.046901442,0.053346783
/mnt/sdd/caltech_training/multiclass/train/003.Sooty_Albatross/Sooty_Albatross_0063_1101.jpg,2,-0.0027552103,-0.009030104,0.0010646177,-0.005973443,-0.002325438,0.0061931154,0.0029615078,0.0016523004,-0.023532271,-0.056866616,0.055935983,-0.028470106,0.015280185,-0.03683182,-0.07967879,-0.03938536,-0.002817635,-0.008685542,0.0065132915,0.0092134075,-0.00593774,-0.007292967,-0.0034383845,0.00106027,0.014331739,-0.12667155,-0.13021933,-0.03787068,-0.023592278,0.011071159,0.055295616,0.08682485,0.0080288,-0.008190095,-0.01067239,0.01204264,-0.0017884446,-0.008207435,-0.0070979516,-0.006466179,-0.12482926,0.11033505,0.12228747,0.1383585,0.0045909714,-0.092116706,-0.05032586,0.02836702
/mnt/sdd/caltech_training/multiclass/train/003.Sooty_Albatross/Sooty_Albatross_0079_796389.jpg,2,0.011591995,-0.011171875,0.011419296,0.0038429466,0.0031564748,0.009915289,0.0027522952,0.013069991,0.022435121,0.071930245,0.034426063,0.036526676,0.037200462,0.015971191,0.04006699,0.050451905,-0.012962239,-0.01739638,-0.0072236652,-0.0015252249,-0.0032536385,0.0026261825,0.006155951,0.007980674,0.08843849,-0.20860022,-0.18213323,-0.06680253,0.022003956,-0.012915789,-2.4326146e-05,0.01677788,0.0097412355,-0.013613733,-0.018831357,-0.045131028,-0.0025275415,0.0014440157,0.0042826333,0.0033139605,-0.04212391,0.037819855,0.0042239185,0.005311451,0.011666572,0.0215658,-0.033521485,-0.023389798
/mnt/sdd/caltech_training/multiclass/train/004.Groove_billed_Ani/Groove_Billed_Ani_0087_1765.jpg,3,0.0046902774,0.011727997,0.009083562,0.018383075,0.0005179401,0.005350895,0.0011751731,-0.0005739066,0.075776145,-0.070021115,-0.14854158,-0.1096877,0.007131486,-0.026222702,0.020173507,-0.022312546,-0.010808208,-0.00069124764,-0.0005073217,0.004056349,-0.004245073,-7.232296e-05,0.00025318074,-0.0028289277,-0.04568674,-0.13855529,-0.12342914,-0.049530767,-0.025037793,-0.01208094,-0.00080429204,0.0077766757,0.0036657827,0.004640841,0.0015798596,0.02538988,0.0011421051,0.0029289094,0.0035731706,0.0049104225,0.008962117,-0.09917313,-0.063045196,-0.049439557,0.034292426,0.05171484,0.0433866,-0.010613153
/mnt/sdd/caltech_training/multiclass/train/004.Groove_billed_Ani/Groove_Billed_Ani_0065_1502.jpg,3,-0.007171395,-0.008016154,-0.016792163,-0.004391183,-0.009917383,0.013305388,0.009769454,0.007215271,0.0067698583,0.068064414,0.1320872,0.081262514,-0.00535448,-0.009781335,-0.074817255,0.005095236,-0.0043114303,0.0129266875,-0.008198462,-0.008580875,-0.004378534,-0.0024593987,0.00045666023,0.0024502617,-0.09413746,0.046365574,0.11793223,0.08005276,-0.045489315,0.010424435,0.015256714,0.012231667,-0.008671573,-0.016944228,-0.016927734,0.008924685,-0.0012428646,-0.0012723977,-0.004461829,0.008541553,0.012403563,0.06837322,0.036238525,0.08655975,-0.002924256,0.06643784,0.085756704,0.0645062
/mnt/sdd/caltech_training/multiclass/train/004.Groove_billed_Ani/Groove_Billed_Ani_0053_1672.jpg,3,0.018357884,-0.01124189,-0.0016425187,-0.003043959,0.008407321,0.010479037,0.0055707498,0.00056580035,0.061999865,0.031072149,0.012270832,0.04446192,0.060855195,-0.034704097,-0.05588687,-0.007022861,0.0010050334,-0.0052468115,0.009870127,0.0023338613,0.0042019268,-0.0029394943,-0.0015399295,0.0010914793,-0.016730435,-0.062384453,-0.06680397,-0.03571066,0.014711475,-0.014745466,-0.046387214,-0.021136131,0.017820135,0.02558098,0.053204007,0.04057651,0.0005009575,-0.0031960045,0.0024493358,-0.0016715089,0.03518056,-0.01836151,-0.071404845,-0.04466935,0.002978167,0.020921592,0.03599943,0.13737969
/mnt/sdd/caltech_training/multiclass/train/004.Groove_billed_Ani/Groove_Billed_Ani_0092_1516.jpg,3,-0.0016177674,0.005536291,0.00657478,0.007615082,0.0027536922,0.0013187997,0.0052514416,0.00874286,-0.035677865,0.05368977,-0.010374015,-0.014193736,-0.001534855,-0.010185993,0.0025579552,-0.052096833,0.005161635,-0.0027276208,0.012995851,-0.0015469631,0.00032248173,0.009087444,0.0007803937,0.003876316,0.018523637,-0.078201994,-0.08713986,-0.08331508,0.03133854,-0.04722914,0.008474133,-0.015648516,0.024515007,0.0033115565,0.018584179,0.02852991,0.0054540406,0.0065343585,0.0063848053,0.005110625,-0.0073311385,-0.08004694,-0.054990683,-0.07179493,0.057060394,0.10193734,-0.08589819,0.034716316
/mnt/sdd/caltech_training/multiclass/train/004.Groove_billed_Ani/Groove_Billed_Ani_0074_1730.jpg,3,-0.001129752,-0.0137540335,-0.012885483,-0.004334306,-0.002001949,-0.0037291811,0.0019806256,-0.0031306134,0.08166285,0.12901768,0.099777475,0.05450517,0.013746032,-0.026773535,-0.046736084,-0.041045614,0.0042022252,0.017519854,0.005062809,0.0031278292,-0.0025362659,0.002398549,0.0032594032,0.0035113213,-0.0072132424,0.041363664,0.018521512,0.0024084211,-0.0028282146,0.03947831,0.024513844,-0.02548564,0.04507836,0.019794153,0.015892547,0.009662291,0.0014352971,-0.0008051889,0.0062542595,0.01117738,-0.016601954,0.1036345,0.031577148,0.07006815,0.038127914,0.05935544,0.019978374,-0.068299904
/mnt/sdd/caltech_training/multiclass/train/004.Groove_billed_Ani/Groove_Billed_Ani_0046_1663.jpg,3,0.016837232,-0.00078412995,0.00055196043,-0.001677233,0.0076239766,0.004179291,-0.0013471994,0.012339243,0.06941384,0.07650553,0.029414283,0.04316954,0.035877053,-0.028182555,-0.060750782,-0.06823464,-0.002568735,0.0162048,0.0164953,0.0147660645,0.002056608,-0.005522766,0.0009307267,-0.0037301434,0.03686643,0.008005861,-0.0456587,-0.07274702,-0.0063558538,-0.003704183,0.029192073,-0.022823876,0.0019904077,-0.019135464,-0.0038763443,0.011502797,0.0008670897,0.005946043,0.008318423,0.003631893,-0.015846848,-0.09523109,-0.061960585,-0.059170503,0.016558424,0.014727352,0.11539119,0.044651642
/mnt/sdd/caltech_training/multiclass/train/004.Groove_billed_Ani/Groove_Billed_Ani_0037_1560.jpg,3,0.014373843,-0.0057740565,-0.009411589,-0.009602561,-0.0019394177,0.0046037002,0.010263257,0.007989822,0.05239371,-0.003961161,-0.008794029,-0.03634506,-0.0013694353,-0.038350172,-0.053140033,-0.017885461,0.006350738,0.008801098,0.0016499665,0.0114082815,0.0073186527,0.0043913885,-0.0014329413,0.0038100085,-0.077623695,0.005093757,0.03752579,0.010096882,0.010773793,0.05326694,0.023095759,0.012753317,0.007201397,-0.025402686,-0.0076360493,0.03762635,0.0037830612,0.0023868051,-0.0022876796,0.003067161,0.10548819,-0.07088891,-0.01038817,-0.018489625,0.043109544,-0.056941908,0.036579367,-0.049937017
/mnt/sdd/caltech_training/multiclass/train/004.Groove_billed_Ani/Groove_Billed_Ani_0029_1620.jpg,3,0.00013498712,-0.0019643267,0.0147820925,0.012860926,0.0029703567,-0.0056644687,-0.005910602,-0.0061204894,0.106037535,-0.0025259769,-0.059418518,-0.08537084,0.02537434,0.014769245,-0.03804098,-0.046077915,0.0012710944,0.0051313806,-0.0029528062,-0.01199691,0.002189943,0.0025513363,0.0026913788,0.004330811,-0.026364185,0.06880658,0.08745997,0.12183833,0.024309397,-0.021958912,-0.04184889,-0.028127234,-7.589441e-05,0.028279517,0.020107841,0.025491247,0.0027580825,-0.00024613948,-0.0011943582,0.0062704626,-0.0018063188,0.0027112514,0.0033707693,0.04226387,0.0038468298,0.020044409,0.0016237432,-0.03922975
/mnt/sdd/caltech_training/multiclass/train/004.Groove_billed_Ani/Groove_Billed_Ani_0033_1494.jpg,3,0.0051443297,-0.0122561045,-0.00991714,-0.00497297,-0.0015403917,-0.0032557123,0.0003179178,-0.003207059,0.06621235,0.051180393,0.062574156,0.01653473,0.017906182,0.018945267,-0.0009059473,-0.022467189,0.0018773006,-0.001959744,-0.004178853,-0.0012113557,0.0052611073,-0.003060994,-0.004412732,-0.0024721208,0.052908987,-0.13981971,-0.12828901,-0.091189675,0.02294429,-0.021436647,-0.0030608606,-0.014410783,0.016413473,-0.0002970621,0.008105089,0.011970718,0.009370615,0.0048246616,0.00827926,0.000251594,0.082644686,0.06323524,0.13122764,0.05159825,0.059385475,0.007910343,0.043188646,0.03454487
/mnt/sdd/caltech_training/multiclass/train/004.Groove_billed_Ani/Groove_Billed_Ani_0018_1613.jpg,3,0.009257629,-0.024165101,-0.017962318,-0.0062472336,0.0025037273,0.0013060626,0.012476732,0.002040928,0.08081288,0.059620835,-0.0007151356,-0.026104467,0.053757824,0.0024496624,-0.0038875183,-0.057628326,0.008208603,-0.0015987412,-0.015193669,-0.009659336,0.004938298,0.0035929617,0.0038242585,0.0072546457,-0.07059283,-0.03573328,-0.07487646,-0.073513284,-0.0014729239,0.012388006,-0.049564764,-0.03916944,0.022096783,0.0023606736,0.013098535,0.0016860602,0.0076929526,0.00312028,0.00083149853,0.0030432283,0.058758494,-0.08906212,0.034060553,0.050851896,0.06763887,0.014476469,0.04031035,-0.034585305
/mnt/sdd/caltech_training/multiclass/train/004.Groove_billed_Ani/Groove_Billed_Ani_0004_1528.jpg,3,0.0052269925,-0.012446266,0.0026208577,-0.0040305676,-0.0009171411,-7.478148e-05,0.0028402682,-0.0047530215,-0.07973626,-0.010337461,-0.0611685,-0.052685585,0.034375157,-0.047930725,-0.021985414,-0.00037758797,-0.0053463886,-0.0011436557,-0.012714975,-0.007264871,-0.0014309825,-0.0022701565,-0.0035641566,0.0025586262,-0.09259862,-0.13532835,-0.12156737,-0.05157308,-0.003935961,-0.058357812,-0.055856287,-0.023890711,0.0360106,0.03717225,0.03197129,0.03216437,0.0057805134,0.0054033566,0.005485124,0.005714565,-0.17050031,-0.015641175,-0.06822256,-0.07600409,0.037986215,0.10950491,0.0458707,0.00764336
/mnt/sdd/caltech_training/multiclass/train/004.Groove_billed_Ani/Groove_Billed_Ani_0040_1715.jpg,3,-0.014771208,0.008922722,0.011621707,0.009829163,-0.005128877,-0.0049656853,0.00072183367,0.0011934902,-0.019204453,0.061315753,0.010791667,0.017905325,-0.012130642,0.024827458,0.023646343,-0.035899974,-0.00293378,-0.012502346,0.0017254913,0.014629826,-0.004545221,0.0011854083,-0.0007586066,0.002481827,-0.002168987,-0.04660011,-0.07049439,-0.051644832,0.013791687,-0.019881135,-0.01349946,-0.033113834,0.020405326,-0.0026083274,0.003933429,-0.0016430083,0.0046738363,-0.003416561,-0.006359517,0.0033454825,-0.012993056,0.031799555,-0.0072364546,-0.074902505,0.032206856,0.0027297002,0.018491397,0.05951727
/mnt/sdd/caltech_training/multiclass/train/004.Groove_billed_Ani/Groove_Billed_Ani_0036_1604.jpg,3,0.0024383147,0.011715176,0.005480948,-0.009642962,0.0019381847,-0.0021474087,-0.0015506633,0.014284734,-0.06994951,-0.010031254,-0.0024767239,-0.034033526,0.026978713,0.030563017,0.083935514,-0.010678091,0.010156434,-0.007054234,-0.009280698,-0.011679126,0.0038678541,0.0009554025,0.0034949481,0.0047283256,0.030570153,-0.03166161,-0.035741065,0.02607731,0.047343533,0.06134306,0.042688675,0.041414514,0.030664925,-0.0031838226,0.007889967,0.0066639865,0.0072296793,0.0017291834,0.0058291857,0.0016917954,-0.041818857,-0.07565779,-0.0704519,-0.1303031,0.05709655,0.017015725,0.0020179562,-0.0012203902
/mnt/sdd/caltech_training/multiclass/train/004.Groove_billed_Ani/Groove_Billed_Ani_0069_1546.jpg,3,0.0038054714,0.009538561,0.013977789,0.013201174,-0.0021367478,0.0054160682,-0.0032411297,0.0047149183,0.075585,0.009660346,-0.044327587,-0.013015336,0.01096048,-0.029874843,-0.023255583,-0.039596513,-0.008351661,-0.0033571383,-0.0045028958,-0.0003339341,-0.0045636003,0.000660524,0.0011912441,-0.0052723438,-0.108870685,0.00024918467,-0.0061083883,-0.030667573,0.018393338,-0.0219808,-0.011283197,-0.014968448,0.025254542,0.017992187,0.006623149,0.023520416,0.0034661777,0.0018649213,0.004901113,0.002725977,-0.13347442,-0.007063739,0.007895481,-0.03090503,0.043996513,0.07958769,0.052148946,0.018701825
/mnt/sdd/caltech_training/multiclass/train/004.Groove_billed_Ani/Groove_Billed_Ani_0076_1661.jpg,3,0.0052180365,-0.0010601259,0.0064336187,0.007133731,-0.0011786461,-0.015995646,-0.011813603,-0.003001715,0.103885725,0.05727932,-0.11646695,-0.07330167,0.0068544624,-0.052190587,-0.036128964,-0.027274795,0.002785678,0.012898099,0.007351566,-0.0024756596,-0.0026912768,0.0067224875,0.0076750778,0.009326594,0.087284,-0.040055834,0.00035304576,0.036374457,-0.029131284,-0.005547858,0.020563167,0.030438567,-0.014460681,-0.013413024,0.009193353,0.011495663,-0.001550152,-0.0011505065,-0.0021027476,-0.002248709,0.0072210394,-0.036944985,-0.012131993,-0.048987657,0.00090478826,0.079637736,0.035611838,-0.007618253
/mnt/sdd/caltech_training/multiclass/train/004.Groove_billed_Ani/Groove_Billed_Ani_0068_1538.jpg,3,0.008102914,-0.012612032,-0.010025829,-0.011715667,-0.005347388,-0.00591599,-0.0068562,-0.014348179,-0.06979732,0.070088275,0.0141611695,0.04018853,-0.0071759545,0.01309282,0.004772772,-0.013960847,0.0075967526,0.006372664,0.006040211,-0.0072381524,-0.0008518614,0.006212448,0.001126894,0.0027703296,0.06611656,-0.039179415,-0.0024168976,0.052602652,0.0006832639,0.052696787,0.0048552407,0.011339564,0.010696447,-0.023157693,0.0092729535,0.009169398,0.0032792517,-0.0019467467,0.0030017328,0.009129856,-0.05524154,-0.04997073,-0.074890524,-0.09526073,0.0115735475,0.077231236,0.048144646,0.0071323463
/mnt/sdd/caltech_training/multiclass/train/004.Groove_billed_Ani/Groove_Billed_Ani_0017_1561.jpg,3,-0.006551959,-0.0027860454,-0.01010678,-0.0014707204,-0.007033958,0.0029291888,-0.0009043702,0.010877966,-0.029175945,0.098409966,0.061382532,0.020373678,-0.004407827,0.0035416135,0.009570004,-0.04393684,0.0010256661,0.016086755,-0.0013143178,-0.004518669,-0.0015663654,-0.0027317763,0.0049553267,0.00771649,0.09762497,-0.04270965,-0.054679576,-0.00809307,0.060659576,0.016442673,0.0059337546,-0.0056275763,0.012639675,0.006243987,0.017269757,0.017794382,0.0052448683,-0.0043392032,-0.0038696742,-0.0048381286,-0.04192601,0.018419057,0.032048043,-0.009005985,0.02593591,0.049086574,0.011401432,-0.016027438
/mnt/sdd/caltech_training/multiclass/train/004.Groove_billed_Ani/Groove_Billed_Ani_0031_1588.jpg,3,0.0030359454,-0.005902631,-0.00096290745,0.0034164605,2.00074e-05,0.00066555245,-0.00094550056,-0.0017622835,-0.014403153,0.12592565,0.017894283,0.014621289,0.009747254,-0.016824245,-0.038724154,0.016705085,0.0024441201,0.013518636,0.012845442,0.0036796744,0.006005926,-0.0021326537,-0.0072785504,0.00089899875,0.01244409,-0.032951783,-0.06164194,-0.0382836,0.022389231,0.0003860928,-0.00402567,-0.02131189,0.006284499,0.026025306,0.03822151,0.03433636,-0.0005507773,-0.0059465,0.00056983036,0.0055014826,-0.058918387,0.07463886,0.025479145,-0.024454912,0.004492048,0.061174795,0.035442576,0.00341979
/mnt/sdd/caltech_training/multiclass/train/004.Groove_billed_Ani/Groove_Billed_Ani_0047_1706.jpg,3,0.011843528,0.0030949283,0.0022780814,-0.009375861,0.0061575095,-0.0037710008,-0.004691056,0.0052422504,0.040837146,-0.0035140403,0.014266848,0.030893061,0.025056208,4.498381e-05,0.00072308606,-0.027424274,0.0021456825,-0.0032849917,0.0007826558,-0.0027855139,0.006871893,-0.0025160534,-0.0005317929,0.0018106361,-0.07090903,-0.12992674,-0.101931594,-0.07832144,0.027661508,0.006826602,0.021499502,0.027810981,0.0230348,0.0008211576,-0.0036149397,0.020773899,0.0039865514,0.0049076607,0.00933299,0.005876448,-0.063081086,0.12651575,0.012899846,-0.009101519,0.024694458,0.05674483,-0.0038118977,-0.02184385
/mnt/sdd/caltech_training/multiclass/train/004.Groove_billed_Ani/Groove_Billed_Ani_0002_1670.jpg,3,-0.002572204,0.0005957787,0.009965446,0.0019359032,-0.006113306,-0.0036160909,-0.0023461753,-0.004955045,0.039572924,-0.055955417,-0.055597104,-0.059111245,-0.0083381105,0.027994435,0.034985065,0.0060737655,0.018130343,0.013128802,0.01867064,0.007979979,0.0003167088,0.003315875,0.005626943,0.008351896,0.022024922,-0.048153024,-0.04382194,0.029391356,0.010592264,0.00069212867,0.0036558495,0.009653049,0.010995337,0.02096,0.023236625,0.01970402,0.003166929,0.0026213543,-0.00020752754,0.0038918438,0.080094114,-0.010049682,0.033531927,0.060100313,0.018885871,0.027295109,0.05420048,0.06519686
/mnt/sdd/caltech_training/multiclass/train/004.Groove_billed_Ani/Groove_Billed_Ani_0012_1784.jpg,3,0.009022325,-0.009099949,-0.013694691,-0.011283854,0.0049025547,-0.0016280157,0.0003939661,-0.000709358,-0.004269425,0.032801606,0.0241406,0.035129853,0.01474843,0.02433576,0.03341157,-0.028113008,-0.0037093167,-0.012858989,-0.008826789,-0.0050905403,-0.00058892195,0.0019045498,-0.0013453022,0.0060586985,-0.042471446,-0.023318056,-0.031892154,0.047359027,0.0036330963,0.04565756,0.023350082,0.009588447,0.028050236,-0.00040847342,0.011512846,0.0038266722,0.008699516,0.003488476,0.005861535,0.004227681,-0.10660971,-0.02296211,0.015262304,-0.029426273,0.048139498,0.014261074,0.034799583,-0.021637648
/mnt/sdd/caltech_training/multiclass/train/004.Groove_billed_Ani/Groove_Billed_Ani_0023_1485.jpg,3,0.002099434,-0.013341822,-0.005090115,-0.0037447624,-0.011167948,0.00046022143,0.009707151,0.008220789,-0.11404217,-0.037637066,-0.060501806,0.018133055,-0.021838319,0.014500111,0.03355178,-0.0070953434,0.006899127,-0.0007515949,-0.0015468113,-0.0042839274,-0.0065402268,0.00047234667,0.006815393,-0.00032831565,-0.08416336,-0.05567373,-0.036288194,0.0022020116,0.040596787,-0.0013853335,-0.03385164,-0.03829065,0.035141222,-0.0043285396,0.007747442,0.012460998,0.004422658,0.0043701027,0.0037006568,0.0082804635,-0.0025728643,-0.008077588,-0.062550195,-0.07166846,0.0341403,-0.009582553,-0.032405186,-0.035354458
/mnt/sdd/caltech_training/multiclass/train/004.Groove_billed_Ani/Groove_Billed_Ani_0005_1750.jpg,3,0.004127854,0.0021136345,-0.004119172,0.002696464,0.003263616,-0.0064440793,-0.0055541685,-0.004013925,0.06588582,-0.07421124,-0.13082488,-0.036695547,0.010612664,-0.00046609947,0.006618538,0.021265203,-0.00023600785,-0.007866185,1.0205433e-05,-0.007906856,-0.0030648804,0.0020279964,-0.004731748,-0.0071451445,0.07467355,-0.13294753,-0.12667798,-0.036012795,0.03604879,-0.0035617128,-0.024835333,-0.018655723,0.013304336,-0.0069191344,-0.011137729,-0.009986725,0.0075445916,-0.0023857635,0.0014448056,-0.002378399,-0.08752841,0.022131648,0.042655014,0.048500385,0.054311402,0.06890335,-0.050931703,0.03176243
/mnt/sdd/caltech_training/multiclass/train/004.Groove_billed_Ani/Groove_Billed_Ani_0108_1639.jpg,3,0.002935452,0.012716354,0.007106791,-0.00056432653,0.00249562,0.003799784,0.008641593,0.0072757015,-0.098049305,0.08574674,0.062906414,0.045717757,0.01321461,0.021096125,-0.02502032,0.0060503636,0.006053092,0.025725605,0.0034147822,-0.0053625396,0.004513625,0.0015721042,-0.005836962,-0.003302677,0.0062695444,0.014300257,0.031910624,0.11686433,0.0049349256,0.039860934,-0.010588024,-0.025038607,0.034877896,0.016984817,0.019168086,0.022394525,0.007030449,-0.0004275852,0.0032981818,0.0045557353,0.010400858,-0.027270107,0.07234302,0.023947202,0.038377672,0.09478854,0.053194005,0.047232408
/mnt/sdd/caltech_training/multiclass/train/004.Groove_billed_Ani/Groove_Billed_Ani_0100_1646.jpg,3,0.0062639806,-0.010761142,-0.011889716,-0.007103608,0.0049997787,-0.0025115996,-0.0034953374,-0.0042429753,0.17550004,-0.09199668,-0.18210718,-0.09651096,-5.096197e-06,-0.010493618,0.019596858,0.052405197,-0.0002830308,-0.002399298,-0.006639992,-0.0010944349,0.0018321048,-0.0039218557,-0.00063205813,-0.007358809,0.003999086,-0.03642032,-0.023420505,-0.0022536889,-0.06298506,-0.012546096,0.022329051,0.01928175,-0.02367295,0.01945474,0.007566651,0.011298176,-0.006752101,0.005766131,0.0029605804,-0.0011309488,0.023086607,-0.1304522,-0.12092587,-0.18526521,-0.015939426,0.042904396,0.011639865,-0.04712554
/mnt/sdd/caltech_training/multiclass/train/004.Groove_billed_Ani/Groove_Billed_Ani_0035_1591.jpg,3,0.013227594,-0.009259421,0.0043780464,-0.006953636,-0.0003342582,0.0014268416,-0.0008424588,-0.0015913744,0.087998286,-0.05196118,0.015861165,-0.08698181,0.028249053,0.024612796,0.016190775,0.016362907,0.010922983,0.004144844,0.0045174677,0.007496747,0.0017913771,0.002764453,-0.0008985915,-0.0037158816,0.02752486,-0.07530695,-0.037618246,-0.007615652,0.0127966525,-0.012921285,-0.016877294,-0.01816542,-0.015173409,0.005725772,0.0065775765,0.004934731,-0.0050161732,-0.0020614164,0.0018031137,-0.0004915659,0.05417324,-0.025172934,-0.0013900921,-0.096162446,-0.011808498,0.0070286402,0.08487086,0.025145862
/mnt/sdd/caltech_training/multiclass/train/004.Groove_billed_Ani/Groove_Billed_Ani_0032_1776.jpg,3,0.009343483,0.0020978132,0.0066036675,0.0046157115,0.0039576003,-0.0010553903,0.0035766868,0.0025154536,0.11154129,0.0823748,0.036538064,0.022954656,0.018479543,-0.008176671,-0.0063822973,-0.039123334,0.0017304334,0.0059141126,0.012629033,-0.011194869,0.0017147555,-0.0029976266,0.0009876653,0.0012367687,0.008339165,-0.0065810643,0.019052815,0.06793819,-0.00062912423,0.02573455,-0.0668326,-0.009014578,0.011296131,0.0014695355,0.011212844,0.017908363,0.0033412261,0.006746296,0.00790254,0.005421995,-0.038448267,-0.13478838,-0.16074836,-0.13700639,-0.00040441356,0.020541422,-0.011643261,-0.023297403
/mnt/sdd/caltech_training/multiclass/train/004.Groove_billed_Ani/Groove_Billed_Ani_0060_1505.jpg,3,0.010874002,-0.0004259136,0.001822384,-0.007555781,0.000998794,0.0027588229,0.009728736,0.0055337898,0.047179997,0.08062653,0.046174526,-0.0027141944,0.014224091,0.062701136,0.083899334,0.0455304,0.011014736,-0.003009507,0.012884568,-0.009406238,0.008782178,0.007907,0.009876136,0.009208513,-0.02275693,0.0659607,0.050018746,0.058413684,-0.016533323,0.009818154,-0.019936856,0.015752882,0.022242349,0.013518086,0.027051963,0.021293439,0.0062818173,-0.0031209178,0.0029313085,-8.8439294e-05,-0.15826333,0.052176822,0.11279863,0.05526331,0.04719691,-0.0186133,0.04919643,-0.022256713
/mnt/sdd/caltech_training/multiclass/train/004.Groove_billed_Ani/Groove_Billed_Ani_0078_1780.jpg,3,-0.0032117423,-0.008393755,-5.7533616e-05,-0.0005317577,0.0013049644,0.021019597,0.008750925,0.010757826,-0.0065648705,0.015118978,0.004754421,-0.0036596246,0.01169684,-0.0313853,-0.04058705,-0.075077355,0.005125709,-0.0003185036,-0.001623881,-0.0050210813,0.00037647254,-0.002064399,-0.0013411504,-0.0040051113,0.034008853,-0.13424179,-0.1544212,-0.10647067,0.025314055,-0.014841128,-0.004439854,-0.015599091,0.0029349546,0.024512786,0.018124035,-0.016468748,-0.0015564783,0.0051398594,0.0060979836,0.0029713544,0.0041904747,-0.111429326,-0.057139903,-0.03956836,-0.0043710377,-0.07588918,0.0030116306,-0.0636769
/mnt/sdd/caltech_training/multiclass/train/004.Groove_billed_Ani/Groove_Billed_Ani_0075_1617.jpg,3,-0.0023010322,-0.011888471,-0.0042596534,-0.01026408,0.003426087,-0.0052520516,0.00020632055,-0.004722197,-0.0073185414,0.103171304,0.0653482,0.0072732912,0.0025822595,-0.031791992,0.02328513,-0.027051128,-0.0038869237,0.0005918093,-0.004823792,-0.01320075,0.001058083,0.0019010283,0.0002628788,0.0011524374,-0.10963844,-0.016814087,-0.07777337,-0.03082193,0.01364817,0.026014144,-0.006115025,0.0036437958,0.043739967,0.01904795,0.015019423,0.022348136,0.008405709,0.002474102,0.005506739,0.0021954095,-0.15378986,0.041190214,-0.026875377,-0.08660467,0.0782942,0.027195347,-0.028320847,0.029904522
/mnt/sdd/caltech_training/multiclass/train/004.Groove_billed_Ani/Groove_Billed_Ani_0044_1731.jpg,3,0.007338224,-0.003547353,-0.008148365,-0.0035647736,0.00058695266,0.0065953913,0.0064971354,-0.000666345,0.042210437,-0.036139887,-0.017804263,-0.027699597,0.028893303,0.009994048,0.028890917,0.011606289,0.0036976342,0.0023951002,0.019568842,-0.006221788,-0.0024904562,0.0075854566,0.0014796044,0.0054877726,-0.1278192,-0.12576802,-0.07941897,-0.050283022,-0.016144037,-0.015539635,-0.027751813,-0.026300743,0.0041564056,0.00875473,0.0064263325,-0.005013028,0.0001140245,-0.0034644783,-0.0017007503,0.001444175,0.05282281,-0.06084221,-0.055488084,-0.03735937,0.041424796,0.07779019,0.07137378,0.024334356
/mnt/sdd/caltech_training/multiclass/train/004.Groove_billed_Ani/Groove_Billed_Ani_0006_1763.jpg,3,0.011033007,0.010533678,0.0022236058,0.000753668,-0.0014199225,-0.006395967,0.0020238352,0.002464654,0.006223224,-0.007883746,-0.033026993,0.0076118167,-0.0021250066,-0.023927435,-0.06841881,0.0042161024,-0.009633095,0.008115389,-0.0066022146,-0.008375044,-0.0046188557,3.7853606e-06,-6.670086e-05,0.0052171745,-0.051413104,-0.11529853,-0.10585186,-0.11050965,-0.010768363,-0.007009929,-0.017515264,-0.0010455698,0.0104493955,-0.004080234,0.008991255,0.026578745,0.002265584,0.00070812355,-9.256095e-05,-0.0024736694,0.09509651,-0.09750148,-0.037757896,-0.09987065,0.01093626,0.083730474,0.027808625,0.040601566
/mnt/sdd/caltech_training/multiclass/train/004.Groove_billed_Ani/Groove_Billed_Ani_0061_1510.jpg,3,0.007610134,0.0090341475,-0.0038682404,0.0060812025,0.00684751,-0.0014938647,0.0065014265,0.002849917,-0.0012261719,-0.08703658,-0.001052238,-0.032017738,0.036450498,-0.074910164,-0.07531479,-0.066114105,0.0038982294,0.0064846,0.0049344916,0.0061754547,0.009875567,0.0026513492,0.002501714,-0.0023709373,-0.024332741,-0.03347048,-0.014756262,-0.018170655,0.031227104,-0.010427233,-0.021657404,-0.030198555,0.024385989,0.01681772,0.012352532,0.025352128,0.006663833,-0.0036224565,0.0024794857,0.0016943286,-0.13402545,-0.02342857,0.012593757,0.036132235,0.015053683,-0.0074550174,0.07733651,0.039563984
/mnt/sdd/caltech_training/multiclass/train/004.Groove_billed_Ani/Groove_Billed_Ani_0109_1592.jpg,3,0.00090456544,-0.002462917,-0.00794786,-0.00010216492,-0.004862041,0.0069182785,0.0070627346,0.003991976,-0.010191839,0.13398603,0.113446474,0.08274916,0.007499324,-0.05385533,0.04953052,-0.02470068,-0.003034857,0.00440743,-0.012257946,0.007028023,0.0021488443,0.0042810217,0.007066034,-0.0036950866,-0.009514194,-0.008571178,-0.014796957,-0.011817977,0.006075316,0.034085356,0.006528658,-0.06699143,0.009296155,-0.003794527,-0.00523402,0.009673482,0.0070435647,0.001908605,0.0050924164,0.003726912,-0.019110665,0.0016252883,-0.026241895,-0.026034966,0.0328016,0.0048853806,0.0013388463,0.050989334
/mnt/sdd/caltech_training/multiclass/train/004.Groove_billed_Ani/Groove_Billed_Ani_0019_1585.jpg,3,-0.006059088,-0.003750505,-0.005049537,-0.013935601,-0.0056860466,0.0017619373,0.00370833,-0.0048657916,0.0354265,0.09870497,0.09283428,0.049141437,-0.013556121,-0.01859357,-0.030503381,-0.021063752,-0.004736786,-0.0019169333,-0.0003726906,-0.009111736,-0.003912324,0.0032106221,0.0012934434,0.0034572433,-0.05738764,-0.023457417,-0.010809172,-0.020948369,-0.006949961,0.053808957,0.05839105,0.05090677,0.012355816,0.0117859645,0.0033849298,0.020494595,-0.0026807913,0.003318724,-0.001586991,0.0028408258,-0.1934436,0.0078016846,0.023303613,0.012542553,0.020329813,-0.00014140457,0.06151124,0.056577664
/mnt/sdd/caltech_training/multiclass/train/004.Groove_billed_Ani/Groove_Billed_Ani_0056_1493.jpg,3,-0.007862715,-0.020371802,0.0076775104,0.012788948,0.0016864889,-0.003368076,0.0014788851,0.004131215,-0.003128578,-0.0328167,-0.028082583,-0.023330271,-0.011004456,-0.03651202,0.0140007725,-0.008068971,0.010351984,0.013727828,0.0044258847,0.0057053925,0.007104925,-0.0013453454,-0.00018638361,0.0007006709,0.035475813,-0.036424436,-0.051937744,-0.0028462186,0.002472164,-0.013538941,0.019626368,0.00866943,-0.015564643,0.01144092,0.016451377,0.020874131,-0.0054114186,0.0022806092,0.0015062355,0.0013443137,-0.016948512,0.08753605,0.043215718,0.019054,0.0014250572,-0.027290087,0.10648061,-0.010047496
/mnt/sdd/caltech_training/multiclass/train/004.Groove_billed_Ani/Groove_Billed_Ani_0080_1549.jpg,3,0.01132011,-0.0055977507,-0.006121579,0.0015089179,0.006147269,0.0016136507,0.005938039,0.0039178687,0.04697643,0.08834216,0.07981918,0.040556148,0.006583739,-0.0038615256,0.06576364,-0.023589015,0.0030412679,-0.001175419,-0.011122092,-0.010077533,0.0019144514,-0.004656787,0.0031804084,0.0068004876,-0.11222205,0.060503893,-0.012474634,0.008161038,-0.0055996655,-0.010071928,-0.0028544576,-0.008886216,0.033501036,0.018270398,0.024630953,0.005479386,0.00551058,-0.0016933726,0.0067701363,0.008346651,0.08115261,0.015214767,-0.02660383,-0.09705433,0.019916592,0.035651762,0.019245612,-0.023449097
/mnt/sdd/caltech_training/multiclass/train/004.Groove_billed_Ani/Groove_Billed_Ani_0051_1650.jpg,3,-0.01090843,-0.0013883143,-0.009777329,-0.009581175,-0.0059104245,-0.0039946977,0.00050817966,-0.0028752638,-0.021785017,0.018907696,0.05742361,0.011961918,-0.0025922633,0.029115941,0.005610722,0.0019194921,-0.0067325993,-0.009145347,-0.01609748,-0.008891767,-0.0052734246,0.0013630118,0.0038632099,-0.0009862399,0.0761276,-0.02580464,-0.04729815,-0.021018514,0.0050622458,-0.060053263,-0.017344872,-0.014629607,0.0006257226,-0.005051329,-0.01208861,-0.016183445,-0.0031316427,0.0023702837,0.00032924302,0.0020938958,-0.12001757,-0.0020242184,0.036375098,0.04142852,0.0033723617,0.03143473,-0.031071316,-0.021116115
/mnt/sdd/caltech_training/multiclass/train/004.Groove_billed_Ani/Groove_Billed_Ani_0090_1567.jpg,3,0.004574853,0.0009486644,0.008092982,0.010980565,0.0023742332,-9.341765e-05,4.822045e-05,-0.0045549995,-0.050010398,0.1520012,0.12913038,0.04579873,0.02780378,-0.005085257,-0.021355048,-0.016172916,0.00061973976,0.0063527306,0.00029740017,0.0035719718,0.0041672573,0.0067977654,0.004110413,-0.0044058757,0.016980167,0.044301763,0.028713994,0.03161297,0.011106104,0.006604082,-0.005558518,0.0020825297,0.009066966,0.0048639895,0.01610014,0.009317086,0.0071857683,-0.0004825863,0.0016932124,-0.0038244664,-0.19420141,-0.051569957,-0.044590425,-0.04498183,0.0067971954,-0.035325836,-0.04456874,-0.024615232
/mnt/sdd/caltech_training/multiclass/train/004.Groove_billed_Ani/Groove_Billed_Ani_0072_1696.jpg,3,0.008211771,0.010631161,0.027310325,0.013382835,-0.002831216,-0.0010120418,-0.0042778817,-0.0057739937,-0.034870166,0.0870539,0.07943334,0.070493154,-0.010986345,-0.019159015,-0.0544386,-0.028752858,0.0074163815,-0.00043777097,-0.008624439,0.0028937254,0.0010490087,0.000352907,-0.0017835604,-0.0020511798,-0.071341544,-0.06863095,-0.04125561,0.037496466,-0.0069276732,0.029341208,0.061793704,-0.007173719,0.0010349178,0.012534771,0.029079191,0.03446506,0.00060437946,0.0053233504,0.010459784,0.0047143158,0.020035397,0.071643375,0.030490525,-0.07157913,0.005953424,0.02395266,0.03201532,-0.03133978
/mnt/sdd/caltech_training/multiclass/train/004.Groove_billed_Ani/Groove_Billed_Ani_0105_1562.jpg,3,0.0092820795,0.0012924519,-0.00012181245,-0.0014498758,0.003751779,-0.008387335,-0.011853246,-0.014930887,0.015694164,0.049995203,0.018757388,0.045250174,0.03089485,-0.026419193,-0.04890349,-0.036533352,0.0024585738,-0.0043717697,0.006651713,0.012285405,-0.0014392431,-0.007455721,-0.00051333616,-0.0048801405,0.0023922585,-0.031461716,-0.044116035,0.038171485,-0.0036472087,-0.032872207,0.054679282,0.013620868,0.025346883,0.018260486,0.015658537,0.0077193095,0.007157987,0.0055255527,0.008531069,-0.0070292326,0.052349735,-0.0030295346,-0.07016127,-0.13725778,0.052364647,0.009732686,0.012642536,0.0012796195
/mnt/sdd/caltech_training/multiclass/train/004.Groove_billed_Ani/Groove_Billed_Ani_0107_1590.jpg,3,0.0045648995,-0.014467823,-0.023376223,-0.028663177,-0.001865474,-0.011244215,0.0029339618,-0.0056453915,0.11420118,-0.015180856,0.0035665147,-0.0050198995,-0.017403813,-0.040919535,0.0022712257,-0.050345108,0.004292475,0.014544651,0.0146205565,0.0033501452,0.005056227,0.0022525843,0.0010723051,0.0033523953,0.044156797,0.16386169,0.14185578,0.103404306,-0.0127511835,-0.046566494,0.017851613,-0.034418404,-0.0079953885,0.0032081082,-0.010452475,-0.005325552,-0.0009844004,0.004021721,0.005074052,0.007992802,-0.12274886,-0.11168573,-0.08882322,-0.06289331,-0.004817947,0.093575865,-0.055498593,-0.00828186
/mnt/sdd/caltech_training/multiclass/train/004.Groove_billed_Ani/Groove_Billed_Ani_0088_1678.jpg,3,-0.0063416096,-0.0050451276,0.003623714,-0.003297194,-0.00056045497,0.00170923,0.0103027765,0.007604633,0.015098496,0.03820171,0.032378796,0.034906656,0.009247451,-0.059686877,0.067762055,-0.00027599675,-0.004409805,0.012168465,0.0094366465,0.008843983,-0.005080804,-0.0031712265,-0.00052284496,-0.0003588444,-0.036435843,-0.03837987,0.049070302,0.025017127,-0.0017847884,-0.0019353777,-0.050138418,-0.042636104,-0.0010918844,0.0006816513,0.022285072,0.039818995,0.0011253577,0.0036104077,0.00562723,0.0035731818,0.089002766,0.03141704,0.04548383,0.026515542,0.004872361,0.034467503,0.016800014,-0.012072254
/mnt/sdd/caltech_training/multiclass/train/004.Groove_billed_Ani/Groove_Billed_Ani_0059_1480.jpg,3,0.0034146286,-0.0031421008,0.0011191404,-0.015611626,-0.0014304004,0.0026528789,0.0036658014,0.0014952801,0.001474469,-0.010566707,-0.010591193,0.033463936,0.04150297,-0.0039938325,0.03555393,0.022522347,0.004748769,0.006479512,0.0001382255,-0.0050474266,0.002434398,0.003137092,0.001325415,0.00063596596,-0.011535523,-0.052319653,-0.029619243,0.006920092,-0.00428832,-0.0136443125,-0.010262525,-0.018149301,-0.0076146624,-0.0018031672,0.023223367,0.030466622,-0.0001215348,0.0025192504,-0.0015779196,-0.0052606496,0.10537278,0.045457475,-0.08788689,-0.063036606,0.0021391772,0.022634953,0.06253567,-0.0142399315
/mnt/sdd/caltech_training/multiclass/train/004.Groove_billed_Ani/Groove_Billed_Ani_0101_1700.jpg,3,-6.360421e-05,-0.025608648,-0.0006860057,-0.011114995,0.0011190986,0.003479681,0.0011299382,0.008836799,0.021630928,0.04369983,0.03279949,0.033225752,0.013688832,-0.01351996,-0.022381755,-0.0625627,-0.0036486613,0.009638547,0.013502353,-0.0012454228,-0.00094906613,0.0010914309,-0.0032926435,0.0009296901,-0.06741973,0.048713885,0.07273781,0.024929836,-0.0028528909,-0.00010878686,-0.010005026,0.0014232434,0.0056099915,0.006797285,-0.011506954,0.0029446762,0.0035770521,-0.001561092,0.0061737383,0.004666087,0.16919032,0.008251306,0.034886155,0.0056758,0.019821677,0.009471911,0.10573586,-0.024935098
/mnt/sdd/caltech_training/multiclass/train/004.Groove_billed_Ani/Groove_Billed_Ani_0014_1755.jpg,3,-0.0030794973,-0.015424802,-0.00949006,-0.009894242,0.0006615431,0.0016540831,-0.0015748491,0.0070898547,0.09683012,-0.026251793,-0.050384436,-0.010188036,0.031771414,-0.06827201,0.017478382,-0.012591561,0.00303109,0.0020989405,-0.0009400202,0.0031602525,0.0020828387,0.0030554612,0.0011824972,0.0005239896,0.05815731,-0.09851448,-0.08336792,-0.09919385,0.0029599564,-0.011614995,-0.034048412,-0.02430214,0.012317496,-0.0047210213,0.026925007,0.021362063,0.0015668953,-0.0010438844,-0.0012077072,0.00084673474,-0.15135416,-0.07722013,-0.06693027,-0.015387915,0.018441387,0.05353581,0.10537819,-0.013191831
/mnt/sdd/caltech_training/multiclass/train/004.Groove_billed_Ani/Groove_Billed_Ani_0077_1724.jpg,3,-0.0015658806,-0.014774034,-0.0066996734,-0.0015559187,-0.0028527437,0.011027566,0.008813417,0.008549825,0.104347154,0.05187951,0.026303567,-0.007213883,0.0118925795,0.006114891,0.004215705,-0.034965374,0.0032911156,0.013510939,-0.012954602,0.008369492,0.007833838,0.0011595254,-8.989917e-05,0.005696069,-0.00864951,-0.020520747,0.00281718,0.0016802028,0.021984532,-0.039131768,-0.04105021,-0.04221184,-0.00705953,0.0006889603,-0.008164847,-0.020282626,0.0029415283,0.0023280492,0.0056833513,0.0022512302,-0.1763601,0.0063544177,-0.013493909,-0.07503182,0.023314383,0.06115622,0.00031980965,-0.017317614
/mnt/sdd/caltech_training/multiclass/train/004.Groove_billed_Ani/Groove_Billed_Ani_0027_1754.jpg,3,0.0033646957,-0.005440847,-0.008644467,-0.0050902134,-0.007280014,0.0042018015,0.00825941,0.013858023,-0.038202517,0.028517721,0.027967721,-0.008528821,-0.010801302,0.015064243,0.004534664,-0.0427395,0.0042951605,-0.005287638,0.002287712,-0.0044927793,0.0020972802,-0.0058634295,3.446947e-05,-0.0037962953,-0.06493696,-0.06091014,0.0004722923,0.01227567,-0.005705961,0.025369264,-0.010487185,-0.00846056,-0.0004453645,0.028150544,0.03280504,0.034645755,-0.0013286534,0.0072491798,0.007388414,0.008249805,0.09742308,-0.01454109,-0.016270716,-0.09474285,0.0017334875,0.006362375,0.034469135,-0.02931726
/mnt/sdd/caltech_training/multiclass/train/005.Crested_Auklet/Crested_Auklet_0005_794922.jpg,4,0.004718506,-0.00089569716,-0.0108786905,-0.008714881,0.00421511,-0.0040942254,-0.0015780719,-0.0025279422,-0.13282996,-0.031338383,-0.044900972,-0.10317311,-0.022091102,0.0025220176,-0.004670336,0.037949935,-0.0035134573,9.300187e-05,0.0029052345,0.0066588647,-0.0034119647,-0.0014778512,0.0004500103,-0.004435109,-0.08034737,0.08642525,0.050896794,0.009537481,-0.033328585,0.05666278,0.019415772,0.01755029,0.015256959,-0.003472424,-0.006322837,0.0048821755,0.002908416,0.00093260244,-0.0010510017,-0.00049481477,-0.027989354,0.03172697,-0.031155284,-0.13677587,0.008073602,0.013932776,0.019368947,-0.04955048
/mnt/sdd/caltech_training/multiclass/train/005.Crested_Auklet/Crested_Auklet_0011_794927.jpg,4,0.009769817,-0.0025401819,0.001921046,-0.000111626345,0.005510716,-0.0052827136,-0.012853541,-0.008490089,0.033434074,0.13358204,0.030653752,0.018923696,0.034167677,0.04401304,-0.05758288,0.031097459,0.011832796,0.0011397633,0.010729695,0.0058185393,0.008087299,-0.0019858498,-0.0029796173,-3.9455364e-05,0.05997044,0.020464063,0.0960525,0.20726603,0.023736864,-0.015986348,-0.02817409,-0.063797146,0.0096598435,-0.0020105774,0.017579552,0.03454767,0.0018012337,0.00043350703,0.00080989674,-0.0043582604,-0.014028512,0.039709862,-0.021113966,-0.06799127,0.014200067,0.015543819,0.0365196,0.006934403
/mnt/sdd/caltech_training/multiclass/train/005.Crested_Auklet/Crested_Auklet_0019_794925.jpg,4,-0.0107627995,-0.0010807039,-0.00118043,0.009608093,-0.005855187,-0.0057344316,0.002241795,0.006252418,-0.011181351,-0.07430785,-0.05481695,-0.07531786,-0.0075145224,-0.032120056,0.040018037,0.025167365,-0.0033111982,-0.006386671,0.0073321685,0.00038558617,-0.0049213674,-0.0050782887,0.0012020188,-0.0008197166,-0.03568627,0.034645475,-0.0009354707,-0.031006642,0.01491414,0.020301089,-0.0025511459,0.008007681,-0.007723457,0.0029819137,0.023622867,0.0036458229,0.0013620146,0.0055077667,0.005967336,0.0012426674,0.13651662,0.09679657,0.1539112,0.19281882,0.05849816,0.0047587007,0.05108363,0.053019095
/mnt/sdd/caltech_training/multiclass/train/005.Crested_Auklet/Crested_Auklet_0033_794964.jpg,4,0.009073261,0.00436469,0.0010752457,0.00840786,0.0035231726,-0.0072218827,-0.009915914,-0.0005542401,-0.09050462,0.22345246,0.17162994,0.14749222,0.017227693,0.0038817306,0.0068420162,-0.036918085,-0.0017658302,-0.0045275292,-0.0061869384,0.0025093963,-0.007671943,-0.0017614609,-0.001457555,-0.00053693727,0.0001284387,0.026113711,0.0075000077,0.051624186,-0.02893734,-0.022722397,-0.026812846,-0.024121393,0.0142148305,-0.021889985,-0.016124468,-0.004207028,0.0012123516,-0.0021602383,-0.0011504734,-0.0009786751,-0.020998716,0.07201763,0.023875255,-0.022300672,0.027106967,0.052035153,0.02567803,0.041553862
/mnt/sdd/caltech_training/multiclass/train/005.Crested_Auklet/Crested_Auklet_0057_794932.jpg,4,0.001860122,0.002332957,-0.0021065655,0.005508693,-0.0017402323,0.0042168433,0.010966112,0.0172034,-0.03327685,-0.014218394,0.08458297,0.093176626,-0.01012147,-0.020988729,-0.006139961,-0.015421969,0.0009136952,0.008688986,-0.00443179,0.0062687313,-0.006343668,-0.0011608492,-0.0069346875,-0.0006029529,-0.15964471,0.07012519,0.09316836,0.03818112,0.0033339867,0.040899783,0.02276255,0.038625944,0.02830161,0.0048890538,0.019651009,-0.01478022,0.0056194244,0.0019216766,0.007989722,0.009869693,-0.17982285,0.059163913,0.04789681,0.013948132,0.0039428137,0.030191699,0.05180065,0.005465571
/mnt/sdd/caltech_training/multiclass/train/005.Crested_Auklet/Crested_Auklet_0013_794914.jpg,4,0.009436425,0.009189556,0.0080512315,0.015156902,0.0012441865,-0.005683929,-0.0074025933,-0.006649619,0.04829356,-0.017664857,-0.059850156,-0.089406975,0.030153723,0.01923544,-0.040957473,0.026842948,-0.004057282,0.00015338324,-0.0002549542,0.0037949157,0.0040112855,0.00077583396,-0.0030024876,0.00017590798,-0.0019424707,-0.017125443,-0.0012670541,-0.07518868,-0.013335822,-0.025580363,-0.0005976409,-0.023448393,0.02441363,0.009519815,0.018741878,0.015567786,0.00086994725,0.0029759496,0.002863491,0.00641415,0.032600254,0.15899247,0.13131417,0.09769342,0.038155973,-0.026183147,0.04721819,0.08143123
/mnt/sdd/caltech_training/multiclass/train/005.Crested_Auklet/Crested_Auklet_0040_794912.jpg,4,0.005028774,-0.0036281408,0.003091104,-0.015992666,0.0054557757,-0.00254018,-0.0012107994,0.002876565,-0.0733479,0.06638014,-0.015596725,-0.026822757,0.03374239,-0.05228327,-0.0006184487,0.013124129,0.009097597,-0.015542495,-0.0028260844,-0.012314673,0.004848796,-0.0061694067,-0.00761431,-0.0025882204,-0.059755765,0.04690383,0.11227707,0.07287324,-0.03508532,-0.07462169,-0.08109111,-0.031136513,-0.0075685387,-0.010171193,0.006544058,0.0113625,0.0048173997,-0.00070352724,-0.0004740199,-0.0011851355,0.10692098,-0.0035713762,-0.002622649,-0.04608054,0.03594702,0.06124639,0.04963982,0.020871267
/mnt/sdd/caltech_training/multiclass/train/005.Crested_Auklet/Crested_Auklet_0066_785251.jpg,4,-0.012602715,-0.011445383,-0.007161685,-0.009937352,-0.005265512,0.0003279769,-0.0007382671,0.00038411422,-0.122710586,-0.15850826,-0.11350864,-0.08952428,0.015411604,-0.027244378,-0.07190596,-0.018644717,-0.00449441,0.0022167638,-0.004733166,-0.011370164,-0.00096157927,0.0020866855,-0.0010493102,-0.0010531729,-0.0025137002,-0.14222634,-0.11035284,-0.05147823,-0.0076656747,0.02983703,-0.03331675,-0.02721637,0.0074292594,-0.014076277,-0.018472817,-0.013015401,0.0065798927,0.0035907116,0.0022110243,0.0017429614,-0.032538515,0.12579836,0.049628552,0.0015791468,0.011072176,0.029445415,-0.030775543,0.033308934
/mnt/sdd/caltech_training/multiclass/train/005.Crested_Auklet/Crested_Auklet_0029_1824.jpg,4,0.0013318569,0.011165129,0.0028020882,0.009524432,-0.00010547775,0.0013663239,-0.0049576117,-0.0025696107,0.074474126,-0.16437507,-0.1731397,-0.13325045,0.0065357853,-0.015859848,-0.020061895,0.008200007,0.012498054,0.005873342,0.004111645,-0.0076865824,0.0071679372,-0.0008497492,-0.00010434771,-0.0041394224,0.069892995,0.012548275,-0.040510286,0.027952777,0.014352719,-0.02728993,-0.05248276,-0.058376722,0.0026705747,0.024174746,-0.0022951183,0.020476948,0.0004900355,0.006382065,0.002324272,0.006822816,0.04355722,-0.10429956,-0.012414727,-0.04863222,-0.0018229578,0.03793145,0.01907023,-0.02297502
/mnt/sdd/caltech_training/multiclass/train/005.Crested_Auklet/Crested_Auklet_0076_785252.jpg,4,0.014409047,-0.008139389,-0.0035471646,-0.0020454212,0.0032557128,-0.0048166458,-0.0054163095,-0.004968064,0.042821966,-0.016793212,0.025976293,-0.0049717575,0.040860705,-0.025176082,0.0409868,0.0139159635,-0.0060231937,-0.008577686,-0.015178048,-0.012263337,-0.00865231,-0.0032620355,-0.0051444336,0.00072690775,0.0062636696,-0.11951728,-0.038878996,-0.02025384,0.009040518,-0.037544914,-0.021767633,-0.020124938,0.012142732,0.02865502,0.034104697,0.014708456,0.0033999654,-0.0038689417,6.682973e-05,-0.0003480633,0.050857402,-0.03595905,-0.059914693,-0.035772588,0.047881253,-0.05572339,-0.006984317,-0.00083054183
/mnt/sdd/caltech_training/multiclass/train/005.Crested_Auklet/Crested_Auklet_0044_1825.jpg,4,-0.009297216,-0.010980019,-0.014713547,0.0048423093,-0.0023286403,-0.0095006265,-0.0092594,-0.009427679,-0.046874724,-0.23842436,-0.18766266,-0.1319579,-0.02313076,0.016513083,0.0016823849,-0.0076197507,-0.014523197,-0.013086581,-0.021116024,-0.019107517,-0.011072629,-0.004634159,-0.0018143421,-0.0027048227,-0.01843993,0.054004006,0.017395291,0.015551483,0.028658126,-0.084119275,-0.06406265,-0.07028324,0.022851441,-0.006834865,0.007179339,0.02338794,0.0024586208,0.0017965126,0.003300999,0.0037972203,0.032093268,0.16455059,0.15071604,0.12184318,0.046710894,0.063463226,0.0041259117,0.077492386
/mnt/sdd/caltech_training/multiclass/train/005.Crested_Auklet/Crested_Auklet_0003_794962.jpg,4,-0.014630269,-0.00063699903,0.0021716822,0.013524771,-0.004850888,-0.0026353165,0.0041986476,-0.0036025872,-0.060229648,0.048048414,0.02595679,0.008185331,0.012955578,-0.022053223,0.037921935,0.011337249,0.005384286,-0.009430273,-0.0016212594,0.0015871846,0.016704516,-0.0012732056,0.0017160303,-0.00015896908,0.085224286,-0.012009094,0.00027761422,0.044593263,-0.013616842,0.024967074,0.049088754,0.04724659,-0.0033532653,-0.017062321,-0.00097600836,-0.0014732387,0.0040427465,-0.0007040348,0.003912841,0.0012998697,0.15556253,0.014193727,-0.086286284,-0.06427266,0.038625136,-0.028404586,-0.032769956,0.028687485
/mnt/sdd/caltech_training/multiclass/train/005.Crested_Auklet/Crested_Auklet_0010_794907.jpg,4,0.013846796,0.010788856,0.0047092102,0.00038570142,0.005982026,0.00314626,-0.0021239878,-0.013886249,0.060453463,0.08370634,-0.06605761,-0.08763256,0.030352933,-0.03216948,0.019304914,0.027151015,0.009961901,0.0007734013,-0.003156717,0.012776497,0.010392427,0.0022563543,0.003354019,0.0005462803,0.062021524,0.041169167,0.08570935,0.0041916966,0.02394339,-0.04636348,-0.04683641,-0.053054202,0.023445666,0.012915952,0.01483329,0.034341477,0.008443911,0.0030066995,0.0034770924,0.0059937,-0.11310454,0.0997996,0.073166855,0.0766189,0.0673647,-0.017550731,-0.061855726,0.047943402
/mnt/sdd/caltech_training/multiclass/train/005.Crested_Auklet/Crested_Auklet_0018_1817.jpg,4,-0.013796446,-0.0019318023,-0.009152163,-0.025527656,-0.005042821,0.0027658087,-0.007473488,0.0030487103,0.054099068,-0.1076366,0.17586434,0.15905458,0.01609981,-0.01942271,-0.019150237,0.0044687935,0.012260924,0.0025941029,-0.006740866,-0.0018086571,0.005232827,-0.0052657705,-0.0078004124,-0.0061219838,-0.0016229684,-0.005051397,0.059735864,0.060548224,0.03019419,-0.031363968,-0.051425923,-0.024514519,0.0059241317,0.0025047231,-0.012870445,0.012214284,0.0107997805,-0.0079996865,-0.0009803069,-0.001018079,-0.021910455,0.028623214,0.041140918,0.023674112,0.019534204,0.03842479,0.047325585,0.039250895
/mnt/sdd/caltech_training/multiclass/train/005.Crested_Auklet/Crested_Auklet_0001_794941.jpg,4,0.007594781,6.181211e-05,-0.008526754,-0.009571039,-0.0026366585,0.0047164797,0.01504283,0.006258848,0.07524486,0.10298388,-0.06521384,-0.017376978,-0.002851477,-0.0076550855,-0.075380914,0.01259028,-0.004357642,0.0031210245,0.008042965,0.010157935,-0.0012348817,-0.0024679182,-0.0016296143,0.0019196168,-0.10653799,0.074973896,0.020428972,0.0040782765,0.00015062094,-0.040913045,-0.04560016,-0.032814916,-0.004547067,0.01815322,0.038212705,0.020476919,-0.000854807,0.012182867,0.00822914,0.007967885,-0.06289836,0.047122143,0.07026666,-0.004790552,0.010068495,-0.012745846,0.091734715,-0.002807984
/mnt/sdd/caltech_training/multiclass/train/005.Crested_Auklet/Crested_Auklet_0021_794938.jpg,4,0.0040071094,-0.00019799196,0.011875223,0.015362129,0.0016988096,-0.0027095978,-0.0027260273,-0.0028596553,-0.060888022,0.22470838,0.1940228,0.17093097,0.018279962,0.01963307,0.046359345,0.011940645,0.008060863,-0.010351575,-0.00059279567,0.0030751098,0.00094635633,-0.001073896,3.4504803e-05,0.0011144578,-0.08217731,-0.1050957,-0.09564608,-0.069933,-0.0014703248,0.011638391,0.02551231,0.023869276,0.01675097,-0.013543667,-0.00827933,0.008038021,0.0085266745,0.0068386486,0.0026356573,0.003091802,0.037242472,0.22760355,0.13431767,0.10639452,0.047652945,-0.022236627,-0.051873468,-0.006864106
/mnt/sdd/caltech_training/multiclass/train/005.Crested_Auklet/Crested_Auklet_0072_785260.jpg,4,-3.254786e-05,-0.0048771845,0.00036199111,-0.0015473575,-0.0010179232,-0.0012645412,-0.0030292599,-0.008211381,0.034603454,0.00377997,-0.056029,-0.150802,0.027883735,-0.023890944,-0.024380589,-0.006657062,-0.0032276867,-0.00591556,-0.0028479458,-0.010564864,0.0015631875,-8.476316e-06,-0.003124686,0.0028230278,0.10271933,0.037857242,0.0033843555,-0.0395791,0.04073496,-0.029938528,-0.01006534,-0.023374688,0.02791499,0.012574995,0.018355213,0.00882785,0.0054823426,0.005251772,0.005889187,0.0070245373,0.11165928,0.011038293,0.047549214,-0.056007307,0.062385097,-0.02442015,0.05399396,0.06192516
/mnt/sdd/caltech_training/multiclass/train/005.Crested_Auklet/Crested_Auklet_0067_785249.jpg,4,0.0061384765,-0.00025751255,-0.00052100996,0.005184922,0.0020968379,0.004486105,4.975591e-07,-0.0035932346,-0.014014706,0.04963356,0.026704954,0.040575173,-0.028461348,0.015097842,0.011860374,0.032914527,0.011402666,0.020608718,0.024941854,0.011706188,-0.000158682,0.000980766,5.5997865e-05,0.004171695,-0.05605509,0.0022248328,0.112302005,0.08192517,0.023663426,0.016587596,0.007817949,-0.036660835,0.02333853,-0.0028584125,0.004376819,0.00909885,0.005625371,0.002299787,0.006381125,0.0069291717,-0.047185555,0.16349207,0.12663165,0.13664351,-0.0062617357,-0.026936226,-0.032097172,0.06916405
/mnt/sdd/caltech_training/multiclass/train/005.Crested_Auklet/Crested_Auklet_0012_794960.jpg,4,0.00557685,0.004876702,0.0015601225,0.0011823848,-0.0034879695,-0.0029319641,-0.0009537366,-0.0076738195,0.034352813,-0.016246632,0.007988017,0.021735579,-0.0043671085,-0.0003774506,0.03757996,-0.010779312,0.0046094735,-0.020272974,-0.008846381,-0.005059219,0.001456186,-0.003365132,0.0015011041,-0.00038539153,0.023034379,-0.08350128,-0.056142814,-0.044324543,-0.0334197,0.004310008,0.007906288,0.02817598,0.002616218,-0.017463027,-0.016332755,0.0022275443,0.00029910938,0.0017226501,0.0022615008,-0.0009930918,0.10711914,0.09926885,0.06048875,-0.0069449395,0.007329628,-0.018147027,0.023318764,-0.0036671134
/mnt/sdd/caltech_training/multiclass/train/005.Crested_Auklet/Crested_Auklet_0032_794931.jpg,4,-0.018544212,-0.0075782696,-0.0044487063,0.0038494177,-0.0023472926,0.0008948413,0.0010878057,0.008398698,0.008437045,0.0153656155,0.034838393,0.005449116,-0.005975168,-0.054859772,-0.038809814,-0.0313577,-0.00035162887,0.00808798,-0.0012743264,-0.0012162966,-0.0017681406,0.001593102,-0.0027383827,0.003958831,0.030757522,-0.022412933,-0.0041565634,-0.014451923,-0.014168721,0.01478309,-0.005467063,-0.008987572,-0.0036724233,-0.018991271,-0.009686581,0.0044016973,-0.000783977,-0.002495062,-0.00074803527,0.0017871789,-0.08792323,0.06134388,0.028055958,-0.052142195,0.030619152,0.0101901535,0.057227314,0.039534584
/mnt/sdd/caltech_training/multiclass/train/005.Crested_Auklet/Crested_Auklet_0075_785259.jpg,4,0.0031811476,0.021067344,0.016467579,0.008744859,-1.4506921e-05,0.0052302536,0.0007989148,-0.0062295464,0.08557136,0.17530727,0.12048799,0.09680404,-0.016161067,0.012202559,-0.007845055,-0.012784384,0.0031697308,-0.0018448986,-0.0051229466,-0.00049229944,0.0062291124,0.0015297749,0.011926614,-0.0073409285,-0.031757437,-0.06420416,-0.07731157,-0.07377908,-0.040735047,0.058746085,0.066947564,0.06261593,0.033121847,0.0026052243,-0.012569832,0.012915134,0.004085822,0.0049307155,0.00423204,0.0106743965,0.025912594,-0.091959506,-0.041276783,-0.033519443,0.043112464,-0.010857314,0.051273003,0.05937761
/mnt/sdd/caltech_training/multiclass/train/005.Crested_Auklet/Crested_Auklet_0041_794910.jpg,4,-0.019238165,-0.0069236043,0.0050724843,-0.0054662824,-0.013410412,-0.005670104,-0.007042735,0.004398488,-0.09096053,0.17883271,0.18325533,0.15764748,-0.004126222,-0.021175895,0.0085506765,-0.044910677,-0.00440567,0.01398046,0.007969509,-0.0008766651,-0.0037682606,-0.005124184,-0.011370548,-0.0068809073,-0.09123743,-0.099213675,-0.031939104,-0.022726592,0.0028294115,-0.052196436,-0.037749138,-0.06574054,0.004061586,-0.0074794283,-0.00788875,-0.0045806905,0.000114795635,-0.005497764,0.00038582616,0.0014305321,-0.059710383,-0.04550137,0.000650011,0.02930885,-0.023125283,0.036975674,-0.031075582,0.11981717
/mnt/sdd/caltech_training/multiclass/train/005.Crested_Auklet/Crested_Auklet_0068_785253.jpg,4,-0.016188469,0.0017583731,-0.0008053854,-0.015700288,-0.003900749,0.0024909894,-1.9863946e-05,0.0036808432,0.06600359,-0.0051962817,-0.034718607,0.0021041082,-0.017936151,0.037209176,-0.06912665,0.03154468,-0.0043508615,-0.01553903,0.00036045932,0.01446112,-0.004464304,0.0050179623,0.005065481,0.006124457,-0.10168649,-0.066881716,-0.059374068,-0.083294325,0.018627664,-0.008719001,-0.023150358,-0.021047821,0.01781835,-0.011357237,-0.012157617,0.019821644,0.0071643237,0.0012749231,0.00023012707,-0.0002395486,-0.08684099,-0.06997452,-0.10286154,-0.095069334,0.017410694,-0.010455338,0.050732903,-0.038077958
/mnt/sdd/caltech_training/multiclass/train/005.Crested_Auklet/Crested_Auklet_0063_794901.jpg,4,0.004750445,-0.0028229416,-0.010288147,0.0022801247,0.00047146005,-0.0010735248,-0.0019015064,-0.00525575,0.026241701,0.008145111,-0.031002697,-0.09742183,0.022736851,0.020047328,0.016778257,0.04165817,-0.0074616447,-0.005559196,-0.009695828,-0.0006763281,0.00090094033,-0.004363818,-0.005252377,-0.007306845,0.026833229,-0.108889386,-0.11333871,-0.1156555,0.061422467,-0.024559774,-0.0244613,-0.01803156,0.014863789,-0.013041275,-0.006607948,-0.0067766476,0.0052217413,0.002016168,0.0019459677,0.0025039783,0.10131336,-0.103875786,-0.036951873,0.019074768,0.042760722,0.06283496,-0.048721373,0.08350009
/mnt/sdd/caltech_training/multiclass/train/005.Crested_Auklet/Crested_Auklet_0059_794929.jpg,4,-0.0065275854,-0.00872455,-0.018940952,-0.01206629,-0.0065538236,-0.00067251344,0.010263012,0.0041990313,-0.04756371,-0.01755924,-0.0140151195,0.015312929,-0.010095788,-0.020666745,-0.0167861,0.020910226,-0.0003613853,0.004818978,0.0067386585,0.010256831,0.004583155,0.0040981304,0.0005265124,0.0034669675,0.027089193,-0.056123354,-0.014979072,-0.017750949,-0.028793328,-0.0476382,-0.06270586,-0.043278985,0.006523799,-0.0056110322,0.0013587642,-0.010894546,0.00057030213,0.0030869597,0.004779484,0.0015118669,-0.065540664,0.061288808,0.02955042,-0.023130387,-0.0040696207,0.06646271,-0.044197395,0.09434451
/mnt/sdd/caltech_training/multiclass/train/005.Crested_Auklet/Crested_Auklet_0062_794968.jpg,4,0.0005392004,-0.020527452,-0.01928853,-0.016190466,0.0016159455,-0.0029015366,0.00043808366,0.012912589,-0.10452097,0.06702268,0.044046056,0.08054736,0.003757166,-0.036208283,0.026569989,-0.0035146363,0.0022164935,0.022294927,0.0075732064,0.01963443,0.0058213654,0.0008798342,0.003967804,0.0012711445,0.016554413,-0.017303204,0.12491939,-0.0358862,0.0013801064,-0.01610684,0.012758644,0.010817315,0.0066362247,0.00802077,0.020599276,0.015979335,0.0070176264,0.0019436844,0.008503845,0.0066080103,0.19540998,-0.035548292,-0.02381086,-0.07768981,0.01045626,-0.004310503,-0.040960465,0.049106866
/mnt/sdd/caltech_training/multiclass/train/005.Crested_Auklet/Crested_Auklet_0070_785261.jpg,4,-0.00044313783,-0.0029955038,-0.0043256134,-0.00020500808,-0.0061930185,0.0018150392,0.00361503,0.00032494427,-0.08436902,0.07958978,0.045425788,0.04120943,-0.021421216,0.011046816,-0.03092521,0.0073980717,0.0054098866,-0.008361231,-0.01603074,0.013423583,0.00024353564,-0.0028215172,0.0023307416,0.0023564307,-0.029478127,0.042870328,0.034867544,0.055456206,0.01755493,-0.016273953,-0.04751136,-0.033186916,-0.000105809886,-0.012285527,0.0014926316,0.011882195,0.0010833791,0.0014882166,0.0017013294,-0.0011805987,0.13961917,-0.08678992,-0.047338888,0.043993443,-0.013408782,0.004131832,-0.026920717,0.030629817
/mnt/sdd/caltech_training/multiclass/train/005.Crested_Auklet/Crested_Auklet_0036_794905.jpg,4,0.0068048993,0.011147316,-0.0066535757,0.013931681,0.00083160785,0.0044195782,0.004772138,0.0054012127,-0.041676655,0.102230296,0.07136235,0.05326499,0.021133846,-0.03482323,-0.013709099,0.0034922455,0.009558341,0.0016652157,-0.0040632724,-0.005066177,0.008586998,0.002965442,-0.0036124839,-0.0029673134,0.06277467,0.045248725,0.06698957,0.02354562,0.027710471,0.0071045826,0.002366202,-0.0010101628,-0.0022954647,-0.011295864,0.0019962643,-0.0016322955,0.0020957768,-0.00057816226,0.00013290648,0.00080975995,-0.06660183,0.06981172,0.060966782,0.06268683,0.008547551,0.010072973,-0.015570066,0.04882873
/mnt/sdd/caltech_training/multiclass/train/005.Crested_Auklet/Crested_Auklet_0074_794949.jpg,4,0.019136464,0.009412139,-0.007888407,0.0020175092,0.0042070854,-0.0023032632,0.0030895309,0.0014098268,0.05132207,-0.077132344,-0.050188556,-0.023328207,0.052052185,-0.005201114,-0.0029237224,0.009952325,0.007704581,0.0033841776,0.0022526896,0.0019537131,0.003083054,-0.0067167575,-0.006189693,-0.0013947529,0.11178778,0.13784002,0.054812133,0.03647218,0.05107321,0.017421573,-0.0032409541,-0.016110169,0.022030123,-0.0028225305,0.0041361777,-0.028695717,0.008590428,0.0027610958,0.008034277,-0.0005782896,0.035939932,0.08467764,0.07126477,0.03329138,0.07347216,0.037154704,-0.06604869,0.09551294
/mnt/sdd/caltech_training/multiclass/train/005.Crested_Auklet/Crested_Auklet_0042_794902.jpg,4,-0.00024713762,0.0024033273,0.00446097,0.0010839754,-0.002783208,0.00053596415,0.0027323954,-0.003172403,-0.0018918794,0.12875289,0.090596676,-0.005926935,0.025691371,-0.012031306,-0.03158806,-7.720664e-05,0.0020768484,-0.0006020104,-0.0074606333,-0.009254118,0.003835206,-0.006373547,0.00036847885,0.0041565397,0.0027990919,0.10475829,0.10587861,0.1634373,0.023620632,-0.012720427,-0.04509196,-0.033489875,0.015269078,0.030354613,0.028402446,0.046068504,0.0032335964,0.0013121081,0.004801728,0.004323585,-0.08330884,0.052209765,0.03475079,0.010470428,0.042580828,0.040603183,0.05115044,0.022355212
/mnt/sdd/caltech_training/multiclass/train/005.Crested_Auklet/Crested_Auklet_0069_785258.jpg,4,-0.016287718,0.0048713745,-0.001756127,0.0015915344,-0.006943742,-0.004359005,-0.0018150806,-0.00037714012,-0.051373407,0.2101812,0.19378753,0.17812203,-0.008914333,-0.018402591,0.01519212,-0.01284291,-0.0031837597,0.016033309,0.008530913,-0.0018570373,0.0003758088,-0.004790743,-0.0046265833,0.00079627,-0.017342417,0.052063797,0.07579901,0.012218855,-0.0386378,0.011231933,0.0033565108,0.042107284,-0.028403118,-0.02030437,-0.0005916089,0.0044890363,0.0026964583,-0.0022798309,-2.7979026e-05,-0.0021813135,-0.037096426,0.12340976,0.062084854,0.019439327,0.0025724282,-0.006362507,0.040498517,0.0687051
/mnt/sdd/caltech_training/multiclass/train/005.Crested_Auklet/Crested_Auklet_0061_794904.jpg,4,-0.009596667,-0.000443729,-0.009510545,-0.007036722,-0.0072708987,0.0022396313,-0.0006196111,-0.008010131,-0.077583104,-0.022938568,0.0840815,0.13249826,-0.0011770008,0.069738805,0.05470858,0.023166165,-0.0021949979,0.00539312,0.009915622,0.0020363159,0.0012097947,-0.0057540145,-0.0063330904,-0.0056097372,0.08089368,0.18002367,0.14240877,0.100531995,-0.0109561235,-0.018972635,-0.025219481,0.015776923,0.027638853,-0.00088409137,0.015368113,0.0067632347,0.007816404,0.0054624877,0.003861962,-0.0039277384,0.006425321,0.0855821,0.001891125,-0.10380912,0.048716854,-0.023005584,-0.0011455305,0.06483385
/mnt/sdd/caltech_training/multiclass/train/005.Crested_Auklet/Crested_Auklet_0073_785248.jpg,4,-0.005455041,-0.014689081,-0.014231291,-0.011150464,-0.0024969538,0.00087289093,6.170478e-05,0.0035968365,-0.09157507,-0.119919,-0.057363007,0.0014877319,0.021771662,-0.043140456,0.029064752,0.040859208,-0.004115215,-0.0018629362,-0.0011467873,-0.004480566,-0.0003218091,0.0031888909,0.00034285267,-0.0049418136,-0.11895913,-0.010168808,0.11399139,0.14040253,0.012459576,-0.051219627,-0.007829134,-0.008033568,0.022619046,0.0062138783,0.00395723,-0.0011557392,0.007955207,0.0019168594,0.0035309638,0.0044904123,-0.055303253,-0.0011722445,0.020171914,0.025916703,0.037983827,0.012779604,0.019476408,-0.01748549
/mnt/sdd/caltech_training/multiclass/train/005.Crested_Auklet/Crested_Auklet_0077_785257.jpg,4,0.003763949,0.009168137,0.016100952,0.002609511,0.0011579859,0.0069982028,0.008077667,0.008497567,-0.025272679,0.047990307,0.16354446,0.022654753,0.03194165,-0.0017229076,-0.03952556,-0.017074896,-0.009761207,-0.017426483,0.006244317,0.008003014,0.0034526163,-0.0061644,-0.005041727,-0.004329769,-0.102194175,-0.020535145,-0.021600323,-0.04142174,-0.024392208,-0.00020812452,0.08936503,0.0620915,0.019665953,0.00012120698,0.009516904,0.0064324355,0.0029131072,0.0051097507,0.006113508,0.0056214826,0.015573464,0.10128148,0.069018915,0.05512683,0.05978127,-0.06502352,0.011507454,0.027620647
/mnt/sdd/caltech_training/multiclass/train/005.Crested_Auklet/Crested_Auklet_0052_794952.jpg,4,-0.020134857,0.004051271,0.013206707,-0.0008621701,-0.0057420935,0.00024867966,0.0020327487,-0.004088052,0.023003452,0.17618921,0.14685617,0.13598548,-0.006271821,0.007671185,-0.028835636,-0.02448308,0.0063629057,-0.001597099,0.0039096847,0.0032305992,0.005510088,-0.00054281636,0.0018786828,0.0067601036,-0.021046694,0.049737833,0.036555797,0.007545203,-0.022760645,-0.0064405967,0.018840702,0.015103212,-0.006459032,-0.006268566,0.014089694,0.016602453,0.0014503018,0.006265359,0.0048385896,0.0029931366,0.058653723,-0.003545538,-0.017328314,0.038627986,0.020157373,0.04349159,0.04262211,0.06982274
/mnt/sdd/caltech_training/multiclass/train/006.Least_Auklet/Least_Auklet_0018_795077.jpg,5,0.0030444805,0.009554979,-0.008801923,-0.009967899,0.0034333067,0.010936186,0.0010490406,0.005811262,-0.023315985,-0.011609092,0.026224414,0.05896162,0.0070065344,-0.022547089,-0.0392532,-0.027385112,-0.0072177146,0.011754015,0.0063591693,-0.0024962078,-0.008754841,0.002775331,0.0017176156,0.0017631477,-0.08390439,-0.16258112,-0.08501516,0.059503034,-0.008949101,0.014543929,0.002878163,-0.017475389,0.00267804,0.00017967541,0.00035235798,0.001499934,0.0009790594,-0.0015864028,-0.0018184627,0.0011260401,-0.110394344,0.04166495,0.017597541,0.03553603,-0.008656606,-0.08474374,0.085515454,0.100940675
/mnt/sdd/caltech_training/multiclass/train/006.Least_Auklet/Least_Auklet_0011_795109.jpg,5,0.0013071343,-0.010350238,-0.014957862,-0.0037789487,-0.0015823835,0.004499739,-0.0028408384,0.0039242147,0.043576144,-0.05756092,-0.021639993,-0.021011762,-0.02244679,0.036202766,0.030922879,-0.03185165,-0.0010468352,0.0075665703,0.008958192,0.002480526,-0.011306038,-0.00021428568,0.002170413,-0.0018586325,-0.10083833,0.03459529,0.013534788,-0.06204895,0.026895422,-0.030065943,0.037082423,0.037497826,0.0045230426,0.014856454,0.010729404,-0.014754228,0.001819795,0.001276213,0.005470143,0.0036233766,-0.09743306,-0.0013977736,0.040591355,0.06047839,0.0010241729,0.018248709,0.071528375,-0.053990096
/mnt/sdd/caltech_training/multiclass/train/006.Least_Auklet/Least_Auklet_0021_795127.jpg,5,-0.008011065,-0.009454393,-0.007226162,-0.006926192,0.0016841632,0.0018742832,-0.0052387146,0.0049846675,0.10777371,-0.08569563,0.0112174805,0.035025217,-0.040749133,-0.007259532,0.0034687729,-0.018867912,-0.003901462,0.0058905957,-0.0047248243,-0.007115312,-0.012345135,-0.0021629916,-0.0023406968,-0.009494223,0.013549026,0.08194329,0.08232574,0.09533812,0.008616928,-0.010702773,-0.027146064,-0.028119607,0.0005464945,-0.00085244514,-0.012869029,-0.015148244,-0.0041086907,0.006032862,0.008202477,0.009413492,-0.01342107,0.034624666,-0.020871479,-0.032809373,-0.040174328,-0.008577036,-0.02966721,-0.060418226
/mnt/sdd/caltech_training/multiclass/train/006.Least_Auklet/Least_Auklet_0039_795081.jpg,5,0.012412978,0.0005612336,-0.003198549,-0.0021942062,0.0076711513,0.003951259,0.0014308798,0.0033770893,-0.111361265,0.02217779,-0.053594153,-0.010777313,-0.003967792,-0.013432928,-0.021207195,-0.011982435,0.0069135083,0.0034044401,0.008272389,0.007242177,0.001351706,0.0040450627,0.007245308,0.0018078542,-0.025261529,0.07039187,0.009124564,-0.03620899,0.043130994,-0.008405538,-0.004339231,0.008654607,0.020638127,0.013469729,0.0135158915,-0.0002905298,0.0048274826,0.0019231176,-0.004010466,-0.0032258988,0.11985274,-0.031123368,0.02203027,0.034028947,0.020492172,-0.021197269,0.070503145,0.07544828
/mnt/sdd/caltech_training/multiclass/train/006.Least_Auklet/Least_Auklet_0046_795118.jpg,5,0.009378186,0.003956997,-0.002607439,0.0033001923,0.0021999078,0.0048112622,0.002123608,-0.003720924,-0.025405008,-0.091082186,-0.12730792,-0.10112587,0.0214201,0.013973157,0.022043195,0.01831899,0.0045736465,0.005103901,0.017495956,0.009009587,0.00013883552,-0.0025787612,-0.0011340166,-0.0010581241,-0.084141225,0.07753635,0.047064558,-0.054531123,0.018727615,-0.03259579,-0.025006572,-0.029862165,-0.0011752443,-0.026209515,-0.009376262,-0.02955636,0.005345893,-0.0012656274,0.003774673,0.0025665057,0.10840109,-0.017932763,0.019783951,0.010531057,0.03867689,0.031613775,-0.07280536,-0.039079912
/mnt/sdd/caltech_training/multiclass/train/006.Least_Auklet/Least_Auklet_0040_795100.jpg,5,0.012397531,-0.0048214253,-0.016508771,-0.013109854,0.0020897733,-0.001318638,-0.0060887653,0.0057759606,0.16624498,-0.051739514,-0.13876832,-0.12834802,0.03054259,0.030004093,0.025725812,-0.051301368,-0.0103411395,0.011344949,0.0034132828,-0.0018450241,-0.0007072694,0.0058384957,0.0025848048,0.0005909389,0.04215155,-0.01482892,-0.10501204,-0.15974279,-0.02667804,-0.0044545336,0.009152675,0.02946978,-0.001298842,-0.002774749,-0.010436126,-0.018956989,0.00091473165,0.0011071876,0.006325231,0.0046764202,0.00070234016,-0.07504975,-0.035706516,-0.014001228,-0.014432875,0.0033069653,0.05711226,-0.032800674
/mnt/sdd/caltech_training/multiclass/train/006.Least_Auklet/Least_Auklet_0041_795107.jpg,5,0.0014932952,-0.010956122,0.0025721574,0.00038575009,0.010430837,-0.00064268336,-0.0064119636,-0.005829673,0.006776754,0.024995357,0.04425322,0.086980596,0.005448768,0.008253999,0.046143737,-0.021026015,-0.0010716324,0.008255098,0.0060623037,0.013688371,-0.0054443185,-0.0021584039,0.0019499864,-0.00036275922,-0.06446251,0.047855668,0.11901799,0.045747735,-0.03250166,0.028569892,-0.0012729983,0.0057952013,-0.014993989,0.010007126,-0.023141462,-0.034128144,-0.0026894787,0.006546935,-0.00033375074,-0.0017033445,-0.05470323,-0.058547944,-0.028433971,0.012179116,-0.014116862,-0.00778988,0.08356981,0.10229701
/mnt/sdd/caltech_training/multiclass/train/006.Least_Auklet/Least_Auklet_0052_795088.jpg,5,0.0065993657,0.007947121,0.00852003,0.007406733,-0.00053408055,-0.0005134988,0.007091722,4.7753565e-06,-0.04187825,-0.09125215,-0.1426523,-0.12544256,0.011028808,-0.010270752,-0.0053027757,-0.050452463,0.0021976554,0.0069816695,-0.0002757616,0.0057899337,-0.0060729682,0.0040290523,0.00057443144,0.0032135826,-0.057771206,0.107574835,0.11803141,0.08953811,-0.028080992,-0.044779684,-0.0098150335,0.0017429553,-0.014505885,-0.01077153,-0.0076759523,-0.004352941,0.005433085,0.0020272173,0.006496305,0.005973471,-0.0597178,-0.06672892,-0.025723033,-0.025394652,0.016935095,-0.0070505235,0.04200457,-0.018103905
/mnt/sdd/caltech_training/multiclass/train/006.Least_Auklet/Least_Auklet_0026_795066.jpg,5,0.002728615,4.429836e-06,-0.008418738,-0.006656195,-0.00040557142,0.0012603876,-0.00046052458,0.0046437024,0.059340276,0.16348733,0.15953927,0.1367616,-0.007113841,0.02746735,-0.017948693,-0.015798088,0.00031039445,0.01549624,0.00508841,0.0008438078,-0.0020342914,0.00011052238,0.00017959112,-0.0057605356,-0.23165572,0.016159227,0.021939093,-0.027828429,-0.013400486,-0.041798554,-0.051100086,-0.062934265,0.0042536436,-0.0063521573,-0.0025277769,0.0016500154,0.0055606156,0.0011221133,-0.0018260041,-0.0007933949,-0.10438273,0.14173993,0.11253765,0.1350959,0.005973507,-0.030072173,-0.045461796,-0.098131165
/mnt/sdd/caltech_training/multiclass/train/006.Least_Auklet/Least_Auklet_0029_795122.jpg,5,-0.006399745,-0.008217376,0.017413791,-0.0023032215,0.00033823255,0.01059453,0.0076084444,0.0050627566,0.03059791,0.13872626,0.11030164,0.14721379,0.02273146,-0.019170064,-0.024956316,0.012192139,-0.01182124,-0.004385481,0.0062954547,-0.016351607,-0.009590061,-0.0026428336,-0.0050987913,-0.0052822474,-0.08204976,-0.09521009,-0.07397158,0.13292207,0.011239802,-0.060078304,-0.0121366205,-0.033228174,0.0026658052,-0.006360817,-0.009612111,-0.016928563,0.0018041627,0.0023431955,0.002195718,-0.001496133,0.029903818,-0.0012600422,-0.022972375,-0.026363783,0.0028340428,-0.017391581,0.046153434,0.0889533
/mnt/sdd/caltech_training/multiclass/train/006.Least_Auklet/Least_Auklet_0060_795095.jpg,5,0.0005166654,-0.0058024367,-0.0066171335,-0.00474295,0.0027682874,-0.003874199,-0.0006455736,0.003541613,0.03877591,-0.027534977,-0.030539475,-0.023298904,-0.027086,0.024722572,0.026372291,0.02889285,0.0096791815,0.011057074,-0.0010934458,-0.0063631376,-0.00038688537,0.0014363588,-0.0012380036,-0.00017914362,-0.0035272595,-0.009789623,0.07843377,0.109495446,-0.0068363287,-0.00088483654,0.03442673,0.018522378,-0.014889725,-0.01605615,-0.027394086,-0.036713064,0.0028535374,0.004595166,0.005554035,0.002584936,0.0276091,0.009105431,0.030998906,0.042821206,-0.020826584,-0.049146317,0.055462033,0.100300334
/mnt/sdd/caltech_training/multiclass/train/006.Least_Auklet/Least_Auklet_0058_1931.jpg,5,-0.013688003,-0.012122987,-0.020545997,-0.0057547246,-0.0031429266,0.00059812656,-0.008144731,-0.0001214901,-0.06400608,-0.13424368,-0.1311374,-0.088921115,-0.038709167,0.0049668085,0.008256408,-0.051467024,-0.012953566,0.0034900657,0.007289421,0.001986757,-0.009199085,0.0029508919,0.0024414724,-0.0003263686,-0.038997736,0.07623302,0.027865114,-0.113065094,-0.005034657,-0.016609704,0.03396646,0.0415877,-0.012669492,0.0059343125,0.0022100615,-0.010237078,-0.006075961,0.0030974112,0.0045687947,0.003572336,0.033057593,0.037104137,0.032012135,0.038279083,-0.040886246,-0.07546532,0.05805272,-0.060009517
/mnt/sdd/caltech_training/multiclass/train/006.Least_Auklet/Least_Auklet_0043_795067.jpg,5,0.007491042,-0.01044837,0.013044795,0.016430642,0.0049715256,-0.007186074,-0.0055303588,-0.008716329,0.066456065,0.039280973,-0.09876529,-0.04324224,0.045229204,-0.0024307016,0.006033593,-0.007528765,-0.0067707454,-0.012139503,-0.0035614464,-0.0043440517,-0.0089431815,-0.0026835925,-0.005101667,-0.0061212094,0.059597302,0.14490266,0.08436377,0.05508254,-0.023796566,-0.07597263,-0.02747513,-0.05182992,-0.00544922,-0.013951012,-0.025846949,-0.02226276,-0.0042784777,-0.00250409,-0.0046143373,-0.00093385106,-0.109059155,0.029247835,0.09094232,0.06171029,-0.0037433133,-0.05302172,-0.008446883,0.119524114
/mnt/sdd/caltech_training/multiclass/train/006.Least_Auklet/Least_Auklet_0005_795119.jpg,5,0.009053622,0.0016316479,0.001892302,-0.0129254125,-0.00075730885,0.00043989858,0.007915558,0.004820759,0.059764348,-0.050489675,-0.052101776,-0.0015792008,0.0033067027,0.015349284,0.022098985,0.017640816,-0.008791446,-0.007318153,-0.008871064,0.0044181435,-0.011207444,0.0033789934,0.00051175617,0.0007711613,-0.05508799,0.19407775,0.10821477,0.0061031133,-0.06971738,-0.01620938,-0.020127233,-0.024933908,-0.008514159,-0.010341355,-0.0009678516,-0.010384781,-0.0011865117,0.00046488747,-0.0028782939,-0.0043327706,0.17245036,0.08533263,0.095670916,0.05828443,-0.017953511,0.062313475,0.019753832,0.10539096
/mnt/sdd/caltech_training/multiclass/train/006.Least_Auklet/Least_Auklet_0028_795094.jpg,5,0.00943666,-0.0031181525,-0.004321508,0.002937884,0.0054950817,-0.0064787623,0.0011811014,0.002973698,0.08702671,-0.050126217,-0.09611103,-0.078655705,0.035307623,0.02619832,-0.00761093,0.011706553,-0.0015555946,-0.0026914254,-0.0038702793,0.001975235,-0.006912685,-0.0016705422,-0.00043707294,0.0005085813,-0.041723408,-0.0136907175,-0.01270847,0.040119573,-0.018277794,-0.057669446,-0.080333576,-0.05198823,0.0018261592,0.007267669,0.009551615,0.015535316,0.0042383834,0.0017671143,0.007745022,0.004908095,-0.05095961,-0.090892375,-0.05619123,-0.08055109,2.0091888e-05,-0.041355837,-0.07566929,0.08690265
/mnt/sdd/caltech_training/multiclass/train/006.Least_Auklet/Least_Auklet_0010_795092.jpg,5,-0.0034365654,0.0043859724,-0.0019078769,-0.00702547,-7.5764256e-05,0.0028301768,0.0036509046,-0.003386931,0.056972396,0.017858893,-0.011041518,0.010705218,0.024178647,0.006553022,0.024983782,-0.012662347,-0.008461623,9.8805176e-05,0.022451418,0.017841384,-0.005992419,-0.004181249,0.0030047486,0.0006856758,-0.019724008,0.024091877,-0.059609167,0.0539195,-0.018904097,-0.0006143302,-0.012652795,-0.0011884868,-0.004820658,0.020025013,0.010166492,-0.022763526,-0.0013092364,0.0005871665,-7.464248e-05,0.001157674,-0.045012683,-0.05984451,-0.010498184,0.003635347,0.014474276,-0.035516657,-0.073087364,0.061487168
/mnt/sdd/caltech_training/multiclass/train/006.Least_Auklet/Least_Auklet_0050_1924.jpg,5,-0.013242112,-0.0027665673,0.004309167,0.0025986563,-0.006544073,-0.005857648,-0.0042883987,0.005627134,-0.07394427,0.14602408,0.0700138,0.11955293,-0.034089573,0.0034660194,-0.008193641,-0.036533915,0.006948609,0.0029961336,0.008697592,-0.001993653,-0.0039019268,0.0045908047,0.0030039786,6.6604465e-05,0.0010959008,0.13781823,0.13356876,0.0586931,-0.007376435,0.0387005,0.052183215,0.076793835,-0.02926149,0.0076204455,0.004907647,-0.0035569596,0.0011135594,0.003314522,0.0062278057,0.0028543873,0.102105126,-0.038706046,0.018072627,0.060077712,0.0011145407,0.018202307,0.063432276,0.03899625
/mnt/sdd/caltech_training/multiclass/train/006.Least_Auklet/Least_Auklet_0007_795123.jpg,5,0.0075359917,-0.0070607355,0.009665331,0.024158109,-0.007556863,-0.0024364416,-0.0015194766,-0.0075475164,-0.0076543465,-0.15785666,-0.18911602,-0.10319618,-0.0125374105,-0.008908663,-0.02164115,-0.020353077,-0.0072218766,0.006180283,0.010246124,0.0059477766,2.3405766e-05,0.0018883614,-0.0011181606,0.00025713386,0.054324336,0.062006414,0.020211846,0.031032447,-0.017925765,-0.04027603,-0.017086495,0.015690546,-0.014485507,-0.01683915,-0.0024247654,-0.02746317,-0.0028339284,0.005539449,0.005657071,8.993829e-05,-0.08772698,0.08332982,0.029110529,0.038537517,0.028395383,0.007822997,0.0009346856,-0.0755374
/mnt/sdd/caltech_training/multiclass/train/006.Least_Auklet/Least_Auklet_0027_795091.jpg,5,-0.0079722665,-0.0051751975,0.0062588872,-0.006671816,-0.0057041864,-0.0009697478,0.0027305111,0.0013060801,0.008524906,-0.087065384,0.012492061,0.018985659,0.010040691,0.018131927,0.004106901,0.0134153105,0.0057308637,0.017691944,0.0029657963,0.00071805366,-0.002907956,0.006266562,0.0051721213,0.0013287915,0.058456738,0.020765018,0.00515116,0.028191082,-0.008192828,0.031026231,-0.012275277,-0.036412623,-0.008945447,-0.006295723,0.005434525,-0.013021313,0.0022973511,0.004106852,0.0010365248,-0.006200749,0.037907243,0.033743788,0.0516449,0.06805432,0.024495997,-0.013532865,0.02108727,0.084651425
/mnt/sdd/caltech_training/multiclass/train/006.Least_Auklet/Least_Auklet_0020_795080.jpg,5,0.0018922184,-0.012305718,-0.0058987886,-0.0028352165,0.0027361086,0.007574223,0.0015699875,0.0042635025,-0.07032931,-0.013609093,0.004327854,0.12672448,0.0075430893,-0.01332956,0.02424738,-0.0508688,-0.0056951274,0.011624398,0.014522808,-0.005545782,-0.013106441,0.0006605012,0.002543811,-0.00085307774,0.021040758,0.0057628527,-0.049110502,-0.013207663,-0.013757498,-0.015536617,0.0017055059,-0.008446178,-0.0023238864,-0.006208965,-0.0034728765,-0.009169539,-0.0008000531,0.00096124865,-0.0018106084,0.0019173336,0.022637468,0.035674717,0.0074322657,-0.008691629,0.0071667023,-0.08442901,0.037817635,-0.04275386
/mnt/sdd/caltech_training/multiclass/train/006.Least_Auklet/Least_Auklet_0032_795068.jpg,5,0.014024556,0.0147204045,-0.00017230352,0.0018532597,0.0063470206,0.0022307327,0.004730051,0.002955277,-0.1213439,0.0759217,0.15471755,0.13473496,0.050517365,0.02854228,0.0046261735,-0.010635064,-0.0009898951,-0.0041060937,0.0080171395,0.008562479,-0.0063419724,-0.0033867748,0.0022331208,0.0026540908,-0.045378074,-0.0011689886,0.007816609,0.084220454,0.03713222,-0.04864113,-0.054311797,-0.022858638,0.020013828,-0.0070121223,0.02703539,0.0010039178,0.008471838,-0.00015287031,-0.00047275075,0.0015240875,-0.049197886,0.025931109,0.07649097,0.052200045,0.02708536,0.010113259,0.05707654,-0.015375311
/mnt/sdd/caltech_training/multiclass/train/006.Least_Auklet/Least_Auklet_0030_795116.jpg,5,0.007277346,-0.000823925,0.0060197464,-0.00089325896,0.01124124,0.0038040332,0.0018694109,0.008852281,0.008447263,-0.059596006,-0.09947425,-0.030091316,0.009874314,-0.012836127,0.0009519039,-0.034002405,-0.008236528,-0.0033913115,-0.013623819,-0.0046542473,-0.00990238,-0.003925789,0.00096143666,-0.004618127,-0.11449465,0.16772577,0.11541666,0.03876486,-0.024786342,0.05533602,0.00560137,0.014629971,-0.0025596893,-0.00952474,-0.0005572662,-0.007339851,0.005515701,-0.0065332847,-0.0026400134,-0.007442705,-0.02752877,0.005933566,0.006805569,0.03617958,-0.0012211297,-0.07828538,0.029316336,-0.020522857
/mnt/sdd/caltech_training/multiclass/train/006.Least_Auklet/Least_Auklet_0024_795120.jpg,5,0.010190697,0.008102714,0.0044718604,0.012838412,-0.00024512096,0.0020836438,0.0020680607,-0.00015663059,-0.03563179,0.02044984,-0.020329323,0.022530612,-0.026245987,0.03151518,0.016707504,0.0036129896,0.013015401,-0.0076535223,-0.008311613,-0.007346276,0.0030373032,-0.0021176396,-0.003353415,-0.0070793284,0.109229885,-0.08821173,-0.07366118,-0.14552997,0.02460283,-0.01217852,-0.017032124,-0.00439428,-0.003994923,-0.004638356,-0.018161746,-0.029037949,-0.003807267,0.0017941914,-0.0007404132,-0.0018103172,0.07257063,0.0984917,0.124177404,0.10181539,-0.022760043,-0.009607368,0.08619031,0.06843131
/mnt/sdd/caltech_training/multiclass/train/006.Least_Auklet/Least_Auklet_0025_795087.jpg,5,0.015825178,-0.014005898,-0.021365816,-0.014160293,0.010117571,-0.007478264,0.0024175874,0.00072824303,0.07680921,-0.044425875,-0.098542094,-0.06920933,0.030968022,-0.0038574142,-0.0003538928,-0.008002175,0.003179362,-0.0068188026,0.016077934,0.00047843298,0.0029536218,0.00064133294,0.008407698,0.0056760726,0.08764345,0.06073742,-0.029667428,-0.033711787,0.06546709,-0.006530596,-0.029883597,-0.0034479015,0.030415658,-0.009018684,-0.012302504,-0.0023646327,0.007998232,-0.003856152,0.0013281009,0.0029917634,0.018384583,0.19970907,0.13463283,0.07914541,0.012515885,-0.025294403,0.053293526,0.06553901
/mnt/sdd/caltech_training/multiclass/train/006.Least_Auklet/Least_Auklet_0023_1898.jpg,5,0.014355987,-0.0007988234,-0.0014847605,-0.0030502188,0.0036048978,0.0016021292,-0.0018621779,-0.001576884,0.042678684,0.03360696,0.026588,0.039522335,0.027734846,0.0017258164,0.005252403,-0.02197101,-0.0011418252,-0.005680682,0.0020465644,-0.0068643936,-0.007970557,0.0036438652,0.0010249182,-0.009135507,-0.033225656,0.06541774,0.054919068,-0.027255768,-0.057243064,-0.028499108,0.011595678,0.006976662,-0.00987516,-0.0070664883,-0.01572978,-0.021132696,-0.0021197037,0.0011986224,0.0044741356,0.0059482343,0.086787865,0.053769477,0.003391575,-0.008973321,-0.028623335,-0.036603205,0.06639415,0.11248826
/mnt/sdd/caltech_training/multiclass/train/006.Least_Auklet/Least_Auklet_0008_795071.jpg,5,0.007325233,-0.010388883,0.0016101577,-0.022756457,0.004704536,0.0039711227,0.000823603,0.0065133637,-0.011962845,-0.26483825,-0.19405362,-0.16156285,-0.012058662,-0.0484973,-0.011875559,-0.03302959,-0.0027493776,-0.010795508,-0.013311591,-0.0005156894,-0.008159526,0.0042112567,0.010645417,0.005283419,-0.072427414,0.02904072,0.07155882,0.0025647543,0.0150612835,0.06137643,0.022894945,0.007194562,-0.00113582,-0.000857692,0.015825732,0.012656497,0.001995075,-0.0037479228,-0.0025522325,0.0019518846,-0.116723016,-0.057550117,-0.022073958,0.052889638,0.0014033234,-0.021250976,0.007609674,-0.07046644
/mnt/sdd/caltech_training/multiclass/train/006.Least_Auklet/Least_Auklet_0015_795065.jpg,5,0.0039650714,0.00074049784,0.0031386933,-0.00233102,-0.0015313467,-0.003322979,-0.007333236,-0.0036119062,-0.027697846,-0.16470276,-0.16696896,-0.066744514,0.0033424208,-0.0059797717,0.0068683345,-0.02285118,-0.005250412,0.015780231,0.015713133,0.008381161,-0.0026803028,-0.0044891196,0.002808684,0.0027240724,0.01341545,-0.083933234,-0.09196398,-0.13282102,-0.0057012998,-0.035668533,0.004419039,-0.017108032,0.008942438,-0.021275865,0.0035263011,-0.00954738,0.0038740975,-0.0004694768,0.0012395787,-0.0051826322,0.15284583,0.047472514,0.10436767,0.091835484,0.076450944,0.017824177,-0.065659635,0.009403379
/mnt/sdd/caltech_training/multiclass/train/006.Least_Auklet/Least_Auklet_0038_795132.jpg,5,0.003795354,-0.01102538,-0.00032103318,0.009173337,-0.0056304317,-0.012486262,-0.007081554,-0.019969158,0.014476687,-0.16147608,-0.14215633,-0.15895753,0.0114942035,0.0053133094,-0.009080596,0.019042324,-0.014651502,-0.008397275,-0.010984082,-0.0060597826,-0.0031679396,0.0059371777,0.0020130419,-0.0015154633,-0.043685783,0.044168293,0.12870702,-0.07270373,-0.027926661,-0.014151402,0.0004661833,-0.030092793,0.006882344,-0.004048052,0.0004119617,-0.03787823,0.0024659326,-0.0022790856,-0.0006250243,0.0032744848,-0.036933053,0.06170677,0.062029276,0.025754731,0.019173823,-0.083647884,0.081588134,0.03431587
/mnt/sdd/caltech_training/multiclass/train/006.Least_Auklet/Least_Auklet_0054_795130.jpg,5,0.0102899205,-0.008151011,-0.0058430675,-3.4142286e-06,0.010147385,0.0013938701,-0.0091688745,-0.0007383133,0.07839759,-0.05723247,-0.07080828,-0.00020584837,0.02040766,-0.0010250695,0.009874679,-0.0009815539,-0.0068027372,-0.0028738356,0.0018667132,0.003958185,-0.008229801,-0.011339998,-0.009143546,-0.0060686725,-0.016067877,-0.019137863,-0.042356,-0.16621163,-0.03483959,0.022801766,0.03884753,0.041180447,-0.0070673428,-0.016609598,-0.026765157,-0.04083092,-0.0010963697,0.0015894732,-0.00066434196,-0.000541901,-0.059921466,0.040257044,0.035381675,0.070115715,-0.0020962092,-0.022099335,0.0923318,-0.07956192
/mnt/sdd/caltech_training/multiclass/train/006.Least_Auklet/Least_Auklet_0042_1874.jpg,5,0.0003416855,-0.0061694114,0.0039160233,-0.003025759,-0.0014659725,0.0008966967,-0.00033045514,0.00090372236,0.05163984,-0.02470557,-0.06687191,-0.09084839,0.026933026,0.034883928,0.006346469,-0.016074125,-0.004309179,0.007025705,0.0033946414,-0.005394577,-0.0011239103,-0.0014990949,-0.0023065656,0.0011109859,-0.09688397,0.14632598,0.110734195,0.042995185,-0.004006774,0.036206633,0.052693382,0.005265504,-0.006951427,0.015372864,0.020546628,-0.022821885,0.0019329131,-0.0025899694,0.0017342446,-0.0017444304,-0.0689897,0.18422532,0.108824685,0.040774893,0.008563322,0.030207079,0.013309062,0.060715742
/mnt/sdd/caltech_training/multiclass/train/006.Least_Auklet/Least_Auklet_0034_795096.jpg,5,0.018487059,-0.0015249737,-0.006069669,-0.012703173,0.005461895,0.001619514,0.0010612404,0.003223925,-0.03797177,-0.038447246,-0.11304843,-0.08398796,0.009246724,0.037196998,0.041357465,-0.01721022,0.010790891,0.004493963,0.005479022,0.012239506,-0.0080208145,0.00023980998,-0.0010403831,0.0050109094,0.07155476,0.16534647,0.15338552,0.09096159,0.016451601,0.033369318,0.032666057,0.014856028,0.0069579384,0.00627953,0.021956947,0.004755912,-0.0004026806,0.0009356892,-0.0024864378,-0.0023638424,0.03138911,0.10644332,0.0709765,0.0998438,0.027159452,0.10881619,0.055348128,0.09461923
/mnt/sdd/caltech_training/multiclass/train/006.Least_Auklet/Least_Auklet_0055_795106.jpg,5,0.0118211955,-0.003145189,0.0055315867,-0.0021109201,0.0035148596,-0.004303352,2.500508e-05,-0.006005415,0.064314924,-0.10355708,-0.11800568,-0.069483444,0.021543507,0.0039570467,0.0027368916,0.020185862,-0.01234859,0.004016579,0.015702877,0.006195043,-0.0046108826,-0.005479548,0.0012507709,0.0029814178,-0.031637203,-0.0059632733,-0.033826616,-0.05297888,-0.04436596,0.08865966,0.10925959,0.109416574,0.0014056973,0.014503651,0.00047782995,0.012274914,0.00455226,0.0024299948,0.0035266306,0.005454814,-0.16516589,-0.0774079,0.0009914152,0.025045957,0.0026483592,-0.010502731,0.07934633,0.08043297
/mnt/sdd/caltech_training/multiclass/train/007.Parakeet_Auklet/Parakeet_Auklet_0078_2004.jpg,6,-0.011453968,-0.010014988,-0.0031046863,-0.013169182,-0.009554092,0.004312182,-0.0023045433,-0.002950601,0.12833296,0.031247385,0.012475915,0.021700129,-0.0055978904,-0.004734088,-0.020052163,-0.017008312,0.0009926697,-0.013538821,-0.0060378406,-0.0015524249,-0.0013989897,-0.00022238481,0.0017372414,0.0014754912,0.017071776,0.024336604,-0.04898809,-0.075746864,-0.017681189,0.033355966,0.038007617,0.013267843,-0.019754887,0.0059262137,-0.0040817787,0.0066006356,-0.005914156,-0.0064834235,-0.0077361893,-0.0020259141,-0.07620533,-0.10182788,-0.017846324,0.04592075,-0.028429128,0.014001929,-0.009546842,0.05871929
/mnt/sdd/caltech_training/multiclass/train/007.Parakeet_Auklet/Parakeet_Auklet_0067_795964.jpg,6,0.008792092,-0.0075436644,-0.0026544658,-0.0045298645,0.012623262,0.0022761906,-0.0029480364,-0.0028238534,-0.02075728,-0.11022584,0.17371875,0.13914621,0.022118112,-0.036172226,-0.01335994,-0.019807652,0.00063563744,-0.010551969,-0.00810004,-0.005447937,-0.0022808972,-0.0076194834,-0.008201279,-0.006054291,-0.032902494,-0.08418091,-0.07366122,-0.155226,-0.0048769955,0.041744985,0.019691471,0.047687642,0.011700069,0.022326319,0.010064835,0.0015158961,0.004015696,0.00052165345,0.0032501188,0.005438382,-0.110820636,-0.099621385,-0.07596561,-0.06510967,-0.006943692,0.0059056487,-0.079161,-0.012486911
/mnt/sdd/caltech_training/multiclass/train/007.Parakeet_Auklet/Parakeet_Auklet_0064_795954.jpg,6,-0.012172705,0.012642501,-0.0011012873,0.00292263,0.007873377,0.008075395,0.005474086,0.0020845719,-0.05351335,0.057303574,0.08427259,0.093592346,-0.016490964,-0.022560542,0.029146364,-0.02392279,0.012188697,0.005752094,-0.0016002571,0.0039131,0.0040870253,-0.0028240464,-0.0016658658,-0.0055722594,0.05627632,0.075463995,0.027773455,-0.09343917,-0.02193317,-0.0014072738,0.0579495,0.034179837,-0.018881956,-0.031958863,-0.018634155,-0.021147702,0.0015919767,-0.010037607,-0.0023691773,-0.0015525859,0.1848953,-0.06331712,-0.021625645,0.03502287,-0.021144506,-0.010033586,0.03153162,0.16535237
/mnt/sdd/caltech_training/multiclass/train/007.Parakeet_Auklet/Parakeet_Auklet_0050_795957.jpg,6,0.011663761,-0.004372632,-0.005202338,-0.0012374758,0.0065501705,-0.002311663,-0.009357508,-0.004038343,0.026177183,0.041905247,-0.034199618,-0.028105691,-0.018050518,-0.03485196,-0.052975554,-0.0215951,0.002887298,0.008793963,0.009373884,0.0072423513,0.00036284828,-0.0016142798,-0.0033098399,-0.00061536394,-0.03606099,-0.020955041,-0.06639178,-0.13191977,-0.045234345,-0.017963132,-0.055274934,-0.008019427,-0.014279131,-0.016331257,-0.023565503,0.018493172,-0.0016105776,0.0020575607,0.0001411963,-0.0015406552,0.18795882,0.000973586,-0.014521683,0.026968256,-0.00041255634,-0.03396271,-0.010076774,0.017802067
/mnt/sdd/caltech_training/multiclass/train/007.Parakeet_Auklet/Parakeet_Auklet_0001_795972.jpg,6,-0.000679553,0.003284391,0.0042019025,-0.0034018105,0.0013084599,-0.0014814812,-0.0059901467,-0.0097572785,0.0037178006,0.13396505,0.032537185,0.012224134,-0.024327472,-0.04050008,-0.039619073,0.003678237,0.0043130163,0.0054964726,0.0019138823,-0.0045390874,-0.0012292212,-0.0030984483,0.00032384583,-0.0033668824,0.0719833,-0.0169201,-0.02597329,0.070572406,-0.040108673,-0.001026297,0.055772267,0.054308075,-0.0137859285,-0.024988908,-0.015058717,-0.009611722,-0.0018455383,0.0012862608,0.0003796044,0.0016799087,-0.06256759,-0.083773375,-0.006247539,0.039862204,-0.003931661,-0.016970225,0.042663343,-0.019582096
/mnt/sdd/caltech_training/multiclass/train/007.Parakeet_Auklet/Parakeet_Auklet_0007_795932.jpg,6,-0.011388183,-0.0142751075,-0.004398834,-0.009326058,-0.0028358647,0.0038676397,0.0032964493,-0.006180043,-0.037976287,0.11424646,0.10474653,0.108553834,0.02244329,-0.0109710675,0.0063947868,-0.02305422,-0.0026520945,-0.015734226,0.0028685122,0.004421289,-0.00016767974,-0.003039085,-0.0050404035,-0.004778381,0.118630975,-0.115928315,-0.14741693,-0.12322491,0.019911049,0.015526621,0.07762543,0.051922783,-0.0019085046,0.012320856,-0.0070222234,-0.015843354,0.003146546,-0.0067964904,-0.008672569,-0.010162738,-0.008494556,-0.13275781,-0.070637025,-0.04719833,0.0071228854,0.024208417,-0.036033094,0.09506902
/mnt/sdd/caltech_training/multiclass/train/007.Parakeet_Auklet/Parakeet_Auklet_0012_795927.jpg,6,-0.0010517982,0.004074487,-0.002229775,0.0046132263,-0.0018837021,0.0069083236,0.006527363,0.0071286727,-0.054205514,-0.15539454,-0.09453302,-0.073327556,-0.020591376,-0.01552771,-0.014486591,0.020540386,-0.0043293983,0.0027381242,-0.0030281066,-0.009515696,0.0031047536,-0.0019561404,-0.00013964949,0.001596479,0.031908263,0.036903225,-0.10683973,-0.13359103,-0.032483503,0.045340236,0.04475932,0.023740742,-0.021503061,-0.015749935,-0.01759447,-0.01637095,-0.004951164,-0.0020514664,0.00031443313,-0.00086181273,-0.05847174,0.028801888,0.039352264,-0.0035676956,-0.03214629,-0.031400487,-0.051106665,-0.059729613
/mnt/sdd/caltech_training/multiclass/train/007.Parakeet_Auklet/Parakeet_Auklet_0003_795982.jpg,6,0.0063955397,-0.0066503366,-0.00015935709,0.009739386,0.0026676152,-0.001144914,0.0044406713,0.00385142,-0.06515796,-0.07455348,-0.014468977,-0.009574778,-3.9754435e-05,0.0061075697,-0.01108455,0.034695283,0.008462147,0.0010284735,-0.013634885,-0.0013367328,0.008546684,-0.0028630374,-0.0010809815,-0.0076812506,0.1219077,0.01465331,-0.09244661,-0.2055332,0.013650091,0.056978863,0.04454945,0.038497485,0.023411632,-0.007901566,-0.029351238,-0.012878478,0.0038386993,-0.0017474262,-0.0010784206,-0.0015282545,-0.16471712,-0.04676185,-0.003327269,0.04763197,0.016858727,-0.08501098,-0.041193,-0.013976774
/mnt/sdd/caltech_training/multiclass/train/007.Parakeet_Auklet/Parakeet_Auklet_0020_795947.jpg,6,-0.01934202,-0.014197344,-0.007091747,0.0065960833,-0.0046911314,0.0031507635,-0.0017688392,-0.0017762692,0.00024331175,0.023875155,0.090516694,0.040305525,-0.033266768,0.0050182873,0.0017598867,-0.054091714,0.012315552,-0.008185114,-0.017741878,-0.016448969,0.008294298,-0.003961453,0.0027263777,-0.0010941948,0.017063025,-0.044282272,-0.097071804,-0.14935192,-0.025015682,-0.01846716,0.019870955,0.004288274,-0.016281508,0.025225505,0.009173701,-0.034348316,-0.00014729542,-0.007986387,-0.009830585,-0.0019740814,0.061177596,0.026869971,0.041985985,0.10335394,-0.02989618,-0.03489059,0.003123631,0.18287891
/mnt/sdd/caltech_training/multiclass/train/007.Parakeet_Auklet/Parakeet_Auklet_0059_795973.jpg,6,0.016645787,0.00960557,-0.0009227204,-0.0019239399,-0.00043475474,-0.007593664,-0.0073653436,-0.008225627,0.058796868,0.10302477,0.08695668,0.07655981,-0.006934188,0.028236318,0.019234365,-0.048475474,-0.0005495752,-0.012355786,0.006626316,0.0149684185,0.0010408622,0.0047914637,0.0013381647,-0.001135574,0.01670449,-0.10498503,-0.07575836,-0.09173575,-0.018212728,0.012175765,0.00021185353,0.007855678,-0.004692239,-0.02094293,-0.011360403,-0.001809163,0.0009354679,0.0025838334,0.0072657242,0.002479061,-0.19856,-0.004183933,0.054172993,0.07831932,0.008591946,0.005062743,-0.023966245,0.014500998
/mnt/sdd/caltech_training/multiclass/train/007.Parakeet_Auklet/Parakeet_Auklet_0010_795995.jpg,6,-0.0014097004,-0.0049830903,-0.006682723,0.0019292408,9.64693e-05,-0.0017078607,-0.0018697768,-0.0036589913,0.07859854,0.030472044,0.0135620795,0.11710085,-0.02593083,-0.03182339,-0.049403846,-0.043916628,-0.010300547,-0.012677663,-0.01970125,-0.0038696656,0.0025849673,-0.0016751676,-0.0009062055,-0.0010610142,0.11367254,0.01710245,0.03451365,-0.07230512,-0.012569413,0.04771202,0.018492917,0.033028647,-0.008582421,0.0106384065,0.0043773656,-0.017789342,0.002302018,-0.0070640864,-0.012437094,-0.0031408065,-0.12400523,-0.004082259,-0.04368989,-0.024264101,-0.03433611,-0.01698305,-0.016227271,0.0744459
/mnt/sdd/caltech_training/multiclass/train/007.Parakeet_Auklet/Parakeet_Auklet_0074_795976.jpg,6,0.01681958,3.7612743e-05,-0.0007575103,0.0015116823,0.010636843,-0.0035200529,-0.004455535,-0.0016268669,0.008559559,-0.053561356,0.06926261,0.10655068,-0.021010332,0.015812717,0.039877594,-0.0056556184,0.009802796,-0.017734721,-0.0114994645,-0.0054782433,0.00403865,0.008818727,0.0043817637,0.0012345284,0.015498212,-0.14953952,-0.09419786,-0.040072612,-0.066559926,0.016387068,0.020057665,0.027753001,-0.009871099,-0.0028959415,0.01385273,0.016078254,-0.0032432408,0.0013074672,0.0017779011,-5.9210666e-05,0.12749767,-0.17755896,-0.07688856,-0.052387167,-0.009569403,0.06415149,0.05606203,-0.017446604
/mnt/sdd/caltech_training/multiclass/train/007.Parakeet_Auklet/Parakeet_Auklet_0058_795942.jpg,6,-0.0068293884,-0.020443302,-0.0032663564,-0.005548658,0.00061333366,-0.007076798,-0.008179983,-0.003881369,-0.08201055,0.1303788,0.13708149,0.11874917,-0.024025857,-0.00024062674,-0.0061089266,-0.027133584,0.011519238,0.0053818817,0.0055898973,-0.0070454907,-0.0042073815,0.0013063165,-0.0008918408,-0.0038583563,0.10037157,0.10940317,0.033901528,-0.02425244,-0.008277135,-0.03032136,0.0464478,-0.002282869,-0.0061348733,-0.0068815667,-0.017098615,-0.0096574,-0.0035955836,-0.008069496,-0.005772938,-0.002344336,0.038656924,-0.043688074,-0.007034695,0.049923077,-0.04278871,-0.010929542,0.055107288,0.025390614
/mnt/sdd/caltech_training/multiclass/train/007.Parakeet_Auklet/Parakeet_Auklet_0008_795992.jpg,6,0.00067967724,-0.0051973546,0.00059301266,-0.0057597947,-0.000857422,-0.0014621541,-0.003803583,-0.0061686244,0.035149008,0.10722886,0.10237527,0.106139705,-0.0088185165,-0.039942935,-0.021819076,-0.009104094,0.0010630935,-0.012379472,-0.0073374063,0.0037943176,-0.0045639635,-0.0013991732,-0.0033761773,-0.005690033,-0.0026784763,-0.17794336,-0.19552761,-0.16864792,0.011354076,-0.010060586,0.030688558,0.052591413,0.00767926,-0.019846965,-0.036448583,-0.028757144,0.0006450461,-0.01005957,-0.0055000028,-0.0029652775,-0.03449962,-0.071852386,-0.05937048,-0.03279273,0.026814833,-0.013648257,0.07088566,0.081434414
/mnt/sdd/caltech_training/multiclass/train/007.Parakeet_Auklet/Parakeet_Auklet_0026_795962.jpg,6,-0.0069549633,-0.0032519628,0.011814225,0.0074193887,0.00060413755,0.0073898262,0.0052290657,0.0010188776,0.036175385,0.08943339,0.12960091,0.09345126,0.007885003,-0.028609969,-0.038572095,-0.016099278,0.0098714335,-0.023497414,-0.010938381,-0.0008582091,0.004145566,-0.001161256,0.0059682783,-0.0037834686,-0.027472172,0.033951055,-0.017478637,-0.062423985,0.026079949,-0.0065799616,-0.005112065,-0.016592085,0.0156793,0.0055564153,0.017885286,-0.0062603634,0.003141323,-0.00982061,-0.0015683208,-0.00043509546,-0.008230053,-0.053524487,-0.0103019895,0.02666986,0.017195592,0.011635646,-0.052737772,0.038792692
/mnt/sdd/caltech_training/multiclass/train/007.Parakeet_Auklet/Parakeet_Auklet_0056_795926.jpg,6,0.0038707568,0.002410577,-0.0052818796,-0.00040359516,0.0027845171,-0.007193653,-0.015943415,-0.012682967,0.02273492,0.11425989,0.11381021,0.11662604,0.007639998,0.024954546,-0.020792687,-0.044137083,0.016593894,0.004374384,0.011255569,0.0016428712,0.007007204,0.0028670528,0.0024450968,0.0026780204,0.039619725,-0.10232941,-0.07922885,-0.07756369,0.005190525,0.042701133,0.066717625,0.050104488,0.007999894,0.0110208895,-0.0014150635,0.0042819045,0.0015640708,-0.0032226865,0.0016432041,-0.002693782,0.012545895,0.048959695,0.041489508,0.0025745705,-0.031839445,-0.049850624,0.013628332,0.04078231
/mnt/sdd/caltech_training/multiclass/train/007.Parakeet_Auklet/Parakeet_Auklet_0041_795933.jpg,6,-0.0040778774,-0.013048204,-0.0042029493,-0.0014927005,-0.00071047974,-0.004813675,-0.00087349815,-0.0042034974,0.03839727,0.013797507,0.019323714,0.057511684,-0.025624763,-0.00982138,-0.063380726,-0.012748262,-0.013065726,-0.007147819,-0.00593027,-0.0012927419,-0.0027101703,-0.0022758488,0.0026805496,-0.0057118596,0.002442386,0.06696334,0.039922707,0.022769872,-0.014613314,0.029631797,0.06195175,0.045224175,-0.026073556,-0.006560585,-0.021281093,-0.010607913,-0.002365516,-0.005334232,3.2746e-05,0.0045901434,0.0345821,-0.057633594,-0.05234179,-0.09445403,-0.040396478,-0.03674232,0.071557224,0.113465875
/mnt/sdd/caltech_training/multiclass/train/007.Parakeet_Auklet/Parakeet_Auklet_0042_795961.jpg,6,0.004507571,-0.0023284175,0.0065640155,0.005798728,0.0060890624,0.001211066,0.000139679,-0.0058266306,-0.07251082,-0.12993059,0.032594994,0.08271486,0.016433729,-0.046229042,0.016893804,0.030885853,0.008884989,-0.0038074749,0.0003355043,-0.0007135186,8.6677726e-05,-0.0005192009,0.0005233588,0.002189011,-0.008157218,-0.008913785,-0.03906747,0.018987836,0.0055491896,-0.017132219,0.028157674,0.012273687,0.009545259,0.010662887,0.012353808,0.005394806,0.0011069248,-0.0012470786,-0.0010328502,-0.0052548074,-0.039332822,-0.106191196,-0.041936897,0.0022320058,0.025828268,0.028972562,0.020570073,0.020386575
/mnt/sdd/caltech_training/multiclass/train/007.Parakeet_Auklet/Parakeet_Auklet_0080_795965.jpg,6,-0.005608689,-0.008358252,0.0013345336,0.004240219,0.001992296,0.000956408,-0.008938383,-0.007951919,0.06180106,-0.075677544,-0.07929182,0.017634934,-0.00394537,0.020965377,-0.011857644,-0.04881662,-0.005312318,-0.0019628974,0.0028679613,0.0006563482,0.000502103,-0.004922707,-0.0028662658,0.0012006804,0.05064127,0.11970131,0.088802904,0.06960642,0.011698373,0.04943399,0.08488733,0.06830112,0.010182476,-0.03339217,-0.015363453,-0.014405027,0.0013032467,0.0017223936,0.0030279479,-0.0012716383,-0.20915408,-0.061370306,-0.058290213,-0.088097826,-0.011684801,-0.051793247,-0.0843277,-0.03273721
/mnt/sdd/caltech_training/multiclass/train/007.Parakeet_Auklet/Parakeet_Auklet_0043_795948.jpg,6,-0.0016479942,0.0038288163,0.014762137,0.016909042,0.00143188,-0.009031163,-0.004804854,-0.0024765206,0.022122122,0.03930305,0.06911875,0.10333816,-0.038615752,-0.031151783,-0.048585,0.02972826,-0.0089320745,-0.0032797856,-0.0014936368,0.014860151,-0.0070761666,-0.004672953,0.00046308083,-0.000283133,0.109798275,0.0811668,0.063096374,-0.08570401,-0.044365406,-0.024753459,-0.0018533967,0.07434751,-0.015261485,-0.015172951,-0.0056437543,-0.007866144,-0.006690111,-0.0008929793,0.0035894164,-0.00019363617,0.063747175,-0.042984374,0.003693778,-0.009812765,-0.03394723,0.006796414,-0.048040587,0.07386233
/mnt/sdd/caltech_training/multiclass/train/007.Parakeet_Auklet/Parakeet_Auklet_0031_795960.jpg,6,-0.0022439125,-0.0024342323,-0.00036836555,3.9273407e-05,-0.0020919568,-0.000452558,-0.0029229845,2.5365967e-05,0.008468151,0.22028023,0.14726716,0.09589909,0.006512598,-0.010452958,0.0053153764,-0.032407954,0.0042543155,0.023305455,0.0046080975,0.013836539,-0.0012188908,0.00035209628,-0.0004431847,-0.00079545134,0.03457153,-0.09328734,-0.018099798,0.06755397,0.013353418,0.019890096,0.025101079,0.035531774,-0.0031185262,-0.0024421443,0.0027393717,0.012202646,0.00063016487,0.001326526,0.00217632,0.0015764891,0.1940795,-0.012205634,-0.042744823,0.0014683679,0.0038617812,0.018877994,-0.11198657,-0.02346381
/mnt/sdd/caltech_training/multiclass/train/007.Parakeet_Auklet/Parakeet_Auklet_0027_795925.jpg,6,-0.00431785,0.015746798,0.008298611,0.016272018,0.00028142869,-0.005837002,-0.0041624233,-0.007831795,-0.035336383,-0.13180114,-0.09817795,-0.0931783,-0.037868433,0.03019023,0.0063668517,-0.026119001,0.0015960645,0.0056322343,0.018354513,0.015045392,0.0006342934,-0.0015948353,0.0016831728,-0.00050615286,-0.090301655,-0.046330452,-0.077658795,-0.17405002,-0.04595668,0.007849319,0.012652239,0.021521125,-0.024247324,-0.012469293,-0.011227367,-0.009583309,-0.003038211,-0.007280261,-0.010162434,-0.007970738,0.13846341,-0.091723375,-0.03577094,0.03596532,-0.014264871,0.04549434,-0.058046155,0.1239519
/mnt/sdd/caltech_training/multiclass/train/007.Parakeet_Auklet/Parakeet_Auklet_0025_795975.jpg,6,0.010737123,-0.014768968,-0.007935475,-0.0012391077,0.009462237,-0.006920409,-0.003783092,-0.010397231,0.034312595,-0.13168421,-0.0028418899,0.019768681,0.012157939,-0.008077583,0.022811648,0.018070802,0.016603824,-0.014252985,-0.003241716,0.0024567945,0.007848224,-0.003263608,-0.0008522931,-0.00080108934,0.024638586,-0.07899918,-0.05191392,-0.066758096,0.01692472,0.06083923,0.036232065,0.041828588,0.028096884,0.015115323,0.014524851,0.0054940684,0.0022572498,-0.002824801,-0.0043415977,-0.0011723897,0.07029776,0.035822246,-0.046758194,-0.14103398,0.008487072,0.018213008,0.0113184545,0.014968822
/mnt/sdd/caltech_training/multiclass/train/007.Parakeet_Auklet/Parakeet_Auklet_0051_795971.jpg,6,0.010941935,0.004452234,0.0019321986,-0.0010811794,0.005135458,-0.0073852018,-0.016055243,-0.009183884,-0.025257854,0.027807403,0.06454164,0.076138355,0.024092607,-0.03955788,-0.06467773,-0.009554352,0.0090074465,0.0035457353,-0.008142891,-0.011733405,0.007893879,0.001446732,-0.00058153085,0.0034831606,0.026271883,0.17742631,0.10486729,0.0077355206,-0.006932308,0.07734846,0.043301087,0.034045108,0.017080782,0.008511099,-0.019129395,0.017467218,0.00222264,-0.0015502588,-0.0030116667,-0.0021108002,0.00013705343,-0.10609177,-0.081426576,-0.056979828,0.010783239,-0.061823916,0.02615283,0.15643932
/mnt/sdd/caltech_training/multiclass/train/007.Parakeet_Auklet/Parakeet_Auklet_0036_795943.jpg,6,0.015924742,-0.007557227,-0.011471467,-0.00838607,0.006842443,0.001897645,0.0038601207,0.0037212924,-0.02479988,0.0053325053,0.03982809,0.11516088,0.024118021,-0.003322347,0.008312095,-0.0018180925,0.0018645675,-0.009754013,0.00027891225,-0.0101169115,0.0039503747,0.009093742,-0.0017560925,-0.002239412,-0.00681293,0.03673392,-0.024331264,0.06970291,9.726267e-05,0.01487457,-0.006499161,0.02447719,0.0038748947,-0.0060014953,-0.014516929,0.0020387475,-0.004549695,-0.00010608343,0.0011904567,0.004758402,-0.008988985,-0.021780215,-0.06486856,-0.033095982,-0.004568305,0.010193704,0.01634734,0.060455408
/mnt/sdd/caltech_training/multiclass/train/007.Parakeet_Auklet/Parakeet_Auklet_0016_795977.jpg,6,0.009564475,-0.004666734,0.007051336,0.009009062,0.005603278,-0.0040701656,-0.0029631262,0.0017680625,-0.023758128,0.015163727,0.05014993,0.068620145,0.026009671,0.020791162,-0.0052516367,0.02863716,0.001510862,-0.017091095,-0.020018602,-0.0177726,-0.00048087398,-7.535191e-05,0.0032426245,0.0035600355,0.07205125,-0.09921792,-0.14462356,-0.19509506,0.023640143,0.03169083,0.022173278,9.692903e-05,0.002852576,-0.018326748,-0.0048461007,-0.011836957,-0.0014387004,-0.0058797956,-0.008087773,-0.006212864,0.018589307,-0.09168899,-0.037797116,-0.04280545,-0.010604786,0.016060568,0.0403908,0.07028522
/mnt/sdd/caltech_training/multiclass/train/007.Parakeet_Auklet/Parakeet_Auklet_0047_795956.jpg,6,0.0024417338,-0.0011349383,0.0030542957,0.00077738776,-0.0042401208,0.0068758465,0.0027580005,-0.0035038372,-0.07363876,0.121951856,0.088295124,0.13160376,-0.01594408,0.0037992697,0.010478526,-0.047059566,0.00041498872,-0.011667738,0.00035630714,-0.0033359411,-0.00037348992,0.0026838572,0.0015998774,-0.0027827197,0.11045934,-0.06744606,-0.06850996,-0.060221285,-0.040204022,0.0073977457,0.017003916,0.005673792,-0.00550467,0.0023606978,0.001967379,0.005879865,-0.0021509784,-0.0062354114,-0.010168662,-0.010008687,-0.08815378,-0.063386105,-0.02502335,0.025241382,0.0034075659,-0.07721487,0.05305071,0.03892225
/mnt/sdd/caltech_training/multiclass/train/007.Parakeet_Auklet/Parakeet_Auklet_0073_795939.jpg,6,0.0013376689,-0.009521787,-0.001582373,0.008615511,-0.0082889255,0.002306893,2.2708322e-05,-0.0067573586,-0.09236383,0.0023055226,0.010149188,0.05697935,-0.022057397,0.036105484,0.029726688,0.036662377,0.0076269675,0.0062286644,0.0091805365,0.0034221068,0.0032154128,-0.0005578543,0.0062306738,0.0031599356,0.068201184,-0.036440592,0.0011652745,0.0203709,-0.022245545,-0.015974384,0.005731579,-0.018017443,-0.008888978,-0.0023993542,-0.024551377,-0.029742176,-0.004338422,-0.005945292,-0.0007524941,-0.0052080476,-0.11020779,-0.02716266,-0.011844002,-0.019179672,-0.025133153,0.015359356,0.0054332525,-0.04338244
/mnt/sdd/caltech_training/multiclass/train/007.Parakeet_Auklet/Parakeet_Auklet_0004_795921.jpg,6,0.003290188,-0.010828786,-0.004287995,-0.0014962722,0.002840041,-0.0057430654,-0.0030402213,-0.005018104,0.020485792,0.14381629,0.14623669,0.18528023,-0.009597493,-0.023649383,-0.01246776,-0.044866387,-0.0020514096,-0.009580628,0.00399452,-0.015982004,-0.0041608177,-0.0029287192,-0.0012885918,0.002286404,0.057641912,0.08869097,0.05457242,0.042411935,-0.039842095,0.03737085,0.022270706,0.020876646,-0.0048128236,-0.0006630237,-0.01935982,-0.026730198,0.0013316394,-0.005571898,-0.0002335814,-0.004203759,0.085403204,0.009754192,0.039634965,-0.037113696,0.009055363,0.04966262,0.06980424,-0.0011047982
/mnt/sdd/caltech_training/multiclass/train/007.Parakeet_Auklet/Parakeet_Auklet_0028_795944.jpg,6,0.0070248595,0.006122227,0.008180915,0.01130619,0.0048271213,0.0023651076,0.0037663807,-7.2866445e-05,-0.01977278,0.035364717,-0.028848618,-0.026386037,0.014124853,-0.020014096,-0.00919741,-0.016432587,0.0135287875,0.0037730983,0.020634558,0.0010087378,0.005290225,-0.0022854377,-0.0021402966,-0.006742916,0.04442233,-0.03632392,0.011099246,-0.033596285,0.041930486,-0.015100356,0.009768281,0.0028409697,0.014052315,-0.01565804,-0.027920086,-0.008853555,-0.0035732286,-0.005708592,-0.0012665397,-0.0023912834,0.22885367,0.09592593,0.06700136,0.03942004,0.016022928,-0.021481222,-0.035217065,-0.013896361
/mnt/sdd/caltech_training/multiclass/train/007.Parakeet_Auklet/Parakeet_Auklet_0076_796001.jpg,6,0.0095215645,-0.003255304,-0.0050383466,-0.0021845484,0.007303147,-0.0005386823,-0.0022779328,-0.012643597,-0.009132417,-0.1394148,-0.088873565,-0.07278639,0.003442985,-0.00836923,0.0020204522,-0.02340722,0.0043418584,-0.0033192008,-0.0040794597,0.0055176453,0.004607778,0.0016901214,0.0040546427,0.00135097,0.0531966,-0.01609775,-0.04268933,-0.036265306,0.017049132,0.033932365,0.059390675,0.04843165,0.012879935,-0.019961057,-0.028549936,-0.032391176,0.0029836749,-0.0031960718,-0.003897819,-2.9355637e-05,0.06795821,-0.16184099,-0.056666747,-0.0037279055,0.028195105,0.031819217,0.060438566,0.031397816
/mnt/sdd/caltech_training/multiclass/train/007.Parakeet_Auklet/Parakeet_Auklet_0015_795966.jpg,6,0.012294945,-0.032308213,-0.020234028,-0.0049807085,0.0058268043,-0.0021239668,0.0012428262,0.002213267,0.059746727,-0.046389572,-0.0003408864,-0.023547586,0.0035858387,-0.032188594,0.005523163,-0.004632854,0.019790031,-0.003941054,-0.009185098,-0.0050474782,0.011288697,0.0025306572,-0.0047723623,0.00066035916,0.13645455,-0.12903151,-0.11612841,-0.09866166,-0.00068169925,0.049897663,0.08228466,0.085125685,-0.0025413244,0.0002901163,-0.006310354,-0.024390867,-0.0038341456,-0.0053572794,-0.007620862,-0.007866582,0.08798164,-0.044602558,-0.05653104,-0.024453033,0.0026920587,0.052764684,-0.09865323,0.073467724
/mnt/sdd/caltech_training/multiclass/train/007.Parakeet_Auklet/Parakeet_Auklet_0072_795929.jpg,6,-0.00806614,-0.006106563,0.0056213783,-0.00028322986,0.00019771699,-0.0021064223,0.0033505342,-0.0031755257,-0.02284468,-0.08640141,-0.104646616,-0.12363163,0.0089191925,-0.0077014007,-0.029917177,0.017850727,0.0019308837,-0.0011304972,-0.00052271795,-0.004565761,0.00044540875,-0.0008265198,-0.0015452299,-0.0036826706,0.02525888,-0.10911091,-0.029497918,-0.108471304,0.0004671244,0.0069720047,0.025660077,0.025796913,0.012362442,-0.016873978,-0.017125666,-0.029029459,0.0030205883,-0.002902402,-0.0004974438,-0.000987583,0.0032816976,-0.011508703,-0.004736742,0.033801153,-0.016551381,-0.027628195,0.08533967,-0.029196778
/mnt/sdd/caltech_training/multiclass/train/007.Parakeet_Auklet/Parakeet_Auklet_0013_795970.jpg,6,-0.008610577,0.0042664246,0.0016860694,-0.0035274494,-0.0005978965,-0.0006612553,0.0021759255,2.9219314e-05,-0.15803002,0.25228035,0.23164377,0.22974592,0.006959181,-0.037353337,-0.03173099,-0.01840569,-0.0043988945,-0.0024827681,-0.01078501,-0.0007779682,4.921516e-05,0.0005694316,0.0030067668,0.0034634857,0.043369,-0.095668964,-0.121484056,-0.08298334,0.023994606,0.04891087,0.0681045,0.079438016,0.014765792,-5.4888893e-05,-0.003353201,-0.001033425,0.0018378699,-0.0055675963,-0.0052843015,-0.0007359942,0.18838704,0.054935977,0.015723964,0.013911323,0.04970163,0.039706826,-0.041665852,0.04324799
/mnt/sdd/caltech_training/multiclass/train/007.Parakeet_Auklet/Parakeet_Auklet_0040_795974.jpg,6,0.0016505551,-0.018417656,-0.013970301,-0.0114891,0.006331403,-0.0008353952,-0.0010021934,-0.0061158775,-0.060642846,-0.13021268,-0.06466388,-0.04058782,-0.0022525904,-0.0127926795,-0.0103436615,-0.0132253785,0.005543662,-0.012151047,-0.0058498643,0.005558473,0.00092483615,0.004092489,0.0052987495,-4.7294772e-05,-0.051790282,0.020178992,0.0023879036,0.003332518,-0.004753146,0.013281472,0.0015486577,0.019212956,0.02123304,-0.013340915,0.008699711,0.011075854,0.0016288749,-0.005856842,1.5911413e-05,-0.0012501809,0.054398097,-0.09558824,-0.019452171,0.027533347,0.049373306,0.069638535,0.037453733,-0.037630692
/mnt/sdd/caltech_training/multiclass/train/007.Parakeet_Auklet/Parakeet_Auklet_0035_795934.jpg,6,0.008482829,-0.0009104181,0.008816186,0.021009136,0.003760227,-0.002059245,0.003275764,-0.0063162944,-0.1561341,0.002730593,-0.0011563934,0.041126117,0.02040841,0.021415623,-0.04760667,0.015504474,0.0015959556,0.006012583,-0.0014431025,0.002133172,0.0024983361,-0.0015551862,-0.00461929,0.0035544536,0.11315091,-3.409665e-05,-0.05736801,-0.038643554,-0.022121428,0.07018735,0.019957058,0.0038472395,0.00061445404,-0.027467825,-0.013366492,-0.031813163,0.0050402246,-0.008577891,-0.00474189,-0.0018784862,-0.25435624,-0.0573714,0.010436915,0.061309706,0.0015351204,-0.040347904,0.037036777,-0.0019569881
/mnt/sdd/caltech_training/multiclass/train/007.Parakeet_Auklet/Parakeet_Auklet_0024_2045.jpg,6,0.011561841,0.0075160298,0.0074692676,0.006156277,-0.00041883666,0.010677847,0.008873052,0.019121815,-0.06945038,0.041904934,0.142268,0.16548309,-0.021432854,0.0076569645,-0.058148537,0.033517554,-0.006788813,-0.008912448,-0.003481241,-0.009150574,-0.0051158955,0.0034984397,0.0028020507,-0.004503806,0.0070334375,-0.03789746,-0.051885847,-0.07575263,-0.025447486,-0.012623139,-0.016493803,0.013598474,0.011368675,-0.0045582065,0.0043233875,0.014569011,0.00691399,0.0018196277,-0.0039400556,-0.0024071732,-0.011112675,-0.074167386,0.0011938419,0.06394079,0.02013358,-0.08919647,-0.037813194,0.016727705
/mnt/sdd/caltech_training/multiclass/train/007.Parakeet_Auklet/Parakeet_Auklet_0017_795924.jpg,6,-0.00071078446,0.00254209,-0.0009465738,0.011171829,0.004359876,-0.008149463,-0.00422784,-0.0020094274,0.0065105036,0.037263937,0.03573986,0.044466093,-0.022346288,0.04623738,-0.008444438,-0.0068622846,-0.0009945026,-0.012809062,-0.01625581,-0.00940688,0.0023806647,0.00169473,0.00085777417,0.009542389,0.039007626,-0.008193277,0.030612465,-0.023285277,-0.005875488,0.03389908,0.0050259214,0.055183403,-0.0115814,0.01841413,0.01565051,0.0057526473,-0.001505128,-0.0023424518,-0.002849347,0.0013099019,0.0057505667,-0.08684344,-0.049192972,0.00037051272,0.0034659365,-0.070349574,0.026615443,0.029292738
/mnt/sdd/caltech_training/multiclass/train/007.Parakeet_Auklet/Parakeet_Auklet_0038_795935.jpg,6,-0.0048651528,-0.010813339,-0.00651787,-0.006797045,-0.0015585915,-0.0007965029,0.0018902475,0.009895373,-0.04853659,-0.09672396,0.05583328,0.014491867,0.023225684,0.0069594774,-0.0041274875,0.011249401,0.0014953923,0.0013960632,-0.002600429,-0.010094983,-0.003101456,0.0040321145,0.009707684,0.0030159215,-0.03413701,-0.100867376,-0.113696754,-0.15508193,0.033227257,-0.001341383,-0.014471021,0.015512838,0.0064104195,-0.026209325,-0.016358398,-0.018049655,0.004865893,-0.0038274534,-0.00023814233,-0.0005558142,0.0026483536,0.021061925,0.0018376037,0.054353155,0.018283157,-0.025928631,0.06355849,0.033406414
/mnt/sdd/caltech_training/multiclass/train/007.Parakeet_Auklet/Parakeet_Auklet_0062_795958.jpg,6,0.0044021467,-0.012732979,-0.0032928004,0.000109998975,-0.0033594999,-0.0011707651,-0.0084296595,-0.005712118,0.02254647,-0.17499167,-0.12267588,-0.08493277,-0.023282468,-0.00045110658,0.0020348765,-0.004073602,0.007601338,-0.001097911,0.0085117165,0.0072776056,0.0016189539,-0.003345809,0.0012534051,-0.0003283855,-0.01147587,-0.0029023248,-0.054518,0.0070193023,0.0013634292,0.010425288,0.0078049805,0.053222556,-0.0037452232,-0.010678284,0.00056296587,0.009995017,-0.0020945321,-0.002500766,-0.0036410787,-0.0022238167,0.09041086,0.08308453,0.03564994,-0.00357683,-0.037445627,0.004783375,0.005507526,-0.000936626
/mnt/sdd/caltech_training/multiclass/train/007.Parakeet_Auklet/Parakeet_Auklet_0065_795969.jpg,6,-0.0136745,-0.010090057,-0.007920118,-0.0040387707,-0.009462834,-0.0004294482,0.0035678598,-0.009555036,-0.18775617,0.102341846,0.081071824,0.04038494,-0.014726496,0.008392377,-0.07229888,-0.044703126,-0.0041288226,-0.0027391186,0.0021080875,-0.004116934,2.0180363e-05,0.0028921606,-0.00053060445,0.004480811,0.0077497214,-0.10675099,-0.08492941,-0.029676434,-0.01781939,0.039231233,0.036273204,0.063778386,0.014154558,0.007309953,0.008696651,-0.01922171,-0.0021341227,-0.004107424,0.0020840163,-0.003474383,0.08334264,0.12630773,0.040308524,-0.0020886995,-0.009820493,-0.0065960106,0.008858079,-0.041875802
/mnt/sdd/caltech_training/multiclass/train/007.Parakeet_Auklet/Parakeet_Auklet_0045_795953.jpg,6,-0.0089921625,-0.014316463,-0.0047044605,-0.010627447,-0.0025596214,-0.007494847,9.689503e-05,-0.002190763,0.13298206,-0.026970211,-0.12885422,-0.10509448,-0.013923967,-0.018060116,-0.024331413,0.031912588,-0.0067601097,0.0052933837,-0.009544425,-0.0019230347,0.00028369226,0.003580321,0.00054459006,0.0047241584,0.016480725,0.11419533,-0.00068928674,-0.07200322,-0.008138752,0.046278715,0.035967015,0.059573248,-0.011523025,-0.0093217,-0.004318681,-0.005983932,0.00011566997,-0.0018280488,-0.0058391043,-0.007395061,-0.00069797225,-0.05902498,-0.029218199,0.0024920516,-0.022234045,-0.06206542,0.08304661,0.018500105
/mnt/sdd/caltech_training/multiclass/train/008.Rhinoceros_Auklet/Rhinoceros_Auklet_0046_797532.jpg,7,0.003933535,0.0046430696,-0.0022612372,-0.00966574,-0.009255792,-0.009756556,-0.008045359,-0.010179819,-0.038023822,-0.08300148,0.19338068,0.21067256,0.00019750465,0.032714345,0.008068985,0.03400451,-0.0014170667,0.0028996877,-0.0031716232,0.0070568114,0.0034429384,0.006220116,0.0036970417,0.0006562919,-0.026788663,-0.0636924,-0.058978945,-0.04568378,-0.023715068,0.003897395,0.014355013,-0.0117594525,-0.0005264613,-0.0061474685,0.011737146,0.022603597,-0.003653057,0.0063185887,0.010087201,0.0020703347,-0.117612265,-0.12687159,-0.08549785,-0.015203514,-0.011520423,-0.014181726,0.009581426,0.00021595042
/mnt/sdd/caltech_training/multiclass/train/008.Rhinoceros_Auklet/Rhinoceros_Auklet_0020_2195.jpg,7,0.00084470387,0.013204627,0.005446267,0.0014570039,0.0021220911,0.0055452315,-0.0015596369,0.002764194,-0.016293338,0.094826296,0.109263055,0.12892991,0.011616131,0.027756345,0.0046859,-0.060188726,-0.0034883216,0.0017318279,0.008451751,0.0024429702,-0.001151772,-0.0018291387,0.00091927015,-0.0017707075,-0.007360257,-0.06964423,-0.050992597,-0.091825366,-0.04506385,-0.0023964597,-0.017228082,0.024185494,-0.0098508075,-0.011450043,-0.007451804,0.020213977,0.000529391,-0.000928466,-0.0034009567,0.0019862885,0.020302486,-0.036107443,-0.041054092,-0.004776394,0.00012553297,0.08183218,0.012349104,0.09866215
/mnt/sdd/caltech_training/multiclass/train/008.Rhinoceros_Auklet/Rhinoceros_Auklet_0003_797535.jpg,7,0.0017959428,0.001635225,-0.006427278,-0.019106075,-0.0013823913,-0.0071061943,0.007441139,0.0124084875,-0.08936479,0.18772185,0.2933489,0.25300038,0.016690493,0.003781964,0.037455052,0.0045663225,0.013113119,-0.00026309735,0.002256702,0.0017695543,0.015502761,-0.0036375236,-0.0024276865,0.00021161849,0.12182365,-0.043962292,-0.021409232,-0.0685257,0.038377598,-0.013774409,-0.04204137,-0.03027856,0.012233987,0.00074797275,-0.0057996726,-0.021901406,0.0027458207,-0.0026546733,-0.00633076,-0.011313225,-0.08778784,0.13756888,0.054137647,0.06485499,0.0067595635,-0.08879302,0.045031056,0.042616628
/mnt/sdd/caltech_training/multiclass/train/008.Rhinoceros_Auklet/Rhinoceros_Auklet_0008_797531.jpg,7,-0.0025432245,0.010952602,0.01948014,0.018643577,-0.0016373151,-0.004288517,-0.003479815,0.0004957123,0.019972,0.0034871325,-0.16529843,0.3104776,-0.008762853,0.01728515,0.033076447,0.056068875,0.0067396974,-0.0052405493,-0.021521714,-0.008402391,0.0007872896,-0.0008721503,-0.0010347681,0.0018304132,-0.030787233,0.094489664,0.07179034,0.035626166,-0.010691762,-0.040551785,-0.019608818,0.02070042,0.011072216,0.0018756846,0.0018142139,-0.005012202,0.0060185017,0.00095165917,0.0017655463,0.00462361,-0.11103775,0.0015108809,-0.037958607,-0.01422675,0.028357495,0.054476317,0.010855476,0.05596418
/mnt/sdd/caltech_training/multiclass/train/008.Rhinoceros_Auklet/Rhinoceros_Auklet_0039_2174.jpg,7,0.0012037777,-0.0038467047,-0.0006901426,-0.01688119,0.0012531518,-0.0025805198,-0.00273729,0.008325183,-0.08831914,0.0753354,0.08976734,0.1173929,0.009027521,-0.06877402,0.02381362,0.017150378,-0.0043444983,-0.004480437,0.0023396912,0.010725469,-0.0024436126,0.016942263,0.015451042,0.014975176,-0.060226522,-0.05872691,-0.018625349,0.022513375,0.016431745,0.031468567,0.00017885864,0.08338791,0.012165355,-0.014785729,0.011151749,-0.014148479,0.0025614598,-0.0026493412,2.6218826e-05,-0.0033989628,-0.25089985,0.13252014,0.14190458,0.14991161,0.010589356,0.10705244,0.0070774136,-0.026917089
/mnt/sdd/caltech_training/multiclass/train/008.Rhinoceros_Auklet/Rhinoceros_Auklet_0025_797508.jpg,7,-0.01157891,0.032408446,0.034750417,0.0076211,-0.007949925,0.0061029755,0.0030351924,0.006361363,-0.03494428,0.23225254,0.045073852,0.20523791,-0.0429592,-0.109821215,-0.16649318,0.015652588,-0.005493699,0.00711836,-0.0077787684,-0.0014692007,0.0042025545,0.0057014376,0.015004351,0.0113751255,-0.06561295,0.021838136,0.03683792,0.023086522,0.012948757,0.008057532,0.04047689,0.076712996,0.0070029134,0.0067475447,0.0011483715,0.01710171,0.0020646644,0.00079963775,0.00090114464,0.0022956217,0.013155289,-0.005264096,-0.007546833,0.0011808462,-0.0027833157,-0.014540739,0.04337547,0.042681888
/mnt/sdd/caltech_training/multiclass/train/008.Rhinoceros_Auklet/Rhinoceros_Auklet_0005_2111.jpg,7,-0.008649298,0.0058161495,0.007827159,0.008118385,-0.0057347994,0.0009848769,-0.004057714,-0.0013239721,-0.015386451,-0.12811705,0.1475157,0.21210417,-0.017103257,0.015675448,0.033384822,-0.0060541704,-0.0018116562,0.00010938686,0.0070974557,0.0019409582,-0.012541538,-0.0024134328,-0.0074038226,5.953817e-05,-0.16686726,0.003340084,-0.03295212,0.006505795,0.0036520925,-0.026339034,-0.054538906,-0.042119972,0.01703256,-0.011497473,-0.0064481357,0.0063491003,0.0029000689,0.0013537593,-0.0011448738,-0.0021852981,-0.016766146,0.13561675,0.16156974,0.10597052,0.0060648285,0.0037417794,0.0028807207,0.053172655
/mnt/sdd/caltech_training/multiclass/train/008.Rhinoceros_Auklet/Rhinoceros_Auklet_0049_797543.jpg,7,0.018264346,-0.020933852,-0.022732364,-0.0064631477,0.003942609,0.00061963213,0.0039210175,-0.007122717,0.078104556,-0.0045836866,0.031432025,0.0013322979,-0.031964116,0.024846703,0.028285837,0.009027975,-0.0021795132,0.005656526,-0.00504595,0.0018301683,0.00096243946,0.0033248977,-0.0006551369,0.009951661,0.037379168,-0.1105022,-0.04264329,-0.057559334,0.010319997,-0.041105982,-0.027877638,-0.019306682,0.015898176,-0.0040727807,-0.006209762,0.0022954112,0.003436417,0.0049898885,0.0003344629,-0.0015224246,0.0138764605,0.10258654,0.12655425,0.1071818,-0.011755208,0.13466595,0.0045625996,0.08795347
/mnt/sdd/caltech_training/multiclass/train/008.Rhinoceros_Auklet/Rhinoceros_Auklet_0027_797496.jpg,7,0.0025559985,0.0043470673,0.007818358,0.005866098,-0.0025872714,0.0015680573,0.0010794771,-0.0033446902,0.13591777,0.01560132,-0.057948757,0.15823366,-0.022116303,-0.04517822,-0.025284715,0.0015597995,0.0043531284,0.014129652,0.020513473,0.0057168123,-0.0017107974,0.011513203,0.0028724307,0.010091365,-0.0026890486,0.0324227,0.05572674,0.09230472,0.015351087,-0.026580635,-0.0093216635,-0.008679885,-0.0057047643,-0.00073025574,-0.00896523,-0.009894417,0.0003096636,-0.00076015934,-0.0021875682,-0.0027647715,-0.07161178,0.04105845,-0.038831767,-0.057786528,0.0408789,0.015704254,0.006224828,0.029941466
/mnt/sdd/caltech_training/multiclass/train/008.Rhinoceros_Auklet/Rhinoceros_Auklet_0028_2056.jpg,7,0.0029539955,0.0029782788,-0.006430899,-0.00058513274,0.0038644632,0.0020711175,0.008814245,0.009991944,-0.06405231,0.0068360586,0.12789246,0.20463207,0.023607168,-0.036110163,-0.0073986864,-0.02562926,-0.007825633,0.003917034,0.008123479,0.00723424,-0.005798006,0.0030204821,0.00035075808,0.00037130434,-0.059077144,-0.06719132,-0.018080093,-0.018975582,-0.022908725,-0.03979837,-0.018436402,0.04900719,-0.012369781,-0.01362226,-0.037493613,-0.033997595,0.003841633,-0.0054156,-0.0066753463,-0.00042536607,-0.04747292,0.11294605,0.050021194,0.06574803,-0.018825658,-0.025478937,0.052934628,0.031535354
/mnt/sdd/caltech_training/multiclass/train/008.Rhinoceros_Auklet/Rhinoceros_Auklet_0013_797537.jpg,7,0.016171508,0.00025492883,0.006264396,0.018379807,0.0012396709,-0.0021310432,-0.004297941,-0.009038821,-0.046037924,0.11308211,0.041326247,0.055611663,0.014665196,-0.061537858,0.027941097,0.014268581,-0.0030937179,-0.00017791975,0.014039989,-8.8089146e-05,0.001870459,-0.0018080106,0.00029061013,0.009263508,-0.02360119,-0.06226386,-0.020727329,-0.050468773,0.017363619,-0.0038646422,-0.027967464,-0.010434933,0.0068044807,-0.0070250416,-0.0079121925,-0.012473095,0.0028480322,-0.00076294405,-0.0057110083,-0.0060374523,-0.1597752,0.038266264,0.03766577,0.06392208,0.0012029159,0.10054103,0.04033724,-0.041825123
/mnt/sdd/caltech_training/multiclass/train/008.Rhinoceros_Auklet/Rhinoceros_Auklet_0023_797501.jpg,7,-0.003466509,-0.0053810365,-0.009625691,-0.0046209297,0.0019610743,0.0033780185,-0.005041372,-0.0017177237,-0.026141651,-0.21876141,-0.08346898,0.13364339,0.012059763,-0.058621585,-0.043832313,0.075188816,0.0111025255,0.017124297,0.0062687034,0.011189343,0.0018277322,0.0007173693,0.006144351,0.0034618427,-0.033000097,0.034725353,0.07187655,0.010691028,0.0032304786,-0.02605521,0.002485433,-0.014060919,0.0051991506,-0.008609012,-0.006121327,-0.00019491836,0.005483345,0.005698176,0.0044715265,0.0033342945,-0.287919,0.014522713,-0.11940621,-0.076914415,0.0050036823,0.10185737,-0.0038500912,0.0059999675
/mnt/sdd/caltech_training/multiclass/train/008.Rhinoceros_Auklet/Rhinoceros_Auklet_0041_797515.jpg,7,-0.0010464508,-0.015463397,-0.008654575,-0.0030362862,-0.005188804,0.00015659537,0.0010861922,0.006062548,-0.07587907,-0.15548393,0.08074592,0.06041436,-0.018081222,-0.02215513,0.01713143,0.019071126,0.002727952,0.01339395,0.015223274,0.005578762,0.00040077127,-0.0052473024,-0.006898621,-0.004919,-0.024956554,-0.06857999,-0.077700004,-0.076053165,-0.04068508,0.017156877,-0.0027220626,0.03034933,-0.006192808,0.01413184,-0.00030905125,-0.014565112,0.00011814444,0.0038883442,-0.0024020248,-0.0055067046,-0.0932198,0.02583119,-0.004943629,-0.033921614,0.011271258,0.008769544,-0.016698152,0.010341078
/mnt/sdd/caltech_training/multiclass/train/008.Rhinoceros_Auklet/Rhinoceros_Auklet_0015_2160.jpg,7,-0.0047235833,0.023348337,0.017235514,0.008922369,-0.003960821,-0.003805951,-0.0024882746,0.0010638988,-0.045567043,-0.2751118,0.032522157,0.015465841,-0.0081665525,-0.04244611,-0.075441144,0.028688017,0.0016901344,-0.0044493265,0.017033994,0.007128369,-0.005399218,0.005290414,0.0054829586,0.0072535696,-0.03265658,0.060092684,0.017903749,0.031246329,0.012304558,-0.026501887,-0.016463265,-0.003939721,-0.007320802,-0.0032941855,-0.017751917,-0.028105963,-0.0016245842,0.0012312866,0.0015166806,0.0030543157,-0.11580117,0.037138753,0.03506683,0.054485034,-0.040469352,-0.025275351,0.01986638,0.09423846
/mnt/sdd/caltech_training/multiclass/train/008.Rhinoceros_Auklet/Rhinoceros_Auklet_0032_797516.jpg,7,-0.00017057385,0.0078115305,0.012573183,0.011820111,0.006157947,-0.0072503663,-0.005341597,-0.005078044,0.020246882,0.22878799,0.26704293,0.3276513,-0.0216653,-0.03398398,-0.04526966,0.00037571322,0.0027698528,-0.013328525,-0.006619602,-0.0036881159,-0.0024321312,0.005644587,0.0032943897,0.0043975334,0.08303971,-0.0083379075,0.068852216,0.030563457,-0.02527259,-0.0182729,-0.043246202,-0.042075694,0.004799857,0.0066017136,0.0076045734,-0.00421343,-0.0025305513,0.004198169,0.0026340233,-0.0032716123,-0.0008302238,0.028816808,0.016636703,0.014571236,-0.0067089377,-0.010988634,-0.03235336,0.0010623093
/mnt/sdd/caltech_training/multiclass/train/008.Rhinoceros_Auklet/Rhinoceros_Auklet_0017_2155.jpg,7,-0.0023990553,0.0033688745,-0.0063429056,-0.008676939,-0.0025836763,0.0007830793,0.0013457765,-0.0050795414,-0.07410313,-0.1051226,-0.17073408,-0.09184047,0.014672334,-0.014275681,0.056840766,0.053511072,-0.0023064176,-0.009357395,0.0019912035,0.0064406963,-0.0027554843,0.0014678136,-0.0065771127,0.00174126,-0.0404049,-0.055356205,-0.047926318,-0.071938924,-0.025729377,-0.025963228,-0.03008666,-0.009496567,0.010655449,0.010411256,0.019092977,0.0074433303,0.0021716377,-0.0058776233,-0.0017719334,-0.001125933,-0.08637347,0.14233881,0.052660402,0.029671907,-0.02062962,0.006218901,-0.0041969866,0.028790439
/mnt/sdd/caltech_training/multiclass/train/008.Rhinoceros_Auklet/Rhinoceros_Auklet_0044_797502.jpg,7,0.008347881,0.010996989,0.01334324,0.025834592,0.008559483,-0.00066813966,0.000428739,-0.0039489637,0.13596208,0.102181904,0.025516106,0.028331183,-0.008919615,0.04490064,0.058490425,0.039970964,-0.0029195792,0.00964169,0.020768475,0.00674002,2.3963861e-05,0.00086512696,-0.0051417463,-0.010086983,0.09131804,0.0852361,0.11514888,0.12712422,-0.05920546,-0.034142032,-0.057350263,0.009566596,-0.017080601,-0.015231108,0.010801807,-0.013869237,-0.003911574,-0.0042089233,-0.0093925735,-0.0076559577,-0.06310013,0.04797627,0.02284696,0.049841452,-0.016560156,-0.03293532,0.018174201,0.08091189
/mnt/sdd/caltech_training/multiclass/train/008.Rhinoceros_Auklet/Rhinoceros_Auklet_0029_797520.jpg,7,-0.0027857665,0.009020608,-0.0015426265,-0.007629875,-0.001641144,0.002521255,-0.010058267,0.00076734903,-0.013755009,-0.14914975,-0.09700182,0.09986203,-0.026366245,-0.084320545,-0.105286926,0.0070557194,-0.0005463348,-0.008527187,-0.013450136,-0.0059771338,0.007209109,0.005612958,0.0033551797,-0.00033048273,0.09366338,-0.02362302,-0.02665903,0.05559265,0.012027209,-0.027048549,0.0033669844,0.0051723863,-0.021053374,-0.014874004,-0.017781647,-0.034283716,-0.0044624438,-0.00139729,-0.0021914425,-0.0022638899,-0.03564276,0.090592936,0.0018285946,0.020093437,-0.034440212,-0.05352375,-0.014885048,-0.045581803
/mnt/sdd/caltech_training/multiclass/train/008.Rhinoceros_Auklet/Rhinoceros_Auklet_0043_2096.jpg,7,-0.0040125884,0.0009759802,0.01165087,-0.0008708878,0.000414456,-0.0054355673,-0.0017778776,-0.0043055564,0.072572246,-0.027234364,-0.008409113,0.1001944,-0.00029477663,-0.026823612,-0.05786672,-0.021762578,0.0030485054,0.00395615,-0.0047175605,-0.0076071084,-0.0028923133,-0.0055895085,-0.003724082,-0.0035455544,0.04719337,0.003109552,-0.031629056,-0.04252544,-0.004372182,-0.018629517,-0.026563918,-0.0043695616,-0.027665623,0.0016999845,-0.0021344034,-0.011792777,0.0015971542,0.00097901,0.0035046723,0.0072572026,0.067772344,-0.04397963,-0.02267548,0.003992402,-0.05158118,-0.02382377,-0.017723039,0.004929235
/mnt/sdd/caltech_training/multiclass/train/008.Rhinoceros_Auklet/Rhinoceros_Auklet_0026_797519.jpg,7,-0.002659476,-0.017430395,-0.025988825,-0.020035606,-0.003640641,0.0005536126,0.009154622,0.006412166,-0.016408883,0.06007292,-0.00028032064,0.16710775,-0.006161079,0.010615591,-0.015758537,-0.010453297,-0.0008042457,-0.005227923,-0.009445049,-0.010606236,-0.009563649,-0.0028832888,-0.004927324,-0.0010170913,-0.06454784,0.026035368,-0.04222168,-0.030853298,0.0063733575,-0.026172053,-0.039027333,-0.0006148943,-0.0021429826,-0.0032400955,-0.0120235495,0.0053878846,0.0040287753,-0.0047034016,-0.0006840138,0.0016675497,-0.09508762,-0.022435194,-0.028303316,0.0068690777,0.041696463,-0.03681565,0.060977086,0.0059379223
/mnt/sdd/caltech_training/multiclass/train/008.Rhinoceros_Auklet/Rhinoceros_Auklet_0021_2089.jpg,7,-0.001996019,-0.009969674,0.004781251,0.00058305496,0.00023316265,-0.0036323569,-0.0019565956,-0.0022902505,-0.0060989494,-0.121944994,-0.1485072,-0.1491702,-0.0151765,0.0010362207,0.0119684,0.010640679,-0.009265194,0.0035552168,0.002238378,-0.0018490676,0.00088303845,0.0026297863,-0.0025285813,0.0001921195,-0.083299816,0.01112246,-0.07980755,-0.10078244,-0.014254913,0.016595261,0.00022118678,0.0032101665,-0.008698071,-0.019706085,-0.01074243,-0.015672477,0.004014709,-0.006441145,-0.011168914,-0.005414425,0.11097231,0.1012338,0.047752947,0.06797457,-0.0066278107,0.022015937,0.09717191,0.075841516
/mnt/sdd/caltech_training/multiclass/train/008.Rhinoceros_Auklet/Rhinoceros_Auklet_0009_797539.jpg,7,-0.00265414,-0.009637129,-0.0018588314,0.003321658,-0.00026220933,-0.007326956,9.434536e-05,0.0018254457,0.021697545,0.042641602,0.026686508,-0.037382673,-0.012275577,-0.07123697,-0.02951377,0.054502122,0.00029017986,-1.8308405e-05,-0.0010704659,-0.0029924521,0.0014865214,0.0015260873,0.0070815682,0.0030495697,0.079439566,0.10572325,0.06488693,0.06054551,0.021323014,0.015370233,0.0051363297,0.03981507,0.008419648,-0.013363779,-0.0061073443,-0.031045403,0.0007462298,0.004795022,-0.00012642355,-0.0033257538,0.059323087,0.017754987,0.07023892,0.06403184,0.030424103,-0.060626224,-0.030932102,0.10533709
/mnt/sdd/caltech_training/multiclass/train/008.Rhinoceros_Auklet/Rhinoceros_Auklet_0048_2162.jpg,7,0.0039952076,-0.006245498,-0.010092691,-0.006804385,-0.003563487,0.0011309241,-0.00012936105,0.002626157,0.027817825,0.0639777,0.119356975,0.14132738,0.015877781,-0.012512928,-0.008092571,0.038403522,-0.010385888,-0.0017056996,-0.016722582,0.0063038743,-0.008732518,0.003859504,0.00028705655,0.007474674,-0.015438301,-0.005990939,-0.012022007,0.0072536934,0.015289014,-0.08188589,-0.08380853,-0.07187137,0.01224483,0.0056281043,0.004890072,-0.0036902162,0.0060790735,-0.003124241,-0.00178436,0.00020462697,-0.25706056,0.110649385,0.10011493,0.048549,0.007907291,0.008101762,0.04104111,0.075180404
/mnt/sdd/caltech_training/multiclass/train/008.Rhinoceros_Auklet/Rhinoceros_Auklet_0031_797518.jpg,7,-0.002415853,-0.009716798,-0.013092974,-0.008420417,-0.0050003417,0.0023692655,-0.0034995312,0.002101507,0.05746425,0.21815678,0.28094217,0.3115787,-0.02835907,-0.013937805,0.036295056,0.039675616,-0.008582674,0.0094556585,0.0070290687,-0.0019917097,-0.0049941405,0.0027127238,-0.0051980424,0.0008977639,-0.02031197,-0.0142314285,0.027289003,0.018223494,-0.029427093,-0.0093012415,-0.0036996128,-0.024894074,-0.004399641,-0.0057348604,-0.008911272,-0.03079113,-0.001864848,-0.010198789,-0.0068139555,-0.0037855445,0.012355879,0.19119823,0.106884114,0.114296466,0.009806002,-0.0018133811,0.047364242,0.047524523
/mnt/sdd/caltech_training/multiclass/train/008.Rhinoceros_Auklet/Rhinoceros_Auklet_0033_2169.jpg,7,-0.00020213006,0.0018017695,-0.0062258104,-0.005431916,-0.0017947833,-0.0004644019,0.002556945,0.0030102397,0.11155804,0.09583375,0.1403122,0.105627775,0.016615424,0.03090218,-0.023773268,0.03923875,-0.002186265,-0.0052434783,0.0040829526,0.010135429,0.0040026843,0.00032511936,0.0015512888,0.008711435,-0.003925871,0.061272178,0.05767918,0.042542472,-0.008257676,-0.031178894,-0.043135766,-0.026702143,-0.020744298,0.0066197654,0.019210665,-0.016392995,0.000944932,-0.005177748,-0.006053546,-0.0019549641,0.096899584,0.10638811,0.053298615,0.033244655,0.00542407,0.008756312,0.0025872134,0.08644666
/mnt/sdd/caltech_training/multiclass/train/008.Rhinoceros_Auklet/Rhinoceros_Auklet_0016_2114.jpg,7,0.015617697,-0.005134243,-0.01654005,-0.014315752,0.00075299654,-0.00301308,0.0054284753,0.001892915,0.027159339,0.069776,0.09796511,0.09867797,-0.03763593,0.04885359,-0.0031366348,0.0062492746,-0.011332409,-0.0060859136,0.0034869951,-0.0063435724,0.0011358568,0.0074831094,0.0004177569,-0.0015396941,-0.0019700108,0.053706143,-0.005227493,0.05055466,-0.001919738,-0.056583572,-0.056226164,-0.02309877,0.0046818294,-0.01707827,-0.0140933655,-0.0067948424,-0.0001680415,-0.0039252033,-0.0047172653,-0.0029427393,0.021401558,0.07899527,0.071591675,0.052390106,-0.028647602,0.001034094,-0.017679445,0.088580094
/mnt/sdd/caltech_training/multiclass/train/008.Rhinoceros_Auklet/Rhinoceros_Auklet_0030_797509.jpg,7,0.010029957,0.005095198,0.023401408,0.005496901,0.006966628,0.009643557,0.009840496,0.01464542,0.08198172,0.04194193,0.093133174,0.0718648,-0.005013031,-0.04310166,-0.10496633,0.0025993907,-0.0018978929,0.010042491,0.010675556,0.012234935,-0.0021083571,-0.0045960983,4.6403264e-05,-0.0021452499,0.06673092,-0.03310614,-0.060548704,-0.023689609,0.008385064,-0.031021312,0.04507819,0.030158434,0.011555168,0.0014374775,-0.019263878,-0.026099665,0.001109519,-0.007996415,-0.008560596,-0.0018757628,-0.021828156,-0.112382025,-0.011889096,0.036987226,-0.017894436,-0.06451168,0.0011669486,-0.010920437
/mnt/sdd/caltech_training/multiclass/train/008.Rhinoceros_Auklet/Rhinoceros_Auklet_0037_797499.jpg,7,0.0053588524,-0.0047069066,-0.00082082115,-0.005007316,0.001542529,-0.0022948985,-0.0014161487,-0.0086094765,0.07577819,0.012118222,0.09457299,0.08585611,-0.0011001956,-0.056465976,0.035863243,0.04771436,-0.004031932,0.0037555043,0.0118132755,0.006325876,-0.00037864584,0.0034656078,0.0035900858,0.009449432,0.01440705,-0.035996966,-0.014857553,-0.03488128,-0.034832492,-0.066227645,-0.06350282,-0.012688737,-0.0019106625,-0.014844585,-0.008197587,0.007209896,-0.0016765059,-0.007710527,-0.008550439,-0.008351678,-0.103037804,-0.09154479,0.017460227,0.041416127,-0.004778373,0.019601211,0.013191678,0.035627972
/mnt/sdd/caltech_training/multiclass/train/008.Rhinoceros_Auklet/Rhinoceros_Auklet_0050_797534.jpg,7,-0.0007600757,0.0078009493,0.007850131,0.0024351534,0.004498459,5.1144045e-05,-0.00082194404,-0.0035227805,-0.007705841,0.15569186,0.16279602,0.09223306,-0.010213873,0.00878193,0.028748542,-0.022207178,-0.0012189003,0.0014044184,0.005100295,0.011455841,-0.00038040825,0.0057855966,0.0021850641,0.004961122,-0.036785387,-0.1329637,-0.08823561,-0.1365639,-0.011605859,-0.046717342,-0.050439347,-0.08244495,0.00084881973,0.0065722456,0.008390522,0.0076158545,0.0017804658,0.0046344767,0.0011920863,-0.0032818043,-0.11615683,0.12494333,0.06682128,0.028194241,-0.0053427014,-0.00052005285,0.03427987,0.050915718
/mnt/sdd/caltech_training/multiclass/train/008.Rhinoceros_Auklet/Rhinoceros_Auklet_0045_797536.jpg,7,5.2488875e-05,0.015188698,-0.0016905507,0.002257537,-0.006648397,-0.0003498122,-0.0008493252,-0.0015075587,-0.13049099,0.031844545,0.15789297,0.042509098,-0.025202217,0.012556466,0.08970302,-0.00089841895,-0.011284383,-0.0026084122,0.005720543,-0.014356179,-0.005684776,0.00697116,0.008049149,0.0041300105,-0.059079893,-0.0012475508,-0.00043016113,-0.0062015257,-0.037566543,-0.017081786,0.00038070139,0.03602717,-0.024253827,0.012661696,0.008532945,-0.00019094767,-0.004302979,-0.00907678,-0.0069480147,-0.005493832,-0.11664082,0.10066931,0.089233086,0.048562445,-0.04122663,0.10542243,-0.0069956244,0.032065526
/mnt/sdd/caltech_training/multiclass/train/008.Rhinoceros_Auklet/Rhinoceros_Auklet_0022_2170.jpg,7,-0.0110180415,-0.020090561,-0.034431703,-0.035536222,-0.0026199704,-0.0057149553,-0.007015908,-0.0049156267,-0.12166579,-0.020035546,0.02077185,0.007075412,-0.02042126,-0.08049628,-0.060116477,-0.029750973,0.008871912,0.0045043314,0.010478616,0.004020384,0.0027844487,0.0049724183,-0.0008711034,0.0018375509,0.0019078385,-0.026758336,0.023303252,-0.01652853,-0.0069716563,-0.012079803,-0.014796153,0.025257401,-0.019813173,0.0032218173,0.0056477888,0.0049541085,-0.0018354862,-0.004630993,-0.00096609583,0.0031975508,0.022899713,0.007918268,-0.086656354,-0.07475792,-0.014463132,-0.04463736,-0.04030992,0.028208675
/mnt/sdd/caltech_training/multiclass/train/008.Rhinoceros_Auklet/Rhinoceros_Auklet_0034_797497.jpg,7,0.0033713393,0.011896907,0.006237208,0.026392223,-0.002731797,-0.0021573028,-0.010362783,-0.0066887136,-0.107349366,0.16797337,0.19095986,0.18824926,-0.030990416,0.055210803,0.0336153,0.029552922,0.008462856,-0.0089218905,0.0006739525,0.0021157812,0.012665908,-0.0076357573,-0.0006363606,-0.0020190584,-0.0140955765,-0.035461962,0.021884475,-0.046874706,0.033702523,-0.023517808,-0.034509685,-0.02557974,0.019692916,0.001670742,0.0077951313,0.007756985,0.0036779123,0.00014265836,0.005326927,0.0050704214,-0.06515751,0.026544776,-0.04470812,0.025923856,0.017333351,0.0042737885,0.010688771,0.04921675
/mnt/sdd/caltech_training/multiclass/train/008.Rhinoceros_Auklet/Rhinoceros_Auklet_0014_797522.jpg,7,-0.004246909,-0.0049621565,-0.0035103662,-0.009233529,-0.0025526246,0.0013387925,-0.0033100864,-0.0015948117,-0.030086912,-0.07885179,-0.107277684,-0.11842754,0.014968608,0.019323893,0.017876059,0.03563592,-0.0027266587,-0.0062220143,-0.007782068,-0.01021843,-0.004055408,-0.00045206165,-0.0043126624,-0.0003199213,0.021655977,0.069395326,-0.0048053972,-0.019221796,-0.004708547,-0.024518833,-0.037093863,-0.059299916,0.0139299715,-0.0034722697,-0.012736911,0.0017564134,-0.00075968145,-0.0038141517,0.00011561054,-0.00435097,-0.067649886,-0.079647705,-0.020193115,0.040127,0.020179145,0.07454794,0.063924864,0.05639858
/mnt/sdd/caltech_training/multiclass/train/008.Rhinoceros_Auklet/Rhinoceros_Auklet_0010_797545.jpg,7,-0.0009358986,0.0145810405,0.0056388136,-0.015024845,-0.004602415,-0.007586466,-0.0055526574,-0.009583913,-0.060253218,-0.12351325,-0.11387638,-0.06769176,-0.03230471,0.045751527,0.15431961,-0.013374802,-0.00014525373,0.0028904625,0.0061999876,0.0010511596,0.0034650918,-0.0010800606,-0.0019262752,0.001671571,-0.02999334,-0.019898847,0.022129968,-0.013661585,0.012468966,-0.01831634,-0.002324446,-0.03248205,0.012166038,-0.011438533,-0.01897202,-0.03404838,-0.00243552,0.002065267,-0.0020305403,-0.0029970051,-0.12407682,-0.0671282,-0.051738508,-0.09521196,-0.00785812,-0.054514624,-0.043036588,0.004867737
/mnt/sdd/caltech_training/multiclass/train/008.Rhinoceros_Auklet/Rhinoceros_Auklet_0018_797517.jpg,7,-0.010530874,-0.0050664335,-0.0023717075,-0.0028590593,-0.007051068,-0.0030740343,-0.005938392,0.0038051277,-0.004895717,0.13503826,0.08221485,0.15298459,-0.034075256,-0.01812239,-0.066023454,-0.01713459,0.0024404186,0.015575754,-0.0061624725,-0.00054553966,0.00038037787,-0.006401915,-0.0073298845,-0.010663095,0.09378651,-0.028531339,0.047759082,-0.025986675,-0.054507818,-0.037766416,-0.0038926098,-0.011435678,-0.013198949,-0.018279338,-0.0140538355,-0.022831675,-0.0033132888,0.009240579,0.001510066,0.0062977104,0.069232464,0.023790495,0.027901437,0.042420592,-0.012100833,0.011093068,0.014308053,-0.048203308
/mnt/sdd/caltech_training/multiclass/train/008.Rhinoceros_Auklet/Rhinoceros_Auklet_0019_797513.jpg,7,0.00025377586,0.0022393456,0.016938277,0.015587049,-0.0004090335,-0.0050480375,-0.015609187,-0.0052458625,0.110223986,0.19276327,0.24550056,0.1825712,-0.017847057,-0.080190465,-0.08435401,0.03644833,0.0020098533,-0.0014726056,-0.0009425327,-0.017611613,-8.69754e-05,0.0005869941,0.003246937,0.0022362242,-0.002975583,-0.0996647,-0.11598627,-0.055988133,-0.039505105,-0.02030512,-0.036316227,-0.044717997,-0.036814403,0.010315005,0.0019544559,0.028145066,-0.007269805,0.001936651,-0.0011129719,-0.00031909568,-0.09472774,0.08389385,-0.017306693,-0.02247108,-0.028038265,-0.055460196,-0.043752085,0.09544087
/mnt/sdd/caltech_training/multiclass/train/008.Rhinoceros_Auklet/Rhinoceros_Auklet_0001_797538.jpg,7,-0.002217106,-0.004798531,-0.0016112757,-0.0013073634,-0.0042893942,-0.004803924,-0.0075961957,-0.004468981,-0.07229179,0.049208544,0.21147192,0.23344281,-0.016735721,-0.04386205,0.021809528,0.038310654,0.01849921,0.011390161,0.010493633,0.024086172,0.0055962494,-0.002247475,-0.00063885504,-0.003453122,0.028017558,0.055868424,0.055391844,0.02934753,0.009579061,0.018328685,0.03781866,0.037247322,0.02024107,0.00085157016,-0.019249601,0.007637926,0.0074513014,0.007722141,0.008547877,-0.0019292957,-0.18746272,0.01685115,-0.008367369,0.028211527,0.020294014,-0.011974928,0.05125726,0.089833304
/mnt/sdd/caltech_training/multiclass/train/008.Rhinoceros_Auklet/Rhinoceros_Auklet_0007_797521.jpg,7,0.0022513692,-0.0051498488,-0.018654343,-0.018189954,-0.0033829273,-0.0108199585,-0.004403792,-0.008273811,0.018648213,-0.22552125,-0.14913546,0.0884024,0.0026722536,0.02193326,-0.0039251754,-0.018202422,-0.0054998724,0.0048013674,-0.011354725,-0.0056236414,0.002304235,0.0046155443,-0.000573908,-0.00041236635,-0.048981402,0.005057784,-0.013391636,-0.025577161,-0.008973399,-0.0023602843,-0.060079418,-0.05120566,0.020292584,-0.009841938,-0.013177596,-0.0126969125,0.009971945,-0.0037970468,0.0030962322,0.0012170175,0.018011332,-0.09774081,-0.041876055,-0.02292047,-0.0076947245,0.08342223,0.050672412,-0.027156569
/mnt/sdd/caltech_training/multiclass/train/009.Brewer_Blackbird/Brewer_Blackbird_0101_2630.jpg,8,-0.00068511884,-0.0052600065,-0.020741658,-0.023519238,-0.007326181,-0.0013020752,-0.0111039225,0.004621298,-0.022354418,-0.06302151,-0.0063336194,-0.030238438,0.0006844355,-0.030218609,0.04165524,0.011814828,0.0067267073,0.0012431727,0.009778138,0.0034909495,0.0020515276,0.008342903,0.0040262407,0.0004651695,0.05860956,0.11060375,0.16024768,0.11810673,-0.03226926,0.0010958612,0.02650112,0.017635217,-0.0055520944,-0.013243037,0.00081937853,0.0025028572,0.0038141008,-0.0027982867,0.005442503,0.0025350403,-0.18231978,-0.08090072,-0.07142478,-0.033882193,-0.019075934,-0.111372866,0.0393322,0.062220953
/mnt/sdd/caltech_training/multiclass/train/009.Brewer_Blackbird/Brewer_Blackbird_0045_2303.jpg,8,0.0052149436,0.0028418307,0.009548454,-0.0028169365,-0.002448,-0.0030540298,-0.0032476732,-0.005787296,0.053862434,0.0943016,0.03648817,0.033243824,-0.030972067,0.008418652,0.030920355,0.018444069,-0.0045195017,-0.00816207,0.0020759872,0.0005029491,-0.0035473427,0.0032909522,0.0023045165,0.0029249822,-0.033106588,0.004891716,0.049330957,0.099675655,-0.016372329,0.0028708833,-0.0028253524,0.01781341,0.0057977578,0.0019506642,-0.008772013,-0.018327504,-0.0046808477,-0.0012893181,0.0018109569,0.0032198846,0.1323854,-0.096185595,-0.122918725,-0.09319976,0.0051645264,-0.043388106,-0.010727286,0.020567711
/mnt/sdd/caltech_training/multiclass/train/009.Brewer_Blackbird/Brewer_Blackbird_0096_2634.jpg,8,0.0044041146,0.009351681,0.013386776,0.014493049,0.00018869265,-0.002876136,-0.0009472725,0.0027617654,-0.007141521,0.056385837,0.09766778,0.08211756,0.00046813057,0.026380187,-0.0005235686,-0.039349113,-0.0028444384,-0.006347821,0.003240564,0.0028879186,-0.0023184181,-0.0017323089,-0.0018104863,-0.00946095,0.12619275,0.13393211,0.10904969,0.05707658,-0.023993064,0.07072767,0.03785409,0.015371492,0.00429344,0.021815319,0.005130239,-0.00470286,-0.0008956996,0.0006812924,0.003391195,0.0013947531,0.022819981,-0.17499386,-0.082055196,0.009154654,-0.002860271,0.052724797,-0.015286101,-0.038025722
/mnt/sdd/caltech_training/multiclass/train/009.Brewer_Blackbird/Brewer_Blackbird_0104_2230.jpg,8,0.025748365,0.015069283,0.0100323185,0.011626277,0.016242977,0.004611965,0.0017709767,0.006382206,0.08858009,-0.15032244,-0.14550789,-0.16454965,0.023765564,-0.03262289,-0.03912556,-0.035387162,-0.0028478338,-0.0066646887,0.010703957,0.0050477707,-0.0010566147,0.007849625,0.0019553076,0.0003349937,0.049319707,0.041201863,0.026857998,0.009781916,-0.036994986,0.01538503,0.010918612,-0.00093272375,-0.0035718454,0.019655015,0.009262775,-0.006671614,-0.0023933304,0.0005825126,0.006299579,0.0039092097,0.1507251,-0.012278482,0.019074209,0.11504695,0.005819333,0.07893106,-0.0073735835,0.06468134
/mnt/sdd/caltech_training/multiclass/train/009.Brewer_Blackbird/Brewer_Blackbird_0064_2290.jpg,8,-0.005479051,0.0028443858,0.0046833856,0.00557302,-0.0012000983,-0.0045612897,0.0011268352,0.004000493,0.08632295,0.027860038,0.052307747,0.057328336,-0.0053604664,0.026296804,0.0026343933,-0.0025705881,-0.010830684,0.005839644,-0.008734003,-0.0043843305,-0.003245341,0.0034976706,0.00062613416,0.004017528,0.11903652,0.017237153,0.0050482377,-0.007336473,-0.024102112,-0.0016320874,0.03287074,0.031485915,-0.032618396,-0.021839809,-0.027891014,-0.020274445,-0.0103815105,0.005069358,0.003532643,-0.00058908435,0.13419878,-0.08323392,-0.11810012,-0.08814108,-0.059893288,-0.10834561,-0.0063484907,-0.003701252
/mnt/sdd/caltech_training/multiclass/train/009.Brewer_Blackbird/Brewer_Blackbird_0026_2625.jpg,8,-0.0015729556,-0.009141539,-0.011968292,-0.023452891,-0.006992869,-0.0018644432,-0.001015283,0.0040806583,0.015027337,-0.046625875,0.014188031,0.04151009,-0.032063942,0.019488985,0.035038844,0.03152711,-0.028169943,-0.011792593,-0.011917818,-0.014750574,-0.022507884,-0.024234751,-0.017461337,-0.006444481,0.0076035727,0.10359991,0.08723959,0.060839597,-0.043769423,-0.019962236,-0.006955996,-0.0388676,-0.010608428,-0.0009627938,0.0026861634,0.0021664402,0.0026520255,0.0062436494,0.0059032217,0.0027746046,0.08314847,-0.22668305,-0.107339755,-0.011864161,0.020922922,0.010014134,0.018419715,0.023163104
/mnt/sdd/caltech_training/multiclass/train/009.Brewer_Blackbird/Brewer_Blackbird_0002_2278.jpg,8,-0.011767582,0.0026556957,0.005136447,0.007523851,-0.0024987066,-0.007693528,-0.0063050063,-0.0021852567,0.035885807,-0.23953715,-0.11283571,-0.05297917,-0.0048242807,0.008025851,-0.014294829,0.04129915,-0.0061956365,-0.0094436165,-0.0041985116,0.0026479904,0.0008327757,-0.0029233594,-0.004340718,-0.003467068,0.033656266,0.028669,-0.002709031,0.081239566,-0.019341286,0.03216014,0.021600993,0.011494395,-0.0037736124,0.007875952,-0.0040693423,-0.010972463,-0.00052934035,0.003413746,0.004811808,0.00072834536,-0.017578326,-0.047475867,-0.06028746,0.028771441,0.006379718,-0.014783751,-0.027936907,0.022402583
/mnt/sdd/caltech_training/multiclass/train/009.Brewer_Blackbird/Brewer_Blackbird_0042_2302.jpg,8,0.019201672,0.005128103,0.009593578,0.0027735054,0.010333378,-0.00031309377,-0.0049351333,0.0055486057,0.050465092,0.0077816676,0.10894443,0.060044695,0.014909402,0.0017115287,-0.03814502,0.0016829967,0.00096840144,-0.0011006461,-0.00013108336,0.002042977,0.0033333176,0.008315566,-0.001973262,-0.0032901391,0.07606948,0.1403556,0.045949563,0.017304901,-0.030496154,-0.028905222,0.018384742,0.016480556,-0.02749543,0.010179963,-0.0007565599,-0.011339291,-0.0060021477,-0.0029966212,-0.00093698385,-0.002974871,0.04808963,-0.09318803,-0.052347165,0.018535402,-0.039730832,-0.003917367,-0.0041128434,0.07042317
/mnt/sdd/caltech_training/multiclass/train/009.Brewer_Blackbird/Brewer_Blackbird_0087_2622.jpg,8,-0.004482074,0.01703133,0.009906743,-0.0037781813,-0.0032702438,-0.0057437895,-0.0034490458,-0.0022070878,-0.011470027,0.010469483,0.043415345,0.039467536,0.00061647315,0.004901043,-0.017952904,-0.022571271,-0.0057836063,0.009991376,0.0043642987,-0.011113018,-0.0067957407,-0.002920549,-0.0036119325,-0.007365222,0.04569535,-0.06173984,-0.0034425631,-0.052260645,-0.0024269503,0.06557458,0.0643477,0.06903569,0.0044742012,0.016011512,0.012876158,0.015645867,0.00034173817,0.002634846,0.0046989582,0.013175162,0.12610817,-0.18355513,-0.13231234,-0.10858215,0.0058515496,-0.013257288,0.014154379,0.044593982
/mnt/sdd/caltech_training/multiclass/train/009.Brewer_Blackbird/Brewer_Blackbird_0127_2235.jpg,8,0.010320543,-0.00558073,-0.00799083,-0.00060492055,0.0036851428,-0.0058392,-0.006726156,-0.0031540757,-0.008334568,-0.0008896589,0.080781735,0.039779082,0.005731516,0.035925537,0.028639682,-0.0008236207,0.0076166196,-0.007981359,-0.0039406554,-0.009790849,0.0051733255,-0.0064305165,-0.003545716,-0.014023645,0.05555697,-0.13636695,-0.1358145,-0.099021494,0.020530507,0.048906147,0.027862297,0.03925726,-0.0048572524,0.0034367316,-0.0072586453,-0.048393257,-0.001470255,0.00032260286,0.0044351816,0.006620742,-0.017573588,-0.12752533,-0.04145098,-0.090528995,0.029561218,-0.03841722,0.020606743,-0.048597783
/mnt/sdd/caltech_training/multiclass/train/009.Brewer_Blackbird/Brewer_Blackbird_0142_2636.jpg,8,-0.008242564,0.0017901424,-0.0076987585,-0.0027146507,-0.004004727,0.0032626435,0.0015796789,0.00037482852,-0.021807658,-0.066636406,-0.08105753,-0.06353081,-0.0024866736,0.008443657,0.06096439,0.05630639,-0.007855153,0.0025701786,-0.00872062,0.0004122269,-0.005850103,-0.00398009,-0.0049494654,0.0039517684,0.009939614,-0.074603334,-0.022882372,-0.018127518,0.017399175,0.020028505,0.011254608,0.029475197,0.0005377156,0.015512748,0.020516627,-0.01522816,0.0032295047,-0.0014725223,-0.0008815658,-0.0053103305,-0.101694986,-0.13285169,-0.112162545,-0.017947882,0.027219614,0.030978218,-0.0057143727,-0.13089335
/mnt/sdd/caltech_training/multiclass/train/009.Brewer_Blackbird/Brewer_Blackbird_0132_2293.jpg,8,-1.6790349e-05,0.00014496408,0.0036457418,-0.0021075183,0.0014156003,0.0013805141,0.0006645826,0.007386231,0.07748852,0.055090904,0.031867966,-0.056843396,0.037239615,0.017575094,0.07987583,0.028458858,-0.009679555,-0.0093966955,-0.0030819492,0.0013479727,-0.0067058327,0.0043439744,0.0058977134,-0.0019938461,0.017376043,0.021918185,-0.0029472485,0.061184425,-0.0584554,-0.00453835,-0.0031636804,-0.0033386797,-0.0165711,0.008899683,0.0063282945,-0.014924675,-0.0010839154,-0.00421911,-0.0059712403,-0.008165565,0.13870034,-0.06923963,-0.031305045,0.053917743,-0.03038153,-0.012640731,0.0029575888,-0.03548087
/mnt/sdd/caltech_training/multiclass/train/009.Brewer_Blackbird/Brewer_Blackbird_0111_2613.jpg,8,-0.006505076,0.0007079491,-0.00021984812,0.008484614,-0.007954285,-0.0005965446,-0.007800423,0.001990455,0.04580743,-0.00032632798,-0.071538955,-0.04881732,-0.031932395,0.00089384103,0.018776644,-0.04139996,-0.0066550295,-0.005612338,0.010214558,0.012713123,-0.0049279667,0.0038017065,0.009892313,0.008455574,0.019364491,-0.0003662072,0.036232144,0.00573224,0.020840978,-0.0077857436,0.054802295,0.044623338,-0.016461594,0.010180126,0.0046837647,-0.008932661,-0.00705365,0.0009769215,0.0039003259,0.0060078986,-0.0040657334,-0.0311576,-0.040760584,-0.039938323,-0.016629525,-0.07075776,0.0254723,-0.005812681
/mnt/sdd/caltech_training/multiclass/train/009.Brewer_Blackbird/Brewer_Blackbird_0131_2289.jpg,8,0.017328607,-0.0012509748,0.0055787265,0.0026010063,0.00803414,0.0125766955,0.006051176,-0.0017705554,0.10614546,-0.021854367,0.019365624,-0.00878007,-0.0053558513,-0.0223746,-0.0074555567,0.040794086,-0.00048865005,0.0072826985,0.0025823438,-0.008615918,0.0033719542,0.0031627237,0.0006423651,-0.0037061567,0.1060808,-0.056814183,-0.06457719,-0.017620169,-0.02802772,-0.02173394,0.011101663,-0.0014082957,-0.0006737411,-0.02920613,-0.038600165,-0.024503833,-0.0031466833,-0.0037940831,-0.0035265544,0.00088443473,-0.02076386,-0.11831104,-0.09064698,0.026552286,-0.026739419,-0.10004528,0.01776661,0.07584261
/mnt/sdd/caltech_training/multiclass/train/009.Brewer_Blackbird/Brewer_Blackbird_0032_2214.jpg,8,-0.009083358,0.0016279924,0.007394945,-0.013062865,-0.006848497,-0.00040090142,-0.009551703,-0.009926396,0.014213345,0.03978698,0.08428259,0.0453207,-0.0121671,-0.0023804,0.019008609,-0.020323846,0.00032635365,-0.018016042,-0.0054046954,0.0005361461,-0.0010369024,0.0036860686,0.0110435225,0.009135399,0.015142143,0.041578855,0.080357954,-0.009308562,-0.046811394,0.05680655,0.05743728,0.047077812,-0.020389274,0.0011958447,-0.0019347277,-0.00092401775,-0.004579237,-0.0017996412,0.003921241,0.009705023,-0.13596646,-0.15340504,-0.02735802,0.07502579,-0.033237334,-0.14237538,0.041874796,0.015976544
/mnt/sdd/caltech_training/multiclass/train/009.Brewer_Blackbird/Brewer_Blackbird_0074_2277.jpg,8,0.019222941,-0.005490679,0.0027517555,-0.0046370095,0.0061259815,-0.005512081,-0.004298727,-0.002312032,0.17292738,-0.18031552,-0.08792864,-0.082982466,0.0046755886,-0.013417827,-0.039641485,-0.033376776,0.00029442756,-0.0076866103,-0.007471152,0.0005259218,-0.00093261723,0.002756312,0.007027044,0.002076255,0.073722064,0.05973079,0.0015702732,0.0471451,-0.019695211,0.002764387,0.030523997,0.003958665,-0.009484785,0.0027748435,-0.0066400883,-0.014842795,-0.0039784615,0.0021816446,0.0022470772,-0.0053388127,0.1218196,-0.057279874,-0.013727929,0.08172422,-0.036812387,-0.06913662,-0.028056923,-0.015555833
/mnt/sdd/caltech_training/multiclass/train/009.Brewer_Blackbird/Brewer_Blackbird_0079_2343.jpg,8,0.017905066,-0.000730617,0.015252613,0.013700782,0.007188402,-0.00068899617,-0.00015677535,-0.0025613639,0.07455768,0.13299307,0.0015935507,0.0669408,0.023944475,-0.033576258,-0.012792163,-0.015943147,-0.0005083487,0.013624055,0.011078004,0.015886828,0.0052752295,0.0036659278,0.0022201552,0.003077734,0.01887481,-0.14881375,-0.12725702,-0.034683287,-0.013542285,0.026405796,0.0877893,0.04741324,0.010508597,-0.0035942104,-0.021499868,-0.0077631786,0.0033579986,0.0020125208,0.0055722836,-0.0012023976,0.1337811,-0.23712689,-0.16568394,-0.11043599,0.01305457,-0.040852394,0.020523623,0.015048666
/mnt/sdd/caltech_training/multiclass/train/009.Brewer_Blackbird/Brewer_Blackbird_0102_2620.jpg,8,-0.0070170476,-0.0018338872,-0.008752618,-0.003798251,-0.008692214,0.0022917108,0.0016819467,0.01609457,0.00839166,0.023582196,0.09785441,0.12352248,-0.042448208,0.02195986,0.007446559,-0.0613449,-0.013655044,-0.0013517039,0.00023163902,0.009926306,-0.008468472,-0.0066509917,-0.007635627,-0.010634286,0.038916662,-0.03671094,-0.090761036,-0.11907124,0.035609554,-0.030904824,-0.023621436,0.001614247,0.013361847,0.0055320375,0.01720856,0.016402913,0.0064585153,0.008152783,0.0059045125,-0.005758871,0.0664435,-0.06437978,-0.006585382,-0.057058517,0.0146620665,0.03579513,0.049937055,0.048683293
/mnt/sdd/caltech_training/multiclass/train/009.Brewer_Blackbird/Brewer_Blackbird_0090_2658.jpg,8,0.025714777,0.005140219,0.022611871,0.020367028,0.0124696605,0.005630414,0.0013516682,0.0054746065,-0.10540069,0.115251735,0.134773,0.086028844,0.029152382,-0.0037040485,-0.0010280232,-0.01403106,0.005290178,-0.008598663,-0.006223344,-0.003666087,0.0006923715,0.0034490302,0.0026744874,-0.0037125065,-0.03434185,-0.099499196,-0.075243786,-0.07263179,-0.027079174,-0.04913862,-0.02590537,-0.02260704,0.009616884,-0.026555896,-0.010790548,-0.026366036,0.0055400827,-0.0041552107,-0.002635235,0.00088043814,-0.111845374,-0.08746445,-0.061379116,0.031756155,0.019636404,-0.049571946,-0.0763358,-0.014840077
/mnt/sdd/caltech_training/multiclass/train/009.Brewer_Blackbird/Brewer_Blackbird_0016_2225.jpg,8,0.009815617,-0.011802881,-0.008227326,-0.002031349,0.007441988,-0.005173099,-0.007158172,-0.007450961,0.10167049,0.08776271,0.11144739,0.06383309,0.012793572,-0.040758304,0.055365093,-0.015604629,0.0044809347,0.0146959275,0.0022463186,-0.0018480152,0.0009754646,0.009063557,0.005690426,-0.003106304,-0.00087778084,0.08671707,0.1276314,0.08222094,0.046267908,0.020736098,0.0069621205,0.03861419,0.019022936,-0.011694291,-0.016540052,-0.0053199204,0.0037039244,0.001181765,0.0010515626,0.00066701724,0.1139684,-0.087558776,-0.053046264,0.053554658,0.035466358,0.012721514,0.09845582,0.026150264
/mnt/sdd/caltech_training/multiclass/train/009.Brewer_Blackbird/Brewer_Blackbird_0054_2631.jpg,8,0.00055399444,-0.019353636,-0.017059958,-0.021129506,-0.00015983032,0.00058847084,0.0011088382,0.009198312,0.043036606,0.12779532,0.11003796,0.036247045,0.003700229,0.0069724876,-0.00897572,-0.031223334,0.013850181,0.005899406,-0.009829194,-0.008802931,0.010986909,-0.002888889,-0.00558847,0.0010801774,0.022632279,0.051774178,-0.0069410577,0.0887582,0.024215208,0.04137388,-0.0042493893,0.023843575,0.0005102884,0.0030102786,0.00019296305,0.01435359,0.0029571662,0.0026180148,-0.003344627,-0.007439553,0.02295594,-0.074823156,-0.11562178,-0.04909639,0.022737356,0.005170499,-0.016267486,0.007491571
/mnt/sdd/caltech_training/multiclass/train/009.Brewer_Blackbird/Brewer_Blackbird_0028_2682.jpg,8,-0.007739994,0.011654051,0.01065447,-0.01645295,-0.004034291,0.0049690194,0.00090467685,-0.0030061156,-0.00946,-0.0742809,-0.11315917,-0.12806818,-0.025454422,0.00965366,0.06135905,0.0323281,-0.008469617,0.004633061,0.000764963,0.004743171,-0.011550105,0.009771745,0.008357865,0.0046355017,-0.043488696,-0.13564701,-0.17507194,-0.09047514,-0.0822067,0.046346806,0.049586233,0.050223418,-0.0150626665,-0.018762082,-0.013941589,-0.016555239,-0.007068124,-0.00038882368,-0.005411092,-0.0068899686,-0.11576676,-0.10277441,-0.052524313,0.008331746,-0.025080822,-0.03858141,0.08261949,-0.0013281391
/mnt/sdd/caltech_training/multiclass/train/009.Brewer_Blackbird/Brewer_Blackbird_0030_2268.jpg,8,0.0037321858,0.009698665,0.00903721,0.01249793,0.0023144677,0.0013395958,-0.0018977504,0.0059914407,0.0032564774,0.036899596,0.07492042,0.051880408,0.01210015,-0.03714826,0.090339094,0.0015256952,-0.0073563494,-0.0017679057,-0.0019438763,-0.010406525,-0.0051545273,-0.0014097318,0.0016429219,-0.0018310249,-0.012961902,0.07770139,0.060099132,0.013128186,-0.01796613,-0.0043728426,0.081231326,0.030743781,-0.03527279,0.00459761,-0.019911498,-0.03404369,-0.00912549,0.0029778671,0.0007103089,-0.0066536036,0.13867456,-0.099181145,-0.13347422,-0.009418678,-0.0701796,-0.021359686,-0.017461188,-0.0336069
/mnt/sdd/caltech_training/multiclass/train/009.Brewer_Blackbird/Brewer_Blackbird_0070_2325.jpg,8,-0.0032582954,-0.003599803,0.0035123415,-0.010212896,-0.0024637028,0.002806832,-0.0013838821,0.007124827,-0.06291972,0.106651515,0.10503255,0.10872423,0.03975697,-0.017580494,0.033580955,0.0067072203,-0.010634898,-0.0035826613,-0.008412155,0.004054974,-0.0008369328,0.0017368031,0.0026583862,-0.006375955,0.033701636,0.014033852,-0.02682734,-0.12081449,0.01969112,0.022497065,0.006129111,0.02247563,0.01125997,-0.00012447638,-0.01666972,0.007111338,-0.002264151,-0.0037276302,-0.0029492192,-7.445505e-05,0.12544915,-0.045396417,-0.08073427,-0.038056195,-0.0064756563,0.0050287265,0.033251353,-0.06463516
/mnt/sdd/caltech_training/multiclass/train/009.Brewer_Blackbird/Brewer_Blackbird_0103_2273.jpg,8,0.0052913213,0.0018243935,0.0038619665,0.0038021435,-0.00066320424,0.0006109108,-0.001418089,0.0015096739,0.019030355,0.089756735,0.059243828,0.027239103,-0.0010391623,0.006571308,-0.004395998,0.008876947,-0.0020729362,-0.0032938304,-0.0003768024,0.005202813,-0.002150393,-0.002810448,0.008929723,0.00430648,-0.032882135,-0.021557063,-0.1028097,-0.021771878,-0.07480337,0.0037741056,0.016009733,0.01576454,-0.033814088,-0.031296596,-0.025155209,-0.016911538,-0.006017404,0.004548947,0.0018587328,0.00032500684,0.11103177,-0.14052078,-0.09144427,-0.0057652704,-0.036630552,0.00794936,-0.081607416,-0.021615628
/mnt/sdd/caltech_training/multiclass/train/009.Brewer_Blackbird/Brewer_Blackbird_0095_2610.jpg,8,0.00433084,-0.0037255841,0.0011407298,-0.0012354753,-0.0029485254,0.004270516,0.0030080623,0.0059265513,0.06858783,-0.040123343,0.03666007,0.09889124,-0.014559036,0.023900952,-0.025208924,-0.029159235,-0.008272388,-0.0024273684,-0.0027605034,-0.010427321,-0.007616755,0.0037641989,0.0027828077,-0.0034282494,0.031188972,0.08164576,0.046658065,0.03266907,0.003986883,0.01804966,-0.003933067,0.0018672105,0.0034217467,-0.01136693,-0.013722265,-0.007424155,-0.0020434493,0.003572545,0.0009039434,-0.0005449167,-0.15014805,-0.121214315,-0.0749053,-0.046376258,-0.012866912,-0.12611935,-0.00061442703,0.049758952
/mnt/sdd/caltech_training/multiclass/train/009.Brewer_Blackbird/Brewer_Blackbird_0009_2616.jpg,8,0.0011725093,0.018766485,0.008446783,0.008205657,-0.0016092875,-0.00408841,-0.0010877792,0.00042305875,-0.054291107,0.032427073,0.09073769,0.0033162497,-0.007521898,0.008748526,0.016253948,-0.06463016,-0.010995163,-0.0028363252,0.008846199,0.0018176613,-0.009166097,0.0074294084,-0.0022257739,0.005321025,-0.07814941,-0.11535111,-0.06591162,0.030258927,0.012191772,0.03164558,0.016669288,0.050172176,0.0013581011,-0.028041992,-0.009015309,0.008899576,-0.00083044067,-0.0048409244,-0.005908062,0.0058611846,0.09705315,-0.11795159,-0.027644753,-0.058201313,0.029095203,0.052130025,-0.011585522,0.024562724
/mnt/sdd/caltech_training/multiclass/train/009.Brewer_Blackbird/Brewer_Blackbird_0133_2324.jpg,8,-0.003976991,-0.005491517,-0.006842212,-0.0049377433,-0.00062865624,0.0030187794,0.0071752244,0.0067669777,0.037778847,-0.03799911,-0.115782544,-0.09547007,0.0009003179,-0.032095667,-0.033122066,0.014419522,0.0040103,-0.010163297,-0.025087997,-0.014698257,0.002454717,0.010874273,0.008784204,0.0026947777,0.043872543,0.00024275109,0.07231596,0.016053524,-0.019575767,-0.021838453,-0.01727729,-0.019329464,-0.0004934063,-0.028345814,-0.0027735448,-0.01789296,0.0013767423,-0.0010282099,-0.00092455244,-0.0019156189,0.0020918697,-0.17628695,-0.090200305,-0.09469648,-0.012520018,-0.029580917,-0.0069398223,0.08297562
/mnt/sdd/caltech_training/multiclass/train/009.Brewer_Blackbird/Brewer_Blackbird_0109_2232.jpg,8,-0.0033283033,-0.005289346,-0.0067946664,-0.010304588,-0.005148869,0.0038238475,0.0012950534,0.011706045,0.0771548,0.015477024,0.03865929,-0.010982548,0.0094716605,-0.012000278,-0.033656448,-0.020074561,-0.0022803554,0.004576545,0.0083614895,0.0034529564,0.004475002,-0.0021364528,0.0047958624,0.008206931,-0.046134997,0.033508174,-0.011034679,0.0779453,0.03131931,0.028981816,0.02462435,0.02745926,0.009046891,-0.006690596,-0.021883994,-0.04142358,0.002828572,-0.0024098558,-0.0017319864,-0.0012273892,0.16188633,-0.07304715,-0.024352953,0.023763184,0.002998419,0.003004929,0.09547909,0.027988665
/mnt/sdd/caltech_training/multiclass/train/009.Brewer_Blackbird/Brewer_Blackbird_0140_2586.jpg,8,0.006697556,0.0021191537,0.0077474946,0.0043069934,0.0041664117,0.006057457,-0.0005154812,-0.008038571,0.006438054,0.20444062,0.20961735,0.12935877,0.009631599,-0.004042861,-0.021661906,0.05038456,-0.00037301774,-0.0070790984,-0.00527465,-0.0031206156,-0.008519854,-0.004042249,-0.0018793121,-0.0033933483,-0.078080855,-0.0073192064,0.010037807,0.03355538,0.016587764,0.0018398417,-0.0006533975,0.023889858,0.008370529,-0.019308388,-0.023850273,-0.015434314,-0.0017098391,0.00032575455,-0.0015056154,0.0017877079,0.0004331097,-0.10269928,-0.05709736,0.036956083,0.025509331,-0.025592128,0.0034443075,-0.06300232
/mnt/sdd/caltech_training/multiclass/train/009.Brewer_Blackbird/Brewer_Blackbird_0025_2231.jpg,8,0.0017631417,-0.0069303284,-0.0013830112,-0.006048831,-0.0063390285,-0.0029981388,0.0022761035,-0.00029758568,0.05867143,-0.07728395,-0.07470715,-0.1351295,0.0040615224,0.013918267,0.025644958,0.01103121,0.0025259703,0.0019252477,0.00860071,-0.00014292449,0.00068483263,0.003997149,0.0039483747,0.0023352765,0.12787549,0.045127578,0.031728067,-0.013548275,-0.013753038,0.008227325,0.022582505,-0.003395903,-0.010079168,-0.0117327925,-0.016976807,0.027500639,-0.0048548216,0.0043442976,-0.00020261551,0.00023766514,-0.05000947,-0.15976602,-0.14147815,-0.1157514,-0.01332036,-0.028657444,-0.027927313,0.089389175
/mnt/sdd/caltech_training/multiclass/train/009.Brewer_Blackbird/Brewer_Blackbird_0014_2679.jpg,8,0.004327979,-0.013720585,-0.0016422872,-0.0070076645,0.00051094254,0.012312017,0.012782309,0.008008013,0.06165577,-0.015933208,0.06556076,0.025637073,-0.013635343,-0.021293115,0.003203413,0.019233078,-0.0036355248,-0.0047718044,0.009865524,0.01107322,-0.003973701,0.0016704735,-0.0068563577,-0.0053673577,0.056769542,-0.13901302,-0.10903177,-0.10850607,0.008784395,0.060403645,0.016117092,0.050215486,-0.020149779,-0.010810527,-0.009310022,-0.0017497996,-0.0015042976,-0.00032555335,-0.0007653611,-0.0023932809,-0.22755769,-0.14903381,-0.080320634,-0.0022980645,-0.022892173,-0.0701268,-0.0800581,-0.042962737
/mnt/sdd/caltech_training/multiclass/train/009.Brewer_Blackbird/Brewer_Blackbird_0065_2310.jpg,8,0.015273237,-0.001965557,-0.0039429097,0.008406216,0.004123725,-0.00053937454,-0.0035918958,0.0060098553,0.07863351,-0.109778315,0.028366894,0.029251408,0.033053145,-0.03606503,-0.026997995,0.015591521,0.01045844,0.004395323,-0.0031853514,-0.0030575178,0.00634365,0.00613583,0.0037163156,0.0029987888,-0.012210355,0.053374287,0.09656405,0.0035171118,-0.026272472,0.047740243,0.019672256,0.006168363,0.0007064678,-0.037724487,-0.042738214,-0.02203361,0.004212197,0.0011348849,-0.002284862,-0.00283646,0.12502313,-0.026447754,-0.056081716,-0.025568575,0.03472397,-0.10709917,0.07623068,-0.08314453
/mnt/sdd/caltech_training/multiclass/train/009.Brewer_Blackbird/Brewer_Blackbird_0061_2270.jpg,8,-0.0025650705,-0.008152386,0.0056388946,0.005143026,-0.0048241573,-0.00718273,-0.0063208574,-0.0008251581,-0.0031257244,-0.074365705,0.021149874,-0.053103458,-0.0032788073,-0.008110571,-0.048754282,-0.019223213,-0.008710356,0.015787376,0.0062022787,0.008561458,0.0024937158,0.003826839,-0.0020705364,-0.0002327275,0.06756841,-0.007120136,0.018353779,-0.010459278,-0.028870748,-0.025991868,-0.028998315,0.03688247,-0.010304965,-0.011340748,0.0052395146,-0.018816862,-0.0038387387,-0.0013057421,-0.0055317893,-0.0020836056,-0.15867066,-0.105675325,-0.040228583,0.017338313,-0.012256955,0.07021248,0.0801929,0.013435759
/mnt/sdd/caltech_training/multiclass/train/009.Brewer_Blackbird/Brewer_Blackbird_0004_2345.jpg,8,-0.013854016,-0.0033173552,-0.013389753,-0.0016217278,0.0015369134,-0.0051971837,-0.0072008204,-0.006114929,-0.025420118,-0.014949532,0.0078008287,0.018755306,0.00091080274,-0.024743903,-0.040236704,-0.0022040508,-0.006602743,-0.005775703,-0.0074027535,-0.009646173,-0.0024571547,-0.00017670868,0.0046610693,0.0055530486,-0.052926052,-0.09957524,0.04895723,-0.0055708336,-0.029835578,0.015916366,0.028879035,0.0514402,0.000926333,0.0029453645,-0.009046261,-0.020099701,0.0015645117,0.003220989,0.003953632,0.0014622894,-0.079196095,-0.13620213,-0.089827016,-0.011641024,0.05346067,0.066485554,0.075140744,-0.08296793
/mnt/sdd/caltech_training/multiclass/train/009.Brewer_Blackbird/Brewer_Blackbird_0027_2329.jpg,8,0.003972404,0.00017674267,0.013684578,0.014078053,0.002219594,-0.0016041782,0.0051592966,-0.0020518773,-0.0011526495,-0.028954951,-0.00096316636,0.030261049,-0.0051380056,-0.03094589,-0.047496844,-0.021651452,0.0010856327,-0.0060899723,-0.007600787,-0.0126196295,0.0022449014,0.0060165105,0.0014738413,0.007059479,0.042484365,0.033772677,-0.0071371663,-0.061114892,-0.04808693,0.03312567,0.04558681,0.033291604,-0.029964909,-0.0060455287,-0.0060706018,-0.027831046,-0.0058099404,0.00073728163,0.00048043462,0.003526642,-0.11650451,-0.110171445,-0.04002683,0.013572045,-0.00870306,0.023797587,0.045581453,-0.094990715
/mnt/sdd/caltech_training/multiclass/train/009.Brewer_Blackbird/Brewer_Blackbird_0139_2567.jpg,8,0.0069180164,-0.0069851875,-0.01016265,-0.015044486,0.0021084677,0.0024120696,0.004672743,0.0060673035,0.04844529,0.06394909,0.034574665,0.02493037,0.01367913,-0.019030241,-0.017321808,-0.009265445,-0.0019344257,0.0040581347,-0.0067498605,0.017429156,0.0007928235,0.0013828236,-0.0041253134,0.0012425834,0.012838915,0.023662282,0.009778183,-0.006862119,-0.028025934,-0.00047345785,0.044385657,0.023117121,-0.022231907,-0.0046718596,-0.019045234,-0.016564772,-0.0063168565,0.0035313743,-0.0015181996,0.0052384874,0.030021634,-0.0004661139,-0.035246093,0.010144797,-0.013265571,0.05069126,0.0612819,0.009462892
/mnt/sdd/caltech_training/multiclass/train/009.Brewer_Blackbird/Brewer_Blackbird_0049_2258.jpg,8,-0.0007224898,0.006580481,0.010129335,-0.0089911865,-0.0032755034,-0.0024267475,-0.002271344,-0.0014789435,0.07228748,0.047178984,0.08170709,0.07773794,-0.0005558431,-0.052985758,-0.030576285,-0.031625323,-0.0015517017,-0.028983548,-0.023264784,-0.00023721205,-0.008557984,-0.0015365762,0.0010444191,-0.0067098173,0.06433523,-0.05177269,-0.03150437,-0.009646736,0.002789029,0.009946087,0.008450493,-0.009670253,0.012612086,-0.013637729,-0.014354206,-0.001806532,-0.0014649569,-0.003611584,-0.005370084,-0.0065160864,-0.09961544,-0.27839935,-0.14303732,-0.07519215,0.013283344,0.014846276,-0.056648426,0.0047891987
/mnt/sdd/caltech_training/multiclass/train/009.Brewer_Blackbird/Brewer_Blackbird_0099_2560.jpg,8,0.010710012,0.008703611,-0.0013736729,0.0005683643,0.00027382636,-0.0002101548,-0.0078593325,0.00082492805,-0.03263917,0.064561896,0.029023398,0.055155933,0.0068689934,0.038982265,-0.013387685,-0.0066559566,0.0022566137,-0.00059966324,-0.00521471,-0.008298196,-0.00131224,0.005939376,0.0057883877,0.007128331,-0.087076545,0.04649754,0.04918725,0.018890124,-0.0057997564,0.04484882,0.042622883,-0.05475898,0.017933737,-0.026503619,-0.03140405,-0.010120282,0.004111455,0.0011960359,-0.0017389114,-0.0021895417,-0.090069875,-0.1426001,-0.11816063,-0.037456576,0.02621917,0.024134455,0.00015818328,0.097493365
/mnt/sdd/caltech_training/multiclass/train/009.Brewer_Blackbird/Brewer_Blackbird_0046_2688.jpg,8,0.021640068,-0.007161008,-0.0058726487,-0.020008985,-0.0007805259,-0.0073616416,-0.007968081,-0.003495872,0.07789077,-0.0046753306,0.03570415,0.040969368,-0.009114425,0.017549023,-0.02530101,0.05572591,-0.013914243,-0.017111866,-0.022604762,-0.010083709,-0.008361215,-0.003184238,0.007814218,0.0016518671,-0.007981682,0.03218767,0.03831794,0.027945919,-0.003478073,0.021692693,-0.016743127,0.014874113,0.0050274003,0.012923902,-0.019396357,-0.022386728,0.005498481,0.006846775,0.0025557321,0.0026265793,0.015283182,-0.15123196,-0.17213584,-0.13226315,-0.024612945,0.07563096,0.032551933,0.048534412
/mnt/sdd/caltech_training/multiclass/train/009.Brewer_Blackbird/Brewer_Blackbird_0097_2322.jpg,8,0.008977393,-0.009338197,0.0122543145,0.0018196547,-0.0015549607,0.00092842197,-0.009682763,-0.0021611545,-0.0028650984,0.04664054,0.08501671,0.054153625,0.016934182,0.005915975,0.013220394,-0.009320599,-0.009792779,-0.0061556334,0.008949127,0.0031270455,-0.010856896,0.005286569,0.003218368,0.0044206753,-0.08540601,-0.14852697,-0.13390724,-0.028157126,-0.023018733,0.02699612,0.005653065,0.011729648,0.0071865264,0.012713781,-0.007130841,0.005837894,-0.0026383847,0.002712804,7.86132e-05,-0.009032365,-0.13611971,-0.27973688,-0.13080788,-0.013770955,0.0017508641,-0.068844974,-0.07095472,0.02248647
/mnt/sdd/caltech_training/multiclass/train/009.Brewer_Blackbird/Brewer_Blackbird_0137_2680.jpg,8,0.012181408,-0.004001651,0.0034316042,-0.005828514,0.00476866,0.004597985,-0.008406634,-0.0025743893,0.0028888024,-0.22119823,-0.17239285,-0.0968656,0.042509057,-0.017455643,0.0067476956,-0.007856168,0.009621112,-0.00589733,0.0070474283,0.017661612,-0.0012439811,0.007184998,0.007864769,-0.0006082356,-0.03746716,0.07446332,0.021070257,-0.046714075,-0.0028878935,0.006715887,0.0020385627,-0.017451651,0.029080292,-0.006077682,-0.040175892,-0.02856812,0.00017099496,0.0037934235,0.0024907961,-0.00073746685,0.07562792,-0.27966744,-0.20959467,-0.21696937,0.01737508,-0.046396557,2.682861e-05,-0.012729785
/mnt/sdd/caltech_training/multiclass/train/009.Brewer_Blackbird/Brewer_Blackbird_0112_2340.jpg,8,0.0015845379,-0.021729184,-0.01005872,-0.012206506,-0.0026707659,-0.0056950347,-0.006279277,-0.002655342,0.012172492,0.048891567,0.044743575,0.012897468,0.019397572,0.01928972,0.005718318,0.01551845,-0.0022257369,-0.0146745145,-0.007243936,0.0025561447,0.0013343606,-0.0018818579,-0.0034845956,-0.0044172024,0.019576924,-0.02001439,0.0069564637,0.03491907,-0.06782543,-0.006461938,-0.02021743,0.0033890922,-0.04635208,0.009322491,-0.013607625,-0.016001953,-0.009612545,-0.00419049,-0.007706963,-0.010304893,0.14032355,-0.065458484,-0.021801703,0.033995003,-0.055339977,0.05933449,0.008967325,0.03900252
/mnt/sdd/caltech_training/multiclass/train/009.Brewer_Blackbird/Brewer_Blackbird_0106_2608.jpg,8,0.023602383,-0.0029741437,-0.009658317,-0.0103023425,0.0045996164,-0.0021362426,-0.0040447637,-0.008625146,-0.01851996,-0.16753145,-0.09606879,-0.07388431,0.009803103,-0.01077757,0.00070403493,-0.010081023,-0.011028273,-0.007899538,-0.008028725,0.0051971655,0.00070103304,-0.0030451715,-0.0019504199,0.012507136,0.0010871403,-0.020348229,-0.091022655,-0.035388954,-0.032097314,-0.0228813,-0.029263414,-0.0067222062,0.0026923278,-0.020793088,-0.0028985161,-0.013355514,-0.0015784709,0.0040844386,0.0024534613,-0.0039479006,-0.17790097,-0.01345491,-0.055585172,0.026807282,-0.03742638,0.037942253,-0.003648974,-0.03609358
/mnt/sdd/caltech_training/multiclass/train/009.Brewer_Blackbird/Brewer_Blackbird_0017_2668.jpg,8,0.0067014396,0.009649101,0.017505668,0.004175067,0.0016028961,-7.8278594e-05,-0.0047428673,-0.0028666481,0.021837737,-0.102944806,-0.0467837,-0.023291474,0.01298799,0.048848018,0.047399588,0.020612797,0.003584489,-0.007939253,-0.0003670454,0.0027095762,-0.003996482,0.007774439,-0.0018890587,-0.00016517006,-0.019288328,-0.0662491,-0.039485916,-0.09458089,-0.028506357,0.006017606,-0.0151245305,-0.029011337,-0.0077061057,-0.01653563,-0.0067756856,-0.027086671,8.627452e-05,-9.993484e-05,0.0014064095,0.0019212094,0.062636144,0.00084296614,0.01667127,0.09374024,-0.013859368,0.050833285,0.026479844,0.079518095
/mnt/sdd/caltech_training/multiclass/train/009.Brewer_Blackbird/Brewer_Blackbird_0018_2261.jpg,8,0.00869095,0.0033676163,0.005396991,0.0036863815,0.0013939544,-0.0028595305,-0.009580221,-0.00060433,-0.020049006,0.0855166,-0.031884845,-0.05232737,0.023289056,-0.02076244,-0.04106427,-0.036157135,0.009173414,-0.00555855,0.005317958,-0.0025012845,0.001405193,0.00031175278,0.0011400338,0.005626523,-0.031428345,-0.10181573,0.021204636,-0.0891211,0.029405426,-0.027477732,0.04025364,0.0587701,-0.0042178826,-0.022616237,-0.0028650118,0.0064300834,-0.004786928,-5.8108242e-05,0.0011252876,0.0003220291,-0.07311816,-0.0949094,-0.059470817,0.041611336,-0.022030998,-0.028558612,0.072040394,-0.033045404
/mnt/sdd/caltech_training/multiclass/train/009.Brewer_Blackbird/Brewer_Blackbird_0078_2659.jpg,8,-0.009226465,0.006376194,0.01872994,-0.00119861,0.0020737671,-0.0044051977,-0.006770928,-0.0013722071,-0.014935095,-0.0645465,-0.10292457,-0.082195394,0.037356474,0.0058958437,-0.011283213,-0.0061154566,-0.0037747566,0.010708457,0.011606164,0.011056852,-0.0018469458,0.0008395572,0.0026979987,0.0019588263,-0.01480669,-0.09633445,-0.011266898,0.0011835713,-0.023688124,0.03547295,0.07453096,0.05591947,0.0035815416,-0.014738772,-0.026259398,-0.001058134,-0.00016815844,-0.0012470634,-0.00041390123,-0.0014420676,-0.08390402,-0.10065908,0.015132318,0.09198945,0.022413038,0.005248423,0.04573071,-0.08214587
/mnt/sdd/caltech_training/multiclass/train/010.Red_winged_Blackbird/Red_Winged_Blackbird_0101_6244.jpg,9,0.012529019,-0.00775774,-0.024527695,-0.021522334,0.013654418,-0.0017126969,0.0016827083,0.0009253402,0.056451533,-0.07846022,-0.08840555,-0.07203115,-0.0022378936,-0.010943382,0.0076900236,0.00031381845,-0.0034786738,-0.017214552,-0.006424132,0.008991059,-0.0014730156,0.0014037746,0.0037757822,0.0010596421,0.084338196,-0.15507577,-0.17129138,-0.22932069,-0.023983097,0.016873848,0.0042478554,-0.01269686,-0.0034957724,-0.012927899,0.00069961604,-0.031044371,0.00013947836,-0.0010614882,-0.00088298053,-0.00030436326,0.14336105,-0.10029782,-0.09247036,-0.064002536,-0.0033056038,-0.022983171,-0.0719402,-0.034604803
/mnt/sdd/caltech_training/multiclass/train/010.Red_winged_Blackbird/Red_Winged_Blackbird_0094_5856.jpg,9,-0.011250457,0.008878168,-0.00065512187,-0.010375608,-0.0038059072,-0.0032639415,0.0019409418,0.0016024585,0.00071049854,-0.11603004,-0.08436994,-0.03738675,-0.012636724,0.024080694,0.058307055,-0.01355977,0.0017033024,-0.015793845,-0.003713667,0.0018337441,-0.00036129402,0.001405619,0.0028666458,0.0038160828,0.05666718,-0.09202629,-0.08158639,-0.021529663,-0.020397875,0.001146432,0.027538104,0.03538311,-0.02729444,-0.01963605,-0.011150194,-0.00564723,-0.007974591,-0.008903434,-0.009848405,-0.0063727284,0.006908998,-0.0062129833,-0.04362297,-0.07508165,-0.057817467,-0.064201176,-0.04375132,-0.054402635
/mnt/sdd/caltech_training/multiclass/train/010.Red_winged_Blackbird/Red_Winged_Blackbird_0028_4709.jpg,9,-0.005101395,0.00012065866,0.00426728,0.0033040033,0.0016919628,-0.0011551706,-0.0035797523,-0.0006387556,-0.105349824,0.02059254,0.047949493,0.034521457,-0.027249549,-0.043349277,-0.053641297,-0.016677326,0.004726304,-0.0014810567,-0.006472646,0.0027851309,-0.001675439,-0.0020702577,-0.00085660093,0.0024325985,0.07665839,-0.065245025,-0.06337754,-0.028531477,-0.045245513,-0.010623274,0.009063297,-0.0065024607,-0.037134983,-0.031030383,-0.0027432633,-0.0091127185,-0.0071239127,-0.009522811,-0.006921271,-0.006065995,0.06554386,-0.0011575539,0.023973906,-0.06860461,-0.028587196,-0.054696914,0.029366728,-0.057588927
/mnt/sdd/caltech_training/multiclass/train/010.Red_winged_Blackbird/Red_Winged_Blackbird_0022_4483.jpg,9,-0.008518095,-0.007764195,-0.0068486817,0.0011916307,0.0003165761,-0.00016667438,-0.0012789732,-0.0032542355,-0.0363602,-0.19342194,-0.058578122,-0.10316543,0.0044400943,-0.03250901,-0.033142854,-0.0026622056,-0.005238684,-0.0012103495,-0.0006474636,-0.0018046214,-0.009935352,-0.0017071357,-0.0069140033,-0.0034143026,-0.0010920633,-0.11152607,0.008527929,0.039013784,-0.044102203,-0.013387382,0.0034080301,0.029460268,-0.0020098134,-0.0023045368,0.0035518147,0.030786801,-0.005095913,-0.0024915012,0.00043046323,0.00058627716,0.05067452,0.005634372,-0.018895632,-0.08426131,-0.031441167,0.051803898,0.0056292145,-0.03464242
/mnt/sdd/caltech_training/multiclass/train/010.Red_winged_Blackbird/Red_Winged_Blackbird_0011_5845.jpg,9,-0.0028877244,-0.01134219,-0.012565898,-0.009991391,-0.002258236,-3.0899537e-05,-0.0029635238,0.005874049,0.041208625,-0.13044876,-0.0493636,-0.050579417,-0.0016929575,-0.0038046548,-0.016051466,0.046695948,0.014221363,0.0070937504,-0.005365748,-0.0036331727,0.0073267072,-0.0067515355,0.0026152628,0.0030209539,-0.00019960478,-0.042691194,-0.013699592,0.009261485,-0.012931835,-0.016888432,-0.051709324,-0.0605186,-0.006227983,-0.00917833,-0.004385875,-0.03335385,0.0015463599,-0.0073548323,-0.007284588,-0.0023360993,0.14519022,-0.027684294,-0.00028657168,-0.010587227,-0.03170582,0.030163322,0.013542248,0.001824196
/mnt/sdd/caltech_training/multiclass/train/010.Red_winged_Blackbird/Red_Winged_Blackbird_0075_4953.jpg,9,0.0037888049,-0.012134384,-0.0065780585,-0.007350537,-0.0006898516,-0.0061417078,-0.0058868155,-0.0028957308,0.05046863,0.07187793,0.0059669763,0.035271462,-0.0089811105,-0.014914883,-0.01949643,0.0042510387,0.0006942564,0.0064047454,0.0036997227,-0.009182517,0.0010971753,-0.0017360534,-0.0034363877,0.0030921707,0.08057328,0.05679138,0.093857765,0.02302887,0.009279208,-0.020429049,-0.0423174,0.034864534,-0.0374804,0.00064662634,-0.021219574,-0.013973127,-0.00942173,-0.001962568,-0.007876887,-0.0077511757,0.038596544,-0.15307654,-0.091230676,-0.08200389,-0.034616694,-0.08095655,-0.017727368,0.007208854
/mnt/sdd/caltech_training/multiclass/train/010.Red_winged_Blackbird/Red_Winged_Blackbird_0104_3918.jpg,9,-0.006402313,0.01458589,-0.001087069,0.004247401,-0.0030202619,-0.0009826326,-0.0058097215,-0.006062976,0.031459663,-0.1428025,-0.124139875,-0.022555873,-0.02813188,0.021796448,-0.020706221,-0.0276667,0.0016496414,-0.0040385653,-0.00062869675,0.00332784,0.003746979,0.0047913906,0.002758403,0.0059524914,-0.034759067,-0.073079176,0.029761035,0.058808792,-0.019409034,-0.034519996,-0.021782603,-0.028133268,-0.0066696825,-0.00844357,0.016897138,0.024478175,-0.0061459886,-0.008943566,-0.011652729,-0.0085665975,0.06639138,0.0036795363,0.057530273,-0.018145978,-0.06244231,-0.021584837,0.009335236,0.014087108
/mnt/sdd/caltech_training/multiclass/train/010.Red_winged_Blackbird/Red_Winged_Blackbird_0039_4285.jpg,9,-0.0004407242,0.0019849404,-0.008809195,-0.0151792765,0.0023437983,0.0056909844,0.002706999,-0.0019908198,3.4326687e-05,-0.13249815,-0.020322464,-0.07278195,0.03746274,-0.011944844,-0.0027606906,-0.022226205,0.00692332,-0.006608862,-0.008170274,0.0016127782,0.008270456,0.002392437,0.0013876229,0.001016922,0.14049113,-0.099405065,-0.08074519,-0.067596495,0.014976772,-0.00059556775,-0.026820134,-0.022907494,0.016562447,-0.0058939382,-0.0111861285,-0.02079809,7.315495e-05,-0.0036161314,-0.0019857506,-0.0015972571,0.046873372,-0.06109701,-0.06309451,-0.04994709,0.020765135,-0.005949768,-0.0008981456,-0.07149994
/mnt/sdd/caltech_training/multiclass/train/010.Red_winged_Blackbird/Red_Winged_Blackbird_0105_4842.jpg,9,0.008134099,-0.0035177576,-0.0006121618,-0.014907187,-0.0048518963,0.0036523356,-0.0037417458,-0.0001549666,0.002730921,-0.20361166,-0.11472647,-0.06355687,-0.0022468795,0.03555894,0.023000643,-0.023513274,-0.0061685047,-0.00026898435,-0.010012848,-0.0036834194,-0.003833736,0.0051117744,0.0063634273,0.013153315,0.0402864,-0.110998124,-0.08215986,0.013055131,-0.0030782898,-0.003501812,0.03973008,0.03599057,-0.018397048,0.015252945,0.013343515,-0.012229929,-0.0054499484,-0.005648691,-0.014268069,-0.0105606355,0.14226225,0.029021159,0.052909724,0.018706024,-0.01535023,-0.06487262,0.037602246,-0.043538623
/mnt/sdd/caltech_training/multiclass/train/010.Red_winged_Blackbird/Red_Winged_Blackbird_0029_4804.jpg,9,0.00752945,-0.008419358,0.008234857,0.00050805137,0.005603064,-0.0072217807,0.004187026,-0.005299177,-0.031549327,-0.053724363,-0.011360307,0.01612287,0.017358642,-0.010861207,-0.019939115,-0.019592052,0.00463761,0.0017067213,-0.004256301,-0.015334402,0.0017105138,0.0023260224,-0.0064481823,0.0026271902,0.12238531,0.004114096,0.0633845,0.050804764,-0.009507094,-0.038930662,-0.054528557,-0.06711421,0.016543094,-0.029263161,-0.01843728,-0.038111217,0.0027317628,-0.005766416,-0.0041458327,-0.008496085,-0.09386383,0.054552164,0.02812597,-0.05991736,-0.005291228,-0.019287724,0.013969147,-0.050493244
/mnt/sdd/caltech_training/multiclass/train/010.Red_winged_Blackbird/Red_Winged_Blackbird_0021_3767.jpg,9,0.003651264,-0.004646194,-0.0015242958,-0.004365878,0.00026360934,-0.0013288739,-0.003381925,0.0025329138,0.11991425,-0.117646925,-0.08011834,-0.04725936,-0.023477148,-0.013437571,-0.042824384,-0.024022782,-0.008563537,-0.007795587,-0.021305364,-0.018887922,-0.004016799,0.0032391592,-0.0030869176,0.0011996785,-0.050076164,0.0056156777,-0.0419729,-0.062347688,-0.048418276,0.012965598,-0.003230697,-0.00036466867,-0.02623555,-0.0034403242,0.0030697251,0.025781106,-0.0057570604,-0.0093616275,-0.010854103,-0.0017476135,0.13254161,0.019717876,-0.01899198,-0.08989842,-0.066383995,-0.06717688,-0.01566094,0.064640254
/mnt/sdd/caltech_training/multiclass/train/010.Red_winged_Blackbird/Red_Winged_Blackbird_0109_4454.jpg,9,-0.015207469,-0.015809603,-0.014050797,-0.015475802,-0.0055647558,0.0036177514,-0.0026899113,0.0053569265,-0.057686828,-0.1794638,-0.1381871,-0.0876651,0.0030560382,-0.042258993,-0.033143073,-0.020949708,0.0032316134,-0.007782696,-0.008444167,-0.003700146,-0.0030059938,-0.00046984933,-0.0029586242,0.0002451007,-0.1315335,0.06371868,0.069547065,0.005456373,0.0022938326,0.0054579037,-0.043931477,0.01312162,0.00035315985,-0.01065983,-0.025238626,-0.00853195,-0.0010358689,-0.004642765,-0.0036795244,-0.00785175,0.1065747,-0.007197637,0.0712903,0.026897836,-0.020824244,0.054740813,0.069048464,-0.043217435
/mnt/sdd/caltech_training/multiclass/train/010.Red_winged_Blackbird/Red_Winged_Blackbird_0099_3985.jpg,9,-0.0070309155,-0.0017937452,0.004982706,-0.00082340045,-0.0010648428,0.001802955,0.0069763428,0.0039103883,-0.029153135,-0.09049235,-0.01944827,0.008333668,0.02726928,-0.027833458,0.010952661,0.020279367,-0.007562017,-0.015109459,-0.0068564788,-0.0076741707,-0.0009862906,0.003871213,0.0032263712,0.0010332143,0.028473593,-0.10753242,-0.07955703,-0.10266867,-0.0020965673,-0.0073929443,-0.01376749,-0.027172806,-0.005903949,-0.0077717258,0.012185167,-0.0020141033,-0.004953174,-0.0066778827,0.000348432,-0.0044091893,0.08457585,0.006967265,-0.0069075935,-0.0043293945,-0.013706362,-0.07755564,0.0010991096,0.01889617
/mnt/sdd/caltech_training/multiclass/train/010.Red_winged_Blackbird/Red_Winged_Blackbird_0023_5257.jpg,9,0.014419021,-0.030936502,-0.030371848,-0.025369942,0.0080013545,-3.1988602e-05,0.0055080354,0.0071454877,0.03931862,-0.0047042556,-0.04914821,-0.026302736,0.017223727,-0.009419705,-0.03398788,0.053027034,0.008185671,-0.012984718,-0.005884064,-0.0011742697,0.0006007917,0.001997732,-0.0005103969,-0.0011243925,0.04530465,-0.07518949,-0.013516179,0.019047178,0.027330048,-0.035431422,-0.020144857,0.04393907,0.0129619315,0.0007120478,0.011114269,0.03310614,0.0021800527,-0.0040494883,-0.009914423,-0.00861048,-0.19893263,0.0005616322,-0.012720481,0.0011954755,-0.028870251,-0.08544478,0.013362521,0.02881427
/mnt/sdd/caltech_training/multiclass/train/010.Red_winged_Blackbird/Red_Winged_Blackbird_0078_5372.jpg,9,-0.014652155,-0.023187064,-0.016825339,-0.020145966,-0.0056805653,-0.0115947975,-0.008222385,-7.913052e-05,-0.08585338,0.059165888,-0.11683677,-0.053063273,-0.039727554,-0.028652435,-0.016700502,-0.007218147,-0.0018963087,-0.010298039,-0.019163411,-0.010373428,-0.0058396347,-0.00043772906,0.0049485518,-0.001358453,-0.06919115,-0.108626634,-0.073871374,-0.18688484,-0.0033559762,-0.015086724,-0.013584137,-0.021902703,-0.026093807,-0.0030788148,-0.0041013723,-0.023285333,-0.0064106006,-0.0071827676,-0.007670965,-0.0083345715,-0.0029478827,-0.060661238,-0.054446474,-0.071465895,-0.04829173,0.024391307,-0.025349045,-0.07752522
/mnt/sdd/caltech_training/multiclass/train/010.Red_winged_Blackbird/Red_Winged_Blackbird_0027_4123.jpg,9,0.0013687001,-0.01161032,-0.009403817,-0.015147747,-0.00028815144,0.013519156,0.011258218,0.004466559,-0.012716826,-0.005757414,0.054767884,0.12373189,-0.030657645,-0.004987754,0.015097875,-0.05436904,-0.0064208545,-0.0073120147,-0.0056020897,0.0048914365,0.0010198159,0.0055092457,0.005023229,-0.00061724643,-0.034807578,-0.049111307,-0.064038485,0.013219943,0.012751709,-0.0030283956,0.008121427,0.021318097,-0.0046350644,-0.018827882,-0.00581696,0.0021218322,-0.0012824852,-0.0007087025,-0.002480083,-0.0033421223,0.19468628,-0.0041657537,-0.015997943,0.02270386,-0.020150902,-0.014251109,0.011782959,-0.11038517
/mnt/sdd/caltech_training/multiclass/train/010.Red_winged_Blackbird/Red_Winged_Blackbird_0059_4612.jpg,9,0.011727972,0.011644948,-0.0036978486,-0.0031306352,0.0049014315,-0.008315626,-0.006657971,-0.0009955671,0.012651466,-0.039449472,0.04575683,0.024619866,0.020797795,-0.027936688,-0.038846307,-0.005881962,0.0015652617,-0.0013603657,0.00027773483,-0.0013561016,0.009310743,0.0019511057,0.002634834,0.0038850394,-0.06504382,0.042380273,-0.03876799,-0.05374437,0.011308067,-0.010086557,-0.013823822,0.027368702,0.011168553,-0.008392645,-0.0026218602,0.005622545,0.003968839,-0.005098045,-0.0052973153,-8.022669e-05,0.15668403,-0.005890928,-0.026161592,-0.054196566,0.024604864,0.027376238,-0.013476729,-0.087075844
/mnt/sdd/caltech_training/multiclass/train/010.Red_winged_Blackbird/Red_Winged_Blackbird_0046_4242.jpg,9,-0.008652889,-0.0037760707,-0.012815756,-0.002678794,0.002588435,0.002324268,-0.0014019614,0.002376871,0.10823524,-0.2012431,-0.18147518,-0.14713083,0.020049142,0.004414132,-0.009609766,-0.039760955,-0.0024158985,0.010448103,0.0068380823,0.0049689286,0.0038917405,0.006185694,0.005032259,0.005462085,0.0874946,0.0821741,0.11452049,0.09250381,0.021632224,-0.0017821374,-0.007402165,-0.0050925016,0.015153551,-0.008931629,8.0056256e-05,-0.008202921,0.002776117,-0.008169631,-0.006027821,-0.00500689,0.18230864,-0.024502777,-0.028582543,-0.04619796,0.018867373,-0.032688305,-0.058914866,-0.088356055
/mnt/sdd/caltech_training/multiclass/train/010.Red_winged_Blackbird/Red_Winged_Blackbird_0010_6386.jpg,9,0.012340467,-0.015931988,-0.021135611,-0.016152814,-0.0018936021,-0.00052912557,0.0014046453,-0.003264118,0.0086992495,-0.053854756,-0.010620723,0.020647041,0.01286729,0.02340642,-0.0067927516,-0.028523609,0.011163222,-0.00537626,-0.0049637593,-0.009608958,0.003457133,-0.0035393173,0.0067530293,-0.00027533947,-0.029926293,-0.008923043,0.046833996,0.048428427,0.066140175,0.027909115,-0.019503,-0.009683138,0.037522633,-0.020703565,0.013083147,-0.0075136186,0.01161976,-0.010941778,-0.012494154,-0.0046660295,0.09520268,-0.05885189,-0.0774012,-0.09323005,0.05915324,-0.035648316,0.026286708,0.02121577
/mnt/sdd/caltech_training/multiclass/train/010.Red_winged_Blackbird/Red_Winged_Blackbird_0058_4141.jpg,9,-0.018849865,0.013013618,0.017388698,0.011587084,-0.005610439,0.006819232,0.0048935274,0.0019875006,-0.120535165,-0.099553294,-0.05048368,-0.044397417,-0.00035942625,-0.03013355,-0.011198122,-0.05976016,0.010820397,0.0079795215,0.009774243,0.009076019,0.010758799,-0.0024231623,0.0056411456,3.441004e-05,0.013622081,0.022832748,0.015988395,0.0067014135,0.028718106,-0.00040934794,0.032964908,0.025519067,0.008569479,-0.006682379,-0.01397435,-0.014193083,0.0038472544,0.00069536007,-0.0009879924,0.00395531,0.053839028,-0.15924513,-0.14109614,-0.11138875,0.0050218664,-0.021742515,0.017796969,0.046115268
/mnt/sdd/caltech_training/multiclass/train/010.Red_winged_Blackbird/Red_Winged_Blackbird_0065_4026.jpg,9,0.0059041753,0.009015456,0.0037931548,-0.01466541,0.006733874,-0.0032987553,-0.002289476,-0.002996675,0.098744184,-0.13929702,-0.061545312,-0.07115386,0.011756463,0.03989781,-0.0042615733,0.001804919,0.005829893,-0.009062972,-0.015087901,-0.027224513,0.001738711,-0.003894554,-0.0012836,0.0011749057,0.037397176,0.02424657,-0.07455695,-0.11113469,-0.002595842,-0.026175244,0.040091008,0.049510725,-0.017901039,-0.030121915,-0.010173058,-0.018846566,-0.0065971897,-0.011724286,-0.010177002,-0.010009452,0.008279331,0.016891148,0.040236495,0.05588644,-0.041111514,-0.009499638,0.026503798,0.075593926
/mnt/sdd/caltech_training/multiclass/train/010.Red_winged_Blackbird/Red_Winged_Blackbird_0040_4522.jpg,9,-0.0018024398,-0.011503141,-0.016891876,-0.015278195,0.0039404514,-0.002431086,0.0025249016,0.0039071618,0.028756218,-0.1022253,-0.050149694,-0.0706515,0.017327951,0.027777709,0.06423432,0.019347344,0.0015886711,0.00047731423,0.0047496296,-0.00037545664,0.008231709,0.005711713,0.0010045232,0.0005643198,0.037583426,-0.0453929,-0.03808803,-0.003104371,-0.033259254,-0.05787776,-0.028882962,-0.021182831,-0.016196225,0.0033492465,-0.009126576,-0.014237652,-0.002004698,-0.0034548063,-0.008063055,-0.00048331078,0.02224543,-0.07319122,-0.08479351,-0.107435934,-0.032918848,-0.047853686,0.051505484,0.009727542
/mnt/sdd/caltech_training/multiclass/train/010.Red_winged_Blackbird/Red_Winged_Blackbird_0079_4527.jpg,9,-0.0010098125,-4.722271e-06,0.0020924492,0.00028707017,-0.0005558908,-0.000672897,-0.003628569,-0.0040055998,-0.09292215,-0.16432625,-0.099770375,-0.09895272,0.020214465,-0.04442148,0.010019743,0.016686529,-0.0061174724,0.012678598,-0.0009893911,0.012652179,0.006293904,-0.004377627,-0.0021402333,-0.0044637136,0.03481763,-0.15553692,-0.11611143,-0.042109903,0.009990294,-0.00681703,-0.03372582,-0.03808268,0.000574656,0.0012910687,-0.010995588,-0.025449771,-0.0025064587,-0.007464861,-0.0059965057,-0.0062446,0.21027395,-0.09879343,-0.06325649,-0.10650671,-0.030705724,0.07987581,-0.0253352,-0.072357476
/mnt/sdd/caltech_training/multiclass/train/010.Red_winged_Blackbird/Red_Winged_Blackbird_0071_3988.jpg,9,-0.00903519,-0.008016394,-0.0043684137,-0.008588288,-0.0014743137,-0.0030432164,0.005115301,0.008498002,-0.10839455,-0.06575272,-0.11378556,-0.08016429,0.0071960813,-0.002391481,-0.008733321,0.0012612129,-0.0018342126,-0.019594464,-0.018383883,-0.007880802,0.0013317487,-0.00259243,-0.004881763,-0.0032232853,0.013930807,-0.045959752,-0.06721452,-0.07862772,0.020977806,-0.02013577,0.0048195855,0.0021342386,0.009794201,-0.011597237,-0.00745063,-0.011435896,0.0035457904,-0.00021937414,-3.709446e-05,-0.004538865,-0.14085424,-0.10233714,-0.07300721,-0.10817118,-0.002573758,-0.0030381074,-0.0054632872,-0.023661496
/mnt/sdd/caltech_training/multiclass/train/010.Red_winged_Blackbird/Red_Winged_Blackbird_0096_5019.jpg,9,0.001278036,0.012641325,0.004381559,-0.0011459382,0.0077988803,-0.002958849,-0.00013299985,0.0006552243,0.057023317,-0.0039280057,-0.0036320537,0.022585541,0.016103972,0.020518355,0.012815561,0.0035542385,-0.0031278327,0.0034534377,0.0002998982,-0.01534824,0.004329961,0.0027855765,0.00114953,-0.0033825436,0.094426885,-0.17074363,-0.14089131,-0.15099785,-0.0038941754,0.005383554,0.014959985,-0.0035306974,0.020945106,0.004837132,0.0024925284,-0.012237978,0.0055513154,-0.0016551028,-0.0008318571,-0.0014495025,-0.056915663,-0.030383142,-0.07870369,-0.10320315,-0.033125702,0.050601825,-0.015140253,0.006339443
/mnt/sdd/caltech_training/multiclass/train/010.Red_winged_Blackbird/Red_Winged_Blackbird_0032_4004.jpg,9,-0.0096637085,-0.007307092,-0.007939903,-0.0014103351,-0.007675999,-0.0060963035,-0.0034925677,-0.0018594674,-0.015794858,-0.20456088,-0.0689057,-0.0817036,-0.008318525,-0.033266034,-0.0041139275,0.035978407,0.012220384,-0.01057741,-0.014121262,0.0036292016,0.0004008653,-0.000108058564,-0.00049549737,-0.0030669349,-0.05018183,-0.022676662,-0.11874151,-0.12314108,-0.03341432,-0.008392957,-0.008314099,0.023324504,-0.0109262485,-0.027897378,0.000582851,-0.012102505,-0.007369833,0.00037684268,-0.0017690869,0.003001164,-0.03127875,-0.12306189,-0.16000625,-0.15491739,-0.025749113,-0.049919482,-0.04615023,-0.036625512
/mnt/sdd/caltech_training/multiclass/train/010.Red_winged_Blackbird/Red_Winged_Blackbird_0001_3695.jpg,9,-0.0073573356,-0.011226534,-0.014822364,-0.0116531495,5.8940845e-05,-0.004381539,-0.0020599174,0.0037290463,0.06637498,-0.24989176,-0.18757647,-0.18048388,-0.023879133,-0.038251474,-0.028541844,0.0019150255,-0.0056363237,0.008895441,-0.0015654219,-0.013549286,-0.002450914,-0.005845147,-0.009075055,-0.0045270296,0.0408437,-0.051943243,-0.054120407,0.04223415,-0.07319044,-0.060680334,-0.060935795,-0.047836497,-0.027695693,-0.0052529024,-0.009401546,-0.017999548,-0.008620029,-0.005365826,-0.0081592295,-0.0041435473,0.18024607,0.042102728,0.023676239,-0.00023185834,-0.050476372,-0.056917567,-0.017386332,-0.0065593924
/mnt/sdd/caltech_training/multiclass/train/010.Red_winged_Blackbird/Red_Winged_Blackbird_0062_4233.jpg,9,-0.0041923174,-0.013317721,-0.0169573,-0.008055148,-0.004307301,0.0015333375,0.003940635,0.007218793,0.0022886544,-0.079977855,-0.01306776,0.022125274,0.01676272,0.05282965,0.04122258,-0.012809098,-0.0011399407,-0.012967987,-0.0007548253,0.007883521,6.836001e-05,0.0021708705,0.0018325697,0.0014135547,0.13453588,-0.0016703978,0.065681756,-0.04167955,-0.032827705,0.012922909,0.0063917087,-0.02583163,-0.025001474,-0.02766699,-0.0143320775,0.024983779,-0.007981977,-0.002486562,-0.0019528167,-0.005583873,0.00082135946,0.041332673,0.010655284,0.04543504,-0.06809298,-0.009692395,-0.07345913,0.017674025
/mnt/sdd/caltech_training/multiclass/train/010.Red_winged_Blackbird/Red_Winged_Blackbird_0064_4936.jpg,9,-0.006655804,0.012165643,0.007556499,-0.008746864,-0.007575481,-0.0035051098,-0.006098158,-0.003268695,-0.07624605,0.05784412,-0.10861133,-0.1382266,-0.030272733,0.006094194,-0.004407607,0.018491535,-0.0003641448,-0.017502084,-0.026395356,-0.019661214,-0.0007752264,-0.00697655,-0.013369491,-0.005120883,-0.05341176,0.019649938,0.044306323,0.04492164,0.028168874,0.048097603,0.04251248,0.05692911,0.0061958386,0.0047859326,0.016381748,-0.010487376,-0.0010647846,-0.005627808,-0.0065324,-0.011894375,0.03232792,-0.026437553,0.049130466,0.024146821,-0.009928569,-0.052298866,0.026478892,0.09180863
/mnt/sdd/caltech_training/multiclass/train/010.Red_winged_Blackbird/Red_Winged_Blackbird_0047_3802.jpg,9,-0.013515675,-0.0069624344,-0.016969424,-0.020134885,-0.0027113059,-0.004059677,0.00188183,0.0028377494,0.008505501,-0.0014584865,-0.048648655,-0.038550403,0.011176923,0.043748323,0.017157858,0.018542772,-0.0026471466,-0.0076862504,-0.0032918153,-0.0053211767,0.0033585145,-0.01136914,-0.0033646578,6.6179666e-05,-0.0065529887,0.0073151235,-0.00047617406,-0.045925513,0.010396556,0.019532181,-0.008679032,-0.016667297,-0.0059382375,-0.024727639,0.0004537548,-0.014497231,-0.0024932728,-0.005957256,-0.0072870445,-0.009114704,0.15055133,-0.03856803,-0.038496427,-0.14105442,-0.04475223,-0.036972158,-0.010741494,0.052622013
/mnt/sdd/caltech_training/multiclass/train/010.Red_winged_Blackbird/Red_Winged_Blackbird_0055_4345.jpg,9,0.010602255,0.009958345,0.0073222322,-0.0033226167,0.0048896046,-0.0018467205,-0.0005964448,0.0021075236,0.0058733374,-0.06526327,-0.1392045,-0.102365874,-0.004058723,0.012404506,-0.025675846,-0.022375086,4.8095826e-05,-0.00523104,-0.005689826,0.005786031,-0.002560217,-0.0042055133,-0.004459577,-0.0048676906,-0.006382037,-0.08972174,-0.0900877,0.0047630817,0.015647175,-0.013903197,-0.010188702,0.00069334195,0.015210051,-0.009574222,-0.02240558,0.0055969395,-0.0004684874,-0.0019673035,-0.0054341103,-0.0026322561,-0.0074612657,-0.15070128,-0.113401614,-0.02746078,0.0019122055,0.058333196,-0.067292094,0.012169046
/mnt/sdd/caltech_training/multiclass/train/010.Red_winged_Blackbird/Red_Winged_Blackbird_0007_3706.jpg,9,-0.007843981,-0.007030948,-0.008587451,-0.013448436,-0.0037234398,0.0023797322,0.0011660245,0.005505671,0.029201549,0.0030783238,-0.046461307,-0.018698232,-0.0045605283,-0.048909493,-0.004073497,0.02324874,-0.0042848256,-0.015489377,-0.0038349505,0.0035100249,0.007109834,-0.0030598685,0.0029514355,0.009828329,-0.03186229,-0.036647573,0.0032233596,-0.013008958,0.07558717,-0.013421651,-0.0029504881,0.013364129,-0.0011096033,-0.011341029,-0.002040015,-0.016959265,0.0017603472,-0.008973934,-0.0030233422,0.0003711367,0.1519714,-0.095233165,-0.0022403076,-0.0084488485,0.0041153356,-0.025642335,-0.058328606,0.026457401
/mnt/sdd/caltech_training/multiclass/train/010.Red_winged_Blackbird/Red_Winged_Blackbird_0020_4050.jpg,9,0.000581424,-0.025770081,-0.013627091,-0.009038918,0.00028650695,0.002647647,0.0011398734,-0.0018213602,-0.043852128,0.044774905,-0.008655317,0.010953892,0.00511524,-0.010345867,-0.009970736,0.020361442,0.011962326,0.0008061463,-0.002503247,-0.0070805633,0.0023407827,0.00089931197,0.0054851514,0.008343344,0.05547,0.01101983,-0.013817992,-0.018158954,-0.025639936,0.02438366,-0.001489793,0.01128988,-0.021235455,0.023058552,0.0021450324,0.028313613,-0.0045163427,-0.0055575604,-0.0060335323,-0.0034731221,-0.135072,0.05225749,0.08076675,-0.014352761,-0.04166844,0.0032916367,-0.08112514,-0.05111288
/mnt/sdd/caltech_training/multiclass/train/010.Red_winged_Blackbird/Red_Winged_Blackbird_0006_6005.jpg,9,0.007253403,0.0002181977,-0.00016755331,-2.6446534e-05,0.006153331,0.0031718859,0.0043854937,0.00017890986,0.1180679,-0.19909246,-0.15633816,-0.144781,-0.005137843,-0.008591104,-0.017712478,0.009831261,0.00850912,-0.0036566332,-0.0022015208,-0.00031432346,0.0057401108,0.0062185675,0.004788035,0.004979982,0.08334902,-0.07131005,-0.012661068,0.024797143,0.00115721,-0.020184048,0.011654641,0.0074479254,-0.01002645,-0.0016157283,0.006918867,0.0061441096,0.0013221969,-0.0010172136,-0.00075722754,-0.0042764647,0.027648063,-0.024531767,-0.04063585,-0.03166592,-0.0068437858,0.034896545,-0.032373313,-0.084969774
/mnt/sdd/caltech_training/multiclass/train/010.Red_winged_Blackbird/Red_Winged_Blackbird_0049_5598.jpg,9,-0.01600087,-0.002171707,-0.014196029,-0.02034076,-0.0072721858,0.0011898027,0.00743379,0.0064315004,0.13744643,-0.089806594,-0.16896594,-0.16249758,-0.035027586,0.002239325,0.010332035,-0.024684897,-0.0068352795,-0.005217415,-0.009279007,-0.009040171,-0.00087700563,-0.007132738,-0.0031635552,-0.0060471795,-0.04653038,0.07809648,0.03307552,0.06394196,0.04928773,0.01604118,0.026493613,0.05059677,0.0045446884,-0.011122387,0.0012949405,0.0035315144,-0.009283614,-0.0012866196,-0.003249498,-0.006052083,0.24703878,-0.054156616,-0.05382719,-0.01301867,-0.036958307,-0.022470571,-0.011475639,-0.034351356
/mnt/sdd/caltech_training/multiclass/train/010.Red_winged_Blackbird/Red_Winged_Blackbird_0061_4196.jpg,9,0.005245562,-8.6731976e-05,-0.010754169,-0.006783807,-0.0012545632,-0.00013527507,0.002594478,0.003237424,0.060412485,-0.057082977,-0.06290293,-0.061981317,0.000105436426,-0.04443522,-0.04532834,-0.043145012,-0.0029193517,-0.01072988,-0.010711726,0.0012778952,-0.0033605308,-0.004618127,-0.0021787314,-0.0066200895,0.112856865,-0.056612037,-0.021000758,-0.028370483,0.014714608,0.0015600389,-0.01088921,-0.03302279,-0.02345983,-0.02135069,-0.007146483,-0.0020637196,-0.010191083,-0.0027494375,-0.005321944,-0.0058861,-0.044942223,0.055380143,0.035544474,-0.0045068264,-0.053471617,0.020452615,-0.029803112,-0.044940997
/mnt/sdd/caltech_training/multiclass/train/010.Red_winged_Blackbird/Red_Winged_Blackbird_0017_4116.jpg,9,0.010402382,0.0063458085,0.0018253677,0.013921459,0.001974365,0.003026614,0.009616422,0.0055800565,-0.060880255,-0.05481693,0.022200424,0.040575955,0.009689017,-0.028888747,-0.005643949,-0.021538239,-0.0005880025,-0.0072014453,-0.012384335,-0.007687593,-0.0049652234,-0.0050148237,-0.003336142,-0.0075666383,0.054212183,-0.04153619,-0.016389387,-0.052131653,0.044755876,-0.017286064,-0.0006568172,0.011758831,-0.0050467383,0.020241588,-0.009440731,-0.01192336,-0.0012568436,-0.0028239135,-0.0040500546,-0.0030987808,0.11678876,0.084869415,0.021195158,0.0014661495,-0.004425832,-0.00015801378,0.037005182,-0.008160784
/mnt/sdd/caltech_training/multiclass/train/010.Red_winged_Blackbird/Red_Winged_Blackbird_0042_3635.jpg,9,-0.00316665,0.00081017154,-0.018375434,-0.009085832,0.00081908714,0.0010270646,0.0062319515,0.010821688,0.06243549,-0.06558379,-0.069975115,-0.024661854,-0.014810668,-0.012240066,-0.015376086,-0.049852245,-0.0020783679,-0.009950175,-5.6516146e-05,0.016705927,0.0004310466,-0.0031720123,0.005296688,0.006701993,-0.03923524,-0.0266774,-0.108059146,-0.1596823,-0.017485794,-0.04518175,-0.011436608,-0.013826344,-0.024213547,-0.04947589,-0.024569454,-0.03268651,-0.0066062976,0.0008512809,0.0007179141,0.0008781954,0.110754624,0.017260827,0.059715733,0.06791362,-0.025717966,-0.036134627,-0.023669526,-0.02658931
/mnt/sdd/caltech_training/multiclass/train/010.Red_winged_Blackbird/Red_Winged_Blackbird_0053_4072.jpg,9,-0.007053682,-0.0075839413,-0.011700196,-0.013639994,-0.0064039966,-0.0030764556,-0.0045252703,0.0037440506,0.13097781,0.034546398,-0.0064632855,-0.014872187,-0.0035681268,0.0023907186,0.016889047,-0.040520035,-0.008568436,-0.012713248,0.004676488,0.016418561,0.00046284776,0.0042959205,0.008992892,0.0076751886,-0.032973435,-0.068203375,-0.06369131,-0.0737721,0.046198636,0.0016423189,0.035882518,0.04818023,-0.02228017,-0.0008411377,-0.018897112,-0.0093351845,-0.006183714,0.002763478,-0.0041049877,-0.00092239876,0.0039262995,-0.06888366,-0.01799496,0.0146851875,-0.029978536,-0.022742657,0.034118477,-0.04408669
/mnt/sdd/caltech_training/multiclass/train/010.Red_winged_Blackbird/Red_Winged_Blackbird_0052_5575.jpg,9,-0.016733555,-0.002147464,0.0027474812,-0.0062276665,-0.0051309504,0.004757316,0.011090191,0.012475106,-0.056846052,-0.08179718,-0.102970175,-0.024948284,-0.03706899,0.0013949412,-0.023850653,-0.00882257,0.0034635118,0.0035676374,0.0048627965,-0.0028274301,-0.0015932363,0.0019208081,-0.003949415,-0.002512897,-0.014677182,-0.07663043,-0.05264481,-0.05142192,0.00573452,-0.00038374914,-0.0343191,-0.032114953,-0.0058088326,-0.007589052,-0.022134209,-0.009436964,-0.0045271907,-0.0029435158,-0.0015347332,-0.00346984,0.10684305,-0.010235993,-0.037994213,0.002820786,-0.04824127,-0.10066837,0.026198767,-0.0038569802
/mnt/sdd/caltech_training/multiclass/train/010.Red_winged_Blackbird/Red_Winged_Blackbird_0024_4180.jpg,9,-0.0038103182,0.0024901126,0.0020559765,-0.0087082,-0.0026631043,0.0074963323,0.0047107725,0.0016929426,-0.011795286,0.06554873,0.034005605,0.05315636,-0.00419439,0.035167105,0.038076445,-0.00025935494,-0.006390141,-0.027895797,-0.023443945,-0.0233376,0.0030593835,-0.00057375897,-0.001175643,0.00075236073,-0.049486194,0.14701888,0.1409527,-0.12022069,0.007289502,0.034689356,-0.010401501,-0.021490578,0.0050898464,-0.004878667,-0.0070212753,-0.0083730575,-0.004602815,-0.0034479273,-0.002947655,0.0015749193,-0.07668729,-0.14319897,-0.12795243,-0.06249723,0.0007977565,0.067637175,-0.008977406,0.016852517
/mnt/sdd/caltech_training/multiclass/train/010.Red_winged_Blackbird/Red_Winged_Blackbird_0089_4188.jpg,9,-0.00035400596,0.0045557134,0.0059329043,0.0025602155,0.0028634106,0.0005024283,0.009213382,0.0075302348,0.054069944,0.13318394,-0.017162912,-0.013402548,0.016076282,0.005613757,0.002057189,0.0013018514,-0.018134393,0.016157763,-0.002751085,-0.0062251384,-0.0014638754,0.0006007507,0.008222795,0.0092597725,-0.010573734,-0.10195999,-0.058808915,0.0038583875,-0.006866961,0.018578282,0.02262949,0.013155338,0.009397115,-0.01288683,-0.025627527,-0.03253538,-0.00047539338,-0.006586626,-0.0017591824,-0.0018589724,0.10926864,-0.111338854,-0.0747115,-0.015032265,-0.00168636,-0.031426247,-0.014246786,-0.019306852
/mnt/sdd/caltech_training/multiclass/train/010.Red_winged_Blackbird/Red_Winged_Blackbird_0012_6015.jpg,9,-0.0023065782,-0.0099693965,-0.012361934,-0.009208444,0.004717675,0.0018884839,0.0036552767,0.002327349,-0.002671495,-0.039982162,-0.04730567,0.022588257,0.00874098,-0.013682306,0.0032446198,0.031228755,0.0010031674,0.0027516382,-0.011649205,0.0055563245,0.008947304,0.0012535562,0.0054998836,0.0022200006,0.12724957,-0.042963393,-0.0076673385,-0.03716994,0.029545743,0.0048784064,-0.0027386243,-0.020759765,0.033742994,0.0065334477,-0.0038615144,0.013924373,0.004173577,-0.00975,-0.005549468,-0.009338215,0.25722194,0.001141157,0.033181287,-0.010707271,0.0021125018,-0.07500328,-0.00018977793,-0.053311743
/mnt/sdd/caltech_training/multiclass/train/010.Red_winged_Blackbird/Red_Winged_Blackbird_0005_5636.jpg,9,0.0031102211,0.004880284,0.0030172118,0.0002403839,0.0076043005,0.0025472292,0.0013564257,0.009073268,-0.0043768017,-0.18893746,-0.08023151,-0.06036605,0.002212552,0.009026648,-0.020860959,0.009930669,-0.0059058527,-0.0009169716,-0.0023534936,-0.013198204,-0.0025611534,-0.0016528943,0.005559652,0.005526139,0.033533886,0.012296092,0.02340608,-0.023122802,-0.03601574,-0.015369477,-0.047357317,-0.024691647,-0.015432287,0.017561872,-0.004680046,-0.018998718,-0.0046705147,-0.0070305117,-0.007799004,0.0012360539,0.12249656,-0.08861268,-0.06330266,0.012684217,0.0015183117,-0.034794003,-0.03755256,-0.05127281
/mnt/sdd/caltech_training/multiclass/train/010.Red_winged_Blackbird/Red_Winged_Blackbird_0045_4526.jpg,9,-0.0050043305,0.0012017386,0.01571512,0.0036978023,-0.0074024745,0.0061222278,0.0031108868,0.0035245197,0.019478478,-0.0692326,-0.028439434,-0.03914497,0.010776261,0.030796368,0.032078344,0.0046819197,-0.0018018394,0.004953121,-0.0032589142,-0.009116461,-0.0017341981,0.0006648945,0.00041509507,-0.0005488867,0.0031021647,-0.034906402,-0.04098993,-0.049210384,-0.0071648182,-0.012704048,-0.018218152,0.015670752,0.01939307,0.005705199,0.009441328,0.00440016,-0.0029645823,-0.0027749375,-0.0017019366,-0.0009356404,0.040081315,-0.1770117,-0.14525111,-0.14080746,0.014341019,0.013824332,-0.03995786,-0.049645595
/mnt/sdd/caltech_training/multiclass/train/010.Red_winged_Blackbird/Red_Winged_Blackbird_0072_4338.jpg,9,-0.0059504816,-0.0062079653,-0.006605376,-0.001921064,0.0036396817,-0.0045274813,-0.004972931,-0.0019454567,0.087687925,-0.09911056,-0.1451591,-0.0956735,0.004124581,-0.005029293,-0.034708753,0.019932814,-0.0112542305,-0.010382938,0.0074557886,0.0038270133,-0.002320494,0.003674724,-0.0014792107,-0.003026044,-0.05661461,0.0023403224,-0.032587834,-0.043175492,-0.010667306,0.0007998706,-0.00985239,0.0082934005,-0.010044374,-0.009636404,-0.010057801,-0.008320658,-0.006004054,0.0007589541,-0.0021929801,-0.00047716298,-0.031335264,-0.12603812,-0.11965199,-0.086556986,-0.046625875,-0.015001075,-0.037545998,-0.012926605
/mnt/sdd/caltech_training/multiclass/train/010.Red_winged_Blackbird/Red_Winged_Blackbird_0081_6081.jpg,9,-0.008380827,-0.0048125573,-0.0049232007,0.009823074,-0.0027882485,-0.0006834555,-0.003216849,0.0007900663,0.055000633,-0.15153709,-0.04622419,0.036480617,-0.020762015,-0.019487469,-0.055788204,0.043279234,-0.0045496416,-0.0038673636,-0.004443774,-0.0032341015,0.0032642046,-0.00027737883,-0.00038873323,0.002289943,-0.060303647,-0.048163496,-0.030288294,-0.06470059,0.018713191,0.01408286,0.009629081,0.013413044,-0.012385444,-0.024771081,-0.017455837,-0.0040791207,0.0042851414,-0.0027522035,-0.0109159965,-0.0035256736,0.061272744,-0.027264193,-0.05214794,-0.10008226,-0.031198174,0.05413013,0.049661353,-0.044575043
/mnt/sdd/caltech_training/multiclass/train/010.Red_winged_Blackbird/Red_Winged_Blackbird_0088_4007.jpg,9,0.008075808,-0.012585398,-0.014512047,-0.008080153,0.0063787755,0.0011090557,0.0026196416,0.0073536728,0.12942529,-0.11365565,-0.055500735,-0.06060032,0.025462892,0.0044786194,4.7277194e-05,0.019085508,0.005103614,-0.006751352,-0.012626667,-0.012574057,0.001296534,0.00011648121,0.002917122,-0.0011728586,0.09548208,0.060680177,0.018882489,0.038905747,0.011407246,-0.011095945,-0.020526586,-0.0017195605,0.0020123068,0.00030575437,0.0023489916,0.008922597,0.0025880614,-0.0074175224,-0.007098167,-0.0054203547,0.032437023,-0.04676559,0.030020434,0.048436522,-0.0032577803,-0.0053343847,0.012840717,0.024557825
