Full filepath,Full Class Index,sensitivityscore_before_features.11.block.2.fc1,sensitivityscore_After_features.11.block.2.fc1_0.5,sensitivityscore_After_features.11.block.2.fc1_0.6,sensitivityscore_After_features.11.block.2.fc1_0.7,sensitivityscore_before_features.11.block.2.fc2,sensitivityscore_After_features.11.block.2.fc2_0.5,sensitivityscore_After_features.11.block.2.fc2_0.6,sensitivityscore_After_features.11.block.2.fc2_0.7,sensitivityscore_before_features.12.block.2.fc1,sensitivityscore_After_features.12.block.2.fc1_0.5,sensitivityscore_After_features.12.block.2.fc1_0.6,sensitivityscore_After_features.12.block.2.fc1_0.7,sensitivityscore_before_features.12.block.2.fc2,sensitivityscore_After_features.12.block.2.fc2_0.5,sensitivityscore_After_features.12.block.2.fc2_0.6,sensitivityscore_After_features.12.block.2.fc2_0.7,sensitivityscore_before_features.13.block.2.fc1,sensitivityscore_After_features.13.block.2.fc1_0.5,sensitivityscore_After_features.13.block.2.fc1_0.6,sensitivityscore_After_features.13.block.2.fc1_0.7,sensitivityscore_before_features.13.block.2.fc2,sensitivityscore_After_features.13.block.2.fc2_0.5,sensitivityscore_After_features.13.block.2.fc2_0.6,sensitivityscore_After_features.13.block.2.fc2_0.7,sensitivityscore_before_features.14.block.2.fc1,sensitivityscore_After_features.14.block.2.fc1_0.5,sensitivityscore_After_features.14.block.2.fc1_0.6,sensitivityscore_After_features.14.block.2.fc1_0.7,sensitivityscore_before_features.14.block.2.fc2,sensitivityscore_After_features.14.block.2.fc2_0.5,sensitivityscore_After_features.14.block.2.fc2_0.6,sensitivityscore_After_features.14.block.2.fc2_0.7,sensitivityscore_before_features.15.block.2.fc1,sensitivityscore_After_features.15.block.2.fc1_0.5,sensitivityscore_After_features.15.block.2.fc1_0.6,sensitivityscore_After_features.15.block.2.fc1_0.7,sensitivityscore_before_features.15.block.2.fc2,sensitivityscore_After_features.15.block.2.fc2_0.5,sensitivityscore_After_features.15.block.2.fc2_0.6,sensitivityscore_After_features.15.block.2.fc2_0.7,sensitivityscore_before_features.16.0,sensitivityscore_After_features.16.0_0.5,sensitivityscore_After_features.16.0_0.6,sensitivityscore_After_features.16.0_0.7
/mnt/sdd/caltech_training/multiclass/train/001.Black_footed_Albatross/Black_Footed_Albatross_0007_796138.jpg,0,0.31006575,0.07323215,0.05043634,0.006016113,-0.00034870207,-0.022438023,-0.06224588,0.021340229,0.0027657598,0.026922846,0.12520158,0.13236949,-0.031016313,-0.15911141,0.030523846,0.037943933,0.11482103,0.08397664,0.035532292,-0.02306107,0.018932555,0.01935013,-0.06139253,-0.103221074,0.060280927,-0.0619888,-0.09501773,0.036239367,0.06462018,-0.05854246,-0.01537491,0.040199608,0.04009747,-0.09743607,-0.13457388,-0.02362817,0.01984103,0.009470801,0.041645676,0.06706768,0.00027514528,0.051874604,0.046485037,0.022313135
/mnt/sdd/caltech_training/multiclass/train/001.Black_footed_Albatross/Black_Footed_Albatross_0047_796064.jpg,0,0.002916813,-0.0062953085,-0.0062482283,0.0032379404,-0.044698585,0.044910774,0.06899038,0.03759734,0.04758189,-0.07404062,0.01738578,-0.125215,-0.03854511,0.038504507,-0.010196833,0.014841497,0.046454445,-0.05727744,0.032702345,-0.047107078,-0.033852313,-0.01815932,-0.021244379,-0.09317987,0.039903875,-0.03413783,0.10176329,0.08578792,0.024275381,0.03426586,0.09052619,0.09201871,-0.107746094,-0.034086443,-0.025799027,0.056057163,-0.034241676,0.022181924,0.0074913427,0.053260908,-0.0058041173,0.0141475545,0.006479798,-0.0055704713
/mnt/sdd/caltech_training/multiclass/train/001.Black_footed_Albatross/Black_Footed_Albatross_0036_796127.jpg,0,-0.13813652,-0.18812886,-0.057306863,-0.03404616,-0.022886313,0.06740368,0.029377807,0.0015557408,-0.22382814,-0.056162946,0.022551123,0.11819148,-0.02131787,0.13920262,0.012142759,0.04299765,-0.047421396,-0.06347054,-0.08824861,-0.04327036,-0.01470654,-0.008732683,-0.011343748,0.008055161,0.035546653,0.13599777,0.11077349,0.042967096,0.05496898,-0.06707159,-0.03293265,0.04707164,0.09093419,-0.03449553,-0.038517028,-0.042640116,0.07476359,0.015291825,0.006725605,0.03715235,0.011143403,0.049677342,0.04635291,0.015394447
/mnt/sdd/caltech_training/multiclass/train/001.Black_footed_Albatross/Black_Footed_Albatross_0026_796095.jpg,0,-0.050129764,0.18560274,0.07479975,0.11077687,0.0028634537,0.009856071,-0.073558815,0.055278905,-0.20288903,-0.0609587,0.06375934,-0.03921868,-0.03607101,-0.054488573,0.17048647,0.05497413,-0.100943,0.1783736,0.084770575,0.13143499,-0.07366688,-0.029150937,-0.07135452,-0.05364888,0.119599,0.12775266,0.052342318,-0.062062122,0.053621903,0.12721881,0.058088385,-6.318465e-05,0.03588406,-0.08375909,-0.060942154,-0.027638396,0.093382284,0.017255249,0.0007290095,0.021636428,0.0027758703,0.05292166,0.033558868,0.0049837083
/mnt/sdd/caltech_training/multiclass/train/001.Black_footed_Albatross/Black_Footed_Albatross_0010_796097.jpg,0,0.24190402,-0.19121605,-0.10284888,-0.047678366,0.011987805,0.025876068,0.00929657,-0.0128875,0.11783314,0.14980108,0.07803767,0.14794211,-0.059528418,0.09670942,0.041142862,-0.083676435,0.035135515,-0.13045502,-0.01602056,0.017220976,-0.039899703,-0.0040975283,-0.1069711,-0.041145038,-0.035863616,0.13267195,0.009641867,-0.024335686,0.031655475,0.032365263,-0.096142076,-0.05212632,-0.037584685,0.0052829534,0.03123428,0.11549237,0.035607897,-0.002512578,0.00938862,0.049068805,0.009887376,0.07362493,0.047476046,0.020574454
/mnt/sdd/caltech_training/multiclass/train/001.Black_footed_Albatross/Black_Footed_Albatross_0069_796139.jpg,0,-0.33758956,0.104933694,0.11201281,0.13342078,-0.106080465,-0.053739224,-0.013792656,0.02640082,-0.16557236,0.07093623,0.032780718,-0.038795244,-0.017102597,0.08097532,0.019511603,-0.0984544,0.014760865,0.0070402846,0.049454276,0.041371845,-0.0045065023,-0.16967902,-0.110837646,-0.06571813,0.0830189,0.22372927,0.11611982,0.07314478,0.06411949,0.013569637,0.096134484,-0.01010028,0.043694273,-0.07128693,-0.068734705,-0.004993545,0.07906966,0.061442703,0.058842324,0.058192603,0.01681308,0.041754905,0.024258554,0.0012095897
/mnt/sdd/caltech_training/multiclass/train/001.Black_footed_Albatross/Black_Footed_Albatross_0067_170.jpg,0,0.12842858,0.07826358,0.014234915,-0.0066067763,0.03849455,0.06100647,0.084187254,0.065640904,-0.16886064,-0.09658261,-0.012516679,0.015048739,-0.026147509,-0.036972344,0.025583327,-0.05365625,0.08380529,0.0071296124,0.050354432,0.014862753,-0.032502867,-0.09222026,0.030186012,0.025981696,-0.071698114,-0.13998684,-0.02187495,-0.033570223,0.044700876,0.06272387,0.03395785,0.0642177,0.039305832,0.06798431,0.06712084,0.00035787746,0.05065164,0.01516703,0.013018932,0.028383654,-0.0148718925,0.022913018,0.012061504,-0.004809997
/mnt/sdd/caltech_training/multiclass/train/001.Black_footed_Albatross/Black_Footed_Albatross_0090_796077.jpg,0,0.08435465,-0.17484821,-0.13074797,-0.076891676,-0.031045757,0.073753126,0.099844694,0.0852958,0.26029375,-0.08474249,-0.056641594,0.022350794,0.052450538,0.043126024,0.07078542,-0.06391515,0.08955296,-0.020974316,-0.042940993,-0.10568764,0.0020922257,0.026127135,-0.097510636,-0.1390712,0.056493446,0.20936805,0.060705453,0.015167542,0.030576196,-0.04232053,-0.0037990585,-0.012042716,-0.016747765,0.07647602,0.0647494,0.113006555,0.023784563,0.08237766,0.07357564,0.06906776,-0.008055238,0.03506273,0.030623687,0.0058080703
/mnt/sdd/caltech_training/multiclass/train/001.Black_footed_Albatross/Black_Footed_Albatross_0035_796140.jpg,0,0.043468308,0.0066493377,0.04631009,0.00014683604,0.03944874,-0.017170519,0.07127703,0.024723012,0.018572593,0.012780137,0.074074164,0.0693762,0.033609927,0.09238562,-0.08395919,0.03249229,0.08664256,0.14997078,0.0579302,0.071009874,0.012968978,-0.011023512,0.0606333,0.03013232,-0.061225075,0.21563026,0.078240916,0.019152306,0.011207955,0.03030327,0.01442441,0.072494276,0.106279895,-0.07600603,-0.099875174,-0.0073304623,0.065381795,0.011335398,-0.00014978461,0.021362346,0.007179821,0.035453144,0.02890451,0.0059901793
/mnt/sdd/caltech_training/multiclass/train/001.Black_footed_Albatross/Black_Footed_Albatross_0076_417.jpg,0,0.06657458,0.139453,0.10030962,-0.03457523,0.020860286,0.011842638,0.011951532,0.02258851,-0.1768451,0.1248871,0.18673426,0.12033115,-0.07821074,-0.038829625,0.01232513,-0.08200513,0.004519973,0.1538271,0.18184838,0.19925696,-0.07157537,0.03529739,-0.061563574,-0.11762061,0.018069673,0.08397222,0.08313565,-0.011453612,-0.0032269768,0.10971472,0.07988357,0.031548366,-0.06087061,-0.027799185,-0.028074589,-0.013034996,0.050124764,0.08218573,0.05889212,0.123309895,0.015759774,0.032446742,0.01856722,-0.007962419
/mnt/sdd/caltech_training/multiclass/train/001.Black_footed_Albatross/Black_Footed_Albatross_0080_796096.jpg,0,0.19521084,-0.08203632,-0.080081105,0.0037153447,0.022184066,0.067532904,0.061583072,0.023354575,-0.079307355,-0.038934812,0.09386231,0.09533054,-0.058258478,0.09404077,0.0071381293,-0.02055184,-0.039960682,0.100083105,0.11008996,0.054003254,-0.036091,0.010840839,0.060340434,0.021767357,-0.023258213,0.04099151,0.06947529,0.049547195,0.021394711,-0.007488169,0.051232293,0.02441512,0.014429569,-0.11908894,-0.012183584,-0.083947726,0.06604391,-0.021643173,0.036827557,0.066186786,-0.0056734905,0.06438014,0.05126145,0.013451081
/mnt/sdd/caltech_training/multiclass/train/001.Black_footed_Albatross/Black_Footed_Albatross_0061_796082.jpg,0,0.03053019,0.08763395,0.16917759,0.2668516,-0.052487575,0.10642918,-0.10382875,-0.006759068,-0.07837528,0.0698469,-0.01831719,-0.0022523096,0.025966719,0.089660466,0.028571669,0.06957345,0.12788767,0.0663055,0.16655874,0.18992412,0.030041562,-0.008725806,-0.07371056,-0.11258565,-0.006747786,0.0048419647,-0.026577665,0.10920137,-0.029196715,0.099926285,0.003288283,0.009101544,0.0041730627,0.018050253,0.013439085,0.045921456,0.009866673,0.09818585,0.111059375,0.11215744,0.016532565,0.038301393,0.037456065,0.0106970025
/mnt/sdd/caltech_training/multiclass/train/001.Black_footed_Albatross/Black_Footed_Albatross_0003_796136.jpg,0,-0.13765335,-0.17175734,-0.06496274,0.021148622,-0.012261733,0.092559025,0.09230159,-0.00766138,-0.08256434,-0.03630248,-0.0943083,-0.04750511,-0.043991134,0.06692891,-0.06352828,-0.086701065,-0.020273358,0.03483589,0.09433219,0.12816566,-0.022691641,-0.08672299,-0.06231136,-0.05996786,0.018060766,0.054966353,0.16748065,0.11316711,0.003078336,-0.019657485,0.029506117,0.12484825,0.055963393,-0.110541016,-0.117632546,-0.10588154,0.062924325,0.002409311,0.014804649,0.046550166,-0.0013971236,0.05188021,0.046517625,0.009628575
/mnt/sdd/caltech_training/multiclass/train/001.Black_footed_Albatross/Black_Footed_Albatross_0079_796122.jpg,0,-0.34170842,-0.16680008,-0.17330924,-0.17483681,-0.15361777,0.031913012,0.057691578,-0.037079766,0.07433505,-0.1240619,-0.073016405,0.041267782,0.046199366,0.053342707,0.10307136,-0.02108816,0.011684693,-0.0969134,0.018267918,0.01179783,-0.008445354,-0.071336135,-0.008739848,-0.020702414,0.013473588,0.09805801,0.04843986,-0.12393583,0.053817555,-0.05568739,0.0051161856,0.07244182,0.05339545,-0.07661408,-0.012009218,-0.08560693,0.0032300479,0.018331196,0.03723193,0.03204421,-0.009458303,0.04223926,0.034845907,0.009415887
/mnt/sdd/caltech_training/multiclass/train/001.Black_footed_Albatross/Black_Footed_Albatross_0082_796121.jpg,0,0.16565296,-0.22686046,-0.18726541,-0.14954713,-0.0037773252,0.0613242,0.015614564,-0.034736894,-0.046867665,-0.03872303,0.1034424,0.02209897,0.027386587,0.17566603,-0.071213685,0.044730518,0.16890305,-0.1169411,-0.100265324,-0.124513686,0.046740778,-0.1151353,-0.090690844,-0.07150721,0.011913607,0.054624084,0.15153098,0.017492473,-0.0125418585,0.0046009123,0.013691562,0.1915651,-0.005238354,-0.0024481677,0.053341143,0.059693497,0.044992954,0.07586953,0.090107515,0.11007883,0.01881502,0.05488199,0.045858648,0.0021864888
/mnt/sdd/caltech_training/multiclass/train/001.Black_footed_Albatross/Black_Footed_Albatross_0064_796101.jpg,0,0.19531776,0.021989614,0.087417856,0.094999075,0.031155312,0.079690054,0.045591056,-0.022459812,-0.09763554,-0.05149053,-0.029378828,0.0039021745,-0.026314113,0.08596204,-0.011825345,-0.088813044,0.043447334,-0.06321271,-0.085728414,-0.06668304,0.012033891,-0.088171646,-0.0075707696,-0.03911856,-0.03586825,0.11988823,0.07864137,0.09233122,-0.009134812,0.04438752,0.033393078,0.060410935,0.015558632,0.0033187326,0.026978005,-0.058231942,0.085435204,-0.01501254,0.02147158,0.046245135,-0.009552456,0.0179178,0.011929676,0.0010405974
/mnt/sdd/caltech_training/multiclass/train/001.Black_footed_Albatross/Black_Footed_Albatross_0042_796071.jpg,0,0.14819697,0.057917323,0.02251017,0.049562857,0.02890211,0.0025907606,0.057358507,0.030793197,0.05041482,-0.027837483,0.030350186,-0.07812972,0.0019092821,0.14081942,0.055663332,-0.020049354,0.1387654,0.07458416,0.02038071,0.15927711,0.025962086,-0.06322791,-0.045186028,-0.041087687,0.07699155,-0.051529616,-0.030805796,0.0597415,-0.028130274,0.013986625,-0.015723858,0.071992874,0.05062793,0.07893245,0.11019516,0.11346321,-0.025129743,0.036855802,0.04113568,0.048269615,0.027503358,0.0410824,0.028762136,0.0003617108
/mnt/sdd/caltech_training/multiclass/train/001.Black_footed_Albatross/Black_Footed_Albatross_0068_796135.jpg,0,-0.06941949,-0.13335031,-0.070846565,-0.019273378,0.0105002895,0.056489278,0.038570635,0.07108985,0.10327282,-0.15516263,-0.10297385,-0.053576745,0.01408826,0.07262041,-0.0136136,-0.05122673,-0.011510655,-0.010576025,0.09850121,0.23346378,0.0019383151,-0.09320067,-0.05981561,-0.05769873,0.10299378,0.030879982,0.19611305,0.11275585,0.061219335,0.048790857,0.050436873,0.15880893,0.08364103,-0.05215215,-0.030334767,-0.053801913,0.082100675,0.047553424,0.0943941,0.12124521,-0.007334744,0.05125165,0.042018786,0.011651072
/mnt/sdd/caltech_training/multiclass/train/001.Black_footed_Albatross/Black_Footed_Albatross_0031_100.jpg,0,-0.02386963,-0.103401944,-0.10874761,-0.1339854,-0.05819019,0.03594679,-0.08166095,-0.112252906,0.0087132305,0.14172736,0.041109595,0.06812829,0.016377622,0.03027655,0.014481437,-0.020934697,0.15930271,-0.10715979,0.012708791,-0.03916131,0.07054894,-0.05308052,-0.032637015,-0.13554135,-0.0022237971,0.19292907,0.05544035,0.044985123,0.03546972,0.01165162,-0.021036815,0.099980146,0.06926878,-0.09170263,-0.08598253,-0.10396139,0.07387429,0.014578395,0.00077889115,0.042912137,0.008767648,0.004503795,-0.0028467858,-0.017315604
/mnt/sdd/caltech_training/multiclass/train/001.Black_footed_Albatross/Black_Footed_Albatross_0014_89.jpg,0,-0.18533382,0.117415406,0.15901089,0.14778051,-0.0733213,0.04935618,0.053003754,0.050834708,-0.022052906,0.0005250573,0.008221826,-0.026649611,-0.013969902,0.02755855,-0.041680485,0.03196806,0.007448936,-0.037437685,-0.017067451,-0.2132221,-0.053058624,-0.06649158,-0.025417158,-0.0063554645,-0.0005744519,0.033562396,0.08775452,0.18840718,0.016791128,-0.08204109,-0.009737339,0.003258285,-0.054433446,0.008075081,0.015391272,-0.0005339291,-0.012415368,0.04248536,0.033141144,0.06158191,-0.014357855,0.04082783,0.03840431,0.012010327
/mnt/sdd/caltech_training/multiclass/train/001.Black_footed_Albatross/Black_Footed_Albatross_0033_796086.jpg,0,0.060400963,0.16571945,-0.015742881,-0.05865082,-0.053140353,0.05466709,0.02378894,0.083321735,-0.19432539,-0.06678928,-0.017360574,-0.052705426,-0.013204713,0.0041916235,-0.07296434,-0.0602569,0.09637239,0.13089655,0.06392875,0.055707224,-0.040314246,-0.1482933,-0.08746836,-0.028842498,0.1021232,-0.039942138,0.045963787,0.072319254,0.036358915,0.052427553,0.0068783322,0.05662304,-0.004686675,-0.004354704,0.052522674,0.06194505,0.020331118,0.044968367,0.064986505,0.07620144,0.007858876,0.039083045,0.027243227,-0.002526471
/mnt/sdd/caltech_training/multiclass/train/001.Black_footed_Albatross/Black_Footed_Albatross_0024_796089.jpg,0,0.13369572,0.101223715,0.10503061,0.056818563,0.060217053,0.002263804,0.061103776,-0.115521014,0.015732251,-0.029457696,0.059101198,0.04207661,-0.04098668,-0.014102953,0.06356104,0.0019008489,0.11941883,0.05474376,0.03936971,0.017955013,0.035039976,-0.025775764,-0.06733488,-0.092555076,-0.023866195,-0.034808774,0.034611247,0.075527094,0.018499859,-0.098664574,-0.0021392815,0.026425494,0.001520399,0.058882162,0.020131057,0.039904166,0.008282313,0.0036061406,-0.010670697,-0.0006272532,0.00051226653,0.01917152,0.011498137,-0.009247814
/mnt/sdd/caltech_training/multiclass/train/001.Black_footed_Albatross/Black_Footed_Albatross_0005_796090.jpg,0,-0.04310549,0.07069991,0.022124562,0.09866874,-0.12593809,-0.0617902,-0.010070223,0.031934943,0.033850864,0.082282916,0.15284362,0.11078288,0.007174464,0.15962134,-0.023345742,-0.008544499,-0.02941075,0.0023123734,-0.064536765,-0.16035908,0.050676115,-0.068765804,0.008265872,-0.035338767,0.09868434,0.08574773,0.13382068,0.10499153,0.09804199,-0.060255863,0.051792353,0.06812784,-0.011742454,0.05265447,0.040938817,0.0039351713,0.065315954,0.1034726,0.08885364,0.12259279,0.0030092811,0.044077534,0.03339473,0.009867511
/mnt/sdd/caltech_training/multiclass/train/001.Black_footed_Albatross/Black_Footed_Albatross_0023_796059.jpg,0,-0.075695336,0.012148641,-0.008516211,-0.018738218,-0.034280464,0.022872914,-0.033191033,-0.06388913,-0.3588235,0.11384596,0.02711532,-0.0028003808,-0.06658268,0.02009857,0.08490532,0.09072371,-0.04889357,-0.019384073,-0.019985698,0.049916692,0.009317474,-0.02396212,-0.038365245,-0.098555535,0.08868468,0.24029014,0.019409444,0.095862314,0.044918876,0.06544107,-0.007052103,0.10033141,-0.025662152,-0.08745718,-0.039115906,-0.041321836,0.011394478,0.04762115,0.023137342,0.021974038,0.00028885156,0.028434683,0.01700642,-0.00489428
/mnt/sdd/caltech_training/multiclass/train/001.Black_footed_Albatross/Black_Footed_Albatross_0074_59.jpg,0,0.07278167,0.048818566,0.12395607,0.12522197,0.017258288,0.035712406,0.048175916,0.0018800497,0.033352144,0.026945168,0.016838778,0.1296891,0.02097052,0.042121477,0.014408094,0.11793015,0.052832235,0.022549387,0.01848291,-0.061468825,-0.028294409,-0.07396099,0.07604011,-0.034206286,-0.06366786,-0.05989647,0.040822238,0.07656224,-0.040193498,0.0023470633,-0.064054996,-0.07019106,-0.07567599,0.03103834,-0.028858475,-0.10916965,0.0016661277,0.045375932,0.048781812,0.07228332,-0.006184216,0.018589104,0.012732294,-0.0037875962
/mnt/sdd/caltech_training/multiclass/train/001.Black_footed_Albatross/Black_Footed_Albatross_0085_92.jpg,0,0.031847473,0.11942853,0.116274305,0.071230024,-0.040941358,0.047872633,-0.00025407225,0.007669566,-0.028286975,0.15252516,0.08904165,0.21126941,0.046289988,-0.14168714,0.009809946,-0.14173956,0.13747929,-0.12411942,0.043258924,0.06596317,0.056358956,-0.009028236,-0.05593176,-0.054581262,0.11140421,-0.0071971677,0.10187924,-0.05584029,0.09418213,0.04511381,-0.09668891,-0.02536062,0.0708392,0.0436183,0.014506232,0.054902386,0.017704282,-0.02392454,-0.023908602,-0.012053728,0.014466576,0.033212952,0.03761,0.004198372
/mnt/sdd/caltech_training/multiclass/train/001.Black_footed_Albatross/Black_Footed_Albatross_0077_796114.jpg,0,0.14709042,0.05865166,0.041957382,-0.013923853,0.1407436,0.048557617,-0.0548154,-0.023813678,0.0045146327,-0.026895171,0.06066416,0.079280846,-0.07226752,0.015479164,-0.038020518,-0.055268567,0.07555461,0.119140565,0.13795148,0.18892097,0.014456471,-0.11455965,-0.06680137,-0.030702045,0.01886679,-0.07984315,0.11046183,0.09069383,-0.028711317,-0.026341159,-0.054488674,0.06655219,0.06743574,-0.037525814,-0.042793013,-0.02603201,0.042294726,0.007125713,0.010960098,0.06295053,0.007910221,0.059497245,0.050724037,0.012221934
/mnt/sdd/caltech_training/multiclass/train/001.Black_footed_Albatross/Black_Footed_Albatross_0049_796063.jpg,0,-0.11874476,-0.10800866,-0.092838235,0.0060264133,-0.038951024,0.043953918,-0.015265417,-0.0033948268,-0.19123106,-0.04608307,-0.047609035,-0.06306516,-0.006533643,0.07553759,0.035001826,-0.107320085,0.10786526,-0.01521904,0.062715165,0.14445804,-0.021668918,0.0024101157,-0.05199801,-0.035753503,0.004578935,0.04391114,0.2156981,0.08060922,0.033566587,-0.0036683562,0.008975235,0.08739661,0.07521798,0.01565227,-0.049949534,-0.10922606,0.024735047,0.09568152,0.0885185,0.0890407,-0.00065044337,0.018906567,0.017108731,-0.008657604
/mnt/sdd/caltech_training/multiclass/train/001.Black_footed_Albatross/Black_Footed_Albatross_0065_796068.jpg,0,-0.06959486,-0.077285334,-0.007031273,-0.03704213,-0.033130787,0.0488138,0.0634602,0.03958827,0.058607243,0.07814328,0.16693145,0.098067574,-0.0344301,0.038837664,0.07923661,-0.029003933,0.10243547,-0.017299041,-0.039372317,0.08042962,0.0031599253,-0.03989491,-0.053193733,-0.051942475,-0.034637436,0.11308831,0.10197485,-0.0077932924,-0.019725569,0.019307073,-0.036881104,0.035118036,-0.01859421,-0.029966358,0.01956233,-0.05503336,0.044156443,0.029699134,0.05796116,0.1256453,0.0038472246,0.02562155,0.015149016,-0.008422523
/mnt/sdd/caltech_training/multiclass/train/001.Black_footed_Albatross/Black_Footed_Albatross_0009_34.jpg,0,0.12376963,-0.055428717,-0.13655254,0.002835106,0.05574198,-0.05151493,0.042417385,0.1356506,0.122077726,0.042375807,0.13540183,0.19483617,-0.0047974847,-0.032969482,-0.03178185,0.028529199,0.009340908,-0.03523089,0.06198784,0.03058704,0.027355373,-0.022231093,-0.041033052,-0.05589223,-0.017838482,0.059192967,0.084190495,0.019380048,-0.014665993,-0.03670714,-0.04728901,0.042696655,0.054880306,0.0078106616,0.057271738,0.036098197,0.029557217,0.04932221,0.056919817,0.077322885,0.008329855,0.033466913,0.028862908,0.004356417
/mnt/sdd/caltech_training/multiclass/train/001.Black_footed_Albatross/Black_Footed_Albatross_0089_796069.jpg,0,0.23353526,0.043604188,-0.026400335,0.024974113,-0.029380612,0.035938587,0.020847404,-0.023168378,0.1725105,-0.033506647,-0.048296683,-0.09931156,0.037098683,0.08655874,-0.055118673,0.050155994,0.13674746,0.06520273,0.07079138,0.08953748,0.01836611,-0.06101051,-0.05061675,-0.07422492,0.01549853,-0.14725381,-0.09176529,0.050420176,0.047326513,-0.007733777,-0.037226956,0.060747217,0.03863208,0.07400363,-0.026944332,0.072585344,0.04662006,0.01696201,-0.0003415309,0.03691691,-0.005788454,0.034733374,0.025675466,-0.0055186925
/mnt/sdd/caltech_training/multiclass/train/001.Black_footed_Albatross/Black_Footed_Albatross_0041_796108.jpg,0,0.13131943,-0.013684936,0.06616556,0.053206682,-0.039183494,-0.0056639872,-0.017129822,0.04363021,-0.0028054956,0.10598563,0.12696083,0.14583026,0.039418638,-0.0013137832,-0.07900074,0.024118952,-0.0019883253,0.092210256,0.055288043,0.03909564,0.02848732,-0.031831916,-0.09795603,-0.087780304,0.052436866,-0.05872567,0.023309749,0.124200866,0.04110018,0.023762982,-0.028503107,0.009387348,0.06450191,-0.004768557,-0.0024308711,-0.044718497,0.008999303,0.099815264,0.09870759,0.06802119,0.007472627,0.04743299,0.049309175,0.009432534
/mnt/sdd/caltech_training/multiclass/train/001.Black_footed_Albatross/Black_Footed_Albatross_0081_426.jpg,0,0.09536211,0.16859142,0.095320016,0.0025625676,0.0774211,-0.072408855,0.0055092257,0.0047698803,-0.085800275,-0.105162084,-0.0059936317,0.0552139,-0.064691186,0.08632536,0.04561851,0.13177535,0.07855632,0.114045575,0.1734457,0.14397633,0.013856433,-0.06741223,-0.042605724,-0.05467185,0.021467187,-0.12462463,0.03386654,0.018795915,-0.020835161,-0.007935772,-0.025094781,0.116520226,-0.049068946,-0.030951887,-0.041783363,0.037450798,0.0073088724,-0.011408063,-0.0067914007,-0.008436373,0.01004984,0.056501105,0.040904637,0.017069824
/mnt/sdd/caltech_training/multiclass/train/001.Black_footed_Albatross/Black_Footed_Albatross_0056_796078.jpg,0,-0.10794291,-0.10487366,-0.06830126,0.013817799,-0.015922999,-0.0665807,-0.043366663,-0.11286608,-0.13831776,-0.055394623,-0.10382533,-0.06368104,-0.05469515,0.123126,0.01834114,0.03352456,0.11337876,0.13393013,0.15815881,0.074448995,0.047546726,-0.021576824,0.0035454445,0.037639562,0.062005643,0.019139249,0.111560225,0.06782858,0.010756155,0.048411597,-0.0062358044,0.15699577,-0.028646048,-0.16281071,-0.14039019,-0.09531281,-0.003547432,-0.022028897,-0.0049599996,0.0434355,0.013953883,0.045100663,0.03969951,0.017029699
/mnt/sdd/caltech_training/multiclass/train/001.Black_footed_Albatross/Black_Footed_Albatross_0038_212.jpg,0,-0.04703623,0.13072293,0.14957857,0.06335503,-0.07040179,0.004325714,-0.091162145,-0.09705547,0.12155136,0.0017028265,0.032756705,0.026639255,-0.0038586538,-0.006591083,0.0635107,0.03963085,0.0444082,0.09046983,0.13112387,0.08130264,0.055630106,-0.0634398,-0.06934345,-0.05748234,0.058571264,-0.06415124,0.0055293962,0.066048585,0.009372937,0.05115103,0.01400575,-0.042100914,0.025686584,-0.03205487,-0.015301608,-0.026991507,0.013025826,0.04266969,0.049439274,0.07983528,0.009009406,0.021070287,0.008910043,-0.0090892045
/mnt/sdd/caltech_training/multiclass/train/001.Black_footed_Albatross/Black_Footed_Albatross_0037_796120.jpg,0,-0.16141072,-0.23454148,-0.096575245,-0.12535945,-0.05666878,0.021126961,0.018900828,0.035056558,-0.1417878,0.12089549,0.0592429,0.07730533,-0.060651824,0.21555422,0.015063569,0.062094513,0.04184258,0.024812896,0.03665931,0.10220353,-0.014345627,-0.08023704,-0.06608164,-0.013017102,-0.094106436,-0.045128707,0.1822792,0.11568643,-0.017799374,0.06185349,0.050134525,-0.11341468,-0.04734022,0.01977424,0.090591334,-0.059793912,0.053812608,0.044795275,0.034643907,0.07209435,-0.0029970123,0.03876714,0.027461682,0.0061328155
/mnt/sdd/caltech_training/multiclass/train/001.Black_footed_Albatross/Black_Footed_Albatross_0002_55.jpg,0,-0.07986307,0.19584718,0.11614622,0.04309807,0.07900573,0.054790597,0.04110067,0.03003244,-0.25892824,0.091034435,0.05198742,-0.06475605,-0.011464654,0.18030673,-0.087286636,-0.08348614,0.033117704,0.024704605,0.004149966,0.09084399,-0.04607432,0.0017259773,-0.08719937,-0.07986313,0.0045680813,-0.11918039,-0.122888476,0.026215095,-0.048456166,-0.010459175,0.07052915,0.044345938,-0.1285467,0.0047575645,0.024343368,0.03174276,0.002338375,0.057418123,0.054830305,0.06112559,0.01698207,0.026164202,0.012653733,-0.0074166562
/mnt/sdd/caltech_training/multiclass/train/001.Black_footed_Albatross/Black_Footed_Albatross_0025_796057.jpg,0,0.032886565,0.032635972,0.0023818575,0.032219812,-0.0764434,-0.09242209,-0.09444143,-0.10787611,-0.021813706,0.00056859106,0.025678527,-0.025473924,-0.0003169626,0.010562921,0.11707038,-0.017539904,0.099363334,0.0061464645,0.009406941,0.099132046,-0.0068432353,-0.1268421,0.0118294805,-0.0089446325,-0.03463321,-0.016759422,0.0028445534,-0.024839485,-0.012832249,0.017913962,0.041730035,0.09810774,-0.017687581,0.0149972625,-0.04264278,-0.09746545,-0.006956231,-0.08934471,-0.08272852,-0.04876731,-0.00013119075,0.03102588,0.02115403,-0.0011505489
/mnt/sdd/caltech_training/multiclass/train/001.Black_footed_Albatross/Black_Footed_Albatross_0008_796083.jpg,0,-0.24519369,-0.13816293,-0.024219416,-0.053786684,-0.035348825,0.08598033,-0.055519283,-0.036247447,-0.124409795,0.08289589,0.09334883,0.1612024,-0.034151122,0.025085744,0.023390457,-0.03459575,0.095265456,-0.029258497,0.079978906,0.060311455,0.00789195,-0.029366903,0.009412844,-0.05477543,0.03565462,0.09616174,0.06287121,0.05530411,0.030345129,-0.055041026,0.0064852107,0.10590403,-0.010227576,-0.034795783,-0.10049634,-0.080184795,-0.00091190776,-0.032836005,-0.017898463,0.029453069,0.0012623481,0.03160543,0.027171211,0.011143655
/mnt/sdd/caltech_training/multiclass/train/001.Black_footed_Albatross/Black_Footed_Albatross_0078_796126.jpg,0,-0.26649845,-0.13245331,-0.059204772,-0.05890116,-0.09439126,0.0291555,0.020632409,0.080692895,0.2897713,-0.08854373,-0.009223113,-0.042862557,0.060499564,0.02118712,0.001432552,0.0038947817,-0.04963878,-0.034316264,-0.008349943,0.043967716,0.0004498316,0.03443418,0.00038579293,0.007534923,0.0522058,0.087221235,0.06333554,-0.055156257,-0.019067243,0.041965228,0.0028903428,0.0339325,0.0131800175,-0.005522251,0.034578618,-0.07816942,0.015849339,0.0021459348,0.031067388,0.04793399,0.014909768,0.029862037,0.023105219,-0.0005589053
/mnt/sdd/caltech_training/multiclass/train/001.Black_footed_Albatross/Black_Footed_Albatross_0039_796132.jpg,0,-0.12709789,0.04638018,0.060572684,0.16370204,-0.011701012,0.075024664,0.080610335,0.072718725,-0.016567983,-0.012269216,-0.040589027,-0.09072263,-0.015884446,-0.07692286,0.003871683,-0.062420003,-0.031250436,0.19562437,0.23135468,0.28769952,0.006504334,0.014208833,-0.015459932,0.05530346,-0.04966428,-0.047487304,-0.014957752,0.11503665,-0.008710497,0.044128038,0.018401757,0.112490185,-0.10923287,0.009502223,0.07026188,0.07165174,0.023582827,-0.0002523983,0.011271975,0.030654855,-0.0017750375,0.029095268,0.026155084,0.0038517024
/mnt/sdd/caltech_training/multiclass/train/001.Black_footed_Albatross/Black_Footed_Albatross_0006_796065.jpg,0,0.006771695,-0.1478459,-0.12520948,-0.13277477,-0.11967287,0.012892336,-0.088300936,-0.13517386,-0.08443973,-0.0065694507,0.027122077,0.015201349,-0.00517036,0.14886501,-0.028211562,-0.0085270405,-0.0042415783,-0.012764253,0.08845112,0.08852731,-0.020079818,-0.002075198,-0.033856966,-0.081681885,0.085661195,0.23715883,-0.12521309,-0.0022276044,0.0502116,0.013973283,0.062059715,0.028189808,0.019295566,-0.04475712,-0.071839824,0.0031630462,0.04959229,0.12098122,0.07769189,0.1045109,0.0044858223,0.047986396,0.045047432,0.00863399
/mnt/sdd/caltech_training/multiclass/train/001.Black_footed_Albatross/Black_Footed_Albatross_0032_796115.jpg,0,-0.16790481,-0.13664347,-0.13655595,-0.13967784,-0.05008573,0.039601386,0.026800413,0.08611759,-0.1304318,0.077996224,0.09841758,-0.04779074,-0.04925324,0.06766783,0.0029746797,-0.058431216,0.04163581,0.020218115,-0.03960195,0.055530354,0.042971104,-0.16264921,-0.01639701,0.021846633,0.080882505,-0.08443298,0.13347453,-0.009604465,0.025092747,-0.012474829,0.14514273,0.009565034,0.09950238,0.040966175,0.09674536,0.03969024,0.046390854,0.030702183,0.053304337,0.05724426,0.0029473458,0.023616053,0.022792712,0.0133406455
/mnt/sdd/caltech_training/multiclass/train/001.Black_footed_Albatross/Black_Footed_Albatross_0071_796113.jpg,0,0.06404428,0.008160379,0.0031856708,-0.0036196,0.0012978977,0.01049507,0.0049405694,-0.041147627,0.09486382,0.0124977445,0.10865403,0.03735713,-0.021024039,0.09215912,0.022874888,0.08284049,0.07123223,-0.03945916,0.05351498,0.031216096,-0.00073319674,-0.08464026,-0.011911813,0.04512219,-0.013360739,0.035162494,-0.047896758,0.057385158,0.0015183082,0.020298785,-0.025841378,-0.0302311,-0.008907817,-0.09573602,-0.04270617,-0.074903145,0.062042207,0.035255134,0.035465214,0.1075906,0.0031192084,0.056132477,0.052243702,0.008114031
/mnt/sdd/caltech_training/multiclass/train/001.Black_footed_Albatross/Black_Footed_Albatross_0051_796103.jpg,0,0.08905418,0.054060325,-0.037557878,-0.0640112,-0.02050481,0.023898717,0.057197765,0.026924968,-0.25007915,-0.13585211,-0.05901617,-0.028230635,-0.05629772,0.0005289456,0.044547845,-0.009564199,0.08695698,0.010234527,0.07280704,0.02966237,-0.052175466,-0.080132335,-0.11542411,-0.0677838,0.04380557,0.15621313,-0.04184205,-0.036496267,0.010799736,-0.07567976,0.04978746,0.049989447,-0.046420686,-0.049718224,-0.027751029,-0.0053798445,-0.0036598202,0.06797696,0.06765206,0.05644206,0.019302405,0.026006911,0.020329606,-0.0058441693
/mnt/sdd/caltech_training/multiclass/train/001.Black_footed_Albatross/Black_Footed_Albatross_0016_796067.jpg,0,0.15166514,-0.1088545,-0.06261497,-0.112813935,0.010403387,0.004571149,-0.0038186843,-0.08361777,0.025793184,-0.04726762,-0.10283659,-0.15687613,-0.089097336,0.005126577,0.01758349,-0.013403187,0.07290627,0.09183373,0.14144558,0.16254659,0.03193307,-0.021176305,-0.0049629137,-0.00030493387,0.00564941,-0.09237413,-0.019184409,0.037422188,0.041718476,-0.06460876,0.035980344,0.10177475,-0.021514058,0.022427328,0.029637855,0.015943445,0.02064899,-0.0010150997,0.012797438,0.025520898,0.022759125,0.046705063,0.035181243,-0.0001454642
/mnt/sdd/caltech_training/multiclass/train/001.Black_footed_Albatross/Black_Footed_Albatross_0088_796133.jpg,0,-0.112289675,0.029267829,0.078820914,-0.04893338,-0.037398167,0.040892653,0.03940602,-0.092489354,0.18427499,-0.014219858,0.011527687,-0.09802823,0.027751658,-0.012760038,0.0431276,-0.04987456,0.003594635,0.053981557,0.009366412,-0.08952943,-0.015062412,-0.059587363,-0.009221654,-0.06547726,0.02804796,0.0066315755,0.06251066,0.020482626,-0.024438333,-0.006831879,0.033685703,0.011789516,-0.033601005,-0.034333345,0.05291984,0.016718589,0.014748218,0.034920376,0.04420137,0.05038446,-0.009044727,0.040551502,0.032782763,0.010525394
/mnt/sdd/caltech_training/multiclass/train/001.Black_footed_Albatross/Black_Footed_Albatross_0053_796109.jpg,0,0.13369963,-0.21521293,-0.11609,-0.105103076,0.008125467,0.1277721,0.19325514,0.16896681,0.25398308,-0.008643761,0.034524523,0.037310973,0.09486559,0.13933432,0.07411364,-0.015031245,0.100814566,0.14412266,0.15043949,0.08006152,0.004398141,-0.08348535,-0.068495974,-0.023452753,-0.011935264,-0.06956999,0.10072081,-0.008884075,0.03854544,0.06725123,-0.03667473,0.054487444,0.12579311,-0.054950178,-0.031730432,-0.047909763,0.042434387,-0.0066131167,0.018587567,0.0390536,0.0035382695,0.019498242,0.011314614,-0.0016338276
/mnt/sdd/caltech_training/multiclass/train/002.Laysan_Albatross/Laysan_Albatross_0061_563.jpg,1,-0.1626443,-0.10632151,-0.13409072,-0.17031512,-0.011830341,0.03588236,0.014213437,0.00805936,-0.033468217,0.106145024,-0.08384381,-0.08191263,0.020011192,0.041430075,0.034383338,0.044013426,0.052867517,0.1114153,0.17441313,0.08195892,-0.035611782,0.040290076,0.005991822,0.020608813,-0.011345293,0.124722995,0.034456994,0.07303344,0.027162213,0.06434149,0.027657444,0.051771432,-0.10889073,0.061228443,0.04143334,-0.020724602,-0.012206214,0.062579714,0.06511144,0.09961544,-0.009971388,0.037022755,0.026374971,0.014626672
/mnt/sdd/caltech_training/multiclass/train/002.Laysan_Albatross/Laysan_Albatross_0017_614.jpg,1,-0.19951715,-0.08507288,-0.0008523986,0.12708923,-0.07513145,0.085898295,0.019766062,0.15242776,-0.10740781,0.07356964,0.003647495,-0.036171213,0.048837315,-0.03940557,0.13651201,0.027222602,-0.17176169,0.10025267,-0.049967393,-0.07586528,-0.061529133,0.06944516,0.0587729,0.10959306,-0.07454564,0.045535326,-0.13378842,-0.059426818,-0.020677255,0.017893236,0.04391501,0.11129549,-0.01351043,0.044391487,0.01503887,-0.049587153,0.03767741,0.09158998,0.112839185,0.08775142,0.01576407,0.06212663,0.05401043,0.03940534
/mnt/sdd/caltech_training/multiclass/train/002.Laysan_Albatross/Laysan_Albatross_0035_876.jpg,1,-0.13980107,-0.08853317,-0.07230234,-0.07143837,-0.094471216,0.09449966,0.04335074,0.041840628,0.086949915,0.14123943,0.08698906,0.080326304,-0.019943148,-0.11788305,0.12559554,0.06444797,0.01413,-0.025781013,-0.00855018,-0.11904878,0.02084148,0.021617645,-0.021969145,0.10171747,0.0036442764,0.029993264,-0.021117069,0.1022681,0.0048750862,-0.0038375687,0.017974265,-0.025747335,0.034791224,0.026322665,0.014234037,-0.049619533,0.027633408,0.08405635,0.08535996,0.10318144,0.0015744478,0.0537608,0.04174111,0.02382149
/mnt/sdd/caltech_training/multiclass/train/002.Laysan_Albatross/Laysan_Albatross_0040_472.jpg,1,-0.08510192,0.011114508,0.074694544,-0.047190953,0.021240607,0.046551418,0.032469433,0.048743777,-0.14298964,0.22950777,0.14253604,0.043666653,-0.11073691,0.013548598,-0.07833506,-0.002441662,-0.0145953605,-0.058419734,-0.07801318,-0.1515424,-0.02182129,0.01096138,0.023497807,0.015708704,-0.108439595,0.055537008,0.20071632,-0.0016696937,0.0003775577,-0.052686647,0.08365716,-0.09217532,-0.048973616,0.056148462,0.022497874,-0.017384458,-0.018216528,-0.04582216,-0.051961254,-0.013903605,-0.012104505,0.038112372,0.027000608,0.020210233
/mnt/sdd/caltech_training/multiclass/train/002.Laysan_Albatross/Laysan_Albatross_0073_927.jpg,1,0.19991125,0.18147315,0.09348416,-0.03298506,0.13131648,0.030784093,0.031146176,-0.046512976,0.05041596,-0.13384183,-0.17129812,-0.18057406,-0.06870602,-0.11333652,-0.018188883,-0.014663212,-0.17325746,-0.015770428,-0.021342816,0.063191004,-0.033795804,0.015547182,0.06284702,0.058978733,-0.09322888,0.15323952,-0.011263169,-0.09887825,-0.04128469,0.014638491,0.0026375074,-0.051331036,-0.113619775,0.10693124,0.10958194,0.02188354,0.013483427,0.10071245,0.11469739,0.08231449,0.0124833,0.02118669,0.012771774,0.0045564496
/mnt/sdd/caltech_training/multiclass/train/002.Laysan_Albatross/Laysan_Albatross_0076_671.jpg,1,-0.03635999,0.09361494,0.12900792,0.12709318,-0.099160634,-0.07193026,-0.05475921,-0.09518972,-0.09942946,0.06100527,0.01715542,-0.08227358,-0.054832265,0.17746851,0.09426866,0.009201225,-0.09424684,0.026913472,0.020474985,0.003855845,0.0048806025,-0.016650021,0.07431933,0.039014064,-0.021337233,-0.026462445,-0.02180859,0.16803735,-6.139558e-05,-0.07296973,0.027291168,0.039736316,-0.03740115,0.0056753326,-0.02187629,-0.029240072,-0.04020384,0.09063533,0.102430455,0.11956953,-0.00346083,0.06312431,0.049810346,0.038546626
/mnt/sdd/caltech_training/multiclass/train/002.Laysan_Albatross/Laysan_Albatross_0002_1027.jpg,1,-0.23263828,0.21284452,0.16563173,0.16254155,-0.09429896,-0.014295869,-0.005708318,0.026068885,-0.11375333,0.2109523,0.123741776,0.10939461,-0.03581331,0.09057337,-0.0140792765,0.06634321,-0.004724879,-0.068165794,-0.115811855,0.0660816,-0.03486603,0.03365196,-0.018119985,0.057865717,0.010202102,0.17974281,0.08217231,0.0613831,0.007604718,-0.008572606,0.13069563,-0.012082036,-0.05884374,-0.0010607708,0.08320088,0.03240843,-0.0256061,0.052624118,0.053128604,0.070920385,-0.0027894496,0.048793174,0.035289653,0.029367203
/mnt/sdd/caltech_training/multiclass/train/002.Laysan_Albatross/Laysan_Albatross_0012_696.jpg,1,-0.19453186,-0.22985408,-0.1688233,-0.13108943,-0.03893468,0.030777114,-0.02584178,0.09645757,-0.0054139495,-0.034458686,-0.13131566,-0.022790864,-0.061588004,-0.034584504,0.03382969,0.018310342,-0.09448969,-0.21609023,-0.17788197,-0.11406349,-0.07007809,0.03789255,-0.029793158,0.060316414,-0.035539348,-0.007607108,0.056593813,0.14011204,-0.051331393,0.0701987,0.035592113,-0.011667133,-0.040390737,0.064997874,0.052663524,0.06337492,-0.05319941,0.004619372,0.018461647,0.039279554,-0.020769795,0.037176583,0.035415456,0.025231257
/mnt/sdd/caltech_training/multiclass/train/002.Laysan_Albatross/Laysan_Albatross_0005_565.jpg,1,0.2763383,-0.06328221,0.056411907,0.0735754,0.14152312,0.03608316,0.022197872,0.013644671,0.08520518,0.07916693,-0.083307296,0.063186415,0.045016646,-0.06683457,0.14891726,0.05892867,0.07280321,0.049030427,-0.051721185,-0.05032023,0.013256002,0.05062961,0.017163977,-0.020940486,-0.004533508,0.17028202,0.21082626,0.07342809,0.04167062,0.01455499,0.08306762,0.13040343,0.07290316,0.01583968,0.007906951,-0.011805019,0.048222303,0.07353745,0.04991974,0.08031046,0.022769436,0.053426605,0.043842275,0.0347023
/mnt/sdd/caltech_training/multiclass/train/002.Laysan_Albatross/Laysan_Albatross_0042_801.jpg,1,-0.0076837465,0.004145286,-0.0103810765,0.03682725,-0.049352102,0.06292586,-0.05304352,-0.08194308,0.16161543,0.14503556,0.045618113,-0.015896942,0.026221856,-0.021798324,0.03349347,0.047659684,-0.104644984,0.055867482,0.104995556,-0.039424628,0.07193826,0.042879365,0.0652322,0.14931905,0.13066292,0.077607505,-0.017846668,0.07421493,0.07413107,0.03422422,-0.020873712,0.009469267,0.032730315,0.042315565,0.035583675,-0.042911373,0.024723329,0.07342035,0.087343745,0.07174287,0.02258005,0.043096133,0.038894042,0.023861017
/mnt/sdd/caltech_training/multiclass/train/002.Laysan_Albatross/Laysan_Albatross_0096_673.jpg,1,0.045166995,0.05394444,-0.08675519,-0.055173717,-0.008206863,-0.153528,-0.074654415,-0.10733334,0.04616227,0.22197877,0.25345582,0.13757122,-0.07461954,0.1318714,-0.0065038744,0.020251628,-0.09878814,0.1700099,0.132595,0.0665412,-0.045043103,0.1428399,0.10597781,0.03586646,-0.042220622,0.08597472,0.12981847,-0.048797008,0.02651227,0.0004717945,0.0024243928,0.038984176,-0.09446537,0.0754038,-0.00445259,-0.012697771,-0.044216305,0.04361944,0.053733736,0.0388061,-0.0019833823,0.055849817,0.045025654,0.044364046
/mnt/sdd/caltech_training/multiclass/train/002.Laysan_Albatross/Laysan_Albatross_0081_800.jpg,1,-0.068481304,0.022670314,0.024501167,-0.02432143,-0.06709479,-0.051211435,0.047485784,0.10407479,0.04565717,0.009219173,0.005253007,-0.1673108,0.024036981,0.07162784,-0.04081029,-0.030002307,-0.18931064,-0.016343456,-0.059563443,-0.009644911,-0.036823764,0.04491231,-0.0020908313,0.05990691,0.0920773,0.0015296005,0.0786268,-0.0003007967,0.041752156,0.11299717,0.034498308,0.007626254,-0.03563513,0.09962732,0.09315977,0.09728898,-0.014914051,0.12035526,0.11731583,0.10186591,0.0009335289,0.05111412,0.043966148,0.04061167
/mnt/sdd/caltech_training/multiclass/train/002.Laysan_Albatross/Laysan_Albatross_0058_637.jpg,1,0.075310685,-0.06300029,-0.03515836,-0.055689257,0.008558826,-0.014729774,-0.086625785,-0.21751791,-0.05865317,0.16129972,0.1347831,0.080061644,0.019395,-0.12793948,0.11287309,-0.014287435,0.12670204,0.025299296,-0.013924345,0.117863536,0.083559945,0.021884572,0.14690328,0.12821093,0.03501966,0.1368832,0.037671275,0.0636145,0.048200965,0.035765413,0.11429821,-0.032987103,-0.002418696,0.047476076,0.09100048,-0.018303,0.010688922,0.009807484,0.022804055,0.026112687,-0.0035215605,0.063008614,0.049459442,0.037254337
/mnt/sdd/caltech_training/multiclass/train/002.Laysan_Albatross/Laysan_Albatross_0037_699.jpg,1,-0.055026982,0.001282068,0.005177673,0.05807154,-0.0015498931,0.029243313,0.0055262633,0.041052744,-0.01614366,-0.042012893,-0.12449468,-0.14497305,0.0192152,0.096083626,0.03983771,0.083222196,-0.16537687,0.044672884,-0.029952582,0.0011398867,-0.052758854,0.02750918,0.030216468,0.058672097,0.005037004,0.10961691,0.07556942,0.051739033,0.036029365,0.06799236,-0.046063937,-0.033905704,0.041261733,0.048928548,0.07763191,0.023511015,0.03482376,0.105734214,0.10185781,0.06299428,-0.013696586,0.047549855,0.035311434,0.035281483
/mnt/sdd/caltech_training/multiclass/train/002.Laysan_Albatross/Laysan_Albatross_0003_1033.jpg,1,-0.0033515282,-0.02522473,-0.017876133,-0.027357593,0.025190175,0.05581903,-0.0525252,-0.04451997,-0.115590416,0.04004879,-0.0003182944,-0.030590985,-0.069594055,-0.03929591,0.1636585,-0.026469408,-0.074281156,0.0031234398,-0.04592999,-0.12356214,-0.04852642,0.016563192,0.0022827573,0.032271784,-0.06256014,0.0061370824,0.026688112,0.11844689,0.020735607,-0.033919834,-0.074099205,0.03609088,-0.036614645,0.07081166,0.044164136,-0.004562049,-0.02272759,0.0610145,0.02399148,0.0045347977,-0.004685421,0.063399605,0.04143645,0.025073217
/mnt/sdd/caltech_training/multiclass/train/002.Laysan_Albatross/Laysan_Albatross_0051_1020.jpg,1,0.11369775,-0.07120296,0.006461501,-0.058225676,0.025868868,-0.08511035,-0.06445782,-0.021892615,0.057958044,-0.020516176,0.12876964,0.107784554,-0.011986291,-0.11125832,0.041162036,0.015381491,-0.038355213,-0.028056607,-0.03652162,-0.14595357,-0.008265544,-0.034184385,-0.005176298,-0.03901327,-0.0052104406,0.08864103,0.12715091,0.077107884,0.0058678947,0.031588916,-0.05515703,0.03354992,-0.06868957,-0.074070774,-0.09505435,-0.09810651,-0.031317487,0.08637201,0.07948677,0.06500414,-0.010335013,0.056337465,0.048647713,0.040823713
/mnt/sdd/caltech_training/multiclass/train/002.Laysan_Albatross/Laysan_Albatross_0028_643.jpg,1,0.105664514,-0.021384638,-0.1262873,-0.24946173,0.1180013,0.031302147,-0.06476158,-0.0075390413,-0.11178071,-0.12996727,-0.030008033,-0.12717192,-0.17240888,-0.14762416,0.10168877,0.014904831,-0.14676343,-0.03030581,-0.08854698,0.0043724254,0.037848532,-0.05359858,0.075894445,0.07019928,0.06536274,0.07167183,-0.02469527,0.10512793,0.0062680664,0.055272307,0.12671992,0.025425354,-0.029053427,0.017970953,-0.0050223917,-0.03437565,-0.010923864,0.025004419,0.043873753,0.009448418,-0.0040159845,0.0241777,0.02073652,0.014115049
/mnt/sdd/caltech_training/multiclass/train/002.Laysan_Albatross/Laysan_Albatross_0053_543.jpg,1,0.061416656,-0.022550896,0.036841743,0.040229008,0.028134607,0.05334831,-0.016394233,-0.07610387,0.10866398,0.090526804,0.10153597,0.2369438,0.0072962195,0.029864388,-0.046599187,-0.06843599,-0.20853266,0.029518746,-0.019979037,0.09305693,-0.08250528,0.03931731,-0.06562334,-0.07360245,-0.023776542,0.20603716,0.005853813,0.09686854,0.04596859,0.08574689,0.0054223565,-0.0037884004,-0.035976626,-0.09327924,-0.05618016,-0.083661854,0.016595518,0.05432319,0.036551937,0.053569693,0.002179562,0.035782345,0.022252766,0.019372875
/mnt/sdd/caltech_training/multiclass/train/002.Laysan_Albatross/Laysan_Albatross_0060_777.jpg,1,-0.1504662,-0.22688168,-0.19156381,-0.19228286,-0.010200487,0.00458193,-0.029687643,-0.05999654,-0.10723142,-0.12127432,-0.0768441,-0.070827916,-0.03935767,0.15117809,0.027504032,0.13705356,-0.13745539,0.10308273,0.14421992,0.018883457,-0.04727111,0.038421746,0.008519136,0.044982534,-0.05689036,0.10598686,-0.08572044,-0.114496835,0.017589385,0.044599585,-0.077080555,-0.01513375,-0.12530482,0.053168904,0.025892433,0.056394506,-0.020959126,0.090286076,0.08576128,0.068178795,-0.011745732,0.05957292,0.04784224,0.042861246
/mnt/sdd/caltech_training/multiclass/train/002.Laysan_Albatross/Laysan_Albatross_0033_658.jpg,1,-0.038789608,0.078031346,0.061578512,0.05362429,0.030685952,0.020059464,0.051817745,0.049608022,-0.06940902,0.013272498,0.073294125,0.06191484,-0.09838696,0.043383893,0.16135858,0.08135248,-0.13638698,0.0729419,0.15187174,0.09179576,-0.010726074,0.0053528277,0.097685166,0.11367735,-0.06928617,0.12168431,0.050805278,0.075461976,-0.021702405,0.04474789,-0.031122142,0.07838894,-0.06691559,-0.047003224,-0.102121055,-0.08672906,-0.027639639,0.010496795,0.05607735,0.060633525,-0.004058161,0.063642174,0.05502753,0.045429017
/mnt/sdd/caltech_training/multiclass/train/002.Laysan_Albatross/Laysan_Albatross_0059_488.jpg,1,-0.21139698,-0.13894457,-0.103576764,0.06859094,-0.110538915,-0.07044797,-0.03464085,0.055786464,-0.17160818,-0.07688344,-0.04453805,-0.07956104,-0.07026146,-0.009463692,0.027800962,0.012728659,-0.23998067,-0.034220412,0.08653153,0.16801819,-0.07148416,-0.057266887,0.006037271,0.0142706605,0.08415579,0.0033900933,0.1342501,-0.017277807,0.03698208,-0.0074438974,0.026080066,0.03270903,-0.19235617,0.0356277,0.022687897,0.004703529,0.032783322,0.074061275,0.076402284,0.07124905,-0.010857426,0.049406394,0.04859978,0.038457904
/mnt/sdd/caltech_training/multiclass/train/002.Laysan_Albatross/Laysan_Albatross_0079_506.jpg,1,-0.058013134,-0.15209535,-0.036349133,0.042333756,0.008080941,0.03628834,0.058022738,0.07418077,-0.16846994,0.04665401,-0.02315395,-0.029368758,0.012840968,0.05135411,0.07307176,0.033216096,-0.12894891,0.06846329,0.08510606,0.012353286,-0.032016195,0.0032619685,-0.00014978275,-0.013358128,-0.026218764,0.039154835,-0.06550022,0.121839784,-0.051877633,0.023389682,0.0905492,0.10383953,-0.13217704,0.073925585,-0.02259352,-0.045928534,-0.025107061,0.013157252,0.021648295,-0.030746844,-0.010989185,0.041426357,0.025101986,0.022208212
/mnt/sdd/caltech_training/multiclass/train/002.Laysan_Albatross/Laysan_Albatross_0093_725.jpg,1,-0.067830995,0.0444034,0.04615823,-0.053006276,-0.062261693,0.022249665,-0.11319034,-0.05482494,0.17366982,0.021670729,-0.058003023,-0.114778735,0.00669209,-0.0022975914,0.03690318,-0.022673938,-0.23543194,0.04538888,-0.04892393,-0.100438885,-0.044196658,0.016063876,-0.051217522,0.083189726,-0.026845468,0.15038075,0.120263174,0.12349211,-0.019079724,-0.03219565,0.007812068,0.026379768,-0.049889717,0.06634374,0.09393113,0.07393255,0.0014791489,0.07948209,0.08924529,0.062236972,0.00010163523,0.04231843,0.032632902,0.019760469
/mnt/sdd/caltech_training/multiclass/train/002.Laysan_Albatross/Laysan_Albatross_0100_735.jpg,1,-0.14338437,-0.009365361,-0.019099483,0.0043345746,-0.049839273,0.16123618,0.14567864,0.089200705,0.0058667995,0.15189484,0.13887472,0.17778333,0.057200626,-0.11208618,0.08677427,0.11282139,0.114416346,-0.0876144,-0.1098413,-0.018544257,0.018414844,0.14119086,0.066008106,0.09150708,-0.091165595,0.11230859,-0.028473161,0.051827278,-0.0010034968,0.059566103,-0.06355086,0.104965925,-0.09745523,-0.037994172,-0.024395391,-0.050317794,-0.025300235,0.11400348,0.14456454,0.11881374,-0.0012281225,0.05649012,0.050408185,0.047939785
/mnt/sdd/caltech_training/multiclass/train/002.Laysan_Albatross/Laysan_Albatross_0103_504.jpg,1,-0.015970398,-0.09839829,-0.07333883,-0.07036513,0.040381223,-0.0137624135,-0.006318856,-0.03140252,0.1355629,-0.097866684,-0.042912327,-0.05050626,0.04666796,0.09953457,-0.106589384,-0.02523385,0.06271969,-0.13091186,-0.18188582,-0.09740588,0.07057777,-0.018560667,0.051768616,0.023966061,-0.062010825,0.13820055,0.10111178,-0.016568866,-0.056978516,0.0359155,0.037888564,0.045441348,-0.046339955,0.12549669,0.059488557,0.080159195,0.02691452,0.008754755,0.031115245,0.0119629735,0.007989598,0.07048842,0.052516934,0.04304709
/mnt/sdd/caltech_training/multiclass/train/002.Laysan_Albatross/Laysan_Albatross_0102_611.jpg,1,-0.18669446,0.03497351,0.027895987,-0.010316376,-0.076020285,0.03163491,0.035322476,0.12506545,-0.024827942,-0.0017701499,0.038863417,0.1181964,-0.033325523,0.0861046,9.837374e-05,0.025527526,-0.123056084,0.035940588,-0.019169202,0.04274993,-0.04846351,0.04022592,0.04173451,-0.075569674,0.1549384,0.14547518,0.08834231,0.028091256,0.09278725,0.03215896,0.12280166,0.039176665,-0.19843291,-0.07097597,0.01997225,0.042048544,-0.034269422,0.08611041,0.094148576,0.072637625,0.022198606,0.022806117,0.017362373,0.017215125
/mnt/sdd/caltech_training/multiclass/train/002.Laysan_Albatross/Laysan_Albatross_0099_869.jpg,1,0.027371503,0.056030296,0.01567576,0.052354198,-0.010800801,0.037661437,0.040017538,0.0933796,-0.007298842,0.21099259,0.16336325,0.057142146,0.009400602,-0.0018438566,0.0839244,-0.003266042,-0.143337,0.059303842,0.015499886,-0.0024538059,-0.012230951,0.086686626,-0.0015765559,0.08661084,0.04615489,0.015002625,0.049122483,0.0112311505,0.024471542,-0.036270175,0.06375815,0.17637867,-0.14237794,0.1260975,0.07313222,0.07963477,0.01964802,0.09382356,0.09533742,0.072821125,0.0060661715,0.04050243,0.033626303,0.029719114
/mnt/sdd/caltech_training/multiclass/train/002.Laysan_Albatross/Laysan_Albatross_0039_924.jpg,1,0.08140352,0.14583188,0.03867041,-0.0242702,0.027960619,0.0705514,-0.018977448,-0.13741055,-0.10936573,-0.06560116,-0.04541494,-0.09405847,-0.043872345,0.1400932,0.047844756,-0.002810563,-0.08684852,-0.09669147,-0.056771234,-0.069782875,-0.075212926,-0.04258386,-0.020569343,0.1083054,-0.03747091,-0.01938295,0.00069117546,-0.054392792,0.0021737292,0.13166349,-0.052473057,0.082375824,-0.1586465,0.061251614,0.06458735,0.028751858,-0.038751464,0.12019992,0.1604529,0.08991222,-0.011205733,0.043860774,0.027754996,0.0147281615
/mnt/sdd/caltech_training/multiclass/train/002.Laysan_Albatross/Laysan_Albatross_0023_1059.jpg,1,0.21847904,-0.18034382,-0.30327326,-0.18707754,0.096779324,-0.06859005,-0.057500314,0.037628703,-0.059310686,0.09118003,0.0782478,-0.02605572,0.018425088,-0.10143985,0.13630183,0.039021417,0.020597447,-0.084214546,0.05965095,0.026941076,0.07021078,0.034538798,0.08654623,0.047392927,-0.013400353,0.18795152,-0.09678726,-0.03424383,-0.02426567,-0.04515931,0.018620256,0.09653812,-0.006460404,0.024480186,0.03518491,-0.027725864,-0.058682375,0.022615377,0.039244223,0.053013716,-0.011316004,0.044671405,0.036874097,0.03427115
/mnt/sdd/caltech_training/multiclass/train/002.Laysan_Albatross/Laysan_Albatross_0092_834.jpg,1,-0.020923749,-0.1953209,-0.21329102,-0.15314499,-0.0045715533,0.10537895,0.042584404,0.09318077,-0.034096844,0.124109596,0.101449,0.053322397,-0.07201528,0.06940105,0.027055793,0.05924166,-0.0048450585,0.05221444,-0.16738957,-0.023000924,0.02966857,0.038911454,0.08625155,0.084620416,0.16558811,0.06625835,-0.121144995,-0.061637003,0.07886396,-0.045981348,0.11530825,-0.0764267,-0.008234452,0.06673141,0.02540014,0.10163553,-0.042851463,0.15037173,0.119433105,0.08473762,-0.027629854,0.054170333,0.04358367,0.024710886
/mnt/sdd/caltech_training/multiclass/train/002.Laysan_Albatross/Laysan_Albatross_0083_756.jpg,1,-0.11282167,-0.059468716,-0.030493096,-0.017939333,-0.06695452,-0.032913543,-0.010216536,-0.006267744,0.05199595,0.15338317,0.16953853,0.20925169,0.027096981,0.22365265,0.11816295,0.011443976,0.091340184,0.042935535,0.13886023,-0.047938697,0.040902942,-0.01306508,0.045556758,0.07972247,-0.1113289,-0.088760026,0.0054886173,-0.005761981,-0.045567185,0.0031164177,0.05252882,0.052920684,0.03430423,0.07989511,0.049716175,0.03840923,-0.015955387,0.016549319,0.014526522,0.032752708,-0.005455573,0.07063253,0.050522804,0.041095722
/mnt/sdd/caltech_training/multiclass/train/002.Laysan_Albatross/Laysan_Albatross_0091_602.jpg,1,-0.17110723,0.23246704,0.08736172,-0.016467983,-0.06936963,0.06812519,-0.008764682,0.00655384,0.0107903555,0.08886043,0.03092425,0.36582273,-0.03294418,-0.12265561,-0.026625684,0.0046786275,-0.028054899,-0.044177063,-0.046352487,0.07057957,-0.04476666,0.004517872,0.111128256,-0.05797825,-0.024920132,0.216421,0.23017605,0.042940166,0.0014435276,0.10295324,0.057077933,0.08150275,0.022053413,0.059382156,0.016935103,-0.010569554,0.020433782,0.05318465,0.09459087,0.102176465,-0.011999065,0.04563987,0.03862035,0.026411597
/mnt/sdd/caltech_training/multiclass/train/002.Laysan_Albatross/Laysan_Albatross_0056_500.jpg,1,0.161489,-0.00858143,0.14736657,0.107527524,0.024538007,0.042576768,-0.0034494326,0.088632055,0.021798475,0.0063206684,0.0068247374,0.097409084,-0.009864949,0.005136851,-0.017508483,0.070462786,-0.04332098,0.038304616,0.03204436,0.02674748,0.052715596,0.033928722,0.050039638,0.026216794,0.10327058,0.15045822,0.07611854,0.078620926,0.03533671,0.06399518,0.065263,-0.0036742557,-0.036049534,0.031551514,0.062280256,-0.0026371554,0.031636808,0.042724654,0.019539587,-0.007835387,0.01042876,0.052922323,0.036095496,0.030742507
/mnt/sdd/caltech_training/multiclass/train/002.Laysan_Albatross/Laysan_Albatross_0001_545.jpg,1,-0.02149406,-0.0063754246,0.06702081,0.007476911,0.0070973895,0.09091079,-0.029568661,-0.040607035,0.028044708,0.07931945,0.02358087,-0.045996986,0.058110915,-0.052988138,0.0004637763,-0.0027830359,0.07039569,-0.009314833,-0.012370511,-0.041819606,0.06259595,0.051673125,0.073326424,0.10694504,-0.06258142,-0.09058832,0.003617689,0.061152678,0.033091024,-0.0048014224,0.0014959909,-0.021351343,-0.09047823,0.024284214,-0.07334828,-0.04894844,-0.040143058,0.015934866,0.0056075295,-0.026443912,0.008518471,0.04844914,0.038854748,0.03130673
/mnt/sdd/caltech_training/multiclass/train/002.Laysan_Albatross/Laysan_Albatross_0047_619.jpg,1,0.106435396,0.20985812,0.10382759,0.15019366,0.042932473,0.040237367,0.044561077,0.013935964,-0.09913522,0.090315916,0.15717518,0.20581757,-0.025343243,-0.10307366,0.06252042,0.13267279,-0.08098766,-0.0018336214,-0.036535937,-0.10061632,0.016276972,0.052011743,0.07790017,0.11063285,-0.13629419,0.16294043,0.1782945,0.1467848,-0.04730635,0.013458511,-0.010705186,-0.059224743,0.05557551,-0.035710193,-0.030322168,-0.012175679,0.021788625,0.065808214,0.06791502,0.056017168,0.014869568,0.034935776,0.022762276,0.02094996
/mnt/sdd/caltech_training/multiclass/train/002.Laysan_Albatross/Laysan_Albatross_0025_571.jpg,1,0.008700259,0.045976933,0.010666896,-0.017358052,0.03907277,-0.008969614,-0.024026634,-0.057985123,-0.18859391,-0.0011242554,-0.034753278,-0.145777,-0.15723202,-0.07561888,0.045711864,0.08293258,-0.12485738,0.006850835,0.19851226,0.15982199,-0.024236303,0.01733396,0.06574665,0.08220959,0.024001226,0.071765415,0.13732933,-0.11696945,-0.052071754,-0.09348059,-0.042772666,0.021020766,-0.0024688412,-0.06032979,-0.09237425,-0.1228996,-0.034033038,0.09967777,0.10449171,0.06364912,0.015160132,0.033174295,0.024558883,0.02435971
/mnt/sdd/caltech_training/multiclass/train/002.Laysan_Albatross/Laysan_Albatross_0006_702.jpg,1,-0.16790101,-0.06292767,-0.0071334317,-0.06254184,-0.02971591,-0.013201036,-0.015672415,0.011213731,0.04621709,0.08289114,0.09936859,0.00539799,0.024795506,0.062408876,0.0004862994,0.03674493,-0.1297416,0.089635774,-0.08052217,-0.11172818,0.0072721373,-0.029492982,-0.026966602,-0.001775641,0.049437508,0.1679986,-0.2740715,0.093094945,0.010685762,0.035369083,0.1549726,0.10975341,-0.066350155,0.013771392,0.0056830496,0.016508475,-0.022957318,0.046274133,0.060092673,0.09327691,0.014755097,0.057510693,0.045982715,0.034169912
/mnt/sdd/caltech_training/multiclass/train/002.Laysan_Albatross/Laysan_Albatross_0070_788.jpg,1,-0.0035546683,-0.18753728,-0.09739267,-0.17072335,-0.10517044,0.04226591,-0.016599609,0.070475236,0.04967765,0.106599554,0.021582946,0.028246697,0.0042503886,0.2660207,0.08078656,0.057496868,0.10592048,0.09972276,0.21619393,0.06042535,0.06115065,0.047831483,0.09723796,0.07190996,-0.04673303,-0.09113153,0.027988385,0.020622026,0.032898456,-0.019804481,-0.008445157,0.01293507,-0.114104316,0.07167611,0.04170391,0.020674953,-0.066415325,0.07515341,0.09255132,0.106776334,-0.027186722,0.052468203,0.04603587,0.029367441
/mnt/sdd/caltech_training/multiclass/train/002.Laysan_Albatross/Laysan_Albatross_0044_784.jpg,1,-0.110047676,-0.04162446,0.045544025,-0.06830606,-0.08396211,0.03787709,-0.0012789955,-0.032016728,-0.09289029,0.05743712,-0.12522772,-0.1963588,-0.06167493,-0.029311748,0.06638631,0.0029075025,0.1636002,-0.124555126,-0.1235563,0.009754181,-0.051107932,0.03944406,-0.016587226,0.06479879,-0.047728673,0.19527334,0.10632959,0.035484683,0.0052009514,-0.0011308277,0.10628873,0.01907704,-0.09555988,0.041663628,-0.005619187,-0.019690238,-0.0125175305,0.038497157,0.046526544,-0.008640894,-0.0086049605,0.057122063,0.04633149,0.033468083
/mnt/sdd/caltech_training/multiclass/train/002.Laysan_Albatross/Laysan_Albatross_0004_930.jpg,1,0.2537532,-0.075553045,-0.043591067,-0.12043601,0.05220686,-0.019905481,-0.0012591537,-0.02879363,0.08615494,0.01884424,-0.109741844,-0.1281057,-0.01843549,0.18939543,-0.059954647,0.06795251,-0.09339574,0.0028476864,0.077377684,0.12670836,-0.028731346,0.022895668,0.009727805,0.019401133,-0.021498699,-0.05446726,0.042329006,0.1149234,0.028749723,0.03628189,0.015580316,0.038191825,-0.019778652,0.008361131,-0.009411419,-0.020740662,-0.015763763,0.080209844,0.08044535,0.058235925,-0.008501367,0.062093858,0.044952944,0.043082036
/mnt/sdd/caltech_training/multiclass/train/002.Laysan_Albatross/Laysan_Albatross_0094_1013.jpg,1,-0.052872367,-0.07996775,-0.12314327,-0.039133232,-0.06836902,-0.0154762585,-0.009787839,0.029115142,0.14373243,-0.010451082,-0.008946225,0.1159373,0.06584659,-0.056796487,0.0697796,0.034661666,0.047689714,0.038423803,0.008504987,-0.1102036,-0.0032401066,-0.025145646,-0.03453309,-0.1149438,0.00082717463,0.16308217,0.07261968,-0.05543682,0.00944918,-0.04061071,-0.011655539,0.0028218795,0.053679638,0.053532925,0.048394356,-0.07456975,0.037258964,0.057852726,0.10099292,0.12026003,-0.0021327203,0.036725245,0.027451854,0.023514703
/mnt/sdd/caltech_training/multiclass/train/002.Laysan_Albatross/Laysan_Albatross_0050_870.jpg,1,-0.07564625,0.018812183,-0.021494146,-0.09853793,-0.03853495,-0.1186979,0.020963399,0.058705788,-0.0033293664,-0.07240869,-0.067353874,-0.097151816,-0.0020476263,0.071761146,-0.016966907,0.0060215457,-0.14408883,0.10857282,-0.011224888,-0.110880956,-0.022800148,0.10668082,0.08585538,0.12677887,-0.058306243,0.18124981,0.05887562,0.10806109,0.02593011,-0.0057348823,0.025835805,0.11744052,-0.033503443,0.023147922,0.01207635,0.05515525,0.042927496,0.08601169,0.079684496,0.046288647,0.014643996,0.03935441,0.028562345,0.019898675
/mnt/sdd/caltech_training/multiclass/train/002.Laysan_Albatross/Laysan_Albatross_0088_883.jpg,1,-0.096059114,-0.040566035,-0.0886793,-0.12293112,-0.052469112,-0.07070145,0.0665465,0.047767248,-0.036422998,0.073112726,-0.014145583,0.12506792,-0.029575177,0.05592665,0.0901585,0.04321334,0.024429914,-0.1812245,-0.10707258,-0.039801165,-0.04927867,0.09244177,0.06671786,0.13223504,-0.07910219,0.18141487,-0.053804714,0.026594501,-0.042305775,0.019114755,-0.010160392,0.050682344,0.04339826,0.057178743,0.06346616,0.080165595,0.012309326,0.06931661,0.087448806,0.048765026,0.018230975,0.037465382,0.03423363,0.03177219
/mnt/sdd/caltech_training/multiclass/train/002.Laysan_Albatross/Laysan_Albatross_0055_570.jpg,1,-0.04181896,0.15553492,0.20163609,0.24884059,0.0041476833,-0.02744634,-0.071488604,-0.06218623,-0.09312225,0.06804975,-0.07612209,-0.021497808,-0.12155639,-0.023553677,0.09542121,0.07223533,0.0031081326,0.025816932,-0.12104481,-0.062327743,-0.013467334,0.048272446,0.06907084,0.095231995,0.07884405,0.14919989,0.0896069,-0.089436844,0.050386332,-0.009976331,0.097169,0.063963145,-0.066445604,-0.0018355772,-0.013851589,-0.060813166,-0.05804283,0.0512562,0.045015033,-0.013901784,-0.0042091785,0.037060693,0.03835191,0.025917258
/mnt/sdd/caltech_training/multiclass/train/002.Laysan_Albatross/Laysan_Albatross_0013_910.jpg,1,0.040912263,-0.1878429,-0.15284207,-0.17528662,0.0751958,-0.08833256,0.02304894,-0.008755475,0.049972106,0.1169384,0.029991178,0.031229064,-0.048379723,0.07358674,0.061981477,0.018757463,-0.19297716,0.04772546,-0.09288952,-0.018049479,-0.060196355,0.032838188,0.1256143,0.0956241,-0.022076238,0.10429841,0.08936578,-0.08935174,-0.002390394,0.03949561,0.010633741,0.14077365,0.008403681,-0.050142646,-0.0486477,-0.06539862,-0.019887634,0.049739413,0.030274186,0.03402575,-0.00052333693,0.03236361,0.029774114,0.024212
/mnt/sdd/caltech_training/multiclass/train/002.Laysan_Albatross/Laysan_Albatross_0071_792.jpg,1,0.014121246,0.081468806,0.053499162,0.08326003,0.05789374,0.0055860477,-0.015696384,0.10627048,0.013771315,0.21001945,0.037608743,0.08896488,0.0105878,-0.008066868,0.018051986,0.044413663,-0.084876955,-0.070923,-0.11341378,-0.07755933,-0.061524823,-0.032530423,0.044408005,0.049942017,-0.014814302,0.15492141,0.1095769,0.03286162,0.05739218,0.1637345,-0.022813456,0.052715406,-0.064164855,0.11638266,0.07999931,0.09374249,-0.0071101673,0.09381537,0.07578019,0.06520747,-0.01690462,0.036570568,0.02869746,0.021476962
/mnt/sdd/caltech_training/multiclass/train/002.Laysan_Albatross/Laysan_Albatross_0029_482.jpg,1,0.034327835,-0.068378836,-0.12608841,-0.090201065,0.018991929,0.04016117,-0.029481258,0.053272504,0.16563243,0.19533,0.0979155,0.08963823,0.06211582,0.022006739,0.06971905,0.039399855,0.083322436,0.049741797,-0.038845703,-0.08522171,-0.031463232,0.058647145,0.024230296,0.09086954,0.19112661,0.17053509,0.10258588,-0.049322337,0.06568085,-0.0049322583,-0.0015367926,0.03381904,-0.09113673,-0.014998876,0.027562123,-0.01150123,-0.026480364,0.06298071,0.10342401,0.07849102,5.9428625e-05,0.051291093,0.040997703,0.037054136
/mnt/sdd/caltech_training/multiclass/train/002.Laysan_Albatross/Laysan_Albatross_0034_628.jpg,1,0.07541649,0.07517552,0.041540015,-0.061613314,0.07994888,-0.008468969,-0.1473237,-0.12184926,-0.2673176,-0.14932734,0.032828428,0.09578656,-0.06891027,0.17144163,0.11275087,0.06073818,-0.12825157,0.03873735,0.04120958,0.113055244,-0.031878643,0.12545907,0.046819814,0.067994624,0.052859776,0.1763776,0.1526283,0.13820744,-0.01441589,0.06850594,0.11046825,0.06811145,0.039289642,-0.082811266,-0.07782376,-0.1065506,0.002378447,0.003087434,0.07923058,0.06704776,0.012122573,0.04211645,0.037986297,0.02552919
/mnt/sdd/caltech_training/multiclass/train/003.Sooty_Albatross/Sooty_Albatross_0020_796359.jpg,2,-0.19361055,-0.15172218,-0.090344965,-0.0810367,-0.062514074,0.0018709935,-0.030564073,0.039404746,0.12940142,-0.0056536905,-0.06574615,0.015327193,0.047836684,-0.12863275,-0.103180796,0.045584496,-0.09301073,0.07711966,-0.026434902,-0.074194126,-0.07646614,-0.017954959,-0.07910128,-0.034886293,-0.020835573,0.10265346,-0.011364561,-0.07669179,-0.0025793258,0.005415298,0.03847838,-0.06648326,-0.04709502,0.030669145,-0.0045718113,-0.023777224,-0.047033325,-0.062361166,-0.06240542,-0.0374159,-0.0063818153,-0.055495124,-0.07471803,-0.044688914
/mnt/sdd/caltech_training/multiclass/train/003.Sooty_Albatross/Sooty_Albatross_0006_796390.jpg,2,0.06350502,-0.17955354,-0.2352063,-0.26209787,0.035606496,0.06806385,0.07385576,0.07790726,0.024697669,0.096181646,0.060816545,-0.036779996,-0.08259802,0.09307924,-0.03943581,-0.0018833503,0.007992931,-0.09223781,-0.026120149,0.012499988,0.038207714,0.004576776,0.023342218,0.03823106,0.06170086,0.06770478,0.013967009,0.08171873,0.031809818,0.014924977,0.012826044,0.06286758,-0.08105828,-0.053297147,-0.06891937,-0.0780357,-0.024326466,-0.05790592,-0.033960022,-0.029380273,-0.016646082,-0.05312146,-0.07394701,-0.03825868
/mnt/sdd/caltech_training/multiclass/train/003.Sooty_Albatross/Sooty_Albatross_0036_796387.jpg,2,0.087972015,-0.13877332,-0.15047452,-0.16113245,0.0027448796,0.05265154,-0.05932807,-0.033312332,0.0072446056,-0.002554737,-0.11734526,-0.06720128,0.010610599,-0.099068895,-0.044231102,-0.03085393,-0.22549897,0.09008229,0.07994535,0.03333821,-0.0818353,-0.018413749,0.004544841,-0.04732434,0.08463257,-0.044827163,-0.11839561,-0.034881234,0.050535437,0.032697115,0.12074675,-0.03864263,0.04606867,0.0916421,0.060261987,0.03826879,-0.038958073,-0.03940023,-0.025692984,-0.026847709,0.0016852934,-0.06668378,-0.0757427,-0.043683507
/mnt/sdd/caltech_training/multiclass/train/003.Sooty_Albatross/Sooty_Albatross_0043_1076.jpg,2,-0.25747216,-0.12520719,0.085843466,0.08787584,-0.05273421,0.06534817,0.12820137,0.054490957,-0.31138068,0.03046238,0.023167992,-0.035705753,-0.03618399,0.110566035,-0.06292741,-0.018187271,0.072717614,0.07809957,0.049537938,0.06064357,0.0066645816,-0.007613943,-0.023107791,0.02727128,-0.07954121,-0.073757984,-0.020940885,0.00011181459,-0.037278138,-0.04379964,0.06514341,-0.11691895,-0.0038668215,-0.050863724,0.0012446959,-0.060942583,-0.0026502348,-0.102780476,-0.05324975,-0.054007735,0.00485527,-0.07171091,-0.07437746,-0.057900313
/mnt/sdd/caltech_training/multiclass/train/003.Sooty_Albatross/Sooty_Albatross_0055_1160.jpg,2,0.11621517,-0.17976245,-0.03496041,-0.09715773,0.0868586,-0.074874476,-0.057172038,-0.03777975,-0.10824504,-0.08286351,0.16094042,0.09738298,-0.046845447,0.054645024,0.016714236,-0.03275117,0.03979554,0.08998017,-0.0113459155,-0.059202865,0.01982208,0.07526019,0.027244065,0.028215196,0.13427183,0.11829216,0.06382506,-0.039949544,0.0055760024,0.019304134,0.01997438,-0.079726726,-0.025609069,0.038824234,-0.02105663,-0.063058905,-0.038023315,-0.023179447,-0.02076937,0.027899647,0.0018901206,-0.054730915,-0.0613633,-0.037373748
/mnt/sdd/caltech_training/multiclass/train/003.Sooty_Albatross/Sooty_Albatross_0044_1105.jpg,2,-0.2021421,0.21454449,0.19779392,0.2275272,-0.08451229,0.00031967647,-0.09456517,-0.054944262,0.10595666,-0.036401454,0.009359147,0.09365983,-0.02794446,-0.019152408,-0.04890693,0.08613819,-0.05438315,-0.018898364,-0.122770876,-0.14265338,0.04677348,0.039200246,0.059905373,0.0646729,0.07796934,-0.015395168,-0.005910623,-0.04557886,0.038720865,-0.008902136,-0.14725296,0.042103514,-0.003231381,-0.17165744,-0.108861186,-0.19724986,-0.0123924995,-0.03891478,-0.051203646,-0.03615487,0.0020112814,-0.04431911,-0.061227962,-0.022182014
/mnt/sdd/caltech_training/multiclass/train/003.Sooty_Albatross/Sooty_Albatross_0051_796374.jpg,2,0.14653459,-0.10882808,-0.10520164,-0.04114734,0.06312017,-0.04813929,0.025350573,0.06566579,0.06328827,-0.019081023,-0.034674387,-0.03191074,0.02766456,-0.16423875,-0.07655389,-0.056067362,0.11528443,-0.108298205,-0.019984253,-0.1060587,0.047457766,-0.11467764,-0.06797178,-0.07294907,-0.08308524,-0.009952286,-0.04492276,-0.02614063,-0.0013271207,-0.09963736,-0.032886297,0.07739876,-0.06835279,-0.1467542,-0.0830238,-0.13227773,-0.036133874,-0.035288997,-0.021507407,-0.030404579,-0.009144793,-0.036676787,-0.048535958,-0.01662348
/mnt/sdd/caltech_training/multiclass/train/003.Sooty_Albatross/Sooty_Albatross_0064_796343.jpg,2,0.18562162,-0.24888988,-0.025574733,0.05977389,0.13332915,-0.12279031,-0.028239002,0.0045335926,0.03617195,-0.16051802,-0.14631997,-0.24776986,0.017346876,0.019738212,-0.046613734,0.036934532,-0.021596402,0.061987497,0.031486046,0.07539219,0.018100807,-0.037460435,0.036821723,0.001876168,0.0686331,-0.06335349,0.008042894,0.121992886,-0.04266267,-0.033549152,-0.079002514,-0.06705843,-0.021298204,-0.061960585,-0.08578842,-0.050217226,-0.003814715,-0.03404347,-0.013271058,-0.008919374,-0.0065634456,-0.04661637,-0.053424016,-0.023243805
/mnt/sdd/caltech_training/multiclass/train/003.Sooty_Albatross/Sooty_Albatross_0034_1154.jpg,2,0.008120537,-0.080145694,-0.17062697,-0.25535068,-0.005238319,-0.0026056673,-0.010056796,0.0010041725,-0.062852286,-0.061718393,-0.100414395,0.030196067,0.07613078,-0.08320087,0.07581176,0.01469475,0.08385204,0.08492481,-0.018351555,0.0069665145,0.030805303,0.0034199096,-0.025209414,-0.04729563,0.036540803,-0.061913066,0.048850372,-0.027584724,0.021078318,-0.06380606,-0.1470096,-0.011486657,-0.056135397,-0.062975384,-0.0694272,0.005354993,-0.023995522,-0.009696845,-0.010791938,-0.023823122,-0.0047780443,-0.037893165,-0.047323428,-0.0125803305
/mnt/sdd/caltech_training/multiclass/train/003.Sooty_Albatross/Sooty_Albatross_0054_796347.jpg,2,0.19907412,0.015821274,0.05429499,0.0088483505,0.04888314,-0.029225241,-0.08347311,-0.14421266,0.08264355,-0.017195415,-0.006403004,0.061623957,0.041637495,0.06942716,0.017765582,-0.07364036,-0.06852102,-0.12013478,-0.10248004,0.04994446,-0.014867615,0.07149518,0.049142733,0.087564826,0.051759824,0.009165453,-0.048584305,0.013042979,-0.03922315,-0.038812906,-0.052214067,0.033947617,0.040929705,-0.101116806,-0.067051746,-0.1792705,-7.2252005e-05,-0.014467366,-0.010395778,0.04649245,0.010650392,-0.035642765,-0.047533788,-0.013768574
/mnt/sdd/caltech_training/multiclass/train/003.Sooty_Albatross/Sooty_Albatross_0067_796376.jpg,2,-0.06485236,-0.028369054,0.1246422,0.07200996,-0.037858337,-0.028907763,0.09687477,0.16347393,-0.11389199,-0.035805155,-0.046784036,0.0039830133,-0.05490624,0.05261944,-0.10798663,0.04502139,-0.023380864,-0.0020041987,0.05882953,0.033335656,0.0073652854,-0.044681583,-0.08236059,-0.04393646,-0.0048135538,0.06262132,-0.08674595,0.091834545,0.0006857845,-0.026119359,0.05260396,-0.04053928,0.049433697,-0.10416534,-0.008298747,-0.060755193,-0.03309836,0.058334246,0.06093044,0.04078702,0.01063537,-0.037370678,-0.039742783,-0.0071776602
/mnt/sdd/caltech_training/multiclass/train/003.Sooty_Albatross/Sooty_Albatross_0003_1078.jpg,2,0.020106412,-0.15060054,-0.18475305,-0.13508621,-0.052479044,0.03491566,-0.0046726186,-0.018098544,-0.04150588,-0.076380685,-0.041366998,-0.0878191,0.10077163,0.07762626,0.015021024,0.07631028,0.05031988,0.07726839,0.09735823,0.059022784,0.059256054,0.08910376,0.012348561,0.056901865,0.049923677,0.021360837,-0.013579618,0.00031246245,-0.02177786,-0.022781348,-0.015999269,0.0074709756,-0.07375885,0.0020990223,0.07945284,-0.0023648962,0.0031270701,-0.06952002,-0.058368623,-0.05262632,-0.0099904705,-0.06472183,-0.069912076,-0.036490094
/mnt/sdd/caltech_training/multiclass/train/003.Sooty_Albatross/Sooty_Albatross_0077_1080.jpg,2,0.3373122,0.015130218,0.027718294,0.030056268,0.073533416,-0.081102885,-0.11091021,-0.02981876,0.18485688,-0.068782,-0.17239487,-0.10072035,-0.014398785,0.046844468,-0.043967046,0.059716776,-0.007997004,0.018781923,-0.054907255,-0.030189991,0.07192229,-0.076681614,0.020364646,0.0151471635,0.115697905,-0.050432242,-0.094408475,-0.23173684,0.045923978,-0.068479404,0.045911763,-0.029862091,-0.14077343,-0.15322347,-0.12603334,-0.1557549,-0.05434303,-0.010650853,0.009482291,0.026107822,-0.0046593156,-0.033427123,-0.050129972,-0.018248916
/mnt/sdd/caltech_training/multiclass/train/003.Sooty_Albatross/Sooty_Albatross_0049_796350.jpg,2,-0.1427434,-0.0037343241,-0.011234231,-0.13924827,-0.11018391,-0.0733055,-0.085409164,-0.0055030063,0.041862495,-0.03612082,-0.035477903,-0.09242408,0.049606815,-0.024312166,-0.00832607,-0.016517088,0.09027165,-0.024955958,0.020997658,-0.019503681,0.025638642,-0.043186616,0.066327676,0.0285272,-0.016561057,-0.07840208,-0.12527451,-0.024168406,-0.012054821,0.085222,0.101012886,-0.03477551,-0.03919349,-0.0870965,-0.054689683,-0.13596737,-0.013972807,-0.0235417,-0.027996339,-0.0088019455,-0.019060617,-0.06118633,-0.06413728,-0.025176961
/mnt/sdd/caltech_training/multiclass/train/003.Sooty_Albatross/Sooty_Albatross_0070_796346.jpg,2,-0.35818553,0.29646522,0.18678635,0.10284214,-0.1153736,-0.17010668,-0.16049553,-0.10210949,-0.06526103,-0.07002406,0.027388848,-0.005436152,0.05447589,0.13701913,0.032149624,9.520538e-05,-0.023916917,0.0113715045,-0.015027322,0.13378173,-0.02015128,-0.023321588,-0.028881595,0.0011719931,0.096376166,-0.09325916,-0.044801585,0.028293118,0.0041582417,-0.013735068,-0.039614126,-0.054815426,0.0027551632,0.043098442,0.038310222,0.049684033,0.02875131,-0.07366373,-0.02463946,-0.020789297,-0.0028699543,-0.07236602,-0.08268999,-0.041280538
/mnt/sdd/caltech_training/multiclass/train/003.Sooty_Albatross/Sooty_Albatross_0002_796395.jpg,2,0.037674516,-0.18704084,-0.040878564,0.08096353,-0.0444287,-0.013080697,-0.12835936,-0.13588008,0.08701989,-0.08434132,0.011275095,0.017490506,0.04420632,0.05273078,0.18175164,-0.07153705,-0.021857142,-0.0012594964,0.014054179,-0.017792482,0.044494394,0.1159762,0.037806682,0.010371145,0.024949461,0.01957897,-0.06894013,-0.20580637,0.047029704,-0.0074804667,-0.10639411,-0.031474188,-0.019670967,-0.044105627,-0.07027067,-0.11315161,-0.026392575,-0.011923792,0.015249753,-0.03132143,0.0035399264,-0.04216906,-0.055153083,-0.029840063
/mnt/sdd/caltech_training/multiclass/train/003.Sooty_Albatross/Sooty_Albatross_0016_1075.jpg,2,-0.03142262,0.32724625,0.20323943,0.16995043,0.08231115,0.0090623265,-0.012922488,-0.023654442,-0.018645845,-0.036824252,-0.12322429,-0.04463172,-0.027647037,0.1353882,-0.09901152,-0.03554743,-0.08388236,0.07221061,0.15094793,0.07735994,-0.0499565,0.01140669,-0.028209817,-0.031061921,-0.010755428,-0.010686543,-0.13905646,-0.10633281,0.011375937,0.03334284,0.008444516,-0.087270096,-0.045022875,-0.06868473,-0.052686818,-0.06516718,-0.018332865,-0.039437607,-0.01393337,0.026450042,0.0032040845,-0.065755635,-0.08985503,-0.045443527
/mnt/sdd/caltech_training/multiclass/train/003.Sooty_Albatross/Sooty_Albatross_0005_796342.jpg,2,0.058882117,-0.1855574,-0.18128039,-0.1554873,0.014867116,-0.15637071,0.13987549,0.19462912,-0.13755669,0.05715151,0.14098245,0.14493708,-0.07474528,0.01317103,0.03547311,0.029904684,0.12366781,-0.10771581,0.09128505,0.023099307,0.042578034,-0.0093423575,0.011846041,0.03202934,0.028897231,-0.068444885,-0.11871858,-0.13500993,-0.009070121,0.032060523,0.06650464,-0.08591688,-0.036703967,0.02705785,0.053615004,0.02322793,-0.016363787,-0.06236573,0.0030796267,-0.009269432,-0.01457385,-0.058332864,-0.060259316,-0.023301806
/mnt/sdd/caltech_training/multiclass/train/003.Sooty_Albatross/Sooty_Albatross_0013_796402.jpg,2,0.21915266,-0.3501199,-0.28249145,-0.33683133,0.08996417,-0.012659147,0.052892257,-0.17560309,0.19963162,-0.06392939,-0.07536733,0.008857705,0.08007821,0.035400745,-0.0076998025,-0.058625713,0.00026113354,0.07889208,-0.045262054,-0.0064166076,0.0026948838,-0.03490177,-0.0977593,-0.011739587,0.11961915,-0.039206587,-0.11951185,-0.011631568,0.059373613,-0.054272287,-0.112068824,-0.07953026,0.0823393,-0.0963207,-0.14784363,-0.15764798,0.068201065,-0.06112463,-0.068636686,-0.048045278,-0.0039037964,-0.029149814,-0.043947577,-0.010753337
/mnt/sdd/caltech_training/multiclass/train/003.Sooty_Albatross/Sooty_Albatross_0038_1065.jpg,2,-0.12654059,0.053800467,-0.08675119,0.012786572,-0.066496015,-0.07701835,0.03849329,0.072166875,-0.08355641,0.072663054,0.11652852,0.07089859,-0.01215961,-0.1883224,-0.086423576,0.06857209,-0.0666132,-0.09144525,-0.05879113,-0.021366373,-0.046384297,-0.053945076,0.0015978292,-0.0075701396,0.014094591,0.044171553,-0.10257168,-0.011327367,-0.051322386,-0.04392667,0.009918559,0.07922349,-0.029841404,0.012624994,-0.025761098,-0.027993321,-0.024837906,-0.018088188,-0.027505716,-0.03806496,-0.011471631,-0.064812124,-0.079406105,-0.04107772
/mnt/sdd/caltech_training/multiclass/train/003.Sooty_Albatross/Sooty_Albatross_0032_1149.jpg,2,-0.017336845,-0.04900834,-0.07159665,-0.17897591,0.01641855,-0.0058583636,0.025574582,-0.02346828,0.1036932,-0.08815853,0.015996795,0.08092177,0.02238293,0.048881866,-0.0015157983,0.08871245,-0.13772057,-0.07910311,0.10947913,0.01658266,-0.04582646,-0.048386306,0.006113531,-0.08193505,0.15982614,0.05192475,-0.08869121,-0.097682595,0.080806725,0.008697139,-0.052386377,0.08587189,-0.07342805,-0.11968063,-0.021440301,0.052339315,-0.044700965,-0.03189895,-0.021462712,0.0143567845,-0.01649561,-0.04242651,-0.05668656,-0.015286163
/mnt/sdd/caltech_training/multiclass/train/003.Sooty_Albatross/Sooty_Albatross_0076_796365.jpg,2,-0.13470472,0.17649557,-0.2639044,-0.19748077,-0.013107061,0.009558894,-0.015743561,0.033055253,-0.08958429,0.10441146,-0.008798551,-0.0504549,-0.1027018,0.061371606,0.030823097,0.06825554,-0.0022789836,-0.010954617,-0.00048404932,-0.02152834,0.014124891,-0.07786958,-0.053899787,-0.04721871,0.06414672,0.10468286,-0.015744459,-0.072366856,-0.013469401,0.09767645,0.0127590615,-0.004754089,0.026790988,0.074235216,0.09196712,0.026160296,0.019479902,-0.030088741,-0.042589717,-0.004962394,0.002446415,-0.048782036,-0.056231678,-0.022013728
/mnt/sdd/caltech_training/multiclass/train/003.Sooty_Albatross/Sooty_Albatross_0004_796366.jpg,2,-0.030367382,-0.11527845,0.087773696,-0.132857,-0.09663318,-0.11628431,-0.11771011,-0.099899925,0.059458807,0.055129893,0.08268495,0.034543764,-0.004109163,0.0034596622,-0.08510655,0.12252159,0.10617776,0.07861222,-0.027489983,0.0464899,0.08916586,0.045901854,0.02316018,0.012091707,-0.025885008,-0.09670362,-0.084922165,0.015763063,-0.022063084,-0.055105332,0.059056353,-0.000514728,0.022978207,-0.08545411,-0.03497289,-0.028639339,0.011743005,-0.081178606,-0.06180206,-0.046855666,-0.014094498,-0.0506773,-0.059825215,-0.023154797
/mnt/sdd/caltech_training/multiclass/train/003.Sooty_Albatross/Sooty_Albatross_0048_1130.jpg,2,0.03971355,-0.12562668,-0.040997453,-0.080627695,0.09237875,0.016416185,0.06963074,0.12121062,-0.14053904,0.08215314,0.04797332,0.010039858,-0.10872292,-0.019378273,-0.1484654,0.040680945,-0.025524668,-0.104233116,-0.03218369,-0.09638953,0.036372893,0.019052327,0.0032423995,0.013972729,0.047579195,-0.057037354,-0.12823893,-0.07932928,0.006158335,0.055300422,0.00021096878,0.085635304,-0.09220124,-0.119070955,-0.084784776,-0.058281824,-0.038760543,-0.06133027,-0.03474823,-0.023086779,-0.013347153,-0.056975745,-0.06698091,-0.023633745
/mnt/sdd/caltech_training/multiclass/train/003.Sooty_Albatross/Sooty_Albatross_0050_796351.jpg,2,-0.14284968,-0.2445563,-0.26739478,-0.22330126,-0.040181816,-0.023627073,0.02306505,-0.13578051,-0.022584252,0.08436206,0.054828063,0.015855089,-0.03688419,-0.05088398,0.028902885,0.06777729,0.14221235,0.031263016,-0.037601996,-0.016156662,-0.028105855,-0.05422816,0.04152301,0.036707334,-0.02798295,-0.06620452,-0.1410775,-0.09431428,-0.056352828,0.013729451,0.008865494,0.07542391,-0.0802449,-0.044913292,0.007895565,-0.1360873,-0.044492286,-0.048167158,-0.00080460124,-0.043768726,-0.006705342,-0.056018025,-0.053927824,-0.0221419
/mnt/sdd/caltech_training/multiclass/train/003.Sooty_Albatross/Sooty_Albatross_0014_796373.jpg,2,0.16429855,-0.00742466,0.0046618804,-0.15416218,0.040954374,0.026148017,0.07981918,0.023803592,0.048527297,-0.08391756,-0.099309325,-0.087394886,0.021981284,0.012938003,0.07933145,0.0039463732,0.027709246,-0.18210775,-0.26324275,-0.17798784,-0.0049255053,-0.04294632,-0.024631493,-0.0003649071,-0.0052382853,0.0034626462,-0.039638735,0.05079175,0.028178617,-0.009180427,0.019413726,0.018050905,-0.08137555,-0.043213475,-0.040500715,-0.07190868,-0.029454857,-0.020658622,0.033502847,0.06258206,0.005543815,-0.03728719,-0.05177193,-0.010086918
/mnt/sdd/caltech_training/multiclass/train/003.Sooty_Albatross/Sooty_Albatross_0030_1122.jpg,2,0.13018146,-0.1254723,-0.16931713,-0.19155526,0.08574851,-0.072492644,-0.00019005779,0.008828039,0.056164347,-0.037514362,-0.03509672,-0.034405224,-0.02814155,-0.032597445,-0.110298604,0.081089266,-0.07692305,0.08679722,0.03215912,-0.0057355706,0.0693477,-0.03466952,0.06199923,-0.008674327,-0.063173264,0.12872829,-0.13079822,-0.013204955,0.030781528,-0.008778011,-0.0252936,-0.0974233,0.07271415,-0.037686676,-0.047121607,-0.016027093,0.011564985,-0.01960448,-0.037843317,-0.018749975,0.0039929687,-0.068751104,-0.07872472,-0.049693063
/mnt/sdd/caltech_training/multiclass/train/003.Sooty_Albatross/Sooty_Albatross_0023_796401.jpg,2,0.054054797,-0.066824935,-0.19283767,-0.19204201,-0.023501487,-0.10379693,-0.10521993,0.04342734,-0.014684439,-0.06523532,-0.16757923,-0.12951806,0.009094538,-0.038284637,-0.08628909,-0.028715057,0.013773199,-0.0797281,-0.034215044,0.010961711,0.028755594,-0.10347901,0.010750499,0.09156796,0.09543897,-0.011687882,0.031334464,-0.0079908725,0.021477444,-0.03251346,0.038051732,0.0006240206,0.12928651,-0.0887934,-0.1073131,-0.105171695,0.048406012,0.01639125,-0.008307099,0.01808355,-0.0024766992,-0.048646197,-0.06643513,-0.026246686
/mnt/sdd/caltech_training/multiclass/train/003.Sooty_Albatross/Sooty_Albatross_0065_796367.jpg,2,-0.14848079,-0.22350956,-0.20458803,-0.2725972,-0.11385969,-0.11683733,-0.0826385,-0.031900875,-0.07380586,0.14299126,0.06317593,0.094489045,-0.037397064,-0.10915666,-0.08662345,-0.031886067,0.025707798,-0.052853994,-0.01480563,-0.039025996,0.029657863,-0.049406543,-0.03950224,-0.05817627,0.11715367,-0.0047293175,0.010698787,0.026561879,-0.0075793155,-0.069802895,0.01906663,-0.00962657,-0.041004255,-0.06464945,-0.114860535,-0.16475713,-0.012326,-0.053439856,-0.02472699,-0.04079111,-0.02606951,-0.047034264,-0.057741586,-0.013019301
/mnt/sdd/caltech_training/multiclass/train/003.Sooty_Albatross/Sooty_Albatross_0010_796355.jpg,2,-0.022983149,0.04052931,-0.167195,-0.053627387,-0.024489228,-0.047588393,-0.1347411,-0.096927084,-0.20247541,-0.006791955,0.029102065,-0.03752701,-0.11709991,-0.04661001,0.045792013,0.00032402202,-0.057726488,-0.118177146,0.0033683293,-0.02397153,0.01773489,0.047485743,0.08706361,0.04693202,0.09824414,-0.017307552,-0.04622734,0.066783406,-0.0054109655,-0.07065892,0.06858671,0.07995856,0.00871804,0.038089417,0.026363313,0.0044289343,-0.015792789,0.002254378,-0.015819136,-0.026612472,-0.01319032,-0.070310764,-0.079640985,-0.044927843
/mnt/sdd/caltech_training/multiclass/train/003.Sooty_Albatross/Sooty_Albatross_0033_1128.jpg,2,-0.05005255,0.113422476,0.036891457,-0.029125376,-0.045106627,-0.039638482,-0.032012295,-0.045595735,-0.06447406,0.027203962,-0.046056926,-0.08400461,0.03167886,0.06525308,-0.029163819,-0.1331515,0.005984284,0.04437595,0.0071128383,-0.12291494,-0.030092273,-0.03444746,0.021253973,-0.03171655,0.029504772,0.028318714,0.014497459,-0.046683826,-0.042890087,0.00819754,0.025097739,-0.014502659,-0.07080947,-0.0112502035,0.041525554,0.009448633,-0.01327154,-0.09326424,-0.07067791,-0.07784332,0.0030620527,-0.06350088,-0.069388375,-0.029918185
/mnt/sdd/caltech_training/multiclass/train/003.Sooty_Albatross/Sooty_Albatross_0021_796339.jpg,2,0.11398081,-0.031409275,0.16348767,0.20038243,0.115415126,-0.08271383,-0.12962265,0.015418306,-0.055333234,0.029948857,-0.02837304,-0.09945623,0.037917893,-0.051330954,-0.0807704,-0.01655982,0.058578838,0.068031475,0.044501945,0.02425498,0.07066229,0.0079451855,0.005409172,-0.018392954,0.054682687,0.10144365,-0.052311826,0.01829321,0.0018783696,-0.096936226,0.09124756,-0.03989718,-0.02376856,0.0023373216,-0.061960246,-0.10662425,-0.005452698,-0.06622113,0.0022129752,0.035676304,-0.015769197,-0.059214517,-0.0622514,-0.035252012
/mnt/sdd/caltech_training/multiclass/train/003.Sooty_Albatross/Sooty_Albatross_0007_796372.jpg,2,0.14742206,-0.12103489,0.11153595,0.15936004,-0.011851281,0.030500561,0.030323567,0.055187862,0.18956704,-0.06268479,-0.0007931404,-0.036724947,0.044956625,-0.14384279,0.02130305,0.02205281,-0.05269719,0.049690016,-0.02785774,-0.008120503,0.03186899,-0.027019486,0.014108263,-0.04573515,0.13779064,0.012542868,-0.1348015,-0.09626518,0.078512065,0.008714899,-0.062628426,0.014156088,0.031748615,-0.14454111,-0.15795559,-0.13571411,-0.0009732982,-0.05548037,-0.016731916,-0.03255731,-0.0033799428,-0.068576485,-0.07110922,-0.03759271
/mnt/sdd/caltech_training/multiclass/train/003.Sooty_Albatross/Sooty_Albatross_0073_1171.jpg,2,-0.10729371,-0.2889767,-0.28277507,-0.26845497,-0.013347686,-0.050306417,-0.04256459,0.00015329523,-0.08171326,-0.082706794,-0.012845136,0.052483402,0.032331012,-0.09961373,-0.050656054,0.00959247,-0.030702692,-0.008582585,0.21077742,0.15922074,-0.062654115,0.08738412,-0.03307409,0.054735847,0.071865,-0.00022607669,0.06850831,0.029756697,-0.006341478,-0.10440624,-0.034029216,-0.090167224,-0.05225229,0.07875971,0.026310354,0.05924804,-0.03211515,-0.06503878,-0.0508047,-0.0256747,-0.004777693,-0.05322022,-0.059231892,-0.027187351
/mnt/sdd/caltech_training/multiclass/train/003.Sooty_Albatross/Sooty_Albatross_0025_796361.jpg,2,-0.17542775,-0.09892423,-0.09498966,-0.22122759,-0.024287198,0.05230248,0.034214146,0.11211857,-0.060885675,-0.07024022,-0.06344207,-0.07592583,0.10942018,-0.18866262,-0.03981906,-0.047590382,0.11198082,-0.081917696,-0.030697923,-0.008640971,0.04907249,0.00019827113,0.0465682,0.031299755,0.13999814,0.029880533,-0.15666017,-0.11803128,0.03721323,0.0016580671,0.0647368,0.01793279,-0.06913069,-0.108604066,-0.080028936,-0.13020207,-0.0729995,0.010275785,-0.013375325,0.006234918,0.010862607,-0.06640451,-0.07754403,-0.0382909
/mnt/sdd/caltech_training/multiclass/train/003.Sooty_Albatross/Sooty_Albatross_0031_1066.jpg,2,-0.08090328,0.121698946,0.17221294,0.15259612,-0.011365378,-0.04295762,0.012961665,0.06301719,0.1183291,0.07834736,0.10861708,0.0643239,-0.008723674,0.091084786,0.021221172,-0.05161841,0.114288,0.09549436,-0.0722583,-0.03795301,-0.009472262,-0.06276175,0.024291467,-0.04120659,-0.029897783,-0.145502,-0.062077373,-0.13914636,-0.033813003,0.014263292,-0.10434899,-0.1291487,-0.083337605,-0.027722895,-0.056006297,-0.13337702,-0.058418766,-0.10771119,-0.08602093,-0.07930831,-0.010408236,-0.065520674,-0.06307696,-0.031009177
/mnt/sdd/caltech_training/multiclass/train/003.Sooty_Albatross/Sooty_Albatross_0075_796352.jpg,2,-0.039413296,-0.035847418,-0.098876946,-0.075104505,0.031068213,-0.094488144,0.043263227,-0.050801992,-0.1418761,-0.070751816,-0.05558816,0.010614499,-0.0130511895,0.016640969,-0.08656238,-0.12099113,0.007192757,-0.040423807,-0.025250737,-0.10393857,0.044550866,-0.010294959,0.007369343,-0.09384759,0.16611102,0.005643327,-0.08082734,-0.06768501,0.07804355,-0.031124614,-0.0056563467,-0.09608205,-0.031113192,-0.066045694,-0.1545763,-0.24030158,-0.03643629,-0.06311323,-0.1117293,-0.08366986,0.0029624319,-0.06070053,-0.07557735,-0.037032004
/mnt/sdd/caltech_training/multiclass/train/003.Sooty_Albatross/Sooty_Albatross_0040_796375.jpg,2,-0.17469162,-0.017019413,0.025180554,-0.042574555,-0.012340305,0.007423267,0.07461576,-0.119624265,0.086095765,0.17800471,-0.04483889,0.018173128,0.07249316,-0.1493926,0.044106886,-0.050318852,0.031422302,0.0064616203,-0.08190845,0.102101326,0.0145613365,-0.049988303,0.034835543,-0.034692757,0.07155707,0.11790383,0.07841106,-0.040597074,-0.013792464,-0.03172788,0.0408624,-0.026798608,-0.025023108,0.09303127,0.062276803,-0.032995913,-0.0339679,-0.06389067,-0.0716331,-0.062164195,-0.013739981,-0.050289463,-0.056488354,-0.01857025
/mnt/sdd/caltech_training/multiclass/train/003.Sooty_Albatross/Sooty_Albatross_0019_796391.jpg,2,0.10838668,0.09709945,0.033849172,0.04350805,0.07070111,-0.088295,-0.08770041,-0.09185225,0.16869515,-0.094991505,-0.0061608627,0.03025883,0.022541337,-0.112309396,-0.011800625,-0.057031292,0.02507161,-0.016188122,-0.08586698,-0.111620024,-0.0055398364,-0.039059944,-0.07582851,0.031573664,0.042272992,-0.020457644,-0.06703824,0.102284975,0.04589723,0.03810574,-0.0063233906,0.09148939,-0.04469706,-0.007072825,0.019221097,-0.005424805,-0.036062382,-0.022509363,0.008982845,0.019298691,0.004348072,-0.051523324,-0.0664703,-0.03030122
/mnt/sdd/caltech_training/multiclass/train/003.Sooty_Albatross/Sooty_Albatross_0071_1116.jpg,2,0.2185698,-0.119811155,-0.13912252,-0.16500376,0.12784386,-0.0613737,-0.015691495,0.028030515,0.12489717,-0.07979294,-0.12906674,-0.1829643,0.024875674,-0.00040392205,-0.007712176,0.028589481,0.19251823,0.0629661,0.025412016,0.030969746,0.12890384,0.04665791,-0.025633086,-0.005111063,0.053868152,-0.07010019,9.3031675e-05,-0.01727255,0.04358798,0.13171637,0.14683786,-0.05134186,0.030895423,-0.031984434,-0.02756839,-0.083099745,0.027995158,0.044074353,0.022011751,0.013229571,-0.0014331628,-0.04136926,-0.06368488,-0.031489987
/mnt/sdd/caltech_training/multiclass/train/003.Sooty_Albatross/Sooty_Albatross_0069_796358.jpg,2,-0.08711231,0.20408529,0.17365773,0.2263702,-0.059041634,-0.20233513,-0.113386676,-0.09798139,-0.06131186,-0.122974485,-0.13761154,-0.10165342,0.025149044,-0.107023925,0.0006111893,0.048799098,-0.02390822,0.11139567,0.263609,0.16396643,-0.0042076446,0.09570108,0.065041125,0.02907212,0.06865098,-0.076258264,-0.06017205,0.0015966753,-0.012012695,-0.04605072,0.083310455,-0.034056023,0.00095201656,0.034499228,0.033729658,0.095475346,0.039487895,-0.06525329,-0.024643738,-0.014228757,0.010848196,-0.050451443,-0.055362694,-0.041029856
/mnt/sdd/caltech_training/multiclass/train/003.Sooty_Albatross/Sooty_Albatross_0046_1211.jpg,2,-0.23765397,-0.07240227,-0.1233466,-0.14299595,-0.07233234,-0.06184709,-0.012253353,0.077626064,-0.1455338,0.0126668755,-0.06371607,-0.070656314,-0.007326789,-0.25263727,-0.015624953,-0.07340087,0.12469976,0.035457663,0.09708697,-0.06952126,0.0414351,-0.040111125,0.08450466,0.06805906,0.026068281,-0.042587917,-0.06948578,-0.121911965,-0.0512157,0.041849133,0.011543443,-0.040865667,-0.0076510534,-0.11348498,-0.091132514,-0.044675928,-0.009192215,-0.041670896,-0.027057856,-0.00947888,-0.009750951,-0.06978539,-0.07856251,-0.05380827
/mnt/sdd/caltech_training/multiclass/train/003.Sooty_Albatross/Sooty_Albatross_0041_796364.jpg,2,0.0052921697,-0.12664542,-0.1061299,0.04246524,-0.08084312,-0.13011882,-0.033608828,-0.09782429,-0.067158215,0.060190804,0.097499445,0.08021971,-0.00980214,-0.044878423,0.029479051,0.08394882,-0.05488264,-0.082164064,-0.03434132,-0.047758386,0.009572856,0.0048946906,-0.049695846,-0.0277097,0.13500728,-0.1340923,-0.12810674,0.061895512,0.039345823,0.05408466,0.120507225,0.0747979,-0.08567951,-0.2235557,-0.17115209,-0.2664488,-0.057585556,-0.09484191,-0.12327552,-0.11089756,-0.010706795,-0.062083527,-0.06507501,-0.018819679
/mnt/sdd/caltech_training/multiclass/train/003.Sooty_Albatross/Sooty_Albatross_0022_796398.jpg,2,-0.062336415,0.23718943,0.19544211,0.078811735,0.027892692,-0.01271227,0.058732197,0.11345638,0.0078029707,-0.0810031,-0.07750716,-0.07747933,0.0046643894,-0.052593958,-0.019070227,-0.0712628,0.09105958,0.09741903,0.023939475,0.09141342,0.010485657,0.03623306,-0.0057528038,-0.037285265,-0.0808966,0.10758424,-0.021272946,-0.042561375,-0.068400085,-0.06165669,-0.049453378,-0.052589647,-0.022642912,0.09946986,0.14079915,-0.0073949173,-0.07930286,-0.048151705,-0.025751006,-0.012766463,-0.0067065298,-0.05878726,-0.074183546,-0.028754702
/mnt/sdd/caltech_training/multiclass/train/003.Sooty_Albatross/Sooty_Albatross_0063_1101.jpg,2,0.14739281,0.19948578,0.03137105,-0.0168094,0.04752606,-0.04922206,0.02159284,0.005479525,-0.122549936,0.094731,0.12689722,0.055658594,-0.091711886,-0.15818858,-0.09758063,0.013073104,-0.07548292,0.16816556,-0.06687789,0.055484407,0.0061843544,0.0044378424,0.06101408,0.03692297,-0.027167182,-0.06793463,-0.014639339,-0.11491674,0.018371586,0.0058099777,0.0037487305,-0.075527124,-0.08191999,-0.022593427,-0.024661455,-0.13346149,-0.0087647755,-0.09823113,-0.07982764,-0.0538977,0.0063006547,-0.051170446,-0.053383827,-0.019850604
/mnt/sdd/caltech_training/multiclass/train/003.Sooty_Albatross/Sooty_Albatross_0079_796389.jpg,2,0.0029393993,-0.14993775,-0.1883749,-0.13027467,-0.036969848,0.007916214,0.05449903,0.10352129,-0.14664647,-0.081093386,-0.08571076,0.071386024,-0.055318493,-0.1724841,-0.08676158,-0.0668381,0.115175396,-0.065918736,-0.06484312,-0.0533573,0.03548158,0.021299247,-0.042682618,0.0006697001,0.011039719,-0.081679314,-0.07959063,-0.07130344,0.005872749,0.0062508974,-0.066624045,-0.044392105,0.117908314,-0.06622033,-0.10912104,-0.13480711,-0.017129097,-0.022047155,-0.030585852,-0.03892674,0.023281183,-0.026057327,-0.033122323,0.0028787905
/mnt/sdd/caltech_training/multiclass/train/004.Groove_billed_Ani/Groove_Billed_Ani_0087_1765.jpg,3,-0.0047118785,0.118787505,-0.030746171,0.05971485,-0.056395616,-0.06853814,-0.14482266,-0.13447301,0.17114887,0.045765,0.05987282,0.095230855,0.054736968,-0.03866498,-0.022196013,0.12725724,0.15287034,-0.026137209,-0.10601311,-0.21945812,0.013758533,0.013102633,-0.027055265,-0.011448412,-0.049955867,-0.018820837,-0.038651187,-0.032673396,-0.00045084953,-0.0025505852,0.052391488,0.037817508,0.033168323,-0.054344527,-0.060425952,-0.02452803,-0.011781892,-0.050985396,-0.040157117,-0.008281374,-0.026594512,-0.031752378,-0.042389892,-0.04953737
/mnt/sdd/caltech_training/multiclass/train/004.Groove_billed_Ani/Groove_Billed_Ani_0065_1502.jpg,3,-0.12688756,0.08204252,0.052959573,-0.008043443,-0.050674293,0.05149894,-0.027357332,0.0071569458,0.034533173,0.044003326,0.09906058,-0.028035387,-0.032100167,-0.24165161,-0.010732151,0.0398321,0.05957362,0.09108035,0.0079593025,-0.034897134,-0.00023375452,-0.04935265,-0.02706083,0.009891741,0.14055045,-0.053063173,-0.22408529,-0.049984798,0.055601895,-0.05886936,-0.08826647,-0.0027262866,-0.035150193,-0.022767626,-0.062229827,0.015057314,-0.02697599,0.008661225,-0.02251853,-0.07003715,-0.011705143,-0.024711434,-0.047587074,-0.040930323
/mnt/sdd/caltech_training/multiclass/train/004.Groove_billed_Ani/Groove_Billed_Ani_0053_1672.jpg,3,0.032209106,0.08337121,0.04334979,-0.00074323453,-0.011187581,-0.017701687,0.013949454,0.06115976,-0.2592087,0.18989828,0.16880976,0.22004168,-0.14564887,-0.083750606,-0.08896618,-0.08036909,-0.07915345,-0.17690821,0.14748701,0.05745948,-0.07151396,0.033524655,0.15627304,0.11046454,-0.004940599,0.011468003,-0.025122643,-0.029514708,-0.0020065736,-0.07315493,-0.07867452,0.025455885,-0.114697255,-0.1860356,-0.11985794,-0.09957112,-0.0042847395,-0.060333252,-0.06987124,-0.07995711,-0.009736991,-0.030290838,-0.054425977,-0.052379776
/mnt/sdd/caltech_training/multiclass/train/004.Groove_billed_Ani/Groove_Billed_Ani_0092_1516.jpg,3,-0.2725585,0.12907894,0.106126025,0.13220564,-0.06152934,-0.025797911,-0.10229448,-0.1754781,-0.10947995,-0.03661631,0.03512055,0.059102375,-0.013439741,0.18062547,-0.154624,0.029959181,-0.030327972,-0.09528126,-0.3128301,-0.30866462,-0.07984068,-0.07194491,-0.027698789,-0.005992147,0.089302085,-0.026754586,0.16983512,-0.011716031,0.0241009,0.09626284,0.0037627853,0.02841026,-0.09275978,0.07636968,0.12494137,0.20002905,-0.06205119,-0.08945076,-0.09291577,-0.066302344,-0.00744488,-0.030164236,-0.047871545,-0.050896406
/mnt/sdd/caltech_training/multiclass/train/004.Groove_billed_Ani/Groove_Billed_Ani_0074_1730.jpg,3,0.057994023,0.007940184,-0.08430758,-0.20953372,0.007316733,-0.07733654,-0.06789653,-0.06674146,-0.20295887,0.016451638,0.13421376,0.10121173,-0.08054059,-0.14111458,-0.07330567,0.09434673,0.035555664,0.116695985,-0.057619423,0.043080322,-0.072786964,0.024257883,-0.09925919,-0.13044663,-0.0006168857,0.13058063,0.049567055,0.10829188,0.013156766,-0.008233914,-0.113723546,0.05617192,-0.028117204,0.022197314,0.027382782,-0.07323673,-0.010538995,-0.017181626,-0.025372302,-0.010206208,-0.005645426,-0.019139113,-0.03529548,-0.029666783
/mnt/sdd/caltech_training/multiclass/train/004.Groove_billed_Ani/Groove_Billed_Ani_0046_1663.jpg,3,0.087387584,-0.120915174,-0.08052856,-0.035488356,-0.058888514,-0.046890557,-0.117188156,-0.03779246,0.06987603,-0.016699538,-0.014323652,-0.12983549,0.017758165,0.10828984,-0.08017279,0.055371076,0.08338988,-0.099480495,0.04599446,-0.09024141,-0.01574699,-0.021091804,-0.0039320597,-0.07134009,0.06421781,-0.07989465,0.0415378,0.0009073373,-0.028950142,0.0007955553,-0.02697503,0.0011131028,-0.024783,0.036751863,0.0052938685,-0.044778917,-0.0117606595,0.007929135,0.00092419237,-0.011471262,-0.00839395,-0.028416488,-0.034062892,-0.040561426
/mnt/sdd/caltech_training/multiclass/train/004.Groove_billed_Ani/Groove_Billed_Ani_0037_1560.jpg,3,0.19566628,0.034476906,0.1435917,0.14746636,-0.0072620194,-0.03350954,0.10133942,0.062398374,-0.034713693,0.06995718,0.07710537,0.14448014,-0.073144466,-0.083222106,-0.06823316,-0.0307784,-0.00045584235,-0.26901206,-0.11963446,-0.14636676,0.008256333,-0.0077629965,-0.07792795,-0.021741673,0.05488357,0.07332913,-0.082790904,0.044109017,0.042740375,-0.017103612,-0.026378121,-0.0039774794,0.056505628,-0.026022758,-0.009069599,-0.03981944,0.036454834,-0.017870052,-0.016385974,-0.04080308,-0.022268359,-0.04325092,-0.045812123,-0.045738384
/mnt/sdd/caltech_training/multiclass/train/004.Groove_billed_Ani/Groove_Billed_Ani_0029_1620.jpg,3,0.18148854,-0.032288168,0.028935295,0.097073495,-0.034749925,-0.034565367,-0.052415363,0.050559245,0.120042145,0.06934661,0.07792767,0.13837537,0.027488407,-0.1308011,0.08280588,-0.109464005,-0.023381926,-0.0076214354,-0.061809346,0.0105394,-0.0008803643,-0.013851417,-0.00038161594,-0.057071,0.009976272,-0.16007344,-0.22506057,-0.04830471,0.03696289,0.053986415,-0.011410148,0.028543234,0.012814708,-0.15600537,-0.13040054,-0.099129945,-0.025200862,-0.08183068,-0.060398266,-0.08661712,0.0019901926,-0.024231564,-0.042840064,-0.04393347
/mnt/sdd/caltech_training/multiclass/train/004.Groove_billed_Ani/Groove_Billed_Ani_0033_1494.jpg,3,0.11676814,-0.06066798,-0.14559469,-0.15781103,-0.0484455,0.098926246,-0.023767177,0.13904014,0.06649394,-0.013195803,-0.064080834,-0.09842517,0.028996909,-0.054508135,-0.05938267,-0.017332954,0.009741891,-0.016548946,-0.05646137,-0.117895775,0.014714741,-0.02978394,0.02088891,-0.0017189938,0.027404662,-0.06581962,-0.10268992,-0.012212751,0.033920493,-0.04684575,0.029045787,0.0054780906,-0.07395388,-0.07019725,-0.11174868,-0.053155437,-0.028576396,-0.06865294,-0.054364726,-0.070174284,0.002337063,-0.021795884,-0.028361864,-0.033878908
/mnt/sdd/caltech_training/multiclass/train/004.Groove_billed_Ani/Groove_Billed_Ani_0018_1613.jpg,3,0.07289733,0.024639055,0.06775418,0.028297193,-0.02298159,0.08905132,0.010800693,-0.027941694,-0.026363239,-0.031931274,-0.050435245,-0.08729022,-0.08762798,0.020780325,-0.03196873,-0.04398746,0.032489054,-0.13398954,-0.0049626753,0.06189941,0.021550808,-0.07513795,-0.01756495,-0.017187912,0.06025351,-0.19994614,-0.37224886,-0.038270462,0.039060388,-0.038101565,0.02553362,-0.049965017,0.013391371,-0.13895178,-0.110069714,-0.10127663,-0.008297721,-0.05654862,-0.06714976,-0.08934913,-0.017062336,-0.04715361,-0.060459398,-0.059987012
/mnt/sdd/caltech_training/multiclass/train/004.Groove_billed_Ani/Groove_Billed_Ani_0004_1528.jpg,3,0.077956446,-0.017387792,0.0025754645,0.032876134,-0.008802991,-0.05196496,-0.14685579,-0.12855142,0.09430362,0.0022231415,0.0011063665,0.048684716,0.037132215,-0.04311736,0.10777268,0.070763886,0.14388332,0.014140883,-0.011874269,-0.036774117,0.037829347,-0.037741236,0.090330705,0.07417088,-0.050240353,0.068695664,0.16312613,0.094585985,-0.023371335,-0.031705447,0.03620937,-0.062817425,-0.08387813,-0.07201295,0.013937242,-0.13570458,-0.05434802,-0.037499614,-0.04058383,-0.02625172,-0.009745037,-0.013466286,-0.024781238,-0.021739382
/mnt/sdd/caltech_training/multiclass/train/004.Groove_billed_Ani/Groove_Billed_Ani_0040_1715.jpg,3,0.0027970225,-0.0035168547,0.05245991,0.06814664,0.04794041,-0.09656885,-0.05794718,0.025414854,0.14082535,-0.08223882,0.08783193,0.02915364,0.009981684,-0.15711443,0.1104745,0.13518512,0.008959401,-0.122369334,0.15342438,0.14917606,-0.00074499706,-0.03783136,-0.072964415,-0.09568015,-0.033614285,0.044914782,-0.025958808,0.0397837,-0.005479128,0.030486528,0.017140538,-0.053860888,0.022372998,-0.076043725,-0.10976919,-0.09637428,0.010634744,-0.058287162,-0.06825071,-0.050473817,-0.009071765,-0.04164285,-0.060089268,-0.05543965
/mnt/sdd/caltech_training/multiclass/train/004.Groove_billed_Ani/Groove_Billed_Ani_0036_1604.jpg,3,-0.12709607,0.18001828,0.07754961,0.109873585,-0.1462815,0.11415116,0.020464512,0.0038316837,0.08566632,0.016821858,0.036779884,0.006425444,0.0052106734,-0.020832654,-0.16896819,-0.09417683,0.010961451,0.11784756,0.1927796,0.010529555,0.07616873,0.054441772,-0.008866748,-0.069278926,0.07012028,0.033750735,-0.10036664,0.003968765,0.044578284,-0.0075201,0.02597408,-0.029320212,-0.046126734,0.033575237,-0.06605607,-0.052569356,-0.05111892,-0.059526168,-0.047367055,-0.034336723,0.0024154377,-0.034672476,-0.050762057,-0.042540602
/mnt/sdd/caltech_training/multiclass/train/004.Groove_billed_Ani/Groove_Billed_Ani_0069_1546.jpg,3,0.039896976,0.10457684,0.04388237,0.043744348,-0.06149815,0.010979846,0.054033913,0.012948537,-0.15008333,0.058731865,-0.027881164,0.026308693,-0.020035021,0.0069758706,0.103645295,0.09175536,0.035613816,0.073660314,0.050756004,0.0124787325,-0.013914412,-0.07425482,-0.04565017,-0.01777149,-0.046007983,0.0029424168,0.024676368,0.029070072,0.042687923,0.0017541451,-0.101894796,0.1146666,0.062523834,-0.110164374,-0.050298087,-0.13123234,0.036743924,-0.029445598,-0.016969278,0.013879026,-0.010058984,-0.027765134,-0.034692038,-0.028555196
/mnt/sdd/caltech_training/multiclass/train/004.Groove_billed_Ani/Groove_Billed_Ani_0076_1661.jpg,3,0.053809155,-0.02792741,0.09151038,0.077508256,0.009030836,-0.03870372,-0.086106,-0.11994737,-0.06522728,0.055800118,0.19955707,0.10627264,-0.05557923,-0.020742256,-0.08339885,-0.09571327,0.14578742,-0.010377602,-0.2602898,-0.09829023,0.018186636,-0.045289405,-0.014579661,-0.022781136,-0.018750712,-0.17469263,-0.14972173,-0.036410015,0.01520741,-0.03198796,0.06140802,0.008605791,0.10314056,0.01100342,0.011664668,0.08162665,0.025255179,0.002546886,-0.021662135,-0.03565393,-0.013705976,-0.05916198,-0.05961439,-0.06296283
/mnt/sdd/caltech_training/multiclass/train/004.Groove_billed_Ani/Groove_Billed_Ani_0068_1538.jpg,3,0.0028226934,0.021909483,0.055071644,0.090620436,-0.07476972,0.0029737055,0.027641445,-0.014799545,0.08229541,0.1407609,0.05308442,-0.0074565746,-0.06377989,0.03425024,0.10508087,0.107352585,0.018085964,0.1269382,-0.08308523,-0.0376349,0.01025275,-0.03746979,-0.07994611,-0.03924627,0.087600455,-0.046533708,0.009302676,0.033207446,0.053531945,0.048283145,-0.032325864,0.010690173,0.032155294,0.007759325,-0.14018896,-0.11613668,-0.024443833,-0.050662085,-0.062908456,-0.06686054,-0.0010239691,-0.020659694,-0.033792276,-0.03772655
/mnt/sdd/caltech_training/multiclass/train/004.Groove_billed_Ani/Groove_Billed_Ani_0017_1561.jpg,3,-0.14029813,0.033451937,-0.0325397,0.014420759,-0.08870183,-0.027976006,-0.08699843,-0.062411647,0.07806532,-0.00681125,0.03081958,-0.07627644,-0.002227839,0.05323165,0.10707989,0.0077316626,-0.04731421,-0.012511298,-0.035668053,-0.018474188,-0.078358784,-0.059261635,0.01843008,-0.063016765,0.04728999,0.04475734,0.018220702,-0.08562641,0.03642468,-0.011211956,0.026325982,0.05309234,-0.107157275,-0.0697282,0.005424332,-0.07467352,-0.039910093,-0.049694195,-0.09936393,-0.056939546,0.003920162,-0.05219207,-0.055696003,-0.057320956
/mnt/sdd/caltech_training/multiclass/train/004.Groove_billed_Ani/Groove_Billed_Ani_0031_1588.jpg,3,0.05902136,-0.00322292,-0.031021819,0.03184826,0.012626056,0.03750445,0.017825132,-0.0025117602,-0.06404239,0.107956395,-0.030172473,-0.06847303,-0.04577644,0.08299558,0.0705328,0.11414588,-0.029091982,0.045905214,0.014286846,-0.04196704,-0.07426433,-0.08299716,-0.047741387,0.026208054,0.040849753,-0.012650948,0.08131613,0.042663746,0.035239555,0.06420866,0.032824446,0.012834359,-0.106359094,-0.054774214,-0.009646646,-0.16333824,-0.021044487,-0.037103713,-0.05119685,-0.021071212,-0.0061385985,-0.038426325,-0.04837606,-0.044075906
/mnt/sdd/caltech_training/multiclass/train/004.Groove_billed_Ani/Groove_Billed_Ani_0047_1706.jpg,3,-0.07945217,-0.0845823,-0.072875164,0.03428965,-0.11555904,-0.075385265,-0.09950284,-0.11154383,0.11272639,0.059756905,0.02587334,0.024109483,0.0015051104,0.11267842,0.14141783,-0.07302657,0.057616062,0.01794852,-0.10195179,-0.052078746,0.02070336,0.03850629,0.012329124,0.00041937828,0.0591896,0.07309068,-0.10982812,0.001869075,0.046480358,0.0043623066,-0.003963044,0.043298356,-0.068035,0.027681952,0.04063048,0.10428436,-0.04406879,-0.04722643,-0.0134361815,-0.015245752,-0.00626331,-0.0301259,-0.042313978,-0.044566203
/mnt/sdd/caltech_training/multiclass/train/004.Groove_billed_Ani/Groove_Billed_Ani_0002_1670.jpg,3,-0.13742313,0.009130154,-0.050122656,0.019656979,-0.036787447,0.03987091,0.10588249,0.02398508,-0.057593852,0.058108315,0.055637732,0.055059984,0.024967693,-0.0035005976,0.07247746,0.037547216,-0.15369922,-0.09254014,-0.062460568,0.026018413,-0.07772287,-0.13540845,-0.11371448,-0.033134345,-0.045603666,0.12662497,-0.012589974,0.023083638,-0.00021387823,-0.0057003815,-0.033954892,0.039702978,-0.08114138,-0.041320805,-0.033177506,-0.0013318919,-0.080837235,-0.094549865,-0.10504312,-0.07048711,-0.012738375,-0.040481187,-0.055555977,-0.049420394
/mnt/sdd/caltech_training/multiclass/train/004.Groove_billed_Ani/Groove_Billed_Ani_0012_1784.jpg,3,-0.047335304,-0.0132683255,0.08733419,0.054670177,-0.077696964,0.04080396,0.034137674,-0.028566338,0.014784142,0.018492427,0.045717902,-0.0044368766,-1.685135e-05,-0.071700305,-0.07168445,0.05611427,-0.16048297,-0.021558238,0.030594075,0.044043086,-0.036420897,-0.043992855,0.0033190642,-0.08042703,-0.012161022,0.03748877,-0.031218536,-0.095300436,0.0030805469,0.0035045622,-0.08867484,-0.0037970468,-0.05710906,0.019509796,-0.013650149,0.11627941,-0.028523605,-0.036344796,-0.038693093,-0.015157541,0.0030531264,-0.029456444,-0.05506555,-0.051095515
/mnt/sdd/caltech_training/multiclass/train/004.Groove_billed_Ani/Groove_Billed_Ani_0023_1485.jpg,3,-0.043437406,0.022599671,0.055397507,-0.018192235,0.016702214,-0.019703666,0.012458775,-0.013439018,-0.10246544,-0.049469855,-0.027326047,-0.06301898,-0.03487192,0.13665517,0.056959707,-0.011891216,-0.102055386,-0.011018179,-0.1918708,0.1487801,0.003682673,-0.045928128,-0.07501933,-0.050915014,-0.00019254908,0.044454526,-0.0033355094,-0.023677075,-0.014053451,-0.0043884665,-0.004897315,0.0741321,-0.021626312,-0.04441092,-0.02169028,0.10269016,-0.032312404,-0.079533964,-0.09287316,-0.04492296,0.0039494857,-0.02057889,-0.04429449,-0.053071145
/mnt/sdd/caltech_training/multiclass/train/004.Groove_billed_Ani/Groove_Billed_Ani_0005_1750.jpg,3,0.10990447,0.108267866,0.10651851,0.096093014,0.066572346,-0.022692017,0.014969002,0.04708884,-0.07526858,-0.1356032,0.009335509,0.13872525,0.011859132,-0.08678417,-0.043881036,-0.04793092,-0.009884022,-0.033720348,0.09422064,0.15248999,-0.021778226,-0.040552452,0.039125193,-0.047624744,-0.040771436,-0.06848274,-0.0940263,-0.06275745,-0.007436513,0.019482467,0.02065137,0.021722727,-0.12097057,-0.027200539,-0.12286099,-0.07134266,-0.043122046,-0.0034711026,-0.013682833,5.4549426e-05,-0.0056621423,-0.017339054,-0.021745196,-0.036267377
/mnt/sdd/caltech_training/multiclass/train/004.Groove_billed_Ani/Groove_Billed_Ani_0108_1639.jpg,3,-0.23112863,0.046717905,0.08191079,0.04622429,-0.091505334,0.016412038,-0.030743947,-0.0018905774,-0.111580715,-0.07641122,0.037003804,0.0634611,-0.049623113,-0.18114617,-0.0030885767,0.16073984,-0.0900184,-0.0050060377,-0.018934313,-0.021917634,-0.043504998,-0.025906043,-0.05350784,-0.05929507,-0.07588802,0.0519993,0.035168827,-0.06676771,-0.0004166984,-0.01311151,-0.086090304,-0.096884556,-0.07906982,0.09167574,0.044762574,0.12511337,-0.029316286,-0.047960155,-0.06404708,-0.042395115,-0.011567727,-0.031755492,-0.048979655,-0.051757146
/mnt/sdd/caltech_training/multiclass/train/004.Groove_billed_Ani/Groove_Billed_Ani_0100_1646.jpg,3,-0.19734475,-0.062357567,-0.07111474,-0.15475035,-0.023028001,0.11259824,0.01862567,-0.029160017,0.0943157,0.036691032,-0.0101075675,-0.06263536,-0.004195694,0.00042561162,-0.07231617,-0.043052033,-0.1724166,-0.03311875,-0.12995964,-0.09855154,-0.05462279,0.014994567,-0.019005971,-0.073456466,-0.040104963,0.039613172,0.055280533,0.04135595,-0.039570022,0.008838608,-0.044303857,-0.008731983,-0.034618154,-0.085312456,-0.039070006,0.0006354712,-0.009168048,-0.08138137,-0.0853613,-0.10068316,-0.005971621,-0.042665817,-0.04507451,-0.036045834
/mnt/sdd/caltech_training/multiclass/train/004.Groove_billed_Ani/Groove_Billed_Ani_0035_1591.jpg,3,-0.06263344,0.114044935,0.140182,0.08674509,-0.0927362,-0.09402926,-0.08409174,-0.08366507,0.108289786,0.044357803,0.13004453,0.10773275,-0.011309904,-0.12342435,-0.1578108,0.020451766,0.02030959,0.02844586,-0.07609552,0.17796385,-0.061523706,0.003520851,-0.011338735,-0.01905852,-0.06913364,-0.044880938,-0.12934756,0.053304363,-0.05368618,0.019473456,-0.040830426,-0.0019510612,-0.05813881,0.041068703,0.019969683,-0.05107323,0.011614563,-0.0076643378,-0.0446273,-0.036845017,-0.005506633,-0.024963329,-0.035247155,-0.043536954
/mnt/sdd/caltech_training/multiclass/train/004.Groove_billed_Ani/Groove_Billed_Ani_0032_1776.jpg,3,0.09369603,0.06473903,0.086913936,0.17024545,-0.007724941,0.1497379,-0.021488063,0.00878427,-0.22990619,-0.017463502,0.119447544,0.0698528,-0.07559146,-0.09505499,0.05648955,-0.058266018,0.084800296,0.11958296,0.14098914,0.09667279,-0.0061889514,-0.05317547,-0.08148961,0.022328101,0.078297496,-0.03388376,0.15985046,-0.11343509,0.023873076,0.035199784,0.053645432,0.03193135,-0.108129606,-0.033857346,-0.22140875,-0.19953777,-0.02861602,-0.09466879,-0.090837196,-0.06612872,0.0016007428,-0.028688014,-0.038984064,-0.03258434
/mnt/sdd/caltech_training/multiclass/train/004.Groove_billed_Ani/Groove_Billed_Ani_0060_1505.jpg,3,0.106663205,0.017952062,-0.24915144,-0.059054583,-0.009777755,-0.1719112,-0.08624914,-0.010840856,0.13855377,-0.0117180385,0.028072262,-0.006257018,0.043922823,-0.13205987,0.04790365,0.07746046,0.009066779,0.065004446,0.019187273,0.008329995,-0.023070417,-0.08224902,0.020559747,0.024138054,-0.016447049,0.037150405,0.014161117,-0.028298829,0.021378528,-0.07864769,0.043728925,0.00034983736,-0.07012582,-0.11999221,-0.11445136,-0.16477218,-0.011057679,0.0074268016,0.005474521,0.0018456206,-0.0033469172,-0.01700682,-0.02898882,-0.03605803
/mnt/sdd/caltech_training/multiclass/train/004.Groove_billed_Ani/Groove_Billed_Ani_0078_1780.jpg,3,-0.09458763,0.12643945,0.2290109,0.17312571,-0.023344472,-0.014187761,0.05040755,0.048204012,-0.23464616,-0.12398283,0.006430203,0.0050251335,-0.102852374,-0.027107524,0.13875511,0.11348358,-0.09614112,-0.16532536,0.016458653,-0.025809549,-0.06312673,-0.045789823,-0.11141312,-0.09989135,0.0065323226,-0.14087023,-0.17448723,-0.069957994,0.0046214424,-0.041600112,-0.053027496,-0.030634187,0.09234276,-0.18596682,-0.14485002,-0.15922192,0.0076802513,-0.02469816,-0.04642365,-0.0343018,-0.018419053,-0.05260282,-0.06504488,-0.06776625
/mnt/sdd/caltech_training/multiclass/train/004.Groove_billed_Ani/Groove_Billed_Ani_0075_1617.jpg,3,-0.12541792,-0.08940996,-0.07028845,0.012221605,-0.10483019,0.03512159,-0.052020796,-0.09384237,-0.029310677,-0.022441369,-0.04044219,-0.11164832,-0.057797372,-0.013250874,-0.13993016,-0.033338487,0.01900721,0.04500728,-0.16051841,-0.13189718,-0.017194483,-0.012414833,-0.0028237598,-0.08275962,0.040424906,0.059004623,-0.14965987,-0.017809356,0.051629476,-0.0128953615,0.024132991,0.0149243185,0.0658478,0.03399016,0.019014735,-0.083575755,-0.023124881,-0.053907707,-0.05690707,-0.08853561,-0.028428396,-0.012368994,-0.022237457,-0.034418244
/mnt/sdd/caltech_training/multiclass/train/004.Groove_billed_Ani/Groove_Billed_Ani_0044_1731.jpg,3,0.038389668,-0.05002465,-0.06119495,-0.038802285,-0.113877565,0.02198779,0.025158383,0.04632531,-0.1307595,-0.04124959,-0.050203163,-0.01652381,-0.08806294,0.08845157,0.01651216,-0.027310979,-0.09572802,-0.1268036,0.1166915,0.09002869,-0.02871693,-0.016844712,-0.041617565,-0.04200952,0.029407335,-0.008344661,0.00024779513,0.012351476,0.045562632,-0.014117664,0.043444015,0.041535467,-0.05658347,-0.09729135,-0.10641759,-0.084894724,0.011398516,-0.03678077,-0.041944258,-0.024394378,-0.0082655335,-0.027365468,-0.050571032,-0.046521373
/mnt/sdd/caltech_training/multiclass/train/004.Groove_billed_Ani/Groove_Billed_Ani_0006_1763.jpg,3,0.07232411,-0.015044473,-0.030790653,0.031723846,0.034086674,0.11232199,0.09366518,0.049159307,-0.030587718,0.10438168,0.06710669,0.067369916,-0.06804773,-0.005776696,0.11639219,-0.061608683,-0.10082188,0.023764413,0.093420535,0.17992687,-0.034659036,-0.060148094,4.696846e-05,-0.00796121,0.07687068,-0.17539991,-0.2469346,-0.16167131,0.036261506,0.07537469,-0.006671926,0.009797794,-0.015800633,0.024402639,-0.056729987,-0.093874216,-0.019698188,-0.003204342,0.021963298,0.025356028,0.016267095,-0.0344114,-0.050572682,-0.056527454
/mnt/sdd/caltech_training/multiclass/train/004.Groove_billed_Ani/Groove_Billed_Ani_0061_1510.jpg,3,-0.048979584,-0.08869848,0.02732071,0.13053125,-0.11356947,-0.04843576,0.050385125,0.018241808,0.008469287,-0.014230426,-0.1431311,-0.106369674,0.012590334,0.110685855,-0.06627177,-0.028128078,0.049004525,-0.023420539,-0.08024593,0.02366633,-0.042190753,-0.17060432,-0.017240282,-0.10673597,0.045246467,0.0485411,0.07425681,-0.029312838,0.08015493,-0.045936257,-0.08662472,0.019146778,-0.107399344,-0.024465494,0.0016987436,-0.01686725,-0.0011645053,-0.03716297,-0.042691063,-0.024065945,-0.0073854495,-0.031944126,-0.047872856,-0.051410016
/mnt/sdd/caltech_training/multiclass/train/004.Groove_billed_Ani/Groove_Billed_Ani_0109_1592.jpg,3,-0.22312291,-0.17334989,-0.048592277,-0.13072516,-0.12985283,0.028267179,0.006362176,-0.06715099,0.07666474,-0.031439546,-0.058588117,-0.17754042,0.088735,-0.0074913744,-0.08555086,-0.064689904,0.06661505,0.02216632,0.043623693,0.08857559,-0.0375923,-0.05121795,-0.031811874,-0.06718743,-0.047150247,-0.06406731,0.16432354,-0.068727046,-0.004760837,0.00417619,-0.10419399,-0.100246266,-0.03617413,-0.026813531,-0.10256706,-0.014263157,-0.03256093,-0.06874944,-0.059552066,-0.061508294,-0.01234312,-0.01762291,-0.04831676,-0.0526556
/mnt/sdd/caltech_training/multiclass/train/004.Groove_billed_Ani/Groove_Billed_Ani_0019_1585.jpg,3,-0.21167001,-0.11803153,-0.049708176,-0.034866937,-0.0368702,0.04520374,0.070277914,0.063295126,-0.12645885,-0.04722794,0.0031500645,0.08143414,-0.11157179,-0.030445445,0.0068340376,0.07321569,-0.030190438,0.01678886,0.016640918,0.041297305,-0.046534758,-0.056500524,-0.07226136,-0.026132964,-0.042625666,-0.12160138,-0.24552457,-0.008125985,0.04935726,0.043396823,-0.041501075,-0.07551211,-0.12948929,-0.022634005,-0.05663696,-0.056468878,-0.050468296,-0.065636635,-0.06597499,-0.059199605,-0.017300522,-0.022745423,-0.05342783,-0.05570867
/mnt/sdd/caltech_training/multiclass/train/004.Groove_billed_Ani/Groove_Billed_Ani_0056_1493.jpg,3,-0.07135425,0.15805036,0.043243956,-0.0076922253,-0.009417662,0.0562379,-0.011956741,-0.011495097,-0.046453282,0.14519998,0.079121105,0.09612182,-0.084015235,-0.029330663,0.02823318,0.07855134,-0.08774792,-0.09176994,0.06119492,0.05820656,-0.054484047,0.030544063,-0.031234464,-0.09045618,-0.00395165,0.012337297,-0.15122497,-0.0506515,0.0022483552,0.009297722,-0.041162543,0.021702446,-0.03117396,0.036525913,-0.037243433,0.08364294,0.060117096,-0.031487513,-0.0095317075,-0.009085439,-0.021666674,-0.03342342,-0.049219176,-0.055960596
/mnt/sdd/caltech_training/multiclass/train/004.Groove_billed_Ani/Groove_Billed_Ani_0080_1549.jpg,3,0.15530047,-0.036786057,-0.023417812,-0.022753026,0.09296528,0.009655902,-0.040622376,-0.0038561495,0.12140381,0.121139154,0.22537524,0.17415868,-0.0033445545,0.08415572,0.023141228,0.016280849,-0.11923238,0.13999672,0.16839552,0.061028138,-0.119712085,-0.011120994,-0.011673362,-0.06393533,-0.0361546,-0.14581689,-0.15558854,-0.0009611212,0.03376243,-0.009353782,0.05123126,0.008125776,-0.04756312,-0.09381221,-0.115426995,-0.07162802,-0.0036665993,0.02543409,0.008164624,-0.002328013,-0.025239658,-0.031295955,-0.051577654,-0.056207713
/mnt/sdd/caltech_training/multiclass/train/004.Groove_billed_Ani/Groove_Billed_Ani_0051_1650.jpg,3,-0.15972058,-0.118869,-0.14729807,-0.10681289,-0.04895146,-0.011353359,-0.014636591,0.056970343,0.06831887,0.10464555,0.09125845,0.09166626,-0.06563142,-0.06250365,0.062455814,0.19337828,-0.0068458356,-0.23163569,-0.055751592,-0.07567439,-0.032947917,0.0014536902,0.032383967,-0.0501436,-0.071651965,0.05496899,-0.05012057,-0.04259903,-0.023961294,-0.1075739,-0.04931274,0.046857867,0.051232193,-0.10728606,-0.14564845,-0.15981793,0.024737917,-0.013934169,-0.02013072,-0.00039540976,-0.01966865,-0.042532757,-0.054057878,-0.04911372
/mnt/sdd/caltech_training/multiclass/train/004.Groove_billed_Ani/Groove_Billed_Ani_0090_1567.jpg,3,0.027771588,-0.03831777,0.029306803,0.039111912,0.0063100643,0.03083593,-0.023057334,-0.0519068,0.049087025,-0.01172195,-0.0353453,-0.09770362,-0.037284352,0.14758846,-0.087965965,0.038234346,-0.17628708,-0.09318068,-0.114001095,-0.06226708,-0.05066745,-0.07758933,-0.08865869,-0.08396428,0.023852738,-0.020310916,-0.10048881,0.016046014,0.023901887,-0.03324475,-0.10400853,0.06735103,-0.006043318,0.02029476,0.03635733,-0.0375551,0.021683628,-0.007431425,-0.04244381,-0.031185584,0.014002449,-0.024846978,-0.03387661,-0.038195543
/mnt/sdd/caltech_training/multiclass/train/004.Groove_billed_Ani/Groove_Billed_Ani_0072_1696.jpg,3,-0.045876745,0.12886226,0.0496425,0.11241461,-0.041019913,-0.17347404,-0.100951865,-0.08274773,-0.026147105,0.010977408,-0.06969432,-0.14525816,-0.093912706,0.011345998,0.12210401,0.019882929,-0.042794548,-0.07768577,-0.03288378,0.024505313,-0.060321387,-0.0025222804,0.09635313,-0.020664833,-0.03752239,-0.17549247,0.039925344,0.041039094,-0.06605044,-0.0003471803,-0.02470022,-0.05786833,-0.09747899,-0.09891159,-0.026787305,-0.09952153,-0.040064756,-0.0077111684,-0.015346368,0.04326116,-0.040001787,-0.031905238,-0.04846018,-0.04079436
/mnt/sdd/caltech_training/multiclass/train/004.Groove_billed_Ani/Groove_Billed_Ani_0105_1562.jpg,3,-0.08628291,0.043656256,0.004219517,0.0430756,-0.03418111,-0.033329967,-0.05128325,-0.07308355,-0.07404452,0.08384299,0.091496006,0.15483952,-0.09707746,0.03038916,-0.023996204,0.08956683,0.043920934,-0.07406548,-0.05869408,0.08092646,0.017179424,-0.05870943,0.0123450225,0.024196109,-0.0031155972,-0.164293,-0.2642829,-0.21491766,-0.028240997,-0.045527026,0.018134594,-0.00068264175,-0.16376042,-0.007327087,-0.044962708,-0.033201188,-0.013669154,-0.006331131,-0.030906063,0.013590071,-0.0030164598,-0.03892807,-0.057307344,-0.057499297
/mnt/sdd/caltech_training/multiclass/train/004.Groove_billed_Ani/Groove_Billed_Ani_0107_1590.jpg,3,0.03179258,-0.15862522,-0.07950786,-0.064041,-0.008407466,0.056269333,0.15361543,0.14375427,-0.19884793,0.022337142,0.10986885,0.034382038,-0.14019212,-0.07606747,0.16740598,-0.010418834,0.075273275,-0.08595856,0.016609969,-0.14425497,0.035257213,0.026018139,-0.031649027,-0.106370464,-0.11804441,0.029208355,-0.059108034,-0.028920451,-0.04444688,0.011511839,-0.053880684,0.039961107,0.003090851,-0.16631286,-0.07350469,-0.04925348,0.01114428,-0.036048763,-0.05502327,-0.026820848,-0.0238729,-0.029716663,-0.04364255,-0.041155614
/mnt/sdd/caltech_training/multiclass/train/004.Groove_billed_Ani/Groove_Billed_Ani_0088_1678.jpg,3,0.059846535,0.080020465,0.0748979,-0.110881805,-0.020378992,-0.08502575,-0.031668045,-0.027226716,-0.06283854,0.02766852,0.025256505,0.025874173,-0.034538433,0.07230794,-0.047733754,0.04604516,0.030980613,-0.039538868,0.073172234,0.07295807,-0.12585543,0.04247391,0.027553897,-0.0065487027,-0.06739672,-0.012482946,-0.035296854,-0.082302526,-0.050263647,0.057344444,0.08549928,0.009958821,-0.058974694,-0.04939097,-0.056327872,0.022121817,-0.052464172,-0.02679621,-0.021616384,-0.03831655,-0.022509452,-0.036996275,-0.0575817,-0.054985628
/mnt/sdd/caltech_training/multiclass/train/004.Groove_billed_Ani/Groove_Billed_Ani_0059_1480.jpg,3,-0.18434466,-0.14498815,-0.2247725,-0.19660057,-0.061597116,-0.09332538,-0.06488614,-0.045106538,-0.08904244,0.04490702,0.035656817,0.10491711,-0.059840582,-0.029833248,0.03554731,-0.097559854,0.011225687,-0.10222622,-0.1596973,-0.085084505,-0.005482185,0.005075994,-0.087998115,-0.07607594,-0.13670878,-0.069514066,-0.091767624,-0.00870757,-0.063890494,-0.026781417,-0.058813028,0.02189041,0.023854563,-0.12264493,-0.109750666,-0.09290656,-0.005930081,-0.024416571,-0.06023912,-0.05577226,-0.01313804,-0.01914179,-0.035536095,-0.041240342
/mnt/sdd/caltech_training/multiclass/train/004.Groove_billed_Ani/Groove_Billed_Ani_0101_1700.jpg,3,-0.049379166,0.007974468,0.039533485,-0.0044086054,0.0030634026,-0.004849309,0.035380047,-0.00019748509,-0.0651954,0.08049028,0.03028186,-0.0092268735,-0.061724167,0.075836405,0.04899549,-0.08423661,0.09792487,-0.1648906,-0.07480337,-0.07039817,-0.0383235,0.06194937,0.13832451,0.1239709,0.039200127,0.027419724,0.09544655,0.023584079,0.0045678215,-0.02790724,0.011995804,-0.045611177,-0.054700762,0.02737787,-0.0115836635,-0.05918701,-0.03768874,-0.0428391,-0.04389303,-0.042094644,-0.02321466,-0.026089992,-0.0398892,-0.054998863
/mnt/sdd/caltech_training/multiclass/train/004.Groove_billed_Ani/Groove_Billed_Ani_0014_1755.jpg,3,-0.1385284,-0.15589671,-0.08241703,-0.035841577,-0.052240103,-0.057593577,0.021374177,0.011396731,-0.00066286046,0.08179872,-0.022152746,-0.033121645,-0.022429645,0.077970356,0.033976074,-0.01665671,0.1654941,-0.17926252,-0.073078215,-0.049621165,-0.016719408,0.007593577,0.04899023,-0.01682841,-0.101056755,0.0101104295,-0.008976543,-0.09770866,-0.036545154,-0.0249761,-0.084495574,0.039647188,0.06699084,-0.10684105,-0.13176581,-0.018351967,0.010449488,-0.01139599,-0.010122238,-0.016057035,-0.0057274937,-0.039412577,-0.050289802,-0.058288373
/mnt/sdd/caltech_training/multiclass/train/004.Groove_billed_Ani/Groove_Billed_Ani_0077_1724.jpg,3,-0.14440161,-0.031307634,-0.055434193,0.031275712,-0.020355273,0.023230486,0.029770695,0.10280792,0.104561985,-0.041068763,-0.1269005,-0.103456065,-0.06267238,0.12561956,0.0890076,-0.03609132,-0.075756826,0.101058476,0.12314223,0.04826424,-0.04353513,-0.079741105,-0.10227713,-0.121055365,0.055340737,-0.14031722,-0.1149247,-0.05202245,-0.0079535805,0.004588804,-0.037406832,0.041997183,-0.118717164,-0.07321713,-0.11726538,-0.07701489,0.0140323555,-0.07171245,-0.11481118,-0.10607423,-0.0107857,-0.0552246,-0.068083465,-0.06335042
/mnt/sdd/caltech_training/multiclass/train/004.Groove_billed_Ani/Groove_Billed_Ani_0027_1754.jpg,3,-0.107683375,0.015845858,-0.048060104,-0.06554178,-0.01637607,0.11104204,-0.0759636,-0.090161785,-0.041255694,-0.06312343,0.06520335,0.049832344,-0.07983531,-0.01584411,-0.13469896,-0.029443745,-0.092078865,-0.118849024,-0.11908926,-0.16805315,-0.08170727,-0.048940785,-0.11861487,-0.09645559,-0.10203119,0.078836426,-0.03050945,-0.06567824,-0.060321987,-0.041227914,-0.04737957,-0.040859576,-0.03889489,-0.09867441,-0.11224314,-0.15907437,-0.028118521,-0.04722096,-0.06296308,-0.066689685,-0.019870287,-0.018906884,-0.03370302,-0.041330338
/mnt/sdd/caltech_training/multiclass/train/005.Crested_Auklet/Crested_Auklet_0005_794922.jpg,4,-0.11921864,0.01991186,0.10931606,0.010868736,-0.08835805,0.034341604,0.06168843,0.080645956,-0.021041662,-0.019389756,-0.0067061423,0.06742096,-0.0039104614,0.048168432,0.025211401,-0.07105822,-0.04388707,-0.021705922,-0.07990991,-0.11896847,-0.028528437,0.06759586,0.11908369,0.08271976,-0.011261806,0.11339215,0.09985382,-0.023026345,-0.0023757853,0.08812299,0.11947879,0.045527246,-0.021080522,-0.08450133,-0.11627852,-0.010391101,0.041119315,0.03975807,0.035514228,-0.0030517327,-0.011708852,0.03550698,0.048058756,0.03997429
/mnt/sdd/caltech_training/multiclass/train/005.Crested_Auklet/Crested_Auklet_0011_794927.jpg,4,-0.057338275,0.005642093,-0.2631634,-0.18348798,-0.032827713,0.012815528,0.03169047,0.07499694,0.023404896,-0.120029025,0.052401632,-0.09034172,-0.0095451195,0.13876775,0.10568586,0.03372081,0.055386618,0.053581722,0.020921774,0.008518565,-0.020722922,-0.0074931085,0.009045813,0.062994525,-0.00699462,-0.046482228,0.0105807185,0.028254002,-0.009244492,-0.014213394,0.02376448,0.0945624,-0.11095005,-0.022610258,0.09061999,0.10087465,-0.054969095,0.061575204,0.062342882,0.018865712,0.019671056,0.044351634,0.052855037,0.0350188
/mnt/sdd/caltech_training/multiclass/train/005.Crested_Auklet/Crested_Auklet_0019_794925.jpg,4,-0.0817501,0.055080317,0.10321206,0.074171014,-0.030386886,-0.00027505774,0.04904686,-0.106546134,-1.6741455e-05,0.025829706,-0.13256055,-0.08994877,-0.02266362,-0.08179121,0.025320739,0.01472771,-0.061338384,0.076284945,-0.06933972,-0.10832576,-0.0600986,0.06540362,0.1668422,0.065506786,-0.08624993,-0.0980649,-0.11750274,-0.03370222,-0.014128171,0.04162859,0.14411306,0.03949007,-0.18149532,-0.0059202984,-0.029957261,0.02227816,-0.0639824,0.11336499,0.099431135,0.05853605,-0.011244641,0.060305037,0.08741664,0.06115087
/mnt/sdd/caltech_training/multiclass/train/005.Crested_Auklet/Crested_Auklet_0033_794964.jpg,4,-0.16956085,0.056925334,0.1714322,0.2079092,-0.07398529,0.045955524,0.09629025,0.054894187,-0.29438496,0.0052094655,0.07072544,0.07836982,-0.06952719,-0.039613754,0.100678325,0.08712915,-0.08626522,0.06473278,0.013023447,-0.021018341,0.0073959175,0.11883672,0.15111375,0.104599714,-0.0036019348,0.015306041,0.10151985,-0.034045227,-0.028714336,0.0351848,0.016398426,-0.0037810653,-0.008807683,-0.1156802,-0.044023477,-0.021841958,-0.01295637,-0.06588998,-0.029017935,0.011760637,0.0028198087,0.05702299,0.06518273,0.06609207
/mnt/sdd/caltech_training/multiclass/train/005.Crested_Auklet/Crested_Auklet_0057_794932.jpg,4,-0.09468207,-0.042661883,-0.011607558,-0.04015365,0.023057278,0.01118562,0.012461123,0.02574443,0.17390215,0.08822437,0.28469872,0.19099577,0.0028046444,0.09727354,0.07428957,-0.045292217,0.124443814,-0.013709413,0.052023068,0.08101636,-0.0024245898,0.2019233,0.14620395,0.066230536,0.023732694,0.012934592,0.044206798,-0.03348525,0.039257713,0.03972919,-0.05479943,-0.025776492,-0.13426134,-0.09676689,-0.105087765,-0.038190003,-0.038527485,0.021408971,0.005931548,0.013168249,-0.023629585,0.048645295,0.07774633,0.058539394
/mnt/sdd/caltech_training/multiclass/train/005.Crested_Auklet/Crested_Auklet_0013_794914.jpg,4,-0.32711285,0.035934098,0.06282002,-0.016924093,-0.12527047,-0.041495852,0.09418411,0.06749824,-0.06135502,-0.05709935,-0.0424013,-0.022837285,0.039136782,0.16797483,0.009150384,-0.020309398,0.13124496,-0.0017163754,-0.059839386,-0.076501474,-0.014890629,0.00022041332,0.009325858,-0.005558569,-0.028546572,0.01316224,0.088287726,-0.014718749,-0.07433146,0.069166005,-0.042495657,-0.008357524,-0.053856928,-0.03280178,0.02179379,-0.0049134325,-0.009309348,-0.034252398,-0.025812458,0.0063910373,-8.676294e-05,0.04851316,0.056982175,0.047974087
/mnt/sdd/caltech_training/multiclass/train/005.Crested_Auklet/Crested_Auklet_0040_794912.jpg,4,-0.100788884,0.034274004,-0.023523077,-0.021391239,-0.099320605,-0.04865337,-0.08888546,-0.09489454,-0.09367661,0.017682903,0.057542775,0.02008183,0.00067643076,-0.026467126,0.019986905,0.100475445,0.046543192,0.0069627007,-0.028865412,-0.0763389,-0.014953852,0.046315677,0.18066159,0.095563166,-0.031537436,-0.07297532,-0.03510911,0.0065056123,-0.010775281,0.053661615,0.085442014,0.027947528,0.12557042,-0.03700468,-0.050308425,-0.083850525,-0.05411809,0.07336028,0.043918133,0.0503352,-0.011000337,0.046097025,0.06257156,0.056509476
/mnt/sdd/caltech_training/multiclass/train/005.Crested_Auklet/Crested_Auklet_0066_785251.jpg,4,-0.049722947,0.10563261,0.069240995,0.07937682,0.0025687627,-0.10467503,-0.123646885,-0.1003396,-0.10705286,-0.014504768,0.08304861,0.12991077,-0.038101494,0.14001891,0.045747746,-0.027241785,0.051315237,0.010230582,-0.09858534,-0.10712535,-0.009747079,0.017254937,0.084803596,0.10503016,-0.030419026,0.03719095,0.0074402113,-0.07195419,-0.03781609,-0.010696926,0.02294186,0.12562487,-0.03560055,0.09748387,0.006592538,0.011017449,-0.06180671,-0.023992836,-0.019460615,-0.021813795,0.011166461,0.040984936,0.05063004,0.05008827
/mnt/sdd/caltech_training/multiclass/train/005.Crested_Auklet/Crested_Auklet_0029_1824.jpg,4,0.090576306,0.17469858,0.088911004,0.100032665,0.020196533,0.028119035,-0.06192255,-0.0035083294,-0.044123568,0.08656399,0.08798626,-0.053890888,-0.05983775,0.2198956,-0.061110105,-0.020095214,-0.120580345,0.05922856,0.037081428,0.066448644,-0.11987382,0.03785655,0.016926885,0.09202463,-0.012695093,-0.04400727,-0.033350937,-0.0075621326,-0.017330559,-0.022280822,0.044579916,0.034918427,-0.10144393,-0.0014513014,0.0048982296,0.120102,-0.0066153873,0.04426633,0.048075683,0.03292367,-0.013576418,0.047000878,0.050228838,0.042294584
/mnt/sdd/caltech_training/multiclass/train/005.Crested_Auklet/Crested_Auklet_0076_785252.jpg,4,0.1215152,0.2348733,0.16929314,0.27680296,0.017128073,-0.0956616,-0.00068138493,0.005584625,-0.064259075,0.057879,0.11098377,-0.035574388,0.03226015,-0.1199331,-0.0008873604,-0.0715705,-0.110050604,-0.018329503,-0.104655325,-0.13378909,-0.036019247,0.025852945,-0.017720262,-0.001202032,0.041206587,0.06580201,-0.022537023,-0.10984163,0.020519992,0.03479592,0.09178832,0.013094373,-0.06935072,0.006093787,-0.09737904,-0.017198866,-0.06747892,0.02025211,0.010178257,-0.008523303,-0.006447795,0.05904575,0.07329363,0.059219334
/mnt/sdd/caltech_training/multiclass/train/005.Crested_Auklet/Crested_Auklet_0044_1825.jpg,4,-0.0620649,0.12290622,0.13040069,0.10902778,-0.035715282,0.07141838,-0.012349155,0.0381948,0.046583507,0.013062324,-0.07325315,0.18060043,0.112523906,-0.087500066,-0.03374857,-0.07180585,-0.1013517,0.048356846,-0.06133065,-0.06746119,-0.0013743043,0.11968304,0.08692248,0.06928412,0.015290876,-0.073145226,-0.09969744,0.0021643424,0.04175743,0.031224256,-0.043398574,-0.0015192963,-0.05360141,0.08235074,0.0037225,-0.045683097,0.011023193,0.04234511,0.045502342,-0.0014795018,0.0015414632,0.05978085,0.06738897,0.05621361
/mnt/sdd/caltech_training/multiclass/train/005.Crested_Auklet/Crested_Auklet_0003_794962.jpg,4,-0.16616732,0.0713992,0.029170044,-0.020146724,-0.10306953,0.013810629,0.024120875,0.07699272,0.27342975,0.11077369,-0.014576353,0.05155556,0.05527541,0.21221876,0.00475855,0.025241664,-0.01159725,-0.055010416,-0.11883308,-0.1044982,0.011934655,0.08927494,0.03814896,0.057761803,-0.06621108,0.043657992,0.0089696245,0.06987929,0.026867278,0.010957627,0.107430205,-0.036896385,0.006532654,0.12198642,0.095442146,0.13698155,-0.047390968,-0.048039228,-0.000971647,-0.011866853,0.0044006007,0.04990469,0.061950065,0.059177868
/mnt/sdd/caltech_training/multiclass/train/005.Crested_Auklet/Crested_Auklet_0010_794907.jpg,4,-0.15964329,-0.15980223,-0.13205066,-0.13578346,0.0106901415,0.017126203,0.008185938,0.0027386658,-0.15464687,-0.11340666,-0.19424734,-0.14916423,-0.0048858244,0.037907526,0.064424045,-0.0067165717,-0.15402405,-0.118003085,-0.13171425,-0.19794042,-0.07288157,0.018605705,0.1479434,0.10165742,-0.030546632,0.04741415,0.026931923,-0.017649906,-0.03314443,-0.05080637,0.099116005,0.04444603,-0.13306397,0.02938808,-0.011688817,0.034414012,-0.10862817,0.032546382,-0.0094154375,-0.023735866,0.001450483,0.056590877,0.066231325,0.055379525
/mnt/sdd/caltech_training/multiclass/train/005.Crested_Auklet/Crested_Auklet_0018_1817.jpg,4,-0.0392411,0.091232,0.15003315,0.07944751,-0.12239375,0.042858753,0.024475332,-0.002360682,-0.074773565,0.13510264,0.22666955,0.17879397,-0.0025843568,0.058563136,0.02583708,0.03668114,-0.19572145,0.15582855,-0.01381603,-0.04096709,-0.017924313,0.048223026,0.12585662,0.05042226,0.02259726,-0.092257775,0.033698983,-0.0448014,-0.03866268,0.041474476,0.04846322,0.022617964,0.08857227,-0.022024918,0.012655232,0.068927564,0.020049978,-0.0024075424,-0.007252726,0.0185613,0.0029061958,0.043558523,0.046202637,0.03136481
/mnt/sdd/caltech_training/multiclass/train/005.Crested_Auklet/Crested_Auklet_0001_794941.jpg,4,0.024300046,-0.16341972,-0.101240605,-0.10401414,0.009964203,0.020359125,0.08547747,0.048011795,0.010786937,0.038791485,0.17894775,0.115980916,-0.009873971,0.09769778,0.008792514,-0.023451358,-0.057723984,-0.017065605,-0.03300912,-0.09061529,-0.1143149,0.075916514,0.059541665,0.048608247,-0.020357013,-0.03148917,0.04618267,0.04857646,0.048299722,-0.039927978,-0.055951655,0.03528511,-0.1247198,-0.04889702,-0.068026535,-0.052904014,-0.06341576,-0.0021516122,-0.014789924,-0.04929676,0.013110438,0.041165683,0.05785248,0.051883508
/mnt/sdd/caltech_training/multiclass/train/005.Crested_Auklet/Crested_Auklet_0021_794938.jpg,4,-0.11319727,0.22084719,0.12316501,0.09100638,-0.1324424,-0.045551393,-0.10873116,-0.05000911,0.12143485,-0.023329847,0.018555485,0.045739505,0.04886851,0.17002255,-0.063438654,0.0041956473,-0.13223755,-0.050981596,-0.12696674,-0.08107865,-0.044474527,0.09713162,0.010256933,0.025216155,0.022864226,0.01875795,0.029970702,-0.08996265,-0.0036417134,0.049134344,0.116248295,0.029154848,-0.033214696,-0.028131027,-0.080315754,-0.05732987,-0.039060436,-0.06040702,-0.049246617,-0.0348655,0.022161929,0.054700308,0.059904173,0.04792106
/mnt/sdd/caltech_training/multiclass/train/005.Crested_Auklet/Crested_Auklet_0072_785260.jpg,4,-0.03783934,0.1011962,0.004496999,0.060033098,-0.04947284,0.003261853,-0.09362207,0.010382993,-0.063320324,0.09970178,0.17669271,0.038425438,-0.015505889,-0.056513656,0.056022026,0.0053780414,0.008641741,0.051875114,-0.03414182,-0.07393019,0.05456815,0.07751553,0.058023486,0.03914895,-0.026105016,0.045361772,0.08060897,0.0376691,-0.02253911,0.017184408,-0.030935531,-0.05266457,0.016914718,0.058881085,0.0038493853,0.041577317,-0.045275837,0.01665306,-0.005845744,-0.04561709,-0.00884892,0.045726538,0.057329826,0.05729225
/mnt/sdd/caltech_training/multiclass/train/005.Crested_Auklet/Crested_Auklet_0067_785249.jpg,4,-0.081401825,0.13574463,0.17597139,0.18494235,-0.07356858,0.04883262,-0.01810715,-0.031757127,-0.13617872,0.011635236,-0.032302573,-0.07577202,-0.072914705,0.08581878,0.010000662,0.02339003,-0.17385781,0.04915785,-0.09292098,-0.036980342,0.0073206043,0.093692675,0.040007878,0.0072245933,0.038844377,0.15746808,0.09960668,-0.08451288,-0.0072998907,-0.054562636,-0.044771016,-0.031147547,-0.02065714,-0.0042486526,-0.097758375,-0.025287442,-0.029612402,0.07091091,0.063207634,0.033023767,-0.0005883227,0.052975193,0.06632477,0.06409988
/mnt/sdd/caltech_training/multiclass/train/005.Crested_Auklet/Crested_Auklet_0012_794960.jpg,4,0.088041365,0.13486803,0.1083006,0.11823478,-0.0031573195,0.03299403,0.10284354,0.050038703,-0.06282456,-0.03510462,-0.081689864,-0.09024211,-0.059382204,0.13442928,0.11051229,-0.024109343,-0.124471225,0.10415372,-0.08188407,-0.07956302,0.057062916,0.09627262,0.08740826,0.09082942,0.041269105,0.1297637,-0.00067889784,0.019932343,-0.0050121434,0.03627992,0.015927056,0.011250537,0.015800416,0.054508254,0.02150977,-0.013407473,-0.023788948,0.03854678,0.044122376,0.02767968,0.0049141105,0.055424258,0.06825924,0.06898561
/mnt/sdd/caltech_training/multiclass/train/005.Crested_Auklet/Crested_Auklet_0032_794931.jpg,4,-0.0027212128,-0.06078654,-0.03511609,-0.10381937,0.085377425,-0.020947479,0.13080633,0.10990042,0.11690972,-0.04525751,-0.008199014,0.013272963,-0.029989535,-0.2644058,0.009332156,-0.05159481,-0.106430836,0.0050573554,-0.03554368,-0.0803172,-0.0066696247,0.13826334,0.095775075,0.06988023,0.041567486,-0.019470314,-0.017754238,0.09073071,0.064206965,0.008336339,-0.040360928,-0.0006924365,-0.056834564,-0.024624355,-0.12168375,-0.08299095,-0.04379602,0.056495726,0.030595409,-0.010417348,0.0028873943,0.054913446,0.06519311,0.054527372
/mnt/sdd/caltech_training/multiclass/train/005.Crested_Auklet/Crested_Auklet_0075_785259.jpg,4,0.10641931,0.13218923,0.15126622,0.22478333,0.022719607,-0.06363247,0.016032428,0.019294279,-0.27680576,0.07352582,0.14137347,0.115499444,-0.08772801,0.10813282,0.09112888,0.069391325,-0.079856865,0.0105003975,-0.059933618,-0.07462584,0.02792752,0.020582767,0.056428283,-0.020747961,0.039474044,-0.021852944,0.22418705,0.011677068,0.033202514,0.039560772,-0.07782088,0.019698638,0.08358775,0.09298339,0.07359964,0.1523723,0.06773654,-0.0006011743,-0.018606514,-0.027002936,0.0013128468,0.04377412,0.047226258,0.043024503
/mnt/sdd/caltech_training/multiclass/train/005.Crested_Auklet/Crested_Auklet_0041_794910.jpg,4,-0.16739295,-0.23701161,-0.15172283,-0.17393345,-0.004126299,0.052067786,0.0028045587,0.03704967,0.068892,0.027992185,0.064278476,0.028003935,-0.040984552,0.24886373,0.0391632,-0.038645804,-0.20095697,0.06759138,-0.116226934,-0.13238735,-0.083813116,0.09194087,0.08631067,0.010537289,-0.004859086,0.12560341,0.115134284,-0.030068766,-0.0668085,-0.023666646,0.026996352,0.03427837,0.0066720024,0.23674166,0.17440411,0.16391182,-0.013658978,-0.005459207,-0.007264344,-0.032482028,0.018141568,0.05363272,0.07119349,0.050714158
/mnt/sdd/caltech_training/multiclass/train/005.Crested_Auklet/Crested_Auklet_0068_785253.jpg,4,-0.112829424,0.036759727,0.06665343,0.09268337,0.0061367378,0.005940689,0.06071742,-0.11017204,-0.06155428,-0.04020124,0.06827357,-0.0076557472,-0.0227158,0.14157665,-0.047628038,-0.09557444,-0.1091468,-0.063376516,-0.018699247,-0.17449732,-0.086054645,0.026227739,0.023266919,-0.032014914,0.01656054,-0.06190297,-0.08247129,-0.086169735,-0.0045578787,0.087625325,0.004192684,-0.04239295,-0.09419923,0.12657157,0.14926718,0.13451277,-0.03173802,-0.05579625,-0.0634008,-0.069080114,-0.00932241,0.05359629,0.05238921,0.050964817
/mnt/sdd/caltech_training/multiclass/train/005.Crested_Auklet/Crested_Auklet_0063_794901.jpg,4,-0.14111605,0.22263804,0.2920132,0.23408547,-0.13364102,0.00044500828,-0.039102945,-0.01478928,-0.033843666,0.0417765,-0.1455499,-0.053512197,-0.011337879,0.21121454,0.0013343163,-0.081240185,-0.091855,0.1594818,0.086813934,0.059584916,0.063117765,0.04833172,0.0048227953,-0.009011544,-0.013763711,-0.031713355,0.07749739,0.015018434,-0.06181541,0.04140555,0.062675916,-0.041649245,0.0087905135,0.017703444,-0.038983792,0.0021539815,-0.028326904,-0.020869013,-0.02009546,-0.017125707,-0.0030172095,0.04878947,0.059615657,0.040287275
/mnt/sdd/caltech_training/multiclass/train/005.Crested_Auklet/Crested_Auklet_0059_794929.jpg,4,0.023836326,-0.12613337,-0.05893474,0.012159616,-0.01863464,-0.006137157,-0.035063203,-0.111414015,0.019963846,-0.124418676,-0.18273975,-0.19513226,0.024705658,0.08814277,0.054652356,0.08367928,-0.067098625,0.07248078,-0.105143815,-0.030519111,-0.05428662,0.067162424,0.08143206,0.060769513,-0.10810034,-0.034973197,0.07395163,-0.07044775,-0.02502504,0.09404513,0.029779922,0.046811454,-0.09897561,-0.008462433,-0.038304858,0.004969083,-0.018540572,0.012786396,0.000782961,-0.027594488,-0.012736415,0.055197578,0.074668095,0.060927063
/mnt/sdd/caltech_training/multiclass/train/005.Crested_Auklet/Crested_Auklet_0062_794968.jpg,4,0.07721594,-0.09111069,-0.1214738,-0.00869866,-0.021080203,-0.063016154,0.08479765,0.011805911,0.11461192,-0.014056705,-0.10002001,0.004541351,0.008948151,-0.0952893,-0.011918092,0.037839163,0.019088477,0.07415944,-0.11002217,-0.07142443,-0.013359869,0.093059145,0.11907215,0.08495189,-0.036255173,-0.09654181,-0.03850943,-0.023150042,-0.01596257,0.098233625,0.088281825,0.0073061045,-0.04864501,0.06747545,0.04153255,0.04696493,-0.024763066,0.052984662,0.060181785,0.026886143,0.0025272223,0.036437094,0.05037959,0.042781465
/mnt/sdd/caltech_training/multiclass/train/005.Crested_Auklet/Crested_Auklet_0070_785261.jpg,4,0.11414792,0.18290684,0.28180236,0.15482923,0.000792929,-0.09463198,-0.023729324,-0.02859305,0.084293276,0.08778683,0.23045634,0.20723742,0.00461033,0.14922276,-0.026370302,-0.06473462,-0.20710908,-0.0558446,-0.038822394,-0.020031476,-0.013886456,0.030293018,0.12523665,0.0637243,-0.012939291,0.06600467,0.022339433,-0.04755287,0.025484089,0.06446738,7.8583136e-05,0.022104513,-0.0051173232,0.007668499,-0.020592004,-0.026884144,-0.05142779,-0.031064015,-0.04756221,-0.047815964,-0.0017552003,0.053461105,0.0716254,0.057641115
/mnt/sdd/caltech_training/multiclass/train/005.Crested_Auklet/Crested_Auklet_0036_794905.jpg,4,0.13215365,-0.072816566,-0.09363817,-0.010538176,0.0064985193,-0.045445472,0.06870735,0.11364634,0.17656937,0.0520505,-0.04007027,-0.15172668,0.033050098,0.040034853,-0.04403458,0.010804271,-0.093981504,0.22650468,0.07142909,0.14079605,-0.038572174,0.0016732067,-0.012525721,0.010435637,0.03825035,0.025418947,0.033187456,-0.08222993,0.0031727767,0.056620467,0.0455769,-0.004799918,-0.017637037,-0.09089686,-0.10622908,-0.08382697,-0.04074309,0.07195032,0.051971346,0.03725805,-0.012775211,0.046584893,0.06598467,0.04996971
/mnt/sdd/caltech_training/multiclass/train/005.Crested_Auklet/Crested_Auklet_0074_794949.jpg,4,-0.050005477,-0.05634304,0.11703105,0.12105307,-0.09142574,0.001901892,-0.023692057,0.019424161,0.1732546,-0.028685898,-0.026816893,-0.11967905,-0.00040881196,0.010661496,0.06921413,-0.050497346,-0.06030629,-0.042044647,-0.10212248,-0.06343506,0.007865194,0.04279196,0.12658843,0.08411597,0.041523498,-0.06313346,0.055074934,-0.059951365,0.019703237,0.046658445,0.075533,0.11325534,-0.0071494803,0.06657567,0.1691583,0.18691516,-0.018304165,0.02343671,0.029582258,0.024565708,-0.008017191,0.057253964,0.07710537,0.054383755
/mnt/sdd/caltech_training/multiclass/train/005.Crested_Auklet/Crested_Auklet_0042_794902.jpg,4,0.04086904,0.03526111,0.12183145,0.15142131,0.03275176,-0.009819338,-0.063545406,-0.00024499,0.046157353,-0.017615832,-0.057752,-0.037490837,0.01960807,0.1435954,0.069405496,0.005924778,-0.08884525,0.0603337,-0.0019670464,0.036113836,0.0074597076,0.01863076,0.065842465,0.045059342,0.05655772,-0.15437704,-0.06944182,-0.108077504,0.014104173,-0.009741105,0.009298165,0.061268628,-0.12968396,-0.043477677,-0.113906235,-0.13906798,-0.090618245,-0.021284826,-0.011577599,0.003212246,-0.0049605286,0.06461969,0.072857134,0.06359432
/mnt/sdd/caltech_training/multiclass/train/005.Crested_Auklet/Crested_Auklet_0069_785258.jpg,4,-0.012027182,0.01889886,0.01861962,0.108031444,0.01759951,-0.1051978,0.044431824,-0.0045842566,0.07316679,0.07951531,0.03473723,0.029354611,-0.03925664,0.22815081,0.109366976,0.04563511,-0.26682007,0.08820909,0.04038408,0.028781177,-0.023403492,0.04178695,0.10091726,0.054008115,-0.035888303,-0.06101426,-0.05415048,0.077481,-0.021618797,0.0046325577,-0.046775438,-0.009969894,-0.01992159,-0.048206717,-0.086548835,-0.042722583,0.0005378155,0.025740946,0.023079887,-0.01500291,0.0062906872,0.06642063,0.06747729,0.06179936
/mnt/sdd/caltech_training/multiclass/train/005.Crested_Auklet/Crested_Auklet_0061_794904.jpg,4,0.09753162,-0.035093736,-0.025735341,-0.015861407,0.06859017,-0.034130774,0.05278249,0.116614625,0.03579877,-0.1546496,-0.1379151,-0.17106745,0.070110835,-0.0258639,0.1697688,0.013099201,-0.17905374,0.14274144,-0.032879084,-0.032230914,-0.07067375,0.16055621,0.10258046,0.07607448,-0.054929517,-0.0017799083,0.01140276,-0.044479847,-0.009169841,0.074328765,-0.01448898,0.12354852,-0.11895907,0.05991893,0.13008523,0.07221014,-0.049098354,0.0061533563,-0.0006608274,0.00401835,-0.019031525,0.04933343,0.07393282,0.052417915
/mnt/sdd/caltech_training/multiclass/train/005.Crested_Auklet/Crested_Auklet_0073_785248.jpg,4,0.1135711,-0.0989924,-0.08960166,-0.06914145,-0.008457534,0.033533193,-0.0010113567,-0.028638544,-0.038499422,-0.08765039,-0.11394969,-0.1195274,0.067267016,0.09001915,-0.03809496,-0.038765695,-0.17802751,0.019773595,-0.060810372,-0.17885235,-0.039511133,-0.017936211,0.010281209,-0.064599484,-0.029238394,-0.087384015,-0.08468709,0.058687363,-0.008802187,-0.048107017,0.010055454,0.03257305,0.020842161,-0.054544397,-0.040198177,-0.04703581,-0.013683331,0.017492227,0.016991787,-0.00061854906,0.0039674826,0.0683681,0.08373426,0.07766612
/mnt/sdd/caltech_training/multiclass/train/005.Crested_Auklet/Crested_Auklet_0077_785257.jpg,4,-0.16642803,0.06074109,0.13965361,0.07684834,-0.111920506,-0.0065452466,-0.006999867,0.045149237,0.023530554,-0.071438365,-0.03259828,-0.035697527,0.018516252,0.042009175,0.018660257,-0.091919124,-0.23270088,0.116538234,-0.044045202,-0.15713355,0.018570315,0.032376356,0.025676042,0.0068178894,-0.03765002,-0.04537225,-0.0073804203,-0.086951315,-0.010962368,0.04729581,0.016336057,0.010335617,0.005301267,0.09684727,0.08558173,0.0614608,-0.041805867,-0.043267302,-0.0577548,-0.075614184,-0.0046517495,0.060116,0.072938964,0.06486899
/mnt/sdd/caltech_training/multiclass/train/005.Crested_Auklet/Crested_Auklet_0052_794952.jpg,4,-0.017937671,0.0471088,0.11254384,0.16340418,-0.12471807,-0.060507946,0.07419753,0.064790405,-0.07167513,-0.0709237,-0.0326252,-0.1196288,-0.009110637,0.029175874,0.054576315,0.06884003,-0.06464397,0.13614422,0.021032713,-0.08919482,-0.060938023,0.11240465,0.12614115,0.047714513,-0.039173767,0.12425925,0.07731769,0.036654644,0.020800276,0.06013108,0.03184201,0.002986255,-0.08896716,0.082613096,-0.05309353,-0.08519064,-0.073067375,0.0040204893,0.0042255567,-0.02176895,0.014441613,0.036576424,0.05814834,0.043036357
/mnt/sdd/caltech_training/multiclass/train/006.Least_Auklet/Least_Auklet_0018_795077.jpg,5,0.21522447,-0.04865478,0.020099439,-0.054302305,0.0860214,-0.028098967,0.00041653775,0.10305697,-0.041092195,0.0033793822,0.02447038,-0.06477117,-0.001151111,0.10204923,0.116378255,0.088152476,0.036965,0.035132464,-0.10169345,-0.08109748,-0.0009808913,0.042667888,0.029534776,0.0026589003,-0.08814421,-0.07251838,0.06910057,0.089536585,-0.021886507,0.038288593,0.053345814,0.101604275,-0.07576834,0.16230664,0.12054697,-0.00066711754,-0.056451507,0.11252055,0.06535394,0.05811333,0.01076567,0.023035146,-0.015288586,-0.00791619
/mnt/sdd/caltech_training/multiclass/train/006.Least_Auklet/Least_Auklet_0011_795109.jpg,5,0.18197447,-0.02070054,0.10341698,-0.04610731,0.06261445,0.026144158,0.064990126,0.021952296,-0.2263192,0.042019192,0.19194409,0.21109086,-0.06555218,0.029385764,0.09128025,-0.019004835,-0.012947466,-0.05506005,-0.091208115,-0.1814635,-0.005454054,0.038080692,0.059637297,0.1430318,-0.019578557,0.043276083,0.110044315,-0.020157985,0.0127999,0.07826504,-0.012890637,0.052949373,-0.06681909,0.1741415,0.14284337,0.1325106,0.037625767,0.074478745,0.018624492,0.031665325,0.0068213255,0.0073396945,-0.024009671,-0.015840286
/mnt/sdd/caltech_training/multiclass/train/006.Least_Auklet/Least_Auklet_0021_795127.jpg,5,0.11613169,-0.032855958,0.07680048,0.08045605,0.046495378,0.061565362,0.08026505,0.028549269,0.087791055,0.036566615,-0.012020316,-0.03831996,0.0910102,0.19794711,0.046188913,-0.055739004,0.01690983,-0.17485163,-0.20390773,-0.18449269,-0.006256695,-0.0024037114,0.051878393,0.022071958,0.05475635,0.054629352,0.041976098,0.09667075,0.014089812,0.027013386,-0.08843723,-0.08101396,-0.08490776,0.089386314,0.08398506,0.15420857,-0.026035491,0.07087779,0.051507242,0.021645682,0.011700607,0.032368295,-0.0113301985,-0.002791012
/mnt/sdd/caltech_training/multiclass/train/006.Least_Auklet/Least_Auklet_0039_795081.jpg,5,-0.14360827,0.009528533,0.13006341,0.14965786,-0.047723584,0.033088718,0.05109293,0.018382251,-0.2305901,0.066553414,0.1310822,0.13131265,-0.024344312,0.16427316,0.047451474,0.08739947,0.020206513,0.10647707,0.062900744,0.02484244,-0.031922765,-0.0027109021,0.03748803,0.037906423,-0.07733602,0.044687085,-0.0017296411,0.02338481,-0.054133575,-0.036148705,-0.07034062,-0.009852509,0.08679451,-0.018315475,0.012449345,-0.03730734,0.006643964,0.08035143,0.0030205017,-0.008324847,-0.0005726343,0.029267145,-0.0077255433,0.0025255233
/mnt/sdd/caltech_training/multiclass/train/006.Least_Auklet/Least_Auklet_0046_795118.jpg,5,0.2012527,-0.10961762,0.016497593,0.14201911,0.039150205,0.034176067,0.05154736,0.053653564,0.018284552,0.110553466,0.13044058,0.16833104,0.08030879,0.07135965,0.16241801,0.049714826,0.07941047,0.033447385,0.025131825,0.14378953,0.03990485,0.060266472,0.019013368,-0.070815906,0.066705525,0.003213795,0.06695197,0.03404483,0.039574567,0.041584868,-0.029444147,0.0038909726,-0.01791102,0.08082638,0.09659186,0.06812377,-0.0073809177,0.07399665,0.035972126,0.011971293,0.01283043,0.02890198,0.00076652726,-0.0033769181
/mnt/sdd/caltech_training/multiclass/train/006.Least_Auklet/Least_Auklet_0040_795100.jpg,5,0.06973659,-0.089363,0.070836246,0.05364633,-0.003793952,0.11671849,0.14070803,0.11107746,-0.027303282,-0.04311572,0.011676382,-0.025009707,0.0014717239,0.08167036,0.112216905,0.01848472,0.001429297,0.11392041,-0.035755422,-0.05366049,-0.026788007,0.04763203,0.001600462,0.027174573,0.025971958,0.12787108,0.17317332,0.1546706,0.004921261,0.028683579,-0.04304422,0.014059581,0.104322046,0.10372585,0.051186837,0.04404062,0.024341414,0.013471095,-0.0063315835,0.018530156,-0.013529373,0.03932576,-0.008166387,0.004973662
/mnt/sdd/caltech_training/multiclass/train/006.Least_Auklet/Least_Auklet_0041_795107.jpg,5,0.09854132,-0.11335594,0.12994394,0.03161657,0.007487841,0.022770934,-0.032093998,-0.030334141,0.066962704,0.03126356,0.12455244,0.12220748,-0.0076402687,0.034351587,0.08626951,0.015833916,0.11038139,-0.08033068,-0.022976998,-0.02148313,0.053528357,-0.010493476,0.09996054,0.01651326,0.031791247,-0.006323036,0.0673118,-0.021111134,0.047218334,0.08059281,-0.0340157,0.07540051,-0.09320938,0.17708477,0.13404721,0.057538062,-0.03420735,0.058117524,0.019710692,0.049427927,0.007956678,0.031969987,-0.0062380675,-0.0066937525
/mnt/sdd/caltech_training/multiclass/train/006.Least_Auklet/Least_Auklet_0052_795088.jpg,5,0.14416856,0.11749257,0.04586323,0.00020228699,0.036767535,-0.04442954,0.016657636,0.09982508,0.02659892,0.071232855,0.04404609,0.036567446,0.055198323,0.08027066,0.066841505,0.11709194,0.05249115,0.060906686,0.070642784,0.09911289,-0.017075304,0.0614616,0.042025484,0.037075438,-0.0797401,0.06395308,0.111808494,0.10292057,0.0059709214,0.08435577,0.0145632345,0.02767118,0.008931128,0.19464627,0.15034384,0.05672078,-0.03266895,0.055090256,0.015103217,0.059805453,0.0046217837,0.014864129,-0.009506154,-0.010396292
/mnt/sdd/caltech_training/multiclass/train/006.Least_Auklet/Least_Auklet_0026_795066.jpg,5,0.016904833,0.09514524,0.09575278,0.074293554,-0.0073855408,-0.004076532,0.07202339,0.025879882,-0.13564244,-0.036921524,0.057266425,-0.045418695,-0.07446032,0.079266235,-0.07272656,-0.0024868096,0.05321505,0.10400198,-0.060509756,-0.040268734,0.028249905,0.14388332,0.0437951,0.03865384,0.061758645,-0.0127346255,0.02154176,-0.056392096,0.0055063292,0.0279741,0.011309516,-0.007723231,0.056362405,0.17457673,0.20142846,0.121271506,0.0018249508,0.073831454,0.034866843,0.06822401,0.0007177645,0.01717045,-0.012929883,-0.00415977
/mnt/sdd/caltech_training/multiclass/train/006.Least_Auklet/Least_Auklet_0029_795122.jpg,5,-0.027886704,0.18170947,-0.110260904,-0.0036898106,-0.068061516,0.11831335,0.0048211403,0.023257198,-0.019005073,-0.0007915236,0.10311665,0.17828782,0.017353242,-0.0056455117,0.093616486,0.026744248,-0.07279412,0.03165241,0.010831706,-0.0533665,0.005450908,-0.052669354,0.100719824,0.060662378,0.034875926,-0.20698293,0.03542529,-0.14788847,0.03072139,-0.06927371,0.011473065,-0.012859009,0.033369094,0.20401283,0.07600948,0.0928224,-0.03792999,0.066556066,0.04536653,0.08135827,-0.005432332,0.025351135,-0.00032497686,-5.5889424e-05
/mnt/sdd/caltech_training/multiclass/train/006.Least_Auklet/Least_Auklet_0060_795095.jpg,5,-0.0030897334,0.08192241,-0.01448635,-0.022292852,0.009915776,0.082980454,0.03527216,0.07160552,-0.05927918,0.002355095,0.03968896,-0.076932274,-0.032099262,0.07881661,0.12740731,0.092484936,-0.059167508,0.0057850946,0.032171443,-0.100231186,-0.009315323,0.021794401,0.07895693,0.1124682,-0.037597883,0.049594775,0.057215955,0.06809296,0.025273722,-0.0066554155,0.11539516,0.067471996,0.035497904,0.13154995,0.03563807,0.022802584,-0.038586184,0.052360605,0.026888367,0.03273178,0.016102538,0.0081773875,-0.019255824,-0.018265821
/mnt/sdd/caltech_training/multiclass/train/006.Least_Auklet/Least_Auklet_0058_1931.jpg,5,-0.012605026,0.00585087,0.043579873,0.032760095,-0.026369583,0.14456351,0.12984028,0.12182233,-0.1852756,0.016225416,0.056436278,-0.07315639,-0.12463607,0.108006775,-0.089281015,-0.045738887,0.121343754,-0.018922495,-0.004942215,-0.07365817,0.017542567,0.09658036,0.03168005,0.042954307,0.07380916,-0.053764496,0.013205834,0.0024731606,0.0084465295,0.110797,-0.08215301,-0.013980184,-0.02436405,0.20374224,0.23535474,0.1066594,0.0047337357,0.034302745,0.0056403577,0.038790975,0.0063581886,0.026411448,-0.002239882,-0.0055423896
/mnt/sdd/caltech_training/multiclass/train/006.Least_Auklet/Least_Auklet_0043_795067.jpg,5,-0.006284952,-0.031156618,0.03548359,0.048252918,-0.037677836,0.037086938,0.017944295,0.09814949,-0.11475523,0.04245104,-0.06094484,-0.06781375,0.03612914,0.042110585,-0.050461836,0.06188476,-0.07953161,0.13215904,-0.010946553,-0.12349774,-0.020395974,0.0052235927,0.06841734,-0.031153606,0.042567335,0.03522583,0.15656966,0.05249972,-0.036079932,0.017882377,0.017636137,0.030052384,-0.04782594,0.15965389,0.06525931,-0.0117125325,-0.04301302,0.0334505,0.02897831,0.008130675,-0.0059904004,0.0052276123,-0.021720689,-0.0112969205
/mnt/sdd/caltech_training/multiclass/train/006.Least_Auklet/Least_Auklet_0005_795119.jpg,5,0.2170589,-0.22485018,-0.10528822,-0.08566231,0.09129896,0.027866568,0.0062516257,0.08309306,0.10929222,-0.00510595,-0.035022695,-0.04506771,0.05875175,0.1368599,0.04540792,0.03028881,-0.05622467,0.101181194,-0.12571833,-0.11060599,0.0023133494,0.031768635,0.041634742,0.098360345,0.03768816,-0.08489241,0.027552817,0.04234028,0.019954216,0.0066943057,0.048268426,-0.046521664,-0.032074723,0.11479753,0.12932627,0.1341949,-0.007859165,0.11482076,0.05784592,0.01964075,0.00874759,0.015861621,-0.010899844,-0.0049210303
/mnt/sdd/caltech_training/multiclass/train/006.Least_Auklet/Least_Auklet_0028_795094.jpg,5,-0.07921447,0.025444992,0.07426549,0.08072524,-0.069712244,0.08197194,0.089287974,0.15453394,-0.073232025,0.06855195,0.022017993,0.04435992,0.0020878725,0.08399877,-0.037807632,0.039920323,0.03660951,0.005117908,0.005057875,-0.014379974,0.03086926,0.12790698,0.06886039,0.048183564,0.008479108,0.20160952,0.20327848,0.13376346,-0.047080167,-0.010086483,0.033004627,0.0077239396,-0.02104453,0.07499798,0.14991358,0.09347032,0.025686244,0.11021002,0.045354452,0.02390262,0.006499891,0.031870715,-0.013343535,0.00037145335
/mnt/sdd/caltech_training/multiclass/train/006.Least_Auklet/Least_Auklet_0010_795092.jpg,5,0.12413486,0.21556152,0.25533417,0.19220632,0.048218712,0.07691833,0.003061276,0.038518526,-0.09618792,-0.038266465,-0.108562745,-0.034949247,0.005246531,0.23369263,-0.025254622,-0.09841857,-0.009726351,-0.09086745,-0.029313825,0.08129045,0.008360576,0.03637153,0.09637055,0.07963736,-0.009775413,-0.022486605,0.04431598,-0.0710008,0.017078683,0.02454023,0.07192967,0.025752254,0.00034611672,0.2540499,0.21891516,0.21903163,-0.021665454,0.083173506,0.02717634,0.017840318,0.012036195,0.02201846,-0.009723309,-0.0056487364
/mnt/sdd/caltech_training/multiclass/train/006.Least_Auklet/Least_Auklet_0050_1924.jpg,5,-0.0018353462,-0.0146102235,0.015167225,-0.06027103,-0.08326949,-0.0497524,0.038478874,-0.030710997,0.06511516,0.115275756,0.15960863,0.19897452,0.027837947,0.104952715,-0.045439757,-0.074135266,0.040758573,0.028683186,0.029790692,-0.08396506,-0.0023204107,0.023757393,0.09280243,0.11111081,0.056184206,-0.0055311266,0.04219553,0.1245891,-0.009137353,0.02128468,-0.023640584,0.020434389,-0.018010147,0.07932916,0.14157523,0.12869465,0.009740373,0.07875723,0.062284984,0.048062548,-0.005231768,0.024467047,-0.01073433,0.0024582671
/mnt/sdd/caltech_training/multiclass/train/006.Least_Auklet/Least_Auklet_0007_795123.jpg,5,0.047650293,-0.016878933,-0.023356326,-0.098543495,0.037557155,0.097212836,-0.041040085,0.020263428,0.07086386,-0.049860056,-0.08451615,0.032615535,0.015066966,0.030692812,-0.058816638,0.001320079,-0.07714372,0.12924436,0.12399626,-0.010324553,-0.008277079,0.061306823,0.06256502,0.02757128,0.017083777,0.21739516,0.17145383,0.07620016,0.046322346,0.060787782,-0.07097894,-0.010679856,-0.015992634,0.12185131,0.17795053,-0.00030843355,-0.031239603,0.06309629,0.058179554,0.033870567,0.018708508,0.02593244,-0.015580626,-0.021787126
/mnt/sdd/caltech_training/multiclass/train/006.Least_Auklet/Least_Auklet_0027_795091.jpg,5,-0.0969811,-0.0535622,0.125304,0.049960688,0.014505161,0.12402191,0.08829022,0.033510003,-0.025307853,0.02858727,0.053361885,-0.046461716,0.015909515,-0.04312272,-0.0022271555,0.04958136,0.008567553,-0.010388322,-0.02900479,-0.0014077947,-0.029206771,0.05427375,0.024188843,0.022650596,-0.18454576,0.038533457,0.17084074,0.09199479,-0.06693272,0.08411166,0.10542528,-0.06994945,-0.1513675,0.16509826,0.11377478,0.02941142,-0.029747102,0.030476684,0.029236145,0.009065706,0.0084855035,0.0302222,-0.008377933,-0.0021308863
/mnt/sdd/caltech_training/multiclass/train/006.Least_Auklet/Least_Auklet_0020_795080.jpg,5,0.048283506,-0.09350039,0.034303255,-0.06216257,-0.015874267,0.051614143,-0.025012031,-0.012182051,-0.06671869,0.036139444,0.069509916,-0.10380281,0.040242523,0.12778854,0.040472053,0.039083786,0.058638014,-0.09565446,-0.07183648,-0.16106316,0.015159015,0.03672479,-0.033007253,0.03239844,-0.065230355,-0.042525187,0.08719796,-0.10281409,0.035830483,-0.033091776,0.02050731,0.032994956,-0.0038562035,0.18717815,0.21498513,0.09527152,-0.007809757,0.045294363,0.048045315,0.036983732,-0.007756225,0.042908974,0.003029748,0.0040488583
/mnt/sdd/caltech_training/multiclass/train/006.Least_Auklet/Least_Auklet_0032_795068.jpg,5,0.069810644,-0.0068829507,0.17042594,0.12440217,0.029123856,0.089872375,0.041778304,-0.07730147,-0.23033664,0.025198527,0.10085693,0.063387096,-0.09547791,-0.0995944,-0.00887445,-0.011929502,0.022155426,-0.07485213,0.014627289,-0.022621356,0.059582815,0.06615527,0.069059364,0.049301695,-0.044896282,-0.012518015,-0.045079086,-0.041518755,-0.009262344,0.008767638,0.045657996,0.0026120357,-0.0012417324,0.16015655,0.035630792,0.004315922,0.009408411,0.07503553,0.05322786,0.029704696,-0.013791639,0.018960409,-0.0070620794,-0.0018751579
/mnt/sdd/caltech_training/multiclass/train/006.Least_Auklet/Least_Auklet_0030_795116.jpg,5,0.2679634,0.21485429,0.08410871,0.038579196,0.055645764,-0.037490547,-0.016741462,-0.05491714,0.20895411,0.14816776,0.21059372,0.24448332,0.0690435,0.023688212,-0.056393385,0.007618651,0.18239038,0.007352993,-0.0078621395,0.094166115,0.09422788,0.07389335,0.03639142,-0.042262208,-0.025335517,0.21286494,0.23132321,0.03616049,-0.0049542356,0.06561621,-0.04923895,0.031115675,-0.058939736,0.21566387,0.23484704,0.1588317,0.016034164,0.06398565,0.06074614,0.08812487,0.013061527,0.030087903,-0.01693564,-0.020685881
/mnt/sdd/caltech_training/multiclass/train/006.Least_Auklet/Least_Auklet_0024_795120.jpg,5,-0.02799532,0.10819086,-0.078234136,0.26967227,-0.024150454,0.058512833,-0.025933068,-0.024672728,-0.037699327,0.07181165,0.25144443,0.10002711,-0.03691013,-0.0061021773,-0.15121715,0.05447621,-0.028246611,0.025043689,0.116369694,0.1690673,0.0028675906,0.03638326,0.075756095,-0.047327362,-0.050565477,0.06592113,0.10893864,-0.046853088,-0.023812901,-0.006710725,0.0056498917,-0.012449326,-0.04395897,0.019151976,0.024582326,0.08479793,-0.026818814,-0.013243975,-0.052952982,-0.01917536,-0.010677587,0.009730187,-0.010372158,-0.0066778106
/mnt/sdd/caltech_training/multiclass/train/006.Least_Auklet/Least_Auklet_0025_795087.jpg,5,0.33556724,-0.05039008,-0.022263568,-0.11016108,0.09363787,0.118020155,0.2506486,0.19572249,0.09277677,-0.017835952,-0.1123333,-0.16695577,0.018072207,0.06191802,0.06526179,-0.052409865,0.09459123,0.024284497,-0.14466289,-0.16894245,0.040665876,-0.02817955,0.024335392,0.0054130657,-0.019991424,0.23866767,0.15468015,0.033053648,0.052834522,-0.0142363785,-0.10106065,-0.049168564,-0.05085463,0.13560593,0.12698826,0.102953374,-0.046384342,0.04318962,0.043333683,0.0030492786,0.008823735,0.022651648,-0.00807631,-0.000799272
/mnt/sdd/caltech_training/multiclass/train/006.Least_Auklet/Least_Auklet_0023_1898.jpg,5,-0.0013641566,0.23401092,0.28092387,0.24389313,0.061203327,0.027526345,0.0072649037,-0.03088648,-0.15379721,0.20437583,0.060800306,0.08477597,0.034737185,0.12712124,-0.12811041,0.030912992,-0.0016509462,-0.055665284,0.010154482,-0.049168326,-0.022218442,0.089233965,0.04855929,-0.009121732,-0.06945418,-0.19920295,0.15981352,0.122191876,-0.00682603,0.015797947,-0.042998962,-0.05919897,0.024452135,0.1315441,0.07753599,-0.013397027,-0.008904761,0.06292695,0.046137646,0.061797157,-0.0025901487,0.016071592,-0.007849118,0.0007599131
/mnt/sdd/caltech_training/multiclass/train/006.Least_Auklet/Least_Auklet_0008_795071.jpg,5,0.09036396,-0.18997118,-0.29578242,-0.25457314,0.052801546,0.053339005,0.03159391,0.19288605,-0.1030871,0.14012727,0.24762838,0.20411307,-0.021687541,0.05990731,0.044627003,-0.039935272,0.093622126,-0.06979261,-0.11047832,-0.030534204,0.025337901,0.050588414,0.05985905,0.070468776,0.044494793,-0.03197604,0.08223214,0.088732615,0.064057276,0.057444103,-0.028843535,0.0141571695,0.038776465,0.22858629,0.28825474,0.22134295,-0.013695488,0.03311253,0.02156974,0.0623155,0.010943679,0.021398922,-0.0069144713,-0.009449631
/mnt/sdd/caltech_training/multiclass/train/006.Least_Auklet/Least_Auklet_0015_795065.jpg,5,-0.09901072,-0.2715497,-0.20666577,-0.231828,-0.01316762,0.08819917,-0.028434908,-0.07235275,-0.21677358,-0.14210704,-0.1436984,-0.052199908,-0.008740171,0.08020618,0.08393577,-0.07076645,-0.09315753,-0.043025218,-0.0069631413,0.008461922,-0.075633846,0.017633531,-0.0016403459,-0.01116495,-0.077046506,0.012634203,0.042195205,-0.07541959,-0.015011787,0.036728527,0.05071783,-0.14152452,-0.011835227,0.12153886,0.13871613,0.1085875,-0.021256404,0.09101489,0.08049967,0.06476598,-0.004325694,0.033234727,-0.014328693,0.0035378484
/mnt/sdd/caltech_training/multiclass/train/006.Least_Auklet/Least_Auklet_0038_795132.jpg,5,-0.0017993487,-0.085200265,-0.29900315,-0.043827794,-0.021161888,0.029382708,0.09041924,0.11590259,-0.07043286,0.1459739,0.053801745,0.102207,-0.019681625,0.08285722,-0.001523789,0.010435883,-0.029639982,0.023087732,-0.074014455,-0.11524628,-0.015440842,0.043406583,-0.014165489,0.042376906,-0.030757451,0.10332954,0.09522371,0.01668646,0.0059364066,0.15744476,0.028586254,-0.05936065,-0.007296009,0.2924561,0.22374758,0.13183922,-0.027818602,0.030877063,0.017663553,0.03425195,0.017276905,0.004704293,-0.018678531,-0.010153262
/mnt/sdd/caltech_training/multiclass/train/006.Least_Auklet/Least_Auklet_0054_795130.jpg,5,0.15149438,0.24286318,0.23849933,0.27389595,-0.029862802,-0.117648914,0.069738835,0.058464993,-0.051299855,0.061517097,0.04402619,0.11563021,-0.018523188,-0.015208909,-0.04040323,-0.04585066,0.04028884,-0.14165363,-0.09006333,0.01718969,0.01509403,-0.07325741,0.009715937,0.034069527,0.042881053,0.013069434,0.022625955,-0.11775198,0.10195014,0.03859853,0.0005469732,-0.046802625,0.033739574,0.2235817,0.113765135,0.12324099,-0.017556189,0.10007191,0.1016556,0.058719143,-0.00183027,0.01442262,-0.010621894,-0.0024749304
/mnt/sdd/caltech_training/multiclass/train/006.Least_Auklet/Least_Auklet_0042_1874.jpg,5,0.04395411,0.23150165,0.18001568,0.110000506,0.034007177,0.09173027,0.054269128,0.02551065,-0.090447545,0.07720406,0.11672346,0.21534532,-0.0608935,0.029553574,0.046976995,-0.035992533,-0.18044797,0.023882784,-0.11497028,-0.14803079,-0.025172547,0.0016909856,0.03146634,0.081551135,-0.007178379,-0.017062707,0.08359991,-0.0787796,0.03181903,0.0549324,0.024013948,0.02155083,-0.03414337,0.17178987,0.14981884,0.0209933,-0.011192006,0.085241355,0.045594923,0.012286538,0.005506588,0.02769775,-0.005067489,-0.0083663585
/mnt/sdd/caltech_training/multiclass/train/006.Least_Auklet/Least_Auklet_0034_795096.jpg,5,0.052122936,-0.049619325,-0.06503071,-0.028577406,0.043125574,0.06710336,0.029014964,0.058081985,-0.14918847,-0.08842369,0.045620497,-0.03424859,-0.0014228772,0.123620465,0.07097185,0.029127803,0.06201384,-0.019238781,-0.029784381,0.14693263,0.009410556,0.031680025,0.07816559,-0.02177603,-0.06916509,0.12189496,0.2756397,-0.00415162,-0.03767149,-0.033353228,-0.07685974,0.00069138594,-0.024011798,0.1332608,0.10850957,0.09508788,-0.013283815,0.096356355,0.06303571,0.09889856,1.6279286e-05,0.026539182,-0.009604938,-0.0025190162
/mnt/sdd/caltech_training/multiclass/train/006.Least_Auklet/Least_Auklet_0055_795106.jpg,5,-0.0840646,-0.0031876108,-0.11149741,-0.053080384,-0.02370455,0.074231654,-0.122292556,-0.11740601,-0.033736493,-0.044644758,0.04523264,-0.08545442,0.08084649,0.046870187,0.20564175,0.102426715,-0.018811718,-0.06070996,-0.0781699,-0.069276325,-0.03389009,0.047964472,0.0076616677,-0.029381985,-0.08744823,0.08219704,0.16311342,-0.05444491,0.0017673224,-0.050851554,0.026562903,0.09420341,0.023484156,0.18629201,0.15762109,0.07820171,0.002442495,0.14976305,0.08771018,0.07316439,0.0017676423,0.028314076,-0.006266727,0.0092423195
/mnt/sdd/caltech_training/multiclass/train/007.Parakeet_Auklet/Parakeet_Auklet_0078_2004.jpg,6,-0.14024703,-0.15459001,-0.12630717,-0.07972865,-0.008541349,0.10074287,0.014064472,0.0044754595,-0.08527875,0.08125517,0.15421738,0.020299327,-0.05456665,0.10732177,-0.09918016,-0.07380925,0.052366562,0.011960257,0.1251753,0.20244074,-0.009332161,-0.037604157,-0.030103607,-0.03335897,-0.045938447,0.0541791,0.06859565,0.050600663,-0.0044869985,-0.050104506,0.011250058,-0.0010825172,0.07093254,0.0066261813,-0.022618795,-0.08602298,0.019608662,-0.012026591,-0.02491897,-0.048431527,0.0061300835,-0.021920566,-0.03458193,-0.028374033
/mnt/sdd/caltech_training/multiclass/train/007.Parakeet_Auklet/Parakeet_Auklet_0067_795964.jpg,6,-0.024184188,-0.09941221,-0.13241354,-0.04899446,0.0188782,0.078066275,0.10553665,0.076524526,-0.14603926,-0.081801295,0.07834136,0.042632796,0.01718171,0.008797906,0.017794188,0.016519342,-0.03303957,-0.053390995,-0.06604411,-0.08829139,-0.0014652424,-0.03329371,0.010577746,0.0041224714,-0.0030797366,0.04150956,0.012258929,0.061299596,-0.03714104,-0.009844765,-0.07237476,-0.05012881,0.04233002,0.09347792,0.0043802103,0.014482405,0.03000156,0.014298957,-0.027645111,-0.02923426,-0.026909381,-0.019369025,-0.029946769,-0.024056649
/mnt/sdd/caltech_training/multiclass/train/007.Parakeet_Auklet/Parakeet_Auklet_0064_795954.jpg,6,-0.03869371,0.09136399,0.00058173016,0.010316379,-0.02478093,-0.03424497,-0.04706039,-0.018419571,-0.047810156,0.07645212,0.062798254,0.07543824,0.005861124,0.086199485,0.10809124,0.019797597,-0.019288043,-0.11716786,-0.05564037,0.0026046373,-0.097675465,0.008167187,-0.0064191176,-0.010298362,-0.025309253,0.044674173,-0.1014658,-0.0054766554,-0.008819617,0.004896097,0.022348136,-0.026791548,-0.069896325,-0.008014776,0.024419658,-0.0386305,0.00724132,-0.004737141,-0.056118555,-0.018827574,0.01667956,-0.025537938,-0.025144272,-0.020540709
/mnt/sdd/caltech_training/multiclass/train/007.Parakeet_Auklet/Parakeet_Auklet_0050_795957.jpg,6,-0.01785716,0.060419623,0.073385224,-0.17098127,0.04269735,-0.07474652,-0.1321587,-0.045884762,-0.114522636,-0.04765684,-0.11447758,-0.041032135,-0.07410784,-0.025573345,0.0229115,-0.02473763,-0.089006215,-0.06525815,-0.13914418,-0.023359645,0.03910771,-0.078579195,-0.061433997,0.026516728,0.05757177,0.037051283,-0.06769489,-0.019880436,0.015612587,-0.065546334,0.00054450333,0.037912153,0.08051579,-0.028885912,-0.05075352,-0.005612582,0.04916954,-0.032092277,-0.056769136,-0.049372237,0.0039331126,-0.029606082,-0.041869286,-0.044610124
/mnt/sdd/caltech_training/multiclass/train/007.Parakeet_Auklet/Parakeet_Auklet_0001_795972.jpg,6,0.10774012,0.10776805,0.13513882,0.33541846,-0.030963007,-0.034503113,-0.03650593,-0.07400299,0.17115818,0.08665007,0.121568106,0.019573536,0.08567467,-0.023749378,-0.07977704,-0.041117802,-0.031338785,0.15014206,0.021002455,0.05545762,0.019268349,-0.010238135,-0.018125122,-0.041343547,0.106961235,0.059427716,-0.07459205,0.07218821,0.06862063,-0.06021014,-0.06465605,-0.015015308,0.006419819,0.10117303,0.052455083,0.014436606,0.024843048,-0.050444216,-0.05304588,-0.046862744,-0.01452043,-0.028639235,-0.03312722,-0.030670594
/mnt/sdd/caltech_training/multiclass/train/007.Parakeet_Auklet/Parakeet_Auklet_0007_795932.jpg,6,0.15613478,0.2547592,0.011509806,-0.031787004,0.09101536,0.073667854,0.046590768,0.08070697,0.0004437156,-0.14218754,-0.17763998,0.02836369,0.012576284,-0.0478718,-0.06185224,-0.01116366,0.14202943,-0.027344478,-0.065795064,-0.10380722,0.006914463,-0.016386438,-0.029088931,0.013283815,-0.021282414,-0.007924456,0.039313547,0.026696347,-0.0010529496,0.041246705,0.05740309,-0.012611537,0.044321507,-0.07432754,-0.13178186,-0.09596044,0.02885738,0.03006468,0.0037758183,-0.019778157,-0.0074837455,-0.020130439,-0.03631167,-0.028586134
/mnt/sdd/caltech_training/multiclass/train/007.Parakeet_Auklet/Parakeet_Auklet_0012_795927.jpg,6,0.24322595,-0.007854119,-0.06321727,0.043626085,-0.02791906,-0.041776948,-0.14724332,-0.110187456,0.08436604,0.054028563,0.123111896,0.040167455,0.04383991,-0.007047705,0.010060153,-0.06731118,-0.12347096,0.0950405,-0.04573901,-0.14286114,-0.07769526,0.01775878,0.01911991,0.109586366,0.07083732,-0.03887839,-0.019162443,-0.08495869,0.047038954,-0.032935258,0.009451117,0.0046132626,0.13825881,0.1165963,0.077580445,0.09447353,0.020899374,-0.0017508958,-0.051306322,-0.028534014,-0.004077111,-0.025711235,-0.043039516,-0.049262732
/mnt/sdd/caltech_training/multiclass/train/007.Parakeet_Auklet/Parakeet_Auklet_0003_795982.jpg,6,-0.075789385,0.12051094,-0.016590632,-0.017688584,-0.041728295,0.059219927,0.010180786,-0.055028882,0.16164088,-0.030198961,-0.0011546351,-0.13245048,-0.005623228,-0.08478457,-0.01119673,-0.03200718,-0.0037479773,0.065050274,0.0025101677,0.15195915,-0.028568327,-0.032654256,-0.06207733,-0.081740886,-0.002113834,0.06396197,0.12980391,-0.054869514,0.0015652813,0.009384207,0.026995724,0.03138142,0.06446433,-0.08371129,-0.06256372,-0.07139045,0.030558577,-0.0014684293,-0.015868437,-0.0067842286,-0.0034704437,-0.013847211,-0.02368243,-0.026638102
/mnt/sdd/caltech_training/multiclass/train/007.Parakeet_Auklet/Parakeet_Auklet_0020_795947.jpg,6,-0.027932692,-0.1433206,-0.096269734,-0.24059734,0.012635391,0.17999543,0.12793913,0.13174114,-0.06424938,-0.01390087,-0.10098648,-0.062413998,-0.026496258,0.033458203,-0.03511698,0.02807985,-0.1499606,-0.08828487,-0.1342456,0.03031284,-0.044748664,-0.093415596,0.019324671,0.0063636694,-0.008973867,0.10734624,0.15548922,0.13514243,-0.009664368,-0.015050643,-0.079576075,0.03302976,-0.07098889,0.09560296,-0.08056666,0.011220343,-0.009722193,0.0029758532,-0.008657778,0.004399984,0.02228698,-0.012084486,-0.023879249,-0.030756837
/mnt/sdd/caltech_training/multiclass/train/007.Parakeet_Auklet/Parakeet_Auklet_0059_795973.jpg,6,0.26093453,0.12668101,-0.055144876,0.08898078,0.12621766,0.015002225,0.017610699,0.0026395135,-0.06296023,0.054626368,0.11038247,0.039994895,-0.0051657567,0.19442925,-0.048858088,0.101334795,0.1211363,0.097680934,-0.08451769,0.041323982,-0.0063479077,-0.0274482,-0.07625276,-0.027938329,0.011570446,-0.029121252,0.0386786,-0.047944374,0.031738594,-0.0302502,-0.10217264,-0.012897551,-0.06200534,0.16573684,0.03508064,0.036888987,0.01924301,0.016128931,-0.0011717808,-0.018704925,-0.013516374,-0.023116661,-0.037159294,-0.022861969
/mnt/sdd/caltech_training/multiclass/train/007.Parakeet_Auklet/Parakeet_Auklet_0010_795995.jpg,6,-0.020694409,0.15308812,0.111038774,0.029481443,-0.022836316,-0.020315956,0.009878647,0.022381464,0.17298846,0.050560262,0.06910324,0.0030837022,0.009040011,0.1533203,0.08049355,-0.0018688329,-0.06824086,-0.12598664,-0.21664838,-0.17138126,-0.014976976,-0.068698145,-0.010561979,0.006346875,0.0018957816,0.08399928,0.088193975,-0.03532466,0.019131705,-0.06448112,-0.057050154,-0.02173229,0.029263504,-0.14340469,-0.12258965,-0.14702535,0.0010703094,-0.03785976,-0.046079714,-0.015813032,-0.0038240263,-0.015190885,-0.01968968,-0.020542853
/mnt/sdd/caltech_training/multiclass/train/007.Parakeet_Auklet/Parakeet_Auklet_0074_795976.jpg,6,0.2314582,0.060515307,0.16619585,-0.027370345,0.048473,0.018592918,0.11558891,-0.037017547,0.040171906,0.011947989,0.113310866,-0.023098513,0.06199601,0.0102809165,-0.051527962,-0.020068241,0.07318086,-0.045740634,-0.11922583,-0.120732844,0.06858845,0.067289464,-0.01280839,0.037084285,0.011878939,0.068042,-0.10805613,-0.027201345,0.031685863,-0.014270317,-0.011109073,0.12244745,0.03749391,0.04970988,-0.022763887,-0.11380257,0.029916562,-0.0066368086,0.003772702,0.0029528905,0.012555581,-0.016623162,-0.02321958,-0.0151588665
/mnt/sdd/caltech_training/multiclass/train/007.Parakeet_Auklet/Parakeet_Auklet_0058_795942.jpg,6,0.0008437047,0.07316638,0.13614352,0.10803308,-0.07523551,-0.034553625,0.069303274,0.08873434,-0.2038207,-0.12800439,-0.19592816,-0.045226693,-0.02231625,-0.09566134,0.05408161,-0.037715364,-0.08806483,-0.13994181,-0.06483501,-0.036383934,0.037045874,-0.061401255,-0.04125338,-0.014198758,-0.009605492,-0.07347205,-0.05047281,-0.06348428,0.031331077,0.019165784,-0.0036984151,0.0986916,0.04285542,0.026915517,-0.070736706,-0.06170238,0.058955718,-0.021304276,-0.036919802,-0.016617524,0.0061239977,-0.0043432126,-0.022697285,-0.0209453
/mnt/sdd/caltech_training/multiclass/train/007.Parakeet_Auklet/Parakeet_Auklet_0008_795992.jpg,6,-0.07745722,0.105525024,-0.027519448,0.0374949,-0.05193682,0.17305404,0.04402142,-0.0048506074,-0.0067810044,0.055886216,-0.008540247,-0.037539996,0.017130416,-0.09274293,-0.07032086,-0.026867226,-0.18901575,-0.08136459,-0.034720957,0.11656949,-0.044750404,-0.04164904,-0.095924824,-0.027567446,-0.040611252,-0.0882807,-0.096550226,-0.07274437,0.0070537813,-0.040190272,-0.07859463,-0.07765478,-0.014161931,0.17715627,0.12238176,0.07257973,0.028301334,-0.028943382,-0.040343747,-0.03516107,-0.009413404,-0.02237632,-0.03475757,-0.03859541
/mnt/sdd/caltech_training/multiclass/train/007.Parakeet_Auklet/Parakeet_Auklet_0026_795962.jpg,6,-0.010050824,0.013239164,0.046727996,-0.015961401,-0.0014714189,0.08487981,0.033817925,-0.023635428,0.20791431,0.0105976835,0.12532973,-0.035013273,0.0064872596,-0.021490458,0.026993573,-0.03313417,0.17887014,0.061193623,0.012904778,0.0778368,0.034878355,-0.022227053,-0.00802461,0.0418731,0.037312597,0.013986379,0.023703614,-0.099243484,0.030398004,0.015170163,0.014723554,-0.033599705,-0.09275546,0.002687566,-0.015257355,0.041180342,-0.0296858,-0.035340987,-0.04246433,-0.049070586,-0.0046671242,-0.023354173,-0.038669653,-0.03443326
/mnt/sdd/caltech_training/multiclass/train/007.Parakeet_Auklet/Parakeet_Auklet_0056_795926.jpg,6,0.113601886,0.0883363,0.04717032,0.08409203,0.00622293,0.06895842,0.073972106,0.043553732,-0.29420847,-0.0068503413,0.047226936,0.06765686,-0.060334347,-0.13681585,-0.114826754,-0.083520144,-0.0737986,0.043453395,0.116028965,0.115704216,0.023338083,-0.016942548,-0.08542237,-0.08240763,-0.03553157,0.16156253,-0.023519667,-0.05502652,-0.011557799,-0.0037102047,0.06919786,0.06690442,-0.038168848,0.02258851,0.05472087,-0.08935422,0.026109299,-0.049918596,-0.048526537,-0.0479139,-0.014170515,-0.016089626,-0.029697794,-0.01717193
/mnt/sdd/caltech_training/multiclass/train/007.Parakeet_Auklet/Parakeet_Auklet_0041_795933.jpg,6,0.020254862,-0.04745751,-0.063195646,-0.14354979,-0.008050829,-0.0074420627,-0.0699198,-0.031740986,-0.028226081,-0.0691908,-0.0057345107,-0.017164193,0.06975946,0.12387798,-0.10395931,-0.002559945,0.16666248,0.090269595,0.097482845,0.117100745,0.036481313,-0.08615493,-0.091537796,0.0694692,-0.08342137,0.05665006,0.040026143,-0.0066042356,-0.021054037,-0.025682405,-0.07905976,0.06845946,0.029917743,-0.03359625,-0.122410916,-0.049422268,0.0072422097,-0.031270858,-0.02548282,-0.012258124,-0.010388012,-0.024137583,-0.03039819,-0.03679683
/mnt/sdd/caltech_training/multiclass/train/007.Parakeet_Auklet/Parakeet_Auklet_0042_795961.jpg,6,0.17328927,0.03074551,0.028170682,0.15054353,0.019309418,0.005627334,0.008044414,0.040264912,0.06491628,-0.19497693,-0.11731941,-0.10083944,0.041036382,-0.05410409,-0.029002257,0.013837025,-0.102965936,0.031802565,-0.092622906,-0.0020804722,0.0004328061,-0.02523231,-0.052429214,0.009564545,-0.022804856,0.092573576,-0.0125674065,0.02035623,-0.00725683,0.0047385115,-0.018885154,0.044782847,0.06280156,0.0072725564,0.016473986,0.08021843,0.071837746,-0.0046017542,-0.018806405,-0.03276466,-0.008941758,-0.020011058,-0.03246809,-0.030510282
/mnt/sdd/caltech_training/multiclass/train/007.Parakeet_Auklet/Parakeet_Auklet_0080_795965.jpg,6,-0.11191662,0.07641044,-0.08684835,0.10754011,-0.0788464,0.14976157,-0.014236759,0.08750016,-0.11697981,-0.10409385,-0.13892823,-0.07596222,-0.022936525,-0.097353,0.022038698,-0.010459622,0.0848839,-0.015323447,0.09381878,0.18161447,0.05970054,-0.021372318,-0.011952221,-0.010837739,0.049362123,0.096908756,-0.027440943,-0.08614659,0.014344586,0.0751995,-0.008768712,0.07695363,0.036071837,0.16505449,0.007452145,0.0060298927,-0.030780137,-0.016709257,-0.03953276,-0.007380506,-0.015010817,-0.035571538,-0.051020794,-0.035140492
/mnt/sdd/caltech_training/multiclass/train/007.Parakeet_Auklet/Parakeet_Auklet_0043_795948.jpg,6,0.18450886,0.16190076,0.09726756,0.14896306,0.069840014,0.051568404,0.101908974,0.11312162,0.14252496,0.13205492,0.11388081,-0.043059804,0.06225193,0.041768856,0.00997342,-0.08879349,0.035799008,-0.100066334,-0.01719796,0.0535405,0.03914927,-0.05788599,-0.08288814,0.017207604,0.022377005,-0.0035105906,0.036915477,-0.03692043,0.031564683,0.013454037,0.031558737,-0.030070888,0.07116268,-0.044134326,-0.10214816,-0.086299755,0.020633478,0.035813652,0.008992372,-0.035439175,-0.008976249,-0.010333788,-0.023086168,-0.02209109
/mnt/sdd/caltech_training/multiclass/train/007.Parakeet_Auklet/Parakeet_Auklet_0031_795960.jpg,6,-0.10911916,-0.10661748,-0.10627285,-0.10533939,-0.010180134,0.10888326,0.008170251,-0.034777783,-0.048866373,0.036376514,0.039740924,0.02386007,-0.029077249,-0.04897418,-0.12605706,-0.099140145,-0.19225913,-0.13824259,-0.1265932,-0.09181495,-0.077185445,-0.07325974,-0.08776121,0.0069573764,-0.027885197,0.05315064,-0.15070102,-0.06039559,-0.02092623,0.068049535,0.03423076,-0.017932856,0.04380151,0.1326995,0.17731084,0.080149725,0.037355207,-0.040554646,-0.04776975,-0.044216637,-0.016465489,-0.014064517,-0.030475073,-0.024975652
/mnt/sdd/caltech_training/multiclass/train/007.Parakeet_Auklet/Parakeet_Auklet_0027_795925.jpg,6,-0.016114108,-0.11339651,-0.044804223,-0.04851937,0.0026650317,-0.033712454,-0.13173157,-0.10606542,-0.06621109,-0.05114549,-0.035108574,0.045095067,0.071701474,0.011275565,0.014220241,0.014442878,-0.031075574,0.031374212,0.039158557,0.12290491,-0.08224149,-0.06413183,-0.057794936,-0.02094403,-0.013426743,-0.066787764,-0.12090219,0.1271503,0.0027625794,-0.05782021,-0.057954285,0.002547253,-0.07174722,0.028272694,-0.0011417195,-0.020506108,-0.0019601136,-0.031480316,-0.05261816,-0.03646258,-0.0053334082,-0.018678978,-0.035970226,-0.01783549
/mnt/sdd/caltech_training/multiclass/train/007.Parakeet_Auklet/Parakeet_Auklet_0025_795975.jpg,6,-0.14512768,0.12017389,0.07509926,0.08078771,-0.027457185,-0.062342636,-0.048419364,-0.056446657,-0.28228554,-0.06255118,-0.13487437,0.03930904,-0.0019091722,-0.16233705,-0.04214543,0.024250675,-0.11065827,-0.014387984,0.014802415,-0.06257708,0.0008049607,0.025062466,0.0025996063,-0.00014522672,0.031719983,0.047443315,0.01279559,-0.04387445,0.014455937,0.01762594,-0.004700447,-0.018958729,0.020141123,-0.05882798,-0.02069166,-0.046569284,0.053529166,-0.051406052,-0.063244104,-0.032024853,0.004582619,-0.01027135,-0.025979456,-0.026816746
/mnt/sdd/caltech_training/multiclass/train/007.Parakeet_Auklet/Parakeet_Auklet_0051_795971.jpg,6,0.06982803,0.14338815,-0.08376908,0.09287079,0.11757247,-0.0368456,-0.055242244,0.10252856,-0.07064081,0.008800825,-0.021300228,0.047804423,-0.05692879,-0.036757965,0.053607363,0.0024648774,-0.028116412,0.03867375,0.008692528,-0.0052605737,-0.019630281,-0.029243452,-0.04786109,-0.01539176,-0.014754003,0.052359827,-0.086504415,-0.015717812,-0.011282001,0.037230536,0.006993524,0.009952776,-0.0015006252,-0.050767705,0.021874666,-0.005459614,-0.018546378,-0.03230425,-0.051553473,-0.0593541,-0.017641593,-0.014615981,-0.038805664,-0.025932174
/mnt/sdd/caltech_training/multiclass/train/007.Parakeet_Auklet/Parakeet_Auklet_0036_795943.jpg,6,0.1350053,0.12538153,0.09139532,0.1283844,0.06327069,0.018310547,-0.016867831,-0.008867782,0.10474071,-0.017563233,-0.053068824,0.014477804,-0.009585894,0.06546663,-0.06768786,-0.03050216,-0.057502545,0.07671472,-0.08089652,-0.05078376,-0.06691186,-0.09989265,-0.08185437,-0.059111588,-0.045306243,0.027786918,-0.10803863,0.1477602,-0.009898947,-0.092523165,-0.022365073,0.014270339,-0.066663824,-0.013841983,-0.0024573244,-0.04885571,-0.007673436,0.04229962,0.0045027365,-0.03202966,0.0010713851,-0.02523801,-0.035404503,-0.030451678
/mnt/sdd/caltech_training/multiclass/train/007.Parakeet_Auklet/Parakeet_Auklet_0016_795977.jpg,6,-0.113608874,-0.15821598,-0.09981322,-0.006250739,-0.03618433,0.0125086475,-0.1304627,-0.18710595,-0.091657184,-0.223492,-0.16319531,-0.09062666,0.022863582,0.10726538,0.094639406,0.0848866,0.012333988,0.064483896,0.16919875,0.18977219,0.03037922,-0.019722532,-0.06801489,0.010087674,0.035577666,-0.114219755,0.022072777,0.09204826,0.032342058,0.0072558923,0.10467657,0.056348488,0.020503215,-0.10718414,-0.12783028,-0.172213,-0.008381534,-0.07304606,-0.044441216,-0.062951244,-0.017913293,-0.034268506,-0.049950197,-0.037777185
/mnt/sdd/caltech_training/multiclass/train/007.Parakeet_Auklet/Parakeet_Auklet_0047_795956.jpg,6,0.22107862,0.10278946,0.12955043,0.04485844,0.06458081,0.007993821,0.023993757,0.020573992,0.07472134,-0.0594166,-0.13117172,0.06450497,0.03482864,0.056782715,-0.08110587,0.014345834,0.05036521,-0.16302867,0.064525925,-0.013605103,0.035236415,-0.035707608,-0.07131441,-0.011732205,-0.008015892,-0.10217689,-0.14749198,-0.06343974,0.0029293895,-0.0135901235,-0.087679006,0.047992416,-0.06741903,0.004084483,-0.031249601,-0.08581652,0.010961611,0.018109296,0.023225883,0.009975422,0.014503165,-0.014954834,-0.036420688,-0.037102364
/mnt/sdd/caltech_training/multiclass/train/007.Parakeet_Auklet/Parakeet_Auklet_0073_795939.jpg,6,-0.02843657,0.14851533,0.18087599,-0.09574634,0.03021032,0.05929106,0.10485121,0.1568546,0.0645051,0.012691684,0.07087083,0.042656213,0.012927288,-0.081596166,0.04589332,0.054926343,-0.14581221,0.073453546,-0.09766265,-0.056747265,-0.02996189,0.08030477,-0.032454178,-0.010845009,0.030570347,-0.14651516,0.008121662,-0.066115156,0.036111567,-0.077550575,0.05163961,0.012123064,-0.026462307,-0.12114589,-0.11204742,0.015111953,0.0034010413,0.03774567,-0.0024927529,-0.011531299,-0.00471339,-0.011850803,-0.030351276,-0.030951278
/mnt/sdd/caltech_training/multiclass/train/007.Parakeet_Auklet/Parakeet_Auklet_0004_795921.jpg,6,-0.00031312183,0.03978842,0.008062582,-0.071197614,0.114028424,-0.03550183,0.052319303,0.0038950797,-0.13005416,-0.03527675,0.040653437,-0.06805664,-0.015873723,-0.08218478,-0.07831156,0.065084815,-0.24562404,0.041226134,0.026062049,0.010895979,-0.074216835,-0.13322598,-0.06627367,-0.03588356,-0.04402722,0.1233424,0.018447302,-0.08620434,0.0038959999,0.005051013,-0.040390678,0.014234699,-0.10214944,-0.12297277,-0.084084004,-0.09207324,-0.01712764,-0.014358529,-0.024385529,0.017147046,0.01912948,-0.033060804,-0.03222853,-0.029363655
/mnt/sdd/caltech_training/multiclass/train/007.Parakeet_Auklet/Parakeet_Auklet_0028_795944.jpg,6,-0.096492425,0.042541254,0.031664543,0.017707827,-0.12755954,-0.002682425,-0.0046104575,0.061211914,-0.09495279,0.04690324,0.046100926,0.0633313,-0.05274521,-0.0898214,-0.09976656,0.0655468,0.06343753,0.0329597,-0.10844345,-0.0712371,-0.033533428,0.083042294,0.05581183,0.010919102,0.008607116,0.12158804,0.083078094,0.022284947,0.017838806,0.012348276,-0.039739583,0.0071061663,-0.08470744,0.1174756,0.04295279,0.047509726,-0.016254973,-0.04133038,-0.045051597,-0.045993693,-0.02746963,-0.012425505,-0.03267647,-0.028253054
/mnt/sdd/caltech_training/multiclass/train/007.Parakeet_Auklet/Parakeet_Auklet_0076_796001.jpg,6,0.24348563,-0.0518658,0.04553364,-0.05907297,0.03258523,0.020387344,0.113616794,0.11572634,-0.07495345,-0.022471774,-0.00984592,0.082009554,-0.018987607,0.0657137,-0.14967975,-0.12510478,-0.024991717,-0.010089776,0.06645913,0.14986105,-0.006552453,-0.1334343,-0.014738698,-0.020285413,-0.025234878,0.027858073,0.13060589,0.13301378,-0.020181853,0.063686825,-0.059271287,-0.041762196,0.00398653,0.11944848,0.117528155,0.09816702,0.02440128,-0.05119837,-0.0515152,-0.07979671,-0.011259394,-0.015608597,-0.02556368,-0.02042536
/mnt/sdd/caltech_training/multiclass/train/007.Parakeet_Auklet/Parakeet_Auklet_0015_795966.jpg,6,0.05537161,0.13312669,-0.20122287,-0.106501035,0.0066873357,0.06486861,0.08533217,0.04284793,0.048636395,-0.007560987,0.1324154,0.018606775,0.06568539,0.03508342,0.012926377,-0.0088772625,0.06165006,-0.08919633,-0.0840444,0.062415697,0.017259162,0.089519456,0.029478218,-0.05111356,-0.18001823,0.01708607,-0.06415852,-0.09111804,-0.008634437,-0.04783464,-0.05541616,-0.04109406,-0.010274682,0.090358436,0.07059403,0.18022281,-0.071378544,-0.058359284,-0.060132556,-0.036326002,-0.01613117,-0.050188284,-0.058575846,-0.042562716
/mnt/sdd/caltech_training/multiclass/train/007.Parakeet_Auklet/Parakeet_Auklet_0072_795929.jpg,6,-0.06193988,-0.10146356,-0.07312188,-0.18397832,-0.038666476,0.020673934,0.08269423,-0.06106358,0.14745378,-0.045321103,-0.08504839,-0.05496655,-0.004120849,0.16148195,-0.12636304,-0.008818828,-0.05455953,-0.007752128,-0.073716626,-0.16339874,0.036035135,-0.019190006,-0.05350154,-0.025305066,0.06526301,-0.020391388,0.0094073005,-0.0577565,0.055307742,-0.040878285,-0.07758925,0.03585419,0.094793424,-0.02853361,-0.08288894,0.0042460877,0.042625647,-0.01867519,-0.022840431,-0.027212692,0.0087584825,-0.023736335,-0.023802277,-0.02423123
/mnt/sdd/caltech_training/multiclass/train/007.Parakeet_Auklet/Parakeet_Auklet_0013_795970.jpg,6,0.20132543,0.15820815,0.1586026,0.06808242,0.12395322,-0.05258748,0.113144144,0.111178055,-0.062159576,0.042060256,0.05871625,0.06097916,0.0013751034,-0.032658197,-0.06317283,0.0016978849,-0.017908886,-0.03280144,0.111553185,0.16369084,0.03222396,8.080015e-05,-0.0047894223,-0.04407292,0.06972442,0.06347062,-0.03191368,0.0071689542,0.07793331,0.053047724,-0.09546355,-0.0102461185,0.012130816,-0.16472927,-0.15129526,-0.12361327,0.020847147,-0.06361863,-0.08104755,-0.052552953,-0.0022938484,-0.02691292,-0.029962411,-0.02961879
/mnt/sdd/caltech_training/multiclass/train/007.Parakeet_Auklet/Parakeet_Auklet_0040_795974.jpg,6,0.1489612,0.04712738,0.10127813,0.058271535,0.13183807,-0.01201755,-0.040927235,0.00032655708,-0.04589799,0.06742217,-0.03349021,0.048907243,0.02566194,0.057251953,0.17581397,0.041041672,-0.027807048,0.084724724,0.072439715,0.0970537,0.018028278,0.06645076,0.013150939,-0.03571751,0.063221574,0.0189254,0.083350286,0.06306459,0.016910635,0.07740855,0.014363145,0.00574526,-0.036190614,0.017857628,-0.052832305,-0.032389946,-0.026278991,0.0020286767,0.0137150455,0.02391006,-0.005103179,-0.02711452,-0.038714204,-0.028273018
/mnt/sdd/caltech_training/multiclass/train/007.Parakeet_Auklet/Parakeet_Auklet_0035_795934.jpg,6,0.12875944,0.037411727,-0.027417757,-0.04196255,0.06811546,0.0046458077,0.083972976,-0.00597116,-0.23385592,0.13946019,0.13651603,0.1349248,0.00513437,-0.007421337,-0.008090615,0.043047473,0.022371516,-0.065583974,0.08758826,0.0918534,0.036646746,-0.026832664,-0.05610979,-0.10001179,-0.028954431,-0.05889929,-0.074172646,-0.032570668,-0.0014847312,-0.021455003,0.016492128,0.08956084,-0.10757244,0.07175204,0.09260528,0.07248169,-0.0040937373,-0.05520788,-0.041743383,-0.005980744,0.002640251,-0.026444808,-0.037388023,-0.03911073
/mnt/sdd/caltech_training/multiclass/train/007.Parakeet_Auklet/Parakeet_Auklet_0024_2045.jpg,6,-0.051245816,-0.123518996,0.08233364,-0.07632961,0.025994197,-0.10056728,-0.0066520795,0.09949028,-0.18148243,-0.14107925,-0.020470155,0.06605222,0.0061792536,-0.03404454,0.10233931,-0.03691802,-0.16324188,-0.07654853,-0.07827696,-0.14102122,-0.07227016,-0.038930327,-0.055055752,-0.014980976,-0.03036091,-0.057429645,-0.04553426,0.014702115,-0.03903239,-0.018573534,-0.0040822662,0.044684567,-0.08270287,-0.006831391,-0.09882574,-0.07565938,-0.00024871156,-0.088290974,-0.047556728,-0.07086471,0.00232135,-0.029367354,-0.037530452,-0.023277659
/mnt/sdd/caltech_training/multiclass/train/007.Parakeet_Auklet/Parakeet_Auklet_0017_795924.jpg,6,-0.016120836,-0.05131419,0.01843366,-0.09406461,-0.10248292,-0.04101512,-0.059206154,-0.101826504,0.116900794,0.039986007,0.06376012,0.120147675,0.028474115,0.16795309,-0.091135025,0.014715907,-0.03458271,0.09404196,0.075907215,-0.038932744,0.011524244,0.01996772,-0.042929046,-0.04676118,-0.025621807,-0.03702005,0.08223062,0.099776015,-0.017591015,-0.03141304,0.085866995,0.026616901,0.063856,-0.05710122,-0.060487002,-0.038936757,0.035569165,-0.07908927,-0.09837954,-0.086557865,0.02509839,-0.03000803,-0.035845973,-0.033532243
/mnt/sdd/caltech_training/multiclass/train/007.Parakeet_Auklet/Parakeet_Auklet_0038_795935.jpg,6,-0.073616594,-0.17062008,-0.20103887,-0.11806703,-0.07906176,-0.14271149,-0.091246806,-0.102478616,-0.16090971,-0.056672007,-0.003541856,-0.08160224,-0.025470626,0.1214534,0.051223308,0.0080146715,-0.18287289,-0.09549995,0.08279391,0.10337041,-0.038866848,0.044425562,-0.017718889,-0.038168587,0.023902137,-0.029283788,-0.058382954,-0.107109375,0.01734852,0.021285946,0.033326704,0.0024711527,0.14866808,-0.05409705,-0.035560615,-0.11278368,0.06319425,-0.026417302,-0.031665206,0.010717322,0.020983538,-0.030805176,-0.04386592,-0.032285128
/mnt/sdd/caltech_training/multiclass/train/007.Parakeet_Auklet/Parakeet_Auklet_0062_795958.jpg,6,0.18106154,-0.050369326,-0.05210254,-0.07937579,0.08140167,0.029851118,0.06830256,0.056371238,-0.11594378,0.051433455,0.11931268,0.1338327,0.015333405,0.087774396,-0.10922866,-0.0066581788,-0.18076062,-0.02812428,0.04560863,0.15955257,-0.004714895,-0.056923024,-0.04784001,-0.008222561,-0.02258931,-0.04437875,-0.0011922829,0.06829575,-0.0017124303,-0.046744283,0.017021544,0.010242003,-0.06322877,0.072121724,-0.014476769,-0.006893914,-0.021426871,-0.019218078,-0.0033090767,-0.008582288,-0.013236367,-0.032631896,-0.027575543,-0.03290426
/mnt/sdd/caltech_training/multiclass/train/007.Parakeet_Auklet/Parakeet_Auklet_0065_795969.jpg,6,0.07590496,-0.12811257,-0.042588845,-0.13911724,-0.038400605,-0.0909157,0.01766368,0.0387887,0.26316532,-0.053553544,-0.15108727,0.07717527,0.09519397,0.1031365,0.044683173,0.020977542,-0.001695916,-0.08030306,-0.09306961,0.011446841,-0.04293128,-0.03108872,-0.07373038,-0.0110159675,-0.02583718,0.0767879,0.06450689,-0.0070941392,-0.011782309,-0.05578485,-0.052203685,-0.019808205,0.010648852,-0.025003158,0.0007246621,-0.039227925,0.015409665,-0.029625632,-0.026428785,-0.038200293,0.016812526,-0.028169684,-0.036487833,-0.032963127
/mnt/sdd/caltech_training/multiclass/train/007.Parakeet_Auklet/Parakeet_Auklet_0045_795953.jpg,6,0.11679827,-0.12441568,-0.055697616,-0.1589582,0.09499855,0.0052290037,-0.037577674,0.0059451275,-0.04003456,-0.15176648,-0.030389313,-0.1283562,0.057086296,-0.10265276,0.09932757,0.018196966,0.006802723,-0.060193058,0.046772562,0.010827932,-0.06201374,-0.097712204,-0.092843525,-0.039314162,-0.11079001,-0.010852406,0.08898854,-0.022381436,-0.012825003,-0.04170681,-0.03612081,0.048604436,-0.013393472,-0.085577704,-0.054269716,-0.115915366,0.02131653,-0.11003112,-0.071717,-0.06584832,-0.013598386,-0.038158014,-0.040998355,-0.041221604
/mnt/sdd/caltech_training/multiclass/train/008.Rhinoceros_Auklet/Rhinoceros_Auklet_0046_797532.jpg,7,0.22184706,-0.09017291,-0.046589985,-0.010329101,0.09407182,-0.10301515,-0.05758571,-0.025148043,0.26765484,-0.04504957,0.09208439,0.15869823,0.13763776,0.018951776,0.020341553,-0.06616594,-0.080253765,-0.11661805,-0.056771576,0.13404012,-0.02563151,0.025234086,-0.078313634,-0.108796746,-0.021067444,-0.13852158,-0.15450576,-0.21827412,0.018012581,-0.05487976,-0.13282058,-0.058179162,-0.06419233,0.048411492,-0.050844632,0.015245191,-0.009705467,-0.024025185,-0.01762517,-0.012347929,-0.008552242,-0.018142264,-0.029859792,-0.024215493
/mnt/sdd/caltech_training/multiclass/train/008.Rhinoceros_Auklet/Rhinoceros_Auklet_0020_2195.jpg,7,0.16188331,-0.07018328,0.0035086907,0.016494125,0.14599653,0.029792061,-0.036600113,-0.07590043,-0.029313456,0.09245608,0.0112478435,0.023578428,-0.055620506,0.07624993,0.0249292,0.018260349,-0.09381404,-0.022200968,-0.044498585,-0.061943498,0.034030654,-0.04295939,-0.022819757,-0.024990924,0.009422053,-0.003618613,-0.056956697,0.034891896,0.020626757,0.006154157,-0.0046727713,-0.052983187,-0.047222808,0.040544566,0.09983079,0.12506151,-0.047365572,-0.14925261,-0.12425406,-0.109481536,-0.013953777,-0.009159559,-0.01618454,-0.0072822114
/mnt/sdd/caltech_training/multiclass/train/008.Rhinoceros_Auklet/Rhinoceros_Auklet_0003_797535.jpg,7,0.05541164,-0.10551633,-0.17693028,-0.116887584,-0.016411353,0.024115987,0.078070834,0.05116981,0.22589886,-0.13069929,0.062980674,0.036451623,0.06650607,0.043231018,-0.051404633,-0.124771476,0.050840646,0.14972103,0.017021336,0.087706394,0.0077615865,-0.053860385,-0.062298447,-0.0023133177,0.01487786,-0.21103828,-0.15745804,0.027594078,0.042645216,-0.073502496,0.025705671,0.00690463,0.039529517,0.15590222,0.05000245,0.04379727,0.021928594,-0.054673407,-0.0380344,-0.037621535,0.0077576246,0.009589084,6.868504e-05,0.0022686757
/mnt/sdd/caltech_training/multiclass/train/008.Rhinoceros_Auklet/Rhinoceros_Auklet_0008_797531.jpg,7,0.25320783,0.31204033,0.13179268,0.02335959,0.13192977,0.13476492,0.12522444,-0.018135736,-0.022547452,0.14679363,0.053057812,0.007466279,-0.009881463,0.047440264,-0.034535706,0.021094047,-0.031196536,-0.15147266,-0.026127558,0.06854258,-0.007614525,0.02593197,-0.046610154,-0.053792123,-0.046328284,-0.08857298,-0.043727353,-0.049626928,0.013808932,0.029255355,0.0015690178,0.01648653,-0.08842239,0.091171905,0.047230512,0.12916894,-0.022729494,-0.14983268,-0.086178824,-0.066807285,-0.014796495,0.007670083,-0.006586602,-0.01631597
/mnt/sdd/caltech_training/multiclass/train/008.Rhinoceros_Auklet/Rhinoceros_Auklet_0039_2174.jpg,7,-0.047983218,-0.084722616,-0.06851623,-0.1965749,-0.06315154,0.07572048,0.0010679206,-0.007784849,0.22229505,-0.07659191,0.083930545,0.031747047,0.11486159,0.09519889,-0.0011317059,0.0791591,-0.15524727,0.059399575,-0.041250058,-0.071114436,-0.019407835,-0.024504637,-0.036055874,-0.012338195,-0.012149096,-0.2927255,0.012465766,-0.07682619,-0.019538458,0.023728853,0.08435291,-0.028408136,-0.011556365,0.19654022,0.17115435,0.18531823,-0.0036173104,-0.08846534,-0.07525954,-0.045039773,-0.015535316,-0.014963392,-0.018137183,-0.012747776
/mnt/sdd/caltech_training/multiclass/train/008.Rhinoceros_Auklet/Rhinoceros_Auklet_0025_797508.jpg,7,-0.18662785,-0.11743529,-0.15321943,-0.18174824,-0.060499147,0.015553462,0.0021598153,0.09145321,0.17745116,-0.08120303,0.043524653,-0.04878833,0.019321099,-0.04663188,-0.067751944,0.04344836,-0.060780793,-0.062429376,-0.039785683,-0.017370574,-0.07283791,-0.0003593536,0.023957405,-0.05425489,-0.15748909,-0.09433202,-0.047871977,-0.06055778,-0.11692625,-0.02059985,-0.01862003,-0.070018455,0.0027812049,0.028197352,0.034077715,-0.0030263737,0.020977652,-0.10045696,-0.104631305,-0.08743102,-0.014358632,-0.0046395035,-0.008803159,-0.0129495105
/mnt/sdd/caltech_training/multiclass/train/008.Rhinoceros_Auklet/Rhinoceros_Auklet_0005_2111.jpg,7,-0.031916223,0.02251716,-0.028417714,-0.07476092,-0.14046207,-0.053742684,-0.08130452,0.03887792,-0.023096476,0.08669109,0.08580333,0.09657316,0.008978336,0.035835065,-0.06641418,0.14462732,0.031290077,0.019992977,0.07926823,-0.014467023,-0.009018315,-0.046831634,-0.0073281024,-0.02307278,-0.10304397,0.017557621,-0.1096654,-0.033000126,-0.059285354,0.049819782,-0.058615655,0.023206558,-0.13145274,-0.16078466,-0.09888217,-0.15765518,-0.046449248,-0.042951956,-0.021225166,-0.031755093,0.00079713715,-0.0011212509,-0.0019920543,-0.010855953
/mnt/sdd/caltech_training/multiclass/train/008.Rhinoceros_Auklet/Rhinoceros_Auklet_0049_797543.jpg,7,-0.11027677,0.13118288,0.057400167,0.013063207,-0.005509286,0.065149836,-0.08660907,-0.025329096,0.15932095,0.076680556,-0.01761235,-0.061267924,0.037516348,-0.009692181,-0.046397664,0.1592772,-0.22461678,0.021483736,-0.001787208,0.0070627555,-0.039834797,0.010391248,-0.10699727,0.0023033842,0.04542201,0.026775718,0.1438457,-0.11285578,0.014454025,0.044899367,-0.11853856,-0.049659114,-0.10076995,-0.016551467,-0.08866686,-0.049685165,-0.050285153,-0.045468945,-0.011132138,0.020377008,0.0066144997,-0.0035130493,-0.0017828662,-0.020035721
/mnt/sdd/caltech_training/multiclass/train/008.Rhinoceros_Auklet/Rhinoceros_Auklet_0027_797496.jpg,7,0.13997579,0.066446185,-0.09130092,-0.10822609,0.0575415,-0.031466834,-0.01679423,0.10585804,-0.013660051,0.013766866,0.044465926,0.011838257,-0.0108259935,-0.008968106,-0.084761366,-0.07750661,-0.14882337,-0.07733334,0.0077566616,-0.053872734,-0.014143109,-0.008213485,-0.06205729,-0.085812315,0.0010017483,-0.05520771,-0.029780176,-0.041381493,0.04543758,-0.041282073,-0.080076635,-0.016068885,-0.08126488,0.15588832,0.1122247,0.15997086,0.006455058,-0.03083824,-0.030446265,-0.011725628,-0.014480095,-0.0038678767,-0.009130614,-0.005281034
/mnt/sdd/caltech_training/multiclass/train/008.Rhinoceros_Auklet/Rhinoceros_Auklet_0028_2056.jpg,7,-0.22468318,-0.16197246,-0.14924891,-0.22286451,-0.084571645,-0.06563775,-0.04553032,-0.036315404,-0.010093138,0.15662915,0.14575845,0.20482957,-0.03555424,0.09948787,-0.06731534,-0.081657454,0.18663138,0.19376485,0.21740073,0.15171026,0.024437714,0.0014022589,-0.05097792,0.006206005,-0.044118844,-0.065526396,-0.2052337,-0.082210824,0.027428553,0.017970517,0.04237637,0.01824285,-0.09766232,0.041441575,0.0029218774,0.023857176,-0.014971051,-0.09665342,-0.07352835,-0.0419313,-0.012172732,0.0035746405,-0.0066169323,-0.004455424
/mnt/sdd/caltech_training/multiclass/train/008.Rhinoceros_Auklet/Rhinoceros_Auklet_0013_797537.jpg,7,-0.051277295,-0.0094839595,-0.05235116,0.011207947,-0.021561045,0.0083747115,0.054083385,-0.012840726,0.21480343,0.08150955,0.08263649,0.0104256105,0.009585054,0.12578371,-0.09233737,0.15139538,0.13113685,0.11156807,0.0790917,0.087756366,0.012707428,-0.015100038,-0.03162416,-0.0072911344,-0.098509334,-0.20154728,-0.15097578,-0.07824898,-0.066109195,0.07911906,0.0041645803,0.08626176,-0.1336126,-0.012041932,-0.008590665,-0.024950951,-0.012050437,-0.048993938,-0.052962936,-0.007088989,-0.008548158,-0.010501447,-0.004669129,-0.016959377
/mnt/sdd/caltech_training/multiclass/train/008.Rhinoceros_Auklet/Rhinoceros_Auklet_0023_797501.jpg,7,0.14184462,0.091423385,0.03470595,-0.09681258,0.102128685,-0.083444916,0.09445305,-0.037126258,0.14302659,0.31851426,-0.026791835,-0.07527667,0.06967623,0.016739946,0.013494754,-0.07273221,-0.14434868,0.019915454,0.12589289,0.12939413,0.03559878,0.09312538,0.02653983,-0.01916804,0.007593221,-0.28173387,-0.2358992,-0.14005184,-0.023664322,-0.060534075,-0.08667907,0.0905389,-0.017668419,-0.042263467,0.020356186,0.058493614,-0.042985357,-0.036932807,-0.026663367,-0.031778786,-0.00051763025,0.016395615,0.0009309845,0.0019693356
/mnt/sdd/caltech_training/multiclass/train/008.Rhinoceros_Auklet/Rhinoceros_Auklet_0041_797515.jpg,7,0.26273093,-0.1039417,-0.114463314,-0.12798779,0.11203797,0.038950097,-0.031770043,0.023928488,0.2391006,-0.026874453,0.008834714,-0.026941301,0.05170051,0.10896261,-0.069512375,-0.034528013,-0.119697355,0.055550113,0.10352625,0.0888284,0.045581095,0.062023297,0.059770636,0.065653905,0.06046743,-0.04667917,-0.13548069,-0.0148775,0.045952447,-0.04318742,-0.1027893,-0.0316028,-0.14156793,-0.09276619,-0.1060815,-0.1028683,-0.03876777,-0.08891401,-0.07495917,-0.079586565,-0.005641708,-0.012499226,-0.0074049104,-0.009316815
/mnt/sdd/caltech_training/multiclass/train/008.Rhinoceros_Auklet/Rhinoceros_Auklet_0015_2160.jpg,7,0.024885334,-0.045426764,-0.13537213,-0.1991374,0.08845663,0.07707302,0.052209064,-0.003932439,0.25332695,0.05848566,0.0025466485,-0.018162636,0.11656441,-0.04459957,0.052833613,-0.10676912,-0.07836887,0.103637725,-0.00802388,0.015081439,0.020549126,0.019454036,-0.030986417,-0.04326603,-0.068206266,0.046900444,-0.21198523,-0.078028366,-0.014772301,-0.07201358,0.024189655,0.01574342,-0.0038995612,-0.011159908,0.037730195,0.06611246,-0.030801702,-0.08779797,-0.047786713,-0.075660415,0.0095341,-0.0015880056,-0.009710946,-0.0052768644
/mnt/sdd/caltech_training/multiclass/train/008.Rhinoceros_Auklet/Rhinoceros_Auklet_0032_797516.jpg,7,-0.017594423,0.0007306058,-0.029478328,0.05470742,0.005126694,-0.039600983,0.024997968,0.035362385,0.14068598,0.20858383,0.055150576,0.16344135,0.053154297,0.069889724,0.10696489,0.015550107,0.05301954,0.0001218915,-0.00953855,-0.061557617,-0.00085651316,-0.11748606,-0.023822958,-0.028739685,-0.063552625,-0.08783273,-0.0536025,0.069504954,-0.009136048,-0.16168955,0.06335915,-0.09677775,-0.05480385,0.09800271,0.03388432,0.00030544028,-0.0318477,-0.06784566,-0.036188655,-0.020406619,0.005899744,-0.002166113,-0.003626231,-0.009408232
/mnt/sdd/caltech_training/multiclass/train/008.Rhinoceros_Auklet/Rhinoceros_Auklet_0017_2155.jpg,7,0.16834182,0.06649078,-0.020232417,0.084380984,0.0046550697,0.03516255,-0.06185587,-0.03821748,0.28025508,0.038391393,-0.07205105,-0.100161985,0.08311941,0.13749221,-0.040023968,0.13454959,-0.00016702712,0.087724455,0.12026822,0.18679842,0.013839794,0.0452718,0.013938591,-0.0071203187,-0.09090555,-0.09403558,0.08269156,-0.041995797,-0.01712607,0.056755606,-0.076644205,-0.088809654,-0.13816567,0.07864466,0.19304164,0.043359466,-0.052846897,0.016629672,0.014646819,0.0016779788,-0.0015019784,0.00020148605,0.0074431635,-0.018960586
/mnt/sdd/caltech_training/multiclass/train/008.Rhinoceros_Auklet/Rhinoceros_Auklet_0044_797502.jpg,7,-0.002678614,-0.065133385,-0.107146695,-0.14098164,-0.08629163,-0.027153954,0.041117556,0.009990878,0.07744702,0.064500414,-0.064593814,-0.15266547,0.049183547,0.02559871,-0.10890998,-0.026760995,-0.15243208,-0.065029375,-0.04117412,-0.11174673,-0.011080972,-0.03734579,-0.027353406,-0.05553744,0.07337684,-0.041514076,0.09051612,0.14110687,0.07590836,-7.0631504e-05,-0.044605196,-0.050267216,-0.13748185,-0.08453266,-0.1200503,-0.079811424,-0.061545316,-0.041749418,-0.013650953,-0.048111893,-0.008307844,-0.0034205373,-0.0020683147,-0.012440894
/mnt/sdd/caltech_training/multiclass/train/008.Rhinoceros_Auklet/Rhinoceros_Auklet_0029_797520.jpg,7,-0.13188441,-0.019538201,-0.06999404,0.03167058,-0.001933895,0.019387994,0.035435636,-0.052290507,-0.0041553043,-0.073872164,0.050657332,0.03380514,-0.035760753,0.07481716,0.01993168,0.057419352,0.04800449,0.022673432,-0.070681766,-0.02922946,0.027343478,0.03703565,-0.035368286,-0.04476697,-0.061357588,-0.12248792,-0.19211788,0.029778633,-0.04902386,-0.039729513,-0.007040063,-0.06397366,-0.043399632,0.033824302,0.062001087,0.13128485,-0.006417956,-0.11120738,-0.075402394,-0.08211747,-0.022282802,0.019455228,0.0017542224,-0.004103942
/mnt/sdd/caltech_training/multiclass/train/008.Rhinoceros_Auklet/Rhinoceros_Auklet_0043_2096.jpg,7,-0.18028158,0.027143314,-0.10937661,-0.13674709,-0.08002706,0.08259344,0.10391467,0.112195954,0.14439689,-0.09017733,-0.06161996,-0.06982921,0.04579868,0.0051295953,-0.062486,0.054202534,0.027224004,0.18591951,0.034788914,0.0024860464,0.059903417,0.017272003,0.0072536087,0.011647493,-0.01880522,-0.012466554,-0.1325064,-0.016044393,0.046610042,-0.052912503,-0.08029905,-0.13434313,-0.0005361065,-0.10849014,-0.118632555,-0.1006677,-0.0061804354,-0.038857985,-0.036963962,-0.0706856,9.862287e-05,-0.0028095664,-0.007032709,-0.018267473
/mnt/sdd/caltech_training/multiclass/train/008.Rhinoceros_Auklet/Rhinoceros_Auklet_0026_797519.jpg,7,0.19279188,0.1112783,-0.0073645264,-0.07253122,0.08324364,0.0106411325,0.062287264,0.06363414,0.26381585,0.0139360465,0.082270786,0.07169816,0.06653617,0.04403892,0.03637355,-0.0951111,-0.1731992,-0.097146966,-0.14009812,-0.06272846,-0.039090905,0.018103078,-0.04005499,-0.026150476,-0.06381717,-0.18603909,-0.15570757,-0.05749044,0.021707376,-0.020672787,-0.04254263,-0.04907459,0.028835699,0.122859545,0.054992564,0.15158945,-0.0073403725,-0.08779427,-0.03245887,-0.027001478,-0.017571874,-0.0102604255,-0.011312883,-0.01839175
/mnt/sdd/caltech_training/multiclass/train/008.Rhinoceros_Auklet/Rhinoceros_Auklet_0021_2089.jpg,7,0.097874515,0.108881794,0.024310678,0.12273735,0.06239442,-0.074904025,-0.064339474,-0.07239993,-0.14976728,0.19997106,0.1261685,0.1754751,-0.07416278,-0.112443544,-0.15292239,0.0076646144,-0.026465617,0.17589262,0.09218097,0.03433775,0.0001012627,0.07066129,0.015069433,0.05724,-0.079070956,0.11138987,0.1555092,0.025507482,-0.054719143,-0.043881606,0.015525676,-0.023869561,-0.13696516,-0.09536187,-0.007815851,-0.1283928,-0.046810232,-0.06250673,-0.051747795,-0.05121643,-0.015108425,0.0051308833,0.0065095713,-0.0076151844
/mnt/sdd/caltech_training/multiclass/train/008.Rhinoceros_Auklet/Rhinoceros_Auklet_0009_797539.jpg,7,-0.047054224,0.07769516,0.026624322,0.055866566,-0.10501529,0.091172226,0.06228047,0.10849318,-0.029585049,0.16719918,0.05081138,-0.07898531,0.010643922,-0.11648824,-0.0724397,-0.015401437,-0.027562296,-0.06267619,0.10924618,0.14814524,-0.05537296,-0.016394893,-0.023863088,-0.048970558,-0.0058849007,-0.18740165,-0.25455427,-0.14088297,0.041018106,-0.08772841,-0.09793319,-0.02194381,-0.09829661,-0.12250942,-0.11007631,-0.13945104,0.0007552402,-0.053293224,-0.033647634,-0.042175837,-0.018196747,-0.002966809,-0.011249404,-0.014479639
/mnt/sdd/caltech_training/multiclass/train/008.Rhinoceros_Auklet/Rhinoceros_Auklet_0048_2162.jpg,7,0.0434717,-0.0098050125,-0.107089885,-0.14217524,-0.031643678,0.077972926,0.02794516,0.038280994,-0.04686803,-0.09038788,0.118912116,0.17761311,0.022398405,0.003182196,-0.09251214,0.010524575,0.11224597,-0.112423584,-0.25907192,-0.138669,-0.0128186485,0.03610135,-0.02873861,-0.04953369,-0.0374137,0.03438042,-0.13273561,-0.07394915,-0.021645721,-0.010755086,0.027197529,0.03668412,-0.07346064,0.014567589,0.12262088,0.1893258,-0.029386064,0.002946386,-0.015117583,0.015665377,-0.016865354,-6.693788e-05,0.0008255653,-0.006817394
/mnt/sdd/caltech_training/multiclass/train/008.Rhinoceros_Auklet/Rhinoceros_Auklet_0031_797518.jpg,7,-0.016501658,0.04609067,0.038261473,0.014919426,-0.014103994,0.15701406,0.081336915,-0.08380328,0.082255065,0.07928257,0.0008939635,0.07488102,0.10738036,-0.06275511,0.0036208127,-0.034927633,-0.15900439,-0.004885055,-0.029514886,-0.021384,-0.066507645,-0.083683796,-0.011649974,0.02575881,-0.03216736,0.023383249,-0.04398172,-0.11636442,-0.016721517,0.006518906,-0.09398377,0.032338373,-0.056810394,-0.02715994,-0.07473531,-0.02483229,-0.013097309,-0.07907392,-0.04803134,-0.044732187,0.015350798,0.0017168587,0.0021906495,-0.00815546
/mnt/sdd/caltech_training/multiclass/train/008.Rhinoceros_Auklet/Rhinoceros_Auklet_0033_2169.jpg,7,0.054952756,0.011617102,0.12160379,0.18745664,-0.06849967,0.00045055524,0.038839336,-0.0010399921,-0.20511588,0.16101225,0.06073211,0.10571519,-0.07314951,-0.06417546,0.11061046,0.04600016,0.086880796,0.09064409,0.0062511005,-0.06135654,-0.01578378,-0.020840455,0.019715056,-0.017106479,0.01704833,-0.008808989,-0.11453284,-0.049464963,-0.011699971,-0.079589196,-0.073725395,-0.011768594,0.035380248,-0.18049452,-0.18204504,-0.1621749,-0.010329457,-0.054871902,-0.045822803,-0.05712945,-0.008532239,0.0025058817,-0.003448382,-0.009482383
/mnt/sdd/caltech_training/multiclass/train/008.Rhinoceros_Auklet/Rhinoceros_Auklet_0016_2114.jpg,7,0.081053466,-0.14502198,-0.027399331,-0.068625115,-0.06479867,-0.074486,-0.08098879,-0.074867845,-0.08715244,0.010316053,0.01835547,0.14770173,-0.004023107,-0.1322738,-0.12948628,-0.07112959,0.033716146,0.14432046,0.1825222,0.100571156,0.042896964,0.045965802,-0.016130922,0.014354944,0.107655756,-0.07967777,-0.1623821,-0.16878378,0.08337827,-0.073005155,-0.026930513,0.026551472,-0.004100077,-0.1350174,-0.12436326,-0.12925044,-0.0038834857,-0.05807632,-0.060550284,-0.08790297,-0.00016523479,0.0040391674,-0.00036182627,-0.010108402
/mnt/sdd/caltech_training/multiclass/train/008.Rhinoceros_Auklet/Rhinoceros_Auklet_0030_797509.jpg,7,0.05316231,0.17450386,0.18191588,0.1740738,-0.007799862,0.013711974,-0.047378667,-0.07398408,0.031448767,0.07825659,-0.08691297,-0.07678247,0.081768185,-0.08033784,0.103104316,0.07241078,0.1199855,0.01833238,0.036566436,0.08316716,0.052648,0.009142231,-0.07836079,-0.044041708,-0.052087575,-0.05388815,-0.0849731,-0.021211598,-0.015741471,-0.035588935,-0.10275152,-0.086146556,0.015700284,0.1555089,0.025841327,0.07771665,-0.0045119077,-0.0982422,-0.07209088,-0.060459606,-0.012230014,0.0009117285,-0.013319731,-0.007938873
/mnt/sdd/caltech_training/multiclass/train/008.Rhinoceros_Auklet/Rhinoceros_Auklet_0037_797499.jpg,7,-0.21798271,0.11384031,0.08135708,0.081652604,-0.14939931,-0.049875382,-0.14332113,-0.15023947,-0.2479251,-0.007995944,-0.02127713,-0.12934227,-0.06921912,0.013260635,-0.11059847,0.031246908,0.049909186,0.056980312,0.007381562,0.09783132,-0.009721073,0.03865633,0.09483459,0.08583286,0.06778547,-0.10752356,-0.08023429,-0.13883868,-0.00019236375,0.017596358,-0.06668885,-0.03646209,-0.035051923,-0.13195409,-0.22520429,-0.1646895,0.010538513,-0.0084610265,0.0033223918,0.03177177,0.0018817312,-0.005533593,-0.005205184,-0.020489197
/mnt/sdd/caltech_training/multiclass/train/008.Rhinoceros_Auklet/Rhinoceros_Auklet_0050_797534.jpg,7,0.2056893,0.04329264,0.033428572,-0.017509073,0.06035095,-0.03840001,-0.108781576,-0.1526858,0.027033761,0.07467252,0.034163773,-0.031065308,0.0064439974,-0.025368681,-0.08018188,-0.08595337,-0.0064182393,0.12440623,0.09803763,0.16101578,-0.017110016,-0.029378865,-0.047423787,-0.08926575,-0.08788873,-0.07910593,0.017999921,0.057095643,-0.039289266,0.037356965,0.0022565397,-0.062792696,-0.05383907,-0.008990273,-0.0027574217,0.021252133,-0.017772365,-0.02360117,-0.005574651,-0.011108183,0.00057357596,0.008060917,-0.0032085292,-0.013483746
/mnt/sdd/caltech_training/multiclass/train/008.Rhinoceros_Auklet/Rhinoceros_Auklet_0045_797536.jpg,7,-0.1871851,0.10806932,0.036060404,0.087853,-0.08298755,0.050387718,-0.041392192,-0.052738473,0.06523831,0.06584802,0.11142142,0.14996135,-0.03080764,0.09592991,0.014097942,0.06597088,0.038574256,0.12655461,0.11232845,0.10216085,-0.00060883444,0.0078042,0.014591127,-0.020231472,-0.023034941,-0.13654855,-0.056869354,0.045443516,0.026760392,-0.05014384,-0.0022070874,0.01667472,-0.07818323,0.119355805,0.12037353,0.12034164,-0.027735386,-0.049913324,-0.060805403,-0.05228244,-0.016476028,0.0022653285,-0.022228692,-0.0142196845
/mnt/sdd/caltech_training/multiclass/train/008.Rhinoceros_Auklet/Rhinoceros_Auklet_0022_2170.jpg,7,-0.07917024,-0.045115814,-0.05125529,-0.015704453,-0.0211201,-0.041553397,-0.014265802,-0.052531693,0.36158168,-0.05808104,0.09193488,-0.0011475366,0.10228139,0.14981794,-0.091493614,-0.11014676,-0.069275,-0.15649813,-0.083974846,-0.009420017,-0.0010576686,-0.061705083,-0.06186465,-0.082280084,-0.009730315,-0.025039611,0.1625984,0.14561388,-0.018784843,-0.030805463,-0.0625334,-0.048472412,-0.0147746205,0.09576759,0.05237004,0.043772854,-0.016440168,-0.016479947,-0.051219296,-0.041093502,-0.0115194395,0.019030657,-0.0026124418,-0.00025954098
/mnt/sdd/caltech_training/multiclass/train/008.Rhinoceros_Auklet/Rhinoceros_Auklet_0034_797497.jpg,7,0.08110179,-0.23352799,-0.29065388,-0.21891835,0.06284642,0.052175377,-0.0076340735,-0.025331458,0.067704886,0.08407436,-0.03089793,-0.02551942,0.032772794,-0.08195901,0.047795396,0.09773404,-0.21330717,0.06267045,-0.022737145,-0.10489541,-0.07080032,0.050425254,-0.088291675,0.046067715,-0.06708629,0.16709132,0.009015555,0.0079502445,-0.052377887,0.040555723,-0.066705815,-0.048931986,-0.12007677,-0.0260004,0.070468836,0.091417596,-0.06941467,-0.111178905,-0.11199378,-0.05824635,-0.007729595,4.82006e-05,-0.0039244276,-0.011319678
/mnt/sdd/caltech_training/multiclass/train/008.Rhinoceros_Auklet/Rhinoceros_Auklet_0014_797522.jpg,7,0.14496057,0.21459377,0.07767379,0.06906167,0.03849952,-0.17636007,0.031922743,-0.041119233,0.17599134,0.09502274,-0.0592891,-0.17983547,0.07691167,-0.04504138,-0.1885945,-0.012833258,0.15835598,-0.061706003,-0.006595092,0.014909521,0.024743417,-0.0031385813,-0.063076615,-0.024328232,0.13789822,-0.014992095,0.08880764,0.04977184,0.06451687,-0.028899282,-0.0067774504,-0.03964662,0.050657745,-0.110527426,-0.014054786,-0.04510366,0.017527247,-0.024524707,0.016155664,0.008820295,0.0034420239,-8.508563e-05,-0.004033448,-0.008054397
/mnt/sdd/caltech_training/multiclass/train/008.Rhinoceros_Auklet/Rhinoceros_Auklet_0010_797545.jpg,7,0.09345152,0.17902899,0.0827567,0.09036936,-0.009144248,-0.023903837,0.027854914,-0.14460713,0.27621868,0.016843988,0.0074283443,-0.09379159,0.07485865,-0.05100259,-0.009694993,-0.12557891,0.0529551,-0.02296482,-0.13922158,-0.028266316,-0.047468558,0.054867648,0.04148244,0.018966582,-0.10209099,-0.06626721,-0.07561696,0.039396167,-0.014515273,0.025250418,-0.108194634,-0.061045337,-0.05470719,-0.03338757,-0.025643509,-0.099788316,-0.00040051946,-0.09355253,-0.042326063,-0.010316808,-0.011170202,0.00067764707,-0.008055037,-0.006740018
/mnt/sdd/caltech_training/multiclass/train/008.Rhinoceros_Auklet/Rhinoceros_Auklet_0018_797517.jpg,7,0.014302149,-0.19979131,-0.09820089,-0.3519007,0.038065534,0.014432207,-0.09054698,-0.09420693,0.08019307,0.1255751,0.16942447,0.21155502,0.0048532793,-0.09389817,-0.019858884,0.04768426,-0.1723181,0.008061307,0.024861064,0.010411352,0.051044125,-0.025152113,-0.07790287,-0.014556015,-0.08373557,-0.1894935,-0.109049335,-0.025863301,0.0037473477,-0.0843897,-0.024909109,0.014108913,0.010320889,0.013766581,-0.040440522,0.057026517,0.02636571,-0.115374714,-0.08251421,-0.054546468,0.0019061565,-0.015194954,-0.022512868,-0.02129361
/mnt/sdd/caltech_training/multiclass/train/008.Rhinoceros_Auklet/Rhinoceros_Auklet_0019_797513.jpg,7,-0.1016659,0.12916404,0.1045362,0.05947696,0.016365685,0.09446941,-0.0074095894,0.030195681,-0.001621373,0.08693139,0.033148598,0.038693607,-0.0055683237,-0.04912898,-0.034294233,0.08340626,-0.08473468,-0.14314112,0.08812472,0.19366449,-0.085297875,-0.027337898,0.016826645,0.0190559,-0.06698869,-0.17159292,-0.09692347,-0.025878564,-0.040642947,-0.009194465,-0.0043930314,0.016427875,-0.0018555988,0.018375931,-0.107152164,-0.007657483,-0.032071516,0.018915612,-0.008962797,-0.031482156,-0.0007212451,0.007910892,-0.012312228,-0.0008572964
/mnt/sdd/caltech_training/multiclass/train/008.Rhinoceros_Auklet/Rhinoceros_Auklet_0001_797538.jpg,7,0.18212596,-0.13523048,-0.05196187,-0.021537133,0.008984836,0.049434483,-0.04434741,0.010198351,0.073115416,-0.010888338,-0.002474673,0.061573472,0.009221375,0.011984237,0.036359616,-0.03457467,-0.22352129,-0.066660576,-0.020269856,-0.012976259,-0.062116884,0.004030846,-0.00064731576,0.0023966953,-0.07448438,-0.19735949,-0.1738237,-0.088638686,-0.018243246,0.03577751,-0.12542987,-0.066829935,-0.074130595,-0.011571198,-0.14145827,-0.07332056,0.013896591,-0.12055291,-0.093582846,-0.03278517,-0.028959816,-0.007890709,-0.013109442,-0.014286032
/mnt/sdd/caltech_training/multiclass/train/008.Rhinoceros_Auklet/Rhinoceros_Auklet_0007_797521.jpg,7,-0.15056485,0.002358172,-0.0068817176,0.09699772,-0.08746319,0.10004033,0.009768408,0.014852783,0.20858827,0.15665972,-0.018233612,0.05993601,0.1412665,-0.016610244,-0.08060235,-0.006313417,0.022803396,0.14179079,0.13999182,0.077822775,-0.0087779425,-0.01574313,-0.06178945,-0.07471718,-0.0671044,-0.15635595,-0.14413612,-0.07238511,-0.04178695,-0.026736237,0.018760417,-0.10427122,0.0034635998,-0.0044604726,0.024503566,-0.040379673,0.020250129,-0.0075345263,0.001059737,-0.020839447,-0.010763113,0.0060096383,-0.002533529,-0.0053696167
/mnt/sdd/caltech_training/multiclass/train/009.Brewer_Blackbird/Brewer_Blackbird_0101_2630.jpg,8,0.048138008,-0.16071093,-0.11114004,-0.1180974,-0.094501704,-0.101733856,-0.07921696,-0.07782611,0.031879414,-0.0731487,-0.044423632,-0.07010371,0.042980205,-0.0022858959,-0.020736646,0.02239331,0.062165603,0.12353092,-0.035936285,-0.03897362,0.056636505,-0.026906129,0.0014483854,0.011845753,0.001331388,-0.10930558,-0.15243408,-0.028424922,0.0058052633,-0.0017677313,-0.078967705,0.0382045,0.027815381,0.18152212,0.17789817,0.20632723,0.03864267,-0.07977536,-0.08000539,-0.096244834,0.025594909,-0.055225812,-0.014881335,-0.02283632
/mnt/sdd/caltech_training/multiclass/train/009.Brewer_Blackbird/Brewer_Blackbird_0045_2303.jpg,8,-0.29152393,-0.06412154,0.006261945,-0.041716333,-0.1274524,-0.028343808,-0.009169592,0.0012802165,0.07029833,-0.106784426,-0.068849415,-0.061358854,0.029860694,0.18723783,0.0013294499,0.013506204,0.11045913,-0.05701762,0.046753086,0.074226126,0.08064992,0.13768785,0.071721,0.06488944,0.037431527,0.08252687,-0.074472524,-0.118936196,0.027696744,0.09880016,0.023802068,0.06168665,0.03567534,-0.0917391,-0.048995566,0.0009115599,-0.010154003,0.05052261,0.04751733,0.020414976,0.0014831283,-0.040605582,-0.0067680995,-0.028292794
/mnt/sdd/caltech_training/multiclass/train/009.Brewer_Blackbird/Brewer_Blackbird_0096_2634.jpg,8,0.03786703,-0.09698453,-0.26853177,-0.21683884,0.071900934,-0.06682095,0.042434007,0.028513456,-0.13201226,-0.09687167,-0.11258014,-0.09146436,-0.076451644,-0.01354824,0.024421591,0.117466874,0.05801634,0.006293323,0.060391035,0.12800138,0.048401073,0.03846587,0.023496654,0.08006827,0.09457963,-0.06662704,-0.14943379,0.16435349,0.038060233,-0.01747979,-0.108699426,0.033444338,0.06945843,-0.06383266,-0.0789851,0.0018187538,0.03136433,-0.045573995,-0.027360326,-0.032435983,0.004029684,-0.046486877,-0.019703163,-0.019638307
/mnt/sdd/caltech_training/multiclass/train/009.Brewer_Blackbird/Brewer_Blackbird_0104_2230.jpg,8,-0.064901,0.089506865,0.15308544,0.05116696,0.039759837,0.013976564,-0.026441088,0.101054296,-0.17862915,-0.13618647,-0.096158326,-0.04266066,-0.020562658,0.02828952,-0.08569792,-0.097897716,0.03813,0.04517779,0.021523152,0.07250129,-0.05396459,-0.115131155,-0.03087638,-0.0399108,0.026405254,0.039216783,-0.040364448,-0.061636537,-0.023456333,-0.07150079,0.023951322,0.054074798,-0.018812709,-0.06726974,-0.02994699,-0.023825359,0.06875821,0.023318801,0.03517496,-0.006206434,0.0155389765,-0.046969768,-0.013942098,-0.036332615
/mnt/sdd/caltech_training/multiclass/train/009.Brewer_Blackbird/Brewer_Blackbird_0064_2290.jpg,8,0.14653973,-0.012481082,-0.039295174,-0.07296918,-0.028581288,-0.02918201,-0.11657363,-0.20540363,0.117605306,0.07223474,-0.018449202,-0.06219175,-0.0033443682,0.005706059,-0.01462965,0.13585024,0.016931925,-0.1819891,0.038160734,0.13461041,0.02371673,-0.018230565,0.104876354,0.01862501,0.059618264,0.06964281,0.09304164,0.07215217,0.027415616,0.039283972,-0.05766997,0.021717362,-0.05044581,0.024436235,0.096631944,0.00039613247,0.0146035105,-0.053445857,-0.034502286,-0.04346433,0.013759835,-0.010231637,0.01880729,0.0017589736
/mnt/sdd/caltech_training/multiclass/train/009.Brewer_Blackbird/Brewer_Blackbird_0026_2625.jpg,8,-0.06432277,-0.08636064,0.057944342,0.15543067,0.04659662,-0.09896451,0.05175577,-0.008639784,-0.23149607,0.046591844,0.05093477,-0.0053393077,-0.10148952,0.09003021,-0.1014773,0.045443118,0.007158622,-0.05349571,-0.15245485,-0.20635152,0.027484905,-0.05123577,-0.116640344,-0.039913826,0.005698376,0.07239355,0.12430455,-0.019468661,-0.012988802,0.06060692,-0.0119425,-0.013456289,-0.020833034,0.018904846,0.008073315,0.024973352,0.0145119345,-0.036480345,-0.006431965,-0.037896246,0.005765195,-0.047123753,-0.013166479,-0.015379872
/mnt/sdd/caltech_training/multiclass/train/009.Brewer_Blackbird/Brewer_Blackbird_0002_2278.jpg,8,-0.16991045,0.11853531,-0.20041925,-0.112412244,0.012137031,-0.11086306,-0.028452335,-0.10193628,0.10974503,-0.042090125,-0.024910409,-0.016647553,0.05778351,0.084489465,0.045419976,0.07535809,0.03902433,-0.05150468,-0.07505771,-0.18006232,0.018091815,-0.04459754,-0.031062288,-0.02314575,0.05038687,-0.0023727221,-0.037905622,-0.05295565,-0.002436168,0.09387875,0.0025109965,-0.02536949,-0.093773596,-0.04592644,0.08119546,-0.0011763349,-0.015047766,0.0408282,0.049867377,0.055127658,0.016092744,-0.039930433,-0.012333159,-0.01708236
/mnt/sdd/caltech_training/multiclass/train/009.Brewer_Blackbird/Brewer_Blackbird_0042_2302.jpg,8,-0.022321448,0.026474651,-0.028187841,-0.09830332,-0.014914833,-0.073206656,0.005269395,-0.01325996,0.16916347,-0.028012529,-0.06809391,-0.057120617,0.027203605,0.075935945,-0.0724021,0.05865283,0.092571214,-0.12686113,0.09963772,0.11104873,0.03067473,0.019194279,-0.11152177,0.090814024,0.03997843,-0.047132716,-0.15253283,0.061038733,0.021715963,0.05862016,0.07510653,0.006038025,0.07361646,-0.08828367,-0.046391264,0.027819017,0.07544257,-0.023571063,-0.03409165,-0.044282965,-0.0063832207,-0.04934129,-0.014008069,-0.033730112
/mnt/sdd/caltech_training/multiclass/train/009.Brewer_Blackbird/Brewer_Blackbird_0087_2622.jpg,8,-0.028731547,-0.28942084,-0.16196997,0.021713462,0.023242746,-0.009109117,-0.04084006,0.011262555,0.0731871,0.06277867,0.05169574,-0.013091356,0.031915598,-0.06697865,0.0472312,0.06480362,0.13142644,-0.121793196,-0.03557983,-0.013981648,0.035259135,-0.07295789,-0.012061705,0.01895017,0.069849506,0.028003342,-0.011574596,-0.08187211,0.01924722,-0.078714564,0.048344992,-0.079840764,0.036235385,0.00050607324,-0.053381115,-0.011825278,-0.023331413,-0.012363723,-0.00013996847,-0.0070791934,0.002260286,-0.029471412,-0.008310227,-0.016117658
/mnt/sdd/caltech_training/multiclass/train/009.Brewer_Blackbird/Brewer_Blackbird_0127_2235.jpg,8,-0.083250985,0.09815827,0.047185168,0.032949522,-0.061810065,-0.0993115,-0.023269737,-0.0251631,0.04292535,-0.0025439821,-0.024838403,-0.013919219,-0.02954859,-0.07940073,-0.044290736,0.062971264,-0.15082768,-0.08958639,-0.10698479,0.066588335,-0.00805397,0.038994186,-0.04909969,0.05228719,0.09849825,-0.0127567835,-0.10651949,-0.013872193,0.09414678,-0.032294877,0.047922373,-0.01331009,0.09772125,-0.016346797,-0.09578179,0.11835726,0.019746408,-0.046881273,0.015615318,0.031339556,0.008604292,-0.040776983,-0.0148011,-0.023048192
/mnt/sdd/caltech_training/multiclass/train/009.Brewer_Blackbird/Brewer_Blackbird_0142_2636.jpg,8,-0.04782477,0.0034662616,-0.117748514,-0.19059348,-0.020467881,0.053852253,0.048099276,0.13087808,0.04861199,-0.012261509,0.02838127,0.03973668,0.05695787,0.03033898,-0.024676926,0.102836415,0.22307944,-0.024501674,0.010623731,-0.014458645,0.015532281,-0.036854535,0.015424924,-0.033128012,0.12945902,0.08142038,-0.009928025,0.009846462,0.034370538,-0.05068502,0.079346985,-0.06373558,0.06591192,0.06413019,0.0749982,0.118935905,0.024532154,-0.07115799,-0.049692873,-0.023635954,0.012420068,-0.02997858,-0.0027330501,-0.0155682685
/mnt/sdd/caltech_training/multiclass/train/009.Brewer_Blackbird/Brewer_Blackbird_0132_2293.jpg,8,-0.03614424,0.032473322,-0.011071153,0.08664195,-0.038619112,-0.012207015,-0.010242842,-0.081933364,-0.25107193,-0.053199895,-0.0031335317,-0.031672917,-0.12588598,-0.013001338,-0.005948065,0.02045569,-0.076725915,-0.06186362,0.13317391,0.11503518,-0.003081767,-0.047156263,-0.03057902,-0.034406684,0.06412775,0.015487876,-0.07837944,-0.043611534,0.03760528,-0.022954196,0.031242864,0.019740552,0.06890933,-0.037282646,0.013057359,0.02926835,0.009442654,-0.047037736,-0.011134919,-0.055922136,0.012208179,-0.044098087,-0.018331068,-0.027859848
/mnt/sdd/caltech_training/multiclass/train/009.Brewer_Blackbird/Brewer_Blackbird_0111_2613.jpg,8,0.16435945,-0.17817311,-0.06462977,-0.09100467,0.111409865,-0.09208974,-0.0061977226,0.006846327,-0.15935269,-0.04074932,-0.02554987,-0.011444554,0.0011549667,-0.09191935,-0.06744135,0.040537562,-0.011332819,0.043484338,0.20291387,-0.011295062,-0.06480984,-0.010065647,0.012182064,-0.027718235,-0.006510671,-0.020838058,0.06719326,0.04797551,0.0072359517,0.055386342,-0.001440255,-0.062305342,0.0021448322,0.0010497347,0.128546,0.12614991,0.02684367,-0.012053864,0.008405883,-0.012300374,0.0064839595,-0.04872468,-0.0108743645,-0.02370284
/mnt/sdd/caltech_training/multiclass/train/009.Brewer_Blackbird/Brewer_Blackbird_0131_2289.jpg,8,0.082849376,0.09175825,0.050390065,0.09940001,0.038264133,-0.14020589,-0.046346974,0.019360702,0.034674466,-0.024104722,-0.021163093,-0.008497326,-0.012049019,0.07217071,-0.039012812,-0.09491753,-0.06861982,0.009547103,0.089480445,0.113463536,0.017175248,-0.031089831,0.04526652,0.075637616,0.105524145,0.030998252,0.03958534,-0.024127603,0.033024654,-0.06213647,-0.07244784,-0.05776414,0.083570756,-0.12907624,-0.13683575,-0.047933307,0.02751707,-0.025473045,-0.014700385,-0.027015444,0.00762811,-0.03987142,-0.0021356235,-0.017679242
/mnt/sdd/caltech_training/multiclass/train/009.Brewer_Blackbird/Brewer_Blackbird_0032_2214.jpg,8,-0.042741872,-0.21782015,-0.26343858,-0.21344042,0.05465364,0.026572995,-0.01785837,0.011084354,-0.030404337,-0.09928938,-0.021991957,-0.066361256,-0.047020927,-0.04620424,0.018548109,-0.037984893,0.104557216,0.060585905,-0.0064663254,0.14912736,0.034188848,-0.124374375,-0.055103365,0.04643765,-0.09846823,-0.06607078,-0.02304972,-0.108545154,-0.06978579,0.04986121,0.036801223,-0.041705642,-0.013681389,0.050249994,0.060181357,0.0479328,0.022342548,-0.025436603,-0.05903773,-0.0503749,0.00031487504,-0.027348502,-0.0013693711,-0.009595668
/mnt/sdd/caltech_training/multiclass/train/009.Brewer_Blackbird/Brewer_Blackbird_0074_2277.jpg,8,-0.07665615,-0.049865283,0.044525437,0.12416453,-0.014382709,-0.03100178,-0.00076674344,-0.00047619455,0.13193175,-0.009205084,0.08187792,0.08218874,0.03284975,0.13391602,0.04265083,-0.020012576,0.047155783,0.0037521347,-0.0148503,-0.038485892,0.05399111,0.0042379405,0.025173906,-0.014208924,0.0007248353,-0.034792505,0.11836861,0.025388977,0.018175002,0.00869575,-0.078557104,0.016471662,-0.09264785,-0.15632719,-0.19742818,-0.0767017,-0.01842087,-0.04640738,-0.05075773,-0.04014144,-0.0037857662,-0.040387057,-0.0058208713,-0.01692761
/mnt/sdd/caltech_training/multiclass/train/009.Brewer_Blackbird/Brewer_Blackbird_0079_2343.jpg,8,0.19714396,0.070440024,-0.011266232,-0.09094278,0.06802157,-0.01670055,-0.06548636,-0.032736294,-0.030396283,-0.097365074,-0.03671495,-0.044640202,-0.018177047,0.11611147,0.00196179,0.041564725,0.1619415,0.1515007,-0.023127003,0.05189567,0.07664717,-0.1284411,-0.026012555,0.06882262,-0.06063798,-0.045515224,-0.056230918,0.07928367,-0.02233952,0.019109413,-0.071738094,0.00035962276,0.07107229,-0.024033807,-0.02103467,0.06545031,0.058603376,-0.018509772,0.012119359,-0.022891434,0.011136869,-0.03887523,-0.009388848,-0.021215815
/mnt/sdd/caltech_training/multiclass/train/009.Brewer_Blackbird/Brewer_Blackbird_0102_2620.jpg,8,-0.06108117,-0.14660077,-0.22583356,-0.19472994,-0.017145064,-0.044173114,-0.020837558,-0.032780215,0.09016408,-0.025973776,-0.0047752224,-0.028073555,0.076090574,-0.011420302,0.04723287,0.015725497,0.017167471,0.021742903,0.0011032894,0.008980833,-0.018867835,-0.0382585,-0.052495398,-0.027631778,0.03964563,-0.07715606,0.09428853,-0.056859262,-0.022713035,-0.027936224,-0.024175007,0.008377332,-0.07993716,0.026367825,0.11336895,0.017321587,0.040289126,-0.10747063,-0.0656956,-0.098031685,0.005264957,-0.032741487,-0.010370884,-0.01859461
/mnt/sdd/caltech_training/multiclass/train/009.Brewer_Blackbird/Brewer_Blackbird_0090_2658.jpg,8,0.030458681,-0.04920803,-0.029672459,-0.04127391,0.02901537,-0.17942666,-0.11657868,-0.10145505,-0.058066886,-0.019147452,0.024193443,0.045846984,-0.055325337,-0.08632079,0.029091826,-0.017155915,-0.032738212,-0.019549683,-0.07494005,0.03117946,-0.008579625,-0.011833401,-0.03250307,0.005373765,-0.03374888,0.019361202,-0.15066344,0.12061536,0.009869661,0.036922395,-0.056303497,-0.020024594,-0.0067994297,0.023083467,0.015867922,0.04648426,0.03530156,-0.0055209864,0.021495488,0.014487708,0.001677786,-0.055416517,-0.030838352,-0.042584132
/mnt/sdd/caltech_training/multiclass/train/009.Brewer_Blackbird/Brewer_Blackbird_0016_2225.jpg,8,-0.06351494,0.060115542,0.038685974,0.02290587,-0.029190209,-0.07542503,0.012853119,0.016732499,-0.114733964,-0.027367737,-0.10202649,-0.058002114,0.011530273,0.10216248,0.011883896,0.02504344,0.083266184,-0.0664839,-0.0707098,0.04071213,0.026611986,-0.042955168,-0.07349325,-0.026458118,0.06664016,-0.062400833,0.009811435,-0.086226255,0.0073328335,0.09984523,0.009221495,0.10946748,0.021830283,-0.03486633,-0.076009154,-0.08041462,0.006086021,-0.07349309,-0.028178703,-0.028688837,0.005683206,-0.061019104,-0.0297373,-0.03670512
/mnt/sdd/caltech_training/multiclass/train/009.Brewer_Blackbird/Brewer_Blackbird_0054_2631.jpg,8,0.14932343,-0.046153534,-0.081704065,-0.10697684,0.13742511,-0.12678161,-0.032344487,-0.011325293,-0.24283068,0.022611424,0.100081354,0.090634145,-0.009989474,-0.08373205,-0.08688821,0.022216115,-0.051536337,-0.047353543,0.081569016,-0.049134426,-0.028896533,-0.046650186,-0.075012505,-0.004755562,-0.00578174,0.05533077,0.05488471,-0.026300639,-0.024352448,-0.06174446,0.033386633,0.043006457,-0.036319494,0.06431644,0.10492892,0.039306372,0.046373386,-0.07940179,-0.069766074,-0.07814704,0.00798627,-0.038610652,-0.009741377,-0.01150737
/mnt/sdd/caltech_training/multiclass/train/009.Brewer_Blackbird/Brewer_Blackbird_0028_2682.jpg,8,-0.18186177,-0.11806317,-0.09531558,-0.16518153,-0.10450193,0.041173432,0.032700866,0.0032153148,0.22008666,0.030224595,-0.10408141,-0.040492203,0.06118577,-0.119894624,-0.107415505,-0.033505943,0.011812473,-0.07002127,0.030576376,0.027551971,0.04274241,0.060564157,0.033482656,0.098332986,0.07170501,0.016283086,0.15614946,0.09601746,-0.030476535,-0.0109312665,-0.09366181,0.020337448,0.007957086,0.09281486,0.089519426,0.09325294,0.03549344,0.0038883053,-0.0058351588,-0.0048679896,0.0066090375,-0.035735685,-0.008742611,-0.02704554
/mnt/sdd/caltech_training/multiclass/train/009.Brewer_Blackbird/Brewer_Blackbird_0030_2268.jpg,8,0.1622422,-0.08117415,-0.1598165,-0.20875758,0.099750444,-0.077157155,-0.08245266,-0.051980395,0.061998367,-0.0023512393,-0.029611927,-0.069137976,0.011819687,0.075541504,0.020323284,0.02220844,-0.021844834,0.0032650903,-0.13317755,-0.06107826,-0.021973548,-0.033611286,-0.024201375,0.026270319,0.12486365,-0.0035359375,-0.18676957,-0.10298666,0.08774674,-0.027718982,0.0720362,-0.0235815,-0.01880788,-0.034838796,-0.019513488,0.00037603453,0.047163263,-0.047077987,-0.013027739,-0.009100052,-0.0025332982,-0.027947154,-0.008238889,-0.020163823
/mnt/sdd/caltech_training/multiclass/train/009.Brewer_Blackbird/Brewer_Blackbird_0070_2325.jpg,8,0.00094917417,-0.011009261,-0.12868741,-0.15463142,-0.046872545,0.041156605,0.010926056,0.1152062,0.1384304,-0.14375204,-0.087838866,-0.14159973,0.04776573,-0.08883389,-0.12942672,-0.12869392,0.059749626,0.04103718,0.09823529,0.19084314,0.06694565,-0.08140795,-0.05026327,-0.02212293,0.09420224,0.017111175,-0.021458222,-0.076961786,0.040316757,0.08445902,0.017094506,-0.03754753,0.040962905,-0.011827748,0.08658774,0.04320614,0.02103839,-0.02374781,0.0120773185,-0.042393424,0.017071733,-0.042139895,-0.015701838,-0.029697819
/mnt/sdd/caltech_training/multiclass/train/009.Brewer_Blackbird/Brewer_Blackbird_0103_2273.jpg,8,0.009333007,-0.018576149,-0.16175568,-0.10105939,0.08441913,-0.07847582,0.0028251577,-0.03168194,-0.04879717,-0.037028134,-0.015345043,0.0002952963,0.02519812,0.17260191,0.09094456,-0.03602058,0.21996199,-0.019975938,0.036833726,-0.004327923,0.060627263,-0.07115451,-0.021333825,-0.011294835,0.0066058263,-0.14238547,-0.013075175,-0.014482791,0.00036823284,-0.008743115,0.13115469,0.12809515,0.09092442,-0.06905236,0.03792041,0.01521918,0.0054107634,-0.0288491,0.0243549,0.01816385,0.021406336,-0.034495547,-0.0043374,-0.01415134
/mnt/sdd/caltech_training/multiclass/train/009.Brewer_Blackbird/Brewer_Blackbird_0095_2610.jpg,8,-0.1516389,-0.16637596,-0.08808037,-0.07263272,-0.07121438,-0.05615762,0.047478214,0.018439941,0.08024241,0.0002427809,0.04044485,0.019903537,0.017237086,-0.056770436,-0.060017,0.057578497,0.028112885,0.092430055,-0.1211352,-0.032733545,-0.0024590623,-0.04168782,0.004681307,-0.05262033,0.05119116,0.010111589,0.05971283,0.06633236,-0.008807204,0.0016250685,-0.02583317,-0.046846457,0.039472587,-9.370409e-05,0.08218033,0.046917386,0.04231912,-0.036020335,-0.0033703838,-0.032262556,0.0042694355,-0.043173596,-0.0124215,-0.023939095
/mnt/sdd/caltech_training/multiclass/train/009.Brewer_Blackbird/Brewer_Blackbird_0009_2616.jpg,8,0.02300603,0.0118514355,-0.046532348,-0.04981409,0.02081585,0.029720448,0.047744386,0.039630946,-0.115366,0.004927965,-0.059310153,-0.057720833,0.0038349126,0.052946806,0.045426965,0.06772588,0.07047868,-0.04167447,-0.03777846,0.074557446,0.07605156,0.05374205,0.021921609,0.04440455,0.011746079,0.0027416572,0.020101368,0.15732002,-0.039472364,0.036633678,-0.003066225,0.037535492,0.07111797,0.027301088,-0.014226002,0.040517937,-0.013161446,0.054074936,0.06586146,0.0465993,0.014515846,-0.02222237,-0.016182099,-0.022349043
/mnt/sdd/caltech_training/multiclass/train/009.Brewer_Blackbird/Brewer_Blackbird_0133_2324.jpg,8,0.10407447,0.035592772,-0.02818219,-0.056079756,0.04469438,-0.047829453,-0.09507433,0.12581873,-0.0062664,-0.21465974,-0.135102,-0.09651653,-0.024044432,0.028067347,-0.06091837,-0.06520715,0.10049759,0.116796665,0.07305436,0.036810964,0.06611581,-0.06210372,-0.05769687,-0.06169367,0.026813183,-0.13785279,-0.025229823,-0.042341873,-0.0013480261,0.0028940807,0.1122272,0.0076038567,0.061557457,0.020906031,0.058502857,-0.04881105,0.023029882,-0.03445073,0.010703452,-0.038869478,0.016714895,-0.04435029,-0.001744031,-0.014723017
/mnt/sdd/caltech_training/multiclass/train/009.Brewer_Blackbird/Brewer_Blackbird_0109_2232.jpg,8,-0.091299154,-0.17605162,-0.24493952,-0.13439594,-0.04769701,0.003112725,0.052667785,-0.06037141,0.15569559,0.0083131045,0.001923332,-0.033938043,0.004329036,0.06881228,0.050095078,0.012258168,-0.00561966,-0.03767816,0.08466247,0.06684328,0.01740353,0.073370665,-0.0017377846,-0.009541353,0.13729955,0.059930265,-0.05446463,0.003841985,0.058443166,0.1329953,-0.05303839,-0.043691266,-0.0009968132,0.10620736,0.12042022,0.12995264,0.020006793,-0.0046861544,0.004065035,0.01152083,0.003298575,-0.04416366,-0.020784924,-0.030486286
/mnt/sdd/caltech_training/multiclass/train/009.Brewer_Blackbird/Brewer_Blackbird_0140_2586.jpg,8,0.11415382,-0.051208563,-0.06373348,-0.015416317,0.05839154,-0.10539065,-0.11279526,-0.1234653,-0.02763686,-0.055836063,-0.0712359,-0.11313304,0.012650383,0.0010020528,-0.07087365,-0.013579145,0.07556096,0.024626976,0.093900464,0.051098842,0.0022854228,-0.03310795,-0.08657274,-0.049098298,0.012073988,-0.011640023,0.024278402,0.08070308,0.025323221,-0.00020630844,-0.010714629,-0.07112401,0.00590939,0.038571052,-0.015186828,0.06957466,0.014487899,-0.028150184,-0.009110385,0.0063372934,0.013903315,-0.030727964,-0.0075265784,-0.018933969
/mnt/sdd/caltech_training/multiclass/train/009.Brewer_Blackbird/Brewer_Blackbird_0025_2231.jpg,8,0.16509758,-0.031810895,-0.025497183,0.019788284,0.13084838,-0.10374506,-0.03895419,0.050244905,-0.10960474,-0.04782872,-0.068631716,0.03660374,-0.110270575,-0.15121455,0.020460855,0.025426086,-0.16639459,0.0017894022,0.12582318,0.17225142,0.0044801924,-0.101252526,0.028977502,0.04126527,0.09996663,0.06155259,0.16491929,0.015583344,0.049409643,-0.00039817626,0.053026557,-0.056445945,-0.038934145,-0.019116523,0.005602017,-0.06580995,0.050980292,-0.04107243,-0.012115062,-0.00057173194,0.0072322665,-0.044476166,-0.0069219125,-0.026576985
/mnt/sdd/caltech_training/multiclass/train/009.Brewer_Blackbird/Brewer_Blackbird_0014_2679.jpg,8,0.053122193,-0.15609996,-0.15581387,-0.15569854,-0.039986163,-0.04191518,-0.014856013,-0.027758349,0.11717467,-0.20062552,-0.11030604,-0.0044427495,-0.0060042664,0.047523014,-0.023770358,-0.018817568,-0.08351601,0.011781208,0.061391346,0.032508254,0.02194845,-0.00017113145,0.008170178,0.010344444,-0.06830094,0.18701334,-0.019481022,0.01324482,-0.02913655,0.023809012,0.012830555,0.0013002222,0.052260503,-0.12531933,0.22025998,0.0043035373,0.047742754,-0.0061206818,0.015644576,0.025220081,0.008834049,-0.031880863,0.008942794,-0.0027741734
/mnt/sdd/caltech_training/multiclass/train/009.Brewer_Blackbird/Brewer_Blackbird_0065_2310.jpg,8,0.0029375441,-0.05823648,-0.12627438,-0.19082822,0.051993925,-0.06309089,0.045689333,-0.0063589104,-0.16399777,-0.113837495,-0.15184672,-0.23919368,-0.046958506,0.091776624,0.072920315,-0.068126,0.081264794,0.065168686,0.006322738,0.1413894,0.031242657,-0.051904634,-0.019035127,-0.039559968,-0.029716866,0.047055658,-0.08003099,-0.049288183,0.010079693,0.013361705,0.028587412,0.010578666,-0.009471337,-0.001749672,0.085123494,0.029243922,0.028373215,0.027024003,0.054297112,0.044965565,-0.0053972714,-0.028043594,-0.0013636812,-0.017319486
/mnt/sdd/caltech_training/multiclass/train/009.Brewer_Blackbird/Brewer_Blackbird_0061_2270.jpg,8,0.053804144,0.016864557,-0.071247645,-0.06385127,0.036789846,-0.007971443,0.021796018,0.007838555,0.18562588,0.048755214,0.26218915,0.15789017,0.041115776,0.027365366,-0.13278988,-0.12785304,-0.032996386,0.01886069,-0.16701704,-0.20511302,-0.011807421,0.072189815,0.017920591,-0.051337402,-0.0044271685,0.09046784,-0.020126771,-0.081814304,-0.0044425856,-0.023826271,-0.12670033,-0.07458459,0.03606532,0.053113542,-0.028270587,0.09333379,0.035181686,-0.010667285,-0.011425847,-0.010762261,0.007174556,-0.03412186,-0.013791626,-0.020644847
/mnt/sdd/caltech_training/multiclass/train/009.Brewer_Blackbird/Brewer_Blackbird_0004_2345.jpg,8,-0.07733776,-0.08810681,-0.20126416,-0.14807718,0.09472212,-0.095786735,-0.010662228,0.035399795,-0.11238067,-0.04947211,-0.019892476,-0.044608146,-0.050795045,0.11704863,-0.08689891,0.021748476,0.0040260367,0.08063186,0.042036843,0.07184703,0.00034165382,-0.069055125,0.011426491,-0.040391933,0.1167285,0.09888573,0.08997965,0.066569544,0.034956317,-0.038382478,-0.038658332,0.048510596,-0.071985215,-0.008378204,0.02800712,0.0063615143,-0.006021874,-0.022290774,0.0026602978,0.008010969,0.0102139795,-0.03064948,0.0013023284,-0.013740987
/mnt/sdd/caltech_training/multiclass/train/009.Brewer_Blackbird/Brewer_Blackbird_0027_2329.jpg,8,-0.064897016,-0.028393008,-0.08210988,-0.11907346,-0.037618045,-0.1316681,0.032036472,-0.09422994,-0.12079221,-0.05563062,-0.17859106,-0.14758414,-0.0037053078,-0.020816287,0.03444503,0.09248002,-0.09088364,0.055741064,0.02701601,0.16697335,-0.034602176,-0.013423549,-0.0058846753,0.043061063,0.03610267,-0.014309755,-0.07875535,-0.05275084,-0.025721788,-0.0067027453,0.02537049,-0.033953216,-0.05882463,-0.03445682,0.021755263,-0.05850329,-0.015960973,-0.07453634,-0.03425791,-0.015741471,0.007652618,-0.033622712,-0.00041395565,-0.01511857
/mnt/sdd/caltech_training/multiclass/train/009.Brewer_Blackbird/Brewer_Blackbird_0139_2567.jpg,8,0.03768771,-0.065650836,-0.08124776,-0.06504861,-0.029080974,-0.11446288,-0.03655835,0.025490226,-0.037528522,0.057613324,0.013273234,0.005761452,-0.054513123,-0.06267145,-0.09506507,-0.0471909,0.009752773,0.10084304,0.19840945,0.18342176,0.022896487,-0.12262995,-0.054324914,0.03640544,0.05177549,-0.035427235,0.21417418,-0.05246251,0.054389216,0.14443684,0.10041429,-0.026058886,0.11483678,0.11855841,0.12888764,0.13268976,0.074060224,0.02138307,0.051021848,0.04394467,0.011502812,-0.041308254,-0.008711351,-0.015998648
/mnt/sdd/caltech_training/multiclass/train/009.Brewer_Blackbird/Brewer_Blackbird_0049_2258.jpg,8,0.10211106,-0.16167405,-0.0047128033,-0.08061652,0.004747905,0.07068174,0.007117237,0.114560485,0.06339764,0.03307204,-0.10984627,-0.10429635,0.06311874,0.03674317,0.11745988,0.066573486,0.025745474,-0.022468196,-0.035524104,-0.045685433,0.025466882,-0.025968358,0.02124507,-0.018552698,0.0027773678,0.03412352,-0.043460023,0.023334572,0.033196088,-0.02612719,-0.027108667,0.011241665,0.057147626,-0.1243023,0.06716223,0.02028241,0.05233553,0.0063145813,0.044899207,0.034866326,0.002576097,-0.038043812,-0.0065060114,-0.025872745
/mnt/sdd/caltech_training/multiclass/train/009.Brewer_Blackbird/Brewer_Blackbird_0099_2560.jpg,8,0.012602018,0.097090796,-0.017035063,-0.014019143,-0.0064800885,-0.0762703,-0.019903095,-0.026355855,0.17018124,-0.008177621,-0.00068512745,-0.056486923,0.004884891,-0.13538349,-0.0787068,-0.038588278,0.017983958,-0.15790299,0.028061382,0.15389127,0.011740518,-0.051630996,0.012054873,0.042574294,0.07150848,-0.065320514,-0.16753218,-0.114374235,0.041977882,0.0017127469,-0.0843043,-0.014816174,0.052815456,-0.0324013,0.036951356,-0.030226171,0.057412054,-0.04502751,-0.06352336,-0.05685885,0.02938844,-0.059459224,-0.018390154,-0.030467115
/mnt/sdd/caltech_training/multiclass/train/009.Brewer_Blackbird/Brewer_Blackbird_0046_2688.jpg,8,0.06539243,-0.053586885,-0.2447739,-0.30487838,0.036247708,-0.055055205,-0.006566871,-0.02123008,-0.085035704,-0.0370032,-0.013948083,0.02230414,-0.065537125,-0.1447736,-0.03694964,-0.012463741,-0.013511814,0.14853996,0.18095881,-0.00428639,0.007490132,-0.03881334,-0.023024663,0.066880845,-0.0043213777,0.018152777,-0.014115458,-0.119118735,-0.018268958,-0.050113905,-0.049664993,-0.02326108,0.033385523,0.15337403,0.05346369,0.1410962,0.010363882,-0.022217017,-0.042381775,-0.056669384,0.016121974,-0.037714303,-0.010287164,-0.023817979
/mnt/sdd/caltech_training/multiclass/train/009.Brewer_Blackbird/Brewer_Blackbird_0097_2322.jpg,8,-0.06513022,-0.028227933,-0.083411865,0.07311498,0.018579816,0.014455408,0.05844841,0.028629147,-0.14967495,0.015056334,0.036432594,-0.014378844,-0.11967097,-0.07129816,0.002607055,0.031828515,-0.0038629211,-0.03328943,0.025553808,0.1588148,-0.069919094,-0.10101753,0.07840195,0.0006542187,-0.016361378,0.09643285,0.10043563,-0.050235186,-0.0039188443,0.037947625,0.012931584,-0.027914025,0.09303883,0.015954342,0.016751401,0.08964012,0.05653398,-0.0011865646,0.02373657,-0.019100828,0.005978749,-0.049233876,-0.0069027077,-0.022214718
/mnt/sdd/caltech_training/multiclass/train/009.Brewer_Blackbird/Brewer_Blackbird_0137_2680.jpg,8,0.07423625,-0.17765084,-0.26019064,-0.3002293,0.07401198,0.12596336,-0.18242595,-0.16275111,-0.069072224,0.046399847,-0.024479717,-0.009586051,-0.01592741,0.02124089,0.011776868,0.046170756,0.026860628,0.12158822,0.13356991,0.09359211,-0.023679916,-0.011806277,0.004011349,-0.050936185,0.012724336,0.015629848,0.026125096,-0.10671587,-0.015512882,-0.008191695,0.048454855,0.07437686,-0.007776958,-0.07032494,-0.0348868,0.026601534,0.033637114,-0.018210456,-0.004155906,-0.0039363336,0.011709955,-0.047156878,-0.01543739,-0.036030933
/mnt/sdd/caltech_training/multiclass/train/009.Brewer_Blackbird/Brewer_Blackbird_0112_2340.jpg,8,0.20458245,-0.036362704,-0.03538759,0.053602792,0.041701335,-0.16887799,-0.062205855,-0.086419344,0.10380775,-0.08843526,-0.15895873,-0.15809236,0.10060413,0.082101926,-0.04511988,0.044718705,0.15533982,0.08566992,0.03187231,0.037389502,0.053959496,-0.10775637,-0.05097235,-0.04644312,0.039814133,-0.012000304,-0.17975846,-0.15286183,0.011075795,0.020157114,0.091526225,-0.11830401,-0.12616336,-0.10543141,-0.0765367,-0.12933159,0.04076148,-0.025703928,0.023221672,-0.0025128864,0.0032113427,-0.044822663,-0.017934632,-0.031456955
/mnt/sdd/caltech_training/multiclass/train/009.Brewer_Blackbird/Brewer_Blackbird_0106_2608.jpg,8,0.056977555,-0.0035860762,-0.022100177,-0.09481002,0.015144277,-0.005556537,0.0010251896,-0.03419277,0.044499654,-0.083909415,-0.06359495,0.0047658663,-0.031553622,0.025255704,-0.0026459196,-0.05128236,-0.038699638,0.026098099,-0.114837945,-0.012586527,0.0022767354,0.0064671766,0.03276202,-0.042937193,0.017529419,0.0075873574,-0.0155071225,0.08524646,0.011495643,0.025252437,-0.028213011,0.053606186,0.037808366,0.06287434,0.04798317,0.09558962,0.02188724,-0.017154159,-0.013834661,-0.025944356,0.010570274,-0.027870396,-0.0028816024,-0.032165777
/mnt/sdd/caltech_training/multiclass/train/009.Brewer_Blackbird/Brewer_Blackbird_0017_2668.jpg,8,-0.15874927,-0.14123201,-0.11716376,-0.10240052,-0.051307682,-0.09051233,0.035490558,0.030319199,-0.18718076,-0.07321963,0.031189047,-0.051729657,-0.03778403,-0.001859209,-0.034394503,0.042423584,-0.09006487,-0.035903573,-0.18068843,-0.112911165,-0.036682576,-0.009717111,-0.07427122,-0.007019799,-0.0031693836,-0.037538785,-0.018151587,0.02597629,-0.0068472056,-0.021388218,0.09005281,-0.077528276,0.034789518,0.15702085,0.08819728,0.078956865,0.071521506,0.031568203,0.05181591,0.008780036,0.015263069,-0.04050217,-0.015724147,-0.028174663
/mnt/sdd/caltech_training/multiclass/train/009.Brewer_Blackbird/Brewer_Blackbird_0018_2261.jpg,8,-0.18614691,-0.12107362,-0.13507202,-0.20553812,-0.020876687,-0.037523568,0.0013896758,-0.08163606,0.28407934,0.1198584,0.015908778,0.08724718,0.09077277,0.015653014,0.039284818,0.008328788,-0.025914349,0.053433686,0.03593221,-0.0069678687,-0.016282689,-0.07694371,-0.06100827,0.0939561,-0.011778902,-0.09339613,-0.09486785,0.046371575,0.00018430548,0.060950726,0.04107313,0.021315522,-0.06922101,0.018856859,0.04023981,-0.0062955096,-0.021599036,0.013535613,0.015885659,-0.0023216065,-0.010148633,-0.020563465,-0.001987978,-0.016342137
/mnt/sdd/caltech_training/multiclass/train/009.Brewer_Blackbird/Brewer_Blackbird_0078_2659.jpg,8,-0.195115,0.041878197,-0.08244534,-0.028359342,-0.1321071,-0.07176659,-0.006968801,-0.006914735,-0.13523865,-0.07073652,-0.12110217,-0.09666953,-0.043451924,-0.124224134,-0.020801302,-0.049379006,0.012813205,-0.04568471,-0.0095357485,0.07194172,0.0076432927,0.027954493,0.029089995,-0.0013551787,0.08077997,0.012149645,-0.15014449,0.09269406,0.026478518,-0.049242035,0.0121784825,-0.011268955,0.10388092,0.14740355,0.15181246,0.13759607,0.071960874,-0.02919905,0.023465086,0.0073172357,0.018901307,-0.028896336,0.0013276436,-0.014945564
/mnt/sdd/caltech_training/multiclass/train/010.Red_winged_Blackbird/Red_Winged_Blackbird_0101_6244.jpg,9,-0.085282475,-0.0025626458,-0.20383637,-0.23350304,0.0020729303,-0.0042737033,0.10765821,0.034122404,0.00738845,-0.104205325,-0.10705903,-0.14841583,0.04815081,0.010341256,0.074706346,-0.029790059,-0.036724262,-0.08579511,0.042679347,0.13675025,-0.01719674,0.041584447,0.04514427,0.05015768,-0.05495321,-0.017086014,0.045283265,-0.07985494,-0.037667572,-0.07370761,0.09098956,-0.065197535,-0.06576931,-0.1383517,-0.03527614,-0.057229705,-0.033749174,-0.045306113,-0.053423442,0.012005171,0.03244281,0.00874621,0.009376234,0.014074151
/mnt/sdd/caltech_training/multiclass/train/010.Red_winged_Blackbird/Red_Winged_Blackbird_0094_5856.jpg,9,0.2379439,0.012971373,0.09297993,0.10678029,0.013490291,-0.13222258,-0.0053873733,0.004493287,-0.019809095,0.04915693,-0.14314136,-0.06941945,0.048092317,-0.04377039,-0.06747391,0.028464232,0.023714729,-0.07240075,-0.06703909,-0.07695967,0.04617601,0.0030640764,-0.08502733,-0.06845824,-0.03401938,-0.10693182,-0.037050202,-0.10914162,0.018018667,0.06569258,0.016591841,0.022907652,0.033219956,0.082053676,0.07364615,-0.009624342,-0.018953077,0.058754116,0.07405135,0.07294062,0.03155198,0.013851535,0.0026762895,0.010874096
/mnt/sdd/caltech_training/multiclass/train/010.Red_winged_Blackbird/Red_Winged_Blackbird_0028_4709.jpg,9,-0.12311562,-0.07065681,-0.027294684,-0.000104228035,-0.011420979,-0.042431753,0.018481867,0.040958285,0.0055684447,-0.10691233,-0.11241821,-0.039153468,0.07346791,-0.016690535,0.07075953,-0.12921935,0.051576465,-0.03992324,-0.027512684,-0.01788757,0.028733512,-0.0011607073,-0.069357336,-0.001666707,0.083630785,0.12816264,0.08930502,0.00030945987,0.020354193,0.0076723443,0.061569415,0.03214335,-0.072962105,0.14021236,0.101624876,0.12683855,-0.03877128,-0.00492179,-0.027349448,0.0029633436,0.021351298,8.407049e-06,0.0029858053,0.0076721744
/mnt/sdd/caltech_training/multiclass/train/010.Red_winged_Blackbird/Red_Winged_Blackbird_0022_4483.jpg,9,-0.10334101,-0.12247198,-0.08682524,-0.13670838,-0.024390353,0.047199473,0.05223518,-0.019834792,-0.18619397,0.08113835,0.040421564,0.06654975,-0.08573788,-0.03220077,-0.0029270574,-0.005762417,-0.10610674,-0.012920659,0.053669438,-0.21089277,-0.09499412,0.057750978,-0.017108299,-0.036463987,0.062191613,-0.04815358,-0.015758809,-0.007468136,0.03810198,-0.027873563,0.012829779,0.06702356,-0.19486684,-0.1485527,-0.10723023,-0.14498436,-0.04221736,0.013751488,-0.0018210094,0.044591248,0.012365449,0.0021493444,-0.0014054719,0.009434082
/mnt/sdd/caltech_training/multiclass/train/010.Red_winged_Blackbird/Red_Winged_Blackbird_0011_5845.jpg,9,0.0454398,-0.0060365256,-0.084274605,0.072012454,-0.041392908,0.06784762,0.17533085,0.13732478,-0.0065474026,0.07805188,-0.031237891,-0.083850265,-0.11703318,0.10039812,0.04726264,0.11262824,-0.07131802,-0.1142129,-0.08806412,-0.121175766,-0.04931549,0.04278884,-0.02652859,-0.058862515,-0.037920766,-0.17182592,-0.08985174,-0.10080569,0.0045991293,0.005793698,-0.03652467,0.04534284,-0.057633556,-0.17204866,-0.066614784,-0.016316058,0.012072991,0.017996099,0.002074494,0.0031584436,0.022207145,0.011030002,0.00348703,0.0017731842
/mnt/sdd/caltech_training/multiclass/train/010.Red_winged_Blackbird/Red_Winged_Blackbird_0075_4953.jpg,9,0.11330414,-0.08303626,-0.057375036,0.018333735,0.17925078,0.005665457,-0.04460801,0.0022702236,0.078293875,0.0061053038,0.020446349,-0.031151202,-0.0038845653,0.03667154,0.01943009,0.013714473,0.08502151,0.0019350555,-0.103260934,-0.24070069,0.013614431,-0.009724399,0.048665807,-0.06813821,0.05669384,-0.074548736,0.120092675,-0.05170831,0.04316005,0.031341217,-0.04237991,0.029745191,0.07356584,-0.11172247,-0.0021053106,-0.082393736,0.038323853,-0.08282757,-0.06973088,-0.016758012,0.0188508,0.007953221,-0.002104438,0.010239169
/mnt/sdd/caltech_training/multiclass/train/010.Red_winged_Blackbird/Red_Winged_Blackbird_0104_3918.jpg,9,0.045159403,0.1138213,0.08655269,0.17196144,-0.06302136,-0.032880127,-0.038745277,-0.006458505,0.16410601,0.0073887333,-0.13481,-0.19331698,0.03591631,0.0029527796,0.047791295,-0.12699011,-0.001628194,0.11915568,-0.057976607,-0.070374385,-0.040811863,0.008582268,0.06681183,-0.0814365,-0.016608853,-0.052157663,0.014680315,-0.0032329075,0.0052389763,0.010866951,0.032306448,0.02678421,-0.070768744,0.06271823,0.015408404,-0.03282677,-0.025156144,-0.0072099958,-0.0016204412,-0.032158732,-0.00017595151,-0.002844124,-0.006784578,0.0029268507
/mnt/sdd/caltech_training/multiclass/train/010.Red_winged_Blackbird/Red_Winged_Blackbird_0039_4285.jpg,9,0.052709762,-0.12839426,0.025381444,-0.052050397,0.054956503,-0.05438153,-0.041918684,-0.036158174,0.12323184,-0.079988465,-0.054965373,-0.08091916,0.039040457,0.009695838,0.06775912,0.027653405,-0.129856,-0.19724165,-0.14390665,-0.18078019,-0.091196775,-0.0309099,-0.040035315,0.036529634,-0.05186157,-0.023851585,0.037907578,-0.061238192,-0.03162617,-0.0036940258,-0.070323974,0.06704666,-0.051605597,-0.0139141865,-0.04854495,-0.03705592,-0.0029338212,0.00077910535,-0.013608646,-0.02218553,0.024584627,0.012818385,-0.0070375362,0.012522096
/mnt/sdd/caltech_training/multiclass/train/010.Red_winged_Blackbird/Red_Winged_Blackbird_0105_4842.jpg,9,0.15794691,0.124620646,0.1821154,0.15648338,-0.02191649,-0.003198363,-0.040987384,-0.045412935,0.039887823,-0.0076729953,0.03126971,-0.020509388,-0.018769845,0.023558922,-0.07899338,-0.022164948,0.053113896,0.018435724,-0.14562821,-0.19228664,0.00905833,0.11565793,0.058684133,0.05191081,0.043047592,0.0034175478,-0.0033360403,-0.050130494,0.057507586,0.014549649,0.05669882,0.064094804,-0.0058970377,-0.09643834,-0.030225836,-0.054412,-0.018128708,-0.012358474,0.03114792,0.04205637,0.0012865358,0.004752485,-0.0015423167,0.0040443838
/mnt/sdd/caltech_training/multiclass/train/010.Red_winged_Blackbird/Red_Winged_Blackbird_0029_4804.jpg,9,-0.17768073,-0.17912248,-0.20483944,-0.21988732,0.076388866,-0.06393576,-0.07277152,-0.06790624,0.08725223,-0.03722868,0.00082821026,-0.022485293,0.039940946,-0.08277625,-0.01140099,0.061320063,0.011193763,-0.03158393,0.024960129,-0.21490628,-0.011683774,-0.05829004,0.009358623,-0.07118944,-0.089403644,0.0072204657,-0.16126195,-0.073193565,-0.044762608,0.0042035566,-0.0063142255,-0.012418166,0.05959718,-0.08864337,-0.05404419,-0.1372841,0.02305502,0.035878778,0.032765374,0.027678704,0.0014607946,-0.008517459,-0.011729786,0.0059465384
/mnt/sdd/caltech_training/multiclass/train/010.Red_winged_Blackbird/Red_Winged_Blackbird_0021_3767.jpg,9,-0.01398015,-0.0978658,-0.14261712,-0.19598207,-0.06846746,-0.07851666,-0.025992936,-0.024444722,-0.0024853386,0.056720253,0.09556573,0.08229178,-0.03377755,-0.08068225,0.014926702,0.08836129,-0.14812246,0.06686412,-0.0058390535,-0.16835871,-0.0901832,-0.014567697,-0.011713551,0.017878402,-0.099246375,0.020469816,-0.034935012,-0.0057403073,-0.047017485,0.080811374,0.035073634,0.0756378,0.023454431,0.048463337,0.043623313,0.065918654,-0.021381313,0.009902831,0.018216928,0.02838392,0.012961322,-0.011952379,-0.015738387,-0.0027939472
/mnt/sdd/caltech_training/multiclass/train/010.Red_winged_Blackbird/Red_Winged_Blackbird_0109_4454.jpg,9,0.20174152,0.1588985,0.09057048,0.11459498,0.0083179325,0.028878823,-0.047835656,-0.049370468,0.2380808,0.024925526,0.010003723,-0.02915448,0.04407502,-0.13064857,-0.012897587,0.02814772,0.022680731,-0.0106370635,0.045364846,-0.16458204,0.027130261,-0.037548933,-0.0035333969,-0.045786656,0.029464077,-0.09328095,-0.054240815,-0.11137937,0.015856555,0.03373356,0.020699712,0.043316513,0.034052137,-0.007500436,0.004805766,-0.09153103,-0.00084363436,-0.038673393,-0.02719727,0.02602467,0.0008718339,0.000747303,-0.0016690551,0.0033013816
/mnt/sdd/caltech_training/multiclass/train/010.Red_winged_Blackbird/Red_Winged_Blackbird_0099_3985.jpg,9,-0.19798465,-0.12952703,-0.09365922,-0.104259595,-0.084122494,-0.00626543,0.05245649,-0.014806645,0.010863487,-0.0020825341,-0.040415555,-0.06410606,0.033099025,-0.15011404,-0.026723776,-0.17175221,-0.007466644,-0.11803346,0.16317776,0.1203313,0.037199415,-0.07114899,-0.008080563,0.058758035,-0.017285135,-0.09380074,-0.10599668,0.05843631,0.022061884,0.019073578,-0.03342291,0.088576734,0.019489978,0.104093425,0.02210766,0.044267446,0.0024351543,-0.05273325,-0.04116468,-0.022794444,0.011990964,-0.008421673,-0.0014358032,0.011013595
/mnt/sdd/caltech_training/multiclass/train/010.Red_winged_Blackbird/Red_Winged_Blackbird_0023_5257.jpg,9,-0.1053136,0.1605973,0.21238635,0.18751173,0.0155229345,-0.111328684,0.018435096,0.1215973,-0.17773223,-0.040012524,0.037084065,-0.065213904,-0.08109479,0.043831684,0.03066641,0.020633537,-0.17283234,-0.012885559,-0.05661512,-0.09622098,-0.08766546,-0.080202565,-0.027008764,-0.015273778,0.08869045,-0.12076027,0.031145029,0.010888217,0.09621315,0.08803037,0.032908525,0.0062370035,-0.048097692,-0.1105095,-0.13198039,-0.16884947,-0.00045897113,-0.043996822,-0.03518509,-0.027819708,-0.0030951276,-0.0054918695,-0.009590913,0.0029790667
/mnt/sdd/caltech_training/multiclass/train/010.Red_winged_Blackbird/Red_Winged_Blackbird_0078_5372.jpg,9,-0.04226704,-0.09818624,-0.031797677,0.007980384,-0.06482222,-0.027881093,-0.007115593,-0.025892558,0.07207962,-0.07490131,-0.06371682,-0.05247939,0.017859768,-0.010732347,-0.11348039,-0.016074523,0.09144447,0.0029216781,0.036054507,-0.1613099,-0.0020234343,0.028503587,-0.05463288,-0.03818214,-0.08520692,-0.06735072,-0.06960603,-0.0012623835,-0.055384163,-0.044480857,0.07082343,0.07727866,0.0071435347,-0.008905157,0.0007581278,0.06064985,0.004799514,0.025091235,0.026153527,0.054585334,0.005630536,0.008338705,0.0028988104,0.010030024
/mnt/sdd/caltech_training/multiclass/train/010.Red_winged_Blackbird/Red_Winged_Blackbird_0027_4123.jpg,9,-0.14591843,0.17897627,0.11657662,0.12905037,-0.09550885,-0.050980583,-0.016117953,-0.0038046166,0.17990583,-0.019112416,-0.07402779,-0.0021434464,0.0219905,-0.008326525,-0.042050783,0.06251973,-0.07318924,-0.080154195,-0.17927992,-0.06960181,0.011164442,0.035381183,0.03827755,-0.022655461,0.020909607,-0.0024626432,-0.022959724,-0.11842908,0.020899419,-0.0003187852,0.032517772,-0.027043823,0.016260747,0.08086623,-0.026634902,-0.010847994,0.003967611,0.054896332,0.041438077,0.044938505,0.023599084,0.0075419946,0.0023282953,0.016579764
/mnt/sdd/caltech_training/multiclass/train/010.Red_winged_Blackbird/Red_Winged_Blackbird_0059_4612.jpg,9,-0.07889714,-0.12917972,-0.017138194,0.031720456,-0.001699415,0.021590762,-0.019269504,0.05220843,0.05990845,0.029177545,0.13950986,0.04857081,0.020396858,-0.04627196,-0.03490033,0.1232029,-0.084212825,0.08275968,0.15766445,0.02499824,-0.051481828,0.091958284,0.18317148,0.10444086,-0.08995358,-0.006732693,-0.04435033,-0.030405747,-0.034918543,-0.027824633,0.06507861,0.03550065,-0.13520879,-0.0031811055,-0.0007855296,-0.082973056,-0.06666382,-0.0032300353,0.022494368,0.05551305,0.008736659,0.013500574,0.0055764443,0.0017818664
/mnt/sdd/caltech_training/multiclass/train/010.Red_winged_Blackbird/Red_Winged_Blackbird_0046_4242.jpg,9,0.03158264,0.068476066,0.13396391,0.17096578,-0.019254249,-0.015064839,0.036356606,-0.011667568,-0.0072561093,0.0074480698,0.09594558,0.14553122,0.048274092,-0.19332305,-0.022571463,-0.01076998,-0.009909145,-0.0798072,0.005762102,-0.08282918,-0.016156495,0.018003825,-0.1148437,-0.029848842,-0.022929285,0.109830804,0.02254907,-0.1392765,0.0014641965,-0.109548,0.0405057,-0.09832385,0.02160732,-0.02425888,-0.05080918,-0.06704846,0.033166327,0.03726808,0.042542934,0.048707563,0.033557124,0.013667593,0.013246325,0.016403941
/mnt/sdd/caltech_training/multiclass/train/010.Red_winged_Blackbird/Red_Winged_Blackbird_0010_6386.jpg,9,-0.0034591667,0.03303798,0.093922526,0.04563591,0.06052393,-0.012917919,-0.11138483,-0.07672467,0.1442618,-0.06837978,-0.10132268,-0.051200353,0.10323544,0.028661951,0.06601639,0.12070666,-0.07038277,0.0396851,0.15218975,0.12913656,-0.063015595,-0.008448675,-0.0010331431,0.055115998,-0.031190863,-0.016375363,0.0072051957,-0.039111473,-0.036880754,-0.013195061,0.039153304,-0.0178883,-0.11400651,-0.026441429,-0.012086993,-0.048524514,0.00051426515,0.06328096,0.074309394,0.04864774,0.008250164,-0.0034652185,-0.012415223,0.0076834606
/mnt/sdd/caltech_training/multiclass/train/010.Red_winged_Blackbird/Red_Winged_Blackbird_0058_4141.jpg,9,0.017583448,-0.033367492,-0.012954704,-0.08387709,0.018072871,-0.041688524,-0.10359976,-0.10043876,0.12693956,0.1366427,0.11785649,0.10481822,0.07524567,0.024819389,0.014739079,-0.09392241,-0.0777574,-0.011681639,-0.04450015,-0.09406485,-0.022635013,-0.11392488,-0.11563502,0.029818634,-0.022477787,-0.04224588,-0.09045505,-0.035910413,0.006290642,0.0057673696,-0.018578636,0.042165466,0.036796212,0.0011550728,-0.0255444,-0.0855833,0.030203406,-0.01555464,-0.00085080415,0.0017929971,0.0052086157,-0.014739144,-0.025333527,-0.019470848
/mnt/sdd/caltech_training/multiclass/train/010.Red_winged_Blackbird/Red_Winged_Blackbird_0065_4026.jpg,9,0.017812828,-0.15656063,-0.0176625,-0.0369273,-0.0639175,-0.06095972,-0.040083677,-0.012322996,0.1667903,-0.0159225,0.012994517,-0.0069402903,0.08098191,0.081039846,-0.029207788,0.021352258,0.07532421,0.017206352,-0.008465245,-0.07344023,0.033523962,0.024739247,0.029951338,-0.0691506,0.13212089,-0.021782741,-0.14653508,-0.028570518,0.08314538,0.026246402,0.089425884,0.02205916,-0.062278528,-0.005211314,0.031170202,0.06422718,-0.055729084,-0.08193981,-0.06653626,-0.017892,0.022739682,0.010687829,-0.0024310807,0.0034089126
/mnt/sdd/caltech_training/multiclass/train/010.Red_winged_Blackbird/Red_Winged_Blackbird_0040_4522.jpg,9,-0.07430195,0.06792552,0.0725356,0.16982241,-0.04517905,-0.12932435,-0.08415459,-0.03319415,0.044484176,-0.07211472,-0.12601572,-0.10274736,0.016490955,-0.048076812,0.04206751,0.013366455,-0.08454791,-0.008497288,0.00813283,0.0807075,0.0077487705,0.038586337,0.048821107,0.06813438,-0.018223472,-0.06494333,-0.024784293,-0.04126206,0.036024302,0.102754,0.032112047,-0.05458094,0.014601862,0.13216677,0.07342379,-0.022092411,-0.0012483327,0.016427811,-0.0062785037,0.001919575,0.012444927,0.015545642,-0.0038420865,0.008699033
/mnt/sdd/caltech_training/multiclass/train/010.Red_winged_Blackbird/Red_Winged_Blackbird_0079_4527.jpg,9,-0.09850201,0.11305252,0.14658085,0.10221786,0.00013315491,-0.009462577,-0.07059345,-0.07693209,0.20846355,0.14364329,0.040155895,0.06430796,0.072244816,-0.068177424,0.025466276,-0.046985347,-0.031650517,0.06149872,0.058142636,-0.19341758,0.005301634,-0.06702457,-0.035299256,0.009408411,-0.044433516,-0.08045438,-0.07554071,-0.05454205,-0.053920805,-0.056548357,0.09630835,0.045945086,-0.0061856546,-0.082929045,-0.06796725,-0.16860117,-0.012923468,0.059645087,0.019027691,0.058589973,0.007995548,-0.009505845,-0.0028349962,0.0065820143
/mnt/sdd/caltech_training/multiclass/train/010.Red_winged_Blackbird/Red_Winged_Blackbird_0071_3988.jpg,9,0.057340313,0.06355889,-0.07303417,-0.09338647,0.055337913,0.0461371,-0.01190529,-0.025173971,0.13689253,-0.09199898,-0.0665601,-0.12231817,0.025106378,0.041397642,-0.06858957,0.008836762,0.028562881,0.009022299,-0.11955726,-0.09153503,0.007950971,0.07494263,-0.020039119,0.021408107,-0.053081132,0.09382842,0.015782988,0.00035928935,-0.033914834,-0.0082113035,0.04586758,0.09897496,-0.02236098,-0.18431985,-0.10952614,-0.052005924,0.034061365,-0.054526,-0.03665991,0.005919583,0.016356943,-0.015919477,-0.019246344,-0.0057524135
/mnt/sdd/caltech_training/multiclass/train/010.Red_winged_Blackbird/Red_Winged_Blackbird_0096_5019.jpg,9,0.022602398,-0.007863518,-0.02015518,0.00068588555,0.0036270004,0.007412523,-0.036607694,-0.035103086,0.032342322,0.07524658,-0.017315775,-0.01568707,-0.025562651,-0.0103476085,-0.019083891,-0.02833908,-0.092454225,-0.12201306,-0.013668209,-0.084695384,-0.016306633,0.057333313,0.00672651,-0.09166108,0.0029821023,-0.13363284,-0.06552915,-0.14266354,-0.006096173,-0.06510342,0.110941604,-0.0120145455,-0.07613243,-0.06595681,0.010555759,-0.07993739,-0.029281396,0.0018355288,0.0042897016,0.025616512,0.0074749817,0.008345043,0.00423408,0.013305811
/mnt/sdd/caltech_training/multiclass/train/010.Red_winged_Blackbird/Red_Winged_Blackbird_0032_4004.jpg,9,-0.11821987,-0.061048694,0.012256079,0.014477754,-0.024627678,-0.0921846,-0.121462464,-0.071438,0.23499294,-0.031553246,-0.11378871,-0.08213784,0.047852367,-0.057119224,0.088627495,0.0112272585,-0.075616546,0.02161938,-0.046675347,-0.06135247,-0.023022719,-0.05629795,-0.06681262,0.00875164,0.08704981,-0.01849014,-0.011015721,0.021871787,0.088176005,-0.029085446,-0.021341085,0.07667884,0.020261008,-0.10615978,-0.11423439,-0.06775333,0.016631039,0.0027199145,0.023645563,0.02970624,0.013348722,-0.005168979,-0.012913337,0.009631639
/mnt/sdd/caltech_training/multiclass/train/010.Red_winged_Blackbird/Red_Winged_Blackbird_0001_3695.jpg,9,0.026408616,0.1173288,0.21673769,0.14793655,0.04454613,0.03112146,0.056204274,0.0142434165,-0.01288192,0.0634311,-0.040561877,0.07053344,-0.040944315,0.0704077,-0.029758738,0.02462517,-0.117530994,-0.034956306,0.012145087,-0.17446244,-0.06710741,-0.08090374,-0.0009326562,-0.051012777,0.07783022,-0.023947973,0.016892094,-0.14285132,0.06464563,0.04447966,0.08687673,0.058381125,-0.08974013,-0.04622069,-0.014807174,-0.101933,0.00619837,0.012964822,0.02460577,0.03459754,0.010346339,0.008080471,0.0037973225,0.014332373
/mnt/sdd/caltech_training/multiclass/train/010.Red_winged_Blackbird/Red_Winged_Blackbird_0062_4233.jpg,9,0.10235519,0.1335056,0.19559458,0.24999692,0.075124726,-0.06918757,-0.03233841,0.019031622,-0.11393159,0.10753055,0.094066694,0.121044524,0.0138792135,0.09691756,0.014159699,0.08812648,0.19326383,0.02563442,-0.061709248,-0.17855263,0.12804614,-0.096660316,-0.044590823,-0.09211367,-0.032837722,-0.11837335,-0.024187371,0.03625703,-0.003122639,0.018991457,0.0594719,-0.052929867,-0.0040038675,-0.0050635654,0.048744775,-0.042459387,0.002974283,-0.013711989,-0.020276554,0.020347454,0.002759525,0.013201095,0.018148085,0.02038994
/mnt/sdd/caltech_training/multiclass/train/010.Red_winged_Blackbird/Red_Winged_Blackbird_0064_4936.jpg,9,-0.064511284,0.008830868,-0.11202631,-0.10754722,0.042155042,-0.01239402,-0.0004278645,0.027474765,0.033466004,0.04725059,0.13389698,0.054701086,-0.017162237,0.11037213,0.060170516,-0.035812505,-0.041817643,-0.091561735,-0.086152524,-0.06491783,-0.055385415,0.032254126,-0.004446945,-0.031597324,-0.12488715,-0.05731677,-0.04332652,-0.06370932,-0.05561531,0.045614235,-0.036841933,0.04100022,-0.016100854,0.035378795,-0.035065617,0.02381557,0.006667734,0.012665315,0.022176716,0.07610564,0.0027780547,0.0046742093,-0.004738413,0.00037918705
/mnt/sdd/caltech_training/multiclass/train/010.Red_winged_Blackbird/Red_Winged_Blackbird_0047_3802.jpg,9,0.071409404,0.02959739,0.032365166,0.060103104,0.1042293,-0.1396641,-0.07980971,-0.061876487,-0.09780771,-0.113895915,-0.14370179,-0.15667427,-0.050642714,0.0025739009,0.008804203,0.10318169,0.00821434,-0.023545265,-0.16634622,-0.15313001,-0.02806633,0.087488696,0.041974362,-0.10331276,-0.07824584,-0.08566588,-0.089416906,-0.023000237,0.0035420144,-0.026004009,-0.07544676,0.0344246,-0.032029133,-0.02886323,-0.03975053,-0.008992469,-0.03436591,0.013972165,0.024393626,0.026991528,0.02119494,0.005840468,-0.004611507,0.013533924
/mnt/sdd/caltech_training/multiclass/train/010.Red_winged_Blackbird/Red_Winged_Blackbird_0055_4345.jpg,9,-0.12756099,-0.0484077,-0.046650082,-0.08963031,0.0023344085,0.04186087,-0.035854325,-0.06946164,0.13367268,0.07115999,0.040362418,0.10615842,0.0037104562,0.033040475,-0.046106678,-0.030778792,0.07484883,0.060249772,-0.012010377,-0.11395364,0.07270235,0.022068307,-0.004969228,0.068666846,0.026401043,-0.049036697,0.033108853,0.030254047,0.015058583,0.025460377,0.058872458,-0.0032671094,0.023262955,-0.0980286,-0.041430052,-0.07442113,0.009527111,0.055414908,0.051545642,0.04026511,0.002896904,-0.010674768,-0.017900191,-0.002489157
/mnt/sdd/caltech_training/multiclass/train/010.Red_winged_Blackbird/Red_Winged_Blackbird_0007_3706.jpg,9,0.03602776,-0.14439708,-0.19828036,-0.17404121,0.07989012,-0.040056188,0.018610498,0.05230437,-0.19031025,-0.08541767,-0.15665582,-0.12981245,-0.1766686,-0.14424664,-0.054256722,-0.013531052,-0.029816138,0.046927277,-0.026548086,-0.04905399,0.0012748232,0.04826301,-0.05616568,-0.07420057,-0.031482846,-0.07667414,0.010724697,0.060969748,0.0048702545,0.016055506,0.041225296,0.050685085,0.13524637,0.15548955,0.08608664,0.06190764,0.021446321,-0.071507156,-0.045458343,-0.06924842,0.036091488,-0.0030986145,-0.0065716226,0.0057906765
/mnt/sdd/caltech_training/multiclass/train/010.Red_winged_Blackbird/Red_Winged_Blackbird_0020_4050.jpg,9,-0.14105235,-0.17466593,-0.032080844,-0.038150817,-0.059023596,0.006308697,-0.020514451,0.021228518,0.15383333,-0.04055497,-0.02778972,-0.024165705,-0.002568907,-0.016864602,0.07331264,0.08150016,-0.05967603,-0.14847109,-0.11588901,-0.002962064,-0.017037611,0.06999175,-0.05373,0.015294936,-0.0002771616,-0.1369384,-0.060770333,-0.044726692,0.044368975,-0.06683586,0.03656674,-0.009390861,-0.029714212,-0.13182315,-0.06260391,-0.06152335,0.019514866,0.03183886,0.033150837,0.0131384395,0.005092307,0.002475122,-0.011030806,0.009641426
/mnt/sdd/caltech_training/multiclass/train/010.Red_winged_Blackbird/Red_Winged_Blackbird_0006_6005.jpg,9,-0.21883048,-0.09813035,-0.14800088,-0.10371225,-0.07156186,0.0026170253,-0.0064905286,0.023298964,-0.0070178416,-0.08207914,-0.10289468,-0.11467071,-0.009506048,0.18228763,-0.01145333,-0.03782985,0.06985206,-0.05735801,-0.08950732,0.046243995,0.053689606,0.052178927,-0.06828061,-0.05611869,0.08204324,-0.0054626875,-0.1096939,-0.026701171,0.019614462,0.036474414,-0.009890632,-0.036052845,0.050624736,-0.13675645,-0.14723855,-0.15488166,-0.00806132,0.023266926,0.014482563,0.08212285,0.015141558,-0.001485547,-0.010461528,0.013684999
/mnt/sdd/caltech_training/multiclass/train/010.Red_winged_Blackbird/Red_Winged_Blackbird_0049_5598.jpg,9,0.1270474,-0.019134954,0.005931098,-0.017797448,-0.019758256,-0.07141225,0.07793452,0.037652005,0.041906722,-0.01160806,-0.07562332,-0.034901302,0.012784278,0.120214865,0.00407717,0.061554577,0.03707275,-0.06775453,-0.01749808,-0.08634968,0.006240625,-0.0786599,0.115284175,0.06291205,0.030969892,-0.05041195,-0.13557175,-0.11287323,-0.010044601,-0.010963747,-0.011437947,0.034167692,-0.07791297,-0.06885326,-0.101109445,-0.08645666,-0.037419576,0.0005908357,-0.030463597,-0.007267887,0.0012212908,-0.0014249198,0.0024468414,0.012882476
/mnt/sdd/caltech_training/multiclass/train/010.Red_winged_Blackbird/Red_Winged_Blackbird_0061_4196.jpg,9,0.10933941,0.05249258,-0.014376996,-0.0142421685,0.055196162,0.024264108,-0.07932114,-0.08494197,-0.026174407,-0.0004263632,0.08658913,0.13565417,0.05125162,-0.040627003,0.072055385,0.02454076,0.009922005,-0.102612644,-0.048069425,-0.11906366,0.0040201293,-0.02718937,0.026027564,0.04304833,-0.060720906,-0.1254344,0.015098656,-0.061475642,-0.06382505,-0.025821155,-0.058613837,-0.01786299,0.10913314,-0.038272537,-0.07888265,-0.083339974,0.03995508,0.008635193,0.046427816,0.038784467,-0.003304243,0.004306875,-0.0071660895,0.004248767
/mnt/sdd/caltech_training/multiclass/train/010.Red_winged_Blackbird/Red_Winged_Blackbird_0017_4116.jpg,9,-0.05541738,0.058372848,-0.022513751,0.03355986,-0.00023924373,-0.011786808,0.06761524,-0.012320302,0.02511974,-0.03395108,-0.11996162,-0.059857268,0.012159979,-0.016715012,-0.049253173,-0.017670065,-0.030668437,-0.077921376,-0.054381892,-0.08057736,0.024950914,0.08011005,0.06907904,-0.057741508,-0.09055866,-0.09008377,0.028834868,-0.12924153,-0.092243515,0.010978439,-0.045648593,-0.011545945,-0.04935593,-0.15299828,-0.14076863,-0.22490871,-0.042559963,-0.0068889866,0.0027307826,0.012709793,-0.0075861607,0.023001034,0.013592804,0.02247269
/mnt/sdd/caltech_training/multiclass/train/010.Red_winged_Blackbird/Red_Winged_Blackbird_0042_3635.jpg,9,-0.33835945,0.13603997,0.07979469,0.12922469,-0.086269505,-0.044323046,-0.016833637,-0.022550976,0.065892085,0.05623964,-0.09215349,-0.044870805,0.016593862,0.065207794,-0.019182373,0.05282416,0.10173029,-0.042289615,-0.0056582196,-0.03894222,0.0365656,0.07129115,-0.011401331,-0.008603511,-0.12864229,-0.03134024,-0.031556804,-0.07362904,-0.05985825,-0.0109940525,0.056038655,0.042993255,-0.036312394,-0.021651514,0.004355505,-0.039977957,-0.009919538,0.009775132,-0.004452843,-0.005488321,0.012031494,0.00069857575,0.0011885148,0.010316214
/mnt/sdd/caltech_training/multiclass/train/010.Red_winged_Blackbird/Red_Winged_Blackbird_0053_4072.jpg,9,0.149433,0.08631785,0.09381649,0.021597365,0.045826554,0.015083756,0.13332108,0.049087424,-0.057530794,-0.07176828,-0.0031467471,-0.07539813,-0.041129537,0.07926628,0.008601975,0.057454534,-0.066752434,-0.11948718,-0.14466912,-0.15251419,-0.028453764,0.016763495,-0.040661506,0.042844072,0.006447945,0.12078124,0.09824366,-0.068992645,0.018582553,-0.025930732,-0.059799083,0.038265448,-0.008434848,0.010610523,0.013496302,-0.05845357,-0.0019565523,-0.018762866,-0.010272328,0.012478961,0.025193907,0.006036937,-0.0030551031,0.0036878036
/mnt/sdd/caltech_training/multiclass/train/010.Red_winged_Blackbird/Red_Winged_Blackbird_0052_5575.jpg,9,0.035446823,-0.006696351,0.08481302,0.16046722,0.014295381,-0.15618485,-0.105810255,-0.034687147,-0.12725301,0.0198635,0.026469965,0.07974377,-0.02253123,0.038251486,0.015430102,0.1117427,-0.013141462,-0.0136583075,0.14612058,0.112879105,0.0063405316,0.02888648,0.04363159,0.012731051,-0.13981096,0.008553684,-0.024089621,-0.08585279,-0.052340664,0.03689556,0.024077905,-0.018747747,0.10059739,-0.08872861,-0.09328917,-0.07699755,0.025112102,0.014050648,0.04768508,0.0574302,-0.01412292,-0.0013271433,0.00021897256,0.015053023
/mnt/sdd/caltech_training/multiclass/train/010.Red_winged_Blackbird/Red_Winged_Blackbird_0024_4180.jpg,9,-0.0884655,0.029357731,-0.027541798,-0.040680096,-0.060441975,0.060516447,0.07831548,-0.0819248,0.14929709,-0.019534772,0.052036718,-0.0110263545,0.050422452,-0.014439262,-0.060839243,0.0325878,0.048250727,-0.08160262,0.0039457083,0.024602331,-0.064235,-0.048126012,0.009692932,-0.047647133,-0.050865628,-0.052248463,-0.046214137,-0.032462418,-0.03975462,-0.075132035,0.028403733,0.09635131,-0.080471374,-0.046204194,-0.017296873,0.015091823,0.016184475,-0.029630082,-0.03576331,0.013061855,0.031169768,-0.011218656,-0.0042575374,0.006409061
/mnt/sdd/caltech_training/multiclass/train/010.Red_winged_Blackbird/Red_Winged_Blackbird_0089_4188.jpg,9,-0.16542605,-0.043669753,-0.052474305,-0.008047134,-0.049808048,0.0061389543,0.0039067254,0.030419707,0.083905175,-0.17330891,-0.21905771,-0.1342564,-0.023398425,-0.23936635,-0.03248699,0.033090964,0.13822538,0.044664804,0.046504512,0.08481917,0.07532351,-0.011320749,-0.032217227,-0.053517215,0.018541273,-0.12479249,-0.16228129,-0.124719486,0.023211047,0.05492969,0.12678796,0.020813493,0.19158736,-0.12800345,-0.13199788,-0.08929615,0.028648555,-0.041004106,-0.055554647,-0.011877867,0.0039116177,0.003610867,-0.0061851386,0.0079041645
/mnt/sdd/caltech_training/multiclass/train/010.Red_winged_Blackbird/Red_Winged_Blackbird_0012_6015.jpg,9,-0.04018265,-0.18240516,-0.14086694,-0.14905204,-0.04530845,-0.087654345,-0.11906399,0.034493603,-0.29892558,0.014985297,-0.0163152,-0.06138368,-0.0763233,-0.04280995,0.10202654,-0.0838679,-0.08778447,0.032156006,-0.0073061883,-0.22246344,-0.0057531693,0.02504177,-0.07064044,0.032657884,-0.028652003,-0.11618658,-0.1643024,-0.1329506,-0.030253999,0.03763686,0.044093378,0.05116522,-0.068769954,-0.09899524,-0.11162427,-0.097304486,-0.015383578,-0.022446014,0.010364,0.010008458,0.008105252,0.009199054,0.0034211734,0.009096617
/mnt/sdd/caltech_training/multiclass/train/010.Red_winged_Blackbird/Red_Winged_Blackbird_0005_5636.jpg,9,-0.15317297,0.046036854,-0.0068768486,0.005183466,0.0018105116,-0.07456832,-0.07120663,-0.03586477,0.022693034,-0.042549215,-0.022149784,-0.037306566,-0.014879169,0.017018992,-0.0008149035,0.05462221,-0.016213778,0.03362625,-0.058634244,-0.14252117,0.013087502,0.031717822,0.021659527,0.028280925,-0.09596861,-0.03135445,-0.020336209,-0.05319778,0.0023846012,0.06201227,-0.02603188,-0.016045257,-0.019616995,-0.0030621178,0.06917457,0.13380432,-0.01663027,-0.026255138,-0.005244513,0.018813293,0.0037769815,0.0082764365,-0.0071367472,-0.0011123456
/mnt/sdd/caltech_training/multiclass/train/010.Red_winged_Blackbird/Red_Winged_Blackbird_0045_4526.jpg,9,0.1014508,-0.12680756,-0.16027494,-0.0984221,-0.018480606,-0.057903077,-0.092195734,-0.006767528,0.20785047,-0.14483485,-0.07591795,-0.060644947,0.07920695,-0.06429346,0.07441577,-0.1304584,-0.040680032,-0.09197409,-0.029527517,-0.2318267,0.021939825,-0.06069307,-0.074990064,-0.035315458,-0.021718523,0.012436818,0.07363455,0.0072505213,0.027990378,0.14102937,0.030326147,0.026751231,0.10977757,0.04076891,0.052542344,0.0040558577,0.022179373,-0.046157937,-0.052463733,-0.00021952763,-0.001577501,0.0069700535,0.010376635,0.024497034
/mnt/sdd/caltech_training/multiclass/train/010.Red_winged_Blackbird/Red_Winged_Blackbird_0072_4338.jpg,9,-0.14276806,0.07905117,0.052622847,0.10319148,-0.0057341307,-0.18969545,-0.10537296,-0.08973053,-0.011778648,0.008337211,-0.0627878,-0.054553974,0.0017149989,0.13820888,0.070918724,-0.18995118,-0.10678914,-0.11197062,-0.06572458,-0.15323323,-0.027459405,0.097601086,0.0037911125,-0.05591219,-0.04635171,-0.047037512,-0.0559038,0.07654008,0.0038600415,0.0738535,-0.025316736,0.022599127,0.009531939,-0.0013498496,-0.043336473,-0.11600602,0.0043230476,-0.004718827,0.0024529174,0.026202936,-0.004270738,-0.0074227117,-0.015274533,-0.0023872466
/mnt/sdd/caltech_training/multiclass/train/010.Red_winged_Blackbird/Red_Winged_Blackbird_0081_6081.jpg,9,-0.053326085,-0.025208205,0.032494623,-0.041301742,0.014046179,-0.047340214,-0.0149019435,-0.03972491,-0.040358644,-0.0076434277,-0.04074259,0.02211973,0.0021790806,0.05442749,0.018660255,0.075052075,0.03244649,-0.11998025,-0.028434236,-0.012164295,0.038652338,-0.103374146,-0.03988273,-0.028239623,0.040186778,-0.1739622,0.05124501,-0.1135025,-0.025838416,0.061835553,0.01722907,-0.05750613,0.04884333,-0.0012033656,-0.02028897,0.06332958,0.0029072985,-0.017006407,0.009470895,0.02316707,-0.0016150794,0.0035628024,-0.005638387,0.0047138417
/mnt/sdd/caltech_training/multiclass/train/010.Red_winged_Blackbird/Red_Winged_Blackbird_0088_4007.jpg,9,-0.04644844,-0.025679307,0.042387605,0.050309602,-0.04927556,0.034224153,-0.0016085743,0.018950474,0.06675113,-0.064480364,-0.2042344,-0.21114028,0.0020293072,-0.18216877,-0.005890239,-0.00014870986,-0.0027148053,-0.08113792,0.11095667,-0.039202284,0.029273927,0.056967903,0.070058286,-0.07862904,-0.03996279,0.04812663,0.121077806,-0.07916715,-0.054918192,0.003650736,0.07750316,0.054230105,-0.075528465,-0.19031186,-0.15312733,-0.07923211,-0.072180085,0.03174894,0.04804159,0.081782125,0.005496906,0.0024314616,0.0056380797,0.008972187
