Full filepath,Full Class Index,sensitivityscore_before_features.11.block.2.fc1,sensitivityscore_before_features.11.block.2.fc2,sensitivityscore_before_features.12.block.2.fc1,sensitivityscore_before_features.12.block.2.fc2,sensitivityscore_before_features.13.block.2.fc1,sensitivityscore_before_features.13.block.2.fc2,sensitivityscore_before_features.14.block.2.fc1,sensitivityscore_before_features.14.block.2.fc2,sensitivityscore_before_features.15.block.2.fc1,sensitivityscore_before_features.15.block.2.fc2,sensitivityscore_before_features.16.0
/mnt/sdd/caltech_training/multiclass/train/001.Black_footed_Albatross/Black_Footed_Albatross_0007_796138.jpg,0,0.31006575,0.015912361,0.02596835,-0.023001697,0.07497777,0.019640714,0.045406636,0.06473902,0.06766872,0.022080816,-0.0073695276
/mnt/sdd/caltech_training/multiclass/train/001.Black_footed_Albatross/Black_Footed_Albatross_0047_796064.jpg,0,0.002916813,-0.035016652,0.07937633,-0.058553256,0.0009835251,-0.023326987,0.061134543,0.031945657,-0.084471,-0.0253046,0.0037740846
/mnt/sdd/caltech_training/multiclass/train/001.Black_footed_Albatross/Black_Footed_Albatross_0036_796127.jpg,0,-0.13813652,-0.014046438,-0.2033986,-0.024140405,-0.07838684,-0.024328168,0.016011674,0.06468122,0.09327249,0.07429141,0.013787605
/mnt/sdd/caltech_training/multiclass/train/001.Black_footed_Albatross/Black_Footed_Albatross_0026_796095.jpg,0,-0.050129764,0.018025871,-0.18905549,-0.044703383,-0.13304049,-0.0646977,0.10784999,0.05601879,0.015905835,0.08994714,0.0058480743
/mnt/sdd/caltech_training/multiclass/train/001.Black_footed_Albatross/Black_Footed_Albatross_0010_796097.jpg,0,0.24190402,0.04041574,0.12499586,-0.03420251,-0.0035870448,-0.03485079,-0.0330502,0.026290625,-0.020829089,0.043504573,0.01263246
/mnt/sdd/caltech_training/multiclass/train/001.Black_footed_Albatross/Black_Footed_Albatross_0069_796139.jpg,0,-0.33758956,-0.10025993,-0.11562858,-0.028732864,0.0725731,-0.0035504634,0.06471031,0.06595002,0.079550564,0.0882398,0.025807709
/mnt/sdd/caltech_training/multiclass/train/001.Black_footed_Albatross/Black_Footed_Albatross_0067_170.jpg,0,0.12842858,0.04066313,-0.20835158,-0.020621587,0.105038084,-0.033297624,-0.10359413,0.047802,0.051600814,0.060751826,-0.0030109724
/mnt/sdd/caltech_training/multiclass/train/001.Black_footed_Albatross/Black_Footed_Albatross_0090_796077.jpg,0,0.08435465,-0.028722446,0.22262314,0.06879099,0.09223071,0.010487887,0.025188096,0.023393534,-0.02553597,0.03091614,0.010273971
/mnt/sdd/caltech_training/multiclass/train/001.Black_footed_Albatross/Black_Footed_Albatross_0035_796140.jpg,0,0.043468308,0.03887732,0.005667338,0.04180077,0.07977481,0.025867945,-0.0588233,0.004704818,0.08826042,0.05991326,0.006924439
/mnt/sdd/caltech_training/multiclass/train/001.Black_footed_Albatross/Black_Footed_Albatross_0076_417.jpg,0,0.06657458,0.025311511,-0.16070037,-0.065914564,0.03864764,-0.061437573,0.03193753,-0.0014216118,-0.01025698,0.065986104,0.025603168
/mnt/sdd/caltech_training/multiclass/train/001.Black_footed_Albatross/Black_Footed_Albatross_0080_796096.jpg,0,0.19521084,0.04459778,-0.06841134,-0.056046978,-0.08265522,-0.056278765,-0.036798578,0.027576813,0.07806179,0.076188445,0.004493526
/mnt/sdd/caltech_training/multiclass/train/001.Black_footed_Albatross/Black_Footed_Albatross_0061_796082.jpg,0,0.03053019,-0.027045619,-0.12092477,0.01635379,0.16232395,0.042907424,-0.028383275,-0.028397704,-0.03652948,0.016049594,0.0099019185
/mnt/sdd/caltech_training/multiclass/train/001.Black_footed_Albatross/Black_Footed_Albatross_0003_796136.jpg,0,-0.13765335,-0.020603186,-0.08860738,-0.010180118,-0.06390743,-0.014384393,0.057375483,0.0013916623,0.05172584,0.064776786,-0.0013707653
/mnt/sdd/caltech_training/multiclass/train/001.Black_footed_Albatross/Black_Footed_Albatross_0079_796122.jpg,0,-0.34170842,-0.17281316,0.07320389,0.041690145,0.048144247,-0.012895521,0.0044120047,0.05524405,0.04230848,0.00459754,-0.0027624033
/mnt/sdd/caltech_training/multiclass/train/001.Black_footed_Albatross/Black_Footed_Albatross_0082_796121.jpg,0,0.16565296,0.03245406,-0.06470192,0.020448735,0.21653049,0.05015836,0.02698031,-0.011215119,0.010138262,0.050684184,0.015989501
/mnt/sdd/caltech_training/multiclass/train/001.Black_footed_Albatross/Black_Footed_Albatross_0064_796101.jpg,0,0.19531776,0.04421652,-0.13670583,-0.011094369,0.018624648,0.008948971,-0.034065224,-0.0060622944,-0.017306522,0.08347435,-0.00088567194
/mnt/sdd/caltech_training/multiclass/train/001.Black_footed_Albatross/Black_Footed_Albatross_0042_796071.jpg,0,0.14819697,0.031211393,0.07626166,0.0031640157,0.089094296,0.04350368,0.07780989,-0.028072493,0.0206641,-0.0184748,0.0194178
/mnt/sdd/caltech_training/multiclass/train/001.Black_footed_Albatross/Black_Footed_Albatross_0068_796135.jpg,0,-0.06941949,-0.013270566,0.14009935,0.020490155,0.017346673,0.004617773,0.090893015,0.05997567,0.06944321,0.084406205,-0.0021046437
/mnt/sdd/caltech_training/multiclass/train/001.Black_footed_Albatross/Black_Footed_Albatross_0031_100.jpg,0,-0.02386963,-0.033535253,0.025979059,0.015490023,0.122662544,0.08301243,-0.043061856,0.033026528,0.05142135,0.07458629,0.0075434525
/mnt/sdd/caltech_training/multiclass/train/001.Black_footed_Albatross/Black_Footed_Albatross_0014_89.jpg,0,-0.18533382,-0.07031895,0.025586002,-0.023413163,0.016301844,-0.055945504,-0.023215272,0.018989488,-0.07125257,-0.0067608794,0.00080448017
/mnt/sdd/caltech_training/multiclass/train/001.Black_footed_Albatross/Black_Footed_Albatross_0033_796086.jpg,0,0.060400963,-0.042448528,-0.17012113,-0.03161166,0.0719401,-0.008356903,0.07159468,0.035289004,0.00851652,0.023713095,0.011377429
/mnt/sdd/caltech_training/multiclass/train/001.Black_footed_Albatross/Black_Footed_Albatross_0024_796089.jpg,0,0.13369572,0.059579242,0.020795783,-0.036398605,0.10255514,0.0249375,-0.0354446,0.019994862,-0.025973566,0.006663307,0.009955573
/mnt/sdd/caltech_training/multiclass/train/001.Black_footed_Albatross/Black_Footed_Albatross_0005_796090.jpg,0,-0.04310549,-0.11213674,0.020483207,0.00971688,-0.042721532,0.03426966,0.08226221,0.09732224,0.010497402,0.07705143,0.007881744
/mnt/sdd/caltech_training/multiclass/train/001.Black_footed_Albatross/Black_Footed_Albatross_0023_796059.jpg,0,-0.075695336,-0.048832268,-0.35528058,-0.07720868,-0.08005219,0.011188244,0.08933926,0.044135667,-0.059982177,0.012971668,0.009520225
/mnt/sdd/caltech_training/multiclass/train/001.Black_footed_Albatross/Black_Footed_Albatross_0074_59.jpg,0,0.07278167,0.020196361,0.050463118,0.028268268,0.0771953,0.0036449675,-0.08507008,-0.03725529,-0.07937955,0.00823321,0.007195114
/mnt/sdd/caltech_training/multiclass/train/001.Black_footed_Albatross/Black_Footed_Albatross_0085_92.jpg,0,0.031847473,-0.04760501,-0.046531707,0.0618893,0.14576921,0.04591134,0.11974037,0.09516315,0.06468251,0.024505759,0.019921057
/mnt/sdd/caltech_training/multiclass/train/001.Black_footed_Albatross/Black_Footed_Albatross_0077_796114.jpg,0,0.14709042,0.14047173,0.008749977,-0.07993738,0.07386626,0.028140783,0.0075590014,-0.027565248,0.077343024,0.04922369,0.018802503
/mnt/sdd/caltech_training/multiclass/train/001.Black_footed_Albatross/Black_Footed_Albatross_0049_796063.jpg,0,-0.11874476,-0.046556123,-0.18164298,-0.011888536,0.045991473,-0.0093552,-0.019196333,0.036628038,0.08708261,0.03838542,-0.0003008959
/mnt/sdd/caltech_training/multiclass/train/001.Black_footed_Albatross/Black_Footed_Albatross_0065_796068.jpg,0,-0.06959486,-0.038175106,0.07208751,-0.05925957,0.085646376,0.0014051031,-0.004467318,-0.014711937,0.003127873,0.051499624,0.009262671
/mnt/sdd/caltech_training/multiclass/train/001.Black_footed_Albatross/Black_Footed_Albatross_0009_34.jpg,0,0.12376963,0.057930768,0.06578113,-0.003067213,-0.022531152,0.03698703,-0.033172384,-0.00860328,0.084923,0.03632082,0.00930072
/mnt/sdd/caltech_training/multiclass/train/001.Black_footed_Albatross/Black_Footed_Albatross_0089_796069.jpg,0,0.23353526,-0.015586922,0.15162335,0.054192685,0.15949646,0.025463242,0.022790557,0.04408945,0.07120463,0.044498224,0.020929355
/mnt/sdd/caltech_training/multiclass/train/001.Black_footed_Albatross/Black_Footed_Albatross_0041_796108.jpg,0,0.13131943,-0.022936586,0.020520844,0.040323894,0.014025655,0.03310399,0.13176613,0.04646084,0.014151549,0.02067704,0.01914345
/mnt/sdd/caltech_training/multiclass/train/001.Black_footed_Albatross/Black_Footed_Albatross_0081_426.jpg,0,0.09536211,0.058415852,-0.019822009,-0.07766785,0.08343796,0.018303758,0.019577175,-0.014903538,-0.036645737,0.018132236,0.015194837
/mnt/sdd/caltech_training/multiclass/train/001.Black_footed_Albatross/Black_Footed_Albatross_0056_796078.jpg,0,-0.10794291,-0.028270757,-0.124521114,-0.054763988,0.1727968,0.042274952,0.07680421,0.014913885,-0.015452532,0.0033704508,0.013365891
/mnt/sdd/caltech_training/multiclass/train/001.Black_footed_Albatross/Black_Footed_Albatross_0038_212.jpg,0,-0.04703623,-0.079576254,0.09677032,0.014577039,0.066334605,0.05750195,0.08022551,0.0076651555,0.027806867,0.021612836,0.015149371
/mnt/sdd/caltech_training/multiclass/train/001.Black_footed_Albatross/Black_Footed_Albatross_0037_796120.jpg,0,-0.16141072,-0.030846203,-0.12250109,-0.064267345,0.07130672,-0.009944892,-0.072265506,-0.014720134,-0.023461279,0.065183535,0.004307755
/mnt/sdd/caltech_training/multiclass/train/001.Black_footed_Albatross/Black_Footed_Albatross_0002_55.jpg,0,-0.07986307,0.07971331,-0.22751564,-0.037023447,-0.06260718,-0.032030195,0.022692474,-0.046735097,-0.09097663,0.0053382358,0.017663512
/mnt/sdd/caltech_training/multiclass/train/001.Black_footed_Albatross/Black_Footed_Albatross_0025_796057.jpg,0,0.032886565,-0.06372044,-0.03960693,0.026439404,0.13012028,0.008148133,-0.04027146,-0.0158488,-0.00711691,-0.00039970595,0.012508543
/mnt/sdd/caltech_training/multiclass/train/001.Black_footed_Albatross/Black_Footed_Albatross_0008_796083.jpg,0,-0.24519369,-0.082940295,-0.10453981,-0.042253897,0.10306835,0.024298579,0.038885035,0.024577469,-0.005878236,-0.00037272647,0.0076662134
/mnt/sdd/caltech_training/multiclass/train/001.Black_footed_Albatross/Black_Footed_Albatross_0078_796126.jpg,0,-0.26649845,-0.0929901,0.28482836,0.07199629,-0.12232373,0.0029969793,0.07007928,-0.017573973,0.015184257,0.019270957,0.013174004
/mnt/sdd/caltech_training/multiclass/train/001.Black_footed_Albatross/Black_Footed_Albatross_0039_796132.jpg,0,-0.12709789,-0.011946684,-0.0076840147,-0.012413878,-0.07022992,0.014354179,-0.048349142,-0.014113732,-0.10490583,0.027593266,0.014605851
/mnt/sdd/caltech_training/multiclass/train/001.Black_footed_Albatross/Black_Footed_Albatross_0006_796065.jpg,0,0.006771695,-0.10183269,-0.0948258,0.014422823,-0.043074984,0.0013779495,0.07154989,0.048277535,0.013730438,0.060075283,0.006306157
/mnt/sdd/caltech_training/multiclass/train/001.Black_footed_Albatross/Black_Footed_Albatross_0032_796115.jpg,0,-0.16790481,-0.057018973,-0.15041947,-0.050647404,0.009249575,0.032463808,0.06687762,0.02585157,0.09345797,0.05409327,0.0012395624
/mnt/sdd/caltech_training/multiclass/train/001.Black_footed_Albatross/Black_Footed_Albatross_0071_796113.jpg,0,0.06404428,0.004102934,0.10509797,-0.0076657124,0.110738486,0.009374268,0.0072342977,-0.00060967915,0.014656007,0.07590109,0.0020855628
/mnt/sdd/caltech_training/multiclass/train/001.Black_footed_Albatross/Black_Footed_Albatross_0051_796103.jpg,0,0.08905418,-0.009233316,-0.222821,-0.05730507,0.12106244,-0.042745486,0.10136788,0.013758251,-0.052768096,-0.007951226,0.040978253
/mnt/sdd/caltech_training/multiclass/train/001.Black_footed_Albatross/Black_Footed_Albatross_0016_796067.jpg,0,0.15166514,0.029721064,0.032373376,-0.09698371,0.038545486,0.01577165,-0.018351141,0.04651424,-3.2227486e-05,0.023901839,0.022719162
/mnt/sdd/caltech_training/multiclass/train/001.Black_footed_Albatross/Black_Footed_Albatross_0088_796133.jpg,0,-0.112289675,-0.030312927,0.18831003,0.026703253,-0.047456026,-0.012374675,-0.009396113,-0.025878098,-0.0005887998,0.021841317,-0.007219757
/mnt/sdd/caltech_training/multiclass/train/001.Black_footed_Albatross/Black_Footed_Albatross_0053_796109.jpg,0,0.13369963,0.018437317,0.23398593,0.088388264,0.079270355,0.008381186,-0.056646243,0.038152665,0.16838758,0.03776733,0.003823502
/mnt/sdd/caltech_training/multiclass/train/002.Laysan_Albatross/Laysan_Albatross_0061_563.jpg,1,-0.1626443,-0.013166048,0.021633126,0.022376636,0.030130988,-0.026152179,0.061095156,0.026883159,-0.115268335,-0.023114871,-0.0032268777
/mnt/sdd/caltech_training/multiclass/train/002.Laysan_Albatross/Laysan_Albatross_0017_614.jpg,1,-0.19951715,-0.05886107,-0.06527892,0.05981014,-0.14743078,-0.05688949,-0.09789353,-0.018494748,-0.010044748,0.040755898,0.004519917
/mnt/sdd/caltech_training/multiclass/train/002.Laysan_Albatross/Laysan_Albatross_0035_876.jpg,1,-0.13980107,-0.051549,0.060741793,-0.03257472,0.012816753,0.0082331775,-0.029044006,0.009854308,0.026463881,0.03256389,-0.005916276
/mnt/sdd/caltech_training/multiclass/train/002.Laysan_Albatross/Laysan_Albatross_0040_472.jpg,1,-0.08510192,0.0115292575,-0.14928359,-0.101026826,0.012181731,-0.03435761,-0.04655227,0.009116221,-0.06339404,-0.0071107177,-0.01206453
/mnt/sdd/caltech_training/multiclass/train/002.Laysan_Albatross/Laysan_Albatross_0073_927.jpg,1,0.19991125,0.12245998,0.014845364,-0.07975379,-0.17025346,-0.027501296,-0.046690278,-0.04110314,-0.08969438,0.011004705,-0.008191039
/mnt/sdd/caltech_training/multiclass/train/002.Laysan_Albatross/Laysan_Albatross_0076_671.jpg,1,-0.03635999,-0.10400377,-0.06406346,-0.05272742,-0.05910241,-0.0043138047,-0.028353224,0.0060688145,-0.092267364,-0.03578872,-0.011433227
/mnt/sdd/caltech_training/multiclass/train/002.Laysan_Albatross/Laysan_Albatross_0002_1027.jpg,1,-0.23263828,-0.09096062,-0.07191941,-0.02937498,-0.013144877,-0.035624254,0.08486934,0.015768833,-0.065235525,-0.022819392,-0.0040760757
/mnt/sdd/caltech_training/multiclass/train/002.Laysan_Albatross/Laysan_Albatross_0012_696.jpg,1,-0.19453186,-0.043300547,-0.04675532,-0.041030586,-0.046336573,-0.072478905,-0.0029320046,-0.041595444,-0.08101957,-0.039254457,-0.025076155
/mnt/sdd/caltech_training/multiclass/train/002.Laysan_Albatross/Laysan_Albatross_0005_565.jpg,1,0.2763383,0.13885507,0.09859783,0.04728827,0.10001983,0.026177064,0.04455574,0.044439185,0.11596172,0.04184465,0.025084697
/mnt/sdd/caltech_training/multiclass/train/002.Laysan_Albatross/Laysan_Albatross_0042_801.jpg,1,-0.0076837465,-0.03327972,0.18667068,0.02966152,-0.054018773,0.07762114,0.14058447,0.07660589,0.018281596,0.024349222,0.0097280685
/mnt/sdd/caltech_training/multiclass/train/002.Laysan_Albatross/Laysan_Albatross_0096_673.jpg,1,0.045166995,0.006605489,0.019033484,-0.070273004,-0.042580374,-0.03448489,0.036180466,0.02931955,-0.10611747,-0.039571773,-0.01704518
/mnt/sdd/caltech_training/multiclass/train/002.Laysan_Albatross/Laysan_Albatross_0081_800.jpg,1,-0.068481304,-0.08720894,0.06514205,0.04411439,-0.16768414,-0.04270385,0.057946518,0.03583037,-0.006278511,-0.019154951,-0.0013421583
/mnt/sdd/caltech_training/multiclass/train/002.Laysan_Albatross/Laysan_Albatross_0058_637.jpg,1,0.075310685,0.01265768,-0.052783467,0.019269504,0.15443552,0.07996917,0.06847359,0.04507971,-0.013082767,0.022446245,-0.0091762515
/mnt/sdd/caltech_training/multiclass/train/002.Laysan_Albatross/Laysan_Albatross_0037_699.jpg,1,-0.055026982,0.00023792405,0.057242263,0.025618112,-0.22923337,-0.05287356,0.037185587,0.04057665,0.03743232,0.04001721,-0.00575188
/mnt/sdd/caltech_training/multiclass/train/002.Laysan_Albatross/Laysan_Albatross_0003_1033.jpg,1,-0.0033515282,0.014412774,-0.1932936,-0.060945205,-0.056059793,-0.048901327,-0.022383593,0.02774948,-0.06750824,-0.020129465,-0.017311417
/mnt/sdd/caltech_training/multiclass/train/002.Laysan_Albatross/Laysan_Albatross_0051_1020.jpg,1,0.11369775,0.05660609,0.06622683,0.0035725469,-0.012330465,-0.011030668,0.018597001,0.012520574,-0.079999164,-0.020933634,-0.0063770665
/mnt/sdd/caltech_training/multiclass/train/002.Laysan_Albatross/Laysan_Albatross_0028_643.jpg,1,0.105664514,0.09439541,-0.122312255,-0.16014299,-0.12607566,0.027550623,0.09313311,0.016564127,-0.014783017,-0.010244919,-0.013523524
/mnt/sdd/caltech_training/multiclass/train/002.Laysan_Albatross/Laysan_Albatross_0053_543.jpg,1,0.061416656,0.027582522,0.072216794,0.010625535,-0.19589186,-0.08462588,0.041160457,0.054490454,-0.036665447,0.016248869,-0.002170828
/mnt/sdd/caltech_training/multiclass/train/002.Laysan_Albatross/Laysan_Albatross_0060_777.jpg,1,-0.1504662,-0.027744602,-0.11963947,-0.039714046,-0.12761655,-0.040387288,-0.01745505,0.024525821,-0.14898106,-0.015657112,-0.023701042
/mnt/sdd/caltech_training/multiclass/train/002.Laysan_Albatross/Laysan_Albatross_0033_658.jpg,1,-0.038789608,0.0038176635,-0.09303597,-0.08848551,-0.10442509,-0.017915582,-0.097915374,-0.023253592,-0.05430704,-0.01682212,-0.0102662435
/mnt/sdd/caltech_training/multiclass/train/002.Laysan_Albatross/Laysan_Albatross_0059_488.jpg,1,-0.21139698,-0.1201279,-0.20901011,-0.07379108,-0.20965528,-0.0753876,0.07708132,0.039606124,-0.15747541,0.029471066,-0.004623222
/mnt/sdd/caltech_training/multiclass/train/002.Laysan_Albatross/Laysan_Albatross_0079_506.jpg,1,-0.058013134,-0.008103233,-0.18593231,0.02136316,-0.10972614,-0.03449397,-0.06664987,-0.054620214,-0.07710001,-0.012271788,-0.016612167
/mnt/sdd/caltech_training/multiclass/train/002.Laysan_Albatross/Laysan_Albatross_0093_725.jpg,1,-0.067830995,-0.046271957,0.17846206,0.021310661,-0.17557392,-0.054432854,-0.06292818,-0.016374666,-0.0444392,-0.0047236523,0.0012335242
/mnt/sdd/caltech_training/multiclass/train/002.Laysan_Albatross/Laysan_Albatross_0100_735.jpg,1,-0.14338437,-0.059101738,0.052529186,0.04939767,0.094834685,0.013967695,-0.051458985,-0.011300272,-0.10252761,-0.033172227,-0.007694917
/mnt/sdd/caltech_training/multiclass/train/002.Laysan_Albatross/Laysan_Albatross_0103_504.jpg,1,-0.015970398,0.050347522,0.09387233,0.047639914,0.057563215,0.05691111,-0.061661303,-0.059135508,0.0100873,0.027506065,-0.0045410325
/mnt/sdd/caltech_training/multiclass/train/002.Laysan_Albatross/Laysan_Albatross_0102_611.jpg,1,-0.18669446,-0.06918034,-0.01529819,-0.014641061,-0.09622409,-0.05154399,0.11564088,0.09724394,-0.14545743,-0.04232943,0.018739348
/mnt/sdd/caltech_training/multiclass/train/002.Laysan_Albatross/Laysan_Albatross_0099_869.jpg,1,0.027371503,0.01300377,-0.028581657,0.014740329,-0.1557898,-0.006111201,0.012572474,0.022252586,-0.11488564,0.020618346,-0.0002589397
/mnt/sdd/caltech_training/multiclass/train/002.Laysan_Albatross/Laysan_Albatross_0039_924.jpg,1,0.08140352,0.033786107,-0.14148855,-0.033220448,-0.07428789,-0.08284612,-7.1913004e-05,-0.0053407447,-0.168778,-0.034852903,-0.02468539
/mnt/sdd/caltech_training/multiclass/train/002.Laysan_Albatross/Laysan_Albatross_0023_1059.jpg,1,0.21847904,0.11256254,-0.023997622,0.015340911,0.08199778,0.079822324,-0.029501341,-0.03517455,0.03599465,-0.046237506,-0.020191006
/mnt/sdd/caltech_training/multiclass/train/002.Laysan_Albatross/Laysan_Albatross_0092_834.jpg,1,-0.020923749,-0.017143745,-0.067080036,-0.06464712,0.06444858,0.015930027,0.15465945,0.08293741,0.017712928,-0.0475682,-0.031634413
/mnt/sdd/caltech_training/multiclass/train/002.Laysan_Albatross/Laysan_Albatross_0083_756.jpg,1,-0.11282167,-0.055068895,0.030358352,0.03267175,0.09605782,0.027172744,-0.071537465,-0.054600906,0.024687849,-0.018154008,0.0020044898
/mnt/sdd/caltech_training/multiclass/train/002.Laysan_Albatross/Laysan_Albatross_0091_602.jpg,1,-0.17110723,-0.07462135,0.067961395,-0.032579284,-0.052950878,-0.052534427,0.009504875,0.005756397,-0.0023518726,0.038475752,-0.023245005
/mnt/sdd/caltech_training/multiclass/train/002.Laysan_Albatross/Laysan_Albatross_0056_500.jpg,1,0.161489,0.04080324,0.02301847,-0.014020029,-0.01647922,0.05703438,0.10712479,0.031165551,-0.02097169,0.03279969,-0.002039784
/mnt/sdd/caltech_training/multiclass/train/002.Laysan_Albatross/Laysan_Albatross_0001_545.jpg,1,-0.02149406,0.031960826,0.063767,0.055146478,0.1269475,0.075179964,-0.042190008,0.03516748,-0.051180616,-0.043723285,0.0011964263
/mnt/sdd/caltech_training/multiclass/train/002.Laysan_Albatross/Laysan_Albatross_0047_619.jpg,1,0.106435396,0.042375002,-0.1359111,-0.028507184,-0.099892825,0.0044426452,-0.11876367,-0.037785634,0.061082605,0.022498392,0.009998878
/mnt/sdd/caltech_training/multiclass/train/002.Laysan_Albatross/Laysan_Albatross_0025_571.jpg,1,0.008700259,0.009408307,-0.20187901,-0.1506602,-0.08473344,-0.036119744,-0.012428946,-0.04891794,0.02243735,-0.020539014,-0.0044090813
/mnt/sdd/caltech_training/multiclass/train/002.Laysan_Albatross/Laysan_Albatross_0006_702.jpg,1,-0.16790101,-0.044671997,0.0617405,0.032193094,-0.10332313,0.008828152,0.036060125,0.011468792,-0.06581254,-0.018576384,0.011801793
/mnt/sdd/caltech_training/multiclass/train/002.Laysan_Albatross/Laysan_Albatross_0070_788.jpg,1,-0.0035546683,-0.10051234,0.026818566,0.0051270276,0.12205746,0.056537095,0.035005767,0.035303704,-0.09554182,-0.05967705,-0.026904643
/mnt/sdd/caltech_training/multiclass/train/002.Laysan_Albatross/Laysan_Albatross_0044_784.jpg,1,-0.110047676,-0.08046522,-0.043624565,-0.05793018,0.12979141,-0.058215506,0.016172718,0.014162709,-0.112100095,-0.016374378,-0.004738824
/mnt/sdd/caltech_training/multiclass/train/002.Laysan_Albatross/Laysan_Albatross_0004_930.jpg,1,0.2537532,0.045416914,0.045923688,-0.009843472,-0.10702613,-0.025426203,0.032227978,0.035112754,-0.019119687,-0.010676402,-0.014602201
/mnt/sdd/caltech_training/multiclass/train/002.Laysan_Albatross/Laysan_Albatross_0094_1013.jpg,1,-0.052872367,-0.041196413,0.19074105,0.06143821,0.056022223,-0.0089836605,0.029179446,0.016055368,0.029454023,0.037090376,-0.004040851
/mnt/sdd/caltech_training/multiclass/train/002.Laysan_Albatross/Laysan_Albatross_0050_870.jpg,1,-0.07564625,-0.05496905,-0.074167594,0.0040293876,-0.11572535,-0.028304717,4.1350722e-05,0.03516155,-0.043126218,0.03794137,0.013100598
/mnt/sdd/caltech_training/multiclass/train/002.Laysan_Albatross/Laysan_Albatross_0088_883.jpg,1,-0.096059114,-0.03333208,-0.030440098,-0.026729561,0.03925909,-0.04775311,-0.07584161,-0.04521005,0.06837094,0.015692644,0.010153614
/mnt/sdd/caltech_training/multiclass/train/002.Laysan_Albatross/Laysan_Albatross_0055_570.jpg,1,-0.04181896,-0.007332719,-0.0984747,-0.11349438,0.012237698,-0.0060392935,0.03379637,0.05306976,-0.08291414,-0.03407342,-0.0048040426
/mnt/sdd/caltech_training/multiclass/train/002.Laysan_Albatross/Laysan_Albatross_0013_910.jpg,1,0.040912263,0.07832649,0.037664548,-0.05302884,-0.19172311,-0.04835617,0.016678205,0.012198251,0.0076302737,-0.017833263,-0.01498878
/mnt/sdd/caltech_training/multiclass/train/002.Laysan_Albatross/Laysan_Albatross_0071_792.jpg,1,0.014121246,0.06027329,-0.015646547,0.015077587,-0.05061816,-0.06362222,0.05166632,0.062204428,-0.08069488,-0.0069541465,-0.021200556
/mnt/sdd/caltech_training/multiclass/train/002.Laysan_Albatross/Laysan_Albatross_0029_482.jpg,1,0.034327835,0.056646597,0.16413671,0.05852904,0.07083912,-0.045576066,0.18580195,0.067697994,-0.09250691,-0.037377518,0.001562913
/mnt/sdd/caltech_training/multiclass/train/002.Laysan_Albatross/Laysan_Albatross_0034_628.jpg,1,0.07541649,0.0489858,-0.2763396,-0.072198816,-0.12015642,-0.036930937,-0.039128393,-0.018033614,0.062157974,0.011465941,0.011633813
/mnt/sdd/caltech_training/multiclass/train/003.Sooty_Albatross/Sooty_Albatross_0020_796359.jpg,2,-0.19361055,-0.007989955,0.1421357,0.04004047,-0.0781361,-0.076778494,-0.05118161,-0.007991796,-0.05100615,-0.055461034,-0.013235794
/mnt/sdd/caltech_training/multiclass/train/003.Sooty_Albatross/Sooty_Albatross_0006_796390.jpg,2,0.06350502,0.04910016,-0.013579443,-0.07074295,0.03161598,0.036349237,0.04592911,0.04165205,-0.06672938,-0.036795564,-0.028007176
/mnt/sdd/caltech_training/multiclass/train/003.Sooty_Albatross/Sooty_Albatross_0036_796387.jpg,2,0.087972015,-0.010809725,0.044302914,0.037562314,-0.20282608,-0.086168095,0.07820786,0.048047893,0.060043033,-0.050863564,-0.008004847
/mnt/sdd/caltech_training/multiclass/train/003.Sooty_Albatross/Sooty_Albatross_0043_1076.jpg,2,-0.25747216,-0.044992197,-0.24300192,-0.0370481,0.072530925,-0.008810107,-0.080034204,-0.041234605,-0.018609807,-0.011779003,-0.01489481
/mnt/sdd/caltech_training/multiclass/train/003.Sooty_Albatross/Sooty_Albatross_0055_1160.jpg,2,0.11621517,0.08910294,-0.097301796,-0.06073142,0.063461155,-0.00014354475,0.14246193,0.001180008,-0.04636434,-0.031961445,-0.019011257
/mnt/sdd/caltech_training/multiclass/train/003.Sooty_Albatross/Sooty_Albatross_0044_1105.jpg,2,-0.2021421,-0.11095025,0.12156102,-0.03301237,-0.032241568,0.05053129,0.12376499,0.038944613,-0.026905905,-0.01988145,-0.020411164
/mnt/sdd/caltech_training/multiclass/train/003.Sooty_Albatross/Sooty_Albatross_0051_796374.jpg,2,0.14653459,0.04720468,0.0032520778,0.029974323,0.09856176,0.043673232,-0.098011054,-0.009549581,-0.06325341,-0.027825363,0.0014539757
/mnt/sdd/caltech_training/multiclass/train/003.Sooty_Albatross/Sooty_Albatross_0064_796343.jpg,2,0.18562162,0.103736535,0.026235871,0.007958925,-0.008776303,0.021477617,0.066595085,-0.037413154,0.008204052,-0.026763642,-0.018461837
/mnt/sdd/caltech_training/multiclass/train/003.Sooty_Albatross/Sooty_Albatross_0034_1154.jpg,2,0.008120537,0.006410133,-0.05958565,0.08275334,0.06504398,0.011241737,0.042359244,0.017221928,-0.01952039,-0.02606146,0.0082976585
/mnt/sdd/caltech_training/multiclass/train/003.Sooty_Albatross/Sooty_Albatross_0054_796347.jpg,2,0.19907412,0.03939779,0.08168517,0.034181073,-0.056596875,-0.016408976,0.04359956,-0.038401693,0.044044517,0.0006590567,0.0034709303
/mnt/sdd/caltech_training/multiclass/train/003.Sooty_Albatross/Sooty_Albatross_0067_796376.jpg,2,-0.06485236,-0.05292541,-0.13147713,-0.027252143,0.004968656,0.025714897,-0.03226398,0.009125944,0.062326968,-0.023216415,0.006528959
/mnt/sdd/caltech_training/multiclass/train/003.Sooty_Albatross/Sooty_Albatross_0003_1078.jpg,2,0.020106412,-0.009354527,-0.018673077,0.09323297,0.008071853,0.04155463,0.0281426,-0.020083755,-0.10134375,-0.011642813,-0.01697973
/mnt/sdd/caltech_training/multiclass/train/003.Sooty_Albatross/Sooty_Albatross_0077_1080.jpg,2,0.3373122,0.10267886,0.16298187,-0.014789585,0.010194248,0.064156346,0.16160615,0.04168681,-0.118990585,-0.06926097,-0.002914718
/mnt/sdd/caltech_training/multiclass/train/003.Sooty_Albatross/Sooty_Albatross_0049_796350.jpg,2,-0.1427434,-0.12438578,0.073717624,0.038509514,0.05676812,0.0117745735,-0.007920347,-0.009632919,-0.06409078,-0.021395529,-0.0035551311
/mnt/sdd/caltech_training/multiclass/train/003.Sooty_Albatross/Sooty_Albatross_0070_796346.jpg,2,-0.35818553,-0.10389228,-0.101324916,0.022758473,0.016927224,-0.023325859,0.073922604,0.015586855,0.007738731,0.024885636,-0.012401461
/mnt/sdd/caltech_training/multiclass/train/003.Sooty_Albatross/Sooty_Albatross_0002_796395.jpg,2,0.037674516,-0.017564185,0.038132288,0.039426208,-0.028923519,0.050621904,0.04909845,0.05007828,-0.040008295,-0.025542552,-0.012499059
/mnt/sdd/caltech_training/multiclass/train/003.Sooty_Albatross/Sooty_Albatross_0016_1075.jpg,2,-0.03142262,0.084863506,-0.022497695,-0.018879406,-0.12214174,-0.0690932,-0.054993816,0.011178479,-0.03372731,-0.017616563,-0.013182717
/mnt/sdd/caltech_training/multiclass/train/003.Sooty_Albatross/Sooty_Albatross_0005_796342.jpg,2,0.058882117,0.009248145,-0.08970675,-0.06851639,0.13877904,0.03910039,0.024720501,-0.008717794,0.008957822,-0.020408582,-0.028806549
/mnt/sdd/caltech_training/multiclass/train/003.Sooty_Albatross/Sooty_Albatross_0013_796402.jpg,2,0.21915266,0.0752166,0.17794225,0.08427746,-0.039769277,0.009948056,0.12379724,0.06353472,0.06616555,0.06945422,-0.0055508115
/mnt/sdd/caltech_training/multiclass/train/003.Sooty_Albatross/Sooty_Albatross_0038_1065.jpg,2,-0.12654059,-0.09936739,-0.073289,-0.018889107,-0.031170428,-0.047092635,0.0026728585,-0.050902806,-0.021891003,-0.037972424,-0.020641968
/mnt/sdd/caltech_training/multiclass/train/003.Sooty_Albatross/Sooty_Albatross_0032_1149.jpg,2,-0.017336845,-0.0004731398,0.12784415,0.026297884,-0.13012125,-0.0514086,0.13636026,0.07470161,-0.09577571,-0.044014253,-0.0107211135
/mnt/sdd/caltech_training/multiclass/train/003.Sooty_Albatross/Sooty_Albatross_0076_796365.jpg,2,-0.13470472,-0.019836389,-0.057057157,-0.08633113,-0.0011709179,0.03363332,0.08968767,-0.0052282587,0.0308838,0.01360594,-0.011921391
/mnt/sdd/caltech_training/multiclass/train/003.Sooty_Albatross/Sooty_Albatross_0004_796366.jpg,2,-0.030367382,-0.07072712,0.08361046,0.011034904,0.10582,0.08461604,-0.01727497,-0.02329258,0.023879582,0.008695383,-0.023516629
/mnt/sdd/caltech_training/multiclass/train/003.Sooty_Albatross/Sooty_Albatross_0048_1130.jpg,2,0.03971355,0.072908595,-0.16390428,-0.13031487,-0.04294323,0.035456937,0.03759098,0.0010004155,-0.075956166,-0.032223735,-0.019397557
/mnt/sdd/caltech_training/multiclass/train/003.Sooty_Albatross/Sooty_Albatross_0050_796351.jpg,2,-0.14284968,-0.06011819,0.034830093,-0.042825107,0.12714423,-0.03395173,-0.011964975,-0.05247172,-0.08901152,-0.043374665,-0.0037417468
/mnt/sdd/caltech_training/multiclass/train/003.Sooty_Albatross/Sooty_Albatross_0014_796373.jpg,2,0.16429855,0.041648082,0.07180566,0.03179016,-0.003238812,-0.00864882,-0.008225702,0.025578737,-0.06501199,-0.020457951,-0.0030953041
/mnt/sdd/caltech_training/multiclass/train/003.Sooty_Albatross/Sooty_Albatross_0030_1122.jpg,2,0.13018146,0.11104323,0.08862452,-0.013290136,-0.051191587,0.06786029,-0.09495032,0.033945844,0.023141775,0.016616654,-0.015660465
/mnt/sdd/caltech_training/multiclass/train/003.Sooty_Albatross/Sooty_Albatross_0023_796401.jpg,2,0.054054797,0.008806604,0.012875199,0.01857945,0.008615598,0.020784771,0.08952528,0.029200481,0.114418,0.04503771,0.0010875235
/mnt/sdd/caltech_training/multiclass/train/003.Sooty_Albatross/Sooty_Albatross_0065_796367.jpg,2,-0.14848079,-0.13928196,-0.06923857,-0.038103502,0.028928624,0.036251355,0.11338438,-0.00077078305,-0.04137033,-0.01506831,-0.023956891
/mnt/sdd/caltech_training/multiclass/train/003.Sooty_Albatross/Sooty_Albatross_0010_796355.jpg,2,-0.022983149,-0.05761893,-0.18040852,-0.116861194,-0.06592055,0.024377007,0.10857441,-0.009419129,-0.010705043,-0.012734186,-0.028171647
/mnt/sdd/caltech_training/multiclass/train/003.Sooty_Albatross/Sooty_Albatross_0033_1128.jpg,2,-0.05005255,-0.060596295,-0.028037883,0.018209476,-0.022503145,-0.018832892,0.051857088,-0.045524426,-0.014025871,-0.024513733,-0.020850964
/mnt/sdd/caltech_training/multiclass/train/003.Sooty_Albatross/Sooty_Albatross_0021_796339.jpg,2,0.11398081,0.113253,-0.056966454,0.027977709,0.07085501,0.05420063,0.053148948,-0.009328,-0.04103359,0.0037453966,-0.020121686
/mnt/sdd/caltech_training/multiclass/train/003.Sooty_Albatross/Sooty_Albatross_0007_796372.jpg,2,0.14742206,0.03396438,0.16233319,0.051988274,-0.017974105,0.039400727,0.14425364,0.07521252,0.054076403,-0.0136488415,-0.011297614
/mnt/sdd/caltech_training/multiclass/train/003.Sooty_Albatross/Sooty_Albatross_0073_1171.jpg,2,-0.10729371,-0.029982746,-0.078210056,0.03887027,-0.02889224,-0.0603507,0.08964822,-0.0019835718,-0.062127724,-0.02144521,-0.012783874
/mnt/sdd/caltech_training/multiclass/train/003.Sooty_Albatross/Sooty_Albatross_0025_796361.jpg,2,-0.17542775,-0.0012858212,-0.0937586,0.09287234,0.103729576,0.057363786,0.1487249,0.027382929,-0.09228985,-0.075688094,0.0077982303
/mnt/sdd/caltech_training/multiclass/train/003.Sooty_Albatross/Sooty_Albatross_0031_1066.jpg,2,-0.08090328,-0.0052528586,0.12028781,-0.0058965683,0.12314094,-0.01658471,-0.017767042,-0.033653457,-0.06911667,-0.07583606,-0.01941834
/mnt/sdd/caltech_training/multiclass/train/003.Sooty_Albatross/Sooty_Albatross_0075_796352.jpg,2,-0.039413296,0.011182319,-0.15023363,-0.01446002,-0.04143253,0.04486116,0.1756502,0.08213445,-0.05333598,-0.04597373,-0.008721477
/mnt/sdd/caltech_training/multiclass/train/003.Sooty_Albatross/Sooty_Albatross_0040_796375.jpg,2,-0.17469162,0.0037770737,0.113425344,0.069930755,0.052493308,0.029947,0.026576828,-0.010327419,-0.030038347,-0.03759767,-0.022835663
/mnt/sdd/caltech_training/multiclass/train/003.Sooty_Albatross/Sooty_Albatross_0019_796391.jpg,2,0.10838668,0.06568485,0.05498305,0.026599951,0.041386303,-0.00841232,0.08561365,0.054353222,-0.06841352,-0.038639158,-0.025458597
/mnt/sdd/caltech_training/multiclass/train/003.Sooty_Albatross/Sooty_Albatross_0071_1116.jpg,2,0.2185698,0.13325606,0.08677253,0.025890702,0.19423632,0.12694123,0.03787545,0.03635279,0.024577975,0.022770107,-0.008705573
/mnt/sdd/caltech_training/multiclass/train/003.Sooty_Albatross/Sooty_Albatross_0069_796358.jpg,2,-0.08711231,-0.06463553,-0.023864474,0.017801315,0.0032593831,-0.0055594184,0.043521445,-0.013465283,0.0042912075,0.033181176,0.0058014663
/mnt/sdd/caltech_training/multiclass/train/003.Sooty_Albatross/Sooty_Albatross_0046_1211.jpg,2,-0.23765397,-0.08733167,-0.14607178,-0.024789074,0.09654588,0.01019264,-0.015536815,-0.050037745,-0.033840895,-0.021846633,-0.016608514
/mnt/sdd/caltech_training/multiclass/train/003.Sooty_Albatross/Sooty_Albatross_0041_796364.jpg,2,0.0052921697,-0.10677205,-0.06225033,-0.010072503,-0.05086778,0.004153137,0.10400154,0.035602883,-0.07625811,-0.07024862,-0.0038065622
/mnt/sdd/caltech_training/multiclass/train/003.Sooty_Albatross/Sooty_Albatross_0022_796398.jpg,2,-0.062336415,0.04754696,0.026739359,0.0033876002,0.12676793,0.0046959817,-0.074064285,-0.07759958,-0.06897253,-0.08581282,-0.010774566
/mnt/sdd/caltech_training/multiclass/train/003.Sooty_Albatross/Sooty_Albatross_0063_1101.jpg,2,0.14739281,0.0481115,-0.09672014,-0.07104917,-0.017776974,0.013944816,-0.023787908,0.023595046,-0.05373007,-0.007976987,-0.010167761
/mnt/sdd/caltech_training/multiclass/train/003.Sooty_Albatross/Sooty_Albatross_0079_796389.jpg,2,0.0029393993,-0.04810389,-0.15897961,-0.039852627,0.080275364,0.025308365,0.04319667,0.015154503,0.1343539,-0.001936363,-0.00140463
/mnt/sdd/caltech_training/multiclass/train/004.Groove_billed_Ani/Groove_Billed_Ani_0087_1765.jpg,3,-0.0047118785,-0.055779092,0.17304306,0.055221863,0.14381939,0.015603303,-0.08885758,-0.005754644,0.02768682,-0.008007482,-0.028314807
/mnt/sdd/caltech_training/multiclass/train/004.Groove_billed_Ani/Groove_Billed_Ani_0065_1502.jpg,3,-0.12688756,-0.04988955,0.011314951,-0.03875055,0.008328829,0.0012038397,0.16292268,0.06002534,-0.040386092,-0.030840607,0.0056524435
/mnt/sdd/caltech_training/multiclass/train/004.Groove_billed_Ani/Groove_Billed_Ani_0053_1672.jpg,3,0.032209106,0.0059118625,-0.32541862,-0.15879466,-0.10602638,-0.060052752,-0.02749721,0.0006316528,-0.1396146,0.0061762193,-0.013027847
/mnt/sdd/caltech_training/multiclass/train/004.Groove_billed_Ani/Groove_Billed_Ani_0092_1516.jpg,3,-0.2725585,-0.05968886,-0.08428602,-0.017384335,-0.07621931,-0.06676733,0.05981394,0.018798776,-0.101792745,-0.041965537,-0.01313886
/mnt/sdd/caltech_training/multiclass/train/004.Groove_billed_Ani/Groove_Billed_Ani_0074_1730.jpg,3,0.057994023,-0.018534208,-0.19463935,-0.07684374,0.033250414,-0.05565004,-0.014620902,0.018756654,-0.075336605,-0.008801803,-0.019533504
/mnt/sdd/caltech_training/multiclass/train/004.Groove_billed_Ani/Groove_Billed_Ani_0046_1663.jpg,3,0.087387584,-0.05067147,0.096506044,0.011116074,0.07351984,-0.011706818,0.028533809,-0.03883762,-0.012243867,-0.015920866,0.005388543
/mnt/sdd/caltech_training/multiclass/train/004.Groove_billed_Ani/Groove_Billed_Ani_0037_1560.jpg,3,0.19566628,-0.010040503,-0.04065539,-0.08116925,0.008265223,-0.007070871,0.070109665,0.0364838,0.050318826,0.021180656,-0.00986729
/mnt/sdd/caltech_training/multiclass/train/004.Groove_billed_Ani/Groove_Billed_Ani_0029_1620.jpg,3,0.18148854,-0.04640356,0.18623292,0.039163746,-0.024502136,0.00821523,0.009160473,0.03198044,0.015159078,-0.036947086,-0.009160622
/mnt/sdd/caltech_training/multiclass/train/004.Groove_billed_Ani/Groove_Billed_Ani_0033_1494.jpg,3,0.11676814,-0.046430446,0.10452169,0.023806887,-0.030645024,0.026479712,0.029375812,0.032873314,-0.032880157,-0.025518615,-0.0063174833
/mnt/sdd/caltech_training/multiclass/train/004.Groove_billed_Ani/Groove_Billed_Ani_0018_1613.jpg,3,0.07289733,-0.026280617,-0.02803952,-0.11710061,0.0027141022,0.018716015,0.04322418,0.03666184,0.032019872,-0.013503829,-0.00837102
/mnt/sdd/caltech_training/multiclass/train/004.Groove_billed_Ani/Groove_Billed_Ani_0004_1528.jpg,3,0.077956446,-0.018874658,0.1433784,0.025676524,0.13599718,0.035791736,-0.047393274,-0.030382393,-0.08226422,-0.04410342,-0.014562449
/mnt/sdd/caltech_training/multiclass/train/004.Groove_billed_Ani/Groove_Billed_Ani_0040_1715.jpg,3,0.0027970225,0.056045104,0.173951,0.009368695,0.039003663,-0.0010472378,-0.096221596,-0.008333662,0.0028419364,0.007839088,-0.013320975
/mnt/sdd/caltech_training/multiclass/train/004.Groove_billed_Ani/Groove_Billed_Ani_0036_1604.jpg,3,-0.12709607,-0.1510481,0.085966885,0.019080482,-0.0059043393,0.063149974,0.05599171,0.034217738,-0.036776472,-0.0357546,-0.011863176
/mnt/sdd/caltech_training/multiclass/train/004.Groove_billed_Ani/Groove_Billed_Ani_0069_1546.jpg,3,0.039896976,-0.054592367,-0.14454937,-0.023037517,0.052599277,-0.01886215,-0.06411518,0.034874346,0.08866211,0.039490074,-0.017017022
/mnt/sdd/caltech_training/multiclass/train/004.Groove_billed_Ani/Groove_Billed_Ani_0076_1661.jpg,3,0.053809155,-0.006805228,-0.099583015,-0.053348616,0.09812159,0.015231632,-0.048996903,0.008045783,0.140605,0.013037399,0.0022574211
/mnt/sdd/caltech_training/multiclass/train/004.Groove_billed_Ani/Groove_Billed_Ani_0068_1538.jpg,3,0.0028226934,-0.06848738,0.15091863,-0.07718914,0.004851911,0.018667132,0.08179398,0.05924656,0.03823058,-0.03115735,-0.008686062
/mnt/sdd/caltech_training/multiclass/train/004.Groove_billed_Ani/Groove_Billed_Ani_0017_1561.jpg,3,-0.14029813,-0.09635313,0.070220985,-0.009104369,-0.030513681,-0.081712835,0.0018708175,0.026071094,-0.10955149,-0.03970439,-0.015117043
/mnt/sdd/caltech_training/multiclass/train/004.Groove_billed_Ani/Groove_Billed_Ani_0031_1588.jpg,3,0.05902136,-0.008701406,-0.10238789,-0.028612424,-0.06985804,-0.05807142,0.05346384,0.020620981,-0.11477062,-0.016916255,-0.01585979
/mnt/sdd/caltech_training/multiclass/train/004.Groove_billed_Ani/Groove_Billed_Ani_0047_1706.jpg,3,-0.07945217,-0.14584662,0.12326924,0.008422358,0.0429356,0.016671034,0.039640307,0.04147182,-0.06839234,-0.023215462,-0.02720697
/mnt/sdd/caltech_training/multiclass/train/004.Groove_billed_Ani/Groove_Billed_Ani_0002_1670.jpg,3,-0.13742313,-0.034067713,-0.08370148,0.035107583,-0.1888768,-0.066678345,-0.0409268,-0.013277062,-0.026775468,-0.087330244,-0.026275413
/mnt/sdd/caltech_training/multiclass/train/004.Groove_billed_Ani/Groove_Billed_Ani_0012_1784.jpg,3,-0.047335304,-0.07390167,0.040290117,0.0039959364,-0.1455403,-0.045055874,-0.04087284,0.00033011008,-0.054171413,-0.037753128,0.00067758304
/mnt/sdd/caltech_training/multiclass/train/004.Groove_billed_Ani/Groove_Billed_Ani_0023_1485.jpg,3,-0.043437406,0.024413098,-0.11341315,-0.02658325,-0.10206951,0.005570038,-0.0016101263,-0.023383241,-0.04419323,-0.024194844,-0.009615685
/mnt/sdd/caltech_training/multiclass/train/004.Groove_billed_Ani/Groove_Billed_Ani_0005_1750.jpg,3,0.10990447,0.040623054,-0.06939301,0.031242864,-0.031215144,0.00071510393,-0.015013985,-0.016220745,-0.086731024,-0.032372363,-0.008262287
/mnt/sdd/caltech_training/multiclass/train/004.Groove_billed_Ani/Groove_Billed_Ani_0108_1639.jpg,3,-0.23112863,-0.08403739,-0.09598845,-0.034745418,-0.09171218,-0.021145571,-0.066148415,-0.007956461,-0.067654915,-0.018633768,-0.036356494
/mnt/sdd/caltech_training/multiclass/train/004.Groove_billed_Ani/Groove_Billed_Ani_0100_1646.jpg,3,-0.19734475,-0.016054742,0.0687405,0.022056734,-0.2035038,-0.040317636,-0.046168104,-0.038004577,-0.035650037,-0.0017931107,-0.0032755602
/mnt/sdd/caltech_training/multiclass/train/004.Groove_billed_Ani/Groove_Billed_Ani_0035_1591.jpg,3,-0.06263344,-0.10074063,0.13490881,-0.0025186352,-0.014300112,-0.054972928,-0.13540766,-0.055451367,-0.032030333,0.017480493,-0.016333105
/mnt/sdd/caltech_training/multiclass/train/004.Groove_billed_Ani/Groove_Billed_Ani_0032_1776.jpg,3,0.09369603,0.015220191,-0.23648646,-0.07367547,0.051096987,-0.0142962355,0.045498684,0.027963113,-0.09122309,-0.02814657,-0.027305815
/mnt/sdd/caltech_training/multiclass/train/004.Groove_billed_Ani/Groove_Billed_Ani_0060_1505.jpg,3,0.106663205,-0.025836283,0.11538559,0.045900922,0.0148890335,-0.010572963,-0.007954538,0.01818087,-0.021648768,-0.016234726,-0.025506614
/mnt/sdd/caltech_training/multiclass/train/004.Groove_billed_Ani/Groove_Billed_Ani_0078_1780.jpg,3,-0.09458763,-0.015004823,-0.2297107,-0.079037815,-0.09623714,-0.048885096,0.005493179,-0.0030037314,0.09332561,0.00956765,-0.0119317565
/mnt/sdd/caltech_training/multiclass/train/004.Groove_billed_Ani/Groove_Billed_Ani_0075_1617.jpg,3,-0.12541792,-0.10630666,0.010865532,-0.033282477,0.0041955225,-0.009578251,0.0068787076,0.053241115,0.07053025,-0.020902772,-0.020278424
/mnt/sdd/caltech_training/multiclass/train/004.Groove_billed_Ani/Groove_Billed_Ani_0044_1731.jpg,3,0.038389668,-0.11642542,-0.09203279,-0.07458483,-0.08725395,-0.037897415,0.069087476,0.04592429,-0.059049413,-0.0003775102,-0.013627551
/mnt/sdd/caltech_training/multiclass/train/004.Groove_billed_Ani/Groove_Billed_Ani_0006_1763.jpg,3,0.07232411,0.046431348,-0.0687236,-0.057400808,-0.13444039,-0.02564191,0.07557491,0.0349622,-0.013541438,-0.013676096,-0.00035661086
/mnt/sdd/caltech_training/multiclass/train/004.Groove_billed_Ani/Groove_Billed_Ani_0061_1510.jpg,3,-0.048979584,-0.117029786,0.021610249,0.0132753365,0.08753439,-0.041755542,0.0034307986,0.06419323,-0.09650217,-0.00170701,0.004771727
/mnt/sdd/caltech_training/multiclass/train/004.Groove_billed_Ani/Groove_Billed_Ani_0109_1592.jpg,3,-0.22312291,-0.10953313,0.078770064,0.09615785,0.055777177,-0.031650472,-0.017441038,-0.009938604,-0.020897705,-0.026224839,-0.011633677
/mnt/sdd/caltech_training/multiclass/train/004.Groove_billed_Ani/Groove_Billed_Ani_0019_1585.jpg,3,-0.21167001,-0.022569124,-0.17656831,-0.11507785,-0.009026828,-0.03235987,-0.0773309,0.03225932,-0.13753457,-0.04093739,-0.02348361
/mnt/sdd/caltech_training/multiclass/train/004.Groove_billed_Ani/Groove_Billed_Ani_0056_1493.jpg,3,-0.07135425,0.0072112763,-0.0326858,-0.07687153,-0.09509718,-0.03311964,-0.034057107,-0.008697975,-0.015026576,0.057227083,-0.010727518
/mnt/sdd/caltech_training/multiclass/train/004.Groove_billed_Ani/Groove_Billed_Ani_0080_1549.jpg,3,0.15530047,0.08740493,0.13928382,0.010734281,-0.17097472,-0.10500595,-0.033817492,0.027077701,-0.031538256,0.011210463,-0.011092595
/mnt/sdd/caltech_training/multiclass/train/004.Groove_billed_Ani/Groove_Billed_Ani_0051_1650.jpg,3,-0.15972058,-0.06802246,-0.0019089952,-0.06518187,-0.0046003424,-0.039374806,-0.060360603,-0.023759972,0.052180793,0.035036914,-0.025282083
/mnt/sdd/caltech_training/multiclass/train/004.Groove_billed_Ani/Groove_Billed_Ani_0090_1567.jpg,3,0.027771588,0.004241973,0.032958116,-0.036502294,-0.20472902,-0.036806226,0.003725999,0.0238716,0.0029063802,0.017473226,0.0025445304
/mnt/sdd/caltech_training/multiclass/train/004.Groove_billed_Ani/Groove_Billed_Ani_0072_1696.jpg,3,-0.045876745,-0.050499246,-0.039657388,-0.08373552,-0.06947584,-0.05716148,-0.041311506,-0.06297892,-0.1046231,-0.0485883,-0.039225735
/mnt/sdd/caltech_training/multiclass/train/004.Groove_billed_Ani/Groove_Billed_Ani_0105_1562.jpg,3,-0.08628291,-0.019523172,-0.07708783,-0.08061272,0.06816913,0.023813158,-0.040478513,-0.03849155,-0.14163369,-0.010346869,-0.013218079
/mnt/sdd/caltech_training/multiclass/train/004.Groove_billed_Ani/Groove_Billed_Ani_0107_1590.jpg,3,0.03179258,-0.014669017,-0.21799713,-0.13421433,0.09685783,0.032784864,-0.057345685,-0.04623477,0.0027565993,-0.005240554,-0.018609218
/mnt/sdd/caltech_training/multiclass/train/004.Groove_billed_Ani/Groove_Billed_Ani_0088_1678.jpg,3,0.059846535,-0.009060357,-0.06058594,-0.038262323,0.016505307,-0.11899218,-0.07521323,-0.047330156,-0.0858743,-0.051399093,-0.03796715
/mnt/sdd/caltech_training/multiclass/train/004.Groove_billed_Ani/Groove_Billed_Ani_0059_1480.jpg,3,-0.18434466,-0.07938817,-0.12182682,-0.03910087,-0.014891786,0.0045787767,-0.10573399,-0.061736163,-0.018053096,0.0055920226,-0.016018774
/mnt/sdd/caltech_training/multiclass/train/004.Groove_billed_Ani/Groove_Billed_Ani_0101_1700.jpg,3,-0.049379166,0.0028327983,-0.10316378,-0.05640196,0.09361642,-0.035260633,0.0075488947,0.0031983815,-0.06507483,-0.030846538,-0.03126495
/mnt/sdd/caltech_training/multiclass/train/004.Groove_billed_Ani/Groove_Billed_Ani_0014_1755.jpg,3,-0.1385284,-0.07055684,-0.032667305,-0.03778479,0.16855416,-0.007565924,-0.09682945,-0.028467182,0.05529132,0.008136402,-0.008151956
/mnt/sdd/caltech_training/multiclass/train/004.Groove_billed_Ani/Groove_Billed_Ani_0077_1724.jpg,3,-0.14440161,-0.0089718215,0.09871604,-0.043745875,-0.14252734,-0.04065656,0.038872357,-0.011383889,-0.10952467,-0.0018549282,0.0028932057
/mnt/sdd/caltech_training/multiclass/train/004.Groove_billed_Ani/Groove_Billed_Ani_0027_1754.jpg,3,-0.107683375,-0.0020441953,-0.082861595,-0.07786772,-0.089519456,-0.07150306,-0.09345941,-0.069327325,-0.06622565,-0.027564455,-0.0062955283
/mnt/sdd/caltech_training/multiclass/train/005.Crested_Auklet/Crested_Auklet_0005_794922.jpg,4,-0.11921864,-0.0771146,-0.04183299,0.0043614497,-0.042654265,-0.032508776,-0.023995914,0.0051227147,-0.019564772,0.039311133,-0.0043791896
/mnt/sdd/caltech_training/multiclass/train/005.Crested_Auklet/Crested_Auklet_0011_794927.jpg,4,-0.057338275,-0.04214717,0.0024258848,-0.0034097396,0.032377876,-0.023209501,-0.03656885,-0.007046231,-0.09610075,-0.04846455,0.012538524
/mnt/sdd/caltech_training/multiclass/train/005.Crested_Auklet/Crested_Auklet_0019_794925.jpg,4,-0.0817501,-0.03600785,-0.014152065,-0.042226695,0.01933625,-0.061362833,-0.09323307,-0.010711471,-0.13209967,-0.05732011,-0.0069825053
/mnt/sdd/caltech_training/multiclass/train/005.Crested_Auklet/Crested_Auklet_0033_794964.jpg,4,-0.16956085,-0.101759315,-0.2856198,-0.07108675,-0.10130743,0.001040034,-0.050493874,-0.03951358,-0.054678224,-0.0046051983,0.0040521976
/mnt/sdd/caltech_training/multiclass/train/005.Crested_Auklet/Crested_Auklet_0057_794932.jpg,4,-0.09468207,-0.008546906,0.18486556,-0.0014898144,0.13139643,0.007622379,-0.00033047423,0.04208581,-0.08044377,-0.032721348,-0.005046537
/mnt/sdd/caltech_training/multiclass/train/005.Crested_Auklet/Crested_Auklet_0013_794914.jpg,4,-0.32711285,-0.1324094,0.0044011855,0.026438154,0.12355306,-0.015247485,-0.07792598,-0.0719581,-0.016275,-0.012515466,0.0060164398
/mnt/sdd/caltech_training/multiclass/train/005.Crested_Auklet/Crested_Auklet_0040_794912.jpg,4,-0.100788884,-0.10638675,-0.058673497,-0.009037599,0.07559767,-0.03286617,-0.057533756,-0.023460492,0.115921214,-0.051027082,0.0044384147
/mnt/sdd/caltech_training/multiclass/train/005.Crested_Auklet/Crested_Auklet_0066_785251.jpg,4,-0.049722947,-0.014739532,-0.13525161,-0.022402639,0.08140775,-0.014211297,-0.046251006,-0.049294766,0.019015485,-0.05655033,0.010625755
/mnt/sdd/caltech_training/multiclass/train/005.Crested_Auklet/Crested_Auklet_0029_1824.jpg,4,0.090576306,0.036447022,-0.05468633,-0.0698305,-0.1065657,-0.12102718,-0.019682957,-0.022037908,-0.10449338,-0.0008651512,-0.011644175
/mnt/sdd/caltech_training/multiclass/train/005.Crested_Auklet/Crested_Auklet_0076_785252.jpg,4,0.1215152,0.007932455,-0.06580039,0.020007625,-0.10627023,-0.03263907,0.028081808,0.01637383,-0.054208383,-0.06170131,0.012995191
/mnt/sdd/caltech_training/multiclass/train/005.Crested_Auklet/Crested_Auklet_0044_1825.jpg,4,-0.0620649,-0.04908586,0.030771786,0.11743969,-0.0961262,-0.004675228,-0.007410705,0.04297251,-0.036104567,0.008796119,0.0056483704
/mnt/sdd/caltech_training/multiclass/train/005.Crested_Auklet/Crested_Auklet_0003_794962.jpg,4,-0.16616732,-0.07541286,0.24183707,0.06290031,0.011747107,0.010109827,-0.03992222,0.022721864,-0.001411099,-0.043599263,0.04039247
/mnt/sdd/caltech_training/multiclass/train/005.Crested_Auklet/Crested_Auklet_0010_794907.jpg,4,-0.15964329,0.011493655,-0.14953223,-0.006991029,-0.08420745,-0.068384334,-0.045452878,-0.03910702,-0.12946784,-0.09886815,0.014205856
/mnt/sdd/caltech_training/multiclass/train/005.Crested_Auklet/Crested_Auklet_0018_1817.jpg,4,-0.0392411,-0.09506549,-0.043619998,-0.015393933,-0.17720579,-0.016283978,0.0069287084,-0.040905196,0.08565441,0.04006669,0.018557517
/mnt/sdd/caltech_training/multiclass/train/005.Crested_Auklet/Crested_Auklet_0001_794941.jpg,4,0.024300046,0.0178217,0.0005424302,-0.008212931,-0.022048458,-0.104634315,-0.042694826,0.054512285,-0.06939844,-0.05545402,0.0031442964
/mnt/sdd/caltech_training/multiclass/train/005.Crested_Auklet/Crested_Auklet_0021_794938.jpg,4,-0.11319727,-0.12927008,0.13552189,0.054475125,-0.069338635,-0.044687245,0.041517362,-0.013401117,-0.024978798,-0.031460263,0.026921079
/mnt/sdd/caltech_training/multiclass/train/005.Crested_Auklet/Crested_Auklet_0072_785260.jpg,4,-0.03783934,-0.031315073,-0.0066749398,-0.014181804,-0.004741581,0.043380864,-0.024303414,-0.022433283,0.003563121,-0.0524961,0.0077558802
/mnt/sdd/caltech_training/multiclass/train/005.Crested_Auklet/Crested_Auklet_0067_785249.jpg,4,-0.081401825,-0.08492761,-0.15349911,-0.06802619,-0.1744231,-0.0025443584,0.027273528,-0.014031486,-0.089644015,-0.02067371,0.0036517342
/mnt/sdd/caltech_training/multiclass/train/005.Crested_Auklet/Crested_Auklet_0012_794960.jpg,4,0.088041365,-0.025894383,-0.0786117,-0.0646386,-0.09978296,0.044572484,0.023510477,-0.00356889,0.040109035,-0.019996831,0.01009221
/mnt/sdd/caltech_training/multiclass/train/005.Crested_Auklet/Crested_Auklet_0032_794931.jpg,4,-0.0027212128,0.08585253,0.11430889,-0.034639824,-0.110239774,-0.009754695,0.027358735,0.056610256,0.0039930567,-0.032789987,0.00659848
/mnt/sdd/caltech_training/multiclass/train/005.Crested_Auklet/Crested_Auklet_0075_785259.jpg,4,0.10641931,0.0008684285,-0.26527524,-0.08247966,-0.14581947,0.028970713,0.046282575,0.027261488,0.109604955,0.062140934,0.01865698
/mnt/sdd/caltech_training/multiclass/train/005.Crested_Auklet/Crested_Auklet_0041_794910.jpg,4,-0.16739295,0.029567825,0.047555253,-0.03785318,-0.15592456,-0.0967901,-0.033378866,-0.07517555,0.031328037,-0.008805497,0.032705747
/mnt/sdd/caltech_training/multiclass/train/005.Crested_Auklet/Crested_Auklet_0068_785253.jpg,4,-0.112829424,0.023597278,-0.043910015,-0.025926422,-0.104941845,-0.07548943,0.025375772,-0.0121002775,-0.063251406,-0.024986088,0.009371272
/mnt/sdd/caltech_training/multiclass/train/005.Crested_Auklet/Crested_Auklet_0063_794901.jpg,4,-0.14111605,-0.102336,-0.054036967,-0.024480926,-0.0523548,0.06222353,-0.017524708,-0.059712555,0.037824538,-0.03204474,0.026564674
/mnt/sdd/caltech_training/multiclass/train/005.Crested_Auklet/Crested_Auklet_0059_794929.jpg,4,0.023836326,-0.03351523,0.047570784,0.02665944,-0.040478718,-0.048222635,-0.12342712,-0.0182493,-0.07206817,-0.008374782,0.010447193
/mnt/sdd/caltech_training/multiclass/train/005.Crested_Auklet/Crested_Auklet_0062_794968.jpg,4,0.07721594,-0.027224798,0.05951152,0.002782804,0.04095647,0.0017833039,-0.056418262,-0.014994681,-0.076664686,-0.013699715,-0.0011811386
/mnt/sdd/caltech_training/multiclass/train/005.Crested_Auklet/Crested_Auklet_0070_785261.jpg,4,0.11414792,-0.011410054,0.10679944,0.0066873655,-0.22689924,-0.012813974,-0.008628476,0.026298873,0.022323653,-0.05176945,0.017914448
/mnt/sdd/caltech_training/multiclass/train/005.Crested_Auklet/Crested_Auklet_0036_794905.jpg,4,0.13215365,0.022230022,0.18697315,0.04231959,-0.14265017,-0.038222753,0.067405604,0.004717293,-0.02736963,-0.03727509,0.0036256537
/mnt/sdd/caltech_training/multiclass/train/005.Crested_Auklet/Crested_Auklet_0074_794949.jpg,4,-0.050005477,-0.102572896,0.1673542,-0.020628003,-0.08561022,0.0022487491,0.04660674,0.016958123,0.0009921491,-0.021663517,0.0032270665
/mnt/sdd/caltech_training/multiclass/train/005.Crested_Auklet/Crested_Auklet_0042_794902.jpg,4,0.04086904,0.038680613,0.030841215,0.007824022,-0.04403202,-0.0014674813,0.028471101,0.012729525,-0.10106523,-0.091542095,0.01416384
/mnt/sdd/caltech_training/multiclass/train/005.Crested_Auklet/Crested_Auklet_0069_785258.jpg,4,-0.012027182,0.019438904,0.033493534,-0.018154765,-0.2379288,-0.031013079,-0.053936414,-0.021079142,-0.028922271,6.379653e-05,0.01915384
/mnt/sdd/caltech_training/multiclass/train/005.Crested_Auklet/Crested_Auklet_0061_794904.jpg,4,0.09753162,0.04281443,0.07951012,0.0649444,-0.15808177,-0.07133882,-0.07405129,-0.012384999,-0.06454327,-0.049503528,0.0019639996
/mnt/sdd/caltech_training/multiclass/train/005.Crested_Auklet/Crested_Auklet_0073_785248.jpg,4,0.1135711,-0.030302465,-0.0044489354,0.06839773,-0.19894716,-0.038256355,-0.041568924,-0.02118189,0.046854466,-0.013051327,0.02614166
/mnt/sdd/caltech_training/multiclass/train/005.Crested_Auklet/Crested_Auklet_0077_785257.jpg,4,-0.16642803,-0.113204084,0.033133905,0.0326997,-0.24242188,0.018956799,-0.038210783,-0.0039600227,0.023577109,-0.04814404,0.02713302
/mnt/sdd/caltech_training/multiclass/train/005.Crested_Auklet/Crested_Auklet_0052_794952.jpg,4,-0.017937671,-0.10079562,-0.042694233,-0.0037016254,-0.042682275,-0.07974563,-0.06034887,0.02535722,-0.037200484,-0.06013261,0.01845868
/mnt/sdd/caltech_training/multiclass/train/006.Least_Auklet/Least_Auklet_0018_795077.jpg,5,0.21522447,0.08283622,0.057745665,0.0049187057,0.16403553,-0.010989051,-0.06874707,-0.0205337,-0.11543095,-0.0584656,0.003922401
/mnt/sdd/caltech_training/multiclass/train/006.Least_Auklet/Least_Auklet_0011_795109.jpg,5,0.18197447,0.059756503,-0.09245192,-0.06602685,0.056489915,-0.019090112,-0.021534845,0.00826109,-0.09705567,0.04472887,0.008764768
/mnt/sdd/caltech_training/multiclass/train/006.Least_Auklet/Least_Auklet_0021_795127.jpg,5,0.11613169,0.03548228,0.10567175,0.10034306,0.019838352,0.0072367284,0.05101817,-0.0010105073,-0.03541088,-0.029340357,0.013488162
/mnt/sdd/caltech_training/multiclass/train/006.Least_Auklet/Least_Auklet_0039_795081.jpg,5,-0.14360827,-0.0509554,-0.24509236,-0.017703239,0.09792773,-0.043169834,-0.10563274,-0.052877545,0.035856456,-0.0012018625,0.0031118616
/mnt/sdd/caltech_training/multiclass/train/006.Least_Auklet/Least_Auklet_0046_795118.jpg,5,0.2012527,0.0344744,0.006776206,0.07091457,0.04715307,0.03808198,0.058577366,0.037531152,-0.038392,-0.011560305,0.0057429
/mnt/sdd/caltech_training/multiclass/train/006.Least_Auklet/Least_Auklet_0040_795100.jpg,5,0.06973659,-0.0033062967,0.0011056252,0.00919337,0.084222004,-0.02259773,0.056319214,0.0017188136,0.08280432,0.017828159,0.0030951584
/mnt/sdd/caltech_training/multiclass/train/006.Least_Auklet/Least_Auklet_0041_795107.jpg,5,0.09854132,-0.0010603154,0.034710392,-0.0013691373,0.07309857,0.050211977,0.019528963,0.04714636,-0.104895815,-0.0244345,0.008001632
/mnt/sdd/caltech_training/multiclass/train/006.Least_Auklet/Least_Auklet_0052_795088.jpg,5,0.14416856,0.04896518,0.043365877,0.058350373,0.15559514,-0.022969002,-0.057825215,0.0023770332,-0.018248677,-0.030844983,0.0068437867
/mnt/sdd/caltech_training/multiclass/train/006.Least_Auklet/Least_Auklet_0026_795066.jpg,5,0.016904833,-0.0027681626,-0.05160553,-0.0695146,0.07530767,0.011993533,0.046813555,0.0037806872,0.073295146,0.0030573998,0.0084730545
/mnt/sdd/caltech_training/multiclass/train/006.Least_Auklet/Least_Auklet_0029_795122.jpg,5,-0.027886704,-0.06941662,-0.027181987,0.024336461,0.025697313,0.013279971,0.060700953,0.025283072,0.08832634,-0.031213392,-0.013751295
/mnt/sdd/caltech_training/multiclass/train/006.Least_Auklet/Least_Auklet_0060_795095.jpg,5,-0.0030897334,-0.0049726926,-0.008205667,-0.026254816,0.026751362,0.0011370145,-0.0058618765,0.026409462,0.037882283,-0.029777573,0.018843131
/mnt/sdd/caltech_training/multiclass/train/006.Least_Auklet/Least_Auklet_0058_1931.jpg,5,-0.012605026,-0.025766294,-0.2383405,-0.119932026,0.08677532,0.025353292,0.029183444,0.01341117,-0.011924252,-0.0009514615,0.02170452
/mnt/sdd/caltech_training/multiclass/train/006.Least_Auklet/Least_Auklet_0043_795067.jpg,5,-0.006284952,-0.036082044,-0.026546065,0.042582106,-0.036042288,-0.021113323,-0.006872195,-0.029501222,-0.07267961,-0.03470555,-0.008053188
/mnt/sdd/caltech_training/multiclass/train/006.Least_Auklet/Least_Auklet_0005_795119.jpg,5,0.2170589,0.10019429,0.12695885,0.075817116,-0.023283955,-0.003833618,0.07571715,0.0142673245,-0.01964742,-0.010767998,0.01688751
/mnt/sdd/caltech_training/multiclass/train/006.Least_Auklet/Least_Auklet_0028_795094.jpg,5,-0.07921447,-0.08200373,-0.06078551,0.0062106997,0.08540193,0.0062693395,-0.009696972,-0.057625074,0.0023816004,0.027447734,0.0050173607
/mnt/sdd/caltech_training/multiclass/train/006.Least_Auklet/Least_Auklet_0010_795092.jpg,5,0.12413486,0.05689071,-0.02811298,-0.0047659157,0.0598975,0.006020508,-0.050188437,0.013118617,-0.036091063,-0.027749121,0.012694895
/mnt/sdd/caltech_training/multiclass/train/006.Least_Auklet/Least_Auklet_0050_1924.jpg,5,-0.0018353462,-0.08921066,0.035103373,0.029308695,0.06574677,-0.013050078,0.09349878,-0.0102758305,-0.089274816,0.0053627566,-0.0003920223
/mnt/sdd/caltech_training/multiclass/train/006.Least_Auklet/Least_Auklet_0007_795123.jpg,5,0.047650293,0.029309746,0.16059,0.028668202,0.039420642,-0.014469283,0.052562024,0.036431313,-0.0355984,-0.03555657,0.0026051383
/mnt/sdd/caltech_training/multiclass/train/006.Least_Auklet/Least_Auklet_0027_795091.jpg,5,-0.0969811,0.006690109,-0.055157542,0.030943027,0.0749128,-0.047779113,-0.17776066,-0.060072467,-0.10913354,-0.029542882,0.017349586
/mnt/sdd/caltech_training/multiclass/train/006.Least_Auklet/Least_Auklet_0020_795080.jpg,5,0.048283506,-0.02059909,-0.07868805,0.036610886,0.15453425,0.008967618,-0.057372026,0.04237546,-0.009208705,-0.0032011308,0.005164818
/mnt/sdd/caltech_training/multiclass/train/006.Least_Auklet/Least_Auklet_0032_795068.jpg,5,0.069810644,0.030987434,-0.275047,-0.09979008,0.1021,0.061446615,-0.076615356,-0.007782636,-0.003445387,0.0039284695,-0.0133971
/mnt/sdd/caltech_training/multiclass/train/006.Least_Auklet/Least_Auklet_0030_795116.jpg,5,0.2679634,0.04826357,0.21673538,0.056456245,0.21194513,0.08667971,-0.07040951,-0.00029507326,-0.10231113,0.018011793,0.0024326728
/mnt/sdd/caltech_training/multiclass/train/006.Least_Auklet/Least_Auklet_0024_795120.jpg,5,-0.02799532,-0.028841898,-0.09707676,-0.041692514,-0.009807553,-0.003403183,-0.0075744484,-0.014002733,-0.055864394,-0.03491857,-0.018208575
/mnt/sdd/caltech_training/multiclass/train/006.Least_Auklet/Least_Auklet_0025_795087.jpg,5,0.33556724,0.10533482,0.14506996,0.016378574,0.1024855,0.054443836,0.0360238,0.054285668,-0.058061115,-0.051168017,0.0040873396
/mnt/sdd/caltech_training/multiclass/train/006.Least_Auklet/Least_Auklet_0023_1898.jpg,5,-0.0013641566,0.05435346,-0.16632861,0.0412826,0.03179218,-0.025143165,-0.054001816,-0.00702419,0.015302375,-0.014993551,0.010060836
/mnt/sdd/caltech_training/multiclass/train/006.Least_Auklet/Least_Auklet_0008_795071.jpg,5,0.09036396,0.058415,-0.081774116,-0.010758217,0.060482122,0.02764985,0.08179713,0.062471576,0.07054208,-0.015179226,-0.00083463057
/mnt/sdd/caltech_training/multiclass/train/006.Least_Auklet/Least_Auklet_0015_795065.jpg,5,-0.09901072,-0.0013688654,-0.20368385,-0.000111537054,-0.11063479,-0.079626925,-0.055945516,-0.009912702,-0.05770062,-0.015455529,-0.013103015
/mnt/sdd/caltech_training/multiclass/train/006.Least_Auklet/Least_Auklet_0038_795132.jpg,5,-0.0017993487,-0.009278452,-0.020821186,-0.0077327965,0.049337734,0.0006299559,-0.032298796,0.0028300881,0.030242432,-0.029218687,0.019754253
/mnt/sdd/caltech_training/multiclass/train/006.Least_Auklet/Least_Auklet_0054_795130.jpg,5,0.15149438,-0.020525984,-0.0009494154,-0.01912571,0.022596708,0.017366134,0.10520155,0.1093867,0.02080375,-0.02629356,0.001153538
/mnt/sdd/caltech_training/multiclass/train/006.Least_Auklet/Least_Auklet_0042_1874.jpg,5,0.04395411,0.049412996,-0.09729384,-0.05167966,-0.15284611,-0.026463635,0.005266065,0.035579525,-0.064377084,-0.015236749,0.01893086
/mnt/sdd/caltech_training/multiclass/train/006.Least_Auklet/Least_Auklet_0034_795096.jpg,5,0.052122936,0.031747207,-0.15211947,0.0048566707,0.13141824,-0.012594414,-0.057129953,-0.034111395,-0.028439548,-0.019602478,-0.0002273575
/mnt/sdd/caltech_training/multiclass/train/006.Least_Auklet/Least_Auklet_0055_795106.jpg,5,-0.0840646,-0.039621077,0.0056858137,0.082296394,-0.041371085,-0.033123728,-0.07285696,0.007255028,-0.022131324,0.010183255,0.0031960928
/mnt/sdd/caltech_training/multiclass/train/007.Parakeet_Auklet/Parakeet_Auklet_0078_2004.jpg,6,-0.14024703,-0.016868474,-0.06793072,-0.06321349,0.027862728,0.0010874544,-0.037300736,-0.0034848265,0.06658511,0.010818083,-0.0027408183
/mnt/sdd/caltech_training/multiclass/train/007.Parakeet_Auklet/Parakeet_Auklet_0067_795964.jpg,6,-0.024184188,-0.015739663,-0.050279684,0.0325355,-0.08700645,-0.007010326,-0.01149667,-0.028960368,0.028180834,0.014489997,-0.017413754
/mnt/sdd/caltech_training/multiclass/train/007.Parakeet_Auklet/Parakeet_Auklet_0064_795954.jpg,6,-0.03869371,-0.05113951,-0.1008866,0.0018304158,-0.054279007,-0.09067721,-0.013960838,-0.0015454497,-0.05377175,0.022035776,0.004073336
/mnt/sdd/caltech_training/multiclass/train/007.Parakeet_Auklet/Parakeet_Auklet_0050_795957.jpg,6,-0.01785716,0.059247382,-0.08417692,-0.09214193,-0.081257865,0.027436927,0.08846104,0.019884672,0.09128228,0.03912721,-0.018620193
/mnt/sdd/caltech_training/multiclass/train/007.Parakeet_Auklet/Parakeet_Auklet_0001_795972.jpg,6,0.10774012,0.005013369,0.14899653,0.054550327,-0.10380529,0.019136328,0.12767018,0.06304004,0.064192064,0.011233826,-0.02106166
/mnt/sdd/caltech_training/multiclass/train/007.Parakeet_Auklet/Parakeet_Auklet_0007_795932.jpg,6,0.15613478,0.084466115,-0.038290624,0.009331017,0.0690958,0.0112154065,-0.01972374,0.0016413108,0.058028463,0.030529812,-0.004360565
/mnt/sdd/caltech_training/multiclass/train/007.Parakeet_Auklet/Parakeet_Auklet_0012_795927.jpg,6,0.24322595,0.010191299,0.0116095785,0.018036949,-0.07518317,-0.060612842,0.13108014,0.04458023,0.1833584,0.016835198,-0.015263836
/mnt/sdd/caltech_training/multiclass/train/007.Parakeet_Auklet/Parakeet_Auklet_0003_795982.jpg,6,-0.075789385,-0.038223285,0.20642787,-0.0073545827,0.025320515,-0.017159458,0.002338402,0.005200859,0.061873607,0.02661536,-0.0063484916
/mnt/sdd/caltech_training/multiclass/train/007.Parakeet_Auklet/Parakeet_Auklet_0020_795947.jpg,6,-0.027932692,0.013487571,-0.039309256,-0.022265274,-0.16057417,-0.046325468,0.030878834,-0.0079347305,-0.07757304,-0.0010003811,0.013731565
/mnt/sdd/caltech_training/multiclass/train/007.Parakeet_Auklet/Parakeet_Auklet_0059_795973.jpg,6,0.26093453,0.1276904,-0.09083803,-0.015536503,0.07970113,0.00016745552,0.016138284,0.038047932,-0.059357755,0.007360231,-0.0026432478
/mnt/sdd/caltech_training/multiclass/train/007.Parakeet_Auklet/Parakeet_Auklet_0010_795995.jpg,6,-0.020694409,-0.014279423,0.20396337,0.0114691,-0.0055883247,-0.020243462,0.028639546,0.014927054,0.009925235,0.010445917,0.007712283
/mnt/sdd/caltech_training/multiclass/train/007.Parakeet_Auklet/Parakeet_Auklet_0074_795976.jpg,6,0.2314582,0.056728434,0.00092277303,0.046344083,0.0666247,0.061642677,0.05197381,0.034805402,0.011022285,0.025225831,-0.002023704
/mnt/sdd/caltech_training/multiclass/train/007.Parakeet_Auklet/Parakeet_Auklet_0058_795942.jpg,6,0.0008437047,-0.056883033,-0.249648,-0.027957615,-0.057255924,0.044270255,0.033091534,0.039364293,0.050823834,0.04788191,0.007413416
/mnt/sdd/caltech_training/multiclass/train/007.Parakeet_Auklet/Parakeet_Auklet_0008_795992.jpg,6,-0.07745722,-0.076332346,-0.00540388,0.0245724,-0.18756369,-0.042718343,-0.007109301,0.006540507,0.036769386,0.020131137,-0.0107872505
/mnt/sdd/caltech_training/multiclass/train/007.Parakeet_Auklet/Parakeet_Auklet_0026_795962.jpg,6,-0.010050824,0.01550101,0.1240863,-0.0037975935,0.14631209,0.028428104,0.057957504,0.030696375,-0.045200646,-0.02890572,-0.0004953039
/mnt/sdd/caltech_training/multiclass/train/007.Parakeet_Auklet/Parakeet_Auklet_0056_795926.jpg,6,0.113601886,-0.02211612,-0.22014406,-0.06152176,-0.1305289,0.012607166,0.00960348,-0.014610352,-0.029884456,0.031300757,-0.0144154895
/mnt/sdd/caltech_training/multiclass/train/007.Parakeet_Auklet/Parakeet_Auklet_0041_795933.jpg,6,0.020254862,0.026295276,-0.07883866,0.06977324,0.14264083,0.030776069,-0.044448588,-0.017573578,0.03705261,0.0045856573,0.0034786938
/mnt/sdd/caltech_training/multiclass/train/007.Parakeet_Auklet/Parakeet_Auklet_0042_795961.jpg,6,0.17328927,0.067766145,0.021354426,0.04321404,-0.07877537,0.009807256,-0.035020426,-0.013431609,0.07970975,0.057259813,-0.00853034
/mnt/sdd/caltech_training/multiclass/train/007.Parakeet_Auklet/Parakeet_Auklet_0080_795965.jpg,6,-0.11191662,-0.06792855,-0.101181194,-0.010290662,0.023702208,0.06410862,0.06541379,0.0069654156,0.013821419,-0.021754287,-0.014189338
/mnt/sdd/caltech_training/multiclass/train/007.Parakeet_Auklet/Parakeet_Auklet_0043_795948.jpg,6,0.18450886,0.07495091,0.12135259,0.046483044,0.035201296,0.047366835,0.0055034906,0.039017797,0.06455669,0.013843872,-0.0023601912
/mnt/sdd/caltech_training/multiclass/train/007.Parakeet_Auklet/Parakeet_Auklet_0031_795960.jpg,6,-0.10911916,-0.020621799,-0.11594215,-0.026106898,-0.16092113,-0.07916604,0.011433813,-0.016716372,0.034009762,0.036112387,-0.007777428
/mnt/sdd/caltech_training/multiclass/train/007.Parakeet_Auklet/Parakeet_Auklet_0027_795925.jpg,6,-0.016114108,-0.00113222,-0.12108901,0.0786169,-0.04780682,-0.07614703,-0.05986412,0.0032795286,-0.06255413,-0.024365835,-0.007742651
/mnt/sdd/caltech_training/multiclass/train/007.Parakeet_Auklet/Parakeet_Auklet_0025_795975.jpg,6,-0.14512768,-0.035428077,-0.29624867,0.008479929,-0.12190568,-0.0015212698,0.05215075,0.009494659,0.012681944,0.037869226,0.0023574666
/mnt/sdd/caltech_training/multiclass/train/007.Parakeet_Auklet/Parakeet_Auklet_0051_795971.jpg,6,0.06982803,0.1179982,-0.07176936,-0.06723134,-0.035917237,-0.012968121,-0.014792487,-0.018516492,-0.06316548,-0.011673251,-0.019442927
/mnt/sdd/caltech_training/multiclass/train/007.Parakeet_Auklet/Parakeet_Auklet_0036_795943.jpg,6,0.1350053,0.048930332,0.06634523,-0.0031470507,-0.06493097,-0.07694675,-0.004329605,-0.005397744,-0.025075138,-0.021314532,-0.0067082914
/mnt/sdd/caltech_training/multiclass/train/007.Parakeet_Auklet/Parakeet_Auklet_0016_795977.jpg,6,-0.113608874,-0.025067398,-0.08488718,0.010629912,-0.05276838,0.03504473,0.023161367,0.027313963,-0.014750401,-0.004450729,-0.024063235
/mnt/sdd/caltech_training/multiclass/train/007.Parakeet_Auklet/Parakeet_Auklet_0047_795956.jpg,6,0.22107862,0.08432352,0.019419663,0.026969397,0.053110786,0.041777633,0.005055446,0.0048839618,-0.074189484,0.0012800284,-0.00012239115
/mnt/sdd/caltech_training/multiclass/train/007.Parakeet_Auklet/Parakeet_Auklet_0073_795939.jpg,6,-0.02843657,0.034389928,0.046021637,0.0012078006,-0.16642168,-0.033961073,0.047733244,0.03773413,-0.017855775,0.0043042284,0.011384824
/mnt/sdd/caltech_training/multiclass/train/007.Parakeet_Auklet/Parakeet_Auklet_0004_795921.jpg,6,-0.00031312183,0.07535245,-0.13144556,-0.014032774,-0.26305553,-0.081498295,-0.021763224,0.0047602504,-0.07161131,-0.0049691913,-0.0036757356
/mnt/sdd/caltech_training/multiclass/train/007.Parakeet_Auklet/Parakeet_Auklet_0028_795944.jpg,6,-0.096492425,-0.11869323,-0.10526804,-0.03214617,-0.028212782,-0.019592084,0.005555883,0.0069582015,-0.00035770983,-0.0138666965,-0.013682049
/mnt/sdd/caltech_training/multiclass/train/007.Parakeet_Auklet/Parakeet_Auklet_0076_796001.jpg,6,0.24348563,0.035097174,-0.11890386,-0.015521809,-0.062935516,-0.012718771,0.011709545,-0.022376247,0.009245694,0.017413868,-0.00092541054
/mnt/sdd/caltech_training/multiclass/train/007.Parakeet_Auklet/Parakeet_Auklet_0015_795966.jpg,6,0.05537161,0.024150932,0.14839065,0.059583005,0.08359023,0.034891665,-0.11546241,-0.009501204,-0.026459605,-0.05875361,-0.012863989
/mnt/sdd/caltech_training/multiclass/train/007.Parakeet_Auklet/Parakeet_Auklet_0072_795929.jpg,6,-0.06193988,-0.02520387,0.14991288,0.0028047226,-0.020818211,0.035536245,0.0897067,0.062044546,0.12669037,0.025902227,0.017932408
/mnt/sdd/caltech_training/multiclass/train/007.Parakeet_Auklet/Parakeet_Auklet_0013_795970.jpg,6,0.20132543,0.12834327,-0.11390111,-0.008343328,-0.012260731,0.033382155,0.052413758,0.08723968,0.038320392,0.021576958,-0.0034831776
/mnt/sdd/caltech_training/multiclass/train/007.Parakeet_Auklet/Parakeet_Auklet_0040_795974.jpg,6,0.1489612,0.11727728,-0.0030399747,0.037639696,-0.03191205,0.014168121,0.081772886,0.011960506,-0.008129647,-0.046001974,-0.0013076088
/mnt/sdd/caltech_training/multiclass/train/007.Parakeet_Auklet/Parakeet_Auklet_0035_795934.jpg,6,0.12875944,0.07940697,-0.2916726,-0.0060276445,0.01947818,0.035595097,-0.007935675,-0.004810706,-0.12508407,-0.018465627,0.00899145
/mnt/sdd/caltech_training/multiclass/train/007.Parakeet_Auklet/Parakeet_Auklet_0024_2045.jpg,6,-0.051245816,0.0051632877,-0.10650057,0.011115073,-0.17055522,-0.0822962,0.0070818365,-0.04534215,-0.07440355,0.0040353956,-0.0057952055
/mnt/sdd/caltech_training/multiclass/train/007.Parakeet_Auklet/Parakeet_Auklet_0017_795924.jpg,6,-0.016120836,-0.09097029,0.12963751,0.024337016,-0.05737858,-3.327988e-05,0.019865964,-0.024509482,0.02583659,0.051911015,-0.0014465211
/mnt/sdd/caltech_training/multiclass/train/007.Parakeet_Auklet/Parakeet_Auklet_0038_795935.jpg,6,-0.073616594,-0.09145215,-0.14738238,-0.02920413,-0.16187617,-0.042786676,-0.00039863773,0.017481387,0.13148785,0.06838371,0.0053978884
/mnt/sdd/caltech_training/multiclass/train/007.Parakeet_Auklet/Parakeet_Auklet_0062_795958.jpg,6,0.18106154,0.055882774,-0.109115504,0.01131291,-0.16426224,-0.017464764,-0.030304385,0.00882603,-0.002781298,-0.020967588,-0.009240832
/mnt/sdd/caltech_training/multiclass/train/007.Parakeet_Auklet/Parakeet_Auklet_0065_795969.jpg,6,0.07590496,-0.0050852746,0.2522282,0.09756878,-0.024503212,-0.026062045,-0.04570826,-0.022075616,-0.02414088,0.02342631,0.0032053469
/mnt/sdd/caltech_training/multiclass/train/007.Parakeet_Auklet/Parakeet_Auklet_0045_795953.jpg,6,0.11679827,0.12462078,-0.13738015,0.055059392,-0.0054937936,-0.05359023,-0.120358534,-0.013178317,-0.00043671764,0.021380877,-0.013187825
/mnt/sdd/caltech_training/multiclass/train/008.Rhinoceros_Auklet/Rhinoceros_Auklet_0046_797532.jpg,7,0.22184706,0.10615584,0.2537536,0.13281086,-0.0049857683,-0.031868637,-0.030320473,0.013273027,-0.05646185,-0.008307911,-0.011919344
/mnt/sdd/caltech_training/multiclass/train/008.Rhinoceros_Auklet/Rhinoceros_Auklet_0020_2195.jpg,7,0.16188331,0.15212661,-0.060485385,-0.05304863,-0.1123188,0.04626509,0.014522261,0.011469584,-0.039425068,-0.03216078,-0.025494475
/mnt/sdd/caltech_training/multiclass/train/008.Rhinoceros_Auklet/Rhinoceros_Auklet_0003_797535.jpg,7,0.05541164,-0.020224951,0.22052911,0.076908626,0.006575275,0.0150854215,-0.018088207,0.029680407,0.049012113,0.033086095,0.0015470934
/mnt/sdd/caltech_training/multiclass/train/008.Rhinoceros_Auklet/Rhinoceros_Auklet_0008_797531.jpg,7,0.25320783,0.14085329,0.0050722733,-0.014541813,-0.038761195,-0.009928205,-0.08815185,0.0055084713,-0.029785689,-0.0114251,0.0020065806
/mnt/sdd/caltech_training/multiclass/train/008.Rhinoceros_Auklet/Rhinoceros_Auklet_0039_2174.jpg,7,-0.047983218,-0.069434255,0.25514886,0.100768834,-0.13929135,-0.017021952,-0.025151951,-0.021241706,-0.006655637,0.0002704924,-0.0148482565
/mnt/sdd/caltech_training/multiclass/train/008.Rhinoceros_Auklet/Rhinoceros_Auklet_0025_797508.jpg,7,-0.18662785,-0.094153605,0.18798251,0.030664388,-0.045332495,-0.07373147,-0.15428741,-0.10839418,0.011402832,0.017127005,-0.018982802
/mnt/sdd/caltech_training/multiclass/train/008.Rhinoceros_Auklet/Rhinoceros_Auklet_0005_2111.jpg,7,-0.031916223,-0.11482701,-0.029453017,0.009201441,0.027872428,-0.02209852,-0.080125086,-0.057223152,-0.11747641,-0.030172374,0.016668497
/mnt/sdd/caltech_training/multiclass/train/008.Rhinoceros_Auklet/Rhinoceros_Auklet_0049_797543.jpg,7,-0.11027677,0.0049282312,0.14634286,0.034854457,-0.25507864,-0.029532537,0.028202467,0.0110793095,-0.10970501,-0.0449315,-0.004298513
/mnt/sdd/caltech_training/multiclass/train/008.Rhinoceros_Auklet/Rhinoceros_Auklet_0027_797496.jpg,7,0.13997579,0.05245437,-0.041228212,0.0054193605,-0.21860766,-0.0032358905,-0.033718612,0.044269606,-0.07044637,0.018696282,-0.013400082
/mnt/sdd/caltech_training/multiclass/train/008.Rhinoceros_Auklet/Rhinoceros_Auklet_0028_2056.jpg,7,-0.22468318,-0.08389135,0.081113905,-0.030904781,0.12672836,0.03901701,-0.027064243,0.02458128,-0.085557416,0.006567169,-0.008212136
/mnt/sdd/caltech_training/multiclass/train/008.Rhinoceros_Auklet/Rhinoceros_Auklet_0013_797537.jpg,7,-0.051277295,-0.017260075,0.1706323,0.01939925,0.06392922,0.00950089,-0.05143846,-0.067719,-0.13556673,-0.0027066125,-0.0028208224
/mnt/sdd/caltech_training/multiclass/train/008.Rhinoceros_Auklet/Rhinoceros_Auklet_0023_797501.jpg,7,0.14184462,0.090489924,0.12234424,0.07545534,-0.10796769,0.016697317,0.022426613,-0.013433343,-0.048194382,-0.02315883,0.013613826
/mnt/sdd/caltech_training/multiclass/train/008.Rhinoceros_Auklet/Rhinoceros_Auklet_0041_797515.jpg,7,0.26273093,0.0813308,0.20706734,0.064762205,-0.11571081,0.048622843,0.03128343,0.04353504,-0.14256415,-0.021226384,0.015033583
/mnt/sdd/caltech_training/multiclass/train/008.Rhinoceros_Auklet/Rhinoceros_Auklet_0015_2160.jpg,7,0.024885334,0.05146818,0.23938322,0.11552223,-0.037372876,0.004491742,-0.08690526,-0.022712126,0.005575169,-0.026982736,0.020604618
/mnt/sdd/caltech_training/multiclass/train/008.Rhinoceros_Auklet/Rhinoceros_Auklet_0032_797516.jpg,7,-0.017594423,-0.01850171,0.17929128,0.04916873,0.035055242,0.012182398,-0.050516587,-0.015083837,-0.03049886,-0.012446515,0.00414698
/mnt/sdd/caltech_training/multiclass/train/008.Rhinoceros_Auklet/Rhinoceros_Auklet_0017_2155.jpg,7,0.16834182,-0.011099745,0.30042642,0.08637329,0.012485042,0.0020558368,-0.080743626,-0.025398977,-0.14366952,-0.05188041,0.016108233
/mnt/sdd/caltech_training/multiclass/train/008.Rhinoceros_Auklet/Rhinoceros_Auklet_0044_797502.jpg,7,-0.002678614,-0.11141679,0.15079497,0.048176564,-0.20223796,-0.019718204,0.051105525,0.06834771,-0.13631786,-0.05103492,-0.0198594
/mnt/sdd/caltech_training/multiclass/train/008.Rhinoceros_Auklet/Rhinoceros_Auklet_0029_797520.jpg,7,-0.13188441,-0.015543018,0.0049692504,-0.022581005,-0.005107101,0.008898288,-0.0509172,-0.05415066,-0.019109663,0.007060284,-0.024123244
/mnt/sdd/caltech_training/multiclass/train/008.Rhinoceros_Auklet/Rhinoceros_Auklet_0043_2096.jpg,7,-0.18028158,-0.10198942,0.16087928,0.039916374,0.05430825,0.07499314,0.034883775,0.040106557,-0.006913306,0.004824195,0.009750317
/mnt/sdd/caltech_training/multiclass/train/008.Rhinoceros_Auklet/Rhinoceros_Auklet_0026_797519.jpg,7,0.19279188,0.04365272,0.20206353,0.07391496,-0.14013503,-0.042215332,-0.101460606,0.017151361,0.01335154,-0.008106531,-0.002585513
/mnt/sdd/caltech_training/multiclass/train/008.Rhinoceros_Auklet/Rhinoceros_Auklet_0021_2089.jpg,7,0.097874515,0.05674755,-0.13826668,-0.063827395,-0.025236368,0.008488609,-0.089996055,-0.054048553,-0.08043815,-0.036918506,-0.011169067
/mnt/sdd/caltech_training/multiclass/train/008.Rhinoceros_Auklet/Rhinoceros_Auklet_0009_797539.jpg,7,-0.047054224,-0.11030782,0.012103014,0.007632563,-0.029260615,-0.04845136,-0.019508082,0.03779456,-0.09211456,0.02295267,-0.023392487
/mnt/sdd/caltech_training/multiclass/train/008.Rhinoceros_Auklet/Rhinoceros_Auklet_0048_2162.jpg,7,0.0434717,-0.014595412,-0.0055663288,0.007864595,0.11488631,0.0042518955,-0.02940503,-0.02775477,-0.07325962,-0.016575048,-0.0032940141
/mnt/sdd/caltech_training/multiclass/train/008.Rhinoceros_Auklet/Rhinoceros_Auklet_0031_797518.jpg,7,-0.016501658,-0.026259013,0.07551927,0.108478636,-0.11399811,-0.054063898,0.00088375434,-0.025304876,-0.013531538,-0.008141421,0.027026525
/mnt/sdd/caltech_training/multiclass/train/008.Rhinoceros_Auklet/Rhinoceros_Auklet_0033_2169.jpg,7,0.054952756,-0.06392964,-0.1906186,-0.07480721,0.021980986,0.000985858,0.04856977,-0.014226407,0.03907556,0.0002630502,-0.0066907583
/mnt/sdd/caltech_training/multiclass/train/008.Rhinoceros_Auklet/Rhinoceros_Auklet_0016_2114.jpg,7,0.081053466,-0.06549514,-0.110132426,-0.005004924,0.03780573,0.06792922,0.057333536,0.07800861,-0.012129447,-0.0012120288,0.0057848613
/mnt/sdd/caltech_training/multiclass/train/008.Rhinoceros_Auklet/Rhinoceros_Auklet_0030_797509.jpg,7,0.05316231,-0.028483361,0.11389987,0.0756999,0.07759779,0.06884035,-0.030389758,-0.018378334,0.04857093,-0.0033114487,0.010684191
/mnt/sdd/caltech_training/multiclass/train/008.Rhinoceros_Auklet/Rhinoceros_Auklet_0037_797499.jpg,7,-0.21798271,-0.13963452,-0.13599162,-0.0708292,0.010361433,0.0016973834,0.09329128,0.010003826,-0.026427075,0.029782306,-0.0064654583
/mnt/sdd/caltech_training/multiclass/train/008.Rhinoceros_Auklet/Rhinoceros_Auklet_0050_797534.jpg,7,0.2056893,0.08212598,0.033262324,0.008769766,-0.015140543,0.0063838824,-0.068062514,-0.039985124,-0.045431938,-0.0048769927,-0.008359754
/mnt/sdd/caltech_training/multiclass/train/008.Rhinoceros_Auklet/Rhinoceros_Auklet_0045_797536.jpg,7,-0.1871851,-0.10114307,0.0040409695,-0.032148648,0.026055433,-0.0060407696,-0.06635341,0.02847228,-0.07139327,-0.014871014,-0.016426899
/mnt/sdd/caltech_training/multiclass/train/008.Rhinoceros_Auklet/Rhinoceros_Auklet_0022_2170.jpg,7,-0.07917024,-0.04786254,0.32703364,0.1060792,-0.022666886,-0.016353188,-0.0064402297,-0.030486003,0.017712012,0.0046787616,0.007016901
/mnt/sdd/caltech_training/multiclass/train/008.Rhinoceros_Auklet/Rhinoceros_Auklet_0034_797497.jpg,7,0.08110179,0.04150896,0.14523357,0.029243212,-0.18293087,-0.064123765,-0.08431476,-0.052829385,-0.09823231,-0.05680332,0.0032419227
/mnt/sdd/caltech_training/multiclass/train/008.Rhinoceros_Auklet/Rhinoceros_Auklet_0014_797522.jpg,7,0.14496057,0.021142459,0.21241072,0.07633822,0.10095228,0.03114511,0.16751641,0.0589971,0.086436465,0.03631348,-0.010817591
/mnt/sdd/caltech_training/multiclass/train/008.Rhinoceros_Auklet/Rhinoceros_Auklet_0010_797545.jpg,7,0.09345152,-0.016679142,0.2831092,0.07002607,0.046551272,-0.046669733,-0.10140705,-0.020988755,-0.057183903,0.012705183,-0.0090983575
/mnt/sdd/caltech_training/multiclass/train/008.Rhinoceros_Auklet/Rhinoceros_Auklet_0018_797517.jpg,7,0.014302149,0.030653892,0.05462486,0.023777645,-0.13558483,0.050200984,-0.1263271,-0.004812233,0.028988421,0.038077075,-0.009289771
/mnt/sdd/caltech_training/multiclass/train/008.Rhinoceros_Auklet/Rhinoceros_Auklet_0019_797513.jpg,7,-0.1016659,-0.01447838,-0.011858422,-0.008684408,-0.16160879,-0.092366844,-0.06551072,-0.038610354,-0.011573106,-0.018485066,-0.009255433
/mnt/sdd/caltech_training/multiclass/train/008.Rhinoceros_Auklet/Rhinoceros_Auklet_0001_797538.jpg,7,0.18212596,0.018221628,0.015062431,0.010220842,-0.20875753,-0.0468376,-0.10105534,-0.0251901,-0.060957007,0.025847971,-0.011865941
/mnt/sdd/caltech_training/multiclass/train/008.Rhinoceros_Auklet/Rhinoceros_Auklet_0007_797521.jpg,7,-0.15056485,-0.090173975,0.24350654,0.13516223,0.07198633,0.00062151067,-0.055945527,-0.04137785,0.01386939,0.032613285,-0.009053713
/mnt/sdd/caltech_training/multiclass/train/009.Brewer_Blackbird/Brewer_Blackbird_0101_2630.jpg,8,0.048138008,-0.113286994,0.010394499,0.05044435,0.08856092,0.070007466,0.010998379,0.010421549,0.04157583,0.05118755,0.020358251
/mnt/sdd/caltech_training/multiclass/train/009.Brewer_Blackbird/Brewer_Blackbird_0045_2303.jpg,8,-0.29152393,-0.11840982,0.05890604,0.05100738,0.13061334,0.079969436,0.042750213,0.037115417,0.03729123,-0.0082781315,0.011043794
/mnt/sdd/caltech_training/multiclass/train/009.Brewer_Blackbird/Brewer_Blackbird_0096_2634.jpg,8,0.03786703,0.0836168,-0.10738021,-0.07097694,0.06438823,0.059732176,0.109143645,0.042738978,0.10288104,0.045670502,-4.6463683e-06
/mnt/sdd/caltech_training/multiclass/train/009.Brewer_Blackbird/Brewer_Blackbird_0104_2230.jpg,8,-0.064901,0.03801334,-0.17041886,-0.020293074,0.03725906,-0.07539881,0.019244792,-0.02075836,-0.053374425,0.045878083,0.0002487423
/mnt/sdd/caltech_training/multiclass/train/009.Brewer_Blackbird/Brewer_Blackbird_0064_2290.jpg,8,0.14653973,-0.020639334,0.11720102,0.009497382,0.017204586,0.0095904,0.075946845,0.035244875,-0.06551109,0.0143453125,0.018128997
/mnt/sdd/caltech_training/multiclass/train/009.Brewer_Blackbird/Brewer_Blackbird_0026_2625.jpg,8,-0.06432277,0.03824572,-0.2098292,-0.092276275,0.03606578,0.028998222,-0.03272982,-0.0017444901,-0.02457941,0.01721334,0.005464545
/mnt/sdd/caltech_training/multiclass/train/009.Brewer_Blackbird/Brewer_Blackbird_0002_2278.jpg,8,-0.16991045,0.0066810735,0.16617025,0.0536215,0.050483003,0.018483706,0.010478243,0.00904693,-0.10445448,-0.00896251,0.016718853
/mnt/sdd/caltech_training/multiclass/train/009.Brewer_Blackbird/Brewer_Blackbird_0042_2302.jpg,8,-0.022321448,0.005341476,0.120362505,0.03366494,0.08275546,0.044424005,0.025604982,0.031562727,0.05203265,0.061408296,0.002258053
/mnt/sdd/caltech_training/multiclass/train/009.Brewer_Blackbird/Brewer_Blackbird_0087_2622.jpg,8,-0.028731547,0.011833068,0.042705126,0.02208944,0.16930918,0.047344428,0.053947084,0.016164498,0.06728752,-0.010206588,0.004846727
/mnt/sdd/caltech_training/multiclass/train/009.Brewer_Blackbird/Brewer_Blackbird_0127_2235.jpg,8,-0.083250985,-0.058094338,0.061239474,-0.032379508,-0.1541369,-0.00085833715,0.103605665,0.09569058,0.08026695,0.026735522,0.029406857
/mnt/sdd/caltech_training/multiclass/train/009.Brewer_Blackbird/Brewer_Blackbird_0142_2636.jpg,8,-0.04782477,-0.022130229,0.03111782,0.075966924,0.19016325,0.033271343,0.15208733,0.039116893,0.06764434,0.023304055,0.012273345
/mnt/sdd/caltech_training/multiclass/train/009.Brewer_Blackbird/Brewer_Blackbird_0132_2293.jpg,8,-0.03614424,-0.030465769,-0.21627086,-0.11516529,-0.10006753,-7.447228e-05,0.051087305,0.04345883,0.09831932,0.011764862,0.00042031542
/mnt/sdd/caltech_training/multiclass/train/009.Brewer_Blackbird/Brewer_Blackbird_0111_2613.jpg,8,0.16435945,0.11933388,-0.16416466,0.017685324,-0.007493101,-0.05946268,-0.06750274,0.013596667,0.039918877,0.021066675,-0.0028323266
/mnt/sdd/caltech_training/multiclass/train/009.Brewer_Blackbird/Brewer_Blackbird_0131_2289.jpg,8,0.082849376,0.037890047,0.0050237924,-0.0064403657,-0.072401315,0.035129182,0.08764682,0.033056132,0.0824105,0.028381683,0.025543435
/mnt/sdd/caltech_training/multiclass/train/009.Brewer_Blackbird/Brewer_Blackbird_0032_2214.jpg,8,-0.042741872,0.048829526,-0.027488954,-0.037212014,0.0800865,0.047807038,-0.06796003,-0.06815036,-0.015242933,0.028661532,-0.0014326948
/mnt/sdd/caltech_training/multiclass/train/009.Brewer_Blackbird/Brewer_Blackbird_0074_2277.jpg,8,-0.07665615,-0.015836354,0.12142469,0.050524138,0.03677546,0.047616396,-0.0016889311,0.016366865,-0.08059038,-0.0027466696,-0.008297613
/mnt/sdd/caltech_training/multiclass/train/009.Brewer_Blackbird/Brewer_Blackbird_0079_2343.jpg,8,0.19714396,0.060619228,-0.027996328,-0.017188132,0.20052436,0.07714947,-0.09591527,-0.018320756,0.09931217,0.058020294,0.016079955
/mnt/sdd/caltech_training/multiclass/train/009.Brewer_Blackbird/Brewer_Blackbird_0102_2620.jpg,8,-0.06108117,-0.021504585,0.12015614,0.09630002,-0.004916545,-0.024438197,-0.004184179,-0.028218895,-0.030238817,0.047073953,0.009822827
/mnt/sdd/caltech_training/multiclass/train/009.Brewer_Blackbird/Brewer_Blackbird_0090_2658.jpg,8,0.030458681,0.045191173,-0.062153216,-0.055795986,-0.034424644,-0.012325544,-0.059213717,0.0066585997,0.019436046,0.031777103,0.014715807
/mnt/sdd/caltech_training/multiclass/train/009.Brewer_Blackbird/Brewer_Blackbird_0016_2225.jpg,8,-0.06351494,-0.027020471,-0.13002688,0.021702398,0.094280995,0.02624581,0.036530696,0.010591654,0.04648906,0.018567221,-0.00020213483
/mnt/sdd/caltech_training/multiclass/train/009.Brewer_Blackbird/Brewer_Blackbird_0054_2631.jpg,8,0.14932343,0.11999218,-0.24922384,0.0010465886,-0.089892685,-0.025468623,-0.0552359,-0.025096219,-0.019695286,0.0602364,0.014042227
/mnt/sdd/caltech_training/multiclass/train/009.Brewer_Blackbird/Brewer_Blackbird_0028_2682.jpg,8,-0.18186177,-0.09094928,0.19076753,0.053332433,0.04244934,0.045580886,0.081935994,-0.024314065,0.007008277,0.042480424,0.011895969
/mnt/sdd/caltech_training/multiclass/train/009.Brewer_Blackbird/Brewer_Blackbird_0030_2268.jpg,8,0.1622422,0.10178516,0.026636858,0.020444088,0.008300591,-0.017589487,0.13788359,0.07704154,-0.016561888,0.043850593,0.0049077417
/mnt/sdd/caltech_training/multiclass/train/009.Brewer_Blackbird/Brewer_Blackbird_0070_2325.jpg,8,0.00094917417,-0.05434995,0.12194753,0.052333307,0.0727353,0.07578486,0.081485376,0.048149936,0.046285927,0.030930988,0.029838223
/mnt/sdd/caltech_training/multiclass/train/009.Brewer_Blackbird/Brewer_Blackbird_0103_2273.jpg,8,0.009333007,0.07378786,-0.013390273,0.02735056,0.20675936,0.080026835,0.005027743,0.0023484826,0.1146093,0.025389154,0.025511574
/mnt/sdd/caltech_training/multiclass/train/009.Brewer_Blackbird/Brewer_Blackbird_0095_2610.jpg,8,-0.1516389,-0.07227932,0.06589687,0.02919035,0.0029560756,0.020555094,0.040505804,0.0023018867,0.05690285,0.057033066,0.008133197
/mnt/sdd/caltech_training/multiclass/train/009.Brewer_Blackbird/Brewer_Blackbird_0009_2616.jpg,8,0.02300603,0.007996345,-0.16181165,0.0124958325,0.087097675,0.08929536,0.017104603,-0.035120916,0.047168054,-0.016998302,0.023996774
/mnt/sdd/caltech_training/multiclass/train/009.Brewer_Blackbird/Brewer_Blackbird_0133_2324.jpg,8,0.10407447,0.06803994,0.005848393,-0.00633495,0.058078565,0.07932315,0.058811076,-0.0036285091,0.065876804,0.04273274,0.020130306
/mnt/sdd/caltech_training/multiclass/train/009.Brewer_Blackbird/Brewer_Blackbird_0109_2232.jpg,8,-0.091299154,-0.021584645,0.14153707,0.0032044859,-0.031815857,0.02209086,0.1134031,0.060979977,0.015051968,0.024495106,0.0111334985
/mnt/sdd/caltech_training/multiclass/train/009.Brewer_Blackbird/Brewer_Blackbird_0140_2586.jpg,8,0.11415382,0.060109712,-0.022016015,0.032748077,0.03315064,0.026435439,0.030993946,0.03871116,-0.0055097044,0.00751119,0.016544936
/mnt/sdd/caltech_training/multiclass/train/009.Brewer_Blackbird/Brewer_Blackbird_0025_2231.jpg,8,0.16509758,0.10880107,-0.11399179,-0.10072161,-0.136354,0.0028704135,0.10826014,0.049664363,-0.04113809,0.07381551,0.0031912907
/mnt/sdd/caltech_training/multiclass/train/009.Brewer_Blackbird/Brewer_Blackbird_0014_2679.jpg,8,0.053122193,-0.023951147,0.1411465,0.007711176,-0.12102835,0.028061775,-0.008763436,-0.026911307,0.041290283,0.059533328,0.020877317
/mnt/sdd/caltech_training/multiclass/train/009.Brewer_Blackbird/Brewer_Blackbird_0065_2310.jpg,8,0.0029375441,0.038170703,-0.16647506,-0.0360851,0.093549185,0.026854966,-0.058966108,0.009760545,-0.016143415,0.030962156,-0.008963968
/mnt/sdd/caltech_training/multiclass/train/009.Brewer_Blackbird/Brewer_Blackbird_0061_2270.jpg,8,0.053804144,0.04701776,0.16581011,0.043317042,-0.03704151,-0.017401898,0.046552546,-0.0042711757,0.061661206,0.03933764,0.00976965
/mnt/sdd/caltech_training/multiclass/train/009.Brewer_Blackbird/Brewer_Blackbird_0004_2345.jpg,8,-0.07733776,0.10652214,-0.054098457,-0.046654712,0.0043318067,-0.015790116,0.1018423,0.039920818,-0.06928115,0.010804113,0.012193073
/mnt/sdd/caltech_training/multiclass/train/009.Brewer_Blackbird/Brewer_Blackbird_0027_2329.jpg,8,-0.064897016,-0.048826255,-0.14230274,-0.02422312,-0.12677833,-0.034274753,0.012584345,-0.024810988,-0.035018653,-0.0006175395,0.0074189617
/mnt/sdd/caltech_training/multiclass/train/009.Brewer_Blackbird/Brewer_Blackbird_0139_2567.jpg,8,0.03768771,-0.030954098,-0.06844713,-0.04660311,0.0023310445,0.03738179,0.015014881,0.05523375,0.12444237,0.081394196,0.025828492
/mnt/sdd/caltech_training/multiclass/train/009.Brewer_Blackbird/Brewer_Blackbird_0049_2258.jpg,8,0.10211106,-0.017592423,0.08727259,0.06781691,0.07138835,0.028396059,-0.0017713793,0.03833875,0.0696298,0.045712233,0.009210915
/mnt/sdd/caltech_training/multiclass/train/009.Brewer_Blackbird/Brewer_Blackbird_0099_2560.jpg,8,0.012602018,-0.012272808,0.15135998,0.0056451317,-0.010051717,0.025178682,0.099660575,0.03285915,0.028840309,0.0616642,0.021765757
/mnt/sdd/caltech_training/multiclass/train/009.Brewer_Blackbird/Brewer_Blackbird_0046_2688.jpg,8,0.06539243,0.041338436,-0.10783065,-0.06384516,-0.03502374,0.009349203,-0.02372685,-0.0059750434,0.023128405,0.02068336,0.025365286
/mnt/sdd/caltech_training/multiclass/train/009.Brewer_Blackbird/Brewer_Blackbird_0097_2322.jpg,8,-0.06513022,0.023311919,-0.11650567,-0.11692229,-0.035888057,-0.06559309,-0.014774364,0.0010440294,0.08233857,0.053565904,0.01905651
/mnt/sdd/caltech_training/multiclass/train/009.Brewer_Blackbird/Brewer_Blackbird_0137_2680.jpg,8,0.07423625,0.05215002,-0.0797648,-0.0019446858,0.005559789,-0.024026003,0.047391,-0.025205707,-0.035096712,0.039024353,0.0057362155
/mnt/sdd/caltech_training/multiclass/train/009.Brewer_Blackbird/Brewer_Blackbird_0112_2340.jpg,8,0.20458245,0.043857194,0.16079532,0.10838993,0.15881494,0.0594617,0.028817646,0.022415318,-0.13159016,0.033441782,0.00095421914
/mnt/sdd/caltech_training/multiclass/train/009.Brewer_Blackbird/Brewer_Blackbird_0106_2608.jpg,8,0.056977555,0.0005503353,0.03450893,-0.00039623957,-0.04022804,0.014535967,0.023471298,0.007456007,0.064513125,0.02444389,0.013727429
/mnt/sdd/caltech_training/multiclass/train/009.Brewer_Blackbird/Brewer_Blackbird_0017_2668.jpg,8,-0.15874927,-0.047685735,-0.17599776,-0.022860935,-0.080651335,-0.042042293,-0.044537723,-0.0031490177,0.050552323,0.078868516,0.005038658
/mnt/sdd/caltech_training/multiclass/train/009.Brewer_Blackbird/Brewer_Blackbird_0018_2261.jpg,8,-0.18614691,-0.01760826,0.2452036,0.10344662,-0.02434969,-0.01828981,0.02441401,0.0042551043,-0.090233706,-0.01897235,-0.0040433607
/mnt/sdd/caltech_training/multiclass/train/009.Brewer_Blackbird/Brewer_Blackbird_0078_2659.jpg,8,-0.195115,-0.124790035,-0.1111917,-0.034985818,0.027167004,0.020289432,0.044107072,0.034513414,0.08499448,0.070509106,0.0124937575
/mnt/sdd/caltech_training/multiclass/train/010.Red_winged_Blackbird/Red_Winged_Blackbird_0101_6244.jpg,9,-0.085282475,0.032609276,0.08516289,0.02281056,-0.028757993,-0.0076304656,-0.041959334,-0.033019252,-0.10654114,-0.0249633,0.040067058
/mnt/sdd/caltech_training/multiclass/train/010.Red_winged_Blackbird/Red_Winged_Blackbird_0094_5856.jpg,9,0.2379439,0.026399381,0.008644944,0.02743714,-0.014382165,0.051434513,-0.015148483,0.020421166,0.040168263,-0.0017878925,0.02073725
/mnt/sdd/caltech_training/multiclass/train/010.Red_winged_Blackbird/Red_Winged_Blackbird_0028_4709.jpg,9,-0.12311562,0.012415505,0.04864237,0.06786264,0.044107534,0.027794499,0.058157187,0.026088072,-0.08097662,-0.040407453,0.009901155
/mnt/sdd/caltech_training/multiclass/train/010.Red_winged_Blackbird/Red_Winged_Blackbird_0022_4483.jpg,9,-0.10334101,-0.014704586,-0.17925207,-0.074289836,-0.09371135,-0.073715895,0.06985335,0.030417625,-0.16044529,-0.04419019,0.018709155
/mnt/sdd/caltech_training/multiclass/train/010.Red_winged_Blackbird/Red_Winged_Blackbird_0011_5845.jpg,9,0.0454398,-0.027475853,-0.008177351,-0.09816854,-0.078076996,-0.05082702,-0.028969444,0.0056754425,-0.046237826,0.019463867,0.024738085
/mnt/sdd/caltech_training/multiclass/train/010.Red_winged_Blackbird/Red_Winged_Blackbird_0075_4953.jpg,9,0.11330414,0.18901654,0.06568043,-0.015077391,0.03880988,0.0036498643,0.031515233,0.047265917,0.11515755,0.0455956,0.015706562
/mnt/sdd/caltech_training/multiclass/train/010.Red_winged_Blackbird/Red_Winged_Blackbird_0104_3918.jpg,9,0.045159403,-0.07374334,0.19456047,0.028421756,-0.011958595,-0.023791831,-0.0109560145,0.007957134,-0.056831524,-0.022109317,0.008207358
/mnt/sdd/caltech_training/multiclass/train/010.Red_winged_Blackbird/Red_Winged_Blackbird_0039_4285.jpg,9,0.052709762,0.081820995,0.13134778,0.040967423,-0.15792695,-0.069791175,0.0019882657,-0.026672006,-0.036254175,0.0021560136,0.01704393
/mnt/sdd/caltech_training/multiclass/train/010.Red_winged_Blackbird/Red_Winged_Blackbird_0105_4842.jpg,9,0.15794691,-0.023767896,0.016794614,-0.019282408,-0.015788801,0.026114728,0.05246973,0.05355205,0.010458222,-0.010091642,0.011582541
/mnt/sdd/caltech_training/multiclass/train/010.Red_winged_Blackbird/Red_Winged_Blackbird_0029_4804.jpg,9,-0.17768073,0.09604806,0.13446721,0.03434147,-0.00537071,0.0019905772,-0.06273808,-0.041734844,0.10091164,0.03965117,0.017225001
/mnt/sdd/caltech_training/multiclass/train/010.Red_winged_Blackbird/Red_Winged_Blackbird_0021_3767.jpg,9,-0.01398015,-0.043599002,0.035391543,-0.019139236,-0.13204333,-0.08709046,-0.040852502,-0.046673566,0.021574005,-0.023500014,0.014708391
/mnt/sdd/caltech_training/multiclass/train/010.Red_winged_Blackbird/Red_Winged_Blackbird_0109_4454.jpg,9,0.20174152,-0.00045144558,0.24357384,0.04766719,0.012625749,0.03428042,0.03674277,0.0154053345,0.064930335,0.01886861,0.0018889783
/mnt/sdd/caltech_training/multiclass/train/010.Red_winged_Blackbird/Red_Winged_Blackbird_0099_3985.jpg,9,-0.19798465,-0.10396525,0.018077537,0.058359176,0.06859818,0.02445304,0.023368126,0.022477444,0.0765965,0.013995935,0.00886027
/mnt/sdd/caltech_training/multiclass/train/010.Red_winged_Blackbird/Red_Winged_Blackbird_0023_5257.jpg,9,-0.1053136,0.03730437,-0.20106855,-0.085905075,-0.16284958,-0.07351421,0.07861643,0.09164128,-0.0023006145,0.0067690155,-0.00076543726
/mnt/sdd/caltech_training/multiclass/train/010.Red_winged_Blackbird/Red_Winged_Blackbird_0078_5372.jpg,9,-0.04226704,-0.053594843,0.072392695,-0.0011672294,0.13096906,0.016565489,-0.06931732,-0.049050935,-0.0036852583,0.007719963,0.024868825
/mnt/sdd/caltech_training/multiclass/train/010.Red_winged_Blackbird/Red_Winged_Blackbird_0027_4123.jpg,9,-0.14591843,-0.08508356,0.17864278,0.01823306,-0.04044175,0.015680742,0.024136778,0.02792752,0.04094241,0.012873975,0.028443936
/mnt/sdd/caltech_training/multiclass/train/010.Red_winged_Blackbird/Red_Winged_Blackbird_0059_4612.jpg,9,-0.07889714,-0.01350937,0.058941968,0.02984247,-0.07147704,-0.05701699,-0.08186828,-0.030196771,-0.081111655,-0.057132456,0.018000804
/mnt/sdd/caltech_training/multiclass/train/010.Red_winged_Blackbird/Red_Winged_Blackbird_0046_4242.jpg,9,0.03158264,-0.011277601,-0.030489203,0.041483738,-0.02789389,-0.022614013,-0.007973846,0.006487116,0.057395823,0.03684599,0.041551623
/mnt/sdd/caltech_training/multiclass/train/010.Red_winged_Blackbird/Red_Winged_Blackbird_0010_6386.jpg,9,-0.0034591667,0.06299285,0.14201656,0.10888636,-0.09760173,-0.06480856,-0.019215569,-0.031646896,-0.06368019,-0.002773106,0.026004363
/mnt/sdd/caltech_training/multiclass/train/010.Red_winged_Blackbird/Red_Winged_Blackbird_0058_4141.jpg,9,0.017583448,0.019041587,0.13029045,0.06319684,-0.025730655,-0.032688692,0.017771244,0.010204833,0.078661546,0.035450503,0.0018000854
/mnt/sdd/caltech_training/multiclass/train/010.Red_winged_Blackbird/Red_Winged_Blackbird_0065_4026.jpg,9,0.017812828,-0.08215022,0.15597299,0.064295255,0.08733423,0.022556122,0.09030601,0.0769093,0.00012963638,-0.045650393,0.02429866
/mnt/sdd/caltech_training/multiclass/train/010.Red_winged_Blackbird/Red_Winged_Blackbird_0040_4522.jpg,9,-0.07430195,-0.020024069,0.0404182,0.03350323,-0.08463143,0.013829227,-0.010181073,0.038094223,0.0065344833,-0.0018570572,0.019465461
/mnt/sdd/caltech_training/multiclass/train/010.Red_winged_Blackbird/Red_Winged_Blackbird_0079_4527.jpg,9,-0.09850201,-0.027381187,0.1777828,0.062696636,-0.019263316,0.0051774853,-0.016670411,-0.0455948,-0.028343435,-0.014591073,0.013351016
/mnt/sdd/caltech_training/multiclass/train/010.Red_winged_Blackbird/Red_Winged_Blackbird_0071_3988.jpg,9,0.057340313,0.062897176,0.14594014,0.029319767,0.010542028,0.0050628376,-0.024303902,-0.033474125,-0.04736497,0.042094152,0.024498746
/mnt/sdd/caltech_training/multiclass/train/010.Red_winged_Blackbird/Red_Winged_Blackbird_0096_5019.jpg,9,0.022602398,0.026566936,0.011891767,-0.011503164,-0.09307485,-0.014407849,-0.0327684,-0.0069220103,-0.06896515,-0.009474574,0.014967446
/mnt/sdd/caltech_training/multiclass/train/010.Red_winged_Blackbird/Red_Winged_Blackbird_0032_4004.jpg,9,-0.11821987,-0.014486358,0.20047745,0.034192942,-0.09639879,-0.0029480727,0.12633671,0.089017555,0.048300594,0.005819287,0.02152867
/mnt/sdd/caltech_training/multiclass/train/010.Red_winged_Blackbird/Red_Winged_Blackbird_0001_3695.jpg,9,0.026408616,0.058826637,0.025873207,-0.0484282,-0.06699297,-0.05367692,0.043582354,0.062417,-0.10266616,0.008165544,0.019791203
/mnt/sdd/caltech_training/multiclass/train/010.Red_winged_Blackbird/Red_Winged_Blackbird_0062_4233.jpg,9,0.10235519,0.08298823,-0.08439037,-0.01661957,0.18978542,0.11286613,-0.0393223,0.010578388,0.039282158,0.021866398,0.01881865
/mnt/sdd/caltech_training/multiclass/train/010.Red_winged_Blackbird/Red_Winged_Blackbird_0064_4936.jpg,9,-0.064511284,0.079864606,0.059062935,-0.015858917,0.0129155405,-0.05551464,-0.082961194,-0.063176796,0.023520134,0.01421796,0.004267479
/mnt/sdd/caltech_training/multiclass/train/010.Red_winged_Blackbird/Red_Winged_Blackbird_0047_3802.jpg,9,0.071409404,0.111886814,-0.07987784,-0.03545318,-0.025220407,-0.024017967,-0.041869354,0.006590849,-0.02259834,-0.03797126,0.017243003
/mnt/sdd/caltech_training/multiclass/train/010.Red_winged_Blackbird/Red_Winged_Blackbird_0055_4345.jpg,9,-0.12756099,0.016928267,0.11795605,0.008877009,0.07844389,0.08356124,0.043167002,0.010488414,0.05198129,0.009325194,0.007340772
/mnt/sdd/caltech_training/multiclass/train/010.Red_winged_Blackbird/Red_Winged_Blackbird_0007_3706.jpg,9,0.03602776,0.09449677,-0.16658387,-0.19010328,-0.05544345,0.021739166,-0.011182182,0.008404834,0.11291422,0.022247823,0.03744658
/mnt/sdd/caltech_training/multiclass/train/010.Red_winged_Blackbird/Red_Winged_Blackbird_0020_4050.jpg,9,-0.14105235,-0.053090736,0.1336609,0.0007534344,-0.10314376,-0.016516572,-0.02044514,0.043595295,0.003720033,0.009732844,0.007299387
/mnt/sdd/caltech_training/multiclass/train/010.Red_winged_Blackbird/Red_Winged_Blackbird_0006_6005.jpg,9,-0.21883048,-0.06836298,-0.0076227,0.009777272,0.063344285,0.06279191,0.0871637,0.028260317,0.07423037,0.0027116323,0.030935548
/mnt/sdd/caltech_training/multiclass/train/010.Red_winged_Blackbird/Red_Winged_Blackbird_0049_5598.jpg,9,0.1270474,-0.017550312,0.038601264,0.02021152,0.032634664,0.02278871,0.0820312,-0.00096531585,-0.016065717,-0.033884853,0.01209487
/mnt/sdd/caltech_training/multiclass/train/010.Red_winged_Blackbird/Red_Winged_Blackbird_0061_4196.jpg,9,0.10933941,0.0746641,-0.045089737,0.06885077,0.024383798,0.02087076,-0.073326655,-0.062435053,0.13982624,0.042914588,0.008291325
/mnt/sdd/caltech_training/multiclass/train/010.Red_winged_Blackbird/Red_Winged_Blackbird_0017_4116.jpg,9,-0.05541738,-0.0016136244,0.0025584772,-0.0061999876,0.025844224,0.034957334,-0.09762207,-0.08953671,-0.03897671,-0.030766115,0.0068956534
/mnt/sdd/caltech_training/multiclass/train/010.Red_winged_Blackbird/Red_Winged_Blackbird_0042_3635.jpg,9,-0.33835945,-0.07230157,0.020680116,0.019535597,0.14219888,0.031489283,-0.09127015,-0.0581823,-0.032362834,0.0007752017,0.025872836
/mnt/sdd/caltech_training/multiclass/train/010.Red_winged_Blackbird/Red_Winged_Blackbird_0053_4072.jpg,9,0.149433,0.07358602,-0.05528104,-0.022185722,-0.042536393,-0.021094447,0.020641107,0.018964805,0.00035189744,0.004527405,0.021835307
/mnt/sdd/caltech_training/multiclass/train/010.Red_winged_Blackbird/Red_Winged_Blackbird_0052_5575.jpg,9,0.035446823,0.04552348,-0.11861493,0.005245663,0.041656874,0.025641838,-0.14523794,-0.04990276,0.13831821,0.030987395,-0.011455154
/mnt/sdd/caltech_training/multiclass/train/010.Red_winged_Blackbird/Red_Winged_Blackbird_0024_4180.jpg,9,-0.0884655,-0.048344307,0.14071244,0.024440037,0.04387296,-0.031578906,-0.023640662,-0.053991392,-0.08199498,0.01843746,0.03950921
/mnt/sdd/caltech_training/multiclass/train/010.Red_winged_Blackbird/Red_Winged_Blackbird_0089_4188.jpg,9,-0.16542605,-0.055609927,0.11653414,-0.030831952,0.15544938,0.083788514,0.047321923,0.03251651,0.2305182,0.030222751,0.003976828
/mnt/sdd/caltech_training/multiclass/train/010.Red_winged_Blackbird/Red_Winged_Blackbird_0012_6015.jpg,9,-0.04018265,-0.028479183,-0.2966417,-0.084898986,-0.023475215,0.024496157,0.004135294,-0.032772094,-0.06910625,0.00691884,0.014930114
/mnt/sdd/caltech_training/multiclass/train/010.Red_winged_Blackbird/Red_Winged_Blackbird_0005_5636.jpg,9,-0.15317297,0.015360894,0.027795305,-0.0020870902,0.020112056,-0.00041034794,-0.07109262,0.0101291835,0.044683266,-0.02420332,0.020854771
/mnt/sdd/caltech_training/multiclass/train/010.Red_winged_Blackbird/Red_Winged_Blackbird_0045_4526.jpg,9,0.1014508,-0.028311333,0.1755003,0.0560867,-0.040280428,0.027775206,0.019636676,0.023786867,0.0994976,0.019665107,0.014986662
/mnt/sdd/caltech_training/multiclass/train/010.Red_winged_Blackbird/Red_Winged_Blackbird_0072_4338.jpg,9,-0.14276806,-0.00954321,-0.036633223,0.009495674,-0.0923792,-0.038230706,-0.017509429,0.0045478903,0.013138086,0.017640878,-0.00739753
/mnt/sdd/caltech_training/multiclass/train/010.Red_winged_Blackbird/Red_Winged_Blackbird_0081_6081.jpg,9,-0.053326085,0.008346792,-0.030619511,-0.009609525,-0.0096018985,0.047200203,0.03968964,-0.02357659,0.066459134,0.0021200404,-0.0051651914
/mnt/sdd/caltech_training/multiclass/train/010.Red_winged_Blackbird/Red_Winged_Blackbird_0088_4007.jpg,9,-0.04644844,-0.037348665,0.063991494,0.02037932,-0.07109798,0.040132187,-0.031405482,-0.045838777,-0.09820331,-0.065769255,0.0122294165
