Full filepath,Full Class Index,sensitivityscore_before_features.5.block.0.0,sensitivityscore_before_features.5.block.1.0,sensitivityscore_before_features.5.block.2.fc2,sensitivityscore_before_features.5.block.3.0,sensitivityscore_before_features.6.block.0.0,sensitivityscore_before_features.6.block.1.0,sensitivityscore_before_features.6.block.2.fc2,sensitivityscore_before_features.6.block.3.0,sensitivityscore_before_features.7.block.0.0,sensitivityscore_before_features.7.block.1.0,sensitivityscore_before_features.7.block.2.fc2,sensitivityscore_before_features.7.block.3.0
/mnt/sdd/caltech_training/multiclass/train/001.Black_footed_Albatross/Black_Footed_Albatross_0007_796138.jpg,0,0.010634312,0.0077104354,0.15084884,-0.008715721,-0.009115041,-0.009156235,0.0039312206,-0.018188171,-0.009040303,-0.0058685387,0.020677723,-0.012937902
/mnt/sdd/caltech_training/multiclass/train/001.Black_footed_Albatross/Black_Footed_Albatross_0047_796064.jpg,0,-0.0049035633,-0.0037981689,-0.036127325,-0.034676317,0.0033298596,-0.00065588136,-0.014666168,0.004511719,-0.027987335,-0.0021717711,0.09167664,-0.015827624
/mnt/sdd/caltech_training/multiclass/train/001.Black_footed_Albatross/Black_Footed_Albatross_0036_796127.jpg,0,0.010530522,0.011532666,-0.046430826,-0.00076934416,0.0010842918,0.003124258,0.04478441,-0.017047819,0.010888806,0.009633571,-0.04094313,0.02817874
/mnt/sdd/caltech_training/multiclass/train/001.Black_footed_Albatross/Black_Footed_Albatross_0026_796095.jpg,0,0.0057846317,0.00034376184,-0.03333375,-0.050208744,-0.009840079,-0.007223148,-0.046300337,-0.011327511,-0.0011877147,0.00058624183,0.00282293,0.04555777
/mnt/sdd/caltech_training/multiclass/train/001.Black_footed_Albatross/Black_Footed_Albatross_0010_796097.jpg,0,0.007117669,0.004674106,-0.007150341,-0.023883048,-0.013672506,-0.0048734443,0.04293668,-0.026860263,0.007003527,-0.00088527217,0.1084994,-0.0033249902
/mnt/sdd/caltech_training/multiclass/train/001.Black_footed_Albatross/Black_Footed_Albatross_0069_796139.jpg,0,-0.0029737283,0.010348199,0.029302314,-0.03746215,-0.009421052,-0.001560766,-0.014351835,-0.031932138,-0.02409923,-0.0041840365,0.01596006,-0.00834555
/mnt/sdd/caltech_training/multiclass/train/001.Black_footed_Albatross/Black_Footed_Albatross_0067_170.jpg,0,0.0014438793,0.0040163775,0.07389738,-0.043806106,-0.0073164906,5.684863e-05,0.11463483,-0.017747711,-0.0023235222,0.0018215595,-0.14956921,-0.02722828
/mnt/sdd/caltech_training/multiclass/train/001.Black_footed_Albatross/Black_Footed_Albatross_0090_796077.jpg,0,-0.015633048,-0.011017209,-0.07542549,0.0016348357,-0.003785704,0.0036388622,-0.035053216,0.0057741506,0.013266826,0.007399189,-0.07344281,0.023102894
/mnt/sdd/caltech_training/multiclass/train/001.Black_footed_Albatross/Black_Footed_Albatross_0035_796140.jpg,0,0.008888017,0.008200613,-0.065351725,-0.030585714,0.008437894,0.007923626,0.082637876,0.019270845,0.0001636832,0.006326426,-0.020934395,0.024773883
/mnt/sdd/caltech_training/multiclass/train/001.Black_footed_Albatross/Black_Footed_Albatross_0076_417.jpg,0,0.008143092,0.009122287,-0.046138246,0.0073616747,-0.004071174,0.010962298,0.08099898,0.007739434,-0.0046796873,-0.0050318995,-0.0013137162,-0.04423836
/mnt/sdd/caltech_training/multiclass/train/001.Black_footed_Albatross/Black_Footed_Albatross_0080_796096.jpg,0,0.0131600415,0.0067159627,-0.012187915,-0.025140397,-0.0026937928,0.0024082374,0.07432072,-0.04686814,-0.012743708,-0.008076792,-0.10959894,-0.043225393
/mnt/sdd/caltech_training/multiclass/train/001.Black_footed_Albatross/Black_Footed_Albatross_0061_796082.jpg,0,-0.00076425914,-0.00305107,-0.023127418,-0.017613132,-0.008511213,0.00014890602,0.01304784,-0.018565932,-0.0015165345,0.001565715,-0.0922468,0.037299186
/mnt/sdd/caltech_training/multiclass/train/001.Black_footed_Albatross/Black_Footed_Albatross_0003_796136.jpg,0,-0.0036942258,-0.0031110572,-0.046180386,0.016293414,-0.014406582,0.006598359,-0.020324387,-0.022069532,0.023824792,0.00504974,-0.06841814,-0.0009935796
/mnt/sdd/caltech_training/multiclass/train/001.Black_footed_Albatross/Black_Footed_Albatross_0079_796122.jpg,0,-0.011702231,-0.0016669957,-0.085035995,-0.0406503,-0.0016149909,0.003228777,-0.018719532,-0.022888634,-0.022317655,-0.004192191,0.00666748,-0.007373473
/mnt/sdd/caltech_training/multiclass/train/001.Black_footed_Albatross/Black_Footed_Albatross_0082_796121.jpg,0,0.008232274,0.00041421782,0.052883103,-0.034332152,-0.0038438016,-0.0016027426,0.047388464,-0.056734253,-0.006235012,-0.0030053458,0.0024481416,-0.0029368214
/mnt/sdd/caltech_training/multiclass/train/001.Black_footed_Albatross/Black_Footed_Albatross_0064_796101.jpg,0,0.011022914,-0.0047800397,0.026776347,-0.014803966,0.0040513035,-0.007043951,-0.08254729,-0.021202782,-0.0065440843,0.00018465781,-0.079216,0.016621023
/mnt/sdd/caltech_training/multiclass/train/001.Black_footed_Albatross/Black_Footed_Albatross_0042_796071.jpg,0,-0.0019910077,-0.0037455475,-0.07606283,-0.009542021,0.0018427464,0.00082066935,0.08818167,-0.014659024,0.003478859,-0.0014566411,-0.23341922,0.018330514
/mnt/sdd/caltech_training/multiclass/train/001.Black_footed_Albatross/Black_Footed_Albatross_0068_796135.jpg,0,0.00970239,0.008906394,0.049180165,-0.044275083,-0.00041093887,0.0031910602,0.014010772,-0.05567157,-0.021113303,-0.0066894935,0.07410878,-0.041733716
/mnt/sdd/caltech_training/multiclass/train/001.Black_footed_Albatross/Black_Footed_Albatross_0031_100.jpg,0,0.012180191,0.0026062038,-0.0083980225,0.02579755,0.0013551745,0.01060508,0.061422117,0.012520239,-0.0011700786,-0.00084565015,-0.005181957,0.023633158
/mnt/sdd/caltech_training/multiclass/train/001.Black_footed_Albatross/Black_Footed_Albatross_0014_89.jpg,0,0.0025971816,-0.00011421554,0.039082386,0.009752983,0.0058278893,0.0019059391,0.032627888,0.006993412,0.013143651,0.00017677835,0.037362527,0.010840903
/mnt/sdd/caltech_training/multiclass/train/001.Black_footed_Albatross/Black_Footed_Albatross_0033_796086.jpg,0,-0.012921883,-0.0063725607,0.0033072894,-0.0073050186,-0.0040694443,-0.009611854,-0.0656465,-0.027452437,-0.025299644,0.0064112158,-0.22703671,0.015513739
/mnt/sdd/caltech_training/multiclass/train/001.Black_footed_Albatross/Black_Footed_Albatross_0024_796089.jpg,0,-0.0003902139,0.005543138,0.03645102,-0.005825469,0.007264069,0.007885168,-0.028464362,0.008496959,0.010356367,0.0030811392,-0.020396791,0.025909208
/mnt/sdd/caltech_training/multiclass/train/001.Black_footed_Albatross/Black_Footed_Albatross_0005_796090.jpg,0,-0.0010433292,-0.0016101805,0.030730618,-0.0063674888,0.0118512735,0.0051977485,-0.044568904,-0.013780047,-0.006055042,-0.0014063753,-0.1859572,0.021812318
/mnt/sdd/caltech_training/multiclass/train/001.Black_footed_Albatross/Black_Footed_Albatross_0023_796059.jpg,0,0.0048595928,0.0033178732,-0.0004636161,-0.022481097,-0.0046674954,3.570816e-05,0.058106314,-0.029824823,0.00376984,-0.0017659722,-0.02935905,-0.02671913
/mnt/sdd/caltech_training/multiclass/train/001.Black_footed_Albatross/Black_Footed_Albatross_0074_59.jpg,0,0.00067179604,0.007939681,-0.019455638,-0.0042441124,0.004609729,0.0017262825,0.031842902,0.0073933294,-0.015486491,-0.0018859649,-0.0467449,-0.016669242
/mnt/sdd/caltech_training/multiclass/train/001.Black_footed_Albatross/Black_Footed_Albatross_0085_92.jpg,0,-0.006610305,-0.0061827046,-0.0672045,-0.033600688,0.00056637265,0.002749055,0.118709415,-0.021702467,-0.004770152,-0.0020982013,-0.12486046,-0.028168643
/mnt/sdd/caltech_training/multiclass/train/001.Black_footed_Albatross/Black_Footed_Albatross_0077_796114.jpg,0,0.00034542428,0.0045832386,0.03936617,0.0077544344,-0.004035099,-0.0027701806,-0.033580814,0.014214219,0.023374423,0.00015155983,-0.07501174,0.02167122
/mnt/sdd/caltech_training/multiclass/train/001.Black_footed_Albatross/Black_Footed_Albatross_0049_796063.jpg,0,0.009281917,0.0016437112,-0.14419657,-0.008399844,-0.004325463,0.0037308943,-0.056349255,0.021803355,0.0041506644,0.0037438176,0.10335999,0.004073767
/mnt/sdd/caltech_training/multiclass/train/001.Black_footed_Albatross/Black_Footed_Albatross_0065_796068.jpg,0,-0.0013905002,0.0051208814,-0.0736509,-0.0022797254,0.005108529,-0.00038061978,0.042228974,-0.025411565,-0.004688572,0.00045023405,-0.027125318,0.009907322
/mnt/sdd/caltech_training/multiclass/train/001.Black_footed_Albatross/Black_Footed_Albatross_0009_34.jpg,0,-0.011008771,-0.003525838,-0.017707434,-0.032448757,0.0054561,0.00013050018,-0.049158134,0.010883763,0.00117076,0.0022572083,-0.06278086,-0.009580262
/mnt/sdd/caltech_training/multiclass/train/001.Black_footed_Albatross/Black_Footed_Albatross_0089_796069.jpg,0,-0.004748352,-0.006711625,-0.0438471,-0.013811579,0.0021331385,0.0010379755,-0.07170772,-0.03695052,0.008424958,3.921846e-05,-0.13617006,0.005378496
/mnt/sdd/caltech_training/multiclass/train/001.Black_footed_Albatross/Black_Footed_Albatross_0041_796108.jpg,0,0.009558616,0.0029137547,-0.018775908,-0.0012191678,-0.0011760744,0.0021118808,-0.07242209,-0.027741503,-0.011270847,-0.005912314,-0.03199195,-0.011030689
/mnt/sdd/caltech_training/multiclass/train/001.Black_footed_Albatross/Black_Footed_Albatross_0081_426.jpg,0,-0.0033035546,0.0015705642,-0.010334395,0.0035204538,0.0042487383,0.004856407,0.042196613,-0.039788432,0.0025107693,-0.0013959261,0.0045544244,-0.00041342154
/mnt/sdd/caltech_training/multiclass/train/001.Black_footed_Albatross/Black_Footed_Albatross_0056_796078.jpg,0,0.012905086,0.009275042,0.19082011,0.026467206,-0.013037062,0.0024930057,-0.025985857,-0.00063571986,0.0449292,-0.0020849877,-0.100970626,0.016998656
/mnt/sdd/caltech_training/multiclass/train/001.Black_footed_Albatross/Black_Footed_Albatross_0038_212.jpg,0,0.0028767446,-0.0045742043,0.004172612,-0.0004577292,0.010595457,0.0045680655,0.03222646,-0.03128095,-0.024625584,-0.002129545,-0.025247246,-0.004550243
/mnt/sdd/caltech_training/multiclass/train/001.Black_footed_Albatross/Black_Footed_Albatross_0037_796120.jpg,0,-0.010616723,-0.0072125276,-0.27164075,-0.028823525,-0.00047912635,-0.00211026,0.07203466,-0.038275946,-0.019629056,-0.0045070546,0.022326404,-0.02800493
/mnt/sdd/caltech_training/multiclass/train/001.Black_footed_Albatross/Black_Footed_Albatross_0002_55.jpg,0,-0.005053117,-0.008071982,-0.0743438,-0.037939914,0.010765023,-0.003916217,-0.113435075,-0.029643346,-0.0027957303,-0.008574453,-0.1285444,-0.015578903
/mnt/sdd/caltech_training/multiclass/train/001.Black_footed_Albatross/Black_Footed_Albatross_0025_796057.jpg,0,-6.266078e-05,-0.0051605264,0.016247816,-0.008390711,-0.0034823506,-0.0015624487,0.044024803,-0.005942531,-0.012487199,-0.00061654777,-0.12785539,-0.0131321205
/mnt/sdd/caltech_training/multiclass/train/001.Black_footed_Albatross/Black_Footed_Albatross_0008_796083.jpg,0,0.004657103,0.0029332542,0.00553409,-0.026672918,-0.0061563943,8.156791e-05,0.024506044,0.007525976,-0.0073299347,-0.0003355975,0.1109783,-0.030101512
/mnt/sdd/caltech_training/multiclass/train/001.Black_footed_Albatross/Black_Footed_Albatross_0078_796126.jpg,0,-0.009528833,-0.0039473837,-0.044318616,0.0066316444,0.013882497,0.006798717,0.05682627,-0.031167936,-0.025134765,-0.0038365987,-0.1286338,0.0060349517
/mnt/sdd/caltech_training/multiclass/train/001.Black_footed_Albatross/Black_Footed_Albatross_0039_796132.jpg,0,0.00034675654,-0.0027145136,0.042230606,-0.028999375,-0.008166965,0.005768284,-0.020682182,-0.05737827,-0.009230903,0.0012157764,0.066284716,0.019459505
/mnt/sdd/caltech_training/multiclass/train/001.Black_footed_Albatross/Black_Footed_Albatross_0006_796065.jpg,0,0.0016675035,0.0061293812,-0.021295898,0.012394865,0.0085656,0.005727496,0.11043808,-0.04005835,0.013132398,0.0072945496,-0.033074457,-0.007913744
/mnt/sdd/caltech_training/multiclass/train/001.Black_footed_Albatross/Black_Footed_Albatross_0032_796115.jpg,0,-0.0072572534,0.0009427507,-0.04984524,-0.02191706,0.0151198935,0.0018311766,-0.02734801,-0.013598122,-0.00952367,0.0023632625,-0.12821218,-0.007959109
/mnt/sdd/caltech_training/multiclass/train/001.Black_footed_Albatross/Black_Footed_Albatross_0071_796113.jpg,0,0.009389909,0.01120924,0.06403579,-0.006297802,-0.0109170545,0.003116842,0.09505805,-0.06686991,-0.019376539,-0.006309686,0.03742356,-0.032512113
/mnt/sdd/caltech_training/multiclass/train/001.Black_footed_Albatross/Black_Footed_Albatross_0051_796103.jpg,0,0.008070193,0.0066159293,-0.0018291995,-0.019390533,-0.0047168573,0.0034208978,0.0071872086,-0.024607262,0.001550233,0.0058156224,0.012967496,0.0015734592
/mnt/sdd/caltech_training/multiclass/train/001.Black_footed_Albatross/Black_Footed_Albatross_0016_796067.jpg,0,0.008870524,0.0012302084,0.007701624,0.0016597374,0.0036590658,-0.00034303032,-0.054947548,-0.04585412,-0.011848176,0.006934991,-0.14345545,0.0044864453
/mnt/sdd/caltech_training/multiclass/train/001.Black_footed_Albatross/Black_Footed_Albatross_0088_796133.jpg,0,0.020989638,-0.00036848919,-0.0037487298,0.021534875,-0.022871481,0.018799685,0.054631334,-0.02156299,0.004238027,-0.00021522961,0.013440441,-0.02177604
/mnt/sdd/caltech_training/multiclass/train/001.Black_footed_Albatross/Black_Footed_Albatross_0053_796109.jpg,0,0.008149583,-0.0009265359,0.06487602,-0.0040973956,0.0049799,-0.0004979981,-0.13360554,0.008069707,0.009233698,0.0041914005,-0.09001788,0.013399952
/mnt/sdd/caltech_training/multiclass/train/002.Laysan_Albatross/Laysan_Albatross_0061_563.jpg,1,0.0011682835,-0.0016717333,0.04450489,-0.011289545,-0.0036643813,-0.00053767936,-0.10261315,0.02704622,0.003516746,-0.0020360881,0.12578663,-0.00078285625
/mnt/sdd/caltech_training/multiclass/train/002.Laysan_Albatross/Laysan_Albatross_0017_614.jpg,1,0.0016411268,0.00065219146,0.06618796,-0.00011617597,0.0029822574,0.0010533053,0.028344426,0.060776494,0.015728429,-0.0014650878,0.011098292,0.025551405
/mnt/sdd/caltech_training/multiclass/train/002.Laysan_Albatross/Laysan_Albatross_0035_876.jpg,1,-0.008826971,0.00075684546,-0.13511541,-0.015287957,-3.5576522e-07,0.00051169575,0.010427341,0.040186357,0.027812308,0.0060706767,0.06442872,-0.0020862715
/mnt/sdd/caltech_training/multiclass/train/002.Laysan_Albatross/Laysan_Albatross_0040_472.jpg,1,0.00153358,0.0044738464,0.07182135,0.006968328,0.008057659,-0.0007497106,0.064146176,0.007307861,0.011498844,0.0020998588,-0.04749551,-0.010395746
/mnt/sdd/caltech_training/multiclass/train/002.Laysan_Albatross/Laysan_Albatross_0073_927.jpg,1,-0.005322943,0.001731439,-0.04090341,-0.03159508,0.00471863,-0.0024439273,-0.020016871,0.016970761,0.009085442,0.003831022,-0.12890464,0.057850912
/mnt/sdd/caltech_training/multiclass/train/002.Laysan_Albatross/Laysan_Albatross_0076_671.jpg,1,-0.013747798,-0.0048367204,0.04686112,-0.011308883,0.0041724825,-0.0010702526,0.078123346,0.047086563,-0.00070682704,0.0045458986,0.18323107,0.0026673046
/mnt/sdd/caltech_training/multiclass/train/002.Laysan_Albatross/Laysan_Albatross_0002_1027.jpg,1,-0.006002481,0.001257356,0.06582861,-0.040902376,-0.010460465,0.0010514822,0.06589241,-0.05420345,-0.014461809,-0.0073095094,-0.044298306,-0.023775227
/mnt/sdd/caltech_training/multiclass/train/002.Laysan_Albatross/Laysan_Albatross_0012_696.jpg,1,-0.011316128,-0.0005786726,0.051052973,-0.008570423,0.007296046,-0.0024418472,-0.13187575,0.025332777,-0.023492163,-0.0049613295,-0.027719615,-0.0056677265
/mnt/sdd/caltech_training/multiclass/train/002.Laysan_Albatross/Laysan_Albatross_0005_565.jpg,1,0.0060757506,0.0014338221,-0.013648778,-0.018120788,0.008093856,0.0014441849,-0.026072588,0.012528606,-0.0068005957,-0.00376656,0.11834714,-0.020058922
/mnt/sdd/caltech_training/multiclass/train/002.Laysan_Albatross/Laysan_Albatross_0042_801.jpg,1,-0.0016386939,0.00500482,0.075075306,-0.02674185,0.008412518,-0.0042813173,0.006862331,0.0052932575,-0.01859266,-0.009572931,0.2352728,-0.0499104
/mnt/sdd/caltech_training/multiclass/train/002.Laysan_Albatross/Laysan_Albatross_0096_673.jpg,1,-0.014171453,-0.0054763537,-0.023254264,-0.010874547,0.009534039,0.0050086468,0.04118193,-0.0027245574,-0.00027783122,-0.0056148195,0.026940575,-0.004396402
/mnt/sdd/caltech_training/multiclass/train/002.Laysan_Albatross/Laysan_Albatross_0081_800.jpg,1,0.0059999665,-0.00075860973,0.016154274,0.00908733,0.01623331,0.0050562406,0.09971177,0.0042328453,-0.020848472,-0.003434372,0.03355602,-0.0018591527
/mnt/sdd/caltech_training/multiclass/train/002.Laysan_Albatross/Laysan_Albatross_0058_637.jpg,1,-0.009089125,-0.0036106403,0.027373172,-0.02932858,0.00022766332,-0.00026015355,0.046430912,0.0068602115,-0.015712472,-0.002407832,-0.013905528,-0.012187928
/mnt/sdd/caltech_training/multiclass/train/002.Laysan_Albatross/Laysan_Albatross_0037_699.jpg,1,0.010652223,0.0030404287,0.024196569,0.026721142,0.009798867,0.0021242518,0.026381506,-0.013865035,-0.0037085463,0.0007561045,-0.084201954,0.017462827
/mnt/sdd/caltech_training/multiclass/train/002.Laysan_Albatross/Laysan_Albatross_0003_1033.jpg,1,0.0011680447,-1.0926742e-06,0.021634873,-0.00029712263,0.0042345324,-0.002266445,-0.007844618,0.013495686,0.014810398,0.0012104255,-0.057664543,0.0035874178
/mnt/sdd/caltech_training/multiclass/train/002.Laysan_Albatross/Laysan_Albatross_0051_1020.jpg,1,-0.0008834568,-0.00331769,0.10858626,-0.02378091,0.00822391,0.0019869558,0.035256512,-0.030019587,-0.016846497,-0.0026278375,0.18116611,0.0020509777
/mnt/sdd/caltech_training/multiclass/train/002.Laysan_Albatross/Laysan_Albatross_0028_643.jpg,1,-0.017302476,-0.001474123,-0.048894975,-0.020497343,0.0052313837,0.0014742706,-0.024884999,0.014527155,-0.01369355,-0.00065081276,0.03308684,0.016473196
/mnt/sdd/caltech_training/multiclass/train/002.Laysan_Albatross/Laysan_Albatross_0053_543.jpg,1,-0.0004993137,-0.006968008,-0.087373406,-0.035339702,-0.004335709,0.0013014209,-0.024674388,-0.0116110835,0.00012922147,-0.0021450329,0.095955506,-0.03873867
/mnt/sdd/caltech_training/multiclass/train/002.Laysan_Albatross/Laysan_Albatross_0060_777.jpg,1,-0.029558094,-0.011783987,-0.15842092,-0.025843143,-0.0072134845,-0.0063685095,0.008703487,-0.006504538,0.016881475,0.002057411,0.12883012,-0.0010210131
/mnt/sdd/caltech_training/multiclass/train/002.Laysan_Albatross/Laysan_Albatross_0033_658.jpg,1,0.0015036184,0.0017319163,-0.043326385,-0.00887178,0.0013624643,0.0031530934,0.005793955,0.067200154,0.028769057,0.006864206,-0.018608373,0.022434529
/mnt/sdd/caltech_training/multiclass/train/002.Laysan_Albatross/Laysan_Albatross_0059_488.jpg,1,-0.011161435,-0.0037695242,-0.036102794,-0.012678139,0.0047505647,-0.0034250657,0.008237335,-0.04773786,-0.031238094,-0.005765139,-0.12813249,-0.0064331004
/mnt/sdd/caltech_training/multiclass/train/002.Laysan_Albatross/Laysan_Albatross_0079_506.jpg,1,0.00472588,-0.00015500869,-0.011744127,-0.008878307,0.002487858,-3.7089922e-07,0.07464488,-0.008846603,-0.012686437,-0.0050217947,0.057031967,0.0036607042
/mnt/sdd/caltech_training/multiclass/train/002.Laysan_Albatross/Laysan_Albatross_0093_725.jpg,1,-0.017949773,-0.0026188912,-0.028173586,-0.021762954,0.0048253634,0.0009807888,0.06751551,-0.061387457,-0.03167871,-0.009759186,-0.019684978,-0.047597185
/mnt/sdd/caltech_training/multiclass/train/002.Laysan_Albatross/Laysan_Albatross_0100_735.jpg,1,-0.003491355,-0.0059046405,0.003504537,-0.018331524,0.0019946387,0.0021504348,-0.0053458735,-0.02428541,-0.020522011,-0.0010490993,0.11815886,0.0010130815
/mnt/sdd/caltech_training/multiclass/train/002.Laysan_Albatross/Laysan_Albatross_0103_504.jpg,1,-0.0072897454,-0.005367307,-0.0016241837,-0.013596706,0.010015556,0.004126651,0.006019528,-0.0103659015,-0.041110575,-0.0014305692,-0.09626797,-0.023251953
/mnt/sdd/caltech_training/multiclass/train/002.Laysan_Albatross/Laysan_Albatross_0102_611.jpg,1,-0.014507538,-0.004521299,0.0043380484,0.002053137,0.0122368345,-0.0051123556,0.046073683,0.03546673,-0.0018129135,-0.0019538833,0.15909252,-0.024052138
/mnt/sdd/caltech_training/multiclass/train/002.Laysan_Albatross/Laysan_Albatross_0099_869.jpg,1,0.0035720167,-0.0034236205,0.01101163,-0.0051603387,-0.00036546757,0.005096918,0.06880984,0.017840683,0.008323588,-0.0021491034,0.0100225955,-0.033162586
/mnt/sdd/caltech_training/multiclass/train/002.Laysan_Albatross/Laysan_Albatross_0039_924.jpg,1,-0.011984404,-0.006927869,0.09337811,-0.020386524,0.010750201,-0.0020231302,0.0074746646,-0.0031248424,-0.02470973,-0.0031227225,-0.07630552,-0.030305818
/mnt/sdd/caltech_training/multiclass/train/002.Laysan_Albatross/Laysan_Albatross_0023_1059.jpg,1,-0.0069435136,-0.0020892275,-0.0647697,-0.028234083,-0.00019543897,-0.0036159756,-0.027131736,0.02631317,-0.013416546,-0.0044282447,0.11248549,-0.025048796
/mnt/sdd/caltech_training/multiclass/train/002.Laysan_Albatross/Laysan_Albatross_0092_834.jpg,1,-0.012399075,-0.0040032472,0.024963163,-0.0278725,0.008010147,-0.0018571718,0.02134205,0.00024570012,-0.030272476,-0.008103015,0.044461742,-0.045339834
/mnt/sdd/caltech_training/multiclass/train/002.Laysan_Albatross/Laysan_Albatross_0083_756.jpg,1,-0.006218195,6.553414e-05,0.03772223,0.0015307483,0.0004920503,-0.004073857,0.008367088,0.0025767777,-0.0057272594,-0.0023552184,0.12399787,-0.047462165
/mnt/sdd/caltech_training/multiclass/train/002.Laysan_Albatross/Laysan_Albatross_0091_602.jpg,1,-0.0072595985,-0.0031420654,0.1460081,0.0008800067,0.007681816,-0.0021115504,-0.05114703,0.051770978,-0.0071410374,-0.0029010472,-0.061855547,0.0115706185
/mnt/sdd/caltech_training/multiclass/train/002.Laysan_Albatross/Laysan_Albatross_0056_500.jpg,1,0.0033020996,0.00054252567,0.10313232,0.009381184,2.2169901e-05,0.0057262983,0.074052736,0.018279728,-0.0154224625,-0.0026982962,0.17826301,-0.019775722
/mnt/sdd/caltech_training/multiclass/train/002.Laysan_Albatross/Laysan_Albatross_0001_545.jpg,1,-0.004320139,-0.0025697805,0.12300237,0.015596612,0.0058638593,-0.0010761884,-0.013641054,0.03923397,0.0010075619,-0.004290774,0.013417149,-0.035232164
/mnt/sdd/caltech_training/multiclass/train/002.Laysan_Albatross/Laysan_Albatross_0047_619.jpg,1,-0.0024819644,-0.010102831,0.028722879,-0.012036261,0.00839892,-0.00051237317,-0.035406396,0.026244983,-0.005320452,-0.0008319543,0.028371714,-0.029649358
/mnt/sdd/caltech_training/multiclass/train/002.Laysan_Albatross/Laysan_Albatross_0025_571.jpg,1,-0.012892626,-0.005882024,-0.0032978654,-0.0061166356,0.0073936754,0.0022798795,0.05752187,0.0128198,0.009557073,0.0044861967,0.07188496,0.027654074
/mnt/sdd/caltech_training/multiclass/train/002.Laysan_Albatross/Laysan_Albatross_0006_702.jpg,1,0.010797614,0.005730513,0.14787504,0.027025048,0.0047143446,0.0033855932,-0.025795382,0.019062508,0.004122507,-0.0017858908,-0.01720637,0.006302206
/mnt/sdd/caltech_training/multiclass/train/002.Laysan_Albatross/Laysan_Albatross_0070_788.jpg,1,0.011500413,0.0033642105,0.1005131,-0.0069389655,0.005713253,-0.0006136389,-0.046556953,0.025109729,-0.00494017,-0.0043827333,0.08031985,-0.006103483
/mnt/sdd/caltech_training/multiclass/train/002.Laysan_Albatross/Laysan_Albatross_0044_784.jpg,1,0.0018567466,0.0051048864,0.00029918924,-0.0036900532,-0.0008118525,-0.004513978,-0.1541086,-0.020956561,-0.012642888,-0.0054214457,-0.21158344,0.0014991043
/mnt/sdd/caltech_training/multiclass/train/002.Laysan_Albatross/Laysan_Albatross_0004_930.jpg,1,0.0034590496,0.0024216224,0.001583904,-0.026894158,0.0050071264,0.004017349,-0.027902054,0.059535436,-0.001796728,-0.0038877036,0.047530912,-0.009661038
/mnt/sdd/caltech_training/multiclass/train/002.Laysan_Albatross/Laysan_Albatross_0094_1013.jpg,1,0.0017931876,0.0004516968,-0.017833399,-0.006380733,0.01038453,0.0041718124,-0.045990847,-0.041887343,-0.031217124,-0.007109253,0.01727302,-0.02425532
/mnt/sdd/caltech_training/multiclass/train/002.Laysan_Albatross/Laysan_Albatross_0050_870.jpg,1,0.011671677,0.0013944325,0.086262554,0.0037847506,0.012663338,-0.0025891885,0.11056427,-0.0012886666,-0.010633027,0.0005845425,0.094841704,0.014235014
/mnt/sdd/caltech_training/multiclass/train/002.Laysan_Albatross/Laysan_Albatross_0088_883.jpg,1,-0.00072830566,-0.0027938648,-0.04860342,0.0013125171,-0.005992228,-9.806501e-05,0.045366623,-0.038590528,0.0009764079,-0.004955918,0.12996121,0.01631202
/mnt/sdd/caltech_training/multiclass/train/002.Laysan_Albatross/Laysan_Albatross_0055_570.jpg,1,-0.0035136181,0.0029651718,0.056308493,-0.008686607,-0.0004553292,-0.0010063814,0.073736265,0.0006113425,-0.0017330828,-0.00557116,-0.061148968,-0.016354833
/mnt/sdd/caltech_training/multiclass/train/002.Laysan_Albatross/Laysan_Albatross_0013_910.jpg,1,-0.015453526,-0.0054134624,-0.09290257,-0.022115404,-0.0010712905,0.003010137,0.036674097,-0.0015254286,0.010742548,-0.00016961468,0.11242607,-0.0070932982
/mnt/sdd/caltech_training/multiclass/train/002.Laysan_Albatross/Laysan_Albatross_0071_792.jpg,1,0.004116868,0.0016407941,0.065931596,-0.0024013547,0.01827504,0.0013140595,0.014143068,0.0015684976,-0.022953913,-0.0034738574,-0.19617024,-0.004946111
/mnt/sdd/caltech_training/multiclass/train/002.Laysan_Albatross/Laysan_Albatross_0029_482.jpg,1,-0.00525338,-0.0030969386,0.010954093,0.0015916247,0.00529275,0.0040129367,0.06983213,-0.030933797,-0.028077286,-0.007387394,0.039647296,-0.026400931
/mnt/sdd/caltech_training/multiclass/train/002.Laysan_Albatross/Laysan_Albatross_0034_628.jpg,1,-0.007700567,-0.0039788866,-0.11229625,-0.031641163,-0.0038070674,-0.0037962082,0.0064500794,-0.047033433,-0.017858531,-0.0027690055,0.03998657,-0.04685624
/mnt/sdd/caltech_training/multiclass/train/003.Sooty_Albatross/Sooty_Albatross_0020_796359.jpg,2,0.0018496694,0.0023155485,-0.003808409,0.027035099,-0.0067355046,-0.0010539265,-0.0058491584,0.028383398,-0.004092886,-0.0021761223,0.022966832,-0.013989598
/mnt/sdd/caltech_training/multiclass/train/003.Sooty_Albatross/Sooty_Albatross_0006_796390.jpg,2,-0.012282671,-0.0047118366,-0.17685083,-0.00031582545,-0.007819336,0.0052334797,-0.024006408,0.0042134933,0.036192793,0.007745779,0.12619436,0.032157663
/mnt/sdd/caltech_training/multiclass/train/003.Sooty_Albatross/Sooty_Albatross_0036_796387.jpg,2,0.0013656892,0.0010215808,0.08465378,-0.005110992,-0.000854083,-0.0015006126,0.038749218,0.0050956747,-0.0016132812,-0.0043705394,-0.031113286,-0.022907782
/mnt/sdd/caltech_training/multiclass/train/003.Sooty_Albatross/Sooty_Albatross_0043_1076.jpg,2,0.01842567,0.009714324,0.024473079,0.032789484,-0.008759882,0.0025505726,0.092203796,-0.007981461,0.006469976,0.0023039272,-0.09411636,-0.02415001
/mnt/sdd/caltech_training/multiclass/train/003.Sooty_Albatross/Sooty_Albatross_0055_1160.jpg,2,0.005522806,0.00021432189,0.04865693,0.018432992,0.005174215,0.0058393064,0.032361023,0.034225065,0.008916004,0.00064111385,0.0037321374,0.004172996
/mnt/sdd/caltech_training/multiclass/train/003.Sooty_Albatross/Sooty_Albatross_0044_1105.jpg,2,0.0067335037,0.002911564,0.094244376,0.04169733,0.012107946,0.0018679677,-0.0043773046,0.019491082,-0.0036700554,-0.00058998197,-0.049305826,-0.005737612
/mnt/sdd/caltech_training/multiclass/train/003.Sooty_Albatross/Sooty_Albatross_0051_796374.jpg,2,0.0070619676,-0.002539357,0.045482434,0.019332366,0.0002897263,0.004294796,0.018834796,0.011939703,-0.0112137515,0.006835104,0.19257075,-0.009072319
/mnt/sdd/caltech_training/multiclass/train/003.Sooty_Albatross/Sooty_Albatross_0064_796343.jpg,2,-0.015837502,-0.009201909,0.11854979,-0.040377192,-0.00062453083,-0.0012666902,-0.08952199,0.022960277,0.008551297,-0.0028863805,-0.04435133,0.0041791117
/mnt/sdd/caltech_training/multiclass/train/003.Sooty_Albatross/Sooty_Albatross_0034_1154.jpg,2,0.0130062755,0.012573307,-0.07256404,0.000937229,-0.0056564035,-0.0020685885,-0.07469354,0.028055245,0.011055993,-0.0021774203,0.15571104,-0.009158752
/mnt/sdd/caltech_training/multiclass/train/003.Sooty_Albatross/Sooty_Albatross_0054_796347.jpg,2,0.00440187,-0.0019259366,-0.0019407663,0.02234656,0.0023006285,0.008051882,0.06801464,-0.0049415664,0.022111626,-0.00063142314,0.050932903,-0.010407053
/mnt/sdd/caltech_training/multiclass/train/003.Sooty_Albatross/Sooty_Albatross_0067_796376.jpg,2,-0.00047320873,0.004894926,0.060298823,0.009558639,-0.001378849,-0.0022729447,0.034542296,-0.010474475,-0.012807432,-0.0050995206,0.07383063,-0.0453013
/mnt/sdd/caltech_training/multiclass/train/003.Sooty_Albatross/Sooty_Albatross_0003_1078.jpg,2,0.009194751,0.003166716,0.056770194,0.02130329,0.0005203715,-0.0021724184,0.014380406,-0.0072449,0.007321603,-0.009213533,-0.0047987867,-0.0346272
/mnt/sdd/caltech_training/multiclass/train/003.Sooty_Albatross/Sooty_Albatross_0077_1080.jpg,2,-0.00812746,0.0004267511,-0.0142482,0.0019826908,-0.0079243425,0.0021065634,0.04238837,0.002291578,-0.012911716,-0.001458907,0.05495604,0.016693892
/mnt/sdd/caltech_training/multiclass/train/003.Sooty_Albatross/Sooty_Albatross_0049_796350.jpg,2,0.011330316,0.0032445018,-0.022007897,0.009476731,0.0033926778,0.0040348247,0.13521148,-0.0043628598,-0.0029584467,0.0019300829,0.081085935,-0.04453115
/mnt/sdd/caltech_training/multiclass/train/003.Sooty_Albatross/Sooty_Albatross_0070_796346.jpg,2,-0.00064811844,0.00048960105,0.06630309,0.008387412,-0.004347928,-0.0034958762,-0.02982367,-0.055605784,-0.0067597264,-0.005277897,-0.07910056,-0.050359536
/mnt/sdd/caltech_training/multiclass/train/003.Sooty_Albatross/Sooty_Albatross_0002_796395.jpg,2,-0.015889231,-0.010815453,0.028465824,0.0040558055,0.010752697,0.0051080184,0.101647556,0.012176185,0.007942617,-0.0028055878,0.08046469,-0.031067973
/mnt/sdd/caltech_training/multiclass/train/003.Sooty_Albatross/Sooty_Albatross_0016_1075.jpg,2,0.0022264742,-0.0023069251,-0.017600324,0.00732325,0.0019028378,0.0011894496,-0.004951503,-0.029790651,-0.017780453,-0.0023447569,0.01728395,-0.026231017
/mnt/sdd/caltech_training/multiclass/train/003.Sooty_Albatross/Sooty_Albatross_0005_796342.jpg,2,0.011514153,0.006607376,0.13114773,0.0320789,-0.00568331,-0.0027279884,0.07578228,-0.060722645,-0.023238696,-0.0021254115,-0.023563474,-0.020378228
/mnt/sdd/caltech_training/multiclass/train/003.Sooty_Albatross/Sooty_Albatross_0013_796402.jpg,2,0.00186533,0.0004751645,-0.103594184,0.017046394,-0.0029087795,0.0010465144,-0.12720454,-0.015629184,0.018337745,0.0016485635,-0.02603697,-0.0036015534
/mnt/sdd/caltech_training/multiclass/train/003.Sooty_Albatross/Sooty_Albatross_0038_1065.jpg,2,0.013841819,0.010122244,0.1397061,0.007904273,-0.003917522,0.0032903932,0.13721475,0.0018351981,0.014707431,0.0017353129,0.0596937,-0.029623542
/mnt/sdd/caltech_training/multiclass/train/003.Sooty_Albatross/Sooty_Albatross_0032_1149.jpg,2,-0.005854205,0.001922039,0.018952396,-0.027218014,-0.004734085,-0.0041077677,-0.01889013,-0.043448247,-0.009078275,-0.0034565544,0.050815262,-0.04110048
/mnt/sdd/caltech_training/multiclass/train/003.Sooty_Albatross/Sooty_Albatross_0076_796365.jpg,2,0.0045629023,0.0047338177,-0.02573307,0.003077696,-0.009489154,-0.0025006863,-0.022741124,0.015463728,-0.013558234,-0.00056947593,-0.025275052,-0.039296042
/mnt/sdd/caltech_training/multiclass/train/003.Sooty_Albatross/Sooty_Albatross_0004_796366.jpg,2,-0.007266796,-0.0037943749,0.12759799,-0.011754797,-1.532631e-05,-0.0026154255,-0.02222191,-0.013692456,0.007734314,-0.0005604944,-0.007384388,-0.013123901
/mnt/sdd/caltech_training/multiclass/train/003.Sooty_Albatross/Sooty_Albatross_0048_1130.jpg,2,0.0025953013,-0.0035677676,-0.0316155,0.014771279,-0.0050540734,-0.009982846,-0.030713875,-0.013708802,-0.015857635,-0.003929012,0.112074986,-0.018815104
/mnt/sdd/caltech_training/multiclass/train/003.Sooty_Albatross/Sooty_Albatross_0050_796351.jpg,2,-0.0021047452,0.002167876,0.07144392,-0.011672294,-0.0064538848,-0.002037764,0.015188359,-0.01547285,-0.0029142285,0.0007611014,-0.123906516,0.011203241
/mnt/sdd/caltech_training/multiclass/train/003.Sooty_Albatross/Sooty_Albatross_0014_796373.jpg,2,-0.0024424712,-0.002287067,0.013324742,-0.0056096558,-0.0026535783,-0.0011146239,0.052701052,-0.009535342,0.011139388,0.0041886955,-0.0014849305,0.051557295
/mnt/sdd/caltech_training/multiclass/train/003.Sooty_Albatross/Sooty_Albatross_0030_1122.jpg,2,0.015472971,0.012257194,0.04282488,0.043116175,0.0040756953,0.0027211816,0.10318684,0.0055372026,0.016026363,-0.00017511804,-0.08184015,-0.017258547
/mnt/sdd/caltech_training/multiclass/train/003.Sooty_Albatross/Sooty_Albatross_0023_796401.jpg,2,0.0038079782,0.0026958473,0.0037088282,0.0011645881,-0.0051508276,-0.0013878499,0.01857705,-0.000576267,0.00047684647,0.0024748736,0.24111062,-0.03140228
/mnt/sdd/caltech_training/multiclass/train/003.Sooty_Albatross/Sooty_Albatross_0065_796367.jpg,2,0.009293413,0.0061733993,0.046814006,0.025528738,0.0012554657,-0.0009084662,0.046738468,0.011541772,-0.01177528,-0.00074619264,0.0921563,-0.02892641
/mnt/sdd/caltech_training/multiclass/train/003.Sooty_Albatross/Sooty_Albatross_0010_796355.jpg,2,0.004950953,0.003356421,0.09172967,-0.012435741,-0.0011729649,-0.00373013,-0.012414962,-0.004067365,-0.0060407547,0.0032850313,0.055495106,-0.0060461396
/mnt/sdd/caltech_training/multiclass/train/003.Sooty_Albatross/Sooty_Albatross_0033_1128.jpg,2,0.00013555912,0.0021835824,0.18856251,0.017845992,-0.009564038,-0.003125001,0.03716554,-0.0060052313,-0.0016965121,-0.0028846904,-0.15233773,-0.02405951
/mnt/sdd/caltech_training/multiclass/train/003.Sooty_Albatross/Sooty_Albatross_0021_796339.jpg,2,0.014179349,0.0019734679,0.11684752,0.013726952,0.0091341585,0.004651987,0.13995373,0.008081632,-0.009206213,-0.006299561,0.059863824,-0.027044376
/mnt/sdd/caltech_training/multiclass/train/003.Sooty_Albatross/Sooty_Albatross_0007_796372.jpg,2,-0.007883576,-0.00038619566,-0.065218106,-0.0068524964,-0.010835066,-0.0005461625,-0.059056826,0.028276866,0.0015522847,-0.0039721592,-0.0057484712,-0.013212327
/mnt/sdd/caltech_training/multiclass/train/003.Sooty_Albatross/Sooty_Albatross_0073_1171.jpg,2,-0.007273157,-0.0036648845,0.08546344,0.009212115,-0.0019941404,-0.0009528267,-0.057768255,0.0011668308,0.004963422,-0.0048868074,0.024021741,-0.019838352
/mnt/sdd/caltech_training/multiclass/train/003.Sooty_Albatross/Sooty_Albatross_0025_796361.jpg,2,0.019210368,0.0059470944,-0.050196346,0.021425474,-0.000902767,0.005579986,0.031765826,0.010301343,0.021185286,-7.967651e-05,-0.1673982,-0.01730877
/mnt/sdd/caltech_training/multiclass/train/003.Sooty_Albatross/Sooty_Albatross_0031_1066.jpg,2,-0.0018025003,-0.001473704,0.12602584,0.010262766,-0.0056476197,-0.0023734374,0.043216154,0.004972446,-0.010755622,-0.003214579,-0.04495363,-0.0163917
/mnt/sdd/caltech_training/multiclass/train/003.Sooty_Albatross/Sooty_Albatross_0075_796352.jpg,2,-0.016295942,0.00034080842,-0.025023665,-0.025296222,-0.0033079316,-0.01050042,-0.11046147,0.003918186,0.0061514145,0.00046372856,0.081791975,-0.022608224
/mnt/sdd/caltech_training/multiclass/train/003.Sooty_Albatross/Sooty_Albatross_0040_796375.jpg,2,-0.0033950312,-0.0012793709,-0.0753915,0.015293844,0.00976469,0.008261544,0.0035506468,0.003425188,0.014900876,0.0050844457,-0.00259725,-0.0015458884
/mnt/sdd/caltech_training/multiclass/train/003.Sooty_Albatross/Sooty_Albatross_0019_796391.jpg,2,0.005020026,0.0066742497,0.13602439,0.030452624,0.0045413496,0.00018420568,0.056230854,0.024263201,0.0065260706,-0.0023235814,0.04021563,-0.03558203
/mnt/sdd/caltech_training/multiclass/train/003.Sooty_Albatross/Sooty_Albatross_0071_1116.jpg,2,0.0019962958,-0.0006529897,0.07142116,0.025643509,0.006907816,0.0031095934,-0.010365792,0.026829638,-0.009254135,-0.004372339,0.03152624,-0.012737092
/mnt/sdd/caltech_training/multiclass/train/003.Sooty_Albatross/Sooty_Albatross_0069_796358.jpg,2,-0.0038059875,0.0010544499,-0.036116872,0.010922912,0.004511858,0.0017946109,-0.0045481976,0.027581418,0.01680648,0.002639961,-0.15639323,-0.023190022
/mnt/sdd/caltech_training/multiclass/train/003.Sooty_Albatross/Sooty_Albatross_0046_1211.jpg,2,-0.0038203176,-0.0067058527,0.017199252,-0.009581223,-0.0015790362,0.004240648,-0.003350228,-0.012658798,0.019138878,0.004020723,-0.10800955,0.02097493
/mnt/sdd/caltech_training/multiclass/train/003.Sooty_Albatross/Sooty_Albatross_0041_796364.jpg,2,0.006846115,0.0054425593,-0.035850096,-0.022425896,-0.0019242445,0.00042344735,-0.06294206,-0.00027968595,-0.006653387,-0.0004093186,0.008356351,-0.015852397
/mnt/sdd/caltech_training/multiclass/train/003.Sooty_Albatross/Sooty_Albatross_0022_796398.jpg,2,-0.004095424,-0.00080035755,-0.07254472,0.007399544,0.0016654127,0.0021819281,0.05830051,0.002934684,-0.0042361887,0.00077311194,0.027685659,-0.025491916
/mnt/sdd/caltech_training/multiclass/train/003.Sooty_Albatross/Sooty_Albatross_0063_1101.jpg,2,-0.0027552103,0.00023054914,-0.035694774,-0.0018874323,-0.0036949776,-0.0060290275,0.00815694,-0.014067886,0.003110929,-0.0016434588,-0.12519222,0.0053901076
/mnt/sdd/caltech_training/multiclass/train/003.Sooty_Albatross/Sooty_Albatross_0079_796389.jpg,2,0.011591995,0.0041181343,0.02505205,0.04206158,-0.006055375,-0.0016652117,0.072529905,0.019315764,0.010409512,-0.0023312478,-0.073704444,-0.008952676
/mnt/sdd/caltech_training/multiclass/train/004.Groove_billed_Ani/Groove_Billed_Ani_0087_1765.jpg,3,0.0046902774,0.0016847744,0.07156135,0.0052522616,-0.004257984,-0.008098916,-0.033174373,-0.025013361,-0.007582165,0.00069059443,0.007193759,0.011764413
/mnt/sdd/caltech_training/multiclass/train/004.Groove_billed_Ani/Groove_Billed_Ani_0065_1502.jpg,3,-0.007171395,-0.008241594,0.020711124,0.0048140036,-0.0083172945,-0.0051803854,-0.11080334,-0.030557258,-0.002513563,0.003673737,0.004344739,0.017306466
/mnt/sdd/caltech_training/multiclass/train/004.Groove_billed_Ani/Groove_Billed_Ani_0053_1672.jpg,3,0.018357884,0.010780669,0.08212639,0.05960363,0.009333773,0.00033272873,-0.03468048,0.0062614027,0.02814042,0.00013245456,0.063507706,0.013033442
/mnt/sdd/caltech_training/multiclass/train/004.Groove_billed_Ani/Groove_Billed_Ani_0092_1516.jpg,3,-0.0016177674,-0.00016230997,-0.023065478,0.015662681,0.0072695534,0.00048450235,0.030827884,0.04009325,0.030549338,0.008220548,0.008820385,0.060034364
/mnt/sdd/caltech_training/multiclass/train/004.Groove_billed_Ani/Groove_Billed_Ani_0074_1730.jpg,3,-0.001129752,0.0021687434,0.096779056,0.013329944,0.00067471573,-0.004119472,-0.010742914,0.008802518,0.032076016,0.0021027487,-0.005814299,0.019952118
/mnt/sdd/caltech_training/multiclass/train/004.Groove_billed_Ani/Groove_Billed_Ani_0046_1663.jpg,3,0.016837232,0.0062413705,0.072935805,0.041637518,0.0016956632,0.0022846512,0.015162597,-0.021814471,0.011975797,-9.691436e-05,-0.003041938,0.035469245
/mnt/sdd/caltech_training/multiclass/train/004.Groove_billed_Ani/Groove_Billed_Ani_0037_1560.jpg,3,0.014373843,0.0012706995,0.067483194,0.017267205,0.0070175673,0.0021066992,-0.0896745,0.020569421,0.0123653,0.005344601,0.12520134,0.03304437
/mnt/sdd/caltech_training/multiclass/train/004.Groove_billed_Ani/Groove_Billed_Ani_0029_1620.jpg,3,0.00013498712,0.0041542067,0.100654274,0.026843958,0.009816115,0.00030316215,-0.02392127,0.027701993,0.0065140394,-0.00085261755,-0.007675845,-0.02532887
/mnt/sdd/caltech_training/multiclass/train/004.Groove_billed_Ani/Groove_Billed_Ani_0033_1494.jpg,3,0.0051443297,-0.0026167731,0.07864779,0.02335989,-0.003771676,0.0024464228,0.0525586,0.035710268,0.045545667,0.013505451,0.071947016,0.07722928
/mnt/sdd/caltech_training/multiclass/train/004.Groove_billed_Ani/Groove_Billed_Ani_0018_1613.jpg,3,0.009257629,0.0013662156,0.082293734,0.02846871,0.01183123,0.007870625,-0.081976645,-0.018022126,0.030173529,0.009636752,0.054495238,0.052332412
/mnt/sdd/caltech_training/multiclass/train/004.Groove_billed_Ani/Groove_Billed_Ani_0004_1528.jpg,3,0.0052269925,-1.431047e-05,-0.058697972,0.031630665,-0.005923502,-0.0020329133,-0.09379933,-0.036450747,0.026062496,0.010233512,-0.17959741,0.027256707
/mnt/sdd/caltech_training/multiclass/train/004.Groove_billed_Ani/Groove_Billed_Ani_0040_1715.jpg,3,-0.014771208,-0.004784025,-0.005102977,-0.007800787,-0.0038377016,-0.0066758455,0.004919339,0.00031945156,0.023080237,0.00473108,-0.011985023,0.069094576
/mnt/sdd/caltech_training/multiclass/train/004.Groove_billed_Ani/Groove_Billed_Ani_0036_1604.jpg,3,0.0024383147,-0.0026452322,-0.04544287,0.017671945,0.0109595265,0.0028559663,0.03519076,0.03815423,0.033683453,0.009292627,-0.038964473,0.045667607
/mnt/sdd/caltech_training/multiclass/train/004.Groove_billed_Ani/Groove_Billed_Ani_0069_1546.jpg,3,0.0038054714,0.0012665357,0.06503257,0.0019606696,-0.004405269,-0.005825682,-0.102258265,0.015158118,0.02772124,0.004587663,-0.14734086,0.03289989
/mnt/sdd/caltech_training/multiclass/train/004.Groove_billed_Ani/Groove_Billed_Ani_0076_1661.jpg,3,0.0052180365,0.005561186,0.11350844,0.004832625,0.005746591,0.0015745828,0.07484395,0.0052202577,-0.007816419,0.00011880067,-0.00841615,0.009072013
/mnt/sdd/caltech_training/multiclass/train/004.Groove_billed_Ani/Groove_Billed_Ani_0068_1538.jpg,3,0.008102914,0.0006028742,-0.052684207,-0.0119408015,0.0071520656,0.0013527495,0.076968655,-0.005145786,0.02410238,0.0038165369,-0.035962604,0.011006381
/mnt/sdd/caltech_training/multiclass/train/004.Groove_billed_Ani/Groove_Billed_Ani_0017_1561.jpg,3,-0.006551959,-0.007775396,-0.002520278,-0.020967532,0.006773253,0.0012390902,0.098028615,0.06980859,0.014172612,0.0051964317,-0.04209277,0.039062884
/mnt/sdd/caltech_training/multiclass/train/004.Groove_billed_Ani/Groove_Billed_Ani_0031_1588.jpg,3,0.0030359454,-0.0024600783,-0.0077253208,0.00037224265,0.0053702686,0.0019557101,0.011910517,0.002583284,0.009303035,0.0006505798,-0.060234576,0.0021635592
/mnt/sdd/caltech_training/multiclass/train/004.Groove_billed_Ani/Groove_Billed_Ani_0047_1706.jpg,3,0.011843528,0.0076026795,0.0401268,0.023971431,0.0056455336,0.00506976,-0.061315916,0.036170047,0.025204789,0.006524612,-0.08170183,0.0337679
/mnt/sdd/caltech_training/multiclass/train/004.Groove_billed_Ani/Groove_Billed_Ani_0002_1670.jpg,3,-0.002572204,-0.00724869,0.05211004,-0.006188685,0.010116569,0.0017350642,0.0234939,0.008086136,-0.0077814804,0.001304487,0.08692326,0.040804837
/mnt/sdd/caltech_training/multiclass/train/004.Groove_billed_Ani/Groove_Billed_Ani_0012_1784.jpg,3,0.009022325,0.003291128,0.0132557675,0.030204734,-0.002439003,-0.0048417975,-0.022394432,0.024463413,0.0463648,0.011193122,-0.10751755,0.05168836
/mnt/sdd/caltech_training/multiclass/train/004.Groove_billed_Ani/Groove_Billed_Ani_0023_1485.jpg,3,0.002099434,-0.012616701,-0.11709868,-0.0051901285,-0.00027751597,-0.008815372,-0.08130017,0.028591542,0.029906107,0.0048832726,0.0075927787,0.0320606
/mnt/sdd/caltech_training/multiclass/train/004.Groove_billed_Ani/Groove_Billed_Ani_0005_1750.jpg,3,0.004127854,0.0035048446,0.04910698,0.011706825,-0.000321729,-0.005288381,0.07116891,0.05992134,0.024416372,0.0041353917,-0.07095146,0.06449557
/mnt/sdd/caltech_training/multiclass/train/004.Groove_billed_Ani/Groove_Billed_Ani_0108_1639.jpg,3,0.002935452,0.0005314017,-0.07888315,0.051018257,0.010770974,0.0045757825,0.007060595,-0.0010650512,0.017733067,0.008408648,0.032221094,0.048762098
/mnt/sdd/caltech_training/multiclass/train/004.Groove_billed_Ani/Groove_Billed_Ani_0100_1646.jpg,3,0.0062639806,0.00539915,0.19701943,0.029655423,-5.6126155e-06,0.0007099502,-0.00071220007,-0.05496697,-0.024077615,-0.009882354,0.0091089085,-0.041978225
/mnt/sdd/caltech_training/multiclass/train/004.Groove_billed_Ani/Groove_Billed_Ani_0035_1591.jpg,3,0.013227594,-0.004580437,0.09669528,0.0038987137,0.009133316,0.002716645,0.03204518,0.02090057,-0.021769658,-0.0028970875,0.065951824,-0.005368417
/mnt/sdd/caltech_training/multiclass/train/004.Groove_billed_Ani/Groove_Billed_Ani_0032_1776.jpg,3,0.009343483,0.009416658,0.09809696,0.018138781,-0.00062385853,-0.00020625768,-0.0004964024,0.0057399366,0.023413049,0.00451068,-0.037336104,0.02201809
/mnt/sdd/caltech_training/multiclass/train/004.Groove_billed_Ani/Groove_Billed_Ani_0060_1505.jpg,3,0.010874002,0.0045386273,0.052582856,0.022107266,0.007424319,0.0026545282,-0.031548966,-0.0076300916,0.014025077,0.004748683,-0.15742134,0.019328155
/mnt/sdd/caltech_training/multiclass/train/004.Groove_billed_Ani/Groove_Billed_Ani_0078_1780.jpg,3,-0.0032117423,-0.004618396,0.004505204,0.018392958,0.010006202,0.0027113804,0.03057458,0.008748053,0.016896449,0.0024402174,-0.002927281,-5.693175e-05
/mnt/sdd/caltech_training/multiclass/train/004.Groove_billed_Ani/Groove_Billed_Ani_0075_1617.jpg,3,-0.0023010322,-0.0062728254,-0.016479263,0.011303743,-0.0033225566,-0.0018591621,-0.10386639,0.007534105,0.045969203,0.007468192,-0.15398476,0.060969092
/mnt/sdd/caltech_training/multiclass/train/004.Groove_billed_Ani/Groove_Billed_Ani_0044_1731.jpg,3,0.007338224,0.0064129266,0.04325339,0.016975801,-0.0010908857,-0.0047920807,-0.13141325,-0.026757196,-0.0025845706,0.0053627407,0.05283179,0.010020232
/mnt/sdd/caltech_training/multiclass/train/004.Groove_billed_Ani/Groove_Billed_Ani_0006_1763.jpg,3,0.011033007,0.0016652367,0.03880515,0.02467994,-0.012410889,-0.008250527,-0.041124642,-0.034437567,0.010649854,0.004341567,0.082583115,0.04064495
/mnt/sdd/caltech_training/multiclass/train/004.Groove_billed_Ani/Groove_Billed_Ani_0061_1510.jpg,3,0.007610134,0.0047879196,0.01220924,0.028582864,0.016917683,0.008241694,-0.0440569,0.03176312,0.027005093,0.005460225,-0.13562916,-0.004092644
/mnt/sdd/caltech_training/multiclass/train/004.Groove_billed_Ani/Groove_Billed_Ani_0109_1592.jpg,3,0.00090456544,-0.006342954,-0.01746889,0.007188278,0.0060790963,0.0016489575,-0.025810864,0.010108477,0.01662334,0.0077229277,-0.021632697,0.032316342
/mnt/sdd/caltech_training/multiclass/train/004.Groove_billed_Ani/Groove_Billed_Ani_0019_1585.jpg,3,-0.006059088,-0.004701409,0.055735506,0.017563717,-0.006888585,0.0001751656,-0.04850133,-0.012848536,-0.0074495347,0.0014971456,-0.19815083,0.018689796
/mnt/sdd/caltech_training/multiclass/train/004.Groove_billed_Ani/Groove_Billed_Ani_0056_1493.jpg,3,-0.007862715,0.0012493822,-0.010702423,0.0054089287,0.007158664,0.0055569136,0.037648816,0.02040428,-0.014037204,-0.000821893,0.0076931827,0.0020290453
/mnt/sdd/caltech_training/multiclass/train/004.Groove_billed_Ani/Groove_Billed_Ani_0080_1549.jpg,3,0.01132011,0.009927919,0.054492816,0.026775287,0.003800075,9.5654046e-05,-0.11604087,0.014721897,0.040996447,0.010456577,0.08676303,0.020972986
/mnt/sdd/caltech_training/multiclass/train/004.Groove_billed_Ani/Groove_Billed_Ani_0051_1650.jpg,3,-0.01090843,-0.009565799,-0.01339967,0.011087377,-0.0020199693,-0.008792441,0.08052809,0.006095259,0.013163554,0.002097134,-0.12997432,0.0075822687
/mnt/sdd/caltech_training/multiclass/train/004.Groove_billed_Ani/Groove_Billed_Ani_0090_1567.jpg,3,0.004574853,-0.000634274,-0.040971074,0.05278419,0.0034337856,0.00038811355,0.042842966,0.01571982,0.029899318,0.0043069115,-0.19921403,0.0287686
/mnt/sdd/caltech_training/multiclass/train/004.Groove_billed_Ani/Groove_Billed_Ani_0072_1696.jpg,3,0.008211771,-0.0020936402,-0.050637066,6.900029e-05,0.00091481255,0.0026939332,-0.045879,-0.025979009,-0.0032261205,-0.00089842733,0.03117739,-0.01656551
/mnt/sdd/caltech_training/multiclass/train/004.Groove_billed_Ani/Groove_Billed_Ani_0105_1562.jpg,3,0.0092820795,-0.00028552013,0.018758684,0.042517375,0.0024203586,-0.0036155563,0.011749214,-0.011805203,0.023777809,0.0094313845,0.051330406,0.06206583
/mnt/sdd/caltech_training/multiclass/train/004.Groove_billed_Ani/Groove_Billed_Ani_0107_1590.jpg,3,0.0045648995,-0.0034383554,0.1187953,-0.013095036,0.0016013118,0.006932363,0.044942223,-0.03364405,-0.0141129065,-0.0023661703,-0.14100283,-0.021246526
/mnt/sdd/caltech_training/multiclass/train/004.Groove_billed_Ani/Groove_Billed_Ani_0088_1678.jpg,3,-0.0063416096,-2.6839e-05,0.0137114385,0.017624816,-0.0016849837,-0.0017872789,-0.03464655,-0.00610219,-0.0071536293,-4.0255254e-06,0.089240395,0.007415061
/mnt/sdd/caltech_training/multiclass/train/004.Groove_billed_Ani/Groove_Billed_Ani_0059_1480.jpg,3,0.0034146286,-0.002114194,0.016782325,0.032121867,0.0038457818,0.0014417898,-0.023014782,-0.018018017,-0.0025793745,-0.00074888684,0.11223954,-0.0025058528
/mnt/sdd/caltech_training/multiclass/train/004.Groove_billed_Ani/Groove_Billed_Ani_0101_1700.jpg,3,-6.360421e-05,0.002535509,0.017231803,0.0030556503,-0.00036517414,-0.00046421727,-0.06592193,-0.0136950845,0.015476757,0.0038593772,0.14536184,0.02269789
/mnt/sdd/caltech_training/multiclass/train/004.Groove_billed_Ani/Groove_Billed_Ani_0014_1755.jpg,3,-0.0030794973,0.0038898382,0.11150995,0.04712806,-0.0010681087,-9.93791e-05,0.07461235,0.011806343,0.020720687,0.0030153478,-0.15885505,0.032064117
/mnt/sdd/caltech_training/multiclass/train/004.Groove_billed_Ani/Groove_Billed_Ani_0077_1724.jpg,3,-0.0015658806,0.00015836873,0.112602666,0.0053591337,0.0069257077,0.0024155588,-0.009243233,0.012008226,0.009288805,0.0045026545,-0.17847198,0.025040843
/mnt/sdd/caltech_training/multiclass/train/004.Groove_billed_Ani/Groove_Billed_Ani_0027_1754.jpg,3,0.0033646957,-0.003252035,-0.03853861,-0.0109571945,0.0035054735,-0.0008857803,-0.053655438,0.0075124055,0.00023991009,-0.0020795716,0.11290105,0.008847896
/mnt/sdd/caltech_training/multiclass/train/005.Crested_Auklet/Crested_Auklet_0005_794922.jpg,4,0.004718506,0.0039482783,-0.14963858,-0.012199217,0.0027684604,-0.0035320912,-0.08324949,-0.020653844,0.015741706,0.0009243407,-0.0207907,-0.0003643469
/mnt/sdd/caltech_training/multiclass/train/005.Crested_Auklet/Crested_Auklet_0011_794927.jpg,4,0.009769817,0.0077594956,0.028819628,0.030296862,0.0130843725,0.008912433,0.053500608,0.029519632,0.015096134,0.0037932775,-0.011026423,0.009202848
/mnt/sdd/caltech_training/multiclass/train/005.Crested_Auklet/Crested_Auklet_0019_794925.jpg,4,-0.0107627995,-0.0016184517,-0.012453929,0.0010488275,-0.0046320446,-0.0046754815,-0.031582374,0.017141612,-0.005490342,0.004715883,0.13509776,0.044079952
/mnt/sdd/caltech_training/multiclass/train/005.Crested_Auklet/Crested_Auklet_0033_794964.jpg,4,0.009073261,0.0010409895,-0.08934292,-0.0014172886,-0.005764964,-0.006291495,0.00013403222,-0.016517822,0.008976159,-0.0009943726,-0.019784126,0.022269867
/mnt/sdd/caltech_training/multiclass/train/005.Crested_Auklet/Crested_Auklet_0057_794932.jpg,4,0.001860122,-0.0013271201,-0.033679023,-0.0077025266,0.0050530927,-0.0031647251,-0.16369551,0.02224908,0.032811344,0.003871995,-0.18569893,0.016850773
/mnt/sdd/caltech_training/multiclass/train/005.Crested_Auklet/Crested_Auklet_0013_794914.jpg,4,0.009436425,0.006509255,0.05853656,0.021120975,0.0008465752,0.0025471242,0.0030441377,-0.013274919,0.019441023,0.00046362635,0.03356974,0.028974695
/mnt/sdd/caltech_training/multiclass/train/005.Crested_Auklet/Crested_Auklet_0040_794912.jpg,4,0.005028774,0.004787852,-0.077784024,0.033399723,0.006064218,0.0092787,-0.035306722,-0.014074441,0.009154187,-0.00095800473,0.13516827,0.03290136
/mnt/sdd/caltech_training/multiclass/train/005.Crested_Auklet/Crested_Auklet_0066_785251.jpg,4,-0.012602715,-0.006208952,-0.15085709,0.0105828475,0.00079647754,0.00032146985,0.0056219455,0.021170499,0.0094590485,0.005304477,-0.026319403,0.0019432032
/mnt/sdd/caltech_training/multiclass/train/005.Crested_Auklet/Crested_Auklet_0029_1824.jpg,4,0.0013318569,0.0021195747,0.054566383,0.028891262,0.00955285,0.0048274714,0.065692626,0.012264129,0.0024369163,-7.570302e-05,0.04599329,0.010928783
/mnt/sdd/caltech_training/multiclass/train/005.Crested_Auklet/Crested_Auklet_0076_785252.jpg,4,0.014409047,0.00968473,0.03652931,0.03750257,-0.0036581145,-0.007182345,0.009323936,0.0032887096,0.017517272,0.0039611575,0.056237034,0.031623337
/mnt/sdd/caltech_training/multiclass/train/005.Crested_Auklet/Crested_Auklet_0044_1825.jpg,4,-0.009297216,0.0014234368,-0.086711094,-0.008492645,-0.023596767,-0.00921995,-0.017864708,0.01798302,0.016154008,0.005750715,0.020819925,0.051723585
/mnt/sdd/caltech_training/multiclass/train/005.Crested_Auklet/Crested_Auklet_0003_794962.jpg,4,-0.014630269,-0.00557233,-0.06659354,0.021016952,0.00571974,0.010826827,0.08304566,-0.0028671315,0.0090175355,-0.0011946901,0.16522211,0.05947499
/mnt/sdd/caltech_training/multiclass/train/005.Crested_Auklet/Crested_Auklet_0010_794907.jpg,4,0.013846796,0.004834503,0.051096506,0.04121507,0.01313976,0.009216256,0.061180472,0.030413937,0.033189863,0.007388811,-0.12851515,0.047308315
/mnt/sdd/caltech_training/multiclass/train/005.Crested_Auklet/Crested_Auklet_0018_1817.jpg,4,-0.013796446,-0.0012856699,0.05162402,0.025446922,0.008628599,0.004783238,0.008460581,0.03951922,0.0056895837,0.011642236,-0.013289545,0.037064347
/mnt/sdd/caltech_training/multiclass/train/005.Crested_Auklet/Crested_Auklet_0001_794941.jpg,4,0.007594781,0.0008352348,0.07778609,0.0051001655,-0.009911341,-0.006141523,-0.1193943,0.006343689,0.0031942842,-0.00023077137,-0.09184484,0.004876498
/mnt/sdd/caltech_training/multiclass/train/005.Crested_Auklet/Crested_Auklet_0021_794938.jpg,4,0.0040071094,0.00037726108,-0.026706014,0.017654452,0.004297617,0.0007380751,-0.09246278,0.017881807,0.031235939,0.005460365,0.041738782,0.033473995
/mnt/sdd/caltech_training/multiclass/train/005.Crested_Auklet/Crested_Auklet_0072_785260.jpg,4,-3.254786e-05,0.00049493636,0.041793816,0.046094455,0.006224344,0.003790978,0.100967675,0.036664855,0.03545918,0.008445034,0.114137724,0.05665979
/mnt/sdd/caltech_training/multiclass/train/005.Crested_Auklet/Crested_Auklet_0067_785249.jpg,4,0.0061384765,3.3655786e-05,-0.0044265557,-0.007088987,0.0075764013,0.00079031906,-0.061455436,0.0061045233,0.01446968,0.0055558337,-0.053233497,-0.009821769
/mnt/sdd/caltech_training/multiclass/train/005.Crested_Auklet/Crested_Auklet_0012_794960.jpg,4,0.00557685,-0.0014081347,0.001885375,0.0067326757,0.00053228997,0.0018245184,0.02130272,-0.04446661,-0.015043013,0.0020823267,0.103370465,-0.012123646
/mnt/sdd/caltech_training/multiclass/train/005.Crested_Auklet/Crested_Auklet_0032_794931.jpg,4,-0.018544212,-0.004116743,0.030790024,-0.002226512,0.0087169055,-0.0037318137,0.024293382,-0.028834395,-0.0018361541,0.0016294104,-0.089872934,0.018035369
/mnt/sdd/caltech_training/multiclass/train/005.Crested_Auklet/Crested_Auklet_0075_785259.jpg,4,0.0031811476,0.0040736636,0.08180857,-0.01850026,0.0053285602,0.0030342434,-0.041216694,-0.0020346185,0.022916012,0.0061291587,0.016921131,0.054259427
/mnt/sdd/caltech_training/multiclass/train/005.Crested_Auklet/Crested_Auklet_0041_794910.jpg,4,-0.019238165,-0.011231942,-0.09665688,0.008914953,-0.0035981315,-0.0035114628,-0.10379661,0.012794645,0.007156609,-0.0030784074,-0.061168782,-0.026601184
/mnt/sdd/caltech_training/multiclass/train/005.Crested_Auklet/Crested_Auklet_0068_785253.jpg,4,-0.016188469,-0.0038874303,0.045113076,-0.00044974918,0.0010507577,-0.006074764,-0.08112234,0.009767592,0.0057574213,0.0028627082,-0.10305803,0.020871129
/mnt/sdd/caltech_training/multiclass/train/005.Crested_Auklet/Crested_Auklet_0063_794901.jpg,4,0.004750445,0.0010972836,0.037602223,0.02500441,-0.0066538313,0.0011135375,0.017597549,0.021053804,0.019399334,0.0064548347,0.095507115,0.07665101
/mnt/sdd/caltech_training/multiclass/train/005.Crested_Auklet/Crested_Auklet_0059_794929.jpg,4,-0.0065275854,-0.0065770196,-0.03358507,-0.0144033395,0.0060770363,0.0078106243,0.018324174,-0.010700494,0.009810826,-0.0008659392,-0.068663426,0.001730131
/mnt/sdd/caltech_training/multiclass/train/005.Crested_Auklet/Crested_Auklet_0062_794968.jpg,4,0.0005392004,0.0037675505,-0.114905365,0.00543747,0.0028318511,0.0050632106,0.016807234,0.020832282,0.014043864,0.0042987666,0.21404167,0.010473154
/mnt/sdd/caltech_training/multiclass/train/005.Crested_Auklet/Crested_Auklet_0070_785261.jpg,4,-0.00044313783,0.00018805699,-0.09418443,0.002221683,0.007951962,-0.0010897103,-0.037333783,0.01416008,-0.0066684387,0.00025410636,0.14609493,0.007754148
/mnt/sdd/caltech_training/multiclass/train/005.Crested_Auklet/Crested_Auklet_0036_794905.jpg,4,0.0068048993,0.0022665695,-0.043474752,0.010771935,0.0071013537,0.008069126,0.06881012,0.021213684,0.001594011,9.489717e-05,-0.06507996,-0.004493845
/mnt/sdd/caltech_training/multiclass/train/005.Crested_Auklet/Crested_Auklet_0074_794949.jpg,4,0.019136464,0.0064841188,0.05635995,0.045967005,0.0043022353,0.005587194,0.10759902,0.037354063,0.0311988,0.010499372,0.045987256,0.040825155
/mnt/sdd/caltech_training/multiclass/train/005.Crested_Auklet/Crested_Auklet_0042_794902.jpg,4,-0.00024713762,0.00063039357,-0.0069131553,0.023601755,-0.00031946914,0.0018366524,0.008448042,0.017344348,0.019105393,0.0037808707,-0.107618056,0.03294132
/mnt/sdd/caltech_training/multiclass/train/005.Crested_Auklet/Crested_Auklet_0069_785258.jpg,4,-0.016287718,-0.009713334,-0.042851426,0.00074601267,-0.002955473,-0.0020462032,-0.0082527995,-0.01754475,-0.010270279,-0.0017904663,-0.04842581,0.0113762105
/mnt/sdd/caltech_training/multiclass/train/005.Crested_Auklet/Crested_Auklet_0061_794904.jpg,4,-0.009596667,-0.0037373381,-0.07040557,0.008557012,-0.0056614084,-0.00070732273,0.07530972,-0.00482187,0.014955195,0.010742747,0.010520786,0.043615997
/mnt/sdd/caltech_training/multiclass/train/005.Crested_Auklet/Crested_Auklet_0073_785248.jpg,4,-0.005455041,-0.00041912473,-0.09007983,0.023530066,-0.005414364,9.997003e-05,-0.11451355,-0.00035736896,0.015394757,0.009712741,-0.051556207,0.021409422
/mnt/sdd/caltech_training/multiclass/train/005.Crested_Auklet/Crested_Auklet_0077_785257.jpg,4,0.003763949,0.00058060617,-0.041903883,0.0077310987,-0.003474724,-0.0013493438,-0.088101566,-0.016532728,0.01248727,0.0033853375,0.0073599704,0.04838059
/mnt/sdd/caltech_training/multiclass/train/005.Crested_Auklet/Crested_Auklet_0052_794952.jpg,4,-0.020134857,-0.0047960817,0.035702534,-0.0012853369,0.006100463,0.008500721,-0.014700467,-0.012050138,-0.0039680284,0.004741247,0.062287055,0.04496243
/mnt/sdd/caltech_training/multiclass/train/006.Least_Auklet/Least_Auklet_0018_795077.jpg,5,0.0030444805,0.00089900475,-0.030489102,-0.008360507,0.0040592565,-0.0023785904,-0.108048126,-0.019067582,-0.005889735,0.0012367016,-0.10323231,-0.007507105
/mnt/sdd/caltech_training/multiclass/train/006.Least_Auklet/Least_Auklet_0011_795109.jpg,5,0.0013071343,-0.003563949,0.059321407,-0.024684167,0.00013663177,-0.003783317,-0.10416662,0.004155427,1.0514632e-05,0.002885326,-0.105042815,0.011104574
/mnt/sdd/caltech_training/multiclass/train/006.Least_Auklet/Least_Auklet_0021_795127.jpg,5,-0.008011065,-0.0028188992,0.11495091,-0.030241542,0.00024275528,-0.0045714234,0.017979082,0.006662461,-0.005426429,-0.005360706,-0.0121884495,-0.019041603
/mnt/sdd/caltech_training/multiclass/train/006.Least_Auklet/Least_Auklet_0039_795081.jpg,5,0.012412978,0.0068681086,-0.119228944,0.019092642,0.0038850529,-0.0003156983,-0.025299266,0.03418781,0.02485706,0.00795702,0.11666444,0.014774217
/mnt/sdd/caltech_training/multiclass/train/006.Least_Auklet/Least_Auklet_0046_795118.jpg,5,0.009378186,0.0016738749,-0.04805071,0.004038176,-0.0015002347,-0.0014389156,-0.055933453,0.0350023,0.00825605,-0.0019539667,0.102408275,0.034572612
/mnt/sdd/caltech_training/multiclass/train/006.Least_Auklet/Least_Auklet_0040_795100.jpg,5,0.012397531,0.002242159,0.16179137,0.021622749,-0.011755455,-0.0022968156,0.039808843,-0.0145663265,0.0061822515,0.0023285155,0.016636765,-0.006840454
/mnt/sdd/caltech_training/multiclass/train/006.Least_Auklet/Least_Auklet_0041_795107.jpg,5,0.0014932952,0.010768451,0.008842422,-0.0023492584,-0.0075034467,-0.0016661057,-0.07253598,-0.0276546,-0.02086734,-0.00032003177,-0.05557911,-0.013125824
/mnt/sdd/caltech_training/multiclass/train/006.Least_Auklet/Least_Auklet_0052_795088.jpg,5,0.0065993657,6.8599766e-05,-0.022402175,-0.009975842,0.0043850946,0.00075367,-0.049665663,-0.031318225,0.011574183,0.00875927,-0.06789629,0.028636627
/mnt/sdd/caltech_training/multiclass/train/006.Least_Auklet/Least_Auklet_0026_795066.jpg,5,0.002728615,-0.005641728,0.0758632,0.0077033015,-0.0017270959,-0.000518373,-0.22940315,0.011288064,0.0064916797,0.0035979887,-0.1016157,0.0061813574
/mnt/sdd/caltech_training/multiclass/train/006.Least_Auklet/Least_Auklet_0029_795122.jpg,5,-0.006399745,0.002491925,0.037290473,0.030506287,-0.01978368,-0.010055343,-0.09238288,0.018194946,-0.0027569418,0.0007305005,0.028688505,-0.037701733
/mnt/sdd/caltech_training/multiclass/train/006.Least_Auklet/Least_Auklet_0060_795095.jpg,5,0.0005166654,-0.00025892316,0.047164395,-0.024202153,0.0020953522,0.0031128388,0.0044192653,6.688014e-05,0.0019165985,0.002656952,0.034222938,0.0013271028
/mnt/sdd/caltech_training/multiclass/train/006.Least_Auklet/Least_Auklet_0058_1931.jpg,5,-0.013688003,-0.008541917,-0.046281956,-0.024969101,-0.0049604,-0.0064043924,-0.052413877,0.002527059,-0.012410542,-0.005819056,0.026288062,-0.04764434
/mnt/sdd/caltech_training/multiclass/train/006.Least_Auklet/Least_Auklet_0043_795067.jpg,5,0.007491042,0.0043040114,0.07804155,0.0460333,-0.008110687,-0.0030751622,0.06661211,-0.027070787,-0.0051031634,-0.0045091445,-0.10473512,0.00079647964
/mnt/sdd/caltech_training/multiclass/train/006.Least_Auklet/Least_Auklet_0005_795119.jpg,5,0.009053622,-0.0008503478,0.080042675,-0.011118194,-0.013257293,-0.01044327,-0.055939987,-0.064510465,-0.014257053,-0.0009678292,0.17380042,-0.024366237
/mnt/sdd/caltech_training/multiclass/train/006.Least_Auklet/Least_Auklet_0028_795094.jpg,5,0.00943666,0.0012614884,0.09850235,0.025751732,-0.00034809066,-0.0076089776,-0.04695385,-0.012602074,-0.0052721715,-0.00011980487,-0.04943136,-0.010653842
/mnt/sdd/caltech_training/multiclass/train/006.Least_Auklet/Least_Auklet_0010_795092.jpg,5,-0.0034365654,-0.00088910665,0.06333804,0.024056237,-0.0054076994,0.00050121243,-0.010971129,-0.041571815,-0.0033456804,-0.005393277,-0.046048544,0.010946134
/mnt/sdd/caltech_training/multiclass/train/006.Least_Auklet/Least_Auklet_0050_1924.jpg,5,-0.013242112,-0.0068341377,-0.053929307,-0.038590178,0.0027078805,0.00022176816,0.00029426254,-0.00987047,-0.014650844,-0.0022824206,0.09579499,0.0014586658
/mnt/sdd/caltech_training/multiclass/train/006.Least_Auklet/Least_Auklet_0007_795123.jpg,5,0.0075359917,-0.0059367316,-0.004318446,-0.022361733,-0.00791338,0.002188691,0.068270594,-0.014965024,0.0018395507,-0.004791181,-0.084027365,0.0007884316
/mnt/sdd/caltech_training/multiclass/train/006.Least_Auklet/Least_Auklet_0027_795091.jpg,5,-0.0079722665,-0.004321747,0.014919377,0.0034652906,0.010724301,0.0073802946,0.044503048,-0.016295787,0.008604894,0.0009548103,0.031594228,0.024940893
/mnt/sdd/caltech_training/multiclass/train/006.Least_Auklet/Least_Auklet_0020_795080.jpg,5,0.0018922184,0.00092123076,-0.059741724,0.006454915,-0.011580777,-0.006457339,0.021885041,0.017237633,0.021967042,0.0010092051,0.024390474,0.03129374
/mnt/sdd/caltech_training/multiclass/train/006.Least_Auklet/Least_Auklet_0032_795068.jpg,5,0.014024556,0.004439011,-0.11208198,0.05044643,0.0014724791,-0.005445675,-0.040285252,0.02122948,0.02452106,0.010651885,-0.044786755,0.0423591
/mnt/sdd/caltech_training/multiclass/train/006.Least_Auklet/Least_Auklet_0030_795116.jpg,5,0.007277346,0.00763123,0.012076817,0.013922069,-0.0035186324,-0.007171132,-0.10833651,-0.019553352,0.0036327713,0.0046082437,-0.035411343,-0.0048157554
/mnt/sdd/caltech_training/multiclass/train/006.Least_Auklet/Least_Auklet_0024_795120.jpg,5,0.010190697,0.0007263841,-0.021180067,-0.004309378,-0.001039698,0.0013094986,0.10346854,0.009270193,-0.010925138,-0.000888293,0.08189389,-0.01188115
/mnt/sdd/caltech_training/multiclass/train/006.Least_Auklet/Least_Auklet_0025_795087.jpg,5,0.015825178,0.009987501,0.07357077,0.03058287,0.0039945184,0.004231153,0.057528816,0.0741092,0.02064561,0.005747849,0.019840786,0.02736315
/mnt/sdd/caltech_training/multiclass/train/006.Least_Auklet/Least_Auklet_0023_1898.jpg,5,0.014355987,-0.0014603923,0.046979718,0.032129988,-0.0057138973,-0.0076980665,-0.014830783,-0.01697053,0.00544379,-5.644397e-05,0.094468325,0.007627165
/mnt/sdd/caltech_training/multiclass/train/006.Least_Auklet/Least_Auklet_0008_795071.jpg,5,0.007325233,-0.00063733733,0.021442398,-0.031672224,-0.0029865787,-0.005342061,-0.066437855,-0.0048782006,-0.007414164,-0.0064008543,-0.11252919,0.017694393
/mnt/sdd/caltech_training/multiclass/train/006.Least_Auklet/Least_Auklet_0015_795065.jpg,5,0.0039650714,0.0013944639,-0.040383928,0.021848105,-0.007820074,-0.0017944388,0.011946302,0.0017120102,0.018697545,0.0045952154,0.15418772,0.05189216
/mnt/sdd/caltech_training/multiclass/train/006.Least_Auklet/Least_Auklet_0038_795132.jpg,5,0.003795354,-0.004106155,0.022580717,0.012446696,-0.010074169,-0.0063347872,-0.046593234,-0.041361827,0.01664,0.003409724,-0.034405515,0.009399591
/mnt/sdd/caltech_training/multiclass/train/006.Least_Auklet/Least_Auklet_0054_795130.jpg,5,0.0102899205,0.008957087,0.07796489,0.040190767,-0.010459295,-0.0015940692,-0.021238986,-0.03253348,0.0045941602,-0.0032892893,-0.056026954,-0.013930359
/mnt/sdd/caltech_training/multiclass/train/006.Least_Auklet/Least_Auklet_0042_1874.jpg,5,0.0003416855,-0.0029648142,0.07416444,0.008586289,-0.0086721135,-0.00024942716,-0.08571452,0.008075016,0.0050384626,-0.00199569,-0.05637557,0.0032243775
/mnt/sdd/caltech_training/multiclass/train/006.Least_Auklet/Least_Auklet_0034_795096.jpg,5,0.018487059,0.0052603483,-0.026418982,0.018283578,0.006894218,-0.0061892746,0.05664195,0.013319321,0.007462121,0.002187844,0.029326193,0.006793851
/mnt/sdd/caltech_training/multiclass/train/006.Least_Auklet/Least_Auklet_0055_795106.jpg,5,0.0118211955,0.0010459626,0.06610851,0.0069377935,-0.012134818,-0.0041220505,-0.026776358,-0.024518464,0.018289901,0.0025517212,-0.1489033,0.0068292874
/mnt/sdd/caltech_training/multiclass/train/007.Parakeet_Auklet/Parakeet_Auklet_0078_2004.jpg,6,-0.011453968,-0.004608039,0.1419302,3.747223e-05,-0.0074364073,-0.0008573665,0.020569779,-0.026135597,-0.019542256,-0.007973454,-0.07663144,-0.024777181
/mnt/sdd/caltech_training/multiclass/train/007.Parakeet_Auklet/Parakeet_Auklet_0067_795964.jpg,6,0.008792092,0.01074433,-0.015468778,0.008091662,-0.0029072417,0.0024900076,-0.0313781,-0.012473546,0.020258766,0.0017393087,-0.11438254,0.0155828055
/mnt/sdd/caltech_training/multiclass/train/007.Parakeet_Auklet/Parakeet_Auklet_0064_795954.jpg,6,-0.012172705,0.0080984365,-0.042500123,-0.017071545,0.004794103,0.0024160417,0.046062548,-0.013372438,0.0011290519,-0.0018239465,0.19937898,-0.01000964
/mnt/sdd/caltech_training/multiclass/train/007.Parakeet_Auklet/Parakeet_Auklet_0050_795957.jpg,6,0.011663761,0.002686901,0.032666236,-0.012343325,0.007241905,-0.0026674634,-0.024652258,-0.04572762,-0.0073089134,-0.0038982644,0.19771345,-0.0045146067
/mnt/sdd/caltech_training/multiclass/train/007.Parakeet_Auklet/Parakeet_Auklet_0001_795972.jpg,6,-0.000679553,0.0040713344,0.038566597,-0.015860727,0.0027807197,-0.0027034369,0.082755044,-0.050512567,-0.01454762,-0.0021215193,-0.05501061,-0.006744572
/mnt/sdd/caltech_training/multiclass/train/007.Parakeet_Auklet/Parakeet_Auklet_0007_795932.jpg,6,-0.011388183,-0.005621655,-0.02648408,0.015438089,-0.0039625484,0.0012209462,0.11610991,-0.003619847,-0.0047912886,0.00088776904,-0.0012768432,0.0026538903
/mnt/sdd/caltech_training/multiclass/train/007.Parakeet_Auklet/Parakeet_Auklet_0012_795927.jpg,6,-0.0010517982,-0.0012356639,-0.04501283,-0.0071214763,-0.005962303,0.0011479105,0.04469851,-0.064031824,-0.011052524,-0.0057627093,-0.04799522,-0.04188146
/mnt/sdd/caltech_training/multiclass/train/007.Parakeet_Auklet/Parakeet_Auklet_0003_795982.jpg,6,0.0063955397,0.0049181483,-0.047108896,0.01914928,0.0061124666,0.0089829555,0.12644467,-0.004085388,0.019635325,0.0020582587,-0.15153772,0.0031053051
/mnt/sdd/caltech_training/multiclass/train/007.Parakeet_Auklet/Parakeet_Auklet_0020_795947.jpg,6,-0.01934202,-0.002387612,0.011177877,-0.029599912,0.0037685463,0.00862414,0.010101609,-0.03216982,-0.0041596503,-0.005168075,0.067236185,-0.033734284
/mnt/sdd/caltech_training/multiclass/train/007.Parakeet_Auklet/Parakeet_Auklet_0059_795973.jpg,6,0.016645787,-0.00038585684,0.03811017,-0.00143299,0.0074575352,0.006755704,0.033678517,-0.016385425,-0.0008665696,0.0019413254,-0.17915443,0.0013921789
/mnt/sdd/caltech_training/multiclass/train/007.Parakeet_Auklet/Parakeet_Auklet_0010_795995.jpg,6,-0.0014097004,-0.0013821891,0.08000479,-0.01355187,0.00086827273,0.00075881113,0.12135454,-0.017997833,-0.0055587483,0.0004669805,-0.1113299,-0.02693484
/mnt/sdd/caltech_training/multiclass/train/007.Parakeet_Auklet/Parakeet_Auklet_0074_795976.jpg,6,0.01681958,0.009873963,0.01322544,-0.002712675,0.012002143,0.0021074456,0.031344146,-0.06784006,0.0044922475,-0.003290522,0.12257555,-0.0134772165
/mnt/sdd/caltech_training/multiclass/train/007.Parakeet_Auklet/Parakeet_Auklet_0058_795942.jpg,6,-0.0068293884,0.0034312657,-0.069770195,0.003383148,-0.00062847964,-0.0018456597,0.10980664,-0.020896051,-0.008818529,-0.0033190004,0.036800735,-0.03888023
/mnt/sdd/caltech_training/multiclass/train/007.Parakeet_Auklet/Parakeet_Auklet_0008_795992.jpg,6,0.00067967724,0.00026775128,0.016080754,-0.017853696,0.0061863586,-0.0049949656,0.004666947,-0.00208952,0.011821954,-0.0030908945,-0.04094067,0.01408646
/mnt/sdd/caltech_training/multiclass/train/007.Parakeet_Auklet/Parakeet_Auklet_0026_795962.jpg,6,-0.0069549633,0.0012142266,0.03532725,0.016231058,0.0051290514,0.003862678,-0.030980928,0.0052291784,0.010713583,-0.0006307803,0.009822018,-0.00025733747
/mnt/sdd/caltech_training/multiclass/train/007.Parakeet_Auklet/Parakeet_Auklet_0056_795926.jpg,6,0.0038707568,0.0042378446,0.017328601,0.021561513,0.017930381,0.004723255,0.04635665,-0.022594182,-0.0073157367,2.0206906e-05,0.023748584,-0.018314041
/mnt/sdd/caltech_training/multiclass/train/007.Parakeet_Auklet/Parakeet_Auklet_0041_795933.jpg,6,-0.0040778774,-0.0037381097,0.036094576,-0.016648661,-0.009122881,-0.0020682816,-0.004728798,-0.014373894,-0.015868753,-0.006122959,0.036764875,-0.06716992
/mnt/sdd/caltech_training/multiclass/train/007.Parakeet_Auklet/Parakeet_Auklet_0042_795961.jpg,6,0.004507571,0.0052214805,-0.048645325,0.018543566,-0.0026531313,0.0028334027,-0.0052052084,0.0069743795,0.005798675,-0.00085123605,-0.015065223,0.018637512
/mnt/sdd/caltech_training/multiclass/train/007.Parakeet_Auklet/Parakeet_Auklet_0080_795965.jpg,6,-0.005608689,-0.00021454273,0.060432345,-0.014333017,-0.008036026,0.0017525648,0.04807735,0.013619069,0.012599962,-0.003607213,-0.20050898,0.0046047494
/mnt/sdd/caltech_training/multiclass/train/007.Parakeet_Auklet/Parakeet_Auklet_0043_795948.jpg,6,-0.0016479942,0.0007027376,0.020783637,-0.020063998,-0.0018083733,-0.004652602,0.105555594,-0.048124917,-0.00818844,-0.0064795213,0.051644173,-0.043284878
/mnt/sdd/caltech_training/multiclass/train/007.Parakeet_Auklet/Parakeet_Auklet_0031_795960.jpg,6,-0.0022439125,0.0025687958,0.01884811,-0.003237403,-0.007644929,0.00365258,0.025497466,-0.01326706,0.012837974,0.001527353,0.20759153,0.036715098
/mnt/sdd/caltech_training/multiclass/train/007.Parakeet_Auklet/Parakeet_Auklet_0027_795925.jpg,6,-0.00431785,0.0009472938,-0.0068785064,-0.031160472,-0.0080765635,-0.0033145244,-0.105124086,-0.041918654,-0.011468429,-0.003249162,0.13569167,-0.02674072
/mnt/sdd/caltech_training/multiclass/train/007.Parakeet_Auklet/Parakeet_Auklet_0025_795975.jpg,6,0.010737123,0.011812552,0.04316493,0.03284648,0.001099244,0.0044372017,0.030955788,0.016611721,0.020340493,-0.001358818,0.07824547,0.0060384828
/mnt/sdd/caltech_training/multiclass/train/007.Parakeet_Auklet/Parakeet_Auklet_0051_795971.jpg,6,0.010941935,0.00594493,0.0032232255,0.04026453,0.012046499,0.011449393,0.027147656,-0.01579868,0.012671147,0.00072892813,-0.014095334,0.035745095
/mnt/sdd/caltech_training/multiclass/train/007.Parakeet_Auklet/Parakeet_Auklet_0036_795943.jpg,6,0.015924742,0.008774275,-0.004703518,0.022319453,0.00012161769,0.006782105,-0.006513791,0.012289293,0.0044321446,-0.0039446466,-0.029106509,-2.0145439e-05
/mnt/sdd/caltech_training/multiclass/train/007.Parakeet_Auklet/Parakeet_Auklet_0016_795977.jpg,6,0.009564475,0.0035894234,-0.030794866,0.009593188,0.0016013056,0.0031080307,0.06898655,0.010192439,0.006243814,-0.0013949963,0.009737194,-0.0025352938
/mnt/sdd/caltech_training/multiclass/train/007.Parakeet_Auklet/Parakeet_Auklet_0047_795956.jpg,6,0.0024417338,0.00066808774,-0.06490643,-0.017511468,2.0863721e-05,0.003911908,0.12716797,-0.04670585,0.000805011,0.00028951326,-0.08040586,-0.015434012
/mnt/sdd/caltech_training/multiclass/train/007.Parakeet_Auklet/Parakeet_Auklet_0073_795939.jpg,6,0.0013376689,-0.009575535,-0.09710661,0.004319491,0.011953342,-0.0020541754,0.0719684,-0.04469703,-0.0014107656,-0.0027421047,-0.11895169,-0.0127502335
/mnt/sdd/caltech_training/multiclass/train/007.Parakeet_Auklet/Parakeet_Auklet_0004_795921.jpg,6,0.003290188,0.0022905492,0.050897554,0.020938601,-0.005217275,-0.0017421818,0.053418737,-0.046933435,-0.011284273,0.0017924404,0.10748688,-0.0054309363
/mnt/sdd/caltech_training/multiclass/train/007.Parakeet_Auklet/Parakeet_Auklet_0028_795944.jpg,6,0.0070248595,0.009296183,-0.00545742,0.025654301,0.005574595,0.004561302,0.048745602,0.045303956,0.007547657,0.0013330046,0.23506013,0.03648761
/mnt/sdd/caltech_training/multiclass/train/007.Parakeet_Auklet/Parakeet_Auklet_0076_796001.jpg,6,0.0095215645,0.010218888,0.0030313283,0.017072646,0.0057893107,0.0030844638,0.048603266,0.008949768,0.020028021,0.0024121546,0.07433007,0.033094328
/mnt/sdd/caltech_training/multiclass/train/007.Parakeet_Auklet/Parakeet_Auklet_0015_795966.jpg,6,0.012294945,-0.0014816099,0.04791764,0.0064205294,0.012755166,0.009374766,0.14389655,0.0017570853,0.0030686008,-0.00016281905,0.0945323,-0.01521191
/mnt/sdd/caltech_training/multiclass/train/007.Parakeet_Auklet/Parakeet_Auklet_0072_795929.jpg,6,-0.00806614,0.001856911,0.015738763,-0.0035973378,-0.0009145726,-0.0013309536,0.027663866,0.0043650186,0.0026469352,0.0018286051,0.013091549,0.003097611
/mnt/sdd/caltech_training/multiclass/train/007.Parakeet_Auklet/Parakeet_Auklet_0013_795970.jpg,6,-0.008610577,0.0007714387,-0.14588538,0.0048334077,0.0008200458,0.00063429144,0.031096403,0.050841924,0.014545768,0.0024770014,0.2194715,0.052080993
/mnt/sdd/caltech_training/multiclass/train/007.Parakeet_Auklet/Parakeet_Auklet_0040_795974.jpg,6,0.0016505551,0.008292579,-0.03497053,-0.00057705306,0.0009297505,0.0037490618,-0.06791531,0.014447614,0.020087225,8.203788e-07,0.073507376,0.024560643
/mnt/sdd/caltech_training/multiclass/train/007.Parakeet_Auklet/Parakeet_Auklet_0035_795934.jpg,6,0.008482829,0.001228156,-0.1672717,0.023024216,0.0043977043,0.00045421708,0.13190782,-0.004686171,-0.0061134547,0.00172098,-0.26074493,0.022463534
/mnt/sdd/caltech_training/multiclass/train/007.Parakeet_Auklet/Parakeet_Auklet_0024_2045.jpg,6,0.011561841,-7.461326e-05,-0.053027175,-0.013894182,-0.0089407535,-0.005424531,-0.007371921,-0.030767996,0.007650696,0.0020915803,-0.021591652,0.012731427
/mnt/sdd/caltech_training/multiclass/train/007.Parakeet_Auklet/Parakeet_Auklet_0017_795924.jpg,6,-0.00071078446,0.006334221,0.014767643,-0.01629558,0.003338918,0.005438625,0.05019598,-0.03732203,-0.0067688273,-0.0041726623,0.0061719418,-0.012504853
/mnt/sdd/caltech_training/multiclass/train/007.Parakeet_Auklet/Parakeet_Auklet_0038_795935.jpg,6,-0.0048651528,-0.0027929083,-0.03281431,0.018695123,0.0016532933,0.00010714424,-0.038760968,-0.00018192269,0.011761089,0.0061881505,0.005972095,0.0034613507
/mnt/sdd/caltech_training/multiclass/train/007.Parakeet_Auklet/Parakeet_Auklet_0062_795958.jpg,6,0.0044021467,0.00093790086,0.046492208,-0.015467636,0.0049118926,0.002882336,-0.0070322556,0.031582966,-0.0045853388,-0.0030782036,0.08772156,-0.027506627
/mnt/sdd/caltech_training/multiclass/train/007.Parakeet_Auklet/Parakeet_Auklet_0065_795969.jpg,6,-0.0136745,-0.004464944,-0.16428828,-0.011634656,0.0017937106,-0.0013507487,-0.017191827,-0.032741103,-0.0050152354,-0.0011683095,0.08930841,-0.02083617
/mnt/sdd/caltech_training/multiclass/train/007.Parakeet_Auklet/Parakeet_Auklet_0045_795953.jpg,6,-0.0089921625,-0.0008596524,0.15489212,-0.015974674,-0.008113141,-0.0034670588,0.023445357,0.00068542035,-0.019846352,-0.0032283713,0.015062539,-0.019131733
/mnt/sdd/caltech_training/multiclass/train/008.Rhinoceros_Auklet/Rhinoceros_Auklet_0046_797532.jpg,7,0.003933535,-0.005297169,-0.034128837,-0.031044412,0.0017422866,-0.006264614,-0.024788449,-0.0075964737,-0.0024222047,-0.0031205413,-0.10722409,-0.028970787
/mnt/sdd/caltech_training/multiclass/train/008.Rhinoceros_Auklet/Rhinoceros_Auklet_0020_2195.jpg,7,0.00084470387,0.00095561147,-0.009812847,0.025417103,-0.0029389034,-0.002062393,-0.022264503,-0.035214473,-0.02200874,-0.004974052,0.012325205,-0.029665481
/mnt/sdd/caltech_training/multiclass/train/008.Rhinoceros_Auklet/Rhinoceros_Auklet_0003_797535.jpg,7,0.0017959428,-0.002825681,-0.088672295,0.0005394425,0.017627627,0.018990774,0.1223055,0.0060107093,0.02760974,0.007994553,-0.06287095,0.0076593906
/mnt/sdd/caltech_training/multiclass/train/008.Rhinoceros_Auklet/Rhinoceros_Auklet_0008_797531.jpg,7,-0.0025432245,0.0005765568,0.023355573,0.0071903747,0.0066564796,0.0044640447,-0.032146357,0.0016417811,0.021540903,-0.00057562796,-0.09400034,0.023253027
/mnt/sdd/caltech_training/multiclass/train/008.Rhinoceros_Auklet/Rhinoceros_Auklet_0039_2174.jpg,7,0.0012037777,0.0026774583,-0.096020035,0.010855552,-0.008271581,-0.0030650331,-0.06829408,0.016169365,0.0063037295,0.005978316,-0.2179732,-0.006421935
/mnt/sdd/caltech_training/multiclass/train/008.Rhinoceros_Auklet/Rhinoceros_Auklet_0025_797508.jpg,7,-0.01157891,-0.010722443,-0.031530276,-0.028681595,-0.0018737959,0.0047531,-0.057079226,0.009898348,-0.009206391,-0.0023062048,0.020131156,0.022508482
/mnt/sdd/caltech_training/multiclass/train/008.Rhinoceros_Auklet/Rhinoceros_Auklet_0005_2111.jpg,7,-0.008649298,-0.0074105477,0.004688114,-0.013230491,-0.005376883,-0.014949756,-0.15885155,0.014503853,0.024628524,0.0015781514,-0.0019403305,0.00022397039
/mnt/sdd/caltech_training/multiclass/train/008.Rhinoceros_Auklet/Rhinoceros_Auklet_0049_797543.jpg,7,0.018264346,0.005438814,0.070846945,-0.014450083,-0.0036961003,0.002885435,0.03574925,0.008946792,0.018269952,-0.0011560258,0.03270035,0.007624926
/mnt/sdd/caltech_training/multiclass/train/008.Rhinoceros_Auklet/Rhinoceros_Auklet_0027_797496.jpg,7,0.0025559985,-0.0037582861,0.13721214,-0.0072946036,0.00081422145,0.0003388333,0.0019642822,0.017064266,-0.0022019488,0.003520622,-0.063594595,0.026405595
/mnt/sdd/caltech_training/multiclass/train/008.Rhinoceros_Auklet/Rhinoceros_Auklet_0028_2056.jpg,7,0.0029539955,0.0036282367,-0.0837991,0.014565131,-0.0053158933,-0.009714203,-0.04587808,-0.03157947,-0.002442073,0.002200512,-0.014031762,-0.0014903173
/mnt/sdd/caltech_training/multiclass/train/008.Rhinoceros_Auklet/Rhinoceros_Auklet_0013_797537.jpg,7,0.016171508,0.0026721419,-0.045759417,0.011518314,-0.0052497312,0.0015769973,-0.007844821,0.0072416877,0.0148169035,-0.00010314491,-0.15718955,-0.006073277
/mnt/sdd/caltech_training/multiclass/train/008.Rhinoceros_Auklet/Rhinoceros_Auklet_0023_797501.jpg,7,-0.003466509,0.0027620965,-0.013500998,0.038508996,0.008055732,0.0052552884,-0.022107435,-0.022571746,0.01883862,0.0015834498,-0.23754619,0.007103636
/mnt/sdd/caltech_training/multiclass/train/008.Rhinoceros_Auklet/Rhinoceros_Auklet_0041_797515.jpg,7,-0.0010464508,-0.0011786285,-0.070036925,-0.017019523,0.0049614925,-0.0010283913,-0.018220745,0.0029747616,0.005681428,0.0014931243,-0.07760227,0.015320691
/mnt/sdd/caltech_training/multiclass/train/008.Rhinoceros_Auklet/Rhinoceros_Auklet_0015_2160.jpg,7,-0.0047235833,-0.0039812773,-0.038797587,-0.009325827,0.0031318057,-0.007435755,-0.031142663,0.013581156,-0.0032200657,-0.00015351355,-0.106362335,-0.031501494
/mnt/sdd/caltech_training/multiclass/train/008.Rhinoceros_Auklet/Rhinoceros_Auklet_0032_797516.jpg,7,-0.00017057385,0.0048934706,0.0071154796,-0.03664919,0.00013433152,-0.0066670515,0.10745503,-0.025966898,0.00094746426,-0.0008737277,0.0034394972,0.0055372794
/mnt/sdd/caltech_training/multiclass/train/008.Rhinoceros_Auklet/Rhinoceros_Auklet_0017_2155.jpg,7,-0.0023990553,-0.0025138175,-0.084406815,0.0026823217,-0.0028181337,-0.0071726614,-0.015085775,-0.011332906,-0.0037680636,0.0016855958,-0.11307005,-0.00593667
/mnt/sdd/caltech_training/multiclass/train/008.Rhinoceros_Auklet/Rhinoceros_Auklet_0044_797502.jpg,7,0.008347881,0.013071816,0.12023798,-0.0072369515,-0.0013953974,-0.0037959467,0.09422748,-0.05414567,-0.042582452,-0.004381225,-0.06350596,-0.023950769
/mnt/sdd/caltech_training/multiclass/train/008.Rhinoceros_Auklet/Rhinoceros_Auklet_0029_797520.jpg,7,-0.0027857665,-0.0013159786,-0.020437405,-0.012498863,0.0110279685,0.0069755903,0.09497951,-0.0054036556,-0.01982127,-0.0026202328,-0.038856823,-0.04255181
/mnt/sdd/caltech_training/multiclass/train/008.Rhinoceros_Auklet/Rhinoceros_Auklet_0043_2096.jpg,7,-0.0040125884,-0.0013117068,0.049942277,0.010564939,0.006293292,-0.0023786149,0.06590025,-0.027443364,-0.011847155,-0.0045007714,0.06010006,-0.03315676
/mnt/sdd/caltech_training/multiclass/train/008.Rhinoceros_Auklet/Rhinoceros_Auklet_0026_797519.jpg,7,-0.002659476,-0.0051296307,-0.012211546,-0.009453916,-0.0012141402,-0.006050594,-0.06902096,0.0041557504,0.004334903,0.0062638796,-0.078964256,0.018417116
/mnt/sdd/caltech_training/multiclass/train/008.Rhinoceros_Auklet/Rhinoceros_Auklet_0021_2089.jpg,7,-0.001996019,-0.0015292673,-0.018382646,-0.0121871745,-0.0031247064,-0.0038084735,-0.060516994,-0.0063626734,-0.0036625687,0.0025149086,0.11919743,0.005677524
/mnt/sdd/caltech_training/multiclass/train/008.Rhinoceros_Auklet/Rhinoceros_Auklet_0009_797539.jpg,7,-0.00265414,0.0038586515,0.023456294,-0.008827934,-0.005628537,-0.0035755597,0.08243045,0.00048039155,-0.006120833,0.0017501379,0.027277105,-0.009516412
/mnt/sdd/caltech_training/multiclass/train/008.Rhinoceros_Auklet/Rhinoceros_Auklet_0048_2162.jpg,7,0.0039952076,-0.0004937893,0.03117943,0.04347453,-0.009209554,-0.00792928,-0.018584613,0.00064322166,0.0045514787,-0.00054761884,-0.19859056,0.017374627
/mnt/sdd/caltech_training/multiclass/train/008.Rhinoceros_Auklet/Rhinoceros_Auklet_0031_797518.jpg,7,-0.002415853,-0.006050702,0.06612761,-0.011285996,-0.0062055616,-0.0027029247,-0.012139561,-0.03629792,-0.0032962319,9.757187e-05,0.028284302,-0.020319542
/mnt/sdd/caltech_training/multiclass/train/008.Rhinoceros_Auklet/Rhinoceros_Auklet_0033_2169.jpg,7,-0.00020213006,0.0010637509,0.1022783,-0.0040945113,0.0015199082,0.00094492617,0.005750073,-0.0057397503,-0.003700492,-0.0005409567,0.059884712,-0.0058242567
/mnt/sdd/caltech_training/multiclass/train/008.Rhinoceros_Auklet/Rhinoceros_Auklet_0016_2114.jpg,7,0.015617697,0.0050174613,0.029657038,-0.013949064,-0.012450543,-0.0017925821,0.0077065034,-0.0037226125,0.012313422,0.00021753943,0.02367262,-0.014752248
/mnt/sdd/caltech_training/multiclass/train/008.Rhinoceros_Auklet/Rhinoceros_Auklet_0030_797509.jpg,7,0.010029957,0.0061515686,0.06363601,-0.012450348,-0.00060927356,0.0011474853,0.07364403,-0.0012347074,0.010997366,-0.0038119492,-0.003868442,-0.008348839
/mnt/sdd/caltech_training/multiclass/train/008.Rhinoceros_Auklet/Rhinoceros_Auklet_0037_797499.jpg,7,0.0053588524,0.0017025566,0.0694007,-0.009138618,-0.0027997154,-0.00041720038,0.024564203,-0.04889043,-0.004513366,0.0011392687,-0.11740686,0.021029457
/mnt/sdd/caltech_training/multiclass/train/008.Rhinoceros_Auklet/Rhinoceros_Auklet_0050_797534.jpg,7,-0.0007600757,0.0016315265,-0.0040568756,-0.018997693,0.008427549,-0.00076020067,-0.029779416,0.012506517,0.008593198,-0.00316023,-0.09121946,0.015797721
/mnt/sdd/caltech_training/multiclass/train/008.Rhinoceros_Auklet/Rhinoceros_Auklet_0045_797536.jpg,7,5.2488875e-05,-0.00418084,-0.13865237,-0.018161876,-0.011728047,-0.008469147,-0.061899677,-0.027218793,-0.025365775,-0.006545469,-0.11100446,-0.031558156
/mnt/sdd/caltech_training/multiclass/train/008.Rhinoceros_Auklet/Rhinoceros_Auklet_0022_2170.jpg,7,-0.0110180415,-0.00486519,-0.12862357,0.017135933,0.0026652084,-0.002508355,-0.0065265037,-0.0019601493,-0.019118944,-0.004724769,0.014258053,-0.03929298
/mnt/sdd/caltech_training/multiclass/train/008.Rhinoceros_Auklet/Rhinoceros_Auklet_0034_797497.jpg,7,0.0033713393,-2.574618e-05,-0.118390426,-0.030428778,0.0045024334,0.011234881,-0.005843953,0.028325249,0.006694354,0.002447206,-0.0573659,0.02602321
/mnt/sdd/caltech_training/multiclass/train/008.Rhinoceros_Auklet/Rhinoceros_Auklet_0014_797522.jpg,7,-0.004246909,-0.0027464987,-0.022916973,0.008412318,-0.0015814004,-0.0023443792,0.01869084,-0.00081089884,0.021422312,0.0013421171,-0.050415438,0.03142232
/mnt/sdd/caltech_training/multiclass/train/008.Rhinoceros_Auklet/Rhinoceros_Auklet_0010_797545.jpg,7,-0.0009358986,-0.004164719,-0.0609436,-0.03390768,0.010460428,0.00055137556,-0.02528333,0.012226423,0.0033337176,0.0021346975,-0.11794579,0.011750261
/mnt/sdd/caltech_training/multiclass/train/008.Rhinoceros_Auklet/Rhinoceros_Auklet_0018_797517.jpg,7,-0.010530874,-0.0054548606,-0.013646904,-0.03201416,0.004979321,0.0019267392,0.1045074,-0.036987193,-0.02577653,-0.0036594535,0.061497405,-0.0072430396
/mnt/sdd/caltech_training/multiclass/train/008.Rhinoceros_Auklet/Rhinoceros_Auklet_0019_797513.jpg,7,0.00025377586,-0.0013334093,0.113881566,-0.0070533655,-0.0013103541,0.0029708368,-0.005632719,-0.034486897,-0.019984264,-0.009328269,-0.08549231,-0.03624004
/mnt/sdd/caltech_training/multiclass/train/008.Rhinoceros_Auklet/Rhinoceros_Auklet_0001_797538.jpg,7,-0.002217106,-0.0046630334,-0.03734629,0.0041634357,0.017077902,0.006908344,0.019642074,0.027758623,0.032586873,0.0051873187,-0.18345721,0.039661232
/mnt/sdd/caltech_training/multiclass/train/008.Rhinoceros_Auklet/Rhinoceros_Auklet_0007_797521.jpg,7,0.0022513692,-0.0018445102,-0.007659219,0.012402058,-0.005532753,-0.0034833786,-0.03977789,-0.041024555,0.0068367287,0.0043356624,0.0068468004,0.014101778
/mnt/sdd/caltech_training/multiclass/train/009.Brewer_Blackbird/Brewer_Blackbird_0101_2630.jpg,8,-0.00068511884,-0.0059545566,-0.026478847,0.0007471731,0.0030806116,1.9395724e-05,0.04363381,-0.038558148,-0.011932412,0.0014746964,-0.17047866,-0.0026615632
/mnt/sdd/caltech_training/multiclass/train/009.Brewer_Blackbird/Brewer_Blackbird_0045_2303.jpg,8,0.0052149436,0.0019746977,0.055362035,-0.0079392325,-0.011949297,0.00027724565,-0.029769085,-0.032010354,0.00047192024,-0.0032712563,0.13914078,-0.0065051373
/mnt/sdd/caltech_training/multiclass/train/009.Brewer_Blackbird/Brewer_Blackbird_0096_2634.jpg,8,0.0044041146,-0.0013662745,-0.017054716,-0.01338008,-0.0013917631,-0.00033109263,0.13402385,-0.01370108,0.0033262083,-0.0014184404,0.013234433,0.01417844
/mnt/sdd/caltech_training/multiclass/train/009.Brewer_Blackbird/Brewer_Blackbird_0104_2230.jpg,8,0.025748365,0.01423942,0.08816922,0.029011074,-0.00046506338,-0.0029711286,0.052108414,-0.02462922,-0.010540396,-0.0018347669,0.13413267,0.022267891
/mnt/sdd/caltech_training/multiclass/train/009.Brewer_Blackbird/Brewer_Blackbird_0064_2290.jpg,8,-0.005479051,-0.0016575728,0.08597024,-0.015803626,-0.009462536,-0.001528119,0.10752418,-0.03716051,-0.044908162,-0.0030736024,0.12926114,-0.029151637
/mnt/sdd/caltech_training/multiclass/train/009.Brewer_Blackbird/Brewer_Blackbird_0026_2625.jpg,8,-0.0015729556,-0.006767327,0.012443088,-0.015244719,-0.031721324,-0.014717494,0.0011775643,-0.04781781,-0.007873535,0.0016285409,0.060431607,0.0084969485
/mnt/sdd/caltech_training/multiclass/train/009.Brewer_Blackbird/Brewer_Blackbird_0002_2278.jpg,8,-0.011767582,-0.0014229796,0.062987804,0.0077122143,-0.01005434,-7.7913224e-05,0.028832031,-0.021995328,-0.0037789145,0.0014848456,-0.018428676,0.021476928
/mnt/sdd/caltech_training/multiclass/train/009.Brewer_Blackbird/Brewer_Blackbird_0042_2302.jpg,8,0.019201672,0.00803872,0.057658464,0.013180477,-0.0016905786,0.0029088024,0.08640276,-0.04571823,-0.029508958,-0.0059234826,0.047643453,-0.022963034
/mnt/sdd/caltech_training/multiclass/train/009.Brewer_Blackbird/Brewer_Blackbird_0087_2622.jpg,8,-0.004482074,0.00036113386,-0.029903911,-0.00094468286,-0.002544264,-0.0062222704,0.045110207,0.022075258,-0.0010799544,0.0014684997,0.11375298,0.011846083
/mnt/sdd/caltech_training/multiclass/train/009.Brewer_Blackbird/Brewer_Blackbird_0127_2235.jpg,8,0.010320543,0.008190043,-0.009759475,0.017823204,0.011970649,0.0041766646,0.05774093,0.00051902235,0.016016234,0.005860934,-0.01678405,0.037712004
/mnt/sdd/caltech_training/multiclass/train/009.Brewer_Blackbird/Brewer_Blackbird_0142_2636.jpg,8,-0.008242564,-0.0029137065,-0.012624025,0.0070592016,-0.00048836856,-0.0033399118,-0.003645372,-0.0015891707,-0.0024504354,0.00058473926,-0.107576676,0.01534052
/mnt/sdd/caltech_training/multiclass/train/009.Brewer_Blackbird/Brewer_Blackbird_0132_2293.jpg,8,-1.6790349e-05,0.0015728181,0.10687753,0.042670395,-0.011829207,-0.003841569,0.013292018,-0.063237295,-0.015499057,-0.007121591,0.14065975,0.01017576
/mnt/sdd/caltech_training/multiclass/train/009.Brewer_Blackbird/Brewer_Blackbird_0111_2613.jpg,8,-0.006505076,-0.008185766,0.03691834,-0.016490526,-0.006140588,-0.0022247024,0.002524633,-0.010779452,-0.019718282,-0.0031921598,-0.005664738,-0.008484677
/mnt/sdd/caltech_training/multiclass/train/009.Brewer_Blackbird/Brewer_Blackbird_0131_2289.jpg,8,0.017328607,0.005268827,0.14290254,-0.01842055,0.0021826262,0.0023055247,0.10008593,-0.019646594,-0.016350998,-0.0054708635,-0.019322202,-0.03181293
/mnt/sdd/caltech_training/multiclass/train/009.Brewer_Blackbird/Brewer_Blackbird_0032_2214.jpg,8,-0.009083358,-0.0045599123,0.01925866,-0.014610182,0.002043257,0.0025394787,0.009302333,-0.028631138,-0.030472018,-0.0065639503,-0.123106726,-0.020777289
/mnt/sdd/caltech_training/multiclass/train/009.Brewer_Blackbird/Brewer_Blackbird_0074_2277.jpg,8,0.019222941,0.005381979,0.20190696,0.01902876,0.004122662,-0.0043605207,0.07964592,0.0036453526,-0.025513764,-0.0054870723,0.1182567,-0.034444347
/mnt/sdd/caltech_training/multiclass/train/009.Brewer_Blackbird/Brewer_Blackbird_0079_2343.jpg,8,0.017905066,0.0073089865,0.079133764,0.030584708,-0.010796373,-0.0009847202,0.022504766,-0.0149879735,0.008381083,0.0028558893,0.13389811,0.03444887
/mnt/sdd/caltech_training/multiclass/train/009.Brewer_Blackbird/Brewer_Blackbird_0102_2620.jpg,8,-0.0070170476,-0.010957565,-0.008257152,-0.027496893,-0.0070777577,-0.0093531385,0.03844934,0.017333303,0.017855294,0.009400795,0.0609066,0.053299665
/mnt/sdd/caltech_training/multiclass/train/009.Brewer_Blackbird/Brewer_Blackbird_0090_2658.jpg,8,0.025714777,0.011141995,-0.08311096,0.020952754,0.005312084,0.0002346593,-0.021703232,0.0010221554,-0.0033070627,0.0037200118,-0.11016797,0.023633
/mnt/sdd/caltech_training/multiclass/train/009.Brewer_Blackbird/Brewer_Blackbird_0016_2225.jpg,8,0.009815617,0.0033510043,0.124201864,0.045211535,0.007323919,0.0026850237,-0.014586709,0.016374316,0.013850248,0.0049540694,0.11571264,0.026297307
/mnt/sdd/caltech_training/multiclass/train/009.Brewer_Blackbird/Brewer_Blackbird_0054_2631.jpg,8,0.00055399444,0.0003664855,0.07463858,0.015027215,0.015183035,0.011508469,0.022317909,0.03687705,0.01648204,0.002962878,0.022806171,0.009020653
/mnt/sdd/caltech_training/multiclass/train/009.Brewer_Blackbird/Brewer_Blackbird_0028_2682.jpg,8,-0.007739994,-0.0042404393,-0.009294599,-0.029387608,-0.015059034,-0.012864417,-0.04871709,-0.0811065,-0.021425175,-0.0072588054,-0.12680265,-0.0030983896
/mnt/sdd/caltech_training/multiclass/train/009.Brewer_Blackbird/Brewer_Blackbird_0030_2268.jpg,8,0.0037321858,-0.0023250477,0.017717468,0.005775723,-0.0038510577,-0.0030665598,-0.008565504,-0.028054146,-0.038905665,-0.00732424,0.12494671,-0.04380927
/mnt/sdd/caltech_training/multiclass/train/009.Brewer_Blackbird/Brewer_Blackbird_0070_2325.jpg,8,-0.0032582954,-0.00052366545,-0.06041672,0.006563084,-0.007469442,0.0028206913,0.03631245,0.023580572,0.01338147,-0.0019831178,0.122742794,0.008733013
/mnt/sdd/caltech_training/multiclass/train/009.Brewer_Blackbird/Brewer_Blackbird_0103_2273.jpg,8,0.0052913213,-0.0015324913,0.028186925,1.4769379e-05,-0.0045031607,0.0014274126,-0.04555077,-0.07917459,-0.04695282,-0.010933666,0.119341746,-0.04571078
/mnt/sdd/caltech_training/multiclass/train/009.Brewer_Blackbird/Brewer_Blackbird_0095_2610.jpg,8,0.00433084,-0.002973877,0.07035175,0.012666079,-0.010105713,-0.0020543146,0.014712166,0.028142642,-0.014085611,-0.0010539758,-0.12582496,-0.0009782838
/mnt/sdd/caltech_training/multiclass/train/009.Brewer_Blackbird/Brewer_Blackbird_0009_2616.jpg,8,0.0011725093,0.0013394317,-0.05222966,-0.0045630094,-0.006519216,-0.011476098,-0.09432664,0.00068599754,-0.017180808,0.0045038187,0.086863704,0.027734919
/mnt/sdd/caltech_training/multiclass/train/009.Brewer_Blackbird/Brewer_Blackbird_0133_2324.jpg,8,-0.003976991,-0.0015692972,0.032145005,0.0043354337,0.005067095,0.0017155211,0.025236666,-0.025080413,-0.0047765006,-5.926343e-05,-0.0041561276,-0.010558114
/mnt/sdd/caltech_training/multiclass/train/009.Brewer_Blackbird/Brewer_Blackbird_0109_2232.jpg,8,-0.0033283033,-0.0019728919,0.08444394,0.004568208,0.0039686086,0.0034279393,-0.028775888,0.016913682,-0.0014095176,0.0007752355,0.16612348,0.0029650545
/mnt/sdd/caltech_training/multiclass/train/009.Brewer_Blackbird/Brewer_Blackbird_0140_2586.jpg,8,0.006697556,0.0046250806,0.0050863847,-0.0010949485,-0.004771809,-0.006138229,-0.08677901,0.0060202684,0.010981743,0.0011771946,-0.0046196356,0.018778306
/mnt/sdd/caltech_training/multiclass/train/009.Brewer_Blackbird/Brewer_Blackbird_0025_2231.jpg,8,0.0017631417,-0.0022105759,0.03313972,-0.022079915,0.0072812517,0.0005940682,0.11822866,-0.0024399916,-0.0089439,-0.0067253476,-0.053507306,-0.018119758
/mnt/sdd/caltech_training/multiclass/train/009.Brewer_Blackbird/Brewer_Blackbird_0014_2679.jpg,8,0.004327979,-0.0020089832,0.092441455,0.018371299,-0.0032080016,-0.0012488829,0.058601227,0.0012095151,-0.008992415,0.0017867561,-0.21796866,-0.009236119
/mnt/sdd/caltech_training/multiclass/train/009.Brewer_Blackbird/Brewer_Blackbird_0065_2310.jpg,8,0.015273237,0.0068010637,0.084900685,0.026815506,-0.0031147227,0.0053587104,-0.03298799,-0.021180417,0.009915965,0.0064962846,0.13562101,0.01236703
/mnt/sdd/caltech_training/multiclass/train/009.Brewer_Blackbird/Brewer_Blackbird_0061_2270.jpg,8,-0.0025650705,-0.004970888,0.0029025245,-0.016679166,-0.0025213966,0.0030072778,0.07883543,-0.016100263,-0.010792927,0.0017281349,-0.16341849,-0.011220914
/mnt/sdd/caltech_training/multiclass/train/009.Brewer_Blackbird/Brewer_Blackbird_0004_2345.jpg,8,-0.013854016,-0.0051887804,-0.039987966,0.0028600194,-0.0014096192,-0.0048350105,-0.050574347,-0.012069294,-0.0051061995,0.0020026825,-0.090237066,0.057614945
/mnt/sdd/caltech_training/multiclass/train/009.Brewer_Blackbird/Brewer_Blackbird_0027_2329.jpg,8,0.003972404,0.0029032736,-0.0019075945,-1.3265759e-05,-0.0057550156,0.00049841404,0.03828562,-0.03507145,-0.03338287,-0.0034554699,-0.12724489,-0.004616179
/mnt/sdd/caltech_training/multiclass/train/009.Brewer_Blackbird/Brewer_Blackbird_0139_2567.jpg,8,0.0069180164,0.004230618,0.0708993,0.010079637,0.0038559046,0.0033716722,0.014090005,-0.0631771,-0.024697065,-0.003477554,0.023079164,-0.00018192828
/mnt/sdd/caltech_training/multiclass/train/009.Brewer_Blackbird/Brewer_Blackbird_0049_2258.jpg,8,-0.0007224898,-0.0063671935,0.08019507,-0.001896061,-0.004394439,-0.0034865742,0.055267632,0.014061584,0.0030666399,-0.000585823,-0.090425715,0.01639702
/mnt/sdd/caltech_training/multiclass/train/009.Brewer_Blackbird/Brewer_Blackbird_0099_2560.jpg,8,0.010710012,0.002174587,-0.02007543,0.023218326,0.00299632,-0.0025641802,-0.09515804,-0.026962975,0.020319,0.0062111607,-0.08271257,0.007261136
/mnt/sdd/caltech_training/multiclass/train/009.Brewer_Blackbird/Brewer_Blackbird_0046_2688.jpg,8,0.021640068,-0.0026228304,0.0923725,-0.01607929,-0.018429488,-0.011269579,-0.0043829214,0.004527606,-0.011778824,0.0010750938,0.014924325,-0.023195416
/mnt/sdd/caltech_training/multiclass/train/009.Brewer_Blackbird/Brewer_Blackbird_0097_2322.jpg,8,0.008977393,0.00039720873,0.011659864,0.008226677,0.00019035884,-0.011076952,-0.093558565,-0.036297232,0.007833584,-0.0039491546,-0.14011353,-0.001254946
/mnt/sdd/caltech_training/multiclass/train/009.Brewer_Blackbird/Brewer_Blackbird_0137_2680.jpg,8,0.012181408,0.007487043,-0.022788433,0.05679542,0.004695396,-0.002521192,-0.04176423,-0.015136516,0.019409,0.0035616318,0.07578592,0.0177815
/mnt/sdd/caltech_training/multiclass/train/009.Brewer_Blackbird/Brewer_Blackbird_0112_2340.jpg,8,0.0015845379,-0.0031460458,0.016485656,-0.0007610377,0.000769201,3.401874e-05,0.010954995,-0.07077691,-0.04495676,-0.0082761,0.12126043,-0.05989185
/mnt/sdd/caltech_training/multiclass/train/009.Brewer_Blackbird/Brewer_Blackbird_0106_2608.jpg,8,0.023602383,0.0063265534,-0.032840762,0.03385153,-0.017438099,-0.0019316128,-0.006636059,-0.030230239,-0.01826651,0.0015917199,-0.16172427,-0.024875287
/mnt/sdd/caltech_training/multiclass/train/009.Brewer_Blackbird/Brewer_Blackbird_0017_2668.jpg,8,0.0067014396,0.0027590268,0.039730817,0.030070411,-0.0031515379,-0.004950398,-0.017560255,-0.022922967,-0.009923212,0.002667023,0.053457655,-0.032540575
/mnt/sdd/caltech_training/multiclass/train/009.Brewer_Blackbird/Brewer_Blackbird_0018_2261.jpg,8,0.00869095,0.0061859703,-0.013960291,0.032490082,0.007715962,0.0040791254,-0.02260514,0.010171209,-0.007222333,-0.0015279588,-0.07996283,-0.026514307
/mnt/sdd/caltech_training/multiclass/train/009.Brewer_Blackbird/Brewer_Blackbird_0078_2659.jpg,8,-0.009226465,-0.0018208075,-0.014213834,0.007541582,0.0037934552,-0.0006878256,-0.010845391,-0.01359522,-0.009386552,-0.0031334832,-0.08340571,0.042581223
/mnt/sdd/caltech_training/multiclass/train/010.Red_winged_Blackbird/Red_Winged_Blackbird_0101_6244.jpg,9,0.012529019,0.011064343,0.0513845,0.0041418765,0.0027646408,0.0014283949,0.09104408,-0.018305289,-0.00804643,-0.0015486261,0.11025864,0.009144104
/mnt/sdd/caltech_training/multiclass/train/010.Red_winged_Blackbird/Red_Winged_Blackbird_0094_5856.jpg,9,-0.011250457,-0.005185957,0.022777982,-0.022859782,0.0069720247,-0.0031729056,0.058544405,-0.031744234,-0.023742652,-0.006442597,0.0023050904,-0.07330579
/mnt/sdd/caltech_training/multiclass/train/010.Red_winged_Blackbird/Red_Winged_Blackbird_0028_4709.jpg,9,-0.005101395,0.0009379233,-0.10107105,-0.015871655,0.008459749,-0.0044171633,0.071245894,-0.015027551,-0.032646537,-0.008698434,0.042643014,-0.008590483
/mnt/sdd/caltech_training/multiclass/train/010.Red_winged_Blackbird/Red_Winged_Blackbird_0022_4483.jpg,9,-0.008518095,0.0011178935,-0.036874793,-0.0050439737,-0.011717364,-0.002687563,0.01673344,-0.04421746,-0.010660008,-0.0055446946,0.032218333,-0.021172557
/mnt/sdd/caltech_training/multiclass/train/010.Red_winged_Blackbird/Red_Winged_Blackbird_0011_5845.jpg,9,-0.0028877244,-0.0005050828,0.043265495,0.0070190863,0.015302231,0.007876528,0.0015290938,-0.02559026,-0.015544233,-0.00046958972,0.14856602,-0.026608981
/mnt/sdd/caltech_training/multiclass/train/010.Red_winged_Blackbird/Red_Winged_Blackbird_0075_4953.jpg,9,0.0037888049,-0.0031410786,0.037882965,2.5478657e-06,0.009795248,-0.004210962,0.07633943,0.010331112,-0.015912587,-0.0059725367,0.029310212,-0.035055265
/mnt/sdd/caltech_training/multiclass/train/010.Red_winged_Blackbird/Red_Winged_Blackbird_0104_3918.jpg,9,-0.006402313,-0.0041331165,0.042417616,-0.03843474,-0.0026800265,0.0010036035,-0.027376503,-0.053717785,-0.027150493,-0.0048673614,0.037205942,-0.06472874
/mnt/sdd/caltech_training/multiclass/train/010.Red_winged_Blackbird/Red_Winged_Blackbird_0039_4285.jpg,9,-0.0004407242,0.0055490835,0.0066885576,0.030066576,0.004659504,0.007645074,0.1512023,0.019455526,-0.0019503087,0.0009339859,0.033416197,0.028329471
/mnt/sdd/caltech_training/multiclass/train/010.Red_winged_Blackbird/Red_Winged_Blackbird_0105_4842.jpg,9,0.008134099,-0.003391813,-0.0010502748,-0.019610854,-0.003808462,-0.0047630537,0.03603895,-0.003234188,-0.016721968,-0.0021589529,0.12820302,-0.02008646
/mnt/sdd/caltech_training/multiclass/train/010.Red_winged_Blackbird/Red_Winged_Blackbird_0029_4804.jpg,9,0.00752945,0.0052666557,-0.03242846,0.0021689055,0.0018607543,0.0038735294,0.11983178,0.010523,-0.004423525,-0.0029340747,-0.10936433,-0.026943354
/mnt/sdd/caltech_training/multiclass/train/010.Red_winged_Blackbird/Red_Winged_Blackbird_0021_3767.jpg,9,0.003651264,-0.0022880505,0.111314654,-0.017311413,-0.0062190606,-0.0018788229,-0.056301825,-0.07322161,-0.028755136,-0.00810311,0.10925563,-0.047442064
/mnt/sdd/caltech_training/multiclass/train/010.Red_winged_Blackbird/Red_Winged_Blackbird_0109_4454.jpg,9,-0.015207469,-0.006043069,-0.054324564,-0.008149851,-0.0022374343,-0.0008891127,-0.12834814,0.014912664,0.005067717,-0.0007058499,0.10220029,-0.011541224
/mnt/sdd/caltech_training/multiclass/train/010.Red_winged_Blackbird/Red_Winged_Blackbird_0099_3985.jpg,9,-0.0070309155,0.0041266605,-0.020004999,0.019770762,-0.0074628335,0.0020884299,0.041483495,-0.025542699,-0.0059696645,-0.0059474567,0.07009643,-0.029131168
/mnt/sdd/caltech_training/multiclass/train/010.Red_winged_Blackbird/Red_Winged_Blackbird_0023_5257.jpg,9,0.014419021,0.008788018,0.052291565,0.0013903575,0.0073855966,0.0025101597,0.041560687,0.03073066,-0.00096527184,0.001402092,-0.19536304,-0.015646666
/mnt/sdd/caltech_training/multiclass/train/010.Red_winged_Blackbird/Red_Winged_Blackbird_0078_5372.jpg,9,-0.014652155,-0.0069227694,-0.09891744,-0.05386409,0.00021229056,-0.004535511,-0.09057156,-0.012472615,-0.008981451,-0.008337397,0.010295773,-0.06306896
/mnt/sdd/caltech_training/multiclass/train/010.Red_winged_Blackbird/Red_Winged_Blackbird_0027_4123.jpg,9,0.0013687001,-0.0010173918,-0.0013082204,-0.027173333,-0.0022887918,-0.0032575182,-0.03623893,-4.6744943e-05,-0.013058135,0.0013366493,0.17787272,-0.011646796
/mnt/sdd/caltech_training/multiclass/train/010.Red_winged_Blackbird/Red_Winged_Blackbird_0059_4612.jpg,9,0.011727972,0.009856099,0.010315809,0.034018032,0.005186979,0.007290814,-0.05627936,0.021056583,0.003855602,0.0055650864,0.16992334,0.0414624
/mnt/sdd/caltech_training/multiclass/train/010.Red_winged_Blackbird/Red_Winged_Blackbird_0046_4242.jpg,9,-0.008652889,0.003900025,0.11975206,0.015361042,-0.0024800436,0.0032202415,0.09925297,0.042834457,0.019923573,0.0047769463,0.15924588,0.02043093
/mnt/sdd/caltech_training/multiclass/train/010.Red_winged_Blackbird/Red_Winged_Blackbird_0010_6386.jpg,9,0.012340467,0.002890489,-0.0117447125,0.01704329,0.009065801,0.0068327663,-0.033456787,0.058806762,0.0358886,0.008488879,0.08702876,0.051254556
/mnt/sdd/caltech_training/multiclass/train/010.Red_winged_Blackbird/Red_Winged_Blackbird_0058_4141.jpg,9,-0.018849865,-0.0023195676,-0.109308034,-0.010405004,0.007246745,0.0076163467,0.024760175,0.016557902,-0.004091899,-0.0008115431,0.049000274,0.02899675
/mnt/sdd/caltech_training/multiclass/train/010.Red_winged_Blackbird/Red_Winged_Blackbird_0065_4026.jpg,9,0.0059041753,0.0073257964,0.11421603,-0.0011659052,-0.008047275,0.002525142,0.042995136,-0.010781234,-0.021556566,-0.0065777227,0.016475089,-0.04817109
/mnt/sdd/caltech_training/multiclass/train/010.Red_winged_Blackbird/Red_Winged_Blackbird_0040_4522.jpg,9,-0.0018024398,0.0032096035,0.020853003,0.010322636,0.005062308,0.008185085,0.03724843,-0.033169948,-0.02494813,-0.0042308467,0.022130921,-0.011073616
/mnt/sdd/caltech_training/multiclass/train/010.Red_winged_Blackbird/Red_Winged_Blackbird_0079_4527.jpg,9,-0.0010098125,0.005041683,-0.098817736,0.001826236,-0.0018593953,0.006192766,0.019451842,0.014271593,-0.017705029,-0.0043622735,0.18726236,0.004608004
/mnt/sdd/caltech_training/multiclass/train/010.Red_winged_Blackbird/Red_Winged_Blackbird_0071_3988.jpg,9,-0.00903519,-0.0059804413,-0.10926069,0.0034446,0.0076433644,0.00053959317,-0.00896864,0.026949104,0.010238644,0.004817501,-0.13409424,0.007973011
/mnt/sdd/caltech_training/multiclass/train/010.Red_winged_Blackbird/Red_Winged_Blackbird_0096_5019.jpg,9,0.001278036,0.0010717846,0.05644852,0.026459105,0.007620713,0.004985884,0.11091317,-0.01849201,-0.0027212529,0.0008594083,-0.11337336,-0.016979277
/mnt/sdd/caltech_training/multiclass/train/010.Red_winged_Blackbird/Red_Winged_Blackbird_0032_4004.jpg,9,-0.0096637085,-0.007524891,0.012623064,-0.021263732,0.009516447,0.0014629196,-0.036114052,-0.0014515817,-0.0125742275,-0.0034995293,-0.040519297,-0.034299705
/mnt/sdd/caltech_training/multiclass/train/010.Red_winged_Blackbird/Red_Winged_Blackbird_0001_3695.jpg,9,-0.0073573356,-0.0021953515,0.074992314,-0.005779258,-0.001462583,-7.66851e-05,0.0335873,-0.061845038,-0.031318553,-0.0043462575,0.15012167,-0.04037918
/mnt/sdd/caltech_training/multiclass/train/010.Red_winged_Blackbird/Red_Winged_Blackbird_0062_4233.jpg,9,-0.0041923174,0.00026404037,0.0027193222,0.00026230188,0.0015143198,0.0020319005,0.14725137,-0.026388884,-0.04363043,-0.0077412548,-0.023717694,-0.07599256
/mnt/sdd/caltech_training/multiclass/train/010.Red_winged_Blackbird/Red_Winged_Blackbird_0064_4936.jpg,9,-0.006655804,-0.0067106737,-0.062029507,-0.03893312,0.008251554,0.0010268609,-0.067861706,0.0056675,-0.0025439044,-0.0058564744,0.04777724,-0.007325815
/mnt/sdd/caltech_training/multiclass/train/010.Red_winged_Blackbird/Red_Winged_Blackbird_0047_3802.jpg,9,-0.013515675,-0.0041387826,0.024595667,0.0035070018,-0.002947006,0.0024595656,-0.02161023,0.013178783,-0.0023907847,-0.0010949639,0.15604676,-0.04558366
/mnt/sdd/caltech_training/multiclass/train/010.Red_winged_Blackbird/Red_Winged_Blackbird_0055_4345.jpg,9,0.010602255,0.003214029,-0.003976498,-0.007550715,0.0036651022,-0.00235041,-0.011550572,0.014206961,0.006187251,0.00510079,0.0028515346,0.02264588
/mnt/sdd/caltech_training/multiclass/train/010.Red_winged_Blackbird/Red_Winged_Blackbird_0007_3706.jpg,9,-0.007843981,-0.0032577494,0.035381325,0.0018419677,0.0041055446,0.0036742922,-0.03051938,0.0638338,-0.0007673928,-0.00043809586,0.17832792,-0.0047066947
/mnt/sdd/caltech_training/multiclass/train/010.Red_winged_Blackbird/Red_Winged_Blackbird_0020_4050.jpg,9,0.000581424,-0.00013166573,-0.027222108,-0.0065350034,0.0038300562,-0.0038680544,0.0537199,-0.011444226,-0.01789305,-0.0059932526,-0.13772985,-0.022606386
/mnt/sdd/caltech_training/multiclass/train/010.Red_winged_Blackbird/Red_Winged_Blackbird_0006_6005.jpg,9,0.007253403,0.005852779,0.1044582,0.021086514,0.0072618257,0.0027260613,0.09057042,0.011851828,-0.008311753,0.004382414,0.010597855,0.011046754
/mnt/sdd/caltech_training/multiclass/train/010.Red_winged_Blackbird/Red_Winged_Blackbird_0049_5598.jpg,9,-0.01600087,-0.005458857,0.15771948,-0.021479568,-0.0014855831,-5.6616263e-05,-0.05490133,0.027363136,-0.011362945,-0.0018973544,0.23937316,-0.030299947
/mnt/sdd/caltech_training/multiclass/train/010.Red_winged_Blackbird/Red_Winged_Blackbird_0061_4196.jpg,9,0.005245562,-0.0024300755,0.036528915,-0.0030049756,-0.012779113,-0.0022529708,0.104416415,0.0059227226,-0.039472565,-0.0076574134,-0.056644082,-0.046978705
/mnt/sdd/caltech_training/multiclass/train/010.Red_winged_Blackbird/Red_Winged_Blackbird_0017_4116.jpg,9,0.010402382,0.0034320094,-0.059385795,0.0014624917,-0.0053452384,-0.0049069626,0.059123617,0.018778805,0.006461953,0.0012149264,0.10073372,-0.010470441
/mnt/sdd/caltech_training/multiclass/train/010.Red_winged_Blackbird/Red_Winged_Blackbird_0042_3635.jpg,9,-0.00316665,0.0020538634,0.059043765,0.01283166,0.006749914,-0.0010651035,-0.023300676,-0.0036972836,-0.0196218,-0.0016981493,0.09322799,-0.035262324
/mnt/sdd/caltech_training/multiclass/train/010.Red_winged_Blackbird/Red_Winged_Blackbird_0053_4072.jpg,9,-0.007053682,-0.0046575083,0.12568429,0.0038201034,-0.014504639,-0.0026852218,-0.033872448,0.024319101,-0.031958587,-0.0031678868,0.0049414895,-0.03180048
/mnt/sdd/caltech_training/multiclass/train/010.Red_winged_Blackbird/Red_Winged_Blackbird_0052_5575.jpg,9,-0.016733555,-0.0066962526,-0.050045714,-0.026673371,-0.0024090013,0.0011599927,-0.013909947,-0.01535639,-0.0057687755,-0.0035151367,0.10315749,-0.032501325
/mnt/sdd/caltech_training/multiclass/train/010.Red_winged_Blackbird/Red_Winged_Blackbird_0024_4180.jpg,9,-0.0038103182,-0.0035551847,-0.0023364518,-0.011233148,-0.0006071548,-0.0015923948,-0.02616727,0.015529137,0.0031802293,-0.0026745046,-0.108510494,-0.009358737
/mnt/sdd/caltech_training/multiclass/train/010.Red_winged_Blackbird/Red_Winged_Blackbird_0089_4188.jpg,9,-0.00035400596,0.0008658983,0.0400052,0.03165918,-0.014937278,9.553926e-05,-0.0055540036,-0.022839718,0.011936169,-0.0029231408,0.12232884,-0.0043790266
/mnt/sdd/caltech_training/multiclass/train/010.Red_winged_Blackbird/Red_Winged_Blackbird_0012_6015.jpg,9,-0.0023065782,0.002079484,0.0015763491,0.012041224,0.002471941,0.00687002,0.12630916,0.01610541,0.023562677,0.005170159,0.2524993,0.032109115
/mnt/sdd/caltech_training/multiclass/train/010.Red_winged_Blackbird/Red_Winged_Blackbird_0005_5636.jpg,9,0.0031102211,0.003326977,0.001672727,-0.0015799226,-0.01132711,-0.00831161,0.04495773,-0.00596456,-0.01639492,-0.0026348438,0.11230466,0.0057439385
/mnt/sdd/caltech_training/multiclass/train/010.Red_winged_Blackbird/Red_Winged_Blackbird_0045_4526.jpg,9,-0.0050043305,-0.0040781084,0.01530387,-0.0053219777,-0.00306461,0.0011138569,0.0021753563,0.0051116007,-0.017562551,-0.0029993237,0.056756597,0.011979973
/mnt/sdd/caltech_training/multiclass/train/010.Red_winged_Blackbird/Red_Winged_Blackbird_0072_4338.jpg,9,-0.0059504816,0.005200786,0.09007791,0.001978823,-0.0036889815,-0.0030522274,-0.041700117,-0.020789783,-0.016230714,-0.008473075,-0.06229584,-0.040410575
/mnt/sdd/caltech_training/multiclass/train/010.Red_winged_Blackbird/Red_Winged_Blackbird_0081_6081.jpg,9,-0.008380827,-0.002270435,0.056174573,-0.0036494248,0.008153191,0.003380564,-0.056321207,-0.0042998055,0.0026687281,-0.00035426102,0.057204615,-0.023902671
/mnt/sdd/caltech_training/multiclass/train/010.Red_winged_Blackbird/Red_Winged_Blackbird_0088_4007.jpg,9,0.008075808,0.0049175564,0.13071674,0.01960352,-0.0013997438,0.0014780184,0.10980703,0.016144281,-0.009854147,-0.0029614558,1.9967556e-05,0.001792897
