Full filepath,Full Class Index,sensitivityscore_before_features.11.block.2.fc1,sensitivityscore_before_features.11.block.2.fc2,sensitivityscore_before_features.12.block.2.fc1,sensitivityscore_before_features.12.block.2.fc2,sensitivityscore_before_features.13.block.2.fc1,sensitivityscore_After_features.13.block.2.fc1_0.5,sensitivityscore_After_features.13.block.2.fc1_0.6,sensitivityscore_After_features.13.block.2.fc1_0.7,sensitivityscore_After_features.13.block.2.fc1_0.8,sensitivityscore_before_features.13.block.2.fc2,sensitivityscore_After_features.13.block.2.fc2_0.5,sensitivityscore_After_features.13.block.2.fc2_0.6,sensitivityscore_After_features.13.block.2.fc2_0.7,sensitivityscore_After_features.13.block.2.fc2_0.8,sensitivityscore_before_features.14.block.2.fc1,sensitivityscore_before_features.14.block.2.fc2,sensitivityscore_before_features.15.block.2.fc1,sensitivityscore_before_features.15.block.2.fc2,sensitivityscore_before_features.16.0
/mnt/sdd/caltech_training_multiclass/train/001.Black_footed_Albatross/Black_Footed_Albatross_0064_796101.jpg,0,0.034673624,-0.040997256,-0.1211991,-0.04006746,0.05216062,0.07412012,0.11601027,0.044915628,0.0020723864,0.05515859,0.023903864,0.11917482,0.09272341,0.15238369,0.10221679,0.031865623,-0.007107038,0.012432853,0.029554363
/mnt/sdd/caltech_training_multiclass/train/001.Black_footed_Albatross/Black_Footed_Albatross_0010_796097.jpg,0,0.0700987,0.06527968,-0.18861154,-0.034725297,0.038413562,0.14845659,0.12416743,-0.022101661,-0.050024807,0.06419696,0.056257553,0.044855006,0.08356519,0.05455206,-0.045110915,-0.033073332,-0.05907827,-0.00059248693,0.037579928
/mnt/sdd/caltech_training_multiclass/train/001.Black_footed_Albatross/Black_Footed_Albatross_0006_796065.jpg,0,0.1654248,0.083297975,0.05463729,0.042997178,0.025338273,-0.006520137,0.14054754,0.12851118,0.09019084,-0.043778967,0.12845904,0.045340754,-0.0072169825,0.07082955,-0.058318913,-0.03071709,-0.028212368,0.0039688237,0.037110634
/mnt/sdd/caltech_training_multiclass/train/001.Black_footed_Albatross/Black_Footed_Albatross_0051_796103.jpg,0,0.09033628,-0.07908565,0.11109939,0.0269223,-0.033162355,-0.035751857,0.14600341,-0.013374822,0.0770179,0.023067893,0.11146729,0.1093602,0.09720761,0.06408939,0.08005873,0.059749663,-0.0063095633,-0.035294294,0.032297853
/mnt/sdd/caltech_training_multiclass/train/001.Black_footed_Albatross/Black_Footed_Albatross_0076_417.jpg,0,0.056383327,0.057158053,-0.079723224,-0.0057112463,0.05347392,0.07601242,0.14861643,0.015947675,-0.016074196,-0.036540754,0.12769054,0.06969454,0.06810529,0.031008396,0.06736755,0.042277504,-0.18491386,-0.014901081,0.031687267
/mnt/sdd/caltech_training_multiclass/train/001.Black_footed_Albatross/Black_Footed_Albatross_0082_796121.jpg,0,0.17525154,0.08130369,0.21649417,0.0828907,0.035953365,0.1345962,0.26410314,0.1111746,0.13388869,-0.026245419,0.10562396,0.09271974,0.08080858,0.058970448,0.010900423,0.06819016,-0.05063902,0.014298428,0.019065432
/mnt/sdd/caltech_training_multiclass/train/001.Black_footed_Albatross/Black_Footed_Albatross_0046_18.jpg,0,0.0110997185,-0.11213298,-0.06418294,-0.051844534,0.06901348,0.13615265,0.11471999,0.107672654,-0.09913791,0.058872893,0.10485157,0.2317182,0.16173808,0.1627999,0.120414466,0.0659464,0.08911349,0.0042616893,0.04139737
/mnt/sdd/caltech_training_multiclass/train/001.Black_footed_Albatross/Black_Footed_Albatross_0001_796111.jpg,0,-0.07630708,-0.049914423,0.13465118,0.008952864,-0.049861852,0.14549087,0.18061891,0.13445386,0.005965717,0.0029817568,0.15124315,0.1543681,0.040628783,0.061701134,0.009064326,0.034770504,-0.105830096,-0.0047409614,0.037863854
/mnt/sdd/caltech_training_multiclass/train/001.Black_footed_Albatross/Black_Footed_Albatross_0014_89.jpg,0,0.04188402,0.0401636,-0.039027754,-0.011555366,-0.020686915,0.10240038,0.15861385,0.11168024,0.16659576,0.01035721,0.102328345,0.15960878,0.0868432,0.11341211,0.07311458,0.07007646,0.0136388205,0.016841518,0.028130706
/mnt/sdd/caltech_training_multiclass/train/001.Black_footed_Albatross/Black_Footed_Albatross_0057_796106.jpg,0,0.114221446,0.029484833,-0.15655175,-0.002341831,0.039128467,0.1081364,0.17127216,-0.05580539,0.023872338,-0.0018057693,0.10118781,0.12151498,0.152441,0.1065985,-0.10296695,0.006483732,0.056217432,0.012202348,0.023932092
/mnt/sdd/caltech_training_multiclass/train/001.Black_footed_Albatross/Black_Footed_Albatross_0065_796068.jpg,0,-0.2650394,-0.09050961,0.009160118,0.08530566,0.06270884,0.116930425,0.17333713,-0.019884977,0.06036264,0.013917645,0.09503121,-0.0045355186,0.04607568,0.07500726,-0.040036228,-0.020478003,-0.036543995,0.007130488,0.03042042
/mnt/sdd/caltech_training_multiclass/train/001.Black_footed_Albatross/Black_Footed_Albatross_0071_796113.jpg,0,-0.13853483,-0.022907702,-0.08576768,-0.03234767,-0.09284399,0.18944567,0.19394854,0.14544141,0.07994641,-0.018525219,0.071514726,0.0036450368,-0.07281591,-0.042602234,0.109957024,0.019082265,-0.044325024,0.001051592,0.046804585
/mnt/sdd/caltech_training_multiclass/train/001.Black_footed_Albatross/Black_Footed_Albatross_0045_796129.jpg,0,-0.037924267,0.012776174,0.10533317,0.039991383,0.026322111,0.28206488,0.20787218,0.045408264,0.01127997,-0.03637802,0.1101678,0.10976119,0.04588734,0.027304102,-0.020737605,0.0063608345,0.045909677,-0.0005096607,0.03824991
/mnt/sdd/caltech_training_multiclass/train/001.Black_footed_Albatross/Black_Footed_Albatross_0047_796064.jpg,0,-0.10312176,-0.07294607,0.06049567,-0.020188339,0.017306639,0.11352484,0.051764585,-0.019359075,0.044850066,0.10160433,0.018961243,-0.04093851,0.057320904,0.015400793,0.10618983,0.03847032,0.009218074,-0.052590337,0.017148733
/mnt/sdd/caltech_training_multiclass/train/001.Black_footed_Albatross/Black_Footed_Albatross_0039_796132.jpg,0,0.18685831,-0.011258372,-0.03023006,0.009012556,-0.006276804,0.17128181,0.14372586,0.14236535,0.08947183,0.04626218,0.10433298,0.1011288,0.043753844,0.014411568,0.057014998,0.01355217,-0.08024798,0.010217462,0.04396797
/mnt/sdd/caltech_training_multiclass/train/001.Black_footed_Albatross/Black_Footed_Albatross_0085_92.jpg,0,0.17954013,0.050641365,0.12124033,0.03051806,-0.094228536,0.08030505,0.009135438,-0.02970574,0.116664484,-0.0070833303,0.019617856,0.043955743,0.07433194,0.0052232933,0.10434048,0.04230674,-0.0148445815,-0.016867489,0.027300749
/mnt/sdd/caltech_training_multiclass/train/001.Black_footed_Albatross/Black_Footed_Albatross_0068_796135.jpg,0,0.2047843,0.07887277,-0.19080739,-0.05913429,0.049958177,0.09259205,0.12903446,0.09075929,0.040524267,0.031632416,0.10918256,0.025640931,0.068227366,0.04992226,-0.041181315,0.0021380307,0.09676601,0.058158565,0.03492288
/mnt/sdd/caltech_training_multiclass/train/001.Black_footed_Albatross/Black_Footed_Albatross_0016_796067.jpg,0,-0.16548151,-0.028853714,0.14870805,0.088222615,0.11881632,0.18753166,0.2045457,0.022830505,0.16232479,0.03629996,-0.018270029,0.06729973,0.012868658,0.042490713,0.072183475,0.040145013,0.052594345,0.012622977,0.026725097
/mnt/sdd/caltech_training_multiclass/train/001.Black_footed_Albatross/Black_Footed_Albatross_0090_796077.jpg,0,0.199562,0.04960647,-0.0150741115,-0.034254182,-0.009923045,0.065427,0.12857035,0.06600003,-0.052069273,0.04873235,0.15145445,0.12670904,0.081931956,0.039322898,0.041202918,0.031897623,-0.09477881,-0.023497611,0.030157706
/mnt/sdd/caltech_training_multiclass/train/001.Black_footed_Albatross/Black_Footed_Albatross_0089_796069.jpg,0,0.14219177,-0.025042016,-0.10858618,0.039950468,-0.17988011,0.24757732,0.17240153,0.053072616,0.074360915,-0.06983599,0.12260607,0.10549198,0.084994465,0.061673574,-0.056151193,0.030028783,-0.098155566,0.005980874,0.027295263
/mnt/sdd/caltech_training_multiclass/train/001.Black_footed_Albatross/Black_Footed_Albatross_0005_796090.jpg,0,-0.011460302,-0.0095497,0.021134414,-0.041630205,0.032012206,0.118450366,0.24257396,0.1907529,0.11371701,0.002550142,0.053790085,0.050803617,0.09215169,0.08132011,-0.05044253,0.006929367,0.017407425,0.023305835,0.04973008
/mnt/sdd/caltech_training_multiclass/train/001.Black_footed_Albatross/Black_Footed_Albatross_0007_796138.jpg,0,-0.1598469,0.06333754,-0.22977787,-0.09826678,0.04910983,0.097094074,0.15784861,0.06046714,0.15776554,0.062166415,0.10342331,0.10052651,0.057744183,0.012963263,-0.061332755,-0.11817467,-0.15954337,-0.045068033,0.024309983
/mnt/sdd/caltech_training_multiclass/train/001.Black_footed_Albatross/Black_Footed_Albatross_0069_796139.jpg,0,-0.18102844,-0.034992903,0.16304426,0.05011242,0.0015447997,0.13274464,0.14321485,0.09232871,0.058757067,0.10037695,0.16536164,0.11619953,0.07410762,0.079224885,0.08268517,0.08237076,0.025918609,0.03288439,0.05946918
/mnt/sdd/caltech_training_multiclass/train/001.Black_footed_Albatross/Black_Footed_Albatross_0040_796066.jpg,0,0.14992145,0.08426144,-0.012252137,-0.018941844,0.14332914,0.1349013,0.23035264,0.077785924,0.024461795,0.05743835,0.022032028,-0.0023532864,0.066534206,0.059708666,-0.033482686,0.021759443,0.0318622,-0.0051385853,0.008702519
/mnt/sdd/caltech_training_multiclass/train/001.Black_footed_Albatross/Black_Footed_Albatross_0041_796108.jpg,0,-0.028812572,-0.028467258,0.027034864,-0.06799412,-0.06315478,0.1516743,0.2570234,0.2648986,0.064246155,-0.028780032,0.12098316,0.13086306,0.08491144,0.06464131,-0.064022884,-0.058221005,-0.1045384,-0.012272563,0.030179998
/mnt/sdd/caltech_training_multiclass/train/001.Black_footed_Albatross/Black_Footed_Albatross_0074_59.jpg,0,0.08087748,0.12716642,-0.05950764,-0.06215634,-0.030856209,0.09104293,0.22041433,0.106371455,0.10807292,0.0045694415,0.07070933,0.066256545,0.074421324,0.09456985,-0.034469847,0.04110952,-0.03725754,-0.023703117,0.066614516
/mnt/sdd/caltech_training_multiclass/train/001.Black_footed_Albatross/Black_Footed_Albatross_0050_796125.jpg,0,-0.052777532,0.019694373,0.06259941,-0.0009069294,0.08558757,0.07501943,0.02163232,-0.048125047,-0.09671149,0.03466533,0.057277806,0.10414825,0.043740146,-0.008143906,0.06544384,0.022462439,0.027478397,0.027148375,0.02060843
/mnt/sdd/caltech_training_multiclass/train/001.Black_footed_Albatross/Black_Footed_Albatross_0058_796074.jpg,0,0.012487009,-0.023509702,0.019948963,0.020450247,-0.0015592072,0.07620333,-0.009544566,-0.055005673,0.10633819,-0.019737108,0.10767233,0.0026785508,0.08806037,0.033974744,0.057199657,0.0024142778,-0.06753025,-0.030403716,0.0178954
/mnt/sdd/caltech_training_multiclass/train/001.Black_footed_Albatross/Black_Footed_Albatross_0038_212.jpg,0,-0.10103515,-0.10205582,0.09670629,0.0016223714,-0.065566726,-0.08666633,-0.06821552,-0.082322195,0.24810418,-0.009176075,0.083122335,0.14244774,0.13962871,0.10290711,0.15789942,0.012273079,-0.0009931885,-0.032151632,0.015216035
/mnt/sdd/caltech_training_multiclass/train/001.Black_footed_Albatross/Black_Footed_Albatross_0077_796114.jpg,0,0.21048357,0.09143959,-0.041878935,0.030954853,0.11048659,0.12149276,0.10284733,0.014803253,0.08314595,0.077631146,0.11866157,-0.0023764996,0.0746746,0.1133849,0.069419965,-0.018216979,0.054482482,0.0014130697,0.05020322
/mnt/sdd/caltech_training_multiclass/train/001.Black_footed_Albatross/Black_Footed_Albatross_0079_796122.jpg,0,0.108695306,-0.016252287,-0.10914965,0.0077445973,0.11107376,0.24262854,0.2929525,0.17366315,0.0085835885,0.061288476,0.14185253,0.13066143,0.07984237,0.028467411,-0.010950413,-0.046177495,-0.116500184,-0.022960855,0.04488319
/mnt/sdd/caltech_training_multiclass/train/001.Black_footed_Albatross/Black_Footed_Albatross_0088_796133.jpg,0,-0.1581729,-0.02240472,-0.0071627423,0.047671985,-0.09154565,0.02140668,0.08934241,0.12651934,0.1599943,-0.024860254,0.027909487,0.11886005,0.04244352,0.04995507,0.06556341,0.052274846,0.01196754,-0.0056398707,0.013330463
/mnt/sdd/caltech_training_multiclass/train/001.Black_footed_Albatross/Black_Footed_Albatross_0024_796089.jpg,0,-0.1528824,-0.057018563,-0.04279498,0.016489882,-0.00046850555,-0.011075363,0.02383025,-0.10139637,-0.012923989,0.048237555,0.036831263,0.09736463,0.11694821,0.08433448,0.079499885,-0.018440403,0.15526995,0.015928667,0.0600385
/mnt/sdd/caltech_training_multiclass/train/001.Black_footed_Albatross/Black_Footed_Albatross_0037_796120.jpg,0,-0.08872914,-0.033553496,-0.2584682,-0.13158908,0.10898277,0.02324424,0.107673384,0.08114223,0.117990434,0.04619623,0.115350805,0.086929016,0.14745708,0.068022385,-0.068518706,-0.07027866,-0.12758896,-0.007851877,0.01536285
/mnt/sdd/caltech_training_multiclass/train/001.Black_footed_Albatross/Black_Footed_Albatross_0060_796076.jpg,0,0.08060108,-0.00814366,0.08501158,0.006286817,-0.10182614,0.10962987,0.07211619,0.07458445,0.002955079,-0.036156893,0.045800854,0.12160131,0.025402654,0.029482963,-0.10676393,-0.037386984,-0.017302658,0.002145675,0.04655137
/mnt/sdd/caltech_training_multiclass/train/001.Black_footed_Albatross/Black_Footed_Albatross_0049_796063.jpg,0,-0.11155708,-0.081890404,0.015040221,-0.073955424,0.055227913,0.07487371,0.055960547,0.0282438,0.038839925,0.031185694,0.06701492,0.0466476,0.034299523,0.027653677,0.040866204,0.04218702,-0.059297916,0.0075999834,0.061108325
/mnt/sdd/caltech_training_multiclass/train/001.Black_footed_Albatross/Black_Footed_Albatross_0026_796095.jpg,0,0.040525924,0.034571435,-0.0694714,0.07887146,0.0798271,-0.07132085,-0.13688216,-0.07279119,-0.03435206,0.024956338,0.15800533,0.15762895,0.079808526,0.031364344,-0.13251771,-0.025553353,-0.100470856,0.026982859,0.032888792
/mnt/sdd/caltech_training_multiclass/train/001.Black_footed_Albatross/Black_Footed_Albatross_0032_796115.jpg,0,-0.028203592,-0.09822086,0.04489814,0.004300682,0.013612809,0.27805567,0.16726553,0.042727664,0.047009528,0.045493364,0.06341119,0.18211173,0.062623024,0.06377289,0.0014574751,0.034086414,0.12820083,0.008631947,0.033219054
/mnt/sdd/caltech_training_multiclass/train/001.Black_footed_Albatross/Black_Footed_Albatross_0053_796109.jpg,0,-0.1009584,0.03210356,-0.0048188046,-0.05774362,-0.16710204,-0.019188065,0.09665473,0.027654804,0.1615367,-0.04902271,0.07647107,0.12670435,0.12716484,0.08845674,0.06080296,0.007752518,-0.016489,-0.009045072,0.026224673
/mnt/sdd/caltech_training_multiclass/train/001.Black_footed_Albatross/Black_Footed_Albatross_0035_796140.jpg,0,0.03864012,0.022215288,0.12356862,0.04722636,0.13885629,0.018585732,-0.01213488,0.001021022,-0.00082669035,-0.0043638228,0.05236286,0.100824334,0.1437366,0.009966575,0.015214983,0.034419578,-0.017994538,-0.004297386,0.030017443
/mnt/sdd/caltech_training_multiclass/train/001.Black_footed_Albatross/Black_Footed_Albatross_0061_796082.jpg,0,-0.017344289,0.0127729885,-0.016609907,0.028898071,-0.03816957,0.17320484,0.2098825,0.08994737,0.018743018,0.037165977,0.12495163,0.07863673,0.059384175,0.05747895,0.012895808,-0.036531392,-0.017372282,0.023054807,0.044949755
/mnt/sdd/caltech_training_multiclass/train/001.Black_footed_Albatross/Black_Footed_Albatross_0023_796059.jpg,0,0.11915625,0.044826433,0.30837902,0.08212792,-0.014054492,-0.043588404,0.105037704,0.05933034,0.19435087,0.02486761,0.13829353,-0.00918185,0.029283158,0.077357754,-0.0022254474,-0.014431782,-0.047709566,0.021414414,0.050217435
/mnt/sdd/caltech_training_multiclass/train/001.Black_footed_Albatross/Black_Footed_Albatross_0033_796086.jpg,0,-0.2366646,-0.11819603,-0.27084523,-0.07813493,0.050017416,0.16037613,0.21676986,0.07590554,-0.16320768,0.017766468,0.035302106,-0.005255513,0.04318375,-0.0014977031,0.042970385,0.042275134,-0.08582117,-0.024381343,0.016697342
/mnt/sdd/caltech_training_multiclass/train/001.Black_footed_Albatross/Black_Footed_Albatross_0042_796071.jpg,0,0.10023521,-0.070399284,0.14937842,0.020213522,0.00508181,0.25006673,0.2947995,0.15110683,0.09609283,0.044171967,0.023675509,0.087674834,0.08026649,0.054146037,-0.029792069,0.042496804,-0.049305614,0.029218841,0.02689511
/mnt/sdd/caltech_training_multiclass/train/001.Black_footed_Albatross/Black_Footed_Albatross_0036_796127.jpg,0,-0.09150971,-0.021455647,0.13224572,0.018464375,-0.0063150898,0.11449807,0.14311597,0.013751894,-0.049837023,-0.009669593,0.13215812,0.1476855,0.14874622,0.07311233,-0.054791685,0.010905212,-0.1118666,-0.011616323,0.029001476
/mnt/sdd/caltech_training_multiclass/train/001.Black_footed_Albatross/Black_Footed_Albatross_0078_796126.jpg,0,-0.28849626,-0.085994765,-0.09042914,-0.010810201,-0.05480258,0.20405562,0.097078145,-0.028303338,-0.054961145,0.01256367,0.016625822,0.06594113,0.013293744,-0.07091825,0.06790957,0.00634201,0.025767121,0.023683349,0.058143463
/mnt/sdd/caltech_training_multiclass/train/001.Black_footed_Albatross/Black_Footed_Albatross_0003_796136.jpg,0,-0.057892036,0.05917899,0.0862813,0.002450794,0.004858859,0.14145121,0.2065748,0.14086692,0.18383974,0.014919147,0.07110457,0.10545637,0.08386107,0.108127385,0.0085703395,0.00054205675,-0.043255497,-0.00021146145,0.026980601
/mnt/sdd/caltech_training_multiclass/train/001.Black_footed_Albatross/Black_Footed_Albatross_0063_796141.jpg,0,0.07562923,0.0028636642,0.09474626,0.049731374,0.05263593,-0.07648897,0.047960915,-0.06449668,0.05292758,0.113223515,0.15512767,0.23511645,0.17705067,0.16030514,0.039957687,0.005896032,0.046586435,-0.0070582405,0.042711154
/mnt/sdd/caltech_training_multiclass/train/002.Laysan_Albatross/Laysan_Albatross_0091_602.jpg,1,0.018309329,-0.04756038,-0.0065930653,0.034206472,0.1527566,0.03197843,0.09099658,0.003978245,0.124712944,0.103630364,0.06128495,0.018340072,0.065511055,0.07218848,0.043818988,0.0040969234,-0.0045416374,0.003774142,-0.009785202
/mnt/sdd/caltech_training_multiclass/train/002.Laysan_Albatross/Laysan_Albatross_0017_614.jpg,1,0.07949775,0.0856914,-0.2588545,-0.08129846,0.062748164,0.1071277,0.24571426,0.2491344,0.11047086,-0.005571768,0.09379184,0.086726725,0.09580736,0.076222874,-0.008273207,-0.0002324339,0.0853215,-0.025363065,-0.010735787
/mnt/sdd/caltech_training_multiclass/train/002.Laysan_Albatross/Laysan_Albatross_0059_488.jpg,1,0.0178179,-0.097582065,0.029730016,0.04043836,-0.0013080798,0.1573956,0.21951757,0.17329472,0.098716706,0.005155217,-0.026799476,0.026492726,0.03527046,0.021176368,0.028658655,0.028713122,-0.02019218,0.025320891,-0.0025658146
/mnt/sdd/caltech_training_multiclass/train/002.Laysan_Albatross/Laysan_Albatross_0085_564.jpg,1,-0.074019074,-0.06645204,0.13208507,0.09263355,0.007826048,0.18318301,0.11570671,0.002438588,0.0012535825,0.0025183186,0.091711394,0.052840814,0.08240366,0.01709408,-0.046452757,-0.06937997,0.03035411,0.07525612,-0.0072232075
/mnt/sdd/caltech_training_multiclass/train/002.Laysan_Albatross/Laysan_Albatross_0076_671.jpg,1,-0.11327023,-0.018704396,-0.18044364,-0.109341286,0.05667662,0.026310768,0.015493726,0.12059108,0.046280906,-0.005254466,0.04790064,0.1255883,0.06407601,0.055329204,-0.026894797,0.0067242067,-0.04320636,-0.01055525,-0.002108391
/mnt/sdd/caltech_training_multiclass/train/002.Laysan_Albatross/Laysan_Albatross_0040_472.jpg,1,-0.22249544,-0.0069468394,-0.06845963,-0.065950446,0.09990284,0.019535355,0.037627593,-0.051096193,0.010729076,0.0058000963,0.08433231,0.014995693,0.016819336,0.01863486,-0.045957766,-0.024439353,-0.04085876,0.0059417337,-0.024190022
/mnt/sdd/caltech_training_multiclass/train/002.Laysan_Albatross/Laysan_Albatross_0083_756.jpg,1,-0.117672764,-0.19395241,-0.011270329,-0.028750122,0.11564237,0.19813025,0.19035676,0.16049251,0.12918988,0.004641218,-0.009140762,-0.003814958,-0.014564682,-0.004215817,-0.050493725,-0.0047350917,0.061563384,0.031238541,-0.0052968552
/mnt/sdd/caltech_training_multiclass/train/002.Laysan_Albatross/Laysan_Albatross_0080_821.jpg,1,-0.030927204,-0.07405548,0.1104269,-0.05869119,0.010326095,-0.063482024,0.018519463,0.050692767,0.0032376274,0.037648324,0.07869258,0.05628531,0.06996408,0.04552017,-0.15378104,-0.057102397,-0.043839887,0.012047585,-0.017641623
/mnt/sdd/caltech_training_multiclass/train/002.Laysan_Albatross/Laysan_Albatross_0065_809.jpg,1,-0.11936969,-0.04153928,-0.21610527,-0.13683505,-0.049176954,0.08694571,0.036208853,0.05147507,0.011777863,-0.10443048,0.0805924,0.02626522,0.06549219,0.050090127,0.03249363,0.004856406,-0.057301283,0.00047756778,-0.0041819597
/mnt/sdd/caltech_training_multiclass/train/002.Laysan_Albatross/Laysan_Albatross_0042_801.jpg,1,-0.03294006,0.00026626885,0.10738628,0.120370746,-0.083132066,0.22287671,0.26198375,0.10511363,0.09344188,-0.058785073,-0.011167877,0.049617022,0.084309064,0.07701188,0.007638379,0.022923544,0.09391968,0.019763336,-0.0074856877
/mnt/sdd/caltech_training_multiclass/train/002.Laysan_Albatross/Laysan_Albatross_0033_658.jpg,1,-0.16973412,-0.11860442,-0.10110929,-0.019350288,-0.057565115,0.11433208,0.036183074,0.058306113,0.0676564,-0.06412612,0.12955612,0.05800276,0.01075523,-0.028682116,-0.012294158,-0.00921455,-0.021275844,0.026501784,-0.0023937179
/mnt/sdd/caltech_training_multiclass/train/002.Laysan_Albatross/Laysan_Albatross_0012_696.jpg,1,0.06137144,0.028647073,0.2758042,0.0720714,0.025582884,0.08310978,0.17624246,0.062436804,-0.059283968,0.055670675,0.030972032,0.101707295,0.029207112,-0.005860569,0.027136281,0.0063646203,0.045232393,-0.0003256062,-0.009962557
/mnt/sdd/caltech_training_multiclass/train/002.Laysan_Albatross/Laysan_Albatross_0028_643.jpg,1,0.07929203,-0.056127425,-0.01910447,0.02888142,-0.042201005,-0.015676774,-0.120380715,-0.17250913,-0.044843506,0.00014835875,0.031083874,-0.07399421,0.021024423,0.031922523,-0.005742197,-0.025467627,-0.019896653,-0.0121327285,-0.008417172
/mnt/sdd/caltech_training_multiclass/train/002.Laysan_Albatross/Laysan_Albatross_0099_869.jpg,1,-0.08977179,-0.05805766,-0.03175904,-0.035498105,-0.09333094,0.14717834,0.19865938,0.0855054,0.04249672,-0.09796513,-0.0064381063,0.0737601,0.021513712,0.08454264,-0.06778903,-0.058140595,-0.021170475,0.051087394,-0.006346246
/mnt/sdd/caltech_training_multiclass/train/002.Laysan_Albatross/Laysan_Albatross_0056_500.jpg,1,-0.0005700737,0.047096416,-0.06012115,0.03676708,-0.14044861,0.08701928,0.12209937,0.029888932,0.086041585,-0.10426377,0.09093881,0.06777086,0.032647476,-0.002844328,-0.038481627,0.005304015,-0.0729406,0.050587863,0.0011980074
/mnt/sdd/caltech_training_multiclass/train/002.Laysan_Albatross/Laysan_Albatross_0025_571.jpg,1,0.074077204,-0.014079721,0.26403493,0.09383031,0.011388881,0.1299683,0.15765916,0.36284906,0.16847251,-0.019369937,0.032688737,0.09455535,0.02920353,0.027434397,-0.027541045,0.019101262,0.011644449,0.00982969,-0.018706243
/mnt/sdd/caltech_training_multiclass/train/002.Laysan_Albatross/Laysan_Albatross_0070_788.jpg,1,-0.031650826,-0.042879663,0.04973752,-0.013058579,-0.001672715,0.055629734,0.19252062,0.1154767,0.079303324,0.031407133,0.1273865,0.03841691,0.14116466,0.0997379,0.15296714,0.08520659,0.124620624,-0.0071316785,-0.017717244
/mnt/sdd/caltech_training_multiclass/train/002.Laysan_Albatross/Laysan_Albatross_0100_735.jpg,1,-0.115318745,-0.04664045,0.05489539,-0.02599808,-0.038336337,0.03972923,0.039335273,0.08950519,0.07778026,-0.10250897,0.10912056,0.012869348,0.106627166,0.061202273,-0.032854937,-0.009948714,-0.01502911,-0.015148629,-0.018787697
/mnt/sdd/caltech_training_multiclass/train/002.Laysan_Albatross/Laysan_Albatross_0013_910.jpg,1,-0.15671718,-0.059211895,-0.13202596,-0.040667564,0.041697755,-0.00700175,0.15030399,0.057547174,0.040199883,0.04417241,0.109944314,0.1529566,0.10922973,0.104878545,-0.001397714,-0.017499827,0.021415707,0.012304394,0.0128035825
/mnt/sdd/caltech_training_multiclass/train/002.Laysan_Albatross/Laysan_Albatross_0060_777.jpg,1,-0.006260529,0.044438258,-0.16981758,-0.041274145,0.017550848,0.17404056,0.06031236,0.12729162,0.051018912,-0.028496511,-0.04757832,0.011417341,0.015308134,-0.027493635,-0.06349425,-0.035371624,-0.059444446,0.022163894,-0.0057382328
/mnt/sdd/caltech_training_multiclass/train/002.Laysan_Albatross/Laysan_Albatross_0006_702.jpg,1,-0.01696684,-0.042372957,0.060747575,0.055613566,0.011387061,0.07184808,0.101403534,0.083152585,0.1690659,-0.0457317,0.08696208,0.1197276,0.10232289,0.07298277,-0.005453754,0.026343819,0.0021919422,0.024396198,-0.0033237704
/mnt/sdd/caltech_training_multiclass/train/002.Laysan_Albatross/Laysan_Albatross_0092_834.jpg,1,0.037783705,0.011620928,-0.0014321357,-0.01589569,0.01346831,0.09704898,0.15392968,0.061158165,0.15723956,-0.038621306,0.051999558,0.088592015,0.03906644,-0.008282596,0.070152834,0.07010148,0.014011099,0.013086021,-0.01172296
/mnt/sdd/caltech_training_multiclass/train/002.Laysan_Albatross/Laysan_Albatross_0096_673.jpg,1,-0.0069281235,0.044611335,-0.13493043,-0.107184716,0.031034704,0.059445564,0.16809458,0.12360689,0.082178354,-0.07491207,0.09116317,0.0020609377,0.067789055,0.05201443,-0.021051252,-0.01622702,0.016464092,-0.0013171528,-0.0061240857
/mnt/sdd/caltech_training_multiclass/train/002.Laysan_Albatross/Laysan_Albatross_0005_565.jpg,1,0.07478164,0.024750754,-0.02297211,0.059154868,0.10222247,0.16050397,0.10991241,0.027841497,-0.0108771585,0.008074705,0.09260107,0.060194314,0.09378442,0.05217222,-0.061423387,-0.022276122,0.23658934,0.08470178,-0.01029465
/mnt/sdd/caltech_training_multiclass/train/002.Laysan_Albatross/Laysan_Albatross_0104_630.jpg,1,-0.15573394,0.05751563,0.046466373,0.0017374577,-0.16874173,0.045625847,0.06953703,0.19029617,0.14978698,-0.0711107,0.011358194,0.013214141,5.9624203e-05,0.023309324,-0.06829438,-0.10286093,-0.0029503498,-0.0054931818,-0.008484378
/mnt/sdd/caltech_training_multiclass/train/002.Laysan_Albatross/Laysan_Albatross_0049_918.jpg,1,-0.15247965,-0.07421553,-0.04001688,0.08209726,-0.08362308,-0.06616737,0.04293014,0.07046594,0.034127917,-0.0728973,0.06699993,0.056640767,0.08194132,0.07052372,-0.027778193,-0.048336595,-0.024477312,-0.03183306,-0.018098691
/mnt/sdd/caltech_training_multiclass/train/002.Laysan_Albatross/Laysan_Albatross_0075_668.jpg,1,0.045128208,0.016125374,0.09659363,0.04623845,0.15120536,0.045028854,0.03932701,0.03967463,0.120981246,0.044282258,0.030605804,0.08703095,0.041139573,-0.027517011,0.09397754,0.02309523,-0.069316834,0.013697057,-0.00042489916
/mnt/sdd/caltech_training_multiclass/train/002.Laysan_Albatross/Laysan_Albatross_0079_506.jpg,1,-0.05868888,-0.023934834,0.028678712,0.040775094,-0.016699485,0.04338751,0.2012651,0.08760248,0.06801623,-0.11170334,0.048419565,-0.022085842,-0.0280352,0.12453517,-0.0066111833,-0.019426964,-0.020759843,-0.024956081,-0.03109075
/mnt/sdd/caltech_training_multiclass/train/002.Laysan_Albatross/Laysan_Albatross_0094_1013.jpg,1,0.07364127,-0.079032,-0.036982875,-0.0003406331,0.021401132,-0.11868529,-0.039412007,-0.00434321,0.08726996,0.023791783,0.030779101,0.05242154,0.041460402,0.060921,-0.04441304,-0.017398246,-0.006872058,0.0057621845,-0.010428634
/mnt/sdd/caltech_training_multiclass/train/002.Laysan_Albatross/Laysan_Albatross_0018_492.jpg,1,0.07165824,0.07029069,0.061042972,0.020628035,0.039251674,0.050754108,0.06176135,0.1038353,0.10208132,0.070822954,0.0978691,0.050759204,0.06781373,0.06959395,-0.0023386385,0.007422654,0.024611635,0.0045637675,-0.008907084
/mnt/sdd/caltech_training_multiclass/train/002.Laysan_Albatross/Laysan_Albatross_0047_619.jpg,1,0.0144135365,-0.031577267,-0.00935491,0.0037888107,-0.04044863,0.08379218,0.07290056,0.15629616,0.10144097,0.004089862,0.063023046,0.095762484,0.07604116,0.0854656,-0.0782589,-0.030473758,-0.021364383,0.0030253055,0.0019909195
/mnt/sdd/caltech_training_multiclass/train/002.Laysan_Albatross/Laysan_Albatross_0050_870.jpg,1,0.17595965,-0.010627298,0.005447028,-0.052438624,-0.006555788,0.10845977,0.13286242,0.19655909,0.22949377,-0.07145185,0.16000015,0.020680822,0.09887773,0.113014296,0.06408698,0.022513814,-0.05896475,0.005369409,-0.00808608
/mnt/sdd/caltech_training_multiclass/train/002.Laysan_Albatross/Laysan_Albatross_0044_784.jpg,1,-0.035444587,-0.07031049,-0.10926278,-0.01720907,-0.0017752945,0.18016914,0.19231741,-0.03064299,0.023763865,0.053431306,0.021186646,0.08320405,0.14030385,0.08751561,0.11863944,0.017127857,-0.018304463,0.05584997,-0.0038829637
/mnt/sdd/caltech_training_multiclass/train/002.Laysan_Albatross/Laysan_Albatross_0023_1059.jpg,1,0.13074476,-0.006662734,-0.06476134,-0.02351026,0.13262884,-0.049224287,0.036576353,0.058530044,0.27542084,0.034317803,0.10050118,0.06943244,0.09270395,0.102877945,0.076028846,0.0445664,0.12457189,0.0062024044,0.013752371
/mnt/sdd/caltech_training_multiclass/train/002.Laysan_Albatross/Laysan_Albatross_0034_628.jpg,1,0.11922802,-0.0061096363,0.15247446,0.026497064,-0.03937059,0.09143987,0.14444518,0.102170415,0.12730351,-0.068212524,0.055455007,0.038695052,0.082700714,0.016837448,0.07250144,0.057340354,-0.11656586,0.014641057,-0.0073813573
/mnt/sdd/caltech_training_multiclass/train/002.Laysan_Albatross/Laysan_Albatross_0098_621.jpg,1,0.07210919,0.0632053,-0.038098305,-0.1023397,-0.117406674,0.076753184,0.1356785,0.11042993,0.060807362,-0.014436873,-0.060097307,0.06425879,0.06172072,-0.020652983,0.016475283,0.0015621474,0.10129518,-0.0067552384,-0.001752283
/mnt/sdd/caltech_training_multiclass/train/002.Laysan_Albatross/Laysan_Albatross_0053_543.jpg,1,-0.043586854,-0.08302696,0.15277058,0.027032237,-0.062954456,-0.06918879,-0.0583892,0.0533011,-0.05646494,-0.058242813,0.13213044,0.07816497,0.06953473,0.002413053,0.026245996,0.002113022,-0.08538045,0.036192555,-0.0075231967
/mnt/sdd/caltech_training_multiclass/train/002.Laysan_Albatross/Laysan_Albatross_0088_883.jpg,1,-0.059263922,0.0137031,0.16894063,0.04781942,-0.08743264,0.13978675,0.16606015,0.15329069,0.10627479,-0.04357563,0.05828625,0.09410446,0.13840368,0.11125671,0.03569419,-0.008130067,-0.04069373,0.014703651,-0.010193614
/mnt/sdd/caltech_training_multiclass/train/002.Laysan_Albatross/Laysan_Albatross_0029_482.jpg,1,-0.010749918,-0.090746656,-0.05045387,0.032798447,-0.045966484,0.07540035,0.13216059,0.10626607,0.14549641,-0.018224414,0.06780866,0.039211705,0.1002594,0.132238,0.057232283,0.008676491,-0.036060844,0.0011981791,-0.013076064
/mnt/sdd/caltech_training_multiclass/train/002.Laysan_Albatross/Laysan_Albatross_0103_504.jpg,1,0.06985237,-0.029098101,0.05781181,-0.027818915,0.03494721,0.10382737,0.05209788,0.0013172161,0.06100138,-0.10030382,-0.016699716,0.007752793,0.009354179,-0.023194917,-0.07183207,-0.03839625,0.048217695,0.007830279,-0.006540522
/mnt/sdd/caltech_training_multiclass/train/002.Laysan_Albatross/Laysan_Albatross_0055_570.jpg,1,0.11249116,0.031237872,-0.05710067,-0.015534325,-0.01949028,0.07493405,-0.087295845,-0.0788168,-0.1402394,-0.014168267,0.053186927,0.042690407,-0.0057425397,0.011988953,-0.032638527,0.026764952,0.06779529,-0.0047943573,-0.0022071977
/mnt/sdd/caltech_training_multiclass/train/002.Laysan_Albatross/Laysan_Albatross_0002_1027.jpg,1,-0.0024177693,0.005905211,0.11350679,0.072547704,0.09470618,0.17783412,0.11502618,0.0930853,0.048099272,0.06223519,0.0108919125,0.10126518,0.03432773,0.02823117,0.014212757,-0.018287936,-0.0051835235,-0.003303966,-0.011007926
/mnt/sdd/caltech_training_multiclass/train/002.Laysan_Albatross/Laysan_Albatross_0039_924.jpg,1,0.014764804,-0.023525214,-0.02986807,-0.037460703,-0.043002293,0.12067963,0.16287424,-0.0056839213,-0.062365204,0.035444364,-0.047185723,0.09285193,0.09929012,0.10405889,0.039715264,0.052093845,0.078210756,0.009535716,0.0032820492
/mnt/sdd/caltech_training_multiclass/train/002.Laysan_Albatross/Laysan_Albatross_0071_792.jpg,1,0.13798866,0.11330554,-0.035315003,0.0012200437,0.131628,0.1652973,0.08492688,0.058527097,-0.014088655,0.07733839,-0.012717612,0.06457399,0.02331463,0.024284832,0.03651172,0.030249856,0.09674613,0.005095396,-0.0020356877
/mnt/sdd/caltech_training_multiclass/train/002.Laysan_Albatross/Laysan_Albatross_0064_674.jpg,1,-0.0062077865,-0.03178259,-0.14940824,0.022659171,-0.015944775,-0.0045658015,-0.035572823,0.118747234,0.24680583,-0.08597685,0.09988157,0.13449913,0.07053167,0.035568416,-0.05158113,-0.0045883986,-0.035106085,-0.015448767,-0.018821241
/mnt/sdd/caltech_training_multiclass/train/002.Laysan_Albatross/Laysan_Albatross_0081_800.jpg,1,-0.0188438,-0.0066402247,0.029254653,0.008177869,-0.09008619,-0.011209561,0.09683893,0.08916974,0.07135208,-0.02141526,-0.012481494,0.03802392,0.040158115,0.03480699,-0.043601513,0.01482212,-0.06523515,0.021506168,-0.012833508
/mnt/sdd/caltech_training_multiclass/train/002.Laysan_Albatross/Laysan_Albatross_0061_563.jpg,1,0.06869082,-0.01363717,0.13781679,0.02538387,-0.035881534,0.038336888,-0.07339412,0.033444226,0.09130421,0.02259197,0.06519316,0.12247811,0.11438,0.09647025,-0.040779974,-0.04266378,0.12803231,-0.030037427,-0.0026342033
/mnt/sdd/caltech_training_multiclass/train/002.Laysan_Albatross/Laysan_Albatross_0037_699.jpg,1,-0.025358833,-0.09544465,0.22566575,0.04395527,-0.010013521,0.07250448,0.04331144,0.00017663464,0.07894166,0.037349902,0.07396239,0.028170004,0.086272016,0.07699806,0.046503507,-0.0074425894,0.081748664,0.053740483,-0.0071093794
/mnt/sdd/caltech_training_multiclass/train/003.Sooty_Albatross/Sooty_Albatross_0020_796359.jpg,2,-0.03544191,-0.016753934,0.025475979,0.0127345845,-0.08120327,0.07131074,-0.048419688,-0.0821826,-0.056755826,-0.02366537,0.0573814,0.01082907,0.010219626,-0.040825773,-0.022572111,0.044793196,0.014484461,0.005015157,-0.01416949
/mnt/sdd/caltech_training_multiclass/train/003.Sooty_Albatross/Sooty_Albatross_0069_796358.jpg,2,-0.15687227,-0.0053142775,-0.053606126,-0.030914783,-0.06437679,0.13350677,0.1275419,0.06706401,0.015300795,-0.05045197,0.032608885,0.008473311,0.06104513,0.043770898,-0.0011871979,0.021641,-0.049379975,-0.022941466,-0.023224708
/mnt/sdd/caltech_training_multiclass/train/003.Sooty_Albatross/Sooty_Albatross_0007_796372.jpg,2,-0.08122669,-0.020571254,-0.1264439,-0.055486158,-0.044307802,0.064440094,0.13870092,-0.007380612,0.0060986206,0.002673654,0.20763543,0.06504117,0.05652673,0.026319984,0.14091478,0.09783206,0.04229372,-0.0066107083,0.020358654
/mnt/sdd/caltech_training_multiclass/train/003.Sooty_Albatross/Sooty_Albatross_0005_796342.jpg,2,0.0804767,0.019809846,-0.00043830276,0.02246882,0.016418321,-0.041689035,-0.08807796,-0.098945364,-0.0071170926,-0.0198538,0.08336474,0.05686073,0.010577252,0.03265863,0.04004118,0.05020808,-0.03603892,0.011933143,-0.014798159
/mnt/sdd/caltech_training_multiclass/train/003.Sooty_Albatross/Sooty_Albatross_0010_796355.jpg,2,0.060564287,0.046263494,-0.1335038,-0.066936836,-0.057060245,0.13925529,0.043277696,0.0038324296,0.007955745,-0.027597915,-0.0408485,-0.10214929,0.012115246,-0.038269997,-0.03781357,0.013249021,-0.038909495,-0.021574873,-0.012277218
/mnt/sdd/caltech_training_multiclass/train/003.Sooty_Albatross/Sooty_Albatross_0068_796353.jpg,2,0.04948452,0.0994851,-0.13734391,-0.03922812,0.108048975,0.10027677,0.17710207,0.07281679,0.07509498,0.045538135,0.019133028,0.012457745,0.024623247,0.012276407,0.030860966,0.02043239,-0.07366092,0.029177357,0.010723607
/mnt/sdd/caltech_training_multiclass/train/003.Sooty_Albatross/Sooty_Albatross_0001_1071.jpg,2,0.14527123,0.020843038,-0.036945328,-0.01583349,-0.023623103,0.13333772,0.13037698,0.0030859355,-0.13771561,-0.0063210763,0.028757982,0.04989291,0.024193626,-0.005696006,0.06271911,0.039482962,-0.06527354,-0.019976512,-0.0015680706
/mnt/sdd/caltech_training_multiclass/train/003.Sooty_Albatross/Sooty_Albatross_0002_796395.jpg,2,0.034403913,0.031069078,-0.14057042,-0.016963197,0.001559101,0.17123774,0.027028775,0.09739451,-0.03316411,-0.0138341,0.004298851,0.01684555,-0.044345975,-0.0069631375,-0.0317166,0.0059595993,-0.07854119,-0.02329989,-0.014409559
/mnt/sdd/caltech_training_multiclass/train/003.Sooty_Albatross/Sooty_Albatross_0043_1076.jpg,2,0.10049279,0.019809727,0.029903762,-0.018709887,0.039418086,0.16225906,0.11617647,0.059020106,-0.1149304,0.03656792,-0.011446992,-0.02326575,0.0056258086,0.02005007,-0.12817013,-0.020956587,-0.05486884,-0.008971949,0.009907801
/mnt/sdd/caltech_training_multiclass/train/003.Sooty_Albatross/Sooty_Albatross_0023_796401.jpg,2,0.15600902,-0.030466992,-0.04990317,-0.013538787,0.040192522,0.12374664,0.18032251,-0.0711312,-0.07315878,0.027330162,0.037488163,-0.031240819,0.0011581006,-0.013890486,0.121922,0.056537513,-0.070568405,-0.0029137153,0.012124452
/mnt/sdd/caltech_training_multiclass/train/003.Sooty_Albatross/Sooty_Albatross_0058_796360.jpg,2,-0.0048425198,0.0222653,0.14319853,0.06656654,-0.114151195,0.08181547,0.08671153,-0.025663204,-0.0015482567,-0.037781768,0.16133687,-0.007397432,0.037318733,0.01527518,0.005280778,0.057694085,-0.11331208,-0.015725173,0.007718637
/mnt/sdd/caltech_training_multiclass/train/003.Sooty_Albatross/Sooty_Albatross_0072_796371.jpg,2,-0.23352589,-0.032385565,0.031746708,0.08671236,0.086765006,-0.012691967,0.027045682,0.08891243,0.04914674,0.0034284033,0.104496434,0.07224811,0.043567866,-0.007935718,0.01156706,0.0047395043,-0.0698802,-0.0055098273,-0.018986007
/mnt/sdd/caltech_training_multiclass/train/003.Sooty_Albatross/Sooty_Albatross_0030_1122.jpg,2,0.058170676,-0.013416401,0.012254089,0.03601802,-0.010578863,0.26227534,0.16423026,0.14575902,0.05918581,-0.03086244,0.007781014,-0.009962322,0.040177155,-0.004337698,0.08328318,0.031529225,0.009999447,0.0727489,0.007283597
/mnt/sdd/caltech_training_multiclass/train/003.Sooty_Albatross/Sooty_Albatross_0065_796367.jpg,2,0.14870584,0.005064234,0.0513757,0.07152374,0.006505808,0.15499783,0.13898753,0.10615851,-0.012784317,0.01572087,-0.01785853,0.029392067,-0.038055234,-0.008674592,-0.024531826,-0.005012065,0.10660685,0.060172625,0.0067385724
/mnt/sdd/caltech_training_multiclass/train/003.Sooty_Albatross/Sooty_Albatross_0041_796364.jpg,2,0.2748425,0.034429297,-0.13981211,-0.04245045,-0.111295566,0.054515697,0.060964808,0.058053665,0.06167263,-0.06219124,0.08542797,0.0806568,-0.02387372,-0.025410915,-0.09845245,-0.02487607,-0.031161565,0.08789886,0.003686143
/mnt/sdd/caltech_training_multiclass/train/003.Sooty_Albatross/Sooty_Albatross_0031_1066.jpg,2,0.15654287,0.04895203,0.11713457,0.07263785,-0.020655295,0.119423494,0.08998409,-0.09413355,-0.084369466,0.014645461,0.07163291,0.051303905,0.06084433,-0.011229197,0.060442936,0.034960978,-0.058954526,0.047826827,-0.0059639667
/mnt/sdd/caltech_training_multiclass/train/003.Sooty_Albatross/Sooty_Albatross_0004_796366.jpg,2,-0.19104758,-0.028381746,-0.0142727755,0.038477473,0.07132749,-0.032134466,-0.096569374,-0.12918584,-0.061701246,-0.017732134,0.030336007,-0.0012721457,-0.008407918,-0.04395089,0.014198465,0.04229077,-0.001072932,0.029199501,-0.020945579
/mnt/sdd/caltech_training_multiclass/train/003.Sooty_Albatross/Sooty_Albatross_0079_796389.jpg,2,0.017556924,-0.004278804,-0.08260736,0.009212434,0.07274489,0.17215207,0.15335076,0.017412513,-0.062421277,-0.04576064,0.022782832,-0.070029944,-0.034652263,0.008418132,-0.017988743,-0.06875086,-0.012429088,-0.0064036986,0.009077683
/mnt/sdd/caltech_training_multiclass/train/003.Sooty_Albatross/Sooty_Albatross_0034_1154.jpg,2,0.15457095,0.02072222,0.21702084,0.080884546,-0.07606082,0.11868964,0.11735764,0.1008958,-0.018905621,-0.026939046,0.04323949,-0.052916817,-0.033859774,-0.0578464,-0.027916001,0.027129568,0.041343573,0.027036734,0.0095440205
/mnt/sdd/caltech_training_multiclass/train/003.Sooty_Albatross/Sooty_Albatross_0050_796351.jpg,2,0.050857183,0.025533088,-0.031955745,0.01741495,-0.13292,0.12421497,0.2036613,0.16178516,0.078153625,-0.058485147,0.0042833975,0.009986624,0.04216796,0.010696944,-0.0070368424,0.020294432,-0.049008377,0.01742965,-0.005152845
/mnt/sdd/caltech_training_multiclass/train/003.Sooty_Albatross/Sooty_Albatross_0048_1130.jpg,2,0.039006095,0.027211834,0.16110674,0.0067031644,0.07863488,0.1646952,0.11019713,0.06961755,0.01311495,0.055113,0.0131843835,0.01968112,0.03498722,-0.045397393,-0.027955443,-0.003817249,0.07730941,0.07214167,-8.5772015e-05
/mnt/sdd/caltech_training_multiclass/train/003.Sooty_Albatross/Sooty_Albatross_0024_1161.jpg,2,-0.094981164,0.016319161,-0.06919108,-0.014009686,-0.05385316,-0.011410052,0.057373166,-0.057038106,-0.036431313,-0.050571997,-0.0012315963,-0.043487094,-0.07112636,-0.035711244,-0.07288615,-0.03130463,-0.046685077,-0.036431324,-0.0033474863
/mnt/sdd/caltech_training_multiclass/train/003.Sooty_Albatross/Sooty_Albatross_0014_796373.jpg,2,-0.06492064,-0.0709186,-0.1603355,-0.06493808,0.046752177,0.01943434,-0.061537944,0.04520352,-0.07903152,0.012977207,0.07626589,0.0021614074,0.033204947,-0.028909003,-0.0141373705,0.036984578,-0.09658317,-0.013415783,-0.00025146548
/mnt/sdd/caltech_training_multiclass/train/003.Sooty_Albatross/Sooty_Albatross_0019_796391.jpg,2,0.016761102,-0.018967949,0.012503546,-0.015338011,-0.14624417,-0.11901981,-0.07041238,-0.058704846,-0.020375377,-0.052815944,0.005907978,-0.03825913,-0.022856364,-0.002714133,-0.07756552,0.0061453367,0.09607443,0.003701128,-0.01138709
/mnt/sdd/caltech_training_multiclass/train/003.Sooty_Albatross/Sooty_Albatross_0036_796387.jpg,2,-0.01113413,-0.056845367,-0.08363262,-0.05625727,0.13783517,0.26422915,0.06300545,0.07489587,-0.029593969,0.053411,-0.0145771075,0.0017192382,-0.021535896,0.023267487,-0.009291989,0.049922444,-0.10128437,-0.05122801,-0.003150987
/mnt/sdd/caltech_training_multiclass/train/003.Sooty_Albatross/Sooty_Albatross_0022_796398.jpg,2,-0.16687201,-0.12348495,-0.008531071,-0.01295412,0.074594915,0.086181544,0.06442686,-0.08934815,-0.054539435,0.024606705,0.117302336,0.07725595,0.004324888,-0.02650217,0.05129326,0.06146045,0.009462283,0.056268748,-0.0050319145
/mnt/sdd/caltech_training_multiclass/train/003.Sooty_Albatross/Sooty_Albatross_0013_796402.jpg,2,-0.12306303,-0.08194531,-0.05321005,-0.011993298,-0.09251915,0.112036735,0.08765599,0.040453162,-0.052725837,-0.0799711,-0.0047861803,0.048582375,0.016194683,0.00565979,-0.05776868,-0.010346674,-0.18607002,-0.026883181,0.006971769
/mnt/sdd/caltech_training_multiclass/train/003.Sooty_Albatross/Sooty_Albatross_0077_1080.jpg,2,-0.24105084,-0.10472404,-0.12958151,0.0053730328,-0.052295443,0.25988373,0.19833903,0.12127819,0.022913784,-0.038104996,0.025470447,-0.029222397,-0.021997442,-0.050677955,-0.09490308,-0.007994273,-0.03697154,0.028709684,-0.008964081
/mnt/sdd/caltech_training_multiclass/train/003.Sooty_Albatross/Sooty_Albatross_0070_796346.jpg,2,0.14781423,0.098269224,-0.12475497,-0.06598286,0.046918184,0.24954104,0.1726026,0.19683385,0.038168207,0.036801763,-0.0066704685,0.08084197,0.071087,0.072247215,-0.040041797,0.015464503,-0.06028706,-0.035647266,-0.01507407
/mnt/sdd/caltech_training_multiclass/train/003.Sooty_Albatross/Sooty_Albatross_0032_1149.jpg,2,0.21105056,0.058935918,-0.012604464,-0.05081283,-0.03431263,0.26183274,0.17634027,-0.004838042,-0.065376505,0.017937057,0.11121795,-0.0076015294,0.06428012,0.06915757,-0.060119957,0.032004416,-0.026651913,0.014601663,-0.004631729
/mnt/sdd/caltech_training_multiclass/train/003.Sooty_Albatross/Sooty_Albatross_0076_796365.jpg,2,0.2810711,0.124805406,-0.015622128,-0.053947043,-0.087503344,0.06705442,-0.05024688,-0.021852355,-0.012914628,-0.02464162,-0.0490681,-0.032724112,0.023903675,-0.021662086,-0.053259894,-0.013812553,0.008075744,0.025744468,-0.0126076015
/mnt/sdd/caltech_training_multiclass/train/003.Sooty_Albatross/Sooty_Albatross_0051_796374.jpg,2,0.1610494,0.11651471,0.050256334,0.013331372,0.006662202,0.07440831,0.09061665,-0.07119131,-0.08224203,0.03561919,0.14061862,0.05927059,-0.0008572906,0.010092924,0.1369893,0.063628815,-0.046170324,0.048538025,0.014415617
/mnt/sdd/caltech_training_multiclass/train/003.Sooty_Albatross/Sooty_Albatross_0025_796361.jpg,2,0.21083054,-0.008122079,-0.035470985,-0.01888537,-0.17676538,0.18227562,0.23870227,0.14034095,0.15643576,-0.12122463,0.06250183,0.026309796,0.028281325,0.008501839,-0.05573342,-0.009115005,-0.015468862,0.041793693,0.0015796074
/mnt/sdd/caltech_training_multiclass/train/003.Sooty_Albatross/Sooty_Albatross_0074_1221.jpg,2,0.18773761,-0.006609263,0.072857246,0.030658927,0.030931398,-0.04587436,-0.07607407,-0.19421265,-0.062055323,0.038542304,0.06582854,0.012716216,0.043955386,0.037388556,-0.026981153,0.047847968,-0.06749355,0.051990964,0.011407737
/mnt/sdd/caltech_training_multiclass/train/003.Sooty_Albatross/Sooty_Albatross_0046_1211.jpg,2,-0.010847959,0.039642848,0.05186888,-0.022676762,0.10219692,0.064074926,0.14995068,0.0023765136,0.018581565,-0.012113171,0.072342806,0.02120741,0.007273026,0.047947876,0.06223982,0.043784123,-0.027334593,0.03628793,0.004372253
/mnt/sdd/caltech_training_multiclass/train/003.Sooty_Albatross/Sooty_Albatross_0003_1078.jpg,2,0.06363048,0.11236963,-0.11873255,-0.044075567,0.036560647,0.1170152,0.1397319,-0.017490357,0.009174973,-0.047265656,-0.027059365,0.012637341,0.0742432,0.051407445,-0.087119326,0.010252014,-0.027633615,0.013236347,-0.026504785
/mnt/sdd/caltech_training_multiclass/train/003.Sooty_Albatross/Sooty_Albatross_0075_796352.jpg,2,0.11086464,0.06083802,0.13106231,0.033400305,-0.14424384,0.029504508,0.08509982,0.087444216,0.033729993,-0.062478364,0.025808942,-0.0025650663,0.034778446,0.0156708,0.011021301,0.031038292,-0.077039,0.07028036,0.0056896526
/mnt/sdd/caltech_training_multiclass/train/003.Sooty_Albatross/Sooty_Albatross_0006_796390.jpg,2,0.12683617,0.034949884,-0.03628567,0.01583521,-0.061090305,-0.14192826,0.012262203,0.034152143,0.04912548,-0.056969732,0.05281437,-0.03901917,0.05902706,-0.013686791,-0.030207358,0.061091334,-0.12708811,0.006213821,-0.011508975
/mnt/sdd/caltech_training_multiclass/train/003.Sooty_Albatross/Sooty_Albatross_0042_1210.jpg,2,0.11203501,0.056964587,-0.0032549202,-0.019562906,0.16701618,0.070281245,0.08389101,0.047469005,0.060000412,0.066615105,0.0015706243,0.06705941,0.07790404,0.050943077,-0.13158055,-0.050334223,-0.002755776,0.02792376,-0.008155168
/mnt/sdd/caltech_training_multiclass/train/003.Sooty_Albatross/Sooty_Albatross_0073_1171.jpg,2,0.18630591,0.06303657,0.010901503,0.0378439,0.09518122,0.08646692,-0.0076002367,0.09206336,-0.06621754,-0.0005337354,-0.16080645,0.033717345,0.038853936,0.023051733,0.057675153,0.005390197,-0.010620749,-0.029174782,-0.0062718205
/mnt/sdd/caltech_training_multiclass/train/003.Sooty_Albatross/Sooty_Albatross_0038_1065.jpg,2,-0.08076091,-0.017524442,-0.21535113,-0.02676515,0.029965712,0.052118704,0.07439164,0.07777734,-0.0069645196,0.04195187,-0.046860535,0.052603126,0.04569996,0.04857431,0.03181269,0.044889793,-0.07574164,0.003355535,-0.01284922
/mnt/sdd/caltech_training_multiclass/train/003.Sooty_Albatross/Sooty_Albatross_0040_796375.jpg,2,0.020200305,0.06685109,0.034648083,0.039917946,0.0043889387,0.15041412,0.1419571,-0.04148892,-0.06786823,-0.019328255,0.045119777,-0.02286856,0.031304143,-0.03230101,0.05099994,0.07075072,-0.101127684,0.013734207,-0.0031289104
/mnt/sdd/caltech_training_multiclass/train/003.Sooty_Albatross/Sooty_Albatross_0016_1075.jpg,2,-0.047337066,0.04636559,-0.07321164,-0.0056161964,-0.027051717,0.022381717,0.022282133,0.042541564,-0.0208934,0.0072613517,0.12686834,0.025422111,0.026419656,0.02706255,0.08669344,0.043157652,0.032851387,0.013149438,-0.0058863666
/mnt/sdd/caltech_training_multiclass/train/003.Sooty_Albatross/Sooty_Albatross_0055_1160.jpg,2,0.15391436,0.05413699,0.002174504,0.01075357,0.13123928,0.14561911,0.09466095,0.036792833,0.001560634,0.037398003,-0.03708938,-0.0021274453,0.014079455,-0.011009308,-0.036621127,-0.020620044,-0.07832964,0.0033461363,0.0026283523
/mnt/sdd/caltech_training_multiclass/train/003.Sooty_Albatross/Sooty_Albatross_0057_796354.jpg,2,-0.02898382,-0.07991095,0.09171367,0.064851336,0.103649534,0.16023299,0.14999793,0.08158634,-0.0033121454,0.03855902,0.13589963,0.021124441,0.09419352,0.03584574,0.03576146,0.021965882,-0.0551015,-0.016203512,0.0015944754
/mnt/sdd/caltech_training_multiclass/train/003.Sooty_Albatross/Sooty_Albatross_0063_1101.jpg,2,-0.004917823,0.0010030381,-0.25860783,-0.14268576,0.058249626,0.123331144,0.14920098,0.0148375705,-0.07872882,0.0012141801,-0.025439195,0.017218903,-0.009369938,-0.051688895,-0.13121788,-0.046359517,-0.09740259,-0.03900134,-0.016955994
/mnt/sdd/caltech_training_multiclass/train/004.Groove_billed_Ani/Groove_Billed_Ani_0100_1646.jpg,3,-0.03582066,0.04266689,-0.090991594,-0.079563156,-0.021540858,0.03445697,0.02030686,-0.0408376,0.056175828,-0.037376996,0.028379068,-0.0130753685,0.035389736,0.029374147,-0.10690889,-0.05031913,0.04873471,0.022003956,0.0024527442
/mnt/sdd/caltech_training_multiclass/train/004.Groove_billed_Ani/Groove_Billed_Ani_0080_1549.jpg,3,-0.12239258,0.0185019,-0.18597683,-0.033736374,0.021272935,0.052134093,-0.05793755,-0.03147665,-0.05927251,0.035174247,0.05027297,-0.059894204,0.008782875,-0.030384107,-0.015907247,-0.019670932,-0.12240392,0.011777329,0.0010949868
/mnt/sdd/caltech_training_multiclass/train/004.Groove_billed_Ani/Groove_Billed_Ani_0078_1780.jpg,3,-0.06884548,-0.0494116,-0.026823428,0.020827258,0.035801142,0.028417101,0.07173547,0.00095107034,0.102448806,-0.008892421,0.012093339,-0.02451488,0.08617543,0.03267906,0.03382172,0.022318607,-0.02959574,0.009982114,-0.0013776086
/mnt/sdd/caltech_training_multiclass/train/004.Groove_billed_Ani/Groove_Billed_Ani_0036_1604.jpg,3,0.11671908,0.033586703,0.17695223,0.061822098,-0.01026142,0.07521616,-0.015473979,0.028220782,0.09041879,-0.043546006,-0.043344196,0.037467886,0.07454275,0.081963204,0.050702054,0.045435153,-0.026655458,0.005806783,0.0145476535
/mnt/sdd/caltech_training_multiclass/train/004.Groove_billed_Ani/Groove_Billed_Ani_0101_1700.jpg,3,0.11538649,-0.009695546,0.08731323,-0.04179849,0.092540026,0.10114949,0.12292054,-0.017913193,0.043255474,0.056804657,0.0025869086,-0.07666914,0.08545454,0.025027366,-0.09442693,-0.018477757,-0.09804115,0.020221852,0.019348007
/mnt/sdd/caltech_training_multiclass/train/004.Groove_billed_Ani/Groove_Billed_Ani_0044_1731.jpg,3,0.024525996,0.03341653,-0.16542096,-0.06257571,0.10527431,0.09140372,0.13440788,0.099066764,0.0009656558,0.028431453,0.014497674,-0.026543908,-0.0032637464,0.016916113,-0.06536543,-0.031535484,0.092110634,0.030262617,-0.0015374201
/mnt/sdd/caltech_training_multiclass/train/004.Groove_billed_Ani/Groove_Billed_Ani_0087_1765.jpg,3,-0.13639434,-0.0018162373,0.12980817,0.0449743,0.12058312,0.10179059,0.031117883,-0.1345748,-0.09881206,-0.0025792157,0.009742683,0.0112754665,0.032547034,0.027082391,0.03473191,-0.024627954,-0.014638939,0.020460557,0.013117555
/mnt/sdd/caltech_training_multiclass/train/004.Groove_billed_Ani/Groove_Billed_Ani_0019_1585.jpg,3,-0.07830031,0.014194101,-0.04963442,0.015578922,0.08096479,-0.0334037,0.07805202,0.0121283755,0.12199386,-0.014953202,0.014520715,-0.026071742,0.03158181,0.006372294,-0.040020358,-0.046449613,-0.043724973,-0.004783025,0.021979215
/mnt/sdd/caltech_training_multiclass/train/004.Groove_billed_Ani/Groove_Billed_Ani_0010_1704.jpg,3,-0.27777454,-0.073841125,-0.1602068,-0.059224118,0.08848028,0.14700493,0.14352894,0.16061424,0.14409444,0.037636064,-0.0036739353,-0.047538996,0.050962925,0.046241872,-0.017413283,-0.014314861,-0.028097484,0.020053439,-0.009441602
/mnt/sdd/caltech_training_multiclass/train/004.Groove_billed_Ani/Groove_Billed_Ani_0031_1588.jpg,3,-0.079172075,-0.059292138,-0.18803409,-0.0500537,-0.0015460253,-0.063940905,0.041690417,0.13475056,0.19778997,-0.05131541,0.07011416,0.02405661,-0.009911027,-0.037377823,-0.0065532215,-0.018472869,-0.040459245,0.0076986607,-0.003374873
/mnt/sdd/caltech_training_multiclass/train/004.Groove_billed_Ani/Groove_Billed_Ani_0068_1538.jpg,3,-0.14063874,-0.052600272,0.15590517,0.15262778,0.1454857,0.05444536,0.046969086,0.0031231083,0.060084563,0.05337146,-0.0088366065,0.04869415,0.0036154706,-0.005107501,-0.16641971,-0.09340937,-0.030826526,-0.018949833,0.008931657
/mnt/sdd/caltech_training_multiclass/train/004.Groove_billed_Ani/Groove_Billed_Ani_0015_1653.jpg,3,0.061214756,0.013851436,-0.22069532,-0.08977391,-0.035735175,-0.09657918,-0.020181801,0.06716621,0.07171345,-0.04074496,0.07447241,-0.022910805,0.10041214,0.048156377,4.0605664e-06,0.009468265,0.001256546,0.021483932,-0.01643294
/mnt/sdd/caltech_training_multiclass/train/004.Groove_billed_Ani/Groove_Billed_Ani_0074_1730.jpg,3,-0.02226089,-0.034297667,-0.0016471054,-0.07263643,0.01553761,-0.13838771,-0.0343512,-0.16102569,0.050112143,-0.006105257,-0.02945466,0.036983192,0.0649973,0.060789254,0.017885318,-0.007218788,0.011213721,0.025025934,0.004675911
/mnt/sdd/caltech_training_multiclass/train/004.Groove_billed_Ani/Groove_Billed_Ani_0053_1672.jpg,3,-0.036957704,-0.07668339,0.08916537,0.019106701,0.020124374,-0.104927465,-0.0063359626,0.0085098315,0.020434894,0.06950547,0.06383167,0.029966317,0.071717635,0.10625382,-0.034076795,0.0059710774,0.13493934,0.03134715,0.029942349
/mnt/sdd/caltech_training_multiclass/train/004.Groove_billed_Ani/Groove_Billed_Ani_0091_1728.jpg,3,0.036311433,0.025969181,-0.15067503,-0.013141073,-0.0068380814,-0.16538478,-0.03360914,-0.11908862,-0.09620146,0.0026091416,-0.008609401,0.020097535,0.015436569,-0.041634135,-0.0741771,-0.02287609,0.032690376,0.01786345,0.01925348
/mnt/sdd/caltech_training_multiclass/train/004.Groove_billed_Ani/Groove_Billed_Ani_0109_1592.jpg,3,0.00012116507,0.042802118,-0.0028118305,0.05862063,0.0958516,0.029847309,0.10256066,0.11934114,0.07620193,0.030243587,-0.05614487,-0.028563073,0.017785633,0.0090860715,-0.05238135,-0.02956161,0.028843137,0.01563384,-0.0027194596
/mnt/sdd/caltech_training_multiclass/train/004.Groove_billed_Ani/Groove_Billed_Ani_0058_1751.jpg,3,-0.05256847,-0.05378918,0.025562579,0.037605394,-0.086323366,-0.0075768065,-0.023489933,0.010595061,0.02382694,0.05354001,-0.009559412,0.10770543,0.054441564,0.045616075,0.029168092,0.028913122,0.02693827,0.0010569962,0.011336693
/mnt/sdd/caltech_training_multiclass/train/004.Groove_billed_Ani/Groove_Billed_Ani_0006_1763.jpg,3,0.046236206,0.00090558827,-0.14226821,-0.064955935,-0.043802902,0.12171022,-0.031263597,-0.055184104,-0.022296023,-0.041959666,-0.019008573,0.025027085,-0.060018,-0.01674221,-0.06359787,-0.05128939,-0.07547489,0.007999255,0.0063454504
/mnt/sdd/caltech_training_multiclass/train/004.Groove_billed_Ani/Groove_Billed_Ani_0105_1562.jpg,3,0.0706908,0.005706854,0.15727942,0.024231624,-0.016609699,0.21497943,0.080182165,0.095339775,0.08255414,-0.01807467,0.04270127,0.048514266,-0.0019921698,0.042026393,0.069900766,0.011186229,-0.12405636,-0.003469156,0.006177828
/mnt/sdd/caltech_training_multiclass/train/004.Groove_billed_Ani/Groove_Billed_Ani_0033_1494.jpg,3,-0.19619823,-0.02859984,0.07086832,-0.0041450216,-0.020037297,-0.09525922,-0.10290216,-0.11475273,-0.02725203,-0.029964589,-0.0038441848,-0.03925581,0.040211257,0.047734935,0.014017981,-0.008999504,-0.04398316,0.026101312,-0.006732074
/mnt/sdd/caltech_training_multiclass/train/004.Groove_billed_Ani/Groove_Billed_Ani_0047_1706.jpg,3,0.0140212905,-0.0077512246,0.0969869,0.054092057,0.13216634,0.059621543,-0.04781461,-0.04458023,0.043188814,0.009255763,-0.010506274,0.014530658,0.08148809,0.043084025,-0.046848238,-0.07370144,-0.043609962,0.0052583013,0.0029715523
/mnt/sdd/caltech_training_multiclass/train/004.Groove_billed_Ani/Groove_Billed_Ani_0072_1696.jpg,3,-0.08143282,0.05902169,-0.035337828,0.029372612,-0.04173352,0.09633161,0.08945371,0.07628283,0.06388104,-0.04527642,-0.047491882,-0.022639913,-0.034189973,0.001629441,-0.033040967,-0.014240053,-0.14403227,-0.01876746,-0.0018782727
/mnt/sdd/caltech_training_multiclass/train/004.Groove_billed_Ani/Groove_Billed_Ani_0071_1559.jpg,3,0.12552662,0.0908566,-0.21141666,-0.060062192,0.10155022,-0.18882473,-0.05398836,-0.10258657,-0.081104055,0.036149915,0.041906986,0.04963114,0.021048946,0.012107827,-0.08300689,-0.012030861,0.08195627,-0.0038493853,-0.008187301
/mnt/sdd/caltech_training_multiclass/train/004.Groove_billed_Ani/Groove_Billed_Ani_0069_1546.jpg,3,0.17571576,0.027655533,0.13967937,0.06789595,0.042076528,-0.015184697,-0.010285791,-0.03643077,-0.06986542,0.015776075,-0.028306581,0.0019904342,-0.0070948694,0.054788604,0.04061129,-0.010767618,-0.08907446,-0.027636316,0.0070382487
/mnt/sdd/caltech_training_multiclass/train/004.Groove_billed_Ani/Groove_Billed_Ani_0108_1639.jpg,3,-0.0052660517,-0.030697094,-0.057337046,-0.007494721,-0.0682386,0.023291836,0.03092108,-0.03994698,-0.0037852004,-0.0228596,-0.01910198,-0.0659398,-0.020869184,0.0015549148,-0.071717784,-0.0244752,0.0052776393,0.044213515,0.021258237
/mnt/sdd/caltech_training_multiclass/train/004.Groove_billed_Ani/Groove_Billed_Ani_0040_1715.jpg,3,0.06910698,-0.08630708,0.110131375,0.042219356,-0.14807689,0.0889065,-0.037945222,0.046500955,0.007854354,-0.029738102,0.0007418562,0.037634797,0.0015262393,0.00956024,0.025820626,-0.024691083,-0.09295188,-0.019433513,-0.019431882
/mnt/sdd/caltech_training_multiclass/train/004.Groove_billed_Ani/Groove_Billed_Ani_0082_1697.jpg,3,0.14936318,0.027606646,0.00319919,0.034826264,0.07714397,0.0048982687,-0.004115862,0.06182947,0.042944074,-0.043400332,0.024528807,0.0021451665,-0.025248151,-0.03065363,-0.05967868,-0.037173703,-0.06459306,-0.031744536,-0.012779725
/mnt/sdd/caltech_training_multiclass/train/004.Groove_billed_Ani/Groove_Billed_Ani_0085_1612.jpg,3,0.13392548,0.0057378085,-0.014701195,0.022955686,0.118414976,-0.02056049,-0.03820958,-0.10719364,-0.057824552,0.10684849,0.014948462,0.03883427,0.12141825,0.119077146,-0.06430684,-0.036475234,-0.105467305,-0.012270841,0.015275759
/mnt/sdd/caltech_training_multiclass/train/004.Groove_billed_Ani/Groove_Billed_Ani_0027_1754.jpg,3,-0.16108692,-0.011856336,-0.15020448,-0.047046725,-0.049205106,-0.020287417,0.024209421,-0.064509146,0.06762936,0.015614944,0.11298084,0.08380274,0.106045574,0.093238816,0.0012546219,0.026374241,-0.056768075,0.032805767,0.019284105
/mnt/sdd/caltech_training_multiclass/train/004.Groove_billed_Ani/Groove_Billed_Ani_0060_1505.jpg,3,-0.0092820935,0.085776255,0.028741084,0.013883822,-0.026479874,0.048341013,0.058823712,0.052170157,-0.08059654,-0.060286477,0.012466956,-0.06387026,0.005175812,-0.0060510356,0.04961381,0.0112602,-0.050831854,-0.005547829,0.011352375
/mnt/sdd/caltech_training_multiclass/train/004.Groove_billed_Ani/Groove_Billed_Ani_0107_1590.jpg,3,-0.19495805,-0.052674368,-0.0995253,0.032327447,-0.04831308,-0.123637795,0.028975295,-0.027368888,0.078194454,-0.043867268,-0.032865547,-0.0036842618,0.036646977,0.011976604,-0.06568655,0.0025122827,0.020395532,0.003109322,0.036145348
/mnt/sdd/caltech_training_multiclass/train/004.Groove_billed_Ani/Groove_Billed_Ani_0002_1670.jpg,3,0.10061993,0.05234565,-0.22281706,-0.10620737,0.11172373,0.05235306,0.04287067,0.0047927573,0.044191975,0.052377008,0.0352683,-0.015428692,0.055634916,0.04146395,-0.06217968,-0.022371788,0.032249063,0.03234914,0.015752386
/mnt/sdd/caltech_training_multiclass/train/004.Groove_billed_Ani/Groove_Billed_Ani_0012_1784.jpg,3,-0.05707123,-0.029388094,0.05672698,0.04484882,0.15116127,0.10569338,-0.054663815,0.020063695,-0.09750742,0.06139262,0.0030493084,-0.009209608,0.06022993,0.054344535,-0.01976711,0.008858654,0.048856024,0.033392183,-0.012727324
/mnt/sdd/caltech_training_multiclass/train/004.Groove_billed_Ani/Groove_Billed_Ani_0055_1501.jpg,3,0.060678534,0.09143102,-0.06718461,0.029709738,-0.05701816,0.08531046,0.07009381,-0.047370423,0.08228056,0.045458443,-0.040880714,-0.0004519662,-0.0069625825,0.0065115737,0.034519833,-0.014217511,0.032159887,0.046108123,0.002478478
/mnt/sdd/caltech_training_multiclass/train/004.Groove_billed_Ani/Groove_Billed_Ani_0032_1776.jpg,3,0.27745974,0.08865662,0.17274381,0.108510695,0.04948886,0.057973363,0.0642242,-0.08352408,-0.027028989,0.046053402,-0.015092073,0.07258729,0.059494272,0.04007988,-0.024058767,-0.012232384,0.052721143,0.0024111662,-0.006093233
/mnt/sdd/caltech_training_multiclass/train/004.Groove_billed_Ani/Groove_Billed_Ani_0014_1755.jpg,3,0.036320303,0.017158678,0.1701715,0.059159532,-0.00939231,0.026114166,-0.0889407,-0.08543773,-0.08927669,0.0074051665,0.011152938,-0.06947617,0.057560667,0.04227206,-0.038215064,0.00083021075,0.07616312,0.032085992,-0.00877038
/mnt/sdd/caltech_training_multiclass/train/004.Groove_billed_Ani/Groove_Billed_Ani_0075_1617.jpg,3,0.027645074,0.053119447,0.09117292,0.07959665,-0.016894639,-0.057425562,0.023507629,0.019618355,0.0022331607,-0.025053445,-0.03725955,0.04522939,0.0472402,0.06491406,-0.0016530957,-0.019772124,-0.119386025,-0.029449113,0.0071103144
/mnt/sdd/caltech_training_multiclass/train/004.Groove_billed_Ani/Groove_Billed_Ani_0004_1528.jpg,3,-0.020346984,0.09194553,-0.28851825,-0.07839046,-0.00822016,-0.12874782,-0.017009094,-0.05388461,0.05843168,-0.0060784426,0.0010846173,-0.09386036,-0.08054379,-0.023705954,-0.018767837,-0.045756496,0.011385893,0.027964953,0.0041823257
/mnt/sdd/caltech_training_multiclass/train/004.Groove_billed_Ani/Groove_Billed_Ani_0062_1767.jpg,3,-0.10038686,-0.056862213,-0.087722495,0.021692997,0.0907129,-0.16593938,-0.11787036,-0.08172543,-0.0738744,0.033224635,0.03075855,0.014411499,0.056478202,0.05960824,0.0047832094,-0.003250325,-0.057171334,0.009807875,-0.012335597
/mnt/sdd/caltech_training_multiclass/train/004.Groove_billed_Ani/Groove_Billed_Ani_0051_1650.jpg,3,-0.15693147,-0.0810496,0.032129865,-0.014552264,-0.08570786,-0.15831433,-0.06199618,-0.054853734,-0.039235987,0.019723121,0.027843123,0.007224138,0.09999606,0.085825026,0.057108942,0.028022887,0.009641495,0.04997844,0.0015178776
/mnt/sdd/caltech_training_multiclass/train/004.Groove_billed_Ani/Groove_Billed_Ani_0009_1522.jpg,3,0.27809638,0.13922058,0.06275121,0.0023364783,0.06299429,-0.07018363,0.06209804,0.03507536,0.12492234,0.038393635,-5.8695674e-05,0.03255073,0.027237391,0.002562482,-0.057552516,-0.033266544,-0.0088153,-0.009342042,-0.0044695493
/mnt/sdd/caltech_training_multiclass/train/004.Groove_billed_Ani/Groove_Billed_Ani_0035_1591.jpg,3,0.19044185,0.045504812,-0.015019856,-0.022865226,0.036366764,-0.083159104,0.021246336,-0.0700584,-0.08144369,0.01738474,0.04716313,-0.03920843,-0.023715727,-0.038257144,0.021207083,-0.011789598,-0.022567555,0.034363743,-0.009040566
/mnt/sdd/caltech_training_multiclass/train/004.Groove_billed_Ani/Groove_Billed_Ani_0077_1724.jpg,3,0.11621225,-0.009626146,-0.007723093,0.019714817,0.08794413,0.022091348,0.029289097,0.03109253,0.13785078,0.08600967,0.044486463,0.11864863,0.09561765,0.06292501,0.0148210935,0.0135954805,0.03997691,0.050279893,0.0050737276
/mnt/sdd/caltech_training_multiclass/train/004.Groove_billed_Ani/Groove_Billed_Ani_0094_1540.jpg,3,0.17159693,0.003138911,-0.22606912,-0.04332462,0.057577237,-0.09076887,-0.027688097,-0.026643498,0.103477195,-0.022058342,0.09472467,0.0071115657,0.024655329,0.020427775,0.021662828,0.012880674,0.012815911,0.010150077,0.023009785
/mnt/sdd/caltech_training_multiclass/train/004.Groove_billed_Ani/Groove_Billed_Ani_0059_1480.jpg,3,-0.25957155,-0.10890873,-0.19483562,-0.066945076,-0.016152961,-0.035721652,0.026143998,-0.017013889,0.045201562,0.051449005,0.08588511,0.10042164,0.14020304,0.12844789,-0.058066767,-0.03416325,-0.13578677,-0.010416753,0.010033509
/mnt/sdd/caltech_training_multiclass/train/004.Groove_billed_Ani/Groove_Billed_Ani_0088_1678.jpg,3,0.032067433,0.014776024,0.073472716,0.025222942,-0.053686075,-0.0016881935,0.043393552,0.034976922,0.07246868,0.041944634,0.011061365,-2.3239292e-05,0.018947406,-0.014623866,0.041235905,0.01966948,-0.18477163,-0.04601334,0.010618257
/mnt/sdd/caltech_training_multiclass/train/004.Groove_billed_Ani/Groove_Billed_Ani_0076_1661.jpg,3,-0.034225404,-0.105749965,0.15648429,0.07572187,-0.06027928,-0.034635033,0.0383699,0.07391386,0.1268318,-0.020710658,0.0019325204,-0.032268308,-0.017773548,-0.09035475,0.014112022,-0.0026377172,-0.060842197,0.016875736,0.0031370877
/mnt/sdd/caltech_training_multiclass/train/004.Groove_billed_Ani/Groove_Billed_Ani_0005_1750.jpg,3,-0.23013702,-0.055038594,-0.003686022,-0.039444663,0.06677918,-0.040836636,-0.028033033,-0.08329183,0.033102527,0.012483484,0.05751147,-0.02458268,0.1381202,0.12839994,-0.031941913,-0.026359845,0.0845346,0.028312132,0.009539529
/mnt/sdd/caltech_training_multiclass/train/005.Crested_Auklet/Crested_Auklet_0005_794922.jpg,4,-0.142697,-0.039536692,0.0014433824,-0.0813362,0.026319414,0.077187136,0.0823434,0.1282621,0.019694716,0.0496775,0.065852456,-0.006447794,-0.061417617,-0.014422849,-0.03667006,-0.04833799,0.06769417,-0.007163316,-0.002789962
/mnt/sdd/caltech_training_multiclass/train/005.Crested_Auklet/Crested_Auklet_0066_785251.jpg,4,-0.066999964,-0.1126571,-0.010166562,0.021622317,-0.14372446,-0.016030641,-0.12055468,-0.090534426,-0.1725778,-0.09779594,-0.036935627,0.015325884,-0.011170752,-0.04023402,0.06491928,0.040730592,-0.102546304,-0.011572691,-0.016844105
/mnt/sdd/caltech_training_multiclass/train/005.Crested_Auklet/Crested_Auklet_0073_785248.jpg,4,0.008122695,0.014830764,-0.047443405,-0.047402237,-0.039263144,-0.05840623,0.014691537,0.17876336,0.12656751,-0.15217781,0.062720045,0.0031972844,0.018013254,-0.004862177,-0.14363472,-0.04330508,-0.033002056,-0.07294968,0.012580501
/mnt/sdd/caltech_training_multiclass/train/005.Crested_Auklet/Crested_Auklet_0057_794932.jpg,4,-0.01875054,-0.04281458,-0.0033691693,-0.021533482,-0.0014593974,0.1581544,0.0675976,0.07634278,0.0008777594,0.03459438,-0.020026969,0.074384466,0.016556175,-0.07582928,0.06780438,0.07491468,0.08165057,-0.07341785,-0.007008133
/mnt/sdd/caltech_training_multiclass/train/005.Crested_Auklet/Crested_Auklet_0052_794952.jpg,4,-0.17863014,-0.052741513,-0.10769501,-0.046343207,0.148272,0.031089809,0.15665999,0.1335641,0.08535314,-0.013032193,-0.06635134,-0.016521418,-0.059056602,-0.08364737,-0.038806453,-0.032621875,0.08857307,1.3303943e-05,0.004069927
/mnt/sdd/caltech_training_multiclass/train/005.Crested_Auklet/Crested_Auklet_0074_794949.jpg,4,0.048018705,0.014108513,0.06036099,0.070994645,0.058805104,-0.031122174,-0.031157874,0.12085357,-0.09407186,0.003707029,0.057279482,0.07905368,-0.022228636,0.0040746294,0.017749056,-0.011472076,-0.031331263,-0.045307733,-0.0055928496
/mnt/sdd/caltech_training_multiclass/train/005.Crested_Auklet/Crested_Auklet_0077_785257.jpg,4,0.20088911,0.07607991,-0.06034509,0.011030145,0.06501048,0.120813325,0.123082295,0.12812388,0.08769381,-0.008573956,0.029488128,-0.055802934,0.024712985,0.01476967,-0.11878826,-0.07351467,-0.05932595,0.015970325,0.01575618
/mnt/sdd/caltech_training_multiclass/train/005.Crested_Auklet/Crested_Auklet_0029_1824.jpg,4,0.14244759,0.0050603347,-0.06946716,0.006477289,-0.072645366,0.09743065,0.0049187206,0.06899282,-0.18631557,0.031523045,0.070833996,0.017271657,-0.012380255,-0.05156838,-0.08173567,-0.026927335,0.06151125,-0.028252583,-0.0023743366
/mnt/sdd/caltech_training_multiclass/train/005.Crested_Auklet/Crested_Auklet_0061_794904.jpg,4,-0.04918863,-0.046047166,-0.022750145,0.05148097,-0.008135185,0.05305544,0.1351019,0.011361115,0.008030277,-0.011422439,0.09435587,-0.045454577,-0.06337922,-0.0796341,-0.09768724,-0.02539055,-0.07744557,-0.0013879891,-0.0076428596
/mnt/sdd/caltech_training_multiclass/train/005.Crested_Auklet/Crested_Auklet_0028_794951.jpg,4,-0.07608633,0.0045601074,0.12337369,0.03391572,-0.052192807,0.09452257,0.043147333,0.079177946,0.09767861,0.023949964,0.038555406,-0.004046008,0.014252704,-0.0013167933,-0.013808213,0.04078714,-0.04211527,-0.020104844,0.0024131732
/mnt/sdd/caltech_training_multiclass/train/005.Crested_Auklet/Crested_Auklet_0062_794968.jpg,4,0.053369258,-0.0071888305,-0.036175113,-0.011655023,-0.06852914,0.103077754,0.18077806,0.15215915,0.18653601,-0.06679636,0.061773725,0.039560772,0.023390159,0.0203335,-0.028558573,0.008192368,-0.011817662,-0.03346984,0.006953439
/mnt/sdd/caltech_training_multiclass/train/005.Crested_Auklet/Crested_Auklet_0011_794927.jpg,4,-0.030897714,-0.019988533,-0.06971919,-0.037955288,0.099373624,-0.052354835,-0.09785823,-0.064916424,-0.03856085,0.053543612,0.07868317,-0.079150565,-0.03277239,-0.045126297,-0.03384706,0.0009857491,0.0938078,0.037860673,0.01042148
/mnt/sdd/caltech_training_multiclass/train/005.Crested_Auklet/Crested_Auklet_0003_794962.jpg,4,0.047949333,-0.011382235,-0.04173294,0.0430701,0.020183243,0.0680331,0.053141396,-0.0080906,-0.11819619,-0.05214909,0.04790408,0.04541871,0.056590486,0.015532403,-0.11397743,-0.0012682416,-0.051461175,-0.022789199,-0.0060342588
/mnt/sdd/caltech_training_multiclass/train/005.Crested_Auklet/Crested_Auklet_0047_794918.jpg,4,-0.14603925,-0.104390845,0.0795319,-0.011269603,0.11122292,0.012176887,0.092149064,0.11353632,0.13250332,0.04835809,0.03748511,-0.025971768,-0.06279105,-0.07592185,-0.0999721,-0.035638485,0.08987389,0.0057555865,-0.011846347
/mnt/sdd/caltech_training_multiclass/train/005.Crested_Auklet/Crested_Auklet_0010_794907.jpg,4,0.124432534,0.007024225,0.07462137,0.050949596,0.052010305,0.03443165,0.06329994,0.09847477,-0.17631167,0.029424973,0.04620629,-0.014274124,-0.05428471,-0.034236472,0.02377804,0.010648069,0.023843545,0.038681787,-0.00200121
/mnt/sdd/caltech_training_multiclass/train/005.Crested_Auklet/Crested_Auklet_0068_785253.jpg,4,0.07906732,0.08535649,0.13687274,-0.016424645,-0.11099908,-0.08025285,-0.13860676,-0.05068454,0.016709127,-0.08454339,9.832904e-05,-0.0017093956,0.031678285,-0.006018009,-0.09053849,0.006443402,0.02228692,-0.040822536,0.011971021
/mnt/sdd/caltech_training_multiclass/train/005.Crested_Auklet/Crested_Auklet_0012_794960.jpg,4,-0.16403618,-0.08931309,-0.021130811,0.07357615,0.14020428,0.1716713,0.104423344,0.09600189,-0.04176297,0.0061789593,0.042758044,0.06597704,-0.024285924,-0.04470275,-0.102890626,0.012055923,-0.03503497,0.023118258,-0.005844106
/mnt/sdd/caltech_training_multiclass/train/005.Crested_Auklet/Crested_Auklet_0021_794938.jpg,4,0.09551173,0.034045205,0.09766674,0.0006606565,-0.14236112,-0.07332048,-0.050504223,-0.15727341,-0.18861273,-0.008041445,0.071356446,0.023596035,0.07283829,0.0708602,-0.05547812,-0.013202546,0.100345,0.043742716,-0.014433563
/mnt/sdd/caltech_training_multiclass/train/005.Crested_Auklet/Crested_Auklet_0069_785258.jpg,4,-0.020451965,-0.08140142,0.079498306,0.04283096,0.23102692,-0.11650666,0.046811234,-0.064775914,-0.117983215,0.071173884,0.019096937,-0.021400072,0.026480561,0.028287126,-0.021176035,-0.0012974953,0.09671188,0.020777717,0.00042385783
/mnt/sdd/caltech_training_multiclass/train/005.Crested_Auklet/Crested_Auklet_0033_794964.jpg,4,-0.10355504,-0.059302896,0.23484564,0.10398936,0.12760463,-0.092503,0.0141574815,-0.08255225,-0.09444614,0.054777935,0.06746562,0.021600097,-0.032423787,-0.006524914,-0.05270408,-0.041709572,-0.06108241,0.013243622,0.00433491
/mnt/sdd/caltech_training_multiclass/train/005.Crested_Auklet/Crested_Auklet_0044_1825.jpg,4,0.11214089,-0.023820415,0.0792768,0.026540998,-0.05494531,0.14663811,0.051978253,0.07055401,-0.16712767,-0.0117092645,0.021571185,0.023533836,-0.016215544,-0.017067343,0.063825876,-0.017453268,-0.012580089,0.018409682,-0.0013273712
/mnt/sdd/caltech_training_multiclass/train/005.Crested_Auklet/Crested_Auklet_0076_785252.jpg,4,0.36555833,0.13630466,0.0351674,0.06179999,0.21487708,0.01380495,0.10641827,-0.0027188547,-0.08801764,0.06068337,-0.04670596,-0.022833567,0.0760207,0.062361382,-0.007394068,-0.0043037366,0.048776295,0.041711517,-0.009243115
/mnt/sdd/caltech_training_multiclass/train/005.Crested_Auklet/Crested_Auklet_0072_785260.jpg,4,0.24824035,0.081614375,-5.139038e-05,-0.0066673774,-0.035324566,0.026996465,0.0002357997,-0.13933593,-0.019999176,-0.012169497,0.05228041,0.029356122,-0.031537052,-0.0020626169,-0.035193123,0.015215533,0.03290473,0.024754008,0.0046428572
/mnt/sdd/caltech_training_multiclass/train/005.Crested_Auklet/Crested_Auklet_0001_794941.jpg,4,0.11315671,0.052998185,0.060243957,-0.016529143,0.11352809,0.18818171,0.14230849,0.18556917,0.12324081,0.024227772,0.061953284,-0.05353488,-0.038964223,-0.03277893,-0.15174165,-0.028017037,0.08774004,0.020029128,-0.0059430897
/mnt/sdd/caltech_training_multiclass/train/005.Crested_Auklet/Crested_Auklet_0048_1791.jpg,4,-0.015596438,0.038705457,0.042849112,0.06384063,0.0558207,0.020826574,-0.061284695,-0.04514303,-0.20501798,0.0009829747,0.03843458,0.024858313,-0.020996153,-0.063270934,-0.059037324,0.008785956,-0.12101261,-0.0185384,-0.018364891
/mnt/sdd/caltech_training_multiclass/train/005.Crested_Auklet/Crested_Auklet_0040_794912.jpg,4,-0.17019558,-0.056994475,0.00065392256,0.028324721,0.06651157,-0.0125791505,0.030583244,-0.10682077,-0.078341015,0.016781092,0.12320118,0.07238685,0.09393157,0.076265216,0.060002856,-0.039281286,0.06749493,0.019925117,0.008481871
/mnt/sdd/caltech_training_multiclass/train/005.Crested_Auklet/Crested_Auklet_0045_794940.jpg,4,0.013916802,0.0027811155,0.20203611,0.0042234324,-0.004949974,0.022234133,0.061926477,0.014169797,0.06956172,-0.005089842,0.037346616,0.0031802463,-0.048639245,-0.055142414,-0.020426758,-0.043020457,9.564683e-05,0.00028313883,6.497651e-05
/mnt/sdd/caltech_training_multiclass/train/005.Crested_Auklet/Crested_Auklet_0059_794929.jpg,4,-0.13983485,-0.09126731,0.17260972,0.092409626,0.031062724,0.02538357,0.098450094,-0.042312108,0.054832034,0.039551776,0.043972813,0.011357555,0.017633129,0.019914756,-0.034748193,-0.010372128,-0.035144888,-0.0765028,-0.0067288005
/mnt/sdd/caltech_training_multiclass/train/005.Crested_Auklet/Crested_Auklet_0018_1817.jpg,4,-0.019926243,-0.07010171,-0.08822455,0.06246975,-0.024951164,0.07076546,0.1539966,0.07536873,0.09917743,-0.05565122,0.040399462,-0.06319062,-0.03893031,-0.0014619185,-0.017319955,0.00063665584,-0.09048438,-0.034321755,0.0050049694
/mnt/sdd/caltech_training_multiclass/train/005.Crested_Auklet/Crested_Auklet_0067_785249.jpg,4,-0.028649058,0.008275773,0.16658494,0.05358967,0.040052038,0.051237077,0.06473094,0.039651103,0.07321651,-0.0038237595,-0.03904125,-0.08344971,-0.030646278,-0.039605536,-0.08178928,0.029765327,0.08323763,0.025986264,-0.0038674697
/mnt/sdd/caltech_training_multiclass/train/005.Crested_Auklet/Crested_Auklet_0053_794966.jpg,4,-0.048785772,-0.009790746,0.03797533,0.036118776,0.18651563,-0.052633293,-0.09178461,0.00046695396,-0.020500472,0.038434904,-0.022936478,-0.03350631,-0.055361945,-0.022294275,0.04359272,-0.021403855,-0.13525528,-0.039452445,0.0014786955
/mnt/sdd/caltech_training_multiclass/train/005.Crested_Auklet/Crested_Auklet_0013_794914.jpg,4,-0.07381128,-0.07962097,-0.079478115,0.0023095924,0.22402012,-0.065089,-0.0691419,-0.14743882,0.09938848,0.043447774,-0.034695227,-0.07541217,-0.038343493,-0.01870972,-0.03407502,0.008268973,0.081932075,0.027439807,0.011492912
/mnt/sdd/caltech_training_multiclass/train/005.Crested_Auklet/Crested_Auklet_0032_794931.jpg,4,0.10644628,-0.08113511,-0.20833433,-0.026203519,0.15425989,0.04322995,0.052141696,0.07026197,0.04010643,0.07561152,0.11686053,0.016201712,-0.019655623,-0.01583736,-0.03040291,0.001715634,0.06916592,-0.0072363224,0.0006916751
/mnt/sdd/caltech_training_multiclass/train/005.Crested_Auklet/Crested_Auklet_0042_794902.jpg,4,0.37044388,0.118125364,0.03442046,0.045116503,-0.0079426095,0.12340049,0.17669937,0.14454454,0.14111301,-0.07169402,0.06954674,-0.06718677,0.023686245,-0.014952475,-0.039558396,0.041795254,-0.056105595,0.017840138,-0.011989175
/mnt/sdd/caltech_training_multiclass/train/005.Crested_Auklet/Crested_Auklet_0006_1813.jpg,4,-0.23872875,0.021196008,0.0466393,0.06549883,0.01551402,0.02642067,0.031020474,0.08050124,0.07994678,-0.003674904,0.017917473,0.06316786,-0.026368015,0.019559328,-0.06893871,-0.011243274,-0.12344782,-0.04188077,-0.008774617
/mnt/sdd/caltech_training_multiclass/train/006.Least_Auklet/Least_Auklet_0016_1903.jpg,5,-0.012550682,-0.12272368,0.05925984,0.0627549,-0.046177495,0.11607582,-0.11094566,0.14022727,0.07708664,-0.022511378,0.050290633,0.012250867,0.08638743,0.0633889,-0.045392986,-0.06897394,0.0636992,-0.014010933,0.015275127
/mnt/sdd/caltech_training_multiclass/train/006.Least_Auklet/Least_Auklet_0014_1901.jpg,5,-0.10333589,-0.12526844,-0.03524133,0.009829879,0.17155448,-0.052466337,-0.07899135,-0.022820566,-0.11899365,0.07216897,0.105386995,0.10098791,0.06333468,0.082639575,0.017060027,-0.02310688,0.017941652,0.0027413052,0.025249988
/mnt/sdd/caltech_training_multiclass/train/006.Least_Auklet/Least_Auklet_0043_795067.jpg,5,-0.008556448,-0.04029793,0.23907012,0.02297644,-0.16377285,0.08681569,0.12376893,0.119258575,0.12944834,-0.046550527,0.047822952,0.16066653,0.047528677,0.11654649,0.086447865,0.028729567,-0.1540983,-0.028325416,0.03635868
/mnt/sdd/caltech_training_multiclass/train/006.Least_Auklet/Least_Auklet_0041_795107.jpg,5,0.051074244,-0.051519122,0.09338932,-0.03889576,-0.014639905,-0.1053403,-0.0774661,-0.011502128,-0.085772716,0.013957755,0.02098411,-0.055899255,0.031075515,0.049361218,0.057858773,0.013092287,-0.056349143,-0.035300337,0.02240292
/mnt/sdd/caltech_training_multiclass/train/006.Least_Auklet/Least_Auklet_0005_795119.jpg,5,-0.21262878,-0.0893556,-0.17146915,-0.07296198,0.0064184517,0.1623687,-0.055444337,0.1467027,0.11947301,0.03839301,0.050498098,0.06740602,0.079827145,0.054556288,0.064211965,0.007074983,0.10885611,0.021386718,0.023306072
/mnt/sdd/caltech_training_multiclass/train/006.Least_Auklet/Least_Auklet_0032_795068.jpg,5,-0.078024,-0.04637788,0.07867945,0.0015460877,0.0006792098,0.10455993,0.15222521,0.10615662,0.15297833,-2.6190653e-05,0.062095117,0.11609548,0.10426808,0.123689,0.007219171,0.011651083,0.074736014,-0.022797829,0.015939144
/mnt/sdd/caltech_training_multiclass/train/006.Least_Auklet/Least_Auklet_0020_795080.jpg,5,-0.04788041,0.01068408,0.010576423,-0.040302403,-0.08604424,0.1731891,-0.17893419,-0.032478943,-0.035249528,-0.0566841,0.14184886,0.039353117,0.1671493,0.12895283,0.040509585,0.030346822,-0.06596112,-0.009595072,0.030876096
/mnt/sdd/caltech_training_multiclass/train/006.Least_Auklet/Least_Auklet_0004_795112.jpg,5,-0.17561594,-0.13607511,-0.12861642,0.04229328,-0.053859986,0.12857838,-0.017337447,0.008860459,-0.008027736,-0.04266368,0.11942691,0.10532261,0.044242986,0.051818036,0.0025407514,-0.012166604,-0.15179369,-0.04571631,0.029983092
/mnt/sdd/caltech_training_multiclass/train/006.Least_Auklet/Least_Auklet_0052_795088.jpg,5,-0.08265984,-0.11372821,-0.062071186,-0.09177752,-0.019496046,0.079027414,-0.15868708,0.03398464,0.012481444,-0.046445485,0.061833605,0.14909402,0.055672277,0.02653383,-0.039822597,0.0018784041,0.05657695,-0.024432562,0.012696669
/mnt/sdd/caltech_training_multiclass/train/006.Least_Auklet/Least_Auklet_0055_795106.jpg,5,-0.34754956,-0.15085778,0.17141381,0.074300416,-0.028875032,0.0075308196,-0.061007924,-0.036187753,-0.056811124,-0.031630304,0.004006249,0.07374449,0.12808266,0.086253434,-0.06940911,-0.036179673,-0.04564727,-0.009857901,0.020747982
/mnt/sdd/caltech_training_multiclass/train/006.Least_Auklet/Least_Auklet_0042_1874.jpg,5,0.076010734,-0.019973863,0.13798407,-0.0075525288,-0.04070446,0.13120037,0.17382917,0.14914382,0.050789043,-0.059090145,0.017904978,0.07376739,0.06739178,0.0058519654,0.14857684,0.051150408,-0.11672764,-0.047968358,0.023453815
/mnt/sdd/caltech_training_multiclass/train/006.Least_Auklet/Least_Auklet_0063_795134.jpg,5,-0.026087396,-0.046778753,0.03466513,0.052590266,0.007148534,0.07650665,0.04898025,0.15853082,0.05513207,-0.053525377,0.19641694,0.10043419,0.107851535,0.07245187,-0.06809838,-0.05165063,0.0025367215,0.0026113652,0.024601193
/mnt/sdd/caltech_training_multiclass/train/006.Least_Auklet/Least_Auklet_0060_795095.jpg,5,0.14504147,-0.0070924126,-0.0986781,-0.024281593,-0.16910659,0.039772615,-0.11217998,-0.20320442,-0.11860429,-0.050683416,0.07671535,0.009821102,0.1668505,0.10199647,0.022728078,-0.029593164,-0.06018111,-0.044054303,0.012449113
/mnt/sdd/caltech_training_multiclass/train/006.Least_Auklet/Least_Auklet_0025_795087.jpg,5,-0.17248163,0.018368512,0.008761624,-0.029590473,-0.017822929,0.06326361,-0.04805469,-0.1061406,-0.13174622,-0.019585643,0.072798565,0.08510407,0.12107204,0.16114962,-0.044761077,-0.037531722,-0.08459313,-0.057616454,0.040747814
/mnt/sdd/caltech_training_multiclass/train/006.Least_Auklet/Least_Auklet_0012_795074.jpg,5,-0.056125857,-0.018536989,-0.1240672,-0.04320375,0.030921996,0.2037696,-0.08907506,-0.062165793,-0.064049326,-0.028106106,-0.015698215,0.007784142,-0.0027973372,-0.0036359103,0.01551893,-0.01381333,-0.084466584,-0.009325834,0.028444186
/mnt/sdd/caltech_training_multiclass/train/006.Least_Auklet/Least_Auklet_0010_795092.jpg,5,-0.08485756,-0.002666425,-0.11670052,-0.07152356,-0.08206074,0.12903808,0.16001068,0.1530083,0.026412826,-0.061206274,0.21156257,0.12142004,0.035121687,0.04834135,0.03272924,0.015182771,-0.06641831,0.02251252,0.009099462
/mnt/sdd/caltech_training_multiclass/train/006.Least_Auklet/Least_Auklet_0007_795123.jpg,5,-0.27142245,-0.043841325,-0.021449313,0.035843894,-0.055879876,0.093811125,0.03652523,-0.029879013,-0.05960109,-0.1001755,0.091648884,-0.023550997,0.039604843,0.070646636,-0.09112428,-0.031239156,0.058649283,0.0069269734,0.010719101
/mnt/sdd/caltech_training_multiclass/train/006.Least_Auklet/Least_Auklet_0050_1924.jpg,5,-0.1286719,-0.116958484,0.0021826252,0.0095408065,-0.016775075,-0.106970534,-0.10129644,0.0066358075,0.008935601,-0.029973924,0.18645817,-0.00039653666,0.04567688,0.012015854,-0.0012066625,0.010816116,-0.02845766,0.030818958,0.0122950375
/mnt/sdd/caltech_training_multiclass/train/006.Least_Auklet/Least_Auklet_0021_795127.jpg,5,0.1337739,0.1013116,-0.0029948791,0.04985401,0.053624306,-0.168399,-0.14683208,-0.07357878,-0.15987897,-0.009360662,0.092740625,0.01857003,0.03513619,0.012707163,-0.041179866,-0.019195113,-0.012775026,-0.012252787,0.042115025
/mnt/sdd/caltech_training_multiclass/train/006.Least_Auklet/Least_Auklet_0040_795100.jpg,5,-0.21394262,-0.13338935,-0.09772549,-0.029409876,0.05829448,0.07099457,0.20740351,0.22226472,0.042333174,-0.015247953,0.10682446,0.07131105,0.11009965,0.030284945,0.00075320527,-0.031083768,-0.016244862,0.03464809,0.024292612
/mnt/sdd/caltech_training_multiclass/train/006.Least_Auklet/Least_Auklet_0027_795091.jpg,5,-0.076331474,-0.052987818,-0.16103242,-0.0754221,-0.13752803,-0.021679416,-0.13980988,-0.120004386,-0.026051823,-0.071017966,0.15280452,0.117801696,0.11169402,0.07456126,0.03944005,-0.0012071314,-0.069803685,-0.021206662,0.03147295
/mnt/sdd/caltech_training_multiclass/train/006.Least_Auklet/Least_Auklet_0011_795109.jpg,5,0.0028867535,-0.099238664,-0.07396305,-0.049337458,0.0015868917,0.19929594,0.06605243,0.13840362,0.12124801,-0.018639948,0.09846722,0.048101027,0.080300696,0.071652666,0.07292542,0.053412616,-0.045762822,-0.03757529,0.015796373
/mnt/sdd/caltech_training_multiclass/train/006.Least_Auklet/Least_Auklet_0057_795126.jpg,5,-0.029106531,-0.0076260306,-0.011297803,0.12006582,0.03824218,0.1616663,-0.03969542,0.089548506,0.06426445,-0.0050789453,-0.030742658,0.08313745,0.048216254,0.02914951,-0.031272385,-0.043296278,-0.04069802,-0.026530415,0.028821763
/mnt/sdd/caltech_training_multiclass/train/006.Least_Auklet/Least_Auklet_0039_795081.jpg,5,0.030801736,-0.007693437,0.08161748,-0.0009721387,-0.048477225,-0.12465158,-0.19741823,-0.01663349,-0.08372794,-0.012008803,-0.06090687,0.058070097,0.11671264,0.07109455,0.07194739,0.034302823,-0.10545264,-0.028072178,0.016863123
/mnt/sdd/caltech_training_multiclass/train/006.Least_Auklet/Least_Auklet_0054_795130.jpg,5,0.012959553,-0.0411854,-0.15166721,-0.06674981,0.011703711,-0.051006872,-0.080492534,-0.030875728,-0.006309334,-0.032178145,-0.0022787917,0.15787588,0.10881965,0.045146585,-0.03538233,-0.012433076,-0.13646308,-0.059091266,0.009306985
/mnt/sdd/caltech_training_multiclass/train/006.Least_Auklet/Least_Auklet_0038_795132.jpg,5,-0.15958545,-0.10995673,-0.0026259646,-0.0981475,-0.000988692,0.102475174,0.044001155,0.070839874,-0.015979148,-0.0300817,0.15293592,-0.014288304,0.053502545,0.049424183,-0.11858457,-0.08243044,-0.0046751574,-0.060259998,0.017699417
/mnt/sdd/caltech_training_multiclass/train/006.Least_Auklet/Least_Auklet_0023_1898.jpg,5,-0.16697398,-0.09682697,-0.020909086,-0.027156282,-0.11009896,0.23513384,0.09486477,0.06745892,-0.016168049,-0.039977673,0.07890186,0.087599315,0.058645464,0.05045975,-0.019075396,-0.025148572,-0.08979202,-0.018285524,0.017872773
/mnt/sdd/caltech_training_multiclass/train/006.Least_Auklet/Least_Auklet_0034_795096.jpg,5,0.0133872945,-0.01440347,0.16929364,0.015726518,0.09673236,0.24027906,0.1005819,0.10920908,0.010906421,0.036394037,0.2528558,0.053123787,0.04430152,0.10701269,-0.052691862,-0.028650552,-0.06300613,0.028162768,0.02134447
/mnt/sdd/caltech_training_multiclass/train/006.Least_Auklet/Least_Auklet_0024_795120.jpg,5,0.09091273,0.04601659,0.085171685,-0.026041387,0.004036218,0.153857,0.1134943,0.12719294,0.03794701,-0.0003124522,0.16861281,0.16221406,0.14341065,0.13068947,0.09340739,0.0022850093,-0.025934156,-0.00520136,0.018544655
/mnt/sdd/caltech_training_multiclass/train/006.Least_Auklet/Least_Auklet_0026_795066.jpg,5,-0.03875052,-0.003874706,0.16124696,0.06820134,-0.01420897,-0.101643816,0.016411763,0.02204794,-0.010087665,-0.043557134,0.22964635,0.09376947,0.0903885,0.06230612,0.060712617,0.030816767,0.09975238,0.021085374,0.011416938
/mnt/sdd/caltech_training_multiclass/train/006.Least_Auklet/Least_Auklet_0035_1888.jpg,5,-0.109863184,-0.05660356,-0.05068506,-0.0653558,-0.08910799,0.04702071,-0.0673538,0.02575584,0.044519957,-0.06775701,0.17956236,0.08159502,0.082846805,0.037446804,-0.01839274,-0.019541988,-0.023933478,-0.009762589,0.016105939
/mnt/sdd/caltech_training_multiclass/train/006.Least_Auklet/Least_Auklet_0008_795071.jpg,5,-0.01241149,0.018217957,-0.13245687,-0.050997987,-0.13154213,-0.08001314,-0.09301014,-0.0017624795,-0.1320908,-0.089288205,0.19922033,0.19496067,0.11682062,0.09928764,-0.055029884,-0.06148813,0.08584199,0.044604357,0.011888463
/mnt/sdd/caltech_training_multiclass/train/007.Parakeet_Auklet/Parakeet_Auklet_0047_795956.jpg,6,-0.055477016,-0.021767259,0.098458365,0.024116877,-0.026966386,-0.13662629,0.10407254,0.015782703,-0.08517189,0.04581118,-0.0051883887,0.029955275,0.077079736,0.054112643,0.047716945,0.0047927303,-0.032970637,-0.044137314,0.0018783684
/mnt/sdd/caltech_training_multiclass/train/007.Parakeet_Auklet/Parakeet_Auklet_0061_795990.jpg,6,0.21072592,0.04498675,0.08339171,0.040141117,0.1658776,-0.20291658,-0.08613623,-0.058470104,-0.03845506,-0.01350246,0.066451356,0.029929094,0.06675882,0.045579474,-0.023123689,-0.014150421,-0.031718038,-0.02458033,-0.009550908
/mnt/sdd/caltech_training_multiclass/train/007.Parakeet_Auklet/Parakeet_Auklet_0010_795995.jpg,6,-0.045418747,-0.011566317,-0.103647925,-0.06037753,0.058269657,-0.072997704,5.554408e-06,-0.012290098,0.024110321,-0.018477062,0.06578448,-0.030734193,0.07013582,0.024657216,0.020819703,0.034675702,-0.05163183,0.0022543003,-0.0101871025
/mnt/sdd/caltech_training_multiclass/train/007.Parakeet_Auklet/Parakeet_Auklet_0059_795973.jpg,6,0.024186935,-0.06996918,0.037077583,0.05011451,0.1218097,0.2075822,0.046925012,0.052617103,0.06369402,0.0040455163,0.09903041,0.07735336,0.1313884,0.104637176,0.03369147,0.0024899542,-0.06701329,-0.060945705,0.0020636697
/mnt/sdd/caltech_training_multiclass/train/007.Parakeet_Auklet/Parakeet_Auklet_0040_795974.jpg,6,-0.01415432,0.03955401,-0.051952638,0.0154967625,0.04517353,0.11812258,0.12802303,0.07300583,-0.001756655,-0.024888298,0.01702738,0.043677468,0.106108055,0.05688723,0.013515379,0.028014315,-0.018764053,-0.023791606,0.005370894
/mnt/sdd/caltech_training_multiclass/train/007.Parakeet_Auklet/Parakeet_Auklet_0012_795927.jpg,6,-0.043580428,-0.05804396,-0.15377016,-0.019701574,0.1748182,-0.00014422927,0.07681005,-0.054347023,-0.119996294,0.005685327,-0.045568578,0.032954626,0.056473706,0.022588992,-0.003566361,-0.00342636,-0.033849467,-0.0054119607,0.007347566
/mnt/sdd/caltech_training_multiclass/train/007.Parakeet_Auklet/Parakeet_Auklet_0050_795957.jpg,6,-0.06278331,-0.07325962,0.11352226,0.07169736,0.1855146,-0.018424992,-0.11911695,0.0147587545,0.034580156,0.04170403,0.10359956,0.16176224,0.12188548,0.10085669,0.033350226,0.053801633,-0.062682554,-0.01351729,-0.010810334
/mnt/sdd/caltech_training_multiclass/train/007.Parakeet_Auklet/Parakeet_Auklet_0027_795925.jpg,6,0.16962263,-0.017631017,-0.20173149,-0.08623782,-0.0064286646,-0.094539575,0.060259137,0.063209705,0.010357518,-0.0003813007,0.12646446,0.13045585,0.120581016,0.072282545,-0.011280264,-0.022828385,-0.012632573,-0.0051963083,0.0033782378
/mnt/sdd/caltech_training_multiclass/train/007.Parakeet_Auklet/Parakeet_Auklet_0028_795944.jpg,6,-0.07879173,0.015836954,-0.12603134,-0.04391443,0.11872644,0.10066669,-0.059177447,-0.004915349,-0.082251966,0.05240218,0.01930478,0.08085496,0.09656757,0.086881235,0.05421408,0.003229173,-0.18378061,-0.04887017,0.005501001
/mnt/sdd/caltech_training_multiclass/train/007.Parakeet_Auklet/Parakeet_Auklet_0051_795971.jpg,6,0.03541897,0.037910867,0.20402563,-0.00031248573,0.07321249,-0.14714536,-0.14587155,-0.11134236,-0.27205196,0.042022392,0.029604891,0.050511636,0.11739597,0.09308523,0.12696052,0.024295086,0.009693192,0.024563588,-0.0025541722
/mnt/sdd/caltech_training_multiclass/train/007.Parakeet_Auklet/Parakeet_Auklet_0007_795932.jpg,6,0.05876492,-0.04522997,0.024279322,-0.027356144,0.10409373,-0.18611674,-0.14359385,-0.035650946,0.013563622,-0.019873861,0.10983027,0.12145483,0.05213589,0.068433076,-0.016668936,-0.0128682405,0.041518353,-0.03181773,0.0012384928
/mnt/sdd/caltech_training_multiclass/train/007.Parakeet_Auklet/Parakeet_Auklet_0064_795954.jpg,6,-0.078561984,-0.058608096,-0.08370757,-0.02988783,0.13378786,0.026415156,0.031774096,-0.06939542,-0.069028325,0.08552587,0.10684969,-0.027695304,0.09355633,0.062607355,0.024200944,-0.021902326,-0.013569452,-0.03354688,-0.006928777
/mnt/sdd/caltech_training_multiclass/train/007.Parakeet_Auklet/Parakeet_Auklet_0035_795934.jpg,6,0.18664564,0.07004743,-0.037468396,0.010930763,0.03220181,-0.12745313,-0.26549304,-0.17392597,-0.20266923,0.076593354,-0.0009856597,0.03391575,0.051707268,0.032000776,0.130035,0.07342926,-0.021761127,0.0060456228,0.014543774
/mnt/sdd/caltech_training_multiclass/train/007.Parakeet_Auklet/Parakeet_Auklet_0001_795972.jpg,6,-0.10096953,0.045035597,-0.1579315,-0.010016635,-0.032222286,0.13598274,0.07691561,0.11110128,-0.033554815,-0.006079507,0.024264377,0.08457549,0.12737808,0.08697709,0.003115287,0.021177383,-0.019473124,0.0029453635,-0.009670747
/mnt/sdd/caltech_training_multiclass/train/007.Parakeet_Auklet/Parakeet_Auklet_0032_795986.jpg,6,-0.18372811,-0.08416942,-0.10833644,0.0054175127,0.039247304,-0.011405829,0.030749796,0.0815659,0.064547755,0.015718874,0.0677252,0.11125514,0.078746386,0.03840323,-0.092933744,-0.036154673,-0.086649545,-0.016039459,-0.014972782
/mnt/sdd/caltech_training_multiclass/train/007.Parakeet_Auklet/Parakeet_Auklet_0041_795933.jpg,6,-0.14732705,-0.013386328,-0.057295952,0.01235907,0.10715343,-0.045883995,-0.14629775,0.040386174,-0.012439325,0.055787824,0.050350774,0.13620786,0.091796756,0.050296865,0.022542275,0.01839481,-0.06280507,-0.013331674,0.0150607135
/mnt/sdd/caltech_training_multiclass/train/007.Parakeet_Auklet/Parakeet_Auklet_0020_795947.jpg,6,-0.290635,-0.10831812,-0.06192033,0.010697965,0.20804313,-0.08160065,0.07909731,0.059973024,-0.09590332,0.116890326,0.0807168,0.060567606,0.10016188,0.052478638,0.06187912,0.025734527,-0.077629514,-0.022440944,0.0023361119
/mnt/sdd/caltech_training_multiclass/train/007.Parakeet_Auklet/Parakeet_Auklet_0058_795942.jpg,6,-0.09186363,-0.061260015,0.054171205,0.032058455,0.0038671345,0.11579416,0.0018074065,0.10003304,-0.03648161,0.0078872545,0.053514972,0.17694597,0.1387485,0.11982698,0.10040183,0.047286026,-0.10465309,-0.029383875,0.00551884
/mnt/sdd/caltech_training_multiclass/train/007.Parakeet_Auklet/Parakeet_Auklet_0048_795980.jpg,6,-0.07202084,-0.00026346743,-0.047836352,0.0034761038,0.06746157,-0.03884564,-0.08753065,-0.082615376,0.024003915,0.03504519,-0.045421753,0.07864654,0.08561695,0.12530102,0.0053000487,0.014487473,-0.057526357,0.005367647,-0.0095643755
/mnt/sdd/caltech_training_multiclass/train/007.Parakeet_Auklet/Parakeet_Auklet_0025_795975.jpg,6,0.108464584,0.0706083,-0.020179067,-0.026558623,-0.019334067,-0.17316246,-0.059649363,-0.009989956,0.09072384,-0.050026886,0.12999889,0.15943106,0.13393521,0.10901435,-0.0033800984,0.04672645,-0.011482531,0.009141428,-0.008465199
/mnt/sdd/caltech_training_multiclass/train/007.Parakeet_Auklet/Parakeet_Auklet_0034_795994.jpg,6,-0.34101614,-0.10019168,-0.09694909,-0.0065063667,0.009561598,0.1660948,0.19284952,0.16573396,0.017016567,-0.029361257,0.06671333,0.11906904,0.10930958,0.073950745,0.009908028,0.0045026382,0.042656057,0.009990409,0.002521282
/mnt/sdd/caltech_training_multiclass/train/007.Parakeet_Auklet/Parakeet_Auklet_0080_795965.jpg,6,-0.09943938,-0.030810203,-0.045691486,-0.12387347,-0.13360856,0.21430308,0.09790759,0.004355423,-0.15079929,-0.08968718,0.02681999,0.061432056,-0.00693232,0.04590722,-0.058303162,0.00218077,-0.08521265,0.013192723,-0.009496475
/mnt/sdd/caltech_training_multiclass/train/007.Parakeet_Auklet/Parakeet_Auklet_0056_795926.jpg,6,-0.28071666,-0.12453422,-0.12506133,-0.033025563,0.16550693,-0.0121996105,-0.041990116,-0.093985155,-0.12808982,0.0913303,0.05990213,0.092318654,0.08591367,0.09654948,0.011647169,-0.0023830784,-0.029911619,0.008174056,0.0075464053
/mnt/sdd/caltech_training_multiclass/train/007.Parakeet_Auklet/Parakeet_Auklet_0074_795976.jpg,6,0.013786366,0.010465578,-0.03557142,-0.028512489,0.057193518,-0.06131091,-0.1276034,-0.10703334,-0.21115118,0.053569406,-0.00096734334,0.07916992,0.029285427,0.0041603884,0.022304613,0.07179409,0.047604356,-0.02454827,-0.009883806
/mnt/sdd/caltech_training_multiclass/train/007.Parakeet_Auklet/Parakeet_Auklet_0015_795966.jpg,6,-0.10759358,-0.05764968,0.06671217,0.016946897,0.083128005,-0.0079100225,-0.12369716,0.15678935,-0.10789977,0.04127446,0.026657555,-0.033834107,0.0004982855,-0.0012214743,0.018871676,-0.01333099,0.042119943,0.00188048,-0.023993215
/mnt/sdd/caltech_training_multiclass/train/007.Parakeet_Auklet/Parakeet_Auklet_0016_795977.jpg,6,-0.012431362,-0.08613184,0.008560268,0.07157344,0.09584758,0.058489114,0.029236525,-0.026342377,-0.15940173,0.045431152,-0.037516177,0.046211172,0.08369994,0.04412005,0.1673662,0.10945572,-0.04857594,0.011438508,-0.0028545647
/mnt/sdd/caltech_training_multiclass/train/007.Parakeet_Auklet/Parakeet_Auklet_0003_795982.jpg,6,-0.028275713,-0.06547951,0.12533554,0.030158475,0.12335867,-0.2227827,-0.16402563,-0.12159921,-0.15793224,0.022089861,0.094907686,0.12479169,0.11455623,0.065354854,0.039044827,0.031353537,0.02185016,-0.0151435975,0.002953882
/mnt/sdd/caltech_training_multiclass/train/007.Parakeet_Auklet/Parakeet_Auklet_0070_795998.jpg,6,0.085447535,-0.00043759216,0.007904541,0.057304643,-0.10814094,0.041170683,0.085871264,0.11992848,0.11976946,-0.06107084,0.043907754,0.07219062,0.047631543,0.06585864,0.03269931,0.019325014,-0.057085227,0.029438356,-0.022262072
/mnt/sdd/caltech_training_multiclass/train/007.Parakeet_Auklet/Parakeet_Auklet_0069_795936.jpg,6,-0.047915056,-0.02251413,-0.055254713,0.012731209,0.16669497,-0.18701428,-0.12812999,-0.08314733,-0.14303935,0.052745935,0.01995465,0.092142195,0.055366628,0.07254854,0.032088455,0.020565148,-0.13406846,-0.048770577,-0.0051698065
/mnt/sdd/caltech_training_multiclass/train/007.Parakeet_Auklet/Parakeet_Auklet_0038_795935.jpg,6,-0.25867537,-0.00966268,-0.3093684,-0.014619909,0.04714455,-0.0070957886,-0.19300526,-0.15543438,-0.21451902,-0.013466723,0.03925834,0.09247761,0.0681126,0.008606646,-0.07000354,0.037470818,-0.056556955,0.001584691,-0.000712208
/mnt/sdd/caltech_training_multiclass/train/007.Parakeet_Auklet/Parakeet_Auklet_0055_795963.jpg,6,0.06364755,-0.004743036,0.2303024,0.06551799,0.17797834,-0.03984552,-0.11920654,-0.027886258,-0.098820604,0.0014400817,0.06413627,0.13694662,0.12074482,0.1062174,0.045030273,0.014894966,-0.13473779,-0.04782316,-0.0010294863
/mnt/sdd/caltech_training_multiclass/train/007.Parakeet_Auklet/Parakeet_Auklet_0072_795929.jpg,6,-0.15611966,-0.040219214,-0.23803037,-0.063283116,0.036121435,0.051356114,0.013389602,0.014372315,0.015560092,-0.040804468,0.084923044,0.11798988,0.14105518,0.1307758,-0.044707,-0.03594254,-0.025397886,-0.027663566,-0.0033594775
/mnt/sdd/caltech_training_multiclass/train/007.Parakeet_Auklet/Parakeet_Auklet_0067_795964.jpg,6,-0.07529404,0.01704485,-0.2044852,-0.004466567,0.015693609,0.12863818,0.057957932,0.050370734,-0.13333671,-0.045633607,0.097728685,0.15476617,0.13472685,0.10006814,-0.090756655,-0.06350053,-0.0059047444,-0.025821183,0.0054855533
/mnt/sdd/caltech_training_multiclass/train/007.Parakeet_Auklet/Parakeet_Auklet_0031_795960.jpg,6,-0.026063776,-0.0019466858,-0.08776105,0.040444817,0.18887034,0.0034878887,0.0063575897,-0.07560678,-0.11441311,0.056919478,0.06268066,0.10972659,0.115939915,0.10635805,0.023451738,-0.004845649,-0.07546729,-0.043167494,-0.010939202
/mnt/sdd/caltech_training_multiclass/train/007.Parakeet_Auklet/Parakeet_Auklet_0042_795961.jpg,6,-0.03964483,-0.038430694,0.06625663,0.058497302,0.1155022,-0.14636871,-0.12392574,-0.0457688,-0.20262212,0.05759698,0.10142076,0.11035994,0.041329302,0.023633363,0.014021352,0.05168726,-0.09425708,-0.027571082,-0.001230489
/mnt/sdd/caltech_training_multiclass/train/007.Parakeet_Auklet/Parakeet_Auklet_0039_795955.jpg,6,-0.04730224,0.029105972,-0.100514635,0.036308203,0.07307692,-0.17963871,-0.11633613,-0.129911,-0.12974356,0.027135279,0.09162857,0.15551871,0.0962373,0.039101187,-0.08209284,0.012558658,-0.13110772,0.0032973336,-0.0003432762
/mnt/sdd/caltech_training_multiclass/train/007.Parakeet_Auklet/Parakeet_Auklet_0062_795958.jpg,6,-0.06070721,0.07012802,-0.14800315,-0.02454368,0.026854327,0.011325175,-0.034388933,0.04279466,0.020310087,0.005883324,0.1713135,0.07370885,0.12725943,0.08272837,0.048636653,0.014667211,0.023976926,0.0014322558,-0.011924218
/mnt/sdd/caltech_training_multiclass/train/007.Parakeet_Auklet/Parakeet_Auklet_0013_795970.jpg,6,0.11852752,-0.014989307,0.18152542,0.043913152,0.13133968,-0.07019276,-0.072695784,-0.090167776,-0.10653195,0.0099151805,0.113263145,0.077491045,0.085132495,0.066812016,0.0047569238,0.03834604,0.048696954,-0.004158471,-0.0065897773
/mnt/sdd/caltech_training_multiclass/train/007.Parakeet_Auklet/Parakeet_Auklet_0026_795962.jpg,6,-0.037494116,-0.07040882,0.026446484,0.07346323,0.13282108,-0.1470935,-0.15162909,-0.12286928,-0.2296788,0.09151488,0.079500936,0.06926402,0.06524868,0.065721765,0.0089714825,0.0056252712,-0.0062202103,0.042950477,-0.0038129012
/mnt/sdd/caltech_training_multiclass/train/007.Parakeet_Auklet/Parakeet_Auklet_0008_795992.jpg,6,-0.10116638,-0.03872808,-0.0006939573,0.029932134,0.033207193,0.05205859,-0.03585509,-0.0015765354,-0.05707674,-0.044599894,0.13297649,0.15188083,0.13572001,0.070134,-0.07162407,-0.017516663,-0.041038916,0.0046025617,-0.0060239807
/mnt/sdd/caltech_training_multiclass/train/007.Parakeet_Auklet/Parakeet_Auklet_0036_795943.jpg,6,-0.113009304,-0.07451163,0.15630168,0.08475354,0.03392289,-0.13518374,-0.062810555,-0.1257142,-0.25824678,0.018914256,0.10484282,0.013726676,0.07508518,0.03943521,-0.061773017,-0.007888891,-0.059656,0.03199075,-0.024191212
/mnt/sdd/caltech_training_multiclass/train/007.Parakeet_Auklet/Parakeet_Auklet_0075_795981.jpg,6,-0.025599558,0.0071275053,0.21292414,0.049737897,0.053056285,0.04467679,-0.089736596,-0.025432903,-0.12963413,0.0305404,0.0145331565,0.049759135,-0.038006634,0.00883384,0.024830818,0.00784202,0.059231274,0.034805756,-0.0018877101
/mnt/sdd/caltech_training_multiclass/train/008.Rhinoceros_Auklet/Rhinoceros_Auklet_0008_797531.jpg,7,0.06290868,-0.0026803836,-0.07292305,0.0008072909,0.047198504,-0.105695784,-0.036316328,-0.023777205,0.055088133,-0.053284876,0.075805254,0.03330168,0.07746393,0.03693056,-0.011569999,-0.048784077,-0.10221132,-0.021392997,0.030133294
/mnt/sdd/caltech_training_multiclass/train/008.Rhinoceros_Auklet/Rhinoceros_Auklet_0049_797543.jpg,7,-0.02511508,-0.02570651,0.057636537,0.03151858,0.15541613,0.122044206,0.10447824,0.07089992,-0.0024025552,0.04378817,0.08723959,0.06994774,0.01608047,-0.04769223,-0.05877831,-0.04262859,0.039067127,-0.01755543,0.026976373
/mnt/sdd/caltech_training_multiclass/train/008.Rhinoceros_Auklet/Rhinoceros_Auklet_0032_797516.jpg,7,0.067298494,-0.010253282,-0.020055963,0.0039982903,0.0010989979,0.11205134,0.043764308,0.038503442,0.037907533,0.045132976,0.066182986,0.07149454,0.07653167,0.075940825,-0.05866286,-0.017372923,0.096425116,0.032545235,0.009005776
/mnt/sdd/caltech_training_multiclass/train/008.Rhinoceros_Auklet/Rhinoceros_Auklet_0043_2096.jpg,7,0.022771109,0.027535155,0.025739975,-0.08188077,0.0429247,-0.0022605509,-0.026598101,0.00059062894,-0.05503437,-0.037913036,0.09184655,0.08515866,0.0796136,0.06382846,0.097135395,0.055223495,-0.0022700485,0.013779638,0.019392518
/mnt/sdd/caltech_training_multiclass/train/008.Rhinoceros_Auklet/Rhinoceros_Auklet_0042_2101.jpg,7,0.12173826,0.03149713,-0.0063589886,0.03434765,-0.0075474456,0.15400922,0.02723603,0.06607445,0.04208353,0.035647303,0.06570779,0.099634744,0.054968666,0.0037908815,-0.0050493106,-0.023839299,0.034379765,0.039979156,0.015905598
/mnt/sdd/caltech_training_multiclass/train/008.Rhinoceros_Auklet/Rhinoceros_Auklet_0004_797541.jpg,7,-0.08579092,0.05060964,-0.0017706566,-0.13598636,-0.03013952,0.015667524,0.017129414,-0.060778942,-0.11361836,0.07359582,0.10587697,0.102692984,0.04827498,0.0024598874,0.056584403,0.006272953,0.059584435,0.034352925,0.029972097
/mnt/sdd/caltech_training_multiclass/train/008.Rhinoceros_Auklet/Rhinoceros_Auklet_0037_797499.jpg,7,0.06851277,0.082196094,-0.29835305,-0.056477822,-0.0093640145,-0.15816383,-0.028496156,0.03376777,-0.014324829,0.014933685,0.042597868,0.03979308,0.0048663486,-0.038023867,0.027299393,0.013955375,-0.02474467,0.024651881,0.009188652
/mnt/sdd/caltech_training_multiclass/train/008.Rhinoceros_Auklet/Rhinoceros_Auklet_0012_2161.jpg,7,0.094120875,0.03422892,0.023587547,-0.044948895,0.12454555,-0.067460194,-0.051771015,-0.047205605,-0.120577484,0.0381312,0.0013840403,0.03499426,0.036143977,0.09626198,0.006202858,0.020385582,-0.116235964,-0.07440601,0.020040046
/mnt/sdd/caltech_training_multiclass/train/008.Rhinoceros_Auklet/Rhinoceros_Auklet_0046_797532.jpg,7,-0.14762604,-0.0376066,-0.06893608,0.009074763,-0.11262779,0.092552185,0.027123239,0.07128656,-0.11239946,-0.067647494,0.112045944,0.08889297,0.10679014,0.06940305,0.05185274,0.037369885,0.121190995,0.009653786,0.014011871
/mnt/sdd/caltech_training_multiclass/train/008.Rhinoceros_Auklet/Rhinoceros_Auklet_0009_797539.jpg,7,0.16359909,0.04807499,0.012515801,-0.010148133,0.14183685,0.067441374,0.12788874,0.05388865,-0.088156074,0.04267234,0.05330808,0.020246163,0.015442775,-0.0050102193,0.029770723,0.011595206,-0.010508713,0.0093140155,0.027247231
/mnt/sdd/caltech_training_multiclass/train/008.Rhinoceros_Auklet/Rhinoceros_Auklet_0050_797534.jpg,7,-0.23181435,-0.057262167,-0.19692282,-0.057095625,-0.16121313,-0.029790878,0.04213219,0.11558586,0.13864914,-0.044550847,0.10229505,0.038125366,0.0107496185,0.033609338,-0.011638225,-0.0052155238,-0.04102473,0.05002232,0.03370024
/mnt/sdd/caltech_training_multiclass/train/008.Rhinoceros_Auklet/Rhinoceros_Auklet_0029_797520.jpg,7,0.09022891,-0.013934816,-0.23490189,-0.065910004,-0.051543906,-0.05083764,0.012945626,0.04783063,-0.05852006,-0.057406187,0.086101726,-0.004126746,0.09522876,0.047526367,0.031139981,0.016165141,0.009195115,0.0416534,0.017667614
/mnt/sdd/caltech_training_multiclass/train/008.Rhinoceros_Auklet/Rhinoceros_Auklet_0048_2162.jpg,7,-0.15202418,-0.10124813,0.09614199,0.05368833,-0.036390193,0.10569106,-0.020893263,-0.015407816,0.08805166,-0.016629454,0.0075063137,0.13082989,0.060694855,0.047743183,-0.0011938717,0.025019819,-0.019020159,-0.018816834,0.041880965
/mnt/sdd/caltech_training_multiclass/train/008.Rhinoceros_Auklet/Rhinoceros_Auklet_0041_797515.jpg,7,0.0528424,0.10574587,-0.097883195,-0.025259081,-0.13748737,0.08207591,0.060001038,0.008130994,-0.089893565,-0.047773518,0.095423274,0.115676224,0.07919899,0.040207848,-0.05958285,-0.01278883,0.07541287,0.044452734,0.017779045
/mnt/sdd/caltech_training_multiclass/train/008.Rhinoceros_Auklet/Rhinoceros_Auklet_0026_797519.jpg,7,-0.05150944,-0.053104542,-0.20851052,-0.0823522,0.055432893,-0.11674732,0.039250102,0.021388596,-0.102404565,0.026763521,-0.015284376,0.059947103,0.035218574,0.046137888,0.12895998,0.003080951,-0.10246624,-0.020959582,0.028283404
/mnt/sdd/caltech_training_multiclass/train/008.Rhinoceros_Auklet/Rhinoceros_Auklet_0024_797529.jpg,7,-0.0437835,0.07465713,-0.007098876,0.051634535,-0.07345085,0.04378697,0.04999851,0.08952596,-0.102114186,-0.029765341,0.04008027,0.057539135,0.05771941,0.06603663,-0.0012640692,-0.064530246,0.0013864264,-0.018382851,0.032022975
/mnt/sdd/caltech_training_multiclass/train/008.Rhinoceros_Auklet/Rhinoceros_Auklet_0007_797521.jpg,7,-0.09553391,-0.10056481,-0.015663628,-0.012218829,0.24208948,0.061378684,0.15792648,0.18623753,0.09348145,0.08684529,0.11415471,0.07078147,0.04211978,-0.05338125,0.13713163,0.079211146,0.0017953794,-0.018457301,0.019429693
/mnt/sdd/caltech_training_multiclass/train/008.Rhinoceros_Auklet/Rhinoceros_Auklet_0034_797497.jpg,7,-0.16504472,-0.05999189,-0.020220183,0.007111352,0.05485101,0.07596345,0.11996145,0.114660494,-0.09699586,0.022380712,0.049304426,0.10263446,0.06780262,0.047246657,-0.050096672,-0.042485356,0.06415422,0.034211602,0.032075755
/mnt/sdd/caltech_training_multiclass/train/008.Rhinoceros_Auklet/Rhinoceros_Auklet_0010_797545.jpg,7,-0.0414247,0.009874107,-0.1951987,-0.032694142,0.012546495,-0.07735166,-0.14725684,-0.18018179,-0.12890792,-0.052378435,0.0367421,0.09029825,0.07501118,-0.03059986,0.124488726,-0.017840723,0.07385926,0.04276171,0.028431434
/mnt/sdd/caltech_training_multiclass/train/008.Rhinoceros_Auklet/Rhinoceros_Auklet_0006_797512.jpg,7,-0.12669703,-0.012312116,-0.09730527,-0.06148401,0.01755491,0.105887935,0.04535086,0.01660699,0.06276643,0.013097006,0.027181815,0.104516596,0.05719252,0.021774981,0.04264844,0.012431327,0.017663967,0.014511561,0.018809343
/mnt/sdd/caltech_training_multiclass/train/008.Rhinoceros_Auklet/Rhinoceros_Auklet_0031_797518.jpg,7,0.025499517,0.07934818,-0.005010523,-0.040840056,-0.10898292,0.14388108,0.08983803,0.073659495,-0.013454471,-0.03696686,0.10545547,0.095817596,0.065265946,0.02135446,0.006762229,0.011021057,-0.010537655,0.014102383,0.021464583
/mnt/sdd/caltech_training_multiclass/train/008.Rhinoceros_Auklet/Rhinoceros_Auklet_0044_797502.jpg,7,0.18579529,0.04602909,0.10788347,0.0070160776,0.08909907,-0.09665597,-0.027646748,-0.015847784,-0.037647,-0.023209717,0.13434635,0.112011895,0.07468894,0.061072975,-0.06783613,-0.021438465,0.09655496,0.003486745,0.02438486
/mnt/sdd/caltech_training_multiclass/train/008.Rhinoceros_Auklet/Rhinoceros_Auklet_0020_2195.jpg,7,0.03840961,0.011613775,0.009847237,-0.050459713,0.00091961864,0.15860604,-0.0009818729,0.017538257,-0.09077176,-0.029797452,0.04916422,0.042425863,0.013970345,0.017722342,0.047377605,0.03885605,0.053035334,-0.0029160688,0.017351955
/mnt/sdd/caltech_training_multiclass/train/008.Rhinoceros_Auklet/Rhinoceros_Auklet_0011_797530.jpg,7,0.06294539,-0.036582403,0.23165683,0.07426204,0.12901215,0.01082195,0.07947251,0.041821532,0.15804306,0.14111097,0.10055691,0.116385326,0.12973985,0.102671064,0.07600666,0.034210894,0.06940568,0.033257887,0.021747861
/mnt/sdd/caltech_training_multiclass/train/008.Rhinoceros_Auklet/Rhinoceros_Auklet_0015_2160.jpg,7,0.08433381,-0.038037885,0.14434867,0.053035013,0.0649322,0.097317465,0.120581836,0.05701694,-0.122794166,-0.012756371,0.08816781,-0.0013172673,0.054221027,0.045378372,-0.029944658,-0.026417889,-0.079107605,-0.03135558,0.028176187
/mnt/sdd/caltech_training_multiclass/train/008.Rhinoceros_Auklet/Rhinoceros_Auklet_0030_797509.jpg,7,0.02504101,0.007927172,0.019824937,-0.025153253,0.08789423,0.08782458,0.13540657,0.14724323,0.031572092,0.037594058,0.021869253,0.14658868,0.13498148,0.098460615,-0.026227921,-0.08866697,-0.083470225,-0.045044925,0.02784663
/mnt/sdd/caltech_training_multiclass/train/008.Rhinoceros_Auklet/Rhinoceros_Auklet_0014_797522.jpg,7,-0.14005329,-0.009611172,-0.0902865,-0.042017713,-0.06284413,0.03666795,0.09659934,0.07870932,-0.0061527193,-0.01475895,0.117835976,0.08954787,0.10161927,0.008137761,-0.045596335,-0.044954173,0.023736734,-0.004029315,0.022198783
/mnt/sdd/caltech_training_multiclass/train/008.Rhinoceros_Auklet/Rhinoceros_Auklet_0019_797513.jpg,7,-0.08093742,0.07689961,-0.20088598,-0.0978739,-0.09812547,-0.019834567,0.050486777,0.027926706,-0.08889559,-0.11347873,-0.059765194,0.061993062,0.037899688,-0.034202762,-0.07266679,-0.028000474,-0.04141726,0.03747223,0.016681854
/mnt/sdd/caltech_training_multiclass/train/008.Rhinoceros_Auklet/Rhinoceros_Auklet_0022_2170.jpg,7,0.11564419,0.07781144,0.16021255,0.042535547,-0.018280437,-0.06488256,-0.01549952,0.03674017,-0.06233165,-0.040383007,0.056909807,0.07681525,0.07307885,0.07182531,-0.05661984,0.00052557327,-0.147791,0.022936316,0.02331584
/mnt/sdd/caltech_training_multiclass/train/008.Rhinoceros_Auklet/Rhinoceros_Auklet_0003_797535.jpg,7,0.032677185,0.032738753,-0.0574904,-0.08470723,0.012009062,0.018606242,0.044662077,-0.013949584,0.04900825,0.044063568,0.030202596,0.04362236,0.080810905,0.039714232,0.08621192,0.008646049,-0.06392607,0.010719098,0.010684979
/mnt/sdd/caltech_training_multiclass/train/008.Rhinoceros_Auklet/Rhinoceros_Auklet_0023_797501.jpg,7,-0.039563656,-0.036760855,-0.20939851,-0.1006026,-0.027433377,0.17129523,0.20255086,0.05517844,-0.011392541,-0.015892807,0.12851277,0.09892209,0.100319155,0.105513975,-0.08638401,-0.027911179,-0.0035109892,0.0329659,0.023917079
/mnt/sdd/caltech_training_multiclass/train/008.Rhinoceros_Auklet/Rhinoceros_Auklet_0025_797508.jpg,7,-0.14321634,-0.12503792,-0.18757655,-0.084704086,0.10186843,-0.07192367,-0.051087532,-0.041655138,-0.08752044,0.027418103,0.06828039,0.08435916,0.0056178817,0.043445155,0.039236844,-0.01139665,0.048454475,0.019769154,0.026822466
/mnt/sdd/caltech_training_multiclass/train/008.Rhinoceros_Auklet/Rhinoceros_Auklet_0035_2166.jpg,7,0.0738733,0.014602095,0.026853926,-0.014241869,0.15985788,0.1456563,0.07186468,0.053264283,-0.088807054,-0.0017724298,0.14302656,0.10270211,0.09550196,0.08737111,0.047881447,0.044369645,0.070537254,0.050202515,0.01212371
/mnt/sdd/caltech_training_multiclass/train/008.Rhinoceros_Auklet/Rhinoceros_Auklet_0038_797544.jpg,7,-0.03972079,-0.027602088,-0.2023548,0.033963446,0.09110503,0.18693261,0.13676357,0.072012536,0.06918169,0.04874726,0.1232209,0.09824909,0.05440677,0.039140284,0.07492618,-0.05537544,0.010386622,0.018767793,0.013149756
/mnt/sdd/caltech_training_multiclass/train/008.Rhinoceros_Auklet/Rhinoceros_Auklet_0027_797496.jpg,7,-0.016333595,-0.0027907304,-0.14916089,-0.059511997,-0.105461635,-0.080923036,0.044943888,-0.07081022,-0.13948525,-0.009690225,0.06954806,-0.020794319,0.021455089,-0.0094232075,-0.11220774,-0.08262341,-0.024019897,0.012346294,0.009873277
/mnt/sdd/caltech_training_multiclass/train/008.Rhinoceros_Auklet/Rhinoceros_Auklet_0033_2169.jpg,7,0.042491257,0.08107486,-0.106300645,-0.11683042,-0.08210158,-0.084082596,0.083572336,0.015572088,-0.006251026,-0.043470893,0.009035228,0.028648227,0.052265126,0.06764714,-0.11871165,-0.10255238,-0.08298661,-0.024069007,0.03703895
/mnt/sdd/caltech_training_multiclass/train/008.Rhinoceros_Auklet/Rhinoceros_Auklet_0040_797503.jpg,7,0.041152403,-0.008752044,-0.07161267,-0.008464802,0.03589131,-0.0044742525,0.07118343,0.06261216,-0.10384238,0.012556881,0.12053476,0.07339642,0.012965575,0.025131859,0.14216065,0.07021108,-0.049170937,0.030432258,0.033939008
/mnt/sdd/caltech_training_multiclass/train/008.Rhinoceros_Auklet/Rhinoceros_Auklet_0013_797537.jpg,7,0.053560432,0.03978369,0.08689311,0.012935583,0.17617962,0.0030142367,0.031005532,0.038161114,0.082105726,0.035405964,-0.0396289,-0.0018906742,-0.047889687,0.0060131624,0.07023433,0.029528936,0.057519723,0.011290424,0.047989815
/mnt/sdd/caltech_training_multiclass/train/009.Brewer_Blackbird/Brewer_Blackbird_0109_2232.jpg,8,0.01589993,0.03504435,-0.09723747,-0.040880658,0.02967756,-0.027966868,0.12658048,0.099355444,0.04275438,0.040317748,-0.010357577,0.029333804,0.123252824,0.07939314,-0.034776043,-0.037047137,-0.036149018,-0.014870087,-0.006600195
/mnt/sdd/caltech_training_multiclass/train/009.Brewer_Blackbird/Brewer_Blackbird_0035_2611.jpg,8,-0.19011648,-0.046866767,-0.35619003,-0.11060843,-0.028052742,-0.016198248,-0.044579428,0.011656687,0.07841522,-0.009260127,0.01854081,0.025047993,0.09455477,0.06538294,-0.14242113,-0.034069184,-0.0034027547,0.008512964,-0.004989072
/mnt/sdd/caltech_training_multiclass/train/009.Brewer_Blackbird/Brewer_Blackbird_0016_2225.jpg,8,-0.15391974,-0.09273231,-0.024757147,0.022992108,-0.0939696,-0.073644094,0.003208571,-0.08336755,-0.09260969,-0.0034011751,0.04516894,0.03231088,-0.025160689,-0.036673132,-0.029656477,-0.028773662,0.16780931,0.0590221,0.023414401
/mnt/sdd/caltech_training_multiclass/train/009.Brewer_Blackbird/Brewer_Blackbird_0046_2688.jpg,8,-0.06160409,0.051279478,-0.14545247,-0.066072136,-0.093229264,0.08180956,0.10189994,0.117356,0.16700003,-0.049800076,0.09028776,0.04580381,0.09551348,0.054521035,-0.0221107,0.016767822,-0.17155764,0.026109042,-0.0040006954
/mnt/sdd/caltech_training_multiclass/train/009.Brewer_Blackbird/Brewer_Blackbird_0010_2269.jpg,8,-0.097810216,-0.084684424,0.038568854,-0.017709967,0.003221387,0.05297921,0.07756905,-0.11563108,-0.15489268,-0.016847776,0.06894305,-0.028686445,0.05388604,0.0719244,0.038060084,0.0065922365,-0.1262772,-0.0041597225,0.0010724897
/mnt/sdd/caltech_training_multiclass/train/009.Brewer_Blackbird/Brewer_Blackbird_0127_2235.jpg,8,-0.18759266,-0.03136541,0.15743941,0.06931224,-0.047543973,-0.055013366,0.02088891,0.06267944,0.10659096,-0.02495556,0.049273435,0.030367808,0.12584777,0.12846102,0.07887533,0.091988,-0.04117457,0.025404721,0.0127327405
/mnt/sdd/caltech_training_multiclass/train/009.Brewer_Blackbird/Brewer_Blackbird_0017_2668.jpg,8,-0.23350132,-0.03397483,-0.06835924,-0.08250282,0.04690202,0.096214384,0.070959724,-0.0120077785,-0.053579282,-0.011425833,-0.016053047,0.07229884,-0.00016152952,-0.022126786,-0.101377174,-0.045075633,-0.02152837,0.023643998,0.011435341
/mnt/sdd/caltech_training_multiclass/train/009.Brewer_Blackbird/Brewer_Blackbird_0032_2214.jpg,8,-0.11464412,-0.10787986,0.0557449,0.004572686,0.07151529,0.0052932203,0.07265608,0.08694686,0.07452472,0.019184634,0.046927094,0.09715905,0.07811218,0.080895655,-0.052930247,-0.055387415,-0.03368402,0.022216057,0.016357733
/mnt/sdd/caltech_training_multiclass/train/009.Brewer_Blackbird/Brewer_Blackbird_0066_2693.jpg,8,0.06084897,0.016510896,0.19214588,0.10066305,-0.07681191,-0.06117127,0.09328647,0.018577032,-0.002133768,-0.052482285,0.08810642,0.022917159,0.02812543,0.060108583,-0.028561946,-0.03687273,-0.15494959,0.010436722,0.004914837
/mnt/sdd/caltech_training_multiclass/train/009.Brewer_Blackbird/Brewer_Blackbird_0103_2273.jpg,8,0.001963025,-0.044678014,-0.07577501,-0.0516569,-0.04440426,0.087404646,0.00011987239,-0.02730947,-0.14643538,-0.020516478,-0.048952993,0.045552067,-0.0047838483,0.0037365984,-0.09608194,-0.06100801,-0.02008723,0.021914484,0.020050379
/mnt/sdd/caltech_training_multiclass/train/009.Brewer_Blackbird/Brewer_Blackbird_0097_2322.jpg,8,-0.056720823,-0.15769342,0.13984542,0.037375882,-0.042581785,-0.042193472,-0.018553142,-0.14675626,-0.16781896,0.038936947,0.021088308,0.03125031,0.07057024,0.06489637,0.069517545,-0.011964083,-0.04768709,0.04261203,0.0107314605
/mnt/sdd/caltech_training_multiclass/train/009.Brewer_Blackbird/Brewer_Blackbird_0025_2231.jpg,8,0.008059651,0.079969496,-0.01887681,0.04417514,0.17323849,-0.044209495,-0.029663112,-0.071577445,-0.1057509,-0.012795653,0.08838751,0.07472062,0.0035378272,-0.019951954,-0.08012474,-0.02110776,-0.024866287,0.009212318,0.016423425
/mnt/sdd/caltech_training_multiclass/train/009.Brewer_Blackbird/Brewer_Blackbird_0099_2560.jpg,8,0.12843764,-0.026219793,-0.048433937,-0.015345281,-0.005838394,0.12723073,0.024177995,0.03964836,0.011968579,0.027947195,-0.013252381,0.060661107,0.07195824,0.092946775,-0.002144427,-0.01651233,0.05104518,0.00042954274,0.008408567
/mnt/sdd/caltech_training_multiclass/train/009.Brewer_Blackbird/Brewer_Blackbird_0106_2608.jpg,8,-0.0024293242,0.0019846372,0.05311836,0.0901683,0.049148295,0.0077955797,0.05011131,-0.072561875,-0.01647301,0.051261067,-0.004898658,0.037685752,0.041833438,-0.040695317,-0.039601482,-0.003852983,0.040566817,0.03506941,0.0010372
/mnt/sdd/caltech_training_multiclass/train/009.Brewer_Blackbird/Brewer_Blackbird_0054_2631.jpg,8,0.13843304,0.09381804,-0.074204825,-0.08061808,-0.009024089,0.06988251,-0.05934774,0.022668324,-0.0418136,-0.033471867,-0.009081094,-0.02134493,0.080611944,0.08417671,0.083833545,0.022895012,-0.11218119,-0.05700639,-0.0019346883
/mnt/sdd/caltech_training_multiclass/train/009.Brewer_Blackbird/Brewer_Blackbird_0038_2294.jpg,8,-0.30873007,-0.1098702,-0.21711174,-0.06309916,0.004064452,0.092720665,0.04307653,0.11987895,0.08093077,-0.06479172,-0.06316577,-0.006138393,0.0040799156,-0.02146056,-0.07738902,-0.03340499,0.004798293,-0.026541665,-0.0009156498
/mnt/sdd/caltech_training_multiclass/train/009.Brewer_Blackbird/Brewer_Blackbird_0142_2636.jpg,8,-0.19066139,0.045024358,-0.08055477,0.051438708,0.068935126,-0.08488992,-0.12108789,-0.06755147,-0.13690664,-0.042696007,0.012817164,0.033733442,0.06356022,0.05570217,0.01920405,0.05332257,-0.08049452,-0.025732288,0.0035778293
/mnt/sdd/caltech_training_multiclass/train/009.Brewer_Blackbird/Brewer_Blackbird_0079_2343.jpg,8,0.004286845,-0.004417926,0.16591,0.045853734,-0.04674612,-0.05881192,0.093782365,0.056050614,-0.05021607,-0.03641858,0.021289222,0.0037850868,0.018208276,0.013827327,-0.014873934,-0.029323379,-0.023641855,0.010842372,0.015800158
/mnt/sdd/caltech_training_multiclass/train/009.Brewer_Blackbird/Brewer_Blackbird_0041_2653.jpg,8,0.05508804,-0.009150878,0.15683198,0.13253859,0.08294204,-0.1228775,-0.07358496,0.06962574,0.027398536,0.011981953,0.060808685,-0.023917843,0.10449718,0.049069643,-0.08230128,-0.035600066,-0.031631004,0.0071844757,0.0013491611
/mnt/sdd/caltech_training_multiclass/train/009.Brewer_Blackbird/Brewer_Blackbird_0030_2268.jpg,8,-0.07338553,0.018665722,-0.061011337,0.006732814,0.019892199,-0.058838807,-0.11347462,-0.07827465,-0.038137734,0.015521094,-0.039966315,-0.07943562,-0.043425493,-0.048661426,-0.21072017,-0.1270618,0.049773373,0.00027771736,0.023598768
/mnt/sdd/caltech_training_multiclass/train/009.Brewer_Blackbird/Brewer_Blackbird_0015_2286.jpg,8,-0.06493256,-0.0035551898,-0.12433614,-0.0016174,-0.022271011,0.01583488,0.048465922,0.059361752,-0.03435993,-0.058050234,0.06894868,-0.024882413,-0.008027703,-0.052040905,-0.030485712,-0.015151204,-0.01665596,-0.004744403,0.0092943795
/mnt/sdd/caltech_training_multiclass/train/009.Brewer_Blackbird/Brewer_Blackbird_0027_2329.jpg,8,-0.32298723,-0.10354178,-0.07734368,-0.019365277,-0.19939485,0.13107571,0.06771749,0.041135244,0.057606988,-0.08493771,0.06206076,0.0049422607,-0.006319942,-0.017865736,-0.065102324,-0.035580996,-0.044334017,-0.025521778,0.029059079
/mnt/sdd/caltech_training_multiclass/train/009.Brewer_Blackbird/Brewer_Blackbird_0087_2622.jpg,8,0.053125236,0.01708572,0.035151403,-0.0062531997,-0.12459772,0.14214109,-0.011761464,0.0020076036,-0.13641825,-0.050302174,0.025260694,0.10699926,0.13769981,0.118147165,0.021588359,-0.0048397966,-0.011328317,0.048440892,0.0075605866
/mnt/sdd/caltech_training_multiclass/train/009.Brewer_Blackbird/Brewer_Blackbird_0026_2625.jpg,8,-0.05290622,-0.054746702,0.30416977,0.1863347,0.005724458,-0.06655128,0.16532916,-0.03565231,0.019914083,-0.0022885595,0.13192165,0.11478029,0.030697659,-0.0011448823,-0.019730791,0.043437272,-0.019247372,0.05491206,-0.0138625875
/mnt/sdd/caltech_training_multiclass/train/009.Brewer_Blackbird/Brewer_Blackbird_0116_2327.jpg,8,0.14747226,0.06570737,0.06559116,0.022533467,-0.13519418,0.095770195,-0.0032812841,0.025707653,-0.053269416,-0.08302344,0.092019916,0.0022985106,-0.007995924,-0.0035855733,-0.07602845,-0.057935968,-0.1406155,-0.0023447834,0.0026068361
/mnt/sdd/caltech_training_multiclass/train/009.Brewer_Blackbird/Brewer_Blackbird_0014_2679.jpg,8,0.109664366,0.11225916,-0.12035428,-0.070294455,-0.031981133,0.00249663,0.017779421,0.059169315,0.089476325,-0.015767418,0.023632502,0.107296914,0.031018024,0.049092807,-0.013896912,0.017773388,-0.009141615,0.05116234,0.002042252
/mnt/sdd/caltech_training_multiclass/train/009.Brewer_Blackbird/Brewer_Blackbird_0070_2325.jpg,8,-0.19949551,-0.041935246,0.18254007,0.028346715,-0.05900355,-0.014561908,-0.064454824,0.025864035,-0.037852786,-0.031427145,0.060584586,0.022370074,-0.05172918,-0.03398951,-0.048861638,0.0025418866,-0.16403687,-0.017095594,-0.00792202
/mnt/sdd/caltech_training_multiclass/train/009.Brewer_Blackbird/Brewer_Blackbird_0045_2303.jpg,8,-0.11692004,7.6532364e-05,-0.093158424,-0.009555675,0.03800709,-0.009729449,0.013788018,-0.0873232,-0.07411846,0.034900464,0.1235413,0.06736793,0.062268056,0.045514088,-0.017046174,-0.02575199,-0.07692281,0.0026697563,0.017103557
/mnt/sdd/caltech_training_multiclass/train/009.Brewer_Blackbird/Brewer_Blackbird_0009_2616.jpg,8,0.17708991,-0.011010675,0.12431578,-0.035868734,-0.11326869,-0.05507583,0.069447055,-0.07337887,-0.091257915,-0.07091013,0.079697706,0.09985184,0.0984257,0.022193007,0.11020367,0.015444108,-0.0684834,0.02026045,-0.005730876
/mnt/sdd/caltech_training_multiclass/train/009.Brewer_Blackbird/Brewer_Blackbird_0065_2310.jpg,8,0.10785578,0.01955777,0.09056649,-0.005881056,-0.0898062,0.045770943,0.00082800165,-0.0466379,-0.0333331,-0.13042352,0.030687746,0.0007524071,0.028724559,0.0263895,-0.04836243,-0.026792672,-0.0075144283,0.022308916,0.04692714
/mnt/sdd/caltech_training_multiclass/train/009.Brewer_Blackbird/Brewer_Blackbird_0012_2691.jpg,8,-0.20787713,-0.014799138,0.014288323,-0.018707098,-0.027422242,0.165173,0.101882435,0.08881303,0.017016964,-0.073625915,0.0013401117,0.09271993,0.0039762342,0.023635196,-0.004879022,-0.0023624562,-0.048510186,-0.013644933,0.0036374584
/mnt/sdd/caltech_training_multiclass/train/009.Brewer_Blackbird/Brewer_Blackbird_0140_2586.jpg,8,-0.22686833,-0.05100464,-0.11677317,-0.009367123,-0.06878951,0.03999138,0.116299115,-0.06305635,-0.07501182,-0.013528336,0.028944561,0.045231417,0.032421425,-0.012572088,-0.11428902,-0.01765424,-0.1262958,-0.00012338161,0.0061895098
/mnt/sdd/caltech_training_multiclass/train/009.Brewer_Blackbird/Brewer_Blackbird_0101_2630.jpg,8,0.0286732,-0.015342679,0.07779266,0.055377867,-0.027320538,0.021454386,-0.064386845,-0.02776558,-0.059337314,-0.09120284,0.011855034,-0.030360028,0.012590341,0.0645666,-0.0047102384,0.0015771585,-0.12065756,0.018482588,-0.002785651
/mnt/sdd/caltech_training_multiclass/train/009.Brewer_Blackbird/Brewer_Blackbird_0131_2289.jpg,8,-0.16324776,-0.057530023,0.13758701,0.018266127,0.035009358,-0.09427002,-0.034536228,-0.1059509,-0.00022246689,-0.022491707,0.08496909,-0.0036258902,-0.012972589,-0.00089336745,0.026991608,-0.019086711,-0.0613948,0.012716152,0.014368003
/mnt/sdd/caltech_training_multiclass/train/009.Brewer_Blackbird/Brewer_Blackbird_0112_2340.jpg,8,-0.23566526,-0.04249307,-0.0553218,-0.025475405,0.006992869,-0.032797825,0.10036591,0.041549563,0.10234271,-0.006471945,0.032465678,0.0834281,0.11127994,0.09486572,0.024452448,-0.037437316,0.05892475,0.031282973,-0.0028375774
/mnt/sdd/caltech_training_multiclass/train/009.Brewer_Blackbird/Brewer_Blackbird_0132_2293.jpg,8,-0.12922251,-0.063818425,0.010032351,0.017462268,-0.074167386,-0.07577023,-0.04438049,-0.043769084,-0.009963682,0.012376244,0.011398207,0.023514632,-0.059155278,-0.03799847,-0.075729795,0.022758272,0.09601395,0.07492143,0.026046358
/mnt/sdd/caltech_training_multiclass/train/009.Brewer_Blackbird/Brewer_Blackbird_0002_2278.jpg,8,0.16849567,-0.0006673187,0.21821764,0.04962526,-0.0073641995,0.11214164,0.102092996,0.076359525,-0.031703286,-0.036767904,0.050165832,-0.026085675,0.0072052814,-0.035378754,-0.020390436,-0.021937016,0.014451113,-0.0067626648,0.030856118
/mnt/sdd/caltech_training_multiclass/train/009.Brewer_Blackbird/Brewer_Blackbird_0078_2659.jpg,8,0.025250446,0.013086028,0.13896194,0.066019915,-0.003191458,-0.0030020028,-0.06222413,0.021026868,-0.050392978,-0.008782754,0.01643338,0.078523025,0.07146551,0.03320632,-0.07067346,-0.032570563,-0.14059334,-0.0071806507,0.012891367
/mnt/sdd/caltech_training_multiclass/train/009.Brewer_Blackbird/Brewer_Blackbird_0133_2324.jpg,8,-0.08619265,-0.05051114,0.015154898,-0.008144045,-0.055500597,-0.091257036,-0.060286608,-0.0698723,-0.20300528,-0.03461649,0.074426316,-0.045147803,-0.045275226,-0.042128913,-0.031323314,-0.051059097,0.18097353,0.049253114,0.012791402
/mnt/sdd/caltech_training_multiclass/train/009.Brewer_Blackbird/Brewer_Blackbird_0090_2658.jpg,8,-0.24497285,-0.06575774,-0.012796469,0.031161886,0.08061108,0.09000548,-0.042006277,-0.04766228,-0.012838069,0.019322157,0.051572755,0.027166717,0.057432905,0.060356528,-0.039887056,-0.035413936,-0.027422052,0.024247464,0.022898085
/mnt/sdd/caltech_training_multiclass/train/009.Brewer_Blackbird/Brewer_Blackbird_0095_2610.jpg,8,-0.26648146,-0.106888086,-0.016458109,0.03996315,-0.0229486,0.074328594,-0.08281474,-0.11712659,-0.15705961,-0.059104018,0.0023274645,0.011497544,-0.021290155,-0.042401984,-0.047671612,-0.0027132183,-0.052056618,-0.0006055515,0.009950352
/mnt/sdd/caltech_training_multiclass/train/009.Brewer_Blackbird/Brewer_Blackbird_0082_2593.jpg,8,0.055670563,0.04407102,0.0047000684,0.0848987,-0.037349697,-0.095403776,-0.013562954,-0.18795535,-0.15680785,-0.061845448,0.029045796,0.1011319,0.057863265,0.057488296,-0.049673345,-0.033443525,-0.10660474,-0.0020757383,-0.001728741
/mnt/sdd/caltech_training_multiclass/train/009.Brewer_Blackbird/Brewer_Blackbird_0018_2261.jpg,8,-0.18977207,0.0057924623,-0.01773829,0.025758266,0.016845588,0.047536373,0.091140464,-0.05472997,0.013889349,-0.051683217,0.011090416,0.06102162,0.085048065,0.015236424,-0.05864439,-0.015717056,-0.14931741,-0.062030636,0.029684749
/mnt/sdd/caltech_training_multiclass/train/009.Brewer_Blackbird/Brewer_Blackbird_0028_2682.jpg,8,-0.17472667,-0.0017248541,-0.0959748,-0.008322376,-0.070027635,0.12577546,0.091398895,0.13187262,0.051018693,-0.027272925,-0.0058627822,-0.019526042,0.06958613,0.056882534,-0.08604776,-0.035285838,-0.02776492,0.061269656,0.008554874
/mnt/sdd/caltech_training_multiclass/train/009.Brewer_Blackbird/Brewer_Blackbird_0064_2290.jpg,8,-0.027306959,0.0053827874,0.1627208,0.11385603,0.053864308,0.033096164,-0.031786602,-0.019558333,-0.05834212,-0.029494384,0.097889364,0.01720236,0.025393002,0.03341425,-0.03256524,-0.054320898,-0.063694775,0.022188881,0.017029528
/mnt/sdd/caltech_training_multiclass/train/009.Brewer_Blackbird/Brewer_Blackbird_0074_2277.jpg,8,0.018694086,-0.036351785,0.1454196,0.07934982,-0.07651534,-0.10312097,0.037781313,-0.087751284,-0.14488211,-0.07230115,0.037252557,-0.025366483,-0.007072028,0.030822754,0.070663325,-0.006187618,-0.19263034,-0.055801995,0.013950402
/mnt/sdd/caltech_training_multiclass/train/009.Brewer_Blackbird/Brewer_Blackbird_0004_2345.jpg,8,0.097716756,-0.05283566,0.15669046,0.065041825,0.00017790124,-0.051520884,0.015134949,0.039437473,0.05992374,-0.061448224,0.028299931,-0.004009053,0.05007191,0.03789065,-0.0020570084,-0.0030180821,0.044629022,0.008708525,0.014452595
/mnt/sdd/caltech_training_multiclass/train/010.Red_winged_Blackbird/Red_Winged_Blackbird_0024_4180.jpg,9,0.1451464,0.019885378,0.095168225,0.013038016,0.14918324,0.104042925,0.14280638,0.09407301,0.06380884,0.050209273,-0.04994727,0.009415595,0.011495123,0.054271292,-0.10393858,-0.06182482,0.044096533,0.0010787863,0.009690156
/mnt/sdd/caltech_training_multiclass/train/010.Red_winged_Blackbird/Red_Winged_Blackbird_0022_4483.jpg,9,0.025362074,0.041945368,-0.17939924,-0.09857261,0.021170942,0.054326072,0.1634114,0.07419274,0.0837287,0.023886569,0.09661624,0.10433134,0.067740016,0.08754548,0.016867414,-0.03796915,-0.183029,-0.025037225,0.019928046
/mnt/sdd/caltech_training_multiclass/train/010.Red_winged_Blackbird/Red_Winged_Blackbird_0014_3761.jpg,9,-0.13457192,-0.04623792,-0.038380943,-0.054494813,0.09533678,0.04094967,0.108482644,0.10147612,0.12692866,0.057936154,0.022743411,0.121646166,0.07337396,0.07417859,-0.0559128,0.0034861155,-0.030162806,0.009934948,0.017112534
/mnt/sdd/caltech_training_multiclass/train/010.Red_winged_Blackbird/Red_Winged_Blackbird_0088_4007.jpg,9,0.1420342,0.04771917,0.029611975,0.021944597,0.03569098,0.09019713,0.062034115,0.0074631795,0.007724896,0.04892639,0.12973578,0.18791482,0.19619265,0.25061476,-0.035119385,0.0006993618,0.016449943,0.042183764,0.0053870594
/mnt/sdd/caltech_training_multiclass/train/010.Red_winged_Blackbird/Red_Winged_Blackbird_0085_5846.jpg,9,0.003928758,-0.0017384673,-0.03646087,-0.010639746,-0.06793371,0.07661684,0.08689223,0.06520667,0.080101125,0.0057771504,0.027358348,-0.01608737,0.035533305,0.042150788,0.0147687085,0.044561822,-0.052547727,0.035036005,0.019077716
/mnt/sdd/caltech_training_multiclass/train/010.Red_winged_Blackbird/Red_Winged_Blackbird_0027_4123.jpg,9,-0.07450391,0.018410534,-0.035040483,-0.013903489,0.1123016,0.1013855,0.09225121,0.031370442,0.009385243,0.04192512,0.077227585,0.036020763,0.08058703,0.13698524,-0.06510306,-0.06721948,0.028323881,0.008381952,0.0068105836
/mnt/sdd/caltech_training_multiclass/train/010.Red_winged_Blackbird/Red_Winged_Blackbird_0006_6005.jpg,9,0.051243518,0.0031657955,0.26086476,0.115345925,0.09952484,0.28068504,-0.039638195,0.013203643,-0.0024628565,0.08205511,0.10764912,-0.021513898,0.02899967,0.015654758,0.005042642,0.037524484,0.009696864,-0.0051669027,0.005039716
/mnt/sdd/caltech_training_multiclass/train/010.Red_winged_Blackbird/Red_Winged_Blackbird_0062_4233.jpg,9,-0.072603285,-0.0070158746,0.01620945,-0.038972296,-0.090786576,-0.1831587,-0.14442742,-0.14662248,-0.1626559,-0.004231031,0.13164505,0.17518814,0.059445806,0.030238524,-0.05501772,-0.004090921,0.006412583,0.027368044,0.013545732
/mnt/sdd/caltech_training_multiclass/train/010.Red_winged_Blackbird/Red_Winged_Blackbird_0005_5636.jpg,9,-0.049590543,-0.013121903,-0.21826449,-0.032828335,-0.00044498965,0.010061283,0.065542,0.07559573,0.08858633,-0.0043194788,-0.03230102,0.010807641,0.037988182,0.08214612,-0.12472522,-0.06414613,-0.028179415,0.008935602,0.021919351
/mnt/sdd/caltech_training_multiclass/train/010.Red_winged_Blackbird/Red_Winged_Blackbird_0032_4004.jpg,9,0.11629205,0.052723963,-0.04530158,0.022839427,-0.069390625,-0.10039898,-0.06986304,-0.10312966,-0.07911371,-0.06418789,0.04067818,0.091054454,0.0030194968,0.02894548,0.027839333,-0.018533811,-0.19043693,-0.051261812,0.015782285
/mnt/sdd/caltech_training_multiclass/train/010.Red_winged_Blackbird/Red_Winged_Blackbird_0025_5342.jpg,9,0.12102615,-0.054640982,0.06066303,0.10199864,0.10262106,-0.123385414,-0.100021996,-0.054274336,0.056600485,0.0062607527,-0.017796885,0.017476344,0.10032143,0.095065765,-0.04201755,-0.023664586,-0.098491415,0.011498265,-0.0035768892
/mnt/sdd/caltech_training_multiclass/train/010.Red_winged_Blackbird/Red_Winged_Blackbird_0042_3635.jpg,9,-0.017558903,0.020638734,0.27402687,0.06862744,0.10571434,-0.092829965,0.059668105,0.12831506,0.15041223,0.034355674,0.08944642,0.0065718116,0.024848472,0.008074908,0.079655886,0.015829535,0.01319753,0.013160527,0.0088944165
/mnt/sdd/caltech_training_multiclass/train/010.Red_winged_Blackbird/Red_Winged_Blackbird_0064_4936.jpg,9,0.056611735,0.09568228,-0.25051054,-0.024849907,0.061778683,0.08553257,0.033745565,0.099511996,0.027417224,-0.019493628,0.0028442591,0.07060113,0.07828613,0.10100007,-0.06911601,-0.012734102,0.045691773,-0.006559519,0.022811204
/mnt/sdd/caltech_training_multiclass/train/010.Red_winged_Blackbird/Red_Winged_Blackbird_0049_5598.jpg,9,0.12505093,0.065020606,0.052802004,0.036577262,-0.019862168,0.015047849,-0.022758167,-0.016019385,0.07566896,0.008632601,0.1748687,0.1483492,0.12626663,0.18739386,0.015454665,0.011645868,0.020930495,-0.0029927157,0.011990334
/mnt/sdd/caltech_training_multiclass/train/010.Red_winged_Blackbird/Red_Winged_Blackbird_0046_4242.jpg,9,0.07508153,-0.014100763,-0.15409987,0.01588372,-0.02678527,0.09339488,0.15707281,0.05237861,0.06039335,0.035035077,0.05411546,0.0077903904,0.06793481,0.13307926,-0.011753239,0.0058200518,-0.004939555,0.0058161356,-0.005843578
/mnt/sdd/caltech_training_multiclass/train/010.Red_winged_Blackbird/Red_Winged_Blackbird_0029_4804.jpg,9,0.103958726,-0.062460918,0.05664247,0.088967234,-0.05250458,0.15148704,0.11754714,-0.032810394,-0.06736892,-0.020249128,0.13241844,0.1413117,0.16270503,0.15629052,0.054855824,0.040244468,-0.12290786,0.0018688925,0.0053585316
/mnt/sdd/caltech_training_multiclass/train/010.Red_winged_Blackbird/Red_Winged_Blackbird_0089_4188.jpg,9,-0.035144098,-0.10865414,0.023216017,-0.06906206,-0.10000405,0.005185265,0.015046436,-0.0025157984,-0.039201066,-0.013777202,0.08768609,0.14560665,0.088099115,0.06670369,-0.010546854,0.006697325,0.018679712,0.06021496,0.016741067
/mnt/sdd/caltech_training_multiclass/train/010.Red_winged_Blackbird/Red_Winged_Blackbird_0066_5070.jpg,9,0.17922606,0.037354864,0.18984471,0.023267735,0.0037011988,-0.016319875,-0.01103453,0.02906092,-0.046040565,0.044088192,0.019841999,-0.003095433,-0.073580444,-0.10554107,-0.0009798966,0.03956956,0.047944043,0.036334172,0.0016518512
/mnt/sdd/caltech_training_multiclass/train/010.Red_winged_Blackbird/Red_Winged_Blackbird_0075_4953.jpg,9,-0.14953494,-0.034293108,-0.054863967,-0.04041157,0.005863795,-0.020084657,-0.01357916,-0.035238415,-0.015570039,0.011753226,-0.043240596,-0.032442797,0.014005776,0.055733353,-0.02205594,0.0043599503,-0.0033997595,0.020475991,0.018751934
/mnt/sdd/caltech_training_multiclass/train/010.Red_winged_Blackbird/Red_Winged_Blackbird_0074_4146.jpg,9,-0.018747212,0.073700085,-0.15694687,-0.0008151084,0.017590977,-0.14596975,-0.09851527,-0.011020638,-0.041596606,-0.032502767,0.0017071571,0.08285182,0.018052582,0.032855485,-0.061767235,-0.06490133,0.013870176,0.049563583,0.019496446
/mnt/sdd/caltech_training_multiclass/train/010.Red_winged_Blackbird/Red_Winged_Blackbird_0091_4096.jpg,9,0.06458721,0.012767423,-0.015655939,0.02098351,-0.015694425,0.2148672,0.050998766,0.0009669494,0.035338234,0.014673263,0.10151423,0.060404837,0.102036774,0.09844682,0.01981223,0.018505713,-0.021047737,0.026751876,0.025344744
/mnt/sdd/caltech_training_multiclass/train/010.Red_winged_Blackbird/Red_Winged_Blackbird_0065_4026.jpg,9,0.07934676,-0.0007867906,0.109680265,0.040429857,0.036702406,-0.09728233,-0.031121597,-0.15733755,0.024170054,0.05443368,-0.011357989,-0.034208104,0.037244514,0.10645174,0.048313517,0.008277871,-0.0034601497,0.044834375,0.01012656
/mnt/sdd/caltech_training_multiclass/train/010.Red_winged_Blackbird/Red_Winged_Blackbird_0081_6081.jpg,9,0.109653324,0.044730533,0.056967463,-0.043959603,0.005710952,0.20431684,0.18204096,0.09812179,0.06494888,-0.054193247,0.11251849,0.043395825,0.06762804,0.12215586,0.017620314,0.019433258,-0.13797049,0.012484198,0.0049853073
/mnt/sdd/caltech_training_multiclass/train/010.Red_winged_Blackbird/Red_Winged_Blackbird_0061_4196.jpg,9,0.25198162,0.119835876,0.09685912,0.087618336,-0.05808593,-0.053611238,0.116663545,-0.0014985278,0.08539483,-0.012189947,0.042870954,0.08484004,0.05409317,0.051923085,0.024928678,-0.026519718,-0.043886803,-0.0020426526,0.02302555
/mnt/sdd/caltech_training_multiclass/train/010.Red_winged_Blackbird/Red_Winged_Blackbird_0040_4522.jpg,9,-0.051815674,0.08187491,-0.09979354,-0.13430117,0.10674578,0.18532199,0.19551796,0.09802193,0.028317893,0.04224374,0.09618881,0.049434938,0.046135508,0.06410337,-0.03437395,0.036189195,-0.20237854,-0.048808806,0.020664386
/mnt/sdd/caltech_training_multiclass/train/010.Red_winged_Blackbird/Red_Winged_Blackbird_0011_5845.jpg,9,-0.013663225,0.05250252,0.036015935,-0.008215788,-0.019574923,0.18560709,0.14458597,-0.041611016,-0.18180814,-0.0056614224,0.020811452,-0.0031553525,-0.00014659204,-0.0008017118,0.094118714,0.06941592,-0.13289934,-0.027400091,0.017423317
/mnt/sdd/caltech_training_multiclass/train/010.Red_winged_Blackbird/Red_Winged_Blackbird_0047_3802.jpg,9,0.086629696,0.101116545,-0.18680094,-0.10047932,0.04458497,0.11117497,0.14181753,0.08737225,0.035790812,-0.014348066,0.13678417,0.038977534,0.09342973,0.14137171,-0.17560174,-0.09579028,0.02237646,0.003514085,0.020118078
/mnt/sdd/caltech_training_multiclass/train/010.Red_winged_Blackbird/Red_Winged_Blackbird_0053_4072.jpg,9,-0.17487045,-0.029216789,-0.14751011,-0.0070095854,0.0059360564,-0.039937932,0.043353032,0.045457367,-0.03910053,0.02131943,0.11121836,0.123615295,0.07864966,0.08959818,-0.03902342,-0.00038312795,-0.03507876,0.034569494,0.012412708
/mnt/sdd/caltech_training_multiclass/train/010.Red_winged_Blackbird/Red_Winged_Blackbird_0060_4688.jpg,9,0.09341909,0.018824153,0.027187334,-0.024476482,0.05807917,0.1657839,0.10430923,0.05660576,-0.10579869,-0.0001436621,0.053831473,0.15495229,0.14672723,0.098615155,0.02678426,0.0063386057,-0.082554005,0.06801343,0.029762367
/mnt/sdd/caltech_training_multiclass/train/010.Red_winged_Blackbird/Red_Winged_Blackbird_0045_4526.jpg,9,0.21103221,0.110950015,0.061746515,0.05325079,0.011637893,-0.09816277,-0.041434728,-0.023800548,-0.0019147145,0.037499774,0.031017993,0.13022786,0.0076553593,0.061922535,0.11456369,0.06254365,0.01019777,0.004757278,0.017355911
/mnt/sdd/caltech_training_multiclass/train/010.Red_winged_Blackbird/Red_Winged_Blackbird_0017_4116.jpg,9,0.000994876,0.07546738,0.062314827,0.0535727,0.15434328,0.17205721,0.15712453,0.13400476,0.062379137,0.045642532,0.10452755,0.07030665,0.18786173,0.19961454,0.03110309,-0.01587814,-0.11449132,-0.007749426,0.010669803
/mnt/sdd/caltech_training_multiclass/train/010.Red_winged_Blackbird/Red_Winged_Blackbird_0104_3918.jpg,9,0.1870105,0.100110106,-0.23245949,-0.026975907,0.018668119,-0.054262746,0.015648708,0.017904354,-0.018345527,-0.0062699933,-0.047973186,0.0596652,0.03932091,0.078257866,-0.08063843,-0.05073399,-0.13008119,-7.198192e-05,0.009251175
/mnt/sdd/caltech_training_multiclass/train/010.Red_winged_Blackbird/Red_Winged_Blackbird_0044_5621.jpg,9,-0.07547633,0.011655721,0.038838554,-0.008985434,-0.017550759,-0.084969774,-0.033732105,0.01567503,0.14384465,0.008236244,0.058751494,0.032515522,0.05167887,0.05793484,-0.05375813,-0.026356425,-0.07338989,0.009516485,0.008564388
/mnt/sdd/caltech_training_multiclass/train/010.Red_winged_Blackbird/Red_Winged_Blackbird_0105_4842.jpg,9,-0.060560998,0.08494991,0.003823392,-0.039103672,-0.025520137,-0.025400534,0.09213953,0.03922772,-0.013649698,0.022322949,0.097406074,0.031204298,0.1487535,0.1221827,0.0052303933,-0.015450846,-0.088345006,-0.036579512,0.014810672
/mnt/sdd/caltech_training_multiclass/train/010.Red_winged_Blackbird/Red_Winged_Blackbird_0028_4709.jpg,9,0.15138918,0.0070104413,-0.0015781,0.014091477,-0.059134334,0.0057755485,0.07038769,0.010762634,0.016579539,-0.03155927,0.06850549,0.046842217,0.06790872,0.06670599,-0.012455516,-0.052212976,0.033483334,-0.012248572,0.012416845
/mnt/sdd/caltech_training_multiclass/train/010.Red_winged_Blackbird/Red_Winged_Blackbird_0020_4050.jpg,9,-0.050845455,0.0806518,0.07355639,-0.018520255,-0.059806347,0.014201295,0.090885215,0.03972107,0.16280751,-0.062071957,0.14004847,0.0056322627,0.07668374,0.035759456,-0.059070945,-0.01276407,-0.09490693,0.025318334,0.018358154
/mnt/sdd/caltech_training_multiclass/train/010.Red_winged_Blackbird/Red_Winged_Blackbird_0039_4285.jpg,9,-0.228321,-0.08324282,-0.026541658,-0.07513729,0.008397676,-0.035841443,-0.053046256,-0.055443965,-0.042630255,0.004519186,0.022780474,0.049534917,0.0719969,0.055589173,-0.110803284,-0.080941126,-0.07943085,0.0109351985,0.024488872
/mnt/sdd/caltech_training_multiclass/train/010.Red_winged_Blackbird/Red_Winged_Blackbird_0007_3706.jpg,9,0.054015957,0.014436379,-0.1549635,-0.09637068,-0.01293141,-0.119569406,-0.09412344,-0.043263346,-0.03367873,-0.023772527,0.04905825,0.035186987,0.055974357,0.05380539,-0.008828532,0.03462647,0.081334576,0.03134824,0.015114651
/mnt/sdd/caltech_training_multiclass/train/010.Red_winged_Blackbird/Red_Winged_Blackbird_0096_5019.jpg,9,0.018352471,-0.08144308,0.14038698,0.011547124,-0.15600255,0.0055351723,0.11949034,0.09334867,-0.02176046,-0.03367165,0.031260848,0.12541223,0.055820048,0.08132888,0.018679664,0.031201124,0.017740251,0.035748117,0.017524356
/mnt/sdd/caltech_training_multiclass/train/010.Red_winged_Blackbird/Red_Winged_Blackbird_0001_3695.jpg,9,0.1710454,0.022617139,0.088622056,0.091102615,-0.027675472,0.07784477,0.069352284,-0.0018271059,-0.00077801757,0.040763393,0.12917297,0.072429195,-0.02688879,0.015835764,0.016040094,-0.017105103,0.0111482255,0.01888445,0.026315872
/mnt/sdd/caltech_training_multiclass/train/010.Red_winged_Blackbird/Red_Winged_Blackbird_0013_5762.jpg,9,-0.2441975,-0.15080936,0.23411736,0.14477393,0.03638261,0.08277948,-0.008544646,0.04004702,-0.009637829,0.032787286,0.054865588,0.067116156,0.044368345,0.10330901,-0.11742498,-0.030402882,0.17327489,0.057061557,0.0020170761
/mnt/sdd/caltech_training_multiclass/train/010.Red_winged_Blackbird/Red_Winged_Blackbird_0109_4454.jpg,9,0.0864159,0.08357294,0.097469464,-0.04410132,-0.08067807,0.0795992,0.061319247,-0.054606855,-0.069636196,0.015858449,0.059068583,0.0123548275,0.049114414,0.0750419,0.019385844,0.01611688,-0.07671252,0.016342774,0.010362573
/mnt/sdd/caltech_training_multiclass/train/010.Red_winged_Blackbird/Red_Winged_Blackbird_0059_4612.jpg,9,0.064760625,-0.058551036,0.13726513,0.04148273,-0.021162316,-0.004851345,-0.03373845,-0.015753638,-0.035543866,0.03655631,0.028411731,-0.022083305,-0.013115025,-0.024924751,0.10446413,0.01700392,-0.09282961,-0.009815956,0.011333837
/mnt/sdd/caltech_training_multiclass/train/010.Red_winged_Blackbird/Red_Winged_Blackbird_0010_6386.jpg,9,-0.27544445,-0.044642217,0.1784237,0.04586598,-0.18245487,0.04972113,0.061259598,0.08665643,-0.0008728765,-0.028688813,0.07175721,0.038421072,0.10669184,0.06105396,0.030237895,-0.026189713,-0.08956104,-0.012921369,0.012187022
/mnt/sdd/caltech_training_multiclass/train/010.Red_winged_Blackbird/Red_Winged_Blackbird_0009_5841.jpg,9,-0.035874553,-0.047429513,-0.03591004,-0.026227515,0.12800494,-0.06355157,-0.10217422,-0.05689837,-0.08341989,0.06280106,0.0053455466,-0.089959815,0.016776718,-0.08606876,0.012210524,0.03831795,-0.042381447,0.008063687,0.029506221
/mnt/sdd/caltech_training_multiclass/train/010.Red_winged_Blackbird/Red_Winged_Blackbird_0052_5575.jpg,9,-0.035738178,-0.025922174,0.031197464,0.02711083,0.14016852,-0.00065161474,0.07378057,-0.015324496,-0.005215436,0.023605704,0.022011414,0.01430694,0.12832975,0.07623847,-0.018155372,-0.032951478,-0.093421094,0.01664668,0.014237167
/mnt/sdd/caltech_training_multiclass/train/010.Red_winged_Blackbird/Red_Winged_Blackbird_0023_5257.jpg,9,-0.11068207,-0.046952143,0.029334296,0.02259237,0.17727128,-0.05192804,-0.12632252,-0.0656154,-0.09187026,0.04332148,0.11364538,0.061250493,-0.031312708,0.036139637,-0.09819504,-0.05614938,-0.024733372,-0.014770137,0.009237563
/mnt/sdd/caltech_training_multiclass/train/010.Red_winged_Blackbird/Red_Winged_Blackbird_0094_5856.jpg,9,-0.14675023,0.028400939,0.0040553734,0.048316374,0.07477336,0.098246835,0.0262567,0.04104447,0.0034773573,0.09425656,0.09151098,0.043297037,0.10820184,0.10047043,-0.0694744,-0.04026436,-0.071643576,0.0046639815,0.027724547
