Full filepath,Full Class Index,sensitivityscore_before_layer1.0.conv1,sensitivityscore_After_layer1.0.conv1_0.5,sensitivityscore_After_layer1.0.conv1_0.6,sensitivityscore_After_layer1.0.conv1_0.7,sensitivityscore_before_layer1.0.conv2,sensitivityscore_After_layer1.0.conv2_0.5,sensitivityscore_After_layer1.0.conv2_0.6,sensitivityscore_After_layer1.0.conv2_0.7,sensitivityscore_before_layer1.0.conv3,sensitivityscore_After_layer1.0.conv3_0.5,sensitivityscore_After_layer1.0.conv3_0.6,sensitivityscore_After_layer1.0.conv3_0.7,sensitivityscore_before_layer4.0.conv1,sensitivityscore_After_layer4.0.conv1_0.5,sensitivityscore_After_layer4.0.conv1_0.6,sensitivityscore_After_layer4.0.conv1_0.7,sensitivityscore_before_layer4.0.conv2,sensitivityscore_After_layer4.0.conv2_0.5,sensitivityscore_After_layer4.0.conv2_0.6,sensitivityscore_After_layer4.0.conv2_0.7,sensitivityscore_before_layer4.0.conv3,sensitivityscore_After_layer4.0.conv3_0.5,sensitivityscore_After_layer4.0.conv3_0.6,sensitivityscore_After_layer4.0.conv3_0.7,sensitivityscore_before_layer4.1.conv1,sensitivityscore_After_layer4.1.conv1_0.5,sensitivityscore_After_layer4.1.conv1_0.6,sensitivityscore_After_layer4.1.conv1_0.7,sensitivityscore_before_layer4.1.conv2,sensitivityscore_After_layer4.1.conv2_0.5,sensitivityscore_After_layer4.1.conv2_0.6,sensitivityscore_After_layer4.1.conv2_0.7,sensitivityscore_before_layer4.1.conv3,sensitivityscore_After_layer4.1.conv3_0.5,sensitivityscore_After_layer4.1.conv3_0.6,sensitivityscore_After_layer4.1.conv3_0.7,sensitivityscore_before_layer4.2.conv1,sensitivityscore_After_layer4.2.conv1_0.5,sensitivityscore_After_layer4.2.conv1_0.6,sensitivityscore_After_layer4.2.conv1_0.7,sensitivityscore_before_layer4.2.conv2,sensitivityscore_After_layer4.2.conv2_0.5,sensitivityscore_After_layer4.2.conv2_0.6,sensitivityscore_After_layer4.2.conv2_0.7,sensitivityscore_before_layer4.2.conv3,sensitivityscore_After_layer4.2.conv3_0.5,sensitivityscore_After_layer4.2.conv3_0.6,sensitivityscore_After_layer4.2.conv3_0.7
/mnt/sdd/caltech_training/multiclass/train/001.Black_footed_Albatross/Black_Footed_Albatross_0007_796138.jpg,0,-0.005655804,-0.0014240268,0.0053023202,0.004952962,-0.001161842,-0.0066458415,-0.004803941,-0.0037789384,0.0021923329,0.000304059,-0.00016807274,0.002710563,0.023929752,0.006950915,0.018288953,0.010550263,0.0050942525,-0.0010264935,0.0025686077,0.008503897,0.014904855,-0.0005176277,-0.0018539059,0.00014147721,0.015595588,-0.009959618,-0.019671384,-0.019176219,-0.008568432,-0.0016831337,0.0010715509,0.0133630335,0.0086631095,0.012312673,0.02632523,0.012350131,-0.0071837353,0.0028004684,-0.0012144689,0.012578743,0.0003813319,0.023656119,0.0067838426,0.008373963,0.0247374,0.106290795,0.05597704,0.061670095
/mnt/sdd/caltech_training/multiclass/train/001.Black_footed_Albatross/Black_Footed_Albatross_0047_796064.jpg,0,0.00528371,0.0011737505,0.011993424,0.0082608545,0.003388091,0.011132724,0.015026739,0.02304401,0.0056696413,-0.0132122375,-0.004382172,-0.0028355801,-0.00030070043,0.00814264,0.0051667267,-0.0032578886,-0.0003562735,0.0038850228,-0.004941364,-0.012371032,0.0054877005,-0.00028858683,0.004684717,0.0130570475,-0.009223004,-0.018607907,-0.02739303,-0.033006623,-0.01830068,0.02365131,0.016099852,0.034420278,0.009872345,-0.023195228,-0.012163598,-0.020079996,-0.017336,-0.028165564,-0.02675319,-0.015928619,0.00071329996,0.030632108,0.011327086,0.011544067,0.021917086,0.10248142,0.051986247,0.06377962
/mnt/sdd/caltech_training/multiclass/train/001.Black_footed_Albatross/Black_Footed_Albatross_0036_796127.jpg,0,0.011019983,0.0041274144,0.010791855,0.019567983,-0.0018137384,-0.002438126,0.0014934218,-0.0032185693,0.002868144,0.003268111,-0.0021246576,0.0013050305,0.018744607,0.018131249,0.019956343,0.0027638758,0.0033210975,-0.0043374887,0.011432508,-0.002394002,0.004277043,0.0065127267,0.0039894143,0.002331152,0.0043463144,-0.027601894,-0.017521072,-0.017160997,-0.008787834,0.014034458,0.019380447,0.042806298,0.017149804,-0.004568018,0.0044994783,-0.006093189,-0.0053793476,-0.038669184,-0.03369668,-0.021168187,0.008171976,0.038734704,0.017441954,0.009064786,0.01939635,0.106553346,0.05739915,0.06325422
/mnt/sdd/caltech_training/multiclass/train/001.Black_footed_Albatross/Black_Footed_Albatross_0026_796095.jpg,0,-0.0031362479,-0.010073094,0.0037006545,0.003572508,-0.00087679934,-0.0028209449,-0.0037564656,-0.012976063,0.0009195255,-0.008550986,-0.0028707203,-0.0040801135,0.011590868,0.01782977,0.013311723,0.008843321,0.005607269,0.0070174187,0.0018159309,-0.01472145,-0.00033836626,0.013494398,0.015815563,0.020213408,-0.011887343,-0.027032524,-0.020562839,-0.03486968,-0.0090026,0.01197483,0.012085147,0.01608089,0.021579565,-0.002695823,-0.002407632,-0.01805048,0.00725701,-0.033531163,-0.037505947,-0.020747924,0.008952127,0.040714968,0.019382965,0.015689353,0.029807564,0.10962926,0.0567233,0.06930857
/mnt/sdd/caltech_training/multiclass/train/001.Black_footed_Albatross/Black_Footed_Albatross_0010_796097.jpg,0,-0.0025315278,0.0018776017,0.005976763,0.009739528,-0.0025504793,-0.010937916,-0.00072913594,-3.1720352e-05,-0.000705407,-0.00071971363,-0.0044815456,-0.0032923569,0.016886622,0.022584878,0.012715078,-0.00572113,0.025686085,-0.0012011845,-0.0036118939,-0.0051983357,0.023988238,0.011690656,0.013001663,0.010316407,0.0040129106,-0.029401172,-0.023990517,-0.0333925,0.0037097493,-0.0011807028,-0.0033263173,0.026348116,0.02591408,0.0005548422,0.0026992941,-0.010966271,0.015098365,-0.035251595,-0.03422221,-0.020271521,0.022863284,0.042912383,0.01667765,0.01808041,0.0274215,0.112236425,0.060365982,0.065734394
/mnt/sdd/caltech_training/multiclass/train/001.Black_footed_Albatross/Black_Footed_Albatross_0069_796139.jpg,0,-0.0069395043,-0.0014391728,-0.0009926972,0.0017174245,9.618816e-08,-0.010109679,-0.00010077283,-0.0052715167,-0.00039883808,0.0053822687,0.010270615,0.011361796,0.014983975,0.0064294776,-0.0010255926,0.009437712,0.027071457,-0.0001818901,0.0054064356,-0.0036703208,0.0021270015,0.011777632,0.012092741,0.0037932694,-0.0061636474,-0.022975616,-0.038295835,-0.03279673,-0.015824638,0.0213254,0.01658284,0.041153416,0.019914161,-0.0005374334,0.008437624,0.009780666,0.001498349,-0.033071734,-0.042844355,-0.024335556,0.0020466493,0.03621885,0.0076439357,0.012137128,0.0253994,0.104974434,0.05433569,0.06646234
/mnt/sdd/caltech_training/multiclass/train/001.Black_footed_Albatross/Black_Footed_Albatross_0067_170.jpg,0,-0.00861708,0.0004694159,0.0011453801,0.0017387234,0.0022050813,-0.008689933,-0.008048609,-0.0066966303,0.003985653,-0.008814119,0.00074025476,-0.007991567,0.0070390226,0.005233946,0.0036804224,0.013732564,0.0045404946,0.008710702,0.0077888425,-0.0052136877,0.0015686739,0.006172511,0.008376726,0.0021591643,-0.012731446,-0.013802683,-0.012149194,-0.0148633085,-0.0031268299,0.01203326,0.012419594,0.021285184,0.012257817,-0.0039986065,0.0017169041,-0.009975975,-0.0016667619,-0.027679464,-0.03304164,-0.022469135,-0.004209085,0.04184278,0.019428937,0.013670016,0.029148027,0.11440419,0.057432704,0.06674492
/mnt/sdd/caltech_training/multiclass/train/001.Black_footed_Albatross/Black_Footed_Albatross_0090_796077.jpg,0,0.010963056,-0.0034069354,0.0047428515,0.006786024,0.0030608135,-0.0017503249,-0.007636298,-0.001885895,0.0021225163,-0.007182857,0.0016943823,-0.0015533286,0.0032972982,0.009902837,0.006114019,0.006741496,-0.010333727,-0.0023691845,0.0027663335,0.012961855,0.004418293,0.0033188344,0.015459836,-0.003486144,-0.01053687,-0.025067007,-0.01996408,-0.019485533,-0.006435063,0.018743366,0.023817778,0.030076262,0.012901462,-0.0008100164,0.0051759696,0.00042828568,-0.018787898,-0.031416684,-0.035336167,-0.025692876,-0.006179655,0.032163303,0.0055043423,0.008450097,0.025853777,0.109916426,0.05529213,0.06889666
/mnt/sdd/caltech_training/multiclass/train/001.Black_footed_Albatross/Black_Footed_Albatross_0035_796140.jpg,0,0.00080756284,0.00061876635,-0.0041784346,0.010285816,0.00051336084,-0.008863426,-0.009194172,-0.005420748,0.00052640884,0.0018854982,0.0070892666,0.00050086225,0.014998307,0.0041797976,0.0023049926,-0.002925987,0.011329887,-9.957701e-05,0.0025646028,-0.003954827,0.0051016863,0.010499734,0.009295462,0.013552023,-0.004450267,-0.035505444,-0.030894633,-0.032468572,-0.025379285,0.015226064,0.011141574,0.029146502,0.03163648,-0.004855892,0.0009222764,-0.012199627,-0.0039256997,-0.015041512,-0.018835139,-0.009958077,-0.014229797,0.024946347,0.002669477,0.0050096447,0.02009312,0.109268546,0.055884242,0.071548104
/mnt/sdd/caltech_training/multiclass/train/001.Black_footed_Albatross/Black_Footed_Albatross_0076_417.jpg,0,-0.010284209,0.0048026657,0.0060512456,0.010697109,0.0052305856,-0.0076683606,-0.007310803,-0.005278671,0.0025619618,0.0036838,-0.0017210538,-0.001758997,0.016969796,0.0148914475,0.005738955,0.020179389,0.0200007,0.0038425038,-0.0018525515,0.007976098,0.0004347989,0.010790044,0.011750829,0.011201119,0.010030717,-0.007213713,-0.01564765,-0.0074349763,-0.009109711,0.0017362926,-0.0014586244,0.028936844,0.021136511,0.007494162,0.0096319895,0.009916205,-0.02323599,-0.014212515,-0.023399025,-0.0036146983,-0.009408244,0.03353997,0.001714373,0.0011829536,0.020073328,0.10856871,0.055350967,0.06790796
/mnt/sdd/caltech_training/multiclass/train/001.Black_footed_Albatross/Black_Footed_Albatross_0080_796096.jpg,0,0.002085622,-0.007130568,-0.0034870678,-0.00036365679,0.002359201,-0.0091929585,-0.018580195,-0.013884065,0.0029353802,0.0019533425,0.002663822,-0.004177846,0.007752075,0.009173326,0.0040840283,0.013981718,0.0063083917,-0.00465273,0.007548569,-0.0013937987,0.008839482,0.0077745505,0.010230695,0.012911182,-0.01012985,-0.024202503,-0.025500132,-0.023087466,-0.04205415,0.016014278,0.012464682,0.04772877,0.019107714,0.0028915745,0.0073495917,-0.0045372653,0.0010695299,-0.028959747,-0.025721919,-0.007167655,0.032071747,0.040376853,0.023049356,0.025308082,0.020098135,0.10705665,0.055345513,0.06914088
/mnt/sdd/caltech_training/multiclass/train/001.Black_footed_Albatross/Black_Footed_Albatross_0061_796082.jpg,0,0.011650342,0.0018050541,0.008065534,0.005489991,0.009950966,-0.0054853614,-0.0032986845,-0.004001634,0.0038917714,-0.012299758,-0.008350405,-0.008672685,0.00998009,0.0087551065,0.004692464,-0.010160841,-7.515587e-05,0.0020564944,0.00031435862,0.005028413,0.0056359055,0.010905687,0.014998501,0.014764704,-0.016180295,-0.03720336,-0.033361778,-0.045368336,-0.005511985,0.008305322,0.0072985785,0.022964438,0.026766434,-0.00738342,-0.0023576948,-0.0080695385,0.0031238878,-0.038036298,-0.04314604,-0.022511676,-0.015618956,0.027317066,0.008784015,0.010361831,0.028899092,0.10965288,0.054879718,0.07156417
/mnt/sdd/caltech_training/multiclass/train/001.Black_footed_Albatross/Black_Footed_Albatross_0003_796136.jpg,0,0.0012816978,-0.0023500363,-0.0031734402,0.0057210834,-0.0057140165,-0.0010972372,0.0013539414,0.00076520676,-0.0034533767,-0.0029808427,-0.0043892204,-0.0012102629,0.007831588,0.0068672886,0.0022747326,0.00038966443,0.019175949,0.009400303,-0.00069049746,0.0023759773,0.004541409,0.008065161,0.008907705,0.008215858,0.0022687893,-0.02183849,-0.01636289,-0.017358392,-0.011963481,0.015882006,0.02417117,0.04785595,0.02846333,0.0024464973,0.015847461,0.006055073,0.01679036,-0.029628921,-0.023834977,-0.015514892,0.02673725,0.036304418,0.016316812,0.009786803,0.026766539,0.11421217,0.059406936,0.06993886
/mnt/sdd/caltech_training/multiclass/train/001.Black_footed_Albatross/Black_Footed_Albatross_0079_796122.jpg,0,0.0012815542,0.0019587327,0.00536166,0.0054426496,-0.0051309224,-0.0011272113,-0.0031840182,-0.0068792,0.00045044508,-0.003587857,-0.0042343275,-0.0029144685,0.01652608,-0.003948018,-0.011850992,0.009437464,-0.003699936,0.003188639,-0.0074569993,0.013393468,0.0046399347,0.011233777,0.016525943,0.014057582,-0.0009779679,-0.018756041,-0.012627544,-0.022096954,-0.0039787274,0.009365255,0.0016909242,0.02907727,0.02467123,0.014412776,0.011330012,0.0017815011,-0.026215965,-0.029298402,-0.033965454,-0.019582348,0.0013597999,0.04227289,0.010526571,0.014079405,0.02245927,0.107595906,0.055586867,0.06999857
/mnt/sdd/caltech_training/multiclass/train/001.Black_footed_Albatross/Black_Footed_Albatross_0082_796121.jpg,0,-0.0033990275,0.003645722,0.009860512,0.0051484737,0.0011028859,-0.0037275958,-0.002313132,0.0076237796,0.0018499726,0.004233781,0.0025545282,0.006345275,0.0067430325,0.01430127,0.0046335934,-0.00367815,0.015139904,-0.011288944,-0.02271118,-0.010364397,0.009917247,0.0023616536,0.00031682418,0.008551046,0.0008804612,-0.022275502,-0.03171034,-0.0362302,-0.024326196,0.0113236755,0.011489949,0.037662674,0.02522263,-0.005274338,0.0006239786,-0.012582346,-0.0016712919,-0.023949405,-0.029885583,-0.01442885,-0.007669653,0.041026667,0.016914759,0.0150139555,0.024605878,0.11196926,0.054522403,0.06949994
/mnt/sdd/caltech_training/multiclass/train/001.Black_footed_Albatross/Black_Footed_Albatross_0064_796101.jpg,0,0.01108931,0.006060565,0.0028841936,0.002294322,-0.001459867,0.0039465027,-0.006498426,-0.0028001438,0.00052609056,-0.0042346497,-0.003623564,-0.0035751595,0.00074453035,0.0036110356,0.0032368226,0.0015079563,0.018569235,-0.01855864,-0.024492817,0.007523133,0.012281914,0.008976159,0.019564759,0.016033156,0.006221432,-0.020271031,-0.021114271,-0.01945357,-0.007905898,0.020169254,0.015124016,0.027852785,0.017151007,-0.00093397766,0.011239672,-0.0010707905,-0.004475631,-0.022778595,-0.029645884,-0.018642565,0.01027806,0.03117298,0.010370269,0.013114339,0.0261387,0.11102232,0.056623414,0.067541376
/mnt/sdd/caltech_training/multiclass/train/001.Black_footed_Albatross/Black_Footed_Albatross_0042_796071.jpg,0,-0.003911112,-0.0056742434,-0.001837061,0.0023238896,-0.004289508,-0.0073501505,-0.007327646,-0.009110397,-0.00409998,-0.0063565387,-0.005700645,-0.0021269142,0.014430847,0.0053875344,0.006027988,0.00646068,-0.004586118,0.004368561,-0.0035528666,-0.00071914773,0.004766019,0.02257879,0.022507798,0.015272821,0.0061970996,-0.022051984,-0.027276326,-0.027679536,0.023011204,0.018610684,0.023072813,0.03976146,0.024854317,0.007316233,0.016955445,0.010142382,-0.0012773536,-0.020865923,-0.024932822,-0.0072954847,0.00054107513,0.028118502,0.012668864,0.013435445,0.01914623,0.109769605,0.05481448,0.06805683
/mnt/sdd/caltech_training/multiclass/train/001.Black_footed_Albatross/Black_Footed_Albatross_0068_796135.jpg,0,-0.0045196735,0.0023225602,6.251712e-05,-0.0011437476,-0.006482856,-0.0082745375,0.0010843942,-0.0038900725,-0.0021421053,-0.0013718018,-0.0027736458,0.00051645865,0.0017825414,0.010327421,0.010328123,0.0029719886,0.01557307,-0.029356949,-0.026868168,-0.019691348,0.009851716,0.012890846,0.011837462,0.008441869,0.011604312,-0.018180273,-0.030279294,-0.033586558,0.002507417,0.017131677,0.022569668,0.03930475,0.0238185,0.004125515,0.015013634,0.0011972488,-0.0143270865,-0.029997177,-0.030180663,-0.015853742,-0.017350959,0.03721578,0.0069312085,0.013641123,0.02697466,0.1139715,0.057037383,0.07263845
/mnt/sdd/caltech_training/multiclass/train/001.Black_footed_Albatross/Black_Footed_Albatross_0031_100.jpg,0,0.007405544,-0.005021672,-0.0017047087,0.014249157,-0.00073279516,0.004795208,0.006899881,0.003190136,-0.0023194416,0.00811072,0.008186684,0.0057121823,-0.0036942554,0.0014821198,-0.0041441284,-0.0009825362,0.0039597475,-0.016508143,-0.00790745,-0.008775322,0.002840864,0.014540429,0.011187598,0.019781675,0.0077020843,-0.0066836965,-0.006412705,-0.009851113,-0.0067916396,-0.0031506335,0.013537491,0.01659699,0.01900865,-0.021754786,0.00047911284,-0.012930509,-0.02731064,-0.029433813,-0.031374764,-0.022427898,0.008333733,0.04202228,0.018517226,0.009689995,0.02088039,0.10979585,0.05306223,0.07043341
/mnt/sdd/caltech_training/multiclass/train/001.Black_footed_Albatross/Black_Footed_Albatross_0014_89.jpg,0,0.010761125,-0.0028863715,-0.0056431848,-0.0071937377,-0.0017590076,0.01482894,0.01626047,0.0169116,-0.00040916484,0.0013105131,-0.0012475483,-0.0025012216,-0.0053616716,0.010351307,0.015102917,-0.0005283811,-0.006634351,-0.00484401,-0.01164283,-0.0058379513,0.007710119,0.010388695,0.010164961,0.012153181,-0.010168629,-0.017412266,-0.028007694,-0.022049641,-0.01951228,0.003112018,0.020544417,0.029431842,0.029849723,0.01552512,0.00777373,0.0043536113,-0.008938175,-0.03476271,-0.034756072,-0.025213337,0.034232784,0.04726267,0.024758898,0.02181697,0.01981341,0.10891179,0.060211282,0.06535052
/mnt/sdd/caltech_training/multiclass/train/001.Black_footed_Albatross/Black_Footed_Albatross_0033_796086.jpg,0,0.0069091776,0.002063378,0.0065260637,0.005773544,-0.0006217851,0.0051252637,0.00022167154,-0.003641956,0.003075462,-0.010152768,-0.0012318955,0.006070919,0.0015194183,-6.706314e-05,-0.0016529597,-0.011998199,-0.019619878,-0.0015593981,-0.00875647,-0.0020447094,0.006457313,-0.0012938459,0.00057760905,-0.0020025999,0.0047734543,-0.020439086,-0.027620316,-0.030513741,-0.008923503,0.015449175,0.014214087,0.021486891,0.019118782,0.0012026799,0.0035156845,-0.004675133,-0.0068123983,-0.0327403,-0.031164262,-0.020812007,0.0071908208,0.031552766,0.009569,0.017180258,0.02802775,0.100068904,0.05203764,0.0672687
/mnt/sdd/caltech_training/multiclass/train/001.Black_footed_Albatross/Black_Footed_Albatross_0024_796089.jpg,0,0.0019407386,-0.003864163,0.0020699461,0.0024993848,0.0024681534,0.0042617074,-0.00026831124,0.005852998,0.0005951978,-0.015709981,-0.01225019,-0.011235378,-0.00014891173,0.006979218,0.001559611,0.010125206,0.005614756,-0.0013674377,0.0114919245,0.0012529576,0.018646691,0.012021345,0.0050636106,0.004102684,0.030549705,0.0076005626,0.0029148823,-4.208577e-05,0.008172267,0.024328357,0.010986175,0.03037126,0.023736255,0.009690756,0.024592753,0.012782661,-0.026070323,-0.03281753,-0.030640762,-0.029420372,0.002826789,0.045851976,0.02233114,0.025322031,0.022243945,0.10767512,0.0547575,0.06516647
/mnt/sdd/caltech_training/multiclass/train/001.Black_footed_Albatross/Black_Footed_Albatross_0005_796090.jpg,0,0.004783264,0.006970438,-0.00029702391,-0.006812067,0.0047185505,-0.009508963,-0.005091017,-0.012414515,0.005989788,0.0057886625,0.0020193944,0.0012615367,0.007135327,0.017664593,0.012561498,-0.005609378,0.010221201,-0.0036601424,-0.018760303,-0.011408097,0.0075137294,0.0038026327,-0.0059523582,-0.0041764616,0.0039388645,-0.021975262,-0.04305804,-0.04428877,0.005989331,0.024823941,0.025308473,0.04939933,0.02337087,0.017561022,0.020123962,0.020374175,0.0040098494,-0.031544205,-0.029084975,-0.012848377,0.013851706,0.03820067,0.0179101,0.017301738,0.027091913,0.11710471,0.05954995,0.06954198
/mnt/sdd/caltech_training/multiclass/train/001.Black_footed_Albatross/Black_Footed_Albatross_0023_796059.jpg,0,-0.0055985292,0.0003660397,0.0062033106,0.007684722,-0.006881612,-0.007741654,-0.0071267346,-0.0072703096,0.00014429615,0.005585738,0.007373451,0.006273577,0.011792235,0.011976502,0.0014685858,0.0036837081,0.013324115,0.00018032081,-0.0072059687,-0.023591056,0.01220751,0.01154807,0.007040914,0.012914071,0.009305667,-0.01046595,-0.038663696,-0.034751743,0.00041560782,0.020573314,0.02003465,0.028025307,0.028129522,0.017504022,0.016940955,0.012803344,-0.024440322,-0.032652356,-0.029110301,-0.025884189,-0.021876208,0.0356064,0.0076977657,0.008787857,0.02551303,0.110334694,0.057624493,0.06930886
/mnt/sdd/caltech_training/multiclass/train/001.Black_footed_Albatross/Black_Footed_Albatross_0074_59.jpg,0,-0.0037107137,0.004564044,0.0029766103,-0.0019579611,-0.0017723774,0.009692626,-0.0030890217,-0.0098710805,-0.0002538336,-0.0020182915,-0.0052248957,-0.0036949185,0.00863466,0.016076475,0.0098967785,0.0091202725,0.023432981,-0.008143274,-0.0120714735,-0.017339518,0.026999172,0.016078332,0.0119773885,0.0066246325,0.042630572,-0.017586716,-0.018369388,-0.0233777,0.03192675,0.024452632,0.017763719,0.035885498,0.024811849,0.0008955528,0.00777034,-0.00232309,0.0047309613,-0.03049793,-0.028008677,-0.027639095,0.009779343,0.035565488,0.014577003,0.014707655,0.020033054,0.11109032,0.056988075,0.06961374
/mnt/sdd/caltech_training/multiclass/train/001.Black_footed_Albatross/Black_Footed_Albatross_0085_92.jpg,0,0.0033342585,0.0019594552,0.0020597042,-0.0011625307,0.0027106088,0.008503259,0.007322872,0.0011578591,0.0052245143,-0.00071810314,0.0036018183,0.005211451,0.0045007598,0.013088439,0.00593074,-0.00048812875,0.023266207,-0.00830417,-0.008323379,-0.0066646277,0.012587734,0.012977199,0.013838199,0.0075826645,0.0071894317,-0.020932168,-0.017409855,-0.019708354,0.00010479521,0.02213248,0.019967344,0.025496267,0.020535028,-0.0042110784,0.004311189,-0.002240886,0.0066402536,-0.034741618,-0.033165954,-0.029504685,0.006635454,0.045799866,0.026520774,0.02717722,0.027084516,0.10260235,0.054563813,0.0614879
/mnt/sdd/caltech_training/multiclass/train/001.Black_footed_Albatross/Black_Footed_Albatross_0077_796114.jpg,0,0.0033467445,0.0048413537,0.0059179226,0.0015633196,0.0020567675,-0.011262149,-0.013116264,-0.014448844,0.00037348992,-0.004906323,0.002901046,0.0005430757,0.016656043,0.01783586,0.01972981,0.013212526,0.023976691,-0.004824511,-0.013285389,-0.013330677,0.022436434,0.018259637,0.008929881,0.0094913,0.009660974,-0.013304363,-0.03160305,-0.027730286,-0.01685378,0.0006756317,0.013647197,0.04224758,0.023066353,0.0053046104,0.010018274,0.0038021817,0.0075107124,-0.026672136,-0.024658965,-0.014726774,0.021576513,0.041339263,0.02181957,0.018302463,0.02337231,0.11051503,0.05227451,0.065401
/mnt/sdd/caltech_training/multiclass/train/001.Black_footed_Albatross/Black_Footed_Albatross_0049_796063.jpg,0,-0.010598992,-0.0011038133,-0.0056883935,-0.0076271743,-0.0062362608,-0.006850396,-0.007788771,-0.00466711,-0.0026121812,-0.018579576,-0.011493711,-0.006312241,0.0033496222,0.011758224,0.0019306568,-0.003442186,0.006525131,-0.009966708,-0.008129732,-0.008923759,0.003588898,0.008062245,0.009816064,0.013993745,-0.003975468,-0.032596968,-0.02179751,-0.023293503,-0.010957364,0.011827791,0.00424836,0.026037632,0.0191627,-0.0067492495,0.0029448927,-0.0058155395,-0.0084134815,-0.032168806,-0.03624483,-0.03338726,0.011058169,0.042015076,0.018456783,0.021931544,0.017875262,0.10930184,0.058697212,0.07341198
/mnt/sdd/caltech_training/multiclass/train/001.Black_footed_Albatross/Black_Footed_Albatross_0065_796068.jpg,0,0.0083629275,0.0027502878,0.005803376,0.0013873992,0.00545687,-0.008169473,-0.010654727,-0.009787374,0.00049184554,-0.002150748,-0.0024376176,0.0022731645,0.019948479,0.009679621,0.0068379473,-0.004493375,0.016115464,0.00032623857,-0.0067417966,-0.0045820624,0.015155589,0.004978017,0.0051111183,0.016153015,0.0044726934,-0.02853718,-0.031631675,-0.033635087,0.009884318,0.023232302,0.019494575,0.050139613,0.027733626,0.0027815648,-0.0008466253,-0.011335742,0.007321289,-0.037850976,-0.037989162,-0.022481443,0.021625664,0.055789765,0.025777634,0.024300445,0.025087215,0.11058849,0.05555135,0.06576416
/mnt/sdd/caltech_training/multiclass/train/001.Black_footed_Albatross/Black_Footed_Albatross_0009_34.jpg,0,-0.000653707,-0.010859704,-0.010274986,-0.0060797487,-0.0038524927,-0.008083261,-0.002435972,-0.013004318,-0.0031259693,-0.017600372,-0.012791216,-0.01844121,0.009163259,0.015292776,0.008245422,0.0006101264,0.004244092,0.008713839,-0.0024407757,0.0057122763,0.004053385,0.010218481,0.0061779376,0.007831724,0.00916721,-0.015410317,-0.024576727,-0.03334661,-0.0032797349,0.021968879,0.018148087,0.036143947,0.012832441,0.009850096,0.014832968,0.00852301,-0.009646388,-0.035259627,-0.03227791,-0.029318543,0.012278659,0.045176987,0.025691679,0.025470551,0.025319956,0.10824767,0.05402711,0.06696758
/mnt/sdd/caltech_training/multiclass/train/001.Black_footed_Albatross/Black_Footed_Albatross_0089_796069.jpg,0,-0.0019785836,0.004023636,0.009142382,0.009865463,0.0007864963,-0.0031899037,-0.0062860074,-0.010863507,0.0018780087,-0.013729227,-0.008295062,-0.017722752,0.014534454,0.007305083,0.0035761958,-0.0084794285,0.026204184,0.007357151,-0.014845869,-0.0034820247,0.0190228,0.016154036,0.025621234,0.019963708,0.015815893,-0.026894182,-0.014628058,-0.018340841,0.0010958519,-0.0017407257,0.007148547,0.021492098,0.033736624,0.0011744858,0.007643733,0.0019404618,0.007987924,-0.02600232,-0.024205219,-0.023471605,0.0123997945,0.033140007,0.0131468065,0.012233486,0.02658854,0.11034265,0.057099614,0.07100996
/mnt/sdd/caltech_training/multiclass/train/001.Black_footed_Albatross/Black_Footed_Albatross_0041_796108.jpg,0,-0.0005258587,-0.00473595,0.00024836045,0.011757801,0.0031675429,-0.002008196,-0.010029929,-0.010869656,0.0018339703,0.0014700567,0.0034248913,0.002336981,0.01122271,0.013421311,0.0033450662,0.016238404,0.018205004,0.017939271,0.008585056,0.0031856606,0.011993328,0.004247007,0.010392478,0.007585064,-0.0022229461,-0.012318572,-0.009001811,-0.008354036,-0.015594263,-0.00012978911,-0.004486046,0.02836059,0.021467786,-0.0003039101,-0.00210678,-0.011389192,-0.005618225,-0.024227478,-0.040863916,-0.023111796,-0.0040929713,0.014549282,-0.004506944,-0.005062296,0.01616067,0.10977471,0.051842287,0.064870104
/mnt/sdd/caltech_training/multiclass/train/001.Black_footed_Albatross/Black_Footed_Albatross_0081_426.jpg,0,0.0024341098,0.0066305734,-0.001512201,-0.010367532,0.004910743,-0.002370863,0.0016419053,-0.0060785403,0.0008866461,-0.010950585,-0.00680234,-0.0041816738,0.009999938,0.01893934,0.011907658,0.019559909,0.006459087,0.0074956305,0.0060656257,-0.0006530094,0.015570837,0.02446317,0.016914723,0.015214397,0.021182822,-0.025292818,-0.02880954,-0.031901486,-0.0073406594,0.010211594,0.0070656277,0.04231955,0.016973468,0.010086909,0.021288466,0.013473797,-0.004624468,-0.022565007,-0.028434493,-0.01474292,0.002959337,0.03543922,0.013018532,0.008910383,0.025154945,0.109095596,0.056278624,0.068074815
/mnt/sdd/caltech_training/multiclass/train/001.Black_footed_Albatross/Black_Footed_Albatross_0056_796078.jpg,0,0.011802876,0.008169018,0.0043279305,0.011211167,-0.00051894784,-0.005048412,-6.647868e-05,0.0026747454,0.0043999283,0.0015898385,-0.003107988,-0.006449127,0.018290501,0.02959149,0.010875972,0.020179471,0.02818038,0.0022230884,0.014174651,0.002844897,0.017275393,0.007808854,-0.00090888795,-0.0018915902,0.03643115,-0.0030294028,-0.0063833953,-0.011752063,0.021451958,-0.009391772,-0.0063446024,0.02087174,0.025842093,0.0070951516,0.021011423,0.005655803,0.005763402,-0.01436751,-0.018842205,-0.0012874485,0.009481294,0.026392935,0.011044428,0.011681663,0.019029938,0.113337606,0.056552786,0.06714474
/mnt/sdd/caltech_training/multiclass/train/001.Black_footed_Albatross/Black_Footed_Albatross_0038_212.jpg,0,0.0025834383,0.003852403,0.006102332,0.0015704513,0.004483051,-0.0029756406,-0.0064719017,-0.014971433,0.0041097994,-0.003096236,-0.0063040485,-0.006532084,0.013212266,0.008544424,-0.0069737323,-0.006929315,0.021282757,-0.012141248,-0.02031598,0.0013577715,0.006571238,0.012345063,0.015274472,0.011801501,-0.009263362,-0.035289038,-0.039704904,-0.034609042,-0.018957058,0.026512265,0.020304544,0.046168674,0.024123743,-0.0024690938,0.006250104,-0.0090952,0.0068978085,-0.021656502,-0.03175724,-0.011433334,0.0142139755,0.036087867,0.012574626,0.01637336,0.028091481,0.111743316,0.055008568,0.07172367
/mnt/sdd/caltech_training/multiclass/train/001.Black_footed_Albatross/Black_Footed_Albatross_0037_796120.jpg,0,0.00015847161,0.00941075,0.007820162,0.0035402589,0.003151138,-0.008576306,-0.005949681,-0.006930259,0.0017693804,-0.00760217,-0.006946351,-0.00057538296,0.012512704,0.019782517,0.0139125055,-0.0067642196,0.010020971,0.0076223714,0.0019911593,0.010401094,0.016122047,0.003692117,0.012637683,0.0019155304,0.015834272,-0.02970329,-0.035453778,-0.051305033,-0.011706106,-0.00049935095,0.0070884917,0.03168198,0.022066552,0.0014275042,0.005943231,-0.006383531,-0.015323289,-0.02952211,-0.028674327,-0.01890032,-0.015227446,0.039484255,0.012387604,0.013803904,0.027943447,0.112646565,0.057496753,0.06829152
/mnt/sdd/caltech_training/multiclass/train/001.Black_footed_Albatross/Black_Footed_Albatross_0002_55.jpg,0,0.004969205,-0.0051360847,-0.00035980248,0.00083909044,-0.0007064482,-0.0146354,-0.019114923,-0.011759665,0.0014106887,-0.01049376,-0.011285744,-0.0075349677,-0.0036620735,0.0046751057,0.0006081287,0.005854126,0.0054615913,-0.005849261,-0.00809583,-0.011101294,0.0069956556,0.008796596,0.0036659501,0.0068357857,-0.0003740401,-0.019628346,-0.020721238,-0.022914482,-0.006914251,0.01019234,0.017492443,0.05713573,0.022113502,-0.015847443,-0.008749779,-0.0039527575,-0.029149288,-0.023555119,-0.025826542,-0.0011747624,-0.016006902,0.025286913,-0.00011695828,0.0032381117,0.018371128,0.10136745,0.05051048,0.061446264
/mnt/sdd/caltech_training/multiclass/train/001.Black_footed_Albatross/Black_Footed_Albatross_0025_796057.jpg,0,-0.011340499,0.0063100704,0.0060337903,-0.00081082067,-0.007198316,-0.0021697546,-0.005984811,-0.0052236295,-0.003231076,-0.0032954013,-0.009552759,0.0035877873,-0.004274131,-0.0035505628,-0.016168736,0.002212675,-0.009075922,-0.01470171,-0.028066093,-0.018775405,-0.0058398414,0.00076578883,0.0020661247,-0.0032424934,-0.00016563246,-0.022763137,-0.011707087,-0.013683406,-0.013912051,0.014748378,0.016452782,0.027943771,0.0048673823,0.010984477,0.013030047,0.008421307,-0.03829725,-0.03552389,-0.038759697,-0.02141084,-0.02579719,0.040046208,0.0105857905,0.01468263,0.0250551,0.115507394,0.06464292,0.07389079
/mnt/sdd/caltech_training/multiclass/train/001.Black_footed_Albatross/Black_Footed_Albatross_0008_796083.jpg,0,-0.0012751912,-0.002680308,-0.0028023582,-0.004095272,-0.00204384,0.006580195,0.0076415427,-0.005013194,0.003336506,5.396374e-06,-0.0066644587,-0.009547843,0.0024803039,0.014587536,0.00028783362,0.012894059,0.009998739,-0.0039164093,0.0011094915,-0.016122742,0.011038269,0.0084578,0.012071351,0.006771544,0.0053441585,-0.02682148,-0.016705612,-0.01189303,-0.0045208572,0.024264805,0.017116293,0.0464513,0.014126419,0.0088724615,0.008045971,0.00053117773,0.013827805,-0.026542982,-0.03588774,-0.019304886,0.0384726,0.03302796,0.013354333,0.0175823,0.01796034,0.10550417,0.051219814,0.063204244
/mnt/sdd/caltech_training/multiclass/train/001.Black_footed_Albatross/Black_Footed_Albatross_0078_796126.jpg,0,0.007433938,-0.009312726,0.0011498434,-0.002841152,0.00021604722,0.0049545188,-0.00034406432,-0.0014233234,0.00030398177,0.011147935,0.019420916,0.018479198,0.0010265784,-0.0027018439,-0.007923204,-0.0071807173,0.0015647998,-0.0019696094,-0.005105658,-0.0047470396,2.0206906e-05,-0.0066882614,-0.005847486,-0.0074526374,-0.01697431,-0.030695014,-0.02411722,-0.036094688,-0.028223721,0.00960903,0.036488585,0.05760023,0.012895577,-0.0013517117,0.0022754248,6.0698483e-05,-0.02405744,-0.02087203,-0.035450228,-0.02706511,0.008596895,0.033289425,0.008287591,0.007817384,0.015329998,0.10361256,0.053503476,0.06513266
/mnt/sdd/caltech_training/multiclass/train/001.Black_footed_Albatross/Black_Footed_Albatross_0039_796132.jpg,0,-0.0046526617,0.0007483044,0.0046871444,0.0034235178,0.00070235186,-0.0032990454,-0.010081148,-0.017645298,-0.00079518824,-0.006756178,-0.004932289,-0.0045848293,0.012679338,0.016645895,0.0073388144,0.005853812,0.005226938,0.002826158,-0.0015225012,0.014216281,0.009631662,0.00908219,0.014765985,0.012671154,0.0015375875,-0.0175866,-0.0013110004,0.00014403183,-0.005318084,0.023621649,0.020720098,0.052187964,0.026444256,0.020395791,0.013369154,0.010466997,0.0042544464,-0.02741724,-0.030131482,-0.02036662,0.014135929,0.025654238,0.012733453,0.019496296,0.023214612,0.11069234,0.057309046,0.07084572
/mnt/sdd/caltech_training/multiclass/train/001.Black_footed_Albatross/Black_Footed_Albatross_0006_796065.jpg,0,-0.001507988,-0.0035362933,-0.0011410143,0.0039211125,-0.0063854097,0.0007940945,-0.00479761,-0.0074758837,0.000489372,-0.002414896,-0.0007898749,-0.002745957,0.024491133,0.010007699,0.007122141,-0.0052862335,0.022078335,-0.0042791846,0.010234615,0.006820107,0.022916347,0.01874756,0.009784199,0.013085296,0.009341121,-0.028002946,-0.03272347,-0.029425513,-0.0019738553,0.009065634,0.0071081524,0.027048433,0.015782267,0.0075562503,0.008661451,-0.0015742728,-0.018596321,-0.033377036,-0.03589649,-0.027720757,-0.02687702,0.043808736,0.02369791,0.026990023,0.020423975,0.109986335,0.057923205,0.068254784
/mnt/sdd/caltech_training/multiclass/train/001.Black_footed_Albatross/Black_Footed_Albatross_0032_796115.jpg,0,-0.0008608382,-0.0006719974,0.0034808894,0.00085814775,-0.0037598563,-0.010194507,-0.010986906,-0.012918038,0.0026002873,-0.0087234,0.00012391579,-0.0012676512,0.0032547065,0.010812801,0.014396191,-0.0019190881,0.006329054,-0.0033189994,0.0020171413,0.009177013,0.014944209,0.007938778,0.02222977,0.011967788,-0.0015900261,-0.036617786,-0.026903069,-0.04638972,-0.0036173335,0.006822869,0.017225277,0.046150617,0.018003184,0.002274151,0.011134737,-0.001259608,-0.0038315277,-0.02797589,-0.033412978,-0.018168818,0.010601992,0.03134218,0.007703248,0.01732628,0.023379156,0.11556466,0.060269903,0.068966225
/mnt/sdd/caltech_training/multiclass/train/001.Black_footed_Albatross/Black_Footed_Albatross_0071_796113.jpg,0,-0.010351863,0.0077311653,0.0019727084,-0.00033218937,-0.009554396,-0.00044960808,-0.0032075366,-0.0024462352,-0.0022011835,0.0028471786,0.0045472938,0.0038266992,0.013882522,0.011011701,0.0078036054,0.016433438,0.012898635,0.014027784,-0.00673103,-0.0075149657,0.0064112945,0.004518261,0.0045267297,0.0058100782,0.00011501089,-0.029283848,-0.032274414,-0.03727384,-0.001164658,0.023946762,0.00587542,0.03457579,0.019011399,0.004166671,0.0076893023,0.0059489193,-0.009877367,-0.031044386,-0.037393004,-0.030079577,-0.01924885,0.03307071,0.016879015,0.018874459,0.024763213,0.11008991,0.05442775,0.073560074
/mnt/sdd/caltech_training/multiclass/train/001.Black_footed_Albatross/Black_Footed_Albatross_0051_796103.jpg,0,-0.004577063,0.01147355,0.010031103,0.016807023,0.006582163,-0.008850866,-0.003779727,-0.004778683,0.001166631,0.0007753555,0.00097225653,0.0077479603,0.007425225,0.013370123,0.015965791,0.000987459,-0.00242119,0.0069550686,0.002518199,0.020233212,0.0018263911,0.016921733,0.016730875,0.008685776,-0.0093170265,-0.03190124,-0.03409689,-0.029406779,-0.02399886,-0.0039036125,-0.00019038469,0.027334524,0.029978309,-0.0030196945,-0.0015236496,-0.0035356553,-0.003364218,-0.027769579,-0.030182991,-0.019030515,0.0068034176,0.029948007,0.011088315,0.008905823,0.026592758,0.1127038,0.058983453,0.07135635
/mnt/sdd/caltech_training/multiclass/train/001.Black_footed_Albatross/Black_Footed_Albatross_0016_796067.jpg,0,-0.004826473,0.004045273,0.008214493,0.016460817,0.0024400996,-0.008902218,-0.00072013465,-0.0019820617,-0.0025825594,-0.004713756,-0.0061498745,0.001844639,0.017275907,0.011917327,0.0045069037,0.001974903,0.018875392,-0.010054237,-0.02063775,0.0026418678,0.021721985,0.0135658225,0.009404947,0.0133007765,0.01694573,-0.019023888,-0.021803143,-0.025360636,0.0059579294,0.024994262,0.01206823,0.038644075,0.03349565,0.01645843,0.021836475,0.013471376,0.016023684,-0.034917008,-0.036558226,-0.02506803,0.02656562,0.03734831,0.018924758,0.016627563,0.027192488,0.11583519,0.05840352,0.07087019
/mnt/sdd/caltech_training/multiclass/train/001.Black_footed_Albatross/Black_Footed_Albatross_0088_796133.jpg,0,-0.003946571,-0.00876298,-0.0032974249,-0.0015711938,-0.0031186966,-0.0055677597,-0.0068441886,-0.0055159265,0.0025245203,0.012909849,0.01035426,0.011343986,-0.001568123,0.0009689694,-0.004416658,0.0082016215,-0.010823421,0.006137237,-0.0003832914,-0.013316689,-0.010600746,0.0031483383,-0.0002228627,0.0059031984,-0.022560535,-0.017212061,-0.025420379,-0.013680269,-0.060414903,0.017212674,0.022791648,0.04596234,0.01271287,0.0015863427,0.0024221817,-0.004167242,-0.015859,-0.008406382,-0.025805674,-0.009010136,0.02756539,0.035938106,0.014658809,0.015449347,0.019239957,0.107870676,0.053678572,0.06975006
/mnt/sdd/caltech_training/multiclass/train/001.Black_footed_Albatross/Black_Footed_Albatross_0053_796109.jpg,0,0.003963572,0.0028113043,-0.00042128807,-0.007165191,0.0035300152,-0.0021729406,-0.009127236,-0.020514894,0.0025795768,-0.0101548685,-0.005105959,0.0039960085,0.001711355,-0.0053886417,-0.012597199,-0.001961689,0.003872131,0.010193852,-0.0068206787,0.0070929686,0.00025014533,0.0071241735,0.008580983,0.008114086,-0.016467616,-0.01670816,-0.017608996,-0.019862734,-0.02750739,-0.009284213,-0.016028944,0.0073868185,0.031822793,-0.011660998,0.0034344923,-0.002702792,0.005303143,-0.032147482,-0.04081855,-0.01917793,-0.0050594285,0.02112374,0.004648396,0.00785554,0.022583768,0.103728876,0.049366146,0.06658037
/mnt/sdd/caltech_training/multiclass/train/002.Laysan_Albatross/Laysan_Albatross_0061_563.jpg,1,0.005907635,-0.00010702136,0.005279615,0.008070258,-0.0013645873,0.009659814,0.009035783,0.008123348,0.0034312564,0.015897823,0.017659158,0.010871055,0.014681121,0.004446429,0.0010941704,0.009367463,0.017461162,0.00068448205,-0.00013247132,0.0005533737,0.02383322,0.009061567,0.004269463,0.021697566,0.005378969,0.038231067,0.026736312,0.021273395,0.009158682,0.030134536,-0.002760157,0.013857722,0.028543003,0.0111320615,0.008082549,0.022187496,-0.010769046,0.0025690207,0.0222352,0.001288211,-0.004464768,-0.023592155,0.011668451,-0.004593458,0.016966427,0.05458329,0.058003,0.08952947
/mnt/sdd/caltech_training/multiclass/train/002.Laysan_Albatross/Laysan_Albatross_0017_614.jpg,1,0.003012482,-0.0064079533,-0.0020119392,-0.003269562,-0.0014114997,-0.0029728408,0.0038477858,0.0036678526,-0.0011880549,0.003007161,-0.003134045,-0.00012261944,0.014849089,0.02266668,0.021545023,0.022386981,0.0094940895,-0.0005034753,0.008352694,0.018712204,0.022587571,0.008882668,0.006729464,0.010315135,0.018868316,0.042524893,0.028851364,0.027964152,0.02158924,0.05180198,0.040376257,0.031989954,0.033079706,0.009202934,0.014928286,0.024355695,-0.038746376,0.0019316887,0.013887744,-0.011873988,-0.04193121,-0.01583907,0.009350215,0.00093223806,0.012999842,0.05132816,0.053276256,0.091289
/mnt/sdd/caltech_training/multiclass/train/002.Laysan_Albatross/Laysan_Albatross_0035_876.jpg,1,-0.008978122,-0.0052325022,-0.012452574,-0.00029904328,-0.013914962,-0.0015747573,-0.0048960084,-0.00028676493,-0.005929769,0.0059334436,0.011035052,0.014340545,0.016732663,0.018425003,0.017169744,0.020584337,0.020420115,-0.005247704,-0.0076774014,-0.0015592086,0.025377281,0.01162597,0.0057493784,0.01414926,-0.019524176,0.038736194,0.032409128,0.011966604,-0.0018642163,0.01236273,-0.013821209,0.0092383,0.02060102,-0.016456397,-0.029275823,-0.0009524594,-0.058078088,-0.0017079748,-0.012629803,-0.016988842,-0.041558117,0.00056678476,0.032811347,0.017465321,0.00917889,0.05478601,0.05855254,0.09059729
/mnt/sdd/caltech_training/multiclass/train/002.Laysan_Albatross/Laysan_Albatross_0040_472.jpg,1,0.0034599034,-0.015273731,0.0043351157,-0.00017773896,0.0025162967,-0.008778188,-0.0072808536,-0.007010364,0.0016270693,-0.0006929377,-0.0017419903,-0.0031088116,0.013830714,0.012009389,0.01331225,0.012298396,0.0071889227,-0.0014768713,-0.0012257835,-0.0032806857,0.029364247,0.010774931,0.0068794885,0.017804407,0.014625279,0.036372617,0.035680193,0.025262784,0.050813653,0.04602926,0.030489782,0.028182736,0.022466918,-0.0008626189,-0.00086347247,0.012090588,0.009834263,0.009199426,0.019341746,0.0010088868,-0.005388912,-0.010457557,0.019307151,0.0024898308,0.0089209685,0.05799041,0.059712633,0.09504208
/mnt/sdd/caltech_training/multiclass/train/002.Laysan_Albatross/Laysan_Albatross_0073_927.jpg,1,-0.0069922833,-0.0056521534,-0.003976791,-0.00049653894,-0.007960788,0.005371538,-0.008261794,-0.006132815,0.0015388172,0.0053147087,0.007860374,0.003654589,0.0056556156,0.009284798,0.011684444,0.0061565824,-0.00016449811,0.022774387,0.0014119775,0.023708563,0.018531496,0.007913822,0.0011468142,0.0059689586,0.0037884407,0.05383108,0.042628244,0.034027215,-0.00012018322,0.03678526,0.0076549184,0.016527023,0.011688254,0.004247985,-0.008132746,0.0063057765,0.0031619398,-0.005113885,0.006789581,-0.0067405235,-0.0064578983,-0.019017234,0.0052641584,-0.0044285576,0.010089768,0.053020395,0.057330016,0.09444783
/mnt/sdd/caltech_training/multiclass/train/002.Laysan_Albatross/Laysan_Albatross_0076_671.jpg,1,-0.0051193046,0.0009116387,0.0064065643,0.0044798986,-0.0070999283,0.0046320404,0.0020655016,0.012678849,-0.0034359195,-0.0029463042,0.001121185,-0.0022350394,0.0043854928,0.01863394,0.025402376,0.015871692,-0.00072763,-0.0016769506,-0.0006568134,-0.0063638636,0.002709852,0.016305264,0.023207944,0.019011267,-0.039496507,0.0355567,0.04026089,0.028924491,-0.022738384,0.038609967,0.014456359,0.0154513735,0.010875572,-0.0101796165,-0.012380302,0.006726618,-0.049556825,0.000488786,0.0007423442,-0.0029666172,-0.028123979,-0.020622611,0.002352647,-0.0118610505,0.011661026,0.05235909,0.060640335,0.09263162
/mnt/sdd/caltech_training/multiclass/train/002.Laysan_Albatross/Laysan_Albatross_0002_1027.jpg,1,0.00095272076,-0.0015566226,0.00046226717,0.0037835466,-0.01019695,0.0047978815,0.006562479,0.01303527,-0.0036757586,0.015837744,0.02283194,0.00810709,-0.00069819903,0.01716556,0.015715482,0.010691153,-0.0129499985,-0.0025327108,-0.003011134,0.010950599,-0.013415169,0.017805915,0.018637946,0.023128154,-0.020603511,0.029736105,0.033775143,0.019773465,-0.03817831,0.029524513,0.01086208,0.01346465,0.02276005,0.012257025,0.007055616,0.019927956,-0.033884995,0.030587262,0.029448941,0.006484123,-0.0039974134,-0.009792592,0.011732507,0.00029229303,0.013884758,0.050041087,0.053211235,0.09469038
/mnt/sdd/caltech_training/multiclass/train/002.Laysan_Albatross/Laysan_Albatross_0012_696.jpg,1,-0.0070876805,0.0019405086,-0.0036907224,0.0053041233,-0.009512198,0.0033440504,-0.0061007277,-0.009045882,-0.003986899,0.0050083455,0.008032487,0.015837502,-0.008441417,0.027450433,0.018234715,0.018330896,-0.0078811925,-0.008115841,-9.023689e-05,0.015474157,0.006508016,0.00517146,0.006076169,0.0077827107,0.004230018,0.02949903,0.038308524,0.031020733,0.0054026856,0.03890362,0.029739508,0.029325584,0.02387639,0.0048437044,0.012075234,0.024449881,-0.014612708,0.018000025,0.020214254,-0.00013310369,-0.015706014,-0.022283621,0.004516214,-0.005984826,0.012577104,0.05418529,0.053755306,0.09124938
/mnt/sdd/caltech_training/multiclass/train/002.Laysan_Albatross/Laysan_Albatross_0005_565.jpg,1,-0.015470948,-0.0031039845,0.0038498184,-0.0026284666,-0.0013242934,-0.004303316,-0.002398691,-0.00023794535,-0.0027629193,0.004328942,0.00023800763,0.0018123565,0.003951521,0.017850745,0.029630817,0.017464124,-0.00996898,0.0033155605,-0.009539344,0.00015714078,0.006711716,0.020786311,0.02554223,0.025672961,-0.026540507,0.04448184,0.030441426,0.018982552,-0.02811967,0.050687023,0.02791322,0.038233917,0.015111356,0.0017052544,-0.007828435,0.0037712564,-0.048138425,0.009269584,0.01940868,0.008181651,-0.04254403,-0.018880153,0.010542567,-0.0056670895,0.0024550213,0.053854756,0.05848975,0.09546299
/mnt/sdd/caltech_training/multiclass/train/002.Laysan_Albatross/Laysan_Albatross_0042_801.jpg,1,-0.004636749,0.0030273714,0.0061472864,0.011067941,-0.0016889028,-0.006190857,8.365046e-05,-0.010341837,-0.00018673982,0.0017295924,0.0023859576,0.0064805816,0.009705745,0.019705217,0.01288676,0.015203493,0.0034692546,-0.0029776995,0.0072389934,0.0042027775,0.031524733,0.003155712,0.0105554005,0.0096905595,0.0077886134,0.053020567,0.037900377,0.04186369,0.036773775,0.037239797,0.04009619,0.025728535,0.025762083,0.008608229,0.002868752,0.015226123,-0.041816168,0.0009307922,-0.003282993,-0.015564483,-0.034773543,-0.015675586,0.00901744,0.00084596407,0.012185572,0.061858345,0.063730516,0.10037491
/mnt/sdd/caltech_training/multiclass/train/002.Laysan_Albatross/Laysan_Albatross_0096_673.jpg,1,-9.086763e-05,0.0006123017,-0.0001064954,-0.003434105,-0.0014627638,-0.01262331,-0.007878756,-0.010845049,-0.0038344099,-0.0009305641,-0.00030042563,0.0027155257,0.0044354103,0.033681884,0.029092688,0.025482725,-0.0069640786,-0.017458336,-0.0136980675,-0.006325877,0.004240311,0.01768506,0.0206085,0.019794669,-0.031477492,0.040815078,0.033291902,0.029811012,-0.014621913,0.06028392,0.04485652,0.025772277,0.015849762,0.002977632,0.0073530553,0.01904203,-0.023172833,-0.0014705323,0.003110969,-0.006973817,-0.02982989,-0.012706066,0.0012226477,-0.007371012,0.002884447,0.052059792,0.048437737,0.09054209
/mnt/sdd/caltech_training/multiclass/train/002.Laysan_Albatross/Laysan_Albatross_0081_800.jpg,1,0.015073314,-0.00027293595,-0.0011203556,-0.003207137,0.005418735,-0.0006138347,0.0053510834,0.0077566807,0.0043604253,0.0015326818,0.0002911946,-0.010071875,0.018884502,0.03310805,0.033753633,0.02385085,0.019651636,0.014191376,0.02046436,0.016206041,0.030343158,0.004169994,-0.0039389622,-0.0015427065,0.035351694,0.051263753,0.045734413,0.036909387,0.02587191,0.030135551,0.02628281,0.027291067,0.03613194,0.0028861156,-0.009237928,0.004417112,0.036911927,-0.017782934,-0.014007784,-0.026302863,0.05414924,-0.014357918,0.0073889047,-0.006462514,0.011332722,0.05437056,0.051575582,0.091886975
/mnt/sdd/caltech_training/multiclass/train/002.Laysan_Albatross/Laysan_Albatross_0058_637.jpg,1,-0.0038872152,0.006013588,-0.00081745064,-0.0010512597,-0.001295647,-0.0018773752,0.0066988287,0.00627206,-0.0016162717,0.007534166,0.005408145,0.0048566363,0.0093742665,0.019112743,0.0159772,0.025848702,0.0070633222,0.004456759,0.006350497,0.0056772204,0.007254378,0.022101501,0.023518924,0.01923701,-0.0029882055,0.03142202,0.024507575,0.03293152,-0.016129222,0.053366806,0.04738379,0.026931798,0.029816736,0.016795184,0.010885907,0.027523588,-0.06962183,-0.012818278,0.004516581,-0.011728298,-0.054331593,-0.0145029025,0.0021187142,-0.0051448736,0.013195466,0.059206985,0.061218496,0.09596307
/mnt/sdd/caltech_training/multiclass/train/002.Laysan_Albatross/Laysan_Albatross_0037_699.jpg,1,0.008275063,0.008726842,1.780974e-05,-0.0003608533,0.0022180136,-0.0039127218,-0.0049923975,-0.0019597856,0.0063389,0.0050162934,0.0055789994,0.0108556,-0.0040422864,0.012938289,0.0038491446,0.003949178,-0.013626474,0.03537432,0.016983382,0.0032053702,0.0034184284,-0.0058704736,-0.006803023,0.0006483481,-0.021857053,0.043282703,0.02176869,0.028184595,-0.038178127,0.018183587,0.011018954,0.024433946,0.015192794,-0.030197348,-0.03904827,-0.024875527,-0.052105255,-0.023110855,-0.02298577,-0.030687094,-0.029727215,-0.006465448,0.012983773,0.005972202,0.010848649,0.04623266,0.052395627,0.09145363
/mnt/sdd/caltech_training/multiclass/train/002.Laysan_Albatross/Laysan_Albatross_0003_1033.jpg,1,0.020566208,-0.0020354223,-0.006431567,-0.0009546845,0.010812429,-0.0020235376,-0.0028812257,0.00035041053,0.0067151366,0.0022614233,0.0031361736,0.0066750073,-0.0029765742,0.025709812,0.026582055,0.020603599,-0.00050991797,0.0032990766,-0.00012095156,0.0028228532,0.011820553,0.010179432,0.012972448,0.0118450895,-0.0069623324,0.040727578,0.034636047,0.031496394,0.0047334502,0.03106575,0.023873493,0.02940884,0.026019655,0.010798075,0.0040300023,0.019453717,-0.05397295,0.004896176,0.0067649186,-0.00141472,-0.045604542,-0.02686126,-0.0038863737,-0.015591325,0.015261615,0.053519286,0.058698483,0.09158186
/mnt/sdd/caltech_training/multiclass/train/002.Laysan_Albatross/Laysan_Albatross_0051_1020.jpg,1,-0.0031079133,0.004077747,0.0080442885,-0.0047480525,-0.005921174,-0.0065037543,0.0014693259,0.0010093815,-0.00447386,-0.0018069819,0.0035033855,0.014960524,0.0073606074,0.0070632487,0.007163089,0.009137429,0.015173109,0.002076503,-0.01217334,0.0027462959,0.0038536452,0.004947845,0.0023379275,0.013726298,0.0010000835,0.022753809,0.022336725,0.008879865,-0.0034890352,0.057553317,0.050973006,0.051561367,0.022668652,0.0077276975,-0.00023481005,0.0114878975,-0.061410833,-0.00442651,-0.0003397353,-0.013227525,-0.050187055,-0.019400716,0.0139386,-0.0006552753,0.009039571,0.060163207,0.06172406,0.09337267
/mnt/sdd/caltech_training/multiclass/train/002.Laysan_Albatross/Laysan_Albatross_0028_643.jpg,1,0.014677478,-0.0021560714,0.0064172163,0.0048355064,0.010128969,-0.005754627,0.0032613804,0.0041324245,0.0026279585,0.010024414,0.008415547,0.0059089204,-0.00793053,0.01987619,0.015184723,0.01993899,0.011719417,-0.00048795715,-0.0044152,0.009441221,0.009858267,0.012741609,0.010705376,0.016074333,-0.015602204,0.038402848,0.022290459,0.013734441,-0.018888693,0.025286531,0.013695373,0.019579304,0.019826304,-0.009661529,-0.007915974,0.0053741504,-0.046092182,-0.012380626,-0.017881487,-0.029613156,-0.046018254,-0.024414502,-0.0007347029,-0.010764478,0.0025902388,0.05002954,0.05498074,0.08961485
/mnt/sdd/caltech_training/multiclass/train/002.Laysan_Albatross/Laysan_Albatross_0053_543.jpg,1,-0.0011925821,-0.005106894,0.009053251,0.013584048,-0.0017244231,-0.00668025,-0.010783504,-0.0033854807,0.0016658392,0.008241379,0.0011295953,0.003878148,0.00027771085,0.011109978,0.009775899,0.011006296,-0.010483682,-0.013241481,-0.0038719429,0.0054453667,0.019298727,0.005830761,0.0015311663,-0.0004721284,-0.014064635,0.029313944,0.0119165415,0.008461451,0.00024746777,0.025776645,0.017627489,0.01818046,0.02912984,-0.02211301,-0.024977215,-0.0140053965,-0.016057678,-0.009112314,-0.016612664,-0.028130412,0.0057085045,-0.0045835646,0.022335412,0.008054331,0.006113834,0.055118456,0.05819628,0.09288902
/mnt/sdd/caltech_training/multiclass/train/002.Laysan_Albatross/Laysan_Albatross_0060_777.jpg,1,-0.00213074,0.0060193534,0.00122457,0.0064155706,-0.003580499,0.0046680598,0.004658644,0.005635922,-0.0018608456,-0.00067003974,0.002081214,0.0015136618,0.004184868,0.021582233,0.020974236,0.008504042,0.014884564,0.0024713567,0.0030930862,0.01500426,0.020153027,0.023977928,0.026531385,0.01913283,-0.0064294613,0.030975768,0.031252727,0.012344786,0.0030474842,0.0300835,0.035101727,0.029355325,0.009298707,0.006160328,0.009733663,0.018374484,-0.023247434,-0.0058866967,-0.011329485,-0.013954271,-0.029351773,-0.029106608,-0.0017406475,-0.015544681,0.0108099105,0.050473683,0.056602374,0.090330645
/mnt/sdd/caltech_training/multiclass/train/002.Laysan_Albatross/Laysan_Albatross_0033_658.jpg,1,-0.010363862,-0.00031600718,0.00081473205,0.0020080525,-0.00083853345,-0.00875012,-0.008041302,-0.008617427,-0.00043795945,0.013908818,0.012905285,0.006055012,-0.004505749,0.00896842,0.007700379,0.01827942,-0.010984626,-0.003454517,-0.00043690577,0.004119002,0.009096914,0.015107772,0.020949608,0.018304383,-0.012856367,0.030852687,0.029152125,0.034966193,0.0026668422,0.044454694,0.021985307,0.01457993,0.017319106,-0.010128535,-0.013208993,0.007687143,-0.05493257,0.0015713433,0.0013361378,-0.0075307977,-0.030745478,-0.022577334,-0.0025372766,-0.009726534,0.00746578,0.056339312,0.05934733,0.09041706
/mnt/sdd/caltech_training/multiclass/train/002.Laysan_Albatross/Laysan_Albatross_0059_488.jpg,1,-0.0020451099,0.0034346073,0.008198306,0.0051308647,-0.006970959,-0.0028871452,0.0021925983,0.0005195704,-0.00193166,0.0027608676,0.0045021037,0.0025890956,0.0040630745,0.021952387,0.018323338,0.018492268,-0.00797889,0.00087240245,-0.001772583,0.015636811,0.009726888,0.013735491,0.010461159,0.014742449,-0.0014441046,0.011631947,0.02609475,0.019314522,-0.009460051,0.017588219,0.012377264,0.015279797,0.027927741,-0.0041542216,-0.005886612,0.00916922,-0.035943482,0.00088172033,0.0063122287,-0.005433889,-0.038232442,-0.018512968,0.0077137277,0.00021068496,0.017204735,0.051089674,0.0540099,0.08896202
/mnt/sdd/caltech_training/multiclass/train/002.Laysan_Albatross/Laysan_Albatross_0079_506.jpg,1,-0.007777222,0.0060235825,0.008582641,-0.00052823394,-0.0065018837,0.0015920585,0.0014753025,0.006122282,-0.0034237937,-0.0025909618,0.00707778,0.007359223,0.003276618,0.01876818,0.012135617,0.022582967,0.0047499165,0.008514876,0.0015185878,0.0029212972,0.017179802,0.020625459,0.019349873,0.019801434,-0.015883679,0.03682445,0.039962925,0.027613075,0.0010099355,0.048715897,0.03339528,0.037561778,0.01421951,0.002174153,0.004555208,0.017718613,-0.047422044,0.007646593,0.022449013,0.006312433,-0.053126004,-0.01972997,0.010502772,0.00023074215,0.011715213,0.053336807,0.05218097,0.089521244
/mnt/sdd/caltech_training/multiclass/train/002.Laysan_Albatross/Laysan_Albatross_0093_725.jpg,1,-0.0020174894,-0.004002917,0.0018915932,0.0048035164,0.00470003,0.0044636736,0.00039685145,-0.0028290893,0.0010211266,-0.0015676895,0.007069147,0.0071073277,0.0029423772,0.021675028,0.007260303,-0.0050257393,-0.0020716875,-0.0053587807,-0.005632455,0.001420866,0.00066438434,0.0033635679,0.0011001851,0.010920476,-0.017690431,0.017109774,0.006482724,0.008462571,-0.059235387,0.018459938,-0.0021254746,0.022780959,0.024747908,-0.011736098,-0.011528635,0.0030462076,-0.036362104,0.011583713,0.004742908,-0.005918556,-0.013616952,-0.01982473,0.018937083,0.0039410386,0.0098479455,0.047182713,0.047782544,0.08459535
/mnt/sdd/caltech_training/multiclass/train/002.Laysan_Albatross/Laysan_Albatross_0100_735.jpg,1,0.0020831565,0.0122527685,0.0013986866,0.0033766325,-0.002514196,-2.6687048e-05,0.0013282842,0.0056314296,-0.0016008215,0.007492714,0.005325937,0.009634695,0.005238843,0.007630162,-0.0013926653,0.014270321,-0.0078002564,0.010794239,0.015722312,0.0028221896,0.008331089,0.016952658,0.01518368,0.012835212,-0.005039297,0.033092685,0.03669279,0.024503838,-0.01488377,0.02577055,0.021780975,0.037691943,9.1712805e-05,-0.009229403,-0.01200871,-0.00036117947,-0.03393818,-0.014775417,-0.013971176,-0.029121429,-0.013773846,-0.009537325,0.011735797,0.0030116634,0.00845148,0.045239434,0.05113557,0.089794576
/mnt/sdd/caltech_training/multiclass/train/002.Laysan_Albatross/Laysan_Albatross_0103_504.jpg,1,-0.00794826,-0.00959053,-0.006859031,0.0021284427,0.004239811,0.0016898667,0.0038639244,0.004692575,0.0026225469,-0.0034041503,0.0032115984,-0.003044594,0.0071704723,0.016666584,0.023934266,0.002736601,0.010079626,0.025255531,0.008769853,0.011831386,0.017198715,0.017878108,0.021219064,0.015670259,-0.0021781835,0.04685813,0.04855137,0.028731592,-0.0015815338,0.03697752,0.03509417,0.015133724,0.023839084,0.008069074,0.010104711,0.010252442,-0.041761003,-0.0027427832,-0.00092135184,0.002396904,-0.028866403,-0.01519297,0.01382646,-0.0054664477,0.014957042,0.057147887,0.06088561,0.09428839
/mnt/sdd/caltech_training/multiclass/train/002.Laysan_Albatross/Laysan_Albatross_0102_611.jpg,1,0.0031846894,-0.0019529816,-0.003335867,0.0017325032,0.0035394817,0.0034827325,-0.005479086,-0.021801447,-0.0010796059,-0.00820547,-0.0013070086,-0.012727142,0.013980972,0.031438056,0.026372127,0.029361531,0.00092825247,0.005708386,-0.009701654,0.011027321,0.011443328,0.0058469167,0.007975244,0.007878335,0.00072132563,0.030376744,0.018124845,0.017508255,-0.013123756,0.0103766415,0.016832013,0.019167835,0.023345571,0.0022482094,-0.0048920275,0.015799759,-0.0684135,0.0028588548,0.012088794,-0.0100157615,-0.045940973,-0.020475158,-0.0022329427,-0.003269049,0.012620006,0.057733033,0.056827947,0.0962207
/mnt/sdd/caltech_training/multiclass/train/002.Laysan_Albatross/Laysan_Albatross_0099_869.jpg,1,-0.0050053494,0.0037576742,0.00052222924,0.005926686,-0.005544056,-0.00031809357,0.006597357,0.0045221746,-0.0019784647,0.011597421,0.013109386,0.0120739145,-0.005007811,0.02584818,0.022706687,0.028347868,0.008930128,0.010665029,-0.0006275973,0.008978874,0.0021385103,0.00801596,0.016419366,0.014222773,-0.0045638923,0.05093412,0.034074597,0.04076609,-0.023890525,0.010303794,0.0018349867,0.01963583,0.009577373,0.0057531334,-0.001466552,0.010957881,-0.047639176,-0.018904984,-0.0060007954,-0.023722239,-0.040330414,-0.017007798,0.010031314,0.0047941534,0.0111703705,0.053965315,0.05689085,0.09273395
/mnt/sdd/caltech_training/multiclass/train/002.Laysan_Albatross/Laysan_Albatross_0039_924.jpg,1,-0.0025997167,0.009159551,0.0005489546,-0.0048585488,-0.0051381607,0.0002054486,0.00046057516,0.008730192,-0.002226939,0.0028160354,0.00018038362,0.002446651,0.01058489,0.024710568,0.025662852,0.019242544,0.010287217,0.006212365,-4.4141896e-05,0.0076278225,0.0031377238,-0.008918517,-0.0014937217,-0.0008887588,-0.0109476205,0.037731078,0.025873205,0.023732126,-0.021346454,0.047022887,0.042827297,0.037656702,0.014831807,-0.0040823454,-0.014034558,0.017279327,-0.05768358,-0.000923228,0.012612248,-0.014938713,-0.035729934,-0.015140469,0.0037985141,-0.006106018,0.0026278808,0.057384595,0.058533177,0.097132765
/mnt/sdd/caltech_training/multiclass/train/002.Laysan_Albatross/Laysan_Albatross_0023_1059.jpg,1,-0.0032362675,-0.0013711285,-0.00573124,-0.00022038288,-0.0074434243,-0.0077363453,-0.007994841,-0.0025046351,-0.007780771,0.00881647,0.004845432,0.01483748,0.0024583598,0.024490125,0.02130725,0.01836972,-0.0027827322,-0.0058619617,-0.007588843,0.013775758,0.009462284,0.019002568,0.01706817,0.014711201,-0.021997409,0.025584823,0.032658525,0.008601779,-0.019851558,0.04276906,0.026543986,0.035500713,0.015275961,-0.0009803493,-0.0039548706,0.00566695,-0.05525151,-0.0020174757,0.015512059,-0.010322556,-0.04341466,-0.013979154,0.01295217,-0.007112547,0.011993726,0.05532386,0.057964455,0.093060195
/mnt/sdd/caltech_training/multiclass/train/002.Laysan_Albatross/Laysan_Albatross_0092_834.jpg,1,0.0022072212,-0.008135518,0.0016183889,0.00027961217,-0.008016847,0.0014402498,0.00539091,-0.0033251857,-0.0019051885,-0.0011864309,0.003522033,0.00031043385,0.007554272,0.03273835,0.014792829,0.018511422,-0.00011848868,0.01204809,0.00670184,0.0047583748,0.006705829,0.014278915,0.011473976,0.021188542,-0.011510457,0.01589058,0.0044412105,0.00948994,-0.023578528,0.051495444,0.029617023,0.038873404,0.023547169,0.010474814,-0.008837725,0.017354973,-0.02723282,0.0022792742,0.01890521,-0.0032168576,-0.028396603,-0.02137293,0.010358987,0.005758227,0.008355858,0.045685314,0.052987605,0.08678563
/mnt/sdd/caltech_training/multiclass/train/002.Laysan_Albatross/Laysan_Albatross_0083_756.jpg,1,0.0020269447,0.0014254906,0.0051099025,0.004649065,0.0012718658,0.0022013492,0.001554585,0.0022987812,0.001546738,-0.011386536,-0.0013246895,0.0040425286,0.0046246108,-0.00066629844,0.013698757,7.5789634e-05,-0.0023974674,0.0113949645,0.005502989,0.017076999,0.013003663,0.005879102,6.313948e-05,0.013616955,-0.019255426,0.031875413,0.03552723,0.02980753,-0.012839947,0.047155537,0.01692029,0.020325618,0.016360637,0.0019740527,-0.0013957475,0.011788221,-0.017686028,0.013172522,0.022716444,0.0137530565,-0.01892116,-0.010802872,0.007571989,-0.0013291445,0.011383625,0.054429345,0.056293324,0.09132977
/mnt/sdd/caltech_training/multiclass/train/002.Laysan_Albatross/Laysan_Albatross_0091_602.jpg,1,0.008263685,-0.0039825165,-0.00058592745,-0.002925404,-0.0047457856,-0.005552086,-0.00044358138,0.008630598,0.00031307206,0.0010845776,0.0077209077,0.00900734,0.0075175725,0.023002908,0.02348578,0.012530861,0.010701881,0.0016340602,-0.008008765,0.012630029,0.01838614,0.009804077,0.012334387,0.0048818085,-0.013515612,0.034580596,0.024565376,0.005216767,-0.006989751,0.047723256,0.023302466,0.022123506,0.0075312937,-0.024039749,-0.018939955,-0.006567482,-0.057707567,0.005524708,0.01857672,-0.017370606,-0.049443573,-0.023903932,-0.00073728524,-0.011452243,0.00951495,0.05481884,0.056884974,0.093714245
/mnt/sdd/caltech_training/multiclass/train/002.Laysan_Albatross/Laysan_Albatross_0056_500.jpg,1,-0.0028813372,0.00482963,-0.0077600754,-0.0119773345,0.003038774,0.002115086,0.004130108,0.001645877,0.00050371554,0.019063259,0.01765218,0.007930796,-0.008594292,0.01715637,0.0066276155,0.016023505,-0.022840219,0.017967071,0.0046541207,0.01578969,-0.008345839,0.005632002,0.0048632016,0.012959488,-0.03618441,0.041116383,0.026135433,0.03677267,-0.048043836,0.037164826,0.028747454,0.027617358,0.022112913,-0.0052328147,-0.011569546,0.01069822,-0.037883706,-0.012803065,-0.008154621,-0.02407014,-0.02911034,-0.014428408,0.008723936,0.0036296388,0.0068731457,0.046195313,0.048019134,0.09213696
/mnt/sdd/caltech_training/multiclass/train/002.Laysan_Albatross/Laysan_Albatross_0001_545.jpg,1,-0.0075128586,0.00027185935,0.00998378,0.00861277,-0.0023109554,0.0064534266,-0.002789974,-0.0064443294,-0.001841975,-0.00046144938,0.017267099,0.019022848,-0.0010490483,0.010898703,0.010751519,0.008744361,-0.006377898,0.012972829,0.00080509856,0.01153128,0.0041938424,0.004383156,0.005674675,0.0047274814,0.008712364,0.02086386,0.012668915,0.012154559,-0.0103545915,-0.0033492818,-0.011303629,0.0019750772,0.019991629,-0.03406647,-0.051487595,-0.028474212,-0.046061903,-0.024398956,-0.018529352,-0.03387484,-0.019842809,-0.016956948,0.012342851,-0.005864706,0.007233747,0.052310355,0.054936748,0.09318614
/mnt/sdd/caltech_training/multiclass/train/002.Laysan_Albatross/Laysan_Albatross_0047_619.jpg,1,-0.005766679,0.006257533,0.0048770043,0.010048524,-0.008175809,0.0007974716,-0.0013194194,0.0015515537,-0.0054225908,0.013930656,0.014063878,0.017655946,-0.0018266188,0.010143112,0.0028109513,0.005320822,-0.0059065633,0.020948201,0.0075891586,0.0037211152,0.0129574835,0.0022574603,0.0018157919,0.0001320783,-0.0021164666,0.036606,0.027670037,0.030498022,-0.023980735,0.021482676,0.004002085,0.0278631,0.008023704,-0.0014380331,-0.021996882,-0.008249218,0.0053298473,-0.005003389,0.0053332,-0.011266699,0.03085674,-0.008091237,0.016815817,0.0065070363,0.01261122,0.052673817,0.056255307,0.09587127
/mnt/sdd/caltech_training/multiclass/train/002.Laysan_Albatross/Laysan_Albatross_0025_571.jpg,1,-0.004102689,0.004341274,-0.0019256232,0.002965382,-0.0037842444,0.0047861896,4.5295135e-05,0.008541275,-0.0014714302,0.0053974325,0.00043330353,0.00498934,-0.011694203,0.01541386,0.014076825,0.014115644,-0.0061801355,0.03616683,0.018069167,0.026796952,0.0013871556,0.021945573,0.024527468,0.020445026,-0.031633817,0.03567789,0.043746993,0.02115487,-0.024888095,0.043581523,0.030445792,0.024710555,0.018526968,0.014357916,9.0268906e-05,0.013251698,-0.084119305,-0.0035897903,-0.0051569156,-0.016633706,-0.04331156,-0.012842712,0.008623511,0.00080727646,0.011794985,0.054154277,0.054853544,0.09145971
/mnt/sdd/caltech_training/multiclass/train/002.Laysan_Albatross/Laysan_Albatross_0006_702.jpg,1,-0.010615012,0.0002747464,-0.000321644,0.005460622,-0.003707543,0.0007107672,-0.009604713,-0.0019243554,-0.002676379,-0.00084778306,-0.002131251,-0.0073248795,0.0056895227,0.016969066,0.026909463,0.025282532,0.004498044,0.0068138824,0.0011172863,0.0030126679,0.015913874,0.017056514,0.010200264,0.014351269,-0.010674102,0.037606545,0.03516552,0.02667187,0.010789657,0.037846275,0.026589945,0.039079055,0.020565879,-0.0010347047,-0.011200093,0.00893931,-0.054461382,-0.008958118,-0.00056810863,-0.014988909,-0.054158594,-0.014018678,0.009856322,-0.0036159863,0.0139190545,0.05832524,0.06080015,0.09650074
/mnt/sdd/caltech_training/multiclass/train/002.Laysan_Albatross/Laysan_Albatross_0070_788.jpg,1,-0.003008295,0.00277997,-0.0033234619,-0.002644945,-0.0054263296,-0.00783922,-0.004443686,0.0016018492,-0.0067051565,0.008112707,0.009057679,0.015352007,0.0063440874,0.019699827,0.0130042,0.009623449,0.0023930985,-0.005490945,-0.007070215,0.0066584945,0.01331454,0.008821173,0.016959257,0.018747859,-0.012119764,0.039212935,0.037437864,0.022520445,-0.0016054888,0.02662478,0.023514014,0.022013323,0.024437105,0.0028682223,-0.00584576,0.015005369,-0.030768726,-0.002872833,0.0073972847,-0.0030492153,-0.042814843,-0.0240096,0.0011544216,-0.005563407,0.018329235,0.055562854,0.059334826,0.091832966
/mnt/sdd/caltech_training/multiclass/train/002.Laysan_Albatross/Laysan_Albatross_0044_784.jpg,1,-0.007553229,0.003941347,-0.0033426268,-0.0049595777,-0.0025238,-0.013811299,-0.014806973,-0.005016901,-0.00015032705,0.009889902,0.004483474,0.0017092398,0.0020873293,0.00067877956,0.0029352626,0.0018271449,-0.0022994522,0.0025380854,-0.008184584,-0.004591016,0.0045546256,0.00036063732,0.0036680608,0.0039036055,-0.015992837,0.038389422,0.02908043,0.022834847,-0.031562693,0.042346433,0.03210248,0.037024096,0.022850094,-0.005706979,-0.0025944812,0.0071526947,-0.037358698,0.010435872,0.022864208,0.0038186535,-0.028580323,-0.0049028196,0.017613275,-0.0013769388,0.0057357606,0.05974508,0.05899851,0.093749076
/mnt/sdd/caltech_training/multiclass/train/002.Laysan_Albatross/Laysan_Albatross_0004_930.jpg,1,-0.0049128225,0.008322637,-0.0012718037,0.00653786,-0.0082328115,-0.007876056,-0.00706864,-0.005902134,-0.005769449,0.009780877,-0.000690117,0.01028898,0.006018525,0.023955544,0.026307601,0.021584548,0.011037888,0.0008488636,-0.010573903,0.0076967143,0.013027358,0.008300934,0.01569378,0.011624243,-0.014835628,0.038082186,0.033932008,0.03147737,0.0012879814,0.026138961,0.014898527,0.01459767,0.02085748,-0.0011833909,0.007968965,0.016283257,-0.047851402,-0.010104573,-0.006620059,-0.027572356,-0.022502184,-0.020445751,0.0014411379,-0.0071877744,0.005000127,0.05481492,0.061820563,0.09532118
/mnt/sdd/caltech_training/multiclass/train/002.Laysan_Albatross/Laysan_Albatross_0094_1013.jpg,1,0.022922767,0.004875197,0.010723393,0.010883121,0.0014024341,0.0016356925,0.0027419399,0.007966521,-0.0006481029,0.016071722,0.019975774,0.016330436,0.008326119,0.0017030953,0.007877335,0.0041483426,-0.011022115,-0.0098005645,-0.010141658,-0.009172492,0.003250707,0.001222685,0.0021350603,0.006973169,-0.03996831,0.043526057,0.043502852,0.023951674,-0.04382527,0.031822212,0.0038791108,0.016618501,0.011107821,0.005669644,-0.0068010464,0.008535639,-0.08871043,-0.008729091,-0.014320442,-0.016843095,-0.08396235,-0.016609583,0.0074590417,-0.00484319,0.0083460845,0.057416454,0.058449037,0.09272475
/mnt/sdd/caltech_training/multiclass/train/002.Laysan_Albatross/Laysan_Albatross_0050_870.jpg,1,-0.0062166294,0.00034078336,-0.0064357477,-0.005131086,-0.005823301,0.007856786,0.009240041,0.0019677246,-0.0039836457,-0.0050196573,0.0043188026,-0.0002264115,0.015528931,0.017725114,0.014509193,0.016651867,0.020113865,0.02263819,0.021726843,0.007555724,0.020233108,0.0053068176,0.007896526,0.0092946505,0.022785345,0.046958424,0.03659272,0.036391325,0.016449874,0.04425704,0.02496726,0.033308633,0.008079873,-0.009072345,-0.0050655827,0.0035112915,-0.036833365,0.000608176,0.0058802865,-0.009127567,-0.014771976,-0.006729468,0.019257989,0.015189668,0.008962262,0.06313235,0.06606694,0.09654501
/mnt/sdd/caltech_training/multiclass/train/002.Laysan_Albatross/Laysan_Albatross_0088_883.jpg,1,-0.006686699,-0.0056336503,-0.006513549,-0.006856571,0.0007675096,0.01240424,0.0070377514,0.00579385,0.0011118347,0.0043303515,-0.00037515943,0.00826184,0.0010357781,0.0195107,0.01158287,0.01201964,0.0016294625,0.0076601007,-0.00030891038,0.010969496,0.012237225,0.02375535,0.011785407,0.023667503,0.0009054027,0.044803306,0.0394523,0.030989543,0.012259867,0.034331627,0.024604768,0.027637025,0.016900547,0.0050351275,0.004436514,0.016716475,-0.050778463,-0.0064637987,0.012396135,-0.0046281777,-0.049564816,-0.015210837,0.016323304,0.0050922055,0.0028442966,0.0514614,0.05682114,0.09175919
/mnt/sdd/caltech_training/multiclass/train/002.Laysan_Albatross/Laysan_Albatross_0055_570.jpg,1,-0.02047335,-0.005584064,0.0008418664,0.003914292,-0.00601287,-0.00014939497,0.0027273456,0.0013852074,-0.002860344,0.0047305115,-0.0010220486,0.0041887006,-0.0043538683,0.026486458,0.016420826,0.021320641,0.001797383,-0.019790916,0.0040037083,0.00010532467,0.025657458,0.010779908,0.013260211,0.016202582,-0.0024630611,0.052665357,0.032393537,0.02396999,0.0072524715,0.03442294,0.0110868765,0.0155422995,0.027064594,-0.00039127795,0.008278422,0.020498246,-0.04372841,-0.002586042,0.0109395785,-0.008070382,-0.031763945,-0.012530126,0.011840134,0.0004842549,0.01734953,0.05658537,0.05969343,0.09333229
/mnt/sdd/caltech_training/multiclass/train/002.Laysan_Albatross/Laysan_Albatross_0013_910.jpg,1,-0.011407227,0.0005172224,-0.0010893154,-0.005236039,-0.0035695622,-0.01187105,-0.009782692,-0.008844451,-0.001887643,0.0014070098,1.7893035e-07,0.008761369,0.008674305,0.030686703,0.023663303,0.03161231,0.0097158495,-0.0005926993,-0.002613267,0.0175679,0.019523114,0.017827347,0.02022898,0.020801974,-0.017030856,0.048385452,0.03818032,0.035547417,0.01400554,0.04519268,0.02927117,0.024711516,0.026277054,0.0008264878,0.0006689429,0.013474764,-0.013931364,-0.010161247,-0.013420279,-0.024223533,-0.026400313,-0.025106039,-0.014920831,-0.018519793,0.008364809,0.061934717,0.064687595,0.095904745
/mnt/sdd/caltech_training/multiclass/train/002.Laysan_Albatross/Laysan_Albatross_0071_792.jpg,1,0.010116641,0.0013603244,5.913881e-05,-0.0052863737,0.004450366,0.018306337,0.016802,0.017900683,0.005073089,0.022820467,0.020583466,0.027417919,0.004169988,0.0032417446,-0.004663344,-0.0033786318,-0.015042492,0.0042960998,0.014970439,-0.002439402,0.009944277,-0.009404235,-0.012974567,0.0047636023,-0.01836373,0.034081906,0.03383461,0.016284702,-0.013543239,0.042976744,0.026035948,0.03340006,0.022846788,-0.011856049,-0.018317213,-0.0009436342,-0.036178507,0.0050737597,0.0035380516,-0.006423624,-0.022092916,-0.013959451,0.0123748295,-0.0023372052,0.012703999,0.040724654,0.047972754,0.08479098
/mnt/sdd/caltech_training/multiclass/train/002.Laysan_Albatross/Laysan_Albatross_0029_482.jpg,1,-0.0057203025,0.0011499787,6.3719606e-05,0.0021948381,-0.0018179415,-0.0018640126,-0.007182154,0.008337671,-0.0015525061,-0.0043025967,0.0033541122,0.007525454,0.015136806,0.018966591,0.016640402,0.01391803,0.019661603,0.013224124,0.007803388,0.014129945,0.018159224,0.010294592,0.019972436,0.022370156,0.019072458,0.026993144,0.015841823,0.025755428,0.021518063,0.06347504,0.045208875,0.044448942,0.018604606,-0.011803897,-0.013537649,0.005386078,-0.036487572,-0.008291926,0.0065375026,-0.015568179,-0.0419853,-0.0266473,-0.0007406734,-0.006558737,0.009639874,0.05756607,0.059772547,0.09441675
/mnt/sdd/caltech_training/multiclass/train/002.Laysan_Albatross/Laysan_Albatross_0034_628.jpg,1,-0.0300147,0.003809209,0.0028860345,0.0096090855,-0.015387866,-0.014535703,-0.011981926,-0.002721566,-0.010079067,0.0043168277,-0.00092716014,0.013232506,0.0007578477,0.018242713,0.018163431,0.015698507,0.0090418,-0.00030150497,0.011037756,0.0074881054,0.015741913,0.0042458214,0.018860187,0.01370743,-0.004738939,0.046328053,0.041308805,0.027998278,0.005637021,0.055508755,0.033369258,0.02561305,0.024395047,-0.009250864,-8.7409746e-05,0.01472895,-0.0390965,-0.0045848507,-0.0045917127,-0.021400612,-0.030608403,-0.011539373,0.012350299,0.00056642806,0.0044595976,0.055112816,0.058870636,0.09211974
/mnt/sdd/caltech_training/multiclass/train/003.Sooty_Albatross/Sooty_Albatross_0020_796359.jpg,2,0.0018981806,0.0037510893,0.013759336,0.01108945,0.00045754842,0.011468903,0.019459743,0.02424188,0.00084893906,0.003177123,-0.003428691,0.003344238,-0.00010580686,0.004187531,0.010577194,0.0040249745,0.0048662163,0.017440837,0.013979153,-0.005520425,0.0020665994,0.0068039587,0.0068442263,0.01983701,-0.008320742,0.009493049,0.010994487,-0.00496885,-0.0048585897,0.028648097,0.009137033,0.014699592,-0.0042224736,0.012023333,0.01098045,0.015994772,0.015707636,0.023752261,0.041136183,0.029398657,0.03043491,0.040866166,0.025075136,0.044327762,-0.008077715,-0.08872281,-0.013489688,-0.06330013
/mnt/sdd/caltech_training/multiclass/train/003.Sooty_Albatross/Sooty_Albatross_0006_796390.jpg,2,0.009902479,0.0057065412,0.0062615797,0.0025464033,0.013107957,-0.004694838,0.0062737716,0.002648672,0.0017082749,0.0014230346,0.0012942627,0.0004866472,-0.0014287978,0.0047941236,-0.00076251756,0.006358559,-0.0025525223,0.00981734,0.010891674,-0.018019715,0.0011462471,0.0017355606,-0.0076871244,0.013106522,-0.0043723676,-0.005517452,-0.0013212147,-0.007946338,-0.008901275,0.023466883,0.0123469,0.01085073,-0.015602749,0.020961199,0.023707908,0.028679736,0.036321342,0.007361497,0.030604772,0.024508726,0.026317067,0.043825164,0.0304963,0.04260939,-0.0073293215,-0.08677438,-0.011805587,-0.059854448
/mnt/sdd/caltech_training/multiclass/train/003.Sooty_Albatross/Sooty_Albatross_0036_796387.jpg,2,0.003295544,0.0065342705,0.008644149,0.00614963,-0.0002722554,-0.0055172653,-0.0050739655,0.0054108026,-3.989882e-05,0.005173263,0.007393538,0.015188862,-0.003250374,-0.013355419,-0.0057478817,-0.016357334,-0.0032347199,0.020850403,0.01837611,0.0017504517,-0.010898992,-0.007422547,-0.0003526914,-0.004298614,0.00816066,-0.029745188,-0.021849861,-0.033004053,0.004416271,0.037605796,0.011219848,0.016872868,-0.009858781,0.019898616,0.021597112,0.015774969,0.0284159,0.02952485,0.035348214,0.036284566,0.026935557,0.045809403,0.032187685,0.050360695,-0.01653371,-0.08609285,-0.009772716,-0.062253486
/mnt/sdd/caltech_training/multiclass/train/003.Sooty_Albatross/Sooty_Albatross_0043_1076.jpg,2,0.00888565,0.0037463622,0.0062256996,0.005069278,0.004863122,0.002806515,0.005357678,0.012407202,-0.00041226263,-0.001754369,-0.0013167063,0.0012634712,-0.005634236,-0.011185727,-0.00671635,-0.010686088,-0.030206122,0.01392293,0.022832438,-0.0017368725,-0.011850863,-0.0032650358,0.00053844915,0.009183997,-0.027987726,-0.01430721,-0.027182981,-0.035262555,-0.03983667,0.026653813,-0.0005747583,0.0016059186,-0.025179317,0.009667401,0.007828072,0.0030132518,-0.0009165192,0.035178076,0.0519126,0.04981874,0.014976142,0.06253254,0.042842805,0.056269303,-0.016741578,-0.08525787,-0.0060098213,-0.06051974
/mnt/sdd/caltech_training/multiclass/train/003.Sooty_Albatross/Sooty_Albatross_0055_1160.jpg,2,0.017407514,0.0025087998,0.0070862467,0.004983351,0.006674381,0.011821728,0.014005636,0.0070756925,0.0022068059,-0.003553967,0.0062900847,0.013815265,-0.00016053813,-0.002905975,0.0030217771,-0.023625594,-0.00046970882,0.0014017513,0.010688645,0.006815313,0.0058537475,0.0040557906,-0.0025446103,0.0039873077,0.01776603,-0.020956038,-0.027260905,-0.045101143,-0.006354951,0.019173607,-0.007112544,-0.00085079856,-0.005373577,0.01890867,0.013282999,0.020897388,0.023936657,0.010529537,0.02357281,0.016460061,0.028772635,0.058162406,0.045338813,0.06437938,-0.01531935,-0.08318728,-0.008183455,-0.063301705
/mnt/sdd/caltech_training/multiclass/train/003.Sooty_Albatross/Sooty_Albatross_0044_1105.jpg,2,-0.014228612,0.00074917276,0.012227013,0.01562254,-0.010371651,-0.0006433609,0.006881953,0.0075681675,-0.0049169837,0.00038725056,0.0063822805,0.0069103464,-0.004990985,-0.004864634,-0.015558659,-0.0023853476,-0.0117883105,-0.006251131,-0.0026536444,-0.014868934,-0.016711816,-0.019258436,-0.02274002,-0.013270685,-0.006133807,-0.006866187,-0.009341936,-0.013802178,-0.017271444,0.015026765,-0.0062631387,-0.0014147125,-0.03427547,-0.003392611,-0.008674979,-0.0017429241,-0.011581003,-0.015849175,0.0055617513,0.009145415,0.010514766,0.044610947,0.02848344,0.047737326,-0.018762525,-0.08635196,-0.011332013,-0.06733318
/mnt/sdd/caltech_training/multiclass/train/003.Sooty_Albatross/Sooty_Albatross_0051_796374.jpg,2,-0.002115369,-0.0024521032,0.016589336,0.0053814696,0.0058905557,0.015974427,0.015598347,0.012920676,0.0008954209,0.009733584,0.0016686039,-0.0016479518,0.0042676567,-0.0016533039,-0.006851982,-0.0007259231,0.00083094335,0.00046371645,0.010431124,-0.0016955591,0.0050784987,0.0051455703,-0.0004179657,0.0062559503,-0.02368672,0.0063052154,0.010213743,-0.008124962,-0.017065095,0.030628663,0.017463844,0.007981105,-0.0071854484,0.02229471,0.030810028,0.034168925,0.024988696,0.031104494,0.043055635,0.027609121,0.025284652,0.03205034,0.019372126,0.034865215,-0.013527338,-0.08177374,-0.0051905457,-0.06280967
/mnt/sdd/caltech_training/multiclass/train/003.Sooty_Albatross/Sooty_Albatross_0064_796343.jpg,2,0.0007093849,0.0041899146,0.001932584,0.0030225634,0.0040086703,0.00031941396,0.005063073,0.0036795798,0.0005473504,0.0077378796,0.009555572,0.008927608,-0.009751436,0.0050526187,0.012091856,0.013488237,-0.0051659,0.018816274,0.027345348,0.0017657774,-0.014327154,0.008306909,0.000473056,0.008506416,-0.012833555,0.010998008,0.021750074,0.0041342187,-0.014306646,0.014961268,-0.010168761,0.0011331327,-0.024132773,0.020211672,0.025778672,0.021660648,0.029929485,0.031082693,0.046247065,0.028955279,0.02184627,0.051468432,0.03320685,0.04489378,-0.016790906,-0.08196436,-0.0058623357,-0.062253598
/mnt/sdd/caltech_training/multiclass/train/003.Sooty_Albatross/Sooty_Albatross_0034_1154.jpg,2,0.0042050257,0.007356169,0.009440093,0.008622651,0.006387028,0.010338866,0.013085939,0.013536486,0.0013496351,0.0072799646,0.0034951386,0.010994073,-0.0019257301,-0.0073360847,0.011035874,0.004551163,0.008252607,0.0064003337,0.016116772,-0.015060235,-0.012154579,0.0050596106,0.0013609233,0.008578358,-0.018094465,0.00043773977,0.011984177,-0.014835793,-0.023321882,0.03866823,0.010894464,0.01329972,-0.006117466,0.03462077,0.030581009,0.037795447,-0.0023765983,0.026013143,0.04210742,0.032584574,0.03209743,0.039500155,0.033859275,0.050268456,-0.0063401964,-0.072154604,-0.00032048766,-0.05326251
/mnt/sdd/caltech_training/multiclass/train/003.Sooty_Albatross/Sooty_Albatross_0054_796347.jpg,2,0.002308715,0.0054280865,0.0041746665,0.005079823,-0.0012256147,0.0067118993,0.002696588,0.011239242,0.0018668756,-0.0009797143,-0.002064161,-0.00966266,0.0015796816,0.0061254036,0.003560789,0.0030997978,0.009795478,-0.0059625288,-0.0035310676,-0.00661855,0.0061486107,0.0076499004,-0.008061215,0.007867161,0.008501442,0.009100178,0.015572514,0.0027530175,0.01678473,0.035366904,0.016005635,0.029021196,-0.0066283103,0.01625032,0.0149965305,0.016269282,0.014343761,0.03567199,0.04515729,0.03591128,0.0043881135,0.038528964,0.022306692,0.042023547,-0.008277148,-0.08195941,-0.0065720277,-0.06301724
/mnt/sdd/caltech_training/multiclass/train/003.Sooty_Albatross/Sooty_Albatross_0067_796376.jpg,2,-0.00025634514,-0.0045740395,0.0060244356,0.012104934,0.0012317938,0.009997075,0.0022854067,0.012999679,0.0022903532,0.00046032318,0.0019066813,-4.7961017e-05,0.0021637685,0.006750371,0.017436473,-0.009416666,6.534811e-05,-0.0035563144,0.022032999,-0.012826106,0.01218001,0.015363302,0.0055589136,0.024205184,0.00065062847,0.004202824,0.0056386953,-0.009560159,0.00032732077,0.030082818,0.017758397,0.009550722,0.0010265319,0.023248967,0.02448179,0.024120022,0.01956357,0.023211807,0.03464085,0.0269704,0.03006863,0.027242009,0.016137451,0.032635614,-0.0070641814,-0.079546824,-0.0056262286,-0.05862928
/mnt/sdd/caltech_training/multiclass/train/003.Sooty_Albatross/Sooty_Albatross_0003_1078.jpg,2,0.0026058063,0.00095739524,0.013988671,0.009056184,0.0036099977,0.0013830739,0.0007012896,0.006316414,0.004416848,0.0016131385,0.010086897,0.008992197,-0.0059522707,0.008466859,-0.0060233446,0.008026734,0.009328832,0.015553314,0.017535048,0.020987198,-0.01680588,-0.015021693,-0.02541063,-0.013028316,-0.012525102,-0.0023652054,0.0026912708,-0.004860663,-0.00054955843,0.02608292,0.0059488863,0.0054881927,-0.013461856,0.017665498,0.016781786,0.013026559,0.0038107864,0.022435296,0.034361225,0.028629597,0.00087977294,0.03626743,0.017853703,0.039768543,-0.012986107,-0.08142787,-0.0058163153,-0.06070829
/mnt/sdd/caltech_training/multiclass/train/003.Sooty_Albatross/Sooty_Albatross_0077_1080.jpg,2,0.00031231524,-0.0035353876,-0.008002348,-0.008344476,0.0029386869,0.011242311,0.007804303,0.013052009,-0.00024563092,-0.0035185716,0.0012684776,0.004533164,-0.008291217,0.004468749,0.010354176,0.012704471,-0.0047940123,-0.0036704023,0.004323125,-0.00094650965,-0.010610104,-0.0097564235,-0.011974129,-0.004669887,-0.012992928,0.023709718,0.014387839,-0.0053917253,-0.013058666,0.042817753,0.020916544,0.023267295,-0.019602872,0.019338913,0.01924881,0.012129198,0.05181589,0.01916406,0.0414022,0.033540435,0.0320503,0.038118258,0.02381058,0.044411547,-0.010927668,-0.0817505,-0.008769201,-0.061565515
/mnt/sdd/caltech_training/multiclass/train/003.Sooty_Albatross/Sooty_Albatross_0049_796350.jpg,2,-0.0018734841,-0.0038352697,0.00651771,0.003108296,0.006774242,-0.004276512,0.0072913207,0.003418241,0.002527133,0.0037382762,-0.0028992952,-0.0011060676,0.0032629187,-0.00368708,0.013849723,0.004114127,0.020210247,0.01129387,0.005208836,-0.0109694805,-0.0060253446,0.011459573,0.0047778953,0.013925918,0.005882106,0.008233884,0.012815282,-0.0023811185,0.0185503,0.0160716,0.0015191361,0.013205033,-0.0065266993,0.020463953,0.017891923,0.018327445,0.060510963,0.030889712,0.044321302,0.04014426,0.03880763,0.03542181,0.024626564,0.047318704,-0.0037160276,-0.08503787,-0.008483685,-0.05946144
/mnt/sdd/caltech_training/multiclass/train/003.Sooty_Albatross/Sooty_Albatross_0070_796346.jpg,2,-0.002868909,0.0017410766,0.0048667532,0.0014075381,-0.00035574392,0.0023823434,0.003179196,-0.0024583652,0.0048564468,0.005705853,0.0061277095,0.005860037,-0.0037422113,-0.001290476,-0.0030859841,-0.002064223,-0.0004921992,0.0123188505,0.014922248,0.010390634,-0.004024567,0.0038336765,-0.0014782264,0.007827644,-0.019058008,-0.004028051,-0.0066907383,-0.022884224,-0.019007642,0.01919362,0.003203394,0.0056648627,-0.019426782,0.008368131,0.00901426,0.007817546,0.024995716,0.017795337,0.034559317,0.029632451,0.00038382737,0.050415017,0.032206513,0.05270066,-0.015345002,-0.08643601,-0.008714871,-0.06342126
/mnt/sdd/caltech_training/multiclass/train/003.Sooty_Albatross/Sooty_Albatross_0002_796395.jpg,2,0.00314251,0.0032739956,0.0021127425,0.0060359053,-0.0037989249,0.0069707665,-0.00019203831,0.0023637654,0.0015257064,-1.4263671e-05,0.0040849587,0.013714714,-0.006050255,-0.005808037,0.0045455513,-0.0043997862,-0.003570844,-0.00750741,0.013673419,-0.008835692,-0.01480706,-0.0076571386,-0.021225082,-0.011123594,-0.021678196,-0.0031938422,-0.0039196596,-0.008054798,-0.009158805,0.014955849,-0.004411025,0.00067197904,-0.014154251,0.0070825643,0.002707207,0.0040797787,0.0064284457,0.010885941,0.025390126,0.027867459,0.0018228353,0.034813248,0.016275015,0.040595695,-0.022088798,-0.09230685,-0.012753697,-0.06697776
/mnt/sdd/caltech_training/multiclass/train/003.Sooty_Albatross/Sooty_Albatross_0016_1075.jpg,2,-0.001969691,0.0012030518,-0.0019498008,0.005720848,0.0045526214,-0.005051166,-0.0062967455,0.0015610149,-0.0010157116,-0.0012197818,0.001660725,0.009855054,-0.0045229685,-0.012855849,0.0002393378,-0.0055706124,-0.009115339,0.016952883,0.031021014,-0.0057290345,-0.0060314364,0.013681788,0.006743883,0.011233775,0.008308599,-0.0109686265,-0.013004687,-0.021002915,-0.0042361617,0.03777229,0.019984111,0.026318626,-0.021559065,0.02939571,0.02167234,0.02620523,0.027037058,0.026101885,0.036996905,0.032153722,0.020727322,0.04875581,0.029492285,0.04741182,-0.010419686,-0.08702841,-0.007867137,-0.06590468
/mnt/sdd/caltech_training/multiclass/train/003.Sooty_Albatross/Sooty_Albatross_0005_796342.jpg,2,0.0043056128,0.005638324,0.005229832,0.0146489795,0.0024208692,-0.002214872,0.0015779313,0.0074935113,0.00589809,-0.010001836,0.0009824848,0.0034575346,-0.004237678,-0.018251648,-0.004550118,-0.007943196,-0.005741549,0.021726314,0.023763873,0.015369879,-0.0037738904,0.006998026,0.00096873904,0.0073199086,-0.005261516,-0.005726783,-0.0038902229,-0.016195923,-0.0040099807,0.022025345,0.0153416265,0.016405843,-0.0017461372,0.009990186,0.014735724,0.013224276,0.022564553,0.029879887,0.04340599,0.03856699,-0.00081360445,0.050995857,0.030485077,0.051428206,-0.015298631,-0.073766395,-0.006870944,-0.058167294
/mnt/sdd/caltech_training/multiclass/train/003.Sooty_Albatross/Sooty_Albatross_0013_796402.jpg,2,0.0027714027,0.0051914635,0.002257765,0.007321202,0.0024394123,0.0024469106,0.001970443,0.0031035468,0.0014292407,-6.36332e-05,-2.2374734e-05,0.0024922686,-0.00020543707,-0.00070722814,0.0029931653,-0.0094246315,-0.010256267,0.010325832,0.014321459,-0.019763386,-0.013201838,0.007820865,-0.008043187,0.00044076168,-0.01822525,-0.004355421,-0.001855917,-0.019234773,-0.0030184966,0.026856747,0.016267544,0.021677513,-0.027032163,0.028972348,0.023598202,0.028417852,-0.021633705,0.030961622,0.04291848,0.033106904,-0.009723384,0.024857264,0.01784751,0.032144655,-0.017142214,-0.08764278,-0.008612631,-0.05908017
/mnt/sdd/caltech_training/multiclass/train/003.Sooty_Albatross/Sooty_Albatross_0038_1065.jpg,2,0.012243411,0.004702226,0.0037579949,0.016088959,0.0063496474,-0.006513119,-0.013708491,-0.016828429,0.0076171057,-0.008902638,-0.0025155013,0.002003857,0.0014333338,-0.003655911,0.012202747,0.007909652,-0.0075651035,-0.00094160484,-0.0046614874,-0.011179588,-0.000673427,0.0071674665,-0.0039819647,0.011009956,0.019541267,-0.0009935708,-0.0009092768,-0.013438905,0.016035344,0.02811109,0.00032213517,0.0063835066,0.004653058,0.0149384085,0.007515082,0.023897998,0.029773885,0.031118732,0.0396367,0.03050266,0.041652795,0.034989655,0.023612497,0.035578147,-0.01320471,-0.08670126,-0.011118003,-0.067457825
/mnt/sdd/caltech_training/multiclass/train/003.Sooty_Albatross/Sooty_Albatross_0032_1149.jpg,2,-0.0029908293,-0.0071982173,0.0067105424,0.01251076,0.002719476,0.010450084,0.025159523,0.022499895,0.0011307441,-0.0037245185,0.0019173026,0.0027272624,-0.0072766906,-0.005974375,-0.0007473242,0.011139037,-0.017600875,-0.010362958,0.022734348,-0.005450389,-0.023738332,0.005797431,-0.0010380006,0.005670416,-0.006004945,-0.0012573171,-0.0041722422,-0.009516242,-0.00898265,0.003231721,-0.020163672,-0.008626441,-0.016502993,0.021310437,0.02207613,0.02331379,-0.003812504,0.026046494,0.044277832,0.033880625,0.0067867916,0.035153285,0.020113481,0.04091205,-0.010101218,-0.08080344,-0.0069809547,-0.060610972
/mnt/sdd/caltech_training/multiclass/train/003.Sooty_Albatross/Sooty_Albatross_0076_796365.jpg,2,0.014429665,0.0034615255,0.013030881,0.012946568,0.009205658,0.0037452404,-0.007155585,-0.00079506333,0.006724317,-0.0054824497,-0.0008468407,-0.0061938465,-0.012375083,0.003883726,-0.0020073797,0.004062557,-0.010406792,-0.000366661,0.0028762207,-0.0003472853,-0.017486947,0.0018401267,-0.0052828696,0.005462396,-0.0070937723,0.015217988,0.022707019,0.011682861,-0.00986118,0.011165075,0.0005442407,0.0014501214,-0.02141282,0.00538414,0.010040454,0.015227927,-0.0022659788,0.018166063,0.039133504,0.027616221,0.023687774,0.03932927,0.02626928,0.042296268,-0.011330111,-0.08403474,-0.009130012,-0.06399008
/mnt/sdd/caltech_training/multiclass/train/003.Sooty_Albatross/Sooty_Albatross_0004_796366.jpg,2,4.1152467e-05,0.0049344017,0.0064041466,0.011778622,-0.0015366824,-0.0095313955,-0.009280278,-0.0012307821,0.001205643,0.008068163,0.0025798944,-0.0045788838,-0.005516455,0.0070418576,0.015579584,0.016114661,0.0028737802,0.014215771,0.0020411692,0.011840255,-0.01157973,0.0046643307,-0.0028167004,0.01218522,-0.01943346,0.007134683,0.014043283,0.0003591748,-0.020903315,0.030298848,0.01600714,0.013673695,-0.021052761,0.015583612,0.011485133,0.008496985,0.0096670445,0.028653061,0.037163116,0.033492226,0.025554158,0.04070265,0.025668636,0.045509707,-0.0092265755,-0.09329121,-0.016875882,-0.06869137
/mnt/sdd/caltech_training/multiclass/train/003.Sooty_Albatross/Sooty_Albatross_0048_1130.jpg,2,0.0001363412,0.011683797,0.005778405,0.0031699887,0.0023630382,0.007445449,0.013723551,0.0014941242,-0.003224129,0.0020179437,0.0021798508,0.0054841544,-0.00376483,0.0021692435,0.0052120937,-0.006701172,0.010691705,0.006485856,0.009394037,0.0031738856,0.0038429142,-0.0070439,-0.0029853538,0.0016079781,-0.009285493,0.0026601786,0.009967311,-0.010909308,0.0020301933,0.01602969,0.0069763325,-0.0066051986,0.0033193869,0.016427884,0.015670482,0.014888931,0.033261653,0.023774736,0.042947438,0.03454765,0.024418723,0.041178115,0.03408715,0.048203755,-0.0062102284,-0.0798328,-0.005808029,-0.06058836
/mnt/sdd/caltech_training/multiclass/train/003.Sooty_Albatross/Sooty_Albatross_0050_796351.jpg,2,0.003049823,-0.003392153,-0.00015190337,0.00043735554,0.0032708808,-0.0014851539,-0.0013859228,-0.000881184,-0.00078128814,-0.0006896383,0.008243913,0.0068209576,-0.017002545,-0.009739238,-0.0060398118,-0.006592218,-0.011951134,-0.006279857,0.011349117,0.00108503,-0.021676445,-0.0019709542,-0.011398805,0.0020634644,-0.043295536,-0.0033360245,0.0027144952,-0.016637446,-0.016871795,0.023952935,0.01479766,0.01736694,-0.021106347,0.011701062,0.02182902,0.017745342,-0.009088368,0.013221577,0.030040938,0.0244934,0.0038172072,0.038736366,0.030846141,0.04204218,-0.011425655,-0.07738841,-0.0063498765,-0.060653754
/mnt/sdd/caltech_training/multiclass/train/003.Sooty_Albatross/Sooty_Albatross_0014_796373.jpg,2,-0.00087320735,0.0021964808,0.012911258,0.00084697996,0.0033687004,0.016545009,0.015686048,0.01910069,0.002194119,-0.008194823,0.0128309205,0.011755275,-0.00029655703,0.0023493627,0.0043892693,-0.013749198,0.0080982065,-0.01332849,-0.018351506,-0.020073492,-0.0020386092,0.006112315,0.0063406527,0.018801548,-0.00795739,-0.0138846,-0.0029628975,-0.019157473,-0.008961443,0.031319678,0.014184369,0.010164174,-0.007590978,0.030213041,0.017621502,0.018514616,0.03312265,0.027641475,0.05281037,0.053492486,0.031035505,0.05015915,0.02992685,0.053637244,-0.006797882,-0.08466236,-0.0054306723,-0.061318852
/mnt/sdd/caltech_training/multiclass/train/003.Sooty_Albatross/Sooty_Albatross_0030_1122.jpg,2,-0.0015795957,0.0028934756,0.007352983,0.0001613298,-0.0001442493,0.0026455224,0.0077567194,0.014444421,-0.0016416415,0.013252726,0.013720309,0.007962301,-0.017200232,0.00069083925,0.005784101,-0.0011049658,-0.0117858695,0.002741674,0.014407532,1.4591496e-05,-0.01720837,0.010861259,-0.0045044315,0.007969511,-0.026960846,-0.009747473,-0.011727145,-0.03434468,-0.032696724,0.028301546,0.012465622,0.0036307275,-0.01098489,0.008667189,0.015525498,0.01379567,-0.007068984,0.009687976,0.035573807,0.022295354,0.012032639,0.03640633,0.024109393,0.041222345,-0.01709104,-0.09031151,-0.010891432,-0.06576742
/mnt/sdd/caltech_training/multiclass/train/003.Sooty_Albatross/Sooty_Albatross_0023_796401.jpg,2,-0.0034912718,-0.0011683023,0.009247993,0.0009980984,-0.00035603007,0.010945413,0.017071074,0.008150229,0.00045440346,0.008313359,0.0034436625,0.0026608398,-0.00070299604,0.010645668,0.01278814,0.0060063107,-0.007069718,0.007569633,0.0036908495,-0.013211958,-0.013009443,0.009762208,-6.390689e-05,0.007271094,0.0028376086,0.0114669325,0.022759221,0.0044225436,-0.022143498,0.04028059,0.024132468,0.016749308,-0.017985668,0.034530077,0.03192927,0.039136227,0.006036649,0.033965703,0.045455977,0.041237675,0.037554912,0.042598337,0.027890889,0.041635968,-0.010833694,-0.08424398,-0.00708524,-0.062937215
/mnt/sdd/caltech_training/multiclass/train/003.Sooty_Albatross/Sooty_Albatross_0065_796367.jpg,2,0.00027707778,0.0025149263,0.00727482,0.011563012,-0.0029811286,-0.002286417,0.00023231586,0.0018830416,-0.0023184742,-0.004127904,-0.009564258,-0.012370371,-0.0069944337,0.007096346,0.0043803575,0.0047907536,-0.024291981,0.01648321,0.012050999,-0.01010108,-0.018058106,0.0005923611,-0.008630684,-0.0025287059,-0.003558874,0.012457839,0.017143805,0.0018434948,-0.0069601224,0.03160005,0.019534104,0.022008862,-0.018449802,0.015467046,0.0065062046,0.011415696,0.026535325,0.028186683,0.044878334,0.033833057,0.0061337557,0.042064477,0.026991457,0.045127116,-0.015616811,-0.08096583,-0.008284701,-0.06314341
/mnt/sdd/caltech_training/multiclass/train/003.Sooty_Albatross/Sooty_Albatross_0010_796355.jpg,2,0.0008436467,0.00091967615,0.005063909,0.0031772715,-0.002463681,0.005268272,0.005674594,0.0034163003,-0.0016138735,0.0027005584,0.00081632496,-0.002571724,-0.012083882,0.008391531,0.009604174,0.004713414,-0.010271975,0.0119273085,0.020519985,0.0052662385,-0.008163447,0.0022126837,-0.0047933036,0.0091831265,-0.008322603,0.006425878,0.014731024,-0.009655513,-0.010783063,0.03172494,0.018384099,0.017730659,-0.00714917,0.023652611,0.016959812,0.020868102,0.016215134,0.034581587,0.05170692,0.039215416,0.021389505,0.039451018,0.024577564,0.038981244,-0.012933668,-0.08512379,-0.012380153,-0.06412306
/mnt/sdd/caltech_training/multiclass/train/003.Sooty_Albatross/Sooty_Albatross_0033_1128.jpg,2,0.0034291947,0.003444733,0.009368796,0.009073847,-0.001528436,0.014678533,0.0033145852,0.008344159,-0.00019841557,-0.0013554832,-0.0061338274,-0.014781477,-0.009425519,-0.0062834457,-0.0042430554,-0.0039018784,-0.014942823,0.008139808,0.0012020022,-0.016249936,-0.001904496,0.009118154,-0.00039176806,0.007284411,-0.008890768,0.015254072,0.023258403,0.0042115683,0.00927803,0.03652911,0.030294836,0.04281975,-0.014720152,0.016061459,0.01713061,0.026211683,0.025055427,0.03479356,0.05250579,0.042841427,0.008828821,0.04937764,0.03349017,0.049836062,-0.013575027,-0.08283682,-0.009762461,-0.06164131
/mnt/sdd/caltech_training/multiclass/train/003.Sooty_Albatross/Sooty_Albatross_0021_796339.jpg,2,0.0045446423,0.008207117,0.0060324096,0.011063545,0.0066047953,-0.006345579,-0.0007891393,0.0041896612,-0.002366713,-0.003860523,-0.0011435398,0.00060199446,-0.0007345746,-0.0021279296,0.0069935033,0.007111887,-0.006454478,-0.006101248,0.0041110916,-0.011253695,-0.00583608,0.019279752,0.005686431,0.013193379,-0.021150261,0.010031077,0.0074491347,-0.021034503,-0.01398281,0.0118762795,-0.0007920489,0.0036478825,-0.0026239175,0.008497298,0.009551427,0.010529377,0.0060322667,0.016166572,0.03088931,0.01974307,0.0140710445,0.026796501,0.021013675,0.039573483,-0.0064246682,-0.08001098,-0.0057834876,-0.05948615
/mnt/sdd/caltech_training/multiclass/train/003.Sooty_Albatross/Sooty_Albatross_0007_796372.jpg,2,0.011006713,0.005511122,0.0016483852,0.0064021223,0.0091643045,-0.0052140574,-0.0025254348,-0.00323619,0.0025266693,-0.0021136855,0.0020171953,-0.0037504411,0.00089833257,0.0066102943,0.0010566823,0.013027299,-0.0030389312,0.013193459,0.015709005,0.006764318,-0.004619064,0.014115117,0.010902182,0.018293947,-0.017596558,0.0056066746,0.008973691,0.0020653922,-0.013772548,0.018888075,0.0043135434,0.01662997,-0.027901456,0.020293903,0.021351116,0.02402683,0.011730338,0.011704447,0.029175451,0.018280515,0.02527881,0.032417968,0.017435664,0.033641778,-0.015793879,-0.0764789,-0.005766236,-0.058999766
/mnt/sdd/caltech_training/multiclass/train/003.Sooty_Albatross/Sooty_Albatross_0073_1171.jpg,2,-0.008641796,-0.01290537,0.007354038,0.0137656955,-0.0037986587,0.0022374205,0.0064027617,0.0043547535,-0.0031643382,0.0023498754,0.0023113596,0.00032154546,-0.012192985,-0.007988788,-0.008088582,-0.0005690353,-0.0109123215,0.019798184,0.01289101,-0.0039410684,-0.008405856,-0.009134866,-0.012808089,-0.009758474,-0.014989093,-0.014084748,-0.00018826965,-0.021519544,-0.027711531,0.021636,-0.004319112,0.009351833,-0.023355603,0.016474139,0.01862825,0.019062974,0.008547448,0.021141022,0.037842155,0.035812564,0.0054440894,0.04706022,0.0336913,0.048377153,-0.023570389,-0.09012246,-0.009136904,-0.06574568
/mnt/sdd/caltech_training/multiclass/train/003.Sooty_Albatross/Sooty_Albatross_0025_796361.jpg,2,0.017557971,0.002620433,-0.002412174,0.00439909,0.008516837,-0.001511777,0.0045956355,0.0102347825,0.0013992343,0.0034865704,-0.0024953494,0.0010400971,0.0028864862,0.001526332,-0.0029590095,-0.008912156,-0.008454286,0.004678917,0.0072455965,-0.0006412683,-0.0060532233,0.0076282765,-0.00075037987,0.0092510395,-0.008280805,0.0037499103,0.014305964,-0.001956738,-0.02111606,0.02743268,0.0047020037,0.02211516,-0.018985933,0.029040992,0.024917927,0.030050652,0.021177223,0.023203345,0.043966684,0.029035348,0.025801443,0.039568804,0.024473317,0.03795492,-0.008610771,-0.08763059,-0.009383403,-0.06458241
/mnt/sdd/caltech_training/multiclass/train/003.Sooty_Albatross/Sooty_Albatross_0031_1066.jpg,2,0.005416773,0.0017899049,-0.0010811489,-0.000947225,-0.00095587195,-0.0022096103,0.00030550756,0.008716141,-0.0018145953,-0.007738976,-0.0047382005,-0.001912149,-0.0029268363,-0.005392966,-0.0043788967,0.006334054,0.0081909895,0.016387962,0.028759986,0.0036852225,-0.00071071344,0.013139918,0.009231804,0.023833381,-0.022089986,0.01698887,0.020075068,0.0037972499,-0.01837845,0.025631184,0.021616627,0.020887319,-0.0041826074,0.013929426,0.016573474,0.022201784,0.036135957,0.03706589,0.05261285,0.041910138,0.014661194,0.040475268,0.02931064,0.044694364,-0.010611118,-0.08804328,-0.01102611,-0.06234543
/mnt/sdd/caltech_training/multiclass/train/003.Sooty_Albatross/Sooty_Albatross_0075_796352.jpg,2,0.005410871,0.010176057,0.0058890986,0.004590202,0.012235791,0.012711814,0.0018774071,0.015522547,0.0014774301,0.0026915588,0.013811614,0.017713783,-0.0058177393,-0.011216044,-0.0049219877,-0.017738273,0.0039955117,0.0052192057,0.0051256074,-0.007042491,-0.008973582,0.0075237434,0.0023528356,0.011450705,-0.011229074,0.005357999,0.01404457,0.003293111,-0.0063117854,0.038709536,0.023828257,0.00828753,-0.0057567907,0.034585122,0.02076815,0.030657485,0.027474184,0.01262222,0.03375379,0.03577772,0.01904406,0.037430912,0.023571683,0.040430047,-0.0117061455,-0.08190864,-0.005851686,-0.05808738
/mnt/sdd/caltech_training/multiclass/train/003.Sooty_Albatross/Sooty_Albatross_0040_796375.jpg,2,0.006977978,0.005934654,0.0031812002,-0.0010278921,0.0019291076,0.00382091,0.015263989,0.014594182,-0.0007430712,0.0057554888,0.0016508121,0.0027272832,-0.011944853,-0.007805921,-0.0048837215,0.0045467606,-0.0024689115,-0.0006119865,0.015402291,0.00081843743,-0.0066551045,0.013509057,0.0013984574,0.01938003,-0.010053132,0.0070179403,0.013493574,-0.005718867,-0.020395286,0.026449857,0.004732916,0.009879041,-0.010179248,0.013428286,0.007796892,0.018376764,0.004660489,0.027158536,0.04372233,0.032953914,0.011146603,0.03917584,0.022986032,0.038924918,-0.015957953,-0.08243261,-0.007125888,-0.063670896
/mnt/sdd/caltech_training/multiclass/train/003.Sooty_Albatross/Sooty_Albatross_0019_796391.jpg,2,0.004967324,0.0017617807,0.020070458,0.008902534,-0.0057805227,0.00060313335,0.0026424977,0.0016023311,-0.00078512076,0.0010406555,0.0016783501,-0.002461347,-0.020908676,0.0028634705,0.013081702,-8.016452e-05,0.001316614,0.009834599,0.008698143,0.010335309,-0.01818412,0.013235032,0.0027277537,0.015104542,-0.019411327,0.008297484,0.0050429744,-0.011314745,-0.037388433,0.029299906,0.009886134,0.01161563,-0.030277867,0.022954678,0.01658171,0.03178865,0.0085148625,0.02382225,0.034463797,0.024134152,0.013879428,0.049701862,0.031347815,0.04694609,-0.018967887,-0.08424461,-0.00981948,-0.06291981
/mnt/sdd/caltech_training/multiclass/train/003.Sooty_Albatross/Sooty_Albatross_0071_1116.jpg,2,-0.0056787613,-0.0013795043,0.0059998645,0.00607876,-0.00074767193,0.0021426806,-0.0038789094,-0.008249913,-0.0015532025,0.00017577503,1.8957944e-05,-0.003755862,-0.014044631,0.0046567144,0.0049512153,0.00043852767,-0.014857085,-0.0030453359,0.0057506077,-0.0076849656,-0.02203836,-0.0001835085,-0.011466796,0.0023309737,-0.025922675,0.008624117,0.017213497,0.007980639,-0.02210296,0.022312984,0.007967748,0.024241066,-0.017102899,0.025378726,0.022154663,0.033554982,0.019471534,0.031622186,0.047774605,0.03418175,0.0047812886,0.029645009,0.019615997,0.03258477,-0.008420289,-0.08341135,-0.0069985776,-0.057592683
/mnt/sdd/caltech_training/multiclass/train/003.Sooty_Albatross/Sooty_Albatross_0069_796358.jpg,2,0.0022458239,0.0033664317,0.0047871848,0.010793606,-0.00052159844,-0.0030925025,0.00025486317,0.0057102223,-0.0015775347,0.007977504,0.011773887,0.013815441,-0.011646609,-0.011144926,-0.00574433,-0.014351726,-0.022071129,-0.0046027964,0.0021989183,-0.009859157,-0.01899032,0.011478447,0.0042571723,0.00723474,-0.022880852,0.0068687885,-0.015547071,-0.012260549,-0.01794606,0.02987182,0.007288318,0.0063365474,-0.010887444,0.011116736,0.019872589,0.014524988,0.0061412365,0.013001955,0.039669182,0.030360706,0.016144285,0.047825687,0.030547999,0.045168713,-0.019761093,-0.08086707,-0.00680888,-0.06209571
/mnt/sdd/caltech_training/multiclass/train/003.Sooty_Albatross/Sooty_Albatross_0046_1211.jpg,2,0.0024788918,0.00984295,0.00013613107,0.007184054,0.0013646702,-0.0054083504,-0.003712835,0.0033868125,0.0014519959,-0.0019753142,0.006517794,0.0063649565,-0.011700307,-0.00046194252,-0.003385128,-0.015543259,-0.019913577,0.008040191,0.016041625,0.0010267058,-0.025613343,0.012108801,0.0057277754,0.014108487,-0.025411192,-0.0023159436,0.009619213,-0.024253951,-0.029602284,0.029999746,0.0016264059,0.013685998,-0.018159047,0.016098056,0.0013494436,0.009483227,0.015932685,0.018890046,0.03425223,0.031525515,0.012728615,0.034702394,0.028177373,0.046757407,-0.012357612,-0.094894215,-0.009988494,-0.06538874
/mnt/sdd/caltech_training/multiclass/train/003.Sooty_Albatross/Sooty_Albatross_0041_796364.jpg,2,0.0043534557,-0.0024114999,0.0075192405,0.016890196,0.009135884,0.013846014,0.011728656,0.015214468,0.0022592563,0.0077249366,0.0090942755,0.01658653,-0.0026041362,0.0063410606,0.013992787,-0.0027067328,0.0025481796,-0.009270404,-0.011725167,-0.022539616,0.019383676,0.01986149,0.009305075,0.020034268,-0.00019868417,0.0015948699,0.012402198,-0.008566382,0.019405693,0.028541647,0.007511569,0.013330257,0.018999696,0.025670614,0.022961907,0.026194016,0.03152878,0.009895397,0.032313675,0.017782774,0.042462114,0.03876482,0.028613191,0.045103185,-0.012281148,-0.08252066,-0.009199896,-0.06233961
/mnt/sdd/caltech_training/multiclass/train/003.Sooty_Albatross/Sooty_Albatross_0022_796398.jpg,2,0.003965961,0.006149353,0.003599687,0.007571647,0.0011658021,0.0024155474,0.005886603,0.009900131,0.0014480248,0.00023016182,-0.0002486352,-0.0022974666,-0.0022891555,0.008092124,0.012953845,0.01639362,-0.021636877,0.0146621065,0.0071881176,-0.015946282,-0.006531168,0.015977668,0.0020719888,0.007748876,-0.0045079943,0.013037933,0.020936713,-0.0073636966,-0.007964946,0.02706896,0.009390168,0.016839504,-0.015870508,0.014237475,0.013083229,0.008628491,0.01557549,0.028441558,0.04855667,0.04131806,0.01072659,0.037496544,0.027290244,0.04006412,-0.01571704,-0.085246384,-0.009213364,-0.06067141
/mnt/sdd/caltech_training/multiclass/train/003.Sooty_Albatross/Sooty_Albatross_0063_1101.jpg,2,-0.009093316,0.0041298983,0.012854415,0.0115025975,0.00040755334,-0.0019126307,0.003048415,0.0024159243,0.002230602,0.0068627093,0.004070543,-0.0010361823,-0.0015355422,0.0058926814,0.016590811,0.006775496,0.0031088686,0.008858477,0.005088879,-0.0016469136,0.0033119023,0.0045319363,-0.0021060288,0.014049801,-0.0051185046,0.00033595157,0.008068801,-0.011611146,-0.011077552,0.011928059,-0.0053351806,0.006130715,-0.020767815,0.020917304,0.01722573,0.026987534,0.019740205,0.039667837,0.05806301,0.03963137,0.024232786,0.03146697,0.0141006,0.031098876,-0.00887798,-0.08453612,-0.01180324,-0.06317543
/mnt/sdd/caltech_training/multiclass/train/003.Sooty_Albatross/Sooty_Albatross_0079_796389.jpg,2,0.0043653934,0.0059974184,0.0053399405,0.0034539227,-0.0031256087,0.0104678525,0.011646728,0.023569431,0.0034234547,0.015091502,0.024989247,0.022056071,0.0055001127,-0.0020888252,0.0001686085,0.0028722016,-0.0059544616,-0.0003116422,-0.0017851964,0.009002767,-0.0046414286,0.006913268,-0.006294594,0.0040201982,-0.010746054,0.0068761795,0.027018588,0.000638986,-0.02637799,0.022044932,0.0071056196,0.004567271,-0.0240415,0.021883402,0.027695794,0.018810939,-0.006758674,0.005614821,0.02202143,0.026663002,0.003822985,0.035082318,0.014283968,0.037314806,-0.011755856,-0.08538278,-0.010317162,-0.06634401
/mnt/sdd/caltech_training/multiclass/train/004.Groove_billed_Ani/Groove_Billed_Ani_0087_1765.jpg,3,0.005174172,-0.004312413,0.00078567944,0.0014929642,0.0027826251,0.0041689724,0.011662589,0.007989733,0.0061626695,0.0033830234,0.0033731167,0.00523738,0.0002835513,-0.0048214905,-0.0012845113,0.007655645,-0.015056474,0.0021531233,-0.0043389495,-0.019457255,-0.010924708,-0.008631704,-0.007462289,-0.012003554,-0.013430441,0.007666149,-0.0020394535,-0.0042872922,-0.01585403,0.013580924,-0.006690638,0.0036550197,-0.015418069,-0.014820648,-0.013133757,-0.006204081,-0.027641956,-0.006233511,-0.021849107,-0.0062956,-0.027691612,-0.0068587167,0.001989273,-0.02811376,-0.03353515,0.040286105,0.05085005,0.027420681
/mnt/sdd/caltech_training/multiclass/train/004.Groove_billed_Ani/Groove_Billed_Ani_0065_1502.jpg,3,0.01604477,-0.019699777,-0.004793472,-0.00012343843,0.0028294194,0.0036270435,-0.0011497131,-0.005131486,0.005449767,-0.0012277612,0.0024562788,-0.0020847528,0.0047645154,-9.913696e-06,0.00043659657,0.0074919276,0.009121374,-0.02943246,-0.016613256,-0.019666888,-0.0042797457,0.010675554,0.010085085,0.0058208797,0.008020891,0.022163864,0.017034488,5.277898e-05,0.012224056,0.005019343,-0.0143557135,-0.002850925,-0.012387279,-0.012916205,-0.0076536424,-0.0015561357,-0.014710389,-4.660804e-05,-0.012347305,0.00398918,-0.041433576,-0.016765587,-0.011840308,-0.032125477,-0.025929967,0.042112358,0.044796027,0.024058912
/mnt/sdd/caltech_training/multiclass/train/004.Groove_billed_Ani/Groove_Billed_Ani_0053_1672.jpg,3,-0.00050281896,-0.004913775,-0.00037914416,-0.0001310606,-0.003749033,-0.005436619,-0.0048560738,-0.0040291706,-0.0017874632,-0.0028466077,-0.008209438,-0.010019145,-0.006787886,-0.0034677756,0.0022171577,0.009360246,-0.017447924,-0.024877133,-0.024494603,-0.025968272,-0.013231255,0.0017786191,-0.0072530247,-0.006386881,-0.015193887,0.0055538793,-0.0072180172,-0.018728679,-0.029194366,0.005177321,-0.0094382,-0.0074289567,-0.020957926,-0.006474284,-0.0039035054,0.006876112,-0.01355349,-0.0018029241,-0.018272571,-0.001960985,-0.044464827,-0.017776977,-0.0028448307,-0.0294208,-0.024101058,0.035368472,0.047022015,0.023673136
/mnt/sdd/caltech_training/multiclass/train/004.Groove_billed_Ani/Groove_Billed_Ani_0092_1516.jpg,3,-0.010672058,-0.011519447,-0.0033751656,-0.0019487316,-0.007975249,0.0003896244,-0.003969165,-0.00934558,-0.003969203,-0.0054241694,-0.012618708,-0.0061783097,-0.006665308,-0.0070257448,0.0032918733,0.0067355726,-0.0118186325,-0.01734101,-0.022268275,-0.029064905,-0.00018059055,0.0038472125,0.005849491,0.001559392,0.008033473,-1.7550774e-05,-0.0051530334,-0.014286719,-0.007425745,0.021669758,0.0024969354,0.004886058,-0.026557012,-0.017897056,-0.016412418,-0.0046875523,-0.01594362,-0.0054863268,-0.02143314,-0.005519634,-0.01784131,-0.021767605,-0.0046609277,-0.030750003,-0.035004776,0.037995655,0.044612046,0.024643745
/mnt/sdd/caltech_training/multiclass/train/004.Groove_billed_Ani/Groove_Billed_Ani_0074_1730.jpg,3,0.0017499579,-0.007681562,-0.010966333,-0.0050470796,0.002091866,0.00010598707,0.00012955791,0.0013152391,-0.0011408406,-0.0055628503,-0.0037969693,-0.0027871826,-0.00463376,-0.0077271797,0.0005206838,-0.00024429592,-0.0116644995,-0.024967982,-0.029386403,-0.02423719,-0.005261573,-0.0042613456,-0.0055171223,-0.0013075827,-0.0006677653,0.013764902,9.032013e-05,-0.006736163,-0.0055633713,0.0037573222,-0.012680623,-0.009055285,-0.020442542,-0.015670232,-0.015196079,-0.0061741113,-0.015440307,0.0069213393,-0.0112500945,0.0060739527,-0.041386113,-0.023458712,-0.009285882,-0.0341609,-0.02620415,0.043105133,0.04968799,0.028632503
/mnt/sdd/caltech_training/multiclass/train/004.Groove_billed_Ani/Groove_Billed_Ani_0046_1663.jpg,3,-0.0074456884,-0.010156401,0.0064563025,0.0067514805,-0.0026704834,-0.00010643457,-0.0017987381,-0.002947588,-0.0035457565,-0.00917078,-0.0076564774,-0.0073201037,0.0007812558,-0.006420856,0.00037273928,0.010272626,0.009743194,-0.019322664,-0.027267136,-0.036673598,-0.008527298,0.0019856503,0.0009508943,-6.143376e-05,0.019043988,0.00043838844,0.00086509716,-0.011707953,0.00031360378,0.014963336,-0.0011810195,0.0072630607,-0.023855938,-0.010212219,-0.009418881,-0.0044562365,-0.029403802,-0.0038040234,-0.02845774,-0.011331493,-0.025977869,-0.021509757,-0.017740767,-0.036479183,-0.025496718,0.039603915,0.046417154,0.026434306
/mnt/sdd/caltech_training/multiclass/train/004.Groove_billed_Ani/Groove_Billed_Ani_0037_1560.jpg,3,-0.0095081255,-0.0097636925,-0.002671326,0.002852485,-0.010621564,-0.008160135,-0.0012488216,-0.004158348,-0.004239633,-0.0044239387,-0.0055183046,-0.0031601177,-0.012524349,0.010880681,0.004105377,0.0041953586,-0.03022743,0.0051202048,-0.009291278,-0.02046378,-0.02902865,-0.009544987,-0.007456499,-0.013351879,-0.037036113,0.0060401405,0.00043697655,-0.01753543,-0.044273395,0.0210542,0.01280204,0.00713533,-0.033855703,0.0029158853,0.0012924981,0.012702183,-0.044027023,-0.0033986634,-0.020660223,0.0009989571,-0.032140885,-0.017310854,-0.004933291,-0.03104692,-0.025922041,0.04228034,0.04922597,0.030649966
/mnt/sdd/caltech_training/multiclass/train/004.Groove_billed_Ani/Groove_Billed_Ani_0029_1620.jpg,3,0.0012123679,-0.0042512575,-0.009800773,-0.009706447,0.004516526,0.0012641188,0.008718183,-0.006119772,0.0020743562,0.00043114336,0.00045484368,-0.011528038,0.0034584543,-0.015142354,-0.01427048,0.0073896768,-0.026610363,-0.042010922,-0.028831227,-0.040216986,-0.01106034,0.0019238198,0.005701714,-0.0016100015,-0.0030666925,0.010176627,0.006325282,0.0021865338,-0.017271012,0.004535543,-0.011032803,0.009670937,-0.016846452,-0.00875056,-0.011807047,-0.0021318921,-0.0069780294,-0.0146102775,-0.020926272,-0.005589654,-0.018368922,-0.022423856,-0.009343092,-0.03306869,-0.031796087,0.042882215,0.049580995,0.028432466
/mnt/sdd/caltech_training/multiclass/train/004.Groove_billed_Ani/Groove_Billed_Ani_0033_1494.jpg,3,-0.008632355,-0.012638379,0.0029178965,0.003394459,-0.0014419102,0.0008240446,0.0043078233,-0.0034568526,-0.0016862203,0.0018832486,-0.0006781149,0.0005979257,0.0020660802,-0.016299605,0.0007046496,0.00686495,-0.016734662,-0.012215722,-0.012327814,-0.020865966,-0.0039937994,0.004757472,0.0064923223,0.005612384,-0.0018835883,0.0062333085,0.011100331,0.0018535467,-0.013226094,0.0038917689,-0.014974573,-0.00045206514,-0.021592107,0.0007362063,0.0004144509,0.005842373,-0.02417468,0.0018089875,-0.012964504,0.0020810375,-0.032887995,-0.021537352,-0.00840288,-0.027033221,-0.028563809,0.04210408,0.04486239,0.023548044
/mnt/sdd/caltech_training/multiclass/train/004.Groove_billed_Ani/Groove_Billed_Ani_0018_1613.jpg,3,-0.0117038395,-0.0006851639,-0.009170159,-0.0031211367,3.5416451e-06,-0.0051298584,-0.006288947,-0.014207108,-0.0031635794,-0.00600353,-0.0058553293,-0.008793695,0.00075288373,-0.006553519,-0.0062482907,0.0014488536,-0.008925302,-0.017555818,-0.013809891,-0.020308105,-0.0078720795,0.0041158698,0.0034998127,0.0022886067,-0.009209467,0.01634103,0.0049774046,-0.0079965275,-0.0061821267,-0.0025764117,-0.01655285,-0.007935544,-0.026040113,-0.015740078,-0.0118326135,-0.004039822,-0.031975765,0.001428673,-0.012665971,-0.004842969,-0.035252973,-0.021377306,-0.009646995,-0.029838491,-0.02716272,0.036690354,0.0427117,0.022826212
/mnt/sdd/caltech_training/multiclass/train/004.Groove_billed_Ani/Groove_Billed_Ani_0004_1528.jpg,3,-0.006311298,-0.004706607,-0.0024767972,-0.0039243493,-0.002758931,-0.0061857994,-0.0077219806,-0.00042023207,-0.00077400997,0.002266582,0.00649338,-0.0007394168,-0.0034893458,0.006485794,0.017038438,-0.0038454784,-0.022028187,-0.016477933,-0.013454964,-0.025019433,-0.0042023347,-0.003722949,-0.0039691958,-0.007559937,-0.0051908316,0.0081639895,-0.0051458897,-0.012563632,-0.005506809,0.010524717,-0.0009596683,0.007831792,-0.02335763,-0.0020493425,-0.00019108594,0.010723189,-0.033226103,-0.0019683968,-0.008808056,0.010319265,-0.022273924,-0.012738554,0.0023528878,-0.02927109,-0.02911727,0.03762649,0.042656288,0.023004819
/mnt/sdd/caltech_training/multiclass/train/004.Groove_billed_Ani/Groove_Billed_Ani_0040_1715.jpg,3,-0.009308959,-0.008203078,-0.009432875,-0.005043344,-0.0056898217,-0.0061663995,-0.0020202417,-0.00056437973,-0.0021063045,-0.008160042,-0.0042298776,0.0014565965,-0.0093420055,0.0036007098,-0.005271961,0.018355079,-0.004137761,-0.03220415,-0.014473338,-0.042627823,0.0015701934,0.0066886554,0.01247022,0.008049613,0.011983424,0.018053325,0.016760552,-0.012314252,0.02168358,0.015582573,-0.021821816,-0.0068979533,-0.0038025223,-0.01275948,-0.013773396,-0.0012253115,-0.004357149,-0.012514311,-0.030735888,-0.010662493,-0.02712659,-0.015464672,-0.0008529136,-0.01621538,-0.03005394,0.040445227,0.047445893,0.026740089
/mnt/sdd/caltech_training/multiclass/train/004.Groove_billed_Ani/Groove_Billed_Ani_0036_1604.jpg,3,-0.006651657,-0.001414756,-0.006042759,-0.009008281,0.0027484875,-0.009039035,-0.009150491,-0.012913216,-0.0009154943,-0.006403083,-0.010078567,-0.004185718,-0.0032283284,0.00043818052,0.0054583116,0.007705481,-0.011033239,-0.022141058,-0.011024546,-0.026520636,-0.009910913,0.009789288,0.011458397,0.010247894,0.008927736,0.0076357224,0.013208406,-0.0059682555,-0.0015486646,0.014141294,-0.011324201,0.007739572,-0.02230258,-0.0185136,-0.008936583,-0.00751991,-0.004077297,-0.019025024,-0.02301684,-0.015150141,-0.025669947,-0.013705473,-0.0009042749,-0.027579878,-0.031865783,0.036894392,0.049339995,0.029725574
/mnt/sdd/caltech_training/multiclass/train/004.Groove_billed_Ani/Groove_Billed_Ani_0069_1546.jpg,3,0.008141654,-0.002435906,-0.0031571365,-0.00032197055,0.006886691,0.0036196983,0.006911618,0.0025050305,-0.0002821254,0.0018163184,-0.0002936236,0.003046627,-0.009885138,0.0011382205,-0.008469293,-0.0008561914,-0.024385676,-0.002084746,-0.0025784294,-0.02114058,-0.011140015,-0.006350635,-0.0029624316,-0.008812605,-0.001964905,-9.776326e-06,-0.010812612,-0.004870183,0.00040115742,0.010825826,-0.0027061272,0.00054226536,-0.020337902,-0.01610531,-0.008183138,0.004397723,-0.02350291,0.0006561093,-0.018944649,0.0075347563,-0.028562725,-0.014388282,-0.0044100187,-0.025214795,-0.031190898,0.043044362,0.05002316,0.028963337
/mnt/sdd/caltech_training/multiclass/train/004.Groove_billed_Ani/Groove_Billed_Ani_0076_1661.jpg,3,-0.021518398,-0.0042020455,0.0019749878,-0.0075276494,-0.0029267066,0.015716195,0.016435008,0.026020454,-0.0041907975,0.00044130065,-0.010817498,-0.014072153,-0.00919625,-0.0036407078,-0.0029608281,-0.0062133535,-0.030258935,-0.022804584,-0.014092898,-0.030310906,-0.016529966,-0.010120529,-0.006427081,-0.014323778,-0.006472288,0.0137030035,-0.0050977794,-0.019767541,-0.0042774496,-0.002476687,-0.006285024,-0.0035469444,-0.016960919,-0.0023976257,-0.009003229,0.0076377513,-0.019409765,0.008920755,-0.0049973675,-0.00027099717,-0.038035464,-0.013689732,-0.005849262,-0.035308808,-0.025954712,0.03974943,0.045568652,0.024988573
/mnt/sdd/caltech_training/multiclass/train/004.Groove_billed_Ani/Groove_Billed_Ani_0068_1538.jpg,3,0.002042507,-0.01018086,-0.020474982,-0.011934853,0.003907673,0.0019847287,0.001003736,-0.0020582092,0.004383649,-0.0044260556,0.0011156201,-0.0029607825,-0.0036494848,-0.008488437,0.0010221472,0.0035023375,-0.03433112,-0.0039351755,-0.0031469157,-0.011915175,-0.026538163,0.009224899,0.01616953,0.0045782863,-0.031119376,0.015787233,0.0031740847,0.0053694854,-0.031769663,0.010749686,-0.009987803,0.014107648,-0.02610138,-0.0050600464,-0.007315462,-0.0016639853,-0.02383747,-0.0032193698,-0.014780218,-0.0027775867,-0.0390332,-0.019212438,-0.0027676735,-0.027207421,-0.032712553,0.038010154,0.04622323,0.026118752
/mnt/sdd/caltech_training/multiclass/train/004.Groove_billed_Ani/Groove_Billed_Ani_0017_1561.jpg,3,-0.017196322,-0.007785042,-0.006217061,-0.008060597,-0.0034658858,0.004537887,-0.0036169752,-0.0010110338,-0.0041442993,0.0031333263,0.0015490947,-0.0016227568,-0.006286119,-0.0028473826,0.0068234224,0.016175507,-0.018879656,-0.021622684,-0.013898773,-0.027412336,-0.017113697,0.00066818646,0.0023298643,-0.0021139183,0.0016346066,0.018984213,0.009787274,0.005255237,-0.022656433,-0.002750429,-0.025464617,0.0028765397,-0.02678237,-0.01796131,-0.011741235,-0.0009872657,-0.03513205,0.00015772483,-0.011506282,-0.0048817955,-0.04278808,-0.01947448,-0.0014138687,-0.026917536,-0.033780918,0.0399465,0.049995642,0.031065078
/mnt/sdd/caltech_training/multiclass/train/004.Groove_billed_Ani/Groove_Billed_Ani_0031_1588.jpg,3,-0.0085086925,-0.004662146,-0.01028818,0.0057056216,-0.0071360637,-0.0033911197,-0.012234751,-0.004401128,-0.0027782987,-0.0006960107,0.009456407,-9.42499e-05,-0.0063630138,-0.005774195,0.0036984005,0.0154976845,-0.019980341,-0.015053368,-0.015376086,-0.01754275,-0.014715852,-0.0053634983,-0.0009820492,-0.004229003,0.0027897817,0.0071416358,0.0030341414,-0.0040096,-0.026740337,0.024572494,0.0044556744,0.0075226994,-0.03299819,-0.00881056,-0.0070960848,0.0016229288,-0.044708204,-0.0049632033,-0.024235506,-0.0025314866,-0.029049052,-0.012179166,0.00095882895,-0.018606707,-0.030457791,0.037287816,0.048060127,0.027318973
/mnt/sdd/caltech_training/multiclass/train/004.Groove_billed_Ani/Groove_Billed_Ani_0047_1706.jpg,3,-0.015453601,-0.014726836,-0.009060894,-0.008244661,-0.005127225,-0.0015704195,-0.006879474,0.0074544093,-0.004875802,0.0025308286,-0.0012435723,-0.005280199,-0.008988032,-0.008067135,-0.0074730734,-0.002324168,-0.02753139,-0.0029941783,-0.0052592196,-0.023169454,-0.018461812,0.0063639656,0.0069297547,-0.0031994297,-0.026922839,0.009824047,-0.0003156676,-0.00065099215,-0.03166275,0.021686336,-0.002039236,0.013486611,-0.018196799,-0.018197913,-0.01225416,-0.007732299,-0.03457785,-0.011562906,-0.026286215,0.0016488265,-0.032388918,-0.013637593,-0.0039491695,-0.036780894,-0.035327964,0.037895285,0.048251674,0.026132304
/mnt/sdd/caltech_training/multiclass/train/004.Groove_billed_Ani/Groove_Billed_Ani_0002_1670.jpg,3,-0.00307237,-0.0123704625,-0.015487923,-0.010115183,-0.0051148767,0.0042874287,0.0050353548,0.0031230538,-0.0034118798,0.00012934167,-0.01256387,-0.011206575,-0.009904108,-0.0032126766,-0.0025757193,0.0066646035,-0.023257293,-0.016676992,0.0061950875,-0.01317698,-0.005711426,0.0032283168,0.0036709597,0.004766727,-0.013269921,0.011310041,0.017571654,4.707137e-05,-0.0033497314,0.010151671,-0.0008039363,0.006023895,-0.032362286,-0.013986562,-0.015755864,-0.010577854,-0.033527613,-0.0041333535,-0.025436167,-0.009254435,-0.043037847,-0.024735555,-0.0064055426,-0.032247916,-0.033440355,0.03688359,0.044956423,0.024385324
/mnt/sdd/caltech_training/multiclass/train/004.Groove_billed_Ani/Groove_Billed_Ani_0012_1784.jpg,3,-0.007956961,-0.0025336384,-0.013929699,-0.016263457,-0.009295432,0.01053387,0.00555952,0.004393032,-0.005571436,0.00040728343,-0.00063016673,0.0017687774,-0.0055398894,0.0071109734,0.0067547974,-0.0020263684,-0.011507964,-0.015262126,-0.023494836,-0.03812377,-0.0053822934,-0.009022788,-0.00016301032,-0.0048467387,0.0046845665,0.007308464,-0.0071551776,-0.015277306,-0.0070453566,0.004662278,-0.0112249255,-0.0033878963,-0.012407294,-0.017403945,-0.0113714365,-0.0039917366,-0.011466527,-0.004052041,-0.021598242,-0.0036133286,-0.02033688,-0.012415038,-0.0016820673,-0.02429203,-0.029641602,0.04393761,0.0483998,0.026291113
/mnt/sdd/caltech_training/multiclass/train/004.Groove_billed_Ani/Groove_Billed_Ani_0023_1485.jpg,3,-0.013585811,-0.0031515334,-0.006818217,-0.0036055294,-0.008980292,-0.00031250855,0.00020038895,0.0005965659,-0.0046774764,0.0012238909,0.0012514271,-0.0027462682,-0.0024078502,-0.0019078598,0.012313824,0.009409984,-0.015903851,-0.028069153,-0.01609468,-0.016615245,-0.012671761,-0.0013573011,0.0026408187,-0.011439724,-0.0060649216,0.014840791,0.006050924,-0.006187888,-0.0032709013,0.0021038118,-0.018747168,-0.003157522,-0.021049973,-0.0052252957,-0.001045736,-0.0039784703,-0.019129336,-0.009611754,-0.026280463,-0.010337232,-0.031562492,-0.016376209,-0.007983154,-0.029138582,-0.030399667,0.034960352,0.04486089,0.029520791
/mnt/sdd/caltech_training/multiclass/train/004.Groove_billed_Ani/Groove_Billed_Ani_0005_1750.jpg,3,-0.0030681724,0.00090320193,-0.00793887,-0.006370276,-0.00087047304,0.004466717,-0.0024722572,0.007745533,-0.0001046363,-0.00035679014,-0.0015093202,7.2653114e-05,-0.024259724,-0.00836525,-0.0063630305,-0.001342162,-0.031784184,-0.043469638,-0.020692207,-0.025939222,-0.010188969,0.0051566097,0.0014641527,0.0031548417,-0.0063252556,0.016172811,0.0078100623,-0.00046529924,-0.024506487,-0.0019073179,-0.020507175,-0.009345451,-0.011709979,-0.031100998,-0.019239558,-0.014074058,-0.021576066,-0.0075859195,-0.027166009,-0.014198272,-0.02228593,-0.01278658,-0.0009739115,-0.018718876,-0.03353886,0.039044842,0.04787021,0.0281864
/mnt/sdd/caltech_training/multiclass/train/004.Groove_billed_Ani/Groove_Billed_Ani_0108_1639.jpg,3,-0.0044119917,-0.0029125642,-0.012503287,-0.00063239154,0.0026423077,0.0007685367,-0.011490975,-0.013565808,-0.00024410739,0.00063351315,-0.0011168777,0.0013439535,-0.008396329,-0.011082765,-0.0045510717,0.004157354,-0.014080619,-0.037966326,-0.027564606,-0.039227396,-0.010734777,-0.0023879632,0.00387459,0.00401299,0.0023772558,0.01626512,0.004049531,-0.0018712012,0.00016613258,0.0073208394,-0.015446121,-0.002255678,-0.017890055,-0.011330919,-0.012020985,-0.009104481,-0.023473147,-0.008200321,-0.017187148,-0.004442177,-0.033492368,-0.014973698,-0.0017104351,-0.022370204,-0.02943886,0.03838656,0.04761555,0.028944636
/mnt/sdd/caltech_training/multiclass/train/004.Groove_billed_Ani/Groove_Billed_Ani_0100_1646.jpg,3,0.001996678,-0.0070825326,-0.011074423,-0.0064680204,-0.00012722594,-0.0052439314,-0.0067448313,-0.0019763198,0.0019329389,0.0005723854,-0.0018199068,-0.0007044148,0.006982385,-0.0046998444,-0.002328894,0.004420976,-0.008435434,-0.025489563,-0.023996588,-0.039963774,0.0035339543,-0.002918894,-0.0015601953,-0.006721264,0.015148624,0.012754034,-0.0020199618,-0.008654502,0.011544535,0.008909519,-0.01193115,-0.0065126377,-0.010690743,-0.008981126,-0.006504662,0.0070172003,-0.0012388264,0.003103043,-0.01798429,0.0039701867,-0.018856062,-0.011945568,0.0039355103,-0.028870687,-0.02697494,0.03511046,0.04577255,0.025148813
/mnt/sdd/caltech_training/multiclass/train/004.Groove_billed_Ani/Groove_Billed_Ani_0035_1591.jpg,3,-0.0052876873,-0.0080760345,-0.0053814873,-0.0038592604,-0.0022394275,0.0067432206,0.0046543377,0.0035653124,-0.00065419835,-0.0036661667,0.00042523997,-0.0032254246,0.0009858478,-0.01334391,-0.002313835,0.008733045,-0.013742732,0.0050577302,0.016677892,0.00089837145,-0.011132785,0.006368012,0.012332482,0.0019695293,0.008269755,0.02702006,0.0029200795,0.0028456424,-0.011984199,0.00644498,-0.0045971684,0.0017281016,-0.022904098,-0.0044490024,-0.00391036,0.010327419,-0.008724382,0.0038439943,-0.0063737496,0.0067667486,-0.035364576,-0.018727802,-0.008973766,-0.034975376,-0.033248797,0.04573817,0.05730018,0.031544857
/mnt/sdd/caltech_training/multiclass/train/004.Groove_billed_Ani/Groove_Billed_Ani_0032_1776.jpg,3,-0.01237325,-0.00801173,-0.0068535046,-0.007393827,0.00518855,0.0028611063,0.0027516142,-0.00297344,-0.0020845153,-0.00030720836,-0.00011694676,-6.738078e-05,0.0043029534,0.009014939,0.0045483448,0.0024972013,-0.009121192,-0.013970615,-0.00024769665,-0.019222956,-0.014675273,-0.0056240023,-0.005179012,-0.008544297,0.0053943703,0.011764544,0.01160499,-0.010061912,-0.020369649,-0.0025917524,-0.019468177,-0.0015399555,-0.024806192,-0.007329693,-0.006408716,0.003103447,-0.034099746,-0.003773725,-0.01762136,0.0004691016,-0.037109274,-0.014458908,0.004222486,-0.022339102,-0.034452334,0.039937515,0.047507495,0.027119076
/mnt/sdd/caltech_training/multiclass/train/004.Groove_billed_Ani/Groove_Billed_Ani_0060_1505.jpg,3,-0.0067139044,0.0011395455,0.0022978843,0.0021138804,-0.0014034943,0.002757163,-0.003796155,-0.0037607225,0.00031853112,0.0011288745,0.006123944,0.002017626,0.0036915704,0.009471303,0.0025316728,0.010775453,-0.023843784,-0.026250817,-0.029321149,-0.005835931,-0.021098189,-0.002943161,0.001466065,0.0039540306,-0.010581082,0.019028772,0.014991637,-0.0011831704,-0.022268899,0.009968815,-0.012464106,-0.0015411098,-0.018208804,-0.01654274,-0.01323759,-0.0036712259,-0.019814458,-0.0032199859,-0.018360108,0.0080557,-0.030234568,-0.02218327,-0.014787273,-0.03303606,-0.034423433,0.041620836,0.048290513,0.028438723
/mnt/sdd/caltech_training/multiclass/train/004.Groove_billed_Ani/Groove_Billed_Ani_0078_1780.jpg,3,-0.0031355438,0.0013648553,-0.005697783,-0.005565225,0.0029868223,0.0036522874,0.0013675485,-0.00616359,-0.0006227747,0.0014118359,-0.0028059266,-0.0036136834,-0.0057878485,-0.011945623,-0.0034760386,0.002507514,-0.019726621,-0.002698652,-0.0034862792,-0.011011971,-0.014921758,-0.00065561855,0.0060729617,-0.000296433,0.0056031225,0.013997159,0.006847057,-0.008533841,-0.0017762936,0.0038690215,-0.017931286,0.0029515894,-0.028367374,-0.017199777,-0.013972847,-0.004103579,-0.023478415,-0.0075877816,-0.017890042,-0.004581588,-0.028399728,-0.016448135,-0.011430213,-0.03543829,-0.0328915,0.039224595,0.051052086,0.028387716
/mnt/sdd/caltech_training/multiclass/train/004.Groove_billed_Ani/Groove_Billed_Ani_0075_1617.jpg,3,-0.0035350716,-0.0017614032,-0.004869103,-0.005367874,0.0022402192,-0.0033482423,-0.0039224536,-0.003639001,0.0018885802,-0.006306414,-0.002457847,-0.004643386,0.00058781577,0.007092123,0.015076762,0.008961683,-0.0069637164,-0.013777012,-0.0151292365,-0.015242805,-0.002119878,0.0015107924,-0.0022160443,0.0044377884,0.012093304,0.015182124,-0.00392793,-0.011230446,-0.015635723,0.004376674,0.0036595175,0.0017651934,-0.013212497,-0.005500765,-0.0030945437,-0.0015865434,-0.018299935,-0.0006166245,-0.012403441,-0.004149248,-0.023726383,-0.019590825,-0.0037521524,-0.03439469,-0.024900699,0.039175235,0.044422857,0.026995543
/mnt/sdd/caltech_training/multiclass/train/004.Groove_billed_Ani/Groove_Billed_Ani_0044_1731.jpg,3,-0.009801571,-0.0021756692,-0.00013473994,-0.011294481,-0.00285323,0.0061511556,0.0059347623,-0.0018176674,0.00022136532,0.00093570194,0.0051404946,-0.008150866,0.0052062524,-0.009045359,-0.006665621,0.0043789037,0.0038443734,-0.046166718,-0.030091312,-0.036641084,-0.0050894935,-0.0037521867,-0.00064401724,0.003964785,0.0028992118,0.015784917,-0.002734383,-0.018086113,-0.027106117,0.026117753,-0.0052826577,-0.009551896,-0.016247295,-0.008298022,-0.008487287,0.003248687,-0.02860275,-0.010577016,-0.031828173,-0.013452863,-0.023241602,-0.014587998,-0.006361532,-0.025745204,-0.027208641,0.030720415,0.036232375,0.018972624
/mnt/sdd/caltech_training/multiclass/train/004.Groove_billed_Ani/Groove_Billed_Ani_0006_1763.jpg,3,-0.00912416,-0.012738036,-0.0073998347,-0.0066116,-0.002656623,0.012536027,0.0056832265,0.0040130727,-0.0026480632,0.0018911447,0.00035976275,0.0033492048,-0.013063171,0.00049009593,0.009666469,0.00033579068,-0.0166763,-0.017059078,-0.025134945,-0.042858392,-0.013225513,0.003471173,0.0036987085,-0.002830977,0.0053601526,0.00810722,-0.0032997068,-0.010345021,-0.014105944,0.005487017,-0.0070281685,-0.0004916764,-0.012710216,-0.019382626,-0.01861752,-0.016528707,-0.004742387,-0.0060481215,-0.027823871,-0.00634743,-0.0067278314,-0.0138748465,-0.007763382,-0.019589135,-0.02845794,0.036154836,0.04654933,0.029757403
/mnt/sdd/caltech_training/multiclass/train/004.Groove_billed_Ani/Groove_Billed_Ani_0061_1510.jpg,3,0.0038563074,-0.010901713,0.0007141667,0.0024903412,0.0021239463,-0.0009418633,0.0014786918,-0.0010412957,-0.0010896194,0.010251554,0.0064761965,0.0067743165,0.0016031502,-0.005548616,-0.0051876213,0.0013422294,-0.0086214645,-0.019392079,-0.020374482,-0.02663118,0.0045706015,-0.003523741,-0.0020907866,0.004052409,-0.003197223,0.0074586207,-0.0025799908,-0.0067825625,-0.0036176755,-0.00046798587,-0.00399632,0.0077298237,-0.0096314065,-0.012501283,-0.008513486,-0.0012052385,-0.015786884,0.00802126,-0.00554087,0.004070053,-0.03220812,-0.0122274775,-0.0023027328,-0.029452268,-0.022229536,0.040118217,0.046600938,0.028151434
/mnt/sdd/caltech_training/multiclass/train/004.Groove_billed_Ani/Groove_Billed_Ani_0109_1592.jpg,3,0.0007857859,-0.007746645,-0.008563431,-0.0011065296,0.005370176,0.0021875114,-0.0044381786,6.913813e-05,0.0019533955,-0.0019911164,-0.00076479255,-0.0017130505,0.0033617048,0.002630784,0.009073003,0.0047775717,0.006755415,-0.019339882,-0.015981095,-0.02494275,-0.00971798,-0.0024637058,-0.0028492948,-0.009430109,-0.02167041,0.013492441,-0.003305893,-0.020594437,-0.02422552,0.0005185623,-0.019146003,-0.017535167,-0.016793052,-0.022755872,-0.018194988,-0.009864613,-0.01542856,-0.011009329,-0.020126428,0.00138359,-0.021331754,-0.027298445,-0.01702065,-0.031021502,-0.034384765,0.042631857,0.04784702,0.029981883
/mnt/sdd/caltech_training/multiclass/train/004.Groove_billed_Ani/Groove_Billed_Ani_0019_1585.jpg,3,-0.0025584179,-0.005890807,-0.006955403,-0.004012168,-0.006787811,0.0066732476,0.008031991,0.0108212745,-0.00039034756,0.00045407788,-0.0039459895,-0.0036779665,0.0037706792,-0.0026482078,0.003750055,-0.0016560025,-0.023902388,-0.017419066,-0.009374088,-0.029329889,-0.01540279,-0.0015881067,-0.002169821,-0.00048085977,0.0029422073,0.005402039,-0.015174534,-0.013990912,-0.023269398,0.013463344,-0.0071258564,0.0023341663,-0.024522172,-0.006617035,-0.013564531,0.008056914,-0.031847738,-0.015998252,-0.03508406,-0.013724323,-0.022095257,-0.016744092,-0.0065621105,-0.028553426,-0.033598613,0.037947945,0.047173552,0.027354678
/mnt/sdd/caltech_training/multiclass/train/004.Groove_billed_Ani/Groove_Billed_Ani_0056_1493.jpg,3,-0.006705936,-0.011712801,-0.008197225,5.615293e-05,0.0012112688,0.0010452468,-0.0019389668,-0.013265297,-0.0016509646,0.0022829492,-0.002940154,0.001563403,-0.0016392898,-0.015717922,-0.01008655,0.002110065,-0.01388376,-0.017051073,-0.007848965,-0.02076976,-0.008594338,0.0023736856,-0.0020515032,-0.0034187166,0.0020366572,0.034022834,0.006904777,-0.006422785,-0.012726348,0.0031131683,-0.012876299,0.005785341,-0.0018265857,-0.01774364,-0.017616019,-0.01121224,-0.001999693,0.00031161867,-0.015288826,-0.0008534817,-0.027107036,-0.013394994,-0.005999548,-0.035017718,-0.030641632,0.038052816,0.046474915,0.02436353
/mnt/sdd/caltech_training/multiclass/train/004.Groove_billed_Ani/Groove_Billed_Ani_0080_1549.jpg,3,-0.009392695,0.0008860483,-0.010947805,-0.016846737,0.00048589526,-0.00038494403,-0.0028281782,0.00018088694,-0.0036901007,-0.0011631208,-0.00213623,-0.0063444683,-0.006593001,0.0063364673,0.008018809,0.012561547,-0.018060744,-0.03065262,-0.023890685,-0.0030503762,-0.020941027,-0.009935831,-0.00071569334,-0.0075897025,-0.0048341327,0.012093805,0.007057976,-0.0060563274,-0.0062977597,0.0019434411,-0.0059817918,-0.012265213,-0.015533936,-0.012227737,-0.00935081,-0.002634143,-0.023025528,-0.0010144841,-0.018246144,-0.0041268966,-0.024357632,-0.011301627,-0.0028749849,-0.022968054,-0.026759706,0.039890632,0.04708883,0.029153552
/mnt/sdd/caltech_training/multiclass/train/004.Groove_billed_Ani/Groove_Billed_Ani_0051_1650.jpg,3,0.004602176,-0.013701546,-0.0107923625,0.0012102217,0.0019729454,0.004077103,0.00071664795,0.0029981341,-0.00050641544,0.007796704,0.0032289985,0.008505281,0.0021569724,-0.011795649,-0.009745464,0.0003005684,0.010304803,-0.016941803,-0.007822054,-0.017557438,-0.0019417475,-0.0014621438,-0.0012499578,0.0025519119,-0.0047601056,0.009893777,0.00051715923,-0.0076069394,-0.017780535,0.013295619,-0.0021164902,-0.001350536,-0.02512372,-0.021010835,-0.023741871,-0.0074721356,-0.019226236,-0.008681186,-0.019766256,0.00047046412,-0.023925621,-0.022233251,-0.013966966,-0.031084625,-0.025558114,0.043323606,0.053991597,0.030632164
/mnt/sdd/caltech_training/multiclass/train/004.Groove_billed_Ani/Groove_Billed_Ani_0090_1567.jpg,3,0.0017348771,0.0030176463,-0.0038354588,-0.0022755745,0.00024192373,-0.0024047822,-0.0057583535,0.0018488562,-0.0019203932,-0.0027985824,0.0017505822,0.0056936527,-0.0130775655,0.004853246,0.0063220505,0.0035412046,-0.032708734,0.002056756,-0.0048636585,-0.030771766,-0.016527867,0.004443928,0.00085866614,0.0024706782,-0.011347417,0.0039279843,0.006848975,-0.00023960113,-0.0035622588,0.010139702,-0.011094373,-0.005350383,-0.024301928,-0.019103745,-0.014428846,-0.004633988,-0.028592065,0.0070319623,-0.012540348,0.0026386622,-0.0356783,-0.019288003,-0.007790563,-0.030878399,-0.027647406,0.039592884,0.045525864,0.02538291
/mnt/sdd/caltech_training/multiclass/train/004.Groove_billed_Ani/Groove_Billed_Ani_0072_1696.jpg,3,0.0048752218,-0.004947096,-0.0073088054,-0.0065696524,0.008484714,0.0051146173,0.0020809586,0.0050100405,0.0027999382,0.003214589,-0.0026011511,-0.003882931,-0.009307131,-0.008457805,-0.00094727566,0.010102096,-0.016657164,-0.011433307,-0.00094672013,-0.028113212,-0.012037178,0.0027621489,0.0054926537,0.0019331481,0.004893448,0.021693174,0.010102348,0.005028785,0.0065747784,0.009068476,-0.013509744,-0.0032797772,-0.015457558,-0.0012856319,-0.0038526207,0.0116921235,-0.008166834,-0.018718291,-0.02295141,-0.005465921,-0.01948512,-0.018546632,-0.009424042,-0.028065471,-0.03295246,0.041670155,0.051148012,0.02537918
/mnt/sdd/caltech_training/multiclass/train/004.Groove_billed_Ani/Groove_Billed_Ani_0105_1562.jpg,3,0.010218,-0.0029542544,-0.008887423,-0.008734095,0.0053418297,0.004052267,0.010174854,0.008678491,0.0022890978,-0.0073708547,-0.0071610766,-0.00811566,-0.005677241,-0.011634349,-0.013603179,0.0029591476,-0.029348653,-0.019620433,-0.025637206,-0.0253197,-0.018872049,0.0048058755,0.015316099,-0.0022171156,-0.01676735,0.01782287,0.005030385,-0.0017119625,-0.011509979,0.011570176,-0.0050332122,0.0077224867,-0.029235411,-0.0025388724,-0.00067304284,0.0038304497,-0.004860372,-0.007051493,-0.017643768,-0.0007445577,-0.02993755,-0.01990628,-0.0032639652,-0.039053835,-0.0316927,0.041395843,0.046217278,0.025093567
/mnt/sdd/caltech_training/multiclass/train/004.Groove_billed_Ani/Groove_Billed_Ani_0107_1590.jpg,3,0.008746023,0.0016388556,-0.009044331,-0.010955107,0.006132003,0.011313524,0.0010843666,0.007240147,0.003087922,-0.00025578024,-0.00535117,-0.007168916,0.00073459616,-0.0057963347,0.016562458,0.008702045,-0.009259859,-0.0034137224,0.0066653937,-0.022991164,-0.005388693,0.0064793024,0.003599857,0.010833904,0.0075777406,0.010682402,-0.0035998777,-0.01489223,0.0071827816,-0.013354128,-0.024569273,-0.0030030732,-0.0022565129,-0.0077281697,-0.010125011,-0.0005362374,-0.015967416,-0.0061434503,-0.017624568,-0.004920424,-0.039454132,-0.010319586,0.0017878865,-0.018983789,-0.034182392,0.03899876,0.051000677,0.03248042
/mnt/sdd/caltech_training/multiclass/train/004.Groove_billed_Ani/Groove_Billed_Ani_0088_1678.jpg,3,0.010465102,-0.00801954,-0.004369767,-0.005000145,0.008579437,0.004815702,-0.0066016465,0.0060533984,0.0020746093,0.0012427898,-0.0047578304,-0.0063374224,0.0069533125,-0.0022208542,0.010382475,0.004426302,-0.011586718,-0.0055975085,-0.0142864045,-0.021825328,-0.006383415,0.0009194452,0.0038323058,0.00077420496,0.008382438,0.012962732,-0.0012256284,-0.009424737,-0.00946484,0.0102233,-0.017597038,-0.0021669632,-0.0102272555,-0.020853644,-0.0077396785,-0.006754147,-0.009877099,-0.0027109724,-0.017009085,-0.001137475,-0.022329511,-0.019622397,-0.009869738,-0.03333634,-0.03372451,0.04364305,0.049879342,0.0295549
/mnt/sdd/caltech_training/multiclass/train/004.Groove_billed_Ani/Groove_Billed_Ani_0059_1480.jpg,3,-0.0061127674,-0.003337384,0.002537598,-0.0075149327,-0.004844459,0.0035291328,-0.009293886,-0.017019168,0.000700462,0.005812091,0.0062894374,-0.0029181568,-0.015649248,-0.014509122,-0.012181989,-0.008928919,-0.029855473,-0.0043371515,-0.000493329,-0.0050740032,-0.015453355,0.0036851005,0.0019222008,0.003536595,-0.027305292,0.021531945,-0.002637988,-0.0072463974,-0.02234929,0.0039002905,-0.013978076,-0.004828433,-0.022035332,-0.004912482,-0.0002485481,0.010781819,-0.037273712,0.006969665,-0.006135715,0.011849082,-0.036185406,-0.021904752,-0.0114312675,-0.03660112,-0.025085187,0.03831254,0.049345702,0.025599653
/mnt/sdd/caltech_training/multiclass/train/004.Groove_billed_Ani/Groove_Billed_Ani_0101_1700.jpg,3,-0.0022888973,-0.0092860265,-0.003671982,0.002260918,0.002611156,-0.008913789,-0.006316256,-0.004739593,-0.0008994682,-0.006211489,0.0013875848,-0.0037175557,-0.0049211127,-0.017989649,-0.016576283,-0.0032556206,-0.013366023,-0.025403319,-0.016136045,-0.010806188,0.00033699954,0.0017174925,0.0017814508,-0.0049412004,0.012568341,0.0110386405,0.0053337924,-0.006655895,-0.0007548706,-0.0076501546,-0.028063774,-0.01229284,-0.004450621,-0.00661189,-0.0056775743,0.0042798826,-0.0051673297,-0.0016100192,-0.013452222,0.00072357524,-0.038351595,-0.015264097,-0.011641756,-0.030889127,-0.03181492,0.03974156,0.0522277,0.02850696
/mnt/sdd/caltech_training/multiclass/train/004.Groove_billed_Ani/Groove_Billed_Ani_0014_1755.jpg,3,-0.012051095,-0.00021202952,-0.0046597314,0.005144166,-0.008246869,-0.010155804,-0.0007266522,-0.00086228456,-0.0033337602,-0.0045918,-0.005798475,-0.008809381,-0.004902633,-0.011352662,-0.011239806,-0.0039296695,-0.015873333,-0.03188078,-0.036720496,-0.042734265,-0.015610213,0.0037970357,0.008653795,0.009910733,-0.01075378,0.005650354,0.008405158,-0.0039593065,-0.031089073,0.001363948,-0.009250671,0.0055236267,-0.023873653,-0.004018563,-0.007331366,0.002466728,-0.0215776,-0.0034833779,-0.016826715,-0.0018683677,-0.035952047,-0.008946742,-0.0030535718,-0.018356286,-0.028383441,0.041435577,0.048193168,0.029369619
/mnt/sdd/caltech_training/multiclass/train/004.Groove_billed_Ani/Groove_Billed_Ani_0077_1724.jpg,3,0.005220228,-0.011313169,-0.011767047,-0.005993836,0.0031855374,-0.00020603696,-0.0075128614,-0.0042614425,0.0020628031,0.0002648277,-0.0002276031,-0.0031365904,0.0033176169,-0.010260387,-0.0050752535,-0.0020830613,-0.021431081,-0.01856191,-0.025321217,-0.026389278,-0.016550178,-0.0009192219,0.000772114,0.0027819453,-0.016446639,0.0052115317,-0.010648366,-0.013069604,-0.009864308,-0.003741736,-0.0072599105,-0.0030884063,-0.032097153,-0.014268587,-0.016390752,0.0007072701,-0.024595069,-0.0051323045,-0.014054089,0.001787466,-0.026805311,-0.018339412,-0.012925052,-0.032219954,-0.031829663,0.03726325,0.04600503,0.024241384
/mnt/sdd/caltech_training/multiclass/train/004.Groove_billed_Ani/Groove_Billed_Ani_0027_1754.jpg,3,-0.013165762,-0.0057847206,-0.005005973,-0.010310956,-0.008532219,0.0075441794,0.0060584117,-0.0045220354,-0.0009466539,-0.00813928,-0.002691968,0.0023694634,0.002292383,-0.0054279584,-0.010825036,0.002878331,-0.012985257,-0.023214933,-0.0094334055,-0.023475232,-0.008742598,-0.0035726642,0.011575501,0.0027734432,0.0038771702,0.02829193,0.016353095,0.001661194,-0.008925216,0.0038297295,-0.017258875,0.0033952822,-0.023227718,-0.023263752,-0.022055011,-0.011441768,-0.012456334,0.0015054597,-0.015618711,2.4206936e-05,-0.026902251,-0.021307595,-0.00897671,-0.030873273,-0.035435125,0.040963776,0.04706092,0.027301237
/mnt/sdd/caltech_training/multiclass/train/005.Crested_Auklet/Crested_Auklet_0005_794922.jpg,4,0.0036334866,-0.000863623,-0.0020582387,-0.0009546528,-0.00096558395,0.0047658803,0.0023631896,0.004815072,0.002279033,-0.000117354735,-0.0002917956,-0.0009905462,0.011114299,0.0068871495,-0.009865575,-0.003539309,0.0065008746,-0.0041658822,-0.0065281624,-0.019662626,0.0022157142,0.014723106,0.009494149,0.017311761,-0.0045583155,0.004314369,0.0029047634,0.009838161,0.03015685,0.0357453,0.012904765,0.023675404,0.010045535,0.027570616,0.013189265,0.019954944,0.054623306,0.014808039,0.021068383,0.037689686,0.03735398,0.1273162,0.11823124,0.0682555,0.0086563155,0.0044870437,0.0026996462,0.009160203
/mnt/sdd/caltech_training/multiclass/train/005.Crested_Auklet/Crested_Auklet_0011_794927.jpg,4,-0.0034907837,-0.0013985645,-0.0074993577,-0.0041219257,0.0068122176,0.006649764,0.003986978,0.009849581,-0.0003914767,0.007944624,0.006181296,0.005887039,0.011148533,0.008084546,0.008818552,0.0067897057,0.0043768873,-0.003345176,-0.0010124631,-0.002586429,0.018501496,0.01606157,0.0077908356,0.008648434,0.013486149,0.010751998,0.018769428,0.016081342,0.022984887,0.026111877,0.03080701,0.008611602,0.01763892,0.022465678,0.016218672,0.01742196,0.028918926,0.022546165,0.02746687,0.04513234,0.014754376,0.12690607,0.11517656,0.069997646,0.006362245,0.00019961363,-0.0033535105,0.0058416664
/mnt/sdd/caltech_training/multiclass/train/005.Crested_Auklet/Crested_Auklet_0019_794925.jpg,4,0.013163709,0.010345735,0.0051846807,0.0035249316,0.0145457005,-0.0033212975,-0.01634666,-0.0069721583,-0.00019623962,-0.001458212,-0.0032274765,-0.0058323503,0.014900877,0.004872177,0.00018926244,0.015235418,0.015739646,-0.016729558,-0.009334234,0.00057008024,0.007964739,0.004894496,0.009290779,0.015027218,-0.00322905,0.013733562,0.008561542,0.0065866034,0.011372439,0.007493434,0.0028871223,-0.016546104,-0.018705457,0.020534743,0.014152352,0.030404223,-0.006042013,0.021528704,0.03044484,0.04199006,0.01772822,0.13803092,0.11824976,0.073580444,0.016090244,-0.00017561764,-0.00035896385,0.0040747547
/mnt/sdd/caltech_training/multiclass/train/005.Crested_Auklet/Crested_Auklet_0033_794964.jpg,4,-0.0070092827,0.0030764441,0.00064093125,-0.0008149184,0.0016334583,-0.009808503,0.0016168715,-0.0054437225,-0.0008895095,0.0019708097,0.0025232304,-0.0010509139,0.0054824213,0.008394897,0.007542332,0.014386524,0.011622425,0.009323863,0.00263647,0.003791988,0.01862038,0.004065033,-0.00094822864,0.0073973956,0.03584628,0.012915783,0.011135266,0.0063704588,0.03466311,0.008592944,0.011169884,0.008821041,0.0019713482,0.02892525,0.017187582,0.016764577,0.04384928,0.025829641,0.03760605,0.046545915,0.032019358,0.12713629,0.11695106,0.06867949,0.013670702,0.00035897503,-0.0004962166,0.006672804
/mnt/sdd/caltech_training/multiclass/train/005.Crested_Auklet/Crested_Auklet_0057_794932.jpg,4,0.008445224,-0.00030907342,0.0023347728,0.0005637384,0.003344707,-0.00207038,-0.0061132116,-0.00017402507,0.0026473608,0.003964584,0.0064328765,0.0071724835,0.008153835,0.009314073,0.011309536,-0.0003293386,0.025176983,0.012339016,0.00018677581,-0.00085806474,0.015779953,0.0053133615,0.009082904,0.008172022,0.0066202213,0.025044667,0.022124572,0.009321394,0.026929433,0.014127858,0.0027187984,-0.007538414,0.004554289,0.020330906,0.011642112,0.01898209,0.01945256,0.03724792,0.03434628,0.048056826,0.017128538,0.13853541,0.123680875,0.067021824,0.009858267,0.0017975979,0.00012962427,0.0062695686
/mnt/sdd/caltech_training/multiclass/train/005.Crested_Auklet/Crested_Auklet_0013_794914.jpg,4,0.009055164,0.008097537,-0.00064263033,-0.0031178435,0.006521932,0.0027180524,-0.0056929397,-0.0030524554,0.004185767,-0.008178331,-0.008601508,-0.009775158,-0.0034690958,0.014754732,0.009204039,0.0080266185,0.011182064,0.012449,0.0016514705,0.00015625753,0.012999618,0.0036409488,0.0013559168,0.0042843735,0.011653537,0.00041188672,0.0049685496,0.0101211555,0.035944045,0.0028259316,0.010053003,-0.013146702,0.0064462237,0.023188263,0.016517334,0.016707707,0.022190591,0.023153618,0.03394187,0.034393772,0.026836699,0.13036871,0.11605276,0.063604675,0.014940525,-0.0022758725,-0.0054039666,0.0039658146
/mnt/sdd/caltech_training/multiclass/train/005.Crested_Auklet/Crested_Auklet_0040_794912.jpg,4,0.00029995013,-0.0012107983,-0.00014001131,-0.005018987,0.0019550961,-0.0049575577,-0.0004789494,0.0021703967,-0.0014284396,0.00838456,0.00028230727,0.004327657,0.017597515,0.018978158,0.0063053425,0.009697117,0.026740234,0.017046362,-0.0032093488,0.004086906,0.03226124,0.004382106,0.00079983275,0.0029061232,0.032410398,0.028982328,0.02317641,0.012399966,0.026978286,-0.0007826518,0.0077558234,0.00119456,0.0008660777,0.026569916,0.024513049,0.030909684,0.048558805,0.02747804,0.03179071,0.042904295,0.052528262,0.1259228,0.11866984,0.0659582,0.009507946,0.005716478,0.0004114844,0.009854566
/mnt/sdd/caltech_training/multiclass/train/005.Crested_Auklet/Crested_Auklet_0066_785251.jpg,4,0.007759014,-0.001437359,-0.004650023,-0.007842283,0.0076841735,-0.00033456594,0.00031629903,-0.0038037954,0.0028729138,0.0011403351,-0.0008687235,0.00013840199,0.015680935,0.0055872984,0.0066316677,0.011499959,0.017351134,-0.009765787,-0.0058105104,-0.008611356,0.009178288,0.017236792,0.0076930053,0.014596983,0.010882216,0.022113556,0.018247906,0.01160069,0.034393758,0.007575398,0.019439086,0.0023707333,0.0089512,0.03627894,0.025481673,0.024839927,0.03407097,0.03733922,0.03375075,0.042786676,0.02504725,0.12813967,0.112230144,0.06272934,0.016949285,0.0025609094,-0.006469608,0.00482201
/mnt/sdd/caltech_training/multiclass/train/005.Crested_Auklet/Crested_Auklet_0029_1824.jpg,4,0.001837567,0.0068011945,0.00050019403,-0.0042936383,-0.0020753266,0.00042119698,0.0075216237,0.008393896,-0.0016412818,-0.0029052633,-0.0056801466,-0.006687425,0.008278588,0.009017399,0.01777412,0.017568747,0.02946678,-0.008927386,-0.013237847,-0.002713751,0.01436839,0.009605884,0.008360019,0.009433253,0.00831017,0.020981818,0.003885144,0.0038614413,0.031175261,0.020677563,0.029511232,0.019006189,0.008005567,0.03855847,0.03245586,0.035952084,0.03331314,0.021144537,0.027056264,0.0436135,0.034823302,0.11832417,0.1089358,0.060239505,0.013494471,0.0025566532,0.0010298169,0.009906933
/mnt/sdd/caltech_training/multiclass/train/005.Crested_Auklet/Crested_Auklet_0076_785252.jpg,4,-0.0038020168,-0.005824494,0.0050568236,-0.0036214846,0.0028878367,-0.0055212397,-0.009350991,-0.007956538,0.0021489295,0.0047573745,-0.0003494555,0.0029119016,0.006089079,0.0028323447,0.004791791,0.014326776,0.021076433,-0.0050268015,-0.00021674181,-0.012470938,0.01733895,0.013306506,0.0048990264,0.011742627,0.004592179,-0.0054328586,0.009390807,-0.007922418,0.0043853,0.028582921,0.0312035,0.022853056,0.0012982434,0.025093287,0.017138634,0.027742513,0.022950187,0.024293777,0.021915607,0.04093934,0.01767392,0.12835373,0.12143855,0.072794184,0.010407114,-0.0032943878,-0.009046479,0.0026989076
/mnt/sdd/caltech_training/multiclass/train/005.Crested_Auklet/Crested_Auklet_0044_1825.jpg,4,0.008072196,-0.00047035626,0.0002147546,-0.00050493935,0.0056063686,0.0039897724,-0.00028105383,-0.00095212425,0.0044861883,0.00069908693,-0.009927242,-0.00461969,0.0187101,0.019313358,0.010319529,0.017060012,0.00892017,0.017892428,-0.0066887117,-0.014638072,0.016128039,-0.00067824684,-0.005662134,-0.004547119,0.020727202,0.012118505,0.008110497,0.00031472556,0.03292475,0.013105193,0.019239537,0.021193434,0.0043356344,0.023811752,0.014000579,0.025105119,0.06446024,0.020961449,0.029453482,0.03861207,0.06564116,0.12663282,0.117989,0.068024196,0.020295475,0.0037883944,0.0025434825,0.010828757
/mnt/sdd/caltech_training/multiclass/train/005.Crested_Auklet/Crested_Auklet_0003_794962.jpg,4,0.014235476,-0.003737861,-0.0073412023,-0.004825601,0.0020041794,-0.0008723367,0.0001742873,-0.0008333662,0.0024396835,0.0023644324,0.0013371464,0.0027744859,0.017381247,0.014562065,0.015753703,0.020094277,0.0038778896,0.014106933,0.017200159,0.0084089665,0.010463905,-0.0032007755,-0.007353321,-9.55211e-06,0.0075799273,-0.0040610638,0.006398332,-0.0048205815,0.023260636,0.018740429,0.024734568,0.021403914,0.00097026466,0.030169144,0.022529865,0.023334574,0.029930117,0.026835378,0.030065484,0.039211057,0.033257514,0.12056975,0.107663855,0.05069004,0.023584165,0.008220179,0.002284835,0.012163246
/mnt/sdd/caltech_training/multiclass/train/005.Crested_Auklet/Crested_Auklet_0010_794907.jpg,4,-0.0021217882,-0.0033922768,-0.0075674974,-0.0041690147,-0.0015395978,-0.00023732678,-0.00694457,-0.0014911285,-0.0014664972,-0.0002925999,0.006867866,0.0057911305,0.008910194,0.010280876,0.009371901,0.004989808,0.017453168,-0.0032328167,0.013391727,-0.019588267,0.0050354106,0.0117706675,0.007133937,0.017631572,0.0054398,-0.016039029,0.0077037383,-0.0041134637,0.021482397,0.005985002,0.008689005,0.0029385304,0.0017362619,0.016269326,0.010931867,0.02324475,0.0089426525,0.014256056,0.025786024,0.038781535,0.014286596,0.13108651,0.12423513,0.07480408,0.0071641174,0.0009316425,-0.002829825,0.006023731
/mnt/sdd/caltech_training/multiclass/train/005.Crested_Auklet/Crested_Auklet_0018_1817.jpg,4,0.00781985,0.0016821236,-0.005600851,-0.0037970147,0.0032773851,-0.00055013155,-0.003059374,0.00011560507,0.0024236431,0.0035996048,0.004797792,-0.0075631957,0.008288714,0.0084620435,0.00834028,0.020935126,0.029718492,0.011806574,0.008190419,0.0070793806,0.016960584,3.6757905e-05,-0.0040808236,0.0051745507,0.019735042,-0.02409962,0.0015277239,-0.0009991489,0.002714267,0.0137882475,0.035406638,0.029137857,0.0043288367,0.03189143,0.022610996,0.026575144,0.016367698,0.019440211,0.01914596,0.03419497,0.02103556,0.1224822,0.11064297,0.054460857,0.008581601,-0.0016492247,-0.004182121,0.004312126
/mnt/sdd/caltech_training/multiclass/train/005.Crested_Auklet/Crested_Auklet_0001_794941.jpg,4,-0.00036457716,0.0033622528,-0.0051324773,-0.00090645574,0.003440651,-0.0032235095,0.0017698312,-0.00061611366,0.0017734844,-0.0027659868,-0.0011697705,-0.0033320813,0.016374618,0.0042074695,0.0035492736,0.0035925088,0.010536352,-0.005761577,-0.004345389,-0.007066367,0.01526846,0.002961346,-0.004332207,0.00061839516,0.013149951,0.014176513,0.025925737,0.010961043,0.021005888,0.012546983,0.025924765,0.02275832,-0.0007687898,0.020602964,0.007424658,0.027554657,0.03794103,0.03933975,0.04380428,0.05265951,0.036189385,0.12986779,0.11968984,0.06521967,0.007872555,0.003794185,0.000762783,0.007347834
/mnt/sdd/caltech_training/multiclass/train/005.Crested_Auklet/Crested_Auklet_0021_794938.jpg,4,0.0016631366,-0.0033244817,-0.0028629582,-0.0035316814,0.0069625177,0.00034085417,0.0059605073,0.00022176531,0.005509615,0.00096035236,0.0032674875,-0.006030606,0.017822854,0.0033787945,0.0027895796,0.01760927,0.021797303,-0.008274179,0.013007011,-0.0113878,0.021775391,0.0059276624,-0.004084672,-2.906192e-06,0.025573306,0.011816123,0.009486633,0.0022673039,0.03301114,0.01912561,0.02216402,0.009441581,-0.0004993619,0.035225913,0.022231892,0.026313853,0.036893282,0.030449338,0.028477512,0.044435713,0.022789344,0.13106292,0.12094579,0.07057959,0.011492,-0.0038342709,-0.0060081496,0.005016368
/mnt/sdd/caltech_training/multiclass/train/005.Crested_Auklet/Crested_Auklet_0072_785260.jpg,4,-0.0024388833,0.005737936,0.0002595483,-0.0029907846,-0.0032788683,0.0029737896,-0.005628694,-0.0035334248,0.00060957356,0.0008329501,0.00046064402,-0.0010007707,0.010452274,0.008097947,0.017069058,0.015681975,0.005089913,0.0029236614,0.013393182,-0.0035834135,0.016406134,0.011195568,-0.0074083908,-0.0044974764,0.012201079,0.0059744883,0.0060830982,-1.3495795e-05,0.033955198,0.019588917,0.025974948,0.0155839585,0.0019922676,0.027306685,0.025501478,0.023434736,0.01689677,0.02446172,0.029116968,0.04093179,0.024065638,0.12708507,0.116713524,0.06374064,0.014565062,0.0019688797,-0.007902752,0.0066520562
/mnt/sdd/caltech_training/multiclass/train/005.Crested_Auklet/Crested_Auklet_0067_785249.jpg,4,0.002373195,-0.005147105,-0.009898666,-0.0051967716,-0.004810367,-0.009574136,-0.009839541,-0.0028027468,-0.0007159057,0.0029303702,0.0022602042,0.009013639,0.0020862082,0.018598529,0.0076039624,0.0013690339,0.0022096979,0.011770052,0.0074679265,0.010967329,0.014873875,0.0056667617,0.012459957,0.011483674,0.010998359,-0.009838904,-0.0066779777,-0.008880664,0.027361697,0.028946936,0.032922283,0.020971317,0.003981131,0.03314859,0.011340993,0.024045842,0.024411205,0.030764867,0.0383181,0.053096794,0.016529877,0.12079732,0.1163753,0.05780121,0.018122833,0.0018256521,-0.0019588082,0.004623751
/mnt/sdd/caltech_training/multiclass/train/005.Crested_Auklet/Crested_Auklet_0012_794960.jpg,4,0.003598149,-0.0003507645,-0.00462987,-0.008396638,0.0027862429,0.00046770333,0.0043585906,0.0041335328,-0.0019071215,9.190361e-05,0.0023039887,-0.010114556,0.013768265,-0.008473368,-0.0011048364,0.004327637,0.020620849,-0.018248016,-0.007805724,-0.011277795,0.021395532,0.0034660024,-0.0034388765,0.00093061035,0.0346152,0.0020192424,-0.008394751,-0.001495827,0.04582629,0.024017038,0.018049024,0.014242839,0.008205234,0.016880525,0.0067067975,0.01945091,0.02007607,0.026493682,0.0320624,0.047088947,0.023660157,0.12610185,0.11742897,0.06649399,0.00791806,0.0011184425,-0.007225426,0.0051678712
/mnt/sdd/caltech_training/multiclass/train/005.Crested_Auklet/Crested_Auklet_0032_794931.jpg,4,0.016731888,0.0015336835,-0.0008355896,-0.0030270098,0.0061140154,-0.0021672193,-0.0010449317,0.0012384525,0.0066952975,0.0078717945,0.009498999,0.007502275,0.012413371,-0.0015001877,-0.0040127183,0.0036863917,0.0051746564,0.0010001259,-0.0005050963,-0.014521313,0.0027084523,0.0060546556,-0.004565358,0.0037109004,0.0028188,-0.009070201,-0.0076482454,-0.0035042507,0.036813762,0.031045066,0.021074813,0.01314337,0.0051921173,0.019978799,0.016282627,0.024076736,0.01653462,0.03108599,0.037385467,0.047341812,0.02678527,0.12849294,0.11729659,0.069497734,0.011662929,-0.003587456,-0.009716405,0.003411613
/mnt/sdd/caltech_training/multiclass/train/005.Crested_Auklet/Crested_Auklet_0075_785259.jpg,4,-0.0028895673,0.004073611,-0.005716324,-0.0061782077,0.004114418,0.00074855797,-0.0017930978,-0.001207958,0.0021711458,0.00034716824,0.007632911,0.0032123234,0.029398406,0.016676238,0.01770573,0.010189627,0.0060320487,0.010959636,0.008664093,0.0072176885,0.011806237,0.009970254,-0.0034202957,-0.0048508374,0.0038365799,0.0060985433,-0.0041396976,-0.0044729207,0.008123675,0.016623748,0.043065436,0.025037125,0.0029140012,0.028926838,0.01983267,0.026037592,0.023054961,0.039587107,0.04830468,0.053974044,0.023701489,0.12587824,0.11947988,0.06098032,0.012983225,-7.060636e-05,-0.004530875,0.0037698792
/mnt/sdd/caltech_training/multiclass/train/005.Crested_Auklet/Crested_Auklet_0041_794910.jpg,4,0.001415241,-0.0031084872,-0.0025279045,-0.0014158925,0.0056591053,0.010919904,0.004223873,0.00024766504,0.0010357512,0.0026272787,-0.0044427523,-0.0113244485,0.012623581,0.019845415,0.015903343,0.022578496,0.0227318,0.016036605,0.01638848,0.00961633,0.018119633,0.013668661,0.008659579,0.01566557,0.025578758,-0.008454241,-0.0062873885,-0.015994374,0.022999816,0.0068979054,0.010376561,-0.0018446627,0.0052503487,0.025778372,0.01494528,0.02119007,0.027006496,0.037113562,0.04131208,0.045777023,0.02433089,0.13879113,0.12111931,0.071090885,0.01633373,0.0052667116,-0.0023122765,0.008016173
/mnt/sdd/caltech_training/multiclass/train/005.Crested_Auklet/Crested_Auklet_0068_785253.jpg,4,0.0014919606,-0.0074904035,-0.008943767,-0.0062555047,0.0011192968,0.00028278807,0.002240112,0.005911286,-0.00018814573,-0.0013815716,-2.2263266e-05,0.0012840766,0.01018093,0.020454586,0.0036955117,0.00020062563,-0.0014678426,0.0066402815,0.021132462,0.004184738,0.016309151,0.008435143,0.00042854878,0.010956649,-0.0023192603,-0.0002817521,-0.0059276135,-0.004804824,0.003033555,0.02799967,0.051099584,0.031970017,0.009425148,0.036423177,0.020385472,0.03147608,0.023999825,0.042288546,0.042137127,0.054043338,0.027245307,0.13408205,0.12503353,0.06609763,0.014836685,0.00024845172,-0.0041732932,0.006042103
/mnt/sdd/caltech_training/multiclass/train/005.Crested_Auklet/Crested_Auklet_0063_794901.jpg,4,0.0037309253,-0.0075941486,-0.005214893,-0.0075011253,0.0037603416,0.006258727,0.0042890823,0.0032854753,0.00074680755,0.0015145162,-0.000752658,-0.000701651,0.012970329,0.018047158,0.010759214,0.02116444,0.024127884,0.011319839,0.0049224505,0.0030514263,0.019162836,0.018923849,0.008771583,0.01567021,0.026279721,-0.00831061,0.005608625,-0.004136863,0.037016433,0.032790102,0.049518492,0.03022632,0.0037554656,0.039874453,0.030096687,0.032118436,0.02002587,0.038033288,0.0416599,0.061811067,0.026722165,0.1245519,0.110391766,0.06327799,0.018605262,0.0016305475,-0.00090640597,0.007781618
/mnt/sdd/caltech_training/multiclass/train/005.Crested_Auklet/Crested_Auklet_0059_794929.jpg,4,-0.0006594102,0.0068141003,-0.0099490825,-0.011114539,0.0029937043,0.0088469945,0.009576847,0.007244666,0.002010369,-0.005764973,0.002391897,0.005966197,0.008523327,0.021491291,0.013733781,0.019531053,0.01744285,-0.0038453136,-0.0031607146,-0.0014546565,0.01568339,0.01216252,-0.00027159916,0.0013458399,0.008714971,0.0030138763,-0.014018284,-0.018620517,0.0070454897,0.020850131,0.025960393,0.02067386,0.0027658523,0.03228347,0.02077081,0.024270225,0.0152584165,0.037642848,0.035119828,0.053351514,-0.003634668,0.12613294,0.11255851,0.06918624,0.01145837,0.000845002,-0.0047154115,0.006152565
/mnt/sdd/caltech_training/multiclass/train/005.Crested_Auklet/Crested_Auklet_0062_794968.jpg,4,-0.008020271,0.0074855303,0.0052167326,0.0009622345,-0.002318181,-0.005210228,-0.005297852,-0.008086078,-6.642239e-05,-0.0004055919,0.0049436465,0.008861557,0.009015364,0.020385344,0.026702786,0.019597398,0.0148444,-0.009714348,-0.006203682,0.0027550347,0.022409417,0.016788783,0.0036272896,0.0073562097,0.0021946458,-0.010973492,-0.0077115814,-0.014563448,0.012827752,-0.0092087975,0.0102900425,0.0012519103,0.0069716866,0.026492866,0.020720832,0.03259445,0.03916605,0.016856082,0.01670017,0.02883915,0.011080695,0.12100134,0.111477055,0.055725403,0.008168049,-0.0032728158,-0.0076428736,0.0025864346
/mnt/sdd/caltech_training/multiclass/train/005.Crested_Auklet/Crested_Auklet_0070_785261.jpg,4,-0.006721822,-0.0012822191,-0.0023783306,0.00130797,-0.0043327753,-0.0008351808,-0.0003601343,-0.0030432958,0.0008944972,-0.0006683866,-0.0051975213,-0.0022349213,0.013178656,0.009812399,0.0023485273,0.01580866,0.003929078,-0.010109063,-0.0032644589,-0.021292143,0.013023896,0.012210707,0.0007121733,0.010636134,0.009889461,0.010954453,0.021315401,0.018910166,0.027569585,0.026666861,0.018112732,0.015975378,-0.0013804438,0.03126292,0.013841176,0.03244361,0.035292987,0.026437206,0.033697072,0.056457266,0.027131839,0.12259756,0.11080022,0.064360544,0.012021238,0.0037714187,-0.0032461388,0.0065559363
/mnt/sdd/caltech_training/multiclass/train/005.Crested_Auklet/Crested_Auklet_0036_794905.jpg,4,-0.009208284,0.0026069,-0.0011895236,-0.008120535,0.000981889,-0.002606068,0.005989137,0.002404321,-0.0009166909,0.009230996,0.012030803,0.0044598365,0.0066882484,0.014613312,0.018664135,0.020378686,0.018114652,0.001661784,-0.0031197923,-0.011442529,0.006262064,0.013612517,0.010640784,0.012702376,0.0046507823,0.010272101,0.004007265,-0.004587061,0.017653596,0.00910136,0.023079427,-0.0014083544,0.010173187,0.022304427,0.0126714725,0.017502846,0.030172434,0.034264047,0.030273344,0.044327904,0.015131756,0.1407552,0.123888865,0.07194048,0.012410861,-0.0020339126,-0.005398343,0.001977487
/mnt/sdd/caltech_training/multiclass/train/005.Crested_Auklet/Crested_Auklet_0074_794949.jpg,4,0.00812194,0.000162896,0.009985314,0.0032410822,0.001175374,-0.0067194668,-0.005712612,-0.0030365493,0.004464167,0.0024361683,0.0051864255,0.0046930043,0.014796419,0.008507913,0.010571906,0.0053039556,0.011676867,-0.008783837,0.0041733836,-0.0071566408,-0.00058080745,0.011104293,0.0065739225,0.015585692,-0.001310819,0.016195914,0.017229317,0.0060669277,0.0045785047,0.013859968,0.028766789,0.012534387,0.00045477808,0.012662184,0.014212754,0.012323258,0.019811248,0.016007375,0.021684669,0.032590706,0.031920396,0.119794324,0.1090891,0.06406183,0.014816204,0.002225554,-0.0024163886,0.0057793846
/mnt/sdd/caltech_training/multiclass/train/005.Crested_Auklet/Crested_Auklet_0042_794902.jpg,4,-0.0048626936,-0.005617644,-0.0025519747,-0.006192639,-0.0022085193,0.001633694,0.004375186,0.0058281394,-0.004899892,0.013143946,0.005237067,-0.003646363,0.008888612,0.014091681,0.013202186,0.015025459,0.009144153,0.012213689,0.010348046,0.020081593,0.012746543,-0.005960581,-0.0122757405,-0.0038421927,0.012705493,-0.0029245177,0.018914754,-0.00089182146,0.03205152,0.024168368,0.028835174,0.021171356,0.008765891,0.019903835,0.021428345,0.022726413,0.030222988,0.02939978,0.031547204,0.046542775,0.028149802,0.12243801,0.10828581,0.06872707,0.008288403,0.002273505,-0.005523829,0.006944157
/mnt/sdd/caltech_training/multiclass/train/005.Crested_Auklet/Crested_Auklet_0069_785258.jpg,4,0.006520183,0.0020029554,-0.0040992144,0.0012861469,0.0023898343,-0.0016173704,-0.0005245728,-0.0008144905,0.003113891,-0.0023870845,-0.0014419117,-0.00051558425,0.017379358,0.024350531,0.015773945,0.025217189,0.015632477,0.013869277,0.0076547964,0.0041576494,0.012277637,0.009127969,0.0070481542,0.010360275,0.017490303,-0.004737269,-0.0010949685,-0.0032841899,0.018065639,0.039232977,0.042136237,0.033337336,-0.0027335794,0.04158563,0.037231,0.031599738,0.03075233,0.028810948,0.03361613,0.043839,0.007958362,0.11843757,0.110482685,0.058601983,0.014279406,-0.0002437341,-0.0041988427,0.0057875086
/mnt/sdd/caltech_training/multiclass/train/005.Crested_Auklet/Crested_Auklet_0061_794904.jpg,4,0.0036013902,0.004677563,0.0047062915,0.00019134674,0.0056517776,-0.0025310523,-0.0039558746,-0.0008959065,0.0034616794,-0.0038451103,-0.003151867,-0.009800134,0.015596864,-0.0023831292,-0.001891192,-0.0010864967,0.007459668,0.0014345539,0.0022050757,-0.005696065,0.007065161,0.0091985585,-0.0036080058,0.0107434215,0.0072360267,0.020403566,0.018666744,0.017319256,0.0297829,0.018761473,0.020089472,0.008459988,0.003972621,0.016615849,0.015093752,0.02501117,0.056358255,0.00622271,0.016956517,0.023080848,0.049432565,0.12614185,0.11751491,0.06900603,0.008770085,-0.00026572123,-0.0019365023,0.004095271
/mnt/sdd/caltech_training/multiclass/train/005.Crested_Auklet/Crested_Auklet_0073_785248.jpg,4,-0.0066695837,0.00011833431,0.0027707492,-0.00032236078,-0.0023531816,0.000976726,0.002906981,-0.0005292444,-0.00020145113,-0.004216424,-0.0067421854,-0.00438044,0.0033797894,-0.0015695993,0.0014826601,0.0077768015,0.01646964,-0.015496952,4.5918394e-05,0.0057854387,0.015488366,0.009625165,0.008129804,0.012460927,0.016593058,-0.0072002728,0.0007236628,-0.012945782,0.022577355,0.015325022,0.0207133,0.015439483,0.0077871457,0.042741872,0.03030378,0.03297956,0.022745337,0.041144125,0.04557179,0.04749091,0.030102361,0.13308352,0.11765556,0.068350345,0.020184359,0.0026965141,0.0007447526,0.0067018983
/mnt/sdd/caltech_training/multiclass/train/005.Crested_Auklet/Crested_Auklet_0077_785257.jpg,4,-0.006261225,-0.004327005,-0.0022723486,-0.0010338554,0.0033282258,-0.004027075,-0.003225925,-0.011524688,-0.00071037794,0.00021245633,-0.0016053539,-0.0098491395,0.015191401,0.0023653926,-0.0013729874,0.009709231,0.021313632,-0.0036009196,0.0044193612,-0.003539776,0.018092427,0.012946532,0.014630356,0.018582873,0.011845762,0.017479217,0.012402503,-0.0023645638,0.03086783,0.006465896,0.023371726,0.018617198,-0.0024612292,0.0330069,0.026550544,0.0380416,0.016421642,0.02352585,0.03100786,0.04949868,0.017982136,0.13301066,0.12255863,0.066872716,0.009448369,0.0020855125,-0.004666175,0.0068728803
/mnt/sdd/caltech_training/multiclass/train/005.Crested_Auklet/Crested_Auklet_0052_794952.jpg,4,-0.0009534375,-0.004950915,-0.00632814,0.003069974,0.008393425,-0.011618292,-0.003729234,0.0035382705,0.000759065,0.0028641287,0.0031474512,-0.003977852,0.01711865,0.010648393,0.008056944,0.003658074,0.03378954,0.013457283,-0.0034924122,-0.002700258,0.021133982,-0.0017826743,0.0019915737,0.010328456,0.031930882,-0.006953103,0.0036635948,-0.0077446187,0.036271002,0.011678686,0.016784465,0.0101922145,0.0141989635,0.0076942965,0.0033915997,0.0072646523,0.04294854,0.025447944,0.025052426,0.037342124,0.03183894,0.12231594,0.11839107,0.060843214,0.015309649,-0.0006360691,-0.0048185755,0.0022961958
/mnt/sdd/caltech_training/multiclass/train/006.Least_Auklet/Least_Auklet_0018_795077.jpg,5,-0.0012889103,0.0048907064,0.0035257456,-6.874907e-07,-0.0049194694,0.0018235325,0.007034163,0.017161893,-0.0026023458,0.00010256242,0.0013663333,0.0045729047,-0.0033749235,-0.0010223989,0.0069276523,0.0068674833,0.0058527505,-0.0047627003,-0.010789856,-0.020715354,0.0012925921,-0.009921286,-0.0002558329,0.0059670797,-0.009832012,0.0017751744,-0.015888393,-0.008440064,-0.029203573,-0.02730757,-0.012232499,-0.026486222,-0.014557337,0.0020401184,0.0023811625,-0.0075313486,-0.015516207,0.002479358,0.015679695,0.0015518947,0.0033565084,-0.027912155,-0.02990406,-0.005939706,0.025047753,0.0012803839,0.045256875,0.0037623313
/mnt/sdd/caltech_training/multiclass/train/006.Least_Auklet/Least_Auklet_0011_795109.jpg,5,0.0012135924,0.0028372444,0.0068817046,0.0038615344,-0.0025194301,1.003826e-05,-0.009072025,-0.005625253,0.002396376,0.0019388556,0.007162857,0.004516625,0.0011024252,-0.0030491448,-0.0046771327,-0.0036144676,0.019991284,-0.007129628,-0.010158902,-0.008223655,0.008318799,-0.003914766,-0.0019439496,0.009288655,0.0074812276,-0.0070612812,-0.013902226,-0.017794274,0.0077182828,-0.029843044,-0.009029811,-0.042083733,-0.007172494,0.0010976181,-0.0010101905,-0.0038418535,-0.006155723,0.005592051,0.028868733,0.009561514,0.025515994,-0.026542228,-0.029576633,-0.005134851,0.029211635,0.008775541,0.050038967,0.008581076
/mnt/sdd/caltech_training/multiclass/train/006.Least_Auklet/Least_Auklet_0021_795127.jpg,5,-0.0047299424,-0.008697015,-0.008620901,-0.009901241,0.00058093335,0.0011490056,0.004499587,0.003279079,-0.00061628036,-0.0044466686,-0.00019058277,0.0016416679,0.013926834,-0.00042142533,0.0014370866,0.00224147,0.022737943,-0.022080606,-0.030042358,-0.032858312,0.015577641,-0.011809872,-0.0022322459,0.0025834087,0.015392275,-0.0042030504,-0.02569865,-0.017341895,-0.011307741,-0.02221408,-0.010779988,-0.039195403,0.004993135,-0.0028360935,-0.006088007,-0.010816271,0.00825564,0.017342405,0.03408161,0.014689098,-0.010956275,-0.015429793,-0.015848985,0.00085175224,0.033422314,0.0046078246,0.042443685,0.0052325344
/mnt/sdd/caltech_training/multiclass/train/006.Least_Auklet/Least_Auklet_0039_795081.jpg,5,-0.0066509787,-0.0026713188,-0.0060264966,-0.0052599413,0.00023509384,2.8191076e-05,-0.0049048522,-0.0069345306,-0.00017320657,0.0038962667,-0.004498272,-0.0054266416,0.0071255323,0.007817019,0.025319044,0.006580513,0.022016305,-0.002700436,-0.023938335,-0.011698857,0.012427138,-0.0076369448,-0.0072066765,-0.0035461595,0.017006192,-0.0069541186,-0.014355406,-0.015796691,0.03444557,-0.024236375,-0.006750861,-0.025334517,-0.0011221459,-0.0026371551,0.0016495138,-0.004514293,0.005881788,0.002459764,0.028218612,0.0054572597,0.011860167,-0.016460747,-0.017554533,0.014234274,0.026817106,0.013081297,0.05613227,0.012030359
/mnt/sdd/caltech_training/multiclass/train/006.Least_Auklet/Least_Auklet_0046_795118.jpg,5,-0.006437318,0.0012112646,0.0011878036,-0.0027788528,-0.0071209227,-0.0053766477,-0.003833109,-0.0030133552,-0.00086390105,0.010122035,0.00861076,-0.00090059487,0.005072008,-0.006598512,-0.0031606066,-0.002235855,0.028716704,-0.018653091,-0.02088946,-0.010814976,0.015197312,-0.010826093,-0.0053748623,0.002067012,0.0028044465,0.013809311,-0.011895472,-0.015652508,-0.017610107,-0.024022587,0.0028517358,-0.0071819117,-0.0053979577,-0.00035508815,-4.951656e-05,-0.0048637763,0.0066409465,0.006277761,0.022273418,-0.0011226307,0.01788469,-0.018424293,-0.017964318,0.0012294389,0.022785943,0.0007553571,0.040309835,0.0008857096
/mnt/sdd/caltech_training/multiclass/train/006.Least_Auklet/Least_Auklet_0040_795100.jpg,5,-0.0018616583,0.00039782218,0.0005045074,-0.0018538388,0.0045709996,0.009231047,0.00450613,0.004703622,0.0015683096,-0.0045573385,-0.00012172805,-0.0030657658,0.0060698683,-0.005293944,-0.009789067,-0.004925614,0.02294403,-0.016047083,-0.0152277835,-0.013217077,0.008006858,0.0013319957,0.014986579,0.017242853,-0.00048637576,-0.0017862814,-0.014638301,-0.010661835,-0.01148349,-0.009855783,0.009630118,-0.011972559,-0.0073300097,0.003052904,0.0075221024,0.00044072466,-0.01145307,0.019935861,0.038610667,0.015425495,0.029312639,-0.025263757,-0.01991029,0.0015226896,0.038132876,0.005954867,0.04797034,0.009517156
/mnt/sdd/caltech_training/multiclass/train/006.Least_Auklet/Least_Auklet_0041_795107.jpg,5,0.00026272493,0.0022792667,0.007979035,0.011017967,0.001987346,0.004223154,0.006124599,0.001426233,0.00062249054,-0.00039754645,0.004964131,0.0048937416,0.0017606071,0.0012884012,0.001006096,0.0054154047,0.018601764,0.0059340596,-0.0026123463,-0.001591641,0.00605523,-0.004378933,0.0056481715,0.0090114055,0.020390354,-0.008163596,-0.023521028,-0.020864489,0.006252932,-0.010315062,0.000297945,-0.012132181,0.016491259,0.021420553,0.012712987,0.008254683,0.010614914,0.009368151,0.030404342,0.011491101,0.0108900955,-0.017664026,-0.015882898,-0.00013419078,0.02890561,0.0062450515,0.04532282,0.009604458
/mnt/sdd/caltech_training/multiclass/train/006.Least_Auklet/Least_Auklet_0052_795088.jpg,5,-0.007976156,0.00907018,0.008660905,-0.0007567446,-0.0010000269,-0.00028770935,0.0025634163,-0.00058838865,0.0009899258,0.0015628615,0.003354345,0.008981842,-0.0055229557,0.006391673,0.014589531,0.012327591,0.003445334,0.0048476635,-0.00798571,-0.010926908,0.006580976,-0.0007616158,0.009332881,0.010215441,0.0014294842,0.009827411,-0.010203509,-0.0101124095,-0.004533396,-0.028751794,0.005100644,-0.02445163,-0.008578083,0.007257007,0.0042244634,-0.0011283053,-0.01443214,0.014910301,0.02634975,0.014983266,0.0067087077,-0.0286459,-0.025104199,-0.005064317,0.035356298,0.007864464,0.04768284,0.0064227628
/mnt/sdd/caltech_training/multiclass/train/006.Least_Auklet/Least_Auklet_0026_795066.jpg,5,0.000733216,0.004382373,-0.007367348,-0.0051165745,-0.0040088957,0.011337275,0.001210293,-0.0013311905,-0.00027563015,0.009272448,0.0027846831,-0.0030527278,-0.003688097,-0.000607325,0.0025433619,0.008544589,0.025250213,-0.019505564,-0.005299008,-0.033267125,0.011546718,-0.010439076,-0.005446077,0.0007908724,0.020697705,-0.017139819,-0.01823983,-0.019597042,0.019004129,-0.020526513,-0.0030100336,-0.029320413,-0.0067226635,-0.0038310303,0.00134345,-0.0051288106,0.0019483145,0.012988775,0.031310335,0.013466861,0.024752436,-0.024149463,-0.024734609,0.0010985066,0.030903224,0.004611291,0.049497627,0.007468352
/mnt/sdd/caltech_training/multiclass/train/006.Least_Auklet/Least_Auklet_0029_795122.jpg,5,0.00022131432,0.004247845,-0.010401352,-0.007937746,0.0043185707,-0.0011065969,-0.013096609,-0.018367345,0.0027501464,0.00093977316,-0.0052830144,0.0014589499,0.012893679,0.010424219,0.005383507,0.010006918,0.050056845,-0.0026987959,-0.01819664,-0.012024018,0.021480607,0.016368385,0.021785134,0.015088631,0.02191006,0.019559778,-0.00058304844,-0.010919141,0.00957927,-0.013122118,-0.004650785,-0.015213618,-0.010430319,0.022943422,0.017571127,0.0140841305,0.01019023,-0.0074113747,0.013526374,0.0012606569,0.020828214,-0.01739274,-0.018605419,0.008117003,0.022884041,0.0012522788,0.043698516,0.0037291218
/mnt/sdd/caltech_training/multiclass/train/006.Least_Auklet/Least_Auklet_0060_795095.jpg,5,-0.005857626,-0.004721641,0.003330044,0.0043890313,-0.005508314,-0.0015089929,0.0024060216,0.0012897808,-0.0008826804,-0.0028124326,-0.005011037,-0.005244012,0.002522845,-0.0021039716,-0.0009800444,0.0068705026,0.024269592,-0.0009498047,-0.007777143,-0.013612529,0.009071659,-0.0084598735,-0.0052944054,-0.0051882844,0.007866293,0.0053683096,-0.012096911,-0.014674759,-0.028410867,-0.017222797,-0.0024953354,-0.019648079,-0.008099056,0.005915405,0.0076096887,-0.0015263042,-0.004570648,0.014239164,0.036350768,0.016417364,0.006893518,-0.020723369,-0.02539065,0.00073507614,0.021787528,0.005733671,0.045865703,0.007087186
/mnt/sdd/caltech_training/multiclass/train/006.Least_Auklet/Least_Auklet_0058_1931.jpg,5,0.0038336455,-0.0010602383,-0.00031969405,-0.004625283,-0.00052823115,0.004080149,-0.0051770452,0.0046872776,-0.0012506889,-0.003510701,-0.002228658,0.0017636629,0.010865653,0.00065301475,0.0122543,0.014612533,0.019018825,-0.0032603014,-0.010236271,-0.012581486,0.004561986,0.010612302,0.012383858,0.02521994,-0.0068251234,0.0023527937,-0.007640452,-0.006732665,-0.003462731,-0.022923889,-0.0043442883,-0.018558957,0.0032707239,0.015258015,0.017801005,0.012506153,-0.004248117,0.0051985714,0.02595235,-0.0026896985,0.022009306,-0.023917291,-0.027313635,-0.001469274,0.026297016,0.007746266,0.046005502,0.011309834
/mnt/sdd/caltech_training/multiclass/train/006.Least_Auklet/Least_Auklet_0043_795067.jpg,5,0.0045596026,-0.000581359,-0.006986558,-0.0035779001,0.005133234,-0.006384177,-0.0015368487,-0.0014700198,0.00051673607,-0.005229238,-7.194304e-05,0.0033671802,-7.895334e-05,-0.008291011,0.0054734144,0.014691336,0.03162031,-0.0036759565,-0.0053620944,-0.015611699,0.014565792,0.0032308453,0.011314718,0.008802589,-0.0061380733,-0.0006270553,-0.027901497,-0.016831838,0.0041198153,-0.015630063,-0.0083580045,-0.01117154,-0.0123742875,0.011581148,0.005645442,-0.0014845093,-0.005472833,0.0071617523,0.02809143,-0.0004870128,0.018955003,-0.017984116,-0.017617099,0.0117570935,0.019501325,-0.00088489125,0.040217087,0.0026889816
/mnt/sdd/caltech_training/multiclass/train/006.Least_Auklet/Least_Auklet_0005_795119.jpg,5,-0.007865132,0.00084338,0.005707125,-0.0071564657,0.00037977297,-0.00033022603,-0.0014397837,0.0031633144,0.00086090947,-0.00034685186,-0.0011154411,0.013832627,0.01106129,0.0038096686,0.0022312882,-0.0022365048,0.03135825,-0.006623003,-0.006444003,-0.006042816,0.02709322,-0.00389698,-0.008311252,0.0035745902,0.036812328,-0.014218489,-0.02239196,-0.017935757,0.026598912,-0.03289082,-0.000516037,-0.0209461,-0.009147873,0.009445025,0.012638353,0.007067376,0.0066784257,0.0154233435,0.031073954,0.018115971,0.023515282,-0.007880615,-0.009250038,0.018412666,0.02973564,0.004988837,0.048450574,0.006972048
/mnt/sdd/caltech_training/multiclass/train/006.Least_Auklet/Least_Auklet_0028_795094.jpg,5,-0.014212762,0.00062436704,0.008649825,0.0021826029,-0.0096050445,0.005626117,0.008470271,0.0031997678,0.0011309121,0.0025449814,0.0069437698,0.007969862,-0.005060605,0.009167163,0.005486602,0.0015923833,0.0020580413,-0.00043229386,-0.014150169,-0.030676596,-0.007691454,-0.008653873,-0.004093728,0.0105238585,-0.03341209,0.0053918706,-0.012433823,-0.009211179,-0.018722447,-0.033707015,-0.01250482,-0.032512367,-0.00014980137,0.0055774585,0.001723699,-0.013490712,-0.0016735243,0.0055415942,0.020548671,0.020401895,0.012404762,-0.025454337,-0.021204777,0.0043314826,0.03074955,0.0043595736,0.04391446,0.0054417746
/mnt/sdd/caltech_training/multiclass/train/006.Least_Auklet/Least_Auklet_0010_795092.jpg,5,-0.0023371514,0.0005066942,-0.0036898279,-0.0034392476,0.0020436235,0.00538076,-0.0018806036,0.0014436026,0.002609165,-0.0021518033,-0.0073395898,-0.008082086,0.005720229,-0.0020368723,-0.0089536775,0.0040575033,0.016095545,-0.016934063,-0.0123020755,-0.019220844,0.0131958695,-0.011062466,-0.0039483737,-0.0029847655,0.0015575576,-0.0006353818,-0.02260588,-0.024538185,-0.005763399,-0.024962433,-0.010253292,-0.034498736,-0.0060928604,-0.0053738006,-0.0035230545,-0.013997906,-0.013767868,0.009327199,0.024750538,0.000347259,0.006317541,-0.020251742,-0.022842415,-0.0024651876,0.027931303,0.003219869,0.04610797,0.006174292
/mnt/sdd/caltech_training/multiclass/train/006.Least_Auklet/Least_Auklet_0050_1924.jpg,5,0.005006791,0.0011839471,0.005401429,0.0022960478,-0.0013915645,0.0006734913,-0.008521575,-0.008313292,-0.002753778,-0.007049624,-0.0011401335,0.0027446127,0.010124432,-0.003546645,-0.004834546,0.006009587,0.03354451,-0.021047402,-0.026814517,-0.025936157,0.013872416,-0.0011097228,-0.0016990411,0.01019266,0.009404307,-0.0024487358,-0.013199073,-0.019789923,-0.0007931404,-0.013175355,0.0002890661,-0.0075095864,-0.016534131,-0.0007926475,0.0015026823,-0.008707814,-0.0010813074,0.008787212,0.02540905,0.011208601,-0.00026322342,-0.026180848,-0.029410485,-0.007932092,0.029103504,0.0031166552,0.04338687,-0.0006288913
/mnt/sdd/caltech_training/multiclass/train/006.Least_Auklet/Least_Auklet_0007_795123.jpg,5,-0.006660557,0.00066929735,0.0044727256,-0.001745869,0.00016981582,0.00093097467,0.0017896141,0.0032847114,-0.0012318059,0.006396128,0.0033021413,0.0010543233,0.0046648183,0.013186287,0.006254201,0.008286525,-0.00013158249,-0.0070796465,-0.0038450686,-0.019489933,0.0036297631,0.0003110487,0.0047145174,0.0056357468,-0.014774766,-0.00790831,-0.015121166,-0.009572858,-0.026659576,-0.018922918,0.0060040173,-0.020027278,-0.017658547,0.013157501,0.011375852,0.00687039,0.01228249,0.0065868655,0.026121179,0.002485077,0.014882159,-0.025729597,-0.024629965,-0.002951296,0.02110999,0.004415476,0.045669418,0.006072604
/mnt/sdd/caltech_training/multiclass/train/006.Least_Auklet/Least_Auklet_0027_795091.jpg,5,-0.0049705748,-0.0024839293,0.005844951,0.008442385,-0.002527989,-0.0045506908,-0.009222595,-0.009766314,-0.006012948,0.0014102745,-0.005653239,-0.009189628,0.0061069224,-0.00035999902,-9.112991e-06,0.0035435092,0.03259985,-0.022489846,-0.013504356,-0.033223815,0.017304672,-0.0053457953,0.0033437097,0.0063897367,0.011595281,0.0054765325,-0.016142456,-0.01616802,-0.0037742914,-0.023485385,0.0006016395,-0.016783066,-0.0077583273,0.010900437,0.0067841033,-0.0038766072,0.014970317,0.011010757,0.020164263,0.008040259,0.0018521845,-0.024334311,-0.02681951,-0.0062549775,0.033596203,-0.0009576088,0.042772952,0.0055083875
/mnt/sdd/caltech_training/multiclass/train/006.Least_Auklet/Least_Auklet_0020_795080.jpg,5,-0.00536679,0.002276856,-0.00316446,-0.0058923084,-0.0028215072,0.0032265354,-0.0029269499,-0.0064709666,-0.004136539,-0.0024013931,0.0018277103,0.0013417937,-0.0018390559,-0.0037179622,0.0031384176,-0.005503157,0.024705173,-0.0069317436,-0.0075492784,-0.007373469,0.012112555,-0.00041379547,-0.0037119584,0.009639554,0.0024092929,0.0059260544,-0.013665341,-0.013029623,0.00020911742,-0.034394056,-0.0073791263,-0.026631536,-0.011181895,0.0033093952,0.00271719,0.0006587473,-0.010751499,0.010760722,0.030686565,0.011078187,0.012920361,-0.023301696,-0.023568649,0.0008136537,0.0267412,0.00376892,0.045030594,0.0055789016
/mnt/sdd/caltech_training/multiclass/train/006.Least_Auklet/Least_Auklet_0032_795068.jpg,5,-0.0063115875,-0.002856215,-0.006619464,-0.0071670096,-0.0056473804,-0.0038692674,-0.0042609433,-0.007977165,-0.0059714774,-0.0001733005,-0.0093779005,-0.0059969267,0.00020562334,-0.0066194246,-0.0054901093,-0.002047159,0.023643728,0.004713643,0.006244277,0.0002888688,0.017723478,0.0029493116,0.0074204025,0.020615753,0.020530004,0.0062785805,0.0034770232,-0.011632947,0.0077955266,-0.029182367,-0.0065903687,-0.026325844,0.00013761222,0.0016630278,-0.00024421932,-0.0022804055,0.00748276,0.01873969,0.04494284,0.011079628,0.022949817,-0.015376448,-0.019089606,0.006707628,0.028386408,0.0067459163,0.0470106,0.006068315
/mnt/sdd/caltech_training/multiclass/train/006.Least_Auklet/Least_Auklet_0030_795116.jpg,5,0.007853222,-0.0023512323,0.00700676,-0.0040172357,-0.0011027078,-0.005085676,-0.0037822742,-0.0009993629,0.0024531349,0.003341906,0.0009638269,-0.0045068525,-0.0009211851,-0.0039846795,0.010243219,0.010817597,0.016396642,-0.012339348,-0.006642728,-0.011574098,0.013735217,-0.0005546827,0.011920559,0.010956259,0.01599314,-0.00013769511,-0.008899081,-0.0021999413,0.007116872,-0.00567831,0.021960795,-0.01461564,0.012914112,0.0113862585,0.010541925,0.011172977,0.01887801,0.011248745,0.029781956,0.014413515,0.0033547306,-0.013615424,-0.015528674,0.0036311625,0.03173054,0.0042151795,0.04516352,0.0073322016
/mnt/sdd/caltech_training/multiclass/train/006.Least_Auklet/Least_Auklet_0024_795120.jpg,5,-0.003299444,0.0011474844,-0.0073320223,-0.015192231,-0.00040001527,-0.0016350967,-0.0036044812,-0.017322715,0.0018868457,0.014696253,-0.00047673262,0.00023508421,-0.0061599594,-0.0011780346,0.014375975,0.009985981,0.024894511,-0.021908678,-0.011630824,-0.024974857,0.018176507,0.0024878138,0.007347933,0.015998881,0.017359108,0.007901721,-0.0061914204,-0.0072240885,0.0172759,-0.023348942,0.0015642811,-0.022322578,0.0022861212,0.019557087,0.017764542,0.016096678,0.012551685,-0.0007931483,0.018418048,0.0048653837,0.013670769,-0.020204566,-0.016313042,0.006278572,0.024712402,0.0054188375,0.04610349,0.007835442
/mnt/sdd/caltech_training/multiclass/train/006.Least_Auklet/Least_Auklet_0025_795087.jpg,5,-0.0026174476,-0.0064359913,-0.007151145,-0.008219661,-0.006913012,0.009306299,0.010197741,0.0038191979,-0.004739238,-0.004267864,-0.006354323,-0.007316471,-0.0031843262,5.4086326e-05,-0.0006616886,0.0053038094,0.0071632927,-0.0011038394,-0.006250635,-0.021031111,0.006112353,0.006938711,0.00019893772,0.009506594,0.012188381,0.0075095585,0.004322541,-0.001493305,0.00066455314,-0.021067366,0.00912491,-0.016957896,0.0016478617,0.0049492083,0.0073337806,-0.001774808,0.007876104,0.0010185894,0.011029346,-0.0020845046,0.0042199255,-0.017599907,-0.019270735,0.00436258,0.032395404,0.0068493197,0.04500711,0.006611641
/mnt/sdd/caltech_training/multiclass/train/006.Least_Auklet/Least_Auklet_0023_1898.jpg,5,0.0071987268,-0.004431588,0.0065376773,-0.0026083472,0.002860447,0.0033248952,-0.0031095797,-0.0011510839,0.00067583146,0.00042756123,-0.0025169612,-0.0012674291,0.011191666,0.0026058466,0.0069538257,0.0057730293,0.029759973,-0.011858201,-0.01636035,-0.035729147,0.010785637,0.005380696,0.010765675,0.01432773,0.027667968,0.0062493365,-0.011460014,-0.008988059,0.0008265623,-0.026817907,-0.004874792,-0.0026509184,0.018554542,0.0042834124,0.01430491,0.0038505248,0.0114085125,0.0087556075,0.023168642,0.007208166,0.030438151,-0.02867594,-0.024308914,-0.00014519785,0.03370553,0.0069037145,0.040535145,0.0044410834
/mnt/sdd/caltech_training/multiclass/train/006.Least_Auklet/Least_Auklet_0008_795071.jpg,5,0.0014455405,0.0067813937,-0.0027573921,-0.0053178836,0.0041205445,0.007493688,0.0059026387,0.0025817708,0.0018137936,0.00512765,0.0082562,0.005391429,0.0049584815,-0.0018905419,0.0028134468,0.01597821,0.010013143,0.012796704,-0.011390882,0.011355499,-0.0015093733,-0.0050677434,0.0034944685,0.0079649575,0.012848811,0.0093402825,-0.00821343,-0.0038856706,0.019153325,-0.037567638,-0.01150118,-0.040533636,-0.0018192474,0.007274733,0.0010314856,0.0018646619,0.020636223,0.014126352,0.033721384,0.016789362,0.009863384,-0.027787013,-0.030012812,-0.0043518366,0.025596632,0.008559288,0.05017584,0.008450825
/mnt/sdd/caltech_training/multiclass/train/006.Least_Auklet/Least_Auklet_0015_795065.jpg,5,-0.006114869,0.0025963099,0.0036795188,0.0005466321,-0.004719851,-0.009654128,-0.007664974,-0.0026871217,-0.0035392055,0.0013328709,0.0068078274,0.0050298357,0.006479031,0.007955176,0.014622621,0.010010002,0.018133676,-0.019897882,-0.022009166,-0.045100372,0.0064371023,-0.0093378555,-0.005011578,-0.0024183406,-0.01343811,-0.0039496757,-0.0146141425,-0.016982472,-0.024572426,-0.032925867,-0.0011689072,-0.016865598,-0.013064462,0.005391405,0.004102886,-0.001640934,-0.0226047,0.0056114113,0.024427822,0.014326724,-0.007616018,-0.03398125,-0.029039826,-0.00543872,0.026295992,0.009069804,0.04931304,0.0056512444
/mnt/sdd/caltech_training/multiclass/train/006.Least_Auklet/Least_Auklet_0038_795132.jpg,5,0.006109865,-0.0058841803,0.00945197,0.0023815155,0.006800645,0.00713345,0.0026886347,-0.0028018106,0.0011344464,-0.0044135405,-0.0013337994,-0.002568091,0.003033773,0.005511203,0.010740119,0.014682767,0.026900442,-0.011233574,-0.013941427,-0.013215871,0.0024556525,-0.009189565,0.00643965,0.008262348,0.011359271,-3.419351e-05,-0.0042924536,0.0010269824,-0.011195197,-0.017581616,0.010023731,-0.009228153,-0.011023853,0.018205909,0.014674915,0.00596667,-0.007829753,-0.010893981,0.010242786,-0.010357294,0.030817026,-0.018607665,-0.020205261,0.005452001,0.025949538,0.008199237,0.045542073,0.0069641145
/mnt/sdd/caltech_training/multiclass/train/006.Least_Auklet/Least_Auklet_0054_795130.jpg,5,0.002187727,0.0058642537,0.006928413,0.009169994,-0.0015151028,0.0016494779,0.0012346491,-0.0030183536,0.0034200998,0.0017515953,0.003787503,-0.0010476167,0.012600994,0.0019933358,0.0060667023,0.009256714,0.011691077,-0.0021441104,0.0041009625,0.0010621701,0.008693025,-0.015415771,-0.0182154,-0.0035076723,0.026680687,0.00459758,-0.01866149,-0.016949624,0.004259251,-0.017154505,-0.014262599,-0.026991786,-0.0010836897,-0.005517129,-0.007096081,-0.015246135,-0.011754617,0.01831945,0.035076242,0.021129183,0.012138618,-0.02435759,-0.02424937,-0.0032709804,0.02606598,0.0073108296,0.04396552,0.005648193
/mnt/sdd/caltech_training/multiclass/train/006.Least_Auklet/Least_Auklet_0042_1874.jpg,5,-0.0046171015,0.0018467972,0.00035003806,0.0030877637,-0.00034670485,-0.0059683113,0.00042003277,-0.0055830968,-0.0027232745,-0.0017702348,0.0030442053,0.0013017482,0.0051292246,0.01332411,0.012877701,0.010686383,0.024916831,0.00037937425,0.004882451,-0.010277728,0.026768632,-0.000568646,0.003101512,0.009094177,0.015148507,-0.00035850704,-0.01611922,-0.019602977,0.017796868,-0.01893963,0.008881798,-0.015685583,0.00030361675,0.014916753,0.010892095,-0.0007118569,-0.005158756,0.008446714,0.033019014,0.016550196,0.0179159,-0.016606048,-0.016811663,0.008738515,0.03054409,0.0006364295,0.046182282,0.0068294476
/mnt/sdd/caltech_training/multiclass/train/006.Least_Auklet/Least_Auklet_0034_795096.jpg,5,-0.00489517,0.007763837,0.0009444242,-0.000107389875,0.004099091,0.007585412,0.01257946,0.00317786,-0.0006569005,0.002767553,0.009917935,0.010091257,-2.1713087e-05,0.005044257,0.0029326,0.0044379714,0.017559672,-0.011047857,-0.019196697,-0.016445704,0.013196415,-0.0013562846,0.0044153524,0.0075859074,0.019865248,0.0017026537,-0.0042084213,0.0034033824,0.034506902,-0.022912659,0.00067921076,-0.034055315,0.005256789,0.01714845,0.009685341,-0.0018900547,0.015628388,0.011367472,0.035933927,0.016677145,0.027122306,-0.017080665,-0.015260059,0.008896286,0.029718712,0.0060315514,0.045424677,0.011145288
/mnt/sdd/caltech_training/multiclass/train/006.Least_Auklet/Least_Auklet_0055_795106.jpg,5,0.00978678,0.0031037536,0.0040769028,0.0076710326,0.003313647,-0.002615152,-0.0065536257,-0.0023887507,-0.00087535684,0.0009818431,0.008940588,0.0051481943,0.0020964658,0.0037484253,-0.00053798774,0.0049076313,0.0072747967,-0.00066362554,-0.0020881942,0.0030743368,0.01632557,-0.0059153377,-0.0010996005,0.0012759278,0.034039654,-0.0020998958,-0.010891605,-0.014700437,0.020510253,-0.011446176,-0.0014285045,-0.01020021,-0.004308236,0.00933709,0.00722178,-0.0023816482,0.00088096876,-0.0044840425,0.02923861,0.0048552547,-0.0031016814,-0.02157066,-0.024519417,0.004729745,0.020223169,0.008257713,0.04752309,0.008804414
/mnt/sdd/caltech_training/multiclass/train/007.Parakeet_Auklet/Parakeet_Auklet_0078_2004.jpg,6,-0.002600946,0.0058876583,0.0048626647,-0.0010960919,0.0034441075,0.007562882,0.0059588514,0.0021608188,0.0009817336,0.003386382,0.00880771,0.013183869,0.0095037315,0.0072091552,0.012616802,0.008157959,-0.0022653341,-0.02289022,-0.028652746,-0.011168506,0.023661466,-0.004655879,-0.0010590688,0.00074963993,0.029708643,0.017945271,0.017121954,0.024451649,0.033424947,-0.015466913,-0.030452032,-0.025448876,0.00080015813,0.003366449,-0.006616053,0.01107695,0.031943258,-0.004301646,-0.021550208,-0.042841725,0.022639053,-0.067780524,-0.04163139,-0.046264827,0.025879277,0.05936639,0.056825235,0.019450292
/mnt/sdd/caltech_training/multiclass/train/007.Parakeet_Auklet/Parakeet_Auklet_0067_795964.jpg,6,0.005036032,-0.0009874115,0.0029057,0.0057268245,0.008662304,-0.00013956218,0.00062648405,-0.003118207,0.0012080974,0.004692914,0.0026696268,0.0011146248,0.0033029215,0.0142135685,0.013468035,-0.0054927906,0.010640541,-0.008651045,0.0011032468,0.0046603642,0.0071644713,-0.01951804,-0.0036874767,-0.017241044,0.019378502,0.010066178,0.005584603,0.018623952,0.039070144,-0.017955814,-0.0060341517,-0.011951018,0.016782258,0.0034680325,-0.008280419,0.0098749325,0.032118637,-0.0066998038,-0.021447983,-0.036453646,0.026443547,-0.06034212,-0.033302415,-0.04493493,0.027866973,0.061642393,0.059132576,0.026207926
/mnt/sdd/caltech_training/multiclass/train/007.Parakeet_Auklet/Parakeet_Auklet_0064_795954.jpg,6,0.005181281,0.0009904143,0.008591137,0.0017549831,0.005874324,-0.0015910736,0.0031992737,-0.00024727572,0.0064338436,-0.0021855484,-0.0043967,-0.0007840297,-0.0027584457,0.008217047,0.014094086,0.00019498868,0.0023651782,-0.019380897,-0.024810705,-0.01237138,0.019933097,0.025158579,0.01165102,0.0058838865,0.01956319,0.012775822,0.019645248,0.028772153,0.026681433,-0.015423533,-0.016752133,-0.013619935,0.014917813,0.0065873847,-0.0011826074,0.011420086,0.0564208,-0.010099802,-0.018361885,-0.035793945,0.05514451,-0.06052482,-0.032165576,-0.04585089,0.02071657,0.05708563,0.05473816,0.024903633
/mnt/sdd/caltech_training/multiclass/train/007.Parakeet_Auklet/Parakeet_Auklet_0050_795957.jpg,6,0.0061073196,0.0064456887,0.0050048465,0.0020089133,-0.00039183954,-0.0047401637,-0.007799737,0.0049739275,-0.0017919475,-0.0054043117,-0.0026881264,0.00044509617,0.014876936,0.014075574,0.018490136,0.0062305676,0.017868027,-0.006917823,-0.011638651,-0.013328526,0.016321834,0.005910481,0.006387905,0.0009994223,0.021786693,0.026365614,0.014318146,0.026538642,0.03756915,0.0034468547,-0.004374118,-0.008057468,0.012244016,0.015430781,-0.0019418595,0.020458834,0.03966656,-0.018185128,-0.028390618,-0.05147385,0.033095088,-0.079291664,-0.042913143,-0.06006879,0.02916963,0.059568867,0.059227042,0.020623779
/mnt/sdd/caltech_training/multiclass/train/007.Parakeet_Auklet/Parakeet_Auklet_0001_795972.jpg,6,0.0058693504,0.0021117078,0.009262917,0.003968741,0.0059641115,-0.0008302184,-0.003474481,-0.00034672383,2.750731e-05,0.0032728855,0.010179728,0.011070189,-0.0006746893,0.017305505,0.011007644,-0.004384307,0.015561147,-0.013218395,-0.019745987,-0.014608292,0.019108288,0.006466871,0.0006393967,-0.0032808492,0.0045109233,0.007022256,0.013169654,0.01944761,0.017104799,-0.010197854,-0.01481286,-0.013466921,-0.0012541912,0.012612392,0.00086619775,0.011283198,0.03319186,-0.003034328,-0.014582274,-0.037938844,0.028308501,-0.059577305,-0.034216806,-0.047987852,0.030227738,0.06376803,0.059887316,0.025386058
/mnt/sdd/caltech_training/multiclass/train/007.Parakeet_Auklet/Parakeet_Auklet_0007_795932.jpg,6,0.0059506004,0.0008642592,-0.0005923214,-3.2411772e-05,0.0016782546,0.00096180046,0.0035736577,-0.002523484,0.0030991987,0.004583765,0.0061155185,0.0081330165,0.00076702307,0.013256274,0.015288461,0.0063404506,0.0031131124,0.008956298,-0.0136376005,-0.014518365,0.011960704,0.017536864,0.016591419,0.0055282954,0.02516726,0.02466293,0.018786587,0.013673043,0.036203228,-0.0032678042,-0.013100752,-0.01527605,0.011459972,0.017658725,0.0011668565,0.016536335,0.029789511,-0.00292756,-0.01445053,-0.028217265,0.024088005,-0.062070064,-0.03309217,-0.04105154,0.028072545,0.05828203,0.05523297,0.024056107
/mnt/sdd/caltech_training/multiclass/train/007.Parakeet_Auklet/Parakeet_Auklet_0012_795927.jpg,6,-0.0027572443,0.0058995243,0.0054544453,0.0018252536,0.0044520292,-0.007605429,-9.160169e-05,0.0036755223,-0.00057035044,-0.001664143,0.0013462785,0.0010990642,0.005579442,0.018480014,0.01337229,0.01032956,0.009248451,-0.025869451,-0.029897293,-0.017132565,0.008888761,-0.0029154764,0.0052942047,-0.005640378,0.01946022,0.0010949122,-0.0054506008,0.0077262516,0.03945572,-0.012396194,-0.010753272,-0.017063072,0.0074669095,0.020104961,0.0060613733,0.01369952,0.023805737,-0.009352095,-0.020667134,-0.04961583,0.032273486,-0.06333783,-0.03398315,-0.0493551,0.028787436,0.065351754,0.059758544,0.024981128
/mnt/sdd/caltech_training/multiclass/train/007.Parakeet_Auklet/Parakeet_Auklet_0003_795982.jpg,6,0.001476613,0.0020910641,-0.0027111694,0.00477089,0.0028459178,-0.00010549405,0.0058243545,0.0012986837,-0.0007631557,0.003597132,0.006679579,0.0116212685,-0.000353836,0.01304814,0.0114654405,0.014713212,0.021576945,-0.0015262107,-0.009632929,0.008785276,0.03459003,0.013600506,0.009462002,0.0013593393,0.03393746,0.011878145,0.0005697878,0.022293773,0.039834205,-0.009210038,-0.020867698,-0.029818464,0.00563592,0.0072947904,-0.0025608637,0.013296068,0.032282013,-0.0060550356,-0.02042258,-0.043755636,0.03684087,-0.059264913,-0.025065511,-0.038859054,0.02446981,0.06079921,0.059672225,0.02226405
/mnt/sdd/caltech_training/multiclass/train/007.Parakeet_Auklet/Parakeet_Auklet_0020_795947.jpg,6,-0.0037551562,0.008525005,0.0053119594,0.0005350651,0.00032770995,-0.0060165497,-0.004271102,-0.0058670035,-0.0005613162,-0.0039954297,-0.009385213,-0.0038951912,-0.013526848,0.019275267,0.015446213,0.01163007,0.005028741,-0.0060705654,-0.008209469,-0.0018480681,0.004199282,0.01677954,0.022672307,0.009207043,0.020404384,0.019179715,0.030407278,0.03114869,0.024070337,-0.0106596025,-0.021539722,-0.020151203,0.020866245,0.0034459818,-0.0073939557,0.0055854423,0.044719152,-0.011465931,-0.023238782,-0.046831228,0.04012612,-0.06994834,-0.0355845,-0.04913534,0.022856873,0.05653866,0.052718118,0.023612743
/mnt/sdd/caltech_training/multiclass/train/007.Parakeet_Auklet/Parakeet_Auklet_0059_795973.jpg,6,-0.007985827,0.002193349,0.006849001,0.004039562,-0.0041799126,-0.00058010116,0.000941583,-0.0026315833,-0.0021937587,0.00011293986,0.0030241907,0.0063207694,0.0054476275,0.010475493,0.012070558,0.0022006575,0.007075116,-0.027568452,-0.009897727,-0.002690226,0.00456309,0.0031959214,0.005195302,0.00012541958,0.035008356,0.030737266,0.015328811,0.042368762,0.04193244,0.0010545086,0.013053857,0.008471078,0.010518026,0.004675664,-0.0012505667,0.01732638,0.023021838,0.014495465,-0.007098219,-0.02817002,0.022987507,-0.048541136,-0.035406366,-0.044007227,0.031247118,0.061153956,0.05840978,0.022561986
/mnt/sdd/caltech_training/multiclass/train/007.Parakeet_Auklet/Parakeet_Auklet_0010_795995.jpg,6,0.007985692,0.0034865607,0.00536628,0.005924608,0.0050640665,-0.0032097148,-0.008277798,-0.011447549,0.0022386159,0.0073275045,-0.0008900189,0.003942549,0.0069308896,0.004113422,0.01579095,0.013059548,0.00043893757,-0.013774363,-0.016424038,-0.012426511,-0.002289175,0.0072350674,0.0044045523,0.0008471615,0.01794751,0.009241945,0.006816536,0.014728511,0.029780125,-0.008997592,-0.014974261,-0.010596292,-0.001236648,0.0028794128,-0.0066781724,0.006897564,0.025498195,-0.0042909556,-0.009764805,-0.031201683,0.026814718,-0.059196852,-0.036879677,-0.046766236,0.030731512,0.06185085,0.058912642,0.020500246
/mnt/sdd/caltech_training/multiclass/train/007.Parakeet_Auklet/Parakeet_Auklet_0074_795976.jpg,6,-0.0029080822,0.004167427,0.001504007,-0.003839518,0.0058539137,-0.0020577484,-0.0024769986,0.002823624,-0.00044940325,0.0027720828,-0.0019703114,0.00288548,0.008547087,0.011224656,0.015185258,-0.004561792,0.0008469556,-0.008997537,-0.02075281,-0.025551282,0.009494278,-0.0016155301,-0.0009933161,-0.002302885,0.03080765,0.0016687822,0.0005021603,0.009715145,0.019471042,-0.006520577,-0.012424272,-0.020308083,0.014895978,0.0022270947,-0.010779301,0.0039004586,0.052274313,-0.012150277,-0.034611795,-0.045596696,0.039364524,-0.061499808,-0.0378493,-0.053972244,0.024141535,0.058626436,0.05619639,0.02110957
/mnt/sdd/caltech_training/multiclass/train/007.Parakeet_Auklet/Parakeet_Auklet_0058_795942.jpg,6,0.011050202,0.014490976,0.011267526,0.0114347655,0.0075150733,0.0041840198,0.0020762712,-0.006118065,0.0050751083,0.0039860425,0.001964015,0.0031277982,0.0075712665,0.016832048,0.015154853,0.009827815,0.011875857,0.0021576067,-0.0074671316,0.0047296253,0.018953372,0.01701658,0.015105989,0.014994603,0.03058784,0.021260008,0.013839057,0.025472349,0.042191546,-0.0042363526,-0.018225476,-0.015461735,0.014729772,0.021724414,0.0101228375,0.027129274,0.038689606,-0.00831119,-0.020030534,-0.047838174,0.028547436,-0.05862323,-0.029439356,-0.04770545,0.027648322,0.05942157,0.06029047,0.024724955
/mnt/sdd/caltech_training/multiclass/train/007.Parakeet_Auklet/Parakeet_Auklet_0008_795992.jpg,6,-0.0009462005,0.0044831517,0.0017872758,0.00014906068,0.0026449873,-0.0073076948,-0.01188579,-0.0073628644,0.004794036,-0.0012005767,0.0025467079,0.004552836,0.012151914,0.02519618,0.025472296,0.012409497,0.002651054,-0.012947982,-0.019601632,-0.011603621,0.019910336,-0.0036248784,0.0028908304,0.0030821518,0.009451928,0.0027672052,-0.0012459517,0.019039135,0.04479219,-0.015062544,-0.016018067,-0.024388565,0.0068495693,0.0017363303,-0.008467584,0.008505506,0.028524257,-0.018135471,-0.037926145,-0.061211754,0.030254554,-0.06274386,-0.03327155,-0.051253155,0.021798786,0.062330674,0.06070558,0.0232888
/mnt/sdd/caltech_training/multiclass/train/007.Parakeet_Auklet/Parakeet_Auklet_0026_795962.jpg,6,-0.005387331,0.001130427,0.006220158,0.0129680205,0.0016995543,-0.0068884525,-0.0019301514,0.0050059995,-0.0013872915,-0.0020006509,-0.004679628,0.0003522553,0.0037270295,0.017616773,0.0051095793,-0.007282001,0.0027901335,-0.00784545,-0.01968402,-0.018796373,0.00021733588,0.0038094663,0.004201333,0.0023324154,0.018299513,0.021614842,0.022145517,0.032507088,0.04249017,-0.018637385,-0.019790944,-0.016077297,0.0074793487,0.007970439,-0.0107605755,-0.0015994657,0.018024283,-0.004774303,-0.02013944,-0.0396218,0.023276241,-0.06365845,-0.028349854,-0.03920176,0.02494455,0.06428681,0.062111277,0.023778372
/mnt/sdd/caltech_training/multiclass/train/007.Parakeet_Auklet/Parakeet_Auklet_0056_795926.jpg,6,0.0065140426,0.0056319595,-0.007441243,-0.0009120152,0.008101555,0.0024063233,0.0039910804,-0.0059696482,0.0041930596,0.008609043,0.010414786,0.007951627,0.0044562276,0.014363542,0.004951904,-0.005339384,0.022536697,-0.02432301,-0.019175325,-0.023944061,0.019060152,-0.005774218,-0.004522026,-0.0093059465,0.04168898,0.022607142,0.011107249,0.028307019,0.06045741,-0.008131728,-0.011982471,-0.01907752,0.017016362,-0.0020267274,-0.01328197,0.0025168695,0.036486916,-0.008137598,-0.019782018,-0.04483903,0.041168034,-0.06999464,-0.03405228,-0.051313344,0.02809796,0.06493652,0.06260192,0.027302202
/mnt/sdd/caltech_training/multiclass/train/007.Parakeet_Auklet/Parakeet_Auklet_0041_795933.jpg,6,0.0007447029,0.004025067,-0.001009784,-0.0029694296,0.0019113368,0.0043871775,-0.0021263822,-0.0027727077,0.0005428181,-0.0029295732,-0.00053647417,-0.0005350973,0.010040224,0.016458064,0.014235454,0.0050634667,0.010816766,-0.012058508,-0.012387635,-0.004949064,0.008047726,-0.0015280074,0.0056172838,0.0025351923,-0.00021345215,0.015878098,0.017634273,0.023801235,0.017976552,-0.0052327393,-0.009253183,-0.007457264,0.00917536,0.006482346,0.0013026444,0.013074601,0.043739,-0.0025595664,-0.025162518,-0.040239356,0.03897471,-0.058187813,-0.033178646,-0.041667122,0.030161122,0.061044123,0.056928493,0.021201747
/mnt/sdd/caltech_training/multiclass/train/007.Parakeet_Auklet/Parakeet_Auklet_0042_795961.jpg,6,0.0013237736,0.010866778,0.005691997,0.0014408197,-7.7334946e-05,0.0053898357,0.002049437,0.0025663907,-0.0010025756,-0.0031341284,-0.0026857373,-0.00257828,-0.007305583,-0.0020208857,0.010480572,0.008038488,-0.0030384725,-0.008081622,-0.0025741262,-0.006417686,0.018314276,-0.0017103474,-0.004269317,-0.0060916245,0.019865854,0.013609422,0.0125485435,0.027926201,0.031291287,-0.0055808844,-0.007091211,-0.005278264,-0.0020411052,0.012855578,0.00052632054,0.017398864,0.031603664,-0.0134840235,-0.02453484,-0.04523437,0.032571588,-0.05767176,-0.024982924,-0.04342305,0.024059346,0.068541236,0.06373921,0.02615295
/mnt/sdd/caltech_training/multiclass/train/007.Parakeet_Auklet/Parakeet_Auklet_0080_795965.jpg,6,0.002752389,-0.0019161161,-0.0035701473,-0.006329138,0.0040992326,0.0019156949,-0.00062014535,-0.0026139203,-0.0008306585,0.013567349,0.008201076,0.0039157234,0.016249461,0.031797793,0.014117392,0.022123292,0.006591769,0.009025637,0.011235756,0.0010104578,0.0028380915,0.0031576946,-0.003765754,-0.0016722847,-0.010322504,0.009060061,0.01935367,0.02162461,0.0036834609,0.010280973,-0.0040380363,-0.0018524714,0.005205972,0.015667712,-0.0036541065,0.012201097,0.03981205,-0.011131398,-0.012496928,-0.037605964,0.032659344,-0.062814556,-0.03388783,-0.05049318,0.028032115,0.06499767,0.06260519,0.027043547
/mnt/sdd/caltech_training/multiclass/train/007.Parakeet_Auklet/Parakeet_Auklet_0043_795948.jpg,6,0.0054505793,0.0028140272,0.008052001,0.0043929974,0.0014039451,-0.0030207462,-0.002241139,-0.003156288,-0.00054786075,0.004965052,0.0054673622,0.0066470187,0.0018240011,0.017808693,0.012163585,0.0069260225,0.012886485,-0.0034246077,-0.003291437,-0.011848135,0.015151036,0.0069046062,0.013233972,0.008819627,0.004192484,0.008060443,0.020351855,0.028537663,0.033864163,-0.00047896244,-0.006269049,-0.0023453163,0.018908722,0.017380776,0.0028226469,0.021288328,0.028446402,-0.005795851,-0.009461886,-0.04076065,0.019584712,-0.067785986,-0.03344488,-0.05413727,0.026667584,0.06291956,0.058946494,0.026425978
/mnt/sdd/caltech_training/multiclass/train/007.Parakeet_Auklet/Parakeet_Auklet_0031_795960.jpg,6,-0.0030093398,0.0025409411,0.0059676445,0.006542152,-0.004831276,0.005512299,0.0047470587,0.012292914,-0.0007921291,0.0065829987,0.004268961,0.008307831,0.0010753794,0.010509663,0.015159101,0.0014514489,0.005403918,-0.021484517,-0.026530385,-0.016182914,0.01647757,0.0034005842,0.0065097655,0.0039913845,0.028259542,0.022815883,0.02670679,0.039494082,0.04925418,-0.018950164,-0.010270982,-0.025636226,0.006806954,-0.0026837452,-0.011907817,0.005862188,0.024168858,-0.008925468,-0.025371466,-0.043016724,0.027536111,-0.06180846,-0.030005893,-0.045304812,0.026081227,0.06629815,0.06439273,0.024601994
/mnt/sdd/caltech_training/multiclass/train/007.Parakeet_Auklet/Parakeet_Auklet_0027_795925.jpg,6,0.0072983755,0.006740642,0.0033995728,0.004000869,0.0061774254,-0.015755376,-0.015644705,-0.00029577757,0.0039642286,0.0048730695,0.0034387996,0.007771488,0.0047136517,0.017680425,0.014705684,0.015995333,0.009860998,-0.014387656,-0.016904805,-0.028806217,0.018947087,0.008846805,0.00085631106,0.002114425,0.046423063,0.009577467,0.00673182,0.013575861,0.040441215,-0.022185631,-0.012401879,-0.01862873,0.008583319,0.01412513,0.0048846556,0.016677817,0.04213515,-0.011182896,-0.026897818,-0.04241655,0.024054602,-0.05963373,-0.035046197,-0.048439767,0.027511835,0.06390918,0.061066248,0.024576133
/mnt/sdd/caltech_training/multiclass/train/007.Parakeet_Auklet/Parakeet_Auklet_0025_795975.jpg,6,0.0016974107,0.0051423297,0.005348198,-0.0005319768,-0.0020751823,-0.0016553876,-0.008231103,-0.019028613,-0.0007178725,0.004224905,-0.0023737806,-0.0035706563,0.012942735,0.024766766,0.017799012,0.012659291,0.020430991,-0.024579335,-0.024098488,-0.015294686,0.013961886,-0.009592885,0.0026157326,-0.008615723,0.02381862,0.011543432,0.013819991,0.02361412,0.027360361,-0.010981587,-0.0061860895,-0.012226574,0.010123096,0.011309418,-8.459948e-05,0.011241745,0.039466165,-0.016978195,-0.034955837,-0.048807006,0.03027391,-0.062705144,-0.03524729,-0.04807732,0.025665803,0.060692757,0.06118078,0.02299735
/mnt/sdd/caltech_training/multiclass/train/007.Parakeet_Auklet/Parakeet_Auklet_0051_795971.jpg,6,0.002000214,0.0049123587,-0.0023810272,-0.0057153,-0.0012297446,0.0014396741,-0.0024428293,0.0044120625,-0.0025335823,0.0018469219,0.003073029,0.0039149243,0.0075140973,0.0029237075,0.0073098773,0.011490605,0.016931828,-0.010929251,-0.010026274,-0.0073166573,0.01683725,0.018635904,0.01927378,0.0111416485,0.015868811,0.009031291,0.036463723,0.03238007,0.04243257,-0.015717521,-0.0047244434,0.005472802,0.020772815,0.02732005,0.012960793,0.02374523,0.033244707,0.009225907,0.0133517925,-0.01368658,0.0251525,-0.05189531,-0.021347392,-0.037968583,0.029414166,0.060780328,0.060922787,0.025772344
/mnt/sdd/caltech_training/multiclass/train/007.Parakeet_Auklet/Parakeet_Auklet_0036_795943.jpg,6,-0.0015439917,0.006950925,0.008201037,0.00669235,0.0016497625,0.0010241545,-0.0067234347,-0.0013033985,0.0016190098,-0.004548267,-0.0017868445,0.0020825975,0.0057919747,0.02131483,0.021524448,0.013799406,0.01351621,-0.011587751,-0.007815094,-0.008896811,0.015030999,0.010793441,0.012658205,0.0065833232,0.03586524,0.025292037,0.01987492,0.025293222,0.062499743,0.0052734953,0.0066563273,0.0077547356,0.0154753225,0.024079585,0.004362927,0.012301931,0.026077323,-0.0061470303,-0.016715504,-0.036893986,0.024164133,-0.061127096,-0.03526049,-0.046358358,0.029495075,0.062998675,0.060848072,0.024395023
/mnt/sdd/caltech_training/multiclass/train/007.Parakeet_Auklet/Parakeet_Auklet_0016_795977.jpg,6,0.0042856066,0.0038039442,0.0070858193,0.0012442098,0.0009157329,-0.010947205,-0.004607097,0.0014543035,-0.0018766152,0.00019206217,0.0013122741,-0.0017898751,0.0038244731,0.008065382,0.00046818843,0.008955232,0.019471366,-0.00919175,-0.011569099,-0.02154126,0.0026678774,0.002246183,0.004717948,0.00024073524,0.026971381,0.024604918,0.017662387,0.025427042,0.029103652,-0.013133008,-0.020525705,-0.019205678,0.00081549026,0.013843115,0.0020142514,0.017919675,0.012449762,-0.016872829,-0.03241515,-0.054086544,0.024932332,-0.062137652,-0.031242592,-0.044642407,0.02737648,0.062425934,0.06146241,0.025058845
/mnt/sdd/caltech_training/multiclass/train/007.Parakeet_Auklet/Parakeet_Auklet_0047_795956.jpg,6,0.0026658222,0.008112088,0.0058120396,0.00083699694,0.0010037692,-0.0021675874,-0.0038594457,-0.0025224965,0.004093179,-0.0006803938,0.005131559,0.014231448,-0.00010878686,0.008914137,0.009012926,-0.0029270076,0.0116735725,-0.03149318,-0.002343984,-0.006748209,0.008977306,0.0069883456,0.008758315,0.0035397618,0.014113341,0.01540122,0.0100335125,0.010313988,0.023059705,-0.016937261,-0.026024695,-0.031039864,0.01373552,0.008761171,0.0013577794,0.011268055,0.060805142,-0.028422121,-0.035604253,-0.062431224,0.04148757,-0.07863277,-0.040716667,-0.06092512,0.025529534,0.058718015,0.057832986,0.020601297
/mnt/sdd/caltech_training/multiclass/train/007.Parakeet_Auklet/Parakeet_Auklet_0073_795939.jpg,6,0.005080741,0.0026790057,0.001391581,0.0019643405,0.0028356928,0.0012878495,-0.0019988508,0.0024645356,0.0014525987,-0.0015716902,-0.003367202,-0.0037915572,0.013982004,0.016770078,0.019105386,0.0064294413,0.018939665,-0.012333151,-0.01715354,-0.009668679,-0.0020577442,0.0074401167,0.012523482,0.015104894,0.019090738,0.0116517,0.017489433,0.022215482,0.03255538,-0.0139015,-0.0010273005,-0.010626117,0.0008101831,0.00030582235,-0.010951174,-0.003549349,0.027962226,-0.008588811,-0.007817708,-0.028437058,0.029010456,-0.061716445,-0.03731738,-0.04261007,0.024926823,0.06511544,0.061568856,0.02488973
/mnt/sdd/caltech_training/multiclass/train/007.Parakeet_Auklet/Parakeet_Auklet_0004_795921.jpg,6,0.005103835,0.0016505062,0.006320479,0.008931153,0.0028358153,-0.0012764777,-0.0041605798,-0.0063007856,0.0014818847,0.0010859657,0.006092575,0.0026332424,0.016435612,0.020884333,0.02342969,-6.541563e-05,0.019478912,-0.019791868,-0.016176853,-0.015926681,0.011896667,0.0027593258,0.0068681436,0.005572358,0.018458586,0.007387802,-0.00844501,0.008535117,0.035142288,-0.03191264,-0.02206973,-0.028329207,0.005156571,0.00075742323,-0.010432806,0.015480714,0.02175574,-0.015395145,-0.02792101,-0.048902635,0.026911164,-0.0681539,-0.031420305,-0.048421968,0.03613904,0.060864814,0.062921375,0.023911908
/mnt/sdd/caltech_training/multiclass/train/007.Parakeet_Auklet/Parakeet_Auklet_0028_795944.jpg,6,0.002387912,0.006530734,0.0021292751,0.0022916116,-0.0009781966,-0.009561133,-0.013111666,-0.0027751122,0.0023713498,0.0023547683,0.0028184634,-0.007632602,0.011485049,0.018902766,0.018138222,0.014058892,0.014358082,-0.014034905,-0.0024052388,-0.015545474,0.0047896393,0.018284958,0.013711227,0.012601136,0.0032130503,0.0079467725,0.0026740932,0.023202488,0.030205552,0.0047457246,0.0043121884,0.0014070012,0.0042952597,0.028271325,0.013994718,0.024245864,0.018994313,0.0047435253,0.0035180398,-0.027738176,0.021795144,-0.055289228,-0.030841786,-0.04507952,0.028972205,0.06365055,0.06137232,0.025253361
/mnt/sdd/caltech_training/multiclass/train/007.Parakeet_Auklet/Parakeet_Auklet_0076_796001.jpg,6,0.0019409726,0.005225119,0.006726082,0.004022004,0.005143054,0.0074448576,-0.0006929075,0.005221465,0.0034575406,0.009823732,0.013010974,0.014300404,-0.0034498605,0.015170461,0.019072402,0.016377874,0.018766548,-0.008327626,-0.015290247,-0.020182304,0.007858917,0.019841269,0.016007721,0.011821968,0.023949828,0.020932723,0.03481097,0.032095853,0.04215183,-0.007683413,-0.0128446445,-0.015336461,0.012026913,0.007762381,-0.0010574532,0.014513533,0.024485426,-0.012106884,-0.020956395,-0.036405154,0.014299077,-0.069833085,-0.03981767,-0.053437058,0.023919323,0.064636014,0.060438253,0.026298113
/mnt/sdd/caltech_training/multiclass/train/007.Parakeet_Auklet/Parakeet_Auklet_0015_795966.jpg,6,0.0006874987,0.0020826352,0.0044846823,0.0024333885,-0.0035265458,0.0005714358,-0.0062773894,0.006200542,-0.00066121604,0.0036093313,0.0054991115,0.014401164,0.008772605,0.019426864,0.012311898,0.00013492722,0.017016273,-0.015738823,-0.02206617,-0.012730274,0.011237875,-0.002175643,0.0035654698,-0.0031506768,0.01473045,0.010658266,0.015691236,0.032258485,0.02421378,-0.016349383,-0.027612846,-0.016909758,0.00890968,0.0030773669,-0.007610955,0.007409414,0.009552857,-0.005162943,-0.026165811,-0.046185102,0.006775644,-0.079190284,-0.036444474,-0.056144185,0.023182618,0.057335626,0.05755075,0.02278258
/mnt/sdd/caltech_training/multiclass/train/007.Parakeet_Auklet/Parakeet_Auklet_0072_795929.jpg,6,0.008756844,0.0059236013,0.0019681216,0.005499836,-0.00023576617,0.0030396786,0.0041327355,0.013641266,0.003330814,0.0030899765,0.009632742,0.008072477,0.0010482502,0.006751542,0.008294991,0.0038432768,0.02990309,-0.017997537,-0.010810815,-0.0014487025,0.017069891,0.011265607,0.009509175,0.011286017,0.032071956,0.01231296,0.010089368,0.01974055,0.040433265,0.00042285398,-0.01587367,-0.0060223597,0.0155469235,0.010712408,0.003169895,0.020542597,0.03349542,0.0010332353,-0.0047644638,-0.034168307,0.027092101,-0.061616868,-0.03129813,-0.043754883,0.027161634,0.06641576,0.061815716,0.025729187
/mnt/sdd/caltech_training/multiclass/train/007.Parakeet_Auklet/Parakeet_Auklet_0013_795970.jpg,6,0.0022264817,0.00078850926,-0.002736983,-0.0027218028,0.0058075134,0.0022790842,0.004910711,-0.004199992,0.0010776774,0.00066932145,-0.0036485652,-0.0052321963,0.009845594,0.007119365,0.0055582384,-0.002912377,0.004885799,-0.005443331,-0.018565834,-0.014098908,0.010076355,-0.004427336,-0.004477604,-0.0061198743,0.016571468,0.0039983103,0.00039670488,0.006161816,0.02886536,-0.011746661,-0.018468479,-0.013378669,-0.0012814449,0.012265159,0.0021841717,0.020665266,0.028828874,-0.009735221,-0.0204614,-0.031322956,0.022865865,-0.067559436,-0.030047653,-0.040848862,0.031354513,0.065720424,0.058427088,0.022904094
/mnt/sdd/caltech_training/multiclass/train/007.Parakeet_Auklet/Parakeet_Auklet_0040_795974.jpg,6,-0.0033737347,0.01101309,0.006250825,0.0014396268,0.0019210853,0.0077076657,-0.0022278633,0.0015258465,0.0020403536,2.7589267e-06,-0.0023253125,0.0057492983,0.008457468,0.012746753,0.017759476,0.004603889,0.01085748,-0.0005352623,-0.011199535,-0.010036055,0.014571618,0.010833626,0.009797258,0.0022161878,0.04042413,0.009058002,0.013012151,0.019105997,0.04119579,0.008709764,0.008475725,0.005105912,0.001149941,0.02207968,0.0076367315,0.020339204,0.018428754,-0.00498711,-0.016474813,-0.039369315,0.025487639,-0.059965372,-0.024987299,-0.044441983,0.027151614,0.06882073,0.06405133,0.02631211
/mnt/sdd/caltech_training/multiclass/train/007.Parakeet_Auklet/Parakeet_Auklet_0035_795934.jpg,6,0.0010821016,0.008222925,0.0061471253,0.006160615,0.00015451509,-0.009768143,-0.0040885047,-0.00013892504,0.0034966012,0.002759554,0.008420636,0.007467595,0.0024513295,0.00606585,0.020399798,0.012764614,-0.013908674,-0.013918062,-0.017748404,0.0064668832,-0.005387217,0.0001808973,0.0040304568,-0.0011286065,-0.016513124,0.01675818,0.011870893,0.024728235,0.0171306,0.0035530627,-0.0016679242,-0.00780588,0.008054314,-0.014128375,-0.01256939,0.012129412,0.0311214,-0.018054452,-0.026000883,-0.048925146,0.028135858,-0.057126943,-0.029597953,-0.041485053,0.027366733,0.056451127,0.054737583,0.019507308
/mnt/sdd/caltech_training/multiclass/train/007.Parakeet_Auklet/Parakeet_Auklet_0024_2045.jpg,6,-0.0029557936,0.005878473,0.007459814,0.0014594124,0.005405779,-0.0073832152,-0.0010715505,0.0047480166,0.0009780127,0.006752706,0.0037706578,0.004638983,0.009247232,0.024337448,0.019751046,0.017307937,0.0129712,0.004704941,0.0014153611,-0.003741403,0.01665143,0.0011857778,0.005956282,-0.0041548484,0.009851787,0.012274017,-0.014905123,0.0032001084,0.023195567,-0.021784125,-0.017718619,-0.01812224,0.016484382,-0.017513681,-0.024858706,-0.007856522,0.06733678,-0.02823956,-0.044161133,-0.05138123,0.036115054,-0.06801099,-0.030210137,-0.044987448,0.024782566,0.060074262,0.05999589,0.02191207
/mnt/sdd/caltech_training/multiclass/train/007.Parakeet_Auklet/Parakeet_Auklet_0017_795924.jpg,6,-0.00034505455,0.008811995,0.013185571,0.001622129,0.003039072,0.008025335,0.0069071683,0.007799592,0.0036538276,0.004582122,4.6198373e-05,0.0018287764,0.003900066,0.009755067,0.013911271,0.014786132,0.013483219,-0.026320536,-0.018709786,-0.031029506,0.016543338,0.011932727,0.013583204,0.004979819,0.040049706,0.00850587,0.013764871,0.013439593,0.035056718,0.017074851,0.007383527,0.0055457596,-0.0055885855,0.019554403,0.0048097763,0.019310387,0.030177925,-0.002428988,-0.015226844,-0.028053697,0.032957852,-0.06252863,-0.033257656,-0.04575918,0.026965536,0.060663875,0.056705393,0.02003171
/mnt/sdd/caltech_training/multiclass/train/007.Parakeet_Auklet/Parakeet_Auklet_0038_795935.jpg,6,0.005209428,0.0038752323,0.008810354,0.006806606,0.0047093513,0.003881021,-0.007101616,-0.0017164632,0.002677597,0.0020285528,0.005343694,-0.0024870357,0.011880471,0.0067493888,0.009195085,0.0067057805,0.020166349,-0.0043633897,-0.003477733,-0.00385575,0.038731053,0.0046165604,0.0065128356,0.003597473,0.052673243,0.016980613,0.03415056,0.025755629,0.05863175,0.024673732,0.008039667,0.007786789,0.01765288,0.013602682,0.0031950902,0.018052746,0.057411265,-0.0030214926,-0.013068509,-0.03904908,0.034978464,-0.06438258,-0.034985803,-0.045644153,0.029753301,0.063704714,0.0604683,0.022102883
/mnt/sdd/caltech_training/multiclass/train/007.Parakeet_Auklet/Parakeet_Auklet_0062_795958.jpg,6,0.00545172,0.0043520387,0.006713945,0.0065470743,0.007873178,0.00046324893,-0.0038976062,-0.007941358,0.0015304498,-0.0034454486,-0.0008856526,0.005936103,0.009891629,0.015711937,0.017156009,0.0034550317,0.03134693,-0.030192818,-0.031586368,-0.02419653,0.019667089,-0.0019329945,-0.0001976164,-0.0014235349,0.030091133,0.012814617,0.017003678,0.017889267,0.0401242,-0.021731514,-0.020410312,-0.028295422,0.0012487778,0.0054050297,-0.0063693835,0.004791916,0.03090079,-0.0051019103,-0.018635144,-0.04027336,0.02906048,-0.06529257,-0.03184095,-0.047463346,0.03147624,0.057408907,0.05775103,0.020632355
/mnt/sdd/caltech_training/multiclass/train/007.Parakeet_Auklet/Parakeet_Auklet_0065_795969.jpg,6,0.0047804844,0.00036555168,0.0015083442,-0.003923802,-0.0031426847,0.0018108115,-0.005293521,-0.011181364,-0.0014732566,0.005008274,-0.000358867,-0.0047638933,-0.0028588772,0.022575608,0.028460482,0.0027277581,0.019103209,-0.002031017,-0.0005005414,-0.010177648,0.019972354,-0.008270647,-0.0024886155,-0.0030679111,0.031284478,0.015545762,0.017869594,0.025428955,0.036637858,-0.017054293,-0.012637222,-0.011694923,0.012992686,3.5832636e-06,-0.009903522,0.0072629307,0.0426941,-0.005823129,-0.021990724,-0.048826188,0.01705387,-0.06785579,-0.03626208,-0.047872197,0.023744106,0.06508028,0.062494606,0.02328197
/mnt/sdd/caltech_training/multiclass/train/007.Parakeet_Auklet/Parakeet_Auklet_0045_795953.jpg,6,-0.0011504539,0.0024026574,0.0027508559,0.0047761896,0.008710485,0.00035297708,0.0010794355,0.0037592603,0.0023741596,-0.0023147087,-5.136477e-05,0.00047597173,0.019344885,0.025335526,0.025975911,0.014672094,0.023715012,-0.0077963765,-0.0015591743,0.0009839082,0.0157116,-0.002578059,0.009302414,0.0031459888,0.022249293,0.013262146,0.0025961157,0.021404456,0.04460631,-0.0059041046,-0.023425706,-0.019188242,0.008643931,0.0017274935,-0.008965769,0.0021397907,0.03904862,-0.012157321,-0.029866854,-0.051952396,0.027433133,-0.07304451,-0.030629857,-0.052704424,0.029556166,0.060744584,0.059553724,0.024812933
/mnt/sdd/caltech_training/multiclass/train/008.Rhinoceros_Auklet/Rhinoceros_Auklet_0046_797532.jpg,7,0.0024199937,0.003112547,-0.0067219622,-0.0029061856,-0.005188654,-0.0012232717,-0.005054634,-0.0030520004,-0.0029892903,-0.0014615776,-0.008776434,-0.009144323,-0.0015246524,-0.02562172,-0.028714664,-0.034713067,-0.0029198937,0.002641243,0.013986679,-0.009001898,-0.001601768,-0.010527545,8.969242e-05,0.0010968065,-0.013405061,-0.03376363,-0.037001587,-0.032882497,0.006044344,-0.0021422221,0.012158271,0.02549059,-0.015430142,0.007802359,0.009805402,0.017201727,-0.013767714,0.025782019,0.012704238,0.012660796,-0.0147186415,-0.0041038906,-0.009688554,0.031176314,-0.0056145308,0.05401947,0.001975135,0.0013166643
/mnt/sdd/caltech_training/multiclass/train/008.Rhinoceros_Auklet/Rhinoceros_Auklet_0020_2195.jpg,7,-0.0060337856,-0.0058123837,-0.0047013476,0.0025438261,-0.0029651346,-0.008383215,-0.00029756688,0.004882494,-0.001293608,-0.009662854,-0.005227638,-0.008073876,0.00045364653,-0.02498047,-0.027741922,-0.01930661,-0.009945921,9.2785805e-05,0.017732635,0.0022411088,-0.0046648,0.0011785727,-2.0365696e-06,0.008695944,-0.0004740185,-0.03645471,-0.02655219,-0.028101292,0.01644637,-0.0012486461,0.0075510787,0.016142854,-0.023491666,0.00039413432,0.00040257815,-0.00037637644,-0.02314346,0.017837618,-0.0032365564,-0.008863701,-0.0589116,-0.0021744147,-0.017767793,0.021566313,-0.005408563,0.052536413,0.0027903174,0.0062951073
/mnt/sdd/caltech_training/multiclass/train/008.Rhinoceros_Auklet/Rhinoceros_Auklet_0003_797535.jpg,7,0.00038817478,0.012073094,0.001823524,0.004248501,-0.0020666607,-0.014010474,-0.019218808,-0.007894544,-0.0016768926,-0.004070223,-0.008543849,-0.0007712429,-0.0045215124,-0.03125233,-0.028761413,-0.03784296,0.00066769123,0.0017321985,0.031753648,0.011148911,-0.0023088343,-0.008525557,-0.004287386,0.0017494541,-0.027423002,-0.051507205,-0.054660838,-0.051909734,-0.017275726,-0.015657945,0.000979953,0.0014109476,0.0008083766,0.006403927,0.005291789,0.010001002,-0.0017511128,0.015817825,-0.0052802344,-0.0053692656,-0.0014407872,-0.0064379666,-0.021830296,0.022814592,-0.0034580007,0.056444414,0.007214777,0.0038721627
/mnt/sdd/caltech_training/multiclass/train/008.Rhinoceros_Auklet/Rhinoceros_Auklet_0008_797531.jpg,7,-0.0040957644,-0.006982095,-0.0045518572,-0.0007992649,-0.009689359,-0.006145557,-0.010009387,-0.012422804,-0.0053202016,-0.006339535,-0.003007692,-0.01209906,-0.003907637,-0.02455975,-0.024221417,-0.021901786,-0.006462834,0.0028244369,0.02581748,0.006003429,-0.00057137816,-0.0034318836,0.0009545339,0.007777343,-0.025828216,-0.02701532,-0.047284734,-0.027399143,0.011196873,0.0046219053,0.013682062,0.026866315,-0.014777723,0.013141157,0.008216323,0.01971932,0.00031696772,0.009275337,-0.007002703,-0.0035802294,-0.002873919,-0.0016453094,-0.014471162,0.026762333,-0.0020425485,0.060844794,0.007223633,0.008615749
/mnt/sdd/caltech_training/multiclass/train/008.Rhinoceros_Auklet/Rhinoceros_Auklet_0039_2174.jpg,7,0.001240308,0.0009723061,-0.0036192623,-0.0008390462,0.0036376915,-0.011854925,-0.0071807937,-0.012670038,0.001880582,-0.008941141,-0.013650635,-0.012622931,0.005854261,-0.018572662,-0.027713705,-0.022154734,-0.02904889,0.01966168,0.014296528,0.014773318,-0.012532797,-0.0022858535,-0.0075990846,-0.002778694,0.0025079078,-0.031992998,-0.03640513,-0.03744202,0.00825396,-0.0051577743,0.004008957,0.011100349,-0.014058431,0.01115015,0.005619947,0.02078131,0.009306872,0.032977976,0.004421014,0.013675666,0.008273542,-0.008781249,-0.026004802,0.016148396,0.00340798,0.057477385,0.0028739506,0.0014494923
/mnt/sdd/caltech_training/multiclass/train/008.Rhinoceros_Auklet/Rhinoceros_Auklet_0025_797508.jpg,7,-0.0021442322,-0.0058121793,-0.0017038572,0.0024264487,0.0012753597,-0.005360568,-0.0060093645,-0.017171545,-0.0010090194,-0.010632563,-0.019679736,-0.018512748,0.0010679679,-0.021148693,-0.02272094,-0.032193173,0.0073202965,-0.0011181673,0.012998774,-0.0029605287,-0.0019342111,0.010598624,0.00037468132,0.012490708,0.0058699986,-0.023645857,-0.029773686,-0.030616354,0.029049218,0.003425089,0.001125807,0.02023734,-0.010378813,0.016023893,0.013345743,0.010571849,0.0020628404,0.037340976,0.017057687,0.020120654,-0.015254375,-0.0043440177,-0.018614983,0.017140083,0.003721376,0.04496803,-0.0005704337,0.003001181
/mnt/sdd/caltech_training/multiclass/train/008.Rhinoceros_Auklet/Rhinoceros_Auklet_0005_2111.jpg,7,-0.0033947867,0.0042767124,0.0014737694,0.008727584,-0.0020909067,0.0005606917,-0.002967293,-0.0019210569,-0.0013284683,-0.0010703914,-0.0038337875,-0.0063139573,-0.0041548004,-0.01686559,-0.01610883,-0.033676326,0.0044577573,-0.010276745,0.013314668,-0.015435759,-0.0055630654,-0.007882156,-0.020902917,-0.02013917,7.320696e-05,-0.040803798,-0.046261065,-0.03085504,-0.017778877,-0.012730332,0.020378575,0.014038936,0.009314181,-0.006448531,-0.0003632505,0.0031985538,-0.0014495497,0.017660126,0.0028528692,-0.0018017321,0.017031098,-0.0061047566,-0.020753888,0.015286531,-0.0043787993,0.060031824,0.004893903,0.0038251064
/mnt/sdd/caltech_training/multiclass/train/008.Rhinoceros_Auklet/Rhinoceros_Auklet_0049_797543.jpg,7,-0.00176148,-0.0016342339,-0.0013287829,0.004982364,0.003849168,-0.012606252,-0.007740066,-0.004112322,-0.0010732425,-0.004022277,-0.0057250764,-0.0041241962,-0.0006544958,-0.020879526,-0.023944238,-0.028195057,0.0018072026,-0.0074183177,0.010886229,-0.00866885,0.0076087946,-0.010981768,0.004507403,0.0036797887,0.0006657988,-0.03672983,-0.03222769,-0.035990413,0.019016743,-0.018049758,-0.0063749463,0.008686998,-0.0051424615,0.010593655,0.008325744,0.008668498,-0.0016159406,0.014231947,-0.0040002046,-0.0062720473,0.0026914778,0.009085048,-0.010944902,0.025210105,-0.006152655,0.05586073,0.0021570604,-6.462401e-05
/mnt/sdd/caltech_training/multiclass/train/008.Rhinoceros_Auklet/Rhinoceros_Auklet_0027_797496.jpg,7,0.004002202,0.0030126825,0.0010616756,0.0033530577,0.0048502195,0.0003536772,0.0021957513,-0.0061526205,0.0005922052,-0.010409157,-0.009213864,-0.005847382,-0.009142577,-0.019932684,-0.018543493,-0.030236725,-0.019647272,-0.0046471613,0.020473413,0.005540276,0.0026314072,-0.0058150403,-0.010978924,-0.016473057,-0.018153874,-0.05398106,-0.04350758,-0.04769299,-0.005547723,-0.028199304,-0.016647846,-0.009092717,-0.004249594,-0.0040868907,0.0065023866,0.005660298,0.01250427,0.023489725,0.0014460944,0.0063437563,-0.0021789898,0.00083540776,-0.017781308,0.02090716,0.0020775949,0.05160284,0.0012531397,0.005103073
/mnt/sdd/caltech_training/multiclass/train/008.Rhinoceros_Auklet/Rhinoceros_Auklet_0028_2056.jpg,7,0.0094192475,0.00023620762,0.0031556725,-0.0021305927,0.0018132015,0.0062239845,0.00198934,-0.00034856435,0.0040810257,-0.0056918934,0.0024442084,0.010008428,-0.0029588852,-0.033249427,-0.028500974,-0.03690894,0.0060362946,0.011087407,0.0262869,0.0033114024,-0.0022302368,-0.0053150915,-0.00737739,-0.0012154146,0.0156221865,-0.04550398,-0.03813058,-0.033083204,0.008345048,-0.019035505,-0.0022581294,0.014166016,0.00016385969,0.01701488,0.018784378,0.020601409,-0.00071048224,0.015389191,-0.0034563337,-0.011331385,-0.029385991,0.0022119158,-0.010340179,0.021862887,-0.008346134,0.054800276,0.00071833003,0.005852621
/mnt/sdd/caltech_training/multiclass/train/008.Rhinoceros_Auklet/Rhinoceros_Auklet_0013_797537.jpg,7,0.0053746803,0.003417776,-0.0068680057,1.610798e-05,0.00018730876,-0.0020875423,-0.0037623802,0.0029039113,-0.0021984274,-0.00024700863,0.0033505014,0.000611801,0.0032666554,-0.024611171,-0.018516984,-0.024012104,-0.008726783,0.009372721,0.05142893,0.015933925,-0.0031603223,-0.015763545,-0.011729274,-0.015965855,-0.010940567,-0.025725786,-0.035965234,-0.037527844,-0.001989727,-0.023591183,-0.0047537535,0.0011339844,-0.009225487,-0.0005850085,0.005091309,0.003924659,0.0035450282,0.017668534,-0.0015840712,-0.007448013,-0.015220391,0.0064191595,-0.009800603,0.028282367,-0.007941424,0.05630107,0.0024000546,0.0054062153
/mnt/sdd/caltech_training/multiclass/train/008.Rhinoceros_Auklet/Rhinoceros_Auklet_0023_797501.jpg,7,0.0002005198,0.0019378855,0.007895011,0.0042641335,0.0031540662,0.00053150917,0.002662435,0.006640636,0.0009369369,-0.0032001832,0.0024398894,0.004796064,0.0017504974,-0.018863011,-0.019016733,-0.025152992,0.0068725673,0.01327515,0.012870325,0.013874023,0.012111054,-0.0121322945,-0.012329755,-0.0060888953,-0.00051273033,-0.03627261,-0.025929555,-0.022826724,0.0063640396,0.0017259675,0.019404683,0.019004986,0.00022045337,0.00124747,0.0051348154,0.0038865332,-0.007835148,0.015328139,-0.004318975,-0.0028395024,-0.01181138,-0.0075489487,-0.017664254,0.01990461,-0.008573272,0.056251694,0.0045888354,0.009705775
/mnt/sdd/caltech_training/multiclass/train/008.Rhinoceros_Auklet/Rhinoceros_Auklet_0041_797515.jpg,7,0.004250784,0.0012744871,0.0027591782,0.01319407,-0.0022092832,-0.005704222,-0.0060632825,-0.007932784,-0.0019861348,-0.009002297,-0.007657969,-0.009535175,0.008283307,-0.027978573,-0.019057166,-0.02353923,0.009821139,-0.001956929,0.002186679,-0.020891141,0.0005800172,-0.005517135,0.0015729391,0.006757666,-0.005115401,-0.030366797,-0.02209086,-0.021630753,0.0009826382,-0.012656547,0.0058373995,0.017227504,-0.016936328,0.0033794027,0.0070360056,0.005951712,-0.0070345323,0.007496034,-0.0063823517,-0.014350651,0.004677697,0.0019282519,-0.009249272,0.029025547,-0.002019844,0.06077344,0.009165535,0.0058314474
/mnt/sdd/caltech_training/multiclass/train/008.Rhinoceros_Auklet/Rhinoceros_Auklet_0015_2160.jpg,7,-0.0043731914,-0.003822341,0.00819283,0.0053552287,-0.0036289836,-0.0031917975,-0.006629367,-0.010390628,-0.0043985797,-0.015861249,-0.017737305,-0.020857932,-0.004991725,-0.03000002,-0.03219688,-0.03590783,0.003782894,0.010144219,0.022866348,0.005856471,0.012059964,-0.016075224,-0.006553337,-0.007125413,-0.008185899,-0.033583537,-0.043154486,-0.034246035,0.021324832,-0.010153781,0.0040117945,0.001834067,-0.012358047,0.002878304,0.01258873,0.014953739,-0.018202636,0.016878776,0.0026425594,0.003845073,-0.0015721326,0.0037769766,-0.010765962,0.022773258,-0.0017273813,0.05644241,0.0053001083,0.0027644108
/mnt/sdd/caltech_training/multiclass/train/008.Rhinoceros_Auklet/Rhinoceros_Auklet_0032_797516.jpg,7,-0.025456179,0.0031695617,-0.0021344442,0.009739053,-0.014596053,-0.002264432,-0.0050111203,-0.0043217833,-0.0078023975,-0.013830436,-0.008316216,-0.0048143193,0.0034828398,-0.02022562,-0.022119103,-0.032649692,-0.018687353,-0.0015247772,0.019377407,-0.010890923,-0.013342574,-0.004113965,-0.0063582035,0.0032244618,-0.007174658,-0.023613632,-0.03750563,-0.030325577,-0.013460954,-0.021891315,0.0025680247,0.0052898955,-0.005327611,0.016462605,0.013088418,0.016497752,-0.026939811,0.015189031,-0.00010543363,-0.0077024293,-0.03801244,0.0032777917,0.002116826,0.03810978,-0.008808901,0.05532667,0.0012498274,0.0032198865
/mnt/sdd/caltech_training/multiclass/train/008.Rhinoceros_Auklet/Rhinoceros_Auklet_0017_2155.jpg,7,-0.0030963086,0.004465089,0.0013113925,0.00023685547,-0.0050723967,-0.0076192115,-0.009440024,-0.008399914,-0.00042754784,0.00041086692,-0.0022014137,-0.012973209,-0.0019804984,-0.022019608,-0.026694942,-0.029370788,-0.0061688623,0.0028800364,0.019006345,0.004060769,0.009152196,-0.017106477,-0.008947346,-0.008074041,0.0005527487,-0.03922689,-0.050199635,-0.02950582,0.016118616,0.025881832,0.041212037,0.025347926,-0.0037342673,0.015078718,0.022208577,0.020689528,0.012620112,0.022409951,0.0025671632,-0.0037330347,0.0015602121,0.008625398,-0.0028968619,0.035904743,-0.0015143999,0.06052815,0.005826873,0.0043245675
/mnt/sdd/caltech_training/multiclass/train/008.Rhinoceros_Auklet/Rhinoceros_Auklet_0044_797502.jpg,7,0.0017342889,-0.011275278,-0.00687798,0.002135404,-0.003306358,-0.008791747,-0.015867015,-0.012344975,-0.004350328,0.0013329561,0.00083795795,-0.005907002,-0.017679965,-0.028924586,-0.020975173,-0.029513437,-0.00180679,-0.012453688,-0.008713461,-0.026238322,-0.0012191447,-0.023221903,-0.017510356,-0.008353921,0.0074686655,-0.04743191,-0.04584858,-0.0408857,-0.010525674,-0.026665863,-0.0011262768,0.014464558,0.010654932,0.0066350284,0.0076718116,0.0072229747,0.009134097,0.004491571,-0.014816013,-0.013423268,-0.006637564,-0.0027259467,-0.0072147124,0.025959564,-0.007049968,0.06413621,0.009013806,0.013434101
/mnt/sdd/caltech_training/multiclass/train/008.Rhinoceros_Auklet/Rhinoceros_Auklet_0029_797520.jpg,7,-0.0033335807,0.0069378507,0.0037375384,0.0013652174,-0.0027878636,-0.004351382,-0.014157221,-0.012887598,-0.0036683013,-0.022494072,-0.0146474335,-0.014269521,-0.00046511888,-0.016365549,-0.016822152,-0.024171865,0.0062165977,-0.0044820607,0.005312186,0.0015245872,-0.008482337,-0.014556916,-0.010161111,-0.005685658,-0.011153496,-0.041672543,-0.058035355,-0.042739056,-0.009347897,-0.043672957,-0.025321905,-0.00072236604,-0.0049296096,0.0047816993,0.0023284482,0.008725703,0.018280348,0.009695583,-0.009294607,-0.011934315,-0.00157254,-0.010518488,-0.016784111,0.02175041,-0.00198039,0.049006183,-0.0054202834,0.0019234046
/mnt/sdd/caltech_training/multiclass/train/008.Rhinoceros_Auklet/Rhinoceros_Auklet_0043_2096.jpg,7,0.0011476016,-0.007305885,0.0014893631,0.0016880115,-0.0016488568,-0.0055125095,-0.0033422513,-0.0050949384,-0.0021339841,0.0029905126,-0.00093037577,-0.0017544013,-0.012765314,-0.02727307,-0.018235048,-0.035557475,-0.0046736575,0.00022202753,0.008420884,-0.004719017,-0.0025714908,-0.0082587,-0.008877085,-0.010187449,-0.019910583,-0.037321694,-0.041965052,-0.035148203,-0.0383407,-0.018396577,0.005892448,0.007750655,0.005640882,0.0059831087,0.0043035075,0.0073422007,0.005126523,0.012220481,-0.0009701289,-0.0088076135,0.004452007,-0.0043886583,-0.014039544,0.02794028,-0.00794322,0.05737344,0.0062903664,0.005497593
/mnt/sdd/caltech_training/multiclass/train/008.Rhinoceros_Auklet/Rhinoceros_Auklet_0026_797519.jpg,7,-0.0034089158,0.003631199,-0.0012220105,-0.0020072758,0.00034961116,-0.007745388,-0.0049094534,-0.0052643176,0.0032973934,-0.009256002,-0.0115839755,-0.014763728,-0.0041476246,-0.02889236,-0.03873282,-0.025657542,-0.0014553622,0.0139688775,0.013025618,0.020568334,-0.013723235,-0.003472923,-0.0037887972,0.0022050967,0.0031710248,-0.039486464,-0.03561105,-0.035296343,0.018877864,-0.00064834836,0.004799487,0.005713648,-0.01152157,0.019134806,0.016396245,0.022654243,0.012857391,0.02169806,0.009444805,0.0057784687,-0.008269612,-0.0077606244,-0.022491701,0.014587186,-0.001258871,0.05263035,0.0047019976,0.0064111613
/mnt/sdd/caltech_training/multiclass/train/008.Rhinoceros_Auklet/Rhinoceros_Auklet_0021_2089.jpg,7,-0.012093543,0.0020636434,-0.0019806689,-0.0027165045,-0.007518282,-0.016608397,-0.0055456776,-0.01224415,-0.004518863,-0.0026029516,-0.0031662951,-0.0009309696,0.0072449488,-0.03331252,-0.025279794,-0.03754711,0.005149848,-0.0059230044,-0.006670059,-0.006083319,5.91937e-05,-0.010452973,-0.012350209,-0.002089458,-0.0054097325,-0.046655357,-0.037478507,-0.030537304,-0.009009294,-0.02814531,-0.009665116,0.0017031096,-0.009174066,0.004953808,0.008963341,0.008261871,-0.012756538,0.005376704,-0.01579269,-0.013692626,-0.010268515,-0.004579816,-0.015019805,0.026268635,-0.0063345525,0.05603764,0.00453178,0.0064384975
/mnt/sdd/caltech_training/multiclass/train/008.Rhinoceros_Auklet/Rhinoceros_Auklet_0009_797539.jpg,7,0.010114711,-0.00992911,-0.006255624,0.004187934,0.0024314437,-0.00063124014,0.0063992892,-0.004733242,0.000661232,-0.007091713,-0.005141904,-0.0027846773,-0.0062226164,0.007792174,0.0023133587,-0.015762135,0.008361653,-0.0061786845,0.004690431,-0.00077741686,0.0022116103,0.008329103,0.009241764,0.006536611,0.0076824725,-0.024208728,-0.024146635,-0.012779649,0.018233698,0.015730428,0.029096138,0.032827318,-0.019218843,0.012454911,0.013900988,0.013222546,-0.0026097596,0.038110107,0.025564874,0.013959633,-0.013504673,0.013637142,-0.00063730124,0.04200194,-0.0057106335,0.059551593,0.0042369687,0.002253836
/mnt/sdd/caltech_training/multiclass/train/008.Rhinoceros_Auklet/Rhinoceros_Auklet_0048_2162.jpg,7,-0.012854019,0.00061816507,0.003265548,0.0036429092,-0.007190688,-0.0064306045,-0.012160918,-0.014571095,-0.0028083115,-0.0017833208,-5.0270814e-05,0.0028766207,0.0007758526,-0.033590846,-0.03660013,-0.031107947,-0.0033308272,-0.013778081,0.0021428708,-0.00033389544,-0.009024155,-0.011088566,-0.012897098,-0.008160774,-0.0023941621,-0.05148615,-0.05563957,-0.04190913,-0.016073037,-0.011740215,0.014076278,0.02095034,-0.0052603553,0.010878902,0.0128573505,0.015337774,0.016046906,0.020762995,0.00848598,-0.00024510676,-0.0033628084,0.013063364,-0.005259529,0.04038225,-3.462541e-05,0.056668207,0.0039117923,0.005440139
/mnt/sdd/caltech_training/multiclass/train/008.Rhinoceros_Auklet/Rhinoceros_Auklet_0031_797518.jpg,7,0.0076536434,-0.002359427,-0.005692253,-0.000100263744,-7.6461176e-05,0.00019924308,0.0041628922,-0.0022732234,0.00060259603,-0.009414049,-0.0075313,-0.009789262,0.004107563,-0.04244695,-0.035317734,-0.04420038,-0.010127861,-0.0092984885,0.013885776,-0.007279884,0.008224525,-0.0016430444,-0.005342583,0.0026805585,0.0074635716,-0.04948401,-0.04315961,-0.041591212,0.032458667,-0.01054127,-0.0036361942,0.013626505,-0.0112174945,-0.009990985,-0.00624369,-0.0026403351,-0.0009051757,0.01364794,-0.0073188064,-0.00779914,-0.0053073643,0.009641975,0.0005536936,0.033553254,-0.004990102,0.056108683,0.007722681,0.0066507813
/mnt/sdd/caltech_training/multiclass/train/008.Rhinoceros_Auklet/Rhinoceros_Auklet_0033_2169.jpg,7,-0.007475984,-0.005514987,-0.0032223887,0.0028556741,-0.008085128,0.009343693,0.0017641011,-0.00029950135,-0.0070800027,0.0009011738,-0.005564173,-0.0046465783,-0.0029857154,-0.026987122,-0.026735863,-0.031748198,0.0011134146,0.008020627,0.01946545,0.0024518098,-0.01899306,-0.010260357,-0.01368098,-0.01502596,-0.0059360694,-0.02956809,-0.036746137,-0.03866826,-0.018203938,0.0029531124,0.027092084,0.02780064,-0.0063273157,0.01176255,0.01044457,0.014013812,0.013057031,0.023819622,0.0021237335,-0.0012221197,-0.004022454,0.0033729218,-0.0018768692,0.036088355,-0.00770804,0.06304826,0.006629583,0.007024521
/mnt/sdd/caltech_training/multiclass/train/008.Rhinoceros_Auklet/Rhinoceros_Auklet_0016_2114.jpg,7,-0.007833182,-0.0014559786,0.0010881119,0.015154392,-0.0042859763,-0.007468969,-0.0011679962,-0.002789996,-0.0061891186,-0.0035231342,0.0032975473,0.0025718873,-0.00773359,-0.022947907,-0.018810257,-0.03590221,-0.015173101,-0.0026986478,0.017729182,0.0062740454,-0.01012062,0.0025632733,-0.0074748704,0.0011991264,-0.018516082,-0.040823933,-0.03469552,-0.047604844,-0.0052672573,-0.008959914,0.010555198,0.012740803,-0.009733743,0.004200814,0.014452078,0.010365428,-0.008207075,0.011197647,-0.0070177717,-0.012779515,-0.018222626,0.0092209,-0.0009650942,0.03880457,-0.004203101,0.057964772,0.0004605055,0.0016934378
/mnt/sdd/caltech_training/multiclass/train/008.Rhinoceros_Auklet/Rhinoceros_Auklet_0030_797509.jpg,7,0.014418318,-0.00068132684,0.0075656176,0.00015838153,0.004015274,-0.0022164574,-0.01217107,-0.009166984,0.004562429,-0.019866858,-0.015751988,-0.017790884,0.0028233055,-0.027195048,-0.03381937,-0.027742108,-0.009703968,0.0107735535,0.03248932,0.019375306,-0.010258782,-0.009187867,-0.010748464,-0.0074911807,-0.03450468,-0.031187568,-0.034901917,-0.033177033,0.00213054,-0.019036772,0.002069104,0.021661451,-0.021306796,0.010597326,0.005938465,0.008553615,-0.0001681028,0.010515039,-0.00016303547,-0.009175231,-0.013556044,0.00082268275,-0.013141039,0.03126777,-0.0025463693,0.052438214,-0.0012078262,0.00307693
/mnt/sdd/caltech_training/multiclass/train/008.Rhinoceros_Auklet/Rhinoceros_Auklet_0037_797499.jpg,7,0.0005788626,0.00029273104,-0.0021347373,0.0015719489,0.00078196474,0.0003461975,-0.00077649974,-0.0039872513,0.0021383627,-0.0016234624,-0.0025190357,-0.000735044,-0.00876412,-0.013818367,-0.010402847,-0.02891557,-0.0057337186,0.009125678,0.011926543,-0.0007994715,-0.0025979653,-0.01271422,-0.017320327,-0.015119012,0.0012159492,-0.035682432,-0.04417588,-0.043407544,0.0061160433,0.012722851,0.030197391,0.03000526,-0.008099861,0.004477935,0.003259995,0.0012436854,-0.014188481,0.023687515,0.017627958,-0.0029293806,-0.012688724,0.02065054,0.0071781543,0.039560914,-0.0014602361,0.056632884,0.008297298,0.010089368
/mnt/sdd/caltech_training/multiclass/train/008.Rhinoceros_Auklet/Rhinoceros_Auklet_0050_797534.jpg,7,-0.007260138,0.012664086,-0.004016446,0.005286237,-0.0122555625,-0.010417846,-0.01122221,-0.01601382,-0.004330298,-0.010966329,0.002424689,-0.0031119045,-0.0030213874,-0.015548047,-0.011180261,-0.025381083,-0.0001373482,0.00058428897,0.021872643,0.014614286,-0.004788356,0.004400416,0.0044164816,0.003407009,0.0062159384,-0.022900939,-0.037280582,-0.026875094,0.0010082556,-0.0020089797,0.0050262013,0.02175501,-0.004591694,0.0020925826,-0.005358513,0.0044676336,0.017912954,0.025680572,0.004482181,-0.006327057,-0.0013576495,0.008293161,-0.0076534003,0.03168953,-0.00040705036,0.057707723,0.0025741304,0.0049536317
/mnt/sdd/caltech_training/multiclass/train/008.Rhinoceros_Auklet/Rhinoceros_Auklet_0045_797536.jpg,7,-0.00050706463,0.0013731235,0.0104416115,0.002711567,-0.0018840465,-0.0013751235,-0.0024938718,-0.005834348,-0.0027648585,-0.014446321,-0.014785172,-0.0022251438,-0.0052951993,-0.027593333,-0.02193475,-0.029877545,-0.00017872336,0.016786154,0.035334274,0.024534851,0.00256448,-0.0055964706,-0.007847655,-0.010039558,0.015640497,-0.03364162,-0.035887044,-0.020003077,0.009224897,-0.0015251334,0.00030964008,0.02909429,0.010889966,0.009274237,0.0076771914,0.007180221,0.025405701,0.02783734,0.0067084394,0.006687449,0.0019977705,-0.011730069,-0.0248097,0.020272166,-0.002818366,0.051810443,-0.0027321046,0.0036931848
/mnt/sdd/caltech_training/multiclass/train/008.Rhinoceros_Auklet/Rhinoceros_Auklet_0022_2170.jpg,7,-0.005827926,-0.007349845,-0.009572769,-0.0051034554,-0.0008613748,-0.008891694,-0.00402541,-0.008852447,0.0023268885,-0.008202748,-0.012014663,-0.009008331,0.011194488,-0.023601372,-0.021675184,-0.04521229,-0.0055050785,0.013676172,0.031556502,0.0042074965,-6.411271e-05,-0.014813669,-0.014465343,-0.008826143,-0.011943506,-0.048751153,-0.044924304,-0.046444193,0.0052153384,0.007909423,0.014797356,0.013515266,-0.007749781,0.013398193,0.010424629,0.015974287,0.013440447,0.029480062,0.003943813,0.0056473147,-0.006288827,-0.0032902036,-0.014861658,0.025183178,-0.004211872,0.057970356,0.0020730789,0.005733689
/mnt/sdd/caltech_training/multiclass/train/008.Rhinoceros_Auklet/Rhinoceros_Auklet_0034_797497.jpg,7,-0.0042912206,0.0029695514,0.009277626,0.011145994,-0.000830429,-0.0075053014,-0.0103185475,-0.003850839,-0.0048815557,-0.0048136087,-0.005101596,-0.010207554,-0.0035887016,-0.008793013,-0.015901629,-0.022487808,0.001898217,0.016976971,0.029841332,0.017301418,0.0023886096,-0.0013062237,0.0017024223,0.005080187,0.0015461596,-0.034275442,-0.047266807,-0.03775155,0.027516056,0.0036590842,0.017119966,0.018991306,-0.019463237,0.009495872,0.009272111,0.019520948,0.009182741,0.03737585,0.017599585,0.016709387,0.018032169,-0.002344069,-0.013469261,0.026849022,0.0045009335,0.05643898,0.0058760447,0.0049861455
/mnt/sdd/caltech_training/multiclass/train/008.Rhinoceros_Auklet/Rhinoceros_Auklet_0014_797522.jpg,7,0.0071595563,0.002417682,0.010160298,0.004636574,0.004197064,-0.009376535,-0.008189304,-0.009843852,0.00093175424,-0.0040381122,-0.0033433533,-0.0017814151,-0.012528059,-0.025789345,-0.023778819,-0.031493388,-0.014668089,0.008317932,0.01259084,0.0076329275,-0.0024407287,-0.0015167361,-0.0045367666,0.0043741786,-0.00021351129,-0.03753571,-0.03960619,-0.03262254,-0.0016544722,-0.008178097,0.014766762,0.018617954,0.00998514,0.0021047138,0.013818215,0.005474627,0.0026123316,0.018786263,0.0020411164,-0.006791067,-0.0053509576,0.0007308442,-0.007288483,0.0337752,0.0033664857,0.054313406,-0.0005348576,0.0034150481
/mnt/sdd/caltech_training/multiclass/train/008.Rhinoceros_Auklet/Rhinoceros_Auklet_0010_797545.jpg,7,-0.002240335,-0.006615523,0.009215925,0.010917754,-0.0026608473,-0.010220148,-0.0038855416,0.0033771335,-0.0005730445,-0.0074687945,-0.001456351,-0.0024242857,-0.00591255,-0.028891545,-0.037113104,-0.04166938,-0.02397772,-0.00013024546,0.019713348,0.0042508147,-0.0052615716,-0.01101678,-0.0029995833,-0.005196575,7.401663e-05,-0.03791733,-0.040093143,-0.02064486,-0.0018838784,-0.002155579,0.012782326,0.014883099,-0.00796691,0.0105283875,0.020463604,0.014800742,-0.024189256,0.030901888,0.012162178,0.0048617846,-0.014327883,-0.0036082682,-0.019028518,0.022320509,-0.001703108,0.06239666,0.0050140955,0.0039615734
/mnt/sdd/caltech_training/multiclass/train/008.Rhinoceros_Auklet/Rhinoceros_Auklet_0018_797517.jpg,7,-0.001069155,0.0031847334,-0.0020970763,0.0030351079,0.0025148264,-0.0077884505,-0.0073463772,-0.011555837,-0.0008251565,-0.012516883,-0.010062502,-0.011429514,-0.0056407847,-0.012163656,-0.01764692,-0.025204206,-0.018129203,0.012373421,0.016630102,0.012553072,-0.0021747092,0.0036244714,0.0075724623,0.00839034,0.003588815,-0.031403393,-0.04068833,-0.031151315,0.023304205,0.006304539,0.025796447,0.03461714,-0.0012422153,0.011691824,0.010639504,0.015625056,0.013812832,0.018277757,0.0018096375,0.0048476607,-0.014743395,0.0033225822,-0.011441292,0.024911322,-0.0038980679,0.055603143,0.0010784287,0.000769645
/mnt/sdd/caltech_training/multiclass/train/008.Rhinoceros_Auklet/Rhinoceros_Auklet_0019_797513.jpg,7,-0.0034626075,0.0033249748,-0.0007854033,0.00204561,-0.004419878,0.0042712633,-0.0012889793,-0.008808249,-0.0057805665,-0.0022456031,-0.008455216,-0.011520779,-0.0018360785,-0.020360488,-0.033825897,-0.029270701,-0.0057882024,0.0075666076,0.03337072,0.01576915,-0.0055311103,-0.010688988,-0.010853826,-0.0018242501,0.0009254076,-0.045589425,-0.03536623,-0.03332763,-0.008849639,-0.010121463,0.0061381147,0.011735845,0.0030761315,-0.00396138,0.001971241,0.006043225,-0.005328021,0.038547717,0.016373502,0.016527504,-0.009117136,-0.003053886,-0.022532064,0.019207947,-0.006331873,0.050382853,-0.0006772075,0.0076456917
/mnt/sdd/caltech_training/multiclass/train/008.Rhinoceros_Auklet/Rhinoceros_Auklet_0001_797538.jpg,7,-0.0019071999,-0.0036497912,0.00069496257,0.0023352092,-0.002266855,-0.013897581,-0.012948822,-0.008878014,-0.0008608049,-0.0069690235,-0.0018171719,-0.0031907028,-0.0056356243,-0.025563851,-0.020003699,-0.017624857,-0.011743168,-0.0011201515,0.023530887,0.006033253,-0.017375594,-0.016735466,-0.016174711,-0.011504367,-0.031595916,-0.04043294,-0.043939456,-0.04065848,-0.0034922855,-0.004472498,0.0060011693,0.017840162,-0.0004707845,0.005683355,0.0072023007,0.00647051,0.0016071214,0.015522027,-0.006418853,-0.008917369,-0.015967894,-0.0012557642,-0.014334312,0.017020885,-0.007345059,0.05795077,0.0014578095,0.0008418388
/mnt/sdd/caltech_training/multiclass/train/008.Rhinoceros_Auklet/Rhinoceros_Auklet_0007_797521.jpg,7,-0.009257907,0.00065601995,0.011610284,0.0068656798,-0.0019371624,-0.0012010416,0.006710126,0.0058186045,-0.0037838486,-0.008897759,-0.00932906,0.00058699073,-0.0010576474,-0.030252766,-0.023937419,-0.041917637,-0.013451988,0.006661589,0.022014743,0.017005753,-0.00026134425,-0.010836981,-0.0050443653,0.004555417,-0.0050365105,-0.054678127,-0.046443954,-0.033907373,0.0051454077,-0.022545315,0.0068344763,0.016781725,-0.006591537,0.0031047526,0.013603982,0.0073071225,-0.014350375,0.010864621,0.00058742054,7.4586365e-05,-0.02166047,-0.003982522,-0.009313824,0.02415234,-0.0022583054,0.052245513,0.0014580023,0.008021615
/mnt/sdd/caltech_training/multiclass/train/009.Brewer_Blackbird/Brewer_Blackbird_0101_2630.jpg,8,-0.00021127283,-0.0037415891,-0.0029188285,-0.009809941,-0.002048144,0.0018319128,-0.008914169,-0.017187007,-0.0010620375,0.0036854106,0.00087611575,0.0045236945,-0.0081620775,0.006507802,-0.001557854,0.0019850994,-0.01503375,0.0030934773,-0.011064538,0.0022970478,-0.013113224,-0.020510085,-0.01246769,-0.0063546896,-0.007582145,0.0029887436,0.029733017,0.014272978,-0.0052040834,-0.016819589,0.00760298,-0.0069390885,-0.02182838,-0.016191762,-0.012605652,-0.023923816,-0.015364455,-0.04246181,-0.035697952,-0.034938417,-0.0052457377,-0.10314601,-0.121299654,-0.13417253,-0.0043874267,-0.12829052,-0.11918457,-0.13640423
/mnt/sdd/caltech_training/multiclass/train/009.Brewer_Blackbird/Brewer_Blackbird_0045_2303.jpg,8,0.005727344,-0.0011654466,-0.007354765,-0.010537438,-0.0017114305,-0.00094186026,-0.010167902,-0.0011974007,-0.0015466373,0.011619355,0.0060320767,0.012739286,-0.00094339694,0.0057409913,-0.012149755,-0.0027004634,-0.0060133776,0.013540067,0.008172861,0.022064323,-0.004782822,-0.0021124352,-0.0053220857,-0.0054439427,-0.013076551,-0.01154847,0.00050506834,-0.0052479957,-0.030087419,-0.028454382,-0.02130378,-0.02801705,-0.0045487676,-0.021208428,-0.01918172,-0.028157571,-0.018375412,-0.036461204,-0.026273571,-0.030669231,-0.022672683,-0.109518796,-0.121293455,-0.13713956,-0.0014581815,-0.12800807,-0.12181646,-0.13871884
/mnt/sdd/caltech_training/multiclass/train/009.Brewer_Blackbird/Brewer_Blackbird_0096_2634.jpg,8,0.0048681786,0.008698806,0.0013744676,-0.004237488,-0.0038592997,0.0043700077,-0.0011579248,0.0015663119,0.0009232582,-0.0005565778,-0.00044280075,-0.0012645529,0.0016590855,-0.0035297442,0.0064696525,-0.0012145911,0.013424857,-0.0054465407,0.0046101054,0.008361272,-0.012353722,-0.011017984,0.0015397244,-0.002784789,-0.005535216,-0.01623369,-0.0023106039,-0.016246278,-0.0152942045,-0.0039026702,-0.002509793,-0.003545363,-0.0055723237,-0.022699323,-0.0026418269,-0.020941295,-0.014575823,-0.028971244,-0.021321336,-0.02249717,-0.010142964,-0.10586387,-0.11288208,-0.13480937,0.0014959029,-0.12088761,-0.112763844,-0.13114078
/mnt/sdd/caltech_training/multiclass/train/009.Brewer_Blackbird/Brewer_Blackbird_0104_2230.jpg,8,0.002649255,0.0077896263,-0.005372696,-0.012594055,-0.0007604115,0.000295653,-0.0027470542,-0.0055943076,0.0038983831,-0.0036060682,-0.0007450495,5.6171033e-05,-0.014362471,0.0015608141,-4.055025e-05,0.012071988,-0.025515597,-0.0012786211,-0.0023834766,0.0017565254,-0.021774737,-0.007979605,-0.0022654976,-0.0048275255,-0.01348439,-0.0117665995,0.015135895,-0.00632462,-0.007452432,-0.0075141564,-0.005437264,-0.013947062,-0.008813865,-0.029250478,-0.014454877,-0.027589832,-0.01894832,-0.042151466,-0.03237071,-0.03328839,-0.01012664,-0.11178945,-0.11616141,-0.13691284,-0.0008843496,-0.12776086,-0.116289675,-0.13291392
/mnt/sdd/caltech_training/multiclass/train/009.Brewer_Blackbird/Brewer_Blackbird_0064_2290.jpg,8,0.004371971,0.0125557,0.0022066326,-0.0014367541,-0.0025912032,-0.0016608689,-0.006656235,0.0031908366,4.064932e-05,0.0054040365,0.010007957,0.012026331,-0.006867543,0.0049068853,0.0005813958,0.009123096,-0.007844025,0.005641681,0.0027786908,-0.008774747,-0.0019450658,-0.0029241578,0.006595391,0.0063349856,-0.00013977708,-0.0146238925,0.00013251137,-0.013702051,-0.015608793,0.006960641,0.0027850443,-0.0072645918,-0.0093707405,-0.007932268,0.0025300975,-0.007470906,-0.013547475,-0.035694644,-0.019100878,-0.027555201,-0.020722592,-0.101549044,-0.113421746,-0.12848505,-0.0020701466,-0.13200861,-0.120498925,-0.1392257
/mnt/sdd/caltech_training/multiclass/train/009.Brewer_Blackbird/Brewer_Blackbird_0026_2625.jpg,8,-0.004815833,0.0064770635,-0.009829804,-0.008103675,-0.0017441852,-0.0038101263,0.0009629199,0.0016895321,0.00051274075,0.006853291,0.007871615,0.010758497,-0.0019428805,0.005028914,0.0080739735,0.004457103,-0.009658257,0.013008646,0.013296536,-0.000764614,-0.012393852,-0.000849125,0.0059278905,-0.0015518956,-0.0019691782,-0.015559986,0.0020685797,-0.0153052695,-0.01357891,0.0025847717,0.0050915484,-0.0035742875,-0.006018403,-0.015552559,-0.0075332196,-0.014104189,-0.010491148,-0.029800888,-0.029820025,-0.035679325,-0.011043785,-0.108336866,-0.11445473,-0.13240013,0.0010665201,-0.12739238,-0.117783025,-0.13690928
/mnt/sdd/caltech_training/multiclass/train/009.Brewer_Blackbird/Brewer_Blackbird_0002_2278.jpg,8,-0.0041016657,-0.00021393289,0.003575832,-0.0037147035,0.004533605,0.0033991053,0.007278311,0.004109651,-0.0023940217,0.0029485938,-0.0024508762,-0.0020742314,0.0038697857,-0.004034729,0.00090852706,0.0041416334,-0.0074435584,-0.0033906628,-0.0011289841,0.00087663485,-0.011872325,-0.008075787,0.008401915,0.002393793,-0.009398187,-0.01175669,0.0054407353,-6.178988e-05,-0.035051674,-0.0077704885,0.004837374,-0.008118751,-0.00365561,-0.019001804,-0.015680306,-0.027788607,-0.017538419,-0.03486389,-0.022394296,-0.028455917,-0.022215912,-0.11647971,-0.118396506,-0.13456976,-0.0045289984,-0.12573418,-0.11436468,-0.13473174
/mnt/sdd/caltech_training/multiclass/train/009.Brewer_Blackbird/Brewer_Blackbird_0042_2302.jpg,8,-0.0071328576,0.0044199824,0.010329854,0.0012166267,-0.0055228155,-0.0035337969,-0.0014892108,-0.0021633129,-0.004850555,0.0001621372,0.004787481,0.01063906,-0.0028867635,0.008286679,0.0020394926,0.0099525675,-0.007683361,0.004665643,0.0123711275,0.0014732922,-0.008186208,-0.011653889,-0.010390769,-0.008515301,0.009477175,-0.030669276,-0.004565034,-0.019749515,0.0017411225,0.0041871956,0.0014149668,0.0046746517,-0.000718676,-0.017305747,-0.011286447,-0.024484308,0.0027109198,-0.032374535,-0.0274049,-0.034676857,0.0014489912,-0.09972001,-0.10902947,-0.12771894,0.00022391789,-0.12862375,-0.11749415,-0.13683215
/mnt/sdd/caltech_training/multiclass/train/009.Brewer_Blackbird/Brewer_Blackbird_0087_2622.jpg,8,-0.0068786815,0.009064654,-0.004274655,-0.0036037685,0.0057141203,0.0044707907,0.006182478,0.0073847324,0.0005235997,-0.0034621088,0.0044394876,0.0010704238,0.00042546913,-0.001318922,-0.0096697025,-0.003928336,-0.029245457,-0.00030647242,-0.008164523,0.006289123,-0.013550364,-0.020856438,-0.014959581,-0.017090194,-0.015714217,-0.021713097,0.011129963,-0.008408704,0.020196993,-0.004576064,0.00390874,-0.0036444874,-0.024897186,-0.02123266,-0.016938735,-0.025497872,-0.009804455,-0.052529186,-0.046586193,-0.05062656,-0.01179843,-0.11558951,-0.12938786,-0.13992572,-0.008441426,-0.1171955,-0.10430229,-0.12171687
/mnt/sdd/caltech_training/multiclass/train/009.Brewer_Blackbird/Brewer_Blackbird_0127_2235.jpg,8,-0.011157153,0.0056766826,0.0028501798,-0.008873632,0.0020839686,-0.0047506774,0.00097493664,0.002603448,0.0014053888,-0.0013516541,0.0012596783,0.0018516418,-0.00472069,0.006977556,0.006894336,0.011695284,-0.018756708,0.0017868022,-0.0044849836,-0.00835899,-0.015999196,-0.0011584535,0.007887593,0.007267062,-0.00054493453,-0.017556338,-0.0019598892,-0.017755933,-0.026613317,0.0012379419,0.0041012717,-0.013478755,-0.008030599,-0.0041612447,0.008264188,-0.0012296536,-0.0108015835,-0.03283494,-0.018919675,-0.025779977,0.0043135528,-0.094769195,-0.10378844,-0.120354,0.008267206,-0.12456859,-0.112673715,-0.12974532
/mnt/sdd/caltech_training/multiclass/train/009.Brewer_Blackbird/Brewer_Blackbird_0142_2636.jpg,8,-0.0030349663,0.0010592763,-0.004674116,-0.00080791756,-0.006688618,-0.0020244736,0.0019916585,0.0038957624,-0.0038024297,-0.0013224037,0.005180236,0.00750401,-0.01358336,-0.001425459,-0.0018263566,0.0077261594,-0.02106104,-0.009243362,-0.016994638,-0.022722386,-0.011026226,0.0018106935,0.0039162594,0.0010176233,-0.0143453395,-0.011983421,-0.0018143951,-0.009220344,-0.03215439,-0.0069999574,0.0034149387,-0.005726596,-0.028906658,-0.017065786,-0.0029708997,-0.01794305,-0.0056848857,-0.034443676,-0.023643523,-0.028742502,0.0007266803,-0.10992929,-0.11754439,-0.13660038,-0.008536257,-0.122385,-0.11692166,-0.13059935
/mnt/sdd/caltech_training/multiclass/train/009.Brewer_Blackbird/Brewer_Blackbird_0132_2293.jpg,8,0.002174411,0.0003893673,-0.0038524126,0.004024405,-0.002974361,0.002855035,0.0054528387,0.0035820492,-0.002371511,0.0034684925,0.0028075331,-0.0040616756,-0.00099008,0.0098521905,-0.0026412555,0.009276541,-8.5053965e-05,0.006976589,3.4791534e-05,-0.00048800604,-0.015575683,0.0010723171,0.009057782,0.006457253,-0.0064039463,-0.00512496,0.009160392,-0.008176504,-0.008947349,-0.003669845,0.0038777646,-0.003773428,-0.00661832,-0.010984885,-0.0081575,-0.021273302,-0.004849456,-0.050091047,-0.046734095,-0.046132408,-0.00539963,-0.11298882,-0.12344737,-0.14252749,-0.003067095,-0.1241739,-0.11402077,-0.13214539
/mnt/sdd/caltech_training/multiclass/train/009.Brewer_Blackbird/Brewer_Blackbird_0111_2613.jpg,8,0.01483029,0.0020603356,-0.008285565,-0.004378261,-6.772799e-05,0.0075268336,0.0014965327,0.0012454763,0.001609932,0.0059280647,0.0019295856,-0.0015937205,-0.01361515,-0.0032059192,-0.004432289,0.005070852,-0.02762842,0.0035685953,0.0074221855,0.01317822,-0.02173012,-0.008689275,-0.006705776,-0.005363904,-0.020377053,-0.014807241,-0.003067031,-0.018546969,-0.02019481,-0.009708678,-0.0054740617,-0.0016400986,-0.012548979,-0.026056286,-0.027811725,-0.03426291,-0.013946833,-0.04690464,-0.04226501,-0.0450826,-0.008087546,-0.11922832,-0.13085285,-0.14275824,-0.0026376885,-0.12888467,-0.12030123,-0.13821658
/mnt/sdd/caltech_training/multiclass/train/009.Brewer_Blackbird/Brewer_Blackbird_0131_2289.jpg,8,-0.011872856,0.0038041673,0.004031451,0.00089428714,-0.0053781583,0.00013276486,0.0020239693,-0.0026604682,-0.00081321417,-0.0024774135,-0.005961649,0.0015337802,-0.01785807,0.010109756,0.0036925636,0.0053326804,-0.030217541,-0.004380134,-0.0012082586,-0.0049977093,-0.015920237,-0.008761542,-0.007331825,-0.0025203992,-0.00787621,-0.023870468,-0.0026194146,-0.027077934,-0.012751032,0.0017684498,0.0031732554,-0.01256235,-0.014879603,-0.017692208,-0.00091584213,-0.01751272,-0.016829848,-0.03887152,-0.027446188,-0.035819262,0.012027598,-0.11140614,-0.12000564,-0.13286889,-0.0035297314,-0.12120956,-0.11425768,-0.12893723
/mnt/sdd/caltech_training/multiclass/train/009.Brewer_Blackbird/Brewer_Blackbird_0032_2214.jpg,8,-0.0007597958,0.018386573,0.010658203,0.0027525043,-0.0067385524,-0.0049365587,-2.3297878e-05,-0.0005536329,-0.0036561866,-0.0063034026,0.0032830075,0.006663658,-0.016816529,-0.0018623003,-0.0058518667,0.0085532395,-0.011284156,-0.0022956464,-0.00020267651,0.002485496,-0.017252114,-0.0022191168,0.0050491933,0.002146295,-0.012497715,-0.011253683,0.0049937777,-0.016387694,-0.015467537,-0.000861068,-0.0029903224,-0.009998012,-0.027225079,-0.0071132546,0.008152216,-0.009443301,-0.019545814,-0.035076093,-0.028152179,-0.02925603,-0.02505434,-0.11558615,-0.12723872,-0.14362936,-0.005601042,-0.12779215,-0.11937021,-0.13665138
/mnt/sdd/caltech_training/multiclass/train/009.Brewer_Blackbird/Brewer_Blackbird_0074_2277.jpg,8,0.005890812,-0.004049126,-0.005342366,-0.008349168,0.000808149,0.0053848866,-0.00034317456,-0.00041087694,0.003961758,0.0067364657,0.008797931,0.005652488,-0.003006936,-0.01346501,-0.004160253,-0.0012626243,-0.00039959513,-0.0065684477,-0.009451101,-0.0063813436,-0.0032966966,-0.021819215,-0.0108936075,-0.021213409,-0.004371032,-0.022071723,-0.006102195,-0.0097668,0.0033006482,-0.019707818,-0.011349176,-0.024315778,0.00035599666,-0.020458715,-0.011958731,-0.015441589,-0.020212304,-0.06353619,-0.04825405,-0.052000843,-0.0041073244,-0.111778386,-0.12210375,-0.13772541,-0.004374206,-0.1311686,-0.12102171,-0.13805354
/mnt/sdd/caltech_training/multiclass/train/009.Brewer_Blackbird/Brewer_Blackbird_0079_2343.jpg,8,1.8860563e-05,0.007726534,0.0004671979,-0.0015197492,0.0031484226,-0.008092868,-0.0044320533,-0.00059694145,-0.00030302012,0.0094236825,0.016302703,0.02382428,-0.004593419,-0.0016608633,0.003308627,0.003319249,-0.015685588,0.013526054,-0.0049572308,-0.004710796,-0.008950688,-0.0047888933,-0.005831221,-0.0060530407,0.009090189,-0.011782996,0.016792668,-0.0032471577,-0.020670943,-0.006430259,0.0011763779,-0.007256515,-0.014733704,-0.008723959,-0.001983881,-0.019623403,-0.00605367,-0.039071605,-0.028686967,-0.034580164,-0.0074027446,-0.113945894,-0.11923962,-0.13705012,-0.0008342732,-0.12673233,-0.115007706,-0.13194205
/mnt/sdd/caltech_training/multiclass/train/009.Brewer_Blackbird/Brewer_Blackbird_0102_2620.jpg,8,0.000105592655,-0.0080669075,-0.009057716,-0.0074845296,0.0016139793,-0.007934895,-0.0040723546,0.0007272411,-0.00030957584,-0.0015682785,0.004947477,0.0127331875,-0.015216451,-0.006637475,0.013831197,0.021822987,-0.0111132525,0.004610313,0.013152188,0.0029195063,-0.007492006,-0.007451134,-9.6219126e-05,-0.004886453,-0.00036595901,-0.007682154,0.0041182977,-0.007951796,-0.025217071,-0.008516941,0.005259147,0.0013935613,-0.01871898,-0.014756266,-0.015922105,-0.017658453,-0.028866854,-0.033902317,-0.024670962,-0.025396803,-0.02494482,-0.10770089,-0.12138859,-0.13257834,-0.0033970755,-0.1272039,-0.116333716,-0.13964465
/mnt/sdd/caltech_training/multiclass/train/009.Brewer_Blackbird/Brewer_Blackbird_0090_2658.jpg,8,-0.0072256946,0.014690079,0.0009391296,-0.0045454693,-0.0024942346,-0.008595748,0.002541746,0.004031171,-0.0037077863,0.0027033142,0.0018861414,0.0032743176,-0.017849369,0.008724285,0.008836417,0.0014558733,-0.0032059932,0.0150451325,0.0043586963,0.017242867,-0.0051320167,-0.0014826307,0.008354196,0.0044124094,0.012878541,-0.023605684,-0.0068748975,-0.015558746,-0.0033076345,-0.035471767,-0.030719113,-0.035628133,-0.013914611,-0.0010028618,0.0015039266,-0.0035577216,-0.0057376614,-0.041685697,-0.038855854,-0.040709443,0.010184953,-0.10526775,-0.122115076,-0.1441685,-0.0052700094,-0.13366848,-0.1229023,-0.13484752
/mnt/sdd/caltech_training/multiclass/train/009.Brewer_Blackbird/Brewer_Blackbird_0016_2225.jpg,8,0.0042544785,-0.004105797,-0.00941737,-0.005113781,-0.007031933,0.0043523936,0.002673952,-0.0031679573,-0.0014900396,-0.00042153778,0.00173699,0.0020369145,-0.01422048,-0.0032482895,0.0053733196,0.0036600013,-0.007906451,0.010675282,0.0045549944,0.0040895827,-0.012611682,-0.004807736,0.0105207935,0.007603423,-0.0014215619,-0.019252809,0.008958485,-0.011129876,-0.008664351,-0.022292193,-0.0037974548,-0.014377727,-0.017923404,-0.007568758,-0.009698493,-0.005151541,-0.016813654,-0.055645075,-0.04061255,-0.04324351,-0.00014591683,-0.10576606,-0.115517735,-0.13686107,-0.0059967623,-0.12762594,-0.1192573,-0.13475984
/mnt/sdd/caltech_training/multiclass/train/009.Brewer_Blackbird/Brewer_Blackbird_0054_2631.jpg,8,-0.009490119,0.0069635976,0.002830629,-0.0036020032,-0.01253709,-0.00029430172,0.0006700284,0.010264689,-0.008097714,0.0056170016,0.0073507605,0.0060679535,-0.013392441,-0.008704016,0.00947799,0.013881231,-0.018982917,-0.0048775105,-0.00075683556,0.009545076,-0.009118567,-0.0037183939,0.0020022911,0.0007691609,-0.0064401682,-0.005488096,0.008361075,-0.0038453168,-0.031679083,-0.01667599,0.0044632247,-0.000675709,0.004082024,-0.00721504,-0.0065156776,-0.013686214,-0.023357686,-0.040248904,-0.024136413,-0.028671052,-0.023012055,-0.10322884,-0.11901811,-0.13130692,-0.0011363513,-0.12911925,-0.11911534,-0.13656795
/mnt/sdd/caltech_training/multiclass/train/009.Brewer_Blackbird/Brewer_Blackbird_0028_2682.jpg,8,0.0029545305,0.0021799859,0.011923004,0.01494479,0.00531287,0.01119573,0.0059060985,-0.00025015906,-0.0003179767,-0.008513243,-0.002607652,0.0011377281,0.0007264286,0.0024042479,0.007871272,0.002298364,0.01091522,-0.0024826294,0.004724433,-0.0005766321,0.012919068,0.0008300247,-0.0018973136,0.0020546012,0.0016926536,-0.0074623977,0.005485587,-0.008880517,-0.015234373,0.0081215715,-0.004425591,-0.0018491659,-0.024728447,-0.020166796,-0.019020207,-0.015548049,-0.0014902891,-0.036134336,-0.03113807,-0.037451647,0.0039644144,-0.103334524,-0.121258885,-0.13334517,0.014433043,-0.12436052,-0.11298456,-0.1318241
/mnt/sdd/caltech_training/multiclass/train/009.Brewer_Blackbird/Brewer_Blackbird_0030_2268.jpg,8,-0.0068823476,0.0020937393,-0.00029887602,-0.0037168846,0.0038032657,0.0012920309,0.0025198513,0.0003350158,0.002030377,0.0004776577,0.00676364,0.004988532,-0.0034052175,0.008231195,0.00015148701,0.0031440118,-0.013103883,0.023589384,1.953775e-05,0.0047860113,-0.015772143,-0.003657798,0.0023190908,0.0018125885,-0.015648253,-0.01294383,-0.004646338,-0.011080682,-0.016958458,0.0060914513,0.012818567,-0.0077196658,-0.0135270795,-0.0088997595,0.001555475,-0.01592305,-0.04065263,-0.042351767,-0.03333267,-0.03342881,-0.02220061,-0.10177544,-0.11214246,-0.12880145,-0.009484218,-0.12526208,-0.113978334,-0.12941836
/mnt/sdd/caltech_training/multiclass/train/009.Brewer_Blackbird/Brewer_Blackbird_0070_2325.jpg,8,-0.01488678,0.0024673606,-0.0070651653,-0.008103312,-0.0036143302,0.0016498786,-0.0053696735,0.006311033,-0.0022334054,-0.00066336186,0.0018863964,0.002503714,-0.0043530725,0.005538431,0.001538774,-0.004881098,-0.0032712563,0.015653418,-0.0021388638,0.00064951275,-0.009221513,-0.005963144,-0.0021312519,-0.003955019,-0.0014056624,-0.0050925314,0.018460356,-0.00041542016,-0.016883034,-0.011147132,-0.012966137,-0.01614169,-0.0115265455,-0.027944751,-0.025319185,-0.028106924,-0.0015966622,-0.045713462,-0.04061647,-0.04526026,-0.011312867,-0.0990898,-0.109965645,-0.12417104,-0.0051975143,-0.11991329,-0.11156203,-0.12640765
/mnt/sdd/caltech_training/multiclass/train/009.Brewer_Blackbird/Brewer_Blackbird_0103_2273.jpg,8,0.0042666034,0.0026971423,0.005139957,-0.007225477,-0.0038674339,-0.0008439915,0.007647423,-0.0014240033,-0.0008575721,0.011209575,0.00569337,0.010883105,0.00046083052,-0.0010650523,-0.008644302,0.0076049045,-0.021323565,-0.001070021,-0.0010210611,0.00021295203,-0.007983993,-0.0020437166,0.0042127953,0.0066103367,-0.019407008,-0.015295994,0.003598528,-0.0103542525,-0.032441158,0.0016456763,0.004500839,0.0055655465,-0.0015410807,-0.019338433,-0.0048496276,-0.0112947505,-0.0019651046,-0.043593977,-0.039739944,-0.034159444,0.014998488,-0.1014712,-0.108305074,-0.12630871,-0.00037002796,-0.12752116,-0.115461424,-0.13746268
/mnt/sdd/caltech_training/multiclass/train/009.Brewer_Blackbird/Brewer_Blackbird_0095_2610.jpg,8,0.0059622033,0.0053528203,-0.00477368,-0.0037706736,0.008993877,0.004188723,-0.0045585595,-0.015540785,0.0062698475,0.00016236171,0.004745695,0.0037984934,-0.013324885,0.0014977378,0.00211155,-0.0016864936,0.009521658,0.0069036055,-0.00041079381,-0.0037511592,-0.0028177805,-0.013483643,-0.0039590863,-0.0057729296,-0.0023904475,-0.018900389,0.01595294,-0.0058692265,-0.0019700476,0.0029162627,0.0018403449,0.003000867,-0.008725788,-0.023119768,-0.01678171,-0.019433996,-0.0024585817,-0.050712243,-0.04154256,-0.038625587,0.011613714,-0.1154991,-0.12842362,-0.14406084,0.0029129446,-0.1230006,-0.117473334,-0.1329999
/mnt/sdd/caltech_training/multiclass/train/009.Brewer_Blackbird/Brewer_Blackbird_0009_2616.jpg,8,-0.0098296935,0.0063202633,-0.00449173,-0.0041736253,-0.0043402626,-0.0036069225,-0.0033615488,0.0004292325,-0.0030611826,-0.0013151384,-0.0018981774,-0.0028698798,-0.005557514,0.0042189704,0.002790643,0.0068327785,0.0024177004,0.0054324646,0.013703831,0.010915127,-0.019371672,-0.0025794336,0.0016157728,-0.0072592404,-0.003016742,-0.013230855,-0.0018837606,-0.013621955,-0.03214596,-0.013554761,-0.0022698953,-0.0062793,-0.003413283,-0.018253522,-0.004929726,-0.011320826,-0.011985751,-0.02838572,-0.025701912,-0.029958893,0.0068573346,-0.10539062,-0.12022179,-0.1379335,-0.0047565447,-0.122001484,-0.11327387,-0.12784854
/mnt/sdd/caltech_training/multiclass/train/009.Brewer_Blackbird/Brewer_Blackbird_0133_2324.jpg,8,0.0093612885,0.0031233234,-0.0021014153,-0.011838725,0.0019143113,0.014194453,0.007497753,-0.000288525,-0.00093384896,0.0052101905,0.0025218863,0.0071683493,-0.0019401144,0.002310156,0.005791011,0.010908794,0.00053417217,0.0147425,0.013617525,-0.004306512,0.0046760915,-0.0068921056,-0.0042166063,-0.004188164,0.01884079,-0.022314109,0.0015984755,-0.013896652,0.00623127,0.00075448,-0.005333933,-0.0027790973,-0.010630596,-0.023063567,-0.015215399,-0.012001881,0.016855331,-0.039702978,-0.031346492,-0.03762867,-0.0035933815,-0.10573576,-0.11359735,-0.12525372,-0.0059781815,-0.124828465,-0.11385953,-0.13338663
/mnt/sdd/caltech_training/multiclass/train/009.Brewer_Blackbird/Brewer_Blackbird_0109_2232.jpg,8,0.0065838867,0.00057286833,0.002822311,0.007936128,0.001053076,0.005342404,0.005594733,0.0036462194,0.0013497798,0.0014310665,0.0024999562,-0.00088728446,-0.015372533,0.006608479,0.0034556296,0.009973992,-0.00357327,-0.0015557383,-0.0022568912,0.011605136,-0.009833197,0.0013657165,-0.0018524339,-0.00322148,-0.014235083,-0.013069706,-0.0010889377,-0.016394462,-0.019773291,0.0031103122,-0.0054872674,-0.006441367,-0.012792857,-0.03317878,-0.017396964,-0.02625424,-0.017881427,-0.03570013,-0.029824527,-0.034990303,-0.0067721475,-0.11423807,-0.12656389,-0.14001301,0.0022445275,-0.123095654,-0.11431353,-0.1325508
/mnt/sdd/caltech_training/multiclass/train/009.Brewer_Blackbird/Brewer_Blackbird_0140_2586.jpg,8,-0.00048348075,-0.005441303,-0.00077845517,0.008446954,-0.002405681,-0.0012392512,-0.0021391232,0.0044837287,0.0033577916,0.00024872238,0.002328917,0.00423244,-0.0043845205,7.027155e-05,-0.00021572271,0.009904638,0.009942366,-0.00666024,-0.022133771,-0.001673229,0.012347873,-0.0047705215,-0.003359233,0.0055503435,0.016032955,-0.016014114,-0.006082523,-0.019079398,0.0019722348,-0.0038837688,-0.0026763594,-0.012824326,0.0013814245,-0.0033435668,0.0008173253,-0.002288796,-0.008303459,-0.02938215,-0.022772454,-0.032322664,-0.00059376005,-0.10111287,-0.112377435,-0.12812749,0.0015622755,-0.12411573,-0.11347455,-0.13150144
/mnt/sdd/caltech_training/multiclass/train/009.Brewer_Blackbird/Brewer_Blackbird_0025_2231.jpg,8,-0.005286277,0.021161595,0.014909251,-0.0035905086,-0.00087476487,0.0031590108,-0.00761142,-0.0026550943,-8.424092e-05,-0.0013375159,0.0056580584,0.008927373,-0.015065804,0.0020090737,0.0024048486,0.004168097,-0.008238963,0.014127223,0.015432198,0.012502564,-0.008617199,-0.0029027914,0.008911048,0.0032014858,-0.021957297,-0.0027921395,-0.0056280605,-0.019323818,-0.017905919,0.021927692,0.007624267,0.012013709,-0.005115923,-0.023364026,-0.02584932,-0.024462322,-0.034905206,-0.041003305,-0.02771801,-0.038368896,-0.020606808,-0.106632456,-0.11646309,-0.1292126,-0.0038040043,-0.12805483,-0.11614638,-0.13542181
/mnt/sdd/caltech_training/multiclass/train/009.Brewer_Blackbird/Brewer_Blackbird_0014_2679.jpg,8,-0.0023922573,0.0077652815,0.0009142146,0.0017594313,-0.005895138,0.0036049883,0.0007793002,0.0046866937,0.0018591364,0.0039493144,0.0043866388,0.0061426014,-0.0015248009,-0.00274653,0.0019851173,0.012371598,-0.0013808608,0.009751481,0.010234875,0.007421496,0.0011960823,0.009089606,0.003974445,0.00013569428,0.0015021712,-0.019758768,-0.009855123,-0.023811983,-0.0025431332,-0.00488481,-0.0037765335,-0.0057381038,-0.008513535,-0.0075677373,-0.014998866,-0.0069879442,-0.01777512,-0.038327284,-0.031732935,-0.037837733,0.0006714193,-0.09087058,-0.108117625,-0.12528579,-0.0011807599,-0.12365119,-0.11503935,-0.13479671
/mnt/sdd/caltech_training/multiclass/train/009.Brewer_Blackbird/Brewer_Blackbird_0065_2310.jpg,8,-0.007523696,-0.009162588,0.00033890526,-0.0042389133,-0.010812597,0.002706883,0.0027967524,-0.00051989965,-0.00026899425,-0.0052606715,0.0019775815,0.0072302194,-0.017042084,-0.015218042,0.0017035985,0.008409192,-0.02662174,-0.01582284,-0.009956313,-0.006980897,-0.016545538,-0.017297348,-0.007220028,-0.0069628926,-0.015753884,-0.019064995,-0.003223638,-0.01289741,-0.02066785,-0.015897237,-0.003691566,-0.014119599,-0.010317987,-0.018614376,-0.014142816,-0.014886278,-0.0114090275,-0.052982222,-0.04226447,-0.053355217,-0.006479892,-0.110705666,-0.1230667,-0.13444045,0.0014035054,-0.12800974,-0.11682607,-0.13347378
/mnt/sdd/caltech_training/multiclass/train/009.Brewer_Blackbird/Brewer_Blackbird_0061_2270.jpg,8,-0.0042703627,-0.00063577946,0.0011143219,-0.0022038824,-0.006777876,0.0038398374,0.0060402267,0.003904827,0.0017479493,0.004593358,0.0026930464,0.0057447846,-0.012358624,-0.007534713,-0.007744298,0.0012210446,-0.013590231,0.01456999,0.00620513,-0.0025355,-0.018586572,0.0038845162,0.0074656303,0.0024308115,-0.008457504,-0.023945611,0.004354424,-0.009426983,-0.019089904,-0.0038992376,0.013403404,-0.0007177172,-0.007182205,-0.024386812,-0.020021051,-0.029155836,0.0027762307,-0.06221962,-0.05196757,-0.050103508,-0.014904459,-0.11818519,-0.12359345,-0.14564455,-0.0020367969,-0.12339586,-0.11427137,-0.13021195
/mnt/sdd/caltech_training/multiclass/train/009.Brewer_Blackbird/Brewer_Blackbird_0004_2345.jpg,8,-0.005921579,0.015498587,0.0030925074,-0.0030382853,-0.0038763424,0.00119403,2.380804e-05,-0.0065602893,-0.0015536065,0.0030997023,0.0017372493,0.0023610587,0.0007302859,-0.0045157857,0.006532971,0.009666074,0.0074897893,0.0018958286,-0.00042630197,-0.0036461721,-0.0064094025,-0.016461164,-0.00013791886,-0.0036761195,0.014636223,-0.02134754,-0.0040321928,-0.019385053,-0.0038253192,0.014526194,0.0085576875,0.014226917,-0.00797066,-0.014906214,-0.010227378,-0.017577428,-0.018097002,-0.03995575,-0.024963476,-0.034071192,-0.018571213,-0.103240326,-0.11523103,-0.13406153,0.00042300322,-0.123728506,-0.1148489,-0.13259889
/mnt/sdd/caltech_training/multiclass/train/009.Brewer_Blackbird/Brewer_Blackbird_0027_2329.jpg,8,-0.0033181072,-0.0030867916,0.0050547402,0.0018726606,-0.0008308698,-0.008554339,-0.015206653,-0.0064024464,-2.3506233e-05,0.0031072265,0.008680731,0.012849029,-0.010019572,-0.013603706,0.0035554422,0.0075787264,0.0010601347,-0.006773647,0.010971852,0.0028566853,-0.0035603791,-0.010848453,-0.008238444,-0.0007801391,0.0026598275,-0.011120737,-0.009347669,-0.01627317,-0.00760852,0.005674804,0.00088247913,-0.008282224,-0.008345529,-0.022343278,-0.011032273,-0.022952445,0.007720934,-0.036221296,-0.019580558,-0.041345738,0.0016291155,-0.09962775,-0.109239966,-0.122532874,-0.0012611733,-0.124061525,-0.1122496,-0.13194218
/mnt/sdd/caltech_training/multiclass/train/009.Brewer_Blackbird/Brewer_Blackbird_0139_2567.jpg,8,-0.0084789945,-0.0041081663,0.0014082717,0.00658427,-0.003017113,0.0026100324,0.0027754484,0.000105799176,-0.00095279526,0.0042696367,0.0024409725,0.009129731,-0.012873969,-0.010675201,0.0022955104,0.005137739,-0.015109291,0.008533822,0.010859234,-0.0035137942,-0.01799266,-0.0124234995,-0.008615732,-0.003585929,-0.0069679827,-0.019900115,0.0017176943,-0.010388141,0.0017299086,-0.013658222,0.0030901455,-0.010383534,-0.022891551,-0.028565202,-0.02310816,-0.029148981,-0.00989303,-0.049828168,-0.039545584,-0.04204908,-0.003198401,-0.1137124,-0.124293104,-0.14005488,0.00041922554,-0.12598333,-0.1188743,-0.13578153
/mnt/sdd/caltech_training/multiclass/train/009.Brewer_Blackbird/Brewer_Blackbird_0049_2258.jpg,8,0.0032901543,-0.006507537,0.0067417873,0.004474684,-0.0008474904,-0.002497844,0.004818103,0.001014091,0.0039581098,0.007993928,0.007161333,0.009779891,-0.00083791814,-0.012881406,-0.019542834,0.010025814,0.0013036862,-0.0048778183,-0.010915859,0.0035913792,-0.010672134,-0.018127294,-0.015265698,-0.009079886,-0.024396086,-0.02220366,-0.0061972216,-0.010377391,-0.011908283,-0.013500479,-0.00907471,-0.003293705,0.009395328,-0.02777233,-0.013575384,-0.023608092,-0.006590151,-0.051570676,-0.045057386,-0.047544345,-0.0034814458,-0.108410984,-0.12338257,-0.13661915,-0.0010867177,-0.123711936,-0.117785394,-0.13490292
/mnt/sdd/caltech_training/multiclass/train/009.Brewer_Blackbird/Brewer_Blackbird_0099_2560.jpg,8,-0.015192006,-0.0057393145,0.0018267742,-0.0011735309,-0.0073157414,-0.0010626524,0.0026517892,0.004121094,-0.00059660163,-0.0035596413,-0.0027949025,0.00082443375,-0.011553783,0.0015691478,0.009178923,0.009634918,-0.008971559,-0.0016888177,0.0023189245,0.0042977408,-0.0094064325,-0.004022353,-0.00643453,-0.0045407796,-0.0073240846,-0.0068484982,0.005363361,-0.017853253,-0.032752477,0.00805533,0.013262458,-0.0022685903,-0.010053914,-0.01910223,-0.008847211,-0.021561906,0.01508576,-0.05185395,-0.04108897,-0.04541701,0.015824497,-0.11140131,-0.124069005,-0.13561925,0.00084631843,-0.12601125,-0.115615964,-0.13463108
/mnt/sdd/caltech_training/multiclass/train/009.Brewer_Blackbird/Brewer_Blackbird_0046_2688.jpg,8,0.0057213353,-0.0064886184,-0.0015159635,-0.008509573,-0.0036691646,-0.002442243,-0.0025147956,0.0024120538,0.0015623168,0.0034740653,0.00409049,0.0074812043,0.0018508311,0.0032796909,0.006736568,0.01124154,0.016015846,0.0024568667,0.0014446275,-0.0012211809,-0.009342889,0.00046232052,0.0098207705,0.0050994474,0.0038059938,-0.01805465,-0.00027156167,-0.010763933,-0.01349329,0.022530556,0.009639325,0.008074546,-0.009778684,-0.012152325,-0.0073841736,-0.01748473,-0.0031621072,-0.041520704,-0.033402286,-0.032550283,-0.0076709455,-0.11300983,-0.13076678,-0.14064513,0.0023097454,-0.1286258,-0.119822055,-0.13936673
/mnt/sdd/caltech_training/multiclass/train/009.Brewer_Blackbird/Brewer_Blackbird_0097_2322.jpg,8,0.00499307,0.0049498403,0.00015083828,-0.0068728444,0.0018668533,-0.0048369383,0.0017918176,0.0015070697,-0.00072961336,0.0049367757,0.0007291895,0.011976639,-0.004692877,-0.0030283914,-0.00016388157,0.013261447,0.0027003721,0.00073486473,-0.0019151594,-0.0024603223,-0.010129996,-0.0040116394,0.0050145416,0.0087929,0.014470076,-0.0052570202,0.009844693,-0.0023460751,0.0031187963,0.0027216226,0.013231939,0.009129777,-0.007439644,-0.013577379,-0.0071510905,-0.023866707,0.0032177046,-0.03713804,-0.03155947,-0.033521697,0.02754657,-0.10765802,-0.11589191,-0.13580535,0.004210621,-0.12941897,-0.1176106,-0.13243255
/mnt/sdd/caltech_training/multiclass/train/009.Brewer_Blackbird/Brewer_Blackbird_0137_2680.jpg,8,-0.009565845,-0.0009089944,-0.0052654003,-0.009154707,-0.0101179555,0.005811429,-0.005276005,-0.003846848,-0.00525914,0.0008264624,-0.0028665785,-0.010352331,-0.010970971,0.0009202517,0.009389796,0.021041099,-0.006645984,0.004378588,0.0042781746,0.007603734,-0.010644826,-0.011372231,-0.007430746,-0.0031917507,0.005586341,-0.011879463,-0.010921719,-0.012407114,-0.00095226616,0.031702716,0.016363226,0.020248426,-0.013874937,-0.013383927,0.00039509276,-0.015517093,-0.0020152489,-0.04133241,-0.031041326,-0.03177161,-0.009551574,-0.11266075,-0.12566808,-0.13734339,0.002378894,-0.12717427,-0.118098006,-0.13951865
/mnt/sdd/caltech_training/multiclass/train/009.Brewer_Blackbird/Brewer_Blackbird_0112_2340.jpg,8,0.005927428,-0.004325676,-0.010438183,-0.009162661,0.008269707,-0.011021275,-0.002916253,0.0029293238,0.0045014704,-0.0056626424,-0.0009892469,-0.0017605941,-0.0002480268,-0.013213983,-0.008570034,0.0074790735,-0.0075783245,0.0060064867,0.009170589,-0.003321108,-0.010576284,-0.0023486018,-0.00093702925,0.0021867924,0.003409651,-0.012789445,0.0021267314,-0.010778399,-0.0021189582,-0.0050073797,0.0021274406,-0.0065231975,-0.00858646,-0.019808218,-0.014945357,-0.025641445,-0.0016103106,-0.042496555,-0.035834603,-0.036005117,-0.0067826146,-0.106902495,-0.11405456,-0.13469116,0.001528287,-0.12224069,-0.11445855,-0.13104624
/mnt/sdd/caltech_training/multiclass/train/009.Brewer_Blackbird/Brewer_Blackbird_0106_2608.jpg,8,0.0013991368,-0.0102023035,-0.01846745,0.008863315,-0.0031656802,-0.0036732408,-0.0055790762,-0.005517601,-0.0027502785,-0.0044471473,-0.007909235,-0.00915044,-0.019596929,-0.0057173152,0.01256505,0.009788082,-0.029928345,-0.0004942154,0.0001862282,0.0027229371,-0.015822679,-0.0067197615,-0.000753436,0.0027205683,-0.017711706,-0.007862397,0.0030683256,-0.0036789048,-0.018023988,-0.0051825885,0.012915832,-0.009537075,-0.0065460224,-0.017298779,-0.0028424556,-0.015200507,-0.023381393,-0.046560243,-0.036548324,-0.04177305,-0.01269351,-0.115561135,-0.122369416,-0.13935903,-0.0068853134,-0.1280652,-0.11703996,-0.13456638
/mnt/sdd/caltech_training/multiclass/train/009.Brewer_Blackbird/Brewer_Blackbird_0017_2668.jpg,8,-0.0015567265,0.0006725228,0.0069307256,0.008799806,-0.010087236,-0.010344156,0.001987881,-0.0074746585,-0.0013651212,0.0022532004,0.0026991973,-0.005153154,-0.004779967,0.0061516203,0.0017990554,0.011678729,-0.013750454,-0.0023197937,-0.0150531735,-0.022068439,0.001521694,0.0002614872,0.0068060155,0.008417564,-0.005607381,0.0017521754,0.0016280785,-0.004018873,-0.025650026,0.009924151,0.012966942,0.00789638,-0.001131393,-0.022714812,-0.010475994,-0.028992275,-0.018723994,-0.04386034,-0.030431556,-0.04184883,-0.012100454,-0.106663436,-0.11858177,-0.12756544,-0.0070954054,-0.13368502,-0.12318134,-0.1398348
/mnt/sdd/caltech_training/multiclass/train/009.Brewer_Blackbird/Brewer_Blackbird_0018_2261.jpg,8,-0.0059811855,-0.003245877,-0.010873322,-0.0055983835,-0.003940054,0.005921298,0.0030335176,0.008246128,-0.0020934234,0.0073555685,0.011102638,0.012576753,-0.011863219,-0.0070164367,0.0008367994,0.010357026,-0.00054721534,-0.0040280907,0.0049332483,-0.0053126677,1.9786414e-05,-0.011302154,-0.002937402,-0.0003999567,-0.003479897,-0.014209084,0.0011323527,-0.011608923,0.0040742797,-0.021142717,-0.007846681,-0.017437613,-0.019801296,-0.029658379,-0.024929173,-0.028852925,-0.00033188704,-0.046537,-0.03619185,-0.047042698,-0.009960561,-0.11115084,-0.12368554,-0.13836995,-0.0018507405,-0.12310961,-0.1157514,-0.13277748
/mnt/sdd/caltech_training/multiclass/train/009.Brewer_Blackbird/Brewer_Blackbird_0078_2659.jpg,8,-0.0014390112,-2.1852087e-05,0.0024352097,0.002419751,-0.0006922697,0.001087133,0.0008876339,0.004431728,-0.00024753506,-0.001265368,0.008006031,0.009115718,-0.0037888268,-8.6398795e-05,0.004008512,0.02059137,0.001965371,0.01244888,-0.007125457,-0.0032664207,-0.0068390425,-0.0015885014,0.008444926,-0.0006552208,0.015002439,-0.015169116,0.002744575,-0.015752766,-0.006297062,0.0045235213,0.016730158,0.0018625706,-0.012468431,-0.012683313,0.001532363,-0.0077258265,-0.014029083,-0.039177842,-0.039640464,-0.04207917,-0.00035077427,-0.11285923,-0.12100812,-0.1402848,-0.0026057053,-0.12902759,-0.11520064,-0.1330517
/mnt/sdd/caltech_training/multiclass/train/010.Red_winged_Blackbird/Red_Winged_Blackbird_0101_6244.jpg,9,0.0023573649,-0.0046140025,-0.008531866,-0.008712297,0.008409825,0.0029207899,0.007965166,-0.002925909,0.0041798498,8.9587236e-05,-0.008049056,-0.009590167,0.008732801,0.015060356,0.01833345,-0.0040266216,0.0028886169,-0.01280017,-0.010456216,-0.005036141,0.0017639745,-0.014732704,-0.013322502,-0.010553664,0.009051562,0.009161663,-0.016210472,-0.0011974317,0.030934747,-0.011682967,-0.027279992,-0.015113771,-0.00034730416,0.00015087868,-0.00749249,0.0032418151,-0.005698639,-0.026475705,-0.0127287805,-0.027055504,-0.00026182458,-0.0831818,-0.05380044,-0.07864176,-0.0015574896,-0.15631783,-0.10444785,-0.08165148
/mnt/sdd/caltech_training/multiclass/train/010.Red_winged_Blackbird/Red_Winged_Blackbird_0094_5856.jpg,9,0.00065512804,-0.0007672216,-0.0022524903,-0.0021878968,0.0016154597,-0.005369815,-0.0021517056,-0.0030944343,-0.00059221743,-0.007688157,-0.0056679295,-0.00546428,0.0012210722,0.00613619,0.0123299975,-0.01408463,0.004277973,0.01597083,-0.0003250083,-0.0028982623,-0.011177529,-0.0028173542,-0.008197186,-0.007116608,0.0007096054,-0.008463068,-0.024431039,-0.008253647,0.00804832,-0.030196086,-0.036804423,-0.040062524,-0.0070783314,-0.01280567,-0.02513494,-0.004628617,-0.030787166,-0.01575243,0.0012394113,-0.0199319,-0.01892533,-0.08790642,-0.05916018,-0.08033185,-0.012314804,-0.15988651,-0.1035441,-0.08370833
/mnt/sdd/caltech_training/multiclass/train/010.Red_winged_Blackbird/Red_Winged_Blackbird_0028_4709.jpg,9,0.0018957513,-0.013384543,-0.0028047643,-0.0004973191,0.004250733,-0.00027006248,0.0021658835,-0.0011314619,0.0011971578,-0.004299403,-0.0076663415,0.00016859907,-0.0018993183,-0.0063386015,0.0006954887,-0.01391262,-0.019955799,-0.0021403085,0.004982635,0.00782766,-0.005206597,-0.004835806,-0.0069905035,-0.0044886684,-0.0341452,-0.0049779788,-0.018928079,0.0037058662,-0.031507768,-0.025043547,-0.03813506,-0.032697834,-0.0012251937,-0.023447402,-0.013745895,-0.0011187941,-0.011277642,-0.01862083,-0.016120758,-0.029411614,-0.041024555,-0.08066895,-0.054062746,-0.08228852,-0.004512865,-0.16248843,-0.1114443,-0.083841234
/mnt/sdd/caltech_training/multiclass/train/010.Red_winged_Blackbird/Red_Winged_Blackbird_0022_4483.jpg,9,0.0033952186,0.00022760639,0.00015415718,0.008172585,0.005122384,0.001255093,-0.0038540896,-0.013206545,-0.0011381916,-0.0049145417,-0.007706061,0.0022882118,-0.0072650462,0.019274756,0.021225423,0.005308755,-0.013336214,-0.002026631,-0.008307595,-0.01458096,-0.010296138,-0.011709643,-0.012712104,-0.011143013,-0.013483211,-0.0028429215,-0.02055357,0.007132343,-0.013701237,-0.0445489,-0.053333543,-0.031660404,0.0008823252,-0.018153332,-0.016454043,-0.002711006,-0.01322401,-0.027503217,-0.02698652,-0.037635274,-0.035723165,-0.0862335,-0.05476614,-0.080901325,-0.010627605,-0.1628211,-0.109894305,-0.08661136
/mnt/sdd/caltech_training/multiclass/train/010.Red_winged_Blackbird/Red_Winged_Blackbird_0011_5845.jpg,9,0.005061181,0.004257073,0.005272043,0.004383113,0.0012300635,-0.00024002639,-0.0013955936,-0.0010493317,-0.0023307917,-0.004422255,-0.006509973,-0.0044801305,0.0064852214,-0.0005682169,0.0067611984,0.0007776674,0.01084253,-0.0024168696,0.0004075379,-0.0032666256,0.00035180908,-0.0051865564,-0.012543738,-0.009532405,0.015133027,0.00052133715,-0.011489185,-0.0029707733,0.011589302,-0.013849581,-0.023587735,-0.015875693,-0.0088886935,-0.0035327391,-0.0099670105,0.006017247,-0.010678207,-0.013880941,-0.005321563,-0.018289164,0.014104366,-0.06390474,-0.039559007,-0.06278066,-0.0059615,-0.15543951,-0.10904245,-0.085279
/mnt/sdd/caltech_training/multiclass/train/010.Red_winged_Blackbird/Red_Winged_Blackbird_0075_4953.jpg,9,0.005999153,-0.009895998,-0.0038280485,-0.002029262,-0.0010901957,0.003022861,0.004361829,-0.0023783213,-0.00036640425,-0.007495979,-0.006688733,-0.008796835,0.0032378524,0.0059730746,0.013608266,-0.0010234816,0.013298672,-0.0046224147,-0.0003089119,-0.008142664,-0.0017424359,0.0013170451,-0.0020885314,-0.005287411,0.006518542,-0.008651415,-0.020129533,-0.007163395,0.005138143,-0.022444516,-0.032506436,-0.024844002,-0.003920098,-0.010684624,-0.016812058,-0.0032803558,-0.0043470347,-0.018368082,-0.0043646274,-0.024345588,-0.018553466,-0.096151575,-0.06316461,-0.09489995,-0.012237203,-0.15812507,-0.10774061,-0.0844948
/mnt/sdd/caltech_training/multiclass/train/010.Red_winged_Blackbird/Red_Winged_Blackbird_0104_3918.jpg,9,0.0058371304,-0.0064217784,0.003200001,0.002800777,0.0048089027,-0.010328806,-0.009110664,-0.0035388616,0.0016222678,-0.0012841789,0.0011951529,0.00051531976,0.0009060297,0.010786471,0.0097096935,0.004545008,0.0017598984,0.026532996,0.012322623,0.0018833261,-0.0026964282,-0.003124691,-0.00043278164,-0.0030459107,0.012355993,0.009553298,-0.020808779,-0.0023939172,0.0073059606,-0.028479991,-0.037771296,-0.028119063,-0.0043039154,0.0005228205,-0.0063026673,0.012726911,-0.012143562,-0.019007023,-0.00017318269,-0.025770098,-0.014458769,-0.079553105,-0.055008158,-0.08067921,-0.009582093,-0.15350327,-0.0972838,-0.07975161
/mnt/sdd/caltech_training/multiclass/train/010.Red_winged_Blackbird/Red_Winged_Blackbird_0039_4285.jpg,9,0.0044061737,0.0039997073,0.0021383124,0.0023257956,0.0053936727,-0.0049046893,-0.001792062,-0.0025796937,0.0026380816,-0.00024001524,-0.0056013083,-0.009923373,-0.002648166,0.008256947,0.021012023,0.00020416267,-0.0028251018,0.009368052,-0.006159842,-0.0026490302,-0.0058706943,-0.0068873805,-0.010251121,-0.004321931,0.0121810585,-0.008413132,-0.02084063,-0.0024235272,0.010233818,-0.024164975,-0.037435733,-0.024016362,-0.0038490782,-0.010251952,-0.011039227,0.009225027,-0.026078017,-0.012610417,-0.0063853874,-0.024780503,-0.021277085,-0.085843295,-0.0646208,-0.08289933,-0.011452006,-0.16337875,-0.10615057,-0.08608053
/mnt/sdd/caltech_training/multiclass/train/010.Red_winged_Blackbird/Red_Winged_Blackbird_0105_4842.jpg,9,0.0025721588,-0.009629106,0.0023519746,0.003338363,0.0009282767,0.005094546,-0.0049866987,-0.00069379655,-0.0026428362,-0.0016937592,-0.0037688108,-0.0042184736,-0.000829112,-0.005452626,0.011006463,0.0049952352,-0.014385071,0.0060903933,-0.001674366,0.0042312252,-0.015185745,-0.003231103,-0.0087391455,-0.00037726597,-0.017076833,0.0046697417,-0.013316884,0.010595155,-0.007260453,-0.02312131,-0.031100154,-0.02819294,-0.013169518,-0.009615104,-0.018341672,-0.0024987021,-0.030044876,-0.014083981,-0.010516012,-0.022184145,-0.016048713,-0.07983597,-0.04899519,-0.06856708,-0.009689331,-0.15512098,-0.099751204,-0.080852315
/mnt/sdd/caltech_training/multiclass/train/010.Red_winged_Blackbird/Red_Winged_Blackbird_0029_4804.jpg,9,0.0073297955,-0.007147216,-0.003159612,-0.0060093645,0.0005537278,0.001858335,-0.00688504,-0.0017417381,0.0013547246,-0.0076124007,-0.007034729,-0.007184179,0.0075175418,0.0049246405,0.019772978,0.0004376769,-0.012326795,0.015761737,-0.0016840696,0.0038984022,-0.0035093937,-0.0014845517,-0.004342247,-0.0018399847,0.017450571,0.0053927824,-0.015912563,0.0078400085,0.018719492,-0.02551569,-0.03175302,-0.026972964,-0.008949006,-0.018118061,-0.025399935,-0.0018126369,-0.021082234,-0.018710895,-0.01697468,-0.03264451,-0.02316622,-0.0874005,-0.058760703,-0.07990964,-0.0041820845,-0.15809031,-0.10474487,-0.08506145
/mnt/sdd/caltech_training/multiclass/train/010.Red_winged_Blackbird/Red_Winged_Blackbird_0021_3767.jpg,9,0.003912649,-0.007102001,-0.0062718466,0.0029731381,0.0009915226,-0.0073026293,-0.0027943156,-0.0017970586,0.0033091253,-0.0017440821,-0.00049121433,-0.0007376069,0.002706037,0.0015890356,0.01746987,0.0024529377,-0.004547019,0.019205187,0.004186455,-0.0021477866,-0.004769819,-0.014595108,-0.010271314,-0.009324199,0.004783031,-0.010358852,-0.021234967,-0.007411862,-0.010825675,-0.038526952,-0.048788313,-0.045881476,-0.013929378,-0.010896605,-0.008291987,0.006302923,-0.022661693,-0.013708184,-0.010433677,-0.024645556,-0.02731956,-0.08318854,-0.060374703,-0.08504337,-0.0124560315,-0.16115606,-0.11024836,-0.083410144
/mnt/sdd/caltech_training/multiclass/train/010.Red_winged_Blackbird/Red_Winged_Blackbird_0109_4454.jpg,9,0.0038473792,-0.0050364095,-0.004871642,-0.0011906498,-0.0018097109,-0.005237745,-0.0019945833,-0.000642688,0.003961681,-0.011506957,-0.00445468,-0.00016444287,0.01166352,-0.010305072,-5.4317992e-05,-0.009602098,0.010881137,0.016724171,0.011348829,0.0049404246,0.010549147,-0.0066202166,-0.017698998,-0.0083560655,0.007569137,0.0043044025,-0.011839325,0.003301431,0.02240643,-0.038326584,-0.039672635,-0.029703055,-0.0024504694,0.0032574583,-0.008227596,0.011752268,-0.020338275,-0.030425088,-0.01936472,-0.030417398,-0.0077625746,-0.08244107,-0.055545475,-0.08091392,-0.003638382,-0.15025836,-0.10477427,-0.078981996
/mnt/sdd/caltech_training/multiclass/train/010.Red_winged_Blackbird/Red_Winged_Blackbird_0099_3985.jpg,9,-0.00034272097,-0.0057237693,-0.0015764781,0.0019643935,-0.002906237,-0.007028877,-0.0033490201,0.0016794369,-0.0033056322,0.004885722,0.0012529299,0.0010173267,-0.00020461791,0.00022801617,0.0064711673,0.0027129855,-0.0025646351,0.025497535,0.010042373,0.0037526437,0.0120351305,-0.007041242,-0.0075934604,0.002145642,0.009262592,0.003403661,-0.015093775,0.004328524,0.004133717,-0.042937025,-0.058566302,-0.05076597,0.0040356033,-0.020484887,-0.01210053,0.0014102247,-0.032438103,-0.03329204,-0.030542292,-0.044923052,-0.02567954,-0.08481483,-0.065066755,-0.08597689,-0.0071526784,-0.16209227,-0.111200005,-0.08423007
/mnt/sdd/caltech_training/multiclass/train/010.Red_winged_Blackbird/Red_Winged_Blackbird_0023_5257.jpg,9,-0.003248056,-0.0038702684,-0.008961258,-0.0011972175,-0.00466008,-0.007727166,0.0006230822,-0.004995258,-0.0037491815,-0.004475106,-6.61728e-05,-0.001359781,0.0055578374,-0.010974724,0.00022771419,0.00071002287,-0.00013658358,0.010147642,0.004331249,0.0058204164,0.0066907494,0.0028064032,-0.00087781274,0.0017730264,0.020222552,0.0040854593,-0.021643594,-0.0011953628,0.010369454,-0.029751465,-0.040292077,-0.04420191,-0.001413031,0.00045952247,-0.012931565,0.0005783865,-0.0127025675,-0.016117267,-0.011271199,-0.024677422,-0.017211307,-0.08248702,-0.05524218,-0.076761454,-0.00374423,-0.15685168,-0.10465056,-0.08403158
/mnt/sdd/caltech_training/multiclass/train/010.Red_winged_Blackbird/Red_Winged_Blackbird_0078_5372.jpg,9,0.0032814792,-0.0012715242,0.00838089,0.004902692,0.0059403726,0.0044317357,0.0056394674,0.006316036,0.0027131964,0.004235036,-0.0026277232,0.0002371298,-0.0075909924,0.023087736,0.022752658,0.0059295394,-0.018973459,0.007777771,-0.0014384002,-0.0054024556,-0.019200489,0.0034494945,-0.0036183186,0.004097363,-0.008815087,-0.0005245302,-0.02341715,0.0004191813,-0.021078002,-0.044969182,-0.049969584,-0.038624704,-0.006186181,-0.010619339,-0.023713846,-0.0040188255,-0.019950086,-0.020898703,-0.017739566,-0.029090298,-0.01305255,-0.08439853,-0.056158837,-0.07917505,-0.0040619634,-0.15798616,-0.11108023,-0.08659339
/mnt/sdd/caltech_training/multiclass/train/010.Red_winged_Blackbird/Red_Winged_Blackbird_0027_4123.jpg,9,0.0033642375,-0.0042975363,0.0028816017,-0.0001922264,0.001820477,-0.01436461,-0.01397497,-0.014319965,0.0025502031,-0.0015338431,-0.0009283433,-0.0020312723,0.012620958,-0.014080597,0.00053135026,0.004286897,0.0037470227,0.0063225282,0.011293119,0.0056159515,0.0046718684,-0.009001801,-0.020319942,-0.010266997,0.027539391,-0.02583016,-0.022765417,-0.011322518,0.015413663,0.010778417,-0.00043572253,-0.010133935,-0.0043305405,-0.00062350184,-0.015243977,-0.0035625976,0.0004069449,-0.011270702,-0.009296509,-0.015293499,-0.015081588,-0.079542436,-0.053642605,-0.074971795,-0.0046285028,-0.15061712,-0.095643826,-0.07696509
/mnt/sdd/caltech_training/multiclass/train/010.Red_winged_Blackbird/Red_Winged_Blackbird_0059_4612.jpg,9,0.0135497,-0.014049187,0.0004719927,0.004659987,0.0074558314,0.0009017305,-0.0030805978,0.0053416747,0.004569692,-0.00021952158,-0.004663364,0.0017408042,-0.0023112304,-0.011435791,0.0050168065,-0.0059055523,-0.007048107,0.015985852,0.014420027,0.0048860237,-0.004963666,-0.009914915,-0.008761957,-0.008311285,0.0060963947,0.0020716263,-0.015797282,-0.0030992432,0.00739266,-0.03236306,-0.049425025,-0.045701824,-0.005914364,-0.009221261,-0.011726333,-0.0035022984,-0.014145612,-0.02746836,-0.024113916,-0.03856129,-0.00043600984,-0.08710036,-0.058990575,-0.08290516,-0.0018982897,-0.15782264,-0.10499873,-0.0794566
/mnt/sdd/caltech_training/multiclass/train/010.Red_winged_Blackbird/Red_Winged_Blackbird_0046_4242.jpg,9,-0.0039609927,-0.000700598,-0.0072447667,-0.0028663473,0.0032695155,-0.003968898,-0.0039025592,-0.0040801363,0.002619209,-4.332603e-05,-0.0038652997,-0.010183729,0.001228892,0.011362963,0.016854962,0.014064802,-0.00567492,0.010490529,0.007095772,-0.003989757,-0.0075008664,-0.0023996178,-0.0022067055,0.0037931402,0.0065504136,0.014025628,-0.0014727907,0.012729578,0.0026819622,-0.035005555,-0.041381154,-0.028946502,-0.008906844,-0.0005480582,-0.006372422,0.010428746,-0.033408396,-0.008555364,0.004020529,-0.012818776,-0.024398485,-0.08956617,-0.058463037,-0.090507045,-0.00843141,-0.1602087,-0.108846486,-0.08540805
/mnt/sdd/caltech_training/multiclass/train/010.Red_winged_Blackbird/Red_Winged_Blackbird_0010_6386.jpg,9,0.0034841564,0.002043284,0.006922055,0.0023216899,0.0037769899,0.00079265854,-0.0092033185,-0.0092268195,-0.0004460155,-0.0059018624,-0.0047040544,-0.0111009795,0.00015701633,0.024990242,0.023598347,0.01392553,-0.0036013136,0.0070460043,-0.00078228745,-0.0014350037,-0.009370441,-0.015334712,-0.018935665,-0.0015747698,0.0014580283,0.0037307767,-0.0074487957,0.011117731,0.017854283,-0.029477423,-0.05247826,-0.037411556,-0.0050931955,-0.019289073,-0.00963458,-0.0005098176,-0.020274874,-0.015607419,-0.010054439,-0.02820398,-0.011017526,-0.08539395,-0.059589386,-0.08098799,-0.006082435,-0.15671471,-0.105333,-0.08095345
/mnt/sdd/caltech_training/multiclass/train/010.Red_winged_Blackbird/Red_Winged_Blackbird_0058_4141.jpg,9,0.010711986,-0.0018925985,-0.0056909886,-0.005744004,-0.00077760266,-0.004959753,0.00086686376,0.004949149,0.0030723717,-0.0068361023,-0.0041615423,-0.0020418514,0.003173992,-0.0041065873,0.0046570236,-0.0068571954,-0.004566699,-0.0032802878,0.0071350513,-0.008784457,-0.006975955,3.15269e-05,-0.009678058,-0.0024678886,0.01422888,-0.0038085463,-0.017603908,-0.00977052,0.016212873,-0.029661868,-0.047702774,-0.037443772,-0.0067785354,-0.0013969066,-0.013351578,-0.0060070967,-0.012813882,0.0031113056,0.00093705603,-0.0043687047,-0.0013438966,-0.0782599,-0.05170923,-0.08007394,-0.014789082,-0.1566478,-0.10775341,-0.08404826
/mnt/sdd/caltech_training/multiclass/train/010.Red_winged_Blackbird/Red_Winged_Blackbird_0065_4026.jpg,9,-0.004016401,-0.0003287801,0.0049123317,0.002324256,-0.00060675497,0.0041795024,-0.003609094,-0.0014111933,-0.004133933,-0.0146370875,-0.015435605,-0.013441321,-0.0049189064,0.015271574,0.019834323,-0.0033343844,0.006600294,-0.0022959863,-0.0038739187,-0.016139435,-0.01033962,-0.012536186,-0.007114406,-0.008513817,0.019915054,-0.004960688,-0.027490053,-0.002460362,0.011401495,-0.034752615,-0.04877477,-0.040950328,-0.0082946615,-0.0104519,-0.010041519,-0.003460938,-0.02645021,-0.015595558,-0.015059156,-0.020985572,-0.010626708,-0.06644165,-0.045489624,-0.065051965,-0.007822435,-0.16073823,-0.111935265,-0.08493477
/mnt/sdd/caltech_training/multiclass/train/010.Red_winged_Blackbird/Red_Winged_Blackbird_0040_4522.jpg,9,0.0052321367,-0.0022951288,-0.003202498,-0.0073563075,0.005351669,0.0033868542,0.0014562035,0.0005097833,0.004338578,-0.010304088,-0.011093362,-0.0134188505,0.015833937,0.010108741,0.00830394,-0.0019429838,0.0017879251,0.013708583,-0.001393067,-0.00809571,0.002091662,0.0066718115,0.00022116414,0.0048392834,0.022724329,-0.0025774436,-0.012907229,-0.006111366,0.0070101237,-0.012292271,-0.014914691,-0.02006287,-0.009004493,0.0057136165,-0.008899441,0.013296535,-0.02299875,0.00036131777,0.010007868,-0.018666536,-0.020481346,-0.083248764,-0.054363005,-0.07969596,-0.0052581644,-0.15927675,-0.11199787,-0.08837685
/mnt/sdd/caltech_training/multiclass/train/010.Red_winged_Blackbird/Red_Winged_Blackbird_0079_4527.jpg,9,0.00032607536,-0.0068726474,0.00071251614,0.004924861,0.0055327616,0.011983934,0.020306477,0.0041253665,0.0047981488,-0.00097517186,-0.0007535819,0.0018377092,-0.0049419994,0.009063795,0.017287577,0.010743691,-0.011519385,0.0074786507,-0.0009315042,-0.0063617174,0.0008085525,-0.0021443106,-0.00575067,0.0029101553,-0.005599782,-0.0011814313,-0.021856155,-0.0067314967,0.0068575433,-0.03951656,-0.047212955,-0.039445117,-0.001299505,-0.012214182,-0.01207119,-0.0044610547,-0.024943365,-0.01755738,-0.009917079,-0.029193033,-0.009795712,-0.08407126,-0.057080496,-0.08242199,-0.009400643,-0.15453275,-0.10592578,-0.085863
/mnt/sdd/caltech_training/multiclass/train/010.Red_winged_Blackbird/Red_Winged_Blackbird_0071_3988.jpg,9,0.00084535644,-0.005735953,-0.0014759385,-0.00809088,0.0043952535,-0.002762528,-0.0021091874,-0.0042350553,-0.0018590866,-0.00077288685,0.0010640384,-0.0024858858,0.0073554907,-0.007836734,0.0048495447,-0.0036613892,0.011478163,0.010144354,0.008446771,0.0007640901,-0.00097565725,0.00043099723,-0.0006365775,0.005658388,0.012128559,-0.0035418044,-0.016294599,-0.0046995464,0.02302958,-0.017277213,-0.033390276,-0.019827442,-0.0037801526,-0.0027027603,-0.00084044435,0.010396659,-0.0048893173,-0.018744942,-0.012105611,-0.029071622,-0.014816066,-0.081698336,-0.052577227,-0.080547035,-0.009906808,-0.15491843,-0.105269045,-0.080102906
/mnt/sdd/caltech_training/multiclass/train/010.Red_winged_Blackbird/Red_Winged_Blackbird_0096_5019.jpg,9,-0.0052342843,-0.0027143713,0.005666705,0.006876687,-0.0062469523,-0.00447076,-0.005333019,-0.007209601,-0.0021662351,-0.016690519,-0.011430723,-0.010315316,0.004169764,0.002670094,0.019167025,0.002778771,-0.00017068372,-0.00089768553,-0.009275444,0.0014188318,-0.011876487,-0.009647185,-0.008416491,-0.004551652,-0.019044902,-0.0048989346,-0.024798378,0.0011035344,-0.014466163,-0.020110369,-0.03874284,-0.024846207,-0.017127909,-0.014757646,-0.018829722,-0.006670432,-0.025760211,-0.021252885,-0.0133206025,-0.027333338,-0.034879968,-0.09175821,-0.06757449,-0.086609855,-0.011088958,-0.15738076,-0.10799457,-0.08360714
/mnt/sdd/caltech_training/multiclass/train/010.Red_winged_Blackbird/Red_Winged_Blackbird_0032_4004.jpg,9,0.023891108,-0.009324174,-0.006357952,-0.0023629384,0.005009893,0.0040404173,0.0022351216,-0.006762453,0.0036695956,-0.0028162976,-0.0023460772,-0.0006558791,0.0030680106,0.0085826,0.012839863,-0.0026266952,0.002831662,0.0027027195,0.0023542992,-0.004991393,-0.012118847,0.0005754476,0.0025304004,0.0036144755,-0.011844514,0.00021830574,-0.032472864,-0.0046300967,0.013485182,-0.030637309,-0.03450184,-0.044651415,-0.0015733796,0.00028768647,-0.010054736,0.0070682694,-0.020779133,-0.0039011165,-0.005733978,-0.01377663,-0.02027568,-0.08492069,-0.06098132,-0.08645665,-0.009114244,-0.14912927,-0.09993377,-0.078458816
/mnt/sdd/caltech_training/multiclass/train/010.Red_winged_Blackbird/Red_Winged_Blackbird_0001_3695.jpg,9,-0.0017120345,-0.004732779,0.00062815624,-0.004058508,-0.001886061,-0.009469054,-7.569906e-05,0.003982592,0.004047232,-0.0070090457,-0.0013428805,0.00077443756,-0.0014504001,0.0011259951,0.0066758674,-0.00042332476,-0.00665202,-0.006683625,-0.000835242,-0.009677604,-0.0071538896,-0.008436563,-0.01143421,-0.010532615,-0.0035653822,-0.0030539478,-0.012927044,-0.00057916157,-0.00069776876,-0.034060404,-0.044494607,-0.036559515,-0.0024781553,-0.01609708,-0.01865967,-0.0009908194,-0.038919225,-0.022691758,-0.014557568,-0.030231038,-0.021035407,-0.083429456,-0.05436051,-0.07913637,-0.016476886,-0.15445803,-0.10416815,-0.08228756
/mnt/sdd/caltech_training/multiclass/train/010.Red_winged_Blackbird/Red_Winged_Blackbird_0062_4233.jpg,9,0.00040679192,-0.0015947546,-0.0052075996,-0.006789632,-0.0037989395,-0.0012528667,-0.00046358648,-0.0015728516,-0.0024936364,-0.0023391345,-0.008925293,-0.005339642,0.005693399,0.006589785,0.013157601,-0.0003114515,0.002071281,0.0047634775,-0.006765195,-0.011416744,-0.0039725406,0.0019027018,-0.0020901111,0.0044695,-0.008800863,-0.009909021,-0.021854438,-0.009054677,0.011446122,-0.02487902,-0.030522317,-0.02598342,-0.004406969,-0.004816989,-0.019598305,0.004094907,-0.015487554,-0.008326898,-0.00089393556,-0.025299616,-0.016628545,-0.0822275,-0.05174003,-0.07802523,-0.00467222,-0.14948815,-0.101637036,-0.081241876
/mnt/sdd/caltech_training/multiclass/train/010.Red_winged_Blackbird/Red_Winged_Blackbird_0064_4936.jpg,9,0.004635822,-0.00526732,-0.0051708,-0.0063348794,0.0012043167,-0.007807484,0.0022945746,-0.0029830218,-4.02031e-05,-0.0049830815,-0.006856545,-0.0062920707,0.0018327343,-0.0057268147,0.0035228068,-0.0028163134,-0.0057164934,0.015539459,0.009029517,-0.0008475799,-0.009756457,-0.01640206,-0.013741786,-0.012751136,-0.022505883,0.004286296,-0.018125888,0.012499601,-0.027128385,-0.040737145,-0.06156487,-0.049800895,-0.009921692,-0.02594199,-0.023992116,-0.014593511,-0.02064694,-0.030701168,-0.024494004,-0.039005663,-0.023200728,-0.094797775,-0.07170071,-0.09070969,-0.02047591,-0.16162187,-0.110133596,-0.08427142
/mnt/sdd/caltech_training/multiclass/train/010.Red_winged_Blackbird/Red_Winged_Blackbird_0047_3802.jpg,9,0.004388416,-0.0021726415,0.0011775856,-0.009424366,-0.0052919593,0.0076703643,-0.00030473422,-0.00064423506,-0.0021804667,0.0014931276,-0.0041969446,8.887728e-05,0.0037291788,0.0032433597,0.0041553616,-0.0043526078,0.007981468,0.003473932,0.006115125,0.0010536439,0.0032479456,-0.014035998,-0.014488953,-0.012624256,0.005876861,0.0019148346,-0.013853681,0.005609383,-0.00088181836,-0.048413523,-0.054580875,-0.041176856,-0.010592934,-0.010540292,-0.016438058,-0.011857519,-0.014326129,-0.022027774,-0.013556686,-0.033506446,-0.01588967,-0.08150558,-0.053866282,-0.07680762,-0.012950581,-0.16127338,-0.10988323,-0.07999085
/mnt/sdd/caltech_training/multiclass/train/010.Red_winged_Blackbird/Red_Winged_Blackbird_0055_4345.jpg,9,-0.00019649742,-0.0027774274,-0.0021418626,-0.0036288793,-0.0013805104,-0.008569435,-0.008520397,-0.0017222536,-0.0018648977,-0.010674742,-0.006084898,-0.0046867523,-0.006017537,-0.007596699,0.006244514,0.0069729667,0.0015143333,0.013581375,-0.0082075,-0.009403676,-0.0009052225,0.0032250714,-0.005532082,-0.004223476,-0.0025826562,-0.0028780648,-0.023765873,-0.009320259,-0.020196991,-0.03936664,-0.04998541,-0.043678895,-0.018577047,-0.015449102,-0.01471124,0.0003300896,-0.0460495,-0.022382502,-0.012570748,-0.031004015,-0.030219458,-0.089800745,-0.06497187,-0.08695957,-0.014398421,-0.15903604,-0.1081,-0.08420382
/mnt/sdd/caltech_training/multiclass/train/010.Red_winged_Blackbird/Red_Winged_Blackbird_0007_3706.jpg,9,-0.0058323788,-0.0044137104,-0.003002272,-0.0043771924,-0.0037784043,-0.012846493,-0.0077536004,0.001098531,0.00011015864,-0.0027181625,-0.006053592,-0.0050940556,-0.0003945172,-0.009854165,0.00996645,-0.0023759287,-0.00841797,0.003439899,0.0011538337,-0.013494844,-0.006474273,-0.0023454092,-0.001179513,-0.0019110632,0.006861381,0.007858783,-0.0085390825,0.011128111,0.007464085,-0.011419429,-0.030572448,-0.018507263,-0.011647236,0.002915633,-0.004514681,0.008064954,-0.012990005,-0.022154413,-0.011801809,-0.016753616,-0.027700914,-0.08204319,-0.054348428,-0.08032603,-0.008631716,-0.15922728,-0.10732727,-0.081770085
/mnt/sdd/caltech_training/multiclass/train/010.Red_winged_Blackbird/Red_Winged_Blackbird_0020_4050.jpg,9,-0.0028711797,-0.0011179951,0.00024025983,-0.008207794,-0.0022076764,-0.0070085973,-0.0041371956,-0.001705755,-0.001213253,-0.00821218,-0.009839338,-0.005699978,-0.0026588377,0.008555532,0.0060963305,0.0051524043,-0.009260851,-0.014527049,-0.012104875,0.00022732932,-0.000926416,-0.008487476,-0.010315891,-0.008092614,0.00653927,-0.010676801,-0.022250712,-0.0033802688,0.008491863,-0.0077034123,-0.020791233,-0.024589706,-0.011097781,-0.013856387,-0.017789528,-0.009087277,-0.026864707,-0.015747422,-0.0119272815,-0.025166156,-0.01772975,-0.096680135,-0.06742318,-0.086613484,-0.013223196,-0.15210877,-0.09987487,-0.0798855
/mnt/sdd/caltech_training/multiclass/train/010.Red_winged_Blackbird/Red_Winged_Blackbird_0006_6005.jpg,9,-0.006406836,-0.0023308229,-0.0008997132,0.0040496495,-0.0008155476,-0.005232771,-0.0040198043,0.005990939,-0.0037877138,0.0053524543,0.0026203373,0.00012480695,-0.0011601464,0.006068671,0.00921241,0.010520155,-0.006582852,0.020707533,-0.004610925,0.00015114085,-0.0028859351,-0.0046018516,-0.010124381,-0.0055267564,0.0024437057,-0.0036869836,-0.009124951,0.0073979977,0.013516735,-0.033944264,-0.04992589,-0.030673753,0.007633484,-0.0054222466,-0.015056523,0.005385996,-0.010144269,-0.011756401,-0.0040316735,-0.025637051,-0.013011098,-0.08869759,-0.05506268,-0.08658257,-0.0013266511,-0.15931869,-0.10610034,-0.084756345
/mnt/sdd/caltech_training/multiclass/train/010.Red_winged_Blackbird/Red_Winged_Blackbird_0049_5598.jpg,9,0.0013035585,-0.009494023,-0.0073003233,-0.005600889,-0.0028702442,-0.0057767467,-0.0040119914,-0.0042276196,-0.0003342696,-0.003434972,0.0051845023,0.005026199,0.0021318658,0.0038959219,0.022933617,0.0061362884,-0.0036775228,0.021355573,0.0025829845,-0.008259032,-0.0059960866,-0.004130981,-0.005185064,-0.0012775642,0.00043174857,-0.0047181784,-0.010705282,0.0043996745,-0.0057951338,-0.0144322915,-0.029098526,-0.01579837,-0.013760602,-0.0027660276,-0.016182274,5.30025e-05,-0.0093804095,-0.024489643,-0.007496279,-0.029635822,-0.014561297,-0.085278444,-0.047212243,-0.075855136,-0.0002837347,-0.15443864,-0.10768818,-0.08407199
/mnt/sdd/caltech_training/multiclass/train/010.Red_winged_Blackbird/Red_Winged_Blackbird_0061_4196.jpg,9,-0.0031395478,0.005564606,0.0018116873,0.0005464753,-0.00085543876,-0.0038979752,0.0014244005,-0.0051089916,0.0021099127,-0.002662014,-0.0029851387,-0.011203463,0.0030029076,-0.008464226,-0.0045406576,0.0006719555,-0.0011303043,0.004749357,-0.0025109649,-0.018170774,-0.003932898,0.003175874,-0.0034213224,-0.0002630474,-0.003838589,0.004985424,-0.015485458,0.012175844,-0.00795195,-0.021160617,-0.03182736,-0.018416082,-0.0064115776,0.0018499154,-0.011052571,0.0020667869,0.0014622733,-0.010880947,-0.0025039702,-0.017832184,-0.0082941,-0.08613606,-0.049376488,-0.08136231,-0.0097395,-0.15234101,-0.0999414,-0.08137739
/mnt/sdd/caltech_training/multiclass/train/010.Red_winged_Blackbird/Red_Winged_Blackbird_0017_4116.jpg,9,0.006788088,-0.009598682,-0.006528796,-0.0026594559,0.0032675355,0.0026986585,-0.0052507524,-0.003170975,-0.00024868656,-0.007875901,-0.013334604,-0.01688639,0.004594789,0.0043888954,0.008903196,0.014500793,-0.01237731,0.018970706,0.010561997,-0.0017581866,-0.003941675,-0.0038582406,-0.0071314797,0.0014896392,0.009385214,-0.012276644,-0.008926792,0.0010289373,0.017732028,-0.004520905,-0.019456055,-0.014937386,0.0030381433,0.007855871,-0.001887437,0.015224259,-0.008477618,-0.017588709,-0.010691714,-0.029841652,0.0026476306,-0.084305786,-0.056563698,-0.08370548,-0.005420101,-0.16190645,-0.10855734,-0.08623519
/mnt/sdd/caltech_training/multiclass/train/010.Red_winged_Blackbird/Red_Winged_Blackbird_0042_3635.jpg,9,0.0010353685,-0.0072710607,-0.0070170322,-0.002770579,-0.008678762,0.0028739092,0.0016774798,-0.0040395074,0.0001414122,-0.0009997219,-0.010804457,-0.0048134075,0.0040759807,-0.002832598,0.015163071,-0.0011751982,0.0037653453,0.019040009,0.017113581,-0.0015225979,0.015514901,-0.004587395,-0.0065056114,-0.0028722407,0.023147402,0.011913335,-0.0271243,0.004791433,0.020505097,-0.03429742,-0.05047723,-0.044098556,0.0015664031,-0.0076845475,-0.006424628,-0.001966875,-0.029333316,-0.0047925226,-0.0023501227,-0.02572643,-0.009599172,-0.083778806,-0.056118988,-0.07413407,-0.007525152,-0.15161175,-0.102571875,-0.0806919
/mnt/sdd/caltech_training/multiclass/train/010.Red_winged_Blackbird/Red_Winged_Blackbird_0053_4072.jpg,9,0.0077107344,0.0038545146,0.0018342469,-0.00023957642,0.0014535636,-0.0036526704,-0.0021893294,0.0013652039,-0.00048180608,-0.0060480633,-0.0074614747,-0.009705643,-0.003016481,-0.0037896256,0.015692301,0.0011908042,-0.0053838072,0.023109913,0.016518679,0.009104006,0.0065668044,-0.0012565947,0.0018042073,0.0036041923,0.010782601,0.0042786268,-0.011175404,0.009138802,-0.001896413,-0.022947505,-0.031308457,-0.0238025,-0.018398263,0.00086540636,-0.0034783403,0.0061683822,-0.032537,-0.0019820584,-0.004824952,-0.017552674,-0.024242371,-0.086507484,-0.05940994,-0.08828887,-0.009728496,-0.16158825,-0.108316615,-0.08774684
/mnt/sdd/caltech_training/multiclass/train/010.Red_winged_Blackbird/Red_Winged_Blackbird_0052_5575.jpg,9,-0.004611852,-0.00092670525,0.004867263,0.0065180543,-0.006075992,-0.00045450882,-0.0021023848,-0.009271293,-0.0034293865,-0.0027944827,-0.0005749213,-0.00454695,-0.0035489977,0.012949193,0.017599776,0.0076914695,0.0030355398,0.002915998,0.024091313,0.007832846,0.0072447076,-0.0030363004,-0.0049373237,-0.0043218685,0.011275586,0.007502039,-0.011077207,0.008049679,0.006683291,-0.020439837,-0.032017056,-0.027364068,-0.0075284783,-0.0004630587,-0.00575612,0.011135027,-0.022684783,-0.011704029,-0.008318847,-0.025043897,-0.021811863,-0.080595225,-0.058964107,-0.08028158,-0.012625566,-0.15394008,-0.10194339,-0.08262626
/mnt/sdd/caltech_training/multiclass/train/010.Red_winged_Blackbird/Red_Winged_Blackbird_0024_4180.jpg,9,-0.0073847184,-0.016376605,-0.0032622574,-0.0047041713,-0.0016753416,-0.002269954,-0.010140091,-0.0042891083,-0.0012900356,0.0039367485,-0.0012207965,-0.0016260516,-0.0023371258,-0.0062341252,0.012952736,0.012232682,-0.010591065,0.021021174,0.0024200517,-0.0072773416,-0.0051684543,0.0022821347,0.0031652125,-0.00024478207,0.0021931701,-0.0055457135,-0.013415509,0.0006674919,0.021636328,-0.0047347164,-0.01971305,-0.00041889306,-0.0007629215,-0.009734431,-0.01973512,0.0012000818,-0.011215452,-0.022061743,-0.012812467,-0.028083365,-0.016715461,-0.08238296,-0.05275496,-0.0762267,-0.00549485,-0.15445285,-0.10336059,-0.081749216
/mnt/sdd/caltech_training/multiclass/train/010.Red_winged_Blackbird/Red_Winged_Blackbird_0089_4188.jpg,9,0.009411901,-0.0009866881,-0.008418038,-0.008857217,0.007806704,-0.006556512,-0.008217609,-0.007330255,0.006532097,-0.0004047932,0.003651977,0.002069012,0.0031624604,0.0007019099,0.018047696,0.012652407,0.005107683,0.020993602,0.019237407,0.010108022,0.0019961537,-0.00070829527,-0.0040217456,-0.0011803163,0.032550022,0.0034451517,-0.006441674,0.010329656,0.027930843,-0.013308187,-0.014997702,-0.021800248,-0.016380243,0.007012424,-0.0010375865,0.014612996,-0.018810522,-0.009358999,0.0029873326,-0.016085844,-0.0034365905,-0.08397098,-0.061332606,-0.079399586,-0.0063501634,-0.15586728,-0.11266237,-0.08610068
/mnt/sdd/caltech_training/multiclass/train/010.Red_winged_Blackbird/Red_Winged_Blackbird_0012_6015.jpg,9,0.0041322736,-0.005559285,-0.002516468,0.0019148224,0.005203592,0.0034843306,0.0008894111,-0.0075449524,0.002854549,-0.0034824582,-0.0058416743,-0.0048807436,0.00077724305,0.010286944,0.017284613,0.0010390335,0.0075548105,0.0044348165,-0.005365204,-0.012560058,-0.0017657161,-0.0133505,-0.010730734,-0.011389202,-0.008235151,0.00075735105,-0.014022967,0.0074036415,-0.010785989,-0.023680938,-0.05065707,-0.027595337,-0.004298088,-0.021654842,-0.02646915,-0.018267276,-0.008663222,-0.035816345,-0.028546285,-0.039195273,-0.01787058,-0.08694366,-0.053402886,-0.08196963,-0.0075094327,-0.1549565,-0.104823306,-0.08476657
/mnt/sdd/caltech_training/multiclass/train/010.Red_winged_Blackbird/Red_Winged_Blackbird_0005_5636.jpg,9,0.021546721,-0.001405247,0.0069007315,0.002533013,0.0036162324,-0.0009880507,-0.0022536765,-0.0032309256,0.0040383087,0.0013195712,0.0019074734,0.00072479714,0.0022019024,0.01546974,0.017384343,0.012138793,0.005542646,0.03430521,0.018935753,0.019998815,0.0075370492,0.0004254186,0.0037102862,0.009859275,0.0025448094,0.015447004,-0.005501882,0.0011351923,-0.0052290703,-0.018654492,-0.025466003,-0.031634904,-0.00721556,0.013308846,0.006359972,0.026800008,-0.014609674,0.0011897571,0.005513791,-0.006604407,-0.004193599,-0.07832089,-0.059726197,-0.08505792,-0.004390995,-0.16227831,-0.11188766,-0.08808936
/mnt/sdd/caltech_training/multiclass/train/010.Red_winged_Blackbird/Red_Winged_Blackbird_0045_4526.jpg,9,0.0020227632,-0.008941348,-0.0014176059,-0.0030305348,0.0016750203,-0.00046715,7.322384e-05,-4.0751416e-05,0.0025829463,0.001523474,-0.0002207848,-0.009475189,0.0017067933,-0.0015232335,0.018798254,0.0024534045,-0.0058283033,0.006653562,0.007845779,-0.012023292,-0.0061174184,-0.011080025,-0.016811892,-0.015779717,0.006263014,0.014093193,0.005134466,0.022179175,0.010084972,-0.003739372,-0.024180258,-0.014770135,-0.0024663298,0.00027380837,-0.013513381,-0.004975514,-0.029495029,-0.008385709,-0.0055074734,-0.023322202,-0.013775529,-0.07953765,-0.055976026,-0.07747212,-0.005116866,-0.15329906,-0.09945613,-0.08276182
/mnt/sdd/caltech_training/multiclass/train/010.Red_winged_Blackbird/Red_Winged_Blackbird_0072_4338.jpg,9,0.0060619917,-0.011404843,0.0034105491,-0.0009798764,-0.00088424253,-0.007659037,-0.008785596,-0.006378172,0.0013100088,-0.0044514053,-0.009337403,-0.014853865,0.005237272,0.00059043476,0.015798027,0.0007957285,-0.0067236205,0.0040112818,0.003012959,-0.0020520538,-0.008344258,-0.00975606,-0.011642799,-0.0018612852,0.0031718384,0.004112684,-0.013513512,0.009521199,7.148925e-05,-0.031305425,-0.04357544,-0.03915845,-0.009020496,-0.017132694,-0.017088624,-0.01195495,-0.02924541,-0.02732497,-0.013532319,-0.028785603,-0.01762282,-0.08583835,-0.059570618,-0.08373122,-0.0076163737,-0.15839818,-0.10810669,-0.08576995
/mnt/sdd/caltech_training/multiclass/train/010.Red_winged_Blackbird/Red_Winged_Blackbird_0081_6081.jpg,9,0.01288247,-0.0103107635,-0.0032637196,-0.007100188,0.0099323895,-0.0077321697,-0.005403814,-0.0062927036,0.0036966167,-0.0054715066,-0.011371698,-0.011980034,0.008132514,0.0043541687,0.008947086,-0.000101236044,0.010733188,0.008659538,-0.004645932,-0.00526648,0.0041540912,-0.017634947,-0.018655866,-0.0128760915,0.027128665,-0.0054439493,-0.029400637,-0.007899463,0.022813698,-0.03582884,-0.042774547,-0.032333456,0.008459186,-0.014574486,-0.021149702,-0.01490259,-0.009845876,-0.029848536,-0.025940696,-0.038318243,-0.025376923,-0.09041167,-0.06438421,-0.08328076,-0.0063226633,-0.15595967,-0.104463935,-0.08267336
/mnt/sdd/caltech_training/multiclass/train/010.Red_winged_Blackbird/Red_Winged_Blackbird_0088_4007.jpg,9,-0.0061132167,-0.00051070336,-0.0010787064,-0.006437797,-0.002051788,0.00048297946,0.003060704,0.00059520407,-0.0011738158,-0.0031054802,-0.0048535094,-0.010509362,0.0033762858,0.010933613,0.018028853,0.0030170209,-0.010441236,0.010320811,0.0049329703,-0.012475813,-0.0040441668,-0.0020622318,-0.005737762,0.0009445307,-0.0018281983,0.0020548808,-0.009745682,0.005455829,-0.011670671,-0.025443146,-0.027107542,-0.021308053,-0.010999093,0.0041567152,-0.009131669,0.013568116,-0.017708905,-0.010457136,-0.008031759,-0.02463064,-0.03108018,-0.08539994,-0.056943737,-0.08193517,-0.008348229,-0.15857252,-0.10534339,-0.081906274
