Full filepath,Full Class Index,sensitivityscore_before_features.7,sensitivityscore_before_features.19,sensitivityscore_before_features.20,sensitivityscore_before_features.21,sensitivityscore_before_features.22,sensitivityscore_before_features.23,sensitivityscore_before_features.24,sensitivityscore_before_features.25,sensitivityscore_before_features.26,sensitivityscore_before_features.27,sensitivityscore_before_features.28
/mnt/sdd/caltech_training/multiclass/train/001.Black_footed_Albatross/Black_Footed_Albatross_0007_796138.jpg,0,0.008432113,0.018499367,0.018560098,0.021669041,0.019471513,0.021329734,0.009631647,0.032894693,0.052824475,0.06057827,0.03236982
/mnt/sdd/caltech_training/multiclass/train/001.Black_footed_Albatross/Black_Footed_Albatross_0047_796064.jpg,0,0.0025033206,-0.0016809197,0.0046988158,-0.00013012369,0.0045867474,0.014250709,0.011094563,0.006288569,0.052566927,0.046479885,0.020702604
/mnt/sdd/caltech_training/multiclass/train/001.Black_footed_Albatross/Black_Footed_Albatross_0036_796127.jpg,0,0.0028649992,0.01875899,0.018693436,0.0024081438,0.007981872,0.019957617,-0.0022753873,-0.0036529943,0.049297374,0.047914527,0.007165821
/mnt/sdd/caltech_training/multiclass/train/001.Black_footed_Albatross/Black_Footed_Albatross_0026_796095.jpg,0,0.0076283836,0.00947886,0.009018353,0.010475354,0.0075506214,0.0057795844,0.0068381736,0.009028137,0.06949532,0.06292239,0.021365095
/mnt/sdd/caltech_training/multiclass/train/001.Black_footed_Albatross/Black_Footed_Albatross_0010_796097.jpg,0,0.0028458266,0.014675647,0.015738605,0.017379375,0.016530322,0.022377286,0.01860995,0.02842168,0.060692534,0.07333401,0.026651418
/mnt/sdd/caltech_training/multiclass/train/001.Black_footed_Albatross/Black_Footed_Albatross_0069_796139.jpg,0,0.0017397691,0.013905631,0.024788158,0.009788914,0.01128727,0.025035962,0.054280847,0.02449436,0.05504202,0.0705356,0.030168165
/mnt/sdd/caltech_training/multiclass/train/001.Black_footed_Albatross/Black_Footed_Albatross_0067_170.jpg,0,0.0037303418,0.0065276013,0.013595028,0.00983836,0.0056984667,0.018787917,0.035460718,0.039401893,0.040455557,0.049028195,0.022499979
/mnt/sdd/caltech_training/multiclass/train/001.Black_footed_Albatross/Black_Footed_Albatross_0090_796077.jpg,0,0.0024771066,0.02306685,0.026720695,0.009280473,0.0079252515,0.013863722,0.030527618,0.0130703235,0.050075356,0.056099623,0.031011907
/mnt/sdd/caltech_training/multiclass/train/001.Black_footed_Albatross/Black_Footed_Albatross_0035_796140.jpg,0,0.005827396,0.0126313865,0.024906406,0.002683548,0.01480734,0.01631457,0.031045206,0.027920207,0.06923388,0.067797095,0.036273904
/mnt/sdd/caltech_training/multiclass/train/001.Black_footed_Albatross/Black_Footed_Albatross_0076_417.jpg,0,0.0068293726,0.02637475,0.031020401,0.008817826,0.01467378,0.037202246,0.040116668,0.025462855,0.032632012,0.045637153,0.032666482
/mnt/sdd/caltech_training/multiclass/train/001.Black_footed_Albatross/Black_Footed_Albatross_0080_796096.jpg,0,0.0027873248,-0.003548949,5.349517e-06,0.013734313,0.0113898795,0.016028438,-0.004395005,0.01612968,0.06335437,0.05792009,0.0338007
/mnt/sdd/caltech_training/multiclass/train/001.Black_footed_Albatross/Black_Footed_Albatross_0061_796082.jpg,0,0.0034454442,0.026175553,0.027812999,0.015894754,0.013793533,0.035743095,0.059049528,0.05329626,0.066915736,0.06921941,0.045709167
/mnt/sdd/caltech_training/multiclass/train/001.Black_footed_Albatross/Black_Footed_Albatross_0003_796136.jpg,0,0.0049001416,0.01059245,0.017011542,0.0099019,0.004450853,0.015454306,-0.0011224567,-0.0017736136,0.06292697,0.061919384,0.03389439
/mnt/sdd/caltech_training/multiclass/train/001.Black_footed_Albatross/Black_Footed_Albatross_0079_796122.jpg,0,0.005175823,0.0073867245,0.013250171,0.0010818876,0.0051016808,-0.012602244,0.027549611,0.008940754,0.033453494,0.022958754,0.021753624
/mnt/sdd/caltech_training/multiclass/train/001.Black_footed_Albatross/Black_Footed_Albatross_0082_796121.jpg,0,0.0015924439,0.0009866583,0.009963658,0.005380448,0.008237967,0.010122388,0.008760385,0.005373452,0.057994258,0.062811136,0.033686265
/mnt/sdd/caltech_training/multiclass/train/001.Black_footed_Albatross/Black_Footed_Albatross_0064_796101.jpg,0,0.0009336905,0.0149167925,0.021145958,0.017110972,0.019856246,0.03863427,0.029149706,0.025607731,0.05512646,0.060249344,0.03099468
/mnt/sdd/caltech_training/multiclass/train/001.Black_footed_Albatross/Black_Footed_Albatross_0042_796071.jpg,0,0.005467669,0.026641846,0.027961534,0.013048023,0.008541804,0.027603671,0.051364534,0.051942915,0.06969492,0.07555395,0.03278999
/mnt/sdd/caltech_training/multiclass/train/001.Black_footed_Albatross/Black_Footed_Albatross_0068_796135.jpg,0,-0.0004648472,0.016666638,0.01780381,0.005501869,0.014039536,0.02887323,0.040302686,0.04025165,0.052649155,0.06268297,0.030724565
/mnt/sdd/caltech_training/multiclass/train/001.Black_footed_Albatross/Black_Footed_Albatross_0031_100.jpg,0,-0.0014316002,0.0033091095,0.004832443,0.0014210674,0.009135572,-0.0056579,0.004005442,-0.00028856355,0.028338626,0.033595536,0.010961786
/mnt/sdd/caltech_training/multiclass/train/001.Black_footed_Albatross/Black_Footed_Albatross_0014_89.jpg,0,0.0006462354,0.0012109369,0.0025428438,0.0073527647,0.00857115,0.02143199,0.009689569,0.011644322,0.06075079,0.07177252,0.023983527
/mnt/sdd/caltech_training/multiclass/train/001.Black_footed_Albatross/Black_Footed_Albatross_0033_796086.jpg,0,0.00044163983,0.016302,0.015744615,0.008688433,0.011245319,0.016359013,0.015138989,0.02692665,0.061334565,0.065514214,0.037079327
/mnt/sdd/caltech_training/multiclass/train/001.Black_footed_Albatross/Black_Footed_Albatross_0024_796089.jpg,0,0.0011285327,0.0031280247,0.011126877,0.008127884,0.014068627,0.033729754,0.012914026,0.015183878,0.05194982,0.06308727,0.023884706
/mnt/sdd/caltech_training/multiclass/train/001.Black_footed_Albatross/Black_Footed_Albatross_0005_796090.jpg,0,0.00021241777,0.01445515,0.017310422,0.004941149,0.015429734,0.025907077,0.035770547,0.039308082,0.038393926,0.058149815,0.023756778
/mnt/sdd/caltech_training/multiclass/train/001.Black_footed_Albatross/Black_Footed_Albatross_0023_796059.jpg,0,0.0015805786,0.011680225,0.018246278,0.008711698,0.0133850705,0.009372676,0.02321516,0.037710577,0.05606816,0.08209217,0.025724892
/mnt/sdd/caltech_training/multiclass/train/001.Black_footed_Albatross/Black_Footed_Albatross_0074_59.jpg,0,-0.003066756,0.006852513,0.008120121,0.01370313,0.012063131,0.02733342,0.01297255,0.014237437,0.07321821,0.05282352,0.02613617
/mnt/sdd/caltech_training/multiclass/train/001.Black_footed_Albatross/Black_Footed_Albatross_0085_92.jpg,0,0.0065854965,0.020079216,0.016864562,0.016710665,0.013504677,0.03895977,0.018991098,0.012915367,0.04656913,0.046700932,0.024858803
/mnt/sdd/caltech_training/multiclass/train/001.Black_footed_Albatross/Black_Footed_Albatross_0077_796114.jpg,0,-0.00070405705,0.007628307,0.01536073,0.018871542,0.013685409,0.031008134,0.0041525466,0.009868721,0.03815225,0.025877483,0.007837545
/mnt/sdd/caltech_training/multiclass/train/001.Black_footed_Albatross/Black_Footed_Albatross_0049_796063.jpg,0,0.0026874342,-0.010597327,0.0004621806,0.0074793804,-0.0032899117,0.004799314,0.0023567546,0.014158753,0.028396761,0.025562035,-0.0011163952
/mnt/sdd/caltech_training/multiclass/train/001.Black_footed_Albatross/Black_Footed_Albatross_0065_796068.jpg,0,-0.0025953217,-0.0002093818,0.006851769,0.008298869,0.007341263,0.019349992,0.017624304,0.015944775,0.046920434,0.060474355,0.025569513
/mnt/sdd/caltech_training/multiclass/train/001.Black_footed_Albatross/Black_Footed_Albatross_0009_34.jpg,0,-0.00050640956,0.011437759,0.014501,0.015041105,0.008698994,0.030878996,-0.0016234713,-0.0064871726,0.04884263,0.045513783,0.01908198
/mnt/sdd/caltech_training/multiclass/train/001.Black_footed_Albatross/Black_Footed_Albatross_0089_796069.jpg,0,0.00053342956,0.020513542,0.02230864,0.010980914,0.018367523,0.046939448,0.04836142,0.04361573,0.06875132,0.078553975,0.031352006
/mnt/sdd/caltech_training/multiclass/train/001.Black_footed_Albatross/Black_Footed_Albatross_0041_796108.jpg,0,0.0006502946,0.0027888324,0.014768129,0.014201895,0.019278172,0.0364649,0.009036263,0.025284074,0.0766091,0.06998725,0.027497636
/mnt/sdd/caltech_training/multiclass/train/001.Black_footed_Albatross/Black_Footed_Albatross_0081_426.jpg,0,0.0005338101,0.001957559,-8.7326625e-06,0.0020202713,0.0028776382,-0.0036248504,0.015707206,0.0046446985,0.043008342,0.04546638,0.027256472
/mnt/sdd/caltech_training/multiclass/train/001.Black_footed_Albatross/Black_Footed_Albatross_0056_796078.jpg,0,0.0037546684,-0.0043016835,0.009587553,-0.0011818288,0.005585289,-0.0022956922,0.035098594,0.032222956,0.04890519,0.039473247,0.032069575
/mnt/sdd/caltech_training/multiclass/train/001.Black_footed_Albatross/Black_Footed_Albatross_0038_212.jpg,0,0.003540611,0.017007418,0.02741567,0.0049798884,0.0115707815,0.018609412,0.04848373,0.039677694,0.048747048,0.042158425,0.033178575
/mnt/sdd/caltech_training/multiclass/train/001.Black_footed_Albatross/Black_Footed_Albatross_0037_796120.jpg,0,0.00033391494,0.015023946,0.019907141,0.015461058,0.010723061,0.020254983,0.013762256,0.01183414,0.070335835,0.07345091,0.029516226
/mnt/sdd/caltech_training/multiclass/train/001.Black_footed_Albatross/Black_Footed_Albatross_0002_55.jpg,0,-0.0018783435,0.02217944,0.026902124,0.012460227,0.017398218,0.034655593,0.044103265,0.022239916,0.055348545,0.06612626,0.035963718
/mnt/sdd/caltech_training/multiclass/train/001.Black_footed_Albatross/Black_Footed_Albatross_0025_796057.jpg,0,-0.0022686587,0.003863983,-0.0053509,0.0012655295,0.003417077,-0.0020433515,-0.0010305145,-0.008890007,0.02228537,0.010053922,0.011931024
/mnt/sdd/caltech_training/multiclass/train/001.Black_footed_Albatross/Black_Footed_Albatross_0008_796083.jpg,0,0.0015013887,0.0017838887,-0.0025643636,0.009653255,0.009062148,0.019613322,-0.013520637,-0.005150337,0.05919696,0.03621664,0.020740502
/mnt/sdd/caltech_training/multiclass/train/001.Black_footed_Albatross/Black_Footed_Albatross_0078_796126.jpg,0,0.00074255385,0.0020235586,-0.00040476245,-0.003711555,-0.0032673217,-0.0018393481,-0.007849037,0.0017495886,0.058836963,0.04691046,0.0325592
/mnt/sdd/caltech_training/multiclass/train/001.Black_footed_Albatross/Black_Footed_Albatross_0039_796132.jpg,0,0.009434784,0.030325824,0.02974263,0.017160736,0.021144666,0.03167199,0.04369294,0.061632276,0.06678769,0.060995486,0.04267462
/mnt/sdd/caltech_training/multiclass/train/001.Black_footed_Albatross/Black_Footed_Albatross_0006_796065.jpg,0,0.00311446,0.018026982,0.027721122,0.009539876,0.011764899,0.019923188,0.02728396,0.030636184,0.06959781,0.056821052,0.0290666
/mnt/sdd/caltech_training/multiclass/train/001.Black_footed_Albatross/Black_Footed_Albatross_0032_796115.jpg,0,-0.00037168444,0.01841498,0.017460955,0.016202396,0.013778732,0.03214991,0.025133874,0.03253917,0.07107332,0.085080765,0.043078154
/mnt/sdd/caltech_training/multiclass/train/001.Black_footed_Albatross/Black_Footed_Albatross_0071_796113.jpg,0,-0.0013787148,0.018054103,0.011329346,0.0076895757,0.012754458,0.021548957,0.016486483,0.010842527,0.07302803,0.06501772,0.0221921
/mnt/sdd/caltech_training/multiclass/train/001.Black_footed_Albatross/Black_Footed_Albatross_0051_796103.jpg,0,0.0058810716,0.017324187,0.010430288,0.009182276,0.010051545,0.009132245,0.027612988,0.020113688,0.05018536,0.06536493,0.028692745
/mnt/sdd/caltech_training/multiclass/train/001.Black_footed_Albatross/Black_Footed_Albatross_0016_796067.jpg,0,-0.0015262649,0.016169718,0.013940858,0.005987827,0.010909426,0.02815191,0.031636946,0.03144634,0.055701934,0.061768763,0.029822089
/mnt/sdd/caltech_training/multiclass/train/001.Black_footed_Albatross/Black_Footed_Albatross_0088_796133.jpg,0,0.00090344774,0.009023289,0.014765219,0.0071364488,0.016412778,0.03346598,0.0058326917,0.018622067,0.08675877,0.07829702,0.025462668
/mnt/sdd/caltech_training/multiclass/train/001.Black_footed_Albatross/Black_Footed_Albatross_0053_796109.jpg,0,-0.0053111054,0.010262089,0.020442778,0.0051489524,0.009030562,0.013237487,0.019109499,0.011959191,0.047490537,0.04609809,0.027260084
/mnt/sdd/caltech_training/multiclass/train/002.Laysan_Albatross/Laysan_Albatross_0061_563.jpg,1,0.0058914227,0.028763233,0.03349533,0.021370115,0.016350145,0.04634094,0.045326516,0.050989226,0.1029998,0.093941495,0.04409131
/mnt/sdd/caltech_training/multiclass/train/002.Laysan_Albatross/Laysan_Albatross_0017_614.jpg,1,0.0054543596,0.014347632,0.0194692,0.012825123,0.008885793,0.045110717,0.039197493,0.03550301,0.06932172,0.06405639,0.04224424
/mnt/sdd/caltech_training/multiclass/train/002.Laysan_Albatross/Laysan_Albatross_0035_876.jpg,1,0.0018663794,0.018932022,0.009899826,0.006410177,0.010041834,0.018886697,0.001410876,0.00088097353,0.07557178,0.05830521,0.024391152
/mnt/sdd/caltech_training/multiclass/train/002.Laysan_Albatross/Laysan_Albatross_0040_472.jpg,1,0.0047311597,0.013877799,0.010908553,0.013844568,0.010801898,0.02479149,0.028253308,0.037534676,0.07799335,0.088392176,0.03895392
/mnt/sdd/caltech_training/multiclass/train/002.Laysan_Albatross/Laysan_Albatross_0073_927.jpg,1,0.003372471,0.0037548947,0.0121163055,0.007298773,3.485242e-06,0.03667333,0.007628723,0.00015176646,0.07136525,0.06351316,0.03841667
/mnt/sdd/caltech_training/multiclass/train/002.Laysan_Albatross/Laysan_Albatross_0076_671.jpg,1,0.0027533649,0.006946097,0.007286601,0.008188529,0.008130084,0.019156983,0.029472874,0.023361217,0.068238884,0.062613815,0.035422184
/mnt/sdd/caltech_training/multiclass/train/002.Laysan_Albatross/Laysan_Albatross_0002_1027.jpg,1,-0.0005879953,0.011447326,0.024460843,0.012972804,0.016799146,0.04158933,0.027589243,0.019587353,0.0722267,0.070042424,0.04058148
/mnt/sdd/caltech_training/multiclass/train/002.Laysan_Albatross/Laysan_Albatross_0012_696.jpg,1,0.0050057354,0.029571064,0.029774535,0.014013543,0.011757048,0.0521011,0.031404637,0.03331849,0.10179779,0.08122232,0.04326959
/mnt/sdd/caltech_training/multiclass/train/002.Laysan_Albatross/Laysan_Albatross_0005_565.jpg,1,0.0012499406,0.014062405,0.026926517,0.006498065,0.013949827,0.027205803,0.0437796,0.046207406,0.06425986,0.06185782,0.033267643
/mnt/sdd/caltech_training/multiclass/train/002.Laysan_Albatross/Laysan_Albatross_0042_801.jpg,1,0.008150109,0.01822355,0.024646787,0.013351008,0.013752898,0.035857975,0.033431023,0.019270372,0.07234512,0.052328467,0.040300556
/mnt/sdd/caltech_training/multiclass/train/002.Laysan_Albatross/Laysan_Albatross_0096_673.jpg,1,0.004842087,0.006597396,0.009198679,0.009893677,0.016788615,0.021579728,0.027655821,0.031075228,0.02386501,0.038290318,0.040966384
/mnt/sdd/caltech_training/multiclass/train/002.Laysan_Albatross/Laysan_Albatross_0081_800.jpg,1,0.006837031,0.011323076,0.018009774,0.012976825,0.0073730494,0.011678651,0.021636663,0.019821398,0.07036416,0.055858035,0.043569703
/mnt/sdd/caltech_training/multiclass/train/002.Laysan_Albatross/Laysan_Albatross_0058_637.jpg,1,0.004542448,0.01891248,0.023916101,0.012191222,0.009720821,0.02591764,0.03432205,0.036942746,0.05609764,0.06661488,0.042447396
/mnt/sdd/caltech_training/multiclass/train/002.Laysan_Albatross/Laysan_Albatross_0037_699.jpg,1,0.0064148866,0.018904507,0.035136215,0.020791354,0.016627345,0.031428967,0.033554606,0.025331464,0.0746626,0.06962963,0.041158162
/mnt/sdd/caltech_training/multiclass/train/002.Laysan_Albatross/Laysan_Albatross_0003_1033.jpg,1,-0.00020115363,0.009502875,0.017021265,0.00370174,0.0035448554,0.009622629,0.025403515,0.035434455,0.044738345,0.03184033,0.026233964
/mnt/sdd/caltech_training/multiclass/train/002.Laysan_Albatross/Laysan_Albatross_0051_1020.jpg,1,0.00037789438,0.011154744,0.012890823,0.0028796403,0.00056826463,-0.006589146,0.0055669323,0.0053832885,0.05694341,0.056840885,0.038651526
/mnt/sdd/caltech_training/multiclass/train/002.Laysan_Albatross/Laysan_Albatross_0028_643.jpg,1,0.002034421,0.0073052864,0.018971521,0.0077521484,0.013937951,0.011024665,0.025851341,0.0267354,0.040999807,0.04088062,0.04145338
/mnt/sdd/caltech_training/multiclass/train/002.Laysan_Albatross/Laysan_Albatross_0053_543.jpg,1,0.0037739826,0.015818514,0.013225015,0.011477879,0.010612263,0.023269262,0.025907911,0.02547082,0.07906022,0.06685087,0.04485626
/mnt/sdd/caltech_training/multiclass/train/002.Laysan_Albatross/Laysan_Albatross_0060_777.jpg,1,0.0028412738,-0.004059176,0.01011491,0.0032621534,0.004955085,0.005129558,0.026961708,0.03608838,0.052298766,0.028249118,0.023712939
/mnt/sdd/caltech_training/multiclass/train/002.Laysan_Albatross/Laysan_Albatross_0033_658.jpg,1,0.0020831246,0.020128295,0.018602125,0.012083554,0.008957915,0.016757714,0.03507889,0.028227862,0.054686625,0.042553246,0.040270016
/mnt/sdd/caltech_training/multiclass/train/002.Laysan_Albatross/Laysan_Albatross_0059_488.jpg,1,0.003380377,0.024055382,0.029291742,0.011677387,0.009347241,0.027713927,0.045850202,0.03958258,0.07776362,0.07881977,0.04115171
/mnt/sdd/caltech_training/multiclass/train/002.Laysan_Albatross/Laysan_Albatross_0079_506.jpg,1,-0.00048148632,0.011456453,0.015104357,0.0075904015,0.0036542083,0.0034109522,0.03805004,0.024464566,0.047694057,0.046622265,0.038440898
/mnt/sdd/caltech_training/multiclass/train/002.Laysan_Albatross/Laysan_Albatross_0093_725.jpg,1,0.001313874,0.02007757,0.022752237,0.015552077,0.009184237,0.026462205,0.022770047,0.040067345,0.079654835,0.08752383,0.0370583
/mnt/sdd/caltech_training/multiclass/train/002.Laysan_Albatross/Laysan_Albatross_0100_735.jpg,1,0.004306517,0.014908633,0.02838083,0.009769944,0.009056734,0.020287018,0.031821895,0.04343658,0.0672888,0.059516773,0.03758963
/mnt/sdd/caltech_training/multiclass/train/002.Laysan_Albatross/Laysan_Albatross_0103_504.jpg,1,0.0066644684,0.009831638,0.012731386,-0.0016561291,0.0037576687,-0.008700988,0.02503288,0.024765136,0.044972707,0.0306905,0.032742463
/mnt/sdd/caltech_training/multiclass/train/002.Laysan_Albatross/Laysan_Albatross_0102_611.jpg,1,7.464446e-05,0.012076224,0.01346485,0.018807225,0.020532466,0.051455867,0.024248537,0.030362258,0.08361768,0.06166737,0.046644785
/mnt/sdd/caltech_training/multiclass/train/002.Laysan_Albatross/Laysan_Albatross_0099_869.jpg,1,0.0077667227,0.018501561,0.024519773,0.022667166,0.02328624,0.05084502,0.036401387,0.04325056,0.07045366,0.06886789,0.04823304
/mnt/sdd/caltech_training/multiclass/train/002.Laysan_Albatross/Laysan_Albatross_0039_924.jpg,1,0.006904774,0.016669337,0.012064673,0.0057961293,0.010151331,0.017586196,0.008497966,0.012293231,0.049259357,0.039944675,0.03812187
/mnt/sdd/caltech_training/multiclass/train/002.Laysan_Albatross/Laysan_Albatross_0023_1059.jpg,1,-0.00081639696,0.014923953,0.019366678,0.013245223,0.015523288,0.033368707,0.033539325,0.036112264,0.060780562,0.040450025,0.030858146
/mnt/sdd/caltech_training/multiclass/train/002.Laysan_Albatross/Laysan_Albatross_0092_834.jpg,1,0.0014284567,0.01520139,0.01535813,0.011094144,0.019497134,0.05183302,0.025829703,0.04782192,0.07836965,0.08533436,0.03646025
/mnt/sdd/caltech_training/multiclass/train/002.Laysan_Albatross/Laysan_Albatross_0083_756.jpg,1,-3.793901e-05,0.015587258,0.009801343,0.008035975,0.013561657,0.028987912,0.04630228,0.041171536,0.053956345,0.051060572,0.03613618
/mnt/sdd/caltech_training/multiclass/train/002.Laysan_Albatross/Laysan_Albatross_0091_602.jpg,1,0.0020473853,0.023411319,0.029977117,0.015603006,0.022036776,0.04708227,0.04280565,0.027923068,0.083239384,0.077556156,0.044029377
/mnt/sdd/caltech_training/multiclass/train/002.Laysan_Albatross/Laysan_Albatross_0056_500.jpg,1,0.0023308008,0.015269646,0.025613524,0.013585854,0.02290538,0.037347678,0.017670298,0.025655285,0.06465801,0.063675895,0.040313873
/mnt/sdd/caltech_training/multiclass/train/002.Laysan_Albatross/Laysan_Albatross_0001_545.jpg,1,0.002039491,0.01593894,0.008646208,0.007596691,0.0049378425,0.0030553394,0.00908534,0.02382737,0.07837975,0.07779385,0.042662833
/mnt/sdd/caltech_training/multiclass/train/002.Laysan_Albatross/Laysan_Albatross_0047_619.jpg,1,0.0077980934,0.014396134,0.021795899,0.023509422,0.022421554,0.06309715,0.036614686,0.033939596,0.08570257,0.070286795,0.030804861
/mnt/sdd/caltech_training/multiclass/train/002.Laysan_Albatross/Laysan_Albatross_0025_571.jpg,1,0.00088162796,-0.00062629225,0.003788759,-0.0039312956,-0.0034711224,-0.002862705,-0.003595962,0.0038944553,0.059139624,0.04436505,0.03494604
/mnt/sdd/caltech_training/multiclass/train/002.Laysan_Albatross/Laysan_Albatross_0006_702.jpg,1,-0.0031947903,0.020104373,0.024579186,0.0063271127,0.011471875,0.02115745,0.02001578,0.022039622,0.06641847,0.06439849,0.030019589
/mnt/sdd/caltech_training/multiclass/train/002.Laysan_Albatross/Laysan_Albatross_0070_788.jpg,1,-0.0014683595,0.0010526627,0.012580892,0.016977044,0.007218491,0.024336424,0.03314258,0.012419872,0.052508865,0.04333741,0.025119092
/mnt/sdd/caltech_training/multiclass/train/002.Laysan_Albatross/Laysan_Albatross_0044_784.jpg,1,0.0028065098,0.0010838013,-0.0011388118,0.003215161,-0.0017956927,-0.0035927226,0.010186517,0.01350062,0.051699094,0.05607059,0.04493969
/mnt/sdd/caltech_training/multiclass/train/002.Laysan_Albatross/Laysan_Albatross_0004_930.jpg,1,0.003542199,0.0010485721,0.006592109,0.005270478,0.00593875,0.013439319,0.015454087,0.022803811,0.031087838,0.032223947,0.03259762
/mnt/sdd/caltech_training/multiclass/train/002.Laysan_Albatross/Laysan_Albatross_0094_1013.jpg,1,0.006190056,0.018806025,0.014645737,0.009321615,0.0041944715,0.0057426044,-0.00438412,-0.0071530654,0.07591186,0.06131362,0.030568004
/mnt/sdd/caltech_training/multiclass/train/002.Laysan_Albatross/Laysan_Albatross_0050_870.jpg,1,0.006318733,0.014071849,0.021036662,0.018909957,0.017217262,0.03854143,0.03968937,0.037311845,0.06272315,0.058165133,0.030134533
/mnt/sdd/caltech_training/multiclass/train/002.Laysan_Albatross/Laysan_Albatross_0088_883.jpg,1,0.002724377,0.010025375,0.0083868,0.015578373,0.012583424,0.034909803,0.042099617,0.032526374,0.061461322,0.0667887,0.03199161
/mnt/sdd/caltech_training/multiclass/train/002.Laysan_Albatross/Laysan_Albatross_0055_570.jpg,1,0.00012036669,0.006856221,0.010123477,0.010076366,0.010522658,0.01922116,-0.00015603995,0.0068531088,0.023869026,0.007485516,0.03478881
/mnt/sdd/caltech_training/multiclass/train/002.Laysan_Albatross/Laysan_Albatross_0013_910.jpg,1,-0.00017942523,0.012716815,0.008196871,0.013335165,0.017729653,0.018558113,0.01415262,0.019753952,0.05506859,0.04293943,0.0331296
/mnt/sdd/caltech_training/multiclass/train/002.Laysan_Albatross/Laysan_Albatross_0071_792.jpg,1,0.0022056154,0.026418522,0.03214228,0.012513846,0.008438429,0.035229452,0.022934293,0.02881458,0.094577685,0.0888908,0.043025352
/mnt/sdd/caltech_training/multiclass/train/002.Laysan_Albatross/Laysan_Albatross_0029_482.jpg,1,0.0035676458,0.032356717,0.033379823,0.017551892,0.01967172,0.044621266,0.037838086,0.057881158,0.075811215,0.079877436,0.041798282
/mnt/sdd/caltech_training/multiclass/train/002.Laysan_Albatross/Laysan_Albatross_0034_628.jpg,1,0.0020964872,0.0049326434,0.016863383,0.002490493,0.0031551057,0.011193205,0.031925533,0.028167538,0.057779238,0.041521173,0.036029935
/mnt/sdd/caltech_training/multiclass/train/003.Sooty_Albatross/Sooty_Albatross_0020_796359.jpg,2,-0.00034555304,-0.022639632,-0.024170816,-0.008115661,-0.012178926,-0.04063512,-0.026439987,-0.038981333,-0.052680716,-0.053079516,-0.03036901
/mnt/sdd/caltech_training/multiclass/train/003.Sooty_Albatross/Sooty_Albatross_0006_796390.jpg,2,-0.003904191,-0.0066526392,-0.006515569,-0.0034545772,-0.008292846,-0.023848068,-0.02880608,-0.037406158,-0.052414924,-0.06490722,-0.03380169
/mnt/sdd/caltech_training/multiclass/train/003.Sooty_Albatross/Sooty_Albatross_0036_796387.jpg,2,0.0033507172,-0.010881152,-0.0040413905,-0.005893442,-0.0033562966,-0.020352788,-0.015684245,-0.019820094,-0.030151362,-0.030365476,-0.013814724
/mnt/sdd/caltech_training/multiclass/train/003.Sooty_Albatross/Sooty_Albatross_0043_1076.jpg,2,0.005676806,-0.0041850004,-0.015726823,-0.0020264678,0.004603845,-0.011949275,-0.00056276296,0.010602369,0.005265969,0.009270961,0.006151475
/mnt/sdd/caltech_training/multiclass/train/003.Sooty_Albatross/Sooty_Albatross_0055_1160.jpg,2,0.0023386267,-0.017783448,-0.014230963,-0.009124648,-0.0059240544,-0.020925377,-0.03780961,-0.023113254,-0.019643385,-0.020843731,-0.024251973
/mnt/sdd/caltech_training/multiclass/train/003.Sooty_Albatross/Sooty_Albatross_0044_1105.jpg,2,-0.0033666387,-0.021317188,-0.010942077,-0.012910888,-0.0014006457,-0.036087733,-0.043321066,-0.042393405,-0.015143607,-0.017716015,-0.0314364
/mnt/sdd/caltech_training/multiclass/train/003.Sooty_Albatross/Sooty_Albatross_0051_796374.jpg,2,0.00049197697,-0.0066598076,-0.0063039167,-0.0037127845,-0.004579073,-0.015251415,-0.019887,-0.0132563645,-0.04851268,-0.030441815,-0.027755653
/mnt/sdd/caltech_training/multiclass/train/003.Sooty_Albatross/Sooty_Albatross_0064_796343.jpg,2,0.0039060952,-0.0034345598,-0.0038275095,-0.012513675,-0.007131425,-0.027495764,-0.02003156,-0.017121587,-0.036828484,-0.02747704,-0.029933637
/mnt/sdd/caltech_training/multiclass/train/003.Sooty_Albatross/Sooty_Albatross_0034_1154.jpg,2,0.0019529146,-0.0024369252,-0.004452061,-0.012949222,-0.011820302,-0.025684845,-0.02358298,-0.025647119,-0.05802969,-0.070342876,-0.039334964
/mnt/sdd/caltech_training/multiclass/train/003.Sooty_Albatross/Sooty_Albatross_0054_796347.jpg,2,0.0034016278,-0.001069096,-0.006712907,0.0022011448,-0.012710044,-0.012356013,-0.036168717,-0.02558954,-0.063108966,-0.0651042,-0.029246822
/mnt/sdd/caltech_training/multiclass/train/003.Sooty_Albatross/Sooty_Albatross_0067_796376.jpg,2,-0.010276912,-0.006044675,-0.013705293,-0.0071197483,-0.0041120797,-0.019694408,-0.027805276,-0.026918981,-0.051950365,-0.0424762,-0.02821606
/mnt/sdd/caltech_training/multiclass/train/003.Sooty_Albatross/Sooty_Albatross_0003_1078.jpg,2,0.0022356666,-0.0056921584,-0.01299998,-0.012784056,-0.0077300323,-0.024505949,-0.032146193,-0.0011910261,-0.04288533,-0.04163599,-0.01895689
/mnt/sdd/caltech_training/multiclass/train/003.Sooty_Albatross/Sooty_Albatross_0077_1080.jpg,2,-0.0030466588,-0.0104579395,-0.008063299,-0.012924082,-0.017107714,-0.033981398,-0.04512106,-0.05475855,-0.053520568,-0.05356217,-0.02725096
/mnt/sdd/caltech_training/multiclass/train/003.Sooty_Albatross/Sooty_Albatross_0049_796350.jpg,2,-0.0024599456,-0.01229613,-0.015897406,-0.015882593,-0.018476084,-0.02979593,-0.040211715,-0.041064218,-0.037715588,-0.04422773,-0.03019682
/mnt/sdd/caltech_training/multiclass/train/003.Sooty_Albatross/Sooty_Albatross_0070_796346.jpg,2,-0.002763406,-0.01451969,-0.015697671,-0.009261049,-0.007412332,-0.02505906,-0.03440715,-0.018090978,-0.037648305,-0.038448423,-0.03331764
/mnt/sdd/caltech_training/multiclass/train/003.Sooty_Albatross/Sooty_Albatross_0002_796395.jpg,2,0.0023848803,-0.019523202,-0.020510472,-0.014078804,-0.011592744,-0.027515838,-0.036270794,-0.043262858,-0.045678064,-0.0366454,-0.0283212
/mnt/sdd/caltech_training/multiclass/train/003.Sooty_Albatross/Sooty_Albatross_0016_1075.jpg,2,0.0029644186,-0.011303744,-0.019760495,-0.0041250447,-0.012902293,-0.010721197,-0.022977624,-0.031591218,-0.045186043,-0.059952144,-0.024596494
/mnt/sdd/caltech_training/multiclass/train/003.Sooty_Albatross/Sooty_Albatross_0005_796342.jpg,2,-0.0011810737,-0.0032016006,-0.006609417,-0.0091122715,-0.0071678776,-0.030653797,-0.008064349,-0.014207367,-0.04047498,-0.03480316,-0.027221635
/mnt/sdd/caltech_training/multiclass/train/003.Sooty_Albatross/Sooty_Albatross_0013_796402.jpg,2,-0.0034866678,-0.018807316,-0.009603596,-0.009269403,-0.0079998635,-0.033029683,-0.015377121,-0.003504295,-0.063521266,-0.046568565,-0.027394585
/mnt/sdd/caltech_training/multiclass/train/003.Sooty_Albatross/Sooty_Albatross_0038_1065.jpg,2,-0.004633586,-0.01908532,-0.010195051,-0.008909613,-0.0050446065,-0.015498491,-0.020499557,-0.030529387,-0.04522056,-0.05321323,-0.036745034
/mnt/sdd/caltech_training/multiclass/train/003.Sooty_Albatross/Sooty_Albatross_0032_1149.jpg,2,-0.002317361,-0.002904078,0.0007328333,-0.012377782,-0.014444752,-0.030055884,-0.025594028,-0.025883565,-0.0363409,-0.021945646,-0.020419773
/mnt/sdd/caltech_training/multiclass/train/003.Sooty_Albatross/Sooty_Albatross_0076_796365.jpg,2,-0.0021437116,-0.0113474,-0.018069912,-0.010168397,-0.011595485,-0.01809301,-0.037974276,-0.039835554,-0.05317121,-0.05212251,-0.030029818
/mnt/sdd/caltech_training/multiclass/train/003.Sooty_Albatross/Sooty_Albatross_0004_796366.jpg,2,0.00014444906,-0.021270024,-0.025166307,-0.01142403,-0.013641898,-0.04675546,-0.045917306,-0.035357453,-0.048698336,-0.0559706,-0.036532387
/mnt/sdd/caltech_training/multiclass/train/003.Sooty_Albatross/Sooty_Albatross_0048_1130.jpg,2,0.003333896,-0.015491274,-0.007952413,-0.0146308,-0.011813814,-0.039779887,-0.05452469,-0.04623761,-0.058606286,-0.050302234,-0.027685449
/mnt/sdd/caltech_training/multiclass/train/003.Sooty_Albatross/Sooty_Albatross_0050_796351.jpg,2,0.0036699558,-0.00017536676,-0.0047534336,-0.009468836,-0.0033714112,-0.029567957,-0.020763095,-0.03474582,-0.022810072,-0.03053671,-0.013121737
/mnt/sdd/caltech_training/multiclass/train/003.Sooty_Albatross/Sooty_Albatross_0014_796373.jpg,2,-0.0037103575,-0.026022926,-0.028176498,-0.011699202,-0.01396382,-0.040862918,-0.05793045,-0.05666754,-0.045353096,-0.03967829,-0.03626096
/mnt/sdd/caltech_training/multiclass/train/003.Sooty_Albatross/Sooty_Albatross_0030_1122.jpg,2,-0.0025479095,-0.020536272,-0.02034593,-0.011307327,-0.0082641775,-0.018231738,-0.03963212,-0.031608067,-0.04898067,-0.04245226,-0.02106683
/mnt/sdd/caltech_training/multiclass/train/003.Sooty_Albatross/Sooty_Albatross_0023_796401.jpg,2,0.0027365398,0.002806671,-0.004993585,-0.0032592772,-0.0024149988,-0.01269396,-0.012922098,-0.021410957,-0.049922593,-0.04311283,-0.02889295
/mnt/sdd/caltech_training/multiclass/train/003.Sooty_Albatross/Sooty_Albatross_0065_796367.jpg,2,0.001735297,-0.029473417,-0.027538963,-0.010044614,-0.014111802,-0.02455758,-0.039758377,-0.04118959,-0.040799715,-0.039173428,-0.03217528
/mnt/sdd/caltech_training/multiclass/train/003.Sooty_Albatross/Sooty_Albatross_0010_796355.jpg,2,-0.0077396706,-0.007945358,-0.009099318,-0.005714393,-0.011746692,-0.017800417,-0.025635153,-0.034865562,-0.036927078,-0.034406584,-0.040388964
/mnt/sdd/caltech_training/multiclass/train/003.Sooty_Albatross/Sooty_Albatross_0033_1128.jpg,2,0.0011308435,-0.015941853,-0.022632593,-0.0064438637,-0.0056891805,-0.027593605,-0.06146477,-0.05625759,-0.052494362,-0.058164723,-0.027570538
/mnt/sdd/caltech_training/multiclass/train/003.Sooty_Albatross/Sooty_Albatross_0021_796339.jpg,2,0.0018428926,-0.007579902,-0.009569398,-0.012061271,-0.018221807,-0.051020216,-0.010429434,-0.014520247,-0.054264925,-0.050747205,-0.028241303
/mnt/sdd/caltech_training/multiclass/train/003.Sooty_Albatross/Sooty_Albatross_0007_796372.jpg,2,-0.0035460046,-0.014616402,-0.013949422,-0.018671283,-0.019871913,-0.03418791,-0.048923794,-0.043107916,-0.07539373,-0.06103488,-0.034537815
/mnt/sdd/caltech_training/multiclass/train/003.Sooty_Albatross/Sooty_Albatross_0073_1171.jpg,2,-0.0022982352,-0.0046251127,-0.0024545575,0.0021879135,-0.00050850253,-0.001204964,-0.020434216,-0.005834749,-0.014022174,-0.0077132746,-0.020733908
/mnt/sdd/caltech_training/multiclass/train/003.Sooty_Albatross/Sooty_Albatross_0025_796361.jpg,2,0.002150171,0.009684231,-0.0026181731,-0.0071939654,-0.0013592701,-0.021371517,-0.02358371,-0.026310239,-0.045275837,-0.055923425,-0.019828536
/mnt/sdd/caltech_training/multiclass/train/003.Sooty_Albatross/Sooty_Albatross_0031_1066.jpg,2,0.0032945022,-0.028038995,-0.020827476,-0.012100494,-0.023334417,-0.03134622,-0.03716966,-0.030694375,-0.06670195,-0.06753135,-0.02521399
/mnt/sdd/caltech_training/multiclass/train/003.Sooty_Albatross/Sooty_Albatross_0075_796352.jpg,2,0.0037126685,-0.005431627,-0.017473005,-0.010380159,-0.006184428,-0.014243261,-0.02110839,-0.021575764,-0.049844,-0.054121077,-0.02820854
/mnt/sdd/caltech_training/multiclass/train/003.Sooty_Albatross/Sooty_Albatross_0040_796375.jpg,2,-0.0018978897,-0.016257005,-0.009845855,-0.012398938,-0.013305676,-0.033848267,-0.02322461,-0.019965108,-0.053282402,-0.039731357,-0.017649729
/mnt/sdd/caltech_training/multiclass/train/003.Sooty_Albatross/Sooty_Albatross_0019_796391.jpg,2,-0.0032051823,-0.015816655,-0.02152657,-0.0014350903,-0.008432739,-0.020992061,-0.019730425,-0.027591337,-0.02806582,-0.023803178,-0.03777509
/mnt/sdd/caltech_training/multiclass/train/003.Sooty_Albatross/Sooty_Albatross_0071_1116.jpg,2,-0.00738273,-0.025407605,-0.026099253,-0.0186029,-0.01615932,-0.03924068,-0.04093828,-0.05425912,-0.052469224,-0.049913533,-0.02872703
/mnt/sdd/caltech_training/multiclass/train/003.Sooty_Albatross/Sooty_Albatross_0069_796358.jpg,2,-0.002683661,-0.016324628,-0.0132395215,-0.00804454,-0.0076881866,-0.037477583,-0.039965875,-0.029167939,-0.036342237,-0.031737395,-0.040707268
/mnt/sdd/caltech_training/multiclass/train/003.Sooty_Albatross/Sooty_Albatross_0046_1211.jpg,2,0.003366084,-0.0008443394,0.0014139467,0.0015491743,-0.0010471402,-7.053651e-05,-0.023920773,-0.010299365,-0.02500904,-0.015474674,-0.012742735
/mnt/sdd/caltech_training/multiclass/train/003.Sooty_Albatross/Sooty_Albatross_0041_796364.jpg,2,0.0027357026,-0.013902721,-0.020809997,-0.016810298,-0.011278214,-0.021990445,-0.02670658,-0.037544627,-0.054754972,-0.056355372,-0.02298399
/mnt/sdd/caltech_training/multiclass/train/003.Sooty_Albatross/Sooty_Albatross_0022_796398.jpg,2,-0.0014462894,-0.02364844,-0.016292026,-0.011127874,-0.013715855,-0.025589867,-0.04591404,-0.05128373,-0.05975203,-0.06649002,-0.04052893
/mnt/sdd/caltech_training/multiclass/train/003.Sooty_Albatross/Sooty_Albatross_0063_1101.jpg,2,-0.0065191854,-0.012833737,-0.022795891,-0.008898359,-0.01162325,-0.00501306,-0.03280776,-0.025517974,-0.054268207,-0.060173154,-0.04705482
/mnt/sdd/caltech_training/multiclass/train/003.Sooty_Albatross/Sooty_Albatross_0079_796389.jpg,2,0.0036407413,9.243237e-05,-0.0057234825,-0.005377662,-0.0065569915,-0.015524708,-0.003063018,0.00058795186,-0.043296427,-0.049076304,-0.014592827
/mnt/sdd/caltech_training/multiclass/train/004.Groove_billed_Ani/Groove_Billed_Ani_0087_1765.jpg,3,-0.0027029417,-0.010097041,-0.008606439,-0.009891563,-0.010383332,-0.0022487296,-0.012172476,-0.0039281934,0.008932264,0.00927105,-0.0015189997
/mnt/sdd/caltech_training/multiclass/train/004.Groove_billed_Ani/Groove_Billed_Ani_0065_1502.jpg,3,0.0023348588,-0.00020923198,0.004252243,0.0075287265,0.0094559835,0.031768903,-0.006684686,-0.014573125,-0.009063795,-0.013232393,-0.0039794734
/mnt/sdd/caltech_training/multiclass/train/004.Groove_billed_Ani/Groove_Billed_Ani_0053_1672.jpg,3,0.0015547519,-0.0041795876,-0.0072806715,-0.011177595,-0.010351519,-0.019065348,-0.021791467,-0.021351581,-0.018501215,-0.021970663,-0.020402733
/mnt/sdd/caltech_training/multiclass/train/004.Groove_billed_Ani/Groove_Billed_Ani_0092_1516.jpg,3,-0.0011039878,0.00036382442,-0.0043953303,0.0011744307,0.004877422,-0.008843228,-0.040905695,-0.03536754,-0.029608507,-0.020392984,-0.018491453
/mnt/sdd/caltech_training/multiclass/train/004.Groove_billed_Ani/Groove_Billed_Ani_0074_1730.jpg,3,0.003895883,-0.00017337152,-0.0076692635,-0.010314925,-0.0062508625,-0.0036834828,-0.013023963,-0.003608924,-0.0015295204,-0.010570927,-0.012559664
/mnt/sdd/caltech_training/multiclass/train/004.Groove_billed_Ani/Groove_Billed_Ani_0046_1663.jpg,3,0.0007069792,-0.0053481916,-0.012082524,-0.014730002,-0.010247481,-0.033751056,-0.03871447,-0.0558671,-0.015306517,-0.0063625723,-0.007909539
/mnt/sdd/caltech_training/multiclass/train/004.Groove_billed_Ani/Groove_Billed_Ani_0037_1560.jpg,3,0.0057181995,-0.009086231,-0.011907926,-0.007394696,-0.0051973374,-0.0042732935,-0.026669394,-0.026667602,-0.047042094,-0.05250915,-0.027421834
/mnt/sdd/caltech_training/multiclass/train/004.Groove_billed_Ani/Groove_Billed_Ani_0029_1620.jpg,3,0.0017087363,0.0008668306,-0.0053700185,0.000819942,0.0045758514,0.011322012,-0.028204028,-0.045560293,-0.042863306,-0.04798463,-0.014036622
/mnt/sdd/caltech_training/multiclass/train/004.Groove_billed_Ani/Groove_Billed_Ani_0033_1494.jpg,3,0.0017515852,0.001323182,-0.0066579767,0.00045798597,0.000667255,0.011313225,-0.022296235,-0.04308801,-0.0066387895,-0.027963942,-0.019670341
/mnt/sdd/caltech_training/multiclass/train/004.Groove_billed_Ani/Groove_Billed_Ani_0018_1613.jpg,3,0.00081915053,-0.008771459,-0.009514361,-0.0012890773,-0.001560174,-0.01625206,-0.019895446,-0.02155707,-0.017234597,-0.02517668,-0.028438054
/mnt/sdd/caltech_training/multiclass/train/004.Groove_billed_Ani/Groove_Billed_Ani_0004_1528.jpg,3,0.003231632,-0.009847163,-0.0050372896,0.0015711437,0.0022525329,-0.0047547063,-0.01719753,-0.011906339,-0.012143384,-0.010242125,-0.016152076
/mnt/sdd/caltech_training/multiclass/train/004.Groove_billed_Ani/Groove_Billed_Ani_0040_1715.jpg,3,0.0028084232,0.0056117363,-0.004849327,0.00671867,0.001098892,0.03691607,-0.022920609,-0.018796846,-0.031767003,-0.033012316,-0.013446179
/mnt/sdd/caltech_training/multiclass/train/004.Groove_billed_Ani/Groove_Billed_Ani_0036_1604.jpg,3,-0.0031029964,0.0050277575,0.0008425432,-0.0014602204,-0.000715764,0.01179359,-0.0006377427,-0.023459975,0.013065241,-0.008798032,-0.012494074
/mnt/sdd/caltech_training/multiclass/train/004.Groove_billed_Ani/Groove_Billed_Ani_0069_1546.jpg,3,0.0005145133,-0.0034186356,-0.005341299,-0.0064317244,-0.0033466162,-0.02251061,-0.02274933,-0.037396125,-0.013118773,-0.009324162,-0.01192327
/mnt/sdd/caltech_training/multiclass/train/004.Groove_billed_Ani/Groove_Billed_Ani_0076_1661.jpg,3,-0.0011105528,-0.005822706,-0.012171902,-0.0054555917,0.003013607,0.0023398013,0.0035273512,-0.0067539588,-0.010321452,0.0051655406,0.009105206
/mnt/sdd/caltech_training/multiclass/train/004.Groove_billed_Ani/Groove_Billed_Ani_0068_1538.jpg,3,0.00044987732,0.0060817543,0.0058623934,0.0014293477,0.004792769,0.008467212,-0.009671853,-0.002308083,-0.021136247,-0.02814293,-0.010638043
/mnt/sdd/caltech_training/multiclass/train/004.Groove_billed_Ani/Groove_Billed_Ani_0017_1561.jpg,3,0.004570077,-0.008591606,-0.010479574,-0.006934194,-0.004063192,-0.01809726,-0.01492089,-0.028155528,-0.0006322861,-0.0130117,-0.031027677
/mnt/sdd/caltech_training/multiclass/train/004.Groove_billed_Ani/Groove_Billed_Ani_0031_1588.jpg,3,-0.004067314,-0.007896861,-0.010460917,-0.0040933224,-0.004895736,-0.011359498,-0.027517457,-0.02005755,-0.041731898,-0.02198943,-0.015466758
/mnt/sdd/caltech_training/multiclass/train/004.Groove_billed_Ani/Groove_Billed_Ani_0047_1706.jpg,3,0.004776937,-0.0123422025,-0.024650367,-0.007278249,-0.0053703142,-0.01085831,-0.04244133,-0.047361538,-0.02546747,-0.0151327625,-0.023671538
/mnt/sdd/caltech_training/multiclass/train/004.Groove_billed_Ani/Groove_Billed_Ani_0002_1670.jpg,3,-0.002795757,-0.008842906,-0.009608589,-0.007557334,-0.006252808,-0.02873544,-0.022688419,-0.025203459,-0.014559294,-0.00903954,-0.015028475
/mnt/sdd/caltech_training/multiclass/train/004.Groove_billed_Ani/Groove_Billed_Ani_0012_1784.jpg,3,0.004788206,0.0121109905,0.007605019,0.0021311422,0.0066262204,-0.010058171,-0.013365705,-0.01542771,-0.0044550663,-0.015892876,-0.017151576
/mnt/sdd/caltech_training/multiclass/train/004.Groove_billed_Ani/Groove_Billed_Ani_0023_1485.jpg,3,-0.00037191442,-0.011056026,-0.019897493,-0.000580269,0.00536418,0.0035767397,-0.015425405,-0.026338175,-0.0066442597,-0.02908156,-0.0059067914
/mnt/sdd/caltech_training/multiclass/train/004.Groove_billed_Ani/Groove_Billed_Ani_0005_1750.jpg,3,-0.005264125,-0.00080033875,-0.007319893,-0.0037046138,0.0025489475,-0.015571171,-0.022954274,-0.014478655,0.030072581,0.005386306,0.0021446086
/mnt/sdd/caltech_training/multiclass/train/004.Groove_billed_Ani/Groove_Billed_Ani_0108_1639.jpg,3,0.0030004159,0.0015329185,-0.0064256648,-0.0030563425,0.00088170194,-0.006700207,-0.0048593124,-0.023752566,-0.009138852,-0.017539369,-0.016330535
/mnt/sdd/caltech_training/multiclass/train/004.Groove_billed_Ani/Groove_Billed_Ani_0100_1646.jpg,3,0.0035678642,-0.006922948,-0.0051227068,-0.0057518953,-0.009642084,0.0018106045,-0.014509661,-0.03663823,-0.046036318,-0.03803488,-0.027134638
/mnt/sdd/caltech_training/multiclass/train/004.Groove_billed_Ani/Groove_Billed_Ani_0035_1591.jpg,3,0.0034526652,-0.0014504215,-0.011176694,-0.0003439818,-0.0041683665,0.0015132015,-0.02599611,-0.042798772,-0.017946,-0.025514608,-0.023941476
/mnt/sdd/caltech_training/multiclass/train/004.Groove_billed_Ani/Groove_Billed_Ani_0032_1776.jpg,3,0.0038209762,-0.0062496793,-0.0019968925,-0.008293915,-0.007960406,-0.010174571,-0.03798107,-0.042710956,0.0014051698,-0.0016178333,-0.015522731
/mnt/sdd/caltech_training/multiclass/train/004.Groove_billed_Ani/Groove_Billed_Ani_0060_1505.jpg,3,-0.00073106075,0.004280884,-0.0016540764,0.0007849508,0.0027566818,-0.02066213,-0.01675717,-0.020882346,-0.011639108,-0.015790788,-0.022516642
/mnt/sdd/caltech_training/multiclass/train/004.Groove_billed_Ani/Groove_Billed_Ani_0078_1780.jpg,3,0.0044503617,0.007527486,-0.007605071,0.003778345,0.004855627,0.0168228,-0.033851214,-0.030864025,-0.028459415,-0.026172865,-0.017952431
/mnt/sdd/caltech_training/multiclass/train/004.Groove_billed_Ani/Groove_Billed_Ani_0075_1617.jpg,3,8.061502e-05,-0.009945368,-0.0067967777,-0.0024489737,-0.0018863613,-0.0028706603,-0.030841406,-0.016874714,-0.015498115,-0.016058728,-0.0028912432
/mnt/sdd/caltech_training/multiclass/train/004.Groove_billed_Ani/Groove_Billed_Ani_0044_1731.jpg,3,-0.0025927552,-0.005937645,-0.009519815,-0.0018118543,-0.00814512,-0.0158895,-0.014271137,-0.02423213,-0.025662983,-0.03543893,-0.017442679
/mnt/sdd/caltech_training/multiclass/train/004.Groove_billed_Ani/Groove_Billed_Ani_0006_1763.jpg,3,-0.002060512,0.0019715126,0.0052202987,-0.001162989,0.0014950922,0.009597354,-0.018077437,-0.00955447,6.529968e-05,-0.014990758,-0.007775097
/mnt/sdd/caltech_training/multiclass/train/004.Groove_billed_Ani/Groove_Billed_Ani_0061_1510.jpg,3,-0.007543455,-0.014636498,-0.004192218,-0.0064086625,-0.0056931577,-0.029014256,-0.029194035,-0.038531855,-0.016555369,-0.016112741,-0.0074185343
/mnt/sdd/caltech_training/multiclass/train/004.Groove_billed_Ani/Groove_Billed_Ani_0109_1592.jpg,3,0.008144273,-0.007215695,-0.00416898,-0.0011614187,0.001313204,0.004891902,-0.020654105,-0.037052397,-0.016261358,-0.026700739,-0.016062915
/mnt/sdd/caltech_training/multiclass/train/004.Groove_billed_Ani/Groove_Billed_Ani_0019_1585.jpg,3,-8.157687e-05,0.0034296461,-0.0025036815,0.0015010126,0.0025241906,0.006323447,-0.020046331,-0.02006739,-0.022404026,0.00070272665,-0.003673872
/mnt/sdd/caltech_training/multiclass/train/004.Groove_billed_Ani/Groove_Billed_Ani_0056_1493.jpg,3,0.003675343,-0.0049370006,-0.016734242,-0.009452196,-0.007803616,-0.026341097,-0.034024585,-0.034389913,0.0008084581,-0.008421166,-0.022108104
/mnt/sdd/caltech_training/multiclass/train/004.Groove_billed_Ani/Groove_Billed_Ani_0080_1549.jpg,3,0.0038274147,0.011196233,0.0029401514,0.0010691447,0.0059741186,0.005004071,-0.009557309,-0.016082175,0.006605048,0.002377221,0.0029721837
/mnt/sdd/caltech_training/multiclass/train/004.Groove_billed_Ani/Groove_Billed_Ani_0051_1650.jpg,3,-0.0010225275,0.000111411966,0.0015143418,-0.0010678173,0.0016187245,0.021237027,0.002226025,-0.008958734,0.00807322,-0.0096383,0.008325673
/mnt/sdd/caltech_training/multiclass/train/004.Groove_billed_Ani/Groove_Billed_Ani_0090_1567.jpg,3,0.00045550335,-0.0071089207,-0.00605263,-0.0020521637,-0.006345678,-0.02643755,-0.028469365,-0.030262243,-0.0009142069,-0.011059896,-0.02522642
/mnt/sdd/caltech_training/multiclass/train/004.Groove_billed_Ani/Groove_Billed_Ani_0072_1696.jpg,3,0.0067188633,-0.0055814325,-0.0052489126,0.0017602539,0.00831738,0.01861503,-0.0220773,-0.025855869,-0.02321411,-0.04445311,-0.014783091
/mnt/sdd/caltech_training/multiclass/train/004.Groove_billed_Ani/Groove_Billed_Ani_0105_1562.jpg,3,0.0054100812,-0.0007237769,0.0075608427,0.003141905,0.0046363324,0.008097731,-0.03844056,-0.048003435,-0.010678121,-0.020619854,-0.029848272
/mnt/sdd/caltech_training/multiclass/train/004.Groove_billed_Ani/Groove_Billed_Ani_0107_1590.jpg,3,0.0008245215,-0.014400791,-0.013781626,-0.005343639,0.00047575,-0.007893924,-0.03129804,-0.026382588,-0.018772881,-0.029929418,-0.007384784
/mnt/sdd/caltech_training/multiclass/train/004.Groove_billed_Ani/Groove_Billed_Ani_0088_1678.jpg,3,-0.0004612694,-0.011182569,-0.015475487,-0.0083750505,-0.012765227,-0.010949985,-0.036632366,-0.036923565,-0.010279219,-0.019013703,-0.0257079
/mnt/sdd/caltech_training/multiclass/train/004.Groove_billed_Ani/Groove_Billed_Ani_0059_1480.jpg,3,-0.0039011936,-0.0009959075,-0.005697307,0.001883548,0.00090811035,-0.0130801685,-0.0048686825,-0.0071866317,-0.0084633585,-0.0168394,-0.011508927
/mnt/sdd/caltech_training/multiclass/train/004.Groove_billed_Ani/Groove_Billed_Ani_0101_1700.jpg,3,0.00036540243,-0.019973284,-0.027711287,-0.010469701,-0.00960648,-0.01833998,-0.026130721,-0.025985787,-0.026922759,-0.016715191,-0.015528632
/mnt/sdd/caltech_training/multiclass/train/004.Groove_billed_Ani/Groove_Billed_Ani_0014_1755.jpg,3,0.0013435088,-0.0066685835,-0.0126394415,-0.00018652482,-0.0012063845,-0.011449803,-0.0055902298,-0.015995635,0.025829233,0.011250162,-0.016242608
/mnt/sdd/caltech_training/multiclass/train/004.Groove_billed_Ani/Groove_Billed_Ani_0077_1724.jpg,3,0.00092657993,-0.013670219,-0.020395355,-0.008521617,-0.012102458,-0.039421402,-0.037239037,-0.037613496,-0.026636187,-0.024762878,-0.022044815
/mnt/sdd/caltech_training/multiclass/train/004.Groove_billed_Ani/Groove_Billed_Ani_0027_1754.jpg,3,0.0026221334,0.009409649,-0.00052959495,0.0016710496,0.0025062638,-0.004080833,-0.020461679,-0.027870074,-0.025407394,-0.023751378,-0.027383734
/mnt/sdd/caltech_training/multiclass/train/005.Crested_Auklet/Crested_Auklet_0005_794922.jpg,4,0.001491376,0.0007249181,-0.0042861733,0.0007623243,-0.0015761798,0.012895752,0.0030424458,0.01413425,0.02682127,0.018306404,0.004065476
/mnt/sdd/caltech_training/multiclass/train/005.Crested_Auklet/Crested_Auklet_0011_794927.jpg,4,0.0033669607,0.02225367,0.01744678,0.00630783,-0.0016039149,0.024291355,0.02070606,0.02759474,0.036149997,0.02226474,0.01638415
/mnt/sdd/caltech_training/multiclass/train/005.Crested_Auklet/Crested_Auklet_0019_794925.jpg,4,0.0003971128,0.013902561,0.006900315,0.009232824,0.0050277277,0.018395025,0.026027594,0.015666187,0.0101435445,0.0070166662,0.012836259
/mnt/sdd/caltech_training/multiclass/train/005.Crested_Auklet/Crested_Auklet_0033_794964.jpg,4,0.0021011848,0.011201576,0.006402785,0.0014861524,0.00038508978,0.0007591734,0.010372613,-0.0007397927,0.0114325825,-0.0017344733,-0.00010253326
/mnt/sdd/caltech_training/multiclass/train/005.Crested_Auklet/Crested_Auklet_0057_794932.jpg,4,0.0008036671,0.0034192947,0.0028649624,0.008184808,0.0069550406,0.008593392,0.009456592,-0.00019887788,0.033434734,0.0154914735,0.006824889
/mnt/sdd/caltech_training/multiclass/train/005.Crested_Auklet/Crested_Auklet_0013_794914.jpg,4,0.0036922577,0.009575586,0.0036051767,0.010093962,0.011519244,0.026055012,0.020769788,0.0116758775,0.032585762,0.0068235095,0.012218
/mnt/sdd/caltech_training/multiclass/train/005.Crested_Auklet/Crested_Auklet_0040_794912.jpg,4,-0.0008360019,-0.0049696257,-0.0063012475,0.0064527253,0.0021831503,0.03154835,-0.011383029,0.0033929155,0.0075737475,-0.013390971,-0.003981498
/mnt/sdd/caltech_training/multiclass/train/005.Crested_Auklet/Crested_Auklet_0066_785251.jpg,4,0.0020128083,-0.009307827,0.0038887789,0.005081749,0.0016286117,0.013838128,-0.012210321,0.0016731271,0.019361544,-0.0029921038,-0.017248293
/mnt/sdd/caltech_training/multiclass/train/005.Crested_Auklet/Crested_Auklet_0029_1824.jpg,4,-0.0032502655,0.0060604676,-0.0038345566,0.003154945,-0.0029276938,0.015762772,0.0017534312,0.006900593,0.0091122,-0.0059154565,0.0013376687
/mnt/sdd/caltech_training/multiclass/train/005.Crested_Auklet/Crested_Auklet_0076_785252.jpg,4,0.00014666753,-0.0013807309,0.0107301,0.005582644,0.009818172,0.02407787,0.008443462,0.0039374707,0.03572537,0.017803462,-0.006839869
/mnt/sdd/caltech_training/multiclass/train/005.Crested_Auklet/Crested_Auklet_0044_1825.jpg,4,0.00024223473,0.008637153,0.012892182,0.010024523,0.0076807416,0.02322942,-0.014780887,0.0052309195,-0.0056397603,-0.01931961,0.0020781143
/mnt/sdd/caltech_training/multiclass/train/005.Crested_Auklet/Crested_Auklet_0003_794962.jpg,4,0.0047382843,0.0022133333,0.009202754,0.0067916517,0.0011160178,0.023671478,0.016546011,0.000954879,0.03251416,0.0005062884,0.017181288
/mnt/sdd/caltech_training/multiclass/train/005.Crested_Auklet/Crested_Auklet_0010_794907.jpg,4,0.0016855748,0.00444592,-0.010447677,0.004007563,0.0026247245,0.009611724,0.0028862315,-0.0039190874,0.03645771,0.022229956,0.030004986
/mnt/sdd/caltech_training/multiclass/train/005.Crested_Auklet/Crested_Auklet_0018_1817.jpg,4,-6.278255e-05,0.0040584034,0.00029954175,0.009100636,0.009122589,0.026449976,0.00501641,-0.0009546592,0.015946688,-0.003293475,0.029893449
/mnt/sdd/caltech_training/multiclass/train/005.Crested_Auklet/Crested_Auklet_0001_794941.jpg,4,-0.0078096576,0.0056963284,-0.0022232984,0.0066678505,0.008712825,0.023683334,0.010594802,0.009176909,0.0017530245,-0.0039401446,0.0022921744
/mnt/sdd/caltech_training/multiclass/train/005.Crested_Auklet/Crested_Auklet_0021_794938.jpg,4,-0.0021862288,-0.0013524205,0.0015232961,-0.0041585816,-0.0036068938,-0.002760058,0.0137123335,0.0050517917,0.014344608,-0.0010618982,0.0031275898
/mnt/sdd/caltech_training/multiclass/train/005.Crested_Auklet/Crested_Auklet_0072_785260.jpg,4,0.003404276,0.008317506,0.005687807,0.004020067,0.008424673,0.02887504,0.01004827,0.021793729,0.03691654,0.011419531,0.035720304
/mnt/sdd/caltech_training/multiclass/train/005.Crested_Auklet/Crested_Auklet_0067_785249.jpg,4,-0.0018546786,0.0091432035,0.0054376596,0.0051435707,0.005480989,0.01969071,0.013277836,0.026386656,0.019087091,0.01682795,0.0094203735
/mnt/sdd/caltech_training/multiclass/train/005.Crested_Auklet/Crested_Auklet_0012_794960.jpg,4,0.0017677086,0.0045707105,0.0029233545,0.013749446,0.0065609366,0.031668097,-0.00861913,0.00979186,0.033823945,0.00666532,0.00015985733
/mnt/sdd/caltech_training/multiclass/train/005.Crested_Auklet/Crested_Auklet_0032_794931.jpg,4,0.0035272196,0.009630919,0.010657707,0.0012810705,0.01096775,0.007300556,0.0053266156,0.0051258174,0.024680184,-0.0003344696,0.018281309
/mnt/sdd/caltech_training/multiclass/train/005.Crested_Auklet/Crested_Auklet_0075_785259.jpg,4,0.00059751736,0.0013187516,0.002738027,-0.00022737164,0.0012653465,0.025902364,-0.011689373,0.003118032,0.02749575,-0.015383958,0.009243245
/mnt/sdd/caltech_training/multiclass/train/005.Crested_Auklet/Crested_Auklet_0041_794910.jpg,4,0.0019761443,0.0065051722,-0.0030844538,0.0046911933,0.0036394594,0.003195814,0.011302753,0.011944749,0.025294445,0.005244,0.019786812
/mnt/sdd/caltech_training/multiclass/train/005.Crested_Auklet/Crested_Auklet_0068_785253.jpg,4,-0.0015250343,0.0029823605,-0.0032536788,-0.0027546543,0.0014533725,0.008624577,0.009420095,0.012941136,-0.008275046,-0.013794482,0.0144671565
/mnt/sdd/caltech_training/multiclass/train/005.Crested_Auklet/Crested_Auklet_0063_794901.jpg,4,0.00737081,0.003513995,0.010940755,0.0013202467,0.010807301,0.006619246,0.014362551,0.003629587,0.02652947,0.00049937004,0.009527751
/mnt/sdd/caltech_training/multiclass/train/005.Crested_Auklet/Crested_Auklet_0059_794929.jpg,4,-0.00016819645,0.006510032,0.009304512,0.001213751,0.0051459516,0.0053440225,0.017239504,0.026249161,0.02622516,0.010238794,0.018756306
/mnt/sdd/caltech_training/multiclass/train/005.Crested_Auklet/Crested_Auklet_0062_794968.jpg,4,-0.00237008,0.0049580843,-0.003960254,0.010724977,0.00561012,0.025428008,-0.016498897,-0.0070384243,0.03686947,0.005597925,0.019062562
/mnt/sdd/caltech_training/multiclass/train/005.Crested_Auklet/Crested_Auklet_0070_785261.jpg,4,0.0018145682,0.016448192,0.0128299305,0.0061993184,0.007887501,0.031033773,0.00853714,0.020521197,0.0043956656,-0.011594289,0.004012148
/mnt/sdd/caltech_training/multiclass/train/005.Crested_Auklet/Crested_Auklet_0036_794905.jpg,4,-9.4446325e-05,0.0008554533,-0.0009414575,0.008410005,0.0015809953,0.023046713,0.009878279,0.0015328791,0.04403012,0.018641697,0.025839567
/mnt/sdd/caltech_training/multiclass/train/005.Crested_Auklet/Crested_Auklet_0074_794949.jpg,4,0.001439361,0.00402282,0.011943497,0.0061783893,0.008305635,0.020205593,0.009580944,0.0031665699,0.026062025,0.010177903,0.008629527
/mnt/sdd/caltech_training/multiclass/train/005.Crested_Auklet/Crested_Auklet_0042_794902.jpg,4,0.004696862,0.0026808884,0.0075758346,0.01265329,0.006165168,0.04620541,0.008727198,0.017093375,0.029099084,0.022467796,0.0043991553
/mnt/sdd/caltech_training/multiclass/train/005.Crested_Auklet/Crested_Auklet_0069_785258.jpg,4,0.004396769,0.00954501,0.013673319,0.0081825275,0.015429364,0.02465654,0.020033635,0.013946379,0.010111039,-0.011091023,0.009348808
/mnt/sdd/caltech_training/multiclass/train/005.Crested_Auklet/Crested_Auklet_0061_794904.jpg,4,-0.00035192628,0.0112909395,0.00017461614,0.007767441,0.0019117086,0.02403895,-0.010835974,0.007538665,0.039450053,0.012610225,0.0073244264
/mnt/sdd/caltech_training/multiclass/train/005.Crested_Auklet/Crested_Auklet_0073_785248.jpg,4,0.0003924474,0.0032589624,-0.0070669646,-0.008665422,-0.006738133,0.0045326296,0.010767318,0.004941983,0.009031541,0.018117156,0.008550109
/mnt/sdd/caltech_training/multiclass/train/005.Crested_Auklet/Crested_Auklet_0077_785257.jpg,4,-0.001461458,0.010447135,0.0060132267,0.005507744,0.0025074065,0.031735614,0.033915207,0.025315877,0.03073628,0.011899717,0.040884122
/mnt/sdd/caltech_training/multiclass/train/005.Crested_Auklet/Crested_Auklet_0052_794952.jpg,4,0.0036135083,0.004595606,-0.0023869546,0.0115468735,0.005686997,0.019435128,-0.008872754,0.0060748053,0.013446381,-0.008402846,0.007869248
/mnt/sdd/caltech_training/multiclass/train/006.Least_Auklet/Least_Auklet_0018_795077.jpg,5,0.001032951,0.0114965895,0.010661852,0.008719451,0.0031603994,0.0077141915,0.045284696,0.053735226,0.04811377,0.034358826,0.042289823
/mnt/sdd/caltech_training/multiclass/train/006.Least_Auklet/Least_Auklet_0011_795109.jpg,5,0.00601059,0.011947459,0.008062398,0.0067441333,0.0009838166,0.02526192,0.03871736,0.04211097,0.026464868,0.025237836,0.034144677
/mnt/sdd/caltech_training/multiclass/train/006.Least_Auklet/Least_Auklet_0021_795127.jpg,5,-0.00011627714,0.012391592,-0.0036108168,0.008199625,0.0020533581,0.015546413,0.046326563,0.057606407,0.028993197,0.015809435,0.030914124
/mnt/sdd/caltech_training/multiclass/train/006.Least_Auklet/Least_Auklet_0039_795081.jpg,5,0.00069424557,0.018847443,0.00903831,0.003050504,0.0063221483,0.017281171,0.038856566,0.041275375,0.041022003,0.033333465,0.047377184
/mnt/sdd/caltech_training/multiclass/train/006.Least_Auklet/Least_Auklet_0046_795118.jpg,5,-0.0007870074,0.0054539847,0.007955991,0.0077284435,0.0037119733,0.0027556764,0.019767657,0.019364113,0.032096636,0.02712329,0.03260232
/mnt/sdd/caltech_training/multiclass/train/006.Least_Auklet/Least_Auklet_0040_795100.jpg,5,0.0058193947,0.007108531,0.0050319126,0.012141865,-0.0024033885,0.013952661,0.057803687,0.06337766,0.03521265,0.035419445,0.048544127
/mnt/sdd/caltech_training/multiclass/train/006.Least_Auklet/Least_Auklet_0041_795107.jpg,5,-0.0012078027,0.014383431,0.011385874,0.011193195,0.0023803825,0.017529313,0.04181988,0.055704787,0.029955726,0.020896792,0.033231653
/mnt/sdd/caltech_training/multiclass/train/006.Least_Auklet/Least_Auklet_0052_795088.jpg,5,-0.0026950995,0.0052954005,-0.009470325,0.002992274,0.006107598,-0.000119589735,0.02968335,0.02830697,0.025978886,0.025979605,0.051147
/mnt/sdd/caltech_training/multiclass/train/006.Least_Auklet/Least_Auklet_0026_795066.jpg,5,-0.0018756923,0.01035321,-0.005060643,0.002779493,-0.0039766002,0.01771548,0.026829567,0.043792214,0.033633858,0.02071387,0.029686403
/mnt/sdd/caltech_training/multiclass/train/006.Least_Auklet/Least_Auklet_0029_795122.jpg,5,0.0041059125,0.0013768908,0.006996746,0.006179466,2.1924032e-05,0.023803428,0.03614042,0.036369458,0.037247784,0.03952597,0.03286654
/mnt/sdd/caltech_training/multiclass/train/006.Least_Auklet/Least_Auklet_0060_795095.jpg,5,-0.000682737,-0.0006014379,-0.011717776,0.0050356677,0.0008967387,0.015872395,0.014791671,0.039692637,0.033708643,0.034452204,0.03607728
/mnt/sdd/caltech_training/multiclass/train/006.Least_Auklet/Least_Auklet_0058_1931.jpg,5,0.001381413,0.009558616,0.0048282146,0.01622528,0.011888397,0.011184456,0.015898893,0.02900648,0.019914528,0.01804149,0.033931825
/mnt/sdd/caltech_training/multiclass/train/006.Least_Auklet/Least_Auklet_0043_795067.jpg,5,0.0022669255,0.008328151,-0.0046114624,0.0038889833,-0.0017820746,-0.010532908,0.027092403,0.019948673,0.017493635,0.021815335,0.020533068
/mnt/sdd/caltech_training/multiclass/train/006.Least_Auklet/Least_Auklet_0005_795119.jpg,5,-0.0039556907,-0.0016875665,0.0024645664,0.007671193,-0.0042523025,0.015687944,0.02501019,0.042187206,0.038734213,0.029905027,0.045055736
/mnt/sdd/caltech_training/multiclass/train/006.Least_Auklet/Least_Auklet_0028_795094.jpg,5,0.0019059789,-0.0025096668,-0.010381815,-0.0055789826,-0.0036516455,0.019310853,0.026742447,0.014882794,0.03975048,0.03230738,0.036285654
/mnt/sdd/caltech_training/multiclass/train/006.Least_Auklet/Least_Auklet_0010_795092.jpg,5,-0.0001142979,0.0043986416,0.0116878105,0.0062416615,0.002145877,0.02728343,0.03428298,0.03568209,0.044367623,0.043805655,0.04506252
/mnt/sdd/caltech_training/multiclass/train/006.Least_Auklet/Least_Auklet_0050_1924.jpg,5,-0.0014021914,-0.0026713214,-0.0051596668,0.0020250068,0.0010494022,0.0052932147,0.028397745,0.0325211,0.03205882,0.017178413,0.034053314
/mnt/sdd/caltech_training/multiclass/train/006.Least_Auklet/Least_Auklet_0007_795123.jpg,5,-0.00018956291,-0.0059955195,-0.0033791498,0.0049153585,0.005908902,0.02566662,0.01821254,0.0029238595,0.007812867,0.00801164,0.012762561
/mnt/sdd/caltech_training/multiclass/train/006.Least_Auklet/Least_Auklet_0027_795091.jpg,5,0.002244438,0.017095609,0.008238409,0.009737731,0.00044123176,0.01947828,0.040993057,0.060486093,0.048143186,0.044491127,0.047497757
/mnt/sdd/caltech_training/multiclass/train/006.Least_Auklet/Least_Auklet_0020_795080.jpg,5,0.008388508,0.010774372,0.0031319153,0.007708546,0.00015794788,0.026699,0.040323317,0.06601503,0.041505083,0.046275374,0.051194385
/mnt/sdd/caltech_training/multiclass/train/006.Least_Auklet/Least_Auklet_0032_795068.jpg,5,0.0027609223,0.0034085186,0.002243711,0.01638851,0.0066330135,0.03467916,0.035397876,0.058437675,0.04827612,0.03984319,0.041582048
/mnt/sdd/caltech_training/multiclass/train/006.Least_Auklet/Least_Auklet_0030_795116.jpg,5,-0.002929298,0.0015432514,-0.0035576369,0.0040872004,-0.0026677148,0.000108144945,0.011478137,0.033524264,0.027855229,0.02116031,0.0234478
/mnt/sdd/caltech_training/multiclass/train/006.Least_Auklet/Least_Auklet_0024_795120.jpg,5,-0.001083817,-0.0071346164,-0.00925939,0.0027658166,-0.010488926,-0.007174598,0.017582268,0.014223823,0.015968427,0.0003114608,0.022963103
/mnt/sdd/caltech_training/multiclass/train/006.Least_Auklet/Least_Auklet_0025_795087.jpg,5,-0.0009790631,-0.008849853,-0.010665787,-0.00048968685,-0.0043544616,-0.014903314,0.012818711,0.025020806,0.030986827,0.0028167772,0.030713113
/mnt/sdd/caltech_training/multiclass/train/006.Least_Auklet/Least_Auklet_0023_1898.jpg,5,0.0018778224,0.008186694,0.0013851309,0.008626624,-0.00027077692,0.0037779044,0.026406147,0.035277866,0.050592627,0.041998092,0.039849445
/mnt/sdd/caltech_training/multiclass/train/006.Least_Auklet/Least_Auklet_0008_795071.jpg,5,0.00091780367,-0.0029883129,-0.0013861682,-0.0015486415,-0.002931729,0.015019513,0.012173011,0.01799554,0.010859118,0.005304144,0.036575995
/mnt/sdd/caltech_training/multiclass/train/006.Least_Auklet/Least_Auklet_0015_795065.jpg,5,-0.0036590078,-0.0036087462,-0.0014513726,0.006435393,-0.0056484984,0.018961526,0.015349936,0.026777213,0.044898845,0.03159818,0.032712266
/mnt/sdd/caltech_training/multiclass/train/006.Least_Auklet/Least_Auklet_0038_795132.jpg,5,0.0007479492,-0.0031697312,-0.012274297,0.00086735876,-0.006511543,-0.011680328,0.030679813,0.016882211,0.04068365,0.036291353,0.030620323
/mnt/sdd/caltech_training/multiclass/train/006.Least_Auklet/Least_Auklet_0054_795130.jpg,5,5.648483e-05,0.013953763,0.0012215059,0.009187268,0.0031795441,0.008587408,0.02801246,0.042887833,0.05753365,0.027347766,0.034097612
/mnt/sdd/caltech_training/multiclass/train/006.Least_Auklet/Least_Auklet_0042_1874.jpg,5,0.002794035,0.0016919551,-0.01014366,0.0048567755,-0.0027902285,0.0105274,0.03285425,0.05124586,0.03753523,0.040899582,0.05254377
/mnt/sdd/caltech_training/multiclass/train/006.Least_Auklet/Least_Auklet_0034_795096.jpg,5,0.00084591296,-4.1787047e-05,-0.0056435633,0.0028971573,0.0038284888,0.028759358,0.029509878,0.04638332,0.030798469,0.007467699,0.04191603
/mnt/sdd/caltech_training/multiclass/train/006.Least_Auklet/Least_Auklet_0055_795106.jpg,5,0.0066762893,0.011053234,0.009283397,0.00751088,0.008761574,0.0069881054,0.038076013,0.046207644,0.042693585,0.034284152,0.036611468
/mnt/sdd/caltech_training/multiclass/train/007.Parakeet_Auklet/Parakeet_Auklet_0078_2004.jpg,6,0.0012148311,-0.005261016,-0.0061292895,0.0020604194,-0.009410614,-0.017527668,-0.002601388,-0.026112922,-0.02348125,-0.0052145813,-0.020708278
/mnt/sdd/caltech_training/multiclass/train/007.Parakeet_Auklet/Parakeet_Auklet_0067_795964.jpg,6,0.0019654417,0.0052719284,-0.006026185,-0.002917408,0.0019652431,5.004462e-05,-0.0015979467,-0.0059488774,-0.016481627,-0.016675659,-0.0103539545
/mnt/sdd/caltech_training/multiclass/train/007.Parakeet_Auklet/Parakeet_Auklet_0064_795954.jpg,6,0.0017107659,-0.008012332,-0.012577949,0.00045711058,-0.0054683117,-0.013857696,-0.006981712,0.0073819924,-0.0024578206,0.009860757,-0.02046871
/mnt/sdd/caltech_training/multiclass/train/007.Parakeet_Auklet/Parakeet_Auklet_0050_795957.jpg,6,0.00520656,-0.0053884406,0.00050927815,0.0046821814,-0.004435027,0.0070392,0.010625506,0.006763975,0.008531597,0.008127116,-0.013585893
/mnt/sdd/caltech_training/multiclass/train/007.Parakeet_Auklet/Parakeet_Auklet_0001_795972.jpg,6,0.0021356682,-0.006182139,-0.018113574,-0.0031785532,-0.007921889,-0.0393302,-0.017708145,-0.033745166,0.0015178657,0.00012412609,-0.012294386
/mnt/sdd/caltech_training/multiclass/train/007.Parakeet_Auklet/Parakeet_Auklet_0007_795932.jpg,6,0.00601631,-0.008648909,-0.018071368,0.0023666024,-0.0041153873,-0.010760268,0.007319644,-0.0021408591,-0.0037438478,-5.030562e-05,-0.014589894
/mnt/sdd/caltech_training/multiclass/train/007.Parakeet_Auklet/Parakeet_Auklet_0012_795927.jpg,6,0.00015676592,-0.013336964,-0.013705864,-0.010067298,-0.011101129,-0.024221161,-0.0112718,-0.020243362,-0.013073221,0.010094181,-0.021290917
/mnt/sdd/caltech_training/multiclass/train/007.Parakeet_Auklet/Parakeet_Auklet_0003_795982.jpg,6,9.073585e-05,-0.015427172,-0.011371445,-0.000975064,-0.0030416108,-0.021020781,-0.014873177,-0.017625852,-0.0020188377,0.0098045245,-0.013277968
/mnt/sdd/caltech_training/multiclass/train/007.Parakeet_Auklet/Parakeet_Auklet_0020_795947.jpg,6,0.001451203,-0.0039327755,-0.012498414,0.0021655853,-0.0042868676,-0.016027175,0.0027934392,0.017170068,-0.0047401926,0.007270525,-0.014283188
/mnt/sdd/caltech_training/multiclass/train/007.Parakeet_Auklet/Parakeet_Auklet_0059_795973.jpg,6,0.00063684536,-0.00485171,-0.0021739108,0.0019127122,0.00293692,0.004408035,-0.020191219,-0.018312346,-0.0095270155,-0.014955998,-0.012593151
/mnt/sdd/caltech_training/multiclass/train/007.Parakeet_Auklet/Parakeet_Auklet_0010_795995.jpg,6,0.0015850035,-0.0092755435,-0.011114723,-0.007869135,-0.009305881,-0.013731584,0.007525973,-0.025436066,-0.006442776,-0.009520352,-0.0033293434
/mnt/sdd/caltech_training/multiclass/train/007.Parakeet_Auklet/Parakeet_Auklet_0074_795976.jpg,6,0.0023565565,-0.010493223,-0.0100621935,-0.009031029,-0.013217632,-0.028246429,-0.0109205535,-0.013432632,-0.003517263,-0.017087486,-0.014833313
/mnt/sdd/caltech_training/multiclass/train/007.Parakeet_Auklet/Parakeet_Auklet_0058_795942.jpg,6,0.0030323565,-0.0032409825,-0.002803972,0.0048729945,0.0023270021,0.0036761006,-0.0102424715,-0.015158886,0.0019318365,0.008871505,0.00082428963
/mnt/sdd/caltech_training/multiclass/train/007.Parakeet_Auklet/Parakeet_Auklet_0008_795992.jpg,6,-0.0044409125,-0.01443285,-0.016715795,-0.015192525,-0.017912094,-0.047760896,-0.010494824,-0.025368497,-0.03524007,-0.036948655,-0.019935047
/mnt/sdd/caltech_training/multiclass/train/007.Parakeet_Auklet/Parakeet_Auklet_0026_795962.jpg,6,-0.004534779,-0.0078277085,-0.010111725,-0.00069699856,-0.00032417616,-0.009218647,0.0043017142,-0.0004909218,-0.0012750407,-0.011410346,-0.0018527647
/mnt/sdd/caltech_training/multiclass/train/007.Parakeet_Auklet/Parakeet_Auklet_0056_795926.jpg,6,-0.008408017,-0.0006134937,-0.013879212,-0.010613807,-0.0070197266,-0.022607379,-0.03430114,-0.024269141,0.005234884,-0.001338128,-0.018773658
/mnt/sdd/caltech_training/multiclass/train/007.Parakeet_Auklet/Parakeet_Auklet_0041_795933.jpg,6,0.003508782,0.00027412781,0.0031250927,0.0063755824,-0.0004173417,0.0026155426,-0.0074484763,-0.005478756,0.005339603,0.00045773026,-0.022240564
/mnt/sdd/caltech_training/multiclass/train/007.Parakeet_Auklet/Parakeet_Auklet_0042_795961.jpg,6,-0.0036660584,-0.009152871,-0.019023351,-0.0070562307,-0.012351359,-0.0244346,-0.022462437,-0.025626559,-0.022167,-0.024475409,-0.006122557
/mnt/sdd/caltech_training/multiclass/train/007.Parakeet_Auklet/Parakeet_Auklet_0080_795965.jpg,6,-0.000118519354,-0.029761206,-0.020730961,-0.012203838,-0.0050180256,-0.023581732,-0.032930702,-0.017766388,-0.02201443,-0.03354557,-0.023991898
/mnt/sdd/caltech_training/multiclass/train/007.Parakeet_Auklet/Parakeet_Auklet_0043_795948.jpg,6,0.0042708535,-0.0031249304,0.0040200935,-0.006659325,-0.006475146,-0.0027290587,-0.00545453,-0.015029621,0.010990986,0.022213899,-0.0123446155
/mnt/sdd/caltech_training/multiclass/train/007.Parakeet_Auklet/Parakeet_Auklet_0031_795960.jpg,6,0.0041900612,-0.0054461216,-0.017322648,-0.010155035,-0.008365474,-0.037975945,-0.0110077,-0.016096367,-0.005871855,-0.0046534804,-0.013900736
/mnt/sdd/caltech_training/multiclass/train/007.Parakeet_Auklet/Parakeet_Auklet_0027_795925.jpg,6,0.0043036556,-0.00026203878,-0.012970073,-0.0011356168,-0.0022688098,-0.016526815,0.0046094647,0.00087532634,-0.0024980044,0.012506766,-0.0076514585
/mnt/sdd/caltech_training/multiclass/train/007.Parakeet_Auklet/Parakeet_Auklet_0025_795975.jpg,6,0.0011119063,-0.011130306,-0.011541836,-0.0015295218,-0.0048783817,-0.02318152,-0.01177704,-0.030702494,0.0019408902,0.014172947,-0.0111869
/mnt/sdd/caltech_training/multiclass/train/007.Parakeet_Auklet/Parakeet_Auklet_0051_795971.jpg,6,0.0020874362,-0.019855954,-0.01879967,-0.010528653,-0.011619704,-0.050091013,-0.040159315,-0.043056764,0.001389221,-0.004786677,-0.019662825
/mnt/sdd/caltech_training/multiclass/train/007.Parakeet_Auklet/Parakeet_Auklet_0036_795943.jpg,6,-5.2997144e-05,-0.009721486,-0.007816239,-0.0022445712,-0.009172352,-0.025865396,0.0076642875,0.00914259,-0.012224441,-0.015758544,-0.008712289
/mnt/sdd/caltech_training/multiclass/train/007.Parakeet_Auklet/Parakeet_Auklet_0016_795977.jpg,6,0.0027688036,-0.0025284817,-0.010356145,0.00030263758,-0.0032986763,-0.00307158,-0.008891057,-0.012755323,-0.00901782,-0.0033913087,-0.026089694
/mnt/sdd/caltech_training/multiclass/train/007.Parakeet_Auklet/Parakeet_Auklet_0047_795956.jpg,6,0.0011168214,-0.0145509485,-0.002075861,-0.007851753,-0.003492595,-0.017696902,0.0012543355,-0.010070713,0.028375527,0.05445134,0.0033893243
/mnt/sdd/caltech_training/multiclass/train/007.Parakeet_Auklet/Parakeet_Auklet_0073_795939.jpg,6,-0.00410034,-0.017239183,-0.008460045,0.0016707093,-0.005213898,-0.012774855,-0.022470765,-0.0014191467,-0.009209597,-0.016139925,-0.016419847
/mnt/sdd/caltech_training/multiclass/train/007.Parakeet_Auklet/Parakeet_Auklet_0004_795921.jpg,6,-0.0025701583,-0.0061738603,-0.0014720755,-0.008526087,-0.004932061,-0.023879081,-0.00078205706,0.0011268657,-0.0075921924,-0.005209272,-0.018203124
/mnt/sdd/caltech_training/multiclass/train/007.Parakeet_Auklet/Parakeet_Auklet_0028_795944.jpg,6,-0.00094390195,-0.0040672827,0.00356318,-0.0004901963,0.00041901367,0.0037283655,0.003386225,-0.0099886125,-0.0005312725,0.005670565,-0.016271006
/mnt/sdd/caltech_training/multiclass/train/007.Parakeet_Auklet/Parakeet_Auklet_0076_796001.jpg,6,0.002357829,-0.001161774,-0.01191881,0.00026481878,-0.009789905,-0.024525264,-0.008386331,-0.0069419425,-0.014970244,-0.004870812,-0.02305222
/mnt/sdd/caltech_training/multiclass/train/007.Parakeet_Auklet/Parakeet_Auklet_0015_795966.jpg,6,0.00012814824,0.0019537406,-0.009990952,9.991322e-05,4.680222e-05,0.0039683776,-0.0065525034,-0.020069757,0.011524277,0.037733592,0.010433843
/mnt/sdd/caltech_training/multiclass/train/007.Parakeet_Auklet/Parakeet_Auklet_0072_795929.jpg,6,0.0010636258,0.003925205,-0.0019996325,0.0050883084,0.0052612503,0.012641012,0.015883729,0.012455558,0.02169476,0.033306804,-0.004530891
/mnt/sdd/caltech_training/multiclass/train/007.Parakeet_Auklet/Parakeet_Auklet_0013_795970.jpg,6,-0.00014188618,-0.0029993518,-0.008447107,-0.0065827044,-0.0102132205,-0.029736228,0.0060911793,-0.016379237,0.004074949,0.01433032,-0.0050026164
/mnt/sdd/caltech_training/multiclass/train/007.Parakeet_Auklet/Parakeet_Auklet_0040_795974.jpg,6,0.0053176694,-0.0032854497,-0.013156008,-0.010390475,-0.011867842,-0.024933297,-0.02116102,-0.02422151,-0.008933706,-0.014468294,-0.011045738
/mnt/sdd/caltech_training/multiclass/train/007.Parakeet_Auklet/Parakeet_Auklet_0035_795934.jpg,6,0.00284454,-0.01109679,-0.009957155,-0.012840092,-0.008775178,-0.018389858,-0.0042497143,-0.028154498,-0.01297073,-0.0033749093,-0.016233481
/mnt/sdd/caltech_training/multiclass/train/007.Parakeet_Auklet/Parakeet_Auklet_0024_2045.jpg,6,0.0011088634,-0.0031266117,-0.0038273316,-0.0016092495,0.008575736,0.010994491,-0.007371527,-0.0027395205,0.019907657,0.026038665,-0.017290141
/mnt/sdd/caltech_training/multiclass/train/007.Parakeet_Auklet/Parakeet_Auklet_0017_795924.jpg,6,-0.0026014105,-0.016665515,-0.01549322,-0.0072003356,-0.011855354,-0.028645325,0.0044981334,-0.01683879,-0.009736214,0.004133947,-0.011267027
/mnt/sdd/caltech_training/multiclass/train/007.Parakeet_Auklet/Parakeet_Auklet_0038_795935.jpg,6,-0.0021632665,-0.010303845,-0.0072721886,0.0027121105,0.00011597923,0.016556531,0.0055840015,-0.0020693913,0.002300426,0.023629688,-0.004695231
/mnt/sdd/caltech_training/multiclass/train/007.Parakeet_Auklet/Parakeet_Auklet_0062_795958.jpg,6,0.0043604737,-0.008589958,-0.002810805,0.0021207766,-0.0018391284,-0.0027466284,0.0042332932,0.0073014246,0.005079996,0.017353456,-0.018646007
/mnt/sdd/caltech_training/multiclass/train/007.Parakeet_Auklet/Parakeet_Auklet_0065_795969.jpg,6,0.0002655813,-0.014734292,-0.017699175,-0.006513272,-0.007595618,-0.03912255,-0.016749505,-0.019635756,0.00088999653,-0.011762794,0.00016219681
/mnt/sdd/caltech_training/multiclass/train/007.Parakeet_Auklet/Parakeet_Auklet_0045_795953.jpg,6,-0.0021742277,-0.013609865,-0.006194587,-0.0068080914,0.0033107703,-0.0013350128,-0.01428929,-0.010857835,0.012296287,0.021038756,-0.010994697
/mnt/sdd/caltech_training/multiclass/train/008.Rhinoceros_Auklet/Rhinoceros_Auklet_0046_797532.jpg,7,0.00039540682,0.0077459114,0.0027305023,-0.0075476863,-0.009763876,-0.015811777,-0.011415718,-0.003341394,-0.010520669,-0.013738277,-0.0034619642
/mnt/sdd/caltech_training/multiclass/train/008.Rhinoceros_Auklet/Rhinoceros_Auklet_0020_2195.jpg,7,0.0028849437,-0.0132072745,-0.0045681773,-0.003605356,-0.009649042,-0.030401083,-0.029289406,-0.040156588,-0.015490591,-0.011151067,-0.019269593
/mnt/sdd/caltech_training/multiclass/train/008.Rhinoceros_Auklet/Rhinoceros_Auklet_0003_797535.jpg,7,-0.001364833,5.85441e-05,-0.0077793803,-0.0095237885,-0.0045650164,-0.01218912,-0.021630744,-0.02237351,-0.018802026,-0.014687995,0.0003005052
/mnt/sdd/caltech_training/multiclass/train/008.Rhinoceros_Auklet/Rhinoceros_Auklet_0008_797531.jpg,7,0.005236674,-0.0060950173,-0.017046988,0.00059743365,-0.0052802223,-0.020333141,-0.023664922,-0.01711121,-0.036536865,-0.029009484,-0.025447296
/mnt/sdd/caltech_training/multiclass/train/008.Rhinoceros_Auklet/Rhinoceros_Auklet_0039_2174.jpg,7,-0.003059444,-0.02950728,-0.027942711,-0.007824876,-0.011858579,-0.028591473,-0.042214654,-0.05843699,-0.054156184,-0.06768894,-0.038880892
/mnt/sdd/caltech_training/multiclass/train/008.Rhinoceros_Auklet/Rhinoceros_Auklet_0025_797508.jpg,7,-0.0033866668,-0.03674358,-0.025157258,-0.016101737,-0.01852766,-0.03714866,-0.06306801,-0.06779057,-0.046821322,-0.050264508,-0.039664783
/mnt/sdd/caltech_training/multiclass/train/008.Rhinoceros_Auklet/Rhinoceros_Auklet_0005_2111.jpg,7,0.0010015452,-0.0003086432,0.0013803013,0.0034170735,0.0023265542,-0.0013263049,-0.003971532,-0.0023095303,-0.0046196976,-0.023918618,-0.016840776
/mnt/sdd/caltech_training/multiclass/train/008.Rhinoceros_Auklet/Rhinoceros_Auklet_0049_797543.jpg,7,0.0014662175,0.0027539325,0.009543996,-0.007058358,0.0015355188,-0.01920597,-0.022027161,-0.012925638,-0.023748554,-0.017498057,-0.016125238
/mnt/sdd/caltech_training/multiclass/train/008.Rhinoceros_Auklet/Rhinoceros_Auklet_0027_797496.jpg,7,-0.00023283705,-0.032568537,-0.02459611,-0.02263749,-0.025314122,-0.062139735,-0.031193644,-0.044410035,-0.03893696,-0.036575176,-0.030363094
/mnt/sdd/caltech_training/multiclass/train/008.Rhinoceros_Auklet/Rhinoceros_Auklet_0028_2056.jpg,7,-0.0062097833,0.007974254,0.0017891076,-0.0022215017,-0.0064873723,-0.008536628,0.013253696,-0.0043425714,-0.0038787038,-0.011352446,-0.005137872
/mnt/sdd/caltech_training/multiclass/train/008.Rhinoceros_Auklet/Rhinoceros_Auklet_0013_797537.jpg,7,-0.0034954203,-0.0019074709,0.00086802256,-0.002039047,0.004156,-0.0014522118,0.002577065,-0.03564031,0.019009754,0.017698616,-0.0003832893
/mnt/sdd/caltech_training/multiclass/train/008.Rhinoceros_Auklet/Rhinoceros_Auklet_0023_797501.jpg,7,-0.004972186,-0.029667329,-0.015509734,-0.011306901,-0.013119841,-0.03111035,-0.029394973,-0.016634274,-0.028879425,-0.048696987,-0.025216214
/mnt/sdd/caltech_training/multiclass/train/008.Rhinoceros_Auklet/Rhinoceros_Auklet_0041_797515.jpg,7,-0.0014967782,-0.0072310846,-0.014158041,-0.008505415,-0.01127355,-0.031776723,-0.025096068,-0.01320405,-0.035819866,-0.023705682,-0.030470535
/mnt/sdd/caltech_training/multiclass/train/008.Rhinoceros_Auklet/Rhinoceros_Auklet_0015_2160.jpg,7,-0.009058777,-0.022143712,-0.032720253,-0.015600775,-0.014981039,-0.044749536,-0.045617245,-0.028412523,-0.01900737,-0.024331722,-0.022194955
/mnt/sdd/caltech_training/multiclass/train/008.Rhinoceros_Auklet/Rhinoceros_Auklet_0032_797516.jpg,7,-0.004711134,-0.0135731,-0.011282239,-0.010468806,-0.009284982,-0.02412844,-0.017322533,-0.019812405,-0.0083820475,-0.010432568,-0.023003936
/mnt/sdd/caltech_training/multiclass/train/008.Rhinoceros_Auklet/Rhinoceros_Auklet_0017_2155.jpg,7,0.0002831836,0.0008360663,-0.003099245,0.0027376877,-0.0009655417,-0.008915028,0.0036768424,-0.016444765,-0.0063379835,-0.023526417,-0.002566255
/mnt/sdd/caltech_training/multiclass/train/008.Rhinoceros_Auklet/Rhinoceros_Auklet_0044_797502.jpg,7,0.000119424425,0.00069451774,-0.0057724025,-0.010103533,-0.004266672,-0.013979259,-0.0020963321,0.015558509,-0.011965638,-0.017201288,-0.0026302014
/mnt/sdd/caltech_training/multiclass/train/008.Rhinoceros_Auklet/Rhinoceros_Auklet_0029_797520.jpg,7,-0.0063799717,-0.023202138,-0.016704295,-0.014277706,-0.017758807,-0.03029522,-0.045976248,-0.036561757,-0.033153564,-0.048116207,-0.03423143
/mnt/sdd/caltech_training/multiclass/train/008.Rhinoceros_Auklet/Rhinoceros_Auklet_0043_2096.jpg,7,0.0014187815,0.0057600304,0.0023643628,0.0016735023,-0.0021480382,-0.006157606,-0.012576964,0.0012725883,-0.0098553235,-0.028242044,-0.012126586
/mnt/sdd/caltech_training/multiclass/train/008.Rhinoceros_Auklet/Rhinoceros_Auklet_0026_797519.jpg,7,0.0006778877,-0.012005698,-0.012138764,-0.0042943424,-0.0077804225,-0.021631917,-0.03176765,-0.04451786,-0.039412655,-0.039847698,-0.029132929
/mnt/sdd/caltech_training/multiclass/train/008.Rhinoceros_Auklet/Rhinoceros_Auklet_0021_2089.jpg,7,-0.0043742843,0.005364203,0.004988038,-0.0014447826,-0.0034450116,-0.0048957565,0.007590523,0.006363934,0.0067910776,0.012229401,0.010867538
/mnt/sdd/caltech_training/multiclass/train/008.Rhinoceros_Auklet/Rhinoceros_Auklet_0009_797539.jpg,7,6.206648e-05,-0.0077685798,-0.0025360943,-0.0004113079,-0.0014402365,-0.0020181038,-0.0018105633,0.0024102048,-0.022456512,-0.010046998,-0.004153692
/mnt/sdd/caltech_training/multiclass/train/008.Rhinoceros_Auklet/Rhinoceros_Auklet_0048_2162.jpg,7,-0.0017107892,0.005233379,-0.0055813096,0.0038451166,-0.0034705745,0.0038426768,0.007108908,-0.0115379635,0.005263637,-0.024132129,-0.007972603
/mnt/sdd/caltech_training/multiclass/train/008.Rhinoceros_Auklet/Rhinoceros_Auklet_0031_797518.jpg,7,0.002574359,0.009093968,0.0023061805,-0.0013405889,-0.00079698116,-0.0018330719,-0.0073799673,-0.0060570408,-0.00029992196,-0.010140257,0.0029538497
/mnt/sdd/caltech_training/multiclass/train/008.Rhinoceros_Auklet/Rhinoceros_Auklet_0033_2169.jpg,7,0.0012166044,-0.0023273756,0.0011655273,0.0018898188,-0.005631609,-0.012385193,-0.0016257726,-0.009095528,-0.018593308,-0.025310531,0.004409192
/mnt/sdd/caltech_training/multiclass/train/008.Rhinoceros_Auklet/Rhinoceros_Auklet_0016_2114.jpg,7,-0.0027107936,-0.003546884,-0.009728954,-0.008918729,-0.010779068,-0.0115960855,0.0011285376,-0.011165613,-0.02265488,-0.045021333,-0.013600659
/mnt/sdd/caltech_training/multiclass/train/008.Rhinoceros_Auklet/Rhinoceros_Auklet_0030_797509.jpg,7,-0.010499429,-0.011806996,-0.0091268895,-0.0062280777,-0.0075491793,-0.023998667,-0.0225796,-0.052871704,-0.019029025,-0.019094868,-0.011978947
/mnt/sdd/caltech_training/multiclass/train/008.Rhinoceros_Auklet/Rhinoceros_Auklet_0037_797499.jpg,7,0.0027174694,-0.0041647498,-0.0036782532,-0.0018311697,-0.005111579,-0.017802287,-0.00994267,-0.0019517977,-0.004198188,-0.013278265,-0.0059498465
/mnt/sdd/caltech_training/multiclass/train/008.Rhinoceros_Auklet/Rhinoceros_Auklet_0050_797534.jpg,7,0.009070887,-0.0005646425,-0.00046697725,0.0024372947,-0.0028702286,0.012239387,0.01871835,0.02099338,-0.009310067,-0.0130515015,-0.013276126
/mnt/sdd/caltech_training/multiclass/train/008.Rhinoceros_Auklet/Rhinoceros_Auklet_0045_797536.jpg,7,-0.0057448037,-0.0060743825,-0.015830062,-0.011408544,-0.010592055,-0.018951934,-0.03442622,-0.02973639,-0.03532833,-0.034818865,-0.024541575
/mnt/sdd/caltech_training/multiclass/train/008.Rhinoceros_Auklet/Rhinoceros_Auklet_0022_2170.jpg,7,-0.00545356,-0.021207657,-0.014236484,-0.012554764,-0.013787449,-0.033524193,-0.018210195,-0.038911376,-0.037156317,-0.05013831,-0.02333297
/mnt/sdd/caltech_training/multiclass/train/008.Rhinoceros_Auklet/Rhinoceros_Auklet_0034_797497.jpg,7,-0.0071957516,-0.010965519,-0.008277044,-0.0013597013,-0.008755818,-0.007087342,0.00015361188,0.005240175,-0.038240314,-0.039833378,-0.019308085
/mnt/sdd/caltech_training/multiclass/train/008.Rhinoceros_Auklet/Rhinoceros_Auklet_0014_797522.jpg,7,-0.0076677026,-0.0026273665,-0.012619587,-0.0070252344,9.728409e-05,-0.008945715,-0.01448475,-0.017267426,-0.011060996,-0.015285259,-0.0052305814
/mnt/sdd/caltech_training/multiclass/train/008.Rhinoceros_Auklet/Rhinoceros_Auklet_0010_797545.jpg,7,0.0022599292,-0.0046743187,0.004982681,-0.011400841,-0.015480019,-0.025466198,-0.011503099,-0.014127217,-0.009826362,-0.033227526,-0.011403435
/mnt/sdd/caltech_training/multiclass/train/008.Rhinoceros_Auklet/Rhinoceros_Auklet_0018_797517.jpg,7,-0.005920143,-0.006106012,-0.013044402,-0.0073035746,-0.014063221,-0.01693211,-0.025937237,-0.014576431,-0.015320028,-0.0140164,-0.024223426
/mnt/sdd/caltech_training/multiclass/train/008.Rhinoceros_Auklet/Rhinoceros_Auklet_0019_797513.jpg,7,-0.011618098,-0.038539276,-0.031070096,-0.017285522,-0.020402484,-0.043700844,-0.053497158,-0.055462204,-0.044617333,-0.061078437,-0.039148077
/mnt/sdd/caltech_training/multiclass/train/008.Rhinoceros_Auklet/Rhinoceros_Auklet_0001_797538.jpg,7,-0.005868892,-0.010865375,0.0052831755,-0.0058837095,-0.015103969,-0.027680147,-0.046295818,-0.04489574,-0.030848684,-0.03137161,-0.025104437
/mnt/sdd/caltech_training/multiclass/train/008.Rhinoceros_Auklet/Rhinoceros_Auklet_0007_797521.jpg,7,-0.0011171888,-0.008859517,-0.015305849,-0.012251766,-0.0054226825,-0.013138206,-0.0014801426,-0.012500519,-0.023175733,-0.02619838,-0.01631798
/mnt/sdd/caltech_training/multiclass/train/009.Brewer_Blackbird/Brewer_Blackbird_0101_2630.jpg,8,-0.0019820197,-0.0012107199,-0.00022543687,0.007881306,0.0029677935,0.0027560713,0.024157984,0.008688657,-0.0074533634,-0.0010163353,0.011075426
/mnt/sdd/caltech_training/multiclass/train/009.Brewer_Blackbird/Brewer_Blackbird_0045_2303.jpg,8,0.0032038721,-0.002925701,-0.0027968027,-0.003595669,0.00026809284,0.00072616094,-0.007083858,-0.0016247896,-0.04459341,-0.031795457,-0.0048356154
/mnt/sdd/caltech_training/multiclass/train/009.Brewer_Blackbird/Brewer_Blackbird_0096_2634.jpg,8,0.0041299313,0.0007012901,0.0062059048,0.00089912006,-0.0001523722,-0.0060362453,0.0016917824,0.01047029,-0.020801187,-0.009539484,0.004526749
/mnt/sdd/caltech_training/multiclass/train/009.Brewer_Blackbird/Brewer_Blackbird_0104_2230.jpg,8,-0.004118879,0.0026630366,-0.008784836,0.00024209253,0.0037520875,-0.0020139818,0.003859068,0.0010364704,-0.007583224,-0.009932917,0.0035765606
/mnt/sdd/caltech_training/multiclass/train/009.Brewer_Blackbird/Brewer_Blackbird_0064_2290.jpg,8,-0.0014252649,0.0013072628,-0.011849292,0.0020053685,-0.001770476,-0.0044918708,0.012312164,0.020338183,-0.0040630866,-0.0015707733,0.02362799
/mnt/sdd/caltech_training/multiclass/train/009.Brewer_Blackbird/Brewer_Blackbird_0026_2625.jpg,8,0.00085752946,-0.0027332841,0.008531866,0.0017606138,0.00068026385,0.010118283,0.03543672,0.023757014,0.010796093,0.02239903,0.024542639
/mnt/sdd/caltech_training/multiclass/train/009.Brewer_Blackbird/Brewer_Blackbird_0002_2278.jpg,8,0.0024691024,-0.0005545005,-0.008889665,-0.003514601,-0.008169988,-0.009432521,-0.0012046574,-0.016434222,-0.04008709,-0.028501183,-0.0013508103
/mnt/sdd/caltech_training/multiclass/train/009.Brewer_Blackbird/Brewer_Blackbird_0042_2302.jpg,8,0.0017192983,-0.0018277448,0.0063410196,0.0018901639,0.0019602347,0.0020182163,0.024141904,0.02044813,0.016147155,0.016916683,0.029846674
/mnt/sdd/caltech_training/multiclass/train/009.Brewer_Blackbird/Brewer_Blackbird_0087_2622.jpg,8,-4.0713698e-05,-0.00076731713,-0.016068881,-0.009374793,-0.00681621,-0.017483074,0.00096649304,0.0019392906,-0.040642716,-0.020703884,0.0012562317
/mnt/sdd/caltech_training/multiclass/train/009.Brewer_Blackbird/Brewer_Blackbird_0127_2235.jpg,8,-0.005493428,-0.007489818,-0.0036356936,-0.004115419,-0.012053741,-0.01952014,0.0051483307,-7.247925e-05,0.029555866,0.023114208,0.026540715
/mnt/sdd/caltech_training/multiclass/train/009.Brewer_Blackbird/Brewer_Blackbird_0142_2636.jpg,8,0.0019777454,-0.0054914784,0.007054018,-0.006299432,-0.0019198735,-0.02280391,0.016798312,0.021600084,-0.018561922,-0.009987443,0.017595787
/mnt/sdd/caltech_training/multiclass/train/009.Brewer_Blackbird/Brewer_Blackbird_0132_2293.jpg,8,-0.0008253597,0.01012895,0.018311068,0.007204182,0.0013401452,0.00446629,0.022908412,0.026342254,0.012189573,0.022583917,0.017016735
/mnt/sdd/caltech_training/multiclass/train/009.Brewer_Blackbird/Brewer_Blackbird_0111_2613.jpg,8,-0.0051607904,-0.0019078357,0.00056351535,-0.013631916,-0.012020717,-0.024097305,0.01878748,0.0048282435,0.0147585375,0.012150237,0.011645072
/mnt/sdd/caltech_training/multiclass/train/009.Brewer_Blackbird/Brewer_Blackbird_0131_2289.jpg,8,0.0015111093,0.0014399096,-0.0046658926,0.011007517,0.0049780114,0.019548317,0.04108236,0.03353031,0.039214853,0.023432575,0.033305943
/mnt/sdd/caltech_training/multiclass/train/009.Brewer_Blackbird/Brewer_Blackbird_0032_2214.jpg,8,-0.0015698165,0.0008959595,0.009214991,-0.007142081,-0.007912684,-0.0041318852,-0.0005532708,0.007898002,-0.026340941,-0.026086656,0.009007685
/mnt/sdd/caltech_training/multiclass/train/009.Brewer_Blackbird/Brewer_Blackbird_0074_2277.jpg,8,0.004060473,0.018490497,0.011225541,0.0052175713,0.002088793,0.0068064784,0.022279883,0.0076033063,0.022778112,0.04256604,0.02628446
/mnt/sdd/caltech_training/multiclass/train/009.Brewer_Blackbird/Brewer_Blackbird_0079_2343.jpg,8,-0.0075575486,0.0031690071,-0.005697128,0.0010716652,-0.003460416,-0.0011293609,0.014901787,0.018277718,-0.03236939,-0.0044052927,0.007261774
/mnt/sdd/caltech_training/multiclass/train/009.Brewer_Blackbird/Brewer_Blackbird_0102_2620.jpg,8,-0.0036485905,-0.008305283,-0.0043447893,-0.007848497,-0.015543479,-0.017717779,0.008771292,-0.0024719266,0.015501131,0.0019988506,0.026643286
/mnt/sdd/caltech_training/multiclass/train/009.Brewer_Blackbird/Brewer_Blackbird_0090_2658.jpg,8,-0.0015095967,0.002286528,-0.0011775765,0.013133249,0.00776647,0.022278942,0.007880343,0.01226799,0.024076505,0.014033353,0.03145667
/mnt/sdd/caltech_training/multiclass/train/009.Brewer_Blackbird/Brewer_Blackbird_0016_2225.jpg,8,0.004620171,0.003979212,0.012733521,0.016573716,0.010478016,0.019899122,0.03566517,0.038971823,0.012154812,0.030576691,0.03399624
/mnt/sdd/caltech_training/multiclass/train/009.Brewer_Blackbird/Brewer_Blackbird_0054_2631.jpg,8,-0.002010077,0.0006312032,0.0009293384,-0.0018268155,-0.0044869,0.0017171656,0.026652222,0.018759454,-0.009486699,-0.0071935197,0.020645708
/mnt/sdd/caltech_training/multiclass/train/009.Brewer_Blackbird/Brewer_Blackbird_0028_2682.jpg,8,-0.0018209633,0.0034842175,-1.0592863e-05,0.00041571353,-0.0025994238,0.015952198,0.012470232,0.0016691074,-0.0068970593,-0.00653797,0.012472343
/mnt/sdd/caltech_training/multiclass/train/009.Brewer_Blackbird/Brewer_Blackbird_0030_2268.jpg,8,-0.0007587203,-0.0014304749,-0.0038454602,-0.011755146,-0.009556704,-0.012905931,0.011211743,0.010979077,0.021840392,0.030046426,0.025169918
/mnt/sdd/caltech_training/multiclass/train/009.Brewer_Blackbird/Brewer_Blackbird_0070_2325.jpg,8,-0.005260556,-0.011441628,-0.003247852,-0.014651796,-0.013081004,-0.028790992,-0.030311072,-0.031962074,-0.036586534,-0.021483067,-0.01462901
/mnt/sdd/caltech_training/multiclass/train/009.Brewer_Blackbird/Brewer_Blackbird_0103_2273.jpg,8,-0.0020279048,-0.0006647627,0.0020256806,-1.0292133e-05,-0.00089427986,-0.0045545967,0.02277497,0.013551764,-0.008855663,-0.0020461585,0.022138536
/mnt/sdd/caltech_training/multiclass/train/009.Brewer_Blackbird/Brewer_Blackbird_0095_2610.jpg,8,-0.001858488,0.006017998,0.0008712646,0.008068,-0.0010429908,0.0032351664,0.006526812,0.0036370093,-0.01319843,-0.008660434,0.01557027
/mnt/sdd/caltech_training/multiclass/train/009.Brewer_Blackbird/Brewer_Blackbird_0009_2616.jpg,8,0.0023842044,0.0034385663,0.0016353312,-0.0006938848,-0.007505522,-0.015857322,0.02121943,0.016422914,0.001951959,0.001026463,0.016895516
/mnt/sdd/caltech_training/multiclass/train/009.Brewer_Blackbird/Brewer_Blackbird_0133_2324.jpg,8,0.008266337,0.00037076115,0.009164125,0.006256569,0.0048740446,0.008072687,0.010245812,0.0033796206,0.011662912,0.002296808,0.016795967
/mnt/sdd/caltech_training/multiclass/train/009.Brewer_Blackbird/Brewer_Blackbird_0109_2232.jpg,8,-0.0058893487,-0.003784725,-0.01363767,-0.007454052,-0.01101664,-0.0042462186,0.024322473,0.021515723,0.0119750975,-0.0013463311,0.029897962
/mnt/sdd/caltech_training/multiclass/train/009.Brewer_Blackbird/Brewer_Blackbird_0140_2586.jpg,8,-0.0012912836,0.0015126611,0.007349091,0.006146764,0.0036515368,0.014326765,0.044424016,0.039603636,0.01368024,0.020839745,0.034446705
/mnt/sdd/caltech_training/multiclass/train/009.Brewer_Blackbird/Brewer_Blackbird_0025_2231.jpg,8,0.0033352803,0.0016709,0.008277103,-0.008835325,-0.0036976356,-0.0043890895,0.009909258,0.003313024,-0.021621168,-0.02500654,0.0115568265
/mnt/sdd/caltech_training/multiclass/train/009.Brewer_Blackbird/Brewer_Blackbird_0014_2679.jpg,8,-0.0023164698,0.00119818,0.0027899523,0.003311417,0.005077918,-0.0005411743,0.020400017,0.010784818,0.012316763,0.006669112,0.014522845
/mnt/sdd/caltech_training/multiclass/train/009.Brewer_Blackbird/Brewer_Blackbird_0065_2310.jpg,8,-0.0037167189,-0.0054804464,-0.00096307555,0.0049294503,-0.0019214203,-0.012881389,0.028106794,0.0067996928,0.009722151,-0.0026306,0.014997746
/mnt/sdd/caltech_training/multiclass/train/009.Brewer_Blackbird/Brewer_Blackbird_0061_2270.jpg,8,-0.0007792988,-0.0014728657,-0.0040901154,-0.0015904957,-0.006554533,-0.018854957,0.033012986,0.04392548,-0.041051496,-0.023572937,-0.007226536
/mnt/sdd/caltech_training/multiclass/train/009.Brewer_Blackbird/Brewer_Blackbird_0004_2345.jpg,8,-0.0020385562,-0.0029175086,0.0012288536,0.0005897799,-0.0029760827,-0.015466622,0.032000702,0.01998093,-0.0060930112,0.015492549,0.012297177
/mnt/sdd/caltech_training/multiclass/train/009.Brewer_Blackbird/Brewer_Blackbird_0027_2329.jpg,8,0.0015770404,-0.0053723766,-0.00665142,-0.0046513816,-0.010386855,-0.01177617,0.0040373565,0.002951587,-0.010354111,-0.007010261,0.014606685
/mnt/sdd/caltech_training/multiclass/train/009.Brewer_Blackbird/Brewer_Blackbird_0139_2567.jpg,8,0.0034336676,0.010351882,0.021080343,0.009987196,0.010319075,0.013489382,0.04065224,0.032663036,0.04029164,0.035443723,0.022248255
/mnt/sdd/caltech_training/multiclass/train/009.Brewer_Blackbird/Brewer_Blackbird_0049_2258.jpg,8,-0.0052655246,0.009724153,0.005295585,-0.0034604447,-0.0002114845,0.010290517,0.038331706,0.03029424,-0.019343503,0.0019083475,0.020534767
/mnt/sdd/caltech_training/multiclass/train/009.Brewer_Blackbird/Brewer_Blackbird_0099_2560.jpg,8,-0.004707667,0.002599382,0.0006972896,-0.0004517465,0.0063499287,0.0036234502,0.0045783017,0.000659809,-0.0015942333,-0.00016218657,0.0050571044
/mnt/sdd/caltech_training/multiclass/train/009.Brewer_Blackbird/Brewer_Blackbird_0046_2688.jpg,8,-0.009714135,0.0010659758,0.0012982885,-0.0011544127,0.00085746706,0.0005021242,0.025438234,0.009587008,0.00092327315,0.01609837,0.02073059
/mnt/sdd/caltech_training/multiclass/train/009.Brewer_Blackbird/Brewer_Blackbird_0097_2322.jpg,8,-0.00049579126,0.007922758,0.0018798192,0.009928799,0.0060079484,0.019272175,0.030205853,0.016394196,0.010313546,0.014276395,0.012059565
/mnt/sdd/caltech_training/multiclass/train/009.Brewer_Blackbird/Brewer_Blackbird_0137_2680.jpg,8,-0.0016386061,-0.005988282,-0.003073528,-0.0035506347,-0.004914915,-0.008256076,0.0060764328,0.018774208,-0.0012696817,-0.0016220082,0.014744792
/mnt/sdd/caltech_training/multiclass/train/009.Brewer_Blackbird/Brewer_Blackbird_0112_2340.jpg,8,-0.009849046,-0.009943279,-0.007847177,-0.0015621497,-0.005474114,0.0045009004,0.0011844686,-0.008985128,0.0118819345,0.018813537,0.018330764
/mnt/sdd/caltech_training/multiclass/train/009.Brewer_Blackbird/Brewer_Blackbird_0106_2608.jpg,8,0.013356591,0.0052054487,0.0015189811,0.0014159398,-0.004528228,0.0022340757,0.016119203,0.015935268,0.0032202501,0.0025124839,0.026903132
/mnt/sdd/caltech_training/multiclass/train/009.Brewer_Blackbird/Brewer_Blackbird_0017_2668.jpg,8,-0.0026205443,-0.0018458164,0.0060077445,-0.002092863,0.0042771124,0.009719754,0.016477711,0.021417465,0.0001542482,0.010893835,0.020696606
/mnt/sdd/caltech_training/multiclass/train/009.Brewer_Blackbird/Brewer_Blackbird_0018_2261.jpg,8,-0.0002734688,0.0055770557,0.0056815273,0.0029546337,-0.0032262933,-0.0073989793,0.006434687,0.010871965,0.0007717711,0.00090813974,0.023754783
/mnt/sdd/caltech_training/multiclass/train/009.Brewer_Blackbird/Brewer_Blackbird_0078_2659.jpg,8,-0.0047650817,-0.005720797,0.00042647123,-0.0028471672,-0.0039518406,-0.0047869254,0.0033025516,-0.00012185518,-0.020870294,0.0007878703,0.0029551312
/mnt/sdd/caltech_training/multiclass/train/010.Red_winged_Blackbird/Red_Winged_Blackbird_0101_6244.jpg,9,-0.00031274246,0.0043938844,0.003947,0.0040370245,0.0014941696,-0.005236356,0.016872982,-0.0047992,0.009227788,0.008466102,0.017900333
/mnt/sdd/caltech_training/multiclass/train/010.Red_winged_Blackbird/Red_Winged_Blackbird_0094_5856.jpg,9,0.00020794295,0.007643291,0.0035594732,0.0045349523,0.004532179,0.0284631,0.041828156,0.01567424,0.0120196305,0.005853724,0.01996885
/mnt/sdd/caltech_training/multiclass/train/010.Red_winged_Blackbird/Red_Winged_Blackbird_0028_4709.jpg,9,0.0036824292,0.009075734,0.0072386432,0.0038804351,0.00066827296,0.005173164,0.021265179,0.0021200932,0.028943213,0.023166481,0.028162118
/mnt/sdd/caltech_training/multiclass/train/010.Red_winged_Blackbird/Red_Winged_Blackbird_0022_4483.jpg,9,0.0038708684,0.020122945,0.010174414,0.010942975,0.010460127,0.045364678,0.040658996,0.03031271,0.018926024,0.023387512,0.013871726
/mnt/sdd/caltech_training/multiclass/train/010.Red_winged_Blackbird/Red_Winged_Blackbird_0011_5845.jpg,9,0.0039215013,0.01120065,0.012017108,0.002704027,0.0057697315,0.00587565,-0.0036318055,-0.016440164,0.03840343,0.018558789,-0.006057323
/mnt/sdd/caltech_training/multiclass/train/010.Red_winged_Blackbird/Red_Winged_Blackbird_0075_4953.jpg,9,-0.00023672951,0.003482319,0.011574517,0.0012021915,0.0016286826,-0.017438674,0.014791378,-0.014016291,0.013389956,-0.007400172,-0.009500728
/mnt/sdd/caltech_training/multiclass/train/010.Red_winged_Blackbird/Red_Winged_Blackbird_0104_3918.jpg,9,0.0005402718,0.010667967,-0.001951885,0.00056388293,0.004303306,0.0049187057,0.02882329,0.0187838,0.023448564,-0.0077447197,0.012385684
/mnt/sdd/caltech_training/multiclass/train/010.Red_winged_Blackbird/Red_Winged_Blackbird_0039_4285.jpg,9,0.003021898,0.01036922,0.0083111245,0.0034193622,0.004603616,0.0045790854,0.02556375,-0.004316245,0.047007747,0.027963832,0.02858503
/mnt/sdd/caltech_training/multiclass/train/010.Red_winged_Blackbird/Red_Winged_Blackbird_0105_4842.jpg,9,0.0010185946,0.006372897,0.0026443466,-0.0014637816,0.0055128015,0.010825772,0.017902302,-0.0011389259,0.014929615,0.0073012067,0.024346484
/mnt/sdd/caltech_training/multiclass/train/010.Red_winged_Blackbird/Red_Winged_Blackbird_0029_4804.jpg,9,-0.0044748,-0.0034784134,0.0028270967,0.0073573897,0.0036701062,0.0015869765,0.0025099686,-0.00026730914,0.028182194,0.003754302,0.0059214714
/mnt/sdd/caltech_training/multiclass/train/010.Red_winged_Blackbird/Red_Winged_Blackbird_0021_3767.jpg,9,0.0039737746,0.01228186,0.0023113426,0.008766354,0.009892306,0.0075949105,0.015726805,0.020612707,0.024631059,0.015338609,0.030823946
/mnt/sdd/caltech_training/multiclass/train/010.Red_winged_Blackbird/Red_Winged_Blackbird_0109_4454.jpg,9,-3.9005274e-05,0.01165183,0.006884849,-0.0050581694,-0.002882235,-0.011917557,0.016293265,0.012600717,0.015765637,0.0021308688,0.018827675
/mnt/sdd/caltech_training/multiclass/train/010.Red_winged_Blackbird/Red_Winged_Blackbird_0099_3985.jpg,9,0.0020924776,-0.002771541,0.0006147221,-0.0032175507,0.0025741342,0.0074508735,0.02385225,0.008105269,0.016346417,0.003206144,0.02632474
/mnt/sdd/caltech_training/multiclass/train/010.Red_winged_Blackbird/Red_Winged_Blackbird_0023_5257.jpg,9,0.0037980129,0.02249343,0.020608982,0.00417314,0.0033729158,0.014816839,0.0041850563,0.016745394,0.051289685,0.029351793,0.012765339
/mnt/sdd/caltech_training/multiclass/train/010.Red_winged_Blackbird/Red_Winged_Blackbird_0078_5372.jpg,9,-0.0042264354,0.0102563985,0.008114028,0.004174057,0.007058585,0.020857232,0.02871795,-0.00037249643,0.029119782,0.020224702,0.029136507
/mnt/sdd/caltech_training/multiclass/train/010.Red_winged_Blackbird/Red_Winged_Blackbird_0027_4123.jpg,9,0.0061479616,0.009623604,-0.00051407993,0.0062560597,0.004054531,0.020819796,0.02452131,0.0006658742,0.03359697,0.022103302,0.00083899614
/mnt/sdd/caltech_training/multiclass/train/010.Red_winged_Blackbird/Red_Winged_Blackbird_0059_4612.jpg,9,0.00084668933,0.011343209,0.00717545,0.008005868,0.0016764564,0.013014689,0.021531545,0.014300989,0.026380258,0.017149672,0.020905964
/mnt/sdd/caltech_training/multiclass/train/010.Red_winged_Blackbird/Red_Winged_Blackbird_0046_4242.jpg,9,-0.0008611728,0.014671274,-0.0041570812,-0.007787592,0.004615778,0.0038658087,-0.0020045235,0.0038923456,0.028121367,-0.0020505586,0.003116786
/mnt/sdd/caltech_training/multiclass/train/010.Red_winged_Blackbird/Red_Winged_Blackbird_0010_6386.jpg,9,-0.0010051837,0.0040580924,0.0097703235,0.0040510073,0.0053360113,-0.0032070198,0.015014198,0.00855629,0.01792296,-0.009375108,0.01985491
/mnt/sdd/caltech_training/multiclass/train/010.Red_winged_Blackbird/Red_Winged_Blackbird_0058_4141.jpg,9,-0.0006982325,0.003624091,0.0048090816,0.00851452,0.009885548,0.015487455,0.020662915,-0.0028394442,0.048088618,0.016151972,0.015375575
/mnt/sdd/caltech_training/multiclass/train/010.Red_winged_Blackbird/Red_Winged_Blackbird_0065_4026.jpg,9,-0.0010160804,0.016326262,0.011561585,0.002895098,0.0062246574,0.0068391794,0.011232334,-0.003498669,0.022784684,-0.0031824764,0.0019434992
/mnt/sdd/caltech_training/multiclass/train/010.Red_winged_Blackbird/Red_Winged_Blackbird_0040_4522.jpg,9,-0.00469613,0.007217538,-7.322291e-06,-0.0036297604,-0.0059681367,-0.0069651892,0.007297679,-0.0070050466,0.017205358,-0.014433084,-0.0028830888
/mnt/sdd/caltech_training/multiclass/train/010.Red_winged_Blackbird/Red_Winged_Blackbird_0079_4527.jpg,9,-0.008557703,0.008737264,-0.00041434082,0.0036685234,-0.0004944776,-0.0036219978,9.639934e-05,-0.00066024787,0.019018175,-0.024403812,0.010293453
/mnt/sdd/caltech_training/multiclass/train/010.Red_winged_Blackbird/Red_Winged_Blackbird_0071_3988.jpg,9,0.006360189,0.019146241,0.0068340874,0.00026792558,0.0029021848,0.017495498,0.011533803,0.023263764,0.029459992,0.010454309,0.0057199374
/mnt/sdd/caltech_training/multiclass/train/010.Red_winged_Blackbird/Red_Winged_Blackbird_0096_5019.jpg,9,0.0077397153,0.016153213,0.008458569,0.009208278,0.0064422353,0.005278827,0.016481023,-0.0072530718,0.019123673,0.015824974,0.007533415
/mnt/sdd/caltech_training/multiclass/train/010.Red_winged_Blackbird/Red_Winged_Blackbird_0032_4004.jpg,9,0.001431455,0.010863086,0.0033528965,0.000120682525,0.00620774,0.012187118,0.02605653,0.0066107176,0.033519186,0.0056203417,0.027263608
/mnt/sdd/caltech_training/multiclass/train/010.Red_winged_Blackbird/Red_Winged_Blackbird_0001_3695.jpg,9,-0.003006456,0.0031163571,0.0056749196,0.0047671925,-0.004173681,-0.0052716103,0.017578162,0.010307361,0.033681467,0.008084768,0.016415183
/mnt/sdd/caltech_training/multiclass/train/010.Red_winged_Blackbird/Red_Winged_Blackbird_0062_4233.jpg,9,0.0049461983,0.006380193,0.003254327,0.0013426074,0.0040324545,0.007247384,0.025975276,0.024940472,0.014352452,0.014545085,0.02389328
/mnt/sdd/caltech_training/multiclass/train/010.Red_winged_Blackbird/Red_Winged_Blackbird_0064_4936.jpg,9,0.004164676,0.01307392,0.012993174,0.015214046,0.0076958835,0.03190741,0.03404011,0.026547534,0.04261968,0.03322748,0.015211291
/mnt/sdd/caltech_training/multiclass/train/010.Red_winged_Blackbird/Red_Winged_Blackbird_0047_3802.jpg,9,0.001966661,0.012879532,0.01648836,0.009146538,0.009323664,0.02340838,0.030333083,0.026112989,0.052520998,0.017627835,0.008908296
/mnt/sdd/caltech_training/multiclass/train/010.Red_winged_Blackbird/Red_Winged_Blackbird_0055_4345.jpg,9,0.0029424215,0.009845434,0.00934877,0.00045946368,0.00093175203,0.01257812,-0.0016628039,-0.0061929645,0.003298869,-0.02034028,-0.0001659412
/mnt/sdd/caltech_training/multiclass/train/010.Red_winged_Blackbird/Red_Winged_Blackbird_0007_3706.jpg,9,0.0007094469,0.0030204263,0.0064464696,0.003670437,0.003612996,0.00934913,0.0358043,0.0248982,0.0088729095,0.0008708708,0.0028417506
/mnt/sdd/caltech_training/multiclass/train/010.Red_winged_Blackbird/Red_Winged_Blackbird_0020_4050.jpg,9,0.0052913073,0.010820398,0.0029669423,0.0037424583,4.149496e-05,0.002538363,0.01888735,0.0038918157,0.011788439,-0.0009571038,0.00951966
/mnt/sdd/caltech_training/multiclass/train/010.Red_winged_Blackbird/Red_Winged_Blackbird_0006_6005.jpg,9,0.0010774327,-0.002215943,-0.0063101836,-0.0008897339,-0.008190721,-0.0076691834,0.008553251,-0.0055112224,0.025777616,0.011554947,0.011954969
/mnt/sdd/caltech_training/multiclass/train/010.Red_winged_Blackbird/Red_Winged_Blackbird_0049_5598.jpg,9,-0.0057505695,-0.0009472792,-0.01150901,-0.009093965,-0.0053697126,0.0010994317,0.0011447901,-0.013691139,-0.01059354,-0.0032102729,-0.0040451474
/mnt/sdd/caltech_training/multiclass/train/010.Red_winged_Blackbird/Red_Winged_Blackbird_0061_4196.jpg,9,0.003966898,0.0037571746,-0.0010570982,0.0014955204,-0.00065652095,-0.0040082415,0.0069981357,0.004208367,0.011163827,-0.022200514,-0.0026661945
/mnt/sdd/caltech_training/multiclass/train/010.Red_winged_Blackbird/Red_Winged_Blackbird_0017_4116.jpg,9,0.0026584677,0.013291815,-0.00064191927,-0.0033853594,0.001583046,0.014746906,-0.005810774,-0.02200529,0.0078557385,0.0005996735,0.0028867451
/mnt/sdd/caltech_training/multiclass/train/010.Red_winged_Blackbird/Red_Winged_Blackbird_0042_3635.jpg,9,0.0010220159,0.021968158,0.010394765,-0.00052609324,0.0058918414,0.01068656,0.018644508,0.007110861,0.036104232,-0.010790932,0.0055550197
/mnt/sdd/caltech_training/multiclass/train/010.Red_winged_Blackbird/Red_Winged_Blackbird_0053_4072.jpg,9,-0.0016259002,0.013244515,0.013543755,-0.005090286,-0.0038678213,-0.004417097,0.011066231,-0.005078311,0.02137946,-0.0055341506,-0.006128909
/mnt/sdd/caltech_training/multiclass/train/010.Red_winged_Blackbird/Red_Winged_Blackbird_0052_5575.jpg,9,0.0027649004,0.002475089,0.000852922,0.00053820584,0.007583632,0.020716641,0.04319117,0.023367323,0.039164077,0.036992066,0.023678709
/mnt/sdd/caltech_training/multiclass/train/010.Red_winged_Blackbird/Red_Winged_Blackbird_0024_4180.jpg,9,0.0053544897,-0.0058740503,-0.0032868527,0.0012087652,0.0025250488,-0.013338519,0.019196749,-0.0035229137,0.010609454,-0.00876442,0.0035650942
/mnt/sdd/caltech_training/multiclass/train/010.Red_winged_Blackbird/Red_Winged_Blackbird_0089_4188.jpg,9,0.0060355356,0.004884004,0.0074225827,-0.00024351501,0.0068551237,0.01440976,0.01213659,-0.0035584103,0.026386745,0.026813202,0.015787743
/mnt/sdd/caltech_training/multiclass/train/010.Red_winged_Blackbird/Red_Winged_Blackbird_0012_6015.jpg,9,0.008738654,-0.0029970221,0.0036197277,-0.00016359682,-0.0053095846,-0.008719856,0.019264983,0.0008273893,0.046144884,0.004055501,0.0035818168
/mnt/sdd/caltech_training/multiclass/train/010.Red_winged_Blackbird/Red_Winged_Blackbird_0005_5636.jpg,9,-0.0007777584,0.011180171,-0.0035249142,-0.0010090561,0.0077698804,0.0022206446,-0.0039542527,0.0060862936,0.034730405,-0.0027504568,0.010586
/mnt/sdd/caltech_training/multiclass/train/010.Red_winged_Blackbird/Red_Winged_Blackbird_0045_4526.jpg,9,-0.0041909837,-0.0006620719,-0.0027647752,-0.006179028,-0.0046866103,-0.0103137335,0.010796341,-0.026547868,0.009551325,-0.020650748,-0.012189571
/mnt/sdd/caltech_training/multiclass/train/010.Red_winged_Blackbird/Red_Winged_Blackbird_0072_4338.jpg,9,0.0033739633,0.0059849853,0.013802799,0.00081672764,-0.00033861853,-0.00048854575,0.014016079,0.002598972,0.0215583,0.011178687,0.0020716742
/mnt/sdd/caltech_training/multiclass/train/010.Red_winged_Blackbird/Red_Winged_Blackbird_0081_6081.jpg,9,-0.00056099845,0.0059237555,0.007853876,0.005400348,0.0024079403,0.015149762,0.013840858,-0.003829543,0.019801214,0.022242822,0.008840257
/mnt/sdd/caltech_training/multiclass/train/010.Red_winged_Blackbird/Red_Winged_Blackbird_0088_4007.jpg,9,-0.0021796362,0.004014136,-0.0035006143,-0.002175135,0.0029960563,-0.009847376,0.0009504007,0.0031743534,0.023375921,0.0063863266,0.012209203
