Full filepath,Full Class Index,sensitivityscore_before_Conv2d_1a_3x3.conv,sensitivityscore_before_Conv2d_2a_3x3.conv,sensitivityscore_before_Conv2d_2b_3x3.conv,sensitivityscore_before_maxpool1,sensitivityscore_before_Conv2d_3b_1x1.conv,sensitivityscore_before_Conv2d_4a_3x3.conv,sensitivityscore_before_maxpool2,sensitivityscore_before_Mixed_5b.branch1x1.conv,sensitivityscore_before_Mixed_5b.branch5x5_1.conv,sensitivityscore_before_Mixed_5b.branch5x5_2.conv,sensitivityscore_before_Mixed_5b.branch3x3dbl_1.conv,sensitivityscore_before_Mixed_5b.branch3x3dbl_2.conv,sensitivityscore_before_Mixed_5b.branch3x3dbl_3.conv,sensitivityscore_before_Mixed_5b.branch_pool.conv,sensitivityscore_before_Mixed_5c.branch1x1.conv,sensitivityscore_before_Mixed_5c.branch5x5_1.conv,sensitivityscore_before_Mixed_5c.branch5x5_2.conv,sensitivityscore_before_Mixed_5c.branch3x3dbl_1.conv,sensitivityscore_before_Mixed_5c.branch3x3dbl_2.conv,sensitivityscore_before_Mixed_5c.branch3x3dbl_3.conv,sensitivityscore_before_Mixed_5c.branch_pool.conv,sensitivityscore_before_Mixed_5d.branch1x1.conv,sensitivityscore_before_Mixed_5d.branch5x5_1.conv,sensitivityscore_before_Mixed_5d.branch5x5_2.conv,sensitivityscore_before_Mixed_5d.branch3x3dbl_1.conv,sensitivityscore_before_Mixed_5d.branch3x3dbl_2.conv,sensitivityscore_before_Mixed_5d.branch3x3dbl_3.conv,sensitivityscore_before_Mixed_5d.branch_pool.conv,sensitivityscore_before_Mixed_6a.branch3x3.conv,sensitivityscore_before_Mixed_6a.branch3x3dbl_1.conv,sensitivityscore_before_Mixed_6a.branch3x3dbl_2.conv,sensitivityscore_before_Mixed_6a.branch3x3dbl_3.conv,sensitivityscore_before_Mixed_6b.branch1x1.conv,sensitivityscore_before_Mixed_6b.branch7x7_1.conv,sensitivityscore_before_Mixed_6b.branch7x7_2.conv,sensitivityscore_before_Mixed_6b.branch7x7_3.conv,sensitivityscore_before_Mixed_6b.branch7x7dbl_1.conv,sensitivityscore_before_Mixed_6b.branch7x7dbl_2.conv,sensitivityscore_before_Mixed_6b.branch7x7dbl_3.conv,sensitivityscore_before_Mixed_6b.branch7x7dbl_4.conv,sensitivityscore_before_Mixed_6b.branch7x7dbl_5.conv,sensitivityscore_before_Mixed_6b.branch_pool.conv,sensitivityscore_before_Mixed_6c.branch1x1.conv,sensitivityscore_before_Mixed_6c.branch7x7_1.conv,sensitivityscore_before_Mixed_6c.branch7x7_2.conv,sensitivityscore_before_Mixed_6c.branch7x7_3.conv,sensitivityscore_before_Mixed_6c.branch7x7dbl_1.conv,sensitivityscore_before_Mixed_6c.branch7x7dbl_2.conv,sensitivityscore_before_Mixed_6c.branch7x7dbl_3.conv,sensitivityscore_before_Mixed_6c.branch7x7dbl_4.conv,sensitivityscore_before_Mixed_6c.branch7x7dbl_5.conv,sensitivityscore_before_Mixed_6c.branch_pool.conv,sensitivityscore_before_Mixed_6d.branch1x1.conv,sensitivityscore_before_Mixed_6d.branch7x7_1.conv,sensitivityscore_before_Mixed_6d.branch7x7_2.conv,sensitivityscore_before_Mixed_6d.branch7x7_3.conv,sensitivityscore_before_Mixed_6d.branch7x7dbl_1.conv,sensitivityscore_before_Mixed_6d.branch7x7dbl_2.conv,sensitivityscore_before_Mixed_6d.branch7x7dbl_3.conv,sensitivityscore_before_Mixed_6d.branch7x7dbl_4.conv,sensitivityscore_before_Mixed_6d.branch7x7dbl_5.conv,sensitivityscore_before_Mixed_6d.branch_pool.conv,sensitivityscore_before_Mixed_6e.branch1x1.conv,sensitivityscore_After_Mixed_6e.branch1x1.conv_0.5,sensitivityscore_After_Mixed_6e.branch1x1.conv_0.6,sensitivityscore_After_Mixed_6e.branch1x1.conv_0.7,sensitivityscore_After_Mixed_6e.branch1x1.conv_0.8,sensitivityscore_before_Mixed_6e.branch7x7_1.conv,sensitivityscore_After_Mixed_6e.branch7x7_1.conv_0.5,sensitivityscore_After_Mixed_6e.branch7x7_1.conv_0.6,sensitivityscore_After_Mixed_6e.branch7x7_1.conv_0.7,sensitivityscore_After_Mixed_6e.branch7x7_1.conv_0.8,sensitivityscore_before_Mixed_6e.branch7x7_2.conv,sensitivityscore_After_Mixed_6e.branch7x7_2.conv_0.5,sensitivityscore_After_Mixed_6e.branch7x7_2.conv_0.6,sensitivityscore_After_Mixed_6e.branch7x7_2.conv_0.7,sensitivityscore_After_Mixed_6e.branch7x7_2.conv_0.8,sensitivityscore_before_Mixed_6e.branch7x7_3.conv,sensitivityscore_After_Mixed_6e.branch7x7_3.conv_0.5,sensitivityscore_After_Mixed_6e.branch7x7_3.conv_0.6,sensitivityscore_After_Mixed_6e.branch7x7_3.conv_0.7,sensitivityscore_After_Mixed_6e.branch7x7_3.conv_0.8,sensitivityscore_before_Mixed_6e.branch7x7dbl_1.conv,sensitivityscore_After_Mixed_6e.branch7x7dbl_1.conv_0.5,sensitivityscore_After_Mixed_6e.branch7x7dbl_1.conv_0.6,sensitivityscore_After_Mixed_6e.branch7x7dbl_1.conv_0.7,sensitivityscore_After_Mixed_6e.branch7x7dbl_1.conv_0.8,sensitivityscore_before_Mixed_6e.branch7x7dbl_2.conv,sensitivityscore_before_Mixed_6e.branch7x7dbl_3.conv,sensitivityscore_before_Mixed_6e.branch7x7dbl_4.conv,sensitivityscore_before_Mixed_6e.branch7x7dbl_5.conv,sensitivityscore_before_Mixed_6e.branch_pool.conv
/mnt/sdd/caltech_training/three_classes/train/001.Black_footed_Albatross/Black_Footed_Albatross_0064_796101.jpg,0,-0.001386766,0.000608412,0.000596713,0.004917467,0.00442229,-0.000364174,-0.008264577,-0.012319285,0.007681694,0.009254765,0.000811526,0.004281063,0.006898868,0.005979366,-0.015415333,-0.001666817,0.000398771,-0.008543151,-0.00124529,0.003853683,0.008957221,0.003585329,-0.00844132,0.003380674,-0.004980932,-0.009509623,0.009714574,-0.012363285,0.002751018,-0.00761747,0.005067055,-0.005672549,-0.015704941,-0.003387515,0.008171102,0.003499609,-0.000915358,-0.012304965,-0.009556863,-0.002350485,-0.010258583,0.005269449,0.007807333,-0.001018578,-0.012002814,-0.002716035,0.001554381,0.02119571,0.007622858,0.00773949,-0.003912978,-0.010867272,-0.004346243,-0.001954854,0.003564643,0.01269236,-0.017486002,-0.014795392,-0.008149057,-0.009084059,-0.006134315,0.004474374,0.010897655,0.042109832,0.048412494,0.046814576,0.068372965,-0.003398688,0.03905318,0.022615205,0.06569281,0.050929256,-0.014413359,0.013002971,0.008592617,0.013670412,0.014560106,-0.003732777,0.027855758,0.028874954,0.01563057,0.02932351,-0.001970942,-0.009193824,0.001231064,0.015909333,-0.009840537,-0.009836635,-0.005945881,0.002756287,-0.000814865,-0.003258123
/mnt/sdd/caltech_training/three_classes/train/001.Black_footed_Albatross/Black_Footed_Albatross_0010_796097.jpg,0,-0.001426792,0.001120151,0.001789497,0.000612582,-0.0001714,-0.001064476,-0.011064773,-0.004248097,0.002481016,-0.000709588,-0.004170768,-0.007293363,-0.006306104,-0.006361255,-0.012788558,-0.007098561,0.002076139,-0.011794601,-0.008559127,-0.006631201,0.014445305,-0.009580614,-0.00848825,-0.008041163,-0.000798252,-0.004405422,-0.011848028,-0.000697331,-0.00230179,-0.001622114,-0.001464309,-0.007409316,-0.011346568,-0.008978129,-0.019140966,0.002730392,-0.020322133,-0.016602078,-0.023274114,-0.000631746,-0.008450957,0.016683022,-0.010769354,-0.010557259,-0.01097876,-0.001019212,-0.00167567,-0.013353307,-0.006431215,-0.003251244,0.003001211,-0.011825841,0.006362798,-0.005134801,5.94E-05,-0.000959458,-0.017942186,-0.014688578,-0.017398328,-0.017633546,-0.005007647,-0.002118205,-0.004142537,0.06492829,0.067902945,0.07605393,0.06798448,0.003086146,-0.009618534,0.016778473,0.013213096,-0.017965948,0.005306401,0.007243462,0.014308075,0.028476972,0.028640073,0.015978742,0.006876939,0.008359634,-0.007388132,0.027777284,-0.011347264,0.016401976,-0.00810965,0.002661651,0.015046124,-0.006289309,0.002097372,0.005522119,0.008148816,0.008701368
/mnt/sdd/caltech_training/three_classes/train/001.Black_footed_Albatross/Black_Footed_Albatross_0006_796065.jpg,0,0.004968005,0.002253003,0.002342998,-0.001019194,-0.002045732,0.001473252,-0.003203137,-0.00122945,-0.004733881,-0.006430581,-0.003094245,0.007308926,0.005463228,-0.005933531,-0.001436555,-0.010358937,-0.01466261,-0.007618307,-0.007512078,0.002387426,0.008078696,-5.75E-05,0.018036535,0.003624715,0.004566149,0.006231908,0.00999731,-0.004166274,0.008080016,0.007540984,0.003591663,0.01219589,-0.015466386,0.016286567,0.005622319,-0.013983777,-0.00339883,-0.016871253,-0.021202542,0.00173582,0.002827332,0.003451218,0.001661673,-0.005071939,-0.009998455,0.004759872,0.000734973,0.020802587,-0.000722368,0.004456727,0.009506308,0.011531662,0.003670105,0.0174173,0.013177947,0.011719232,0.012427345,0.010767158,0.026274538,0.005280878,0.018435022,-0.004749018,0.004713486,0.052412912,0.061266243,0.0633786,0.072307415,0.014405612,0.007084216,0.03179626,0.035308264,0.009039956,0.010618923,0.007609184,0.014915524,0.009792297,0.006307191,0.010014698,0.022427397,0.004313529,0.000479386,0.014576204,-0.003531095,-0.006519863,0.011391081,0.001194513,0.009259854,0.001549536,0.010616077,0.002388374,0.013915166,0.012831338
/mnt/sdd/caltech_training/three_classes/train/001.Black_footed_Albatross/Black_Footed_Albatross_0051_796103.jpg,0,0.000835546,-0.000510607,-0.000236663,-0.011105714,-0.014253943,-0.000193939,-0.000509899,0.00145685,0.000393796,0.004793072,-0.000571555,0.001807631,0.008149884,0.008492217,0.00926107,0.007092401,0.001612989,0.000432486,-0.000715864,0.003077287,0.00672185,0.001154428,0.004042804,-0.004980047,-0.00376838,0.001433336,-0.002725053,0.004969759,-0.010363944,0.000593649,0.004974077,-0.005229363,-0.006799184,-0.012144003,-0.007848823,-0.0204718,0.015345254,0.01718571,0.023673069,0.016185682,0.000910747,-0.005221893,0.006211697,-0.01866157,0.003453724,-0.001346943,-0.026522044,-0.012704783,-0.013009795,-0.0316095,-0.020258501,0.001382172,0.023609314,-0.001039063,-0.004492665,0.006862901,0.019187205,0.022960467,0.022867708,0.001875051,0.01014922,0.009057314,0.013832266,0.045862883,0.055962883,0.053317517,0.081747316,-0.012009673,0.008366399,0.009865979,0.02831717,-0.000562098,-0.02024052,0.033658125,0.014507261,0.020716535,0.01757411,-0.008024564,0.02392434,0.001606353,0.007242377,0.017191153,0.006384725,0.021206059,9.14E-06,0.002374414,0.025184654,0.004422635,0.009372303,0.00923947,0.010645413,0.015452117
/mnt/sdd/caltech_training/three_classes/train/001.Black_footed_Albatross/Black_Footed_Albatross_0076_417.jpg,0,0.000106269,0.000169757,0.001702933,-0.010802364,-0.008233333,-0.001824713,0.004872011,0.005195276,-0.003962739,0.001418707,-0.009053274,0.005063869,0.002720757,0.00108721,-0.004926773,-0.003000522,0.00315093,0.004227988,0.001333264,0.001731031,0.02742029,0.007708452,0.006408142,-0.003800032,-0.002185563,0.006387266,0.006547761,0.016269794,-0.001112097,0.004103251,-0.003362449,-0.012955952,-0.008642216,0.005968642,0.00052476,0.004341165,0.02739663,0.026038446,0.002966529,0.016410964,0.003372822,0.024498094,-0.004679214,0.002772735,-0.010292178,-0.007523735,-0.000713741,-0.010613963,-0.003915585,-0.021011427,0.004686148,0.02358893,-0.002285058,0.008832554,-0.001904044,0.000271298,-0.011251524,-0.018556556,-0.012654211,-0.013239873,-0.00243881,-0.005306223,-0.00741805,0.04804139,0.07127213,0.06981373,0.07927425,-0.012803838,0.017031457,0.030545993,0.023437247,0.005216112,-0.008897537,0.017801564,0.019648876,0.01834083,0.026111333,-0.009240414,0.026308525,0.005786276,0.006689637,0.028337764,-0.002316652,-0.005130569,0.006333575,-0.000650413,0.003999658,-0.005881955,-0.006978623,-0.003330979,0.00891561,0.003368891
/mnt/sdd/caltech_training/three_classes/train/001.Black_footed_Albatross/Black_Footed_Albatross_0082_796121.jpg,0,0.000864206,0.004658008,0.002815667,0.003401871,-0.003475422,0.002195409,-0.013893143,-0.017056976,0.002660866,-0.010680821,-0.006428896,-0.002100411,-0.006823702,0.008646735,-0.022145942,-0.028878594,-0.006386053,-0.012137412,-0.007456082,-0.002559822,0.015113676,-0.018271837,-0.012299653,-0.007379676,-0.004148584,0.006333136,0.002538809,-0.01233023,-0.018689137,0.005014722,-0.004583395,0.004941762,-0.021493286,0.014479532,0.00831425,0.003440861,-0.025258489,-0.02317801,-0.007758918,-0.01385602,-0.017572705,-5.90E-05,-0.011995482,-0.034268558,-0.014155063,-0.006116625,0.001801122,-0.004251989,-0.006694724,0.002613173,-0.005290772,-0.008276256,0.006654271,-0.00014791,0.01042638,0.006048456,-0.03752584,-0.024071304,-0.007414672,-0.009639544,-0.010738901,0.002449438,0.008801823,0.043463036,0.04593785,0.054970462,0.06911779,0.011441154,0.014925145,0.04242394,0.012496403,0.008944416,0.006311681,-0.001023338,-0.002395335,0.00810514,0.00391347,0.008138228,0.025584135,0.025114246,0.023367982,0.030434877,-0.008157789,0.012664736,-0.011229031,0.011735331,0.01985715,-0.000184857,-0.014772862,-0.016826319,-0.008289564,0.003666021
/mnt/sdd/caltech_training/three_classes/train/001.Black_footed_Albatross/Black_Footed_Albatross_0046_18.jpg,0,-0.004657229,-0.002903658,-0.002716583,0.008464871,0.005100841,-0.000584472,-0.001351898,0.001318955,-0.014345337,-0.001671394,0.002544379,0.008484648,0.002159515,-0.001994409,0.001631537,0.007509281,0.003486694,0.010838287,0.005399759,7.67E-05,0.03565884,-0.005926035,-0.002751003,-0.006514819,-0.005561994,-0.004328968,0.000291114,0.015477221,-0.007025992,-0.007150567,-0.008847294,-0.022868201,-0.002229128,-0.01803822,0.003010753,-0.008112815,0.001914441,-0.017028444,-0.007954256,-0.014415585,-0.007286921,-0.002682508,-0.006835838,0.005815216,-0.000365384,-0.007727895,0.011393198,0.014802556,0.017285325,0.020609327,0.013117961,0.01017032,0.003811243,0.001595486,-0.007296822,0.000194959,-0.003351523,-0.024649583,-0.017312314,-0.048525322,-0.045857124,-0.003749553,0.003597021,0.04255811,0.037008896,0.05910975,0.030003423,-0.027824117,0.01922545,-0.013083078,0.01323996,0.004040309,-0.022076193,0.00397949,0.014609464,-0.000451124,0.006687371,-0.01763268,0.03127987,0.03332385,0.020054884,0.07667388,-0.013388295,0.007327473,-0.018956965,-0.012212046,0.0242512,-0.012711838,-0.022215253,-0.020324387,-0.00460375,-0.02090293
/mnt/sdd/caltech_training/three_classes/train/001.Black_footed_Albatross/Black_Footed_Albatross_0001_796111.jpg,0,-0.000109388,0.000382789,-0.000204355,0.010232476,0.005725744,0.001192392,-0.010841278,-0.016768454,-0.000352217,-0.004061283,0.0005394,-0.008404404,-0.004147253,0.014882844,0.014011703,-0.004067544,0.01092837,-0.009878151,-0.002299252,0.010408655,-0.015544382,0.006694859,-0.004094934,0.000920718,-0.010289803,-0.008719276,-0.001420099,0.010899931,-0.000723828,-0.012087044,0.013654204,0.006866386,0.010693508,0.005842542,0.000694205,-0.005679878,0.016159195,0.023360435,0.044295505,0.009767485,0.003899917,0.012248335,-0.001204058,0.005331146,-0.006739971,0.003669517,0.010403454,0.014025219,0.000886909,0.000254815,-0.032276478,-0.006085151,0.001293772,-0.01286014,0.003874811,-0.00434131,-0.017636716,-0.023670867,-0.02119395,-0.031155445,-0.037361782,-0.002369967,-0.008592688,0.051037394,0.06131749,0.08304028,0.06887989,-0.005296361,0.037657425,0.033898525,0.027035587,0.02709473,-0.0085102,-0.009037755,-0.005120234,0.019062199,0.002258497,-0.004006266,0.013970254,0.013674202,0.011813735,0.004127494,-0.011106659,0.004690688,0.005014733,0.017837819,0.002818721,-0.005800673,-0.002763433,-0.002035917,0.004662147,-0.001162803
/mnt/sdd/caltech_training/three_classes/train/001.Black_footed_Albatross/Black_Footed_Albatross_0014_89.jpg,0,0.000599923,0.001658277,0.000879404,0.005022872,0.005604477,0.003443739,0.000878871,-0.004414439,0.010139544,0.013374123,0.004085747,-0.00214478,0.000270454,0.002788588,0.004132658,0.013013592,0.009145673,-0.002133926,-0.006444156,0.003277349,-0.000265629,0.000575914,0.006635467,0.006172606,-0.009460269,-0.000609881,-0.003970506,0.009528711,-0.000591077,0.005022728,0.00327789,-0.008281393,-0.003759478,-0.011684909,-0.010244472,0.000190091,0.005407264,-0.011518301,-0.005895878,-0.010761704,-0.008848893,0.009314386,-0.006909572,-0.000234419,0.003405782,-0.001561403,-0.010782596,-0.003205668,-0.004389272,0.008238715,0.005893135,-0.008147765,-0.003500009,-0.011566024,-0.008930162,-0.009179181,-0.011528812,-0.022507131,-0.01525511,-0.009032727,-0.009556763,-0.005482315,0.001700895,0.04955616,0.04841192,0.05208202,0.04602676,0.013901849,-0.020544525,-0.008607972,0.017518,0.03922846,0.011376284,-0.003795125,0.0287189,-0.009947333,0.008964056,0.009198323,0.037920173,0.01767629,0.023612171,0.042183038,0.001643412,-0.009977127,-0.012330087,0.008364152,0.0241319,-0.010543637,-0.003621947,0.006745376,-0.006690571,-0.005702213
/mnt/sdd/caltech_training/three_classes/train/001.Black_footed_Albatross/Black_Footed_Albatross_0057_796106.jpg,0,-0.000449962,-0.001820466,-0.004230252,-0.006276208,-0.006692245,-0.001027588,0.000591938,-0.005565804,-0.0183855,-0.011352623,0.003022235,0.00072376,-0.005264417,0.00445581,0.005066006,0.006244205,0.012972936,-0.015431793,-0.009756318,-0.012280839,0.004739437,0.009315871,0.005440079,-0.003007375,-0.002957196,-0.003220944,-0.000804528,-0.002747925,0.009964559,0.005558728,0.001208732,0.005898198,-0.000435324,-0.008189058,0.00912226,0.001070319,0.023436913,0.021987528,0.012393705,0.009037626,0.00281852,-0.001237342,0.002498112,-0.002553034,-0.007863976,-0.011026711,0.010813789,0.001961923,0.012869959,0.005097154,0.0194361,-0.004773671,0.009400522,-0.009105276,-0.004684536,-0.011779752,0.016472064,0.001392035,-0.002494186,-0.006538109,-0.004544235,-0.006716998,0.007307105,0.03421844,0.05060345,0.05558739,0.08038512,-0.00811522,-8.14E-05,0.009290108,0.03146179,0.004879179,-0.006634613,0.005076281,0.011436064,0.016191708,0.002789041,-0.004054056,0.019956287,0.026254877,0.021549497,0.04793024,-0.002335744,0.012712494,0.011149077,0.0178141,0.020545317,0.008222607,-0.011070345,-0.011031213,-0.002493886,-0.005026668
/mnt/sdd/caltech_training/three_classes/train/001.Black_footed_Albatross/Black_Footed_Albatross_0065_796068.jpg,0,0.004427073,-0.000954414,-0.005690625,-0.003397694,-0.007027746,-0.003683157,-0.012030105,-0.01567724,0.006434132,-0.002386081,0.000907569,-0.002103968,-0.009153069,0.009617722,-0.022243328,0.004576159,-0.001535077,-0.011433792,-0.013279019,0.000563399,-0.000842925,-0.009648938,-0.004243475,-0.009974854,-0.006111363,-0.005573405,-0.012113629,-0.009180868,-0.010086715,-0.00305646,-0.003127473,-0.011492948,-0.011597687,-0.010871176,-0.000223468,-0.009426755,0.007999664,-0.003010194,0.004435465,-0.026101973,-0.023476917,-0.010218562,-0.016554708,-0.024185209,-0.025508875,-0.007040153,-0.017144924,-0.014608416,-0.014705899,-0.012368348,-0.003515716,-0.007255442,-0.003952234,-0.016934542,-0.014026945,-0.011589088,0.002112951,0.010296345,-0.012646231,-0.014099346,-0.008342034,-0.02475322,0.008148813,0.027089981,0.051979333,0.06844781,0.07909113,-0.010745568,0.011832467,0.027795043,0.020818638,0.002629836,-0.008336841,0.01898155,0.014223701,0.035623357,0.003651732,-0.011772074,0.025263004,0.022430658,0.03564191,0.029348297,-0.0069481,0.007652716,0.004529802,0.013444044,0.016260404,-0.014813508,-0.018327078,-0.009100655,-0.008657914,-0.003402111
/mnt/sdd/caltech_training/three_classes/train/001.Black_footed_Albatross/Black_Footed_Albatross_0071_796113.jpg,0,-0.000113694,-0.001628507,-0.001816792,-0.009649238,-0.001518484,-0.001781947,-0.001415499,-0.009876508,-0.004404485,0.003359254,-0.00378411,-7.58E-05,-0.000584507,0.014798251,0.003042391,0.002006053,-0.003588524,0.009503047,0.005334311,0.002756873,-0.023346078,-0.006809655,0.010400829,0.000758808,-0.011239938,-0.000276113,-0.002337001,-0.007351625,-0.000134926,-0.008399607,-0.008849748,-0.008560266,-0.008092368,-0.008705191,-0.006033079,-0.006293689,-0.005988222,-0.014436983,-0.025514174,-0.029539123,-0.022429366,-0.007428817,-0.012356926,-0.010581002,-0.005465035,-0.014841324,-0.012975177,-0.013461858,-0.027534407,-0.022689346,-0.01677927,-0.000728442,-0.005011382,-0.019188419,-0.007341662,-0.008208884,-0.009532215,0.001587737,-0.006277079,0.003987137,0.006992709,-0.007359888,-0.002556816,0.053118177,0.054541446,0.07577106,0.06801058,0.001434865,0.036252987,0.047077414,0.042367328,0.017338635,0.004514308,0.005764893,0.021107974,0.023004532,0.036071748,0.000974223,0.007881234,0.017608218,0.014397461,0.022319589,-0.010798926,-0.002187521,0.003095687,0.029249862,0.002916663,-0.009210682,-0.016540958,-0.015630616,-0.01596642,-0.002837795
/mnt/sdd/caltech_training/three_classes/train/001.Black_footed_Albatross/Black_Footed_Albatross_0045_796129.jpg,0,-0.000797549,0.004528627,0.001037639,-5.89E-05,0.003059174,0.001439561,-0.001197214,-0.003547909,-0.019276965,-0.012441359,6.51E-05,-0.00118375,-0.002077804,-0.005457305,-0.005935948,-0.007805155,0.002926993,-0.006113346,-0.003491102,-0.003660914,0.001787222,0.004643443,-0.000662107,-0.001737773,0.000116454,0.000196143,0.003613958,-0.004258002,-0.00225223,0.000433541,0.000191877,0.01158759,-0.009945473,0.009014773,-0.005193311,-0.00359745,0.002212493,-0.010006186,-0.012482256,-0.009100238,-0.024304317,0.015466642,0.001991048,-0.00117658,0.004664931,0.005350241,0.012127541,0.007731456,0.010242842,0.016727615,0.01337368,0.007863672,-0.01578812,-0.010818568,0.00063338,-0.003803694,-0.006828297,-0.007934757,-0.011701232,-0.007675469,-0.01095935,-0.017574582,-0.005753293,0.049384546,0.048975464,0.052142914,0.06359503,0.008145532,-0.014203305,0.01637139,0.014541719,0.003889644,0.029371137,0.003845492,0.008723432,0.012048706,0.009893669,0.020857876,0.02248782,0.014517695,0.015113183,0.032335907,0.010059379,0.017458383,0.004946754,0.005295618,0.022793235,-0.00641603,0.003160151,-1.60E-05,0.006116676,0.014453712
/mnt/sdd/caltech_training/three_classes/train/001.Black_footed_Albatross/Black_Footed_Albatross_0047_796064.jpg,0,0.001736917,0.004191174,0.00079684,0.002928823,0.00361613,-0.00010447,-0.002623737,0.005594541,0.008709204,0.002378686,-0.002547795,-0.009694569,-0.006086424,-0.0198477,-0.008138789,-0.007709898,-0.008313178,-0.003976487,-0.001050062,-0.006763056,-0.00048951,-0.00504673,0.002184457,-0.005920778,0.00580004,-0.003066577,-0.006280847,0.004608179,-0.005618296,-0.005426495,0.001283744,-0.000484278,0.004800982,-0.004997768,-0.033711728,-0.00912657,0.003811627,-0.012400458,-0.010501154,-0.003102762,-6.77E-05,0.002268511,-0.001892011,-0.017129965,-0.024292544,-0.019016912,-0.006468309,0.012884153,-0.027713541,-0.024869366,-0.022374012,-0.018130407,0.012097297,0.0020938,-0.001659944,-0.015054809,-0.008014154,-0.00310061,-0.00874206,0.001939847,0.004015714,-0.01270255,-1.10E-05,0.039209973,0.045127116,0.0693945,0.062313393,-0.010363778,-0.007788969,0.004650712,0.039762713,0.024880659,-0.020074153,-0.017695893,0.002312661,0.016404716,0.003297776,-0.022855833,0.019315375,0.026601207,0.009012653,0.024411649,-0.0049054,-0.018425772,0.006651043,0.014355384,0.025692485,-0.011424059,-0.004898718,0.003000089,-0.003490518,-0.00469528
/mnt/sdd/caltech_training/three_classes/train/001.Black_footed_Albatross/Black_Footed_Albatross_0039_796132.jpg,0,0.000458025,-0.002257142,6.89E-05,0.004849771,-0.00363097,0.002810469,0.01589128,0.017005526,0.004499958,0.002275822,0.008974791,0.001591501,0.002479342,-0.004366605,0.02319251,0.003733234,-0.01447876,-0.001222216,0.005984983,0.007952374,0.028122585,0.018905096,0.006160772,-0.001761523,-0.004808266,-0.004174025,0.004769174,0.011424531,0.004514865,0.005456108,0.010006011,0.008806992,0.008512763,0.004919391,0.006975305,0.000981416,0.02543399,0.02524119,0.006200468,0.015325092,0.014566952,0.010955235,0.016735317,0.004534384,0.010140923,0.000218644,0.021728963,0.020266972,0.014661218,0.03471365,0.014658612,0.020164313,0.001843771,0.017825812,0.005720352,0.011191806,0.026930537,0.02490327,0.034826696,0.02020868,0.013196023,-0.004358913,0.003319105,0.035021514,0.03767406,0.048183776,0.070920765,0.01812426,0.008611412,0.02248862,0.025609592,0.027522527,0.011967662,0.002102055,0.013626602,0.001018993,0.003587353,0.005858742,0.018678855,0.022930328,0.013649726,0.03667442,0.009951846,-0.000401047,-0.000422899,-0.017014433,-0.019818302,0.008607491,0.008205397,0.004490184,0.004181272,-0.000236518
/mnt/sdd/caltech_training/three_classes/train/001.Black_footed_Albatross/Black_Footed_Albatross_0085_92.jpg,0,0.002291888,0.004790796,0.002283984,0.005303957,-0.000905546,-0.001122217,0.00709203,0.0126977,0.002096832,0.003074338,0.01674842,0.00557672,0.003884485,0.015549403,0.012689007,0.010633389,0.001095331,-0.007422276,0.004164342,-0.004316118,-0.007548574,-0.003907694,0.011058413,0.011386421,0.001009067,0.004067473,0.009376111,0.006530439,0.001582929,-0.014967174,-0.016534531,-0.001582046,-0.001404484,0.003035259,0.001795317,0.005660028,0.006080707,0.008794377,-0.010297195,-0.021510063,-0.001276852,0.01442254,0.005722997,-0.016091343,-0.008087123,-0.007182966,-0.002213291,-0.012519132,-0.019976197,-0.007000416,-0.016071264,0.01836145,0.007303328,-0.006815903,-0.006947814,-0.008709479,-0.010399444,-0.012161727,-0.020338211,-0.021715146,-0.02944205,0.00253416,0.007422576,0.051122047,0.06001838,0.070767604,0.06862714,-0.005223136,0.010507325,0.013572716,0.037788603,0.034978937,-0.013161291,0.006569995,0.006984319,0.013098097,0.020589937,-0.010824225,0.027467057,0.007283215,-0.004566416,0.024884082,-0.017092118,-0.00788817,0.000844358,0.008908674,0.026795685,-0.01679371,0.001292987,0.008184652,0.000873108,-0.007184925
/mnt/sdd/caltech_training/three_classes/train/001.Black_footed_Albatross/Black_Footed_Albatross_0068_796135.jpg,0,-0.005251972,-0.005247199,-0.002920939,-0.000296497,-0.004389029,-8.80E-05,-0.012601089,-0.011436163,-0.000808367,-7.42E-06,-0.003523435,0.003951248,-0.001187676,-0.018071847,-0.02161394,-0.01725981,-0.004777588,0.010718327,0.004694899,0.008053753,-0.001761967,-0.018064445,0.004382874,0.004258728,-0.001149933,-0.000289924,0.000554231,0.000324817,-0.0016797,0.013080034,0.005435931,0.005019436,-0.019145446,0.007564095,0.001911555,-0.00114874,-0.016866447,0.000776082,0.007435898,-0.002921815,-0.008964435,0.008915702,-0.008767501,0.003932058,0.007523516,-0.003912613,0.007983888,0.004153648,0.008488652,0.010201811,0.001546761,-0.018595586,-0.002124614,0.002070184,-0.006132857,-0.000915436,0.014589152,0.017530177,0.024901982,0.011194883,0.010480301,-0.010101075,0.003750195,0.05984269,0.056200054,0.076237485,0.07234427,-0.013654934,0.022347156,0.02069909,0.026429739,0.033689838,-0.008888092,-0.007121105,0.006170383,0.007047558,0.000793696,-0.017469484,0.02668839,0.0265024,0.029773133,0.057828244,-0.017667677,0.000102146,0.014305092,0.006941209,0.004188747,-0.007608764,0.000843981,-0.009623943,0.003823772,-0.009122165
/mnt/sdd/caltech_training/three_classes/train/001.Black_footed_Albatross/Black_Footed_Albatross_0016_796067.jpg,0,0.000638756,0.002234092,0.002311496,0.006002544,0.003693776,0.003053878,0.004712786,0.011608217,0.001556297,-0.002261496,-0.006330221,-0.000629515,-0.002691482,0.009256588,-0.003730728,0.014464921,0.011089128,-0.013620899,-0.007490698,-0.008494626,0.000185301,0.014962186,0.004499625,0.016666632,0.010340224,-0.005469143,0.00559371,0.000568875,0.00336676,8.77E-05,-0.00071411,-0.007523947,-0.000352872,0.009304488,0.006254365,0.001675797,0.000178828,0.020652931,0.0265699,0.004714272,-0.000524357,0.000789177,0.006098632,-0.021965701,-0.013516513,-0.003161556,-0.005291549,-0.0286806,-0.018054599,-0.013697023,-0.01629415,0.000310512,0.013290396,0.004690885,0.006589925,0.005850154,-0.007334058,-1.24E-05,0.002995718,0.008125174,0.009811026,0.010180187,0.019955117,0.026199229,0.043498386,0.06657292,0.07668077,0.018336166,0.004377498,0.033271603,0.05091107,0.016339757,0.01669729,0.005337474,-0.007521449,0.000697793,0.003857363,0.017462518,0.02399097,0.014780447,0.01102889,0.047627635,0.009742664,-0.013860084,0.001490304,0.004424466,0.019707084,0.001571663,0.002898173,0.002777565,0.009332997,0.008827401
/mnt/sdd/caltech_training/three_classes/train/001.Black_footed_Albatross/Black_Footed_Albatross_0090_796077.jpg,0,0.002730916,0.000228004,0.005230546,-0.002827255,0.003566197,-0.000702472,0.006386981,0.004338314,0.011289813,0.001949594,-0.000833503,0.000614244,-0.007873587,0.004527632,-0.003181412,-0.0150926,-0.005935014,-0.004436079,-0.000646632,0.001896808,0.00970012,-0.005451708,0.004332678,-0.002016231,0.005524338,0.002894429,0.00326401,-0.003575658,-0.000537768,-0.004580909,0.00315808,-0.026757773,0.003547721,-0.009733487,-0.015220188,-0.005605873,-0.028366629,-0.02656826,-0.020263135,-0.025451545,-0.011218286,0.012923929,-0.00549564,0.010495788,0.009010188,0.000375089,-0.005898594,-0.003246623,-0.005463671,-0.022029059,-0.011914196,-0.006340014,-0.008527365,-0.014360447,-0.004568243,0.001092459,0.003476786,-0.020904094,-0.003551951,-0.011698958,8.22E-05,-0.016373033,-0.004550679,0.04801166,0.04735723,0.055673704,0.06283546,-0.004891184,0.03593688,0.04083067,0.03934978,0.019074026,-0.008406382,-0.000390025,-0.001126655,0.003802314,0.0193502,-0.013368506,0.02078127,0.010755802,0.014358738,0.020842388,-0.006650986,-0.01804328,0.00578417,0.002518078,0.018188417,-0.003324663,0.005623483,0.012410313,0.00465378,-0.001620363
/mnt/sdd/caltech_training/three_classes/train/001.Black_footed_Albatross/Black_Footed_Albatross_0089_796069.jpg,0,0.001822016,-1.51E-05,0.000696824,-0.002733151,-0.000627459,-0.000504447,-0.013880639,-0.026106479,0.005971585,-0.004616568,-0.00522781,-0.0101705,0.001203028,0.004335513,-0.010256939,-0.009075107,-0.003765908,-0.014466388,-0.009821667,7.53E-05,-0.014484685,-0.003660746,0.009132003,0.007398197,-0.01049527,-0.004519898,0.000800565,-0.016975045,-0.002983737,0.008272092,-0.010002533,-0.007437866,-0.011469813,-0.008424424,0.008839211,0.001478091,-0.020303179,-0.020828102,-0.026261404,-0.009154824,-0.000242535,-0.010702846,-0.001701261,0.002894044,0.003996672,0.001165928,-0.01788973,-0.002650378,-0.014783956,0.002233128,-0.003838321,-0.01097081,-0.006953559,-0.004440122,-0.008196896,-0.003848126,-0.007651392,-0.005259727,-0.01072793,-0.018709173,0.000741115,-0.001612708,-0.010112986,0.04437049,0.048879616,0.06294602,0.066589996,-0.01957948,0.010721182,0.025608784,0.05049959,0.022212086,-0.0166233,0.009740619,0.011299538,0.00363962,0.008132529,-0.020568911,0.028148547,0.035186775,0.017703863,0.028032564,0.008826967,-0.007201433,0.011409687,0.000978599,0.001383947,0.003530642,0.009250108,0.004907718,0.016098019,-0.001162988
/mnt/sdd/caltech_training/three_classes/train/001.Black_footed_Albatross/Black_Footed_Albatross_0005_796090.jpg,0,0.003312009,0.000667349,-0.003682203,-0.000573198,0.004310922,0.000404152,-0.004046053,-0.002309213,0.010503031,-0.000378041,-0.001853198,-0.007799604,-0.006753796,-0.004694196,0.000506273,0.00339407,-0.005961927,-0.011979273,-0.008108252,-0.006757227,0.00416113,-0.002766395,-0.000247412,-0.003354737,-0.012759018,-0.005174123,-0.003813993,-0.000325678,-0.008064907,-0.001816086,-0.002330179,0.004517648,-0.016471045,-0.010874502,-0.011944829,-0.016112566,0.002514985,-0.010107275,-0.008234097,-0.009050511,-0.006762957,-0.007358158,-0.006889885,-0.020408431,-0.016239677,-0.017780323,0.001283724,0.005119869,0.012314256,-0.013761641,-0.002824817,-0.017478095,-0.004067249,-0.012648603,-0.00674072,-0.001654076,-0.014751783,-0.010689632,-0.009707345,0.001012649,0.004354102,-0.012907257,0.008069839,0.038073163,0.050276347,0.0604617,0.07477737,-0.003458011,-0.001082106,0.03792751,0.043645836,0.026189044,-0.01228276,-0.000263475,0.002176297,0.01383308,0.023693863,-0.012878564,0.002904313,0.006999614,0.010663831,0.036513336,-0.007263538,0.006846485,0.011433091,-0.005083579,0.013751749,-0.008805633,0.004223615,0.00729119,-0.001205689,0.001792203
/mnt/sdd/caltech_training/three_classes/train/001.Black_footed_Albatross/Black_Footed_Albatross_0007_796138.jpg,0,0.001267523,0.000158237,0.002962293,0.004737503,0.000663613,-0.0015049,-0.002390772,0.009314712,-0.008024229,-0.01799357,-0.001795034,-0.00670346,0.002297336,-0.004014087,0.007771402,-0.009102657,-0.002638018,-0.009564232,-0.007535583,-0.00632813,0.009701276,0.009707863,-0.005132626,-0.003333102,-0.010691907,0.002306844,-0.004064223,0.017308025,0.002962818,-0.000922883,-0.00399646,0.00116066,0.004047725,0.00076971,-0.002272061,-0.000880654,0.02436421,-0.014745683,-0.006933109,-0.008804359,-0.011229097,0.0110399,0.011001639,-0.005424026,0.002455714,-0.000856945,-0.013505718,-0.017385904,-0.002525421,-0.017981164,-0.01068772,0.002986292,-0.005152764,0.004846054,0.012959834,0.001354057,-0.014109877,-0.008066589,-0.010544357,0.004438944,0.000357235,0.027310437,-0.000209935,0.029231746,0.047455173,0.05745638,0.06515734,0.001895276,0.005355694,0.036124922,0.003543674,-0.009705124,0.013719221,0.017808089,-0.002914959,0.006593799,0.004711676,-0.000587988,0.005574784,0.011686108,0.026098097,0.02808728,0.003516651,-0.006835126,0.000453802,-0.006429605,0.018357104,0.012115235,-0.004271972,0.00731328,0.004545738,0.015273801
/mnt/sdd/caltech_training/three_classes/train/001.Black_footed_Albatross/Black_Footed_Albatross_0069_796139.jpg,0,0.002066293,0.004886213,0.002309558,0.003498516,0.007313725,0.002183781,0.002841306,0.003335143,-0.009714871,-0.006394586,-0.000585692,-0.002651306,-0.01338282,0.007991217,-0.006204412,-0.000867219,0.000273325,-0.003683236,-0.009733765,-0.000805048,0.004881469,0.001749251,0.004130809,0.012044315,0.001781824,-6.25E-05,-0.002019221,-0.000202143,0.010428421,-0.009214474,-0.003140907,0.000327741,-0.001520555,0.012961202,0.000486268,-0.004566626,0.014143298,0.001403578,0.006334054,0.004990667,0.01063264,0.005308681,0.007609953,0.003765397,0.001183713,0.006724301,0.005468757,-0.001145203,-0.002118335,0.000296764,0.007484183,-0.006673629,0.009208154,0.014800455,0.012539946,-0.001757817,0.0030133,0.023999408,0.014112273,0.009424696,0.004887992,0.003505629,0.01159738,0.053429738,0.05655609,0.07320781,0.07369663,-0.00894375,0.012818362,0.032837152,0.042565286,0.030849969,-0.006108283,0.011089109,0.002699308,0.004549569,0.015739102,-0.0033803,-0.009727157,-0.001464878,-0.005491551,0.010491995,-0.030143507,-0.007424841,-0.005882558,-0.006047096,-0.001238102,-0.004662841,-0.007756416,0.004821534,-0.003954662,0.005992757
/mnt/sdd/caltech_training/three_classes/train/001.Black_footed_Albatross/Black_Footed_Albatross_0040_796066.jpg,0,0.000387531,0.002619069,-0.004332024,0.006203222,0.007683295,0.002406436,0.00875889,0.004634421,0.006138824,0.00725822,0.006669997,0.006412186,0.001464984,0.002115967,0.004957067,0.003425008,0.004055339,-0.003114753,-0.001724511,0.007649459,0.001810337,0.013591386,-0.004054682,-0.005695475,0.007170959,0.000349769,0.003046464,0.005987159,-0.000501135,-0.000653923,0.004188053,-0.010439415,-0.018296745,0.011454776,0.013497158,0.010477021,0.022242906,0.014341521,-0.020730961,5.27E-05,-0.008700421,0.017479524,-0.002097477,0.007692128,0.002448713,0.004828482,0.029564343,-0.001229652,0.004843192,0.03031479,0.018923234,0.009763498,-0.003768235,-0.007378331,-0.020621955,-0.0031056,-0.007862743,-0.003955565,-0.011858288,0.001898469,-0.021377042,-0.003109152,0.001135335,0.047579616,0.06523879,0.06275141,0.074295476,0.026998758,0.005381584,0.040828157,0.017137915,-0.007338975,0.009444645,0.01393925,0.001477009,0.009547147,0.00908358,0.005667748,0.007092273,-0.000700484,-0.003087606,0.0244638,-0.010314628,0.005122624,0.00765923,0.027530786,0.01603562,-0.02098947,-0.017579354,-0.015615814,-0.012135711,-0.016210414
/mnt/sdd/caltech_training/three_classes/train/001.Black_footed_Albatross/Black_Footed_Albatross_0041_796108.jpg,0,0.003740215,-0.000901338,0.004236507,0.007486308,0.000267892,0.00130669,0.009148825,0.024797278,-0.009729737,-0.001165041,-0.002938138,-0.000841282,0.002746044,-0.023510713,0.013865124,0.004260225,-0.003221236,0.01019393,-0.003086628,0.001752701,0.017922241,0.007270296,0.006557073,-0.00639875,0.004878168,0.000459401,0.001241315,-0.007580064,-5.67E-05,0.003886974,-0.006687602,-0.002420859,0.005634955,-0.00911855,0.002056335,-0.009375605,0.030437123,0.011119384,0.008216212,-0.011524817,0.009665331,-0.0161371,-0.001386355,-0.000148989,-0.006478065,-0.000569792,-0.005410546,-0.006305382,-0.005966445,0.009492618,-0.011159648,-0.005636323,0.018135088,0.003176683,-0.011076821,-0.013619812,-0.013359203,0.005454963,0.006085929,-0.009353349,0.0003578,-0.006217623,-0.001780977,0.04049381,0.05731608,0.06423418,0.0762815,-0.013546611,-0.005918813,-0.011760283,0.044547748,0.018782798,-0.02167604,0.02142838,0.009375528,0.034115028,0.033506982,-0.010150597,0.03697089,0.038059533,0.03568435,0.049853235,-0.008268978,0.00889942,0.003904417,0.021826178,0.002031907,0.007988549,0.002867369,-0.007684597,-0.007512899,-0.001646012
/mnt/sdd/caltech_training/three_classes/train/001.Black_footed_Albatross/Black_Footed_Albatross_0074_59.jpg,0,-0.002705078,0.003084802,0.000591641,0.001096712,0.004483203,0.000538853,0.000376523,-0.014298853,-0.009657258,-0.00953094,-0.001918193,-0.007240809,-0.005058204,-0.015648656,-0.009617532,0.010433843,0.006349745,0.017569574,0.011289693,0.002009223,-0.002849621,-0.00153143,0.009402818,0.009815894,-0.011294411,-0.011156328,-0.006423292,-0.008090516,0.002526407,0.006141359,-0.007334335,-0.015851134,-0.000656165,0.005560966,0.006834636,-0.003264813,-0.014818247,-0.027079761,-0.053697012,-0.011574626,-0.013678732,-0.005854017,-0.001087642,-0.027218213,-0.014991045,-0.015961759,-0.000934714,0.001443828,-0.006424079,0.013514338,-0.000913796,-0.001897778,-0.004742321,0.005422319,-0.001229328,0.004623537,-0.019915072,0.005262882,-0.006650937,-0.002526509,0.008611734,0.008408092,-0.001398191,0.034582015,0.04943963,0.06100988,0.06121324,-0.002213603,-0.005948904,0.027299028,0.05171365,0.025745925,-0.002035238,0.001008861,-0.000612601,0.016304616,0.002112747,0.006906281,0.00458477,-0.001720706,-0.013482286,0.021621523,0.008406774,-0.004214195,0.005627727,-0.005968391,0.016566267,0.007478187,0.009403669,-0.001302514,0.010041904,-0.00010775
/mnt/sdd/caltech_training/three_classes/train/001.Black_footed_Albatross/Black_Footed_Albatross_0050_796125.jpg,0,-0.001068787,-0.001997272,-0.00459609,-0.006749772,-0.00879824,-0.003042588,-0.011498658,0.004789021,-0.003279348,-0.00124465,-0.005790583,-0.01095034,-0.000539197,0.001409805,-0.002799017,0.022348285,0.007078788,-0.004242226,-0.003030495,-0.009806976,-0.011561166,0.005318737,-0.006373067,-0.006848617,-0.000469869,-0.003324314,-0.001781294,-0.009810956,-0.00427033,0.002064256,0.005305345,-0.00317312,-0.00642302,-0.001702854,-0.002986919,-0.002265803,-0.018462174,0.011561602,0.005199993,0.005600919,0.002891725,0.011412044,0.003890503,-0.009795173,-0.010860497,0.003900238,-0.02206821,-0.008868005,0.015187858,-0.014280083,-0.006696262,0.001822436,0.003199354,-0.013926243,-0.01363788,-0.001936056,-0.000294087,0.015238106,0.008131616,0.000601265,-0.010228829,-0.006169878,0.002741696,0.040986177,0.05620433,0.063624054,0.06848423,-0.006749819,0.01206173,0.027525958,0.020779315,0.024491401,-0.002082719,0.011417178,0.012914733,0.01919249,0.013808862,-0.003948063,0.015139332,0.013271266,0.01813005,0.054587126,-0.00090385,-0.003914879,0.011576835,0.00421166,0.007175549,0.002643568,-0.003570581,0.004506903,-0.000971167,0.000425129
/mnt/sdd/caltech_training/three_classes/train/001.Black_footed_Albatross/Black_Footed_Albatross_0058_796074.jpg,0,0.000616558,0.002316605,0.002440038,0.014330482,0.008760611,0.00288748,0.000863134,-8.35E-05,-0.001942387,-0.003544118,-0.001113682,-0.000734088,0.00212737,0.002676622,0.015648177,-0.010085282,-0.009323286,-0.008364424,-0.005829309,-0.006749265,-0.001584303,0.013110856,-0.009970628,-0.007633948,-0.002050901,-0.00121107,-0.003259251,-0.001754,-0.005930513,0.005949203,0.001682983,-0.008003641,0.003960643,-0.010663036,-0.019642286,-0.014806884,0.014874126,0.001665429,0.00496308,0.017413653,-0.000325474,0.009616265,0.002919368,-0.000216179,0.005507,0.006010918,0.01104827,0.01007668,0.005257538,-0.005388225,-0.00525212,0.010009425,0.002853568,0.003199071,-0.009273513,-0.002737331,0.013723635,0.004289532,-0.00430656,0.006290142,0.008216862,0.002280007,0.00957424,0.038576074,0.05141297,0.057839386,0.07285117,-0.003893741,0.021341719,0.049842436,0.036098786,0.03299616,-0.003660204,-0.00221127,-0.009076983,0.006410418,0.019016728,-0.005668276,0.016318467,0.014733471,0.022993375,0.018865056,0.001962095,0.0029144,0.010116223,0.012839114,0.009052776,-0.007699638,0.003068573,-0.005157639,-0.001551712,0.000899984
/mnt/sdd/caltech_training/three_classes/train/001.Black_footed_Albatross/Black_Footed_Albatross_0038_212.jpg,0,0.000890337,-0.00087332,-0.000161357,0.014301844,0.011101117,0.005053523,0.009962208,0.008706952,0.000120068,0.003369842,0.000981511,0.001848491,0.007033294,0.018750863,0.003456327,0.014289157,0.001578053,-0.008325223,0.003848924,0.006434019,0.022746058,0.000119748,0.00748448,0.007647125,-0.008963131,-0.001189769,0.004634265,0.023194741,0.010636753,-0.004071774,0.00842368,0.019460486,-0.007391008,-0.011970143,0.00478414,-0.000931714,0.027067441,0.026722394,0.006883819,0.008284623,0.010057237,0.013147556,0.001445631,0.016140614,-0.00093902,0.005558293,-0.012406569,-0.007332769,-0.016332872,-0.015820263,-0.022293754,0.006437363,0.018223029,6.21E-05,0.003318102,0.011689588,0.007482352,-0.005443133,-0.021132562,-0.015589608,-0.020755628,0.005821376,0.001708148,0.050587285,0.06940307,0.076698914,0.077655554,-0.011398524,0.007537605,0.03556753,0.026803322,0.022879597,-0.024246715,0.001533696,0.003500925,0.0026498,0.005390273,-0.023536645,0.010657996,0.015579048,0.007227056,0.008118792,-0.014940125,0.005886108,-0.015906235,0.002541429,0.007774936,-0.006992701,-0.003065264,-0.005811889,-0.005226371,-0.001710235
/mnt/sdd/caltech_training/three_classes/train/001.Black_footed_Albatross/Black_Footed_Albatross_0077_796114.jpg,0,0.001925832,-0.000191793,0.00356905,-0.004503594,-0.009251371,-0.001758827,0.001270371,0.005956058,-0.003193534,0.006593097,-0.007398801,-0.004884848,-0.002414063,-0.006379784,0.023578007,-0.018268155,-0.005646916,-0.002747914,0.002153149,-0.013596382,0.012069121,0.010095203,0.001246149,-0.00064348,0.004458217,-0.001833184,0.001074659,0.006521342,0.013253987,0.002207038,-0.00373073,-0.01506809,0.002843896,0.008519162,0.001194413,0.008240623,0.00652136,0.024417115,0.003601432,0.000920186,0.000145936,-0.007464767,0.013149025,-0.001023502,0.001623719,-0.005753222,0.004302946,0.006672708,0.001177709,-0.001842995,-0.000531027,0.00823188,0.002545358,0.014163628,0.011887154,0.004140739,0.03313606,0.029554863,0.02072372,0.014601257,0.010399118,-0.01533752,0.003026845,0.03148149,0.038506694,0.060775023,0.07628299,0.003721071,0.021352662,0.02020539,0.027816344,0.024065359,-0.003001887,0.003221151,0.002826913,-0.002409213,0.001152408,0.000951659,0.028467834,0.03367787,0.019975698,0.036142115,8.86E-05,-0.00010697,0.016459418,-0.006250512,-0.000700664,-0.000461658,-0.022229351,-0.013367157,-0.02152895,-0.00503578
/mnt/sdd/caltech_training/three_classes/train/001.Black_footed_Albatross/Black_Footed_Albatross_0079_796122.jpg,0,0.001556549,0.000459822,6.71E-05,-0.003743805,-0.01142073,0.000152199,-0.001828272,0.006762337,-0.000693032,-0.004076165,-0.001482196,0.002001833,0.00357271,0.012910252,0.008289552,-0.001734479,0.002322245,0.002182897,-0.005027236,-0.002666218,0.005976647,-0.003138899,0.004742129,0.007189035,-0.00010406,0.002458515,-0.003104378,0.00699582,0.005215424,-0.011492818,-0.000576637,-0.004487869,-0.002427886,0.009203428,0.01912202,-0.001796421,0.022872994,0.019149613,0.000564571,0.024325524,0.009799543,0.004873165,0.020148618,-0.004066994,0.011309216,-0.01344781,-0.000420952,-0.002527077,0.00288873,0.010308021,0.022998521,0.007156645,0.009708622,-0.008571165,0.007692684,0.001106619,0.011739844,0.01792884,0.0144168,0.032659553,0.008709048,0.005856568,0.003637409,0.029037032,0.038175404,0.0485653,0.05834094,-0.002226346,0.006393436,0.037511833,0.02089319,0.007274558,0.010391171,0.007374293,0.013183862,0.023039687,0.00490103,0.001939139,0.032129012,0.007881167,0.007401204,0.03961879,0.010489659,-0.032288216,-0.011677234,0.003222774,0.02638055,0.007598297,-0.007615234,0.008913842,-0.003450042,0.006502713
/mnt/sdd/caltech_training/three_classes/train/001.Black_footed_Albatross/Black_Footed_Albatross_0088_796133.jpg,0,0.000300148,-0.003827315,-0.001690588,0.006883339,0.011282615,0.000511602,0.009570838,0.007694802,0.00407545,0.009071233,0.004159244,-0.011144741,0.00289259,0.021678278,0.000545177,-0.020070758,-0.006193609,-0.012051829,0.001848034,-0.016183801,0.011995848,-0.0081934,-0.00574688,-0.006401599,-0.004303552,0.001588643,-0.002370837,0.017217185,-0.017332375,0.00472623,-0.004885579,-0.017884336,-0.011313532,0.013823275,0.002370754,0.00332962,0.008638168,-0.037425064,-0.025079146,-0.012429532,-0.018496776,-0.009031186,-0.01606599,-0.007313774,-0.003639695,-0.012054371,0.000206575,0.007317109,-0.010153236,0.018721841,-0.00734667,-0.015016869,-0.004770247,0.013005205,0.004223507,-0.018193737,-0.011137241,-0.012215898,-0.016781313,-0.020753741,-0.022724569,-0.005683242,-0.007394688,0.04781218,0.050421424,0.062459715,0.051101774,-0.011790453,-0.011154925,-0.007591479,0.03332482,0.015074904,-0.013607063,0.007183118,0.002607773,0.007497197,0.00353301,-0.013313868,0.01748432,0.013438049,0.01757677,0.05530791,-0.012175543,0.002107825,-0.002021881,-0.010031511,0.002482344,-0.007668606,-0.008668708,0.001204893,-0.009903787,-0.000741357
/mnt/sdd/caltech_training/three_classes/train/001.Black_footed_Albatross/Black_Footed_Albatross_0024_796089.jpg,0,0.001091987,0.001375504,0.000306437,0.015200286,0.008617356,0.002935817,0.010330158,0.016340015,-0.000159179,1.10E-05,0.004829619,0.002018087,-0.004014294,0.011947136,0.008976318,0.003515426,-0.002000494,-0.003880422,0.004361303,0.001165726,0.00748566,0.002209652,0.007883402,0.000170641,0.005828645,0.002727625,0.008507768,-0.002297428,-0.004514761,0.004043853,0.00379124,0.006543126,0.013261193,0.001261237,-0.008468352,-0.009681584,-0.007152543,-0.015433716,-0.026478343,-0.008008595,0.002110814,0.008751871,0.00767142,0.007845301,0.00439753,-0.002416422,0.030991392,0.012290588,0.015678538,0.01162493,0.004990719,-0.005143747,0.012431109,-0.000574117,0.005639286,0.012781265,0.009499716,0.013851706,0.014394476,0.00485517,0.006715165,-0.002882934,-0.006883284,0.046305552,0.045095757,0.044453055,0.06710565,0.009740183,-0.030517114,-0.003154224,0.037757214,0.00647379,0.015397954,0.019337144,0.00169775,0.011799279,0.005558358,0.021378024,0.035166875,0.022316232,0.00220116,0.019815996,0.002902509,0.001503861,-0.002441072,0.004344571,-0.001882739,0.00388709,0.005082287,-0.003265655,-0.011821564,0.010757868
/mnt/sdd/caltech_training/three_classes/train/001.Black_footed_Albatross/Black_Footed_Albatross_0037_796120.jpg,0,0.001157721,0.003549379,0.000232927,0.003497612,0.005593143,0.00086266,0.007823035,0.005829425,0.012491316,0.010633989,0.003976877,-0.001787306,0.003647845,-0.003803471,0.015265915,0.009700583,0.007460564,0.001469254,0.00620645,-7.93E-05,-1.50E-05,0.001053387,-0.000417527,-0.007619885,-0.009198264,0.000347828,0.001203063,0.005882242,-0.000338051,-0.011028389,-0.002946138,-0.016546465,-0.008574912,0.003446166,-0.009877488,-0.009034765,0.013464224,0.01385945,0.024835628,-0.006968304,-0.006641769,-0.012091896,-0.014551926,-0.002623566,-0.011102242,-0.007449381,-0.007584138,-0.004343404,-0.015042692,-0.028786859,-0.011463613,-0.003128271,-0.012553408,-0.009756972,-0.01644739,-0.006058873,-0.018527426,-0.031239422,-0.012624688,-0.015481949,-0.007825965,-0.015764736,-0.019837255,0.058132418,0.07171646,0.06863878,0.059717238,-0.005060708,0.031365313,0.029406838,0.04830558,0.010844827,-0.013500234,-0.015565968,-0.002923725,0.019865882,0.002335774,-0.001886296,0.003662322,0.032396622,-0.005355998,0.022489484,-0.013463339,-0.004105152,0.006076804,0.011983777,0.029623747,-0.011981152,-0.020255588,-0.01042809,-0.012167545,-0.003663261
/mnt/sdd/caltech_training/three_classes/train/001.Black_footed_Albatross/Black_Footed_Albatross_0060_796076.jpg,0,-0.00188982,-0.002323632,-0.002644167,0.001003418,0.004312593,-0.00013997,0.003382889,0.00436711,-0.000623605,-0.005193549,0.001476156,0.003383886,0.001791122,-0.003192055,0.003692247,0.004694036,0.001780393,0.006948439,-0.005239192,-0.003664,-0.000133132,0.004317261,-0.004750738,-0.003881664,0.004271493,-0.002652629,-0.004331707,-0.002543247,0.005412547,0.009725474,0.00043321,0.021583637,0.001310746,0.003710761,0.001269013,0.005966364,0.01302832,0.015713876,0.020605255,0.013126551,0.009417918,0.01092405,0.008011119,0.003024346,0.000796606,0.003711466,-0.006277381,0.002599658,0.001460806,-0.004735891,0.000693656,0.0039983,0.011292644,-0.0026304,-0.003926766,0.000364407,0.014884015,0.011424253,0.013574372,0.004722658,0.001142422,0.00151127,0.003662664,0.036197208,0.04074668,0.050337262,0.061844427,-0.003420613,0.008022493,0.022769498,0.02972747,0.014900656,-0.007440609,0.015400051,0.009435754,0.001281317,-0.01006916,0.000192506,0.021634685,0.024368186,0.014812755,0.035763197,0.006479864,0.013048993,0.024540083,-0.00576003,0.01643881,-0.006122146,-0.001544527,0.00170981,-0.00472842,0.018258048
/mnt/sdd/caltech_training/three_classes/train/001.Black_footed_Albatross/Black_Footed_Albatross_0049_796063.jpg,0,-0.001549475,-0.003131257,-0.000885885,0.008417903,0.004232592,0.002724978,0.003896897,-0.002867159,-0.011274762,-0.004613314,0.003988319,0.000609739,-0.008273408,0.008989293,0.01172353,-0.01943271,-0.005114813,0.002456483,0.005370739,0.00209041,0.0026867,-0.005493691,0.003956386,0.008172814,-0.006824216,-0.00342438,0.001633638,0.013821852,-0.006994081,0.001084681,0.000884414,-0.013120905,-0.002439523,0.000994728,0.003316567,0.013801404,0.01463605,0.017774433,0.023449201,0.015065885,0.021356998,0.002461683,-0.006856125,0.00481849,0.00631893,0.008155422,-0.01011456,-0.027899373,-0.006118366,-0.013141902,-0.016063154,-0.005571831,0.009513915,0.002788566,0.001303781,0.016358668,-0.006036071,0.001678187,-0.012911655,0.00022599,-0.000665759,-0.009792902,0.005560882,0.042871483,0.040446274,0.057545442,0.078573115,0.01555344,-0.012443237,-0.006205837,0.04181757,0.041333493,-0.001948206,0.000552242,-0.003269378,0.009169262,0.007343179,-0.007362846,0.027798206,6.87E-05,0.00583389,0.059058983,0.006551225,0.008611439,-0.007122716,0.02360917,0.042707115,0.003334012,0.017459262,-0.00247037,-0.001595878,-0.003012199
/mnt/sdd/caltech_training/three_classes/train/001.Black_footed_Albatross/Black_Footed_Albatross_0026_796095.jpg,0,0.002094171,-0.000474047,0.000918128,0.00470914,0.006744646,0.003754405,0.004463369,-0.006573737,0.009359066,0.003840247,-0.001154521,0.00333789,0.003523828,0.013535807,0.005307688,0.004592094,0.01188212,-0.007248358,-0.017821632,-0.005215826,-0.00490924,0.002062622,0.009378556,0.005533168,0.001807347,-0.00161679,-0.001664426,0.002815529,0.008828222,0.008595195,0.001307427,-0.01422526,0.00413189,0.010345979,-0.006240915,0.002469479,0.010915481,-0.022896584,-0.007788295,0.000329033,0.013867264,0.003600211,0.0130412,0.009879001,-0.00389336,0.006007845,-0.018941807,-0.002413484,-0.019923523,-0.01881254,-0.004957232,-0.008129295,0.011186968,0.004925236,-0.009471161,-0.009287678,0.005838317,0.004300929,-0.007387722,-0.008971594,-0.001126489,0.011278471,0.015513407,0.047069166,0.053418003,0.052824333,0.07077393,-0.008925386,0.031236816,0.024776518,0.049502566,-0.034645103,-9.02E-05,0.0279846,0.012329549,0.016486425,0.017630324,-0.002708642,-0.000358491,-0.007669538,-0.0067271,0.04766786,-0.002535739,0.002391702,-0.004236357,0.001246864,0.03014094,0.006744598,0.017866563,-0.008190677,0.002597223,0.00272637
/mnt/sdd/caltech_training/three_classes/train/001.Black_footed_Albatross/Black_Footed_Albatross_0032_796115.jpg,0,-0.0018975,0.000348487,0.000869161,0.01076953,0.005030943,0.002000591,0.007560754,0.014148328,-0.006484019,-0.003171466,-0.002195984,0.006501092,0.00369013,-0.011699345,0.013122187,0.007869779,-0.010025025,0.009159449,0.004247281,0.004152338,0.019737028,0.0007252,0.003869873,-0.000365775,-0.005916632,-0.005040805,0.009483086,0.005709615,0.007109328,0.003317956,0.001759676,-0.014643595,-0.004220254,0.01631505,0.029079754,0.004409961,0.013245384,-0.004114535,0.021902189,-0.018399742,-0.004140509,-0.008769255,0.001358516,-0.005877946,-2.95E-06,-0.001948368,-0.005240189,0.000301356,-0.004866698,0.007597049,-0.010274773,0.004505632,-0.001748135,0.007277823,-0.005626555,-0.007260244,0.001143767,-0.006388636,0.001807271,-0.013435597,-0.013596427,-0.022245418,-0.001785249,0.0414296,0.05520343,0.057454973,0.06296822,-0.007400847,-0.007628598,0.013858683,0.040856246,0.012915117,0.005744935,-0.005592287,0.016775167,0.011714927,0.012952222,-0.009498566,0.035259727,0.013741396,0.02592083,0.05545322,0.011169141,0.009165982,0.000798121,-0.005878862,0.006402364,0.020519348,-0.002883087,0.003749433,0.004168911,0.003270828
/mnt/sdd/caltech_training/three_classes/train/001.Black_footed_Albatross/Black_Footed_Albatross_0053_796109.jpg,0,-0.00189116,0.003201784,0.000147373,0.004571927,0.005574213,0.000821113,0.000933309,0.000177805,0.00624731,0.00478087,-0.006789345,-0.001351641,-0.000272815,0.014940521,0.015928898,0.004812296,0.00464869,0.001070548,3.38E-05,0.009220749,-0.00084859,0.00217225,0.007969378,0.000430689,0.005851388,0.003830823,0.0108684,0.002150804,0.004720978,0.002173519,-0.008531044,-0.007265326,0.000197802,0.015129846,0.004083498,0.001789347,-0.010158667,-0.002085383,4.47E-06,0.00845269,0.006004006,0.001034324,0.002904808,0.008810576,0.003018657,0.002779986,-0.013005179,-0.00367057,-0.007281506,-0.0118361,-0.003621261,0.002397304,0.006449915,0.004300582,-0.004522041,0.003093906,0.003497649,-0.005200866,-0.004825263,-0.005457101,-0.011480041,-0.009462572,0.007919416,0.033606846,0.045847666,0.05574158,0.053011052,-0.003103361,0.030545767,0.017689256,0.044731483,0.022452356,-0.005194519,0.00112457,0.010883166,0.01533668,0.010571373,0.003435188,0.012067702,0.003185825,0.014947574,0.018736618,-0.004861314,-0.020292489,0.001337852,0.000921349,-0.001552923,-0.005568218,0.003716106,0.001091036,0.003392654,0.003096223
/mnt/sdd/caltech_training/three_classes/train/001.Black_footed_Albatross/Black_Footed_Albatross_0035_796140.jpg,0,0.004182551,0.001008899,-0.000867178,-0.014559313,-0.012231365,-0.00342155,-9.14E-05,-0.0008281,0.000470531,-0.002851667,0.001130048,0.000566757,-7.00E-05,0.014178149,-0.002173189,-0.009230646,-0.009243994,-0.002043802,-0.002038647,2.30E-05,0.003941637,-0.014288925,0.004123613,-0.001474374,-0.007401149,-0.004835284,0.003577318,-0.016686134,-0.005831925,0.011951905,-0.004087911,0.003199301,-0.007016589,0.01194803,0.009993256,0.009867888,-0.032997582,-0.033115894,-0.02626759,-0.027204596,-0.018515866,-0.009234893,-0.009666031,0.00182315,-0.003051213,-0.018868841,-0.02577769,0.000632266,0.003048199,-0.013908845,-0.009951383,-0.02557968,-0.006132728,-0.003678594,-0.000701495,-0.004077164,-0.002177159,-0.019470926,-0.031724453,-0.02739649,-0.026176356,-0.012640049,0.001657062,0.041605663,0.06220228,0.07480599,0.079674244,-0.04239244,0.014703956,0.030490471,0.045578197,0.03193834,-0.021366237,0.004549155,0.004130164,0.010955831,0.010726696,-0.007878065,0.02424499,0.031209525,0.030012459,0.044957437,-0.003956165,-0.00604406,0.001508948,0.00448136,0.001397134,-0.007754108,-0.001733723,0.009158824,0.001904333,-0.009259974
/mnt/sdd/caltech_training/three_classes/train/001.Black_footed_Albatross/Black_Footed_Albatross_0061_796082.jpg,0,-0.00184143,-0.002730331,-0.003008811,-0.012017686,-0.005605624,-0.003873515,-0.009692667,-0.018835824,-0.004490916,-0.006220511,-0.000977964,-0.012155188,-0.007710761,-0.016128862,-0.017323067,-0.015539943,-0.019274544,-0.008534925,-0.005687857,-0.002625814,-0.01401038,-0.010757215,0.000508138,0.002937505,-0.003909936,-0.005175048,-0.00513822,-0.020004349,-0.000371439,0.00981327,0.005340305,-0.01863619,-0.011378437,0.003582927,0.015422758,-0.001280177,0.001560628,-0.003147396,-0.006599284,-0.005376501,-0.001375953,-0.01239955,0.007364583,-0.01086693,-0.008533743,-0.005658199,-0.008868904,-0.025236223,-0.02943514,-0.006723108,0.00207298,-0.014769279,0.011920322,0.006082723,-0.010711835,0.002450252,-0.004123221,-0.004107388,-0.007807674,-0.005639175,0.007648351,-0.001661499,0.002562612,0.027038513,0.04428543,0.029692732,0.061598565,-0.014746865,0.007873302,0.028491031,0.047734868,0.03531555,-0.003703207,0.007976358,0.007236181,0.019471,-0.009480059,-0.01470766,0.013075549,0.017590117,0.010298006,0.029831452,0.001881269,-0.0106168,-0.013454499,-0.00296464,0.011563598,-0.003169226,0.005416694,-0.009235807,-0.004363377,-0.004079251
/mnt/sdd/caltech_training/three_classes/train/001.Black_footed_Albatross/Black_Footed_Albatross_0023_796059.jpg,0,-0.004034964,-0.003915683,0.000325066,0.010503745,0.003240215,0.002812863,-0.006163852,0.001459262,-0.003516417,-0.010769306,-0.000313159,0.001799821,-0.00606906,-0.008594255,-0.010205044,-0.022624373,0.00145015,-0.004037008,0.006978135,-0.008213608,0.004510576,0.004162991,0.007052004,0.005900343,-0.003681931,-0.000503216,0.000844912,-0.001696847,-0.000933689,-0.006899062,0.006079195,0.012267739,-0.007506639,-0.006738951,-0.005241799,-0.002415737,0.021696212,-0.012428669,0.027152818,0.024655037,0.007542735,0.010911798,0.009335587,-0.011397942,0.014764193,0.004697015,0.019019306,0.025000475,0.034081694,0.010295252,0.02111781,0.025333017,0.033673488,-0.006304042,0.006327057,0.00268825,0.021588909,0.02443526,0.011071388,0.002187701,0.009431468,0.005577427,0.023817305,0.04570371,0.057992954,0.0703203,0.052734926,0.028384387,0.023744129,0.035479106,0.04721394,0.013329282,0.030362954,0.00860774,0.018848877,0.019678634,0.010924167,0.009214344,0.017539188,0.013593046,0.012191692,0.019915711,0.000304252,-3.69E-05,-0.008262635,-0.005659189,0.013277157,-0.002890062,0.004962735,-0.000713161,0.008787563,-0.002794028
/mnt/sdd/caltech_training/three_classes/train/001.Black_footed_Albatross/Black_Footed_Albatross_0033_796086.jpg,0,-0.001561202,0.003168665,0.000391291,0.005353509,-0.001663263,-0.001078186,-0.00543532,-0.010548491,-0.000548711,0.006866865,-0.001113338,-0.001530451,-0.003552506,-0.004980954,-0.004393457,0.003575571,0.000870682,-0.012208848,-0.0023614,-0.013647676,0.002337907,-0.001907233,0.004823359,0.000942624,-0.00152169,0.001638355,0.007116356,0.004581536,-0.00501036,0.001275794,0.004498714,0.000970649,-0.001050151,-0.000512308,0.001358486,0.005089792,-0.017480472,-0.003148336,-0.005189925,-0.012986726,-0.001353313,0.005127476,-0.004396957,0.022353915,0.012564225,0.005308641,0.00578151,0.007734013,0.000258735,0.00608566,0.009085285,-0.008399033,0.015477276,0.010384779,0.015794955,0.006335613,0.000813494,-0.011354175,-0.014573278,-0.013404865,-0.012697877,-0.014506653,-0.005576661,0.045244753,0.053248435,0.074082755,0.0745257,0.002651003,0.007071168,0.003707808,0.0211188,0.012390641,0.000852608,0.011260255,0.002150495,-0.00847777,0.011816327,0.001429922,0.01952481,0.01210216,0.014485791,0.028080102,0.002092024,0.014094096,0.016091185,0.003227499,0.020109337,0.009128492,0.000541271,-0.008029605,0.005115962,-0.005538732
/mnt/sdd/caltech_training/three_classes/train/001.Black_footed_Albatross/Black_Footed_Albatross_0042_796071.jpg,0,0.000850359,0.000130378,-0.003058477,0.006147891,0.007181895,0.00494018,0.004726267,0.004848789,0.003988336,0.000608972,-5.23E-05,-0.003225529,-0.006421018,0.021550108,0.004594805,0.001380831,0.001301991,0.001448286,-0.00593092,-0.005907631,0.018042123,0.001602134,0.005775393,0.01132755,0.003557554,0.001095843,-0.00568722,0.005399914,0.003831103,-0.004147659,0.007090101,-0.003984554,-0.010057712,-0.012358472,0.014134772,0.008325025,0.002527138,-0.004665691,-0.007507841,-0.00625813,-0.009328499,0.004722297,0.00402665,-0.007399311,0.000695097,-0.010450847,-0.000744388,-0.002745448,0.013205452,0.012062554,0.014939446,-0.006637672,0.020010289,-0.005783194,-0.006834645,-0.002125091,-0.004470091,-0.00249393,0.023990463,0.008480841,-0.001501312,0.001077546,0.008458912,0.033592533,0.060704466,0.061388344,0.07544871,-0.001431529,0.020166691,0.032867573,0.033306632,0.009855292,-0.011205313,0.006522282,0.024682272,0.01686016,0.022021215,-0.007508714,0.024517588,0.014028348,0.003501548,0.028118085,0.011398688,-0.007142305,0.018358354,0.014414875,0.009840457,0.005294639,0.013886519,0.008588382,0.010844298,0.014492881
/mnt/sdd/caltech_training/three_classes/train/001.Black_footed_Albatross/Black_Footed_Albatross_0036_796127.jpg,0,-0.000696386,0.000138215,0.003478292,-0.008629045,-0.010015218,-0.003713823,-0.00162034,-0.007011925,0.002411747,0.000810882,0.001136257,0.005228275,-0.001084759,0.004227534,0.001973631,0.002520433,-0.00294249,-0.013222896,-0.002790812,-0.014093137,-0.01271645,0.006922932,-0.003366647,-0.006253938,-0.00233162,0.00018354,0.001007054,-0.011040345,0.004869729,-0.012868231,-0.010891778,-0.00745387,-0.007409367,-0.004152082,-0.006187463,0.001726853,-0.008710157,0.015890911,0.011696549,-0.000567886,-0.006527521,-0.000476542,0.01914392,-0.008324839,-0.008778937,-0.007981691,-0.003823097,0.008771712,0.021343391,0.014511773,0.002828036,-0.02374136,-0.00251933,0.000467504,0.003560883,-3.88E-05,0.00877658,0.008220098,0.011893895,0.005762483,0.009029673,0.007445218,0.008262714,0.04024911,0.052438106,0.06137674,0.061059445,-0.002360424,-0.00230261,0.03811874,0.018175922,0.009014158,-0.009243103,0.018252725,0.005277269,0.02099596,0.023372795,-0.011895192,0.006692333,0.019865043,0.025495566,0.023295715,-0.00485949,0.007798506,0.010458603,0.017724758,0.012493949,-0.006958542,0.010007637,0.01506518,0.012447313,0.0047422
/mnt/sdd/caltech_training/three_classes/train/001.Black_footed_Albatross/Black_Footed_Albatross_0078_796126.jpg,0,-0.0050556,-0.003600172,0.003700681,0.017938096,0.003546238,0.002194282,0.001408237,0.005062566,0.020607373,0.00667294,-0.004955323,0.003414885,0.00255058,0.006293625,-0.003192635,0.00886181,-0.003185378,-0.001675428,-0.004726639,0.004715799,0.009981047,-0.005223847,-0.011242641,-0.003486083,-0.000197663,-0.006748449,0.002839874,0.002778505,-0.015869861,-0.002497131,-0.004341504,-0.018247698,0.009697601,-0.018960308,0.001186966,-0.005477858,-0.014365593,0.001118793,0.003554371,0.002519511,0.011632167,0.020016013,-0.002901276,0.002398094,0.006213812,0.014838329,0.000863667,0.01233239,-0.017041368,0.0081855,-0.000946383,0.015319643,0.001056388,0.007995906,0.002762445,0.003743298,-0.011845857,-0.005651265,-0.005447943,-0.011028445,-0.017792905,0.006712214,0.010256704,0.03348599,0.045162857,0.050542682,0.06753862,-0.00105996,-0.002082534,0.03954626,0.03793042,0.000390801,0.002774121,0.009745073,0.01425375,0.011828335,0.006875728,-0.000526323,0.004120798,0.01492839,0.01903313,0.06216736,-0.002677783,-0.000721225,-0.01873183,0.02186864,0.007459284,-0.00076268,0.001901238,0.005980627,-0.003265418,0.006755846
/mnt/sdd/caltech_training/three_classes/train/001.Black_footed_Albatross/Black_Footed_Albatross_0003_796136.jpg,0,-0.001991839,-0.000507042,-0.002034748,-0.005793671,-0.000858235,-0.003366552,-0.008155979,-0.021650545,-0.011124624,-0.001283494,-0.003250237,-0.003702714,-0.004393227,-0.002619704,-0.002139825,-7.03E-05,0.009802096,-0.016052192,-0.005942018,0.002465737,-0.009472973,0.009191539,-0.003370337,0.002507398,-0.003293045,-0.012499577,0.00322031,-0.007791433,-0.006739409,0.004361622,0.001659427,-0.00681071,-0.017751556,-0.005045425,-0.006201621,0.001013524,0.016632974,0.017742008,0.013417866,0.002128926,-0.005425342,-0.013091526,-0.010933026,-0.025459763,-0.025457075,-0.021391336,-0.016245231,-0.020061199,-0.010415721,-0.000163439,-0.011790509,-0.007594144,-0.015243832,-0.019792225,-0.014191726,-0.006994659,0.006922323,0.01115469,0.013746825,-0.006410393,0.012420261,0.008028777,0.004031419,0.015305014,0.045676872,0.07646467,0.06675732,-0.016886543,0.01548876,0.0591726,0.033957165,0.001319283,-0.005253963,-0.002143826,-0.00756656,0.009053925,0.000537311,-0.001214754,0.009481513,0.02466967,0.025464052,0.044725306,-0.001220011,0.002078435,0.006876273,0.00897979,-0.005502738,0.00983335,0.002185354,0.014494023,-0.002447422,-0.007343644
/mnt/sdd/caltech_training/three_classes/train/001.Black_footed_Albatross/Black_Footed_Albatross_0063_796141.jpg,0,0.001114511,0.001210976,-0.00197739,0.002972307,0.002283309,-0.002067669,-0.000586427,0.00013999,0.017143525,0.006151179,-0.007247756,-0.003595122,-0.000751643,0.00777618,-0.003636821,0.008477397,0.005287615,-0.005657854,-0.003685111,-0.015274975,0.009028135,-0.003788212,0.000916454,0.001975343,-0.008449582,-0.002631692,-0.004446257,0.009067409,0.00822694,0.003250112,-0.010314075,-0.019020423,-0.005016238,-0.002002353,-0.001578359,-0.008868783,0.004341393,-0.000293989,0.002901178,0.001673457,0.004135619,-0.007791779,0.01421767,-0.000218381,0.011161326,0.009096766,-0.005851192,-0.000791588,-0.017053558,-0.02138359,-0.007441932,-0.019652316,-0.006155961,0.015814573,0.00804724,-0.000414017,-0.008922551,-0.003394381,-0.006753065,-0.013683623,-0.006136871,-0.0050549,-0.003221922,0.04586018,0.056301333,0.043071702,0.06267178,0.001284852,0.005989638,0.016183985,0.02116635,0.010908671,-0.005232405,0.000769003,0.016126323,0.013960561,0.003359733,-0.011637689,0.033169635,0.021490991,0.022697367,0.01872712,0.000328672,0.01167741,0.004113627,0.008352734,9.67E-05,-0.002949406,0.001175418,0.002146113,-0.000983529,0.000872362
/mnt/sdd/caltech_training/three_classes/train/002.Laysan_Albatross/Laysan_Albatross_0091_602.jpg,1,-0.002885078,-0.002127268,-0.00084571,-0.002991605,-0.006915709,0.00038838,0.003443195,0.001413777,0.014230367,-0.0110075,0.00939262,-0.000958609,-0.017014513,-0.001686516,0.005984195,0.002457187,-0.004765448,0.000575876,-0.000683852,0.01106539,-0.015401688,-0.00159259,0.004049696,0.001748242,0.002679321,0.000808515,-0.001896486,-0.002324121,-0.003803552,-0.005594205,0.008421507,0.020206183,0.002690076,-0.022810202,-0.001748797,0.001581004,0.004133938,-0.013990106,-0.029586965,-0.017073603,-0.012586757,0.019808233,-0.002694795,0.008266871,-0.007716256,0.008882296,0.014320768,0.024639199,0.020427022,0.016334023,0.020991307,-0.012385311,0.010740656,0.0090517,0.007615342,0.009892955,0.001989629,0.007541418,0.007038006,0.018705804,0.018119177,-0.006739681,0.009459298,-0.005447105,-0.000987874,-0.01012204,-0.033565514,-0.00737028,-0.00175574,0.02074539,0.03802346,-0.003784462,-0.009954155,0.01115009,0.011514254,0.004546062,-0.010130016,-0.004279913,-0.025946815,-0.026351836,-0.002528701,0.007827056,-0.012116569,-0.028550912,0.009779261,0.0084049,0.008008573,-0.009584567,-0.000500907,0.017003471,0.016291857,0.006575211
/mnt/sdd/caltech_training/three_classes/train/002.Laysan_Albatross/Laysan_Albatross_0017_614.jpg,1,0.000530965,0.002211441,0.001568357,0.007447191,0.010966099,0.003639512,0.006012633,0.006645034,0.010945734,0.008369932,0.004810624,0.000191858,-0.008050002,-0.001177812,-0.00178265,-0.007475927,-0.009752521,0.000534169,0.006295567,0.00711129,0.00544633,0.011773903,-0.007911131,-0.005810733,-0.001469366,-9.31E-05,-0.001694251,0.012956938,-0.003500592,-0.003194475,0.001008918,0.0193732,0.012172062,0.00514676,0.010626725,-0.003513201,-0.000950046,0.001457211,0.009457961,0.016691905,-0.001610893,0.007265343,0.007993544,-0.009739855,0.007647704,0.013997081,-0.013420304,-0.0124525,-0.017694185,-0.002021125,-0.001294075,0.006376531,0.020880083,0.004695834,-0.014471731,-0.009530527,-0.01627469,-0.014187759,-0.011785666,-0.012460926,-0.013927631,0.016008995,-0.002166466,0.008416101,0.008772092,0.023711558,0.026444066,-0.006974054,0.017111186,0.026879176,0.0349758,0.002276283,-0.008064783,0.007386559,0.023137864,0.022980222,0.023317026,0.008047024,-0.010557534,-0.043979276,0.003272927,0.008614923,0.006900364,-0.013520756,-0.001029115,-0.004902885,0.018106345,-0.001769329,-0.012096994,0.00087624,0.016030904,-0.006540565
/mnt/sdd/caltech_training/three_classes/train/002.Laysan_Albatross/Laysan_Albatross_0059_488.jpg,1,0.00244513,0.001077091,-0.000425571,0.005610611,0.000262258,0.001140245,0.001198491,-0.00141376,0.00024616,0.003477019,-0.004134097,0.005024981,-0.002696618,-0.006493584,0.002775588,0.009357553,0.005488153,-0.007480744,-0.004796805,0.004301366,-0.012320526,0.00401363,0.011910565,0.005782085,-0.005891903,-0.009786157,-0.0085194,0.000408366,-0.001535525,0.000438834,-0.001209137,0.012844844,0.005377484,0.002869186,0.002800254,-0.00134755,-0.01216503,-0.003932454,-0.002053381,-0.003830759,-0.008312782,-0.006082242,-0.000888503,-0.000196224,0.00820352,-0.005715304,-0.000624356,0.013934394,0.002292067,-0.00660185,-0.010105959,-0.014919419,-0.004352519,0.011543301,0.028828152,0.008042529,-0.021791782,-0.023866493,-0.014480745,-0.009965894,0.015068566,-0.012978897,0.013335362,-0.004708185,-0.013613607,-0.010772053,-0.024578242,0.012784187,-0.019284949,-0.008734833,-0.001909392,-0.008145435,0.016194042,0.002786886,0.014304085,0.00930916,0.013762431,0.009966048,-0.013554467,-0.007878153,-0.012313655,-0.024474967,0.004206655,-0.008680607,-0.00323139,-0.004858616,0.008666976,0.000835391,0.00966862,0.01639706,0.009482073,-0.003537757
/mnt/sdd/caltech_training/three_classes/train/002.Laysan_Albatross/Laysan_Albatross_0085_564.jpg,1,0.000178766,-0.00066742,-0.000457476,0.005755983,0.005046986,0.002937107,-0.001147274,-0.013338767,0.013486266,0.018848957,-0.001214356,0.002072382,-0.006832277,0.010431023,-0.018578473,0.008519353,0.011141321,0.007971142,0.007092571,-0.006562395,-0.017345164,-0.013941594,0.005877855,-0.001401909,0.003916404,-0.000759536,0.007026699,-0.00345609,-0.002239162,0.010384064,-0.001157577,-0.012878732,0.000325585,-0.007163231,-0.011665277,-0.018033031,-0.020033082,-0.002580599,7.23E-06,0.002982782,-0.000141331,-0.013196194,0.002731076,0.004496297,0.016394977,0.012799146,0.009863813,0.009096651,0.015324447,0.014043685,0.014701966,-0.002801352,0.010863106,0.006989136,0.017093051,0.008687038,-0.004490755,-0.000360607,-0.008244342,-0.009499401,0.004505591,-0.004430257,0.006197295,0.014443316,0.014079179,0.009330791,-0.005991372,0.005864663,-0.018871306,-0.015927278,-0.002090796,-0.00677097,0.008348022,0.00640821,0.009423586,0.008903115,0.00529634,-0.001550606,-0.013240265,-0.013533313,-0.016513426,-0.030133668,0.013545953,0.00490086,0.011354446,-0.00444174,0.006905168,0.006085925,0.007071559,0.007438219,-0.001368581,0.004029903
/mnt/sdd/caltech_training/three_classes/train/002.Laysan_Albatross/Laysan_Albatross_0076_671.jpg,1,-0.002295173,-0.002447787,-0.003812944,-0.005707778,-0.010176068,0.000400854,-0.000686186,0.001605704,-0.003034078,-0.00296026,-0.003221845,0.005464266,0.012880771,-0.017504308,0.012241212,0.008661591,0.004992271,0.004387414,-0.000506562,0.004024474,0.006082823,0.004958449,-0.010289762,0.002007444,0.014364716,0.006729083,-0.004790304,0.013359588,0.010431105,0.004255953,0.010533074,0.004484391,0.013137386,-0.021665435,-0.00816175,-0.009271994,0.023968961,-0.011521542,-0.002485793,-0.004035246,-0.005180755,0.010021278,0.002644346,-0.007580359,0.007026725,0.001511837,-0.019110369,-0.012444932,-0.024929814,-0.028518733,-0.023805235,-0.008245188,-0.014094512,0.03277678,0.014855659,0.002760594,-0.013248849,-0.004226717,-0.009198697,-0.008765353,-0.009094947,0.005722706,0.002581015,0.00024269,0.013852744,0.016595792,0.002983263,0.002678289,0.024494814,0.034050986,0.021658214,-0.014904652,0.001694298,0.004171192,0.014050564,0.015294266,0.014075496,0.007249253,-0.001611566,-0.026339304,-0.007796699,0.000270544,0.002039901,-0.003407951,0.015884075,0.012143602,0.00237919,-0.011203304,0.006590618,-0.001756332,-0.005684579,-0.003110791
/mnt/sdd/caltech_training/three_classes/train/002.Laysan_Albatross/Laysan_Albatross_0040_472.jpg,1,-0.000961666,-0.001230736,0.000465859,-0.000369959,0.001369451,-0.000927127,-0.015946412,-0.028155439,0.013323672,-0.005808092,-0.00795717,-0.004055758,-0.00253999,0.004942097,-0.001294229,0.004203524,-0.003813117,-0.017724799,-0.013456893,-0.01025206,-0.004358005,0.003025598,-0.011074941,-0.020331196,-0.003797149,-0.012691149,-0.012901997,-0.019271217,-0.010435196,-0.004266501,0.004601468,0.002297362,-0.009927363,-0.00561237,0.006204757,0.001422097,-0.005764541,-0.00115927,0.011574782,-0.014937462,-0.004857461,-0.005117387,-0.011924868,0.008870783,0.008540778,0.011209486,-0.007427661,-0.002158823,-0.005740892,-0.015343787,-0.018969579,0.004532929,-0.02017549,0.007515027,0.01720975,0.004097764,-0.011385657,-0.005362253,-0.012835747,-0.017592983,-0.006071703,0.017256755,-0.012005862,0.006435169,0.003406788,-0.011592863,-0.043373838,0.005403366,0.012948406,-0.00157901,-0.022410924,-0.023826001,-0.000669796,0.022916809,0.020835832,0.014984224,0.011849042,0.006687254,-0.026179422,-0.028371576,-0.014351123,0.014982267,-0.004006132,-0.000729698,0.02805829,-0.010686589,0.000262938,-0.004169594,-0.014532685,-0.016329857,-0.005580102,0.015951177
/mnt/sdd/caltech_training/three_classes/train/002.Laysan_Albatross/Laysan_Albatross_0083_756.jpg,1,0.007757445,0.003507595,0.002408173,0.003737346,0.000315457,0.001203098,-0.002208878,-0.006333707,0.012642409,0.000167737,0.005255038,0.003541797,0.002565165,-0.006925189,-0.00936919,0.007171894,0.017766044,0.00495776,-0.002531786,0.00402762,-0.013809679,-0.004939167,-0.001070058,-0.002231918,0.002570805,-0.005881378,0.012279856,-0.001193533,0.00363576,0.002208488,0.003951191,0.013926148,0.015072461,-0.001222125,0.007397593,0.008484598,-0.05121868,-0.028038498,-0.040737744,-0.018592305,-0.002569021,0.00789508,0.01870226,0.003365698,0.012615497,0.007480369,-0.000843599,0.007404332,-0.00968628,0.00123145,-0.002610582,-0.004566775,0.001227838,0.012922152,0.000745005,0.010049998,-0.009611603,0.002621648,-0.001872159,0.004513177,0.011706796,0.004954175,-0.005701905,0.022258826,0.010174211,0.014696989,0.019857444,0.012847364,-0.002525729,-0.004631825,0.016458273,-0.014141088,0.011680231,-0.008748999,-0.015991744,-0.01704476,0.003326841,0.012839602,-0.003007471,0.001148482,-0.000605816,0.003650526,0.021978227,0.007588217,0.027652107,-0.005070155,0.010167174,0.018276356,0.019416757,0.027684968,0.022494737,0.01181199
/mnt/sdd/caltech_training/three_classes/train/002.Laysan_Albatross/Laysan_Albatross_0080_821.jpg,1,0.000912849,0.004037015,0.000934415,0.013148196,0.00665233,0.002581783,0.006026894,0.017687624,0.008118744,-0.002943175,0.001809489,-0.007983971,-0.000802197,0.016365044,0.009452585,0.011796508,0.008826216,0.008719893,0.008003159,0.009424474,0.013726123,0.001969025,0.017192436,-0.001290322,0.001370703,0.002896949,0.005889959,-0.000748447,-0.003740653,0.002595132,0.006037047,0.02179522,0.01042768,0.018830847,0.016755715,0.01491846,-0.03919194,-0.030315178,-0.043066226,-0.031180395,-0.021390162,-0.004513111,-0.013485154,-0.007779692,-0.004719203,0.001803959,-0.003580693,-0.018235337,-0.00585665,-0.006948478,-0.019433022,-0.005850295,-0.002731109,0.008483715,0.026103925,0.012033306,-0.011636832,-0.009470059,0.007070355,0.007047136,0.008068578,-0.007424206,-0.001116904,0.007594824,0.009972118,-0.002261705,-0.009461567,-0.002268827,-0.004728224,0.002534714,0.014801227,-0.009568978,-0.013708313,-0.010500427,0.01438641,0.006221665,0.014871243,-0.021895953,-0.004943561,-0.009944992,-0.012190986,-0.000192758,0.008866254,0.003945463,0.002331117,-0.005891363,-0.022475105,-0.005301145,-0.001368429,-0.005923869,-0.004783487,0.005028198
/mnt/sdd/caltech_training/three_classes/train/002.Laysan_Albatross/Laysan_Albatross_0065_809.jpg,1,0.006530745,0.002523945,0.000370157,0.011526939,0.006804894,0.001920795,0.007288304,-0.00291226,0.00138043,0.001760481,0.011658177,0.006650556,0.001155201,0.002182048,-0.014066346,-0.003642132,-0.008179571,-0.001271767,0.00526105,0.009063199,0.001876567,-0.006090563,0.004467058,0.005418954,-0.012679213,-0.004433438,-0.002406835,0.003020067,0.005723701,0.000308407,0.002474096,0.007566865,0.002878191,0.01182704,0.014662901,0.011996515,-0.020068804,-0.029096587,-0.030835336,-0.010924866,-0.00947208,-0.019873172,0.011576257,0.030333105,0.02358729,0.019820683,-0.008482907,-0.01252421,0.007120603,0.010934723,0.003153599,-0.015651114,0.007740485,0.0231781,0.007470494,0.009932495,0.011923171,0.005338041,0.013901378,0.001244102,0.011638789,0.004994607,-0.00879185,0.014968255,0.029449645,0.033942156,0.009360337,0.0086388,0.013863813,0.02181862,0.023539908,-0.01277761,0.021458171,0.014112279,0.027398884,0.022630394,0.008176976,0.014029959,-0.021496166,-0.018184964,-0.014755855,-0.006288366,0.01699694,0.019691115,0.002255928,0.015740553,0.008791191,0.020280525,0.030101588,0.025404673,0.022378853,0.006253064
/mnt/sdd/caltech_training/three_classes/train/002.Laysan_Albatross/Laysan_Albatross_0042_801.jpg,1,0.00366393,0.00264818,0.000117692,0.009872514,0.002234208,0.00191879,0.010017791,0.007808482,-0.00178176,-0.00062781,0.004301204,0.006838916,0.005803141,0.022189086,0.006196569,0.013575688,0.008637569,-0.009854386,0.004722309,-0.006020444,0.00762026,-0.00363599,0.00998951,0.00883461,-0.003075713,0.000837543,-0.001144999,0.026235865,0.006138477,-0.007726184,-0.000535445,0.011311645,0.003187295,-0.02192225,0.003375263,-0.005412187,0.007978411,0.008773943,-0.003498075,-0.007153716,0.001802038,0.009359386,0.02106093,0.00653609,0.007645669,0.00374455,0.006762383,-0.001074988,0.008888794,0.003453083,-0.00316565,0.008341362,0.010046756,-0.006953037,-0.005083436,0.003005445,0.020092722,0.007101971,0.010322882,0.019722592,0.02135256,0.009137399,0.013464084,0.011121418,0.005866736,0.016602917,0.001989077,-0.00466703,0.001661255,-0.009877201,0.022981249,-0.005508228,0.008155256,0.03226679,0.030144991,0.01660794,0.010167433,0.007962111,-0.012128749,-0.004576815,0.002848757,0.005922239,0.009641117,-0.004664945,-0.010025797,0.007448387,0.026099693,0.020713005,0.003101076,0.018299257,0.02012704,0.001654459
/mnt/sdd/caltech_training/three_classes/train/002.Laysan_Albatross/Laysan_Albatross_0033_658.jpg,1,0.0019161,0.001488128,0.004452363,-0.004952006,-0.001581455,6.56E-05,-0.002981433,0.000918379,0.003351032,0.002838682,-0.000619652,0.008067357,0.001249197,0.002742831,0.00779073,0.005787514,-0.006814156,0.004450034,0.002010722,0.001452497,0.00870145,0.007146054,-0.003718108,-0.003137633,0.009104817,0.006178652,0.00394364,-2.44E-05,0.001886375,-0.005260805,0.003404768,-0.001345975,0.002945707,0.001972069,-0.004035423,0.00517597,0.004306152,0.005835344,0.009423228,0.004057502,-0.006596825,-0.002339737,-0.008553602,-0.02694149,0.008087968,-0.000396806,0.006524732,0.008722486,-0.001366356,-0.001800549,0.004955767,-0.001170522,-0.018264063,-0.004206336,-0.013084197,-0.002929166,-0.008426948,-0.008227739,-0.016802806,-0.009782694,0.002532221,0.003353509,-0.005145296,0.01242738,0.007551037,0.011431281,0.006112805,0.001104855,-0.002714707,-0.015835598,0.010852545,0.019371942,0.008645049,-0.018243734,-0.002206451,-0.010487773,-0.002544281,0.000801072,-0.024859307,-0.02638171,-0.00641248,-0.008362115,-0.00209083,0.004453593,0.017914847,0.001745776,0.025855528,-0.007825635,-0.010746987,-0.011243798,-0.013738461,-0.005717385
/mnt/sdd/caltech_training/three_classes/train/002.Laysan_Albatross/Laysan_Albatross_0012_696.jpg,1,-0.000761164,0.001657824,-0.000120611,-0.00769399,-0.010773242,-0.003150486,-0.016253797,-0.022566969,-0.014896371,-0.002907551,0.00171633,-0.000724911,-0.010594521,-0.008010767,-0.011640064,-0.02349231,-0.017401516,0.020695634,0.010907881,0.005983786,-0.044434153,-0.01082618,0.00288523,0.008317445,0.006601311,0.003019296,0.003864676,-0.025608372,-0.000546374,0.000811793,0.005093476,0.002403619,0.003246827,0.001578258,0.015929166,0.003824028,-0.040627316,-0.042630546,-0.029805843,-0.026745323,-0.017426804,-0.003685393,0.012360844,0.00590649,0.003425319,0.011783424,0.016765315,0.001404929,0.007667254,-0.017506659,-0.005682993,-0.014846235,-0.0223415,-0.007899765,0.00545414,0.009333512,-0.000430078,0.011826871,-0.010169693,0.0056538,0.001460587,-0.006824029,-0.016588572,-0.000224573,-0.008862523,-0.017707597,-0.013225034,0.014130217,-0.004491908,0.01778263,0.004206021,0.003326827,0.000909959,0.0004072,0.022784632,0.012057485,-0.00013862,0.012729724,-0.008075364,-0.007987721,0.005138713,0.012109426,-0.005900477,0.004796094,0.01339405,0.023733383,0.010967383,-0.01082778,-0.008586779,-0.013870525,-0.009506848,0.004111408
/mnt/sdd/caltech_training/three_classes/train/002.Laysan_Albatross/Laysan_Albatross_0028_643.jpg,1,0.00298205,0.004419908,0.003148258,-0.004032071,-0.003440416,-0.002108407,0.008423966,0.005095939,-0.001874874,0.002604224,-0.007306023,-0.004453622,-0.005603633,-0.000852838,-0.008338355,-0.006061168,-0.008167844,-0.005667727,0.000588541,0.003887078,-0.001814396,0.007180213,-0.014374677,-0.001949017,0.001286838,0.000632421,0.000589083,0.008521836,0.008321189,-0.004128895,0.000690376,-0.005541159,0.00927198,-0.02340988,-0.029113913,-0.006896384,-0.021688629,-0.005596354,-0.009258957,-0.002431297,-0.006649661,0.004410741,-0.013607232,0.002110126,0.011037856,-0.007734799,0.003050391,-0.003110759,-0.004336863,0.005951925,0.006590728,0.010487933,0.006249659,-0.001907421,-0.00227547,0.007733826,-0.005205349,-0.014391996,-0.023744054,-0.014428536,-0.015304643,0.010162069,-0.008163543,0.004643614,-0.006351355,0.01402279,0.00498761,0.00088394,-0.00749211,0.026704054,0.022681106,0.02643539,-0.004006296,0.005128522,0.003065247,0.010210635,0.014514093,0.001537945,0.002778014,-0.024118062,0.005567922,0.004317345,-0.013575994,0.00781294,-0.009981743,0.006870406,-0.01685767,-0.019454282,0.003946286,-0.017886415,-0.007105848,0.008157687
/mnt/sdd/caltech_training/three_classes/train/002.Laysan_Albatross/Laysan_Albatross_0099_869.jpg,1,0.000221993,0.002507586,0.000758684,0.007959854,-0.001223798,0.003513504,0.005154991,-0.001166741,0.011520248,-0.005980801,0.013793692,0.006958897,0.001772556,0.00973911,0.0039382,0.012507686,0.001356699,-0.00563446,-0.004839354,-0.006858855,-0.000824185,-0.00346395,0.008662715,0.01202351,-0.005707428,-0.008488376,0.002454916,-0.001343793,0.010064807,-0.001164649,0.004399555,0.017221022,-0.013915088,0.004263281,-0.01067082,-0.004620859,-0.009317786,-0.01324529,0.001928494,-0.002153314,-0.008063028,0.008334136,-0.001840927,0.003800276,0.021186642,0.00456349,0.005295895,-0.000410509,-0.006122381,-0.008239947,-0.006483601,-0.000916377,-0.003745521,0.004481222,-0.008849317,-0.003276872,-0.002681999,0.002559386,0.007686659,0.009635519,0.023676714,0.021838505,-0.001919945,0.004170944,0.000145978,-0.008385711,-0.014550195,0.012629489,-0.000553231,0.030119792,-0.011897105,-0.017592952,0.000506262,0.014967167,0.007298922,0.014331019,0.012872953,0.004774719,-0.029346325,-0.013854011,-0.005408098,-0.03492251,-0.001319449,0.01042597,-0.004018461,-0.004898325,-0.003603692,0.000289148,-0.000887874,-0.002843753,0.001327233,-0.010555077
/mnt/sdd/caltech_training/three_classes/train/002.Laysan_Albatross/Laysan_Albatross_0056_500.jpg,1,-0.000817281,0.000662228,0.002594053,0.002792008,-0.00067855,0.00237651,0.00561021,0.01844456,-0.000445733,0.008599833,-0.002794308,-0.003446531,-0.008097135,-0.001806236,0.009806857,-0.021470807,-0.005597171,-0.008072315,-0.004163212,-0.010861224,-0.01567079,0.00994376,-0.000531817,-0.01172915,-0.010690898,-0.012136621,0.002790817,-0.009955048,0.005283499,0.003800006,0.012217023,0.007831252,0.029415425,0.010296327,0.001592175,-0.001452351,-0.002386651,-0.024976673,0.012951096,0.005435668,-0.001049253,-0.015779924,0.02649668,0.010962347,0.02234032,-0.001818753,0.012792597,0.010778722,0.004955792,-0.004591301,-0.009616984,0.005978187,0.027775146,0.019751627,-0.002572172,0.002981123,-0.017326334,-0.014229907,-0.023755249,-0.018232659,-0.020084785,0.012946469,0.011237517,0.012888636,0.012113839,-0.004958826,-0.02404365,0.016221616,-0.03091732,0.009458463,0.025955262,-0.009805447,0.002375155,-0.002022276,0.011082689,0.019941293,0.002770079,0.007297945,0.003608336,-0.02892612,-0.010307737,-0.014927933,0.008129598,-0.021494854,0.017072055,0.011131701,0.015597092,0.006721689,0.009841131,-0.004568125,0.000599406,0.01846091
/mnt/sdd/caltech_training/three_classes/train/002.Laysan_Albatross/Laysan_Albatross_0025_571.jpg,1,-0.002823276,-0.001257974,-0.004835766,0.004074512,0.005043173,0.001986684,0.002745792,-0.003150518,-0.016702488,0.000833068,0.01123411,0.007016303,0.008790014,-0.000515185,0.000351541,0.016337648,0.018723298,-0.011595089,-0.011479133,-0.001231462,-0.007770356,-0.003202208,-0.00495701,0.000118394,0.012241332,-0.000657223,0.006114528,0.01201226,0.007266411,0.001046479,-0.00854422,0.011483893,-0.005321212,0.004915753,0.000752893,0.018308483,-0.015388528,-0.009382458,-0.002746851,-0.006467327,-0.006585165,0.016350102,-0.004160847,-0.001784388,-0.013046803,-0.007869669,0.017200768,0.004996761,0.023355097,0.00574534,0.003079273,-0.01000407,0.008808574,0.028841127,0.014613093,0.005140713,0.001993792,0.010428978,-0.019886645,-0.006100836,-0.009681523,-0.010250798,-0.000765394,-0.000580899,-0.009427575,-0.005307278,-0.005981133,0.004566088,0.007531864,0.011794481,0.022871807,0.00497431,-0.001636265,0.000229515,0.003841631,0.004280525,0.021021761,-0.000931385,-0.011769659,-0.039513722,-0.015923655,-0.009638561,-0.008029356,-0.017755117,-0.005555763,-0.017348418,0.006229594,-0.024265666,-0.010315506,-0.018872112,-0.017884288,0.000783255
/mnt/sdd/caltech_training/three_classes/train/002.Laysan_Albatross/Laysan_Albatross_0070_788.jpg,1,0.002866737,0.005103365,-0.001113467,0.006218546,0.001426085,0.000439778,0.004284704,0.001422081,-0.001182318,-0.00096474,0.00392743,-0.007316719,-0.005301783,0.00844675,0.004768504,-0.022018306,-0.018403567,0.01279061,0.006854633,0.011119867,0.006608666,0.001205511,-0.011764786,-0.003512107,0.000225402,0.001813332,-0.001443569,0.002051489,0.007792166,0.002640338,0.006014916,0.000148895,0.024930866,0.003943009,0.004142421,-0.006875211,-0.015169027,-0.020992115,-0.018522352,-0.002362008,-0.006107821,0.001305739,0.007243526,0.014647055,-0.000761126,0.002468348,0.004417592,0.005551005,0.006938856,0.009539926,-0.00391841,-0.011780365,0.01492657,0.008057228,0.01951225,0.023041785,0.001283566,0.031423133,0.024028767,0.05258684,0.03705965,-0.003710519,0.00696034,0.00182729,-0.005813738,0.021883665,0.008715835,0.022041464,0.012511204,-0.001723555,-0.009975095,-0.011428853,0.032290414,0.010883036,0.004839215,0.012439068,0.020958547,0.01273543,-0.018008074,-0.019809194,0.002707032,-0.010259087,0.011542223,0.003533257,0.002777736,-0.004119415,-0.011265196,0.018489879,0.001475673,0.009849487,0.006397692,0.023799993
/mnt/sdd/caltech_training/three_classes/train/002.Laysan_Albatross/Laysan_Albatross_0100_735.jpg,1,-0.002293645,6.32E-05,0.002588105,-0.008500773,-0.002447548,-0.000778396,-0.003245653,-0.001790488,-0.001507172,-0.000829009,-0.002669297,-0.008773775,-0.019851774,-0.011393698,-0.013387242,-0.03249008,-0.030772474,-0.000400942,-0.000409172,0.007444409,0.002198207,0.001136431,-0.001539454,-0.003888913,0.008065977,0.008118507,-0.007874664,-0.021362096,-0.011171401,-0.014910046,-0.008155663,-0.006990301,-0.001864569,-0.007453973,0.002292969,0.003357461,-0.021714509,-0.025698345,-0.019477002,-0.035764754,-0.02372346,0.003448165,0.016135756,-0.00442078,0.005962605,0.016158134,0.0025286,0.001697345,0.000733695,0.014818653,0.008022218,0.001233711,0.029995902,0.007580461,0.021188032,0.019986317,0.004001243,0.01171327,0.005990845,0.002562603,0.006926166,-0.013583661,0.01255189,0.014974007,0.010635408,0.007207289,0.006305068,0.026431669,0.022693649,0.030423803,0.003387427,-0.000737686,0.023480456,-0.008967781,-0.01843584,0.007384205,0.001670233,0.014518863,-0.005767941,-0.03137512,-0.008761406,-0.004796735,0.023320168,0.004542972,-0.002420554,0.021286558,0.03687997,0.009809779,0.008411844,-0.013878064,0.0041956,-0.010886343
/mnt/sdd/caltech_training/three_classes/train/002.Laysan_Albatross/Laysan_Albatross_0013_910.jpg,1,-0.003516582,0.000479351,0.001208089,-0.002921881,-0.001686035,0.00197609,0.001614476,-0.003618027,0.003155559,-0.005798355,0.00595391,0.004446075,0.000898945,-0.012390828,0.00624707,-0.018549167,-0.012845484,0.002238812,0.006935609,-0.013643903,0.004476097,-0.001587413,0.007284665,0.01438758,0.009202926,0.010767621,0.00145387,-0.010677697,0.014366552,-0.002077874,0.001599403,0.00904612,0.014343955,0.010533838,-0.003216541,0.001426808,0.005268511,-0.001724465,-0.013750892,-0.002618178,-0.011107983,0.004460024,0.020508831,0.023244472,0.009569034,0.003109752,-0.001028368,0.000731734,-0.005164961,-0.008963281,0.010450184,-0.003096621,0.028748445,0.001722771,0.002206029,-0.003052789,0.000340879,0.014389112,0.021417122,0.024417907,0.025052998,-0.001900446,0.011244415,0.01276125,-0.002484083,-0.002946719,-0.004416672,0.03034379,0.018750198,0.008481036,0.019885805,0.002360169,0.030409053,0.010317224,0.019059177,0.003717035,-0.006863786,0.018019544,-0.018111426,-0.011567571,-0.005733841,-0.003659437,0.003529309,-0.00518052,0.01371755,0.005617992,0.00779251,0.007693612,0.019270383,0.009239025,0.011838106,0.009630913
/mnt/sdd/caltech_training/three_classes/train/002.Laysan_Albatross/Laysan_Albatross_0060_777.jpg,1,0.002699826,-0.001386204,0.000587933,0.000256128,-0.005436622,-0.001736322,-0.002301213,-0.00128705,0.011599803,-0.004928161,-0.002070477,-0.002672776,-0.002766101,-0.005402566,0.006964759,-0.003378134,-0.00799602,-0.01675267,-0.012575958,-0.008851629,0.006331706,0.011926864,0.006018465,0.008244466,-0.005605266,0.003567292,0.009721805,-0.010742201,0.008299658,-0.008147604,-0.007451114,-0.008166296,0.007138072,0.011188141,0.006660381,0.003581286,-0.016529253,-0.012023493,-0.01295096,-0.023382457,-0.003172555,-0.001978674,-0.001704724,0.004395993,-0.006086281,0.003089505,-0.000161121,-0.001568042,0.026982732,0.02196312,0.014582866,-0.003164708,0.003294503,0.01289345,0.006631688,0.003304977,-0.011264585,-0.007669408,-0.011907597,-0.004816604,-0.016826207,0.017808765,-0.00192769,-0.009391803,0.007247688,0.022643982,0.028414678,0.006789057,-0.0111705,0.025971662,0.010767061,-0.039014906,0.022429802,0.011824405,-0.007502686,0.015365599,0.019831236,0.027386656,-0.005562156,-0.025633806,-0.008358235,-0.003834715,0.019156542,0.01707069,0.002121482,0.009579476,0.004463117,0.00107271,0.037569374,0.044268966,0.052891318,0.014913831
/mnt/sdd/caltech_training/three_classes/train/002.Laysan_Albatross/Laysan_Albatross_0006_702.jpg,1,-0.002241361,-0.001034586,-0.004090687,0.002004158,0.003908145,-8.90E-05,-0.010545805,-0.013825648,0.006127113,0.001674322,-0.006310606,0.003264183,-0.010038073,0.012552466,-0.014961146,0.004117302,-0.005724637,-0.010086255,-0.004914736,-0.008718329,-0.013918985,-0.011801211,-0.008027544,-0.004894445,-0.015204177,-0.010345383,-0.006555849,-0.007565073,-0.003262803,-0.004468388,0.00194214,-0.00304211,-0.005226377,0.001444778,0.001822449,-0.001649307,0.00112132,0.009182847,-0.009788165,-0.003235578,-0.002130329,-0.009304362,0.003678029,-0.002030321,-0.001190615,0.004616723,0.011975664,0.006738666,0.006073276,0.0113296,0.00994036,-0.026351932,-0.001247893,0.009943536,0.01206606,0.017774962,-0.006776304,-0.012369392,-0.008831644,0.010619924,-0.002687976,0.008843902,-0.006323917,-0.005504591,0.011281319,0.011104317,-0.01485223,-0.001070571,0.017101884,0.015609897,-0.00418474,0.004972471,0.009056222,0.026112316,0.019376744,0.012652536,-0.0045655,0.007462749,-0.022604048,-0.037479796,-0.024906628,0.00798328,0.01153049,-0.020759305,-0.004583994,-0.01137791,0.005197564,-0.003868928,-0.003190463,-0.005645287,-0.002369845,0.006259632
/mnt/sdd/caltech_training/three_classes/train/002.Laysan_Albatross/Laysan_Albatross_0092_834.jpg,1,-5.50E-05,-0.001182018,-0.002181729,-0.004580053,-0.000549115,-0.000640677,-0.001765854,-0.013366645,-0.007201958,-0.006840708,0.004404641,0.012764362,0.002003541,-0.014700758,0.004622977,-0.002089591,-0.004077239,0.013156251,-0.005928865,0.005471616,-0.023260731,-0.005867802,0.000151609,-0.004458976,-6.30E-05,0.007260885,0.002554588,-0.01606636,0.007850558,0.002574236,0.004038322,0.008958551,0.004614906,0.016384957,-0.000429446,0.004922614,-0.01605824,-0.01974714,-0.021362726,-0.016898576,-0.018017888,-0.009689704,0.003555711,0.012499147,0.005580907,0.014748223,-0.015250193,0.003933305,0.00343714,-0.006930607,-0.014585868,-0.015988022,-0.00137701,0.008050149,0.00718964,0.015497869,-0.006282477,-0.008178629,0.002408849,0.016351877,0.019773882,0.011729769,-0.003278228,0.014081234,-0.001516872,0.008036753,-0.007827576,0.016451241,-0.002054004,0.005991053,0.021348478,0.023902485,0.003228193,-0.005048376,0.012423891,0.02130786,0.026483119,0.002411474,-0.009516809,-0.003968775,-0.006548966,0.000483548,0.015330002,-0.003677324,-0.007681396,0.005585245,-0.008143207,0.005246303,0.015032636,0.012348732,0.018657874,0.013859574
/mnt/sdd/caltech_training/three_classes/train/002.Laysan_Albatross/Laysan_Albatross_0096_673.jpg,1,-0.000530607,0.002951607,-0.000165457,0.011822842,0.008190086,0.002877854,0.017904626,0.011907695,0.011066539,0.009792775,0.011955138,0.00753744,-0.001129231,0.005293013,0.000815158,-0.006763731,-0.004116982,0.001014788,0.011569484,0.008122474,0.007796463,0.013005924,-0.000654993,0.008962866,-0.005766613,-0.004852744,-0.004584737,0.008122964,0.00680038,0.000924427,0.002133593,0.01776445,0.025047723,0.013482994,0.026277948,0.011639578,-0.006619934,-0.018256288,-0.005887653,0.00406176,0.002307895,-0.004532797,0.016569814,0.04149419,0.014306402,0.016176857,-0.0094239,-0.012969234,-0.000958541,0.025082495,0.009172106,-0.015732579,0.019359646,0.019567996,0.006775222,0.012863593,0.019405082,0.023405474,0.0293055,0.017249838,0.012074447,0.012212024,0.008843903,0.027604863,0.029401675,0.036906175,0.019478753,0.005843846,0.016075669,0.01663066,0.024523027,0.0108512,0.011423362,0.011638681,0.012010012,0.02855692,0.012624942,0.015342524,-0.016889203,-0.026199777,-0.018707847,-0.015081558,0.023400243,0.001268086,-0.021115659,-0.008367866,-0.010807009,0.024474787,0.017462594,0.018395057,0.014698057,-0.003906362
/mnt/sdd/caltech_training/three_classes/train/002.Laysan_Albatross/Laysan_Albatross_0005_565.jpg,1,0.000145582,-0.001817911,-0.00024472,-0.008065161,-0.0098544,-0.000778576,0.004495658,0.003396503,0.01019287,0.002203937,0.003329151,0.003601595,-0.005273337,0.012873406,0.008130674,0.004532383,0.002202489,-0.016253542,-0.012799512,-0.014521276,0.004275537,0.007130757,-0.012023279,-0.005848475,-0.005835646,0.001119712,-7.41E-05,-0.003412163,0.008880053,0.003983434,0.004679451,0.010833625,0.009249168,0.020826587,0.011356339,-0.003977911,0.010949872,0.014299625,0.01881894,-0.011961977,-0.008005886,-0.016724393,0.018336084,-0.008450163,-0.012925843,0.006329594,0.003846453,-0.005761362,0.000584766,0.001593831,-0.001358711,-0.009474088,-0.016240232,0.005929571,0.011406448,-0.002064489,-0.00449737,-0.005346578,0.004723845,-0.008912452,-0.010532934,-0.001703033,0.0013408,0.005591509,-0.004186543,-0.00888997,-0.035737455,-0.014455892,-0.026615243,0.006478345,0.009783493,0.022033174,-0.02366476,-0.0174457,-0.014287725,0.010912662,0.017595714,-0.019345999,-0.013953382,-0.019376978,-0.008069655,-0.010183927,-0.013552116,-0.002568927,0.015836002,0.010537021,0.010939047,-0.03108075,-0.011701584,-0.000678043,0.001376521,-0.001949806
/mnt/sdd/caltech_training/three_classes/train/002.Laysan_Albatross/Laysan_Albatross_0104_630.jpg,1,-0.00139206,0.000106199,0.00053748,0.010138191,0.01068933,-0.000879551,0.009138064,-0.003175462,0.002237059,-0.000249327,-0.008107898,-0.00165326,0.0041513,0.007192267,0.008136687,-0.011003829,-0.006869967,-0.001505007,-0.006934241,-0.014404726,0.008170046,0.001841283,-0.011723815,-0.003154992,0.005919013,0.011415379,0.005408457,0.007376943,-0.000503217,-0.005554489,0.002853436,0.02244777,0.016212285,-0.008110153,0.008105775,-0.00873891,-0.01903729,-0.007939292,0.009887875,-0.001719845,0.005977884,0.027979614,0.005558644,0.005514755,-0.001875308,0.004152077,-0.001869361,-0.034702547,-0.043600805,-0.019225374,-0.005919975,0.017899845,0.008122546,0.007810014,0.001807161,0.012063158,-0.002362198,-0.015114755,-0.004969874,-0.012358433,-0.025502935,0.018058334,0.001740903,0.005259316,0.007806165,0.009727237,-0.012706757,0.013471751,-0.021460336,-0.012756876,-0.002394004,-0.046260353,0.014515547,0.005250416,0.017636968,0.004303114,0.001432713,0.011934252,-0.00746863,-0.008362244,-0.015174919,-7.55E-06,-0.000140523,-0.004012593,0.001261804,0.019548422,-0.00278464,0.001112209,0.001722482,-0.000991815,0.00613928,0.007935682
/mnt/sdd/caltech_training/three_classes/train/002.Laysan_Albatross/Laysan_Albatross_0049_918.jpg,1,-0.000708721,0.000615604,-0.000903145,-0.013987456,-0.01530282,-0.000867932,0.002447569,0.002070704,0.000954671,0.001851778,-0.007780602,0.001702023,-0.0023019,-0.005788175,-0.002964505,-0.010492014,-0.009197042,0.004505407,0.006407393,0.002036166,-0.002113603,0.001990508,-0.001155877,0.00756977,0.002707173,0.002695816,-0.003770046,-0.001727006,0.000555023,-0.000981079,0.002531726,0.003524364,0.006171034,-0.004599847,-0.005445533,0.008922356,-0.004350409,-0.007426553,-0.00060116,-0.005496086,-0.014511231,0.001873845,0.004635978,-0.009298544,0.004049993,0.006468277,0.007260396,0.00365419,0.006897574,-0.003433758,-0.000585383,-0.009327851,0.003594434,0.032473933,0.03517679,0.019706782,-0.024913305,-0.008743115,-0.007447039,-0.024825824,-0.0123828,0.001743575,-0.006086755,0.010583958,0.011608327,-0.011957318,-0.013528502,0.000124841,0.019188952,0.014667702,0.021270078,0.001392267,0.022502994,0.00946107,0.004781997,0.012896741,0.017748814,0.011991952,-0.005804559,-0.0315903,-0.02065314,-0.010203207,-0.001178443,-0.003069026,0.010508865,0.023698129,0.03292353,-0.005092834,-0.00110462,0.005693592,0.004292641,0.012371362
/mnt/sdd/caltech_training/three_classes/train/002.Laysan_Albatross/Laysan_Albatross_0075_668.jpg,1,-0.0035397,-0.001935067,-0.003339692,0.000886771,0.000721346,0.002409223,0.003458311,-0.004641721,-0.03154351,-0.006604668,0.000270695,0.001464175,0.001636001,0.012252642,0.005241423,-0.015779013,0.006697252,0.011130603,0.012329651,0.000880159,-0.006478325,-0.002272682,-0.006099582,-0.002104689,-0.006701652,-0.00280374,-0.006984968,-0.010852281,-0.002508541,-0.00720029,-0.012092284,0.003905509,0.008526084,-0.003984838,0.001793805,-0.005004243,0.02328219,0.01288474,0.02392615,0.023666497,0.001908433,-0.006109856,0.009720957,0.00943495,0.010029365,0.007664696,-0.00553406,0.006290759,0.01314337,-0.004082933,0.007215874,0.024063926,-0.003908116,0.01356031,0.025124673,0.016348926,-0.000858788,0.006559218,0.001597985,-0.003344026,0.004834531,0.016385185,0.008692356,-0.000431366,-0.004463023,-0.000949963,-0.007894709,0.0161987,0.004566784,0.001325283,-0.013030028,-0.049232997,0.012544434,0.005645034,0.006445256,0.032644767,-0.001658333,0.006347379,-0.01229998,-0.024352353,-0.009020988,-0.006963853,0.007111276,-0.006072021,0.00782518,0.001396879,0.007308342,-0.00500506,-0.014635569,0.002328335,-0.001065155,0.017552871
/mnt/sdd/caltech_training/three_classes/train/002.Laysan_Albatross/Laysan_Albatross_0079_506.jpg,1,-0.001145882,0.000264212,0.000314744,0.0064921,0.011410686,0.000705045,0.00342349,0.013451773,0.007911979,-0.004091241,0.00020357,0.002653664,0.000378721,-0.005201511,0.014895718,0.01585281,0.010998003,-0.008355291,-0.000617981,-0.012701671,0.000711653,0.001040303,-0.000726121,-0.002710936,-0.003451087,0.004657929,0.001814841,0.006348639,0.001527658,0.004909722,0.007058624,-0.014231745,0.005113564,-0.011980078,0.002049726,0.006882537,-0.007682833,-0.006894256,-0.007620812,-0.004920056,0.005975819,-0.00949318,-0.002644526,0.000801213,-0.018980756,-0.009233215,-0.004409197,-0.003359482,-0.006250741,-0.02346023,-0.00581249,0.0167023,0.002168356,-0.001969487,-0.01236805,-0.007602633,0.003421311,0.001731616,-0.000583001,0.002452329,0.000570429,-0.002420592,0.005485535,0.025816554,0.017846081,0.021646837,0.002771251,0.008224711,-0.005935326,-0.012159075,0.018857457,0.004714609,-0.007129082,0.02291599,0.012405336,0.02082042,0.016757403,-0.006316328,-0.007390806,-0.032000203,-0.005083095,-0.011363678,-0.008928825,-0.00602559,0.010346578,0.011614194,-0.004394958,-0.008230066,0.007886888,0.000750937,-0.004340851,-0.007306299
/mnt/sdd/caltech_training/three_classes/train/002.Laysan_Albatross/Laysan_Albatross_0094_1013.jpg,1,0.001501551,0.000630695,0.003273652,0.007791026,0.008283056,0.00148943,0.002919321,-0.012533245,0.02797795,0.007688284,-0.006760252,-0.011056391,-0.01622134,-0.001551676,-0.009617645,0.000875772,-0.004345155,0.002687496,-0.007238552,-0.006816072,-0.026809841,-0.016455024,0.011626853,0.002346544,-0.005504097,0.004228161,0.003346837,-0.0189001,0.006378712,0.003482242,0.005770657,-0.004244057,0.003161238,0.008838778,0.01222914,0.008335149,-0.058996573,-0.04881824,-0.04832208,-0.052731615,-0.04878399,-0.019551683,0.011319363,-0.00969968,-0.006210646,0.009563727,-0.02092266,-0.014659417,-0.011891504,0.004041015,-0.008091329,-0.015656445,-0.000653518,0.002765945,0.011239902,0.006666853,-0.007909413,-0.018456213,-0.044675484,-0.023323804,-0.027663194,0.005391904,0.002797214,0.010264212,0.002599716,-0.004222581,-0.021792404,0.018504268,-0.00119151,0.014887812,0.044311423,-0.02658828,-8.79E-05,0.000977512,0.0040571,0.015298272,0.00956567,0.01408239,-0.015230404,-0.026799379,-0.014204642,0.002638074,0.000579649,0.00493189,-0.008007281,-0.018562201,-0.001460874,0.000407228,0.008296378,0.005698397,0.01648474,0.018889911
/mnt/sdd/caltech_training/three_classes/train/002.Laysan_Albatross/Laysan_Albatross_0018_492.jpg,1,0.000458783,0.002645279,0.000758878,-0.015344427,-0.021820717,-0.003745997,-0.010706231,-0.019089518,0.001102025,0.001924449,-0.001528175,-0.002926609,-0.00176046,-0.023072718,-0.007633246,-0.000178076,-0.007531889,-0.00390291,-0.00234171,-0.005149203,-0.029096134,-0.001640492,-0.004075178,-0.021098891,0.001492116,-0.0003673,-0.000541547,-0.03475336,-0.001904355,-0.009554723,0.003662741,0.000778832,-0.000127945,-0.019367076,-0.011474245,-0.001884133,-0.018130966,-0.046217572,-0.02968223,-0.0345269,-0.029528424,0.000652986,0.009391595,0.012643211,0.002751206,-0.004063772,0.001430854,0.017078593,0.02665827,0.01611469,0.016111774,-0.008893717,-0.003228223,0.019751899,0.008889822,-0.0005331,-0.001294826,0.000772511,-0.004179196,0.004529493,0.006546921,0.021859689,0.002056269,0.015730899,0.01389122,0.003225712,-0.004504937,-0.002665384,0.021055687,0.0174521,-0.016182153,-0.04532005,-8.01E-05,0.018051865,0.02228095,0.003033433,0.014684979,0.002194308,-0.011131769,-0.018604668,-0.00148095,-0.002300239,0.003075631,-0.022207992,0.001843601,-0.01191009,-0.017190346,0.001803585,0.009513827,0.003080742,0.004957669,0.021983352
/mnt/sdd/caltech_training/three_classes/train/002.Laysan_Albatross/Laysan_Albatross_0047_619.jpg,1,-0.002736677,-0.003298553,-0.005858683,-0.00461241,-0.007805254,-0.004480773,-0.000703848,0.001732885,-0.025106052,-0.008843862,0.004107728,-0.005725073,-0.000682635,-0.008514195,-0.003781928,-0.005901628,-0.001501016,0.001945166,0.007118357,0.001251238,-0.004962765,0.002522488,-0.004658139,-0.002070716,0.003853403,-0.000325168,-0.002735099,-0.015033722,-0.0092024,9.14E-06,-0.001812151,0.013581567,0.004814559,0.000231554,-0.009118998,0.000771251,-0.001040337,-0.014001722,-0.015186559,-0.007491937,-0.010828069,0.0053762,0.009347304,-0.005928087,-0.007132326,-0.013514002,0.014535941,-0.004718788,-0.000820849,-0.000912287,0.000960028,0.000468235,0.00504215,-0.005387694,-0.002944937,0.001692251,0.01727627,0.011469219,-0.015634773,-0.008766623,0.000542759,-0.000907837,-0.001687449,0.01595531,0.01425105,0.004339493,-0.002241018,0.008728282,0.012094257,-0.008541847,0.016653765,0.01706314,-0.011991764,-0.011150421,-0.035404243,0.00370353,0.008447205,-0.011476696,-0.013582255,-0.034128956,-0.01514034,-0.036156498,0.00293486,-0.003604489,0.00447457,0.025648266,0.012025215,0.006410589,-0.01178699,-0.00343322,0.004445796,0.003363136
/mnt/sdd/caltech_training/three_classes/train/002.Laysan_Albatross/Laysan_Albatross_0050_870.jpg,1,-0.000102566,0.003165706,0.001783845,0.002063216,0.004236676,0.005071845,0.008153665,-0.003035866,0.014002751,0.006205301,-0.001151906,0.006917303,0.008786935,-0.002025886,0.010920067,0.010475327,0.000410294,-0.011000671,-0.004233246,0.00420574,0.001713052,0.012269788,0.003201505,0.013015511,0.01579946,0.007501946,-0.002387906,-0.007842522,0.000957646,-0.002711261,0.009994874,0.008955664,0.021627542,-0.0099975,0.011413076,0.009261801,-0.028924143,-0.03056582,-0.019333076,-0.027100114,-0.03148248,-0.005427582,0.024903785,0.008113629,0.01319044,0.003536399,0.004130662,0.021944825,0.040487077,0.02431836,0.019071028,-0.019203898,0.008153957,0.01113994,0.02871304,0.024531636,0.005769328,0.016856274,0.009783436,0.013571087,0.012892963,0.027754966,0.01766522,0.013399126,0.005919129,-0.004766905,-0.010642974,0.021842768,0.006222324,-0.010882103,-0.002718349,0.014685659,0.023110343,0.014779136,0.017258346,0.011571796,-0.00620259,0.026250454,-0.009643194,-0.021789595,-0.007101597,-0.005360278,0.01154206,-0.007072429,-0.006570588,0.001129592,0.016380947,0.013380464,0.00241035,-0.002512198,0.01217487,0.007914458
/mnt/sdd/caltech_training/three_classes/train/002.Laysan_Albatross/Laysan_Albatross_0044_784.jpg,1,-0.001330868,-0.000162572,-0.001351095,0.00891478,0.011977306,0.004416345,0.00107751,-0.006262747,0.000892228,0.004527393,0.001537941,-0.004625237,-0.009592251,0.014075115,0.004604338,-0.011640377,-0.009666195,0.009111108,0.002885644,-0.001257079,-0.005514317,-0.003673559,-0.010545562,-0.014332209,-0.004155882,0.004307966,-0.001424395,-0.004811034,0.006059515,-0.01267887,-0.001571642,0.007914836,-0.014604467,0.007926978,-0.001807447,0.007411507,0.003906547,-0.01196103,-0.000750335,-0.00270552,-0.009791886,0.004026919,0.004261465,0.01218558,0.011559077,0.003186606,-0.015957981,-0.013934312,-0.012269744,-0.008484568,-0.024425033,-0.02051151,-0.018992318,0.008020776,0.012903621,0.014645327,-0.001974152,-0.010100313,-0.015485929,0.001626178,0.00063852,0.029089244,-0.014038905,-0.003357213,-0.010860439,-0.010548072,-0.020206142,-0.004270345,0.007001768,0.035822727,0.017533805,0.003086231,0.019613719,0.005786534,0.001858647,-0.00453934,-0.003324657,0.020824518,0.024375886,-0.005767185,0.017451704,0.016384369,-0.000684901,-5.11E-05,0.02529153,-0.003360127,0.01311094,-0.003253263,0.006518778,0.018510964,0.001832549,0.000242542
/mnt/sdd/caltech_training/three_classes/train/002.Laysan_Albatross/Laysan_Albatross_0023_1059.jpg,1,-0.004422656,-0.001551019,-0.001584198,0.007041608,0.001021319,0.000118869,-0.005300006,0.001109126,-0.011944748,-0.005345627,-0.002620529,-0.002684334,-0.001257104,-0.016573435,-0.006449729,-0.02520102,-0.01164437,-0.008817534,-0.001431353,-0.002067422,-0.007642241,-0.00391429,0.000469877,0.000376928,0.00055024,-0.002547611,-0.000808565,-0.012131311,-0.005691014,0.010498378,0.004398414,0.000392127,-0.015331605,0.002608715,-0.004698421,0.000821087,-0.031860184,-0.03352494,-0.019807097,-0.041527934,-0.016366798,-0.004817237,-0.003285475,-0.00206595,0.007102983,-0.002247051,-0.010660147,-0.011283469,-0.029603671,-0.003101562,0.004327133,-0.001830522,-0.008149609,0.004906906,-0.011480557,0.000443663,-0.011219334,-0.007529362,-0.002712115,-0.001957507,0.007249935,-0.006756917,-0.010570668,0.00637129,0.011613857,0.006067862,0.008960914,-0.002549648,0.027931375,0.037274946,-0.002449017,0.013504451,-0.011808991,0.00381524,0.003413226,0.014283783,0.012760329,-0.009118062,-0.007053522,-0.009813728,-0.013626056,0.003524871,0.011440467,0.002906533,0.009338254,0.003994566,-0.002308089,0.003848007,0.01518167,-0.000272455,0.015508685,-0.002619278
/mnt/sdd/caltech_training/three_classes/train/002.Laysan_Albatross/Laysan_Albatross_0034_628.jpg,1,0.000120111,-0.001070633,0.000321727,0.014195925,0.009185167,0.003556209,0.012102717,0.022926927,0.008230912,0.005387075,0.019299332,0.015106724,0.009632697,-0.006742489,0.018854529,0.022414837,0.007391864,-0.002642044,-0.000523924,0.004863976,-0.005736894,0.005005097,-0.003665231,0.007387662,-0.003930232,0.002511417,0.003829935,0.008111799,0.00864823,-0.00679112,-0.003253437,-0.007118115,0.019823367,-0.009644236,-0.004972767,-0.000819162,-0.007303512,0.007755075,-0.000597759,0.011977477,-0.003465194,-2.93E-05,0.012952793,-0.001043004,0.012261912,0.00476947,-0.005207496,0.002786987,-0.002891795,-0.01387297,0.005025278,0.010246931,0.010682057,0.013923836,-0.000204111,-0.002039904,0.002766816,0.000347748,-0.009176267,-0.01820549,-0.013007049,0.001882817,0.003734965,0.017746162,0.000538154,0.010772371,-0.00142907,-0.00793026,-0.006337295,-0.047253594,0.014724842,-0.010722764,-0.021714713,0.001641518,0.005582568,-0.002538012,0.012341014,-0.009436471,-0.01941292,-0.042732395,-0.012833277,-0.019534122,-0.004519871,0.010871008,-0.015257299,-0.00365201,0.008911723,-0.010519015,0.009071553,-0.009413636,-0.002910112,0.013987899
/mnt/sdd/caltech_training/three_classes/train/002.Laysan_Albatross/Laysan_Albatross_0098_621.jpg,1,0.002648401,0.002058216,0.002040744,0.008403366,0.004985563,-0.004123416,-0.007123917,-0.007161927,-0.007490666,-0.008686755,0.003435553,0.001249474,-0.010850972,-0.00482328,0.016586509,-0.009104041,-0.013051181,-0.002749933,-0.01147741,0.004042032,-0.003279383,-0.01546759,-0.010811359,0.005768268,-0.008620476,-0.007837149,-0.008260556,0.002554556,-0.004436853,-0.013109684,-0.003366724,-0.013128497,0.004644825,0.010908613,-0.005996772,-0.003297223,-0.017578075,-0.040913645,-0.022990767,-0.020214953,-0.01845371,-0.008135362,-0.011362514,0.012371119,0.008371406,0.006064249,0.000607608,-0.011751888,-0.009569783,-0.01903572,-0.005425778,-0.030217536,-0.00083723,-0.008561201,-0.007820857,-0.010976948,-0.005892557,-0.006892914,-0.028278405,-0.018335737,-0.021773499,0.001656544,-0.004082802,0.008051116,0.013218392,0.009013042,-0.014584608,-0.012350414,-0.01044588,0.02657964,0.017224625,-0.006104392,-0.00617512,0.014442688,0.000628659,0.010521485,-0.007794515,0.001024742,0.006432583,-0.007108798,-0.007133542,-0.004885281,-0.005402237,-0.017975425,-0.000246383,0.009985356,0.015708202,0.004326386,-0.003744412,-0.004493227,-0.004843154,-0.002722383
/mnt/sdd/caltech_training/three_classes/train/002.Laysan_Albatross/Laysan_Albatross_0053_543.jpg,1,0.006209983,0.005716028,0.002082484,-0.007501919,-0.007479695,-0.001506106,-0.012727451,-0.004756886,-0.036344424,-0.004552174,-0.003830473,-0.012677316,-0.008097744,-0.009838999,-0.011953684,-0.016134992,-0.023563273,0.001348252,0.000800791,0.002998376,-0.007126626,0.010242,0.001674172,0.003882607,-0.003510494,-0.003432768,-0.006557194,-0.009249638,0.001944813,-0.000339648,0.001346105,-0.008094972,0.0141536,-0.03231803,-0.012378686,0.002166813,0.002969188,-0.001012503,-0.002120595,-0.009622775,-0.00255984,0.028344726,-0.00270645,0.019022582,0.019247264,0.006660851,-0.000602306,-5.62E-05,0.012839182,-0.006777392,-0.013526033,0.014154512,0.021290708,0.004113232,0.023206905,0.016527202,-0.006672845,-0.002715222,-0.013136658,0.006289389,-0.009350745,0.016414883,0.013231605,0.003385908,-0.004872471,-0.01699657,-0.016629413,0.012099734,-0.007997019,0.00287029,0.0227203,-0.014828401,0.001969728,0.010566804,0.010000177,-0.0038399,-0.002198532,-0.000465505,-0.027053062,-0.033620857,-0.027637258,-0.007813323,-0.005005348,-0.000696314,0.004262035,0.004412117,0.02054156,0.002072544,0.00222217,0.007334285,0.010990246,0.007616755
/mnt/sdd/caltech_training/three_classes/train/002.Laysan_Albatross/Laysan_Albatross_0088_883.jpg,1,-0.000251585,-0.000912438,0.001326926,0.011386542,0.00904129,0.000456146,0.007348223,0.018827818,-0.005631823,-0.00820448,-0.003286348,-0.012079258,-0.000691524,0.002725527,-0.000870382,0.01233523,0.004516002,0.008315033,0.010992814,0.014798244,-0.018452588,-0.003548177,0.010111282,0.008728286,0.012423934,0.010503537,-0.003111809,-0.010278003,-0.003773478,0.004260156,0.002308776,0.008097271,0.007587776,0.008255724,-0.008532596,0.000982985,-0.0323264,-0.009481617,-0.013481199,-0.004783043,0.009595959,-0.010151037,0.017965406,-0.012628881,-0.006444275,0.009366837,-0.00911898,-0.009338701,-0.01386494,-0.004618717,-0.001115899,-0.009464552,-0.003225234,-0.006599688,-0.006541369,0.006643442,-0.019841135,-0.003095945,0.011437826,0.018381845,0.000175982,0.017976433,0.010064263,0.003501349,0.011182001,0.02003894,0.03331902,-0.002047791,-0.004005246,0.04723604,0.027286505,-0.005094563,-0.000812381,0.010046753,0.02258217,0.01532244,0.014057023,0.002970937,0.005513385,-0.02191899,-0.007795443,-0.001589418,0.006516683,0.0134372,0.006345321,-0.003610229,-0.017034376,0.013055325,0.012936398,0.009419731,0.004602619,0.003280232
/mnt/sdd/caltech_training/three_classes/train/002.Laysan_Albatross/Laysan_Albatross_0029_482.jpg,1,0.00621235,-0.001460342,-0.001307311,0.005894535,0.00028709,0.000805698,0.001506122,-0.003871212,-0.003627352,-0.00591613,0.011793969,0.006152783,0.005646993,0.00521565,0.010016305,0.000449507,-0.00451728,-0.001802095,-0.001389699,-0.00393638,0.003221855,0.017995138,0.011237894,0.000195522,-0.010141424,0.000649194,0.007804516,0.007973542,0.004927264,0.010189807,0.002784385,0.01299385,0.010711588,0.01310507,0.009999425,0.015893964,0.015695449,0.005147354,0.00267917,0.017699467,0.008834703,-0.003200099,0.009717487,0.005527832,0.014038364,0.001502702,-0.006295142,-0.007049535,-0.002550813,-0.012387018,-0.014611059,0.010808488,0.004215601,-0.014616141,-0.003252464,-0.006407543,0.018676497,0.02029816,0.02604061,0.02295141,0.015565526,0.020957265,0.006944624,0.018905655,0.007177231,-0.009780221,-0.018169789,0.0157265,-0.00175724,-0.001858162,0.024202226,0.011923617,0.013028622,0.003062991,0.003611769,0.00613549,0.002938602,0.014725349,-0.014897199,-0.020214647,-0.011058382,-0.003343731,0.014104041,0.013227731,0.002721809,0.012952192,-0.000335306,0.019470183,-0.001658878,0.002924765,0.003929945,0.010589194
/mnt/sdd/caltech_training/three_classes/train/002.Laysan_Albatross/Laysan_Albatross_0103_504.jpg,1,-0.000304201,0.001017573,0.003239431,-0.006391893,0.001627497,-0.001199747,0.003917198,0.015375771,0.00357066,0.012687189,0.003969041,0.005048593,0.003106834,0.004730457,0.00401303,-0.002774545,-0.006020313,0.003371757,0.00558964,-0.007875517,-0.007780803,-0.003617138,0.00276331,-0.003785085,0.000842297,0.000947414,-0.003966497,0.003471119,0.005929634,-0.000313936,-0.006226682,-0.008056121,0.003854305,0.002360841,0.004650725,0.00434808,-0.015406465,-0.005412197,0.003121385,-0.00471147,-0.004740499,0.001774755,0.01135488,-0.011788543,-0.002176208,-0.001806611,-0.019642163,-0.007504793,-0.013343034,-0.0044051,-0.009352094,-0.001812263,0.008216706,0.011301653,0.007840986,0.00659505,0.008922296,0.007538825,-0.020009909,-0.014176562,-0.016211491,0.03164185,-0.002728915,0.008093338,0.013501741,0.021085609,0.003569415,-0.001179941,-0.012009779,0.00256633,0.038947247,0.005378194,-0.00731933,0.00642832,-0.004013884,0.006416632,-0.010181678,-0.005249258,-0.031315114,-0.025783747,-0.016708428,0.00385781,0.014038322,0.014223166,0.017906431,0.00193854,0.005897059,0.004463614,0.003896541,0.016456762,-0.002589018,0.007391838
/mnt/sdd/caltech_training/three_classes/train/002.Laysan_Albatross/Laysan_Albatross_0055_570.jpg,1,-0.001620092,-0.001029755,-0.001792648,-0.018376872,-0.015392402,-0.003334178,-0.007410308,-0.011096532,0.001381609,-0.008568365,0.002180067,0.003702467,0.001014918,-0.008331427,-0.005345997,0.014138193,0.012001378,-0.007603738,-0.010639411,-0.002708488,0.001745111,-0.013855984,-0.007239538,-0.001047136,-0.007297168,-0.008716,-0.013402794,4.34E-05,-0.009181971,0.010378829,-0.00456954,-0.013054842,-0.014927175,0.008201291,0.012662081,0.002595611,0.005242004,-0.016157465,-0.005342555,-0.027416829,-0.006463596,-0.02409446,-0.005624782,-0.002941,0.011306292,0.001274372,-0.007630427,0.008907822,-0.003781895,-0.013866533,-0.01612772,-0.02712334,-0.009520041,-0.004695226,-0.001441134,-0.00506019,0.009538317,0.025266742,0.026974011,0.019066498,0.02568774,0.0106925,-0.001675466,-0.003162502,-0.005949074,-0.011334997,-0.029955925,-0.001299216,-0.013529469,0.004197171,0.025023414,-0.002257557,0.003158381,0.012193488,0.011881428,0.02896275,0.025688242,0.002289291,-0.005662758,-0.007307199,-0.006334975,0.02388551,0.005813492,-0.017281143,0.007132649,-0.000592736,0.006563894,-0.008320227,0.012471961,0.013134073,0.000366573,0.009364221
/mnt/sdd/caltech_training/three_classes/train/002.Laysan_Albatross/Laysan_Albatross_0002_1027.jpg,1,-0.005098074,0.001522112,0.001578282,0.003410048,0.002368145,0.001814726,0.014799213,0.00592261,0.00424028,0.003630314,0.004688578,0.001659673,-0.006915352,-0.010670403,0.01198007,0.000333928,0.00370193,-0.002641164,-0.003114042,-0.004058563,0.007441353,-0.002348705,0.000213811,-0.005522844,0.006117649,0.01543667,0.00724378,0.009648296,0.005726643,-0.001743461,-0.00099726,0.005964449,0.002465652,0.001831365,-0.001597439,-0.00421778,0.010662777,0.020803027,0.022738913,0.015470977,0.003912711,-0.001363977,-0.000358947,-0.005643026,0.004833047,-0.006845381,-0.003770459,0.001867857,0.00102829,-0.01712858,-0.01627946,-0.000293084,-0.003040137,0.019732695,0.03029824,0.025052082,0.001597644,-0.005692721,-0.000485339,0.00424171,-0.01664823,-0.016953595,-0.010277848,0.001841445,-0.008907639,-0.019930447,-0.029836703,-0.003317096,0.004936214,0.014421358,0.024786305,0.022364363,-0.008823906,0.02117214,0.0255315,0.005777471,0.02208582,-0.005454418,-0.011165159,-0.022162242,0.002878863,0.018994961,-0.011445513,-0.007322873,-0.001647115,0.012196682,0.008068337,-0.00864403,-0.002847956,0.000340189,0.008206057,0.017255861
/mnt/sdd/caltech_training/three_classes/train/002.Laysan_Albatross/Laysan_Albatross_0039_924.jpg,1,-0.000687006,0.000807692,0.000211665,0.006411729,0.013274282,0.002196906,-0.00506973,-0.024706181,-0.002637041,0.002240953,-0.006015372,-0.009150406,-0.006119029,-0.007393873,-0.014411164,-0.021602865,-0.012431929,0.005149904,-0.000200479,0.003281649,-0.011369692,-0.005098401,-0.010644274,-0.004871673,-0.002938701,0.001138942,-0.003116797,-0.02625025,-0.00657458,-0.000685421,0.001081051,0.003387161,-0.009295143,0.005761755,-0.004849582,0.005748713,-0.009072231,-0.026579738,-0.017080305,-0.018608687,-0.003853485,-0.007635322,-0.008694909,0.012796594,0.004263606,0.000594598,-0.003466253,0.005924123,0.016564297,0.004853996,-0.004585777,-0.010613164,-0.007753011,-0.004375828,-0.005051612,0.003352819,-0.018987328,-0.017257404,-0.018433997,-0.017859014,-0.024212526,0.0103321,-0.007647512,-0.004595991,-0.020836394,-0.009795011,-0.029888596,-0.005315196,0.015262658,0.023233902,0.026511911,0.038944483,-2.73E-05,-0.011156243,0.009943867,0.009249545,-0.002925843,0.000488709,-0.00010756,0.006698222,0.013077902,0.012887636,-0.01861513,-0.011358386,0.009230341,0.003405,0.004042932,-0.018613722,-0.018038642,-0.02046566,-0.006840405,0.001856451
/mnt/sdd/caltech_training/three_classes/train/002.Laysan_Albatross/Laysan_Albatross_0071_792.jpg,1,0.001579127,0.003860495,0.00061044,-0.002199105,-0.003568353,0.001400582,-0.000274301,0.000540677,0.008016441,0.005692866,-0.004783337,0.003367794,0.010892244,0.00704707,0.005306082,-0.002387514,-0.002553746,-0.004528781,0.003666371,0.003188213,-0.001026451,0.0040543,0.000499988,0.004034692,-0.002553091,0.008043571,0.000350238,0.001574824,0.006092039,-0.011056849,-0.010484392,-0.006293938,0.001093851,-0.003093874,-0.0204295,-0.001886435,0.014035722,0.018249525,0.03457036,0.04177705,0.023772359,-0.002213158,0.025711581,0.010028451,0.011362119,0.003737602,-0.00977209,-0.02115886,-0.008287082,-0.026053417,-0.028231835,0.00979811,0.006412106,0.013132077,0.013180045,0.016696539,-0.000436673,-0.015014183,-0.012856699,-0.000734605,0.004130187,0.016312853,0.005779292,-0.026770499,-0.00212015,-0.016226564,-0.018390518,0.007830543,0.016360363,0.02313821,0.01615626,-0.017301876,-0.008155203,-0.005152796,-0.004298883,0.013574758,0.005782831,-0.004624295,-0.022631232,-0.025598098,-0.01655052,0.0067938,-0.011312287,-0.016191201,0.006510181,-0.01271903,0.006007334,-0.007950397,0.004160747,-0.000165918,0.007135526,0.020049974
/mnt/sdd/caltech_training/three_classes/train/002.Laysan_Albatross/Laysan_Albatross_0064_674.jpg,1,-0.000816201,-0.001404348,-0.002099837,0.012198003,0.013269583,0.001426199,0.003057408,-0.000134801,-0.012153916,-0.008748353,0.006346463,0.002233755,-0.001764305,0.001190462,-0.005256909,-0.015615864,-0.003287627,-0.005057381,-0.005506562,0.002305812,-0.002268839,-0.000527869,-0.008764058,-0.001009635,-0.008298678,-0.009778233,0.006521894,-0.007066005,-0.008308671,0.002740526,-0.014799167,-0.015697835,0.001966718,0.004287547,0.004660624,0.001404016,-0.030658146,-0.026876904,-0.04497209,-0.02209789,-0.01969991,0.00028962,0.005791681,-0.014923586,-0.024543758,-0.016677605,0.009135539,-0.006795349,0.008509144,0.010553477,0.005028828,-0.000804292,-0.001720822,-0.013123933,-0.011553177,0.01667393,-0.009471171,0.001148809,-0.000243823,-0.011620714,-0.007957109,0.00188493,-0.003379817,0.01657512,0.010777815,-0.002662688,0.011578878,0.00306983,0.009840776,-0.008588252,-0.014289387,0.000847411,0.004907315,0.004572176,-0.012315381,-0.004561888,-0.003027736,0.014635636,-0.013625165,-0.018879596,-0.010882886,0.000446849,0.009901398,0.008673226,0.003216208,-0.008954514,0.016375462,0.010931486,0.023368765,0.009708351,0.004331582,0.004306295
/mnt/sdd/caltech_training/three_classes/train/002.Laysan_Albatross/Laysan_Albatross_0081_800.jpg,1,-0.002181156,0.000667366,-0.000163493,0.005141306,0.006421324,0.002756413,0.005322617,0.007659587,-0.009296456,0.008407631,0.006239297,0.00375667,0.006524945,-0.005021781,0.016725432,0.006850343,-0.001996774,-0.014662503,-0.002154611,0.006097728,0.006754849,0.01727264,0.017454699,0.010423476,0.008590661,0.004341469,0.002226208,-0.00082612,0.01545289,-0.000943582,-0.001280484,0.031894933,0.026963644,0.02730639,0.015770547,0.006084116,-0.011746621,-0.02706286,-0.005229001,-0.005677906,-0.001901684,0.000818429,0.025097033,0.023951378,0.022657633,0.016647259,0.005424602,0.007076738,0.014075376,0.018117573,0.007668199,0.015768012,0.004261547,0.02275825,0.014047299,0.021355372,0.013506936,-0.015519379,-0.009537412,-0.014409911,-0.01130905,0.042672098,0.008674162,0.007759097,0.023839273,0.003894324,-0.014080606,-0.015167641,0.02039044,0.022879934,0.006677077,-0.001636947,-0.000283197,0.000619823,0.015285185,0.009306619,0.005381325,0.00515704,-0.012668322,-0.011413066,-0.010960251,-0.009590417,0.008569339,-0.021304263,0.015971668,0.003236444,0.006173621,0.004142576,0.00303532,-0.010828658,-0.006217503,0.015697652
/mnt/sdd/caltech_training/three_classes/train/002.Laysan_Albatross/Laysan_Albatross_0061_563.jpg,1,0.001552256,0.002126017,8.24E-05,-0.013299992,-0.014102334,-0.003281115,-0.000760037,-0.014982497,0.005366901,0.005351311,0.001199541,-0.002696675,-0.012162901,-0.022983924,-0.016854033,-0.009991593,-0.019087166,0.00882466,0.005807655,0.013963752,-0.029329343,0.001210938,-0.013289247,-0.001340001,0.003490817,0.005687357,0.00717726,-0.007248577,0.002266847,0.001330601,-0.000953924,0.013486921,0.015927259,0.009033147,0.018935429,0.009868673,0.01782531,-0.01767895,0.005172989,-0.009704598,-0.01373472,-0.002491561,0.014978845,0.018891655,0.012558829,0.006060896,0.010527821,0.000441098,-0.018650394,-0.003823443,0.002663606,-0.009077016,-0.004327278,0.028451452,0.014285428,0.017410435,0.034133933,0.013762313,0.006178675,0.017086452,0.007133679,0.008097375,0.000723602,0.010881256,-0.002376702,-0.027179688,-0.03500767,0.006510431,-0.005530106,0.02174695,0.007226548,-0.00059456,0.010569918,0.019761287,0.017917242,0.010047955,0.024364151,0.004285839,0.003006471,-0.013180907,0.01060844,0.029874464,0.002554069,-0.00115843,-0.012483509,0.007962923,0.01692245,-0.002837408,-0.007595355,0.009083236,0.007786339,0.016767506
/mnt/sdd/caltech_training/three_classes/train/002.Laysan_Albatross/Laysan_Albatross_0037_699.jpg,1,0.001774526,-0.00304737,0.001774303,0.003857826,-0.000124485,0.001684854,-0.002578522,-0.014782305,-0.008049157,-0.021681236,0.004076378,0.012684196,-0.00031624,-0.004501735,-0.001044215,-0.001755643,-0.001664441,-0.009050561,0.003283561,0.004014941,0.010112055,0.022861404,-0.013821561,0.004574479,0.001460578,0.004304252,-0.005575842,-0.009193776,-0.003243722,-0.006326924,-0.004064499,0.002287197,0.009288942,-0.013340883,-0.019662086,-0.003946542,0.02068939,0.026887264,0.032948047,0.02866184,0.021482155,0.015689764,0.018868124,0.013614131,0.033669915,0.00040761,0.006550196,0.004003131,0.017019441,0.006626036,0.005797416,0.012516284,0.015935566,0.02176065,0.020781744,0.021615561,0.006631188,0.008526381,0.010393541,0.007824171,0.011576222,0.019188624,-0.009210349,0.003683688,-0.000466812,-0.006219059,0.003776037,0.008877521,-0.011598269,0.009983541,0.003213439,0.004815721,0.010638673,-0.003602643,0.009992465,-0.001136505,0.013705129,0.015630903,-0.015679492,-0.023543172,-0.018963028,-0.01830798,0.002612703,0.0012234,0.0169398,-0.002274138,-0.009670273,0.007246369,0.010019111,-0.003445417,0.003066013,0.021683298
/mnt/sdd/caltech_training/three_classes/train/003.Sooty_Albatross/Sooty_Albatross_0020_796359.jpg,2,0.00115328,0.003167651,0.002543939,0.003974298,0.006505368,0.002188887,0.005419138,0.023566965,-0.010889806,-0.013789915,-0.010647281,0.001332116,-0.00780053,-0.009771735,0.011925489,-0.000116456,-0.006998725,-0.005134293,0.001279444,-0.016033055,0.010412859,0.006623043,-0.010546217,-0.002421769,-0.001983139,0.002539217,0.006622421,-0.010327173,0.004488132,0.00857082,0.003776078,0.01817334,0.008108181,-0.003001176,-0.008776952,-0.000857458,-0.014027868,-0.019593421,-0.026141655,-0.016927835,-0.01155897,0.010390827,0.008497218,0.013851859,-0.001650585,0.001539268,0.020633174,0.020277653,-0.003583373,0.002515594,0.006542103,0.003066036,-0.008110098,-0.01366943,-0.009803379,-0.002660026,0.004415592,-0.007992585,-0.014102165,-0.024032034,-0.018845322,-0.007887996,0.005371978,0.012779385,0.011439987,0.00300671,0.013358546,-0.006181293,-0.018898712,-0.002300428,-0.006354845,0.010318671,0.001804774,0.014198639,0.024715835,0.002979821,0.00720919,0.007407893,-0.001134825,0.019675355,0.02791921,0.032577835,-0.020299606,0.006266781,0.013801181,-0.00470235,-0.004044574,-0.006599943,-0.0123751,-0.01207544,-0.013130652,-0.010244815
/mnt/sdd/caltech_training/three_classes/train/003.Sooty_Albatross/Sooty_Albatross_0069_796358.jpg,2,0.001391799,-0.002715522,0.00041538,-0.003999461,-0.001108322,-0.004141319,-0.011324283,-0.004314409,-0.01840308,-0.006687217,-0.006902655,0.001426955,0.002160003,-0.011519957,-0.007990386,0.004529312,-0.010212972,0.001066904,-0.004817327,-0.000768843,-0.021538187,-0.003454748,0.015628068,0.006685089,-0.010460985,-0.014185922,-0.006979748,-0.002947566,0.003342245,0.006917412,-0.004537479,-0.014063228,0.004014991,0.011796941,0.003990498,0.005474779,-0.017484624,-0.027486883,-0.003433358,0.003223501,-0.000110599,-0.013703646,-0.004831874,0.002038047,-0.002324501,0.0017871,0.007327873,0.004385786,0.010924293,0.008970974,0.00723362,0.018048573,0.003170064,0.008910537,0.003736195,0.011595722,-0.001313139,-0.004302409,-0.002230655,-0.00025454,0.004255734,0.014417179,0.00679278,0.005258869,0.003206024,0.019100554,0.040769782,0.016924307,0.005596353,0.018977348,0.03687358,0.04812978,0.004541131,0.021678537,0.011419619,0.013971899,0.019222826,0.012280826,0.002869873,0.023715073,0.020796495,0.025373371,0.008360156,0.004894587,0.006817602,-0.02439215,-0.005595897,0.004784557,0.000274743,0.002445949,0.010511631,0.002565786
/mnt/sdd/caltech_training/three_classes/train/003.Sooty_Albatross/Sooty_Albatross_0007_796372.jpg,2,-0.005546464,-0.001875834,0.001702019,-0.007622885,-0.00771399,-0.000884839,0.012270403,0.022781271,-0.003897618,-0.006027577,-0.003039283,-0.004609466,0.003027768,-0.014205597,0.018417954,0.013961302,0.006190699,0.010214729,0.005542337,-0.009337064,-0.002460877,0.003278556,0.000404965,0.000885312,0.004803056,0.003986213,-0.002864109,0.0008857,0.010601284,0.004311487,0.007349677,0.010949112,-0.000142258,0.006841588,0.002004525,0.009165874,0.00690972,0.015334586,0.004980574,0.009693682,0.008893775,0.008490121,0.015642613,0.01816149,0.013374753,0.003974631,-0.00656876,0.000742171,-0.007840331,-0.009356027,-0.003209401,0.012881794,0.005168922,0.003778062,0.011349775,0.005012479,0.014873916,-0.004021064,-0.006720843,0.005726861,0.001494313,-0.001949798,0.007172827,0.003730542,0.019524997,0.0146529,0.038374472,-0.000518777,-0.015144698,0.008876547,0.015322797,0.010582606,-0.003075322,0.005004401,0.003940205,0.015306545,0.001735268,-0.008770449,0.025643008,0.003621682,0.033186242,0.030050859,-0.009613354,0.002218572,0.006270614,-0.012363276,-0.003133384,-0.002973801,-0.011000282,-0.001095024,-0.005571625,-0.000849367
/mnt/sdd/caltech_training/three_classes/train/003.Sooty_Albatross/Sooty_Albatross_0005_796342.jpg,2,0.00094646,-0.002410148,-0.002388004,-4.48E-05,0.001650572,0.000254381,-0.003289518,0.007255044,-0.002545864,-0.010139873,-0.009768187,-0.010278361,0.001240559,-0.000542477,-0.007764262,0.016955003,0.00739956,-0.004618602,-0.00556435,0.002149492,-0.009376281,0.006264215,0.012614556,-0.015619256,-0.002789807,-0.00100746,0.000429513,0.008272617,0.011127147,-0.003920409,0.000115468,0.005979153,-0.004269492,-0.00512743,-0.013176948,-0.02277239,0.010178985,-0.007562122,-0.009060146,0.005895003,0.000883619,-0.000256519,-0.008461803,-0.001706938,0.00260198,0.011846764,-0.01754131,-0.001485911,-0.001637752,0.000196514,0.005810991,0.003584564,0.002441334,-0.005907302,-0.008680786,-0.010568907,0.012165057,-0.002824628,-0.000696065,-0.01030979,-0.00690962,-0.007812074,0.003733418,0.000710254,0.014636896,0.012137469,0.047777303,-0.005626295,-0.000424751,0.012071483,0.01878931,0.025032181,-0.000876046,0.006573166,0.007724973,0.025188457,0.024754953,-0.001143883,0.003506437,0.017173816,0.038868625,0.031001693,-0.013349799,0.014068572,0.001734636,-0.000502062,-0.013924534,-0.012924729,-0.014041166,-0.003404012,-0.010371257,-0.006781734
/mnt/sdd/caltech_training/three_classes/train/003.Sooty_Albatross/Sooty_Albatross_0010_796355.jpg,2,0.001440753,0.002149208,-0.001387046,-0.005430011,-0.001918678,-0.004048263,-0.006018985,-0.006560197,-0.018501032,-0.000252203,0.0041687,-0.000570724,-0.000243375,0.004965499,0.00656937,0.015812455,0.02236613,0.001597919,-0.003182641,-0.000484801,-0.002771077,-0.008846879,0.000406291,0.006931342,0.005082519,-0.004802314,-0.0063172,0.002376165,-0.002517917,-0.002035935,-0.004855306,0.000698087,0.009750701,-0.005761692,-0.004059533,-0.007649129,-0.014436962,-0.002687962,0.006006912,-0.000917343,0.010705516,-0.00799745,-0.002932086,-0.015951637,-0.019969232,-0.003970286,0.00843051,0.00858835,0.0098926,0.007673666,0.007188157,0.002180542,0.012398188,-0.004109798,0.001106354,0.001686687,0.010219706,0.010128403,0.020549959,0.004752838,-0.000754056,-0.000674439,0.002658756,0.004738967,0.012592918,0.03453057,0.035123285,0.010891566,0.011007462,0.006618419,0.025384901,0.020248085,0.012337634,0.0194251,0.019484684,0.009815753,0.019981999,0.012560295,0.009902793,0.008733413,0.024065617,0.02354884,0.000388112,0.012726726,0.005548205,0.004334138,-0.021463275,-0.005068513,-0.000725364,0.001841945,0.000194767,-0.002421832
/mnt/sdd/caltech_training/three_classes/train/003.Sooty_Albatross/Sooty_Albatross_0068_796353.jpg,2,0.00011186,-0.00090299,0.000392182,0.007035958,0.001945951,0.002418788,-0.008001237,-0.008568639,0.009197419,0.006616555,-0.009593881,-0.016095165,-0.001810879,0.006739758,-0.015250061,-0.007743289,0.005298196,0.000574227,-0.007131129,0.007722776,-0.001712308,0.001584362,-0.008157926,-0.002880791,-0.004511066,-0.00367549,0.002797213,-0.006496937,-0.010644146,-0.000956768,-0.011085438,-0.004616301,-0.00940236,-0.001689844,-0.005974155,0.008187231,-0.006142146,-0.015120221,-0.025133085,-0.037701227,-0.03315165,-0.019033842,-0.014383331,0.006065825,-0.001459421,-0.011705624,-0.002947133,-0.011064338,-0.031231528,-0.01115442,-0.010860559,-0.006699549,-0.010945452,-0.014496801,-0.019109149,-0.023205679,-0.015924823,-0.014299304,-0.012691497,-0.007571887,-0.003555532,-0.008064939,0.002327412,0.008157782,0.012480754,0.013947695,0.024372693,-0.004119719,0.012493713,0.00796579,0.01533663,0.015715826,-0.004550109,0.013644105,0.020459048,0.001949345,0.010439852,0.002617003,0.021953067,0.020628758,0.022745006,0.02879008,0.000824009,0.004704217,-0.008326287,0.000685138,-0.009404065,-0.001219105,0.001661053,0.000865862,-0.003213426,-0.007476535
/mnt/sdd/caltech_training/three_classes/train/003.Sooty_Albatross/Sooty_Albatross_0001_1071.jpg,2,-0.001822951,-0.001671396,-0.002378501,-0.010746571,-0.005907472,-0.002923735,0.006763165,0.007321638,0.00131629,0.009179413,0.006273443,0.003996871,-0.0034864,0.013224825,0.001501443,0.003746558,-0.000340183,0.004432408,0.01303567,0.007325995,-0.023344627,-0.0089114,0.012133843,0.00109784,-0.000439767,0.000207946,-0.003045574,-0.002920063,0.000275867,0.00554038,-0.008909221,-0.00697935,0.006933295,0.023490574,0.003283862,0.004744082,-0.015569137,-0.008140013,-0.01293399,-0.008547654,-0.004337314,-6.44E-05,-0.010269335,-0.008909722,-0.003625153,-0.003686895,0.00740159,-0.004536862,0.007916059,0.001588836,-0.002002465,0.00212014,-0.01151534,-0.010079302,-0.004973933,-0.009586073,-0.01542986,-0.021555252,-0.03251058,-0.01722597,-0.019369349,-0.01891569,-0.019841222,0.001328989,-0.005977575,0.005343114,0.019447332,-0.027952844,0.010535914,0.031339526,0.011591131,-0.021176752,-0.021976732,0.015237371,0.004563648,0.01124377,0.01504178,-0.013941377,0.011626625,0.011626336,0.03771279,0.024131503,-0.003664621,0.010013559,0.016188083,0.004900648,-0.004251302,-0.002560319,-0.019213006,-0.010139973,-0.007938096,-0.004912475
/mnt/sdd/caltech_training/three_classes/train/003.Sooty_Albatross/Sooty_Albatross_0002_796395.jpg,2,0.002418931,0.003717551,0.00528749,0.004900736,0.001694056,0.001925441,0.008819017,0.007614665,0.012353564,0.007424507,-0.004413066,-0.000348232,-0.001922196,-0.005439122,0.019137919,0.019110342,0.007212379,-0.00715016,-0.003384236,0.004247386,-0.007796313,0.008528644,0.02047917,-0.001230106,0.004837283,0.007241117,0.000856666,0.007639451,0.01018894,0.010773952,0.006849796,0.007733918,-2.14E-05,0.02602252,0.015432264,-0.005983667,0.030575799,0.017736789,0.028536871,0.018063314,-0.000392344,0.006544025,-0.006698982,-0.008045536,7.81E-05,0.007261616,0.007407708,0.013943198,-0.006304946,0.009563649,0.009474496,0.007897641,0.00437887,-0.001762185,0.003701609,0.005320624,-0.00949872,0.007499792,0.018870648,-0.002652316,0.007369746,-0.006301711,0.004782346,0.002240341,0.022248253,0.023320176,0.037798747,-0.001819624,0.029809037,0.015081242,0.018780347,0.002443816,0.005940473,0.019389395,-0.002177924,-0.003898274,0.01620037,-0.005665733,0.018370263,0.013435598,0.030601198,0.025761314,0.004307639,0.02744561,0.003286615,0.010184949,-0.008468648,0.010088463,0.019881302,0.006716747,0.014506757,0.006442151
/mnt/sdd/caltech_training/three_classes/train/003.Sooty_Albatross/Sooty_Albatross_0043_1076.jpg,2,-0.000815165,0.000613332,0.001001144,-0.000371643,-0.003743743,-0.002563037,-0.011448047,-0.025511524,-0.00390977,0.00948329,-0.02087709,-0.007064092,-0.015512559,0.01451616,-0.016587354,0.012858758,0.003399192,-0.005270603,-0.000837557,-0.006117018,-0.03367862,0.003610364,-0.014306768,-0.012957128,-0.003050961,-0.002151463,0.01316759,-0.022143748,0.002105482,0.005831465,-0.005172329,-0.009358852,0.008560364,-0.008088568,-0.01563082,-0.006395723,-0.062480845,-0.04137487,-0.01748722,-0.010421294,-0.00137887,-0.002654961,-0.008873349,-0.004161858,0.003242511,0.000980376,0.015633438,-0.005135656,-0.010201033,0.003421424,0.009197145,0.004564273,-0.001154609,-0.003399144,-0.010996066,-0.005968354,-0.014762888,-0.001499471,-0.004378921,-0.002624096,-0.001930496,-0.004746319,-0.007430275,-0.002442192,0.001828422,0.002107482,0.018542651,-0.003435568,-0.003312887,-0.005702868,0.022963136,0.010569559,0.003453163,0.01512171,0.004650435,0.002425023,0.01362205,-0.001504038,0.007036315,0.013706772,0.019097976,0.011516474,0.016170077,0.00552654,0.003135682,0.003198201,0.009138426,0.00835161,0.00958458,-0.004979925,0.000486041,0.012422471
/mnt/sdd/caltech_training/three_classes/train/003.Sooty_Albatross/Sooty_Albatross_0023_796401.jpg,2,0.006362044,-0.000198588,0.002416355,-0.016597211,-0.017214242,-0.00620203,0.007724941,0.019304818,-0.004725167,0.005777567,-0.004226955,0.003143074,-0.000618719,-0.017099595,-0.005983923,0.006146606,-0.00659292,0.020132812,0.01495046,0.015330317,0.014909729,0.004753221,-0.000453904,0.005128419,0.004853873,-0.008522622,-0.006957406,-0.00293384,0.010921592,0.007738585,0.005127043,-0.013762828,0.000883878,-0.000328368,-0.001609562,-0.00551067,-0.01868267,-0.011810606,-0.01734433,-0.030152023,-0.012001507,-0.006461005,-0.007776596,-0.001593594,-0.004519767,-0.007918675,-0.010751127,-0.033529013,-0.024004422,-0.017256068,-0.001279757,0.0176084,-0.019746944,-0.01754413,-0.003903766,-0.020525238,0.010657113,-4.30E-05,0.008276854,0.004994384,0.007176837,0.007431596,-0.007276426,-0.000343576,0.015075912,0.014821441,0.027389802,-0.007174603,0.020336328,0.018309873,0.016834062,0.0257188,-0.018643625,0.007107469,-0.008349421,-0.000691976,0.020567602,-0.011536241,0.017563954,0.011754252,0.037919603,0.029017854,0.012017616,0.019328233,0.004990927,-0.000389245,-0.00021102,-0.00737386,-0.002035979,0.002847293,-0.000358336,-0.010800682
/mnt/sdd/caltech_training/three_classes/train/003.Sooty_Albatross/Sooty_Albatross_0058_796360.jpg,2,0.001896033,0.000163023,-0.000869146,0.00200363,0.00100268,-3.06E-05,-0.001075664,0.003354139,0.011529594,0.000471217,0.007363551,0.006705217,0.003772799,-0.003344494,0.002669946,-0.007011999,-0.000619382,-0.001361766,0.000307879,0.003967693,0.01718214,0.004689608,-0.001210467,0.006724977,0.011452579,0.01260106,0.002202651,0.006105039,0.002108903,0.00788804,0.001408461,-0.001331144,-0.008789647,0.002702612,-0.002815285,0.009934724,0.009279677,-0.00672222,0.007648454,0.014278726,0.00783405,0.007949299,0.019857116,-2.03E-05,-0.004668546,-0.008040081,-0.023957748,-0.026069801,-0.019295376,-0.013792284,-0.001313304,-0.000488296,0.002294828,0.014211703,0.007122078,-0.001032411,-0.012267172,-0.001404596,-0.008313469,0.003815936,0.009816248,0.006852063,0.011342696,-0.003723034,0.000134091,0.00493613,0.023919985,0.003528486,0.009411419,0.006314977,-0.011654104,0.029580154,-0.002250175,0.015272369,0.00416441,0.014631446,0.013322985,-0.004547766,0.011317435,0.005787397,0.009268772,0.04078107,-0.006443062,-0.000341547,0.012451017,0.026038324,0.037402224,0.000316936,-0.002598994,0.003440821,-0.004756301,-0.016499635
/mnt/sdd/caltech_training/three_classes/train/003.Sooty_Albatross/Sooty_Albatross_0072_796371.jpg,2,-0.001931173,-0.002544917,-0.000980598,-0.009055713,-0.006307354,-0.004806475,-0.005077058,-0.001216551,-0.014909946,-0.000463726,0.002033207,-0.005059898,-0.000852171,0.008313498,-0.013773083,0.005086126,0.001499855,-0.017494466,-0.011082796,-0.011952372,0.002877115,0.002130681,0.006170007,0.005263426,-0.002968293,-0.011918561,-0.004163805,0.00329535,0.003357239,-0.011443785,0.000158995,0.002905874,0.00084107,-0.018321363,-0.00770499,-0.005894974,-0.01829886,-0.025391605,-0.020703424,-0.008794835,-0.016851041,0.009017113,0.004030142,0.0079215,0.015349408,0.010132259,-0.005815616,0.017134497,-0.006426544,0.001142075,-0.005971901,-0.006357591,0.004489844,-0.01104465,-0.014855422,-0.007229366,0.002244449,0.004376018,-0.002487839,-0.00037796,0.003310024,0.013864331,-0.005886633,0.006332983,0.019473383,0.02464592,0.032660373,-0.004702663,-0.028611718,-0.005791063,0.015233221,-0.031090442,-0.005474323,0.011497737,-0.000918374,0.017973613,0.009007026,-0.007578429,0.01359134,0.029865915,0.021312969,0.030600931,-0.001293496,0.022689272,0.017857214,0.026244726,0.025504421,0.000947279,0.001960004,-0.00319205,0.002429329,0.004610437
/mnt/sdd/caltech_training/three_classes/train/003.Sooty_Albatross/Sooty_Albatross_0030_1122.jpg,2,0.002708779,-0.000279229,-0.002016377,-0.004698395,-0.001460058,-0.003009906,-0.01236169,-0.033979177,0.006650601,0.010072895,0.003353541,-0.000359179,-0.004798306,-0.004709351,-0.019766815,-0.000937469,-0.002974341,0.006067411,-0.013750494,-0.010782522,-0.008809639,-0.01750828,-0.005739098,-0.002128224,-0.008312712,-0.004211942,-0.005194088,-0.004515082,-0.00632935,-0.005465455,0.002655577,0.017292868,-0.028608091,-0.024486497,-0.007114253,-0.000895478,-0.019814203,-0.008499424,-0.007290892,0.003301007,-0.00537903,0.007729259,-0.007139947,-0.023776885,-0.002237354,-0.00066675,-0.00437939,-0.020991819,-0.044746064,-0.029565806,-0.015404454,-0.019022414,-0.011820471,-0.025915153,-0.01479906,-0.009783563,-0.016840532,-0.010225577,-0.001768804,-0.001574046,0.00728131,0.001691574,-0.003857815,0.00868582,0.011057748,0.027357075,0.041648254,-0.015499506,0.006436524,0.009300349,0.03253007,0.016369335,-0.006817173,0.011989692,0.01105224,0.011295842,0.005061361,-0.002764789,0.012350345,0.023801116,0.021085307,0.03384056,-0.010561289,0.022404306,-0.000918394,2.67E-05,-0.014539728,-0.005192787,-0.00427526,-0.004756506,-0.013056128,-0.001480107
/mnt/sdd/caltech_training/three_classes/train/003.Sooty_Albatross/Sooty_Albatross_0065_796367.jpg,2,0.003833709,-0.000888116,6.29E-05,-0.012180632,-0.013375741,-0.004641637,-0.008399703,-0.012229558,0.009301396,-0.002298644,-0.002103098,-0.007014561,-0.001955206,-0.012621935,-0.011727488,0.00870968,0.002675919,0.007955506,-0.00067064,-0.011694892,-0.025001494,-0.009608878,0.001879435,0.002911095,-0.004581022,-0.003420036,-0.001114085,-0.00814218,0.001721289,-0.001849465,-0.006917134,-0.012273026,-0.002282512,0.012831409,-0.002908709,-0.003277293,-0.009490121,-0.0084612,-0.004922461,0.004357736,-0.000789505,-0.000998813,-0.000316125,-0.019431362,-0.014075352,-0.010498277,-0.03669776,-0.027743332,-0.001334454,-0.003674218,-0.001908055,0.00915049,0.000510171,-0.014708334,0.005155006,-0.000401984,-0.021470984,-0.026158933,-0.024685716,-0.01427575,-0.01166381,-0.007094504,-0.008514613,0.009875757,0.004500029,-0.00740631,0.006601275,-0.020570498,0.004524139,0.0266035,0.002895504,0.011361096,-0.023098357,0.010833099,0.00203301,0.013031684,0.025362972,-0.014441721,0.017421901,0.022986345,0.021437023,0.024053518,-0.008521814,0.010925535,-0.003903342,-0.01005869,-0.008823507,-0.009239225,-0.005579324,-0.01287044,-0.013007816,-0.001754889
/mnt/sdd/caltech_training/three_classes/train/003.Sooty_Albatross/Sooty_Albatross_0041_796364.jpg,2,-0.004890231,-0.002574864,-0.001522289,0.005665036,0.005232019,-0.000154004,0.009724286,0.004109662,0.003986382,0.006940997,0.016403647,0.008252172,0.001406774,-0.000282453,-0.004807354,-0.002223036,-0.010148429,0.005518992,-0.000736907,0.006201383,-0.002758564,-0.010025952,-0.008700481,0.000458689,-0.012280662,-0.012289321,-0.005408709,-0.000772874,-0.000761125,-0.000166187,0.007136338,0.002792399,0.002589151,0.000573583,0.007264093,-0.004409881,-0.026781745,-0.003384644,-0.005579187,-0.007068341,0.00483349,-0.002608356,0.001013451,0.003387505,0.003344095,-0.001597225,-0.01607749,-0.019778445,-0.030181088,-0.012153413,0.000255321,0.004514951,0.004773173,0.009664618,-0.012205242,-0.011725545,0.005970375,0.001526432,0.014579569,-0.013030236,0.007384991,0.004519295,-0.000864198,0.012758788,0.0196337,0.022894187,0.045830153,0.002064559,0.04257644,0.030240916,-0.004736197,0.0335225,-0.008344338,0.024338424,0.006156791,0.005008508,0.009877199,-0.003556689,0.006651638,0.008947043,0.01871977,0.019104134,0.008603463,0.007754297,-0.004107388,-0.011621811,0.022094686,-0.007423903,0.001332704,-0.005785807,0.001413299,-0.009527388
/mnt/sdd/caltech_training/three_classes/train/003.Sooty_Albatross/Sooty_Albatross_0031_1066.jpg,2,-0.000988351,2.07E-05,-0.003540648,0.019292712,0.010107905,0.001216006,0.006338293,0.005649808,-0.003941312,-0.010432683,0.00016115,0.00325926,0.005913322,0.0076562,0.003612424,0.021525797,0.002125927,-0.001470888,-0.004113264,-0.01077552,-0.010489771,-0.009741195,0.007206779,0.000780662,-0.004522876,0.001049929,-0.003339677,-0.000910079,-0.001151096,0.004321212,-0.006497085,-0.00716548,-0.003533796,0.009944683,0.000732259,-0.006125206,0.02193226,-0.00257648,-0.011236585,0.01194337,-0.000727903,-0.020357614,-0.001080907,-0.022360964,-0.007284585,-0.005488544,-0.000947687,-0.00198042,-0.00612548,-0.010689206,0.000267944,0.003980149,-0.01618322,0.007830784,0.019194368,0.016551897,-0.013329633,-0.012576707,-0.02602336,-0.021317579,-0.012529905,0.004283175,0.000555316,0.001451834,0.006612524,0.018534582,0.055326264,-0.004762396,0.02155141,-0.012886498,0.02811192,-0.006652881,0.005473602,0.004980216,0.016931515,0.020181987,0.020309445,-0.003041021,0.010506662,-0.002888486,0.00312167,0.00951934,-0.019315874,0.016491093,0.011709943,0.008566042,0.02239938,-0.023603357,-0.01666863,-0.021404825,-0.016579276,-0.008157088
/mnt/sdd/caltech_training/three_classes/train/003.Sooty_Albatross/Sooty_Albatross_0004_796366.jpg,2,-0.000685489,-0.000293284,0.000310382,-0.006465487,-0.013953427,-0.002134783,-0.006605781,0.003198189,-0.017676676,-0.008524037,0.002960074,-0.0032459,-0.005609768,-0.007734867,-0.000667615,-0.01546223,-0.00178485,0.000994075,-0.001251387,-0.001635348,-0.011782685,-0.005376806,0.000185181,-0.005531919,-0.010367432,-0.011995618,-0.007466547,-0.008866439,-0.000778465,-0.005731738,-0.003416869,-0.010619322,-0.006853954,-0.006868012,-0.011411976,0.002973821,-0.01630282,-0.01639787,-0.001327982,-0.018991947,-0.008845832,0.005485716,-0.018062372,-0.001766443,-0.009429988,-0.000275136,-0.021713652,-0.011492387,-0.01847022,-0.010709706,-0.015257275,0.009530027,-0.004611891,-0.022257954,-0.013836736,-0.006463731,-0.008182256,-0.00096025,-0.007129227,-0.011101764,-0.015280599,-0.00023552,-0.003620575,0.01048201,0.002801687,0.008078905,0.02380426,-0.005526477,0.018720321,-0.002279856,0.002550342,0.033691194,0.00174734,0.005386752,-0.003777299,0.010958831,0.004738821,0.005850163,-0.007555034,-0.008906813,0.031387728,0.021459159,-0.004263873,0.015308782,0.01773536,0.018149624,0.014522671,-0.007709348,-0.01196114,0.00423285,0.004785519,-0.008021496
/mnt/sdd/caltech_training/three_classes/train/003.Sooty_Albatross/Sooty_Albatross_0079_796389.jpg,2,0.002135147,0.001916256,0.001780291,-0.000524599,0.005453303,0.001128109,0.002415274,-0.003476639,0.003831953,-0.002647386,-0.002966313,0.007278198,0.007247105,-0.002412826,0.007087051,0.019346641,0.025097325,-0.003689005,-0.00687368,-0.000369934,-0.014802525,-0.005267758,0.005763371,0.005664873,0.001650448,-0.011190479,0.001572831,-0.007219132,-0.003547759,-0.010021206,-0.00544425,0.016682431,0.003713941,0.027889296,-0.005364835,-0.001322269,-0.03537286,-0.028659765,-0.035848152,-0.013256329,-0.005461687,-0.012048645,-0.003489226,-0.001157334,-0.006321454,0.004778671,0.002343725,0.005176771,0.007244911,0.003971609,0.000867976,-0.011731914,-0.008902852,0.007258973,0.005716828,0.005847931,0.001703785,-0.002945579,-0.009692635,-0.009858342,0.002286409,0.010666741,-0.018422248,0.021029647,0.012560097,0.016938023,0.03303253,-0.005133734,-0.01433155,0.003325725,-0.011743209,-0.03032261,-0.007780192,0.006850091,0.019198768,0.012144944,0.0313437,-0.006754369,0.00807313,0.011584307,0.03716239,0.03303849,-0.008482945,0.001264968,0.012270913,-0.008618541,0.024533954,-0.000144649,0.001892031,-0.006497762,-0.008762313,-0.003884223
/mnt/sdd/caltech_training/three_classes/train/003.Sooty_Albatross/Sooty_Albatross_0034_1154.jpg,2,-0.006026059,-0.004437469,-0.002674435,-0.010676907,0.006619993,0.000421395,-0.002084459,-0.006826564,0.00303864,0.010622392,-0.001259679,-0.00452072,0.002872949,0.014842268,-0.010734351,-0.006527286,-0.000458972,-0.004064785,0.002645525,0.001898235,0.001793333,-0.017932361,-0.001523145,0.007421614,0.002599861,-0.000752756,0.010668793,0.005886813,0.001100293,-0.000656032,0.007925887,0.01603783,-0.004468819,-0.002693605,0.022019237,0.004378643,-0.003086244,-0.001632245,-0.006164737,0.004875099,-0.000491118,-0.005479284,-0.001045032,0.01011835,0.021806879,0.01743631,-0.027058294,-0.030046927,-0.025290037,-0.012598702,-0.007273657,-0.00119396,0.003783701,0.009074306,0.003569252,0.009405862,0.00652863,0.009042352,0.002409143,0.004794213,0.019908307,-0.018439008,-0.014952336,-0.001282709,0.013286551,0.056861516,0.068390146,0.007925263,0.01785177,0.009277489,-0.007479188,0.007261782,0.013293503,0.014756749,0.019475665,0.011752086,0.007148254,0.006626648,0.010208651,0.019478906,0.022611711,0.021177026,0.012704484,0.008904123,0.009412992,-0.003305322,-0.024685916,0.016010586,0.004749429,0.003421522,-0.007712002,-0.010967608
/mnt/sdd/caltech_training/three_classes/train/003.Sooty_Albatross/Sooty_Albatross_0050_796351.jpg,2,-0.003353547,0.001058008,0.001503134,-0.008669513,-0.006377013,-0.00186143,-0.004827508,-0.00299867,-0.000965712,-0.004914503,0.001944256,0.002091986,-0.006858253,-2.34E-05,0.00888294,-0.005744599,0.001778667,-0.012906392,-0.013003979,-0.011767179,-0.009324796,0.004789051,-0.006826832,0.00278885,0.004913208,0.005483342,-0.002983573,0.00390363,0.00912106,-0.001234264,0.004018349,0.006327077,0.003710964,0.004144137,-0.01741622,-0.013241543,0.03389003,0.011228194,0.008463796,0.019613685,0.009901195,0.004891714,0.014542109,0.002275883,0.008963079,-0.004981844,-0.006126653,-0.007622125,0.007716892,0.007059961,0.017279228,0.01715645,-0.007336667,-0.012820676,-0.021418765,-0.00377484,0.018285748,0.011128496,0.007406168,0.001701357,0.00801696,0.007469559,0.005677144,0.018620845,0.020491473,0.018890662,0.047699753,8.76E-05,0.025007091,0.003540878,0.003205711,-0.011184296,-0.006248769,0.03661626,0.023260735,0.012089118,0.029386614,0.000911677,-0.011549886,-0.006299999,0.009002555,0.021610191,-0.00411855,-0.01364903,-0.00572515,-0.006369136,-0.000688962,-0.000967901,-0.005254302,0.008975156,0.004060154,-0.000107272
/mnt/sdd/caltech_training/three_classes/train/003.Sooty_Albatross/Sooty_Albatross_0048_1130.jpg,2,0.00266433,-0.001010494,0.001087151,-6.32E-06,-0.002180731,-3.43E-05,0.001441607,0.004288323,-0.001666864,-0.004515414,0.004299511,-0.000746669,0.012103049,0.001560459,-0.004559405,0.00804619,-0.01090467,0.001881631,0.001369251,-0.011093717,-0.016294956,0.002139162,0.005058606,-0.007403462,-0.011356808,-0.011532487,0.000977683,-0.009865905,0.005659836,-0.008780416,-0.000136937,0.00680141,-0.002725759,0.013625542,0.010339841,0.01161482,0.029237729,0.01157235,0.015328624,0.014911819,0.007124489,-0.019649737,-0.027166057,-0.00933311,-0.01170839,-0.016359402,-0.011158194,-0.02041693,-0.0136625,-0.001809711,-0.019848345,-0.000353087,-0.013086224,-0.025201105,-0.008356215,-0.015212944,0.009961767,0.006325648,-0.00395846,-0.006775714,-0.006189418,-0.017352317,-0.024234505,-0.00037113,0.002791822,0.01079874,0.038419656,-0.015111404,0.044126246,0.013178801,-0.00035044,-0.002105839,-0.00745256,0.008354052,0.004097267,0.011111829,0.003634906,-0.010820054,0.01848635,0.017494025,0.024139259,0.017132092,-0.005502244,0.002471601,0.003661529,0.008255815,0.008091625,-0.018575685,-0.018338883,-0.003662176,0.008980615,-0.013216732
/mnt/sdd/caltech_training/three_classes/train/003.Sooty_Albatross/Sooty_Albatross_0024_1161.jpg,2,0.00058252,-0.001854112,-0.00077589,-0.007883124,-0.003547242,-0.002611941,0.00130862,0.000174179,0.001872423,-0.002769903,0.009485534,0.009873796,0.005225963,0.024374325,0.015231448,0.00433146,0.000640011,0.005306545,0.000472443,0.006923901,0.001495788,0.00278545,0.01587982,0.008920196,-0.013000222,0.003179757,0.003888195,0.006801387,0.013719438,0.014325935,0.005357303,0.01245637,0.000748265,-0.000779522,0.007163997,-0.0009747,0.01757226,0.010705143,-0.004474748,0.012418068,0.011555669,0.001158422,0.017241726,-0.003640988,-0.024681862,-0.008335903,0.005025758,-0.016579103,-0.02045468,-0.017350458,-0.003941532,0.00279833,-0.00297881,0.009944986,-0.001650759,-0.000518838,-0.003664411,-0.001269983,-0.015645238,-0.00197762,-0.001144947,-0.000852369,2.85E-05,0.018944837,0.017936625,0.017921682,0.027726915,0.009635612,0.020916026,0.012820356,0.012433192,0.014501446,0.006035958,0.034145355,0.024695577,0.00653539,0.003765109,0.017680438,0.000939414,0.006716275,0.008317593,0.001666074,-0.016575903,0.01713916,-0.014327157,-0.003900308,-0.009469725,-0.003417881,-0.024777662,-0.010752659,-0.015965633,0.001542422
/mnt/sdd/caltech_training/three_classes/train/003.Sooty_Albatross/Sooty_Albatross_0014_796373.jpg,2,0.001385792,-0.005746691,0.000668529,-0.024122678,-0.029328633,-0.004178264,-0.011291405,-0.007066037,-0.014287665,-0.011028728,0.001714405,-0.003192086,0.007529169,-0.011155519,-0.001764876,-0.020067379,-0.015940655,0.008317078,0.010990314,0.0063926,0.012531788,-0.009317203,0.00418848,0.004646681,-0.010959083,0.00244905,-0.013860762,5.69E-05,-0.002411054,0.003902218,-0.000407213,0.006334005,-0.016206361,0.000438646,-0.003011647,0.016618978,-0.003200672,0.005065408,-0.014311525,-0.003287125,-0.006326878,-7.45E-05,-0.012403371,0.008657811,-0.000146253,0.00533422,-0.016159127,-0.025209207,-0.000149492,-0.015186685,-0.011233044,0.006661141,-0.006043484,0.010767805,0.005638288,0.003570988,0.000732855,0.007284891,-0.001189504,0.012013366,0.019989718,-0.009901297,-6.20E-05,0.00541499,0.009702614,0.01229744,0.04692162,0.006754231,0.001047268,0.018126596,0.007107003,0.006489887,0.004882583,0.005657231,0.005956871,0.002265258,0.010130948,0.004050498,0.030464508,0.033736244,0.040329836,0.034364026,0.010822436,0.001236664,-0.010911468,-0.000999151,0.01063153,0.009605387,0.004583008,0.008389094,-0.000252005,0.005822386
/mnt/sdd/caltech_training/three_classes/train/003.Sooty_Albatross/Sooty_Albatross_0019_796391.jpg,2,-0.004260434,-0.002068381,0.000173764,-0.000515761,0.008214604,0.00064844,0.007431454,0.014906982,-0.011795474,0.000924695,-0.000537606,-0.002541433,-0.000222635,0.005157302,0.024271987,-0.005118048,-0.001145046,-0.006253959,0.000615515,0.003404694,-0.001103293,-0.002897652,0.007704387,-0.003230274,0.0075788,0.000289833,0.005679446,0.005721273,0.004213482,-0.000653417,-0.004737094,-0.018829491,-0.014590343,0.008303762,0.004442207,-0.003384858,0.015942201,0.017244358,0.014586479,0.032105535,0.011708039,0.000863502,-0.001214669,-0.00294831,-0.009021048,-0.00516768,-0.01953153,-0.007358179,-0.015513058,-0.025362935,-0.01639222,-0.003170874,-0.014315667,0.001785915,-0.00474161,-0.010186965,-0.01629555,0.009170856,0.005621738,-0.001781404,0.009870185,-0.020421706,-0.01066261,0.014695266,0.007870973,0.019813469,0.021211494,-0.006162478,-0.002268359,-0.004147154,0.009467281,-0.005175798,-0.003837583,0.018704327,0.004196629,0.000305557,-0.006624357,-0.007281674,0.010844657,0.016884588,-0.004874273,0.007995834,0.009343755,-0.003839609,-0.001429199,-0.014472156,-0.020160776,-0.001538538,-0.002441843,-0.004569203,-0.013956275,-0.00142176
/mnt/sdd/caltech_training/three_classes/train/003.Sooty_Albatross/Sooty_Albatross_0036_796387.jpg,2,0.002476066,0.000430966,-0.001101744,-0.0062125,-0.00151951,-0.004171467,-0.009212439,-0.005901988,-0.00437856,-0.006665603,0.00648531,-0.001961964,0.005307001,0.000549234,0.003277768,0.004789299,0.008311177,-0.007390421,0.007280252,0.009019898,0.001654095,-0.011441641,0.007859775,0.014920365,-0.00190915,-0.002668124,0.007194972,-0.000854624,0.010220392,0.007277876,0.005379557,-0.007630321,-0.002033598,0.008135421,0.005314531,-0.00623899,-0.031415552,-0.014801668,-0.014187678,0.013679057,0.006500783,-0.009224739,0.013058861,-0.00350734,0.009236239,-0.002345649,-0.015938606,0.00026701,-0.004054168,0.013094505,-0.001501057,-0.014771065,0.013363622,-0.008149855,-0.000379493,-0.003930378,-0.003385074,0.006136011,0.000791351,-0.003622152,0.010688053,-0.008393389,0.013672425,-0.002305827,0.005488063,0.016909946,0.024892053,-0.014555546,-0.015290825,0.000374773,0.023377858,0.019035062,-0.018994587,0.014452283,0.006268732,0.005304691,0.019956278,-0.03199545,-0.009399955,-0.01431656,0.010595687,0.009267565,0.018909607,0.008375865,-0.00164993,0.009552273,0.023665622,0.000961258,0.016997559,-0.004388245,5.26E-05,0.000474209
/mnt/sdd/caltech_training/three_classes/train/003.Sooty_Albatross/Sooty_Albatross_0022_796398.jpg,2,0.003200882,0.00358754,0.003024884,0.007173839,0.00046576,0.000948404,0.007542654,1.35E-05,0.007150875,0.003338773,-0.000295075,-0.003485663,-0.000298212,-0.003876102,-0.00757548,-0.003401128,-0.000173812,0.01312592,-0.005099866,-0.00590775,0.001366399,-0.014535271,0.003949757,-0.013800625,0.004078715,0.010082358,0.002786927,0.001416349,0.008000642,-0.000427375,-0.00405866,0.002533181,0.001299073,-0.008370381,-0.01908258,-0.001115469,-0.02511441,-0.03878522,-0.032744396,-0.024756849,-0.02005218,-0.011339064,-0.005048724,-0.006667309,-0.007837502,-0.005535942,-0.005426728,-0.007925166,-0.009659265,0.001244606,-0.004329582,0.010799087,0.005162132,-0.001210539,-0.005803161,-0.000964989,-0.020913914,-0.02231728,-0.015078328,-0.00494753,-0.001536845,0.002932842,-0.003324562,0.000445161,0.014878619,0.011817357,0.038876582,-0.01538538,0.02311516,0.00368041,0.014975442,0.016764458,0.001679122,0.024914572,0.005271682,0.027748667,0.01600087,-0.004978282,0.014369485,0.009907826,0.029802296,0.03561517,-0.020700889,-0.000184494,-0.006146009,0.003872639,0.011949169,-0.005463686,-0.002108934,0.016756598,0.008330739,0.005508143
/mnt/sdd/caltech_training/three_classes/train/003.Sooty_Albatross/Sooty_Albatross_0013_796402.jpg,2,0.002162679,-0.000598417,-0.00080924,-0.007407565,-0.003965742,-0.002922312,-0.001344332,0.000136777,-0.001097491,0.008393556,0.002271298,0.008311431,-0.000861509,-0.003042469,0.00564139,-0.010967683,0.00042077,-0.000105964,0.005418592,0.001616958,0.005342078,-0.009220406,0.007002251,0.007342127,0.000681531,0.00378061,-0.005904307,-0.008520003,0.000871185,-0.000106552,-0.004394054,0.008145985,-0.000563044,0.003061053,-0.00515065,-0.008425931,-0.003497496,-0.007873643,0.013927072,-0.002822131,-0.000321881,-0.016430892,-0.009721866,0.006016868,0.000700457,0.000499391,-0.023221012,-0.026592616,-0.03600173,-0.036595166,-0.012424151,-0.006745716,-0.008462194,-0.029902589,-0.03226684,-0.01698506,0.015087674,0.003928642,0.005551614,0.004706487,0.02622575,-0.007995917,-0.013450138,0.014374864,0.0257283,0.009887124,0.031346347,-0.01253121,0.009297533,-0.000992728,0.027531195,0.025179474,-0.023876721,0.02222516,0.009838004,0.005035032,0.002735589,-0.012581684,0.01496158,0.011112641,0.021596102,0.011287829,0.011712471,0.000588375,-0.014274866,-0.001629854,0.024710089,-0.012402271,-0.00193296,0.008513346,0.014690442,-0.007789085
/mnt/sdd/caltech_training/three_classes/train/003.Sooty_Albatross/Sooty_Albatross_0077_1080.jpg,2,0.003185271,0.000640083,-0.00017241,-0.016197212,-0.009079749,-0.002387354,-0.009403981,-0.016869828,-0.01439405,-0.013200907,0.008089306,-0.002511671,0.003961315,0.015676081,-0.00682222,-0.008645974,0.00737729,-0.010480771,0.003462943,0.001038778,-0.005003015,-0.012010608,-0.002275576,-0.000560683,-0.000359571,-0.00523255,-0.00180337,0.004282309,-0.007261031,0.00998099,0.003055151,-0.000194014,-0.005384034,0.004018173,-0.002652745,-0.010836081,-0.006416718,-0.021819826,-0.024166074,-0.000214335,-0.010136488,-0.013623845,-0.014729688,-0.015750475,-0.008127053,0.000777699,-0.005649951,-0.020830369,-0.024295883,-0.01869297,-0.029543113,0.003311755,-0.022052187,0.004385851,-0.015402021,0.008401426,-0.007013713,0.008636206,0.010599097,0.010801711,0.004502723,-0.012340084,-0.003330836,0.00371247,0.00102948,0.008856956,0.04435011,0.010831884,-0.013197945,-0.018427089,-0.004946536,-0.006323792,0.014614083,0.022842664,0.018029567,0.017459283,0.01793776,0.014261359,-0.0031615,0.00220606,0.022581045,0.019883476,-0.012189038,0.00210915,0.006163084,0.019749273,0.015597024,-0.017723689,-0.021506585,-0.00745397,-0.016116548,-0.001175777
/mnt/sdd/caltech_training/three_classes/train/003.Sooty_Albatross/Sooty_Albatross_0070_796346.jpg,2,-0.000560849,-0.002039026,7.49E-05,-0.003758843,-0.001397349,-3.91E-05,0.001537742,-0.002294786,0.009423926,0.01036739,-0.003515934,-0.000266997,-0.000708733,0.014816074,0.003744945,0.009051229,0.00582248,0.006798807,0.003467258,-0.002173636,0.002921578,0.007149635,0.010714395,0.001852909,0.001537353,-0.002261164,-0.009941585,0.00257713,-0.00313256,0.004942339,-0.008061353,0.005828001,-0.016183108,0.001873011,0.005591871,0.009880098,-0.005822925,0.002559648,0.018144894,0.018750302,0.00424319,-0.003682315,-0.013492346,-0.000110461,0.002086548,-0.008402577,0.020678602,0.009228155,0.007892497,0.015852617,0.003612436,0.005823372,0.002159741,0.005346568,3.35E-05,-0.001491235,-0.012407657,-0.01628849,-0.007643772,-0.003478531,0.015380339,-0.010823686,0.004328207,-0.006517778,0.009104896,0.003382489,0.011254864,0.005988161,-0.005403094,0.010153398,0.009459985,-0.006236455,0.006310606,0.017707232,0.01822258,0.021620438,0.002085231,0.02770307,0.012636081,0.017210875,0.036609873,0.004134394,0.013954722,-0.00273147,0.00631203,0.018636808,0.024069365,0.00056799,0.003703329,0.015696758,0.002220372,-0.007013629
/mnt/sdd/caltech_training/three_classes/train/003.Sooty_Albatross/Sooty_Albatross_0032_1149.jpg,2,-0.001270854,-0.003735411,0.002460101,-0.013010757,-0.006759307,-0.003792737,-0.01009426,-0.008562181,0.01206016,0.016702417,-0.012611268,-0.008482231,-0.013856548,-0.000878371,-0.009273628,0.001900073,-0.00273368,-0.005945243,0.003100744,-0.002931552,-0.011348143,0.004166074,-0.012393987,-0.003704441,-0.005508544,0.002254072,-0.004159668,-0.003603307,0.006713665,0.003620838,6.43E-05,0.026410997,0.008686563,-0.012631552,-0.005633268,-0.013695391,0.007109029,-0.016830247,-0.000701014,-0.009534732,-0.016155262,0.013793444,0.016542485,0.011877487,0.008501953,-0.007250625,-0.001642365,-0.011538296,0.011522816,-0.01138349,-0.004472468,-0.010923466,-0.001826898,0.012067158,0.010930208,-0.000622368,-0.019090094,-0.023590093,-0.021117857,-0.01905348,-0.003201552,0.017034546,0.004624555,0.005094341,0.023526639,0.031798977,0.058796912,0.005286526,0.012924947,0.005388516,-0.011373331,0.020634318,0.012328286,0.024927005,0.018834323,0.019055365,0.004880167,-0.006232467,0.012967458,0.000614518,0.020462528,0.017874248,-0.016153421,-0.010742063,-0.013473844,-0.018007996,-0.007588956,-0.005545008,-0.010747631,-0.005754219,-0.014117218,0.008778073
/mnt/sdd/caltech_training/three_classes/train/003.Sooty_Albatross/Sooty_Albatross_0076_796365.jpg,2,0.002262416,0.001116443,0.000226814,0.006567622,0.006776991,4.99E-06,0.004334437,-0.002342295,0.001984795,0.003667562,7.96E-05,-0.001553,-0.000343928,0.009713679,0.0067548,-0.007844524,-0.000377088,-0.002211066,-0.002537005,-0.003631227,0.00019025,0.007318805,0.023604792,0.005770314,-0.001600382,-0.005327615,0.006836076,0.014626655,0.007101059,0.006755394,0.00782308,0.002563481,-0.009529197,0.009807788,0.005426181,0.005726981,-0.001239553,-0.019885033,-0.000875022,-0.001933499,-0.021881336,-0.001655627,0.001780993,-0.002741295,-0.006882288,-0.006858719,-0.03139289,-0.036369704,-0.026399393,-0.02467911,-0.007713826,0.016991239,-0.019557444,-0.009053683,0.002921495,-0.009979576,-0.005649829,-0.003600307,-0.0238203,-0.010899796,-0.008661898,-0.007997966,-0.001321462,0.013098203,0.009551258,0.019628964,0.03726381,-0.017635558,-0.010283578,-0.011532728,-0.007285986,0.000551978,-0.011943065,-0.005209773,-0.002135197,0.008633782,-0.012514697,-0.004745585,0.009284936,0.024039198,0.031771377,0.02560588,0.001994758,0.002162261,0.003402139,-0.010101102,0.013550447,-0.010706801,-0.007368364,0.001347218,0.003664927,-0.002495627
/mnt/sdd/caltech_training/three_classes/train/003.Sooty_Albatross/Sooty_Albatross_0051_796374.jpg,2,-0.000568393,0.000223621,0.001911873,0.006993176,0.00396205,0.00259598,0.000313132,-0.011870946,0.00281642,0.005734395,0.005810827,0.00158659,-0.005921179,0.006749774,-0.019705644,0.022666324,0.005086219,0.004558335,-0.002777658,-0.009942295,-0.014277031,-0.013393047,0.003485477,-0.003996805,-0.00490359,-0.004903532,0.003175188,-0.034433305,-0.009864848,0.00139087,0.000651741,0.009085907,-0.021302763,0.001014037,0.000717458,0.010469449,-0.005849022,-0.008075652,-0.0295078,-0.013555833,-0.018749813,-0.020038117,-0.02380677,0.000928147,-0.013232047,-0.006884,-0.01321904,-0.027374022,-0.022220165,-0.015032578,-0.008034565,-0.000274504,-0.01785469,-0.008411964,-0.011942366,-0.011713324,0.005021449,-0.009215693,-0.000125703,0.002133405,0.012237174,-0.017682832,-0.007293535,0.018987495,0.020653434,0.032110732,0.03635248,-0.008318438,0.013216561,-0.012790722,0.02799765,0.01660503,-0.015909083,0.002559077,-0.001289906,0.009307563,0.013897341,-0.016137376,0.022748247,-0.00153714,0.022693282,0.041321933,0.003094538,0.000131814,-0.003122615,-0.000826177,-0.000384155,-0.003634437,0.004641335,-0.004728757,0.006143492,-0.021453079
/mnt/sdd/caltech_training/three_classes/train/003.Sooty_Albatross/Sooty_Albatross_0025_796361.jpg,2,0.000717194,0.000596985,2.06E-05,-0.003019444,-0.002946552,0.000680562,0.004492743,0.00844994,-0.018589046,0.008295147,0.00298754,0.001774549,0.000478179,-0.016354525,0.011029406,0.012016341,0.008400546,0.004872513,0.014137613,0.007491076,0.009486452,0.02024786,0.027470864,0.009037206,0.000197007,0.002504922,0.007268962,0.02917926,0.011157453,0.00772085,0.001424706,0.004689098,0.013628504,0.025183514,0.004004777,-0.000697488,0.003451632,0.003919656,0.02387581,0.033277355,0.011071164,0.023981769,0.00851466,0.012094773,0.019189922,0.015499277,-0.020485042,-0.018309016,-0.020461973,-0.014279539,-0.000857099,0.008962862,0.01645132,0.009919133,0.000888933,0.000205424,0.029773477,0.021449056,0.02109703,0.023964688,0.018147735,8.70E-05,0.020762809,0.001542721,0.014534459,0.02412356,0.024182685,-0.005375505,-0.00444491,0.002446069,0.007305707,0.006045113,-0.006718671,0.025710411,0.014771716,0.012375442,0.014832026,-0.004256237,-0.008125596,0.005118348,0.02935262,0.04996635,0.01702258,0.000578938,0.006365216,-0.02265679,0.016669082,0.002253188,0.012140388,0.008519054,-0.001214342,0.001177714
/mnt/sdd/caltech_training/three_classes/train/003.Sooty_Albatross/Sooty_Albatross_0074_1221.jpg,2,-0.001368044,0.001514597,-2.96E-05,-0.015254775,-0.015317587,-0.003800907,-0.007287773,-0.010309064,-0.00702918,0.002038469,-0.006002627,0.00649586,0.001937765,0.000645779,-0.002928293,-0.000374618,0.019176677,-0.000202821,-0.004985129,0.000446878,-0.01873127,0.007833242,6.83E-05,-0.000751195,0.002634695,-0.007993521,-0.014603157,0.010978993,6.53E-05,-0.007611599,-0.002818494,-0.000125855,0.013002148,0.002402662,0.017721223,0.010814853,-0.00174767,-0.002588051,0.009938728,0.012212966,0.01013586,-0.016230604,-0.011063851,-0.01087046,0.001081352,-0.010391755,0.012999279,0.010450813,-0.010925186,-0.015727364,-0.008914981,0.014617302,-0.002143421,0.001593557,-0.007132374,0.001982604,-0.000386891,3.62E-05,0.001999591,-0.01154121,-0.021412946,-0.01712977,-0.00823608,0.010746905,-0.006136087,-0.005603794,0.040042087,-0.03186179,0.004924728,-0.010473084,0.013829434,-0.002998216,-0.023663959,0.022163576,0.005949056,0.012495581,0.018255878,-0.025049753,0.008709334,-0.000963553,0.02416202,0.018536542,-0.016397852,0.008976699,0.010654236,-0.002915806,0.00315136,-0.022632916,-0.021564523,-0.006143526,-0.01869029,-0.008108694
/mnt/sdd/caltech_training/three_classes/train/003.Sooty_Albatross/Sooty_Albatross_0046_1211.jpg,2,-0.000147037,-0.003098619,-0.000661111,-0.007558947,-0.003435324,-0.001884505,-0.00758878,-0.017139487,0.002191001,-0.011708247,-0.008213726,0.002033468,0.001289692,0.010746964,0.002066206,-0.000665504,0.004856801,-0.000742369,-0.001789281,0.003313945,-0.018981516,0.005226933,-0.012847345,-0.008089131,0.00926449,0.003222368,-0.000277942,0.009081092,-0.002343067,0.010302673,-0.003921855,-0.010192797,0.009397389,-0.007932765,-0.007551241,-0.00438087,-0.014242786,-0.018929293,-0.00688904,-0.01028637,-0.003877953,-0.003443042,0.004276518,0.000164283,-0.000992508,0.01201305,0.008547131,0.009040756,-0.008601469,-0.010795603,0.000613554,0.011577255,0.009296821,0.008192184,0.000989446,-0.003052022,-0.012040993,-0.00891251,-0.005839243,-0.015615641,-0.018381272,-0.012970751,0.014752128,0.004868479,0.018117651,0.02536236,0.057303987,-0.019172147,-0.011463312,0.007110571,0.025175493,0.006341834,-0.02483968,0.009861399,0.003967853,0.009419873,0.016655589,-0.016974635,-0.003454629,0.001079491,0.021868076,0.02224436,0.002492759,-0.005612291,-0.002151603,-0.010477963,0.006248709,-0.010813013,-0.000666961,-0.008098423,-0.00300372,0.003630345
/mnt/sdd/caltech_training/three_classes/train/003.Sooty_Albatross/Sooty_Albatross_0003_1078.jpg,2,0.000209645,0.001514913,0.001797412,-0.002769259,-0.00253812,0.00120482,0.001777823,0.014679391,0.002139312,-0.006782753,-0.004405814,-0.005005291,-0.002259673,0.016867105,-0.003350234,0.020625014,0.002612403,-0.004117597,0.01511742,0.010120822,0.014410943,0.005315293,0.003483409,-0.003451048,0.011860687,-0.001213145,0.003533495,-0.007790917,0.004621385,-0.000144972,-0.003626112,-0.013933569,0.004858758,-0.001489817,-0.020311907,-0.009861404,-0.01701302,-0.013696706,-0.015249889,-0.027265873,-0.013888369,-0.017626904,-0.003460634,-0.024358325,-0.012520192,-0.003204454,-0.027812522,-0.01801823,-0.027714834,0.001102033,-0.014361831,-0.008118006,0.003403616,0.001403726,-0.004733208,-0.002403478,-0.029527085,-0.019361528,-0.024346177,-0.017498408,-0.01633397,-0.01577185,-0.008985436,0.023298753,0.039363198,0.021440238,0.043627024,-0.013017903,0.019671094,0.013940188,0.006333574,0.015732646,-0.001034617,0.012345771,0.005284402,-0.001423971,-0.000502675,-0.002808686,0.011483972,-0.002845913,0.022321753,0.020880654,-0.000615706,0.0086621,0.012157285,0.019343147,0.013964023,0.004034168,-0.014074458,-0.019374257,-0.023770759,-0.003409545
/mnt/sdd/caltech_training/three_classes/train/003.Sooty_Albatross/Sooty_Albatross_0075_796352.jpg,2,0.003180543,0.003508061,0.001276899,-0.000285584,0.001882769,-0.000755152,0.006464457,0.013134053,-0.020504138,0.002491397,0.016894322,0.018622192,0.006110712,0.002841326,0.009013405,0.009517486,0.010207601,0.003525062,0.016282778,0.018013692,0.005387836,0.003632261,0.01116902,0.018209726,0.005601982,0.008333815,0.009806051,0.016111169,0.015123251,0.013441048,0.000291432,0.012178469,0.009947453,-0.006652984,0.009298552,0.009116104,-0.006539176,0.009159596,-0.011014793,-0.0061731,0.00102494,0.019846048,0.008159982,0.010973655,0.020243276,0.018433107,-0.013749262,-0.009947792,0.007215994,0.002339674,0.001829736,0.01839322,0.004977383,0.013739318,0.009226961,0.001566412,-0.017349165,-0.002811503,0.004895906,0.011371482,0.009518066,0.01659802,-0.000220913,0.024806853,0.017482359,0.028049087,0.06618834,-0.009974305,-0.026339432,-0.003875601,-0.030479532,-0.011323748,-0.004544179,0.013477714,0.007448538,0.004607191,-0.004475149,-0.007310751,0.008068588,0.022252731,0.04648772,0.023846371,0.005317679,0.017884776,0.017389568,0.000675528,-0.013378624,0.011506862,0.0106855,0.015457446,0.01679863,0.004414294
/mnt/sdd/caltech_training/three_classes/train/003.Sooty_Albatross/Sooty_Albatross_0006_796390.jpg,2,0.001703553,-0.002908485,-0.001105047,-0.011855136,-0.008780126,-0.003751088,-0.012636134,-0.014978014,-0.016176103,-0.009357085,0.001837015,-0.002422897,-0.009376677,-0.009003388,-0.022176849,-0.001357987,-0.006617376,-0.009083893,-0.01020083,-0.013240126,0.001876379,-0.001340304,-0.000796201,-0.002756201,-0.017602319,-0.017560659,-0.000448685,-0.002135878,0.003547902,-0.006083455,0.006421284,0.00396948,0.001124078,-0.000505789,-0.005107269,-0.014407349,0.006929803,-0.019121435,-0.023921683,-0.023404788,-0.030628452,-0.005664529,-0.004963097,-0.011054625,0.002545242,-0.012583954,-0.018953033,-0.012441322,-0.005055323,-0.009787088,0.001066627,-0.015892211,-5.36E-05,-0.003767889,-0.004069641,-0.007372115,-0.020068202,-0.024598267,-0.020398077,-0.01902049,-0.002798073,0.005912723,0.009925358,-0.001324815,0.01412894,0.00839955,0.03143482,0.007912265,0.051813956,0.010543844,-0.000647618,0.005092759,0.010617141,0.014622731,0.011572066,0.00204966,0.007852091,0.017565148,0.01786495,0.022983316,0.009222629,0.023176454,0.004134509,0.017165806,0.00699864,0.010790773,0.04507354,0.009581775,0.017970458,0.018590927,0.007756713,-0.000650591
/mnt/sdd/caltech_training/three_classes/train/003.Sooty_Albatross/Sooty_Albatross_0042_1210.jpg,2,0.003137917,0.00021687,0.002457514,0.003960534,-0.001665495,0.002224827,0.002127351,-0.005734123,0.013049373,8.15E-05,0.005625785,0.006955362,0.00876308,0.011511589,0.004774885,0.006831078,0.004757668,-0.00394804,-0.003306938,0.001619753,0.012433908,0.000402575,0.004136548,0.00198658,0.004691326,0.002567442,0.001750602,0.003037323,-0.001041194,-0.004746371,-0.000306792,-0.000265905,0.01126545,0.019877525,-0.006510595,0.016948564,-0.006367607,-0.011850975,0.017295107,-0.000760932,0.010748703,0.002748394,0.002968335,0.010049042,0.007647793,0.002117244,-0.001732439,0.011428692,0.008832322,0.023121472,0.014627511,0.018353745,0.011174029,0.011770637,0.004357979,-0.002601342,0.006059069,0.00117793,0.004957206,-0.008830585,-0.015619119,0.015713865,-3.02E-05,0.015151726,0.017554116,0.009150478,0.030682243,-0.0055008,0.014988923,0.024125531,0.011571566,0.04036883,-0.002493947,0.005108012,-0.000644179,0.010627812,0.008782707,-0.003535377,-0.002484611,0.005900895,0.025616918,0.020873606,-0.004284133,0.006615106,-0.004092529,0.031414986,0.021353029,-0.003682535,-0.006429837,0.014376266,-0.008189359,0.002280911
/mnt/sdd/caltech_training/three_classes/train/003.Sooty_Albatross/Sooty_Albatross_0073_1171.jpg,2,0.001715287,0.000641815,0.001627723,-0.012180802,-0.010142718,-0.001532324,-0.004764741,-0.009180771,0.009489223,0.015097084,-0.000492777,-0.00556314,-0.006335722,0.008385132,0.009890642,0.006954869,-0.004432613,0.001254357,0.003591367,0.006324821,-0.010396081,0.00138787,-0.011042317,-0.005734705,0.008419021,-0.000694144,0.005215371,0.004715037,0.00268967,0.006571021,0.002250177,0.020067934,0.003969308,0.004453795,-0.003822636,0.005474628,0.015801083,-0.002674417,-0.002878288,-0.005812898,0.009262824,0.014977885,-0.005280239,0.01640233,0.009235662,-0.000465568,-0.007416716,0.004235096,0.00124783,0.000326644,-0.000589615,0.008236097,-0.008138321,0.001737575,0.002268611,0.001481313,-0.011328804,0.005941594,-0.015202861,-0.006477375,0.004821457,0.009856505,-0.002836037,0.001248209,0.005800933,-0.014217157,0.003771093,0.011352029,-0.013454396,-0.011504144,0.012412992,0.0228966,0.015101653,0.018648282,0.01846971,0.01851222,0.005867705,0.015428229,0.000186551,-0.001585019,0.002556322,-0.013663362,0.017224703,0.01300539,0.005489797,-0.002851438,-0.021623187,0.004289381,-0.00464599,-0.002760393,-0.006947995,0.001866377
/mnt/sdd/caltech_training/three_classes/train/003.Sooty_Albatross/Sooty_Albatross_0038_1065.jpg,2,-0.000427472,-0.000568438,-0.00141002,-0.003468219,-0.002774603,-6.94E-05,-0.006177851,-0.014396001,-0.005178489,0.002606123,0.00081219,0.000491825,0.003854514,-0.003555468,-0.02139433,-0.005475978,0.017999524,0.000311194,0.002970378,-0.005487872,-0.02023013,-0.002328309,0.00805416,6.16E-05,0.00986688,0.007343435,0.005339455,-0.002054845,0.000762124,-0.007333058,0.004080985,0.002754017,-0.013999003,-0.011196303,-0.006184818,-0.005292245,0.000404643,-0.007155564,-0.009236081,0.00651987,-0.010022726,0.015296459,-0.004229887,-0.002036868,-0.006397565,-0.001980891,-0.01005782,0.00474114,-0.003310599,0.005985442,-0.014385743,-0.013634675,-0.008474277,-0.002725422,0.011790483,-0.002734712,-0.004160937,-0.011873226,-0.007038835,0.003353391,0.010599582,-0.016644651,-0.023226943,-0.003136284,0.004274078,0.011757793,0.038678028,0.005292636,0.011649202,-0.005503438,-0.019577852,-0.02820358,0.012804732,0.00718554,0.011524693,0.008390673,-0.001867728,-0.001357566,0.010529925,0.019994693,0.018822398,0.0132028,0.000616706,-0.006091964,-0.007823991,0.008927274,0.003375719,-0.006418885,-0.012851067,-0.010938909,-0.019832185,-0.002061699
/mnt/sdd/caltech_training/three_classes/train/003.Sooty_Albatross/Sooty_Albatross_0040_796375.jpg,2,-0.00012257,-0.003682285,-0.00269247,-0.01985552,-0.018747028,-0.007802024,-0.018780613,-0.027594618,0.005362734,-0.005735276,0.003946289,-0.006943761,0.003363969,0.005502661,-0.018028071,0.003588988,0.003647383,0.002247665,-0.001103459,0.001931997,-0.008925576,-0.018560164,0.003409914,0.001183685,0.007908167,-0.006387065,0.012301993,-0.00944796,-0.004065507,0.013472919,0.008563187,0.001403344,-0.032184575,0.000555989,-0.010828469,-0.013865039,-0.030594334,-0.028525108,-0.005118498,-0.014203273,-0.015549712,0.000983207,-0.020756543,-0.041442648,-0.017602084,-0.022569258,-0.014220037,-0.025611732,0.005168278,-0.003096393,-0.002382251,-0.002130657,-0.008307101,-0.028880054,-0.018913932,-0.011000048,-0.022350304,-0.014279544,-0.022445891,-0.022181321,-0.003151382,-0.015713133,-0.006913258,0.005823857,0.02601383,0.038267955,0.0443736,-0.030832723,0.019456776,0.01872512,0.022605795,0.003935242,-0.013754519,0.018958552,0.00499339,0.016360758,0.026339032,-0.012584345,0.012863816,0.019664008,0.021921758,0.029715177,-0.006666777,0.010773256,0.008621762,0.011518644,0.020474184,0.002127608,-0.008874288,-0.002803635,-0.015477207,-0.01768279
/mnt/sdd/caltech_training/three_classes/train/003.Sooty_Albatross/Sooty_Albatross_0016_1075.jpg,2,0.001614188,0.002660057,0.000470994,-0.004855716,-0.001945044,0.000134659,-0.002934664,-0.001876163,0.010086726,0.005252777,0.004292864,0.000957429,0.001298534,0.003786508,-0.004209895,0.014425655,0.00965827,-0.010180183,-0.004856406,0.006862523,-0.004705085,-0.009208436,-0.000503769,0.006937744,0.000867337,0.00110554,0.003213519,0.006061632,-0.00435607,-0.002506746,-0.001275416,0.017215876,-0.019210743,-0.011407318,-0.010083509,-0.003009509,0.031207027,0.028386395,0.026160114,0.005480539,0.007355841,0.000609313,-0.001485015,-0.013954472,-0.007385156,-0.003833586,-0.024428306,-0.004350917,0.010185128,0.010085261,0.004975882,-0.011351457,-0.016967325,-0.000644311,-0.017759982,-0.009402324,0.00454664,0.008701379,0.013062877,-0.004536361,0.003926696,-0.005983112,-0.012918122,0.002905973,0.017121049,0.026369154,0.03680511,0.012293611,0.00578412,-0.002171984,0.004450201,0.00067798,-0.002836876,0.001564352,0.014735803,-0.002902183,-0.000857825,-0.00210371,-0.004582682,0.009139326,0.031160595,0.004191484,-0.009286572,0.01364998,0.010680011,4.54E-05,0.013376043,-0.010163735,-0.000830095,-0.007922588,-0.002962533,-0.004033948
/mnt/sdd/caltech_training/three_classes/train/003.Sooty_Albatross/Sooty_Albatross_0055_1160.jpg,2,-0.003114529,-0.001888535,0.000240193,-0.005218574,-0.009216417,-0.001186387,-0.003749103,0.005374495,0.025019603,0.010152876,-0.004761966,-7.36E-05,0.005807854,-0.013893988,0.004006281,0.019922417,0.009036186,0.005740152,-0.005519341,0.004661316,-0.020097438,0.006708993,0.005298797,-0.006226447,0.001031567,0.006604775,-0.002910563,0.00152501,0.006835447,0.010446332,0.009617034,0.003584909,0.009009897,0.013982613,0.008324243,0.000901954,-0.005537493,-0.003888381,0.013461986,-0.007819733,0.019320205,-0.005523029,0.012154716,-0.002930539,-0.00179584,0.014698234,0.028175585,0.01374926,0.009695604,0.00322266,0.006214139,-0.008728446,0.002467905,0.019975506,0.015863491,0.013474366,-0.00429575,0.005361537,0.010738621,0.010093024,0.006799883,-0.004722761,0.013982115,0.000862311,0.003660135,0.011724555,0.034625515,0.004789118,-0.012453132,-0.025633147,0.014397375,0.01089801,-0.001555095,0.029021086,0.0221277,0.0253748,0.012676415,0.001415299,0.014294357,0.03065817,0.047101215,0.025150077,0.002430874,0.014637333,0.001530364,0.026432972,0.007371988,-0.007213644,0.00351413,-0.003505771,-0.004983608,0.000254062
/mnt/sdd/caltech_training/three_classes/train/003.Sooty_Albatross/Sooty_Albatross_0057_796354.jpg,2,-0.002155278,-0.001216733,-0.000632385,0.005159575,0.005055504,0.001373481,0.00915762,0.003993174,0.010786848,0.006239236,0.006923017,0.004531157,-0.000310309,0.015673634,0.006879457,0.006129276,-0.001813756,0.011149131,0.007724172,0.006917439,-0.007823378,-0.009277795,0.010660391,-0.002508625,-0.001259122,-0.001243817,-0.0025412,0.005478377,0.007882141,-0.003054984,0.006022654,-0.010781542,-0.006653972,0.011854852,0.005770018,0.002685373,-0.013298679,-0.022922825,-0.02274498,-0.01037666,-0.013184207,-0.006163166,0.002248081,-0.016470276,-0.018342901,-0.005293643,-0.020111531,-0.018705126,-0.022842053,-0.01239226,-0.016282208,-0.019611306,-0.001367532,0.006623085,-0.000753854,-0.003690088,-0.003400079,-0.018623672,-0.008758385,-0.004505619,-0.001110504,-0.008067722,-0.004429713,0.002266845,0.006048074,-0.007521513,0.007609765,0.00249138,-0.018225513,-0.024094565,-0.016701974,-0.029488958,-0.003680573,0.011414118,0.003189788,-0.007088246,-0.00865553,-0.00407413,-0.006576335,0.006772261,0.026597343,0.035359036,-0.01309984,0.007134155,-0.000641537,-0.001184067,-0.01310074,-0.002895206,-0.005623639,-0.015500665,-0.001275314,-0.001532047
/mnt/sdd/caltech_training/three_classes/train/003.Sooty_Albatross/Sooty_Albatross_0063_1101.jpg,2,0.002294429,-0.000991679,0.00103256,-0.001536409,-0.002764951,-0.002741042,-0.002900227,-0.015264387,-0.005696083,-0.003901105,-0.007882105,-0.003406239,0.008678281,0.00718772,-0.007569172,-0.003211057,0.000661647,0.000550817,0.001921113,-0.00263117,0.003471593,-0.001743931,0.003462081,-0.001535554,-0.000778315,-0.000813867,0.001291361,-0.011625202,0.011746096,-0.007359558,0.006697321,0.003170385,-0.010065561,-0.005544308,-0.008396084,-0.010217909,-0.013091223,0.000449627,0.01026269,-0.006160884,-0.021212576,0.004156352,-0.008050177,0.010271526,0.004130666,-0.003995179,0.013318607,0.022287123,0.01904567,0.009416537,0.006368527,-0.002359634,-0.011128739,-0.011537569,-0.01362705,-0.012994073,-0.00516207,0.003882619,-0.008129234,-0.006947971,-0.004897158,-0.006762002,-0.007023265,-0.000509893,-0.007832249,-0.007333805,0.009631332,-0.007228781,0.012935733,-0.006124724,0.008700459,0.01854929,-0.004407186,0.0086217,-0.001803236,0.000472916,-0.002795623,0.000627532,0.008197891,-0.002026615,0.014211589,0.013815419,-0.013560308,0.014014548,-0.002913333,0.02583611,0.036676683,0.006816995,-0.015298724,0.005708356,-0.000762287,-0.01135911
