Full filepath,Full Class Index,sensitivityscore_before_Conv2d_1a_3x3.conv,sensitivityscore_before_Conv2d_2a_3x3.conv,sensitivityscore_before_Conv2d_2b_3x3.conv,sensitivityscore_before_maxpool1,sensitivityscore_before_Conv2d_3b_1x1.conv,sensitivityscore_before_Conv2d_4a_3x3.conv,sensitivityscore_before_maxpool2,sensitivityscore_before_Mixed_5b.branch1x1.conv,sensitivityscore_before_Mixed_5b.branch5x5_1.conv,sensitivityscore_before_Mixed_5b.branch5x5_2.conv,sensitivityscore_before_Mixed_5b.branch3x3dbl_1.conv,sensitivityscore_before_Mixed_5b.branch3x3dbl_2.conv,sensitivityscore_before_Mixed_5b.branch3x3dbl_3.conv,sensitivityscore_before_Mixed_5b.branch_pool.conv,sensitivityscore_before_Mixed_5c.branch1x1.conv,sensitivityscore_before_Mixed_5c.branch5x5_1.conv,sensitivityscore_before_Mixed_5c.branch5x5_2.conv,sensitivityscore_before_Mixed_5c.branch3x3dbl_1.conv,sensitivityscore_before_Mixed_5c.branch3x3dbl_2.conv,sensitivityscore_before_Mixed_5c.branch3x3dbl_3.conv,sensitivityscore_before_Mixed_5c.branch_pool.conv,sensitivityscore_before_Mixed_5d.branch1x1.conv,sensitivityscore_before_Mixed_5d.branch5x5_1.conv,sensitivityscore_before_Mixed_5d.branch5x5_2.conv,sensitivityscore_before_Mixed_5d.branch3x3dbl_1.conv,sensitivityscore_before_Mixed_5d.branch3x3dbl_2.conv,sensitivityscore_before_Mixed_5d.branch3x3dbl_3.conv,sensitivityscore_before_Mixed_5d.branch_pool.conv,sensitivityscore_before_Mixed_6a.branch3x3.conv,sensitivityscore_before_Mixed_6a.branch3x3dbl_1.conv,sensitivityscore_before_Mixed_6a.branch3x3dbl_2.conv,sensitivityscore_before_Mixed_6a.branch3x3dbl_3.conv,sensitivityscore_before_Mixed_6b.branch1x1.conv,sensitivityscore_before_Mixed_6b.branch7x7_1.conv,sensitivityscore_before_Mixed_6b.branch7x7_2.conv,sensitivityscore_before_Mixed_6b.branch7x7_3.conv,sensitivityscore_before_Mixed_6b.branch7x7dbl_1.conv,sensitivityscore_before_Mixed_6b.branch7x7dbl_2.conv,sensitivityscore_before_Mixed_6b.branch7x7dbl_3.conv,sensitivityscore_before_Mixed_6b.branch7x7dbl_4.conv,sensitivityscore_before_Mixed_6b.branch7x7dbl_5.conv,sensitivityscore_before_Mixed_6b.branch_pool.conv,sensitivityscore_before_Mixed_6c.branch1x1.conv,sensitivityscore_before_Mixed_6c.branch7x7_1.conv,sensitivityscore_before_Mixed_6c.branch7x7_2.conv,sensitivityscore_before_Mixed_6c.branch7x7_3.conv,sensitivityscore_before_Mixed_6c.branch7x7dbl_1.conv,sensitivityscore_before_Mixed_6c.branch7x7dbl_2.conv,sensitivityscore_before_Mixed_6c.branch7x7dbl_3.conv,sensitivityscore_before_Mixed_6c.branch7x7dbl_4.conv,sensitivityscore_before_Mixed_6c.branch7x7dbl_5.conv,sensitivityscore_before_Mixed_6c.branch_pool.conv,sensitivityscore_before_Mixed_6d.branch1x1.conv,sensitivityscore_before_Mixed_6d.branch7x7_1.conv,sensitivityscore_before_Mixed_6d.branch7x7_2.conv,sensitivityscore_before_Mixed_6d.branch7x7_3.conv,sensitivityscore_before_Mixed_6d.branch7x7dbl_1.conv,sensitivityscore_before_Mixed_6d.branch7x7dbl_2.conv,sensitivityscore_before_Mixed_6d.branch7x7dbl_3.conv,sensitivityscore_before_Mixed_6d.branch7x7dbl_4.conv,sensitivityscore_before_Mixed_6d.branch7x7dbl_5.conv,sensitivityscore_before_Mixed_6d.branch_pool.conv,sensitivityscore_before_Mixed_6e.branch1x1.conv,sensitivityscore_After_Mixed_6e.branch1x1.conv_0.5,sensitivityscore_After_Mixed_6e.branch1x1.conv_0.6,sensitivityscore_After_Mixed_6e.branch1x1.conv_0.7,sensitivityscore_After_Mixed_6e.branch1x1.conv_0.8,sensitivityscore_before_Mixed_6e.branch7x7_1.conv,sensitivityscore_After_Mixed_6e.branch7x7_1.conv_0.5,sensitivityscore_After_Mixed_6e.branch7x7_1.conv_0.6,sensitivityscore_After_Mixed_6e.branch7x7_1.conv_0.7,sensitivityscore_After_Mixed_6e.branch7x7_1.conv_0.8,sensitivityscore_before_Mixed_6e.branch7x7_2.conv,sensitivityscore_After_Mixed_6e.branch7x7_2.conv_0.5,sensitivityscore_After_Mixed_6e.branch7x7_2.conv_0.6,sensitivityscore_After_Mixed_6e.branch7x7_2.conv_0.7,sensitivityscore_After_Mixed_6e.branch7x7_2.conv_0.8,sensitivityscore_before_Mixed_6e.branch7x7_3.conv,sensitivityscore_After_Mixed_6e.branch7x7_3.conv_0.5,sensitivityscore_After_Mixed_6e.branch7x7_3.conv_0.6,sensitivityscore_After_Mixed_6e.branch7x7_3.conv_0.7,sensitivityscore_After_Mixed_6e.branch7x7_3.conv_0.8,sensitivityscore_before_Mixed_6e.branch7x7dbl_1.conv,sensitivityscore_After_Mixed_6e.branch7x7dbl_1.conv_0.5,sensitivityscore_After_Mixed_6e.branch7x7dbl_1.conv_0.6,sensitivityscore_After_Mixed_6e.branch7x7dbl_1.conv_0.7,sensitivityscore_After_Mixed_6e.branch7x7dbl_1.conv_0.8,sensitivityscore_before_Mixed_6e.branch7x7dbl_2.conv,sensitivityscore_before_Mixed_6e.branch7x7dbl_3.conv,sensitivityscore_before_Mixed_6e.branch7x7dbl_4.conv,sensitivityscore_before_Mixed_6e.branch7x7dbl_5.conv,sensitivityscore_before_Mixed_6e.branch_pool.conv
/mnt/sdd/caltech_training/three_classes/train/001.Black_footed_Albatross/Black_Footed_Albatross_0064_796101.jpg,0,-0.0013867662,0.00060841214,0.00059671345,0.0049174665,0.0044222903,-0.00036417428,-0.008264577,-0.012319285,0.007681694,0.009254765,0.0008115261,0.0042810626,0.006898868,0.0059793657,-0.015415333,-0.0016668171,0.00039877067,-0.008543151,-0.0012452898,0.003853683,0.008957221,0.003585329,-0.00844132,0.003380674,-0.004980932,-0.009509623,0.009714574,-0.012363285,0.0027510182,-0.0076174703,0.0050670546,-0.0056725494,-0.015704941,-0.0033875154,0.008171102,0.003499609,-0.00091535784,-0.0123049645,-0.009556863,-0.0023504854,-0.010258583,0.0052694487,0.0078073326,-0.0010185777,-0.012002814,-0.0027160351,0.0015543806,0.02119571,0.0076228576,0.00773949,-0.003912978,-0.010867272,-0.004346243,-0.001954854,0.0035646432,0.01269236,-0.017486002,-0.014795392,-0.008149057,-0.009084059,-0.0061343154,0.004474374,0.010897655,0.042109832,0.048412494,0.046814576,0.068372965,-0.0033986876,0.03905318,0.022615205,0.06569281,0.050929256,-0.014413359,0.013002971,0.008592617,0.013670412,0.014560106,-0.0037327772,0.027855758,0.028874954,0.01563057,0.02932351,-0.0019709417,-0.009193824,0.0012310636,0.015909333,-0.009840537,-0.009836635,-0.0059458814,0.0027562873,-0.00081486534,-0.003258123
/mnt/sdd/caltech_training/three_classes/train/001.Black_footed_Albatross/Black_Footed_Albatross_0010_796097.jpg,0,-0.0014267915,0.0011201509,0.001789497,0.00061258156,-0.00017140037,-0.0010644763,-0.0110647725,-0.0042480966,0.0024810163,-0.0007095881,-0.0041707675,-0.007293363,-0.0063061044,-0.0063612545,-0.012788558,-0.007098561,0.0020761394,-0.011794601,-0.008559127,-0.006631201,0.014445305,-0.009580614,-0.00848825,-0.008041163,-0.0007982515,-0.0044054217,-0.011848028,-0.0006973311,-0.0023017903,-0.0016221137,-0.0014643094,-0.0074093156,-0.011346568,-0.008978129,-0.019140966,0.0027303922,-0.020322133,-0.016602078,-0.023274114,-0.00063174556,-0.008450957,0.016683022,-0.010769354,-0.0105572585,-0.01097876,-0.001019212,-0.0016756703,-0.013353307,-0.0064312145,-0.0032512443,0.003001211,-0.011825841,0.0063627977,-0.0051348014,5.940767e-05,-0.00095945783,-0.017942186,-0.0146885775,-0.017398328,-0.017633546,-0.005007647,-0.0021182054,-0.0041425372,0.06492829,0.067902945,0.07605393,0.06798448,0.0030861462,-0.009618534,0.016778473,0.013213096,-0.017965948,0.0053064013,0.007243462,0.0143080745,0.028476972,0.028640073,0.015978742,0.0068769385,0.008359634,-0.0073881317,0.027777284,-0.011347264,0.016401976,-0.00810965,0.0026616512,0.015046124,-0.0062893094,0.002097372,0.005522119,0.0081488155,0.008701368
/mnt/sdd/caltech_training/three_classes/train/001.Black_footed_Albatross/Black_Footed_Albatross_0006_796065.jpg,0,0.0049680048,0.0022530025,0.0023429978,-0.0010191939,-0.0020457322,0.0014732524,-0.0032031368,-0.0012294496,-0.0047338814,-0.0064305807,-0.0030942454,0.0073089264,0.0054632276,-0.0059335306,-0.0014365551,-0.010358937,-0.01466261,-0.007618307,-0.0075120777,0.0023874256,0.008078696,-5.7475176e-05,0.018036535,0.0036247151,0.004566149,0.0062319078,0.00999731,-0.0041662743,0.008080016,0.007540984,0.003591663,0.01219589,-0.015466386,0.016286567,0.0056223185,-0.013983777,-0.0033988296,-0.016871253,-0.021202542,0.0017358195,0.0028273324,0.0034512184,0.001661673,-0.0050719394,-0.009998455,0.004759872,0.00073497277,0.020802587,-0.0007223678,0.004456727,0.009506308,0.011531662,0.0036701045,0.0174173,0.013177947,0.0117192315,0.012427345,0.010767158,0.026274538,0.0052808775,0.018435022,-0.0047490182,0.0047134855,0.052412912,0.061266243,0.0633786,0.072307415,0.014405612,0.007084216,0.03179626,0.035308264,0.009039956,0.010618923,0.007609184,0.014915524,0.009792297,0.0063071907,0.010014698,0.022427397,0.0043135285,0.0004793862,0.014576204,-0.0035310946,-0.0065198634,0.011391081,0.0011945125,0.0092598535,0.0015495364,0.010616077,0.002388374,0.013915166,0.012831338
/mnt/sdd/caltech_training/three_classes/train/001.Black_footed_Albatross/Black_Footed_Albatross_0051_796103.jpg,0,0.0008355464,-0.00051060703,-0.00023666304,-0.011105714,-0.014253943,-0.00019393949,-0.0005098993,0.0014568495,0.00039379625,0.004793072,-0.000571555,0.001807631,0.008149884,0.0084922165,0.00926107,0.0070924014,0.0016129888,0.00043248583,-0.00071586383,0.0030772868,0.00672185,0.0011544276,0.0040428042,-0.0049800472,-0.0037683803,0.001433336,-0.0027250529,0.004969759,-0.010363944,0.0005936493,0.0049740765,-0.0052293628,-0.006799184,-0.012144003,-0.007848823,-0.0204718,0.015345254,0.01718571,0.023673069,0.016185682,0.00091074686,-0.005221893,0.006211697,-0.01866157,0.003453724,-0.001346943,-0.026522044,-0.012704783,-0.013009795,-0.0316095,-0.020258501,0.0013821719,0.023609314,-0.0010390626,-0.0044926647,0.006862901,0.019187205,0.022960467,0.022867708,0.0018750513,0.01014922,0.009057314,0.0138322655,0.045862883,0.055962883,0.053317517,0.081747316,-0.012009673,0.0083663985,0.009865979,0.02831717,-0.0005620981,-0.02024052,0.033658125,0.014507261,0.020716535,0.01757411,-0.008024564,0.02392434,0.0016063529,0.007242377,0.017191153,0.0063847248,0.021206059,9.1444235e-06,0.0023744137,0.025184654,0.0044226353,0.009372303,0.00923947,0.010645413,0.015452117
/mnt/sdd/caltech_training/three_classes/train/001.Black_footed_Albatross/Black_Footed_Albatross_0076_417.jpg,0,0.000106269144,0.0001697565,0.0017029328,-0.010802364,-0.008233333,-0.0018247125,0.004872011,0.0051952763,-0.003962739,0.001418707,-0.009053274,0.005063869,0.002720757,0.0010872096,-0.004926773,-0.0030005218,0.00315093,0.0042279884,0.0013332635,0.0017310312,0.02742029,0.007708452,0.0064081415,-0.0038000317,-0.0021855626,0.006387266,0.006547761,0.016269794,-0.0011120974,0.004103251,-0.0033624491,-0.012955952,-0.008642216,0.005968642,0.0005247595,0.0043411646,0.02739663,0.026038446,0.0029665288,0.016410964,0.003372822,0.024498094,-0.0046792137,0.002772735,-0.010292178,-0.0075237346,-0.0007137405,-0.010613963,-0.0039155846,-0.021011427,0.0046861484,0.02358893,-0.0022850584,0.008832554,-0.0019040437,0.00027129764,-0.011251524,-0.018556556,-0.012654211,-0.013239873,-0.00243881,-0.0053062225,-0.00741805,0.04804139,0.07127213,0.06981373,0.07927425,-0.012803838,0.017031457,0.030545993,0.023437247,0.005216112,-0.008897537,0.017801564,0.019648876,0.01834083,0.026111333,-0.009240414,0.026308525,0.0057862755,0.006689637,0.028337764,-0.0023166519,-0.0051305685,0.006333575,-0.00065041287,0.003999658,-0.0058819545,-0.0069786226,-0.0033309786,0.00891561,0.0033688906
/mnt/sdd/caltech_training/three_classes/train/001.Black_footed_Albatross/Black_Footed_Albatross_0082_796121.jpg,0,0.00086420577,0.0046580075,0.002815667,0.0034018706,-0.0034754216,0.0021954093,-0.013893143,-0.017056976,0.0026608657,-0.010680821,-0.0064288955,-0.0021004109,-0.006823702,0.008646735,-0.022145942,-0.028878594,-0.006386053,-0.012137412,-0.007456082,-0.0025598216,0.015113676,-0.018271837,-0.012299653,-0.007379676,-0.004148584,0.006333136,0.002538809,-0.01233023,-0.018689137,0.0050147222,-0.0045833946,0.0049417615,-0.021493286,0.014479532,0.00831425,0.0034408607,-0.025258489,-0.02317801,-0.0077589178,-0.01385602,-0.017572705,-5.902769e-05,-0.011995482,-0.034268558,-0.014155063,-0.006116625,0.0018011224,-0.0042519886,-0.006694724,0.0026131729,-0.005290772,-0.008276256,0.006654271,-0.00014791032,0.01042638,0.0060484563,-0.03752584,-0.024071304,-0.0074146716,-0.009639544,-0.010738901,0.0024494375,0.008801823,0.043463036,0.04593785,0.054970462,0.06911779,0.011441154,0.014925145,0.04242394,0.0124964025,0.0089444155,0.0063116807,-0.0010233382,-0.0023953347,0.00810514,0.00391347,0.008138228,0.025584135,0.025114246,0.023367982,0.030434877,-0.008157789,0.012664736,-0.011229031,0.011735331,0.01985715,-0.00018485729,-0.014772862,-0.016826319,-0.0082895635,0.0036660212
/mnt/sdd/caltech_training/three_classes/train/001.Black_footed_Albatross/Black_Footed_Albatross_0046_18.jpg,0,-0.0046572294,-0.0029036582,-0.0027165832,0.008464871,0.005100841,-0.0005844722,-0.0013518978,0.0013189553,-0.014345337,-0.0016713938,0.0025443789,0.008484648,0.002159515,-0.0019944091,0.0016315365,0.0075092814,0.0034866938,0.010838287,0.005399759,7.6670316e-05,0.03565884,-0.005926035,-0.002751003,-0.006514819,-0.0055619935,-0.004328968,0.0002911135,0.015477221,-0.0070259916,-0.007150567,-0.008847294,-0.022868201,-0.0022291276,-0.01803822,0.0030107526,-0.008112815,0.0019144411,-0.017028444,-0.007954256,-0.0144155845,-0.0072869207,-0.0026825082,-0.006835838,0.0058152163,-0.00036538392,-0.007727895,0.011393198,0.014802556,0.017285325,0.020609327,0.013117961,0.01017032,0.0038112428,0.0015954855,-0.007296822,0.00019495859,-0.0033515226,-0.024649583,-0.017312314,-0.048525322,-0.045857124,-0.0037495533,0.0035970209,0.04255811,0.037008896,0.05910975,0.030003423,-0.027824117,0.01922545,-0.013083078,0.01323996,0.004040309,-0.022076193,0.0039794897,0.0146094635,-0.0004511238,0.006687371,-0.01763268,0.03127987,0.03332385,0.020054884,0.07667388,-0.013388295,0.0073274733,-0.018956965,-0.012212046,0.0242512,-0.012711838,-0.022215253,-0.020324387,-0.00460375,-0.02090293
/mnt/sdd/caltech_training/three_classes/train/001.Black_footed_Albatross/Black_Footed_Albatross_0001_796111.jpg,0,-0.0001093882,0.0003827887,-0.0002043545,0.010232476,0.005725744,0.0011923915,-0.010841278,-0.016768454,-0.00035221677,-0.004061283,0.0005394004,-0.008404404,-0.0041472525,0.014882844,0.014011703,-0.004067544,0.01092837,-0.009878151,-0.0022992515,0.010408655,-0.015544382,0.006694859,-0.004094934,0.0009207176,-0.010289803,-0.008719276,-0.0014200994,0.010899931,-0.0007238284,-0.012087044,0.013654204,0.0068663857,0.010693508,0.0058425423,0.0006942048,-0.005679878,0.016159195,0.023360435,0.044295505,0.009767485,0.0038999168,0.012248335,-0.0012040581,0.0053311456,-0.0067399708,0.0036695166,0.010403454,0.014025219,0.0008869085,0.00025481544,-0.032276478,-0.0060851513,0.0012937719,-0.01286014,0.0038748109,-0.0043413104,-0.017636716,-0.023670867,-0.02119395,-0.031155445,-0.037361782,-0.0023699666,-0.008592688,0.051037394,0.06131749,0.08304028,0.06887989,-0.005296361,0.037657425,0.033898525,0.027035587,0.02709473,-0.0085102,-0.009037755,-0.0051202336,0.019062199,0.0022584973,-0.0040062657,0.013970254,0.013674202,0.011813735,0.004127494,-0.011106659,0.004690688,0.0050147334,0.017837819,0.0028187206,-0.005800673,-0.0027634327,-0.0020359168,0.0046621473,-0.0011628028
/mnt/sdd/caltech_training/three_classes/train/001.Black_footed_Albatross/Black_Footed_Albatross_0014_89.jpg,0,0.00059992325,0.0016582767,0.00087940425,0.0050228722,0.0056044767,0.0034437387,0.00087887095,-0.004414439,0.010139544,0.013374123,0.004085747,-0.00214478,0.0002704542,0.0027885884,0.0041326582,0.013013592,0.009145673,-0.0021339261,-0.0064441557,0.0032773488,-0.00026562926,0.00057591405,0.0066354666,0.0061726063,-0.009460269,-0.00060988055,-0.003970506,0.009528711,-0.00059107714,0.005022728,0.0032778904,-0.008281393,-0.003759478,-0.0116849085,-0.010244472,0.00019009132,0.005407264,-0.0115183005,-0.0058958777,-0.010761704,-0.008848893,0.009314386,-0.0069095716,-0.00023441901,0.0034057815,-0.001561403,-0.010782596,-0.0032056684,-0.0043892716,0.008238715,0.0058931354,-0.008147765,-0.003500009,-0.011566024,-0.008930162,-0.0091791805,-0.011528812,-0.022507131,-0.01525511,-0.009032727,-0.009556763,-0.0054823146,0.001700895,0.04955616,0.04841192,0.05208202,0.04602676,0.013901849,-0.020544525,-0.008607972,0.017518,0.03922846,0.011376284,-0.0037951248,0.0287189,-0.009947333,0.008964056,0.009198323,0.037920173,0.01767629,0.023612171,0.042183038,0.0016434123,-0.009977127,-0.012330087,0.008364152,0.0241319,-0.010543637,-0.003621947,0.0067453757,-0.006690571,-0.0057022134
/mnt/sdd/caltech_training/three_classes/train/001.Black_footed_Albatross/Black_Footed_Albatross_0057_796106.jpg,0,-0.00044996198,-0.001820466,-0.004230252,-0.0062762084,-0.0066922447,-0.0010275877,0.00059193815,-0.0055658044,-0.0183855,-0.011352623,0.003022235,0.0007237599,-0.0052644173,0.0044558095,0.0050660055,0.006244205,0.012972936,-0.015431793,-0.009756318,-0.012280839,0.0047394373,0.009315871,0.0054400787,-0.0030073754,-0.0029571964,-0.0032209442,-0.00080452755,-0.0027479248,0.009964559,0.0055587282,0.0012087323,0.005898198,-0.00043532357,-0.008189058,0.00912226,0.0010703189,0.023436913,0.021987528,0.012393705,0.009037626,0.0028185197,-0.0012373421,0.0024981115,-0.0025530336,-0.007863976,-0.011026711,0.010813789,0.0019619232,0.012869959,0.0050971536,0.0194361,-0.0047736713,0.009400522,-0.009105276,-0.004684536,-0.011779752,0.016472064,0.0013920353,-0.0024941855,-0.0065381085,-0.0045442353,-0.006716998,0.007307105,0.03421844,0.05060345,0.05558739,0.08038512,-0.00811522,-8.1412494e-05,0.009290108,0.03146179,0.0048791785,-0.0066346126,0.005076281,0.011436064,0.016191708,0.0027890406,-0.0040540555,0.019956287,0.026254877,0.021549497,0.04793024,-0.0023357435,0.012712494,0.011149077,0.0178141,0.020545317,0.008222607,-0.011070345,-0.011031213,-0.0024938863,-0.0050266683
/mnt/sdd/caltech_training/three_classes/train/001.Black_footed_Albatross/Black_Footed_Albatross_0065_796068.jpg,0,0.004427073,-0.0009544142,-0.0056906245,-0.0033976939,-0.007027746,-0.0036831568,-0.012030105,-0.01567724,0.006434132,-0.0023860806,0.0009075694,-0.0021039683,-0.009153069,0.009617722,-0.022243328,0.0045761587,-0.0015350765,-0.011433792,-0.013279019,0.0005633987,-0.00084292516,-0.009648938,-0.0042434745,-0.009974854,-0.0061113625,-0.005573405,-0.012113629,-0.009180868,-0.010086715,-0.00305646,-0.003127473,-0.011492948,-0.011597687,-0.010871176,-0.00022346782,-0.009426755,0.007999664,-0.003010194,0.0044354647,-0.026101973,-0.023476917,-0.010218562,-0.016554708,-0.024185209,-0.025508875,-0.0070401533,-0.017144924,-0.014608416,-0.014705899,-0.012368348,-0.0035157155,-0.0072554415,-0.003952234,-0.016934542,-0.0140269445,-0.011589088,0.0021129514,0.010296345,-0.012646231,-0.014099346,-0.008342034,-0.02475322,0.008148813,0.027089981,0.051979333,0.06844781,0.07909113,-0.010745568,0.011832467,0.027795043,0.020818638,0.002629836,-0.008336841,0.01898155,0.014223701,0.035623357,0.0036517319,-0.011772074,0.025263004,0.022430658,0.03564191,0.029348297,-0.0069480995,0.007652716,0.004529802,0.013444044,0.016260404,-0.014813508,-0.018327078,-0.009100655,-0.008657914,-0.0034021111
/mnt/sdd/caltech_training/three_classes/train/001.Black_footed_Albatross/Black_Footed_Albatross_0071_796113.jpg,0,-0.000113694,-0.0016285072,-0.0018167922,-0.009649238,-0.0015184836,-0.001781947,-0.001415499,-0.009876508,-0.004404485,0.003359254,-0.0037841098,-7.578387e-05,-0.00058450666,0.014798251,0.003042391,0.002006053,-0.0035885237,0.009503047,0.005334311,0.0027568727,-0.023346078,-0.006809655,0.010400829,0.0007588081,-0.0112399375,-0.000276113,-0.0023370013,-0.007351625,-0.00013492559,-0.008399607,-0.0088497475,-0.008560266,-0.008092368,-0.008705191,-0.006033079,-0.006293689,-0.0059882216,-0.014436983,-0.025514174,-0.029539123,-0.022429366,-0.0074288165,-0.012356926,-0.010581002,-0.005465035,-0.014841324,-0.012975177,-0.013461858,-0.027534407,-0.022689346,-0.01677927,-0.000728442,-0.0050113816,-0.019188419,-0.0073416624,-0.008208884,-0.009532215,0.0015877367,-0.006277079,0.003987137,0.0069927094,-0.0073598875,-0.0025568162,0.053118177,0.054541446,0.07577106,0.06801058,0.0014348648,0.036252987,0.047077414,0.042367328,0.017338635,0.0045143077,0.0057648933,0.021107974,0.023004532,0.036071748,0.00097422337,0.0078812335,0.017608218,0.014397461,0.022319589,-0.010798926,-0.0021875212,0.003095687,0.029249862,0.0029166625,-0.009210682,-0.016540958,-0.015630616,-0.01596642,-0.0028377948
/mnt/sdd/caltech_training/three_classes/train/001.Black_footed_Albatross/Black_Footed_Albatross_0045_796129.jpg,0,-0.0007975485,0.0045286273,0.0010376393,-5.8931706e-05,0.0030591742,0.0014395608,-0.0011972141,-0.0035479087,-0.019276965,-0.012441359,6.51218e-05,-0.0011837501,-0.002077804,-0.005457305,-0.0059359483,-0.0078051547,0.0029269925,-0.0061133457,-0.003491102,-0.003660914,0.0017872222,0.0046434426,-0.00066210725,-0.0017377727,0.000116453506,0.0001961434,0.0036139577,-0.0042580017,-0.00225223,0.00043354055,0.0001918769,0.01158759,-0.009945473,0.009014773,-0.005193311,-0.0035974504,0.0022124927,-0.010006186,-0.012482256,-0.009100238,-0.024304317,0.015466642,0.0019910482,-0.0011765803,0.0046649305,0.0053502414,0.012127541,0.0077314563,0.010242842,0.016727615,0.01337368,0.0078636715,-0.01578812,-0.010818568,0.0006333797,-0.0038036937,-0.006828297,-0.007934757,-0.011701232,-0.0076754685,-0.01095935,-0.017574582,-0.0057532927,0.049384546,0.048975464,0.052142914,0.06359503,0.008145532,-0.014203305,0.01637139,0.014541719,0.0038896436,0.029371137,0.003845492,0.008723432,0.012048706,0.009893669,0.020857876,0.02248782,0.014517695,0.015113183,0.032335907,0.010059379,0.017458383,0.0049467543,0.005295618,0.022793235,-0.00641603,0.0031601507,-1.6045524e-05,0.006116676,0.014453712
/mnt/sdd/caltech_training/three_classes/train/001.Black_footed_Albatross/Black_Footed_Albatross_0047_796064.jpg,0,0.0017369173,0.004191174,0.00079683954,0.0029288225,0.0036161297,-0.000104470266,-0.0026237369,0.0055945413,0.008709204,0.0023786859,-0.0025477954,-0.009694569,-0.0060864235,-0.0198477,-0.008138789,-0.0077098976,-0.008313178,-0.003976487,-0.0010500618,-0.006763056,-0.0004895099,-0.00504673,0.0021844567,-0.0059207776,0.00580004,-0.0030665773,-0.006280847,0.004608179,-0.005618296,-0.005426495,0.0012837442,-0.00048427808,0.004800982,-0.0049977684,-0.033711728,-0.00912657,0.0038116272,-0.012400458,-0.010501154,-0.0031027615,-6.767735e-05,0.0022685113,-0.0018920107,-0.017129965,-0.024292544,-0.019016912,-0.006468309,0.012884153,-0.027713541,-0.024869366,-0.022374012,-0.018130407,0.012097297,0.0020938003,-0.0016599437,-0.015054809,-0.008014154,-0.0031006103,-0.00874206,0.0019398467,0.0040157144,-0.01270255,-1.0983436e-05,0.039209973,0.045127116,0.0693945,0.062313393,-0.010363778,-0.007788969,0.0046507115,0.039762713,0.024880659,-0.020074153,-0.017695893,0.002312661,0.016404716,0.0032977762,-0.022855833,0.019315375,0.026601207,0.009012653,0.024411649,-0.0049054,-0.018425772,0.006651043,0.014355384,0.025692485,-0.011424059,-0.0048987176,0.0030000885,-0.0034905176,-0.00469528
/mnt/sdd/caltech_training/three_classes/train/001.Black_footed_Albatross/Black_Footed_Albatross_0039_796132.jpg,0,0.00045802485,-0.0022571422,6.8892725e-05,0.0048497706,-0.0036309701,0.0028104691,0.01589128,0.017005526,0.004499958,0.0022758215,0.008974791,0.0015915008,0.0024793423,-0.0043666046,0.02319251,0.0037332335,-0.01447876,-0.0012222156,0.0059849834,0.007952374,0.028122585,0.018905096,0.0061607724,-0.0017615234,-0.0048082657,-0.004174025,0.004769174,0.011424531,0.0045148646,0.0054561077,0.010006011,0.008806992,0.008512763,0.004919391,0.0069753053,0.000981416,0.02543399,0.02524119,0.0062004677,0.015325092,0.014566952,0.010955235,0.016735317,0.0045343842,0.010140923,0.00021864375,0.021728963,0.020266972,0.014661218,0.03471365,0.014658612,0.020164313,0.0018437705,0.017825812,0.005720352,0.011191806,0.026930537,0.02490327,0.034826696,0.02020868,0.013196023,-0.004358913,0.0033191054,0.035021514,0.03767406,0.048183776,0.070920765,0.01812426,0.008611412,0.02248862,0.025609592,0.027522527,0.011967662,0.0021020554,0.013626602,0.0010189929,0.003587353,0.005858742,0.018678855,0.022930328,0.013649726,0.03667442,0.009951846,-0.00040104706,-0.00042289868,-0.017014433,-0.019818302,0.008607491,0.008205397,0.0044901837,0.0041812724,-0.00023651845
/mnt/sdd/caltech_training/three_classes/train/001.Black_footed_Albatross/Black_Footed_Albatross_0085_92.jpg,0,0.0022918882,0.0047907955,0.0022839843,0.005303957,-0.000905546,-0.0011222172,0.00709203,0.0126977,0.0020968318,0.0030743382,0.01674842,0.0055767195,0.003884485,0.015549403,0.0126890065,0.0106333885,0.0010953305,-0.007422276,0.0041643423,-0.0043161176,-0.0075485744,-0.0039076935,0.011058413,0.011386421,0.0010090673,0.004067473,0.0093761105,0.0065304385,0.0015829285,-0.014967174,-0.016534531,-0.0015820458,-0.0014044839,0.0030352594,0.0017953166,0.005660028,0.0060807066,0.008794377,-0.010297195,-0.021510063,-0.0012768516,0.01442254,0.005722997,-0.016091343,-0.008087123,-0.007182966,-0.002213291,-0.012519132,-0.019976197,-0.0070004156,-0.016071264,0.01836145,0.007303328,-0.006815903,-0.0069478136,-0.008709479,-0.010399444,-0.012161727,-0.020338211,-0.021715146,-0.02944205,0.0025341604,0.0074225757,0.051122047,0.06001838,0.070767604,0.06862714,-0.005223136,0.010507325,0.013572716,0.037788603,0.034978937,-0.013161291,0.0065699946,0.006984319,0.0130980965,0.020589937,-0.010824225,0.027467057,0.007283215,-0.0045664157,0.024884082,-0.017092118,-0.00788817,0.000844358,0.008908674,0.026795685,-0.01679371,0.0012929873,0.008184652,0.0008731077,-0.0071849246
/mnt/sdd/caltech_training/three_classes/train/001.Black_footed_Albatross/Black_Footed_Albatross_0068_796135.jpg,0,-0.005251972,-0.0052471985,-0.0029209391,-0.00029649655,-0.0043890285,-8.8004104e-05,-0.012601089,-0.0114361625,-0.0008083668,-7.4191485e-06,-0.0035234354,0.003951248,-0.0011876759,-0.018071847,-0.02161394,-0.01725981,-0.004777588,0.010718327,0.004694899,0.008053753,-0.0017619666,-0.018064445,0.004382874,0.004258728,-0.0011499325,-0.00028992404,0.0005542307,0.0003248172,-0.0016797003,0.013080034,0.005435931,0.0050194357,-0.019145446,0.0075640953,0.0019115552,-0.0011487404,-0.016866447,0.0007760823,0.0074358983,-0.002921815,-0.008964435,0.008915702,-0.008767501,0.003932058,0.007523516,-0.003912613,0.007983888,0.0041536484,0.008488652,0.010201811,0.0015467609,-0.018595586,-0.002124614,0.0020701839,-0.0061328574,-0.0009154357,0.014589152,0.017530177,0.024901982,0.011194883,0.0104803005,-0.010101075,0.0037501953,0.05984269,0.056200054,0.076237485,0.07234427,-0.013654934,0.022347156,0.02069909,0.026429739,0.033689838,-0.008888092,-0.007121105,0.0061703827,0.007047558,0.00079369615,-0.017469484,0.02668839,0.0265024,0.029773133,0.057828244,-0.017667677,0.00010214606,0.014305092,0.006941209,0.0041887467,-0.007608764,0.0008439808,-0.009623943,0.003823772,-0.009122165
/mnt/sdd/caltech_training/three_classes/train/001.Black_footed_Albatross/Black_Footed_Albatross_0016_796067.jpg,0,0.0006387562,0.0022340924,0.0023114958,0.006002544,0.003693776,0.003053878,0.004712786,0.011608217,0.0015562968,-0.0022614957,-0.006330221,-0.0006295146,-0.0026914822,0.009256588,-0.003730728,0.014464921,0.0110891275,-0.013620899,-0.007490698,-0.008494626,0.0001853013,0.014962186,0.004499625,0.016666632,0.010340224,-0.0054691425,0.00559371,0.0005688749,0.0033667604,8.766714e-05,-0.00071410974,-0.0075239465,-0.00035287207,0.009304488,0.0062543647,0.0016757969,0.00017882755,0.020652931,0.0265699,0.0047142715,-0.0005243565,0.0007891767,0.006098632,-0.021965701,-0.013516513,-0.0031615556,-0.0052915486,-0.0286806,-0.018054599,-0.013697023,-0.01629415,0.0003105118,0.013290396,0.0046908846,0.006589925,0.005850154,-0.007334058,-1.2352015e-05,0.0029957178,0.008125174,0.009811026,0.0101801865,0.019955117,0.026199229,0.043498386,0.06657292,0.07668077,0.018336166,0.004377498,0.033271603,0.05091107,0.016339757,0.01669729,0.0053374744,-0.0075214487,0.0006977925,0.003857363,0.017462518,0.02399097,0.014780447,0.01102889,0.047627635,0.009742664,-0.013860084,0.0014903038,0.004424466,0.019707084,0.0015716632,0.0028981734,0.0027775648,0.009332997,0.008827401
/mnt/sdd/caltech_training/three_classes/train/001.Black_footed_Albatross/Black_Footed_Albatross_0090_796077.jpg,0,0.0027309158,0.0002280038,0.0052305455,-0.0028272546,0.0035661971,-0.0007024718,0.0063869813,0.004338314,0.011289813,0.0019495941,-0.0008335033,0.000614244,-0.007873587,0.0045276317,-0.0031814124,-0.0150926,-0.0059350138,-0.0044360785,-0.0006466317,0.0018968082,0.0097001195,-0.005451708,0.0043326784,-0.0020162307,0.0055243378,0.002894429,0.00326401,-0.0035756575,-0.00053776836,-0.0045809085,0.0031580797,-0.026757773,0.0035477213,-0.009733487,-0.015220188,-0.005605873,-0.028366629,-0.02656826,-0.020263135,-0.025451545,-0.011218286,0.012923929,-0.0054956395,0.010495788,0.009010188,0.00037508877,-0.0058985935,-0.003246623,-0.005463671,-0.022029059,-0.0119141955,-0.0063400143,-0.008527365,-0.0143604465,-0.0045682434,0.0010924591,0.003476786,-0.020904094,-0.0035519507,-0.0116989575,8.2208775e-05,-0.016373033,-0.0045506787,0.04801166,0.04735723,0.055673704,0.06283546,-0.004891184,0.03593688,0.04083067,0.03934978,0.019074026,-0.008406382,-0.00039002474,-0.0011266549,0.0038023135,0.0193502,-0.013368506,0.02078127,0.010755802,0.014358738,0.020842388,-0.006650986,-0.01804328,0.00578417,0.0025180778,0.018188417,-0.0033246633,0.005623483,0.012410313,0.0046537803,-0.001620363
/mnt/sdd/caltech_training/three_classes/train/001.Black_footed_Albatross/Black_Footed_Albatross_0089_796069.jpg,0,0.001822016,-1.5116471e-05,0.0006968238,-0.0027331507,-0.000627459,-0.0005044466,-0.013880639,-0.026106479,0.0059715845,-0.004616568,-0.00522781,-0.0101705,0.0012030278,0.0043355133,-0.010256939,-0.009075107,-0.0037659083,-0.014466388,-0.009821667,7.529056e-05,-0.014484685,-0.003660746,0.009132003,0.007398197,-0.01049527,-0.0045198975,0.00080056535,-0.016975045,-0.002983737,0.008272092,-0.010002533,-0.007437866,-0.011469813,-0.008424424,0.0088392105,0.0014780913,-0.020303179,-0.020828102,-0.026261404,-0.009154824,-0.00024253479,-0.010702846,-0.0017012607,0.0028940437,0.0039966716,0.0011659279,-0.01788973,-0.002650378,-0.014783956,0.002233128,-0.003838321,-0.01097081,-0.006953559,-0.0044401223,-0.008196896,-0.0038481264,-0.007651392,-0.005259727,-0.01072793,-0.018709173,0.00074111496,-0.0016127082,-0.010112986,0.04437049,0.048879616,0.06294602,0.066589996,-0.01957948,0.010721182,0.025608784,0.05049959,0.022212086,-0.0166233,0.009740619,0.011299538,0.0036396203,0.0081325285,-0.020568911,0.028148547,0.035186775,0.017703863,0.028032564,0.008826967,-0.0072014327,0.011409687,0.0009785985,0.0013839474,0.003530642,0.009250108,0.004907718,0.016098019,-0.0011629877
/mnt/sdd/caltech_training/three_classes/train/001.Black_footed_Albatross/Black_Footed_Albatross_0005_796090.jpg,0,0.0033120094,0.000667349,-0.0036822027,-0.0005731982,0.0043109218,0.00040415206,-0.004046053,-0.002309213,0.010503031,-0.00037804083,-0.0018531978,-0.0077996044,-0.006753796,-0.0046941964,0.0005062728,0.0033940696,-0.0059619267,-0.011979273,-0.008108252,-0.006757227,0.0041611297,-0.002766395,-0.0002474119,-0.0033547373,-0.012759018,-0.005174123,-0.0038139932,-0.00032567838,-0.008064907,-0.0018160857,-0.0023301786,0.0045176484,-0.016471045,-0.010874502,-0.011944829,-0.016112566,0.0025149854,-0.010107275,-0.008234097,-0.009050511,-0.0067629567,-0.007358158,-0.0068898853,-0.020408431,-0.016239677,-0.017780323,0.0012837236,0.0051198686,0.012314256,-0.013761641,-0.002824817,-0.017478095,-0.0040672487,-0.012648603,-0.0067407195,-0.0016540759,-0.014751783,-0.010689632,-0.009707345,0.0010126487,0.004354102,-0.012907257,0.008069839,0.038073163,0.050276347,0.0604617,0.07477737,-0.0034580114,-0.0010821056,0.03792751,0.043645836,0.026189044,-0.01228276,-0.00026347477,0.0021762974,0.01383308,0.023693863,-0.012878564,0.0029043127,0.0069996137,0.010663831,0.036513336,-0.0072635384,0.006846485,0.011433091,-0.005083579,0.013751749,-0.008805633,0.0042236145,0.0072911903,-0.0012056893,0.0017922032
/mnt/sdd/caltech_training/three_classes/train/001.Black_footed_Albatross/Black_Footed_Albatross_0007_796138.jpg,0,0.0012675228,0.0001582366,0.0029622929,0.004737503,0.0006636134,-0.0015048995,-0.002390772,0.009314712,-0.008024229,-0.01799357,-0.0017950336,-0.00670346,0.0022973358,-0.0040140874,0.007771402,-0.0091026565,-0.0026380182,-0.009564232,-0.0075355833,-0.0063281297,0.009701276,0.009707863,-0.005132626,-0.0033331022,-0.010691907,0.0023068439,-0.004064223,0.017308025,0.002962818,-0.0009228826,-0.0039964602,0.0011606604,0.004047725,0.0007697097,-0.002272061,-0.00088065374,0.02436421,-0.0147456825,-0.006933109,-0.008804359,-0.011229097,0.0110399,0.011001639,-0.005424026,0.002455714,-0.00085694494,-0.013505718,-0.017385904,-0.0025254206,-0.017981164,-0.01068772,0.0029862917,-0.0051527643,0.0048460537,0.012959834,0.0013540566,-0.014109877,-0.008066589,-0.010544357,0.004438944,0.0003572352,0.027310437,-0.00020993501,0.029231746,0.047455173,0.05745638,0.06515734,0.0018952764,0.0053556943,0.036124922,0.003543674,-0.009705124,0.013719221,0.017808089,-0.0029149593,0.006593799,0.004711676,-0.00058798783,0.0055747842,0.011686108,0.026098097,0.02808728,0.0035166505,-0.0068351263,0.0004538024,-0.0064296047,0.018357104,0.0121152345,-0.004271972,0.0073132804,0.0045457375,0.015273801
/mnt/sdd/caltech_training/three_classes/train/001.Black_footed_Albatross/Black_Footed_Albatross_0069_796139.jpg,0,0.0020662926,0.0048862128,0.0023095575,0.0034985156,0.007313725,0.0021837812,0.0028413062,0.0033351434,-0.009714871,-0.006394586,-0.00058569235,-0.0026513056,-0.0133828195,0.007991217,-0.0062044123,-0.0008672187,0.00027332501,-0.0036832362,-0.009733765,-0.00080504816,0.0048814686,0.0017492512,0.0041308086,0.012044315,0.0017818236,-6.2451e-05,-0.0020192214,-0.00020214333,0.010428421,-0.009214474,-0.0031409066,0.00032774126,-0.0015205552,0.012961202,0.0004862676,-0.004566626,0.014143298,0.0014035776,0.0063340543,0.004990667,0.01063264,0.005308681,0.007609953,0.0037653965,0.0011837127,0.0067243013,0.005468757,-0.0011452027,-0.0021183346,0.00029676367,0.007484183,-0.0066736285,0.009208154,0.014800455,0.012539946,-0.001757817,0.0030133002,0.023999408,0.014112273,0.009424696,0.0048879916,0.0035056293,0.01159738,0.053429738,0.05655609,0.07320781,0.07369663,-0.00894375,0.012818362,0.032837152,0.042565286,0.030849969,-0.006108283,0.011089109,0.0026993079,0.0045495685,0.015739102,-0.0033802995,-0.009727157,-0.0014648784,-0.005491551,0.010491995,-0.030143507,-0.0074248407,-0.0058825575,-0.0060470956,-0.001238102,-0.0046628406,-0.0077564158,0.0048215343,-0.003954662,0.005992757
/mnt/sdd/caltech_training/three_classes/train/001.Black_footed_Albatross/Black_Footed_Albatross_0040_796066.jpg,0,0.0003875309,0.002619069,-0.004332024,0.0062032216,0.007683295,0.0024064356,0.0087588895,0.0046344213,0.0061388235,0.0072582196,0.006669997,0.0064121857,0.0014649837,0.002115967,0.004957067,0.0034250077,0.004055339,-0.0031147525,-0.0017245113,0.007649459,0.001810337,0.013591386,-0.004054682,-0.005695475,0.0071709594,0.0003497689,0.003046464,0.0059871585,-0.000501135,-0.00065392256,0.0041880533,-0.010439415,-0.018296745,0.011454776,0.013497158,0.010477021,0.022242906,0.014341521,-0.020730961,5.268329e-05,-0.008700421,0.017479524,-0.0020974767,0.0076921284,0.0024487127,0.004828482,0.029564343,-0.001229652,0.004843192,0.03031479,0.018923234,0.009763498,-0.0037682352,-0.0073783314,-0.020621955,-0.0031056004,-0.007862743,-0.0039555654,-0.011858288,0.0018984688,-0.021377042,-0.0031091517,0.0011353348,0.047579616,0.06523879,0.06275141,0.074295476,0.026998758,0.005381584,0.040828157,0.017137915,-0.0073389746,0.009444645,0.01393925,0.0014770089,0.009547147,0.00908358,0.005667748,0.007092273,-0.00070048426,-0.0030876063,0.0244638,-0.010314628,0.0051226243,0.00765923,0.027530786,0.01603562,-0.02098947,-0.017579354,-0.015615814,-0.012135711,-0.016210414
/mnt/sdd/caltech_training/three_classes/train/001.Black_footed_Albatross/Black_Footed_Albatross_0041_796108.jpg,0,0.0037402154,-0.00090133795,0.004236507,0.0074863075,0.0002678918,0.0013066899,0.009148825,0.024797278,-0.0097297365,-0.0011650409,-0.0029381376,-0.0008412821,0.0027460442,-0.023510713,0.0138651235,0.004260225,-0.0032212364,0.01019393,-0.003086628,0.0017527009,0.017922241,0.007270296,0.0065570734,-0.00639875,0.004878168,0.0004594007,0.0012413154,-0.0075800642,-5.6747987e-05,0.0038869744,-0.006687602,-0.0024208594,0.005634955,-0.0091185495,0.0020563346,-0.009375605,0.030437123,0.011119384,0.008216212,-0.011524817,0.009665331,-0.0161371,-0.0013863547,-0.00014898856,-0.0064780647,-0.0005697919,-0.0054105464,-0.0063053817,-0.0059664454,0.009492618,-0.011159648,-0.005636323,0.018135088,0.003176683,-0.011076821,-0.013619812,-0.013359203,0.0054549626,0.0060859285,-0.009353349,0.00035780016,-0.0062176227,-0.0017809765,0.04049381,0.05731608,0.06423418,0.0762815,-0.013546611,-0.005918813,-0.011760283,0.044547748,0.018782798,-0.02167604,0.02142838,0.009375528,0.034115028,0.033506982,-0.0101505965,0.03697089,0.038059533,0.03568435,0.049853235,-0.0082689775,0.00889942,0.0039044172,0.021826178,0.0020319065,0.007988549,0.002867369,-0.007684597,-0.007512899,-0.0016460118
/mnt/sdd/caltech_training/three_classes/train/001.Black_footed_Albatross/Black_Footed_Albatross_0074_59.jpg,0,-0.0027050783,0.003084802,0.00059164106,0.001096712,0.0044832034,0.00053885294,0.0003765226,-0.014298853,-0.009657258,-0.00953094,-0.001918193,-0.0072408086,-0.005058204,-0.015648656,-0.009617532,0.010433843,0.006349745,0.017569574,0.011289693,0.0020092232,-0.0028496208,-0.0015314304,0.009402818,0.009815894,-0.011294411,-0.011156328,-0.0064232918,-0.008090516,0.0025264071,0.0061413585,-0.007334335,-0.015851134,-0.0006561647,0.005560966,0.0068346364,-0.0032648128,-0.014818247,-0.027079761,-0.053697012,-0.011574626,-0.013678732,-0.005854017,-0.0010876423,-0.027218213,-0.014991045,-0.015961759,-0.0009347135,0.001443828,-0.0064240787,0.013514338,-0.000913796,-0.001897778,-0.004742321,0.0054223193,-0.0012293276,0.004623537,-0.019915072,0.005262882,-0.006650937,-0.0025265086,0.008611734,0.008408092,-0.0013981906,0.034582015,0.04943963,0.06100988,0.06121324,-0.0022136034,-0.005948904,0.027299028,0.05171365,0.025745925,-0.0020352378,0.0010088608,-0.0006126005,0.016304616,0.0021127465,0.0069062808,0.0045847697,-0.001720706,-0.013482286,0.021621523,0.008406774,-0.004214195,0.005627727,-0.005968391,0.016566267,0.007478187,0.009403669,-0.0013025142,0.010041904,-0.00010775018
/mnt/sdd/caltech_training/three_classes/train/001.Black_footed_Albatross/Black_Footed_Albatross_0050_796125.jpg,0,-0.0010687872,-0.001997272,-0.0045960904,-0.0067497715,-0.00879824,-0.003042588,-0.011498658,0.004789021,-0.0032793477,-0.0012446502,-0.0057905833,-0.01095034,-0.00053919735,0.0014098053,-0.002799017,0.022348285,0.0070787882,-0.0042422256,-0.0030304948,-0.009806976,-0.011561166,0.005318737,-0.0063730665,-0.0068486165,-0.00046986947,-0.003324314,-0.0017812938,-0.009810956,-0.00427033,0.002064256,0.005305345,-0.0031731196,-0.0064230203,-0.0017028535,-0.0029869191,-0.0022658033,-0.018462174,0.011561602,0.0051999926,0.0056009186,0.002891725,0.011412044,0.0038905032,-0.009795173,-0.010860497,0.003900238,-0.02206821,-0.008868005,0.015187858,-0.014280083,-0.0066962624,0.0018224362,0.0031993543,-0.013926243,-0.01363788,-0.001936056,-0.00029408745,0.015238106,0.008131616,0.0006012649,-0.0102288285,-0.006169878,0.0027416963,0.040986177,0.05620433,0.063624054,0.06848423,-0.006749819,0.01206173,0.027525958,0.020779315,0.024491401,-0.002082719,0.0114171775,0.012914733,0.01919249,0.013808862,-0.0039480627,0.015139332,0.013271266,0.01813005,0.054587126,-0.0009038502,-0.0039148787,0.011576835,0.00421166,0.0071755485,0.0026435677,-0.0035705813,0.0045069032,-0.00097116735,0.00042512885
/mnt/sdd/caltech_training/three_classes/train/001.Black_footed_Albatross/Black_Footed_Albatross_0058_796074.jpg,0,0.000616558,0.0023166053,0.0024400377,0.014330482,0.008760611,0.00288748,0.0008631335,-8.352543e-05,-0.0019423866,-0.0035441178,-0.0011136818,-0.00073408766,0.0021273703,0.0026766222,0.015648177,-0.010085282,-0.009323286,-0.008364424,-0.005829309,-0.006749265,-0.0015843031,0.013110856,-0.009970628,-0.0076339482,-0.0020509008,-0.0012110701,-0.0032592507,-0.001754,-0.0059305127,0.005949203,0.0016829832,-0.008003641,0.0039606434,-0.010663036,-0.019642286,-0.014806884,0.014874126,0.0016654286,0.00496308,0.017413653,-0.00032547396,0.009616265,0.0029193682,-0.0002161786,0.005507,0.0060109184,0.01104827,0.01007668,0.005257538,-0.005388225,-0.0052521196,0.010009425,0.002853568,0.0031990712,-0.009273513,-0.002737331,0.013723635,0.004289532,-0.0043065604,0.0062901415,0.008216862,0.0022800067,0.00957424,0.038576074,0.05141297,0.057839386,0.07285117,-0.003893741,0.021341719,0.049842436,0.036098786,0.03299616,-0.0036602037,-0.00221127,-0.009076983,0.006410418,0.019016728,-0.005668276,0.016318467,0.014733471,0.022993375,0.018865056,0.0019620948,0.0029143998,0.010116223,0.012839114,0.009052776,-0.0076996377,0.0030685733,-0.005157639,-0.0015517119,0.00089998404
/mnt/sdd/caltech_training/three_classes/train/001.Black_footed_Albatross/Black_Footed_Albatross_0038_212.jpg,0,0.0008903367,-0.00087331963,-0.0001613565,0.014301844,0.011101117,0.005053523,0.009962208,0.008706952,0.0001200682,0.003369842,0.0009815105,0.0018484906,0.0070332936,0.018750863,0.0034563271,0.0142891565,0.0015780525,-0.008325223,0.003848924,0.006434019,0.022746058,0.000119747594,0.0074844803,0.0076471246,-0.008963131,-0.0011897692,0.004634265,0.023194741,0.0106367525,-0.004071774,0.00842368,0.019460486,-0.0073910076,-0.011970143,0.00478414,-0.00093171385,0.027067441,0.026722394,0.0068838187,0.008284623,0.010057237,0.013147556,0.0014456311,0.016140614,-0.0009390197,0.0055582933,-0.012406569,-0.0073327688,-0.016332872,-0.015820263,-0.022293754,0.0064373626,0.018223029,6.2139705e-05,0.003318102,0.0116895875,0.0074823517,-0.0054431334,-0.021132562,-0.015589608,-0.020755628,0.005821376,0.0017081483,0.050587285,0.06940307,0.076698914,0.077655554,-0.011398524,0.007537605,0.03556753,0.026803322,0.022879597,-0.024246715,0.0015336957,0.003500925,0.0026498004,0.0053902725,-0.023536645,0.010657996,0.015579048,0.0072270557,0.0081187915,-0.014940125,0.0058861077,-0.015906235,0.0025414294,0.007774936,-0.0069927014,-0.003065264,-0.0058118887,-0.005226371,-0.001710235
/mnt/sdd/caltech_training/three_classes/train/001.Black_footed_Albatross/Black_Footed_Albatross_0077_796114.jpg,0,0.0019258322,-0.00019179337,0.0035690498,-0.0045035942,-0.009251371,-0.0017588274,0.0012703711,0.0059560584,-0.003193534,0.006593097,-0.007398801,-0.0048848484,-0.002414063,-0.006379784,0.023578007,-0.018268155,-0.005646916,-0.0027479138,0.002153149,-0.013596382,0.012069121,0.010095203,0.0012461492,-0.00064348,0.004458217,-0.0018331842,0.0010746592,0.0065213423,0.013253987,0.002207038,-0.00373073,-0.01506809,0.002843896,0.008519162,0.0011944133,0.008240623,0.00652136,0.024417115,0.0036014318,0.0009201863,0.00014593638,-0.0074647674,0.013149025,-0.0010235015,0.0016237189,-0.005753222,0.0043029455,0.006672708,0.0011777085,-0.0018429949,-0.0005310271,0.00823188,0.0025453584,0.014163628,0.011887154,0.0041407393,0.03313606,0.029554863,0.02072372,0.014601257,0.010399118,-0.01533752,0.0030268447,0.03148149,0.038506694,0.060775023,0.07628299,0.0037210707,0.021352662,0.02020539,0.027816344,0.024065359,-0.0030018867,0.003221151,0.0028269128,-0.0024092128,0.0011524078,0.0009516586,0.028467834,0.03367787,0.019975698,0.036142115,8.8631874e-05,-0.00010697008,0.016459418,-0.0062505123,-0.00070066354,-0.00046165776,-0.022229351,-0.013367157,-0.02152895,-0.00503578
/mnt/sdd/caltech_training/three_classes/train/001.Black_footed_Albatross/Black_Footed_Albatross_0079_796122.jpg,0,0.0015565492,0.00045982175,6.711381e-05,-0.003743805,-0.01142073,0.0001521986,-0.0018282721,0.006762337,-0.0006930316,-0.004076165,-0.0014821962,0.0020018332,0.0035727099,0.012910252,0.008289552,-0.0017344791,0.0023222445,0.0021828965,-0.0050272355,-0.0026662182,0.0059766467,-0.0031388989,0.004742129,0.0071890354,-0.000104060164,0.0024585153,-0.003104378,0.0069958195,0.005215424,-0.011492818,-0.0005766372,-0.0044878693,-0.0024278858,0.009203428,0.01912202,-0.0017964208,0.022872994,0.019149613,0.0005645709,0.024325524,0.009799543,0.0048731645,0.020148618,-0.004066994,0.011309216,-0.01344781,-0.00042095245,-0.002527077,0.0028887298,0.010308021,0.022998521,0.007156645,0.009708622,-0.008571165,0.007692684,0.0011066191,0.011739844,0.01792884,0.0144168,0.032659553,0.008709048,0.005856568,0.0036374093,0.029037032,0.038175404,0.0485653,0.05834094,-0.0022263462,0.0063934363,0.037511833,0.02089319,0.007274558,0.010391171,0.0073742927,0.013183862,0.023039687,0.00490103,0.0019391389,0.032129012,0.007881167,0.0074012037,0.03961879,0.010489659,-0.032288216,-0.0116772335,0.0032227738,0.02638055,0.0075982967,-0.007615234,0.008913842,-0.0034500416,0.006502713
/mnt/sdd/caltech_training/three_classes/train/001.Black_footed_Albatross/Black_Footed_Albatross_0088_796133.jpg,0,0.00030014844,-0.0038273153,-0.0016905877,0.006883339,0.011282615,0.00051160203,0.009570838,0.007694802,0.00407545,0.009071233,0.004159244,-0.0111447405,0.0028925897,0.021678278,0.0005451767,-0.020070758,-0.0061936094,-0.012051829,0.0018480342,-0.016183801,0.011995848,-0.0081934,-0.0057468796,-0.0064015985,-0.004303552,0.0015886426,-0.0023708371,0.017217185,-0.017332375,0.0047262297,-0.004885579,-0.017884336,-0.011313532,0.0138232745,0.0023707538,0.0033296198,0.008638168,-0.037425064,-0.025079146,-0.012429532,-0.018496776,-0.009031186,-0.01606599,-0.0073137744,-0.003639695,-0.012054371,0.0002065748,0.007317109,-0.010153236,0.018721841,-0.0073466697,-0.015016869,-0.004770247,0.013005205,0.004223507,-0.018193737,-0.011137241,-0.012215898,-0.016781313,-0.020753741,-0.022724569,-0.005683242,-0.007394688,0.04781218,0.050421424,0.062459715,0.051101774,-0.0117904525,-0.011154925,-0.0075914785,0.03332482,0.015074904,-0.013607063,0.007183118,0.002607773,0.007497197,0.00353301,-0.013313868,0.01748432,0.013438049,0.01757677,0.05530791,-0.012175543,0.0021078251,-0.0020218806,-0.010031511,0.0024823435,-0.0076686055,-0.008668708,0.001204893,-0.009903787,-0.0007413565
/mnt/sdd/caltech_training/three_classes/train/001.Black_footed_Albatross/Black_Footed_Albatross_0024_796089.jpg,0,0.0010919872,0.0013755038,0.00030643708,0.015200286,0.008617356,0.0029358168,0.010330158,0.016340015,-0.00015917886,1.1007651e-05,0.004829619,0.0020180873,-0.004014294,0.011947136,0.008976318,0.0035154258,-0.0020004935,-0.003880422,0.0043613026,0.0011657261,0.0074856603,0.0022096517,0.007883402,0.00017064111,0.005828645,0.0027276252,0.008507768,-0.0022974282,-0.004514761,0.004043853,0.00379124,0.006543126,0.0132611925,0.0012612371,-0.008468352,-0.009681584,-0.0071525425,-0.015433716,-0.026478343,-0.008008595,0.0021108144,0.008751871,0.00767142,0.007845301,0.00439753,-0.0024164221,0.030991392,0.012290588,0.015678538,0.01162493,0.0049907193,-0.0051437467,0.012431109,-0.0005741167,0.005639286,0.012781265,0.009499716,0.013851706,0.014394476,0.0048551704,0.0067151645,-0.0028829337,-0.006883284,0.046305552,0.045095757,0.044453055,0.06710565,0.009740183,-0.030517114,-0.0031542238,0.037757214,0.0064737904,0.015397954,0.019337144,0.0016977496,0.011799279,0.0055583576,0.021378024,0.035166875,0.022316232,0.00220116,0.019815996,0.0029025087,0.0015038608,-0.002441072,0.0043445705,-0.0018827391,0.0038870904,0.005082287,-0.003265655,-0.011821564,0.010757868
/mnt/sdd/caltech_training/three_classes/train/001.Black_footed_Albatross/Black_Footed_Albatross_0037_796120.jpg,0,0.0011577208,0.0035493793,0.00023292712,0.0034976117,0.0055931434,0.00086265977,0.007823035,0.0058294246,0.012491316,0.010633989,0.003976877,-0.0017873062,0.0036478452,-0.0038034706,0.015265915,0.009700583,0.0074605644,0.0014692543,0.0062064496,-7.932843e-05,-1.5009136e-05,0.0010533874,-0.0004175268,-0.0076198853,-0.009198264,0.00034782838,0.001203063,0.0058822418,-0.00033805147,-0.0110283885,-0.002946138,-0.016546465,-0.008574912,0.0034461662,-0.009877488,-0.009034765,0.013464224,0.01385945,0.024835628,-0.0069683036,-0.0066417693,-0.012091896,-0.0145519255,-0.0026235662,-0.011102242,-0.007449381,-0.007584138,-0.004343404,-0.0150426915,-0.028786859,-0.011463613,-0.003128271,-0.012553408,-0.009756972,-0.01644739,-0.006058873,-0.018527426,-0.031239422,-0.0126246875,-0.015481949,-0.007825965,-0.015764736,-0.019837255,0.058132418,0.07171646,0.06863878,0.059717238,-0.005060708,0.031365313,0.029406838,0.04830558,0.010844827,-0.013500234,-0.015565968,-0.0029237247,0.019865882,0.0023357738,-0.0018862961,0.003662322,0.032396622,-0.005355998,0.022489484,-0.013463339,-0.004105152,0.0060768044,0.011983777,0.029623747,-0.011981152,-0.020255588,-0.01042809,-0.012167545,-0.0036632607
/mnt/sdd/caltech_training/three_classes/train/001.Black_footed_Albatross/Black_Footed_Albatross_0060_796076.jpg,0,-0.0018898197,-0.0023236324,-0.0026441666,0.0010034179,0.004312593,-0.00013996998,0.0033828889,0.0043671103,-0.00062360545,-0.005193549,0.001476156,0.0033838863,0.0017911221,-0.0031920553,0.003692247,0.004694036,0.0017803928,0.0069484385,-0.0052391915,-0.0036640002,-0.00013313198,0.0043172613,-0.004750738,-0.003881664,0.004271493,-0.0026526288,-0.004331707,-0.0025432473,0.0054125465,0.009725474,0.00043320959,0.021583637,0.001310746,0.0037107605,0.0012690134,0.005966364,0.01302832,0.015713876,0.020605255,0.013126551,0.009417918,0.01092405,0.008011119,0.0030243455,0.0007966063,0.0037114657,-0.006277381,0.0025996584,0.0014608055,-0.004735891,0.0006936559,0.0039982996,0.011292644,-0.0026303995,-0.003926766,0.0003644072,0.014884015,0.011424253,0.013574372,0.004722658,0.0011424217,0.0015112702,0.0036626635,0.036197208,0.04074668,0.050337262,0.061844427,-0.0034206132,0.008022493,0.022769498,0.02972747,0.014900656,-0.0074406085,0.015400051,0.009435754,0.0012813167,-0.01006916,0.00019250647,0.021634685,0.024368186,0.0148127545,0.035763197,0.0064798635,0.013048993,0.024540083,-0.0057600304,0.01643881,-0.006122146,-0.0015445272,0.00170981,-0.00472842,0.018258048
/mnt/sdd/caltech_training/three_classes/train/001.Black_footed_Albatross/Black_Footed_Albatross_0049_796063.jpg,0,-0.0015494751,-0.0031312567,-0.0008858851,0.0084179025,0.0042325915,0.0027249781,0.0038968972,-0.0028671592,-0.011274762,-0.004613314,0.003988319,0.00060973945,-0.008273408,0.008989293,0.01172353,-0.01943271,-0.0051148133,0.0024564832,0.0053707385,0.0020904096,0.0026867003,-0.0054936907,0.003956386,0.008172814,-0.0068242163,-0.0034243795,0.0016336376,0.013821852,-0.0069940807,0.0010846811,0.00088441384,-0.013120905,-0.002439523,0.0009947275,0.003316567,0.013801404,0.01463605,0.017774433,0.023449201,0.015065885,0.021356998,0.0024616825,-0.0068561253,0.00481849,0.0063189296,0.008155422,-0.01011456,-0.027899373,-0.006118366,-0.013141902,-0.016063154,-0.005571831,0.009513915,0.002788566,0.0013037813,0.016358668,-0.0060360706,0.0016781874,-0.012911655,0.00022599031,-0.00066575897,-0.009792902,0.0055608824,0.042871483,0.040446274,0.057545442,0.078573115,0.01555344,-0.012443237,-0.0062058372,0.04181757,0.041333493,-0.0019482062,0.0005522417,-0.0032693779,0.009169262,0.007343179,-0.007362846,0.027798206,6.874674e-05,0.0058338903,0.059058983,0.0065512247,0.008611439,-0.007122716,0.02360917,0.042707115,0.0033340119,0.017459262,-0.0024703695,-0.0015958778,-0.003012199
/mnt/sdd/caltech_training/three_classes/train/001.Black_footed_Albatross/Black_Footed_Albatross_0026_796095.jpg,0,0.002094171,-0.00047404715,0.00091812824,0.0047091395,0.006744646,0.0037544053,0.004463369,-0.0065737367,0.009359066,0.0038402467,-0.001154521,0.0033378904,0.0035238275,0.013535807,0.0053076884,0.0045920936,0.01188212,-0.0072483583,-0.017821632,-0.0052158264,-0.00490924,0.0020626215,0.009378556,0.0055331676,0.0018073469,-0.0016167903,-0.0016644264,0.0028155285,0.008828222,0.008595195,0.0013074267,-0.01422526,0.0041318904,0.010345979,-0.006240915,0.002469479,0.010915481,-0.022896584,-0.0077882945,0.00032903254,0.013867264,0.0036002109,0.0130412,0.009879001,-0.00389336,0.0060078446,-0.018941807,-0.0024134843,-0.019923523,-0.01881254,-0.0049572317,-0.008129295,0.011186968,0.004925236,-0.009471161,-0.009287678,0.005838317,0.0043009287,-0.007387722,-0.008971594,-0.0011264891,0.011278471,0.015513407,0.047069166,0.053418003,0.052824333,0.07077393,-0.008925386,0.031236816,0.024776518,0.049502566,-0.034645103,-9.018008e-05,0.0279846,0.012329549,0.016486425,0.017630324,-0.0027086418,-0.0003584912,-0.0076695383,-0.0067271003,0.04766786,-0.0025357385,0.0023917018,-0.0042363573,0.0012468635,0.03014094,0.006744598,0.017866563,-0.008190677,0.0025972226,0.0027263695
/mnt/sdd/caltech_training/three_classes/train/001.Black_footed_Albatross/Black_Footed_Albatross_0032_796115.jpg,0,-0.0018974998,0.0003484874,0.0008691606,0.01076953,0.005030943,0.0020005913,0.007560754,0.014148328,-0.0064840186,-0.0031714656,-0.0021959841,0.0065010916,0.00369013,-0.011699345,0.013122187,0.007869779,-0.010025025,0.009159449,0.004247281,0.0041523376,0.019737028,0.0007252001,0.003869873,-0.00036577514,-0.0059166322,-0.005040805,0.009483086,0.005709615,0.007109328,0.0033179563,0.001759676,-0.014643595,-0.0042202543,0.01631505,0.029079754,0.004409961,0.013245384,-0.0041145347,0.021902189,-0.018399742,-0.004140509,-0.008769255,0.0013585156,-0.0058779456,-2.9499643e-06,-0.0019483678,-0.0052401894,0.00030135643,-0.0048666983,0.007597049,-0.010274773,0.0045056315,-0.0017481354,0.0072778226,-0.005626555,-0.0072602443,0.0011437674,-0.0063886363,0.0018072712,-0.013435597,-0.013596427,-0.022245418,-0.0017852493,0.0414296,0.05520343,0.057454973,0.06296822,-0.007400847,-0.0076285983,0.0138586825,0.040856246,0.012915117,0.005744935,-0.0055922866,0.016775167,0.011714927,0.012952222,-0.009498566,0.035259727,0.013741396,0.02592083,0.05545322,0.011169141,0.009165982,0.0007981211,-0.005878862,0.006402364,0.020519348,-0.0028830874,0.0037494332,0.004168911,0.0032708275
/mnt/sdd/caltech_training/three_classes/train/001.Black_footed_Albatross/Black_Footed_Albatross_0053_796109.jpg,0,-0.0018911602,0.0032017839,0.0001473733,0.004571927,0.0055742133,0.00082111347,0.000933309,0.00017780531,0.0062473104,0.0047808704,-0.006789345,-0.001351641,-0.00027281512,0.014940521,0.015928898,0.0048122955,0.00464869,0.0010705478,3.382546e-05,0.009220749,-0.0008485904,0.0021722498,0.007969378,0.0004306892,0.0058513875,0.0038308227,0.0108684,0.0021508038,0.0047209775,0.0021735192,-0.008531044,-0.0072653256,0.00019780232,0.015129846,0.0040834984,0.0017893468,-0.010158667,-0.0020853826,4.4681365e-06,0.00845269,0.0060040057,0.0010343239,0.0029048081,0.008810576,0.0030186572,0.0027799858,-0.013005179,-0.0036705697,-0.007281506,-0.0118361,-0.003621261,0.002397304,0.0064499145,0.0043005818,-0.0045220405,0.0030939064,0.0034976492,-0.0052008657,-0.0048252633,-0.0054571014,-0.011480041,-0.009462572,0.007919416,0.033606846,0.045847666,0.05574158,0.053011052,-0.0031033612,0.030545767,0.017689256,0.044731483,0.022452356,-0.005194519,0.0011245699,0.0108831655,0.01533668,0.010571373,0.003435188,0.012067702,0.003185825,0.014947574,0.018736618,-0.0048613143,-0.020292489,0.0013378523,0.00092134904,-0.0015529227,-0.0055682175,0.0037161056,0.0010910355,0.003392654,0.0030962226
/mnt/sdd/caltech_training/three_classes/train/001.Black_footed_Albatross/Black_Footed_Albatross_0035_796140.jpg,0,0.0041825506,0.0010088994,-0.0008671777,-0.014559313,-0.012231365,-0.00342155,-9.1401744e-05,-0.0008280998,0.0004705307,-0.002851667,0.0011300477,0.00056675746,-6.99634e-05,0.014178149,-0.0021731888,-0.009230646,-0.009243994,-0.0020438018,-0.0020386474,2.2962922e-05,0.0039416365,-0.014288925,0.004123613,-0.0014743737,-0.007401149,-0.004835284,0.0035773183,-0.016686134,-0.005831925,0.011951905,-0.004087911,0.003199301,-0.007016589,0.01194803,0.009993256,0.009867888,-0.032997582,-0.033115894,-0.02626759,-0.027204596,-0.018515866,-0.009234893,-0.009666031,0.0018231499,-0.0030512132,-0.018868841,-0.02577769,0.0006322663,0.0030481992,-0.013908845,-0.009951383,-0.02557968,-0.0061327284,-0.0036785938,-0.00070149545,-0.0040771635,-0.002177159,-0.019470926,-0.031724453,-0.02739649,-0.026176356,-0.012640049,0.0016570624,0.041605663,0.06220228,0.07480599,0.079674244,-0.04239244,0.0147039555,0.030490471,0.045578197,0.03193834,-0.021366237,0.004549155,0.0041301637,0.010955831,0.010726696,-0.007878065,0.02424499,0.031209525,0.030012459,0.044957437,-0.003956165,-0.0060440595,0.0015089475,0.00448136,0.0013971343,-0.007754108,-0.0017337231,0.009158824,0.0019043325,-0.009259974
/mnt/sdd/caltech_training/three_classes/train/001.Black_footed_Albatross/Black_Footed_Albatross_0061_796082.jpg,0,-0.0018414301,-0.0027303305,-0.0030088113,-0.012017686,-0.0056056236,-0.0038735154,-0.009692667,-0.018835824,-0.0044909157,-0.006220511,-0.0009779639,-0.012155188,-0.0077107614,-0.016128862,-0.017323067,-0.015539943,-0.019274544,-0.008534925,-0.005687857,-0.0026258142,-0.01401038,-0.010757215,0.0005081375,0.002937505,-0.003909936,-0.0051750476,-0.00513822,-0.020004349,-0.00037143927,0.00981327,0.005340305,-0.01863619,-0.011378437,0.0035829265,0.015422758,-0.0012801765,0.0015606277,-0.003147396,-0.006599284,-0.0053765005,-0.0013759532,-0.01239955,0.007364583,-0.01086693,-0.008533743,-0.0056581986,-0.008868904,-0.025236223,-0.02943514,-0.0067231082,0.0020729797,-0.014769279,0.011920322,0.0060827225,-0.010711835,0.0024502517,-0.004123221,-0.0041073877,-0.007807674,-0.005639175,0.007648351,-0.0016614986,0.0025626123,0.027038513,0.04428543,0.029692732,0.061598565,-0.014746865,0.007873302,0.028491031,0.047734868,0.03531555,-0.0037032072,0.007976358,0.007236181,0.019471,-0.009480059,-0.01470766,0.013075549,0.017590117,0.010298006,0.029831452,0.0018812688,-0.0106168,-0.013454499,-0.0029646396,0.011563598,-0.0031692255,0.0054166936,-0.009235807,-0.0043633766,-0.004079251
/mnt/sdd/caltech_training/three_classes/train/001.Black_footed_Albatross/Black_Footed_Albatross_0023_796059.jpg,0,-0.0040349644,-0.0039156834,0.00032506618,0.010503745,0.0032402147,0.002812863,-0.006163852,0.0014592615,-0.0035164172,-0.010769306,-0.0003131594,0.0017998205,-0.0060690604,-0.008594255,-0.0102050435,-0.022624373,0.0014501503,-0.004037008,0.0069781346,-0.008213608,0.004510576,0.0041629905,0.007052004,0.0059003434,-0.0036819312,-0.00050321594,0.00084491214,-0.0016968474,-0.00093368854,-0.006899062,0.006079195,0.012267739,-0.0075066388,-0.0067389505,-0.0052417987,-0.0024157371,0.021696212,-0.012428669,0.027152818,0.024655037,0.007542735,0.010911798,0.009335587,-0.011397942,0.014764193,0.004697015,0.019019306,0.025000475,0.034081694,0.010295252,0.02111781,0.025333017,0.033673488,-0.0063040415,0.0063270573,0.0026882498,0.021588909,0.02443526,0.011071388,0.0021877014,0.009431468,0.005577427,0.023817305,0.04570371,0.057992954,0.0703203,0.052734926,0.028384387,0.023744129,0.035479106,0.04721394,0.013329282,0.030362954,0.00860774,0.018848877,0.019678634,0.010924167,0.009214344,0.017539188,0.013593046,0.012191692,0.019915711,0.0003042519,-3.6877114e-05,-0.008262635,-0.005659189,0.013277157,-0.0028900623,0.0049627353,-0.0007131605,0.008787563,-0.0027940276
/mnt/sdd/caltech_training/three_classes/train/001.Black_footed_Albatross/Black_Footed_Albatross_0033_796086.jpg,0,-0.0015612023,0.0031686646,0.00039129116,0.005353509,-0.0016632625,-0.0010781863,-0.0054353196,-0.010548491,-0.0005487106,0.0068668653,-0.0011133375,-0.0015304507,-0.0035525055,-0.0049809543,-0.004393457,0.0035755706,0.0008706815,-0.012208848,-0.0023613998,-0.0136476755,0.0023379074,-0.0019072325,0.0048233587,0.0009426237,-0.0015216898,0.0016383554,0.0071163555,0.004581536,-0.0050103595,0.0012757935,0.0044987136,0.00097064883,-0.0010501505,-0.0005123075,0.0013584855,0.0050897924,-0.017480472,-0.0031483355,-0.0051899245,-0.012986726,-0.0013533125,0.0051274756,-0.0043969573,0.022353915,0.012564225,0.005308641,0.00578151,0.0077340133,0.00025873492,0.00608566,0.009085285,-0.008399033,0.0154772755,0.0103847785,0.015794955,0.0063356133,0.0008134935,-0.011354175,-0.014573278,-0.013404865,-0.012697877,-0.014506653,-0.005576661,0.045244753,0.053248435,0.074082755,0.0745257,0.0026510027,0.007071168,0.0037078075,0.0211188,0.012390641,0.00085260766,0.011260255,0.002150495,-0.00847777,0.0118163265,0.0014299221,0.01952481,0.01210216,0.014485791,0.028080102,0.0020920238,0.014094096,0.016091185,0.0032274993,0.020109337,0.009128492,0.0005412714,-0.008029605,0.0051159617,-0.005538732
/mnt/sdd/caltech_training/three_classes/train/001.Black_footed_Albatross/Black_Footed_Albatross_0042_796071.jpg,0,0.00085035944,0.0001303776,-0.003058477,0.0061478913,0.007181895,0.00494018,0.0047262674,0.0048487894,0.003988336,0.0006089719,-5.231239e-05,-0.003225529,-0.0064210175,0.021550108,0.0045948047,0.001380831,0.001301991,0.001448286,-0.00593092,-0.0059076305,0.018042123,0.0016021344,0.0057753925,0.01132755,0.0035575535,0.0010958426,-0.00568722,0.0053999135,0.003831103,-0.004147659,0.007090101,-0.0039845537,-0.010057712,-0.012358472,0.014134772,0.008325025,0.0025271378,-0.004665691,-0.0075078406,-0.00625813,-0.009328499,0.0047222967,0.00402665,-0.0073993113,0.00069509726,-0.0104508465,-0.00074438844,-0.0027454481,0.013205452,0.012062554,0.014939446,-0.006637672,0.020010289,-0.0057831937,-0.006834645,-0.002125091,-0.0044700913,-0.00249393,0.023990463,0.008480841,-0.001501312,0.0010775458,0.008458912,0.033592533,0.060704466,0.061388344,0.07544871,-0.0014315294,0.020166691,0.032867573,0.033306632,0.009855292,-0.011205313,0.006522282,0.024682272,0.01686016,0.022021215,-0.0075087138,0.024517588,0.014028348,0.0035015484,0.028118085,0.011398688,-0.007142305,0.018358354,0.014414875,0.009840457,0.0052946387,0.013886519,0.008588382,0.010844298,0.014492881
/mnt/sdd/caltech_training/three_classes/train/001.Black_footed_Albatross/Black_Footed_Albatross_0036_796127.jpg,0,-0.0006963862,0.00013821498,0.0034782924,-0.008629045,-0.010015218,-0.003713823,-0.0016203398,-0.0070119253,0.0024117467,0.0008108823,0.0011362568,0.0052282754,-0.0010847591,0.004227534,0.0019736309,0.0025204327,-0.0029424902,-0.013222896,-0.0027908115,-0.014093137,-0.01271645,0.0069229323,-0.0033666466,-0.006253938,-0.0023316203,0.00018354016,0.0010070544,-0.011040345,0.004869729,-0.012868231,-0.010891778,-0.00745387,-0.007409367,-0.004152082,-0.006187463,0.0017268526,-0.008710157,0.015890911,0.011696549,-0.0005678863,-0.0065275207,-0.0004765424,0.01914392,-0.008324839,-0.008778937,-0.007981691,-0.0038230969,0.008771712,0.021343391,0.014511773,0.0028280364,-0.02374136,-0.0025193302,0.00046750437,0.0035608828,-3.8822065e-05,0.00877658,0.008220098,0.0118938945,0.005762483,0.009029673,0.007445218,0.008262714,0.04024911,0.052438106,0.06137674,0.061059445,-0.0023604243,-0.0023026103,0.03811874,0.018175922,0.009014158,-0.009243103,0.018252725,0.005277269,0.02099596,0.023372795,-0.011895192,0.006692333,0.019865043,0.025495566,0.023295715,-0.00485949,0.0077985064,0.010458603,0.017724758,0.012493949,-0.0069585424,0.010007637,0.01506518,0.012447313,0.0047421996
/mnt/sdd/caltech_training/three_classes/train/001.Black_footed_Albatross/Black_Footed_Albatross_0078_796126.jpg,0,-0.0050556003,-0.0036001715,0.0037006806,0.017938096,0.0035462375,0.0021942824,0.0014082374,0.005062566,0.020607373,0.0066729398,-0.0049553225,0.0034148851,0.00255058,0.006293625,-0.0031926353,0.00886181,-0.0031853782,-0.0016754281,-0.004726639,0.0047157994,0.009981047,-0.005223847,-0.011242641,-0.0034860834,-0.00019766274,-0.006748449,0.0028398735,0.002778505,-0.015869861,-0.0024971308,-0.004341504,-0.018247698,0.009697601,-0.018960308,0.0011869664,-0.005477858,-0.014365593,0.0011187925,0.0035543707,0.0025195112,0.011632167,0.020016013,-0.002901276,0.0023980937,0.006213812,0.014838329,0.0008636671,0.01233239,-0.017041368,0.0081855,-0.0009463829,0.015319643,0.0010563883,0.007995906,0.002762445,0.0037432984,-0.011845857,-0.0056512654,-0.0054479428,-0.011028445,-0.017792905,0.006712214,0.010256704,0.03348599,0.045162857,0.050542682,0.06753862,-0.0010599596,-0.0020825341,0.03954626,0.03793042,0.0003908011,0.0027741208,0.009745073,0.01425375,0.011828335,0.006875728,-0.00052632275,0.004120798,0.01492839,0.01903313,0.06216736,-0.0026777831,-0.0007212253,-0.01873183,0.02186864,0.007459284,-0.00076267996,0.0019012382,0.0059806267,-0.003265418,0.0067558456
/mnt/sdd/caltech_training/three_classes/train/001.Black_footed_Albatross/Black_Footed_Albatross_0003_796136.jpg,0,-0.0019918391,-0.0005070424,-0.0020347482,-0.005793671,-0.00085823506,-0.0033665518,-0.008155979,-0.021650545,-0.011124624,-0.0012834937,-0.0032502369,-0.0037027136,-0.0043932265,-0.0026197038,-0.0021398254,-7.026247e-05,0.009802096,-0.016052192,-0.005942018,0.002465737,-0.009472973,0.009191539,-0.0033703372,0.0025073984,-0.0032930453,-0.012499577,0.0032203104,-0.007791433,-0.0067394087,0.004361622,0.0016594266,-0.00681071,-0.017751556,-0.005045425,-0.0062016207,0.0010135244,0.016632974,0.017742008,0.013417866,0.002128926,-0.0054253424,-0.013091526,-0.010933026,-0.025459763,-0.025457075,-0.021391336,-0.016245231,-0.020061199,-0.010415721,-0.0001634392,-0.011790509,-0.007594144,-0.015243832,-0.019792225,-0.014191726,-0.0069946586,0.006922323,0.01115469,0.013746825,-0.0064103934,0.012420261,0.008028777,0.0040314193,0.015305014,0.045676872,0.07646467,0.06675732,-0.016886543,0.01548876,0.0591726,0.033957165,0.0013192832,-0.005253963,-0.0021438263,-0.0075665596,0.009053925,0.000537311,-0.0012147536,0.009481513,0.02466967,0.025464052,0.044725306,-0.0012200106,0.0020784354,0.0068762726,0.00897979,-0.005502738,0.00983335,0.002185354,0.014494023,-0.0024474221,-0.0073436443
/mnt/sdd/caltech_training/three_classes/train/001.Black_footed_Albatross/Black_Footed_Albatross_0063_796141.jpg,0,0.0011145114,0.001210976,-0.0019773901,0.0029723065,0.0022833091,-0.0020676688,-0.00058642693,0.00013998989,0.017143525,0.0061511793,-0.0072477562,-0.0035951224,-0.0007516425,0.0077761803,-0.0036368212,0.008477397,0.0052876147,-0.0056578536,-0.0036851114,-0.015274975,0.009028135,-0.003788212,0.00091645366,0.0019753426,-0.008449582,-0.002631692,-0.004446257,0.009067409,0.00822694,0.0032501123,-0.010314075,-0.019020423,-0.0050162384,-0.0020023528,-0.0015783588,-0.008868783,0.004341393,-0.00029398932,0.0029011783,0.001673457,0.0041356194,-0.007791779,0.01421767,-0.00021838117,0.0111613255,0.009096766,-0.0058511915,-0.00079158787,-0.017053558,-0.02138359,-0.007441932,-0.019652316,-0.006155961,0.015814573,0.00804724,-0.00041401747,-0.008922551,-0.003394381,-0.006753065,-0.013683623,-0.006136871,-0.0050549004,-0.003221922,0.04586018,0.056301333,0.043071702,0.06267178,0.0012848517,0.005989638,0.016183985,0.02116635,0.010908671,-0.0052324054,0.0007690028,0.016126323,0.013960561,0.0033597327,-0.011637689,0.033169635,0.021490991,0.022697367,0.01872712,0.000328672,0.01167741,0.0041136267,0.008352734,9.671971e-05,-0.0029494055,0.0011754181,0.0021461132,-0.0009835288,0.00087236194
/mnt/sdd/caltech_training/three_classes/train/002.Laysan_Albatross/Laysan_Albatross_0091_602.jpg,1,-0.0028850776,-0.0021272681,-0.0008457095,-0.002991605,-0.006915709,0.0003883804,0.0034431948,0.0014137765,0.014230367,-0.0110075,0.00939262,-0.00095860916,-0.017014513,-0.0016865162,0.0059841946,0.002457187,-0.004765448,0.000575876,-0.0006838518,0.01106539,-0.015401688,-0.0015925897,0.0040496956,0.0017482422,0.0026793205,0.0008085148,-0.0018964864,-0.0023241208,-0.003803552,-0.005594205,0.008421507,0.020206183,0.002690076,-0.022810202,-0.001748797,0.0015810039,0.0041339383,-0.013990106,-0.029586965,-0.017073603,-0.012586757,0.019808233,-0.0026947951,0.008266871,-0.007716256,0.008882296,0.0143207675,0.024639199,0.020427022,0.016334023,0.020991307,-0.012385311,0.010740656,0.0090517,0.007615342,0.009892955,0.0019896294,0.007541418,0.0070380056,0.018705804,0.018119177,-0.006739681,0.009459298,-0.005447105,-0.0009878736,-0.01012204,-0.033565514,-0.00737028,-0.0017557403,0.02074539,0.03802346,-0.0037844623,-0.009954155,0.01115009,0.011514254,0.0045460616,-0.010130016,-0.004279913,-0.025946815,-0.026351836,-0.0025287012,0.007827056,-0.012116569,-0.028550912,0.009779261,0.0084049,0.008008573,-0.009584567,-0.00050090684,0.017003471,0.016291857,0.0065752105
/mnt/sdd/caltech_training/three_classes/train/002.Laysan_Albatross/Laysan_Albatross_0017_614.jpg,1,0.0005309646,0.002211441,0.001568357,0.0074471906,0.010966099,0.0036395118,0.006012633,0.0066450336,0.010945734,0.008369932,0.0048106243,0.00019185757,-0.008050002,-0.0011778118,-0.0017826497,-0.0074759265,-0.009752521,0.0005341688,0.0062955674,0.0071112895,0.0054463297,0.011773903,-0.007911131,-0.005810733,-0.0014693657,-9.308965e-05,-0.0016942514,0.012956938,-0.003500592,-0.0031944753,0.001008918,0.0193732,0.012172062,0.0051467596,0.010626725,-0.0035132014,-0.0009500459,0.0014572106,0.009457961,0.016691905,-0.0016108933,0.0072653433,0.007993544,-0.009739855,0.007647704,0.013997081,-0.013420304,-0.0124525,-0.017694185,-0.002021125,-0.001294075,0.0063765305,0.020880083,0.004695834,-0.014471731,-0.009530527,-0.01627469,-0.014187759,-0.011785666,-0.012460926,-0.013927631,0.016008995,-0.0021664663,0.008416101,0.008772092,0.023711558,0.026444066,-0.0069740536,0.017111186,0.026879176,0.0349758,0.0022762832,-0.008064783,0.007386559,0.023137864,0.022980222,0.023317026,0.008047024,-0.010557534,-0.043979276,0.0032729274,0.008614923,0.0069003636,-0.013520756,-0.0010291152,-0.0049028853,0.018106345,-0.0017693293,-0.012096994,0.0008762402,0.016030904,-0.006540565
/mnt/sdd/caltech_training/three_classes/train/002.Laysan_Albatross/Laysan_Albatross_0059_488.jpg,1,0.0024451297,0.0010770912,-0.00042557064,0.005610611,0.00026225834,0.0011402452,0.0011984905,-0.0014137595,0.00024615967,0.0034770186,-0.004134097,0.0050249808,-0.0026966184,-0.0064935843,0.0027755876,0.009357553,0.0054881526,-0.0074807443,-0.004796805,0.0043013655,-0.012320526,0.0040136296,0.011910565,0.0057820845,-0.0058919033,-0.009786157,-0.0085194,0.00040836632,-0.0015355248,0.00043883384,-0.0012091371,0.012844844,0.005377484,0.0028691855,0.002800254,-0.0013475502,-0.01216503,-0.003932454,-0.002053381,-0.0038307593,-0.008312782,-0.006082242,-0.0008885034,-0.00019622385,0.00820352,-0.005715304,-0.00062435586,0.013934394,0.0022920673,-0.0066018496,-0.010105959,-0.014919419,-0.004352519,0.011543301,0.028828152,0.008042529,-0.021791782,-0.023866493,-0.0144807445,-0.009965894,0.0150685655,-0.0129788965,0.013335362,-0.004708185,-0.013613607,-0.010772053,-0.024578242,0.012784187,-0.019284949,-0.008734833,-0.0019093915,-0.008145435,0.016194042,0.0027868857,0.014304085,0.00930916,0.013762431,0.009966048,-0.013554467,-0.007878153,-0.012313655,-0.024474967,0.004206655,-0.008680607,-0.0032313897,-0.004858616,0.008666976,0.00083539094,0.00966862,0.01639706,0.009482073,-0.0035377573
/mnt/sdd/caltech_training/three_classes/train/002.Laysan_Albatross/Laysan_Albatross_0085_564.jpg,1,0.00017876632,-0.00066742,-0.00045747583,0.005755983,0.0050469856,0.0029371066,-0.0011472735,-0.013338767,0.013486266,0.018848957,-0.0012143564,0.002072382,-0.0068322774,0.010431023,-0.018578473,0.008519353,0.011141321,0.0079711415,0.007092571,-0.006562395,-0.017345164,-0.0139415935,0.0058778552,-0.0014019087,0.0039164037,-0.0007595358,0.0070266994,-0.0034560896,-0.002239162,0.010384064,-0.0011575773,-0.012878732,0.00032558478,-0.0071632313,-0.011665277,-0.018033031,-0.020033082,-0.0025805994,7.2345138e-06,0.0029827822,-0.00014133076,-0.013196194,0.0027310762,0.0044962973,0.016394977,0.012799146,0.009863813,0.009096651,0.015324447,0.014043685,0.014701966,-0.0028013524,0.010863106,0.0069891363,0.017093051,0.008687038,-0.0044907546,-0.0003606067,-0.008244342,-0.009499401,0.004505591,-0.0044302572,0.0061972947,0.014443316,0.014079179,0.009330791,-0.0059913723,0.005864663,-0.018871306,-0.015927278,-0.002090796,-0.00677097,0.008348022,0.00640821,0.009423586,0.008903115,0.00529634,-0.0015506055,-0.013240265,-0.013533313,-0.016513426,-0.030133668,0.013545953,0.00490086,0.0113544455,-0.00444174,0.0069051683,0.006085925,0.007071559,0.0074382187,-0.0013685809,0.0040299026
/mnt/sdd/caltech_training/three_classes/train/002.Laysan_Albatross/Laysan_Albatross_0076_671.jpg,1,-0.002295173,-0.0024477867,-0.0038129443,-0.005707778,-0.010176068,0.00040085404,-0.0006861859,0.0016057035,-0.003034078,-0.00296026,-0.0032218446,0.005464266,0.0128807705,-0.017504308,0.012241212,0.0086615905,0.004992271,0.004387414,-0.0005065622,0.0040244744,0.0060828226,0.0049584485,-0.010289762,0.0020074442,0.014364716,0.006729083,-0.0047903038,0.013359588,0.010431105,0.0042559532,0.010533074,0.0044843913,0.013137386,-0.021665435,-0.00816175,-0.009271994,0.023968961,-0.0115215415,-0.0024857926,-0.0040352456,-0.005180755,0.010021278,0.0026443459,-0.0075803585,0.007026725,0.0015118368,-0.019110369,-0.012444932,-0.024929814,-0.028518733,-0.023805235,-0.008245188,-0.014094512,0.03277678,0.014855659,0.0027605942,-0.013248849,-0.004226717,-0.009198697,-0.008765353,-0.009094947,0.005722706,0.0025810148,0.00024269009,0.013852744,0.016595792,0.0029832628,0.0026782888,0.024494814,0.034050986,0.021658214,-0.014904652,0.0016942983,0.004171192,0.014050564,0.015294266,0.014075496,0.007249253,-0.0016115664,-0.026339304,-0.007796699,0.00027054397,0.002039901,-0.0034079505,0.015884075,0.012143602,0.0023791902,-0.011203304,0.006590618,-0.0017563319,-0.0056845793,-0.0031107906
/mnt/sdd/caltech_training/three_classes/train/002.Laysan_Albatross/Laysan_Albatross_0040_472.jpg,1,-0.00096166553,-0.0012307364,0.00046585896,-0.0003699594,0.0013694512,-0.00092712685,-0.015946412,-0.028155439,0.013323672,-0.005808092,-0.00795717,-0.004055758,-0.0025399895,0.004942097,-0.0012942293,0.0042035235,-0.0038131173,-0.017724799,-0.013456893,-0.01025206,-0.004358005,0.003025598,-0.011074941,-0.020331196,-0.0037971488,-0.012691149,-0.012901997,-0.019271217,-0.010435196,-0.0042665014,0.0046014683,0.0022973618,-0.009927363,-0.0056123696,0.0062047574,0.001422097,-0.005764541,-0.0011592703,0.0115747815,-0.014937462,-0.0048574605,-0.0051173866,-0.011924868,0.008870783,0.0085407775,0.011209486,-0.0074276607,-0.0021588234,-0.005740892,-0.015343787,-0.018969579,0.004532929,-0.02017549,0.0075150267,0.01720975,0.0040977644,-0.011385657,-0.0053622527,-0.012835747,-0.017592983,-0.006071703,0.017256755,-0.012005862,0.0064351694,0.0034067882,-0.011592863,-0.043373838,0.005403366,0.012948406,-0.0015790095,-0.022410924,-0.023826001,-0.000669796,0.022916809,0.020835832,0.014984224,0.011849042,0.0066872537,-0.026179422,-0.028371576,-0.014351123,0.014982267,-0.004006132,-0.000729698,0.02805829,-0.010686589,0.0002629375,-0.0041695936,-0.014532685,-0.016329857,-0.005580102,0.015951177
/mnt/sdd/caltech_training/three_classes/train/002.Laysan_Albatross/Laysan_Albatross_0083_756.jpg,1,0.007757445,0.0035075946,0.0024081725,0.0037373463,0.00031545735,0.0012030982,-0.0022088783,-0.006333707,0.012642409,0.00016773655,0.005255038,0.0035417974,0.002565165,-0.0069251885,-0.00936919,0.0071718935,0.017766044,0.0049577598,-0.0025317855,0.00402762,-0.013809679,-0.004939167,-0.0010700575,-0.0022319183,0.0025708051,-0.0058813784,0.012279856,-0.0011935332,0.0036357595,0.0022084878,0.003951191,0.013926148,0.015072461,-0.0012221253,0.007397593,0.008484598,-0.05121868,-0.028038498,-0.040737744,-0.018592305,-0.0025690207,0.00789508,0.01870226,0.0033656983,0.012615497,0.0074803694,-0.00084359944,0.007404332,-0.00968628,0.00123145,-0.0026105815,-0.0045667747,0.001227838,0.012922152,0.0007450051,0.010049998,-0.009611603,0.0026216477,-0.0018721586,0.004513177,0.011706796,0.004954175,-0.0057019047,0.022258826,0.010174211,0.014696989,0.019857444,0.012847364,-0.0025257291,-0.004631825,0.016458273,-0.014141088,0.011680231,-0.008748999,-0.015991744,-0.01704476,0.0033268412,0.012839602,-0.003007471,0.0011484823,-0.00060581625,0.0036505256,0.021978227,0.007588217,0.027652107,-0.0050701546,0.010167174,0.018276356,0.019416757,0.027684968,0.022494737,0.01181199
/mnt/sdd/caltech_training/three_classes/train/002.Laysan_Albatross/Laysan_Albatross_0080_821.jpg,1,0.0009128492,0.004037015,0.00093441544,0.013148196,0.0066523296,0.002581783,0.006026894,0.017687624,0.008118744,-0.002943175,0.0018094887,-0.007983971,-0.00080219714,0.016365044,0.009452585,0.011796508,0.008826216,0.008719893,0.0080031585,0.009424474,0.013726123,0.001969025,0.017192436,-0.0012903218,0.0013707033,0.0028969487,0.0058899587,-0.0007484474,-0.0037406534,0.0025951318,0.0060370467,0.02179522,0.01042768,0.018830847,0.016755715,0.01491846,-0.03919194,-0.030315178,-0.043066226,-0.031180395,-0.021390162,-0.0045131105,-0.013485154,-0.0077796923,-0.004719203,0.0018039587,-0.0035806932,-0.018235337,-0.0058566504,-0.006948478,-0.019433022,-0.0058502946,-0.002731109,0.008483715,0.026103925,0.012033306,-0.011636832,-0.009470059,0.0070703547,0.007047136,0.008068578,-0.007424206,-0.0011169035,0.0075948243,0.009972118,-0.0022617048,-0.009461567,-0.0022688266,-0.004728224,0.0025347136,0.014801227,-0.009568978,-0.013708313,-0.010500427,0.01438641,0.0062216646,0.014871243,-0.021895953,-0.004943561,-0.009944992,-0.0121909855,-0.0001927577,0.008866254,0.0039454633,0.0023311174,-0.0058913627,-0.022475105,-0.005301145,-0.0013684294,-0.005923869,-0.0047834865,0.0050281975
/mnt/sdd/caltech_training/three_classes/train/002.Laysan_Albatross/Laysan_Albatross_0065_809.jpg,1,0.0065307454,0.0025239454,0.00037015704,0.0115269385,0.0068048937,0.001920795,0.0072883037,-0.0029122597,0.0013804302,0.0017604812,0.011658177,0.0066505563,0.0011552009,0.0021820478,-0.014066346,-0.003642132,-0.008179571,-0.0012717671,0.00526105,0.009063199,0.0018765668,-0.0060905633,0.004467058,0.005418954,-0.012679213,-0.004433438,-0.002406835,0.0030200668,0.005723701,0.000308407,0.002474096,0.0075668646,0.0028781912,0.01182704,0.014662901,0.011996515,-0.020068804,-0.029096587,-0.030835336,-0.010924866,-0.00947208,-0.019873172,0.011576257,0.030333105,0.02358729,0.019820683,-0.008482907,-0.01252421,0.0071206028,0.010934723,0.0031535989,-0.015651114,0.0077404846,0.0231781,0.007470494,0.009932495,0.011923171,0.0053380406,0.013901378,0.0012441024,0.0116387885,0.0049946066,-0.00879185,0.014968255,0.029449645,0.033942156,0.009360337,0.0086388,0.013863813,0.02181862,0.023539908,-0.01277761,0.021458171,0.014112279,0.027398884,0.022630394,0.008176976,0.014029959,-0.021496166,-0.018184964,-0.014755855,-0.0062883655,0.01699694,0.019691115,0.0022559275,0.015740553,0.008791191,0.020280525,0.030101588,0.025404673,0.022378853,0.0062530637
/mnt/sdd/caltech_training/three_classes/train/002.Laysan_Albatross/Laysan_Albatross_0042_801.jpg,1,0.0036639296,0.00264818,0.00011769211,0.009872514,0.0022342075,0.0019187895,0.010017791,0.007808482,-0.0017817601,-0.00062781025,0.0043012043,0.0068389163,0.005803141,0.022189086,0.0061965687,0.013575688,0.008637569,-0.009854386,0.004722309,-0.0060204435,0.00762026,-0.00363599,0.00998951,0.00883461,-0.0030757128,0.0008375426,-0.0011449994,0.026235865,0.0061384765,-0.007726184,-0.0005354447,0.011311645,0.003187295,-0.02192225,0.0033752627,-0.005412187,0.007978411,0.008773943,-0.0034980748,-0.007153716,0.0018020384,0.009359386,0.02106093,0.00653609,0.0076456694,0.0037445498,0.0067623826,-0.0010749875,0.008888794,0.0034530833,-0.0031656495,0.008341362,0.010046756,-0.0069530373,-0.005083436,0.0030054448,0.020092722,0.0071019707,0.010322882,0.019722592,0.02135256,0.009137399,0.013464084,0.011121418,0.005866736,0.016602917,0.0019890773,-0.0046670297,0.001661255,-0.009877201,0.022981249,-0.0055082277,0.008155256,0.03226679,0.030144991,0.01660794,0.010167433,0.007962111,-0.012128749,-0.0045768153,0.0028487574,0.0059222393,0.0096411165,-0.004664945,-0.0100257965,0.007448387,0.026099693,0.020713005,0.003101076,0.018299257,0.02012704,0.0016544592
/mnt/sdd/caltech_training/three_classes/train/002.Laysan_Albatross/Laysan_Albatross_0033_658.jpg,1,0.0019161,0.0014881284,0.004452363,-0.0049520056,-0.0015814548,6.564535e-05,-0.002981433,0.00091837905,0.0033510323,0.0028386822,-0.0006196522,0.008067357,0.0012491969,0.0027428314,0.00779073,0.005787514,-0.0068141557,0.0044500344,0.0020107222,0.0014524967,0.00870145,0.0071460535,-0.0037181084,-0.0031376334,0.009104817,0.0061786515,0.0039436403,-2.4402165e-05,0.0018863752,-0.005260805,0.0034047682,-0.0013459753,0.0029457072,0.001972069,-0.004035423,0.0051759696,0.004306152,0.005835344,0.009423228,0.0040575024,-0.0065968246,-0.0023397373,-0.008553602,-0.02694149,0.008087968,-0.00039680628,0.0065247323,0.008722486,-0.0013663562,-0.001800549,0.0049557667,-0.0011705221,-0.018264063,-0.0042063356,-0.0130841965,-0.0029291662,-0.008426948,-0.008227739,-0.016802806,-0.009782694,0.002532221,0.0033535091,-0.0051452955,0.01242738,0.007551037,0.011431281,0.006112805,0.001104855,-0.0027147073,-0.015835598,0.010852545,0.019371942,0.008645049,-0.018243734,-0.0022064506,-0.0104877725,-0.002544281,0.000801072,-0.024859307,-0.02638171,-0.00641248,-0.008362115,-0.00209083,0.004453593,0.017914847,0.0017457763,0.025855528,-0.007825635,-0.010746987,-0.011243798,-0.013738461,-0.005717385
/mnt/sdd/caltech_training/three_classes/train/002.Laysan_Albatross/Laysan_Albatross_0012_696.jpg,1,-0.0007611635,0.0016578244,-0.000120610595,-0.0076939897,-0.0107732415,-0.0031504855,-0.016253797,-0.022566969,-0.0148963705,-0.0029075514,0.00171633,-0.00072491146,-0.010594521,-0.008010767,-0.011640064,-0.02349231,-0.017401516,0.020695634,0.010907881,0.0059837857,-0.044434153,-0.01082618,0.0028852301,0.0083174445,0.0066013113,0.003019296,0.0038646758,-0.025608372,-0.0005463741,0.0008117929,0.005093476,0.0024036192,0.0032468273,0.0015782584,0.015929166,0.0038240282,-0.040627316,-0.042630546,-0.029805843,-0.026745323,-0.017426804,-0.003685393,0.012360844,0.0059064897,0.0034253185,0.011783424,0.016765315,0.0014049287,0.0076672537,-0.017506659,-0.0056829927,-0.014846235,-0.0223415,-0.007899765,0.00545414,0.009333512,-0.00043007778,0.011826871,-0.010169693,0.0056538004,0.0014605867,-0.0068240287,-0.016588572,-0.00022457296,-0.008862523,-0.017707597,-0.013225034,0.014130217,-0.0044919075,0.01778263,0.004206021,0.0033268274,0.00090995885,0.0004071996,0.022784632,0.012057485,-0.00013861957,0.012729724,-0.008075364,-0.007987721,0.0051387134,0.012109426,-0.005900477,0.004796094,0.01339405,0.023733383,0.010967383,-0.01082778,-0.008586779,-0.013870525,-0.009506848,0.0041114083
/mnt/sdd/caltech_training/three_classes/train/002.Laysan_Albatross/Laysan_Albatross_0028_643.jpg,1,0.0029820502,0.004419908,0.0031482577,-0.0040320707,-0.003440416,-0.002108407,0.008423966,0.0050959387,-0.0018748743,0.002604224,-0.007306023,-0.004453622,-0.005603633,-0.0008528384,-0.008338355,-0.0060611675,-0.008167844,-0.0056677265,0.0005885409,0.0038870783,-0.0018143961,0.007180213,-0.014374677,-0.0019490168,0.0012868383,0.00063242065,0.0005890832,0.008521836,0.008321189,-0.0041288952,0.0006903764,-0.005541159,0.00927198,-0.02340988,-0.029113913,-0.0068963836,-0.021688629,-0.005596354,-0.009258957,-0.0024312967,-0.006649661,0.0044107414,-0.013607232,0.0021101255,0.011037856,-0.007734799,0.003050391,-0.0031107587,-0.004336863,0.005951925,0.0065907277,0.010487933,0.0062496588,-0.001907421,-0.0022754697,0.0077338256,-0.0052053486,-0.014391996,-0.023744054,-0.0144285355,-0.015304643,0.010162069,-0.008163543,0.0046436144,-0.0063513545,0.01402279,0.0049876096,0.0008839397,-0.00749211,0.026704054,0.022681106,0.02643539,-0.0040062955,0.0051285224,0.0030652466,0.010210635,0.014514093,0.0015379449,0.0027780137,-0.024118062,0.0055679223,0.004317345,-0.013575994,0.00781294,-0.009981743,0.006870406,-0.01685767,-0.019454282,0.003946286,-0.017886415,-0.0071058483,0.008157687
/mnt/sdd/caltech_training/three_classes/train/002.Laysan_Albatross/Laysan_Albatross_0099_869.jpg,1,0.00022199278,0.0025075858,0.00075868436,0.007959854,-0.0012237984,0.0035135036,0.005154991,-0.0011667414,0.011520248,-0.005980801,0.013793692,0.0069588968,0.0017725562,0.00973911,0.0039381995,0.012507686,0.0013566989,-0.00563446,-0.004839354,-0.006858855,-0.00082418486,-0.00346395,0.008662715,0.0120235095,-0.0057074283,-0.008488376,0.0024549155,-0.0013437925,0.010064807,-0.001164649,0.004399555,0.017221022,-0.013915088,0.004263281,-0.01067082,-0.0046208594,-0.0093177855,-0.01324529,0.0019284935,-0.0021533142,-0.008063028,0.008334136,-0.0018409272,0.0038002762,0.021186642,0.0045634895,0.005295895,-0.0004105093,-0.0061223814,-0.008239947,-0.0064836005,-0.0009163768,-0.0037455207,0.004481222,-0.008849317,-0.003276872,-0.0026819988,0.0025593857,0.0076866588,0.009635519,0.023676714,0.021838505,-0.0019199452,0.0041709444,0.00014597783,-0.008385711,-0.014550195,0.0126294885,-0.0005532305,0.030119792,-0.011897105,-0.017592952,0.0005062616,0.014967167,0.0072989217,0.014331019,0.012872953,0.0047747185,-0.029346325,-0.013854011,-0.0054080975,-0.03492251,-0.0013194494,0.01042597,-0.004018461,-0.0048983246,-0.0036036922,0.00028914824,-0.0008878737,-0.0028437525,0.001327233,-0.010555077
/mnt/sdd/caltech_training/three_classes/train/002.Laysan_Albatross/Laysan_Albatross_0056_500.jpg,1,-0.00081728096,0.0006622275,0.0025940533,0.0027920082,-0.00067854964,0.0023765096,0.00561021,0.01844456,-0.00044573337,0.008599833,-0.0027943084,-0.0034465308,-0.008097135,-0.0018062361,0.0098068565,-0.021470807,-0.0055971714,-0.008072315,-0.004163212,-0.010861224,-0.01567079,0.00994376,-0.00053181686,-0.01172915,-0.010690898,-0.0121366205,0.0027908173,-0.009955048,0.0052834987,0.003800006,0.012217023,0.007831252,0.029415425,0.010296327,0.0015921745,-0.0014523505,-0.002386651,-0.024976673,0.012951096,0.005435668,-0.0010492529,-0.015779924,0.02649668,0.010962347,0.02234032,-0.0018187533,0.012792597,0.010778722,0.004955792,-0.004591301,-0.009616984,0.005978187,0.027775146,0.019751627,-0.0025721719,0.0029811233,-0.017326334,-0.014229907,-0.023755249,-0.018232659,-0.020084785,0.012946469,0.011237517,0.0128886355,0.012113839,-0.004958826,-0.02404365,0.016221616,-0.03091732,0.009458463,0.025955262,-0.009805447,0.0023751548,-0.0020222764,0.011082689,0.019941293,0.0027700788,0.007297945,0.003608336,-0.02892612,-0.010307737,-0.014927933,0.008129598,-0.021494854,0.017072055,0.011131701,0.015597092,0.006721689,0.009841131,-0.004568125,0.0005994055,0.01846091
/mnt/sdd/caltech_training/three_classes/train/002.Laysan_Albatross/Laysan_Albatross_0025_571.jpg,1,-0.0028232764,-0.0012579742,-0.004835766,0.0040745116,0.0050431727,0.0019866836,0.002745792,-0.003150518,-0.016702488,0.0008330676,0.01123411,0.007016303,0.008790014,-0.00051518483,0.0003515412,0.016337648,0.018723298,-0.011595089,-0.011479133,-0.0012314623,-0.0077703563,-0.0032022079,-0.00495701,0.0001183938,0.012241332,-0.0006572226,0.0061145276,0.01201226,0.0072664106,0.0010464793,-0.00854422,0.011483893,-0.005321212,0.004915753,0.0007528926,0.018308483,-0.015388528,-0.009382458,-0.0027468512,-0.0064673265,-0.0065851645,0.016350102,-0.0041608466,-0.0017843875,-0.013046803,-0.007869669,0.017200768,0.004996761,0.023355097,0.0057453397,0.0030792733,-0.01000407,0.008808574,0.028841127,0.014613093,0.0051407134,0.0019937917,0.010428978,-0.019886645,-0.0061008357,-0.009681523,-0.0102507975,-0.0007653944,-0.00058089854,-0.009427575,-0.0053072777,-0.0059811333,0.0045660883,0.0075318636,0.011794481,0.022871807,0.00497431,-0.0016362645,0.00022951455,0.0038416309,0.0042805253,0.021021761,-0.00093138544,-0.011769659,-0.039513722,-0.015923655,-0.009638561,-0.008029356,-0.017755117,-0.0055557634,-0.017348418,0.006229594,-0.024265666,-0.010315506,-0.018872112,-0.017884288,0.0007832553
/mnt/sdd/caltech_training/three_classes/train/002.Laysan_Albatross/Laysan_Albatross_0070_788.jpg,1,0.0028667368,0.005103365,-0.0011134668,0.006218546,0.0014260848,0.00043977838,0.004284704,0.0014220807,-0.0011823177,-0.0009647398,0.00392743,-0.0073167193,-0.005301783,0.00844675,0.0047685043,-0.022018306,-0.018403567,0.01279061,0.006854633,0.011119867,0.0066086655,0.0012055108,-0.011764786,-0.0035121068,0.00022540183,0.0018133316,-0.0014435693,0.002051489,0.0077921655,0.0026403384,0.0060149156,0.00014889482,0.024930866,0.0039430093,0.004142421,-0.0068752114,-0.015169027,-0.020992115,-0.018522352,-0.0023620077,-0.006107821,0.0013057385,0.0072435257,0.014647055,-0.00076112617,0.002468348,0.004417592,0.005551005,0.006938856,0.0095399255,-0.00391841,-0.011780365,0.01492657,0.008057228,0.01951225,0.023041785,0.0012835661,0.031423133,0.024028767,0.05258684,0.03705965,-0.0037105186,0.00696034,0.0018272898,-0.005813738,0.021883665,0.008715835,0.022041464,0.012511204,-0.0017235549,-0.009975095,-0.011428853,0.032290414,0.010883036,0.0048392145,0.0124390675,0.020958547,0.01273543,-0.018008074,-0.019809194,0.0027070316,-0.010259087,0.011542223,0.0035332572,0.0027777357,-0.004119415,-0.011265196,0.018489879,0.0014756727,0.009849487,0.006397692,0.023799993
/mnt/sdd/caltech_training/three_classes/train/002.Laysan_Albatross/Laysan_Albatross_0100_735.jpg,1,-0.002293645,6.315345e-05,0.0025881045,-0.0085007725,-0.0024475479,-0.0007783962,-0.003245653,-0.0017904879,-0.0015071724,-0.0008290092,-0.0026692972,-0.008773775,-0.019851774,-0.011393698,-0.013387242,-0.03249008,-0.030772474,-0.00040094205,-0.00040917227,0.007444409,0.0021982072,0.001136431,-0.0015394544,-0.0038889134,0.008065977,0.0081185065,-0.007874664,-0.021362096,-0.011171401,-0.014910046,-0.008155663,-0.0069903014,-0.0018645686,-0.007453973,0.0022929693,0.003357461,-0.021714509,-0.025698345,-0.019477002,-0.035764754,-0.02372346,0.0034481653,0.016135756,-0.0044207796,0.0059626047,0.016158134,0.0025285995,0.0016973447,0.000733695,0.014818653,0.008022218,0.0012337111,0.029995902,0.007580461,0.021188032,0.019986317,0.0040012426,0.01171327,0.005990845,0.0025626027,0.0069261664,-0.013583661,0.01255189,0.014974007,0.010635408,0.0072072893,0.006305068,0.026431669,0.022693649,0.030423803,0.0033874265,-0.0007376862,0.023480456,-0.008967781,-0.01843584,0.0073842052,0.0016702327,0.014518863,-0.005767941,-0.03137512,-0.008761406,-0.004796735,0.023320168,0.004542972,-0.002420554,0.021286558,0.03687997,0.009809779,0.008411844,-0.013878064,0.0041956,-0.010886343
/mnt/sdd/caltech_training/three_classes/train/002.Laysan_Albatross/Laysan_Albatross_0013_910.jpg,1,-0.0035165818,0.000479351,0.0012080888,-0.0029218807,-0.0016860352,0.0019760898,0.0016144764,-0.0036180266,0.0031555593,-0.005798355,0.00595391,0.0044460753,0.00089894515,-0.012390828,0.00624707,-0.018549167,-0.012845484,0.0022388115,0.006935609,-0.013643903,0.0044760965,-0.0015874131,0.0072846645,0.01438758,0.0092029255,0.010767621,0.0014538696,-0.010677697,0.014366552,-0.0020778738,0.0015994027,0.00904612,0.014343955,0.010533838,-0.0032165411,0.0014268076,0.0052685114,-0.0017244648,-0.013750892,-0.0026181776,-0.011107983,0.004460024,0.020508831,0.023244472,0.009569034,0.0031097522,-0.0010283682,0.0007317343,-0.005164961,-0.008963281,0.010450184,-0.003096621,0.028748445,0.0017227714,0.0022060294,-0.0030527888,0.0003408792,0.014389112,0.021417122,0.024417907,0.025052998,-0.0019004461,0.011244415,0.01276125,-0.0024840832,-0.0029467186,-0.0044166716,0.03034379,0.018750198,0.008481036,0.019885805,0.0023601686,0.030409053,0.010317224,0.019059177,0.003717035,-0.0068637864,0.018019544,-0.018111426,-0.011567571,-0.005733841,-0.003659437,0.0035293086,-0.0051805195,0.01371755,0.0056179916,0.0077925096,0.0076936116,0.019270383,0.009239025,0.0118381055,0.009630913
/mnt/sdd/caltech_training/three_classes/train/002.Laysan_Albatross/Laysan_Albatross_0060_777.jpg,1,0.0026998257,-0.001386204,0.00058793323,0.00025612803,-0.0054366216,-0.0017363223,-0.0023012129,-0.0012870503,0.011599803,-0.0049281614,-0.0020704772,-0.0026727756,-0.0027661007,-0.005402566,0.0069647594,-0.0033781342,-0.00799602,-0.01675267,-0.012575958,-0.008851629,0.0063317055,0.011926864,0.006018465,0.008244466,-0.0056052655,0.0035672917,0.009721805,-0.010742201,0.008299658,-0.008147604,-0.007451114,-0.008166296,0.0071380716,0.011188141,0.0066603813,0.0035812864,-0.016529253,-0.012023493,-0.01295096,-0.023382457,-0.003172555,-0.001978674,-0.0017047239,0.0043959934,-0.0060862806,0.0030895048,-0.0001611209,-0.0015680423,0.026982732,0.02196312,0.014582866,-0.0031647081,0.003294503,0.0128934495,0.0066316877,0.003304977,-0.011264585,-0.007669408,-0.011907597,-0.0048166043,-0.016826207,0.017808765,-0.0019276901,-0.009391803,0.0072476882,0.022643982,0.028414678,0.0067890566,-0.0111705,0.025971662,0.010767061,-0.039014906,0.022429802,0.011824405,-0.007502686,0.015365599,0.019831236,0.027386656,-0.0055621555,-0.025633806,-0.008358235,-0.0038347146,0.019156542,0.01707069,0.0021214818,0.009579476,0.0044631166,0.0010727099,0.037569374,0.044268966,0.052891318,0.014913831
/mnt/sdd/caltech_training/three_classes/train/002.Laysan_Albatross/Laysan_Albatross_0006_702.jpg,1,-0.0022413612,-0.001034586,-0.004090687,0.0020041582,0.0039081452,-8.900062e-05,-0.010545805,-0.0138256475,0.0061271125,0.001674322,-0.006310606,0.0032641834,-0.010038073,0.012552466,-0.014961146,0.004117302,-0.0057246373,-0.010086255,-0.0049147364,-0.008718329,-0.013918985,-0.011801211,-0.008027544,-0.004894445,-0.015204177,-0.010345383,-0.0065558488,-0.0075650727,-0.003262803,-0.004468388,0.0019421395,-0.0030421102,-0.0052263774,0.0014447784,0.0018224489,-0.0016493074,0.0011213198,0.009182847,-0.009788165,-0.0032355778,-0.002130329,-0.009304362,0.0036780294,-0.0020303205,-0.0011906151,0.0046167225,0.011975664,0.0067386655,0.0060732756,0.0113296,0.00994036,-0.026351932,-0.0012478926,0.009943536,0.01206606,0.017774962,-0.006776304,-0.012369392,-0.008831644,0.0106199235,-0.0026879762,0.008843902,-0.0063239173,-0.0055045914,0.011281319,0.011104317,-0.0148522295,-0.0010705711,0.017101884,0.015609897,-0.0041847397,0.0049724705,0.009056222,0.026112316,0.019376744,0.012652536,-0.0045654997,0.0074627493,-0.022604048,-0.037479796,-0.024906628,0.00798328,0.01153049,-0.020759305,-0.004583994,-0.01137791,0.0051975637,-0.0038689282,-0.0031904632,-0.005645287,-0.0023698446,0.0062596323
/mnt/sdd/caltech_training/three_classes/train/002.Laysan_Albatross/Laysan_Albatross_0092_834.jpg,1,-5.5019744e-05,-0.0011820183,-0.0021817286,-0.0045800526,-0.00054911495,-0.0006406768,-0.0017658537,-0.013366645,-0.007201958,-0.006840708,0.0044046408,0.012764362,0.0020035412,-0.014700758,0.004622977,-0.0020895908,-0.004077239,0.013156251,-0.0059288647,0.005471616,-0.023260731,-0.0058678016,0.0001516086,-0.0044589764,-6.300281e-05,0.0072608846,0.0025545878,-0.01606636,0.007850558,0.0025742357,0.0040383223,0.008958551,0.0046149064,0.016384957,-0.00042944588,0.0049226144,-0.01605824,-0.01974714,-0.021362726,-0.016898576,-0.018017888,-0.009689704,0.0035557107,0.012499147,0.0055809068,0.014748223,-0.015250193,0.0039333054,0.0034371396,-0.0069306074,-0.0145858675,-0.015988022,-0.0013770099,0.008050149,0.00718964,0.015497869,-0.0062824767,-0.008178629,0.0024088493,0.016351877,0.019773882,0.011729769,-0.0032782278,0.014081234,-0.0015168723,0.008036753,-0.007827576,0.016451241,-0.0020540042,0.005991053,0.021348478,0.023902485,0.0032281934,-0.0050483756,0.012423891,0.02130786,0.026483119,0.0024114742,-0.009516809,-0.0039687753,-0.006548966,0.0004835478,0.015330002,-0.0036773244,-0.007681396,0.005585245,-0.008143207,0.005246303,0.015032636,0.012348732,0.018657874,0.013859574
/mnt/sdd/caltech_training/three_classes/train/002.Laysan_Albatross/Laysan_Albatross_0096_673.jpg,1,-0.0005306067,0.002951607,-0.00016545731,0.011822842,0.008190086,0.0028778536,0.017904626,0.011907695,0.011066539,0.009792775,0.011955138,0.0075374404,-0.0011292307,0.005293013,0.0008151578,-0.0067637307,-0.004116982,0.0010147875,0.011569484,0.008122474,0.0077964626,0.0130059235,-0.00065499253,0.008962866,-0.0057666125,-0.0048527443,-0.0045847367,0.008122964,0.0068003796,0.00092442695,0.0021335925,0.01776445,0.025047723,0.013482994,0.026277948,0.011639578,-0.006619934,-0.018256288,-0.0058876527,0.0040617604,0.0023078946,-0.004532797,0.016569814,0.04149419,0.014306402,0.016176857,-0.0094239,-0.012969234,-0.0009585412,0.025082495,0.009172106,-0.015732579,0.019359646,0.019567996,0.006775222,0.012863593,0.019405082,0.023405474,0.0293055,0.017249838,0.012074447,0.012212024,0.0088439025,0.027604863,0.029401675,0.036906175,0.019478753,0.0058438457,0.016075669,0.01663066,0.024523027,0.0108512,0.011423362,0.0116386805,0.012010012,0.02855692,0.012624942,0.015342524,-0.016889203,-0.026199777,-0.018707847,-0.015081558,0.023400243,0.0012680856,-0.021115659,-0.008367866,-0.0108070085,0.024474787,0.017462594,0.018395057,0.014698057,-0.003906362
/mnt/sdd/caltech_training/three_classes/train/002.Laysan_Albatross/Laysan_Albatross_0005_565.jpg,1,0.00014558171,-0.001817911,-0.00024472034,-0.008065161,-0.0098544,-0.0007785763,0.004495658,0.0033965025,0.01019287,0.0022039367,0.0033291508,0.0036015948,-0.0052733365,0.012873406,0.008130674,0.0045323833,0.0022024887,-0.016253542,-0.012799512,-0.014521276,0.0042755366,0.0071307565,-0.0120232785,-0.0058484753,-0.005835646,0.0011197116,-7.414899e-05,-0.003412163,0.008880053,0.0039834343,0.0046794508,0.010833625,0.009249168,0.020826587,0.011356339,-0.003977911,0.010949872,0.014299625,0.01881894,-0.011961977,-0.008005886,-0.016724393,0.018336084,-0.008450163,-0.012925843,0.0063295937,0.003846453,-0.0057613617,0.0005847658,0.0015938308,-0.0013587114,-0.0094740875,-0.016240232,0.0059295706,0.011406448,-0.0020644888,-0.0044973698,-0.005346578,0.0047238446,-0.008912452,-0.010532934,-0.0017030325,0.0013408,0.005591509,-0.0041865427,-0.00888997,-0.035737455,-0.014455892,-0.026615243,0.006478345,0.009783493,0.022033174,-0.02366476,-0.0174457,-0.014287725,0.010912662,0.017595714,-0.019345999,-0.013953382,-0.019376978,-0.008069655,-0.010183927,-0.013552116,-0.002568927,0.015836002,0.010537021,0.010939047,-0.03108075,-0.011701584,-0.00067804265,0.0013765213,-0.0019498058
/mnt/sdd/caltech_training/three_classes/train/002.Laysan_Albatross/Laysan_Albatross_0104_630.jpg,1,-0.0013920602,0.00010619889,0.0005374803,0.010138191,0.01068933,-0.0008795508,0.009138064,-0.0031754617,0.002237059,-0.00024932716,-0.008107898,-0.0016532604,0.0041512996,0.007192267,0.008136687,-0.011003829,-0.0068699666,-0.0015050067,-0.0069342414,-0.014404726,0.008170046,0.0018412829,-0.0117238145,-0.0031549921,0.005919013,0.011415379,0.0054084565,0.007376943,-0.0005032166,-0.0055544893,0.002853436,0.02244777,0.016212285,-0.008110153,0.008105775,-0.00873891,-0.01903729,-0.007939292,0.009887875,-0.0017198448,0.005977884,0.027979614,0.0055586435,0.0055147554,-0.0018753079,0.0041520773,-0.0018693614,-0.034702547,-0.043600805,-0.019225374,-0.005919975,0.017899845,0.008122546,0.0078100143,0.0018071611,0.012063158,-0.0023621984,-0.015114755,-0.0049698735,-0.012358433,-0.025502935,0.018058334,0.0017409034,0.0052593164,0.007806165,0.009727237,-0.012706757,0.013471751,-0.021460336,-0.012756876,-0.0023940043,-0.046260353,0.014515547,0.005250416,0.017636968,0.004303114,0.0014327128,0.011934252,-0.0074686296,-0.008362244,-0.015174919,-7.5458083e-06,-0.00014052319,-0.0040125926,0.0012618043,0.019548422,-0.00278464,0.0011122087,0.0017224815,-0.0009918154,0.00613928,0.007935682
/mnt/sdd/caltech_training/three_classes/train/002.Laysan_Albatross/Laysan_Albatross_0049_918.jpg,1,-0.0007087207,0.0006156037,-0.00090314494,-0.0139874555,-0.01530282,-0.00086793216,0.0024475693,0.0020707038,0.00095467095,0.0018517784,-0.0077806017,0.0017020232,-0.0023018997,-0.0057881754,-0.0029645052,-0.010492014,-0.009197042,0.004505407,0.006407393,0.0020361657,-0.002113603,0.001990508,-0.0011558774,0.0075697703,0.0027071727,0.002695816,-0.0037700464,-0.0017270064,0.0005550226,-0.0009810792,0.002531726,0.0035243635,0.0061710337,-0.004599847,-0.005445533,0.008922356,-0.0043504094,-0.0074265525,-0.00060115964,-0.0054960856,-0.014511231,0.0018738448,0.0046359776,-0.009298544,0.004049993,0.0064682774,0.007260396,0.0036541896,0.0068975743,-0.0034337582,-0.00058538327,-0.009327851,0.0035944337,0.032473933,0.03517679,0.019706782,-0.024913305,-0.008743115,-0.007447039,-0.024825824,-0.0123828,0.0017435751,-0.0060867546,0.010583958,0.011608327,-0.011957318,-0.013528502,0.00012484123,0.019188952,0.014667702,0.021270078,0.0013922665,0.022502994,0.0094610695,0.004781997,0.012896741,0.017748814,0.011991952,-0.005804559,-0.0315903,-0.02065314,-0.010203207,-0.0011784432,-0.0030690255,0.010508865,0.023698129,0.03292353,-0.005092834,-0.0011046198,0.0056935917,0.004292641,0.012371362
/mnt/sdd/caltech_training/three_classes/train/002.Laysan_Albatross/Laysan_Albatross_0075_668.jpg,1,-0.0035397,-0.0019350668,-0.0033396916,0.00088677066,0.00072134647,0.0024092232,0.0034583113,-0.0046417206,-0.03154351,-0.0066046678,0.00027069473,0.0014641753,0.001636001,0.012252642,0.005241423,-0.015779013,0.0066972524,0.011130603,0.012329651,0.0008801592,-0.0064783245,-0.0022726818,-0.006099582,-0.0021046887,-0.0067016524,-0.0028037396,-0.006984968,-0.010852281,-0.0025085409,-0.0072002904,-0.012092284,0.0039055087,0.008526084,-0.0039848383,0.0017938046,-0.0050042425,0.02328219,0.01288474,0.02392615,0.023666497,0.0019084332,-0.006109856,0.009720957,0.00943495,0.010029365,0.0076646963,-0.0055340603,0.006290759,0.01314337,-0.004082933,0.0072158743,0.024063926,-0.003908116,0.01356031,0.025124673,0.016348926,-0.0008587884,0.006559218,0.0015979847,-0.0033440264,0.0048345313,0.016385185,0.008692356,-0.00043136568,-0.004463023,-0.00094996276,-0.007894709,0.0161987,0.0045667836,0.0013252834,-0.013030028,-0.049232997,0.012544434,0.005645034,0.0064452556,0.032644767,-0.001658333,0.006347379,-0.01229998,-0.024352353,-0.009020988,-0.006963853,0.007111276,-0.006072021,0.00782518,0.0013968791,0.0073083416,-0.0050050598,-0.0146355685,0.0023283346,-0.001065155,0.017552871
/mnt/sdd/caltech_training/three_classes/train/002.Laysan_Albatross/Laysan_Albatross_0079_506.jpg,1,-0.0011458821,0.00026421243,0.00031474413,0.0064920997,0.011410686,0.00070504483,0.00342349,0.013451773,0.007911979,-0.0040912414,0.00020357035,0.002653664,0.00037872116,-0.005201511,0.014895718,0.01585281,0.010998003,-0.008355291,-0.0006179806,-0.012701671,0.00071165315,0.0010403027,-0.00072612066,-0.0027109361,-0.0034510866,0.004657929,0.0018148405,0.0063486393,0.001527658,0.0049097217,0.007058624,-0.014231745,0.0051135635,-0.011980078,0.0020497257,0.0068825367,-0.0076828334,-0.006894256,-0.007620812,-0.004920056,0.005975819,-0.00949318,-0.0026445258,0.0008012126,-0.018980756,-0.009233215,-0.0044091973,-0.0033594824,-0.0062507405,-0.02346023,-0.0058124904,0.0167023,0.0021683557,-0.0019694865,-0.01236805,-0.007602633,0.003421311,0.0017316155,-0.00058300095,0.0024523288,0.00057042914,-0.0024205917,0.005485535,0.025816554,0.017846081,0.021646837,0.0027712514,0.008224711,-0.0059353258,-0.012159075,0.018857457,0.0047146087,-0.0071290815,0.02291599,0.012405336,0.02082042,0.016757403,-0.0063163284,-0.007390806,-0.032000203,-0.005083095,-0.011363678,-0.008928825,-0.00602559,0.0103465775,0.011614194,-0.004394958,-0.008230066,0.007886888,0.00075093657,-0.0043408507,-0.007306299
/mnt/sdd/caltech_training/three_classes/train/002.Laysan_Albatross/Laysan_Albatross_0094_1013.jpg,1,0.0015015505,0.00063069456,0.0032736524,0.007791026,0.008283056,0.00148943,0.0029193214,-0.012533245,0.02797795,0.0076882835,-0.006760252,-0.011056391,-0.01622134,-0.001551676,-0.009617645,0.00087577244,-0.0043451553,0.0026874961,-0.0072385524,-0.006816072,-0.026809841,-0.016455024,0.011626853,0.0023465436,-0.005504097,0.0042281607,0.003346837,-0.0189001,0.006378712,0.0034822423,0.005770657,-0.004244057,0.0031612376,0.008838778,0.01222914,0.008335149,-0.058996573,-0.04881824,-0.04832208,-0.052731615,-0.04878399,-0.019551683,0.011319363,-0.00969968,-0.0062106457,0.009563727,-0.02092266,-0.014659417,-0.011891504,0.004041015,-0.008091329,-0.015656445,-0.00065351767,0.0027659447,0.011239902,0.0066668526,-0.007909413,-0.018456213,-0.044675484,-0.023323804,-0.027663194,0.005391904,0.0027972143,0.010264212,0.002599716,-0.004222581,-0.021792404,0.018504268,-0.0011915099,0.014887812,0.044311423,-0.02658828,-8.789939e-05,0.000977512,0.0040571,0.015298272,0.00956567,0.01408239,-0.015230404,-0.026799379,-0.014204642,0.002638074,0.0005796489,0.0049318895,-0.008007281,-0.018562201,-0.001460874,0.00040722825,0.008296378,0.005698397,0.01648474,0.018889911
/mnt/sdd/caltech_training/three_classes/train/002.Laysan_Albatross/Laysan_Albatross_0018_492.jpg,1,0.0004587827,0.0026452788,0.00075887766,-0.015344427,-0.021820717,-0.0037459969,-0.010706231,-0.019089518,0.0011020246,0.0019244493,-0.0015281751,-0.0029266085,-0.0017604602,-0.023072718,-0.0076332456,-0.00017807621,-0.0075318892,-0.00390291,-0.0023417098,-0.0051492034,-0.029096134,-0.0016404921,-0.0040751784,-0.021098891,0.0014921157,-0.00036730035,-0.0005415466,-0.03475336,-0.001904355,-0.009554723,0.0036627413,0.000778832,-0.0001279451,-0.019367076,-0.011474245,-0.0018841329,-0.018130966,-0.046217572,-0.02968223,-0.0345269,-0.029528424,0.00065298565,0.009391595,0.012643211,0.0027512056,-0.0040637716,0.0014308536,0.017078593,0.02665827,0.01611469,0.016111774,-0.008893717,-0.0032282227,0.019751899,0.008889822,-0.0005330995,-0.0012948263,0.00077251066,-0.004179196,0.004529493,0.006546921,0.021859689,0.0020562694,0.015730899,0.01389122,0.0032257119,-0.0045049367,-0.0026653835,0.021055687,0.0174521,-0.016182153,-0.04532005,-8.0090365e-05,0.018051865,0.02228095,0.0030334333,0.014684979,0.0021943084,-0.011131769,-0.018604668,-0.0014809496,-0.0023002392,0.0030756313,-0.022207992,0.0018436005,-0.01191009,-0.017190346,0.0018035853,0.009513827,0.003080742,0.004957669,0.021983352
/mnt/sdd/caltech_training/three_classes/train/002.Laysan_Albatross/Laysan_Albatross_0047_619.jpg,1,-0.0027366767,-0.0032985534,-0.005858683,-0.0046124095,-0.0078052543,-0.004480773,-0.0007038477,0.001732885,-0.025106052,-0.0088438615,0.004107728,-0.005725073,-0.00068263547,-0.008514195,-0.0037819282,-0.0059016277,-0.0015010156,0.0019451656,0.0071183573,0.0012512384,-0.0049627647,0.002522488,-0.0046581393,-0.002070716,0.0038534026,-0.00032516755,-0.0027350993,-0.015033722,-0.0092024,9.143492e-06,-0.0018121512,0.013581567,0.0048145587,0.00023155427,-0.009118998,0.00077125104,-0.0010403367,-0.0140017215,-0.0151865585,-0.007491937,-0.0108280685,0.0053762,0.009347304,-0.005928087,-0.007132326,-0.013514002,0.014535941,-0.0047187884,-0.0008208491,-0.0009122868,0.0009600278,0.00046823546,0.0050421497,-0.0053876936,-0.0029449374,0.0016922508,0.01727627,0.011469219,-0.015634773,-0.008766623,0.0005427592,-0.00090783706,-0.0016874489,0.01595531,0.01425105,0.004339493,-0.0022410175,0.008728282,0.012094257,-0.008541847,0.016653765,0.01706314,-0.0119917635,-0.011150421,-0.035404243,0.0037035295,0.008447205,-0.011476696,-0.013582255,-0.034128956,-0.01514034,-0.036156498,0.0029348596,-0.0036044891,0.0044745696,0.025648266,0.012025215,0.0064105885,-0.01178699,-0.0034332196,0.0044457964,0.003363136
/mnt/sdd/caltech_training/three_classes/train/002.Laysan_Albatross/Laysan_Albatross_0050_870.jpg,1,-0.0001025659,0.0031657058,0.001783845,0.0020632162,0.004236676,0.005071845,0.008153665,-0.0030358662,0.014002751,0.006205301,-0.0011519063,0.0069173034,0.008786935,-0.0020258857,0.010920067,0.010475327,0.00041029428,-0.0110006705,-0.004233246,0.0042057396,0.0017130515,0.012269788,0.0032015045,0.013015511,0.01579946,0.007501946,-0.0023879064,-0.007842522,0.0009576455,-0.0027112612,0.009994874,0.008955664,0.021627542,-0.0099975,0.011413076,0.009261801,-0.028924143,-0.03056582,-0.019333076,-0.027100114,-0.03148248,-0.0054275817,0.024903785,0.008113629,0.01319044,0.003536399,0.0041306624,0.021944825,0.040487077,0.02431836,0.019071028,-0.019203898,0.008153957,0.01113994,0.02871304,0.024531636,0.005769328,0.016856274,0.009783436,0.013571087,0.012892963,0.027754966,0.01766522,0.013399126,0.005919129,-0.0047669047,-0.010642974,0.021842768,0.0062223244,-0.010882103,-0.002718349,0.014685659,0.023110343,0.014779136,0.017258346,0.011571796,-0.00620259,0.026250454,-0.009643194,-0.021789595,-0.0071015973,-0.0053602783,0.0115420595,-0.007072429,-0.006570588,0.0011295924,0.016380947,0.013380464,0.00241035,-0.0025121984,0.01217487,0.0079144575
/mnt/sdd/caltech_training/three_classes/train/002.Laysan_Albatross/Laysan_Albatross_0044_784.jpg,1,-0.0013308681,-0.0001625719,-0.0013510946,0.00891478,0.011977306,0.004416345,0.0010775104,-0.006262747,0.000892228,0.004527393,0.0015379407,-0.0046252366,-0.009592251,0.014075115,0.004604338,-0.011640377,-0.009666195,0.009111108,0.0028856436,-0.001257079,-0.0055143167,-0.003673559,-0.010545562,-0.014332209,-0.0041558817,0.0043079657,-0.0014243945,-0.0048110336,0.0060595153,-0.01267887,-0.0015716424,0.007914836,-0.014604467,0.007926978,-0.0018074465,0.0074115074,0.003906547,-0.01196103,-0.0007503347,-0.0027055196,-0.0097918855,0.0040269187,0.004261465,0.01218558,0.011559077,0.0031866059,-0.015957981,-0.013934312,-0.012269744,-0.008484568,-0.024425033,-0.02051151,-0.018992318,0.008020776,0.012903621,0.014645327,-0.001974152,-0.0101003125,-0.015485929,0.0016261776,0.00063852035,0.029089244,-0.014038905,-0.0033572125,-0.010860439,-0.010548072,-0.020206142,-0.004270345,0.007001768,0.035822727,0.017533805,0.0030862307,0.019613719,0.0057865344,0.001858647,-0.00453934,-0.0033246574,0.020824518,0.024375886,-0.0057671852,0.017451704,0.016384369,-0.0006849007,-5.109096e-05,0.02529153,-0.003360127,0.01311094,-0.0032532625,0.0065187784,0.018510964,0.0018325485,0.00024254201
/mnt/sdd/caltech_training/three_classes/train/002.Laysan_Albatross/Laysan_Albatross_0023_1059.jpg,1,-0.0044226563,-0.001551019,-0.0015841979,0.0070416075,0.001021319,0.00011886854,-0.005300006,0.0011091258,-0.011944748,-0.0053456267,-0.0026205285,-0.002684334,-0.0012571043,-0.016573435,-0.006449729,-0.02520102,-0.01164437,-0.008817534,-0.001431353,-0.002067422,-0.0076422407,-0.00391429,0.00046987674,0.00037692813,0.0005502397,-0.002547611,-0.00080856506,-0.012131311,-0.005691014,0.010498378,0.004398414,0.00039212685,-0.015331605,0.002608715,-0.004698421,0.0008210866,-0.031860184,-0.03352494,-0.019807097,-0.041527934,-0.016366798,-0.0048172367,-0.0032854753,-0.0020659503,0.007102983,-0.0022470513,-0.010660147,-0.011283469,-0.029603671,-0.0031015617,0.004327133,-0.0018305217,-0.008149609,0.004906906,-0.011480557,0.00044366252,-0.011219334,-0.007529362,-0.0027121145,-0.001957507,0.0072499346,-0.006756917,-0.010570668,0.0063712904,0.011613857,0.006067862,0.008960914,-0.0025496483,0.027931375,0.037274946,-0.0024490166,0.013504451,-0.011808991,0.0038152395,0.0034132255,0.014283783,0.012760329,-0.0091180615,-0.0070535224,-0.009813728,-0.013626056,0.0035248706,0.011440467,0.002906533,0.009338254,0.0039945655,-0.002308089,0.0038480074,0.01518167,-0.00027245516,0.015508685,-0.0026192784
/mnt/sdd/caltech_training/three_classes/train/002.Laysan_Albatross/Laysan_Albatross_0034_628.jpg,1,0.00012011136,-0.0010706326,0.0003217271,0.014195925,0.009185167,0.0035562085,0.012102717,0.022926927,0.008230912,0.0053870752,0.019299332,0.015106724,0.009632697,-0.0067424886,0.018854529,0.022414837,0.0073918644,-0.0026420439,-0.000523924,0.004863976,-0.005736894,0.0050050966,-0.0036652307,0.0073876623,-0.0039302316,0.0025114166,0.0038299346,0.008111799,0.00864823,-0.0067911195,-0.0032534369,-0.007118115,0.019823367,-0.0096442355,-0.004972767,-0.00081916153,-0.0073035117,0.0077550747,-0.0005977589,0.011977477,-0.0034651938,-2.931105e-05,0.012952793,-0.0010430035,0.012261912,0.0047694696,-0.0052074958,0.0027869872,-0.0028917948,-0.01387297,0.005025278,0.010246931,0.010682057,0.013923836,-0.00020411145,-0.0020399042,0.0027668155,0.00034774758,-0.009176267,-0.01820549,-0.013007049,0.0018828171,0.0037349653,0.017746162,0.00053815404,0.010772371,-0.0014290703,-0.00793026,-0.0063372953,-0.047253594,0.014724842,-0.010722764,-0.021714713,0.001641518,0.0055825682,-0.002538012,0.012341014,-0.009436471,-0.01941292,-0.042732395,-0.012833277,-0.019534122,-0.0045198705,0.010871008,-0.015257299,-0.00365201,0.008911723,-0.010519015,0.009071553,-0.009413636,-0.0029101116,0.013987899
/mnt/sdd/caltech_training/three_classes/train/002.Laysan_Albatross/Laysan_Albatross_0098_621.jpg,1,0.0026484008,0.0020582157,0.002040744,0.0084033655,0.0049855625,-0.0041234163,-0.007123917,-0.0071619274,-0.0074906657,-0.008686755,0.0034355526,0.0012494738,-0.010850972,-0.0048232796,0.016586509,-0.009104041,-0.013051181,-0.0027499325,-0.01147741,0.004042032,-0.0032793833,-0.01546759,-0.010811359,0.0057682684,-0.008620476,-0.007837149,-0.008260556,0.0025545564,-0.0044368533,-0.013109684,-0.0033667237,-0.013128497,0.0046448247,0.010908613,-0.005996772,-0.0032972228,-0.017578075,-0.040913645,-0.022990767,-0.020214953,-0.01845371,-0.008135362,-0.0113625135,0.012371119,0.008371406,0.006064249,0.00060760835,-0.011751888,-0.009569783,-0.01903572,-0.005425778,-0.030217536,-0.00083722966,-0.008561201,-0.007820857,-0.010976948,-0.005892557,-0.006892914,-0.028278405,-0.018335737,-0.021773499,0.0016565439,-0.0040828018,0.008051116,0.013218392,0.009013042,-0.014584608,-0.012350414,-0.01044588,0.02657964,0.017224625,-0.006104392,-0.00617512,0.014442688,0.00062865927,0.010521485,-0.007794515,0.0010247421,0.0064325826,-0.0071087983,-0.007133542,-0.0048852805,-0.0054022367,-0.017975425,-0.0002463829,0.009985356,0.015708202,0.0043263864,-0.0037444117,-0.004493227,-0.0048431535,-0.0027223828
/mnt/sdd/caltech_training/three_classes/train/002.Laysan_Albatross/Laysan_Albatross_0053_543.jpg,1,0.006209983,0.005716028,0.0020824843,-0.0075019193,-0.0074796947,-0.0015061055,-0.012727451,-0.004756886,-0.036344424,-0.0045521744,-0.0038304734,-0.012677316,-0.008097744,-0.009838999,-0.011953684,-0.016134992,-0.023563273,0.0013482515,0.00080079096,0.0029983763,-0.007126626,0.010242,0.0016741717,0.0038826074,-0.0035104938,-0.0034327684,-0.0065571936,-0.009249638,0.0019448132,-0.000339648,0.0013461048,-0.008094972,0.0141536,-0.03231803,-0.012378686,0.0021668125,0.0029691884,-0.0010125029,-0.0021205952,-0.009622775,-0.00255984,0.028344726,-0.0027064495,0.019022582,0.019247264,0.0066608507,-0.0006023061,-5.620066e-05,0.012839182,-0.0067773922,-0.013526033,0.014154512,0.021290708,0.004113232,0.023206905,0.016527202,-0.006672845,-0.0027152218,-0.013136658,0.006289389,-0.009350745,0.016414883,0.013231605,0.003385908,-0.0048724706,-0.01699657,-0.016629413,0.012099734,-0.007997019,0.00287029,0.0227203,-0.014828401,0.0019697284,0.010566804,0.010000177,-0.0038399003,-0.0021985318,-0.00046550483,-0.027053062,-0.033620857,-0.027637258,-0.007813323,-0.0050053475,-0.00069631403,0.004262035,0.004412117,0.02054156,0.0020725443,0.0022221704,0.0073342854,0.010990246,0.007616755
/mnt/sdd/caltech_training/three_classes/train/002.Laysan_Albatross/Laysan_Albatross_0088_883.jpg,1,-0.00025158472,-0.0009124375,0.001326926,0.011386542,0.00904129,0.00045614646,0.0073482227,0.018827818,-0.005631823,-0.00820448,-0.0032863484,-0.0120792575,-0.00069152424,0.0027255267,-0.0008703817,0.01233523,0.0045160023,0.008315033,0.010992814,0.014798244,-0.018452588,-0.0035481765,0.010111282,0.008728286,0.012423934,0.010503537,-0.0031118086,-0.010278003,-0.003773478,0.0042601563,0.0023087764,0.0080972705,0.007587776,0.008255724,-0.008532596,0.0009829851,-0.0323264,-0.009481617,-0.013481199,-0.0047830427,0.0095959585,-0.010151037,0.017965406,-0.012628881,-0.0064442754,0.009366837,-0.00911898,-0.009338701,-0.01386494,-0.0046187174,-0.001115899,-0.009464552,-0.0032252339,-0.006599688,-0.006541369,0.0066434415,-0.019841135,-0.0030959449,0.011437826,0.018381845,0.00017598178,0.017976433,0.010064263,0.0035013491,0.011182001,0.02003894,0.03331902,-0.0020477911,-0.004005246,0.04723604,0.027286505,-0.005094563,-0.00081238104,0.010046753,0.02258217,0.01532244,0.014057023,0.0029709372,0.0055133854,-0.02191899,-0.007795443,-0.0015894179,0.006516683,0.0134372,0.0063453205,-0.0036102287,-0.017034376,0.013055325,0.012936398,0.009419731,0.004602619,0.0032802317
/mnt/sdd/caltech_training/three_classes/train/002.Laysan_Albatross/Laysan_Albatross_0029_482.jpg,1,0.0062123504,-0.0014603419,-0.0013073109,0.005894535,0.00028709046,0.00080569775,0.0015061215,-0.0038712122,-0.0036273524,-0.00591613,0.011793969,0.006152783,0.0056469925,0.0052156504,0.010016305,0.00044950726,-0.0045172796,-0.0018020947,-0.0013896985,-0.00393638,0.0032218548,0.017995138,0.011237894,0.0001955221,-0.010141424,0.0006491943,0.0078045162,0.007973542,0.004927264,0.010189807,0.0027843853,0.01299385,0.010711588,0.01310507,0.009999425,0.015893964,0.015695449,0.0051473537,0.0026791696,0.017699467,0.008834703,-0.0032000986,0.009717487,0.0055278316,0.014038364,0.001502702,-0.006295142,-0.0070495345,-0.002550813,-0.012387018,-0.014611059,0.010808488,0.004215601,-0.014616141,-0.003252464,-0.006407543,0.018676497,0.02029816,0.02604061,0.02295141,0.015565526,0.020957265,0.006944624,0.018905655,0.007177231,-0.009780221,-0.018169789,0.0157265,-0.0017572399,-0.0018581622,0.024202226,0.011923617,0.013028622,0.0030629914,0.0036117688,0.00613549,0.0029386017,0.014725349,-0.014897199,-0.020214647,-0.011058382,-0.0033437307,0.014104041,0.013227731,0.0027218089,0.012952192,-0.00033530593,0.019470183,-0.001658878,0.002924765,0.0039299447,0.010589194
/mnt/sdd/caltech_training/three_classes/train/002.Laysan_Albatross/Laysan_Albatross_0103_504.jpg,1,-0.00030420147,0.001017573,0.003239431,-0.0063918927,0.0016274967,-0.0011997471,0.0039171977,0.015375771,0.0035706598,0.012687189,0.0039690407,0.0050485926,0.0031068344,0.0047304574,0.00401303,-0.002774545,-0.006020313,0.003371757,0.0055896402,-0.007875517,-0.007780803,-0.0036171384,0.0027633095,-0.0037850854,0.00084229687,0.0009474143,-0.0039664973,0.0034711189,0.005929634,-0.0003139358,-0.006226682,-0.008056121,0.003854305,0.0023608413,0.004650725,0.0043480797,-0.015406465,-0.005412197,0.0031213847,-0.0047114696,-0.004740499,0.0017747553,0.01135488,-0.011788543,-0.002176208,-0.0018066112,-0.019642163,-0.007504793,-0.013343034,-0.0044051,-0.009352094,-0.0018122629,0.008216706,0.011301653,0.007840986,0.00659505,0.008922296,0.007538825,-0.020009909,-0.014176562,-0.016211491,0.03164185,-0.0027289153,0.008093338,0.013501741,0.021085609,0.003569415,-0.0011799412,-0.012009779,0.0025663297,0.038947247,0.005378194,-0.0073193302,0.00642832,-0.004013884,0.006416632,-0.0101816775,-0.005249258,-0.031315114,-0.025783747,-0.016708428,0.00385781,0.014038322,0.014223166,0.017906431,0.0019385396,0.0058970586,0.0044636144,0.003896541,0.016456762,-0.0025890176,0.007391838
/mnt/sdd/caltech_training/three_classes/train/002.Laysan_Albatross/Laysan_Albatross_0055_570.jpg,1,-0.0016200915,-0.001029755,-0.0017926476,-0.018376872,-0.015392402,-0.0033341777,-0.007410308,-0.0110965315,0.0013816094,-0.008568365,0.0021800671,0.0037024666,0.0010149176,-0.008331427,-0.005345997,0.014138193,0.012001378,-0.007603738,-0.010639411,-0.0027084877,0.0017451111,-0.013855984,-0.0072395382,-0.0010471356,-0.007297168,-0.008716,-0.013402794,4.33831e-05,-0.009181971,0.010378829,-0.00456954,-0.013054842,-0.014927175,0.008201291,0.012662081,0.0025956107,0.0052420036,-0.016157465,-0.0053425548,-0.027416829,-0.0064635957,-0.02409446,-0.0056247823,-0.0029409998,0.011306292,0.0012743719,-0.0076304274,0.008907822,-0.003781895,-0.013866533,-0.01612772,-0.02712334,-0.009520041,-0.004695226,-0.0014411343,-0.00506019,0.009538317,0.025266742,0.026974011,0.019066498,0.02568774,0.0106925,-0.0016754661,-0.0031625023,-0.0059490744,-0.011334997,-0.029955925,-0.0012992157,-0.013529469,0.004197171,0.025023414,-0.0022575567,0.0031583812,0.012193488,0.011881428,0.02896275,0.025688242,0.0022892912,-0.005662758,-0.007307199,-0.0063349754,0.02388551,0.005813492,-0.017281143,0.0071326494,-0.00059273635,0.0065638935,-0.008320227,0.012471961,0.013134073,0.00036657252,0.009364221
/mnt/sdd/caltech_training/three_classes/train/002.Laysan_Albatross/Laysan_Albatross_0002_1027.jpg,1,-0.0050980737,0.0015221115,0.0015782822,0.0034100483,0.0023681452,0.0018147259,0.014799213,0.00592261,0.0042402796,0.003630314,0.0046885777,0.0016596727,-0.006915352,-0.010670403,0.01198007,0.00033392827,0.00370193,-0.0026411638,-0.0031140419,-0.004058563,0.007441353,-0.0023487045,0.00021381106,-0.0055228435,0.006117649,0.01543667,0.0072437804,0.009648296,0.0057266434,-0.0017434612,-0.0009972602,0.005964449,0.0024656516,0.0018313648,-0.0015974387,-0.00421778,0.010662777,0.020803027,0.022738913,0.015470977,0.003912711,-0.0013639771,-0.00035894744,-0.0056430264,0.0048330473,-0.006845381,-0.0037704594,0.0018678568,0.0010282901,-0.01712858,-0.01627946,-0.00029308442,-0.0030401368,0.019732695,0.03029824,0.025052082,0.0015976442,-0.005692721,-0.00048533874,0.0042417096,-0.01664823,-0.016953595,-0.010277848,0.0018414451,-0.0089076385,-0.019930447,-0.029836703,-0.0033170958,0.0049362136,0.014421358,0.024786305,0.022364363,-0.008823906,0.02117214,0.0255315,0.0057774712,0.02208582,-0.0054544182,-0.011165159,-0.022162242,0.0028788634,0.018994961,-0.011445513,-0.007322873,-0.001647115,0.012196682,0.008068337,-0.0086440295,-0.002847956,0.00034018885,0.008206057,0.017255861
/mnt/sdd/caltech_training/three_classes/train/002.Laysan_Albatross/Laysan_Albatross_0039_924.jpg,1,-0.0006870064,0.0008076924,0.0002116648,0.0064117294,0.013274282,0.0021969057,-0.0050697303,-0.024706181,-0.0026370408,0.0022409526,-0.006015372,-0.009150406,-0.006119029,-0.0073938733,-0.014411164,-0.021602865,-0.012431929,0.0051499037,-0.00020047912,0.0032816487,-0.011369692,-0.0050984006,-0.010644274,-0.0048716734,-0.0029387013,0.0011389419,-0.0031167972,-0.02625025,-0.0065745795,-0.0006854214,0.0010810511,0.0033871606,-0.009295143,0.005761755,-0.0048495815,0.0057487125,-0.009072231,-0.026579738,-0.017080305,-0.018608687,-0.0038534845,-0.007635322,-0.008694909,0.012796594,0.0042636064,0.0005945976,-0.0034662525,0.0059241233,0.016564297,0.0048539964,-0.0045857765,-0.010613164,-0.007753011,-0.0043758284,-0.0050516124,0.0033528188,-0.018987328,-0.017257404,-0.018433997,-0.017859014,-0.024212526,0.0103321,-0.007647512,-0.004595991,-0.020836394,-0.009795011,-0.029888596,-0.0053151962,0.015262658,0.023233902,0.026511911,0.038944483,-2.7278438e-05,-0.011156243,0.009943867,0.009249545,-0.0029258425,0.0004887087,-0.00010755996,0.006698222,0.013077902,0.012887636,-0.01861513,-0.011358386,0.009230341,0.0034049996,0.0040429323,-0.018613722,-0.018038642,-0.02046566,-0.006840405,0.0018564505
/mnt/sdd/caltech_training/three_classes/train/002.Laysan_Albatross/Laysan_Albatross_0071_792.jpg,1,0.0015791267,0.003860495,0.0006104403,-0.002199105,-0.0035683527,0.0014005823,-0.0002743007,0.00054067746,0.008016441,0.005692866,-0.0047833365,0.003367794,0.010892244,0.00704707,0.0053060823,-0.0023875143,-0.0025537459,-0.004528781,0.003666371,0.0031882133,-0.0010264507,0.0040543,0.0004999882,0.0040346924,-0.0025530914,0.008043571,0.00035023812,0.001574824,0.006092039,-0.011056849,-0.010484392,-0.006293938,0.0010938509,-0.0030938736,-0.0204295,-0.0018864353,0.014035722,0.018249525,0.03457036,0.04177705,0.023772359,-0.0022131575,0.025711581,0.010028451,0.011362119,0.0037376022,-0.00977209,-0.02115886,-0.0082870815,-0.026053417,-0.028231835,0.00979811,0.0064121056,0.013132077,0.013180045,0.016696539,-0.0004366727,-0.015014183,-0.012856699,-0.00073460536,0.0041301865,0.016312853,0.005779292,-0.026770499,-0.00212015,-0.016226564,-0.018390518,0.007830543,0.016360363,0.02313821,0.01615626,-0.017301876,-0.008155203,-0.0051527955,-0.004298883,0.013574758,0.0057828305,-0.004624295,-0.022631232,-0.025598098,-0.01655052,0.0067938,-0.011312287,-0.016191201,0.0065101814,-0.01271903,0.006007334,-0.007950397,0.0041607474,-0.00016591809,0.0071355263,0.020049974
/mnt/sdd/caltech_training/three_classes/train/002.Laysan_Albatross/Laysan_Albatross_0064_674.jpg,1,-0.0008162009,-0.001404348,-0.0020998372,0.012198003,0.013269583,0.0014261986,0.0030574084,-0.00013480085,-0.012153916,-0.0087483525,0.0063464628,0.0022337548,-0.0017643045,0.0011904621,-0.0052569085,-0.015615864,-0.003287627,-0.0050573805,-0.0055065616,0.002305812,-0.0022688392,-0.000527869,-0.008764058,-0.0010096347,-0.008298678,-0.009778233,0.006521894,-0.007066005,-0.008308671,0.0027405259,-0.014799167,-0.015697835,0.0019667181,0.0042875465,0.0046606236,0.001404016,-0.030658146,-0.026876904,-0.04497209,-0.02209789,-0.01969991,0.00028962013,0.0057916814,-0.014923586,-0.024543758,-0.016677605,0.009135539,-0.0067953486,0.008509144,0.010553477,0.0050288276,-0.0008042918,-0.0017208215,-0.013123933,-0.011553177,0.01667393,-0.009471171,0.0011488086,-0.00024382258,-0.011620714,-0.007957109,0.0018849296,-0.0033798171,0.01657512,0.010777815,-0.002662688,0.011578878,0.0030698297,0.009840776,-0.008588252,-0.014289387,0.00084741134,0.0049073147,0.0045721764,-0.012315381,-0.004561888,-0.003027736,0.014635636,-0.013625165,-0.018879596,-0.010882886,0.0004468488,0.009901398,0.008673226,0.0032162075,-0.008954514,0.016375462,0.010931486,0.023368765,0.0097083505,0.004331582,0.0043062945
/mnt/sdd/caltech_training/three_classes/train/002.Laysan_Albatross/Laysan_Albatross_0081_800.jpg,1,-0.0021811556,0.0006673663,-0.00016349292,0.005141306,0.006421324,0.002756413,0.005322617,0.007659587,-0.009296456,0.008407631,0.006239297,0.00375667,0.0065249447,-0.0050217807,0.016725432,0.006850343,-0.0019967742,-0.014662503,-0.0021546108,0.0060977284,0.0067548486,0.01727264,0.017454699,0.010423476,0.008590661,0.004341469,0.0022262079,-0.00082612026,0.01545289,-0.0009435816,-0.0012804843,0.031894933,0.026963644,0.02730639,0.015770547,0.006084116,-0.011746621,-0.02706286,-0.005229001,-0.005677906,-0.0019016836,0.0008184293,0.025097033,0.023951378,0.022657633,0.016647259,0.0054246024,0.0070767375,0.014075376,0.018117573,0.0076681986,0.015768012,0.0042615472,0.02275825,0.014047299,0.021355372,0.013506936,-0.015519379,-0.009537412,-0.014409911,-0.01130905,0.042672098,0.0086741615,0.0077590966,0.023839273,0.003894324,-0.014080606,-0.0151676405,0.02039044,0.022879934,0.0066770767,-0.0016369474,-0.00028319668,0.00061982265,0.015285185,0.009306619,0.0053813253,0.0051570404,-0.012668322,-0.011413066,-0.010960251,-0.009590417,0.008569339,-0.021304263,0.015971668,0.003236444,0.006173621,0.004142576,0.00303532,-0.010828658,-0.0062175025,0.015697652
/mnt/sdd/caltech_training/three_classes/train/002.Laysan_Albatross/Laysan_Albatross_0061_563.jpg,1,0.0015522563,0.0021260174,8.242697e-05,-0.013299992,-0.014102334,-0.0032811153,-0.0007600372,-0.014982497,0.0053669005,0.0053513106,0.0011995409,-0.0026966752,-0.012162901,-0.022983924,-0.016854033,-0.009991593,-0.019087166,0.00882466,0.005807655,0.013963752,-0.029329343,0.0012109375,-0.013289247,-0.0013400011,0.0034908168,0.0056873574,0.00717726,-0.0072485767,0.0022668473,0.001330601,-0.00095392426,0.013486921,0.015927259,0.009033147,0.018935429,0.009868673,0.01782531,-0.01767895,0.0051729893,-0.009704598,-0.01373472,-0.002491561,0.014978845,0.018891655,0.012558829,0.0060608955,0.010527821,0.00044109765,-0.018650394,-0.0038234429,0.0026636058,-0.009077016,-0.004327278,0.028451452,0.014285428,0.017410435,0.034133933,0.013762313,0.006178675,0.017086452,0.0071336785,0.008097375,0.0007236018,0.010881256,-0.002376702,-0.027179688,-0.03500767,0.0065104314,-0.0055301064,0.02174695,0.0072265477,-0.0005945596,0.010569918,0.019761287,0.017917242,0.0100479545,0.024364151,0.004285839,0.0030064706,-0.013180907,0.01060844,0.029874464,0.0025540688,-0.0011584298,-0.012483509,0.007962923,0.01692245,-0.002837408,-0.0075953547,0.009083236,0.0077863387,0.016767506
/mnt/sdd/caltech_training/three_classes/train/002.Laysan_Albatross/Laysan_Albatross_0037_699.jpg,1,0.0017745255,-0.0030473697,0.0017743027,0.0038578256,-0.00012448523,0.0016848537,-0.0025785216,-0.014782305,-0.0080491565,-0.021681236,0.004076378,0.012684196,-0.00031624013,-0.0045017353,-0.0010442146,-0.0017556426,-0.0016644406,-0.009050561,0.0032835614,0.0040149405,0.010112055,0.022861404,-0.013821561,0.0045744786,0.0014605781,0.0043042516,-0.005575842,-0.009193776,-0.0032437223,-0.006326924,-0.004064499,0.0022871965,0.009288942,-0.013340883,-0.019662086,-0.003946542,0.02068939,0.026887264,0.032948047,0.02866184,0.021482155,0.015689764,0.018868124,0.013614131,0.033669915,0.0004076101,0.006550196,0.004003131,0.017019441,0.0066260356,0.0057974155,0.012516284,0.015935566,0.02176065,0.020781744,0.021615561,0.006631188,0.008526381,0.010393541,0.007824171,0.011576222,0.019188624,-0.009210349,0.0036836877,-0.0004668123,-0.006219059,0.0037760367,0.008877521,-0.0115982685,0.009983541,0.0032134387,0.004815721,0.010638673,-0.0036026433,0.009992465,-0.0011365054,0.013705129,0.015630903,-0.015679492,-0.023543172,-0.018963028,-0.01830798,0.0026127032,0.0012233995,0.0169398,-0.0022741382,-0.009670273,0.0072463686,0.0100191105,-0.0034454165,0.0030660126,0.021683298
/mnt/sdd/caltech_training/three_classes/train/003.Sooty_Albatross/Sooty_Albatross_0020_796359.jpg,2,0.0011532798,0.0031676511,0.0025439393,0.003974298,0.006505368,0.0021888865,0.0054191384,0.023566965,-0.010889806,-0.013789915,-0.010647281,0.0013321158,-0.0078005297,-0.0097717345,0.011925489,-0.00011645618,-0.0069987252,-0.005134293,0.0012794444,-0.016033055,0.010412859,0.0066230427,-0.010546217,-0.0024217686,-0.001983139,0.0025392172,0.006622421,-0.010327173,0.004488132,0.00857082,0.0037760779,0.01817334,0.008108181,-0.0030011756,-0.008776952,-0.000857458,-0.014027868,-0.019593421,-0.026141655,-0.016927835,-0.01155897,0.010390827,0.008497218,0.013851859,-0.0016505846,0.0015392676,0.020633174,0.020277653,-0.003583373,0.002515594,0.0065421034,0.003066036,-0.008110098,-0.01366943,-0.009803379,-0.0026600258,0.0044155917,-0.007992585,-0.014102165,-0.024032034,-0.018845322,-0.007887996,0.0053719776,0.012779385,0.0114399865,0.0030067102,0.013358546,-0.0061812927,-0.018898712,-0.0023004282,-0.006354845,0.010318671,0.0018047735,0.014198639,0.024715835,0.0029798206,0.00720919,0.0074078925,-0.0011348254,0.019675355,0.02791921,0.032577835,-0.020299606,0.006266781,0.013801181,-0.00470235,-0.0040445738,-0.0065999427,-0.0123751,-0.01207544,-0.013130652,-0.010244815
/mnt/sdd/caltech_training/three_classes/train/003.Sooty_Albatross/Sooty_Albatross_0069_796358.jpg,2,0.001391799,-0.0027155224,0.0004153797,-0.0039994614,-0.0011083218,-0.0041413186,-0.011324283,-0.0043144086,-0.01840308,-0.006687217,-0.0069026547,0.0014269552,0.0021600025,-0.011519957,-0.007990386,0.0045293123,-0.010212972,0.001066904,-0.004817327,-0.0007688429,-0.021538187,-0.0034547476,0.015628068,0.0066850893,-0.010460985,-0.014185922,-0.006979748,-0.002947566,0.0033422452,0.0069174124,-0.0045374786,-0.014063228,0.004014991,0.011796941,0.0039904984,0.0054747793,-0.017484624,-0.027486883,-0.0034333584,0.0032235007,-0.00011059933,-0.013703646,-0.004831874,0.0020380474,-0.0023245006,0.0017870995,0.0073278733,0.0043857857,0.010924293,0.008970974,0.00723362,0.018048573,0.0031700637,0.008910537,0.0037361952,0.011595722,-0.0013131391,-0.0043024085,-0.0022306554,-0.00025454024,0.0042557344,0.014417179,0.0067927795,0.0052588694,0.0032060235,0.019100554,0.040769782,0.016924307,0.005596353,0.018977348,0.03687358,0.04812978,0.004541131,0.021678537,0.0114196185,0.013971899,0.019222826,0.012280826,0.0028698728,0.023715073,0.020796495,0.025373371,0.008360156,0.004894587,0.006817602,-0.02439215,-0.005595897,0.004784557,0.0002747425,0.0024459488,0.010511631,0.002565786
/mnt/sdd/caltech_training/three_classes/train/003.Sooty_Albatross/Sooty_Albatross_0007_796372.jpg,2,-0.0055464637,-0.0018758343,0.0017020188,-0.0076228846,-0.0077139903,-0.0008848394,0.012270403,0.022781271,-0.0038976178,-0.0060275765,-0.0030392827,-0.0046094656,0.0030277679,-0.014205597,0.018417954,0.013961302,0.0061906986,0.010214729,0.005542337,-0.009337064,-0.0024608767,0.0032785563,0.0004049649,0.00088531175,0.004803056,0.003986213,-0.0028641094,0.00088570034,0.010601284,0.004311487,0.0073496774,0.010949112,-0.00014225766,0.006841588,0.0020045245,0.009165874,0.0069097197,0.015334586,0.004980574,0.009693682,0.008893775,0.008490121,0.015642613,0.01816149,0.013374753,0.0039746314,-0.0065687597,0.0007421712,-0.007840331,-0.009356027,-0.0032094012,0.012881794,0.0051689222,0.0037780618,0.011349775,0.0050124787,0.014873916,-0.0040210644,-0.0067208433,0.005726861,0.0014943127,-0.0019497983,0.0071728267,0.0037305416,0.019524997,0.0146529,0.038374472,-0.0005187765,-0.015144698,0.008876547,0.015322797,0.010582606,-0.0030753221,0.005004401,0.0039402046,0.015306545,0.0017352684,-0.008770449,0.025643008,0.0036216818,0.033186242,0.030050859,-0.009613354,0.0022185724,0.0062706135,-0.0123632755,-0.0031333843,-0.002973801,-0.011000282,-0.0010950235,-0.0055716247,-0.00084936747
/mnt/sdd/caltech_training/three_classes/train/003.Sooty_Albatross/Sooty_Albatross_0005_796342.jpg,2,0.00094646047,-0.0024101478,-0.0023880037,-4.4809654e-05,0.0016505716,0.0002543813,-0.0032895184,0.0072550443,-0.0025458636,-0.010139873,-0.009768187,-0.010278361,0.0012405592,-0.00054247724,-0.0077642617,0.016955003,0.0073995595,-0.004618602,-0.0055643497,0.0021494916,-0.009376281,0.0062642153,0.012614556,-0.015619256,-0.002789807,-0.0010074596,0.00042951317,0.008272617,0.011127147,-0.003920409,0.000115468254,0.005979153,-0.004269492,-0.0051274304,-0.013176948,-0.02277239,0.010178985,-0.0075621223,-0.009060146,0.005895003,0.0008836193,-0.0002565186,-0.008461803,-0.0017069381,0.00260198,0.011846764,-0.01754131,-0.0014859112,-0.001637752,0.00019651413,0.005810991,0.0035845637,0.0024413338,-0.005907302,-0.008680786,-0.010568907,0.012165057,-0.0028246283,-0.0006960647,-0.01030979,-0.0069096196,-0.0078120735,0.0037334184,0.0007102536,0.014636896,0.012137469,0.047777303,-0.0056262948,-0.00042475061,0.012071483,0.01878931,0.025032181,-0.0008760458,0.0065731658,0.007724973,0.025188457,0.024754953,-0.0011438834,0.0035064367,0.017173816,0.038868625,0.031001693,-0.013349799,0.014068572,0.0017346363,-0.00050206156,-0.0139245335,-0.012924729,-0.014041166,-0.0034040115,-0.010371257,-0.0067817336
/mnt/sdd/caltech_training/three_classes/train/003.Sooty_Albatross/Sooty_Albatross_0010_796355.jpg,2,0.0014407529,0.0021492082,-0.0013870462,-0.005430011,-0.0019186777,-0.0040482627,-0.006018985,-0.006560197,-0.018501032,-0.0002522025,0.0041687004,-0.0005707238,-0.00024337508,0.004965499,0.00656937,0.015812455,0.02236613,0.0015979188,-0.003182641,-0.0004848012,-0.0027710774,-0.008846879,0.00040629145,0.006931342,0.005082519,-0.004802314,-0.0063172,0.0023761645,-0.0025179172,-0.002035935,-0.004855306,0.0006980873,0.009750701,-0.0057616923,-0.004059533,-0.007649129,-0.014436962,-0.0026879618,0.006006912,-0.0009173434,0.010705516,-0.00799745,-0.0029320857,-0.015951637,-0.019969232,-0.003970286,0.00843051,0.00858835,0.0098926,0.0076736663,0.007188157,0.0021805416,0.012398188,-0.004109798,0.0011063543,0.0016866869,0.010219706,0.010128403,0.020549959,0.004752838,-0.00075405557,-0.00067443866,0.0026587558,0.0047389665,0.012592918,0.03453057,0.035123285,0.010891566,0.011007462,0.0066184187,0.025384901,0.020248085,0.012337634,0.0194251,0.019484684,0.009815753,0.019981999,0.012560295,0.009902793,0.008733413,0.024065617,0.02354884,0.00038811215,0.012726726,0.005548205,0.004334138,-0.021463275,-0.0050685126,-0.00072536396,0.0018419453,0.00019476726,-0.0024218322
/mnt/sdd/caltech_training/three_classes/train/003.Sooty_Albatross/Sooty_Albatross_0068_796353.jpg,2,0.00011185976,-0.0009029895,0.00039218162,0.0070359576,0.0019459508,0.0024187881,-0.008001237,-0.008568639,0.009197419,0.006616555,-0.009593881,-0.016095165,-0.0018108794,0.006739758,-0.015250061,-0.0077432888,0.005298196,0.0005742266,-0.0071311286,0.0077227755,-0.0017123076,0.0015843619,-0.008157926,-0.0028807912,-0.0045110662,-0.00367549,0.0027972125,-0.0064969365,-0.010644146,-0.00095676817,-0.011085438,-0.0046163006,-0.00940236,-0.0016898436,-0.005974155,0.008187231,-0.006142146,-0.015120221,-0.025133085,-0.037701227,-0.03315165,-0.019033842,-0.014383331,0.006065825,-0.0014594209,-0.011705624,-0.0029471326,-0.011064338,-0.031231528,-0.01115442,-0.010860559,-0.0066995486,-0.010945452,-0.0144968005,-0.019109149,-0.023205679,-0.015924823,-0.014299304,-0.012691497,-0.0075718868,-0.003555532,-0.008064939,0.002327412,0.008157782,0.012480754,0.013947695,0.024372693,-0.0041197194,0.012493713,0.00796579,0.01533663,0.015715826,-0.0045501087,0.013644105,0.020459048,0.0019493452,0.010439852,0.002617003,0.021953067,0.020628758,0.022745006,0.02879008,0.0008240093,0.004704217,-0.008326287,0.0006851377,-0.009404065,-0.0012191054,0.0016610529,0.00086586236,-0.0032134256,-0.0074765347
/mnt/sdd/caltech_training/three_classes/train/003.Sooty_Albatross/Sooty_Albatross_0001_1071.jpg,2,-0.001822951,-0.0016713962,-0.002378501,-0.010746571,-0.0059074718,-0.0029237354,0.006763165,0.007321638,0.0013162901,0.009179413,0.006273443,0.0039968705,-0.0034863995,0.013224825,0.0015014426,0.0037465582,-0.00034018303,0.004432408,0.01303567,0.0073259952,-0.023344627,-0.0089114,0.012133843,0.00109784,-0.0004397673,0.0002079457,-0.0030455736,-0.0029200625,0.00027586694,0.0055403803,-0.008909221,-0.00697935,0.006933295,0.023490574,0.0032838616,0.0047440818,-0.015569137,-0.008140013,-0.01293399,-0.008547654,-0.0043373136,-6.442331e-05,-0.010269335,-0.008909722,-0.0036251526,-0.0036868947,0.00740159,-0.004536862,0.007916059,0.0015888363,-0.0020024646,0.00212014,-0.01151534,-0.010079302,-0.004973933,-0.009586073,-0.01542986,-0.021555252,-0.03251058,-0.01722597,-0.019369349,-0.01891569,-0.019841222,0.0013289885,-0.0059775747,0.005343114,0.019447332,-0.027952844,0.010535914,0.031339526,0.011591131,-0.021176752,-0.021976732,0.015237371,0.0045636483,0.01124377,0.01504178,-0.0139413765,0.011626625,0.011626336,0.03771279,0.024131503,-0.0036646205,0.010013559,0.016188083,0.004900648,-0.0042513018,-0.0025603191,-0.019213006,-0.010139973,-0.007938096,-0.004912475
/mnt/sdd/caltech_training/three_classes/train/003.Sooty_Albatross/Sooty_Albatross_0002_796395.jpg,2,0.0024189306,0.0037175505,0.00528749,0.0049007363,0.0016940556,0.0019254407,0.008819017,0.0076146647,0.012353564,0.0074245073,-0.0044130655,-0.00034823193,-0.0019221964,-0.005439122,0.019137919,0.019110342,0.007212379,-0.0071501597,-0.0033842358,0.004247386,-0.0077963127,0.008528644,0.02047917,-0.0012301062,0.0048372834,0.0072411173,0.0008566659,0.0076394505,0.01018894,0.010773952,0.0068497956,0.0077339183,-2.1399464e-05,0.02602252,0.015432264,-0.0059836674,0.030575799,0.017736789,0.028536871,0.018063314,-0.00039234408,0.006544025,-0.006698982,-0.008045536,7.8070676e-05,0.007261616,0.007407708,0.013943198,-0.0063049463,0.009563649,0.009474496,0.007897641,0.00437887,-0.0017621847,0.0037016089,0.0053206235,-0.00949872,0.007499792,0.018870648,-0.0026523164,0.0073697455,-0.0063017113,0.004782346,0.0022403407,0.022248253,0.023320176,0.037798747,-0.0018196241,0.029809037,0.015081242,0.018780347,0.0024438156,0.005940473,0.019389395,-0.0021779235,-0.0038982735,0.01620037,-0.0056657325,0.018370263,0.0134355975,0.030601198,0.025761314,0.004307639,0.02744561,0.0032866145,0.010184949,-0.0084686475,0.010088463,0.019881302,0.006716747,0.014506757,0.006442151
/mnt/sdd/caltech_training/three_classes/train/003.Sooty_Albatross/Sooty_Albatross_0043_1076.jpg,2,-0.0008151654,0.00061333185,0.0010011438,-0.000371643,-0.0037437426,-0.002563037,-0.011448047,-0.025511524,-0.0039097695,0.00948329,-0.02087709,-0.0070640924,-0.015512559,0.01451616,-0.016587354,0.012858758,0.003399192,-0.0052706026,-0.00083755667,-0.006117018,-0.03367862,0.0036103642,-0.014306768,-0.012957128,-0.0030509606,-0.0021514634,0.01316759,-0.022143748,0.0021054815,0.005831465,-0.005172329,-0.009358852,0.008560364,-0.008088568,-0.01563082,-0.006395723,-0.062480845,-0.04137487,-0.01748722,-0.010421294,-0.00137887,-0.002654961,-0.008873349,-0.004161858,0.0032425108,0.0009803757,0.015633438,-0.0051356563,-0.010201033,0.003421424,0.009197145,0.004564273,-0.0011546093,-0.0033991435,-0.010996066,-0.0059683537,-0.014762888,-0.0014994711,-0.0043789214,-0.0026240963,-0.0019304957,-0.004746319,-0.0074302754,-0.0024421918,0.0018284216,0.0021074824,0.018542651,-0.0034355684,-0.0033128872,-0.005702868,0.022963136,0.0105695585,0.0034531634,0.01512171,0.0046504345,0.002425023,0.01362205,-0.0015040379,0.0070363153,0.013706772,0.019097976,0.011516474,0.016170077,0.0055265403,0.003135682,0.0031982008,0.009138426,0.00835161,0.00958458,-0.004979925,0.0004860405,0.012422471
/mnt/sdd/caltech_training/three_classes/train/003.Sooty_Albatross/Sooty_Albatross_0023_796401.jpg,2,0.006362044,-0.00019858821,0.0024163546,-0.016597211,-0.017214242,-0.00620203,0.007724941,0.019304818,-0.004725167,0.0057775667,-0.004226955,0.003143074,-0.0006187188,-0.017099595,-0.005983923,0.006146606,-0.00659292,0.020132812,0.01495046,0.015330317,0.014909729,0.0047532213,-0.0004539044,0.0051284186,0.0048538726,-0.008522622,-0.006957406,-0.0029338403,0.010921592,0.007738585,0.0051270425,-0.013762828,0.0008838783,-0.0003283678,-0.0016095615,-0.00551067,-0.01868267,-0.011810606,-0.01734433,-0.030152023,-0.012001507,-0.006461005,-0.0077765957,-0.0015935944,-0.004519767,-0.0079186745,-0.010751127,-0.033529013,-0.024004422,-0.017256068,-0.0012797574,0.0176084,-0.019746944,-0.01754413,-0.0039037662,-0.020525238,0.010657113,-4.2961095e-05,0.008276854,0.0049943835,0.007176837,0.007431596,-0.0072764256,-0.00034357636,0.015075912,0.014821441,0.027389802,-0.0071746027,0.020336328,0.018309873,0.016834062,0.0257188,-0.018643625,0.0071074693,-0.008349421,-0.00069197617,0.020567602,-0.011536241,0.017563954,0.011754252,0.037919603,0.029017854,0.012017616,0.019328233,0.004990927,-0.00038924534,-0.00021102,-0.00737386,-0.0020359792,0.0028472934,-0.00035833637,-0.010800682
/mnt/sdd/caltech_training/three_classes/train/003.Sooty_Albatross/Sooty_Albatross_0058_796360.jpg,2,0.0018960333,0.00016302324,-0.0008691462,0.00200363,0.00100268,-3.0555064e-05,-0.0010756644,0.0033541392,0.011529594,0.00047121698,0.007363551,0.006705217,0.0037727987,-0.0033444935,0.0026699463,-0.0070119994,-0.0006193819,-0.0013617657,0.0003078786,0.003967693,0.01718214,0.0046896082,-0.0012104667,0.006724977,0.011452579,0.01260106,0.002202651,0.0061050393,0.0021089027,0.00788804,0.0014084608,-0.001331144,-0.008789647,0.0027026124,-0.0028152848,0.009934724,0.009279677,-0.00672222,0.007648454,0.014278726,0.00783405,0.007949299,0.019857116,-2.0262552e-05,-0.0046685464,-0.008040081,-0.023957748,-0.026069801,-0.019295376,-0.013792284,-0.0013133044,-0.0004882957,0.0022948282,0.014211703,0.007122078,-0.0010324111,-0.012267172,-0.0014045956,-0.008313469,0.0038159364,0.009816248,0.0068520634,0.011342696,-0.0037230344,0.00013409148,0.0049361303,0.023919985,0.003528486,0.009411419,0.0063149766,-0.011654104,0.029580154,-0.002250175,0.015272369,0.00416441,0.0146314455,0.013322985,-0.004547766,0.011317435,0.0057873973,0.009268772,0.04078107,-0.0064430623,-0.00034154742,0.012451017,0.026038324,0.037402224,0.0003169363,-0.0025989935,0.0034408206,-0.0047563007,-0.016499635
/mnt/sdd/caltech_training/three_classes/train/003.Sooty_Albatross/Sooty_Albatross_0072_796371.jpg,2,-0.0019311726,-0.0025449167,-0.0009805979,-0.009055713,-0.0063073537,-0.004806475,-0.0050770575,-0.0012165509,-0.014909946,-0.00046372606,0.0020332066,-0.005059898,-0.00085217145,0.0083134975,-0.013773083,0.005086126,0.0014998553,-0.017494466,-0.011082796,-0.011952372,0.0028771148,0.0021306812,0.0061700065,0.0052634263,-0.0029682927,-0.011918561,-0.0041638045,0.0032953504,0.0033572386,-0.011443785,0.00015899539,0.0029058736,0.0008410695,-0.018321363,-0.0077049895,-0.0058949743,-0.01829886,-0.025391605,-0.020703424,-0.008794835,-0.016851041,0.009017113,0.004030142,0.0079215,0.015349408,0.010132259,-0.005815616,0.017134497,-0.0064265435,0.0011420748,-0.0059719007,-0.0063575907,0.004489844,-0.01104465,-0.014855422,-0.0072293663,0.0022444492,0.0043760175,-0.0024878385,-0.00037795957,0.0033100243,0.013864331,-0.005886633,0.006332983,0.019473383,0.02464592,0.032660373,-0.004702663,-0.028611718,-0.0057910625,0.015233221,-0.031090442,-0.005474323,0.011497737,-0.0009183743,0.017973613,0.009007026,-0.0075784293,0.01359134,0.029865915,0.021312969,0.030600931,-0.0012934958,0.022689272,0.017857214,0.026244726,0.025504421,0.00094727916,0.0019600037,-0.00319205,0.0024293289,0.0046104374
/mnt/sdd/caltech_training/three_classes/train/003.Sooty_Albatross/Sooty_Albatross_0030_1122.jpg,2,0.0027087794,-0.00027922916,-0.002016377,-0.0046983953,-0.0014600583,-0.0030099058,-0.01236169,-0.033979177,0.0066506006,0.010072895,0.0033535408,-0.00035917852,-0.0047983057,-0.004709351,-0.019766815,-0.0009374693,-0.0029743407,0.0060674106,-0.013750494,-0.010782522,-0.008809639,-0.01750828,-0.0057390975,-0.0021282244,-0.008312712,-0.0042119417,-0.0051940875,-0.004515082,-0.00632935,-0.0054654554,0.002655577,0.017292868,-0.028608091,-0.024486497,-0.007114253,-0.0008954783,-0.019814203,-0.008499424,-0.0072908923,0.003301007,-0.0053790295,0.007729259,-0.0071399473,-0.023776885,-0.002237354,-0.00066674966,-0.00437939,-0.020991819,-0.044746064,-0.029565806,-0.015404454,-0.019022414,-0.011820471,-0.025915153,-0.01479906,-0.009783563,-0.016840532,-0.010225577,-0.0017688044,-0.0015740457,0.00728131,0.0016915736,-0.0038578152,0.00868582,0.0110577475,0.027357075,0.041648254,-0.015499506,0.006436524,0.009300349,0.03253007,0.016369335,-0.006817173,0.011989692,0.01105224,0.011295842,0.0050613605,-0.0027647892,0.012350345,0.023801116,0.021085307,0.03384056,-0.010561289,0.022404306,-0.0009183942,2.6667723e-05,-0.014539728,-0.0051927874,-0.00427526,-0.0047565056,-0.013056128,-0.0014801065
/mnt/sdd/caltech_training/three_classes/train/003.Sooty_Albatross/Sooty_Albatross_0065_796367.jpg,2,0.0038337088,-0.0008881157,6.291288e-05,-0.012180632,-0.0133757405,-0.004641637,-0.008399703,-0.012229558,0.009301396,-0.0022986438,-0.0021030984,-0.0070145614,-0.001955206,-0.0126219345,-0.011727488,0.00870968,0.002675919,0.007955506,-0.00067063957,-0.011694892,-0.025001494,-0.009608878,0.0018794353,0.002911095,-0.004581022,-0.0034200363,-0.0011140849,-0.00814218,0.0017212888,-0.0018494654,-0.0069171335,-0.012273026,-0.002282512,0.0128314085,-0.0029087085,-0.003277293,-0.009490121,-0.0084612,-0.004922461,0.0043577356,-0.0007895046,-0.000998813,-0.00031612534,-0.019431362,-0.014075352,-0.010498277,-0.03669776,-0.027743332,-0.0013344542,-0.0036742175,-0.0019080553,0.00915049,0.0005101713,-0.014708334,0.0051550064,-0.00040198397,-0.021470984,-0.026158933,-0.024685716,-0.01427575,-0.01166381,-0.007094504,-0.008514613,0.009875757,0.004500029,-0.0074063097,0.006601275,-0.020570498,0.0045241388,0.0266035,0.0028955042,0.011361096,-0.023098357,0.010833099,0.0020330097,0.013031684,0.025362972,-0.014441721,0.017421901,0.022986345,0.021437023,0.024053518,-0.008521814,0.010925535,-0.0039033415,-0.01005869,-0.008823507,-0.009239225,-0.0055793244,-0.01287044,-0.013007816,-0.0017548888
/mnt/sdd/caltech_training/three_classes/train/003.Sooty_Albatross/Sooty_Albatross_0041_796364.jpg,2,-0.0048902314,-0.0025748636,-0.0015222888,0.0056650364,0.005232019,-0.00015400429,0.009724286,0.004109662,0.003986382,0.006940997,0.016403647,0.008252172,0.0014067736,-0.00028245337,-0.004807354,-0.0022230363,-0.010148429,0.0055189915,-0.0007369071,0.006201383,-0.0027585642,-0.010025952,-0.008700481,0.0004586894,-0.012280662,-0.012289321,-0.0054087085,-0.00077287375,-0.00076112524,-0.00016618706,0.0071363375,0.002792399,0.0025891508,0.0005735825,0.0072640926,-0.0044098813,-0.026781745,-0.0033846442,-0.005579187,-0.0070683407,0.00483349,-0.002608356,0.0010134507,0.003387505,0.0033440946,-0.0015972247,-0.01607749,-0.019778445,-0.030181088,-0.012153413,0.00025532115,0.0045149513,0.0047731725,0.009664618,-0.012205242,-0.011725545,0.005970375,0.0015264321,0.014579569,-0.013030236,0.0073849913,0.004519295,-0.00086419797,0.012758788,0.0196337,0.022894187,0.045830153,0.0020645594,0.04257644,0.030240916,-0.004736197,0.0335225,-0.008344338,0.024338424,0.006156791,0.0050085075,0.009877199,-0.0035566885,0.0066516376,0.008947043,0.01871977,0.019104134,0.008603463,0.0077542965,-0.0041073877,-0.0116218105,0.022094686,-0.007423903,0.0013327044,-0.0057858066,0.0014132988,-0.009527388
/mnt/sdd/caltech_training/three_classes/train/003.Sooty_Albatross/Sooty_Albatross_0031_1066.jpg,2,-0.0009883512,2.0732405e-05,-0.0035406484,0.019292712,0.010107905,0.0012160055,0.0063382927,0.005649808,-0.0039413115,-0.010432683,0.00016114977,0.00325926,0.0059133223,0.0076562,0.0036124238,0.021525797,0.0021259268,-0.0014708883,-0.0041132635,-0.01077552,-0.010489771,-0.009741195,0.0072067785,0.0007806616,-0.004522876,0.0010499286,-0.0033396767,-0.0009100791,-0.0011510956,0.0043212115,-0.006497085,-0.0071654804,-0.0035337957,0.009944683,0.00073225936,-0.0061252057,0.02193226,-0.0025764797,-0.011236585,0.01194337,-0.0007279031,-0.020357614,-0.0010809074,-0.022360964,-0.0072845854,-0.005488544,-0.00094768684,-0.0019804202,-0.00612548,-0.0106892055,0.00026794407,0.0039801486,-0.01618322,0.007830784,0.019194368,0.016551897,-0.013329633,-0.012576707,-0.02602336,-0.021317579,-0.012529905,0.004283175,0.000555316,0.0014518343,0.0066125235,0.018534582,0.055326264,-0.004762396,0.02155141,-0.012886498,0.02811192,-0.0066528814,0.0054736016,0.0049802163,0.016931515,0.020181987,0.020309445,-0.003041021,0.010506662,-0.0028884858,0.0031216703,0.00951934,-0.019315874,0.016491093,0.011709943,0.008566042,0.02239938,-0.023603357,-0.01666863,-0.021404825,-0.016579276,-0.0081570875
/mnt/sdd/caltech_training/three_classes/train/003.Sooty_Albatross/Sooty_Albatross_0004_796366.jpg,2,-0.0006854886,-0.00029328399,0.00031038153,-0.0064654867,-0.013953427,-0.002134783,-0.0066057807,0.0031981885,-0.017676676,-0.008524037,0.002960074,-0.0032458997,-0.0056097684,-0.007734867,-0.00066761544,-0.01546223,-0.00178485,0.0009940752,-0.0012513865,-0.0016353477,-0.011782685,-0.0053768056,0.0001851808,-0.0055319187,-0.010367432,-0.011995618,-0.0074665467,-0.008866439,-0.00077846483,-0.005731738,-0.003416869,-0.010619322,-0.0068539535,-0.0068680122,-0.011411976,0.0029738205,-0.01630282,-0.01639787,-0.0013279819,-0.018991947,-0.008845832,0.005485716,-0.018062372,-0.0017664428,-0.0094299875,-0.00027513597,-0.021713652,-0.011492387,-0.01847022,-0.010709706,-0.015257275,0.009530027,-0.004611891,-0.022257954,-0.013836736,-0.0064637307,-0.008182256,-0.0009602499,-0.0071292273,-0.011101764,-0.015280599,-0.00023552042,-0.0036205745,0.0104820095,0.002801687,0.008078905,0.02380426,-0.005526477,0.018720321,-0.0022798562,0.0025503417,0.033691194,0.0017473396,0.0053867516,-0.0037772988,0.010958831,0.0047388207,0.0058501633,-0.007555034,-0.008906813,0.031387728,0.021459159,-0.004263873,0.0153087815,0.01773536,0.018149624,0.014522671,-0.007709348,-0.01196114,0.00423285,0.004785519,-0.008021496
/mnt/sdd/caltech_training/three_classes/train/003.Sooty_Albatross/Sooty_Albatross_0079_796389.jpg,2,0.002135147,0.0019162562,0.0017802911,-0.0005245991,0.0054533025,0.001128109,0.0024152736,-0.0034766388,0.0038319526,-0.0026473864,-0.0029663127,0.0072781984,0.0072471052,-0.0024128263,0.0070870514,0.019346641,0.025097325,-0.003689005,-0.0068736803,-0.00036993355,-0.014802525,-0.005267758,0.005763371,0.0056648725,0.001650448,-0.011190479,0.0015728313,-0.007219132,-0.0035477586,-0.010021206,-0.0054442496,0.016682431,0.0037139412,0.027889296,-0.0053648353,-0.001322269,-0.03537286,-0.028659765,-0.035848152,-0.013256329,-0.005461687,-0.012048645,-0.0034892259,-0.0011573335,-0.0063214535,0.0047786706,0.0023437245,0.0051767705,0.007244911,0.0039716093,0.0008679755,-0.011731914,-0.0089028515,0.007258973,0.0057168277,0.005847931,0.0017037853,-0.0029455791,-0.009692635,-0.009858342,0.002286409,0.010666741,-0.018422248,0.021029647,0.012560097,0.016938023,0.03303253,-0.0051337336,-0.01433155,0.0033257245,-0.011743209,-0.03032261,-0.007780192,0.006850091,0.019198768,0.012144944,0.0313437,-0.006754369,0.00807313,0.011584307,0.03716239,0.03303849,-0.008482945,0.0012649678,0.012270913,-0.008618541,0.024533954,-0.00014464883,0.0018920312,-0.006497762,-0.008762313,-0.0038842233
/mnt/sdd/caltech_training/three_classes/train/003.Sooty_Albatross/Sooty_Albatross_0034_1154.jpg,2,-0.0060260585,-0.004437469,-0.0026744348,-0.010676907,0.006619993,0.0004213953,-0.0020844587,-0.0068265637,0.0030386401,0.010622392,-0.0012596794,-0.0045207203,0.0028729485,0.014842268,-0.010734351,-0.0065272856,-0.00045897206,-0.0040647853,0.0026455252,0.0018982345,0.001793333,-0.017932361,-0.0015231448,0.0074216137,0.0025998605,-0.00075275585,0.010668793,0.0058868127,0.0011002929,-0.00065603154,0.007925887,0.01603783,-0.0044688187,-0.0026936051,0.022019237,0.004378643,-0.0030862435,-0.0016322453,-0.006164737,0.004875099,-0.00049111806,-0.0054792836,-0.0010450322,0.01011835,0.021806879,0.01743631,-0.027058294,-0.030046927,-0.025290037,-0.012598702,-0.0072736572,-0.0011939602,0.0037837005,0.009074306,0.003569252,0.009405862,0.0065286295,0.0090423515,0.0024091434,0.004794213,0.019908307,-0.018439008,-0.014952336,-0.0012827091,0.013286551,0.056861516,0.068390146,0.007925263,0.01785177,0.009277489,-0.0074791876,0.0072617824,0.013293503,0.014756749,0.019475665,0.011752086,0.007148254,0.0066266484,0.0102086505,0.019478906,0.022611711,0.021177026,0.012704484,0.008904123,0.009412992,-0.0033053216,-0.024685916,0.016010586,0.0047494294,0.0034215222,-0.0077120024,-0.010967608
/mnt/sdd/caltech_training/three_classes/train/003.Sooty_Albatross/Sooty_Albatross_0050_796351.jpg,2,-0.0033535468,0.0010580084,0.0015031337,-0.008669513,-0.0063770125,-0.0018614299,-0.004827508,-0.0029986696,-0.0009657119,-0.0049145026,0.0019442559,0.0020919861,-0.006858253,-2.3404136e-05,0.00888294,-0.0057445993,0.0017786667,-0.012906392,-0.013003979,-0.011767179,-0.009324796,0.0047890507,-0.006826832,0.0027888496,0.004913208,0.0054833423,-0.0029835734,0.0039036302,0.00912106,-0.0012342639,0.0040183486,0.0063270773,0.0037109638,0.004144137,-0.01741622,-0.013241543,0.03389003,0.011228194,0.008463796,0.019613685,0.009901195,0.0048917136,0.014542109,0.0022758828,0.008963079,-0.0049818438,-0.006126653,-0.007622125,0.0077168923,0.0070599606,0.017279228,0.01715645,-0.0073366673,-0.012820676,-0.021418765,-0.0037748395,0.018285748,0.011128496,0.0074061677,0.0017013573,0.00801696,0.007469559,0.005677144,0.018620845,0.020491473,0.018890662,0.047699753,8.762255e-05,0.025007091,0.0035408782,0.0032057113,-0.011184296,-0.0062487694,0.03661626,0.023260735,0.012089118,0.029386614,0.00091167656,-0.011549886,-0.0062999986,0.009002555,0.021610191,-0.0041185496,-0.01364903,-0.0057251495,-0.0063691363,-0.0006889617,-0.00096790073,-0.005254302,0.008975156,0.004060154,-0.00010727241
/mnt/sdd/caltech_training/three_classes/train/003.Sooty_Albatross/Sooty_Albatross_0048_1130.jpg,2,0.00266433,-0.0010104942,0.001087151,-6.3172774e-06,-0.0021807305,-3.4260214e-05,0.0014416068,0.0042883228,-0.0016668637,-0.0045154137,0.004299511,-0.00074666855,0.012103049,0.0015604594,-0.0045594047,0.00804619,-0.01090467,0.0018816311,0.0013692512,-0.011093717,-0.016294956,0.0021391616,0.005058606,-0.007403462,-0.011356808,-0.011532487,0.0009776831,-0.009865905,0.005659836,-0.008780416,-0.00013693707,0.0068014096,-0.0027257593,0.013625542,0.010339841,0.01161482,0.029237729,0.01157235,0.015328624,0.014911819,0.007124489,-0.019649737,-0.027166057,-0.0093331095,-0.01170839,-0.016359402,-0.011158194,-0.02041693,-0.0136625,-0.0018097106,-0.019848345,-0.00035308697,-0.013086224,-0.025201105,-0.008356215,-0.015212944,0.009961767,0.006325648,-0.0039584604,-0.0067757135,-0.006189418,-0.017352317,-0.024234505,-0.0003711296,0.0027918215,0.01079874,0.038419656,-0.015111404,0.044126246,0.013178801,-0.0003504397,-0.002105839,-0.0074525597,0.008354052,0.004097267,0.011111829,0.003634906,-0.0108200535,0.01848635,0.017494025,0.024139259,0.017132092,-0.005502244,0.0024716007,0.0036615292,0.008255815,0.008091625,-0.018575685,-0.018338883,-0.003662176,0.008980615,-0.013216732
/mnt/sdd/caltech_training/three_classes/train/003.Sooty_Albatross/Sooty_Albatross_0024_1161.jpg,2,0.0005825198,-0.0018541123,-0.0007758897,-0.007883124,-0.0035472424,-0.0026119412,0.00130862,0.00017417921,0.0018724233,-0.0027699028,0.009485534,0.009873796,0.005225963,0.024374325,0.015231448,0.00433146,0.0006400107,0.005306545,0.00047244295,0.006923901,0.0014957883,0.0027854498,0.01587982,0.0089201955,-0.013000222,0.0031797574,0.0038881951,0.0068013873,0.013719438,0.014325935,0.0053573027,0.01245637,0.00074826507,-0.0007795221,0.007163997,-0.00097470003,0.01757226,0.010705143,-0.004474748,0.012418068,0.011555669,0.0011584219,0.017241726,-0.0036409884,-0.024681862,-0.008335903,0.0050257575,-0.016579103,-0.02045468,-0.017350458,-0.003941532,0.00279833,-0.0029788099,0.009944986,-0.001650759,-0.0005188375,-0.0036644111,-0.0012699831,-0.015645238,-0.0019776202,-0.001144947,-0.00085236935,2.8491719e-05,0.018944837,0.017936625,0.017921682,0.027726915,0.009635612,0.020916026,0.012820356,0.012433192,0.014501446,0.0060359575,0.034145355,0.024695577,0.00653539,0.0037651088,0.017680438,0.0009394136,0.0067162747,0.008317593,0.0016660742,-0.016575903,0.01713916,-0.014327157,-0.0039003082,-0.009469725,-0.0034178805,-0.024777662,-0.010752659,-0.015965633,0.0015424222
/mnt/sdd/caltech_training/three_classes/train/003.Sooty_Albatross/Sooty_Albatross_0014_796373.jpg,2,0.0013857915,-0.0057466906,0.00066852896,-0.024122678,-0.029328633,-0.004178264,-0.011291405,-0.0070660366,-0.014287665,-0.0110287275,0.0017144048,-0.0031920858,0.0075291693,-0.011155519,-0.0017648763,-0.020067379,-0.015940655,0.008317078,0.010990314,0.0063925995,0.012531788,-0.0093172025,0.0041884803,0.0046466812,-0.010959083,0.0024490498,-0.013860762,5.688658e-05,-0.0024110537,0.0039022176,-0.00040721253,0.006334005,-0.016206361,0.00043864595,-0.0030116471,0.016618978,-0.0032006716,0.005065408,-0.014311525,-0.0032871254,-0.0063268784,-7.447507e-05,-0.012403371,0.008657811,-0.00014625303,0.00533422,-0.016159127,-0.025209207,-0.00014949159,-0.015186685,-0.011233044,0.006661141,-0.0060434844,0.010767805,0.0056382883,0.0035709878,0.00073285523,0.007284891,-0.0011895038,0.012013366,0.019989718,-0.009901297,-6.2004896e-05,0.00541499,0.009702614,0.01229744,0.04692162,0.006754231,0.0010472676,0.018126596,0.0071070027,0.006489887,0.0048825834,0.0056572314,0.0059568705,0.0022652575,0.010130948,0.0040504984,0.030464508,0.033736244,0.040329836,0.034364026,0.010822436,0.0012366637,-0.010911468,-0.0009991508,0.01063153,0.009605387,0.0045830077,0.008389094,-0.0002520054,0.0058223857
/mnt/sdd/caltech_training/three_classes/train/003.Sooty_Albatross/Sooty_Albatross_0019_796391.jpg,2,-0.004260434,-0.002068381,0.000173764,-0.0005157606,0.008214604,0.00064843975,0.007431454,0.014906982,-0.011795474,0.0009246946,-0.0005376057,-0.002541433,-0.00022263464,0.005157302,0.024271987,-0.005118048,-0.0011450457,-0.006253959,0.00061551505,0.0034046937,-0.0011032933,-0.002897652,0.007704387,-0.0032302737,0.0075788004,0.00028983317,0.0056794463,0.005721273,0.004213482,-0.00065341673,-0.004737094,-0.018829491,-0.014590343,0.0083037615,0.0044422066,-0.0033848577,0.015942201,0.017244358,0.0145864785,0.032105535,0.011708039,0.0008635018,-0.0012146686,-0.0029483102,-0.009021048,-0.00516768,-0.01953153,-0.0073581794,-0.015513058,-0.025362935,-0.01639222,-0.003170874,-0.014315667,0.0017859145,-0.00474161,-0.010186965,-0.01629555,0.009170856,0.005621738,-0.001781404,0.009870185,-0.020421706,-0.01066261,0.014695266,0.007870973,0.019813469,0.021211494,-0.0061624777,-0.002268359,-0.004147154,0.009467281,-0.0051757977,-0.003837583,0.018704327,0.004196629,0.0003055568,-0.0066243573,-0.0072816736,0.010844657,0.016884588,-0.0048742727,0.007995834,0.009343755,-0.0038396087,-0.0014291988,-0.014472156,-0.020160776,-0.0015385377,-0.002441843,-0.0045692027,-0.013956275,-0.0014217596
/mnt/sdd/caltech_training/three_classes/train/003.Sooty_Albatross/Sooty_Albatross_0036_796387.jpg,2,0.0024760664,0.00043096603,-0.0011017439,-0.0062124995,-0.00151951,-0.0041714674,-0.009212439,-0.005901988,-0.00437856,-0.0066656033,0.0064853095,-0.001961964,0.005307001,0.00054923375,0.0032777677,0.0047892993,0.008311177,-0.007390421,0.007280252,0.009019898,0.0016540946,-0.011441641,0.007859775,0.014920365,-0.0019091503,-0.0026681237,0.0071949717,-0.0008546235,0.010220392,0.007277876,0.0053795567,-0.007630321,-0.0020335976,0.008135421,0.005314531,-0.00623899,-0.031415552,-0.014801668,-0.014187678,0.013679057,0.006500783,-0.009224739,0.013058861,-0.0035073403,0.009236239,-0.002345649,-0.015938606,0.00026701041,-0.0040541682,0.013094505,-0.0015010571,-0.014771065,0.013363622,-0.008149855,-0.00037949282,-0.0039303782,-0.003385074,0.0061360113,0.00079135085,-0.003622152,0.010688053,-0.008393389,0.013672425,-0.0023058266,0.005488063,0.016909946,0.024892053,-0.014555546,-0.015290825,0.00037477334,0.023377858,0.019035062,-0.018994587,0.014452283,0.0062687322,0.0053046905,0.019956278,-0.03199545,-0.009399955,-0.01431656,0.010595687,0.009267565,0.018909607,0.0083758645,-0.0016499304,0.009552273,0.023665622,0.0009612576,0.016997559,-0.0043882453,5.2561518e-05,0.00047420943
/mnt/sdd/caltech_training/three_classes/train/003.Sooty_Albatross/Sooty_Albatross_0022_796398.jpg,2,0.0032008816,0.0035875398,0.003024884,0.007173839,0.00046575966,0.00094840355,0.007542654,1.3548066e-05,0.007150875,0.0033387728,-0.00029507536,-0.0034856629,-0.00029821228,-0.0038761024,-0.0075754803,-0.003401128,-0.00017381203,0.01312592,-0.0050998656,-0.0059077498,0.0013663988,-0.014535271,0.003949757,-0.013800625,0.0040787146,0.010082358,0.002786927,0.0014163489,0.008000642,-0.0004273752,-0.00405866,0.0025331813,0.0012990732,-0.008370381,-0.01908258,-0.0011154688,-0.02511441,-0.03878522,-0.032744396,-0.024756849,-0.02005218,-0.011339064,-0.005048724,-0.0066673085,-0.007837502,-0.0055359416,-0.005426728,-0.007925166,-0.009659265,0.001244606,-0.0043295817,0.010799087,0.0051621315,-0.0012105387,-0.005803161,-0.00096498925,-0.020913914,-0.02231728,-0.015078328,-0.00494753,-0.0015368452,0.0029328424,-0.0033245618,0.00044516101,0.0148786185,0.011817357,0.038876582,-0.01538538,0.02311516,0.0036804103,0.014975442,0.016764458,0.0016791215,0.024914572,0.0052716816,0.027748667,0.01600087,-0.004978282,0.014369485,0.009907826,0.029802296,0.03561517,-0.020700889,-0.00018449425,-0.006146009,0.0038726388,0.0119491685,-0.005463686,-0.0021089343,0.016756598,0.008330739,0.0055081425
/mnt/sdd/caltech_training/three_classes/train/003.Sooty_Albatross/Sooty_Albatross_0013_796402.jpg,2,0.002162679,-0.0005984168,-0.0008092397,-0.0074075647,-0.003965742,-0.0029223117,-0.0013443318,0.00013677683,-0.001097491,0.008393556,0.002271298,0.008311431,-0.000861509,-0.0030424686,0.0056413896,-0.010967683,0.00042076968,-0.000105963554,0.0054185917,0.0016169583,0.0053420775,-0.009220406,0.0070022508,0.007342127,0.0006815314,0.0037806104,-0.0059043067,-0.008520003,0.00087118545,-0.00010655186,-0.0043940535,0.008145985,-0.00056304433,0.0030610533,-0.0051506497,-0.008425931,-0.0034974962,-0.007873643,0.013927072,-0.002822131,-0.0003218811,-0.016430892,-0.009721866,0.006016868,0.000700457,0.00049939146,-0.023221012,-0.026592616,-0.03600173,-0.036595166,-0.0124241505,-0.006745716,-0.008462194,-0.029902589,-0.03226684,-0.01698506,0.015087674,0.0039286423,0.005551614,0.0047064866,0.02622575,-0.0079959165,-0.013450138,0.014374864,0.0257283,0.0098871235,0.031346347,-0.01253121,0.009297533,-0.0009927284,0.027531195,0.025179474,-0.023876721,0.02222516,0.009838004,0.005035032,0.0027355894,-0.012581684,0.01496158,0.011112641,0.021596102,0.011287829,0.011712471,0.0005883747,-0.014274866,-0.0016298539,0.024710089,-0.012402271,-0.00193296,0.008513346,0.014690442,-0.007789085
/mnt/sdd/caltech_training/three_classes/train/003.Sooty_Albatross/Sooty_Albatross_0077_1080.jpg,2,0.0031852708,0.00064008305,-0.00017240975,-0.016197212,-0.009079749,-0.0023873544,-0.009403981,-0.016869828,-0.0143940495,-0.013200907,0.008089306,-0.0025116708,0.0039613154,0.015676081,-0.00682222,-0.008645974,0.00737729,-0.010480771,0.0034629428,0.0010387781,-0.005003015,-0.012010608,-0.0022755763,-0.0005606825,-0.00035957107,-0.0052325497,-0.00180337,0.0042823087,-0.007261031,0.00998099,0.0030551513,-0.00019401358,-0.0053840335,0.004018173,-0.0026527445,-0.010836081,-0.0064167175,-0.021819826,-0.024166074,-0.00021433458,-0.010136488,-0.013623845,-0.014729688,-0.015750475,-0.008127053,0.0007776988,-0.0056499513,-0.020830369,-0.024295883,-0.01869297,-0.029543113,0.0033117547,-0.022052187,0.0043858513,-0.015402021,0.008401426,-0.0070137125,0.008636206,0.010599097,0.010801711,0.004502723,-0.012340084,-0.0033308356,0.0037124697,0.0010294796,0.008856956,0.04435011,0.010831884,-0.013197945,-0.018427089,-0.0049465355,-0.006323792,0.014614083,0.022842664,0.018029567,0.017459283,0.01793776,0.014261359,-0.0031615002,0.00220606,0.022581045,0.019883476,-0.012189038,0.00210915,0.0061630835,0.019749273,0.015597024,-0.017723689,-0.021506585,-0.00745397,-0.016116548,-0.001175777
/mnt/sdd/caltech_training/three_classes/train/003.Sooty_Albatross/Sooty_Albatross_0070_796346.jpg,2,-0.0005608488,-0.002039026,7.491783e-05,-0.0037588433,-0.0013973487,-3.9067236e-05,0.0015377419,-0.0022947863,0.009423926,0.01036739,-0.0035159336,-0.0002669968,-0.00070873287,0.014816074,0.0037449445,0.009051229,0.0058224797,0.0067988066,0.0034672576,-0.0021736356,0.0029215775,0.007149635,0.010714395,0.0018529091,0.0015373529,-0.0022611637,-0.009941585,0.0025771304,-0.00313256,0.004942339,-0.008061353,0.005828001,-0.016183108,0.0018730112,0.0055918708,0.009880098,-0.0058229254,0.002559648,0.018144894,0.018750302,0.0042431895,-0.003682315,-0.013492346,-0.000110461144,0.0020865481,-0.008402577,0.020678602,0.009228155,0.007892497,0.015852617,0.0036124361,0.005823372,0.0021597408,0.0053465683,3.3537974e-05,-0.0014912346,-0.012407657,-0.01628849,-0.007643772,-0.0034785313,0.015380339,-0.010823686,0.004328207,-0.0065177777,0.009104896,0.003382489,0.011254864,0.005988161,-0.005403094,0.010153398,0.0094599845,-0.0062364545,0.0063106064,0.017707232,0.01822258,0.021620438,0.0020852308,0.02770307,0.012636081,0.017210875,0.036609873,0.0041343938,0.013954722,-0.00273147,0.00631203,0.018636808,0.024069365,0.00056799036,0.0037033292,0.015696758,0.002220372,-0.007013629
/mnt/sdd/caltech_training/three_classes/train/003.Sooty_Albatross/Sooty_Albatross_0032_1149.jpg,2,-0.0012708539,-0.0037354107,0.0024601005,-0.013010757,-0.0067593073,-0.003792737,-0.01009426,-0.008562181,0.01206016,0.016702417,-0.012611268,-0.008482231,-0.013856548,-0.0008783713,-0.009273628,0.0019000731,-0.0027336795,-0.0059452425,0.0031007444,-0.0029315515,-0.011348143,0.004166074,-0.012393987,-0.0037044412,-0.005508544,0.002254072,-0.004159668,-0.0036033066,0.006713665,0.0036208376,6.4331834e-05,0.026410997,0.008686563,-0.012631552,-0.005633268,-0.013695391,0.0071090288,-0.016830247,-0.00070101407,-0.0095347315,-0.016155262,0.013793444,0.016542485,0.0118774865,0.008501953,-0.0072506247,-0.001642365,-0.011538296,0.011522816,-0.01138349,-0.004472468,-0.010923466,-0.0018268977,0.012067158,0.010930208,-0.0006223683,-0.019090094,-0.023590093,-0.021117857,-0.01905348,-0.0032015517,0.017034546,0.004624555,0.0050943405,0.023526639,0.031798977,0.058796912,0.0052865264,0.012924947,0.0053885155,-0.011373331,0.020634318,0.012328286,0.024927005,0.018834323,0.019055365,0.0048801666,-0.0062324665,0.012967458,0.0006145183,0.020462528,0.017874248,-0.016153421,-0.010742063,-0.013473844,-0.018007996,-0.0075889556,-0.0055450075,-0.010747631,-0.005754219,-0.014117218,0.008778073
/mnt/sdd/caltech_training/three_classes/train/003.Sooty_Albatross/Sooty_Albatross_0076_796365.jpg,2,0.002262416,0.0011164434,0.00022681401,0.006567622,0.0067769913,4.991831e-06,0.004334437,-0.0023422947,0.001984795,0.0036675616,7.956079e-05,-0.0015529997,-0.000343928,0.009713679,0.0067547997,-0.007844524,-0.00037708785,-0.0022110662,-0.0025370053,-0.003631227,0.00019024964,0.0073188045,0.023604792,0.005770314,-0.0016003818,-0.0053276145,0.006836076,0.014626655,0.0071010585,0.0067553935,0.00782308,0.0025634808,-0.009529197,0.009807788,0.005426181,0.005726981,-0.0012395531,-0.019885033,-0.0008750217,-0.0019334992,-0.021881336,-0.0016556269,0.0017809928,-0.0027412954,-0.0068822876,-0.0068587186,-0.03139289,-0.036369704,-0.026399393,-0.02467911,-0.0077138264,0.016991239,-0.019557444,-0.009053683,0.0029214951,-0.009979576,-0.005649829,-0.0036003068,-0.0238203,-0.010899796,-0.008661898,-0.007997966,-0.0013214623,0.013098203,0.009551258,0.019628964,0.03726381,-0.017635558,-0.010283578,-0.011532728,-0.007285986,0.00055197824,-0.011943065,-0.0052097733,-0.0021351972,0.008633782,-0.012514697,-0.0047455854,0.009284936,0.024039198,0.031771377,0.02560588,0.001994758,0.002162261,0.0034021393,-0.010101102,0.013550447,-0.010706801,-0.0073683644,0.0013472177,0.0036649273,-0.002495627
/mnt/sdd/caltech_training/three_classes/train/003.Sooty_Albatross/Sooty_Albatross_0051_796374.jpg,2,-0.0005683925,0.00022362077,0.0019118728,0.006993176,0.0039620497,0.00259598,0.00031313184,-0.011870946,0.0028164203,0.0057343952,0.005810827,0.0015865896,-0.0059211794,0.0067497743,-0.019705644,0.022666324,0.0050862194,0.004558335,-0.0027776584,-0.009942295,-0.014277031,-0.013393047,0.003485477,-0.003996805,-0.0049035903,-0.0049035316,0.0031751879,-0.034433305,-0.009864848,0.0013908695,0.0006517414,0.009085907,-0.021302763,0.0010140366,0.0007174583,0.010469449,-0.0058490215,-0.008075652,-0.0295078,-0.013555833,-0.018749813,-0.020038117,-0.02380677,0.00092814746,-0.013232047,-0.0068840003,-0.01321904,-0.027374022,-0.022220165,-0.015032578,-0.008034565,-0.0002745036,-0.01785469,-0.0084119635,-0.011942366,-0.011713324,0.0050214487,-0.009215693,-0.00012570294,0.0021334053,0.012237174,-0.017682832,-0.0072935354,0.018987495,0.020653434,0.032110732,0.03635248,-0.008318438,0.013216561,-0.012790722,0.02799765,0.01660503,-0.015909083,0.0025590768,-0.0012899055,0.009307563,0.013897341,-0.016137376,0.022748247,-0.0015371402,0.022693282,0.041321933,0.003094538,0.00013181404,-0.0031226147,-0.0008261767,-0.0003841545,-0.003634437,0.004641335,-0.004728757,0.0061434917,-0.021453079
/mnt/sdd/caltech_training/three_classes/train/003.Sooty_Albatross/Sooty_Albatross_0025_796361.jpg,2,0.00071719405,0.0005969846,2.063773e-05,-0.0030194444,-0.002946552,0.0006805624,0.004492743,0.00844994,-0.018589046,0.008295147,0.0029875399,0.0017745486,0.00047817896,-0.016354525,0.0110294055,0.012016341,0.008400546,0.004872513,0.014137613,0.0074910764,0.009486452,0.02024786,0.027470864,0.009037206,0.00019700732,0.002504922,0.0072689615,0.02917926,0.011157453,0.00772085,0.0014247056,0.0046890983,0.013628504,0.025183514,0.004004777,-0.0006974882,0.0034516323,0.0039196564,0.02387581,0.033277355,0.011071164,0.023981769,0.00851466,0.012094773,0.019189922,0.015499277,-0.020485042,-0.018309016,-0.020461973,-0.014279539,-0.00085709896,0.008962862,0.01645132,0.009919133,0.00088893296,0.00020542415,0.029773477,0.021449056,0.02109703,0.023964688,0.018147735,8.704653e-05,0.020762809,0.0015427214,0.0145344585,0.02412356,0.024182685,-0.0053755054,-0.0044449097,0.0024460685,0.007305707,0.006045113,-0.0067186714,0.025710411,0.014771716,0.012375442,0.014832026,-0.004256237,-0.008125596,0.0051183477,0.02935262,0.04996635,0.01702258,0.0005789377,0.0063652163,-0.02265679,0.016669082,0.0022531876,0.012140388,0.008519054,-0.0012143416,0.0011777141
/mnt/sdd/caltech_training/three_classes/train/003.Sooty_Albatross/Sooty_Albatross_0074_1221.jpg,2,-0.0013680435,0.0015145965,-2.9557501e-05,-0.015254775,-0.015317587,-0.0038009067,-0.0072877733,-0.010309064,-0.0070291804,0.0020384688,-0.0060026273,0.00649586,0.0019377652,0.0006457791,-0.0029282926,-0.00037461845,0.019176677,-0.00020282122,-0.004985129,0.00044687832,-0.01873127,0.007833242,6.828667e-05,-0.00075119524,0.0026346946,-0.007993521,-0.014603157,0.010978993,6.531831e-05,-0.0076115993,-0.0028184943,-0.00012585521,0.013002148,0.0024026618,0.017721223,0.010814853,-0.0017476697,-0.0025880507,0.009938728,0.012212966,0.01013586,-0.016230604,-0.011063851,-0.01087046,0.0010813517,-0.010391755,0.012999279,0.010450813,-0.010925186,-0.015727364,-0.008914981,0.0146173015,-0.0021434212,0.001593557,-0.0071323738,0.0019826044,-0.00038689096,3.6186422e-05,0.0019995908,-0.01154121,-0.021412946,-0.01712977,-0.00823608,0.010746905,-0.006136087,-0.0056037935,0.040042087,-0.03186179,0.0049247276,-0.010473084,0.013829434,-0.0029982156,-0.023663959,0.022163576,0.005949056,0.012495581,0.018255878,-0.025049753,0.008709334,-0.0009635533,0.02416202,0.018536542,-0.016397852,0.008976699,0.010654236,-0.0029158064,0.00315136,-0.022632916,-0.021564523,-0.006143526,-0.01869029,-0.008108694
/mnt/sdd/caltech_training/three_classes/train/003.Sooty_Albatross/Sooty_Albatross_0046_1211.jpg,2,-0.00014703674,-0.0030986187,-0.000661111,-0.0075589474,-0.0034353244,-0.0018845054,-0.0075887796,-0.017139487,0.0021910006,-0.011708247,-0.008213726,0.0020334676,0.0012896918,0.010746964,0.0020662055,-0.000665504,0.0048568007,-0.00074236863,-0.0017892809,0.003313945,-0.018981516,0.0052269325,-0.012847345,-0.008089131,0.00926449,0.0032223677,-0.000277942,0.009081092,-0.0023430674,0.010302673,-0.003921855,-0.010192797,0.009397389,-0.007932765,-0.007551241,-0.00438087,-0.014242786,-0.018929293,-0.0068890397,-0.01028637,-0.0038779525,-0.0034430418,0.004276518,0.00016428251,-0.0009925084,0.01201305,0.008547131,0.009040756,-0.008601469,-0.010795603,0.0006135537,0.011577255,0.009296821,0.008192184,0.0009894455,-0.003052022,-0.012040993,-0.00891251,-0.005839243,-0.015615641,-0.018381272,-0.012970751,0.014752128,0.0048684794,0.018117651,0.02536236,0.057303987,-0.019172147,-0.011463312,0.0071105706,0.025175493,0.0063418336,-0.02483968,0.009861399,0.0039678533,0.009419873,0.016655589,-0.016974635,-0.0034546289,0.0010794909,0.021868076,0.02224436,0.0024927594,-0.0056122905,-0.0021516029,-0.010477963,0.006248709,-0.010813013,-0.0006669606,-0.008098423,-0.0030037202,0.0036303452
/mnt/sdd/caltech_training/three_classes/train/003.Sooty_Albatross/Sooty_Albatross_0003_1078.jpg,2,0.00020964514,0.0015149128,0.0017974115,-0.0027692593,-0.00253812,0.00120482,0.0017778227,0.014679391,0.0021393122,-0.0067827525,-0.0044058138,-0.0050052907,-0.0022596733,0.016867105,-0.0033502344,0.020625014,0.0026124027,-0.004117597,0.01511742,0.010120822,0.014410943,0.0053152926,0.003483409,-0.0034510475,0.011860687,-0.0012131447,0.0035334947,-0.007790917,0.0046213847,-0.00014497217,-0.0036261117,-0.013933569,0.0048587583,-0.0014898166,-0.020311907,-0.009861404,-0.01701302,-0.013696706,-0.015249889,-0.027265873,-0.013888369,-0.017626904,-0.0034606336,-0.024358325,-0.012520192,-0.0032044537,-0.027812522,-0.01801823,-0.027714834,0.0011020331,-0.014361831,-0.008118006,0.0034036157,0.0014037257,-0.0047332076,-0.0024034777,-0.029527085,-0.019361528,-0.024346177,-0.017498408,-0.01633397,-0.01577185,-0.008985436,0.023298753,0.039363198,0.021440238,0.043627024,-0.013017903,0.019671094,0.013940188,0.0063335737,0.015732646,-0.0010346165,0.012345771,0.005284402,-0.0014239708,-0.00050267484,-0.0028086859,0.011483972,-0.0028459132,0.022321753,0.020880654,-0.00061570643,0.0086621,0.012157285,0.019343147,0.013964023,0.004034168,-0.014074458,-0.019374257,-0.023770759,-0.0034095454
/mnt/sdd/caltech_training/three_classes/train/003.Sooty_Albatross/Sooty_Albatross_0075_796352.jpg,2,0.0031805425,0.0035080605,0.0012768992,-0.00028558425,0.0018827692,-0.0007551521,0.006464457,0.013134053,-0.020504138,0.002491397,0.016894322,0.018622192,0.0061107115,0.0028413264,0.009013405,0.009517486,0.010207601,0.0035250618,0.016282778,0.018013692,0.005387836,0.0036322614,0.01116902,0.018209726,0.0056019817,0.008333815,0.009806051,0.016111169,0.015123251,0.013441048,0.0002914318,0.0121784685,0.009947453,-0.006652984,0.009298552,0.009116104,-0.0065391758,0.009159596,-0.011014793,-0.0061731003,0.0010249399,0.019846048,0.008159982,0.010973655,0.020243276,0.018433107,-0.013749262,-0.009947792,0.0072159944,0.0023396737,0.0018297363,0.01839322,0.0049773827,0.013739318,0.009226961,0.0015664118,-0.017349165,-0.0028115027,0.004895906,0.011371482,0.0095180655,0.01659802,-0.00022091274,0.024806853,0.017482359,0.028049087,0.06618834,-0.009974305,-0.026339432,-0.0038756006,-0.030479532,-0.011323748,-0.0045441785,0.013477714,0.007448538,0.004607191,-0.0044751493,-0.0073107514,0.008068588,0.022252731,0.04648772,0.023846371,0.005317679,0.017884776,0.017389568,0.0006755279,-0.013378624,0.011506862,0.0106855,0.015457446,0.01679863,0.004414294
/mnt/sdd/caltech_training/three_classes/train/003.Sooty_Albatross/Sooty_Albatross_0006_796390.jpg,2,0.0017035533,-0.0029084848,-0.0011050471,-0.011855136,-0.0087801255,-0.003751088,-0.012636134,-0.014978014,-0.016176103,-0.0093570845,0.0018370148,-0.0024228967,-0.009376677,-0.009003388,-0.022176849,-0.0013579868,-0.0066173756,-0.009083893,-0.01020083,-0.013240126,0.0018763791,-0.0013403038,-0.0007962005,-0.0027562012,-0.017602319,-0.017560659,-0.00044868496,-0.0021358784,0.0035479018,-0.0060834545,0.006421284,0.0039694803,0.001124078,-0.0005057892,-0.005107269,-0.014407349,0.0069298027,-0.019121435,-0.023921683,-0.023404788,-0.030628452,-0.0056645293,-0.004963097,-0.011054625,0.0025452422,-0.012583954,-0.018953033,-0.012441322,-0.005055323,-0.009787088,0.0010666274,-0.015892211,-5.3577125e-05,-0.0037678885,-0.0040696408,-0.007372115,-0.020068202,-0.024598267,-0.020398077,-0.01902049,-0.002798073,0.0059127226,0.009925358,-0.0013248152,0.01412894,0.00839955,0.03143482,0.007912265,0.051813956,0.010543844,-0.00064761797,0.005092759,0.010617141,0.014622731,0.011572066,0.00204966,0.007852091,0.017565148,0.01786495,0.022983316,0.009222629,0.023176454,0.004134509,0.017165806,0.0069986396,0.010790773,0.04507354,0.0095817745,0.017970458,0.018590927,0.007756713,-0.00065059075
/mnt/sdd/caltech_training/three_classes/train/003.Sooty_Albatross/Sooty_Albatross_0042_1210.jpg,2,0.003137917,0.00021687025,0.002457514,0.0039605335,-0.0016654953,0.0022248267,0.0021273512,-0.005734123,0.013049373,8.153246e-05,0.0056257853,0.0069553615,0.0087630795,0.0115115885,0.004774885,0.006831078,0.004757668,-0.00394804,-0.0033069383,0.0016197534,0.012433908,0.00040257478,0.0041365484,0.0019865797,0.004691326,0.0025674424,0.0017506017,0.0030373225,-0.0010411944,-0.004746371,-0.00030679186,-0.0002659046,0.01126545,0.019877525,-0.006510595,0.016948564,-0.0063676066,-0.011850975,0.017295107,-0.000760932,0.010748703,0.002748394,0.002968335,0.010049042,0.007647793,0.0021172438,-0.0017324388,0.011428692,0.0088323215,0.023121472,0.014627511,0.018353745,0.011174029,0.011770637,0.004357979,-0.0026013416,0.006059069,0.00117793,0.0049572056,-0.008830585,-0.015619119,0.015713865,-3.022328e-05,0.015151726,0.017554116,0.009150478,0.030682243,-0.0055008004,0.0149889225,0.024125531,0.011571566,0.04036883,-0.0024939468,0.0051080124,-0.0006441793,0.010627812,0.008782707,-0.003535377,-0.0024846112,0.005900895,0.025616918,0.020873606,-0.004284133,0.006615106,-0.0040925285,0.031414986,0.021353029,-0.0036825354,-0.0064298366,0.014376266,-0.008189359,0.0022809105
/mnt/sdd/caltech_training/three_classes/train/003.Sooty_Albatross/Sooty_Albatross_0073_1171.jpg,2,0.0017152874,0.00064181513,0.0016277226,-0.0121808015,-0.010142718,-0.0015323237,-0.0047647413,-0.009180771,0.009489223,0.015097084,-0.0004927771,-0.00556314,-0.0063357223,0.008385132,0.009890642,0.006954869,-0.004432613,0.0012543565,0.003591367,0.006324821,-0.010396081,0.0013878704,-0.011042317,-0.0057347054,0.008419021,-0.00069414376,0.0052153706,0.004715037,0.0026896698,0.0065710205,0.002250177,0.020067934,0.003969308,0.004453795,-0.0038226363,0.0054746275,0.015801083,-0.0026744166,-0.0028782878,-0.0058128983,0.0092628235,0.014977885,-0.0052802386,0.01640233,0.0092356615,-0.0004655684,-0.007416716,0.0042350963,0.0012478303,0.00032664405,-0.0005896152,0.008236097,-0.008138321,0.0017375746,0.0022686112,0.0014813126,-0.011328804,0.005941594,-0.015202861,-0.0064773746,0.004821457,0.009856505,-0.0028360367,0.001248209,0.0058009326,-0.014217157,0.0037710932,0.011352029,-0.013454396,-0.0115041435,0.012412992,0.0228966,0.015101653,0.018648282,0.01846971,0.01851222,0.005867705,0.015428229,0.00018655136,-0.0015850186,0.0025563224,-0.013663362,0.017224703,0.01300539,0.005489797,-0.0028514378,-0.021623187,0.004289381,-0.0046459897,-0.0027603928,-0.006947995,0.0018663766
/mnt/sdd/caltech_training/three_classes/train/003.Sooty_Albatross/Sooty_Albatross_0038_1065.jpg,2,-0.00042747162,-0.0005684382,-0.0014100198,-0.003468219,-0.0027746034,-6.937486e-05,-0.0061778505,-0.014396001,-0.0051784893,0.0026061228,0.00081219047,0.00049182493,0.0038545143,-0.0035554683,-0.02139433,-0.0054759784,0.017999524,0.000311194,0.0029703781,-0.0054878723,-0.02023013,-0.0023283088,0.00805416,6.155041e-05,0.00986688,0.0073434347,0.005339455,-0.0020548445,0.0007621244,-0.007333058,0.004080985,0.0027540165,-0.013999003,-0.011196303,-0.0061848178,-0.005292245,0.00040464255,-0.0071555637,-0.009236081,0.00651987,-0.010022726,0.015296459,-0.0042298865,-0.0020368681,-0.006397565,-0.0019808905,-0.01005782,0.00474114,-0.0033105987,0.005985442,-0.014385743,-0.013634675,-0.008474277,-0.0027254215,0.011790483,-0.0027347119,-0.0041609365,-0.011873226,-0.007038835,0.0033533913,0.0105995815,-0.016644651,-0.023226943,-0.0031362837,0.0042740777,0.011757793,0.038678028,0.0052926363,0.011649202,-0.005503438,-0.019577852,-0.02820358,0.012804732,0.00718554,0.011524693,0.0083906725,-0.0018677276,-0.0013575661,0.010529925,0.019994693,0.018822398,0.0132028,0.00061670586,-0.0060919644,-0.007823991,0.008927274,0.0033757193,-0.0064188847,-0.012851067,-0.010938909,-0.019832185,-0.0020616988
/mnt/sdd/caltech_training/three_classes/train/003.Sooty_Albatross/Sooty_Albatross_0040_796375.jpg,2,-0.00012256997,-0.0036822846,-0.0026924703,-0.01985552,-0.018747028,-0.0078020236,-0.018780613,-0.027594618,0.005362734,-0.005735276,0.003946289,-0.006943761,0.003363969,0.005502661,-0.018028071,0.0035889875,0.003647383,0.0022476646,-0.0011034592,0.0019319968,-0.008925576,-0.018560164,0.0034099135,0.001183685,0.007908167,-0.006387065,0.012301993,-0.00944796,-0.004065507,0.013472919,0.008563187,0.0014033439,-0.032184575,0.00055598933,-0.010828469,-0.013865039,-0.030594334,-0.028525108,-0.005118498,-0.014203273,-0.015549712,0.0009832066,-0.020756543,-0.041442648,-0.017602084,-0.022569258,-0.014220037,-0.025611732,0.005168278,-0.0030963928,-0.0023822512,-0.0021306574,-0.008307101,-0.028880054,-0.018913932,-0.011000048,-0.022350304,-0.014279544,-0.022445891,-0.022181321,-0.0031513823,-0.015713133,-0.0069132578,0.005823857,0.02601383,0.038267955,0.0443736,-0.030832723,0.019456776,0.01872512,0.022605795,0.003935242,-0.013754519,0.018958552,0.00499339,0.016360758,0.026339032,-0.0125843445,0.012863816,0.019664008,0.021921758,0.029715177,-0.006666777,0.0107732555,0.008621762,0.011518644,0.020474184,0.0021276076,-0.008874288,-0.0028036353,-0.015477207,-0.01768279
/mnt/sdd/caltech_training/three_classes/train/003.Sooty_Albatross/Sooty_Albatross_0016_1075.jpg,2,0.0016141883,0.0026600573,0.00047099392,-0.0048557157,-0.0019450439,0.00013465871,-0.0029346636,-0.0018761627,0.0100867255,0.0052527767,0.0042928644,0.0009574288,0.0012985343,0.003786508,-0.0042098947,0.014425655,0.00965827,-0.010180183,-0.004856406,0.0068625226,-0.004705085,-0.009208436,-0.0005037689,0.006937744,0.0008673365,0.0011055397,0.0032135192,0.006061632,-0.0043560695,-0.0025067455,-0.0012754163,0.017215876,-0.019210743,-0.011407318,-0.010083509,-0.0030095088,0.031207027,0.028386395,0.026160114,0.0054805386,0.0073558413,0.00060931337,-0.0014850147,-0.013954472,-0.0073851557,-0.0038335864,-0.024428306,-0.0043509174,0.010185128,0.0100852605,0.004975882,-0.011351457,-0.016967325,-0.0006443113,-0.017759982,-0.0094023235,0.0045466395,0.0087013785,0.013062877,-0.0045363614,0.0039266963,-0.0059831124,-0.012918122,0.0029059728,0.017121049,0.026369154,0.03680511,0.012293611,0.0057841204,-0.0021719837,0.0044502006,0.00067797955,-0.0028368756,0.0015643523,0.014735803,-0.0029021828,-0.0008578254,-0.0021037096,-0.004582682,0.0091393255,0.031160595,0.0041914843,-0.009286572,0.01364998,0.010680011,4.5401277e-05,0.013376043,-0.010163735,-0.0008300954,-0.007922588,-0.0029625334,-0.0040339483
/mnt/sdd/caltech_training/three_classes/train/003.Sooty_Albatross/Sooty_Albatross_0055_1160.jpg,2,-0.0031145287,-0.001888535,0.00024019252,-0.005218574,-0.009216417,-0.0011863874,-0.003749103,0.005374495,0.025019603,0.010152876,-0.0047619664,-7.3612784e-05,0.0058078542,-0.013893988,0.0040062806,0.019922417,0.009036186,0.005740152,-0.005519341,0.004661316,-0.020097438,0.006708993,0.0052987966,-0.0062264474,0.0010315671,0.006604775,-0.0029105626,0.0015250103,0.0068354467,0.010446332,0.009617034,0.003584909,0.009009897,0.013982613,0.008324243,0.00090195367,-0.005537493,-0.0038883805,0.013461986,-0.007819733,0.019320205,-0.005523029,0.012154716,-0.0029305392,-0.00179584,0.014698234,0.028175585,0.01374926,0.0096956035,0.0032226602,0.006214139,-0.008728446,0.0024679052,0.019975506,0.015863491,0.013474366,-0.0042957496,0.0053615365,0.010738621,0.010093024,0.006799883,-0.004722761,0.013982115,0.0008623112,0.003660135,0.011724555,0.034625515,0.004789118,-0.012453132,-0.025633147,0.014397375,0.01089801,-0.001555095,0.029021086,0.0221277,0.0253748,0.012676415,0.0014152993,0.014294357,0.03065817,0.047101215,0.025150077,0.0024308737,0.014637333,0.0015303639,0.026432972,0.0073719877,-0.007213644,0.0035141297,-0.0035057706,-0.0049836077,0.00025406154
/mnt/sdd/caltech_training/three_classes/train/003.Sooty_Albatross/Sooty_Albatross_0057_796354.jpg,2,-0.0021552776,-0.0012167332,-0.000632385,0.0051595746,0.0050555044,0.0013734812,0.00915762,0.003993174,0.010786848,0.0062392363,0.0069230166,0.004531157,-0.000310309,0.015673634,0.006879457,0.006129276,-0.0018137558,0.011149131,0.007724172,0.0069174394,-0.007823378,-0.0092777945,0.010660391,-0.0025086245,-0.001259122,-0.0012438172,-0.0025411998,0.0054783765,0.007882141,-0.003054984,0.0060226535,-0.010781542,-0.0066539724,0.011854852,0.0057700183,0.0026853725,-0.013298679,-0.022922825,-0.02274498,-0.01037666,-0.013184207,-0.0061631664,0.002248081,-0.016470276,-0.018342901,-0.005293643,-0.020111531,-0.018705126,-0.022842053,-0.01239226,-0.016282208,-0.019611306,-0.0013675317,0.0066230847,-0.00075385394,-0.0036900882,-0.003400079,-0.018623672,-0.008758385,-0.0045056194,-0.0011105037,-0.0080677215,-0.004429713,0.0022668447,0.006048074,-0.007521513,0.0076097646,0.0024913796,-0.018225513,-0.024094565,-0.016701974,-0.029488958,-0.0036805728,0.011414118,0.003189788,-0.007088246,-0.0086555295,-0.00407413,-0.006576335,0.006772261,0.026597343,0.035359036,-0.01309984,0.0071341554,-0.0006415371,-0.0011840672,-0.01310074,-0.0028952062,-0.0056236386,-0.015500665,-0.0012753143,-0.0015320467
/mnt/sdd/caltech_training/three_classes/train/003.Sooty_Albatross/Sooty_Albatross_0063_1101.jpg,2,0.0022944286,-0.0009916789,0.0010325601,-0.0015364087,-0.002764951,-0.002741042,-0.0029002272,-0.015264387,-0.005696083,-0.003901105,-0.007882105,-0.0034062387,0.008678281,0.00718772,-0.0075691715,-0.0032110568,0.0006616465,0.0005508169,0.0019211125,-0.0026311695,0.0034715931,-0.0017439306,0.0034620806,-0.0015355537,-0.00077831454,-0.0008138672,0.0012913609,-0.011625202,0.0117460955,-0.0073595583,0.006697321,0.0031703848,-0.010065561,-0.005544308,-0.008396084,-0.010217909,-0.013091223,0.00044962682,0.01026269,-0.0061608837,-0.021212576,0.004156352,-0.008050177,0.010271526,0.0041306657,-0.0039951787,0.013318607,0.022287123,0.01904567,0.009416537,0.0063685267,-0.0023596338,-0.0111287385,-0.011537569,-0.01362705,-0.012994073,-0.00516207,0.0038826189,-0.0081292335,-0.0069479705,-0.0048971577,-0.0067620017,-0.0070232647,-0.0005098926,-0.007832249,-0.0073338053,0.009631332,-0.007228781,0.012935733,-0.0061247237,0.008700459,0.01854929,-0.004407186,0.0086217,-0.0018032356,0.0004729163,-0.002795623,0.0006275318,0.008197891,-0.0020266145,0.014211589,0.013815419,-0.013560308,0.014014548,-0.002913333,0.02583611,0.036676683,0.0068169953,-0.015298724,0.0057083555,-0.0007622866,-0.01135911
