Lambda Classification,Lambda Alignment,TCAV Before (Class 1),TCAV After (Class 1),TCAV Before (Class 2),TCAV After (Class 2),Accuracy Before,Accuracy After,Precision Before,Precision After,Recall Before,Recall After,F1 Before,F1 After
0.25,0.75,0.4020618498325348,0.8659793734550476,0.2886597812175751,0.8659793734550476,0.9072164948453608,0.9381443298969072,0.8754901960784314,0.9317765567765568,0.7816176470588235,0.8466911764705882,0.8175548589341692,0.8817073170731707
