Lambda Classification,Lambda Alignment,TCAV Before,TCAV After,Accuracy Before,Accuracy After,Precision Before,Precision After,Recall Before,Recall After,F1 Before,F1 After
0.010000000000000009,0.99,0.17525772750377655,0.34020617604255676,0.9278350515463918,0.8969072164948454,0.9597701149425287,0.8300813008130081,0.7941176470588236,0.7985294117647059,0.849412286538035,0.8128858024691358
0.25,0.75,0.17525772750377655,0.34020617604255676,0.9278350515463918,0.8969072164948454,0.9597701149425287,0.8300813008130081,0.7941176470588236,0.7985294117647059,0.849412286538035,0.8128858024691358
