Lambda Classification,Lambda Alignment,TCAV Before,TCAV After,Accuracy Before,Accuracy After,Precision Before,Precision After,Recall Before,Recall After,F1 Before,F1 After
0.25,0.75,0.2886597812175751,0.9587628841400146,0.9072164948453608,0.9278350515463918,0.8754901960784314,0.9597701149425287,0.7816176470588235,0.7941176470588236,0.8175548589341692,0.849412286538035
