Lambda Classification,Lambda Alignment,TCAV Before,TCAV After,Accuracy Before,Accuracy After,Precision Before,Precision After,Recall Before,Recall After,F1 Before,F1 After
0.25,0.75,0.2886597812175751,0.8865979313850403,0.9072164948453608,0.44329896907216493,0.8754901960784314,0.6197183098591549,0.7816176470588235,0.6625,0.8175548589341692,0.4384648370497427
