2026-02-13 01:56:41,015 - INFO - ================================================================================
2026-02-13 01:56:41,015 - INFO - Perturbation method and options c2_bg
2026-02-13 01:56:41,015 - INFO - ================================================================================
2026-02-13 01:56:41,015 - INFO - Starting perturbation process at 20260213_015641
2026-02-13 01:56:41,015 - INFO - Model Name: resnet50
2026-02-13 01:56:41,015 - INFO - Model Path: /mnt/sdd/basics/balanced_training/resnet50/resnet50.pth
2026-02-13 01:56:41,015 - INFO - Base Image Directory: /home/balanced_dataset/train
2026-02-13 01:56:41,015 - INFO - Batch Size: 32
2026-02-13 01:56:41,019 - INFO - Collected 2112 images for analysis.
2026-02-13 01:57:09,409 - INFO - Batch processed 2112                           images into 66 batches with batch size 32.
2026-02-13 01:57:09,409 - INFO - Input image shapes: Number of batches: 66,                           Batch size: 32,                           Image tensor shape: torch.Size([32, 3, 224, 224])
2026-02-13 01:57:09,460 - INFO - Model loaded from /mnt/sdd/basics/balanced_training/resnet50/resnet50.pth and set to evaluation mode.
2026-02-13 01:57:09,460 - INFO - Custom layers to perturb set: ['layer3.5.conv2', 'layer4.2.conv3']
2026-02-13 01:57:09,460 - INFO - Options class and artifact c2_bg
2026-02-13 01:57:09,460 - INFO - List of layers to pertubate ['layer3.5.conv2', 'layer4.2.conv3']
2026-02-13 01:57:09,505 - INFO - ================================================================================
2026-02-13 01:57:09,505 - INFO - Target layer found: layer3.5.conv2
2026-02-13 01:57:09,675 - INFO - Captured activation for layer: layer3.5.conv2,                 activation shape: torch.Size([32, 256, 14, 14])
2026-02-13 01:57:09,695 - INFO - Captured activation for layer: layer3.5.conv2, activation shape: torch.Size([32, 256, 14, 14])
2026-02-13 01:57:09,697 - INFO - Captured activation for layer: layer3.5.conv2,                 activation shape: torch.Size([32, 256, 14, 14])
2026-02-13 01:57:09,698 - INFO - Captured activation for layer: layer3.5.conv2, activation shape: torch.Size([32, 256, 14, 14])
2026-02-13 01:57:09,700 - INFO - Captured activation for layer: layer3.5.conv2,                 activation shape: torch.Size([32, 256, 14, 14])
2026-02-13 01:57:09,700 - INFO - Captured activation for layer: layer3.5.conv2, activation shape: torch.Size([32, 256, 14, 14])
2026-02-13 01:57:09,702 - INFO - Captured activation for layer: layer3.5.conv2,                 activation shape: torch.Size([32, 256, 14, 14])
2026-02-13 01:57:09,702 - INFO - Captured activation for layer: layer3.5.conv2, activation shape: torch.Size([32, 256, 14, 14])
2026-02-13 01:57:09,704 - INFO - Captured activation for layer: layer3.5.conv2,                 activation shape: torch.Size([32, 256, 14, 14])
2026-02-13 01:57:09,705 - INFO - Captured activation for layer: layer3.5.conv2, activation shape: torch.Size([32, 256, 14, 14])
2026-02-13 01:57:09,707 - INFO - Captured activation for layer: layer3.5.conv2,                 activation shape: torch.Size([32, 256, 14, 14])
2026-02-13 01:57:09,707 - INFO - Captured activation for layer: layer3.5.conv2, activation shape: torch.Size([32, 256, 14, 14])
2026-02-13 01:57:09,709 - INFO - Captured activation for layer: layer3.5.conv2,                 activation shape: torch.Size([32, 256, 14, 14])
2026-02-13 01:57:09,714 - INFO - Captured activation for layer: layer3.5.conv2, activation shape: torch.Size([32, 256, 14, 14])
2026-02-13 01:57:09,720 - INFO - Captured activation for layer: layer3.5.conv2,                 activation shape: torch.Size([32, 256, 14, 14])
2026-02-13 01:57:09,726 - INFO - Captured activation for layer: layer3.5.conv2, activation shape: torch.Size([32, 256, 14, 14])
2026-02-13 01:57:09,732 - INFO - Captured activation for layer: layer3.5.conv2,                 activation shape: torch.Size([32, 256, 14, 14])
2026-02-13 01:57:09,738 - INFO - Captured activation for layer: layer3.5.conv2, activation shape: torch.Size([32, 256, 14, 14])
2026-02-13 01:57:09,744 - INFO - Captured activation for layer: layer3.5.conv2,                 activation shape: torch.Size([32, 256, 14, 14])
2026-02-13 01:57:09,750 - INFO - Captured activation for layer: layer3.5.conv2, activation shape: torch.Size([32, 256, 14, 14])
2026-02-13 01:57:09,756 - INFO - Captured activation for layer: layer3.5.conv2,                 activation shape: torch.Size([32, 256, 14, 14])
2026-02-13 01:57:09,762 - INFO - Captured activation for layer: layer3.5.conv2, activation shape: torch.Size([32, 256, 14, 14])
2026-02-13 01:57:09,768 - INFO - Captured activation for layer: layer3.5.conv2,                 activation shape: torch.Size([32, 256, 14, 14])
2026-02-13 01:57:09,774 - INFO - Captured activation for layer: layer3.5.conv2, activation shape: torch.Size([32, 256, 14, 14])
2026-02-13 01:57:09,780 - INFO - Captured activation for layer: layer3.5.conv2,                 activation shape: torch.Size([32, 256, 14, 14])
2026-02-13 01:57:09,786 - INFO - Captured activation for layer: layer3.5.conv2, activation shape: torch.Size([32, 256, 14, 14])
2026-02-13 01:57:09,792 - INFO - Captured activation for layer: layer3.5.conv2,                 activation shape: torch.Size([32, 256, 14, 14])
2026-02-13 01:57:09,798 - INFO - Captured activation for layer: layer3.5.conv2, activation shape: torch.Size([32, 256, 14, 14])
2026-02-13 01:57:09,804 - INFO - Captured activation for layer: layer3.5.conv2,                 activation shape: torch.Size([32, 256, 14, 14])
2026-02-13 01:57:09,810 - INFO - Captured activation for layer: layer3.5.conv2, activation shape: torch.Size([32, 256, 14, 14])
2026-02-13 01:57:09,816 - INFO - Captured activation for layer: layer3.5.conv2,                 activation shape: torch.Size([32, 256, 14, 14])
2026-02-13 01:57:09,822 - INFO - Captured activation for layer: layer3.5.conv2, activation shape: torch.Size([32, 256, 14, 14])
2026-02-13 01:57:09,828 - INFO - Captured activation for layer: layer3.5.conv2,                 activation shape: torch.Size([32, 256, 14, 14])
2026-02-13 01:57:09,834 - INFO - Captured activation for layer: layer3.5.conv2, activation shape: torch.Size([32, 256, 14, 14])
2026-02-13 01:57:09,840 - INFO - Captured activation for layer: layer3.5.conv2,                 activation shape: torch.Size([32, 256, 14, 14])
2026-02-13 01:57:09,846 - INFO - Captured activation for layer: layer3.5.conv2, activation shape: torch.Size([32, 256, 14, 14])
2026-02-13 01:57:09,852 - INFO - Captured activation for layer: layer3.5.conv2,                 activation shape: torch.Size([32, 256, 14, 14])
2026-02-13 01:57:09,858 - INFO - Captured activation for layer: layer3.5.conv2, activation shape: torch.Size([32, 256, 14, 14])
2026-02-13 01:57:09,864 - INFO - Captured activation for layer: layer3.5.conv2,                 activation shape: torch.Size([32, 256, 14, 14])
2026-02-13 01:57:09,870 - INFO - Captured activation for layer: layer3.5.conv2, activation shape: torch.Size([32, 256, 14, 14])
2026-02-13 01:57:09,876 - INFO - Captured activation for layer: layer3.5.conv2,                 activation shape: torch.Size([32, 256, 14, 14])
2026-02-13 01:57:09,882 - INFO - Captured activation for layer: layer3.5.conv2, activation shape: torch.Size([32, 256, 14, 14])
2026-02-13 01:57:09,888 - INFO - Captured activation for layer: layer3.5.conv2,                 activation shape: torch.Size([32, 256, 14, 14])
2026-02-13 01:57:09,894 - INFO - Captured activation for layer: layer3.5.conv2, activation shape: torch.Size([32, 256, 14, 14])
2026-02-13 01:57:09,900 - INFO - Captured activation for layer: layer3.5.conv2,                 activation shape: torch.Size([32, 256, 14, 14])
2026-02-13 01:57:09,906 - INFO - Captured activation for layer: layer3.5.conv2, activation shape: torch.Size([32, 256, 14, 14])
2026-02-13 01:57:09,912 - INFO - Captured activation for layer: layer3.5.conv2,                 activation shape: torch.Size([32, 256, 14, 14])
2026-02-13 01:57:09,918 - INFO - Captured activation for layer: layer3.5.conv2, activation shape: torch.Size([32, 256, 14, 14])
2026-02-13 01:57:09,924 - INFO - Captured activation for layer: layer3.5.conv2,                 activation shape: torch.Size([32, 256, 14, 14])
2026-02-13 01:57:09,931 - INFO - Captured activation for layer: layer3.5.conv2, activation shape: torch.Size([32, 256, 14, 14])
2026-02-13 01:57:09,936 - INFO - Captured activation for layer: layer3.5.conv2,                 activation shape: torch.Size([32, 256, 14, 14])
2026-02-13 01:57:09,943 - INFO - Captured activation for layer: layer3.5.conv2, activation shape: torch.Size([32, 256, 14, 14])
2026-02-13 01:57:09,948 - INFO - Captured activation for layer: layer3.5.conv2,                 activation shape: torch.Size([32, 256, 14, 14])
2026-02-13 01:57:09,955 - INFO - Captured activation for layer: layer3.5.conv2, activation shape: torch.Size([32, 256, 14, 14])
2026-02-13 01:57:09,960 - INFO - Captured activation for layer: layer3.5.conv2,                 activation shape: torch.Size([32, 256, 14, 14])
2026-02-13 01:57:09,967 - INFO - Captured activation for layer: layer3.5.conv2, activation shape: torch.Size([32, 256, 14, 14])
2026-02-13 01:57:09,972 - INFO - Captured activation for layer: layer3.5.conv2,                 activation shape: torch.Size([32, 256, 14, 14])
2026-02-13 01:57:09,978 - INFO - Captured activation for layer: layer3.5.conv2, activation shape: torch.Size([32, 256, 14, 14])
2026-02-13 01:57:09,984 - INFO - Captured activation for layer: layer3.5.conv2,                 activation shape: torch.Size([32, 256, 14, 14])
2026-02-13 01:57:09,990 - INFO - Captured activation for layer: layer3.5.conv2, activation shape: torch.Size([32, 256, 14, 14])
2026-02-13 01:57:09,996 - INFO - Captured activation for layer: layer3.5.conv2,                 activation shape: torch.Size([32, 256, 14, 14])
2026-02-13 01:57:10,003 - INFO - Captured activation for layer: layer3.5.conv2, activation shape: torch.Size([32, 256, 14, 14])
2026-02-13 01:57:10,008 - INFO - Captured activation for layer: layer3.5.conv2,                 activation shape: torch.Size([32, 256, 14, 14])
2026-02-13 01:57:10,015 - INFO - Captured activation for layer: layer3.5.conv2, activation shape: torch.Size([32, 256, 14, 14])
2026-02-13 01:57:10,020 - INFO - Captured activation for layer: layer3.5.conv2,                 activation shape: torch.Size([32, 256, 14, 14])
2026-02-13 01:57:10,027 - INFO - Captured activation for layer: layer3.5.conv2, activation shape: torch.Size([32, 256, 14, 14])
2026-02-13 01:57:10,032 - INFO - Captured activation for layer: layer3.5.conv2,                 activation shape: torch.Size([32, 256, 14, 14])
2026-02-13 01:57:10,039 - INFO - Captured activation for layer: layer3.5.conv2, activation shape: torch.Size([32, 256, 14, 14])
2026-02-13 01:57:10,044 - INFO - Captured activation for layer: layer3.5.conv2,                 activation shape: torch.Size([32, 256, 14, 14])
2026-02-13 01:57:10,051 - INFO - Captured activation for layer: layer3.5.conv2, activation shape: torch.Size([32, 256, 14, 14])
2026-02-13 01:57:10,057 - INFO - Captured activation for layer: layer3.5.conv2,                 activation shape: torch.Size([32, 256, 14, 14])
2026-02-13 01:57:10,063 - INFO - Captured activation for layer: layer3.5.conv2, activation shape: torch.Size([32, 256, 14, 14])
2026-02-13 01:57:10,069 - INFO - Captured activation for layer: layer3.5.conv2,                 activation shape: torch.Size([32, 256, 14, 14])
2026-02-13 01:57:10,075 - INFO - Captured activation for layer: layer3.5.conv2, activation shape: torch.Size([32, 256, 14, 14])
2026-02-13 01:57:10,081 - INFO - Captured activation for layer: layer3.5.conv2,                 activation shape: torch.Size([32, 256, 14, 14])
2026-02-13 01:57:10,087 - INFO - Captured activation for layer: layer3.5.conv2, activation shape: torch.Size([32, 256, 14, 14])
2026-02-13 01:57:10,092 - INFO - Captured activation for layer: layer3.5.conv2,                 activation shape: torch.Size([32, 256, 14, 14])
2026-02-13 01:57:10,099 - INFO - Captured activation for layer: layer3.5.conv2, activation shape: torch.Size([32, 256, 14, 14])
2026-02-13 01:57:10,104 - INFO - Captured activation for layer: layer3.5.conv2,                 activation shape: torch.Size([32, 256, 14, 14])
2026-02-13 01:57:10,111 - INFO - Captured activation for layer: layer3.5.conv2, activation shape: torch.Size([32, 256, 14, 14])
2026-02-13 01:57:10,116 - INFO - Captured activation for layer: layer3.5.conv2,                 activation shape: torch.Size([32, 256, 14, 14])
2026-02-13 01:57:10,123 - INFO - Captured activation for layer: layer3.5.conv2, activation shape: torch.Size([32, 256, 14, 14])
2026-02-13 01:57:10,128 - INFO - Captured activation for layer: layer3.5.conv2,                 activation shape: torch.Size([32, 256, 14, 14])
2026-02-13 01:57:10,135 - INFO - Captured activation for layer: layer3.5.conv2, activation shape: torch.Size([32, 256, 14, 14])
2026-02-13 01:57:10,141 - INFO - Captured activation for layer: layer3.5.conv2,                 activation shape: torch.Size([32, 256, 14, 14])
2026-02-13 01:57:10,147 - INFO - Captured activation for layer: layer3.5.conv2, activation shape: torch.Size([32, 256, 14, 14])
2026-02-13 01:57:10,153 - INFO - Captured activation for layer: layer3.5.conv2,                 activation shape: torch.Size([32, 256, 14, 14])
2026-02-13 01:57:10,159 - INFO - Captured activation for layer: layer3.5.conv2, activation shape: torch.Size([32, 256, 14, 14])
2026-02-13 01:57:10,165 - INFO - Captured activation for layer: layer3.5.conv2,                 activation shape: torch.Size([32, 256, 14, 14])
2026-02-13 01:57:10,171 - INFO - Captured activation for layer: layer3.5.conv2, activation shape: torch.Size([32, 256, 14, 14])
2026-02-13 01:57:10,177 - INFO - Captured activation for layer: layer3.5.conv2,                 activation shape: torch.Size([32, 256, 14, 14])
2026-02-13 01:57:10,183 - INFO - Captured activation for layer: layer3.5.conv2, activation shape: torch.Size([32, 256, 14, 14])
2026-02-13 01:57:10,189 - INFO - Captured activation for layer: layer3.5.conv2,                 activation shape: torch.Size([32, 256, 14, 14])
2026-02-13 01:57:10,195 - INFO - Captured activation for layer: layer3.5.conv2, activation shape: torch.Size([32, 256, 14, 14])
2026-02-13 01:57:10,201 - INFO - Captured activation for layer: layer3.5.conv2,                 activation shape: torch.Size([32, 256, 14, 14])
2026-02-13 01:57:10,207 - INFO - Captured activation for layer: layer3.5.conv2, activation shape: torch.Size([32, 256, 14, 14])
2026-02-13 01:57:10,213 - INFO - Captured activation for layer: layer3.5.conv2,                 activation shape: torch.Size([32, 256, 14, 14])
2026-02-13 01:57:10,219 - INFO - Captured activation for layer: layer3.5.conv2, activation shape: torch.Size([32, 256, 14, 14])
2026-02-13 01:57:10,225 - INFO - Captured activation for layer: layer3.5.conv2,                 activation shape: torch.Size([32, 256, 14, 14])
2026-02-13 01:57:10,231 - INFO - Captured activation for layer: layer3.5.conv2, activation shape: torch.Size([32, 256, 14, 14])
2026-02-13 01:57:10,237 - INFO - Captured activation for layer: layer3.5.conv2,                 activation shape: torch.Size([32, 256, 14, 14])
2026-02-13 01:57:10,243 - INFO - Captured activation for layer: layer3.5.conv2, activation shape: torch.Size([32, 256, 14, 14])
2026-02-13 01:57:10,249 - INFO - Captured activation for layer: layer3.5.conv2,                 activation shape: torch.Size([32, 256, 14, 14])
2026-02-13 01:57:10,255 - INFO - Captured activation for layer: layer3.5.conv2, activation shape: torch.Size([32, 256, 14, 14])
2026-02-13 01:57:10,261 - INFO - Captured activation for layer: layer3.5.conv2,                 activation shape: torch.Size([32, 256, 14, 14])
2026-02-13 01:57:10,267 - INFO - Captured activation for layer: layer3.5.conv2, activation shape: torch.Size([32, 256, 14, 14])
2026-02-13 01:57:10,273 - INFO - Captured activation for layer: layer3.5.conv2,                 activation shape: torch.Size([32, 256, 14, 14])
2026-02-13 01:57:10,279 - INFO - Captured activation for layer: layer3.5.conv2, activation shape: torch.Size([32, 256, 14, 14])
2026-02-13 01:57:10,285 - INFO - Captured activation for layer: layer3.5.conv2,                 activation shape: torch.Size([32, 256, 14, 14])
2026-02-13 01:57:10,291 - INFO - Captured activation for layer: layer3.5.conv2, activation shape: torch.Size([32, 256, 14, 14])
2026-02-13 01:57:10,297 - INFO - Captured activation for layer: layer3.5.conv2,                 activation shape: torch.Size([32, 256, 14, 14])
2026-02-13 01:57:10,303 - INFO - Captured activation for layer: layer3.5.conv2, activation shape: torch.Size([32, 256, 14, 14])
2026-02-13 01:57:10,309 - INFO - Captured activation for layer: layer3.5.conv2,                 activation shape: torch.Size([32, 256, 14, 14])
2026-02-13 01:57:10,315 - INFO - Captured activation for layer: layer3.5.conv2, activation shape: torch.Size([32, 256, 14, 14])
2026-02-13 01:57:10,321 - INFO - Captured activation for layer: layer3.5.conv2,                 activation shape: torch.Size([32, 256, 14, 14])
2026-02-13 01:57:10,327 - INFO - Captured activation for layer: layer3.5.conv2, activation shape: torch.Size([32, 256, 14, 14])
2026-02-13 01:57:10,333 - INFO - Captured activation for layer: layer3.5.conv2,                 activation shape: torch.Size([32, 256, 14, 14])
2026-02-13 01:57:10,339 - INFO - Captured activation for layer: layer3.5.conv2, activation shape: torch.Size([32, 256, 14, 14])
2026-02-13 01:57:10,345 - INFO - Captured activation for layer: layer3.5.conv2,                 activation shape: torch.Size([32, 256, 14, 14])
2026-02-13 01:57:10,351 - INFO - Captured activation for layer: layer3.5.conv2, activation shape: torch.Size([32, 256, 14, 14])
2026-02-13 01:57:10,357 - INFO - Captured activation for layer: layer3.5.conv2,                 activation shape: torch.Size([32, 256, 14, 14])
2026-02-13 01:57:10,363 - INFO - Captured activation for layer: layer3.5.conv2, activation shape: torch.Size([32, 256, 14, 14])
2026-02-13 01:57:10,369 - INFO - Captured activation for layer: layer3.5.conv2,                 activation shape: torch.Size([32, 256, 14, 14])
2026-02-13 01:57:10,375 - INFO - Captured activation for layer: layer3.5.conv2, activation shape: torch.Size([32, 256, 14, 14])
2026-02-13 01:57:10,381 - INFO - Captured activation for layer: layer3.5.conv2,                 activation shape: torch.Size([32, 256, 14, 14])
2026-02-13 01:57:10,387 - INFO - Captured activation for layer: layer3.5.conv2, activation shape: torch.Size([32, 256, 14, 14])
2026-02-13 01:57:10,393 - INFO - Captured activation for layer: layer3.5.conv2,                 activation shape: torch.Size([32, 256, 14, 14])
2026-02-13 01:57:10,399 - INFO - Captured activation for layer: layer3.5.conv2, activation shape: torch.Size([32, 256, 14, 14])
2026-02-13 01:57:10,405 - INFO - Captured activation for layer: layer3.5.conv2,                 activation shape: torch.Size([32, 256, 14, 14])
2026-02-13 01:57:10,411 - INFO - Captured activation for layer: layer3.5.conv2, activation shape: torch.Size([32, 256, 14, 14])
2026-02-13 01:57:10,417 - INFO - Captured activation for layer: layer3.5.conv2,                 activation shape: torch.Size([32, 256, 14, 14])
2026-02-13 01:57:10,423 - INFO - Captured activation for layer: layer3.5.conv2, activation shape: torch.Size([32, 256, 14, 14])
2026-02-13 01:57:10,424 - INFO - Stacked activations shape for layer layer3.5.conv2: torch.Size([2112, 256, 14, 14])
2026-02-13 01:57:10,491 - INFO - Added Gaussian noise with std: 0.001
2026-02-13 01:57:10,574 - INFO - Perturbed activation  values: tensor([-0.0375, -0.0532, -0.0517,  ..., -0.0303, -0.1164,  0.0034],
       device='cuda:0')
2026-02-13 01:57:10,575 - INFO - Standard deviation of activations for layer layer3.5.conv2: 0.0914
2026-02-13 01:57:10,575 - INFO - Checking normality of activations for layer layer3.5.conv2 using Shapiro-Wilk test.
2026-02-13 01:57:13,834 - INFO - Shapiro-Wilk test: statistic=0.7856, p-value=6.5172e-63
2026-02-13 01:57:13,834 - INFO - Normally distributed: False
2026-02-13 01:57:13,835 - INFO - Perturbed activation shape: torch.Size([2112, 256, 14, 14]), Std activation shape: torch.Size([1, 256, 14, 14])
2026-02-13 01:57:13,836 - INFO - Std activation sample values: tensor([0.1891, 0.2500, 0.2434, 0.2075, 0.2161], device='cuda:0')
2026-02-13 01:57:13,852 - INFO - Applying perturbation for layer: layer3.5.conv2, original output shape: torch.Size([32, 256, 14, 14]), perturbed activation shape: torch.Size([2112, 256, 14, 14])
2026-02-13 01:57:13,856 - INFO - Applying perturbation for layer: layer3.5.conv2, original output shape: torch.Size([32, 256, 14, 14]), perturbed activation shape: torch.Size([2112, 256, 14, 14])
2026-02-13 01:57:13,860 - INFO - Applying perturbation for layer: layer3.5.conv2, original output shape: torch.Size([32, 256, 14, 14]), perturbed activation shape: torch.Size([2112, 256, 14, 14])
2026-02-13 01:57:13,876 - INFO - Applying perturbation for layer: layer3.5.conv2, original output shape: torch.Size([32, 256, 14, 14]), perturbed activation shape: torch.Size([2112, 256, 14, 14])
2026-02-13 01:57:13,900 - INFO - Applying perturbation for layer: layer3.5.conv2, original output shape: torch.Size([32, 256, 14, 14]), perturbed activation shape: torch.Size([2112, 256, 14, 14])
2026-02-13 01:57:13,924 - INFO - Applying perturbation for layer: layer3.5.conv2, original output shape: torch.Size([32, 256, 14, 14]), perturbed activation shape: torch.Size([2112, 256, 14, 14])
2026-02-13 01:57:13,948 - INFO - Applying perturbation for layer: layer3.5.conv2, original output shape: torch.Size([32, 256, 14, 14]), perturbed activation shape: torch.Size([2112, 256, 14, 14])
2026-02-13 01:57:13,972 - INFO - Applying perturbation for layer: layer3.5.conv2, original output shape: torch.Size([32, 256, 14, 14]), perturbed activation shape: torch.Size([2112, 256, 14, 14])
2026-02-13 01:57:13,996 - INFO - Applying perturbation for layer: layer3.5.conv2, original output shape: torch.Size([32, 256, 14, 14]), perturbed activation shape: torch.Size([2112, 256, 14, 14])
2026-02-13 01:57:14,020 - INFO - Applying perturbation for layer: layer3.5.conv2, original output shape: torch.Size([32, 256, 14, 14]), perturbed activation shape: torch.Size([2112, 256, 14, 14])
2026-02-13 01:57:14,043 - INFO - Applying perturbation for layer: layer3.5.conv2, original output shape: torch.Size([32, 256, 14, 14]), perturbed activation shape: torch.Size([2112, 256, 14, 14])
2026-02-13 01:57:14,068 - INFO - Applying perturbation for layer: layer3.5.conv2, original output shape: torch.Size([32, 256, 14, 14]), perturbed activation shape: torch.Size([2112, 256, 14, 14])
2026-02-13 01:57:14,092 - INFO - Applying perturbation for layer: layer3.5.conv2, original output shape: torch.Size([32, 256, 14, 14]), perturbed activation shape: torch.Size([2112, 256, 14, 14])
2026-02-13 01:57:14,116 - INFO - Applying perturbation for layer: layer3.5.conv2, original output shape: torch.Size([32, 256, 14, 14]), perturbed activation shape: torch.Size([2112, 256, 14, 14])
2026-02-13 01:57:14,140 - INFO - Applying perturbation for layer: layer3.5.conv2, original output shape: torch.Size([32, 256, 14, 14]), perturbed activation shape: torch.Size([2112, 256, 14, 14])
2026-02-13 01:57:14,164 - INFO - Applying perturbation for layer: layer3.5.conv2, original output shape: torch.Size([32, 256, 14, 14]), perturbed activation shape: torch.Size([2112, 256, 14, 14])
2026-02-13 01:57:14,188 - INFO - Applying perturbation for layer: layer3.5.conv2, original output shape: torch.Size([32, 256, 14, 14]), perturbed activation shape: torch.Size([2112, 256, 14, 14])
2026-02-13 01:57:14,212 - INFO - Applying perturbation for layer: layer3.5.conv2, original output shape: torch.Size([32, 256, 14, 14]), perturbed activation shape: torch.Size([2112, 256, 14, 14])
2026-02-13 01:57:14,236 - INFO - Applying perturbation for layer: layer3.5.conv2, original output shape: torch.Size([32, 256, 14, 14]), perturbed activation shape: torch.Size([2112, 256, 14, 14])
2026-02-13 01:57:14,260 - INFO - Applying perturbation for layer: layer3.5.conv2, original output shape: torch.Size([32, 256, 14, 14]), perturbed activation shape: torch.Size([2112, 256, 14, 14])
2026-02-13 01:57:14,284 - INFO - Applying perturbation for layer: layer3.5.conv2, original output shape: torch.Size([32, 256, 14, 14]), perturbed activation shape: torch.Size([2112, 256, 14, 14])
2026-02-13 01:57:14,308 - INFO - Applying perturbation for layer: layer3.5.conv2, original output shape: torch.Size([32, 256, 14, 14]), perturbed activation shape: torch.Size([2112, 256, 14, 14])
2026-02-13 01:57:14,332 - INFO - Applying perturbation for layer: layer3.5.conv2, original output shape: torch.Size([32, 256, 14, 14]), perturbed activation shape: torch.Size([2112, 256, 14, 14])
2026-02-13 01:57:14,356 - INFO - Applying perturbation for layer: layer3.5.conv2, original output shape: torch.Size([32, 256, 14, 14]), perturbed activation shape: torch.Size([2112, 256, 14, 14])
2026-02-13 01:57:14,380 - INFO - Applying perturbation for layer: layer3.5.conv2, original output shape: torch.Size([32, 256, 14, 14]), perturbed activation shape: torch.Size([2112, 256, 14, 14])
2026-02-13 01:57:14,404 - INFO - Applying perturbation for layer: layer3.5.conv2, original output shape: torch.Size([32, 256, 14, 14]), perturbed activation shape: torch.Size([2112, 256, 14, 14])
2026-02-13 01:57:14,428 - INFO - Applying perturbation for layer: layer3.5.conv2, original output shape: torch.Size([32, 256, 14, 14]), perturbed activation shape: torch.Size([2112, 256, 14, 14])
2026-02-13 01:57:14,452 - INFO - Applying perturbation for layer: layer3.5.conv2, original output shape: torch.Size([32, 256, 14, 14]), perturbed activation shape: torch.Size([2112, 256, 14, 14])
2026-02-13 01:57:14,476 - INFO - Applying perturbation for layer: layer3.5.conv2, original output shape: torch.Size([32, 256, 14, 14]), perturbed activation shape: torch.Size([2112, 256, 14, 14])
2026-02-13 01:57:14,500 - INFO - Applying perturbation for layer: layer3.5.conv2, original output shape: torch.Size([32, 256, 14, 14]), perturbed activation shape: torch.Size([2112, 256, 14, 14])
2026-02-13 01:57:14,524 - INFO - Applying perturbation for layer: layer3.5.conv2, original output shape: torch.Size([32, 256, 14, 14]), perturbed activation shape: torch.Size([2112, 256, 14, 14])
2026-02-13 01:57:14,548 - INFO - Applying perturbation for layer: layer3.5.conv2, original output shape: torch.Size([32, 256, 14, 14]), perturbed activation shape: torch.Size([2112, 256, 14, 14])
2026-02-13 01:57:14,572 - INFO - Applying perturbation for layer: layer3.5.conv2, original output shape: torch.Size([32, 256, 14, 14]), perturbed activation shape: torch.Size([2112, 256, 14, 14])
2026-02-13 01:57:14,596 - INFO - Applying perturbation for layer: layer3.5.conv2, original output shape: torch.Size([32, 256, 14, 14]), perturbed activation shape: torch.Size([2112, 256, 14, 14])
2026-02-13 01:57:14,620 - INFO - Applying perturbation for layer: layer3.5.conv2, original output shape: torch.Size([32, 256, 14, 14]), perturbed activation shape: torch.Size([2112, 256, 14, 14])
2026-02-13 01:57:14,644 - INFO - Applying perturbation for layer: layer3.5.conv2, original output shape: torch.Size([32, 256, 14, 14]), perturbed activation shape: torch.Size([2112, 256, 14, 14])
2026-02-13 01:57:14,668 - INFO - Applying perturbation for layer: layer3.5.conv2, original output shape: torch.Size([32, 256, 14, 14]), perturbed activation shape: torch.Size([2112, 256, 14, 14])
2026-02-13 01:57:14,692 - INFO - Applying perturbation for layer: layer3.5.conv2, original output shape: torch.Size([32, 256, 14, 14]), perturbed activation shape: torch.Size([2112, 256, 14, 14])
2026-02-13 01:57:14,716 - INFO - Applying perturbation for layer: layer3.5.conv2, original output shape: torch.Size([32, 256, 14, 14]), perturbed activation shape: torch.Size([2112, 256, 14, 14])
2026-02-13 01:57:14,740 - INFO - Applying perturbation for layer: layer3.5.conv2, original output shape: torch.Size([32, 256, 14, 14]), perturbed activation shape: torch.Size([2112, 256, 14, 14])
2026-02-13 01:57:14,764 - INFO - Applying perturbation for layer: layer3.5.conv2, original output shape: torch.Size([32, 256, 14, 14]), perturbed activation shape: torch.Size([2112, 256, 14, 14])
2026-02-13 01:57:14,788 - INFO - Applying perturbation for layer: layer3.5.conv2, original output shape: torch.Size([32, 256, 14, 14]), perturbed activation shape: torch.Size([2112, 256, 14, 14])
2026-02-13 01:57:14,813 - INFO - Applying perturbation for layer: layer3.5.conv2, original output shape: torch.Size([32, 256, 14, 14]), perturbed activation shape: torch.Size([2112, 256, 14, 14])
2026-02-13 01:57:14,837 - INFO - Applying perturbation for layer: layer3.5.conv2, original output shape: torch.Size([32, 256, 14, 14]), perturbed activation shape: torch.Size([2112, 256, 14, 14])
2026-02-13 01:57:14,861 - INFO - Applying perturbation for layer: layer3.5.conv2, original output shape: torch.Size([32, 256, 14, 14]), perturbed activation shape: torch.Size([2112, 256, 14, 14])
2026-02-13 01:57:14,885 - INFO - Applying perturbation for layer: layer3.5.conv2, original output shape: torch.Size([32, 256, 14, 14]), perturbed activation shape: torch.Size([2112, 256, 14, 14])
2026-02-13 01:57:14,909 - INFO - Applying perturbation for layer: layer3.5.conv2, original output shape: torch.Size([32, 256, 14, 14]), perturbed activation shape: torch.Size([2112, 256, 14, 14])
2026-02-13 01:57:14,933 - INFO - Applying perturbation for layer: layer3.5.conv2, original output shape: torch.Size([32, 256, 14, 14]), perturbed activation shape: torch.Size([2112, 256, 14, 14])
2026-02-13 01:57:14,957 - INFO - Applying perturbation for layer: layer3.5.conv2, original output shape: torch.Size([32, 256, 14, 14]), perturbed activation shape: torch.Size([2112, 256, 14, 14])
2026-02-13 01:57:14,981 - INFO - Applying perturbation for layer: layer3.5.conv2, original output shape: torch.Size([32, 256, 14, 14]), perturbed activation shape: torch.Size([2112, 256, 14, 14])
2026-02-13 01:57:15,005 - INFO - Applying perturbation for layer: layer3.5.conv2, original output shape: torch.Size([32, 256, 14, 14]), perturbed activation shape: torch.Size([2112, 256, 14, 14])
2026-02-13 01:57:15,029 - INFO - Applying perturbation for layer: layer3.5.conv2, original output shape: torch.Size([32, 256, 14, 14]), perturbed activation shape: torch.Size([2112, 256, 14, 14])
2026-02-13 01:57:15,053 - INFO - Applying perturbation for layer: layer3.5.conv2, original output shape: torch.Size([32, 256, 14, 14]), perturbed activation shape: torch.Size([2112, 256, 14, 14])
2026-02-13 01:57:15,077 - INFO - Applying perturbation for layer: layer3.5.conv2, original output shape: torch.Size([32, 256, 14, 14]), perturbed activation shape: torch.Size([2112, 256, 14, 14])
2026-02-13 01:57:15,101 - INFO - Applying perturbation for layer: layer3.5.conv2, original output shape: torch.Size([32, 256, 14, 14]), perturbed activation shape: torch.Size([2112, 256, 14, 14])
2026-02-13 01:57:15,125 - INFO - Applying perturbation for layer: layer3.5.conv2, original output shape: torch.Size([32, 256, 14, 14]), perturbed activation shape: torch.Size([2112, 256, 14, 14])
2026-02-13 01:57:15,149 - INFO - Applying perturbation for layer: layer3.5.conv2, original output shape: torch.Size([32, 256, 14, 14]), perturbed activation shape: torch.Size([2112, 256, 14, 14])
2026-02-13 01:57:15,173 - INFO - Applying perturbation for layer: layer3.5.conv2, original output shape: torch.Size([32, 256, 14, 14]), perturbed activation shape: torch.Size([2112, 256, 14, 14])
2026-02-13 01:57:15,197 - INFO - Applying perturbation for layer: layer3.5.conv2, original output shape: torch.Size([32, 256, 14, 14]), perturbed activation shape: torch.Size([2112, 256, 14, 14])
2026-02-13 01:57:15,221 - INFO - Applying perturbation for layer: layer3.5.conv2, original output shape: torch.Size([32, 256, 14, 14]), perturbed activation shape: torch.Size([2112, 256, 14, 14])
2026-02-13 01:57:15,245 - INFO - Applying perturbation for layer: layer3.5.conv2, original output shape: torch.Size([32, 256, 14, 14]), perturbed activation shape: torch.Size([2112, 256, 14, 14])
2026-02-13 01:57:15,269 - INFO - Applying perturbation for layer: layer3.5.conv2, original output shape: torch.Size([32, 256, 14, 14]), perturbed activation shape: torch.Size([2112, 256, 14, 14])
2026-02-13 01:57:15,293 - INFO - Applying perturbation for layer: layer3.5.conv2, original output shape: torch.Size([32, 256, 14, 14]), perturbed activation shape: torch.Size([2112, 256, 14, 14])
2026-02-13 01:57:15,318 - INFO - Applying perturbation for layer: layer3.5.conv2, original output shape: torch.Size([32, 256, 14, 14]), perturbed activation shape: torch.Size([2112, 256, 14, 14])
2026-02-13 01:57:15,342 - INFO - Applying perturbation for layer: layer3.5.conv2, original output shape: torch.Size([32, 256, 14, 14]), perturbed activation shape: torch.Size([2112, 256, 14, 14])
2026-02-13 01:57:15,366 - INFO - Applying perturbation for layer: layer3.5.conv2, original output shape: torch.Size([32, 256, 14, 14]), perturbed activation shape: torch.Size([2112, 256, 14, 14])
2026-02-13 01:57:15,605 - INFO - ================================================================================
2026-02-13 01:57:15,606 - INFO - Target layer found: layer4.2.conv3
2026-02-13 01:57:15,609 - INFO - Captured activation for layer: layer4.2.conv3,                 activation shape: torch.Size([32, 2048, 7, 7])
2026-02-13 01:57:15,609 - INFO - Captured activation for layer: layer4.2.conv3, activation shape: torch.Size([32, 2048, 7, 7])
2026-02-13 01:57:15,612 - INFO - Captured activation for layer: layer4.2.conv3,                 activation shape: torch.Size([32, 2048, 7, 7])
2026-02-13 01:57:15,612 - INFO - Captured activation for layer: layer4.2.conv3, activation shape: torch.Size([32, 2048, 7, 7])
2026-02-13 01:57:15,614 - INFO - Captured activation for layer: layer4.2.conv3,                 activation shape: torch.Size([32, 2048, 7, 7])
2026-02-13 01:57:15,614 - INFO - Captured activation for layer: layer4.2.conv3, activation shape: torch.Size([32, 2048, 7, 7])
2026-02-13 01:57:15,616 - INFO - Captured activation for layer: layer4.2.conv3,                 activation shape: torch.Size([32, 2048, 7, 7])
2026-02-13 01:57:15,616 - INFO - Captured activation for layer: layer4.2.conv3, activation shape: torch.Size([32, 2048, 7, 7])
2026-02-13 01:57:15,618 - INFO - Captured activation for layer: layer4.2.conv3,                 activation shape: torch.Size([32, 2048, 7, 7])
2026-02-13 01:57:15,618 - INFO - Captured activation for layer: layer4.2.conv3, activation shape: torch.Size([32, 2048, 7, 7])
2026-02-13 01:57:15,625 - INFO - Captured activation for layer: layer4.2.conv3,                 activation shape: torch.Size([32, 2048, 7, 7])
2026-02-13 01:57:15,626 - INFO - Captured activation for layer: layer4.2.conv3, activation shape: torch.Size([32, 2048, 7, 7])
2026-02-13 01:57:15,637 - INFO - Captured activation for layer: layer4.2.conv3,                 activation shape: torch.Size([32, 2048, 7, 7])
2026-02-13 01:57:15,638 - INFO - Captured activation for layer: layer4.2.conv3, activation shape: torch.Size([32, 2048, 7, 7])
2026-02-13 01:57:15,649 - INFO - Captured activation for layer: layer4.2.conv3,                 activation shape: torch.Size([32, 2048, 7, 7])
2026-02-13 01:57:15,650 - INFO - Captured activation for layer: layer4.2.conv3, activation shape: torch.Size([32, 2048, 7, 7])
2026-02-13 01:57:15,661 - INFO - Captured activation for layer: layer4.2.conv3,                 activation shape: torch.Size([32, 2048, 7, 7])
2026-02-13 01:57:15,662 - INFO - Captured activation for layer: layer4.2.conv3, activation shape: torch.Size([32, 2048, 7, 7])
2026-02-13 01:57:15,673 - INFO - Captured activation for layer: layer4.2.conv3,                 activation shape: torch.Size([32, 2048, 7, 7])
2026-02-13 01:57:15,674 - INFO - Captured activation for layer: layer4.2.conv3, activation shape: torch.Size([32, 2048, 7, 7])
2026-02-13 01:57:15,685 - INFO - Captured activation for layer: layer4.2.conv3,                 activation shape: torch.Size([32, 2048, 7, 7])
2026-02-13 01:57:15,686 - INFO - Captured activation for layer: layer4.2.conv3, activation shape: torch.Size([32, 2048, 7, 7])
2026-02-13 01:57:15,697 - INFO - Captured activation for layer: layer4.2.conv3,                 activation shape: torch.Size([32, 2048, 7, 7])
2026-02-13 01:57:15,698 - INFO - Captured activation for layer: layer4.2.conv3, activation shape: torch.Size([32, 2048, 7, 7])
2026-02-13 01:57:15,709 - INFO - Captured activation for layer: layer4.2.conv3,                 activation shape: torch.Size([32, 2048, 7, 7])
2026-02-13 01:57:15,710 - INFO - Captured activation for layer: layer4.2.conv3, activation shape: torch.Size([32, 2048, 7, 7])
2026-02-13 01:57:15,721 - INFO - Captured activation for layer: layer4.2.conv3,                 activation shape: torch.Size([32, 2048, 7, 7])
2026-02-13 01:57:15,722 - INFO - Captured activation for layer: layer4.2.conv3, activation shape: torch.Size([32, 2048, 7, 7])
2026-02-13 01:57:15,733 - INFO - Captured activation for layer: layer4.2.conv3,                 activation shape: torch.Size([32, 2048, 7, 7])
2026-02-13 01:57:15,734 - INFO - Captured activation for layer: layer4.2.conv3, activation shape: torch.Size([32, 2048, 7, 7])
2026-02-13 01:57:15,745 - INFO - Captured activation for layer: layer4.2.conv3,                 activation shape: torch.Size([32, 2048, 7, 7])
2026-02-13 01:57:15,746 - INFO - Captured activation for layer: layer4.2.conv3, activation shape: torch.Size([32, 2048, 7, 7])
2026-02-13 01:57:15,757 - INFO - Captured activation for layer: layer4.2.conv3,                 activation shape: torch.Size([32, 2048, 7, 7])
2026-02-13 01:57:15,758 - INFO - Captured activation for layer: layer4.2.conv3, activation shape: torch.Size([32, 2048, 7, 7])
2026-02-13 01:57:15,769 - INFO - Captured activation for layer: layer4.2.conv3,                 activation shape: torch.Size([32, 2048, 7, 7])
2026-02-13 01:57:15,770 - INFO - Captured activation for layer: layer4.2.conv3, activation shape: torch.Size([32, 2048, 7, 7])
2026-02-13 01:57:15,781 - INFO - Captured activation for layer: layer4.2.conv3,                 activation shape: torch.Size([32, 2048, 7, 7])
2026-02-13 01:57:15,782 - INFO - Captured activation for layer: layer4.2.conv3, activation shape: torch.Size([32, 2048, 7, 7])
2026-02-13 01:57:15,793 - INFO - Captured activation for layer: layer4.2.conv3,                 activation shape: torch.Size([32, 2048, 7, 7])
2026-02-13 01:57:15,794 - INFO - Captured activation for layer: layer4.2.conv3, activation shape: torch.Size([32, 2048, 7, 7])
2026-02-13 01:57:15,805 - INFO - Captured activation for layer: layer4.2.conv3,                 activation shape: torch.Size([32, 2048, 7, 7])
2026-02-13 01:57:15,806 - INFO - Captured activation for layer: layer4.2.conv3, activation shape: torch.Size([32, 2048, 7, 7])
2026-02-13 01:57:15,817 - INFO - Captured activation for layer: layer4.2.conv3,                 activation shape: torch.Size([32, 2048, 7, 7])
2026-02-13 01:57:15,818 - INFO - Captured activation for layer: layer4.2.conv3, activation shape: torch.Size([32, 2048, 7, 7])
2026-02-13 01:57:15,830 - INFO - Captured activation for layer: layer4.2.conv3,                 activation shape: torch.Size([32, 2048, 7, 7])
2026-02-13 01:57:15,830 - INFO - Captured activation for layer: layer4.2.conv3, activation shape: torch.Size([32, 2048, 7, 7])
2026-02-13 01:57:15,842 - INFO - Captured activation for layer: layer4.2.conv3,                 activation shape: torch.Size([32, 2048, 7, 7])
2026-02-13 01:57:15,842 - INFO - Captured activation for layer: layer4.2.conv3, activation shape: torch.Size([32, 2048, 7, 7])
2026-02-13 01:57:15,854 - INFO - Captured activation for layer: layer4.2.conv3,                 activation shape: torch.Size([32, 2048, 7, 7])
2026-02-13 01:57:15,854 - INFO - Captured activation for layer: layer4.2.conv3, activation shape: torch.Size([32, 2048, 7, 7])
2026-02-13 01:57:15,866 - INFO - Captured activation for layer: layer4.2.conv3,                 activation shape: torch.Size([32, 2048, 7, 7])
2026-02-13 01:57:15,866 - INFO - Captured activation for layer: layer4.2.conv3, activation shape: torch.Size([32, 2048, 7, 7])
2026-02-13 01:57:15,878 - INFO - Captured activation for layer: layer4.2.conv3,                 activation shape: torch.Size([32, 2048, 7, 7])
2026-02-13 01:57:15,878 - INFO - Captured activation for layer: layer4.2.conv3, activation shape: torch.Size([32, 2048, 7, 7])
2026-02-13 01:57:15,890 - INFO - Captured activation for layer: layer4.2.conv3,                 activation shape: torch.Size([32, 2048, 7, 7])
2026-02-13 01:57:15,890 - INFO - Captured activation for layer: layer4.2.conv3, activation shape: torch.Size([32, 2048, 7, 7])
2026-02-13 01:57:15,902 - INFO - Captured activation for layer: layer4.2.conv3,                 activation shape: torch.Size([32, 2048, 7, 7])
2026-02-13 01:57:15,902 - INFO - Captured activation for layer: layer4.2.conv3, activation shape: torch.Size([32, 2048, 7, 7])
2026-02-13 01:57:15,914 - INFO - Captured activation for layer: layer4.2.conv3,                 activation shape: torch.Size([32, 2048, 7, 7])
2026-02-13 01:57:15,914 - INFO - Captured activation for layer: layer4.2.conv3, activation shape: torch.Size([32, 2048, 7, 7])
2026-02-13 01:57:15,926 - INFO - Captured activation for layer: layer4.2.conv3,                 activation shape: torch.Size([32, 2048, 7, 7])
2026-02-13 01:57:15,926 - INFO - Captured activation for layer: layer4.2.conv3, activation shape: torch.Size([32, 2048, 7, 7])
2026-02-13 01:57:15,938 - INFO - Captured activation for layer: layer4.2.conv3,                 activation shape: torch.Size([32, 2048, 7, 7])
2026-02-13 01:57:15,938 - INFO - Captured activation for layer: layer4.2.conv3, activation shape: torch.Size([32, 2048, 7, 7])
2026-02-13 01:57:15,950 - INFO - Captured activation for layer: layer4.2.conv3,                 activation shape: torch.Size([32, 2048, 7, 7])
2026-02-13 01:57:15,950 - INFO - Captured activation for layer: layer4.2.conv3, activation shape: torch.Size([32, 2048, 7, 7])
2026-02-13 01:57:15,962 - INFO - Captured activation for layer: layer4.2.conv3,                 activation shape: torch.Size([32, 2048, 7, 7])
2026-02-13 01:57:15,962 - INFO - Captured activation for layer: layer4.2.conv3, activation shape: torch.Size([32, 2048, 7, 7])
2026-02-13 01:57:15,974 - INFO - Captured activation for layer: layer4.2.conv3,                 activation shape: torch.Size([32, 2048, 7, 7])
2026-02-13 01:57:15,975 - INFO - Captured activation for layer: layer4.2.conv3, activation shape: torch.Size([32, 2048, 7, 7])
2026-02-13 01:57:15,986 - INFO - Captured activation for layer: layer4.2.conv3,                 activation shape: torch.Size([32, 2048, 7, 7])
2026-02-13 01:57:15,987 - INFO - Captured activation for layer: layer4.2.conv3, activation shape: torch.Size([32, 2048, 7, 7])
2026-02-13 01:57:15,998 - INFO - Captured activation for layer: layer4.2.conv3,                 activation shape: torch.Size([32, 2048, 7, 7])
2026-02-13 01:57:15,999 - INFO - Captured activation for layer: layer4.2.conv3, activation shape: torch.Size([32, 2048, 7, 7])
2026-02-13 01:57:16,010 - INFO - Captured activation for layer: layer4.2.conv3,                 activation shape: torch.Size([32, 2048, 7, 7])
2026-02-13 01:57:16,011 - INFO - Captured activation for layer: layer4.2.conv3, activation shape: torch.Size([32, 2048, 7, 7])
2026-02-13 01:57:16,022 - INFO - Captured activation for layer: layer4.2.conv3,                 activation shape: torch.Size([32, 2048, 7, 7])
2026-02-13 01:57:16,023 - INFO - Captured activation for layer: layer4.2.conv3, activation shape: torch.Size([32, 2048, 7, 7])
2026-02-13 01:57:16,034 - INFO - Captured activation for layer: layer4.2.conv3,                 activation shape: torch.Size([32, 2048, 7, 7])
2026-02-13 01:57:16,035 - INFO - Captured activation for layer: layer4.2.conv3, activation shape: torch.Size([32, 2048, 7, 7])
2026-02-13 01:57:16,046 - INFO - Captured activation for layer: layer4.2.conv3,                 activation shape: torch.Size([32, 2048, 7, 7])
2026-02-13 01:57:16,047 - INFO - Captured activation for layer: layer4.2.conv3, activation shape: torch.Size([32, 2048, 7, 7])
2026-02-13 01:57:16,058 - INFO - Captured activation for layer: layer4.2.conv3,                 activation shape: torch.Size([32, 2048, 7, 7])
2026-02-13 01:57:16,059 - INFO - Captured activation for layer: layer4.2.conv3, activation shape: torch.Size([32, 2048, 7, 7])
2026-02-13 01:57:16,071 - INFO - Captured activation for layer: layer4.2.conv3,                 activation shape: torch.Size([32, 2048, 7, 7])
2026-02-13 01:57:16,071 - INFO - Captured activation for layer: layer4.2.conv3, activation shape: torch.Size([32, 2048, 7, 7])
2026-02-13 01:57:16,083 - INFO - Captured activation for layer: layer4.2.conv3,                 activation shape: torch.Size([32, 2048, 7, 7])
2026-02-13 01:57:16,083 - INFO - Captured activation for layer: layer4.2.conv3, activation shape: torch.Size([32, 2048, 7, 7])
2026-02-13 01:57:16,095 - INFO - Captured activation for layer: layer4.2.conv3,                 activation shape: torch.Size([32, 2048, 7, 7])
2026-02-13 01:57:16,095 - INFO - Captured activation for layer: layer4.2.conv3, activation shape: torch.Size([32, 2048, 7, 7])
2026-02-13 01:57:16,107 - INFO - Captured activation for layer: layer4.2.conv3,                 activation shape: torch.Size([32, 2048, 7, 7])
2026-02-13 01:57:16,107 - INFO - Captured activation for layer: layer4.2.conv3, activation shape: torch.Size([32, 2048, 7, 7])
2026-02-13 01:57:16,119 - INFO - Captured activation for layer: layer4.2.conv3,                 activation shape: torch.Size([32, 2048, 7, 7])
2026-02-13 01:57:16,119 - INFO - Captured activation for layer: layer4.2.conv3, activation shape: torch.Size([32, 2048, 7, 7])
2026-02-13 01:57:16,131 - INFO - Captured activation for layer: layer4.2.conv3,                 activation shape: torch.Size([32, 2048, 7, 7])
2026-02-13 01:57:16,131 - INFO - Captured activation for layer: layer4.2.conv3, activation shape: torch.Size([32, 2048, 7, 7])
2026-02-13 01:57:16,143 - INFO - Captured activation for layer: layer4.2.conv3,                 activation shape: torch.Size([32, 2048, 7, 7])
2026-02-13 01:57:16,144 - INFO - Captured activation for layer: layer4.2.conv3, activation shape: torch.Size([32, 2048, 7, 7])
2026-02-13 01:57:16,155 - INFO - Captured activation for layer: layer4.2.conv3,                 activation shape: torch.Size([32, 2048, 7, 7])
2026-02-13 01:57:16,156 - INFO - Captured activation for layer: layer4.2.conv3, activation shape: torch.Size([32, 2048, 7, 7])
2026-02-13 01:57:16,167 - INFO - Captured activation for layer: layer4.2.conv3,                 activation shape: torch.Size([32, 2048, 7, 7])
2026-02-13 01:57:16,168 - INFO - Captured activation for layer: layer4.2.conv3, activation shape: torch.Size([32, 2048, 7, 7])
2026-02-13 01:57:16,179 - INFO - Captured activation for layer: layer4.2.conv3,                 activation shape: torch.Size([32, 2048, 7, 7])
2026-02-13 01:57:16,180 - INFO - Captured activation for layer: layer4.2.conv3, activation shape: torch.Size([32, 2048, 7, 7])
2026-02-13 01:57:16,191 - INFO - Captured activation for layer: layer4.2.conv3,                 activation shape: torch.Size([32, 2048, 7, 7])
2026-02-13 01:57:16,192 - INFO - Captured activation for layer: layer4.2.conv3, activation shape: torch.Size([32, 2048, 7, 7])
2026-02-13 01:57:16,203 - INFO - Captured activation for layer: layer4.2.conv3,                 activation shape: torch.Size([32, 2048, 7, 7])
2026-02-13 01:57:16,204 - INFO - Captured activation for layer: layer4.2.conv3, activation shape: torch.Size([32, 2048, 7, 7])
2026-02-13 01:57:16,215 - INFO - Captured activation for layer: layer4.2.conv3,                 activation shape: torch.Size([32, 2048, 7, 7])
2026-02-13 01:57:16,216 - INFO - Captured activation for layer: layer4.2.conv3, activation shape: torch.Size([32, 2048, 7, 7])
2026-02-13 01:57:16,227 - INFO - Captured activation for layer: layer4.2.conv3,                 activation shape: torch.Size([32, 2048, 7, 7])
2026-02-13 01:57:16,228 - INFO - Captured activation for layer: layer4.2.conv3, activation shape: torch.Size([32, 2048, 7, 7])
2026-02-13 01:57:16,239 - INFO - Captured activation for layer: layer4.2.conv3,                 activation shape: torch.Size([32, 2048, 7, 7])
2026-02-13 01:57:16,240 - INFO - Captured activation for layer: layer4.2.conv3, activation shape: torch.Size([32, 2048, 7, 7])
2026-02-13 01:57:16,251 - INFO - Captured activation for layer: layer4.2.conv3,                 activation shape: torch.Size([32, 2048, 7, 7])
2026-02-13 01:57:16,252 - INFO - Captured activation for layer: layer4.2.conv3, activation shape: torch.Size([32, 2048, 7, 7])
2026-02-13 01:57:16,263 - INFO - Captured activation for layer: layer4.2.conv3,                 activation shape: torch.Size([32, 2048, 7, 7])
2026-02-13 01:57:16,264 - INFO - Captured activation for layer: layer4.2.conv3, activation shape: torch.Size([32, 2048, 7, 7])
2026-02-13 01:57:16,275 - INFO - Captured activation for layer: layer4.2.conv3,                 activation shape: torch.Size([32, 2048, 7, 7])
2026-02-13 01:57:16,276 - INFO - Captured activation for layer: layer4.2.conv3, activation shape: torch.Size([32, 2048, 7, 7])
2026-02-13 01:57:16,287 - INFO - Captured activation for layer: layer4.2.conv3,                 activation shape: torch.Size([32, 2048, 7, 7])
2026-02-13 01:57:16,288 - INFO - Captured activation for layer: layer4.2.conv3, activation shape: torch.Size([32, 2048, 7, 7])
2026-02-13 01:57:16,299 - INFO - Captured activation for layer: layer4.2.conv3,                 activation shape: torch.Size([32, 2048, 7, 7])
2026-02-13 01:57:16,300 - INFO - Captured activation for layer: layer4.2.conv3, activation shape: torch.Size([32, 2048, 7, 7])
2026-02-13 01:57:16,311 - INFO - Captured activation for layer: layer4.2.conv3,                 activation shape: torch.Size([32, 2048, 7, 7])
2026-02-13 01:57:16,312 - INFO - Captured activation for layer: layer4.2.conv3, activation shape: torch.Size([32, 2048, 7, 7])
2026-02-13 01:57:16,323 - INFO - Captured activation for layer: layer4.2.conv3,                 activation shape: torch.Size([32, 2048, 7, 7])
2026-02-13 01:57:16,324 - INFO - Captured activation for layer: layer4.2.conv3, activation shape: torch.Size([32, 2048, 7, 7])
2026-02-13 01:57:16,335 - INFO - Captured activation for layer: layer4.2.conv3,                 activation shape: torch.Size([32, 2048, 7, 7])
2026-02-13 01:57:16,336 - INFO - Captured activation for layer: layer4.2.conv3, activation shape: torch.Size([32, 2048, 7, 7])
2026-02-13 01:57:16,347 - INFO - Captured activation for layer: layer4.2.conv3,                 activation shape: torch.Size([32, 2048, 7, 7])
2026-02-13 01:57:16,348 - INFO - Captured activation for layer: layer4.2.conv3, activation shape: torch.Size([32, 2048, 7, 7])
2026-02-13 01:57:16,349 - INFO - Stacked activations shape for layer layer4.2.conv3: torch.Size([2112, 2048, 7, 7])
2026-02-13 01:57:16,349 - INFO - Added Gaussian noise with std: 0.001
2026-02-13 01:57:16,414 - INFO - Perturbed activation  values: tensor([-0.0124, -0.0098, -0.0020,  ..., -0.0169, -0.0118, -0.0018],
       device='cuda:0')
2026-02-13 01:57:16,416 - INFO - Standard deviation of activations for layer layer4.2.conv3: 0.0117
2026-02-13 01:57:16,416 - INFO - Checking normality of activations for layer layer4.2.conv3 using Shapiro-Wilk test.
2026-02-13 01:57:23,012 - INFO - Shapiro-Wilk test: statistic=0.9508, p-value=5.1625e-38
2026-02-13 01:57:23,012 - INFO - Normally distributed: False
2026-02-13 01:57:23,012 - INFO - Perturbed activation shape: torch.Size([2112, 2048, 7, 7]), Std activation shape: torch.Size([1, 2048, 7, 7])
2026-02-13 01:57:23,014 - INFO - Std activation sample values: tensor([0.0118, 0.0109, 0.0100, 0.0091, 0.0093], device='cuda:0')
2026-02-13 01:57:23,021 - INFO - Applying perturbation for layer: layer4.2.conv3, original output shape: torch.Size([32, 2048, 7, 7]), perturbed activation shape: torch.Size([2112, 2048, 7, 7])
2026-02-13 01:57:23,026 - INFO - Applying perturbation for layer: layer4.2.conv3, original output shape: torch.Size([32, 2048, 7, 7]), perturbed activation shape: torch.Size([2112, 2048, 7, 7])
2026-02-13 01:57:23,036 - INFO - Applying perturbation for layer: layer4.2.conv3, original output shape: torch.Size([32, 2048, 7, 7]), perturbed activation shape: torch.Size([2112, 2048, 7, 7])
2026-02-13 01:57:23,060 - INFO - Applying perturbation for layer: layer4.2.conv3, original output shape: torch.Size([32, 2048, 7, 7]), perturbed activation shape: torch.Size([2112, 2048, 7, 7])
2026-02-13 01:57:23,084 - INFO - Applying perturbation for layer: layer4.2.conv3, original output shape: torch.Size([32, 2048, 7, 7]), perturbed activation shape: torch.Size([2112, 2048, 7, 7])
2026-02-13 01:57:23,109 - INFO - Applying perturbation for layer: layer4.2.conv3, original output shape: torch.Size([32, 2048, 7, 7]), perturbed activation shape: torch.Size([2112, 2048, 7, 7])
2026-02-13 01:57:23,133 - INFO - Applying perturbation for layer: layer4.2.conv3, original output shape: torch.Size([32, 2048, 7, 7]), perturbed activation shape: torch.Size([2112, 2048, 7, 7])
2026-02-13 01:57:23,157 - INFO - Applying perturbation for layer: layer4.2.conv3, original output shape: torch.Size([32, 2048, 7, 7]), perturbed activation shape: torch.Size([2112, 2048, 7, 7])
2026-02-13 01:57:23,181 - INFO - Applying perturbation for layer: layer4.2.conv3, original output shape: torch.Size([32, 2048, 7, 7]), perturbed activation shape: torch.Size([2112, 2048, 7, 7])
2026-02-13 01:57:23,205 - INFO - Applying perturbation for layer: layer4.2.conv3, original output shape: torch.Size([32, 2048, 7, 7]), perturbed activation shape: torch.Size([2112, 2048, 7, 7])
2026-02-13 01:57:23,229 - INFO - Applying perturbation for layer: layer4.2.conv3, original output shape: torch.Size([32, 2048, 7, 7]), perturbed activation shape: torch.Size([2112, 2048, 7, 7])
2026-02-13 01:57:23,253 - INFO - Applying perturbation for layer: layer4.2.conv3, original output shape: torch.Size([32, 2048, 7, 7]), perturbed activation shape: torch.Size([2112, 2048, 7, 7])
2026-02-13 01:57:23,278 - INFO - Applying perturbation for layer: layer4.2.conv3, original output shape: torch.Size([32, 2048, 7, 7]), perturbed activation shape: torch.Size([2112, 2048, 7, 7])
2026-02-13 01:57:23,302 - INFO - Applying perturbation for layer: layer4.2.conv3, original output shape: torch.Size([32, 2048, 7, 7]), perturbed activation shape: torch.Size([2112, 2048, 7, 7])
2026-02-13 01:57:23,326 - INFO - Applying perturbation for layer: layer4.2.conv3, original output shape: torch.Size([32, 2048, 7, 7]), perturbed activation shape: torch.Size([2112, 2048, 7, 7])
2026-02-13 01:57:23,350 - INFO - Applying perturbation for layer: layer4.2.conv3, original output shape: torch.Size([32, 2048, 7, 7]), perturbed activation shape: torch.Size([2112, 2048, 7, 7])
2026-02-13 01:57:23,374 - INFO - Applying perturbation for layer: layer4.2.conv3, original output shape: torch.Size([32, 2048, 7, 7]), perturbed activation shape: torch.Size([2112, 2048, 7, 7])
2026-02-13 01:57:23,398 - INFO - Applying perturbation for layer: layer4.2.conv3, original output shape: torch.Size([32, 2048, 7, 7]), perturbed activation shape: torch.Size([2112, 2048, 7, 7])
2026-02-13 01:57:23,422 - INFO - Applying perturbation for layer: layer4.2.conv3, original output shape: torch.Size([32, 2048, 7, 7]), perturbed activation shape: torch.Size([2112, 2048, 7, 7])
2026-02-13 01:57:23,446 - INFO - Applying perturbation for layer: layer4.2.conv3, original output shape: torch.Size([32, 2048, 7, 7]), perturbed activation shape: torch.Size([2112, 2048, 7, 7])
2026-02-13 01:57:23,471 - INFO - Applying perturbation for layer: layer4.2.conv3, original output shape: torch.Size([32, 2048, 7, 7]), perturbed activation shape: torch.Size([2112, 2048, 7, 7])
2026-02-13 01:57:23,495 - INFO - Applying perturbation for layer: layer4.2.conv3, original output shape: torch.Size([32, 2048, 7, 7]), perturbed activation shape: torch.Size([2112, 2048, 7, 7])
2026-02-13 01:57:23,519 - INFO - Applying perturbation for layer: layer4.2.conv3, original output shape: torch.Size([32, 2048, 7, 7]), perturbed activation shape: torch.Size([2112, 2048, 7, 7])
2026-02-13 01:57:23,543 - INFO - Applying perturbation for layer: layer4.2.conv3, original output shape: torch.Size([32, 2048, 7, 7]), perturbed activation shape: torch.Size([2112, 2048, 7, 7])
2026-02-13 01:57:23,567 - INFO - Applying perturbation for layer: layer4.2.conv3, original output shape: torch.Size([32, 2048, 7, 7]), perturbed activation shape: torch.Size([2112, 2048, 7, 7])
2026-02-13 01:57:23,591 - INFO - Applying perturbation for layer: layer4.2.conv3, original output shape: torch.Size([32, 2048, 7, 7]), perturbed activation shape: torch.Size([2112, 2048, 7, 7])
2026-02-13 01:57:23,615 - INFO - Applying perturbation for layer: layer4.2.conv3, original output shape: torch.Size([32, 2048, 7, 7]), perturbed activation shape: torch.Size([2112, 2048, 7, 7])
2026-02-13 01:57:23,640 - INFO - Applying perturbation for layer: layer4.2.conv3, original output shape: torch.Size([32, 2048, 7, 7]), perturbed activation shape: torch.Size([2112, 2048, 7, 7])
2026-02-13 01:57:23,664 - INFO - Applying perturbation for layer: layer4.2.conv3, original output shape: torch.Size([32, 2048, 7, 7]), perturbed activation shape: torch.Size([2112, 2048, 7, 7])
2026-02-13 01:57:23,688 - INFO - Applying perturbation for layer: layer4.2.conv3, original output shape: torch.Size([32, 2048, 7, 7]), perturbed activation shape: torch.Size([2112, 2048, 7, 7])
2026-02-13 01:57:23,712 - INFO - Applying perturbation for layer: layer4.2.conv3, original output shape: torch.Size([32, 2048, 7, 7]), perturbed activation shape: torch.Size([2112, 2048, 7, 7])
2026-02-13 01:57:23,736 - INFO - Applying perturbation for layer: layer4.2.conv3, original output shape: torch.Size([32, 2048, 7, 7]), perturbed activation shape: torch.Size([2112, 2048, 7, 7])
2026-02-13 01:57:23,760 - INFO - Applying perturbation for layer: layer4.2.conv3, original output shape: torch.Size([32, 2048, 7, 7]), perturbed activation shape: torch.Size([2112, 2048, 7, 7])
2026-02-13 01:57:23,784 - INFO - Applying perturbation for layer: layer4.2.conv3, original output shape: torch.Size([32, 2048, 7, 7]), perturbed activation shape: torch.Size([2112, 2048, 7, 7])
2026-02-13 01:57:23,808 - INFO - Applying perturbation for layer: layer4.2.conv3, original output shape: torch.Size([32, 2048, 7, 7]), perturbed activation shape: torch.Size([2112, 2048, 7, 7])
2026-02-13 01:57:23,833 - INFO - Applying perturbation for layer: layer4.2.conv3, original output shape: torch.Size([32, 2048, 7, 7]), perturbed activation shape: torch.Size([2112, 2048, 7, 7])
2026-02-13 01:57:23,857 - INFO - Applying perturbation for layer: layer4.2.conv3, original output shape: torch.Size([32, 2048, 7, 7]), perturbed activation shape: torch.Size([2112, 2048, 7, 7])
2026-02-13 01:57:23,881 - INFO - Applying perturbation for layer: layer4.2.conv3, original output shape: torch.Size([32, 2048, 7, 7]), perturbed activation shape: torch.Size([2112, 2048, 7, 7])
2026-02-13 01:57:23,905 - INFO - Applying perturbation for layer: layer4.2.conv3, original output shape: torch.Size([32, 2048, 7, 7]), perturbed activation shape: torch.Size([2112, 2048, 7, 7])
2026-02-13 01:57:23,929 - INFO - Applying perturbation for layer: layer4.2.conv3, original output shape: torch.Size([32, 2048, 7, 7]), perturbed activation shape: torch.Size([2112, 2048, 7, 7])
2026-02-13 01:57:23,971 - INFO - Applying perturbation for layer: layer4.2.conv3, original output shape: torch.Size([32, 2048, 7, 7]), perturbed activation shape: torch.Size([2112, 2048, 7, 7])
2026-02-13 01:57:24,024 - INFO - Applying perturbation for layer: layer4.2.conv3, original output shape: torch.Size([32, 2048, 7, 7]), perturbed activation shape: torch.Size([2112, 2048, 7, 7])
2026-02-13 01:57:24,077 - INFO - Applying perturbation for layer: layer4.2.conv3, original output shape: torch.Size([32, 2048, 7, 7]), perturbed activation shape: torch.Size([2112, 2048, 7, 7])
2026-02-13 01:57:24,120 - INFO - Applying perturbation for layer: layer4.2.conv3, original output shape: torch.Size([32, 2048, 7, 7]), perturbed activation shape: torch.Size([2112, 2048, 7, 7])
2026-02-13 01:57:24,145 - INFO - Applying perturbation for layer: layer4.2.conv3, original output shape: torch.Size([32, 2048, 7, 7]), perturbed activation shape: torch.Size([2112, 2048, 7, 7])
2026-02-13 01:57:24,169 - INFO - Applying perturbation for layer: layer4.2.conv3, original output shape: torch.Size([32, 2048, 7, 7]), perturbed activation shape: torch.Size([2112, 2048, 7, 7])
2026-02-13 01:57:24,193 - INFO - Applying perturbation for layer: layer4.2.conv3, original output shape: torch.Size([32, 2048, 7, 7]), perturbed activation shape: torch.Size([2112, 2048, 7, 7])
2026-02-13 01:57:24,217 - INFO - Applying perturbation for layer: layer4.2.conv3, original output shape: torch.Size([32, 2048, 7, 7]), perturbed activation shape: torch.Size([2112, 2048, 7, 7])
2026-02-13 01:57:24,242 - INFO - Applying perturbation for layer: layer4.2.conv3, original output shape: torch.Size([32, 2048, 7, 7]), perturbed activation shape: torch.Size([2112, 2048, 7, 7])
2026-02-13 01:57:24,266 - INFO - Applying perturbation for layer: layer4.2.conv3, original output shape: torch.Size([32, 2048, 7, 7]), perturbed activation shape: torch.Size([2112, 2048, 7, 7])
2026-02-13 01:57:24,290 - INFO - Applying perturbation for layer: layer4.2.conv3, original output shape: torch.Size([32, 2048, 7, 7]), perturbed activation shape: torch.Size([2112, 2048, 7, 7])
2026-02-13 01:57:24,314 - INFO - Applying perturbation for layer: layer4.2.conv3, original output shape: torch.Size([32, 2048, 7, 7]), perturbed activation shape: torch.Size([2112, 2048, 7, 7])
2026-02-13 01:57:24,338 - INFO - Applying perturbation for layer: layer4.2.conv3, original output shape: torch.Size([32, 2048, 7, 7]), perturbed activation shape: torch.Size([2112, 2048, 7, 7])
2026-02-13 01:57:24,362 - INFO - Applying perturbation for layer: layer4.2.conv3, original output shape: torch.Size([32, 2048, 7, 7]), perturbed activation shape: torch.Size([2112, 2048, 7, 7])
2026-02-13 01:57:24,387 - INFO - Applying perturbation for layer: layer4.2.conv3, original output shape: torch.Size([32, 2048, 7, 7]), perturbed activation shape: torch.Size([2112, 2048, 7, 7])
2026-02-13 01:57:24,411 - INFO - Applying perturbation for layer: layer4.2.conv3, original output shape: torch.Size([32, 2048, 7, 7]), perturbed activation shape: torch.Size([2112, 2048, 7, 7])
2026-02-13 01:57:24,435 - INFO - Applying perturbation for layer: layer4.2.conv3, original output shape: torch.Size([32, 2048, 7, 7]), perturbed activation shape: torch.Size([2112, 2048, 7, 7])
2026-02-13 01:57:24,459 - INFO - Applying perturbation for layer: layer4.2.conv3, original output shape: torch.Size([32, 2048, 7, 7]), perturbed activation shape: torch.Size([2112, 2048, 7, 7])
2026-02-13 01:57:24,483 - INFO - Applying perturbation for layer: layer4.2.conv3, original output shape: torch.Size([32, 2048, 7, 7]), perturbed activation shape: torch.Size([2112, 2048, 7, 7])
2026-02-13 01:57:24,507 - INFO - Applying perturbation for layer: layer4.2.conv3, original output shape: torch.Size([32, 2048, 7, 7]), perturbed activation shape: torch.Size([2112, 2048, 7, 7])
2026-02-13 01:57:24,532 - INFO - Applying perturbation for layer: layer4.2.conv3, original output shape: torch.Size([32, 2048, 7, 7]), perturbed activation shape: torch.Size([2112, 2048, 7, 7])
2026-02-13 01:57:24,556 - INFO - Applying perturbation for layer: layer4.2.conv3, original output shape: torch.Size([32, 2048, 7, 7]), perturbed activation shape: torch.Size([2112, 2048, 7, 7])
2026-02-13 01:57:24,580 - INFO - Applying perturbation for layer: layer4.2.conv3, original output shape: torch.Size([32, 2048, 7, 7]), perturbed activation shape: torch.Size([2112, 2048, 7, 7])
2026-02-13 01:57:24,604 - INFO - Applying perturbation for layer: layer4.2.conv3, original output shape: torch.Size([32, 2048, 7, 7]), perturbed activation shape: torch.Size([2112, 2048, 7, 7])
2026-02-13 01:57:24,628 - INFO - Applying perturbation for layer: layer4.2.conv3, original output shape: torch.Size([32, 2048, 7, 7]), perturbed activation shape: torch.Size([2112, 2048, 7, 7])
2026-02-13 01:57:24,652 - INFO - Applying perturbation for layer: layer4.2.conv3, original output shape: torch.Size([32, 2048, 7, 7]), perturbed activation shape: torch.Size([2112, 2048, 7, 7])
2026-02-13 01:57:24,891 - INFO - ================================================================================
2026-02-13 01:57:24,891 - INFO - Target layer found: layer3.5.conv2
2026-02-13 01:57:24,895 - INFO - Captured activation for layer: layer3.5.conv2,                 activation shape: torch.Size([32, 256, 14, 14])
2026-02-13 01:57:24,895 - INFO - Captured activation for layer: layer3.5.conv2, activation shape: torch.Size([32, 256, 14, 14])
2026-02-13 01:57:24,897 - INFO - Captured activation for layer: layer3.5.conv2,                 activation shape: torch.Size([32, 256, 14, 14])
2026-02-13 01:57:24,898 - INFO - Captured activation for layer: layer3.5.conv2, activation shape: torch.Size([32, 256, 14, 14])
2026-02-13 01:57:24,899 - INFO - Captured activation for layer: layer3.5.conv2,                 activation shape: torch.Size([32, 256, 14, 14])
2026-02-13 01:57:24,900 - INFO - Captured activation for layer: layer3.5.conv2, activation shape: torch.Size([32, 256, 14, 14])
2026-02-13 01:57:24,901 - INFO - Captured activation for layer: layer3.5.conv2,                 activation shape: torch.Size([32, 256, 14, 14])
2026-02-13 01:57:24,902 - INFO - Captured activation for layer: layer3.5.conv2, activation shape: torch.Size([32, 256, 14, 14])
2026-02-13 01:57:24,904 - INFO - Captured activation for layer: layer3.5.conv2,                 activation shape: torch.Size([32, 256, 14, 14])
2026-02-13 01:57:24,904 - INFO - Captured activation for layer: layer3.5.conv2, activation shape: torch.Size([32, 256, 14, 14])
2026-02-13 01:57:24,906 - INFO - Captured activation for layer: layer3.5.conv2,                 activation shape: torch.Size([32, 256, 14, 14])
2026-02-13 01:57:24,912 - INFO - Captured activation for layer: layer3.5.conv2, activation shape: torch.Size([32, 256, 14, 14])
2026-02-13 01:57:24,918 - INFO - Captured activation for layer: layer3.5.conv2,                 activation shape: torch.Size([32, 256, 14, 14])
2026-02-13 01:57:24,924 - INFO - Captured activation for layer: layer3.5.conv2, activation shape: torch.Size([32, 256, 14, 14])
2026-02-13 01:57:24,930 - INFO - Captured activation for layer: layer3.5.conv2,                 activation shape: torch.Size([32, 256, 14, 14])
2026-02-13 01:57:24,936 - INFO - Captured activation for layer: layer3.5.conv2, activation shape: torch.Size([32, 256, 14, 14])
2026-02-13 01:57:24,942 - INFO - Captured activation for layer: layer3.5.conv2,                 activation shape: torch.Size([32, 256, 14, 14])
2026-02-13 01:57:24,948 - INFO - Captured activation for layer: layer3.5.conv2, activation shape: torch.Size([32, 256, 14, 14])
2026-02-13 01:57:24,954 - INFO - Captured activation for layer: layer3.5.conv2,                 activation shape: torch.Size([32, 256, 14, 14])
2026-02-13 01:57:24,960 - INFO - Captured activation for layer: layer3.5.conv2, activation shape: torch.Size([32, 256, 14, 14])
2026-02-13 01:57:24,966 - INFO - Captured activation for layer: layer3.5.conv2,                 activation shape: torch.Size([32, 256, 14, 14])
2026-02-13 01:57:24,972 - INFO - Captured activation for layer: layer3.5.conv2, activation shape: torch.Size([32, 256, 14, 14])
2026-02-13 01:57:24,978 - INFO - Captured activation for layer: layer3.5.conv2,                 activation shape: torch.Size([32, 256, 14, 14])
2026-02-13 01:57:24,984 - INFO - Captured activation for layer: layer3.5.conv2, activation shape: torch.Size([32, 256, 14, 14])
2026-02-13 01:57:24,990 - INFO - Captured activation for layer: layer3.5.conv2,                 activation shape: torch.Size([32, 256, 14, 14])
2026-02-13 01:57:24,996 - INFO - Captured activation for layer: layer3.5.conv2, activation shape: torch.Size([32, 256, 14, 14])
2026-02-13 01:57:25,002 - INFO - Captured activation for layer: layer3.5.conv2,                 activation shape: torch.Size([32, 256, 14, 14])
2026-02-13 01:57:25,008 - INFO - Captured activation for layer: layer3.5.conv2, activation shape: torch.Size([32, 256, 14, 14])
2026-02-13 01:57:25,014 - INFO - Captured activation for layer: layer3.5.conv2,                 activation shape: torch.Size([32, 256, 14, 14])
2026-02-13 01:57:25,020 - INFO - Captured activation for layer: layer3.5.conv2, activation shape: torch.Size([32, 256, 14, 14])
2026-02-13 01:57:25,026 - INFO - Captured activation for layer: layer3.5.conv2,                 activation shape: torch.Size([32, 256, 14, 14])
2026-02-13 01:57:25,032 - INFO - Captured activation for layer: layer3.5.conv2, activation shape: torch.Size([32, 256, 14, 14])
2026-02-13 01:57:25,038 - INFO - Captured activation for layer: layer3.5.conv2,                 activation shape: torch.Size([32, 256, 14, 14])
2026-02-13 01:57:25,044 - INFO - Captured activation for layer: layer3.5.conv2, activation shape: torch.Size([32, 256, 14, 14])
2026-02-13 01:57:25,050 - INFO - Captured activation for layer: layer3.5.conv2,                 activation shape: torch.Size([32, 256, 14, 14])
2026-02-13 01:57:25,056 - INFO - Captured activation for layer: layer3.5.conv2, activation shape: torch.Size([32, 256, 14, 14])
2026-02-13 01:57:25,062 - INFO - Captured activation for layer: layer3.5.conv2,                 activation shape: torch.Size([32, 256, 14, 14])
2026-02-13 01:57:25,068 - INFO - Captured activation for layer: layer3.5.conv2, activation shape: torch.Size([32, 256, 14, 14])
2026-02-13 01:57:25,074 - INFO - Captured activation for layer: layer3.5.conv2,                 activation shape: torch.Size([32, 256, 14, 14])
2026-02-13 01:57:25,080 - INFO - Captured activation for layer: layer3.5.conv2, activation shape: torch.Size([32, 256, 14, 14])
2026-02-13 01:57:25,086 - INFO - Captured activation for layer: layer3.5.conv2,                 activation shape: torch.Size([32, 256, 14, 14])
2026-02-13 01:57:25,092 - INFO - Captured activation for layer: layer3.5.conv2, activation shape: torch.Size([32, 256, 14, 14])
2026-02-13 01:57:25,098 - INFO - Captured activation for layer: layer3.5.conv2,                 activation shape: torch.Size([32, 256, 14, 14])
2026-02-13 01:57:25,104 - INFO - Captured activation for layer: layer3.5.conv2, activation shape: torch.Size([32, 256, 14, 14])
2026-02-13 01:57:25,110 - INFO - Captured activation for layer: layer3.5.conv2,                 activation shape: torch.Size([32, 256, 14, 14])
2026-02-13 01:57:25,116 - INFO - Captured activation for layer: layer3.5.conv2, activation shape: torch.Size([32, 256, 14, 14])
2026-02-13 01:57:25,122 - INFO - Captured activation for layer: layer3.5.conv2,                 activation shape: torch.Size([32, 256, 14, 14])
2026-02-13 01:57:25,128 - INFO - Captured activation for layer: layer3.5.conv2, activation shape: torch.Size([32, 256, 14, 14])
2026-02-13 01:57:25,134 - INFO - Captured activation for layer: layer3.5.conv2,                 activation shape: torch.Size([32, 256, 14, 14])
2026-02-13 01:57:25,140 - INFO - Captured activation for layer: layer3.5.conv2, activation shape: torch.Size([32, 256, 14, 14])
2026-02-13 01:57:25,146 - INFO - Captured activation for layer: layer3.5.conv2,                 activation shape: torch.Size([32, 256, 14, 14])
2026-02-13 01:57:25,153 - INFO - Captured activation for layer: layer3.5.conv2, activation shape: torch.Size([32, 256, 14, 14])
2026-02-13 01:57:25,158 - INFO - Captured activation for layer: layer3.5.conv2,                 activation shape: torch.Size([32, 256, 14, 14])
2026-02-13 01:57:25,165 - INFO - Captured activation for layer: layer3.5.conv2, activation shape: torch.Size([32, 256, 14, 14])
2026-02-13 01:57:25,171 - INFO - Captured activation for layer: layer3.5.conv2,                 activation shape: torch.Size([32, 256, 14, 14])
2026-02-13 01:57:25,177 - INFO - Captured activation for layer: layer3.5.conv2, activation shape: torch.Size([32, 256, 14, 14])
2026-02-13 01:57:25,183 - INFO - Captured activation for layer: layer3.5.conv2,                 activation shape: torch.Size([32, 256, 14, 14])
2026-02-13 01:57:25,189 - INFO - Captured activation for layer: layer3.5.conv2, activation shape: torch.Size([32, 256, 14, 14])
2026-02-13 01:57:25,195 - INFO - Captured activation for layer: layer3.5.conv2,                 activation shape: torch.Size([32, 256, 14, 14])
2026-02-13 01:57:25,201 - INFO - Captured activation for layer: layer3.5.conv2, activation shape: torch.Size([32, 256, 14, 14])
2026-02-13 01:57:25,207 - INFO - Captured activation for layer: layer3.5.conv2,                 activation shape: torch.Size([32, 256, 14, 14])
2026-02-13 01:57:25,213 - INFO - Captured activation for layer: layer3.5.conv2, activation shape: torch.Size([32, 256, 14, 14])
2026-02-13 01:57:25,219 - INFO - Captured activation for layer: layer3.5.conv2,                 activation shape: torch.Size([32, 256, 14, 14])
2026-02-13 01:57:25,225 - INFO - Captured activation for layer: layer3.5.conv2, activation shape: torch.Size([32, 256, 14, 14])
2026-02-13 01:57:25,231 - INFO - Captured activation for layer: layer3.5.conv2,                 activation shape: torch.Size([32, 256, 14, 14])
2026-02-13 01:57:25,237 - INFO - Captured activation for layer: layer3.5.conv2, activation shape: torch.Size([32, 256, 14, 14])
2026-02-13 01:57:25,243 - INFO - Captured activation for layer: layer3.5.conv2,                 activation shape: torch.Size([32, 256, 14, 14])
2026-02-13 01:57:25,249 - INFO - Captured activation for layer: layer3.5.conv2, activation shape: torch.Size([32, 256, 14, 14])
2026-02-13 01:57:25,255 - INFO - Captured activation for layer: layer3.5.conv2,                 activation shape: torch.Size([32, 256, 14, 14])
2026-02-13 01:57:25,261 - INFO - Captured activation for layer: layer3.5.conv2, activation shape: torch.Size([32, 256, 14, 14])
2026-02-13 01:57:25,267 - INFO - Captured activation for layer: layer3.5.conv2,                 activation shape: torch.Size([32, 256, 14, 14])
2026-02-13 01:57:25,273 - INFO - Captured activation for layer: layer3.5.conv2, activation shape: torch.Size([32, 256, 14, 14])
2026-02-13 01:57:25,279 - INFO - Captured activation for layer: layer3.5.conv2,                 activation shape: torch.Size([32, 256, 14, 14])
2026-02-13 01:57:25,285 - INFO - Captured activation for layer: layer3.5.conv2, activation shape: torch.Size([32, 256, 14, 14])
2026-02-13 01:57:25,291 - INFO - Captured activation for layer: layer3.5.conv2,                 activation shape: torch.Size([32, 256, 14, 14])
2026-02-13 01:57:25,297 - INFO - Captured activation for layer: layer3.5.conv2, activation shape: torch.Size([32, 256, 14, 14])
2026-02-13 01:57:25,304 - INFO - Captured activation for layer: layer3.5.conv2,                 activation shape: torch.Size([32, 256, 14, 14])
2026-02-13 01:57:25,311 - INFO - Captured activation for layer: layer3.5.conv2, activation shape: torch.Size([32, 256, 14, 14])
2026-02-13 01:57:25,321 - INFO - Captured activation for layer: layer3.5.conv2,                 activation shape: torch.Size([32, 256, 14, 14])
2026-02-13 01:57:25,334 - INFO - Captured activation for layer: layer3.5.conv2, activation shape: torch.Size([32, 256, 14, 14])
2026-02-13 01:57:25,347 - INFO - Captured activation for layer: layer3.5.conv2,                 activation shape: torch.Size([32, 256, 14, 14])
2026-02-13 01:57:25,361 - INFO - Captured activation for layer: layer3.5.conv2, activation shape: torch.Size([32, 256, 14, 14])
2026-02-13 01:57:25,374 - INFO - Captured activation for layer: layer3.5.conv2,                 activation shape: torch.Size([32, 256, 14, 14])
2026-02-13 01:57:25,387 - INFO - Captured activation for layer: layer3.5.conv2, activation shape: torch.Size([32, 256, 14, 14])
2026-02-13 01:57:25,401 - INFO - Captured activation for layer: layer3.5.conv2,                 activation shape: torch.Size([32, 256, 14, 14])
2026-02-13 01:57:25,414 - INFO - Captured activation for layer: layer3.5.conv2, activation shape: torch.Size([32, 256, 14, 14])
2026-02-13 01:57:25,428 - INFO - Captured activation for layer: layer3.5.conv2,                 activation shape: torch.Size([32, 256, 14, 14])
2026-02-13 01:57:25,441 - INFO - Captured activation for layer: layer3.5.conv2, activation shape: torch.Size([32, 256, 14, 14])
2026-02-13 01:57:25,454 - INFO - Captured activation for layer: layer3.5.conv2,                 activation shape: torch.Size([32, 256, 14, 14])
2026-02-13 01:57:25,467 - INFO - Captured activation for layer: layer3.5.conv2, activation shape: torch.Size([32, 256, 14, 14])
2026-02-13 01:57:25,479 - INFO - Captured activation for layer: layer3.5.conv2,                 activation shape: torch.Size([32, 256, 14, 14])
2026-02-13 01:57:25,486 - INFO - Captured activation for layer: layer3.5.conv2, activation shape: torch.Size([32, 256, 14, 14])
2026-02-13 01:57:25,495 - INFO - Captured activation for layer: layer3.5.conv2,                 activation shape: torch.Size([32, 256, 14, 14])
2026-02-13 01:57:25,501 - INFO - Captured activation for layer: layer3.5.conv2, activation shape: torch.Size([32, 256, 14, 14])
2026-02-13 01:57:25,515 - INFO - Captured activation for layer: layer3.5.conv2,                 activation shape: torch.Size([32, 256, 14, 14])
2026-02-13 01:57:25,528 - INFO - Captured activation for layer: layer3.5.conv2, activation shape: torch.Size([32, 256, 14, 14])
2026-02-13 01:57:25,541 - INFO - Captured activation for layer: layer3.5.conv2,                 activation shape: torch.Size([32, 256, 14, 14])
2026-02-13 01:57:25,555 - INFO - Captured activation for layer: layer3.5.conv2, activation shape: torch.Size([32, 256, 14, 14])
2026-02-13 01:57:25,568 - INFO - Captured activation for layer: layer3.5.conv2,                 activation shape: torch.Size([32, 256, 14, 14])
2026-02-13 01:57:25,581 - INFO - Captured activation for layer: layer3.5.conv2, activation shape: torch.Size([32, 256, 14, 14])
2026-02-13 01:57:25,595 - INFO - Captured activation for layer: layer3.5.conv2,                 activation shape: torch.Size([32, 256, 14, 14])
2026-02-13 01:57:25,608 - INFO - Captured activation for layer: layer3.5.conv2, activation shape: torch.Size([32, 256, 14, 14])
2026-02-13 01:57:25,622 - INFO - Captured activation for layer: layer3.5.conv2,                 activation shape: torch.Size([32, 256, 14, 14])
2026-02-13 01:57:25,635 - INFO - Captured activation for layer: layer3.5.conv2, activation shape: torch.Size([32, 256, 14, 14])
2026-02-13 01:57:25,648 - INFO - Captured activation for layer: layer3.5.conv2,                 activation shape: torch.Size([32, 256, 14, 14])
2026-02-13 01:57:25,662 - INFO - Captured activation for layer: layer3.5.conv2, activation shape: torch.Size([32, 256, 14, 14])
2026-02-13 01:57:25,675 - INFO - Captured activation for layer: layer3.5.conv2,                 activation shape: torch.Size([32, 256, 14, 14])
2026-02-13 01:57:25,689 - INFO - Captured activation for layer: layer3.5.conv2, activation shape: torch.Size([32, 256, 14, 14])
2026-02-13 01:57:25,702 - INFO - Captured activation for layer: layer3.5.conv2,                 activation shape: torch.Size([32, 256, 14, 14])
2026-02-13 01:57:25,716 - INFO - Captured activation for layer: layer3.5.conv2, activation shape: torch.Size([32, 256, 14, 14])
2026-02-13 01:57:25,729 - INFO - Captured activation for layer: layer3.5.conv2,                 activation shape: torch.Size([32, 256, 14, 14])
2026-02-13 01:57:25,743 - INFO - Captured activation for layer: layer3.5.conv2, activation shape: torch.Size([32, 256, 14, 14])
2026-02-13 01:57:25,756 - INFO - Captured activation for layer: layer3.5.conv2,                 activation shape: torch.Size([32, 256, 14, 14])
2026-02-13 01:57:25,769 - INFO - Captured activation for layer: layer3.5.conv2, activation shape: torch.Size([32, 256, 14, 14])
2026-02-13 01:57:25,783 - INFO - Captured activation for layer: layer3.5.conv2,                 activation shape: torch.Size([32, 256, 14, 14])
2026-02-13 01:57:25,796 - INFO - Captured activation for layer: layer3.5.conv2, activation shape: torch.Size([32, 256, 14, 14])
2026-02-13 01:57:25,809 - INFO - Captured activation for layer: layer3.5.conv2,                 activation shape: torch.Size([32, 256, 14, 14])
2026-02-13 01:57:25,823 - INFO - Captured activation for layer: layer3.5.conv2, activation shape: torch.Size([32, 256, 14, 14])
2026-02-13 01:57:25,836 - INFO - Captured activation for layer: layer3.5.conv2,                 activation shape: torch.Size([32, 256, 14, 14])
2026-02-13 01:57:25,850 - INFO - Captured activation for layer: layer3.5.conv2, activation shape: torch.Size([32, 256, 14, 14])
2026-02-13 01:57:25,863 - INFO - Captured activation for layer: layer3.5.conv2,                 activation shape: torch.Size([32, 256, 14, 14])
2026-02-13 01:57:25,876 - INFO - Captured activation for layer: layer3.5.conv2, activation shape: torch.Size([32, 256, 14, 14])
2026-02-13 01:57:25,890 - INFO - Captured activation for layer: layer3.5.conv2,                 activation shape: torch.Size([32, 256, 14, 14])
2026-02-13 01:57:25,903 - INFO - Captured activation for layer: layer3.5.conv2, activation shape: torch.Size([32, 256, 14, 14])
2026-02-13 01:57:25,916 - INFO - Captured activation for layer: layer3.5.conv2,                 activation shape: torch.Size([32, 256, 14, 14])
2026-02-13 01:57:25,930 - INFO - Captured activation for layer: layer3.5.conv2, activation shape: torch.Size([32, 256, 14, 14])
2026-02-13 01:57:25,943 - INFO - Captured activation for layer: layer3.5.conv2,                 activation shape: torch.Size([32, 256, 14, 14])
2026-02-13 01:57:25,951 - INFO - Captured activation for layer: layer3.5.conv2, activation shape: torch.Size([32, 256, 14, 14])
2026-02-13 01:57:25,958 - INFO - Captured activation for layer: layer3.5.conv2,                 activation shape: torch.Size([32, 256, 14, 14])
2026-02-13 01:57:25,964 - INFO - Captured activation for layer: layer3.5.conv2, activation shape: torch.Size([32, 256, 14, 14])
2026-02-13 01:57:25,970 - INFO - Captured activation for layer: layer3.5.conv2,                 activation shape: torch.Size([32, 256, 14, 14])
2026-02-13 01:57:25,976 - INFO - Captured activation for layer: layer3.5.conv2, activation shape: torch.Size([32, 256, 14, 14])
2026-02-13 01:57:25,976 - INFO - Stacked activations shape for layer layer3.5.conv2: torch.Size([2112, 256, 14, 14])
2026-02-13 01:57:25,977 - INFO - Added Gaussian noise with std: 0.001
2026-02-13 01:57:26,036 - INFO - Perturbed activation  values: tensor([-0.0375, -0.0532, -0.0517,  ..., -0.0303, -0.1164,  0.0034],
       device='cuda:0')
2026-02-13 01:57:26,037 - INFO - Standard deviation of activations for layer layer3.5.conv2: 0.0914
2026-02-13 01:57:26,037 - INFO - Checking normality of activations for layer layer3.5.conv2 using Shapiro-Wilk test.
2026-02-13 01:57:29,266 - INFO - Shapiro-Wilk test: statistic=0.8754, p-value=5.4960e-53
2026-02-13 01:57:29,267 - INFO - Normally distributed: False
2026-02-13 01:57:29,267 - INFO - Perturbed activation shape: torch.Size([2112, 256, 14, 14]), Std activation shape: torch.Size([1, 256, 14, 14])
2026-02-13 01:57:29,286 - INFO - Std activation sample values: tensor([0.1891, 0.2500, 0.2434, 0.2075, 0.2161], device='cuda:0')
2026-02-13 01:57:29,287 - INFO - Target layer found: layer4.2.conv3
2026-02-13 01:57:29,290 - INFO - Captured activation for layer: layer4.2.conv3,                 activation shape: torch.Size([32, 2048, 7, 7])
2026-02-13 01:57:29,290 - INFO - Captured activation for layer: layer4.2.conv3, activation shape: torch.Size([32, 2048, 7, 7])
2026-02-13 01:57:29,292 - INFO - Captured activation for layer: layer4.2.conv3,                 activation shape: torch.Size([32, 2048, 7, 7])
2026-02-13 01:57:29,292 - INFO - Captured activation for layer: layer4.2.conv3, activation shape: torch.Size([32, 2048, 7, 7])
2026-02-13 01:57:29,294 - INFO - Captured activation for layer: layer4.2.conv3,                 activation shape: torch.Size([32, 2048, 7, 7])
2026-02-13 01:57:29,294 - INFO - Captured activation for layer: layer4.2.conv3, activation shape: torch.Size([32, 2048, 7, 7])
2026-02-13 01:57:29,296 - INFO - Captured activation for layer: layer4.2.conv3,                 activation shape: torch.Size([32, 2048, 7, 7])
2026-02-13 01:57:29,296 - INFO - Captured activation for layer: layer4.2.conv3, activation shape: torch.Size([32, 2048, 7, 7])
2026-02-13 01:57:29,310 - INFO - Captured activation for layer: layer4.2.conv3,                 activation shape: torch.Size([32, 2048, 7, 7])
2026-02-13 01:57:29,311 - INFO - Captured activation for layer: layer4.2.conv3, activation shape: torch.Size([32, 2048, 7, 7])
2026-02-13 01:57:29,337 - INFO - Captured activation for layer: layer4.2.conv3,                 activation shape: torch.Size([32, 2048, 7, 7])
2026-02-13 01:57:29,338 - INFO - Captured activation for layer: layer4.2.conv3, activation shape: torch.Size([32, 2048, 7, 7])
2026-02-13 01:57:29,358 - INFO - Captured activation for layer: layer4.2.conv3,                 activation shape: torch.Size([32, 2048, 7, 7])
2026-02-13 01:57:29,358 - INFO - Captured activation for layer: layer4.2.conv3, activation shape: torch.Size([32, 2048, 7, 7])
2026-02-13 01:57:29,370 - INFO - Captured activation for layer: layer4.2.conv3,                 activation shape: torch.Size([32, 2048, 7, 7])
2026-02-13 01:57:29,370 - INFO - Captured activation for layer: layer4.2.conv3, activation shape: torch.Size([32, 2048, 7, 7])
2026-02-13 01:57:29,382 - INFO - Captured activation for layer: layer4.2.conv3,                 activation shape: torch.Size([32, 2048, 7, 7])
2026-02-13 01:57:29,383 - INFO - Captured activation for layer: layer4.2.conv3, activation shape: torch.Size([32, 2048, 7, 7])
2026-02-13 01:57:29,394 - INFO - Captured activation for layer: layer4.2.conv3,                 activation shape: torch.Size([32, 2048, 7, 7])
2026-02-13 01:57:29,395 - INFO - Captured activation for layer: layer4.2.conv3, activation shape: torch.Size([32, 2048, 7, 7])
2026-02-13 01:57:29,406 - INFO - Captured activation for layer: layer4.2.conv3,                 activation shape: torch.Size([32, 2048, 7, 7])
2026-02-13 01:57:29,407 - INFO - Captured activation for layer: layer4.2.conv3, activation shape: torch.Size([32, 2048, 7, 7])
2026-02-13 01:57:29,419 - INFO - Captured activation for layer: layer4.2.conv3,                 activation shape: torch.Size([32, 2048, 7, 7])
2026-02-13 01:57:29,420 - INFO - Captured activation for layer: layer4.2.conv3, activation shape: torch.Size([32, 2048, 7, 7])
2026-02-13 01:57:29,431 - INFO - Captured activation for layer: layer4.2.conv3,                 activation shape: torch.Size([32, 2048, 7, 7])
2026-02-13 01:57:29,432 - INFO - Captured activation for layer: layer4.2.conv3, activation shape: torch.Size([32, 2048, 7, 7])
2026-02-13 01:57:29,444 - INFO - Captured activation for layer: layer4.2.conv3,                 activation shape: torch.Size([32, 2048, 7, 7])
2026-02-13 01:57:29,444 - INFO - Captured activation for layer: layer4.2.conv3, activation shape: torch.Size([32, 2048, 7, 7])
2026-02-13 01:57:29,456 - INFO - Captured activation for layer: layer4.2.conv3,                 activation shape: torch.Size([32, 2048, 7, 7])
2026-02-13 01:57:29,456 - INFO - Captured activation for layer: layer4.2.conv3, activation shape: torch.Size([32, 2048, 7, 7])
2026-02-13 01:57:29,468 - INFO - Captured activation for layer: layer4.2.conv3,                 activation shape: torch.Size([32, 2048, 7, 7])
2026-02-13 01:57:29,468 - INFO - Captured activation for layer: layer4.2.conv3, activation shape: torch.Size([32, 2048, 7, 7])
2026-02-13 01:57:29,480 - INFO - Captured activation for layer: layer4.2.conv3,                 activation shape: torch.Size([32, 2048, 7, 7])
2026-02-13 01:57:29,480 - INFO - Captured activation for layer: layer4.2.conv3, activation shape: torch.Size([32, 2048, 7, 7])
2026-02-13 01:57:29,492 - INFO - Captured activation for layer: layer4.2.conv3,                 activation shape: torch.Size([32, 2048, 7, 7])
2026-02-13 01:57:29,493 - INFO - Captured activation for layer: layer4.2.conv3, activation shape: torch.Size([32, 2048, 7, 7])
2026-02-13 01:57:29,504 - INFO - Captured activation for layer: layer4.2.conv3,                 activation shape: torch.Size([32, 2048, 7, 7])
2026-02-13 01:57:29,505 - INFO - Captured activation for layer: layer4.2.conv3, activation shape: torch.Size([32, 2048, 7, 7])
2026-02-13 01:57:29,516 - INFO - Captured activation for layer: layer4.2.conv3,                 activation shape: torch.Size([32, 2048, 7, 7])
2026-02-13 01:57:29,517 - INFO - Captured activation for layer: layer4.2.conv3, activation shape: torch.Size([32, 2048, 7, 7])
2026-02-13 01:57:29,528 - INFO - Captured activation for layer: layer4.2.conv3,                 activation shape: torch.Size([32, 2048, 7, 7])
2026-02-13 01:57:29,529 - INFO - Captured activation for layer: layer4.2.conv3, activation shape: torch.Size([32, 2048, 7, 7])
2026-02-13 01:57:29,540 - INFO - Captured activation for layer: layer4.2.conv3,                 activation shape: torch.Size([32, 2048, 7, 7])
2026-02-13 01:57:29,541 - INFO - Captured activation for layer: layer4.2.conv3, activation shape: torch.Size([32, 2048, 7, 7])
2026-02-13 01:57:29,552 - INFO - Captured activation for layer: layer4.2.conv3,                 activation shape: torch.Size([32, 2048, 7, 7])
2026-02-13 01:57:29,553 - INFO - Captured activation for layer: layer4.2.conv3, activation shape: torch.Size([32, 2048, 7, 7])
2026-02-13 01:57:29,564 - INFO - Captured activation for layer: layer4.2.conv3,                 activation shape: torch.Size([32, 2048, 7, 7])
2026-02-13 01:57:29,565 - INFO - Captured activation for layer: layer4.2.conv3, activation shape: torch.Size([32, 2048, 7, 7])
2026-02-13 01:57:29,576 - INFO - Captured activation for layer: layer4.2.conv3,                 activation shape: torch.Size([32, 2048, 7, 7])
2026-02-13 01:57:29,577 - INFO - Captured activation for layer: layer4.2.conv3, activation shape: torch.Size([32, 2048, 7, 7])
2026-02-13 01:57:29,588 - INFO - Captured activation for layer: layer4.2.conv3,                 activation shape: torch.Size([32, 2048, 7, 7])
2026-02-13 01:57:29,589 - INFO - Captured activation for layer: layer4.2.conv3, activation shape: torch.Size([32, 2048, 7, 7])
2026-02-13 01:57:29,601 - INFO - Captured activation for layer: layer4.2.conv3,                 activation shape: torch.Size([32, 2048, 7, 7])
2026-02-13 01:57:29,601 - INFO - Captured activation for layer: layer4.2.conv3, activation shape: torch.Size([32, 2048, 7, 7])
2026-02-13 01:57:29,613 - INFO - Captured activation for layer: layer4.2.conv3,                 activation shape: torch.Size([32, 2048, 7, 7])
2026-02-13 01:57:29,613 - INFO - Captured activation for layer: layer4.2.conv3, activation shape: torch.Size([32, 2048, 7, 7])
2026-02-13 01:57:29,625 - INFO - Captured activation for layer: layer4.2.conv3,                 activation shape: torch.Size([32, 2048, 7, 7])
2026-02-13 01:57:29,625 - INFO - Captured activation for layer: layer4.2.conv3, activation shape: torch.Size([32, 2048, 7, 7])
2026-02-13 01:57:29,637 - INFO - Captured activation for layer: layer4.2.conv3,                 activation shape: torch.Size([32, 2048, 7, 7])
2026-02-13 01:57:29,637 - INFO - Captured activation for layer: layer4.2.conv3, activation shape: torch.Size([32, 2048, 7, 7])
2026-02-13 01:57:29,649 - INFO - Captured activation for layer: layer4.2.conv3,                 activation shape: torch.Size([32, 2048, 7, 7])
2026-02-13 01:57:29,650 - INFO - Captured activation for layer: layer4.2.conv3, activation shape: torch.Size([32, 2048, 7, 7])
2026-02-13 01:57:29,661 - INFO - Captured activation for layer: layer4.2.conv3,                 activation shape: torch.Size([32, 2048, 7, 7])
2026-02-13 01:57:29,662 - INFO - Captured activation for layer: layer4.2.conv3, activation shape: torch.Size([32, 2048, 7, 7])
2026-02-13 01:57:29,673 - INFO - Captured activation for layer: layer4.2.conv3,                 activation shape: torch.Size([32, 2048, 7, 7])
2026-02-13 01:57:29,674 - INFO - Captured activation for layer: layer4.2.conv3, activation shape: torch.Size([32, 2048, 7, 7])
2026-02-13 01:57:29,685 - INFO - Captured activation for layer: layer4.2.conv3,                 activation shape: torch.Size([32, 2048, 7, 7])
2026-02-13 01:57:29,686 - INFO - Captured activation for layer: layer4.2.conv3, activation shape: torch.Size([32, 2048, 7, 7])
2026-02-13 01:57:29,697 - INFO - Captured activation for layer: layer4.2.conv3,                 activation shape: torch.Size([32, 2048, 7, 7])
2026-02-13 01:57:29,698 - INFO - Captured activation for layer: layer4.2.conv3, activation shape: torch.Size([32, 2048, 7, 7])
2026-02-13 01:57:29,709 - INFO - Captured activation for layer: layer4.2.conv3,                 activation shape: torch.Size([32, 2048, 7, 7])
2026-02-13 01:57:29,710 - INFO - Captured activation for layer: layer4.2.conv3, activation shape: torch.Size([32, 2048, 7, 7])
2026-02-13 01:57:29,721 - INFO - Captured activation for layer: layer4.2.conv3,                 activation shape: torch.Size([32, 2048, 7, 7])
2026-02-13 01:57:29,722 - INFO - Captured activation for layer: layer4.2.conv3, activation shape: torch.Size([32, 2048, 7, 7])
2026-02-13 01:57:29,733 - INFO - Captured activation for layer: layer4.2.conv3,                 activation shape: torch.Size([32, 2048, 7, 7])
2026-02-13 01:57:29,734 - INFO - Captured activation for layer: layer4.2.conv3, activation shape: torch.Size([32, 2048, 7, 7])
2026-02-13 01:57:29,745 - INFO - Captured activation for layer: layer4.2.conv3,                 activation shape: torch.Size([32, 2048, 7, 7])
2026-02-13 01:57:29,746 - INFO - Captured activation for layer: layer4.2.conv3, activation shape: torch.Size([32, 2048, 7, 7])
2026-02-13 01:57:29,757 - INFO - Captured activation for layer: layer4.2.conv3,                 activation shape: torch.Size([32, 2048, 7, 7])
2026-02-13 01:57:29,758 - INFO - Captured activation for layer: layer4.2.conv3, activation shape: torch.Size([32, 2048, 7, 7])
2026-02-13 01:57:29,769 - INFO - Captured activation for layer: layer4.2.conv3,                 activation shape: torch.Size([32, 2048, 7, 7])
2026-02-13 01:57:29,770 - INFO - Captured activation for layer: layer4.2.conv3, activation shape: torch.Size([32, 2048, 7, 7])
2026-02-13 01:57:29,781 - INFO - Captured activation for layer: layer4.2.conv3,                 activation shape: torch.Size([32, 2048, 7, 7])
2026-02-13 01:57:29,782 - INFO - Captured activation for layer: layer4.2.conv3, activation shape: torch.Size([32, 2048, 7, 7])
2026-02-13 01:57:29,793 - INFO - Captured activation for layer: layer4.2.conv3,                 activation shape: torch.Size([32, 2048, 7, 7])
2026-02-13 01:57:29,794 - INFO - Captured activation for layer: layer4.2.conv3, activation shape: torch.Size([32, 2048, 7, 7])
2026-02-13 01:57:29,805 - INFO - Captured activation for layer: layer4.2.conv3,                 activation shape: torch.Size([32, 2048, 7, 7])
2026-02-13 01:57:29,806 - INFO - Captured activation for layer: layer4.2.conv3, activation shape: torch.Size([32, 2048, 7, 7])
2026-02-13 01:57:29,817 - INFO - Captured activation for layer: layer4.2.conv3,                 activation shape: torch.Size([32, 2048, 7, 7])
2026-02-13 01:57:29,818 - INFO - Captured activation for layer: layer4.2.conv3, activation shape: torch.Size([32, 2048, 7, 7])
2026-02-13 01:57:29,829 - INFO - Captured activation for layer: layer4.2.conv3,                 activation shape: torch.Size([32, 2048, 7, 7])
2026-02-13 01:57:29,830 - INFO - Captured activation for layer: layer4.2.conv3, activation shape: torch.Size([32, 2048, 7, 7])
2026-02-13 01:57:29,841 - INFO - Captured activation for layer: layer4.2.conv3,                 activation shape: torch.Size([32, 2048, 7, 7])
2026-02-13 01:57:29,842 - INFO - Captured activation for layer: layer4.2.conv3, activation shape: torch.Size([32, 2048, 7, 7])
2026-02-13 01:57:29,853 - INFO - Captured activation for layer: layer4.2.conv3,                 activation shape: torch.Size([32, 2048, 7, 7])
2026-02-13 01:57:29,854 - INFO - Captured activation for layer: layer4.2.conv3, activation shape: torch.Size([32, 2048, 7, 7])
2026-02-13 01:57:29,865 - INFO - Captured activation for layer: layer4.2.conv3,                 activation shape: torch.Size([32, 2048, 7, 7])
2026-02-13 01:57:29,866 - INFO - Captured activation for layer: layer4.2.conv3, activation shape: torch.Size([32, 2048, 7, 7])
2026-02-13 01:57:29,878 - INFO - Captured activation for layer: layer4.2.conv3,                 activation shape: torch.Size([32, 2048, 7, 7])
2026-02-13 01:57:29,878 - INFO - Captured activation for layer: layer4.2.conv3, activation shape: torch.Size([32, 2048, 7, 7])
2026-02-13 01:57:29,890 - INFO - Captured activation for layer: layer4.2.conv3,                 activation shape: torch.Size([32, 2048, 7, 7])
2026-02-13 01:57:29,890 - INFO - Captured activation for layer: layer4.2.conv3, activation shape: torch.Size([32, 2048, 7, 7])
2026-02-13 01:57:29,902 - INFO - Captured activation for layer: layer4.2.conv3,                 activation shape: torch.Size([32, 2048, 7, 7])
2026-02-13 01:57:29,902 - INFO - Captured activation for layer: layer4.2.conv3, activation shape: torch.Size([32, 2048, 7, 7])
2026-02-13 01:57:29,914 - INFO - Captured activation for layer: layer4.2.conv3,                 activation shape: torch.Size([32, 2048, 7, 7])
2026-02-13 01:57:29,914 - INFO - Captured activation for layer: layer4.2.conv3, activation shape: torch.Size([32, 2048, 7, 7])
2026-02-13 01:57:29,926 - INFO - Captured activation for layer: layer4.2.conv3,                 activation shape: torch.Size([32, 2048, 7, 7])
2026-02-13 01:57:29,926 - INFO - Captured activation for layer: layer4.2.conv3, activation shape: torch.Size([32, 2048, 7, 7])
2026-02-13 01:57:29,938 - INFO - Captured activation for layer: layer4.2.conv3,                 activation shape: torch.Size([32, 2048, 7, 7])
2026-02-13 01:57:29,938 - INFO - Captured activation for layer: layer4.2.conv3, activation shape: torch.Size([32, 2048, 7, 7])
2026-02-13 01:57:29,950 - INFO - Captured activation for layer: layer4.2.conv3,                 activation shape: torch.Size([32, 2048, 7, 7])
2026-02-13 01:57:29,950 - INFO - Captured activation for layer: layer4.2.conv3, activation shape: torch.Size([32, 2048, 7, 7])
2026-02-13 01:57:29,962 - INFO - Captured activation for layer: layer4.2.conv3,                 activation shape: torch.Size([32, 2048, 7, 7])
2026-02-13 01:57:29,962 - INFO - Captured activation for layer: layer4.2.conv3, activation shape: torch.Size([32, 2048, 7, 7])
2026-02-13 01:57:29,974 - INFO - Captured activation for layer: layer4.2.conv3,                 activation shape: torch.Size([32, 2048, 7, 7])
2026-02-13 01:57:29,974 - INFO - Captured activation for layer: layer4.2.conv3, activation shape: torch.Size([32, 2048, 7, 7])
2026-02-13 01:57:29,986 - INFO - Captured activation for layer: layer4.2.conv3,                 activation shape: torch.Size([32, 2048, 7, 7])
2026-02-13 01:57:29,986 - INFO - Captured activation for layer: layer4.2.conv3, activation shape: torch.Size([32, 2048, 7, 7])
2026-02-13 01:57:29,998 - INFO - Captured activation for layer: layer4.2.conv3,                 activation shape: torch.Size([32, 2048, 7, 7])
2026-02-13 01:57:29,998 - INFO - Captured activation for layer: layer4.2.conv3, activation shape: torch.Size([32, 2048, 7, 7])
2026-02-13 01:57:30,010 - INFO - Captured activation for layer: layer4.2.conv3,                 activation shape: torch.Size([32, 2048, 7, 7])
2026-02-13 01:57:30,010 - INFO - Captured activation for layer: layer4.2.conv3, activation shape: torch.Size([32, 2048, 7, 7])
2026-02-13 01:57:30,022 - INFO - Captured activation for layer: layer4.2.conv3,                 activation shape: torch.Size([32, 2048, 7, 7])
2026-02-13 01:57:30,022 - INFO - Captured activation for layer: layer4.2.conv3, activation shape: torch.Size([32, 2048, 7, 7])
2026-02-13 01:57:30,034 - INFO - Captured activation for layer: layer4.2.conv3,                 activation shape: torch.Size([32, 2048, 7, 7])
2026-02-13 01:57:30,034 - INFO - Captured activation for layer: layer4.2.conv3, activation shape: torch.Size([32, 2048, 7, 7])
2026-02-13 01:57:30,046 - INFO - Captured activation for layer: layer4.2.conv3,                 activation shape: torch.Size([32, 2048, 7, 7])
2026-02-13 01:57:30,046 - INFO - Captured activation for layer: layer4.2.conv3, activation shape: torch.Size([32, 2048, 7, 7])
2026-02-13 01:57:30,058 - INFO - Captured activation for layer: layer4.2.conv3,                 activation shape: torch.Size([32, 2048, 7, 7])
2026-02-13 01:57:30,059 - INFO - Captured activation for layer: layer4.2.conv3, activation shape: torch.Size([32, 2048, 7, 7])
2026-02-13 01:57:30,070 - INFO - Captured activation for layer: layer4.2.conv3,                 activation shape: torch.Size([32, 2048, 7, 7])
2026-02-13 01:57:30,071 - INFO - Captured activation for layer: layer4.2.conv3, activation shape: torch.Size([32, 2048, 7, 7])
2026-02-13 01:57:30,071 - INFO - Stacked activations shape for layer layer4.2.conv3: torch.Size([2112, 2048, 7, 7])
2026-02-13 01:57:30,072 - INFO - Added Gaussian noise with std: 0.001
2026-02-13 01:57:30,203 - INFO - Perturbed activation  values: tensor([-0.0124, -0.0098, -0.0020,  ..., -0.0169, -0.0118, -0.0018],
       device='cuda:0')
2026-02-13 01:57:30,204 - INFO - Standard deviation of activations for layer layer4.2.conv3: 0.0117
2026-02-13 01:57:30,204 - INFO - Checking normality of activations for layer layer4.2.conv3 using Shapiro-Wilk test.
2026-02-13 01:57:36,824 - INFO - Shapiro-Wilk test: statistic=0.9319, p-value=5.6797e-43
2026-02-13 01:57:36,824 - INFO - Normally distributed: False
2026-02-13 01:57:36,825 - INFO - Perturbed activation shape: torch.Size([2112, 2048, 7, 7]), Std activation shape: torch.Size([1, 2048, 7, 7])
2026-02-13 01:57:36,826 - INFO - Std activation sample values: tensor([0.0118, 0.0109, 0.0100, 0.0091, 0.0093], device='cuda:0')
2026-02-13 01:57:36,833 - INFO - Applying perturbation for layer: layer3.5.conv2, original output shape: torch.Size([32, 256, 14, 14]), perturbed activation shape: torch.Size([2112, 256, 14, 14])
2026-02-13 01:57:36,834 - INFO - Applying perturbation for layer: layer4.2.conv3, original output shape: torch.Size([32, 2048, 7, 7]), perturbed activation shape: torch.Size([2112, 2048, 7, 7])
2026-02-13 01:57:36,838 - INFO - Applying perturbation for layer: layer3.5.conv2, original output shape: torch.Size([32, 256, 14, 14]), perturbed activation shape: torch.Size([2112, 256, 14, 14])
2026-02-13 01:57:36,838 - INFO - Applying perturbation for layer: layer4.2.conv3, original output shape: torch.Size([32, 2048, 7, 7]), perturbed activation shape: torch.Size([2112, 2048, 7, 7])
2026-02-13 01:57:36,844 - INFO - Applying perturbation for layer: layer3.5.conv2, original output shape: torch.Size([32, 256, 14, 14]), perturbed activation shape: torch.Size([2112, 256, 14, 14])
2026-02-13 01:57:36,850 - INFO - Applying perturbation for layer: layer4.2.conv3, original output shape: torch.Size([32, 2048, 7, 7]), perturbed activation shape: torch.Size([2112, 2048, 7, 7])
2026-02-13 01:57:36,870 - INFO - Applying perturbation for layer: layer3.5.conv2, original output shape: torch.Size([32, 256, 14, 14]), perturbed activation shape: torch.Size([2112, 256, 14, 14])
2026-02-13 01:57:36,875 - INFO - Applying perturbation for layer: layer4.2.conv3, original output shape: torch.Size([32, 2048, 7, 7]), perturbed activation shape: torch.Size([2112, 2048, 7, 7])
2026-02-13 01:57:36,896 - INFO - Applying perturbation for layer: layer3.5.conv2, original output shape: torch.Size([32, 256, 14, 14]), perturbed activation shape: torch.Size([2112, 256, 14, 14])
2026-02-13 01:57:36,906 - INFO - Applying perturbation for layer: layer4.2.conv3, original output shape: torch.Size([32, 2048, 7, 7]), perturbed activation shape: torch.Size([2112, 2048, 7, 7])
2026-02-13 01:57:36,948 - INFO - Applying perturbation for layer: layer3.5.conv2, original output shape: torch.Size([32, 256, 14, 14]), perturbed activation shape: torch.Size([2112, 256, 14, 14])
2026-02-13 01:57:36,958 - INFO - Applying perturbation for layer: layer4.2.conv3, original output shape: torch.Size([32, 2048, 7, 7]), perturbed activation shape: torch.Size([2112, 2048, 7, 7])
2026-02-13 01:57:37,001 - INFO - Applying perturbation for layer: layer3.5.conv2, original output shape: torch.Size([32, 256, 14, 14]), perturbed activation shape: torch.Size([2112, 256, 14, 14])
2026-02-13 01:57:37,011 - INFO - Applying perturbation for layer: layer4.2.conv3, original output shape: torch.Size([32, 2048, 7, 7]), perturbed activation shape: torch.Size([2112, 2048, 7, 7])
2026-02-13 01:57:37,052 - INFO - Applying perturbation for layer: layer3.5.conv2, original output shape: torch.Size([32, 256, 14, 14]), perturbed activation shape: torch.Size([2112, 256, 14, 14])
2026-02-13 01:57:37,065 - INFO - Applying perturbation for layer: layer4.2.conv3, original output shape: torch.Size([32, 2048, 7, 7]), perturbed activation shape: torch.Size([2112, 2048, 7, 7])
2026-02-13 01:57:37,108 - INFO - Applying perturbation for layer: layer3.5.conv2, original output shape: torch.Size([32, 256, 14, 14]), perturbed activation shape: torch.Size([2112, 256, 14, 14])
2026-02-13 01:57:37,118 - INFO - Applying perturbation for layer: layer4.2.conv3, original output shape: torch.Size([32, 2048, 7, 7]), perturbed activation shape: torch.Size([2112, 2048, 7, 7])
2026-02-13 01:57:37,161 - INFO - Applying perturbation for layer: layer3.5.conv2, original output shape: torch.Size([32, 256, 14, 14]), perturbed activation shape: torch.Size([2112, 256, 14, 14])
2026-02-13 01:57:37,171 - INFO - Applying perturbation for layer: layer4.2.conv3, original output shape: torch.Size([32, 2048, 7, 7]), perturbed activation shape: torch.Size([2112, 2048, 7, 7])
2026-02-13 01:57:37,212 - INFO - Applying perturbation for layer: layer3.5.conv2, original output shape: torch.Size([32, 256, 14, 14]), perturbed activation shape: torch.Size([2112, 256, 14, 14])
2026-02-13 01:57:37,225 - INFO - Applying perturbation for layer: layer4.2.conv3, original output shape: torch.Size([32, 2048, 7, 7]), perturbed activation shape: torch.Size([2112, 2048, 7, 7])
2026-02-13 01:57:37,245 - INFO - Applying perturbation for layer: layer3.5.conv2, original output shape: torch.Size([32, 256, 14, 14]), perturbed activation shape: torch.Size([2112, 256, 14, 14])
2026-02-13 01:57:37,250 - INFO - Applying perturbation for layer: layer4.2.conv3, original output shape: torch.Size([32, 2048, 7, 7]), perturbed activation shape: torch.Size([2112, 2048, 7, 7])
2026-02-13 01:57:37,269 - INFO - Applying perturbation for layer: layer3.5.conv2, original output shape: torch.Size([32, 256, 14, 14]), perturbed activation shape: torch.Size([2112, 256, 14, 14])
2026-02-13 01:57:37,274 - INFO - Applying perturbation for layer: layer4.2.conv3, original output shape: torch.Size([32, 2048, 7, 7]), perturbed activation shape: torch.Size([2112, 2048, 7, 7])
2026-02-13 01:57:37,293 - INFO - Applying perturbation for layer: layer3.5.conv2, original output shape: torch.Size([32, 256, 14, 14]), perturbed activation shape: torch.Size([2112, 256, 14, 14])
2026-02-13 01:57:37,299 - INFO - Applying perturbation for layer: layer4.2.conv3, original output shape: torch.Size([32, 2048, 7, 7]), perturbed activation shape: torch.Size([2112, 2048, 7, 7])
2026-02-13 01:57:37,318 - INFO - Applying perturbation for layer: layer3.5.conv2, original output shape: torch.Size([32, 256, 14, 14]), perturbed activation shape: torch.Size([2112, 256, 14, 14])
2026-02-13 01:57:37,323 - INFO - Applying perturbation for layer: layer4.2.conv3, original output shape: torch.Size([32, 2048, 7, 7]), perturbed activation shape: torch.Size([2112, 2048, 7, 7])
2026-02-13 01:57:37,342 - INFO - Applying perturbation for layer: layer3.5.conv2, original output shape: torch.Size([32, 256, 14, 14]), perturbed activation shape: torch.Size([2112, 256, 14, 14])
2026-02-13 01:57:37,348 - INFO - Applying perturbation for layer: layer4.2.conv3, original output shape: torch.Size([32, 2048, 7, 7]), perturbed activation shape: torch.Size([2112, 2048, 7, 7])
2026-02-13 01:57:37,367 - INFO - Applying perturbation for layer: layer3.5.conv2, original output shape: torch.Size([32, 256, 14, 14]), perturbed activation shape: torch.Size([2112, 256, 14, 14])
2026-02-13 01:57:37,372 - INFO - Applying perturbation for layer: layer4.2.conv3, original output shape: torch.Size([32, 2048, 7, 7]), perturbed activation shape: torch.Size([2112, 2048, 7, 7])
2026-02-13 01:57:37,391 - INFO - Applying perturbation for layer: layer3.5.conv2, original output shape: torch.Size([32, 256, 14, 14]), perturbed activation shape: torch.Size([2112, 256, 14, 14])
2026-02-13 01:57:37,396 - INFO - Applying perturbation for layer: layer4.2.conv3, original output shape: torch.Size([32, 2048, 7, 7]), perturbed activation shape: torch.Size([2112, 2048, 7, 7])
2026-02-13 01:57:37,415 - INFO - Applying perturbation for layer: layer3.5.conv2, original output shape: torch.Size([32, 256, 14, 14]), perturbed activation shape: torch.Size([2112, 256, 14, 14])
2026-02-13 01:57:37,420 - INFO - Applying perturbation for layer: layer4.2.conv3, original output shape: torch.Size([32, 2048, 7, 7]), perturbed activation shape: torch.Size([2112, 2048, 7, 7])
2026-02-13 01:57:37,439 - INFO - Applying perturbation for layer: layer3.5.conv2, original output shape: torch.Size([32, 256, 14, 14]), perturbed activation shape: torch.Size([2112, 256, 14, 14])
2026-02-13 01:57:37,444 - INFO - Applying perturbation for layer: layer4.2.conv3, original output shape: torch.Size([32, 2048, 7, 7]), perturbed activation shape: torch.Size([2112, 2048, 7, 7])
2026-02-13 01:57:37,464 - INFO - Applying perturbation for layer: layer3.5.conv2, original output shape: torch.Size([32, 256, 14, 14]), perturbed activation shape: torch.Size([2112, 256, 14, 14])
2026-02-13 01:57:37,469 - INFO - Applying perturbation for layer: layer4.2.conv3, original output shape: torch.Size([32, 2048, 7, 7]), perturbed activation shape: torch.Size([2112, 2048, 7, 7])
2026-02-13 01:57:37,488 - INFO - Applying perturbation for layer: layer3.5.conv2, original output shape: torch.Size([32, 256, 14, 14]), perturbed activation shape: torch.Size([2112, 256, 14, 14])
2026-02-13 01:57:37,493 - INFO - Applying perturbation for layer: layer4.2.conv3, original output shape: torch.Size([32, 2048, 7, 7]), perturbed activation shape: torch.Size([2112, 2048, 7, 7])
2026-02-13 01:57:37,512 - INFO - Applying perturbation for layer: layer3.5.conv2, original output shape: torch.Size([32, 256, 14, 14]), perturbed activation shape: torch.Size([2112, 256, 14, 14])
2026-02-13 01:57:37,517 - INFO - Applying perturbation for layer: layer4.2.conv3, original output shape: torch.Size([32, 2048, 7, 7]), perturbed activation shape: torch.Size([2112, 2048, 7, 7])
2026-02-13 01:57:37,536 - INFO - Applying perturbation for layer: layer3.5.conv2, original output shape: torch.Size([32, 256, 14, 14]), perturbed activation shape: torch.Size([2112, 256, 14, 14])
2026-02-13 01:57:37,541 - INFO - Applying perturbation for layer: layer4.2.conv3, original output shape: torch.Size([32, 2048, 7, 7]), perturbed activation shape: torch.Size([2112, 2048, 7, 7])
2026-02-13 01:57:37,560 - INFO - Applying perturbation for layer: layer3.5.conv2, original output shape: torch.Size([32, 256, 14, 14]), perturbed activation shape: torch.Size([2112, 256, 14, 14])
2026-02-13 01:57:37,565 - INFO - Applying perturbation for layer: layer4.2.conv3, original output shape: torch.Size([32, 2048, 7, 7]), perturbed activation shape: torch.Size([2112, 2048, 7, 7])
2026-02-13 01:57:37,584 - INFO - Applying perturbation for layer: layer3.5.conv2, original output shape: torch.Size([32, 256, 14, 14]), perturbed activation shape: torch.Size([2112, 256, 14, 14])
2026-02-13 01:57:37,590 - INFO - Applying perturbation for layer: layer4.2.conv3, original output shape: torch.Size([32, 2048, 7, 7]), perturbed activation shape: torch.Size([2112, 2048, 7, 7])
2026-02-13 01:57:37,609 - INFO - Applying perturbation for layer: layer3.5.conv2, original output shape: torch.Size([32, 256, 14, 14]), perturbed activation shape: torch.Size([2112, 256, 14, 14])
2026-02-13 01:57:37,614 - INFO - Applying perturbation for layer: layer4.2.conv3, original output shape: torch.Size([32, 2048, 7, 7]), perturbed activation shape: torch.Size([2112, 2048, 7, 7])
2026-02-13 01:57:37,633 - INFO - Applying perturbation for layer: layer3.5.conv2, original output shape: torch.Size([32, 256, 14, 14]), perturbed activation shape: torch.Size([2112, 256, 14, 14])
2026-02-13 01:57:37,638 - INFO - Applying perturbation for layer: layer4.2.conv3, original output shape: torch.Size([32, 2048, 7, 7]), perturbed activation shape: torch.Size([2112, 2048, 7, 7])
2026-02-13 01:57:37,657 - INFO - Applying perturbation for layer: layer3.5.conv2, original output shape: torch.Size([32, 256, 14, 14]), perturbed activation shape: torch.Size([2112, 256, 14, 14])
2026-02-13 01:57:37,662 - INFO - Applying perturbation for layer: layer4.2.conv3, original output shape: torch.Size([32, 2048, 7, 7]), perturbed activation shape: torch.Size([2112, 2048, 7, 7])
2026-02-13 01:57:37,681 - INFO - Applying perturbation for layer: layer3.5.conv2, original output shape: torch.Size([32, 256, 14, 14]), perturbed activation shape: torch.Size([2112, 256, 14, 14])
2026-02-13 01:57:37,686 - INFO - Applying perturbation for layer: layer4.2.conv3, original output shape: torch.Size([32, 2048, 7, 7]), perturbed activation shape: torch.Size([2112, 2048, 7, 7])
2026-02-13 01:57:37,705 - INFO - Applying perturbation for layer: layer3.5.conv2, original output shape: torch.Size([32, 256, 14, 14]), perturbed activation shape: torch.Size([2112, 256, 14, 14])
2026-02-13 01:57:37,710 - INFO - Applying perturbation for layer: layer4.2.conv3, original output shape: torch.Size([32, 2048, 7, 7]), perturbed activation shape: torch.Size([2112, 2048, 7, 7])
2026-02-13 01:57:37,729 - INFO - Applying perturbation for layer: layer3.5.conv2, original output shape: torch.Size([32, 256, 14, 14]), perturbed activation shape: torch.Size([2112, 256, 14, 14])
2026-02-13 01:57:37,734 - INFO - Applying perturbation for layer: layer4.2.conv3, original output shape: torch.Size([32, 2048, 7, 7]), perturbed activation shape: torch.Size([2112, 2048, 7, 7])
2026-02-13 01:57:37,754 - INFO - Applying perturbation for layer: layer3.5.conv2, original output shape: torch.Size([32, 256, 14, 14]), perturbed activation shape: torch.Size([2112, 256, 14, 14])
2026-02-13 01:57:37,759 - INFO - Applying perturbation for layer: layer4.2.conv3, original output shape: torch.Size([32, 2048, 7, 7]), perturbed activation shape: torch.Size([2112, 2048, 7, 7])
2026-02-13 01:57:37,778 - INFO - Applying perturbation for layer: layer3.5.conv2, original output shape: torch.Size([32, 256, 14, 14]), perturbed activation shape: torch.Size([2112, 256, 14, 14])
2026-02-13 01:57:37,783 - INFO - Applying perturbation for layer: layer4.2.conv3, original output shape: torch.Size([32, 2048, 7, 7]), perturbed activation shape: torch.Size([2112, 2048, 7, 7])
2026-02-13 01:57:37,802 - INFO - Applying perturbation for layer: layer3.5.conv2, original output shape: torch.Size([32, 256, 14, 14]), perturbed activation shape: torch.Size([2112, 256, 14, 14])
2026-02-13 01:57:37,807 - INFO - Applying perturbation for layer: layer4.2.conv3, original output shape: torch.Size([32, 2048, 7, 7]), perturbed activation shape: torch.Size([2112, 2048, 7, 7])
2026-02-13 01:57:37,826 - INFO - Applying perturbation for layer: layer3.5.conv2, original output shape: torch.Size([32, 256, 14, 14]), perturbed activation shape: torch.Size([2112, 256, 14, 14])
2026-02-13 01:57:37,831 - INFO - Applying perturbation for layer: layer4.2.conv3, original output shape: torch.Size([32, 2048, 7, 7]), perturbed activation shape: torch.Size([2112, 2048, 7, 7])
2026-02-13 01:57:37,850 - INFO - Applying perturbation for layer: layer3.5.conv2, original output shape: torch.Size([32, 256, 14, 14]), perturbed activation shape: torch.Size([2112, 256, 14, 14])
2026-02-13 01:57:37,855 - INFO - Applying perturbation for layer: layer4.2.conv3, original output shape: torch.Size([32, 2048, 7, 7]), perturbed activation shape: torch.Size([2112, 2048, 7, 7])
2026-02-13 01:57:37,874 - INFO - Applying perturbation for layer: layer3.5.conv2, original output shape: torch.Size([32, 256, 14, 14]), perturbed activation shape: torch.Size([2112, 256, 14, 14])
2026-02-13 01:57:37,879 - INFO - Applying perturbation for layer: layer4.2.conv3, original output shape: torch.Size([32, 2048, 7, 7]), perturbed activation shape: torch.Size([2112, 2048, 7, 7])
2026-02-13 01:57:37,920 - INFO - Applying perturbation for layer: layer3.5.conv2, original output shape: torch.Size([32, 256, 14, 14]), perturbed activation shape: torch.Size([2112, 256, 14, 14])
2026-02-13 01:57:37,933 - INFO - Applying perturbation for layer: layer4.2.conv3, original output shape: torch.Size([32, 2048, 7, 7]), perturbed activation shape: torch.Size([2112, 2048, 7, 7])
2026-02-13 01:57:37,976 - INFO - Applying perturbation for layer: layer3.5.conv2, original output shape: torch.Size([32, 256, 14, 14]), perturbed activation shape: torch.Size([2112, 256, 14, 14])
2026-02-13 01:57:37,995 - INFO - Applying perturbation for layer: layer4.2.conv3, original output shape: torch.Size([32, 2048, 7, 7]), perturbed activation shape: torch.Size([2112, 2048, 7, 7])
2026-02-13 01:57:38,056 - INFO - Applying perturbation for layer: layer3.5.conv2, original output shape: torch.Size([32, 256, 14, 14]), perturbed activation shape: torch.Size([2112, 256, 14, 14])
2026-02-13 01:57:38,075 - INFO - Applying perturbation for layer: layer4.2.conv3, original output shape: torch.Size([32, 2048, 7, 7]), perturbed activation shape: torch.Size([2112, 2048, 7, 7])
2026-02-13 01:57:38,122 - INFO - Applying perturbation for layer: layer3.5.conv2, original output shape: torch.Size([32, 256, 14, 14]), perturbed activation shape: torch.Size([2112, 256, 14, 14])
2026-02-13 01:57:38,134 - INFO - Applying perturbation for layer: layer4.2.conv3, original output shape: torch.Size([32, 2048, 7, 7]), perturbed activation shape: torch.Size([2112, 2048, 7, 7])
2026-02-13 01:57:38,175 - INFO - Applying perturbation for layer: layer3.5.conv2, original output shape: torch.Size([32, 256, 14, 14]), perturbed activation shape: torch.Size([2112, 256, 14, 14])
2026-02-13 01:57:38,187 - INFO - Applying perturbation for layer: layer4.2.conv3, original output shape: torch.Size([32, 2048, 7, 7]), perturbed activation shape: torch.Size([2112, 2048, 7, 7])
2026-02-13 01:57:38,228 - INFO - Applying perturbation for layer: layer3.5.conv2, original output shape: torch.Size([32, 256, 14, 14]), perturbed activation shape: torch.Size([2112, 256, 14, 14])
2026-02-13 01:57:38,241 - INFO - Applying perturbation for layer: layer4.2.conv3, original output shape: torch.Size([32, 2048, 7, 7]), perturbed activation shape: torch.Size([2112, 2048, 7, 7])
2026-02-13 01:57:38,282 - INFO - Applying perturbation for layer: layer3.5.conv2, original output shape: torch.Size([32, 256, 14, 14]), perturbed activation shape: torch.Size([2112, 256, 14, 14])
2026-02-13 01:57:38,294 - INFO - Applying perturbation for layer: layer4.2.conv3, original output shape: torch.Size([32, 2048, 7, 7]), perturbed activation shape: torch.Size([2112, 2048, 7, 7])
2026-02-13 01:57:38,335 - INFO - Applying perturbation for layer: layer3.5.conv2, original output shape: torch.Size([32, 256, 14, 14]), perturbed activation shape: torch.Size([2112, 256, 14, 14])
2026-02-13 01:57:38,348 - INFO - Applying perturbation for layer: layer4.2.conv3, original output shape: torch.Size([32, 2048, 7, 7]), perturbed activation shape: torch.Size([2112, 2048, 7, 7])
2026-02-13 01:57:38,388 - INFO - Applying perturbation for layer: layer3.5.conv2, original output shape: torch.Size([32, 256, 14, 14]), perturbed activation shape: torch.Size([2112, 256, 14, 14])
2026-02-13 01:57:38,401 - INFO - Applying perturbation for layer: layer4.2.conv3, original output shape: torch.Size([32, 2048, 7, 7]), perturbed activation shape: torch.Size([2112, 2048, 7, 7])
2026-02-13 01:57:38,442 - INFO - Applying perturbation for layer: layer3.5.conv2, original output shape: torch.Size([32, 256, 14, 14]), perturbed activation shape: torch.Size([2112, 256, 14, 14])
2026-02-13 01:57:38,452 - INFO - Applying perturbation for layer: layer4.2.conv3, original output shape: torch.Size([32, 2048, 7, 7]), perturbed activation shape: torch.Size([2112, 2048, 7, 7])
2026-02-13 01:57:38,472 - INFO - Applying perturbation for layer: layer3.5.conv2, original output shape: torch.Size([32, 256, 14, 14]), perturbed activation shape: torch.Size([2112, 256, 14, 14])
2026-02-13 01:57:38,477 - INFO - Applying perturbation for layer: layer4.2.conv3, original output shape: torch.Size([32, 2048, 7, 7]), perturbed activation shape: torch.Size([2112, 2048, 7, 7])
2026-02-13 01:57:38,497 - INFO - Applying perturbation for layer: layer3.5.conv2, original output shape: torch.Size([32, 256, 14, 14]), perturbed activation shape: torch.Size([2112, 256, 14, 14])
2026-02-13 01:57:38,502 - INFO - Applying perturbation for layer: layer4.2.conv3, original output shape: torch.Size([32, 2048, 7, 7]), perturbed activation shape: torch.Size([2112, 2048, 7, 7])
2026-02-13 01:57:38,521 - INFO - Applying perturbation for layer: layer3.5.conv2, original output shape: torch.Size([32, 256, 14, 14]), perturbed activation shape: torch.Size([2112, 256, 14, 14])
2026-02-13 01:57:38,526 - INFO - Applying perturbation for layer: layer4.2.conv3, original output shape: torch.Size([32, 2048, 7, 7]), perturbed activation shape: torch.Size([2112, 2048, 7, 7])
2026-02-13 01:57:38,545 - INFO - Applying perturbation for layer: layer3.5.conv2, original output shape: torch.Size([32, 256, 14, 14]), perturbed activation shape: torch.Size([2112, 256, 14, 14])
2026-02-13 01:57:38,550 - INFO - Applying perturbation for layer: layer4.2.conv3, original output shape: torch.Size([32, 2048, 7, 7]), perturbed activation shape: torch.Size([2112, 2048, 7, 7])
2026-02-13 01:57:38,569 - INFO - Applying perturbation for layer: layer3.5.conv2, original output shape: torch.Size([32, 256, 14, 14]), perturbed activation shape: torch.Size([2112, 256, 14, 14])
2026-02-13 01:57:38,574 - INFO - Applying perturbation for layer: layer4.2.conv3, original output shape: torch.Size([32, 2048, 7, 7]), perturbed activation shape: torch.Size([2112, 2048, 7, 7])
2026-02-13 01:57:38,594 - INFO - Applying perturbation for layer: layer3.5.conv2, original output shape: torch.Size([32, 256, 14, 14]), perturbed activation shape: torch.Size([2112, 256, 14, 14])
2026-02-13 01:57:38,599 - INFO - Applying perturbation for layer: layer4.2.conv3, original output shape: torch.Size([32, 2048, 7, 7]), perturbed activation shape: torch.Size([2112, 2048, 7, 7])
2026-02-13 01:57:38,618 - INFO - Applying perturbation for layer: layer3.5.conv2, original output shape: torch.Size([32, 256, 14, 14]), perturbed activation shape: torch.Size([2112, 256, 14, 14])
2026-02-13 01:57:38,623 - INFO - Applying perturbation for layer: layer4.2.conv3, original output shape: torch.Size([32, 2048, 7, 7]), perturbed activation shape: torch.Size([2112, 2048, 7, 7])
2026-02-13 01:57:38,642 - INFO - Applying perturbation for layer: layer3.5.conv2, original output shape: torch.Size([32, 256, 14, 14]), perturbed activation shape: torch.Size([2112, 256, 14, 14])
2026-02-13 01:57:38,647 - INFO - Applying perturbation for layer: layer4.2.conv3, original output shape: torch.Size([32, 2048, 7, 7]), perturbed activation shape: torch.Size([2112, 2048, 7, 7])
2026-02-13 01:57:38,666 - INFO - Applying perturbation for layer: layer3.5.conv2, original output shape: torch.Size([32, 256, 14, 14]), perturbed activation shape: torch.Size([2112, 256, 14, 14])
2026-02-13 01:57:38,671 - INFO - Applying perturbation for layer: layer4.2.conv3, original output shape: torch.Size([32, 2048, 7, 7]), perturbed activation shape: torch.Size([2112, 2048, 7, 7])
2026-02-13 01:57:38,690 - INFO - Applying perturbation for layer: layer3.5.conv2, original output shape: torch.Size([32, 256, 14, 14]), perturbed activation shape: torch.Size([2112, 256, 14, 14])
2026-02-13 01:57:38,695 - INFO - Applying perturbation for layer: layer4.2.conv3, original output shape: torch.Size([32, 2048, 7, 7]), perturbed activation shape: torch.Size([2112, 2048, 7, 7])
2026-02-13 01:57:38,714 - INFO - Applying perturbation for layer: layer3.5.conv2, original output shape: torch.Size([32, 256, 14, 14]), perturbed activation shape: torch.Size([2112, 256, 14, 14])
2026-02-13 01:57:38,719 - INFO - Applying perturbation for layer: layer4.2.conv3, original output shape: torch.Size([32, 2048, 7, 7]), perturbed activation shape: torch.Size([2112, 2048, 7, 7])
2026-02-13 01:57:38,739 - INFO - Applying perturbation for layer: layer3.5.conv2, original output shape: torch.Size([32, 256, 14, 14]), perturbed activation shape: torch.Size([2112, 256, 14, 14])
2026-02-13 01:57:38,744 - INFO - Applying perturbation for layer: layer4.2.conv3, original output shape: torch.Size([32, 2048, 7, 7]), perturbed activation shape: torch.Size([2112, 2048, 7, 7])
2026-02-13 01:57:38,763 - INFO - Applying perturbation for layer: layer3.5.conv2, original output shape: torch.Size([32, 256, 14, 14]), perturbed activation shape: torch.Size([2112, 256, 14, 14])
2026-02-13 01:57:38,768 - INFO - Applying perturbation for layer: layer4.2.conv3, original output shape: torch.Size([32, 2048, 7, 7]), perturbed activation shape: torch.Size([2112, 2048, 7, 7])
2026-02-13 01:57:38,787 - INFO - Applying perturbation for layer: layer3.5.conv2, original output shape: torch.Size([32, 256, 14, 14]), perturbed activation shape: torch.Size([2112, 256, 14, 14])
2026-02-13 01:57:38,792 - INFO - Applying perturbation for layer: layer4.2.conv3, original output shape: torch.Size([32, 2048, 7, 7]), perturbed activation shape: torch.Size([2112, 2048, 7, 7])
2026-02-13 01:57:38,811 - INFO - Applying perturbation for layer: layer3.5.conv2, original output shape: torch.Size([32, 256, 14, 14]), perturbed activation shape: torch.Size([2112, 256, 14, 14])
2026-02-13 01:57:38,816 - INFO - Applying perturbation for layer: layer4.2.conv3, original output shape: torch.Size([32, 2048, 7, 7]), perturbed activation shape: torch.Size([2112, 2048, 7, 7])
2026-02-13 01:57:38,835 - INFO - Applying perturbation for layer: layer3.5.conv2, original output shape: torch.Size([32, 256, 14, 14]), perturbed activation shape: torch.Size([2112, 256, 14, 14])
2026-02-13 01:57:38,840 - INFO - Applying perturbation for layer: layer4.2.conv3, original output shape: torch.Size([32, 2048, 7, 7]), perturbed activation shape: torch.Size([2112, 2048, 7, 7])
2026-02-13 01:57:38,859 - INFO - Applying perturbation for layer: layer3.5.conv2, original output shape: torch.Size([32, 256, 14, 14]), perturbed activation shape: torch.Size([2112, 256, 14, 14])
2026-02-13 01:57:38,864 - INFO - Applying perturbation for layer: layer4.2.conv3, original output shape: torch.Size([32, 2048, 7, 7]), perturbed activation shape: torch.Size([2112, 2048, 7, 7])
2026-02-13 01:57:38,884 - INFO - Applying perturbation for layer: layer3.5.conv2, original output shape: torch.Size([32, 256, 14, 14]), perturbed activation shape: torch.Size([2112, 256, 14, 14])
2026-02-13 01:57:38,889 - INFO - Applying perturbation for layer: layer4.2.conv3, original output shape: torch.Size([32, 2048, 7, 7]), perturbed activation shape: torch.Size([2112, 2048, 7, 7])
2026-02-13 01:57:39,530 - INFO - ================================================================================
2026-02-13 01:57:39,530 - INFO - Target layer found: layer3.5.conv2
2026-02-13 01:57:39,534 - INFO - Captured activation for layer: layer3.5.conv2,                 activation shape: torch.Size([32, 256, 14, 14])
2026-02-13 01:57:39,534 - INFO - Captured activation for layer: layer3.5.conv2, activation shape: torch.Size([32, 256, 14, 14])
2026-02-13 01:57:39,536 - INFO - Captured activation for layer: layer3.5.conv2,                 activation shape: torch.Size([32, 256, 14, 14])
2026-02-13 01:57:39,537 - INFO - Captured activation for layer: layer3.5.conv2, activation shape: torch.Size([32, 256, 14, 14])
2026-02-13 01:57:39,538 - INFO - Captured activation for layer: layer3.5.conv2,                 activation shape: torch.Size([32, 256, 14, 14])
2026-02-13 01:57:39,539 - INFO - Captured activation for layer: layer3.5.conv2, activation shape: torch.Size([32, 256, 14, 14])
2026-02-13 01:57:39,541 - INFO - Captured activation for layer: layer3.5.conv2,                 activation shape: torch.Size([32, 256, 14, 14])
2026-02-13 01:57:39,541 - INFO - Captured activation for layer: layer3.5.conv2, activation shape: torch.Size([32, 256, 14, 14])
2026-02-13 01:57:39,543 - INFO - Captured activation for layer: layer3.5.conv2,                 activation shape: torch.Size([32, 256, 14, 14])
2026-02-13 01:57:39,546 - INFO - Captured activation for layer: layer3.5.conv2, activation shape: torch.Size([32, 256, 14, 14])
2026-02-13 01:57:39,559 - INFO - Captured activation for layer: layer3.5.conv2,                 activation shape: torch.Size([32, 256, 14, 14])
2026-02-13 01:57:39,573 - INFO - Captured activation for layer: layer3.5.conv2, activation shape: torch.Size([32, 256, 14, 14])
2026-02-13 01:57:39,586 - INFO - Captured activation for layer: layer3.5.conv2,                 activation shape: torch.Size([32, 256, 14, 14])
2026-02-13 01:57:39,599 - INFO - Captured activation for layer: layer3.5.conv2, activation shape: torch.Size([32, 256, 14, 14])
2026-02-13 01:57:39,613 - INFO - Captured activation for layer: layer3.5.conv2,                 activation shape: torch.Size([32, 256, 14, 14])
2026-02-13 01:57:39,626 - INFO - Captured activation for layer: layer3.5.conv2, activation shape: torch.Size([32, 256, 14, 14])
2026-02-13 01:57:39,640 - INFO - Captured activation for layer: layer3.5.conv2,                 activation shape: torch.Size([32, 256, 14, 14])
2026-02-13 01:57:39,651 - INFO - Captured activation for layer: layer3.5.conv2, activation shape: torch.Size([32, 256, 14, 14])
2026-02-13 01:57:39,659 - INFO - Captured activation for layer: layer3.5.conv2,                 activation shape: torch.Size([32, 256, 14, 14])
2026-02-13 01:57:39,665 - INFO - Captured activation for layer: layer3.5.conv2, activation shape: torch.Size([32, 256, 14, 14])
2026-02-13 01:57:39,671 - INFO - Captured activation for layer: layer3.5.conv2,                 activation shape: torch.Size([32, 256, 14, 14])
2026-02-13 01:57:39,677 - INFO - Captured activation for layer: layer3.5.conv2, activation shape: torch.Size([32, 256, 14, 14])
2026-02-13 01:57:39,683 - INFO - Captured activation for layer: layer3.5.conv2,                 activation shape: torch.Size([32, 256, 14, 14])
2026-02-13 01:57:39,689 - INFO - Captured activation for layer: layer3.5.conv2, activation shape: torch.Size([32, 256, 14, 14])
2026-02-13 01:57:39,695 - INFO - Captured activation for layer: layer3.5.conv2,                 activation shape: torch.Size([32, 256, 14, 14])
2026-02-13 01:57:39,701 - INFO - Captured activation for layer: layer3.5.conv2, activation shape: torch.Size([32, 256, 14, 14])
2026-02-13 01:57:39,707 - INFO - Captured activation for layer: layer3.5.conv2,                 activation shape: torch.Size([32, 256, 14, 14])
2026-02-13 01:57:39,713 - INFO - Captured activation for layer: layer3.5.conv2, activation shape: torch.Size([32, 256, 14, 14])
2026-02-13 01:57:39,719 - INFO - Captured activation for layer: layer3.5.conv2,                 activation shape: torch.Size([32, 256, 14, 14])
2026-02-13 01:57:39,725 - INFO - Captured activation for layer: layer3.5.conv2, activation shape: torch.Size([32, 256, 14, 14])
2026-02-13 01:57:39,731 - INFO - Captured activation for layer: layer3.5.conv2,                 activation shape: torch.Size([32, 256, 14, 14])
2026-02-13 01:57:39,737 - INFO - Captured activation for layer: layer3.5.conv2, activation shape: torch.Size([32, 256, 14, 14])
2026-02-13 01:57:39,743 - INFO - Captured activation for layer: layer3.5.conv2,                 activation shape: torch.Size([32, 256, 14, 14])
2026-02-13 01:57:39,749 - INFO - Captured activation for layer: layer3.5.conv2, activation shape: torch.Size([32, 256, 14, 14])
2026-02-13 01:57:39,755 - INFO - Captured activation for layer: layer3.5.conv2,                 activation shape: torch.Size([32, 256, 14, 14])
2026-02-13 01:57:39,761 - INFO - Captured activation for layer: layer3.5.conv2, activation shape: torch.Size([32, 256, 14, 14])
2026-02-13 01:57:39,767 - INFO - Captured activation for layer: layer3.5.conv2,                 activation shape: torch.Size([32, 256, 14, 14])
2026-02-13 01:57:39,773 - INFO - Captured activation for layer: layer3.5.conv2, activation shape: torch.Size([32, 256, 14, 14])
2026-02-13 01:57:39,779 - INFO - Captured activation for layer: layer3.5.conv2,                 activation shape: torch.Size([32, 256, 14, 14])
2026-02-13 01:57:39,786 - INFO - Captured activation for layer: layer3.5.conv2, activation shape: torch.Size([32, 256, 14, 14])
2026-02-13 01:57:39,792 - INFO - Captured activation for layer: layer3.5.conv2,                 activation shape: torch.Size([32, 256, 14, 14])
2026-02-13 01:57:39,798 - INFO - Captured activation for layer: layer3.5.conv2, activation shape: torch.Size([32, 256, 14, 14])
2026-02-13 01:57:39,804 - INFO - Captured activation for layer: layer3.5.conv2,                 activation shape: torch.Size([32, 256, 14, 14])
2026-02-13 01:57:39,810 - INFO - Captured activation for layer: layer3.5.conv2, activation shape: torch.Size([32, 256, 14, 14])
2026-02-13 01:57:39,816 - INFO - Captured activation for layer: layer3.5.conv2,                 activation shape: torch.Size([32, 256, 14, 14])
2026-02-13 01:57:39,822 - INFO - Captured activation for layer: layer3.5.conv2, activation shape: torch.Size([32, 256, 14, 14])
2026-02-13 01:57:39,828 - INFO - Captured activation for layer: layer3.5.conv2,                 activation shape: torch.Size([32, 256, 14, 14])
2026-02-13 01:57:39,834 - INFO - Captured activation for layer: layer3.5.conv2, activation shape: torch.Size([32, 256, 14, 14])
2026-02-13 01:57:39,840 - INFO - Captured activation for layer: layer3.5.conv2,                 activation shape: torch.Size([32, 256, 14, 14])
2026-02-13 01:57:39,846 - INFO - Captured activation for layer: layer3.5.conv2, activation shape: torch.Size([32, 256, 14, 14])
2026-02-13 01:57:39,852 - INFO - Captured activation for layer: layer3.5.conv2,                 activation shape: torch.Size([32, 256, 14, 14])
2026-02-13 01:57:39,858 - INFO - Captured activation for layer: layer3.5.conv2, activation shape: torch.Size([32, 256, 14, 14])
2026-02-13 01:57:39,864 - INFO - Captured activation for layer: layer3.5.conv2,                 activation shape: torch.Size([32, 256, 14, 14])
2026-02-13 01:57:39,870 - INFO - Captured activation for layer: layer3.5.conv2, activation shape: torch.Size([32, 256, 14, 14])
2026-02-13 01:57:39,876 - INFO - Captured activation for layer: layer3.5.conv2,                 activation shape: torch.Size([32, 256, 14, 14])
2026-02-13 01:57:39,882 - INFO - Captured activation for layer: layer3.5.conv2, activation shape: torch.Size([32, 256, 14, 14])
2026-02-13 01:57:39,888 - INFO - Captured activation for layer: layer3.5.conv2,                 activation shape: torch.Size([32, 256, 14, 14])
2026-02-13 01:57:39,894 - INFO - Captured activation for layer: layer3.5.conv2, activation shape: torch.Size([32, 256, 14, 14])
2026-02-13 01:57:39,900 - INFO - Captured activation for layer: layer3.5.conv2,                 activation shape: torch.Size([32, 256, 14, 14])
2026-02-13 01:57:39,906 - INFO - Captured activation for layer: layer3.5.conv2, activation shape: torch.Size([32, 256, 14, 14])
2026-02-13 01:57:39,912 - INFO - Captured activation for layer: layer3.5.conv2,                 activation shape: torch.Size([32, 256, 14, 14])
2026-02-13 01:57:39,918 - INFO - Captured activation for layer: layer3.5.conv2, activation shape: torch.Size([32, 256, 14, 14])
2026-02-13 01:57:39,924 - INFO - Captured activation for layer: layer3.5.conv2,                 activation shape: torch.Size([32, 256, 14, 14])
2026-02-13 01:57:39,931 - INFO - Captured activation for layer: layer3.5.conv2, activation shape: torch.Size([32, 256, 14, 14])
2026-02-13 01:57:39,936 - INFO - Captured activation for layer: layer3.5.conv2,                 activation shape: torch.Size([32, 256, 14, 14])
2026-02-13 01:57:39,943 - INFO - Captured activation for layer: layer3.5.conv2, activation shape: torch.Size([32, 256, 14, 14])
2026-02-13 01:57:39,949 - INFO - Captured activation for layer: layer3.5.conv2,                 activation shape: torch.Size([32, 256, 14, 14])
2026-02-13 01:57:39,955 - INFO - Captured activation for layer: layer3.5.conv2, activation shape: torch.Size([32, 256, 14, 14])
2026-02-13 01:57:39,961 - INFO - Captured activation for layer: layer3.5.conv2,                 activation shape: torch.Size([32, 256, 14, 14])
2026-02-13 01:57:39,967 - INFO - Captured activation for layer: layer3.5.conv2, activation shape: torch.Size([32, 256, 14, 14])
2026-02-13 01:57:39,973 - INFO - Captured activation for layer: layer3.5.conv2,                 activation shape: torch.Size([32, 256, 14, 14])
2026-02-13 01:57:39,979 - INFO - Captured activation for layer: layer3.5.conv2, activation shape: torch.Size([32, 256, 14, 14])
2026-02-13 01:57:39,985 - INFO - Captured activation for layer: layer3.5.conv2,                 activation shape: torch.Size([32, 256, 14, 14])
2026-02-13 01:57:39,991 - INFO - Captured activation for layer: layer3.5.conv2, activation shape: torch.Size([32, 256, 14, 14])
2026-02-13 01:57:39,997 - INFO - Captured activation for layer: layer3.5.conv2,                 activation shape: torch.Size([32, 256, 14, 14])
2026-02-13 01:57:40,003 - INFO - Captured activation for layer: layer3.5.conv2, activation shape: torch.Size([32, 256, 14, 14])
2026-02-13 01:57:40,009 - INFO - Captured activation for layer: layer3.5.conv2,                 activation shape: torch.Size([32, 256, 14, 14])
2026-02-13 01:57:40,015 - INFO - Captured activation for layer: layer3.5.conv2, activation shape: torch.Size([32, 256, 14, 14])
2026-02-13 01:57:40,021 - INFO - Captured activation for layer: layer3.5.conv2,                 activation shape: torch.Size([32, 256, 14, 14])
2026-02-13 01:57:40,027 - INFO - Captured activation for layer: layer3.5.conv2, activation shape: torch.Size([32, 256, 14, 14])
2026-02-13 01:57:40,033 - INFO - Captured activation for layer: layer3.5.conv2,                 activation shape: torch.Size([32, 256, 14, 14])
2026-02-13 01:57:40,039 - INFO - Captured activation for layer: layer3.5.conv2, activation shape: torch.Size([32, 256, 14, 14])
2026-02-13 01:57:40,045 - INFO - Captured activation for layer: layer3.5.conv2,                 activation shape: torch.Size([32, 256, 14, 14])
2026-02-13 01:57:40,051 - INFO - Captured activation for layer: layer3.5.conv2, activation shape: torch.Size([32, 256, 14, 14])
2026-02-13 01:57:40,057 - INFO - Captured activation for layer: layer3.5.conv2,                 activation shape: torch.Size([32, 256, 14, 14])
2026-02-13 01:57:40,063 - INFO - Captured activation for layer: layer3.5.conv2, activation shape: torch.Size([32, 256, 14, 14])
2026-02-13 01:57:40,069 - INFO - Captured activation for layer: layer3.5.conv2,                 activation shape: torch.Size([32, 256, 14, 14])
2026-02-13 01:57:40,075 - INFO - Captured activation for layer: layer3.5.conv2, activation shape: torch.Size([32, 256, 14, 14])
2026-02-13 01:57:40,081 - INFO - Captured activation for layer: layer3.5.conv2,                 activation shape: torch.Size([32, 256, 14, 14])
2026-02-13 01:57:40,087 - INFO - Captured activation for layer: layer3.5.conv2, activation shape: torch.Size([32, 256, 14, 14])
2026-02-13 01:57:40,093 - INFO - Captured activation for layer: layer3.5.conv2,                 activation shape: torch.Size([32, 256, 14, 14])
2026-02-13 01:57:40,100 - INFO - Captured activation for layer: layer3.5.conv2, activation shape: torch.Size([32, 256, 14, 14])
2026-02-13 01:57:40,105 - INFO - Captured activation for layer: layer3.5.conv2,                 activation shape: torch.Size([32, 256, 14, 14])
2026-02-13 01:57:40,112 - INFO - Captured activation for layer: layer3.5.conv2, activation shape: torch.Size([32, 256, 14, 14])
2026-02-13 01:57:40,118 - INFO - Captured activation for layer: layer3.5.conv2,                 activation shape: torch.Size([32, 256, 14, 14])
2026-02-13 01:57:40,124 - INFO - Captured activation for layer: layer3.5.conv2, activation shape: torch.Size([32, 256, 14, 14])
2026-02-13 01:57:40,130 - INFO - Captured activation for layer: layer3.5.conv2,                 activation shape: torch.Size([32, 256, 14, 14])
2026-02-13 01:57:40,136 - INFO - Captured activation for layer: layer3.5.conv2, activation shape: torch.Size([32, 256, 14, 14])
2026-02-13 01:57:40,142 - INFO - Captured activation for layer: layer3.5.conv2,                 activation shape: torch.Size([32, 256, 14, 14])
2026-02-13 01:57:40,148 - INFO - Captured activation for layer: layer3.5.conv2, activation shape: torch.Size([32, 256, 14, 14])
2026-02-13 01:57:40,154 - INFO - Captured activation for layer: layer3.5.conv2,                 activation shape: torch.Size([32, 256, 14, 14])
2026-02-13 01:57:40,160 - INFO - Captured activation for layer: layer3.5.conv2, activation shape: torch.Size([32, 256, 14, 14])
2026-02-13 01:57:40,166 - INFO - Captured activation for layer: layer3.5.conv2,                 activation shape: torch.Size([32, 256, 14, 14])
2026-02-13 01:57:40,172 - INFO - Captured activation for layer: layer3.5.conv2, activation shape: torch.Size([32, 256, 14, 14])
2026-02-13 01:57:40,178 - INFO - Captured activation for layer: layer3.5.conv2,                 activation shape: torch.Size([32, 256, 14, 14])
2026-02-13 01:57:40,184 - INFO - Captured activation for layer: layer3.5.conv2, activation shape: torch.Size([32, 256, 14, 14])
2026-02-13 01:57:40,190 - INFO - Captured activation for layer: layer3.5.conv2,                 activation shape: torch.Size([32, 256, 14, 14])
2026-02-13 01:57:40,196 - INFO - Captured activation for layer: layer3.5.conv2, activation shape: torch.Size([32, 256, 14, 14])
2026-02-13 01:57:40,202 - INFO - Captured activation for layer: layer3.5.conv2,                 activation shape: torch.Size([32, 256, 14, 14])
2026-02-13 01:57:40,208 - INFO - Captured activation for layer: layer3.5.conv2, activation shape: torch.Size([32, 256, 14, 14])
2026-02-13 01:57:40,214 - INFO - Captured activation for layer: layer3.5.conv2,                 activation shape: torch.Size([32, 256, 14, 14])
2026-02-13 01:57:40,220 - INFO - Captured activation for layer: layer3.5.conv2, activation shape: torch.Size([32, 256, 14, 14])
2026-02-13 01:57:40,226 - INFO - Captured activation for layer: layer3.5.conv2,                 activation shape: torch.Size([32, 256, 14, 14])
2026-02-13 01:57:40,232 - INFO - Captured activation for layer: layer3.5.conv2, activation shape: torch.Size([32, 256, 14, 14])
2026-02-13 01:57:40,238 - INFO - Captured activation for layer: layer3.5.conv2,                 activation shape: torch.Size([32, 256, 14, 14])
2026-02-13 01:57:40,244 - INFO - Captured activation for layer: layer3.5.conv2, activation shape: torch.Size([32, 256, 14, 14])
2026-02-13 01:57:40,250 - INFO - Captured activation for layer: layer3.5.conv2,                 activation shape: torch.Size([32, 256, 14, 14])
2026-02-13 01:57:40,256 - INFO - Captured activation for layer: layer3.5.conv2, activation shape: torch.Size([32, 256, 14, 14])
2026-02-13 01:57:40,262 - INFO - Captured activation for layer: layer3.5.conv2,                 activation shape: torch.Size([32, 256, 14, 14])
2026-02-13 01:57:40,268 - INFO - Captured activation for layer: layer3.5.conv2, activation shape: torch.Size([32, 256, 14, 14])
2026-02-13 01:57:40,274 - INFO - Captured activation for layer: layer3.5.conv2,                 activation shape: torch.Size([32, 256, 14, 14])
2026-02-13 01:57:40,280 - INFO - Captured activation for layer: layer3.5.conv2, activation shape: torch.Size([32, 256, 14, 14])
2026-02-13 01:57:40,286 - INFO - Captured activation for layer: layer3.5.conv2,                 activation shape: torch.Size([32, 256, 14, 14])
2026-02-13 01:57:40,292 - INFO - Captured activation for layer: layer3.5.conv2, activation shape: torch.Size([32, 256, 14, 14])
2026-02-13 01:57:40,298 - INFO - Captured activation for layer: layer3.5.conv2,                 activation shape: torch.Size([32, 256, 14, 14])
2026-02-13 01:57:40,304 - INFO - Captured activation for layer: layer3.5.conv2, activation shape: torch.Size([32, 256, 14, 14])
2026-02-13 01:57:40,310 - INFO - Captured activation for layer: layer3.5.conv2,                 activation shape: torch.Size([32, 256, 14, 14])
2026-02-13 01:57:40,316 - INFO - Captured activation for layer: layer3.5.conv2, activation shape: torch.Size([32, 256, 14, 14])
2026-02-13 01:57:40,322 - INFO - Captured activation for layer: layer3.5.conv2,                 activation shape: torch.Size([32, 256, 14, 14])
2026-02-13 01:57:40,328 - INFO - Captured activation for layer: layer3.5.conv2, activation shape: torch.Size([32, 256, 14, 14])
2026-02-13 01:57:40,334 - INFO - Captured activation for layer: layer3.5.conv2,                 activation shape: torch.Size([32, 256, 14, 14])
2026-02-13 01:57:40,340 - INFO - Captured activation for layer: layer3.5.conv2, activation shape: torch.Size([32, 256, 14, 14])
2026-02-13 01:57:40,341 - INFO - Stacked activations shape for layer layer3.5.conv2: torch.Size([2112, 256, 14, 14])
2026-02-13 01:57:40,341 - INFO - Using mean replacement for perturbation.
2026-02-13 01:57:40,396 - INFO - Perturbed activation  values: tensor([-0.1691, -0.2479, -0.2150,  ..., -0.0912, -0.1074, -0.0283],
       device='cuda:0')
2026-02-13 01:57:40,397 - INFO - Standard deviation of activations for layer layer3.5.conv2: 0.0914
2026-02-13 01:57:40,397 - INFO - Checking normality of activations for layer layer3.5.conv2 using Shapiro-Wilk test.
2026-02-13 01:57:43,640 - INFO - Shapiro-Wilk test: statistic=0.8317, p-value=2.2364e-58
2026-02-13 01:57:43,640 - INFO - Normally distributed: False
2026-02-13 01:57:43,640 - INFO - Perturbed activation shape: torch.Size([1, 256, 14, 14]), Std activation shape: torch.Size([1, 256, 14, 14])
2026-02-13 01:57:43,641 - INFO - Std activation sample values: tensor([0.1891, 0.2500, 0.2434, 0.2075, 0.2161], device='cuda:0')
2026-02-13 01:57:43,647 - INFO - Applying perturbation for layer: layer3.5.conv2, original output shape: torch.Size([32, 256, 14, 14]), perturbed activation shape: torch.Size([1, 256, 14, 14])
2026-02-13 01:57:43,651 - INFO - Applying perturbation for layer: layer3.5.conv2, original output shape: torch.Size([32, 256, 14, 14]), perturbed activation shape: torch.Size([1, 256, 14, 14])
2026-02-13 01:57:43,656 - INFO - Applying perturbation for layer: layer3.5.conv2, original output shape: torch.Size([32, 256, 14, 14]), perturbed activation shape: torch.Size([1, 256, 14, 14])
2026-02-13 01:57:43,681 - INFO - Applying perturbation for layer: layer3.5.conv2, original output shape: torch.Size([32, 256, 14, 14]), perturbed activation shape: torch.Size([1, 256, 14, 14])
2026-02-13 01:57:43,705 - INFO - Applying perturbation for layer: layer3.5.conv2, original output shape: torch.Size([32, 256, 14, 14]), perturbed activation shape: torch.Size([1, 256, 14, 14])
2026-02-13 01:57:43,729 - INFO - Applying perturbation for layer: layer3.5.conv2, original output shape: torch.Size([32, 256, 14, 14]), perturbed activation shape: torch.Size([1, 256, 14, 14])
2026-02-13 01:57:43,753 - INFO - Applying perturbation for layer: layer3.5.conv2, original output shape: torch.Size([32, 256, 14, 14]), perturbed activation shape: torch.Size([1, 256, 14, 14])
2026-02-13 01:57:43,777 - INFO - Applying perturbation for layer: layer3.5.conv2, original output shape: torch.Size([32, 256, 14, 14]), perturbed activation shape: torch.Size([1, 256, 14, 14])
2026-02-13 01:57:43,801 - INFO - Applying perturbation for layer: layer3.5.conv2, original output shape: torch.Size([32, 256, 14, 14]), perturbed activation shape: torch.Size([1, 256, 14, 14])
2026-02-13 01:57:43,826 - INFO - Applying perturbation for layer: layer3.5.conv2, original output shape: torch.Size([32, 256, 14, 14]), perturbed activation shape: torch.Size([1, 256, 14, 14])
2026-02-13 01:57:43,850 - INFO - Applying perturbation for layer: layer3.5.conv2, original output shape: torch.Size([32, 256, 14, 14]), perturbed activation shape: torch.Size([1, 256, 14, 14])
2026-02-13 01:57:43,874 - INFO - Applying perturbation for layer: layer3.5.conv2, original output shape: torch.Size([32, 256, 14, 14]), perturbed activation shape: torch.Size([1, 256, 14, 14])
2026-02-13 01:57:43,904 - INFO - Applying perturbation for layer: layer3.5.conv2, original output shape: torch.Size([32, 256, 14, 14]), perturbed activation shape: torch.Size([1, 256, 14, 14])
2026-02-13 01:57:43,957 - INFO - Applying perturbation for layer: layer3.5.conv2, original output shape: torch.Size([32, 256, 14, 14]), perturbed activation shape: torch.Size([1, 256, 14, 14])
2026-02-13 01:57:44,010 - INFO - Applying perturbation for layer: layer3.5.conv2, original output shape: torch.Size([32, 256, 14, 14]), perturbed activation shape: torch.Size([1, 256, 14, 14])
2026-02-13 01:57:44,063 - INFO - Applying perturbation for layer: layer3.5.conv2, original output shape: torch.Size([32, 256, 14, 14]), perturbed activation shape: torch.Size([1, 256, 14, 14])
2026-02-13 01:57:44,089 - INFO - Applying perturbation for layer: layer3.5.conv2, original output shape: torch.Size([32, 256, 14, 14]), perturbed activation shape: torch.Size([1, 256, 14, 14])
2026-02-13 01:57:44,113 - INFO - Applying perturbation for layer: layer3.5.conv2, original output shape: torch.Size([32, 256, 14, 14]), perturbed activation shape: torch.Size([1, 256, 14, 14])
2026-02-13 01:57:44,137 - INFO - Applying perturbation for layer: layer3.5.conv2, original output shape: torch.Size([32, 256, 14, 14]), perturbed activation shape: torch.Size([1, 256, 14, 14])
2026-02-13 01:57:44,161 - INFO - Applying perturbation for layer: layer3.5.conv2, original output shape: torch.Size([32, 256, 14, 14]), perturbed activation shape: torch.Size([1, 256, 14, 14])
2026-02-13 01:57:44,185 - INFO - Applying perturbation for layer: layer3.5.conv2, original output shape: torch.Size([32, 256, 14, 14]), perturbed activation shape: torch.Size([1, 256, 14, 14])
2026-02-13 01:57:44,210 - INFO - Applying perturbation for layer: layer3.5.conv2, original output shape: torch.Size([32, 256, 14, 14]), perturbed activation shape: torch.Size([1, 256, 14, 14])
2026-02-13 01:57:44,234 - INFO - Applying perturbation for layer: layer3.5.conv2, original output shape: torch.Size([32, 256, 14, 14]), perturbed activation shape: torch.Size([1, 256, 14, 14])
2026-02-13 01:57:44,258 - INFO - Applying perturbation for layer: layer3.5.conv2, original output shape: torch.Size([32, 256, 14, 14]), perturbed activation shape: torch.Size([1, 256, 14, 14])
2026-02-13 01:57:44,282 - INFO - Applying perturbation for layer: layer3.5.conv2, original output shape: torch.Size([32, 256, 14, 14]), perturbed activation shape: torch.Size([1, 256, 14, 14])
2026-02-13 01:57:44,307 - INFO - Applying perturbation for layer: layer3.5.conv2, original output shape: torch.Size([32, 256, 14, 14]), perturbed activation shape: torch.Size([1, 256, 14, 14])
2026-02-13 01:57:44,331 - INFO - Applying perturbation for layer: layer3.5.conv2, original output shape: torch.Size([32, 256, 14, 14]), perturbed activation shape: torch.Size([1, 256, 14, 14])
2026-02-13 01:57:44,355 - INFO - Applying perturbation for layer: layer3.5.conv2, original output shape: torch.Size([32, 256, 14, 14]), perturbed activation shape: torch.Size([1, 256, 14, 14])
2026-02-13 01:57:44,379 - INFO - Applying perturbation for layer: layer3.5.conv2, original output shape: torch.Size([32, 256, 14, 14]), perturbed activation shape: torch.Size([1, 256, 14, 14])
2026-02-13 01:57:44,403 - INFO - Applying perturbation for layer: layer3.5.conv2, original output shape: torch.Size([32, 256, 14, 14]), perturbed activation shape: torch.Size([1, 256, 14, 14])
2026-02-13 01:57:44,427 - INFO - Applying perturbation for layer: layer3.5.conv2, original output shape: torch.Size([32, 256, 14, 14]), perturbed activation shape: torch.Size([1, 256, 14, 14])
2026-02-13 01:57:44,451 - INFO - Applying perturbation for layer: layer3.5.conv2, original output shape: torch.Size([32, 256, 14, 14]), perturbed activation shape: torch.Size([1, 256, 14, 14])
2026-02-13 01:57:44,476 - INFO - Applying perturbation for layer: layer3.5.conv2, original output shape: torch.Size([32, 256, 14, 14]), perturbed activation shape: torch.Size([1, 256, 14, 14])
2026-02-13 01:57:44,500 - INFO - Applying perturbation for layer: layer3.5.conv2, original output shape: torch.Size([32, 256, 14, 14]), perturbed activation shape: torch.Size([1, 256, 14, 14])
2026-02-13 01:57:44,524 - INFO - Applying perturbation for layer: layer3.5.conv2, original output shape: torch.Size([32, 256, 14, 14]), perturbed activation shape: torch.Size([1, 256, 14, 14])
2026-02-13 01:57:44,548 - INFO - Applying perturbation for layer: layer3.5.conv2, original output shape: torch.Size([32, 256, 14, 14]), perturbed activation shape: torch.Size([1, 256, 14, 14])
2026-02-13 01:57:44,572 - INFO - Applying perturbation for layer: layer3.5.conv2, original output shape: torch.Size([32, 256, 14, 14]), perturbed activation shape: torch.Size([1, 256, 14, 14])
2026-02-13 01:57:44,596 - INFO - Applying perturbation for layer: layer3.5.conv2, original output shape: torch.Size([32, 256, 14, 14]), perturbed activation shape: torch.Size([1, 256, 14, 14])
2026-02-13 01:57:44,621 - INFO - Applying perturbation for layer: layer3.5.conv2, original output shape: torch.Size([32, 256, 14, 14]), perturbed activation shape: torch.Size([1, 256, 14, 14])
2026-02-13 01:57:44,645 - INFO - Applying perturbation for layer: layer3.5.conv2, original output shape: torch.Size([32, 256, 14, 14]), perturbed activation shape: torch.Size([1, 256, 14, 14])
2026-02-13 01:57:44,669 - INFO - Applying perturbation for layer: layer3.5.conv2, original output shape: torch.Size([32, 256, 14, 14]), perturbed activation shape: torch.Size([1, 256, 14, 14])
2026-02-13 01:57:44,693 - INFO - Applying perturbation for layer: layer3.5.conv2, original output shape: torch.Size([32, 256, 14, 14]), perturbed activation shape: torch.Size([1, 256, 14, 14])
2026-02-13 01:57:44,717 - INFO - Applying perturbation for layer: layer3.5.conv2, original output shape: torch.Size([32, 256, 14, 14]), perturbed activation shape: torch.Size([1, 256, 14, 14])
2026-02-13 01:57:44,742 - INFO - Applying perturbation for layer: layer3.5.conv2, original output shape: torch.Size([32, 256, 14, 14]), perturbed activation shape: torch.Size([1, 256, 14, 14])
2026-02-13 01:57:44,766 - INFO - Applying perturbation for layer: layer3.5.conv2, original output shape: torch.Size([32, 256, 14, 14]), perturbed activation shape: torch.Size([1, 256, 14, 14])
2026-02-13 01:57:44,790 - INFO - Applying perturbation for layer: layer3.5.conv2, original output shape: torch.Size([32, 256, 14, 14]), perturbed activation shape: torch.Size([1, 256, 14, 14])
2026-02-13 01:57:44,814 - INFO - Applying perturbation for layer: layer3.5.conv2, original output shape: torch.Size([32, 256, 14, 14]), perturbed activation shape: torch.Size([1, 256, 14, 14])
2026-02-13 01:57:44,838 - INFO - Applying perturbation for layer: layer3.5.conv2, original output shape: torch.Size([32, 256, 14, 14]), perturbed activation shape: torch.Size([1, 256, 14, 14])
2026-02-13 01:57:44,862 - INFO - Applying perturbation for layer: layer3.5.conv2, original output shape: torch.Size([32, 256, 14, 14]), perturbed activation shape: torch.Size([1, 256, 14, 14])
2026-02-13 01:57:44,886 - INFO - Applying perturbation for layer: layer3.5.conv2, original output shape: torch.Size([32, 256, 14, 14]), perturbed activation shape: torch.Size([1, 256, 14, 14])
2026-02-13 01:57:44,911 - INFO - Applying perturbation for layer: layer3.5.conv2, original output shape: torch.Size([32, 256, 14, 14]), perturbed activation shape: torch.Size([1, 256, 14, 14])
2026-02-13 01:57:44,935 - INFO - Applying perturbation for layer: layer3.5.conv2, original output shape: torch.Size([32, 256, 14, 14]), perturbed activation shape: torch.Size([1, 256, 14, 14])
2026-02-13 01:57:44,959 - INFO - Applying perturbation for layer: layer3.5.conv2, original output shape: torch.Size([32, 256, 14, 14]), perturbed activation shape: torch.Size([1, 256, 14, 14])
2026-02-13 01:57:44,983 - INFO - Applying perturbation for layer: layer3.5.conv2, original output shape: torch.Size([32, 256, 14, 14]), perturbed activation shape: torch.Size([1, 256, 14, 14])
2026-02-13 01:57:45,007 - INFO - Applying perturbation for layer: layer3.5.conv2, original output shape: torch.Size([32, 256, 14, 14]), perturbed activation shape: torch.Size([1, 256, 14, 14])
2026-02-13 01:57:45,031 - INFO - Applying perturbation for layer: layer3.5.conv2, original output shape: torch.Size([32, 256, 14, 14]), perturbed activation shape: torch.Size([1, 256, 14, 14])
2026-02-13 01:57:45,056 - INFO - Applying perturbation for layer: layer3.5.conv2, original output shape: torch.Size([32, 256, 14, 14]), perturbed activation shape: torch.Size([1, 256, 14, 14])
2026-02-13 01:57:45,080 - INFO - Applying perturbation for layer: layer3.5.conv2, original output shape: torch.Size([32, 256, 14, 14]), perturbed activation shape: torch.Size([1, 256, 14, 14])
2026-02-13 01:57:45,104 - INFO - Applying perturbation for layer: layer3.5.conv2, original output shape: torch.Size([32, 256, 14, 14]), perturbed activation shape: torch.Size([1, 256, 14, 14])
2026-02-13 01:57:45,128 - INFO - Applying perturbation for layer: layer3.5.conv2, original output shape: torch.Size([32, 256, 14, 14]), perturbed activation shape: torch.Size([1, 256, 14, 14])
2026-02-13 01:57:45,152 - INFO - Applying perturbation for layer: layer3.5.conv2, original output shape: torch.Size([32, 256, 14, 14]), perturbed activation shape: torch.Size([1, 256, 14, 14])
2026-02-13 01:57:45,176 - INFO - Applying perturbation for layer: layer3.5.conv2, original output shape: torch.Size([32, 256, 14, 14]), perturbed activation shape: torch.Size([1, 256, 14, 14])
2026-02-13 01:57:45,201 - INFO - Applying perturbation for layer: layer3.5.conv2, original output shape: torch.Size([32, 256, 14, 14]), perturbed activation shape: torch.Size([1, 256, 14, 14])
2026-02-13 01:57:45,225 - INFO - Applying perturbation for layer: layer3.5.conv2, original output shape: torch.Size([32, 256, 14, 14]), perturbed activation shape: torch.Size([1, 256, 14, 14])
2026-02-13 01:57:45,249 - INFO - Applying perturbation for layer: layer3.5.conv2, original output shape: torch.Size([32, 256, 14, 14]), perturbed activation shape: torch.Size([1, 256, 14, 14])
2026-02-13 01:57:45,273 - INFO - Applying perturbation for layer: layer3.5.conv2, original output shape: torch.Size([32, 256, 14, 14]), perturbed activation shape: torch.Size([1, 256, 14, 14])
2026-02-13 01:57:45,499 - INFO - ================================================================================
2026-02-13 01:57:45,500 - INFO - Target layer found: layer4.2.conv3
2026-02-13 01:57:45,503 - INFO - Captured activation for layer: layer4.2.conv3,                 activation shape: torch.Size([32, 2048, 7, 7])
2026-02-13 01:57:45,503 - INFO - Captured activation for layer: layer4.2.conv3, activation shape: torch.Size([32, 2048, 7, 7])
2026-02-13 01:57:45,506 - INFO - Captured activation for layer: layer4.2.conv3,                 activation shape: torch.Size([32, 2048, 7, 7])
2026-02-13 01:57:45,506 - INFO - Captured activation for layer: layer4.2.conv3, activation shape: torch.Size([32, 2048, 7, 7])
2026-02-13 01:57:45,508 - INFO - Captured activation for layer: layer4.2.conv3,                 activation shape: torch.Size([32, 2048, 7, 7])
2026-02-13 01:57:45,508 - INFO - Captured activation for layer: layer4.2.conv3, activation shape: torch.Size([32, 2048, 7, 7])
2026-02-13 01:57:45,510 - INFO - Captured activation for layer: layer4.2.conv3,                 activation shape: torch.Size([32, 2048, 7, 7])
2026-02-13 01:57:45,510 - INFO - Captured activation for layer: layer4.2.conv3, activation shape: torch.Size([32, 2048, 7, 7])
2026-02-13 01:57:45,512 - INFO - Captured activation for layer: layer4.2.conv3,                 activation shape: torch.Size([32, 2048, 7, 7])
2026-02-13 01:57:45,512 - INFO - Captured activation for layer: layer4.2.conv3, activation shape: torch.Size([32, 2048, 7, 7])
2026-02-13 01:57:45,519 - INFO - Captured activation for layer: layer4.2.conv3,                 activation shape: torch.Size([32, 2048, 7, 7])
2026-02-13 01:57:45,520 - INFO - Captured activation for layer: layer4.2.conv3, activation shape: torch.Size([32, 2048, 7, 7])
2026-02-13 01:57:45,531 - INFO - Captured activation for layer: layer4.2.conv3,                 activation shape: torch.Size([32, 2048, 7, 7])
2026-02-13 01:57:45,532 - INFO - Captured activation for layer: layer4.2.conv3, activation shape: torch.Size([32, 2048, 7, 7])
2026-02-13 01:57:45,543 - INFO - Captured activation for layer: layer4.2.conv3,                 activation shape: torch.Size([32, 2048, 7, 7])
2026-02-13 01:57:45,549 - INFO - Captured activation for layer: layer4.2.conv3, activation shape: torch.Size([32, 2048, 7, 7])
2026-02-13 01:57:45,555 - INFO - Captured activation for layer: layer4.2.conv3,                 activation shape: torch.Size([32, 2048, 7, 7])
2026-02-13 01:57:45,556 - INFO - Captured activation for layer: layer4.2.conv3, activation shape: torch.Size([32, 2048, 7, 7])
2026-02-13 01:57:45,567 - INFO - Captured activation for layer: layer4.2.conv3,                 activation shape: torch.Size([32, 2048, 7, 7])
2026-02-13 01:57:45,568 - INFO - Captured activation for layer: layer4.2.conv3, activation shape: torch.Size([32, 2048, 7, 7])
2026-02-13 01:57:45,579 - INFO - Captured activation for layer: layer4.2.conv3,                 activation shape: torch.Size([32, 2048, 7, 7])
2026-02-13 01:57:45,580 - INFO - Captured activation for layer: layer4.2.conv3, activation shape: torch.Size([32, 2048, 7, 7])
2026-02-13 01:57:45,591 - INFO - Captured activation for layer: layer4.2.conv3,                 activation shape: torch.Size([32, 2048, 7, 7])
2026-02-13 01:57:45,592 - INFO - Captured activation for layer: layer4.2.conv3, activation shape: torch.Size([32, 2048, 7, 7])
2026-02-13 01:57:45,603 - INFO - Captured activation for layer: layer4.2.conv3,                 activation shape: torch.Size([32, 2048, 7, 7])
2026-02-13 01:57:45,604 - INFO - Captured activation for layer: layer4.2.conv3, activation shape: torch.Size([32, 2048, 7, 7])
2026-02-13 01:57:45,615 - INFO - Captured activation for layer: layer4.2.conv3,                 activation shape: torch.Size([32, 2048, 7, 7])
2026-02-13 01:57:45,616 - INFO - Captured activation for layer: layer4.2.conv3, activation shape: torch.Size([32, 2048, 7, 7])
2026-02-13 01:57:45,627 - INFO - Captured activation for layer: layer4.2.conv3,                 activation shape: torch.Size([32, 2048, 7, 7])
2026-02-13 01:57:45,628 - INFO - Captured activation for layer: layer4.2.conv3, activation shape: torch.Size([32, 2048, 7, 7])
2026-02-13 01:57:45,639 - INFO - Captured activation for layer: layer4.2.conv3,                 activation shape: torch.Size([32, 2048, 7, 7])
2026-02-13 01:57:45,640 - INFO - Captured activation for layer: layer4.2.conv3, activation shape: torch.Size([32, 2048, 7, 7])
2026-02-13 01:57:45,651 - INFO - Captured activation for layer: layer4.2.conv3,                 activation shape: torch.Size([32, 2048, 7, 7])
2026-02-13 01:57:45,652 - INFO - Captured activation for layer: layer4.2.conv3, activation shape: torch.Size([32, 2048, 7, 7])
2026-02-13 01:57:45,663 - INFO - Captured activation for layer: layer4.2.conv3,                 activation shape: torch.Size([32, 2048, 7, 7])
2026-02-13 01:57:45,664 - INFO - Captured activation for layer: layer4.2.conv3, activation shape: torch.Size([32, 2048, 7, 7])
2026-02-13 01:57:45,676 - INFO - Captured activation for layer: layer4.2.conv3,                 activation shape: torch.Size([32, 2048, 7, 7])
2026-02-13 01:57:45,676 - INFO - Captured activation for layer: layer4.2.conv3, activation shape: torch.Size([32, 2048, 7, 7])
2026-02-13 01:57:45,688 - INFO - Captured activation for layer: layer4.2.conv3,                 activation shape: torch.Size([32, 2048, 7, 7])
2026-02-13 01:57:45,688 - INFO - Captured activation for layer: layer4.2.conv3, activation shape: torch.Size([32, 2048, 7, 7])
2026-02-13 01:57:45,700 - INFO - Captured activation for layer: layer4.2.conv3,                 activation shape: torch.Size([32, 2048, 7, 7])
2026-02-13 01:57:45,700 - INFO - Captured activation for layer: layer4.2.conv3, activation shape: torch.Size([32, 2048, 7, 7])
2026-02-13 01:57:45,712 - INFO - Captured activation for layer: layer4.2.conv3,                 activation shape: torch.Size([32, 2048, 7, 7])
2026-02-13 01:57:45,712 - INFO - Captured activation for layer: layer4.2.conv3, activation shape: torch.Size([32, 2048, 7, 7])
2026-02-13 01:57:45,724 - INFO - Captured activation for layer: layer4.2.conv3,                 activation shape: torch.Size([32, 2048, 7, 7])
2026-02-13 01:57:45,724 - INFO - Captured activation for layer: layer4.2.conv3, activation shape: torch.Size([32, 2048, 7, 7])
2026-02-13 01:57:45,736 - INFO - Captured activation for layer: layer4.2.conv3,                 activation shape: torch.Size([32, 2048, 7, 7])
2026-02-13 01:57:45,736 - INFO - Captured activation for layer: layer4.2.conv3, activation shape: torch.Size([32, 2048, 7, 7])
2026-02-13 01:57:45,748 - INFO - Captured activation for layer: layer4.2.conv3,                 activation shape: torch.Size([32, 2048, 7, 7])
2026-02-13 01:57:45,749 - INFO - Captured activation for layer: layer4.2.conv3, activation shape: torch.Size([32, 2048, 7, 7])
2026-02-13 01:57:45,760 - INFO - Captured activation for layer: layer4.2.conv3,                 activation shape: torch.Size([32, 2048, 7, 7])
2026-02-13 01:57:45,761 - INFO - Captured activation for layer: layer4.2.conv3, activation shape: torch.Size([32, 2048, 7, 7])
2026-02-13 01:57:45,772 - INFO - Captured activation for layer: layer4.2.conv3,                 activation shape: torch.Size([32, 2048, 7, 7])
2026-02-13 01:57:45,773 - INFO - Captured activation for layer: layer4.2.conv3, activation shape: torch.Size([32, 2048, 7, 7])
2026-02-13 01:57:45,784 - INFO - Captured activation for layer: layer4.2.conv3,                 activation shape: torch.Size([32, 2048, 7, 7])
2026-02-13 01:57:45,785 - INFO - Captured activation for layer: layer4.2.conv3, activation shape: torch.Size([32, 2048, 7, 7])
2026-02-13 01:57:45,796 - INFO - Captured activation for layer: layer4.2.conv3,                 activation shape: torch.Size([32, 2048, 7, 7])
2026-02-13 01:57:45,797 - INFO - Captured activation for layer: layer4.2.conv3, activation shape: torch.Size([32, 2048, 7, 7])
2026-02-13 01:57:45,808 - INFO - Captured activation for layer: layer4.2.conv3,                 activation shape: torch.Size([32, 2048, 7, 7])
2026-02-13 01:57:45,809 - INFO - Captured activation for layer: layer4.2.conv3, activation shape: torch.Size([32, 2048, 7, 7])
2026-02-13 01:57:45,820 - INFO - Captured activation for layer: layer4.2.conv3,                 activation shape: torch.Size([32, 2048, 7, 7])
2026-02-13 01:57:45,821 - INFO - Captured activation for layer: layer4.2.conv3, activation shape: torch.Size([32, 2048, 7, 7])
2026-02-13 01:57:45,832 - INFO - Captured activation for layer: layer4.2.conv3,                 activation shape: torch.Size([32, 2048, 7, 7])
2026-02-13 01:57:45,833 - INFO - Captured activation for layer: layer4.2.conv3, activation shape: torch.Size([32, 2048, 7, 7])
2026-02-13 01:57:45,845 - INFO - Captured activation for layer: layer4.2.conv3,                 activation shape: torch.Size([32, 2048, 7, 7])
2026-02-13 01:57:45,846 - INFO - Captured activation for layer: layer4.2.conv3, activation shape: torch.Size([32, 2048, 7, 7])
2026-02-13 01:57:45,862 - INFO - Captured activation for layer: layer4.2.conv3,                 activation shape: torch.Size([32, 2048, 7, 7])
2026-02-13 01:57:45,865 - INFO - Captured activation for layer: layer4.2.conv3, activation shape: torch.Size([32, 2048, 7, 7])
2026-02-13 01:57:45,890 - INFO - Captured activation for layer: layer4.2.conv3,                 activation shape: torch.Size([32, 2048, 7, 7])
2026-02-13 01:57:45,893 - INFO - Captured activation for layer: layer4.2.conv3, activation shape: torch.Size([32, 2048, 7, 7])
2026-02-13 01:57:45,923 - INFO - Captured activation for layer: layer4.2.conv3,                 activation shape: torch.Size([32, 2048, 7, 7])
2026-02-13 01:57:45,929 - INFO - Captured activation for layer: layer4.2.conv3, activation shape: torch.Size([32, 2048, 7, 7])
2026-02-13 01:57:45,963 - INFO - Captured activation for layer: layer4.2.conv3,                 activation shape: torch.Size([32, 2048, 7, 7])
2026-02-13 01:57:45,968 - INFO - Captured activation for layer: layer4.2.conv3, activation shape: torch.Size([32, 2048, 7, 7])
2026-02-13 01:57:46,003 - INFO - Captured activation for layer: layer4.2.conv3,                 activation shape: torch.Size([32, 2048, 7, 7])
2026-02-13 01:57:46,008 - INFO - Captured activation for layer: layer4.2.conv3, activation shape: torch.Size([32, 2048, 7, 7])
2026-02-13 01:57:46,043 - INFO - Captured activation for layer: layer4.2.conv3,                 activation shape: torch.Size([32, 2048, 7, 7])
2026-02-13 01:57:46,048 - INFO - Captured activation for layer: layer4.2.conv3, activation shape: torch.Size([32, 2048, 7, 7])
2026-02-13 01:57:46,083 - INFO - Captured activation for layer: layer4.2.conv3,                 activation shape: torch.Size([32, 2048, 7, 7])
2026-02-13 01:57:46,088 - INFO - Captured activation for layer: layer4.2.conv3, activation shape: torch.Size([32, 2048, 7, 7])
2026-02-13 01:57:46,123 - INFO - Captured activation for layer: layer4.2.conv3,                 activation shape: torch.Size([32, 2048, 7, 7])
2026-02-13 01:57:46,128 - INFO - Captured activation for layer: layer4.2.conv3, activation shape: torch.Size([32, 2048, 7, 7])
2026-02-13 01:57:46,163 - INFO - Captured activation for layer: layer4.2.conv3,                 activation shape: torch.Size([32, 2048, 7, 7])
2026-02-13 01:57:46,168 - INFO - Captured activation for layer: layer4.2.conv3, activation shape: torch.Size([32, 2048, 7, 7])
2026-02-13 01:57:46,203 - INFO - Captured activation for layer: layer4.2.conv3,                 activation shape: torch.Size([32, 2048, 7, 7])
2026-02-13 01:57:46,208 - INFO - Captured activation for layer: layer4.2.conv3, activation shape: torch.Size([32, 2048, 7, 7])
2026-02-13 01:57:46,243 - INFO - Captured activation for layer: layer4.2.conv3,                 activation shape: torch.Size([32, 2048, 7, 7])
2026-02-13 01:57:46,248 - INFO - Captured activation for layer: layer4.2.conv3, activation shape: torch.Size([32, 2048, 7, 7])
2026-02-13 01:57:46,283 - INFO - Captured activation for layer: layer4.2.conv3,                 activation shape: torch.Size([32, 2048, 7, 7])
2026-02-13 01:57:46,288 - INFO - Captured activation for layer: layer4.2.conv3, activation shape: torch.Size([32, 2048, 7, 7])
2026-02-13 01:57:46,323 - INFO - Captured activation for layer: layer4.2.conv3,                 activation shape: torch.Size([32, 2048, 7, 7])
2026-02-13 01:57:46,328 - INFO - Captured activation for layer: layer4.2.conv3, activation shape: torch.Size([32, 2048, 7, 7])
2026-02-13 01:57:46,353 - INFO - Captured activation for layer: layer4.2.conv3,                 activation shape: torch.Size([32, 2048, 7, 7])
2026-02-13 01:57:46,356 - INFO - Captured activation for layer: layer4.2.conv3, activation shape: torch.Size([32, 2048, 7, 7])
2026-02-13 01:57:46,379 - INFO - Captured activation for layer: layer4.2.conv3,                 activation shape: torch.Size([32, 2048, 7, 7])
2026-02-13 01:57:46,383 - INFO - Captured activation for layer: layer4.2.conv3, activation shape: torch.Size([32, 2048, 7, 7])
2026-02-13 01:57:46,409 - INFO - Captured activation for layer: layer4.2.conv3,                 activation shape: torch.Size([32, 2048, 7, 7])
2026-02-13 01:57:46,410 - INFO - Captured activation for layer: layer4.2.conv3, activation shape: torch.Size([32, 2048, 7, 7])
2026-02-13 01:57:46,436 - INFO - Captured activation for layer: layer4.2.conv3,                 activation shape: torch.Size([32, 2048, 7, 7])
2026-02-13 01:57:46,436 - INFO - Captured activation for layer: layer4.2.conv3, activation shape: torch.Size([32, 2048, 7, 7])
2026-02-13 01:57:46,463 - INFO - Captured activation for layer: layer4.2.conv3,                 activation shape: torch.Size([32, 2048, 7, 7])
2026-02-13 01:57:46,463 - INFO - Captured activation for layer: layer4.2.conv3, activation shape: torch.Size([32, 2048, 7, 7])
2026-02-13 01:57:46,490 - INFO - Captured activation for layer: layer4.2.conv3,                 activation shape: torch.Size([32, 2048, 7, 7])
2026-02-13 01:57:46,490 - INFO - Captured activation for layer: layer4.2.conv3, activation shape: torch.Size([32, 2048, 7, 7])
2026-02-13 01:57:46,503 - INFO - Captured activation for layer: layer4.2.conv3,                 activation shape: torch.Size([32, 2048, 7, 7])
2026-02-13 01:57:46,505 - INFO - Captured activation for layer: layer4.2.conv3, activation shape: torch.Size([32, 2048, 7, 7])
2026-02-13 01:57:46,517 - INFO - Captured activation for layer: layer4.2.conv3,                 activation shape: torch.Size([32, 2048, 7, 7])
2026-02-13 01:57:46,517 - INFO - Captured activation for layer: layer4.2.conv3, activation shape: torch.Size([32, 2048, 7, 7])
2026-02-13 01:57:46,529 - INFO - Captured activation for layer: layer4.2.conv3,                 activation shape: torch.Size([32, 2048, 7, 7])
2026-02-13 01:57:46,529 - INFO - Captured activation for layer: layer4.2.conv3, activation shape: torch.Size([32, 2048, 7, 7])
2026-02-13 01:57:46,541 - INFO - Captured activation for layer: layer4.2.conv3,                 activation shape: torch.Size([32, 2048, 7, 7])
2026-02-13 01:57:46,541 - INFO - Captured activation for layer: layer4.2.conv3, activation shape: torch.Size([32, 2048, 7, 7])
2026-02-13 01:57:46,553 - INFO - Captured activation for layer: layer4.2.conv3,                 activation shape: torch.Size([32, 2048, 7, 7])
2026-02-13 01:57:46,554 - INFO - Captured activation for layer: layer4.2.conv3, activation shape: torch.Size([32, 2048, 7, 7])
2026-02-13 01:57:46,565 - INFO - Captured activation for layer: layer4.2.conv3,                 activation shape: torch.Size([32, 2048, 7, 7])
2026-02-13 01:57:46,566 - INFO - Captured activation for layer: layer4.2.conv3, activation shape: torch.Size([32, 2048, 7, 7])
2026-02-13 01:57:46,577 - INFO - Captured activation for layer: layer4.2.conv3,                 activation shape: torch.Size([32, 2048, 7, 7])
2026-02-13 01:57:46,578 - INFO - Captured activation for layer: layer4.2.conv3, activation shape: torch.Size([32, 2048, 7, 7])
2026-02-13 01:57:46,589 - INFO - Captured activation for layer: layer4.2.conv3,                 activation shape: torch.Size([32, 2048, 7, 7])
2026-02-13 01:57:46,590 - INFO - Captured activation for layer: layer4.2.conv3, activation shape: torch.Size([32, 2048, 7, 7])
2026-02-13 01:57:46,601 - INFO - Captured activation for layer: layer4.2.conv3,                 activation shape: torch.Size([32, 2048, 7, 7])
2026-02-13 01:57:46,602 - INFO - Captured activation for layer: layer4.2.conv3, activation shape: torch.Size([32, 2048, 7, 7])
2026-02-13 01:57:46,614 - INFO - Captured activation for layer: layer4.2.conv3,                 activation shape: torch.Size([32, 2048, 7, 7])
2026-02-13 01:57:46,614 - INFO - Captured activation for layer: layer4.2.conv3, activation shape: torch.Size([32, 2048, 7, 7])
2026-02-13 01:57:46,626 - INFO - Captured activation for layer: layer4.2.conv3,                 activation shape: torch.Size([32, 2048, 7, 7])
2026-02-13 01:57:46,626 - INFO - Captured activation for layer: layer4.2.conv3, activation shape: torch.Size([32, 2048, 7, 7])
2026-02-13 01:57:46,638 - INFO - Captured activation for layer: layer4.2.conv3,                 activation shape: torch.Size([32, 2048, 7, 7])
2026-02-13 01:57:46,639 - INFO - Captured activation for layer: layer4.2.conv3, activation shape: torch.Size([32, 2048, 7, 7])
2026-02-13 01:57:46,650 - INFO - Captured activation for layer: layer4.2.conv3,                 activation shape: torch.Size([32, 2048, 7, 7])
2026-02-13 01:57:46,651 - INFO - Captured activation for layer: layer4.2.conv3, activation shape: torch.Size([32, 2048, 7, 7])
2026-02-13 01:57:46,662 - INFO - Captured activation for layer: layer4.2.conv3,                 activation shape: torch.Size([32, 2048, 7, 7])
2026-02-13 01:57:46,663 - INFO - Captured activation for layer: layer4.2.conv3, activation shape: torch.Size([32, 2048, 7, 7])
2026-02-13 01:57:46,663 - INFO - Stacked activations shape for layer layer4.2.conv3: torch.Size([2112, 2048, 7, 7])
2026-02-13 01:57:46,663 - INFO - Using mean replacement for perturbation.
2026-02-13 01:57:46,720 - INFO - Perturbed activation  values: tensor([-0.0149, -0.0122, -0.0079,  ..., -0.0084, -0.0087, -0.0067],
       device='cuda:0')
2026-02-13 01:57:46,722 - INFO - Standard deviation of activations for layer layer4.2.conv3: 0.0117
2026-02-13 01:57:46,722 - INFO - Checking normality of activations for layer layer4.2.conv3 using Shapiro-Wilk test.
2026-02-13 01:57:53,346 - INFO - Shapiro-Wilk test: statistic=0.9470, p-value=4.0053e-39
2026-02-13 01:57:53,346 - INFO - Normally distributed: False
2026-02-13 01:57:53,346 - INFO - Perturbed activation shape: torch.Size([1, 2048, 7, 7]), Std activation shape: torch.Size([1, 2048, 7, 7])
2026-02-13 01:57:53,348 - INFO - Std activation sample values: tensor([0.0118, 0.0109, 0.0100, 0.0091, 0.0093], device='cuda:0')
2026-02-13 01:57:53,355 - INFO - Applying perturbation for layer: layer4.2.conv3, original output shape: torch.Size([32, 2048, 7, 7]), perturbed activation shape: torch.Size([1, 2048, 7, 7])
2026-02-13 01:57:53,359 - INFO - Applying perturbation for layer: layer4.2.conv3, original output shape: torch.Size([32, 2048, 7, 7]), perturbed activation shape: torch.Size([1, 2048, 7, 7])
2026-02-13 01:57:53,370 - INFO - Applying perturbation for layer: layer4.2.conv3, original output shape: torch.Size([32, 2048, 7, 7]), perturbed activation shape: torch.Size([1, 2048, 7, 7])
2026-02-13 01:57:53,394 - INFO - Applying perturbation for layer: layer4.2.conv3, original output shape: torch.Size([32, 2048, 7, 7]), perturbed activation shape: torch.Size([1, 2048, 7, 7])
2026-02-13 01:57:53,418 - INFO - Applying perturbation for layer: layer4.2.conv3, original output shape: torch.Size([32, 2048, 7, 7]), perturbed activation shape: torch.Size([1, 2048, 7, 7])
2026-02-13 01:57:53,442 - INFO - Applying perturbation for layer: layer4.2.conv3, original output shape: torch.Size([32, 2048, 7, 7]), perturbed activation shape: torch.Size([1, 2048, 7, 7])
2026-02-13 01:57:53,466 - INFO - Applying perturbation for layer: layer4.2.conv3, original output shape: torch.Size([32, 2048, 7, 7]), perturbed activation shape: torch.Size([1, 2048, 7, 7])
2026-02-13 01:57:53,490 - INFO - Applying perturbation for layer: layer4.2.conv3, original output shape: torch.Size([32, 2048, 7, 7]), perturbed activation shape: torch.Size([1, 2048, 7, 7])
2026-02-13 01:57:53,514 - INFO - Applying perturbation for layer: layer4.2.conv3, original output shape: torch.Size([32, 2048, 7, 7]), perturbed activation shape: torch.Size([1, 2048, 7, 7])
2026-02-13 01:57:53,538 - INFO - Applying perturbation for layer: layer4.2.conv3, original output shape: torch.Size([32, 2048, 7, 7]), perturbed activation shape: torch.Size([1, 2048, 7, 7])
2026-02-13 01:57:53,562 - INFO - Applying perturbation for layer: layer4.2.conv3, original output shape: torch.Size([32, 2048, 7, 7]), perturbed activation shape: torch.Size([1, 2048, 7, 7])
2026-02-13 01:57:53,586 - INFO - Applying perturbation for layer: layer4.2.conv3, original output shape: torch.Size([32, 2048, 7, 7]), perturbed activation shape: torch.Size([1, 2048, 7, 7])
2026-02-13 01:57:53,610 - INFO - Applying perturbation for layer: layer4.2.conv3, original output shape: torch.Size([32, 2048, 7, 7]), perturbed activation shape: torch.Size([1, 2048, 7, 7])
2026-02-13 01:57:53,634 - INFO - Applying perturbation for layer: layer4.2.conv3, original output shape: torch.Size([32, 2048, 7, 7]), perturbed activation shape: torch.Size([1, 2048, 7, 7])
2026-02-13 01:57:53,658 - INFO - Applying perturbation for layer: layer4.2.conv3, original output shape: torch.Size([32, 2048, 7, 7]), perturbed activation shape: torch.Size([1, 2048, 7, 7])
2026-02-13 01:57:53,683 - INFO - Applying perturbation for layer: layer4.2.conv3, original output shape: torch.Size([32, 2048, 7, 7]), perturbed activation shape: torch.Size([1, 2048, 7, 7])
2026-02-13 01:57:53,707 - INFO - Applying perturbation for layer: layer4.2.conv3, original output shape: torch.Size([32, 2048, 7, 7]), perturbed activation shape: torch.Size([1, 2048, 7, 7])
2026-02-13 01:57:53,731 - INFO - Applying perturbation for layer: layer4.2.conv3, original output shape: torch.Size([32, 2048, 7, 7]), perturbed activation shape: torch.Size([1, 2048, 7, 7])
2026-02-13 01:57:53,755 - INFO - Applying perturbation for layer: layer4.2.conv3, original output shape: torch.Size([32, 2048, 7, 7]), perturbed activation shape: torch.Size([1, 2048, 7, 7])
2026-02-13 01:57:53,779 - INFO - Applying perturbation for layer: layer4.2.conv3, original output shape: torch.Size([32, 2048, 7, 7]), perturbed activation shape: torch.Size([1, 2048, 7, 7])
2026-02-13 01:57:53,803 - INFO - Applying perturbation for layer: layer4.2.conv3, original output shape: torch.Size([32, 2048, 7, 7]), perturbed activation shape: torch.Size([1, 2048, 7, 7])
2026-02-13 01:57:53,829 - INFO - Applying perturbation for layer: layer4.2.conv3, original output shape: torch.Size([32, 2048, 7, 7]), perturbed activation shape: torch.Size([1, 2048, 7, 7])
2026-02-13 01:57:53,883 - INFO - Applying perturbation for layer: layer4.2.conv3, original output shape: torch.Size([32, 2048, 7, 7]), perturbed activation shape: torch.Size([1, 2048, 7, 7])
2026-02-13 01:57:53,936 - INFO - Applying perturbation for layer: layer4.2.conv3, original output shape: torch.Size([32, 2048, 7, 7]), perturbed activation shape: torch.Size([1, 2048, 7, 7])
2026-02-13 01:57:53,990 - INFO - Applying perturbation for layer: layer4.2.conv3, original output shape: torch.Size([32, 2048, 7, 7]), perturbed activation shape: torch.Size([1, 2048, 7, 7])
2026-02-13 01:57:54,043 - INFO - Applying perturbation for layer: layer4.2.conv3, original output shape: torch.Size([32, 2048, 7, 7]), perturbed activation shape: torch.Size([1, 2048, 7, 7])
2026-02-13 01:57:54,097 - INFO - Applying perturbation for layer: layer4.2.conv3, original output shape: torch.Size([32, 2048, 7, 7]), perturbed activation shape: torch.Size([1, 2048, 7, 7])
2026-02-13 01:57:54,150 - INFO - Applying perturbation for layer: layer4.2.conv3, original output shape: torch.Size([32, 2048, 7, 7]), perturbed activation shape: torch.Size([1, 2048, 7, 7])
2026-02-13 01:57:54,204 - INFO - Applying perturbation for layer: layer4.2.conv3, original output shape: torch.Size([32, 2048, 7, 7]), perturbed activation shape: torch.Size([1, 2048, 7, 7])
2026-02-13 01:57:54,257 - INFO - Applying perturbation for layer: layer4.2.conv3, original output shape: torch.Size([32, 2048, 7, 7]), perturbed activation shape: torch.Size([1, 2048, 7, 7])
2026-02-13 01:57:54,310 - INFO - Applying perturbation for layer: layer4.2.conv3, original output shape: torch.Size([32, 2048, 7, 7]), perturbed activation shape: torch.Size([1, 2048, 7, 7])
2026-02-13 01:57:54,337 - INFO - Applying perturbation for layer: layer4.2.conv3, original output shape: torch.Size([32, 2048, 7, 7]), perturbed activation shape: torch.Size([1, 2048, 7, 7])
2026-02-13 01:57:54,361 - INFO - Applying perturbation for layer: layer4.2.conv3, original output shape: torch.Size([32, 2048, 7, 7]), perturbed activation shape: torch.Size([1, 2048, 7, 7])
2026-02-13 01:57:54,385 - INFO - Applying perturbation for layer: layer4.2.conv3, original output shape: torch.Size([32, 2048, 7, 7]), perturbed activation shape: torch.Size([1, 2048, 7, 7])
2026-02-13 01:57:54,410 - INFO - Applying perturbation for layer: layer4.2.conv3, original output shape: torch.Size([32, 2048, 7, 7]), perturbed activation shape: torch.Size([1, 2048, 7, 7])
2026-02-13 01:57:54,434 - INFO - Applying perturbation for layer: layer4.2.conv3, original output shape: torch.Size([32, 2048, 7, 7]), perturbed activation shape: torch.Size([1, 2048, 7, 7])
2026-02-13 01:57:54,458 - INFO - Applying perturbation for layer: layer4.2.conv3, original output shape: torch.Size([32, 2048, 7, 7]), perturbed activation shape: torch.Size([1, 2048, 7, 7])
2026-02-13 01:57:54,482 - INFO - Applying perturbation for layer: layer4.2.conv3, original output shape: torch.Size([32, 2048, 7, 7]), perturbed activation shape: torch.Size([1, 2048, 7, 7])
2026-02-13 01:57:54,506 - INFO - Applying perturbation for layer: layer4.2.conv3, original output shape: torch.Size([32, 2048, 7, 7]), perturbed activation shape: torch.Size([1, 2048, 7, 7])
2026-02-13 01:57:54,530 - INFO - Applying perturbation for layer: layer4.2.conv3, original output shape: torch.Size([32, 2048, 7, 7]), perturbed activation shape: torch.Size([1, 2048, 7, 7])
2026-02-13 01:57:54,554 - INFO - Applying perturbation for layer: layer4.2.conv3, original output shape: torch.Size([32, 2048, 7, 7]), perturbed activation shape: torch.Size([1, 2048, 7, 7])
2026-02-13 01:57:54,579 - INFO - Applying perturbation for layer: layer4.2.conv3, original output shape: torch.Size([32, 2048, 7, 7]), perturbed activation shape: torch.Size([1, 2048, 7, 7])
2026-02-13 01:57:54,603 - INFO - Applying perturbation for layer: layer4.2.conv3, original output shape: torch.Size([32, 2048, 7, 7]), perturbed activation shape: torch.Size([1, 2048, 7, 7])
2026-02-13 01:57:54,627 - INFO - Applying perturbation for layer: layer4.2.conv3, original output shape: torch.Size([32, 2048, 7, 7]), perturbed activation shape: torch.Size([1, 2048, 7, 7])
2026-02-13 01:57:54,651 - INFO - Applying perturbation for layer: layer4.2.conv3, original output shape: torch.Size([32, 2048, 7, 7]), perturbed activation shape: torch.Size([1, 2048, 7, 7])
2026-02-13 01:57:54,675 - INFO - Applying perturbation for layer: layer4.2.conv3, original output shape: torch.Size([32, 2048, 7, 7]), perturbed activation shape: torch.Size([1, 2048, 7, 7])
2026-02-13 01:57:54,699 - INFO - Applying perturbation for layer: layer4.2.conv3, original output shape: torch.Size([32, 2048, 7, 7]), perturbed activation shape: torch.Size([1, 2048, 7, 7])
2026-02-13 01:57:54,723 - INFO - Applying perturbation for layer: layer4.2.conv3, original output shape: torch.Size([32, 2048, 7, 7]), perturbed activation shape: torch.Size([1, 2048, 7, 7])
2026-02-13 01:57:54,748 - INFO - Applying perturbation for layer: layer4.2.conv3, original output shape: torch.Size([32, 2048, 7, 7]), perturbed activation shape: torch.Size([1, 2048, 7, 7])
2026-02-13 01:57:54,772 - INFO - Applying perturbation for layer: layer4.2.conv3, original output shape: torch.Size([32, 2048, 7, 7]), perturbed activation shape: torch.Size([1, 2048, 7, 7])
2026-02-13 01:57:54,808 - INFO - Applying perturbation for layer: layer4.2.conv3, original output shape: torch.Size([32, 2048, 7, 7]), perturbed activation shape: torch.Size([1, 2048, 7, 7])
2026-02-13 01:57:54,861 - INFO - Applying perturbation for layer: layer4.2.conv3, original output shape: torch.Size([32, 2048, 7, 7]), perturbed activation shape: torch.Size([1, 2048, 7, 7])
2026-02-13 01:57:54,915 - INFO - Applying perturbation for layer: layer4.2.conv3, original output shape: torch.Size([32, 2048, 7, 7]), perturbed activation shape: torch.Size([1, 2048, 7, 7])
2026-02-13 01:57:54,961 - INFO - Applying perturbation for layer: layer4.2.conv3, original output shape: torch.Size([32, 2048, 7, 7]), perturbed activation shape: torch.Size([1, 2048, 7, 7])
2026-02-13 01:57:54,986 - INFO - Applying perturbation for layer: layer4.2.conv3, original output shape: torch.Size([32, 2048, 7, 7]), perturbed activation shape: torch.Size([1, 2048, 7, 7])
2026-02-13 01:57:55,010 - INFO - Applying perturbation for layer: layer4.2.conv3, original output shape: torch.Size([32, 2048, 7, 7]), perturbed activation shape: torch.Size([1, 2048, 7, 7])
2026-02-13 01:57:55,034 - INFO - Applying perturbation for layer: layer4.2.conv3, original output shape: torch.Size([32, 2048, 7, 7]), perturbed activation shape: torch.Size([1, 2048, 7, 7])
2026-02-13 01:57:55,058 - INFO - Applying perturbation for layer: layer4.2.conv3, original output shape: torch.Size([32, 2048, 7, 7]), perturbed activation shape: torch.Size([1, 2048, 7, 7])
2026-02-13 01:57:55,082 - INFO - Applying perturbation for layer: layer4.2.conv3, original output shape: torch.Size([32, 2048, 7, 7]), perturbed activation shape: torch.Size([1, 2048, 7, 7])
2026-02-13 01:57:55,106 - INFO - Applying perturbation for layer: layer4.2.conv3, original output shape: torch.Size([32, 2048, 7, 7]), perturbed activation shape: torch.Size([1, 2048, 7, 7])
2026-02-13 01:57:55,130 - INFO - Applying perturbation for layer: layer4.2.conv3, original output shape: torch.Size([32, 2048, 7, 7]), perturbed activation shape: torch.Size([1, 2048, 7, 7])
2026-02-13 01:57:55,154 - INFO - Applying perturbation for layer: layer4.2.conv3, original output shape: torch.Size([32, 2048, 7, 7]), perturbed activation shape: torch.Size([1, 2048, 7, 7])
2026-02-13 01:57:55,178 - INFO - Applying perturbation for layer: layer4.2.conv3, original output shape: torch.Size([32, 2048, 7, 7]), perturbed activation shape: torch.Size([1, 2048, 7, 7])
2026-02-13 01:57:55,203 - INFO - Applying perturbation for layer: layer4.2.conv3, original output shape: torch.Size([32, 2048, 7, 7]), perturbed activation shape: torch.Size([1, 2048, 7, 7])
2026-02-13 01:57:55,227 - INFO - Applying perturbation for layer: layer4.2.conv3, original output shape: torch.Size([32, 2048, 7, 7]), perturbed activation shape: torch.Size([1, 2048, 7, 7])
2026-02-13 01:57:55,251 - INFO - Applying perturbation for layer: layer4.2.conv3, original output shape: torch.Size([32, 2048, 7, 7]), perturbed activation shape: torch.Size([1, 2048, 7, 7])
2026-02-13 01:57:55,474 - INFO - ================================================================================
2026-02-13 01:57:55,475 - INFO - Target layer found: layer3.5.conv2
2026-02-13 01:57:55,477 - INFO - Captured activation for layer: layer3.5.conv2,                 activation shape: torch.Size([32, 256, 14, 14])
2026-02-13 01:57:55,478 - INFO - Captured activation for layer: layer3.5.conv2, activation shape: torch.Size([32, 256, 14, 14])
2026-02-13 01:57:55,480 - INFO - Captured activation for layer: layer3.5.conv2,                 activation shape: torch.Size([32, 256, 14, 14])
2026-02-13 01:57:55,481 - INFO - Captured activation for layer: layer3.5.conv2, activation shape: torch.Size([32, 256, 14, 14])
2026-02-13 01:57:55,482 - INFO - Captured activation for layer: layer3.5.conv2,                 activation shape: torch.Size([32, 256, 14, 14])
2026-02-13 01:57:55,483 - INFO - Captured activation for layer: layer3.5.conv2, activation shape: torch.Size([32, 256, 14, 14])
2026-02-13 01:57:55,484 - INFO - Captured activation for layer: layer3.5.conv2,                 activation shape: torch.Size([32, 256, 14, 14])
2026-02-13 01:57:55,485 - INFO - Captured activation for layer: layer3.5.conv2, activation shape: torch.Size([32, 256, 14, 14])
2026-02-13 01:57:55,486 - INFO - Captured activation for layer: layer3.5.conv2,                 activation shape: torch.Size([32, 256, 14, 14])
2026-02-13 01:57:55,491 - INFO - Captured activation for layer: layer3.5.conv2, activation shape: torch.Size([32, 256, 14, 14])
2026-02-13 01:57:55,505 - INFO - Captured activation for layer: layer3.5.conv2,                 activation shape: torch.Size([32, 256, 14, 14])
2026-02-13 01:57:55,518 - INFO - Captured activation for layer: layer3.5.conv2, activation shape: torch.Size([32, 256, 14, 14])
2026-02-13 01:57:55,531 - INFO - Captured activation for layer: layer3.5.conv2,                 activation shape: torch.Size([32, 256, 14, 14])
2026-02-13 01:57:55,544 - INFO - Captured activation for layer: layer3.5.conv2, activation shape: torch.Size([32, 256, 14, 14])
2026-02-13 01:57:55,558 - INFO - Captured activation for layer: layer3.5.conv2,                 activation shape: torch.Size([32, 256, 14, 14])
2026-02-13 01:57:55,571 - INFO - Captured activation for layer: layer3.5.conv2, activation shape: torch.Size([32, 256, 14, 14])
2026-02-13 01:57:55,584 - INFO - Captured activation for layer: layer3.5.conv2,                 activation shape: torch.Size([32, 256, 14, 14])
2026-02-13 01:57:55,597 - INFO - Captured activation for layer: layer3.5.conv2, activation shape: torch.Size([32, 256, 14, 14])
2026-02-13 01:57:55,611 - INFO - Captured activation for layer: layer3.5.conv2,                 activation shape: torch.Size([32, 256, 14, 14])
2026-02-13 01:57:55,624 - INFO - Captured activation for layer: layer3.5.conv2, activation shape: torch.Size([32, 256, 14, 14])
2026-02-13 01:57:55,637 - INFO - Captured activation for layer: layer3.5.conv2,                 activation shape: torch.Size([32, 256, 14, 14])
2026-02-13 01:57:55,651 - INFO - Captured activation for layer: layer3.5.conv2, activation shape: torch.Size([32, 256, 14, 14])
2026-02-13 01:57:55,664 - INFO - Captured activation for layer: layer3.5.conv2,                 activation shape: torch.Size([32, 256, 14, 14])
2026-02-13 01:57:55,677 - INFO - Captured activation for layer: layer3.5.conv2, activation shape: torch.Size([32, 256, 14, 14])
2026-02-13 01:57:55,690 - INFO - Captured activation for layer: layer3.5.conv2,                 activation shape: torch.Size([32, 256, 14, 14])
2026-02-13 01:57:55,702 - INFO - Captured activation for layer: layer3.5.conv2, activation shape: torch.Size([32, 256, 14, 14])
2026-02-13 01:57:55,708 - INFO - Captured activation for layer: layer3.5.conv2,                 activation shape: torch.Size([32, 256, 14, 14])
2026-02-13 01:57:55,714 - INFO - Captured activation for layer: layer3.5.conv2, activation shape: torch.Size([32, 256, 14, 14])
2026-02-13 01:57:55,720 - INFO - Captured activation for layer: layer3.5.conv2,                 activation shape: torch.Size([32, 256, 14, 14])
2026-02-13 01:57:55,726 - INFO - Captured activation for layer: layer3.5.conv2, activation shape: torch.Size([32, 256, 14, 14])
2026-02-13 01:57:55,732 - INFO - Captured activation for layer: layer3.5.conv2,                 activation shape: torch.Size([32, 256, 14, 14])
2026-02-13 01:57:55,738 - INFO - Captured activation for layer: layer3.5.conv2, activation shape: torch.Size([32, 256, 14, 14])
2026-02-13 01:57:55,744 - INFO - Captured activation for layer: layer3.5.conv2,                 activation shape: torch.Size([32, 256, 14, 14])
2026-02-13 01:57:55,750 - INFO - Captured activation for layer: layer3.5.conv2, activation shape: torch.Size([32, 256, 14, 14])
2026-02-13 01:57:55,756 - INFO - Captured activation for layer: layer3.5.conv2,                 activation shape: torch.Size([32, 256, 14, 14])
2026-02-13 01:57:55,763 - INFO - Captured activation for layer: layer3.5.conv2, activation shape: torch.Size([32, 256, 14, 14])
2026-02-13 01:57:55,769 - INFO - Captured activation for layer: layer3.5.conv2,                 activation shape: torch.Size([32, 256, 14, 14])
2026-02-13 01:57:55,775 - INFO - Captured activation for layer: layer3.5.conv2, activation shape: torch.Size([32, 256, 14, 14])
2026-02-13 01:57:55,781 - INFO - Captured activation for layer: layer3.5.conv2,                 activation shape: torch.Size([32, 256, 14, 14])
2026-02-13 01:57:55,788 - INFO - Captured activation for layer: layer3.5.conv2, activation shape: torch.Size([32, 256, 14, 14])
2026-02-13 01:57:55,794 - INFO - Captured activation for layer: layer3.5.conv2,                 activation shape: torch.Size([32, 256, 14, 14])
2026-02-13 01:57:55,800 - INFO - Captured activation for layer: layer3.5.conv2, activation shape: torch.Size([32, 256, 14, 14])
2026-02-13 01:57:55,806 - INFO - Captured activation for layer: layer3.5.conv2,                 activation shape: torch.Size([32, 256, 14, 14])
2026-02-13 01:57:55,812 - INFO - Captured activation for layer: layer3.5.conv2, activation shape: torch.Size([32, 256, 14, 14])
2026-02-13 01:57:55,818 - INFO - Captured activation for layer: layer3.5.conv2,                 activation shape: torch.Size([32, 256, 14, 14])
2026-02-13 01:57:55,824 - INFO - Captured activation for layer: layer3.5.conv2, activation shape: torch.Size([32, 256, 14, 14])
2026-02-13 01:57:55,830 - INFO - Captured activation for layer: layer3.5.conv2,                 activation shape: torch.Size([32, 256, 14, 14])
2026-02-13 01:57:55,836 - INFO - Captured activation for layer: layer3.5.conv2, activation shape: torch.Size([32, 256, 14, 14])
2026-02-13 01:57:55,842 - INFO - Captured activation for layer: layer3.5.conv2,                 activation shape: torch.Size([32, 256, 14, 14])
2026-02-13 01:57:55,848 - INFO - Captured activation for layer: layer3.5.conv2, activation shape: torch.Size([32, 256, 14, 14])
2026-02-13 01:57:55,854 - INFO - Captured activation for layer: layer3.5.conv2,                 activation shape: torch.Size([32, 256, 14, 14])
2026-02-13 01:57:55,860 - INFO - Captured activation for layer: layer3.5.conv2, activation shape: torch.Size([32, 256, 14, 14])
2026-02-13 01:57:55,866 - INFO - Captured activation for layer: layer3.5.conv2,                 activation shape: torch.Size([32, 256, 14, 14])
2026-02-13 01:57:55,872 - INFO - Captured activation for layer: layer3.5.conv2, activation shape: torch.Size([32, 256, 14, 14])
2026-02-13 01:57:55,878 - INFO - Captured activation for layer: layer3.5.conv2,                 activation shape: torch.Size([32, 256, 14, 14])
2026-02-13 01:57:55,884 - INFO - Captured activation for layer: layer3.5.conv2, activation shape: torch.Size([32, 256, 14, 14])
2026-02-13 01:57:55,890 - INFO - Captured activation for layer: layer3.5.conv2,                 activation shape: torch.Size([32, 256, 14, 14])
2026-02-13 01:57:55,896 - INFO - Captured activation for layer: layer3.5.conv2, activation shape: torch.Size([32, 256, 14, 14])
2026-02-13 01:57:55,902 - INFO - Captured activation for layer: layer3.5.conv2,                 activation shape: torch.Size([32, 256, 14, 14])
2026-02-13 01:57:55,908 - INFO - Captured activation for layer: layer3.5.conv2, activation shape: torch.Size([32, 256, 14, 14])
2026-02-13 01:57:55,914 - INFO - Captured activation for layer: layer3.5.conv2,                 activation shape: torch.Size([32, 256, 14, 14])
2026-02-13 01:57:55,920 - INFO - Captured activation for layer: layer3.5.conv2, activation shape: torch.Size([32, 256, 14, 14])
2026-02-13 01:57:55,926 - INFO - Captured activation for layer: layer3.5.conv2,                 activation shape: torch.Size([32, 256, 14, 14])
2026-02-13 01:57:55,932 - INFO - Captured activation for layer: layer3.5.conv2, activation shape: torch.Size([32, 256, 14, 14])
2026-02-13 01:57:55,938 - INFO - Captured activation for layer: layer3.5.conv2,                 activation shape: torch.Size([32, 256, 14, 14])
2026-02-13 01:57:55,944 - INFO - Captured activation for layer: layer3.5.conv2, activation shape: torch.Size([32, 256, 14, 14])
2026-02-13 01:57:55,950 - INFO - Captured activation for layer: layer3.5.conv2,                 activation shape: torch.Size([32, 256, 14, 14])
2026-02-13 01:57:55,957 - INFO - Captured activation for layer: layer3.5.conv2, activation shape: torch.Size([32, 256, 14, 14])
2026-02-13 01:57:55,962 - INFO - Captured activation for layer: layer3.5.conv2,                 activation shape: torch.Size([32, 256, 14, 14])
2026-02-13 01:57:55,969 - INFO - Captured activation for layer: layer3.5.conv2, activation shape: torch.Size([32, 256, 14, 14])
2026-02-13 01:57:55,974 - INFO - Captured activation for layer: layer3.5.conv2,                 activation shape: torch.Size([32, 256, 14, 14])
2026-02-13 01:57:55,981 - INFO - Captured activation for layer: layer3.5.conv2, activation shape: torch.Size([32, 256, 14, 14])
2026-02-13 01:57:55,987 - INFO - Captured activation for layer: layer3.5.conv2,                 activation shape: torch.Size([32, 256, 14, 14])
2026-02-13 01:57:55,993 - INFO - Captured activation for layer: layer3.5.conv2, activation shape: torch.Size([32, 256, 14, 14])
2026-02-13 01:57:55,999 - INFO - Captured activation for layer: layer3.5.conv2,                 activation shape: torch.Size([32, 256, 14, 14])
2026-02-13 01:57:56,005 - INFO - Captured activation for layer: layer3.5.conv2, activation shape: torch.Size([32, 256, 14, 14])
2026-02-13 01:57:56,011 - INFO - Captured activation for layer: layer3.5.conv2,                 activation shape: torch.Size([32, 256, 14, 14])
2026-02-13 01:57:56,017 - INFO - Captured activation for layer: layer3.5.conv2, activation shape: torch.Size([32, 256, 14, 14])
2026-02-13 01:57:56,023 - INFO - Captured activation for layer: layer3.5.conv2,                 activation shape: torch.Size([32, 256, 14, 14])
2026-02-13 01:57:56,029 - INFO - Captured activation for layer: layer3.5.conv2, activation shape: torch.Size([32, 256, 14, 14])
2026-02-13 01:57:56,035 - INFO - Captured activation for layer: layer3.5.conv2,                 activation shape: torch.Size([32, 256, 14, 14])
2026-02-13 01:57:56,041 - INFO - Captured activation for layer: layer3.5.conv2, activation shape: torch.Size([32, 256, 14, 14])
2026-02-13 01:57:56,047 - INFO - Captured activation for layer: layer3.5.conv2,                 activation shape: torch.Size([32, 256, 14, 14])
2026-02-13 01:57:56,053 - INFO - Captured activation for layer: layer3.5.conv2, activation shape: torch.Size([32, 256, 14, 14])
2026-02-13 01:57:56,059 - INFO - Captured activation for layer: layer3.5.conv2,                 activation shape: torch.Size([32, 256, 14, 14])
2026-02-13 01:57:56,065 - INFO - Captured activation for layer: layer3.5.conv2, activation shape: torch.Size([32, 256, 14, 14])
2026-02-13 01:57:56,071 - INFO - Captured activation for layer: layer3.5.conv2,                 activation shape: torch.Size([32, 256, 14, 14])
2026-02-13 01:57:56,077 - INFO - Captured activation for layer: layer3.5.conv2, activation shape: torch.Size([32, 256, 14, 14])
2026-02-13 01:57:56,083 - INFO - Captured activation for layer: layer3.5.conv2,                 activation shape: torch.Size([32, 256, 14, 14])
2026-02-13 01:57:56,089 - INFO - Captured activation for layer: layer3.5.conv2, activation shape: torch.Size([32, 256, 14, 14])
2026-02-13 01:57:56,095 - INFO - Captured activation for layer: layer3.5.conv2,                 activation shape: torch.Size([32, 256, 14, 14])
2026-02-13 01:57:56,101 - INFO - Captured activation for layer: layer3.5.conv2, activation shape: torch.Size([32, 256, 14, 14])
2026-02-13 01:57:56,107 - INFO - Captured activation for layer: layer3.5.conv2,                 activation shape: torch.Size([32, 256, 14, 14])
2026-02-13 01:57:56,113 - INFO - Captured activation for layer: layer3.5.conv2, activation shape: torch.Size([32, 256, 14, 14])
2026-02-13 01:57:56,119 - INFO - Captured activation for layer: layer3.5.conv2,                 activation shape: torch.Size([32, 256, 14, 14])
2026-02-13 01:57:56,125 - INFO - Captured activation for layer: layer3.5.conv2, activation shape: torch.Size([32, 256, 14, 14])
2026-02-13 01:57:56,131 - INFO - Captured activation for layer: layer3.5.conv2,                 activation shape: torch.Size([32, 256, 14, 14])
2026-02-13 01:57:56,137 - INFO - Captured activation for layer: layer3.5.conv2, activation shape: torch.Size([32, 256, 14, 14])
2026-02-13 01:57:56,143 - INFO - Captured activation for layer: layer3.5.conv2,                 activation shape: torch.Size([32, 256, 14, 14])
2026-02-13 01:57:56,150 - INFO - Captured activation for layer: layer3.5.conv2, activation shape: torch.Size([32, 256, 14, 14])
2026-02-13 01:57:56,156 - INFO - Captured activation for layer: layer3.5.conv2,                 activation shape: torch.Size([32, 256, 14, 14])
2026-02-13 01:57:56,162 - INFO - Captured activation for layer: layer3.5.conv2, activation shape: torch.Size([32, 256, 14, 14])
2026-02-13 01:57:56,168 - INFO - Captured activation for layer: layer3.5.conv2,                 activation shape: torch.Size([32, 256, 14, 14])
2026-02-13 01:57:56,174 - INFO - Captured activation for layer: layer3.5.conv2, activation shape: torch.Size([32, 256, 14, 14])
2026-02-13 01:57:56,180 - INFO - Captured activation for layer: layer3.5.conv2,                 activation shape: torch.Size([32, 256, 14, 14])
2026-02-13 01:57:56,186 - INFO - Captured activation for layer: layer3.5.conv2, activation shape: torch.Size([32, 256, 14, 14])
2026-02-13 01:57:56,192 - INFO - Captured activation for layer: layer3.5.conv2,                 activation shape: torch.Size([32, 256, 14, 14])
2026-02-13 01:57:56,198 - INFO - Captured activation for layer: layer3.5.conv2, activation shape: torch.Size([32, 256, 14, 14])
2026-02-13 01:57:56,204 - INFO - Captured activation for layer: layer3.5.conv2,                 activation shape: torch.Size([32, 256, 14, 14])
2026-02-13 01:57:56,210 - INFO - Captured activation for layer: layer3.5.conv2, activation shape: torch.Size([32, 256, 14, 14])
2026-02-13 01:57:56,216 - INFO - Captured activation for layer: layer3.5.conv2,                 activation shape: torch.Size([32, 256, 14, 14])
2026-02-13 01:57:56,229 - INFO - Captured activation for layer: layer3.5.conv2, activation shape: torch.Size([32, 256, 14, 14])
2026-02-13 01:57:56,232 - INFO - Captured activation for layer: layer3.5.conv2,                 activation shape: torch.Size([32, 256, 14, 14])
2026-02-13 01:57:56,234 - INFO - Captured activation for layer: layer3.5.conv2, activation shape: torch.Size([32, 256, 14, 14])
2026-02-13 01:57:56,240 - INFO - Captured activation for layer: layer3.5.conv2,                 activation shape: torch.Size([32, 256, 14, 14])
2026-02-13 01:57:56,246 - INFO - Captured activation for layer: layer3.5.conv2, activation shape: torch.Size([32, 256, 14, 14])
2026-02-13 01:57:56,252 - INFO - Captured activation for layer: layer3.5.conv2,                 activation shape: torch.Size([32, 256, 14, 14])
2026-02-13 01:57:56,258 - INFO - Captured activation for layer: layer3.5.conv2, activation shape: torch.Size([32, 256, 14, 14])
2026-02-13 01:57:56,264 - INFO - Captured activation for layer: layer3.5.conv2,                 activation shape: torch.Size([32, 256, 14, 14])
2026-02-13 01:57:56,270 - INFO - Captured activation for layer: layer3.5.conv2, activation shape: torch.Size([32, 256, 14, 14])
2026-02-13 01:57:56,276 - INFO - Captured activation for layer: layer3.5.conv2,                 activation shape: torch.Size([32, 256, 14, 14])
2026-02-13 01:57:56,282 - INFO - Captured activation for layer: layer3.5.conv2, activation shape: torch.Size([32, 256, 14, 14])
2026-02-13 01:57:56,288 - INFO - Captured activation for layer: layer3.5.conv2,                 activation shape: torch.Size([32, 256, 14, 14])
2026-02-13 01:57:56,295 - INFO - Captured activation for layer: layer3.5.conv2, activation shape: torch.Size([32, 256, 14, 14])
2026-02-13 01:57:56,301 - INFO - Captured activation for layer: layer3.5.conv2,                 activation shape: torch.Size([32, 256, 14, 14])
2026-02-13 01:57:56,307 - INFO - Captured activation for layer: layer3.5.conv2, activation shape: torch.Size([32, 256, 14, 14])
2026-02-13 01:57:56,313 - INFO - Captured activation for layer: layer3.5.conv2,                 activation shape: torch.Size([32, 256, 14, 14])
2026-02-13 01:57:56,319 - INFO - Captured activation for layer: layer3.5.conv2, activation shape: torch.Size([32, 256, 14, 14])
2026-02-13 01:57:56,325 - INFO - Captured activation for layer: layer3.5.conv2,                 activation shape: torch.Size([32, 256, 14, 14])
2026-02-13 01:57:56,331 - INFO - Captured activation for layer: layer3.5.conv2, activation shape: torch.Size([32, 256, 14, 14])
2026-02-13 01:57:56,337 - INFO - Captured activation for layer: layer3.5.conv2,                 activation shape: torch.Size([32, 256, 14, 14])
2026-02-13 01:57:56,343 - INFO - Captured activation for layer: layer3.5.conv2, activation shape: torch.Size([32, 256, 14, 14])
2026-02-13 01:57:56,343 - INFO - Stacked activations shape for layer layer3.5.conv2: torch.Size([2112, 256, 14, 14])
2026-02-13 01:57:56,343 - INFO - Using mean replacement for perturbation.
2026-02-13 01:57:56,455 - INFO - Perturbed activation  values: tensor([-0.1691, -0.2479, -0.2150,  ..., -0.0912, -0.1074, -0.0283],
       device='cuda:0')
2026-02-13 01:57:56,457 - INFO - Standard deviation of activations for layer layer3.5.conv2: 0.0914
2026-02-13 01:57:56,457 - INFO - Checking normality of activations for layer layer3.5.conv2 using Shapiro-Wilk test.
2026-02-13 01:57:59,725 - INFO - Shapiro-Wilk test: statistic=0.7485, p-value=5.3746e-66
2026-02-13 01:57:59,725 - INFO - Normally distributed: False
2026-02-13 01:57:59,725 - INFO - Perturbed activation shape: torch.Size([1, 256, 14, 14]), Std activation shape: torch.Size([1, 256, 14, 14])
2026-02-13 01:57:59,726 - INFO - Std activation sample values: tensor([0.1891, 0.2500, 0.2434, 0.2075, 0.2161], device='cuda:0')
2026-02-13 01:57:59,728 - INFO - Target layer found: layer4.2.conv3
2026-02-13 01:57:59,730 - INFO - Captured activation for layer: layer4.2.conv3,                 activation shape: torch.Size([32, 2048, 7, 7])
2026-02-13 01:57:59,731 - INFO - Captured activation for layer: layer4.2.conv3, activation shape: torch.Size([32, 2048, 7, 7])
2026-02-13 01:57:59,733 - INFO - Captured activation for layer: layer4.2.conv3,                 activation shape: torch.Size([32, 2048, 7, 7])
2026-02-13 01:57:59,733 - INFO - Captured activation for layer: layer4.2.conv3, activation shape: torch.Size([32, 2048, 7, 7])
2026-02-13 01:57:59,735 - INFO - Captured activation for layer: layer4.2.conv3,                 activation shape: torch.Size([32, 2048, 7, 7])
2026-02-13 01:57:59,735 - INFO - Captured activation for layer: layer4.2.conv3, activation shape: torch.Size([32, 2048, 7, 7])
2026-02-13 01:57:59,737 - INFO - Captured activation for layer: layer4.2.conv3,                 activation shape: torch.Size([32, 2048, 7, 7])
2026-02-13 01:57:59,737 - INFO - Captured activation for layer: layer4.2.conv3, activation shape: torch.Size([32, 2048, 7, 7])
2026-02-13 01:57:59,739 - INFO - Captured activation for layer: layer4.2.conv3,                 activation shape: torch.Size([32, 2048, 7, 7])
2026-02-13 01:57:59,739 - INFO - Captured activation for layer: layer4.2.conv3, activation shape: torch.Size([32, 2048, 7, 7])
2026-02-13 01:57:59,747 - INFO - Captured activation for layer: layer4.2.conv3,                 activation shape: torch.Size([32, 2048, 7, 7])
2026-02-13 01:57:59,747 - INFO - Captured activation for layer: layer4.2.conv3, activation shape: torch.Size([32, 2048, 7, 7])
2026-02-13 01:57:59,759 - INFO - Captured activation for layer: layer4.2.conv3,                 activation shape: torch.Size([32, 2048, 7, 7])
2026-02-13 01:57:59,759 - INFO - Captured activation for layer: layer4.2.conv3, activation shape: torch.Size([32, 2048, 7, 7])
2026-02-13 01:57:59,773 - INFO - Captured activation for layer: layer4.2.conv3,                 activation shape: torch.Size([32, 2048, 7, 7])
2026-02-13 01:57:59,774 - INFO - Captured activation for layer: layer4.2.conv3, activation shape: torch.Size([32, 2048, 7, 7])
2026-02-13 01:57:59,800 - INFO - Captured activation for layer: layer4.2.conv3,                 activation shape: torch.Size([32, 2048, 7, 7])
2026-02-13 01:57:59,801 - INFO - Captured activation for layer: layer4.2.conv3, activation shape: torch.Size([32, 2048, 7, 7])
2026-02-13 01:57:59,826 - INFO - Captured activation for layer: layer4.2.conv3,                 activation shape: torch.Size([32, 2048, 7, 7])
2026-02-13 01:57:59,827 - INFO - Captured activation for layer: layer4.2.conv3, activation shape: torch.Size([32, 2048, 7, 7])
2026-02-13 01:57:59,853 - INFO - Captured activation for layer: layer4.2.conv3,                 activation shape: torch.Size([32, 2048, 7, 7])
2026-02-13 01:57:59,853 - INFO - Captured activation for layer: layer4.2.conv3, activation shape: torch.Size([32, 2048, 7, 7])
2026-02-13 01:57:59,879 - INFO - Captured activation for layer: layer4.2.conv3,                 activation shape: torch.Size([32, 2048, 7, 7])
2026-02-13 01:57:59,880 - INFO - Captured activation for layer: layer4.2.conv3, activation shape: torch.Size([32, 2048, 7, 7])
2026-02-13 01:57:59,903 - INFO - Captured activation for layer: layer4.2.conv3,                 activation shape: torch.Size([32, 2048, 7, 7])
2026-02-13 01:57:59,907 - INFO - Captured activation for layer: layer4.2.conv3, activation shape: torch.Size([32, 2048, 7, 7])
2026-02-13 01:57:59,930 - INFO - Captured activation for layer: layer4.2.conv3,                 activation shape: torch.Size([32, 2048, 7, 7])
2026-02-13 01:57:59,933 - INFO - Captured activation for layer: layer4.2.conv3, activation shape: torch.Size([32, 2048, 7, 7])
2026-02-13 01:57:59,947 - INFO - Captured activation for layer: layer4.2.conv3,                 activation shape: torch.Size([32, 2048, 7, 7])
2026-02-13 01:57:59,949 - INFO - Captured activation for layer: layer4.2.conv3, activation shape: torch.Size([32, 2048, 7, 7])
2026-02-13 01:57:59,960 - INFO - Captured activation for layer: layer4.2.conv3,                 activation shape: torch.Size([32, 2048, 7, 7])
2026-02-13 01:57:59,961 - INFO - Captured activation for layer: layer4.2.conv3, activation shape: torch.Size([32, 2048, 7, 7])
2026-02-13 01:57:59,972 - INFO - Captured activation for layer: layer4.2.conv3,                 activation shape: torch.Size([32, 2048, 7, 7])
2026-02-13 01:57:59,973 - INFO - Captured activation for layer: layer4.2.conv3, activation shape: torch.Size([32, 2048, 7, 7])
2026-02-13 01:57:59,984 - INFO - Captured activation for layer: layer4.2.conv3,                 activation shape: torch.Size([32, 2048, 7, 7])
2026-02-13 01:57:59,985 - INFO - Captured activation for layer: layer4.2.conv3, activation shape: torch.Size([32, 2048, 7, 7])
2026-02-13 01:57:59,996 - INFO - Captured activation for layer: layer4.2.conv3,                 activation shape: torch.Size([32, 2048, 7, 7])
2026-02-13 01:57:59,997 - INFO - Captured activation for layer: layer4.2.conv3, activation shape: torch.Size([32, 2048, 7, 7])
2026-02-13 01:58:00,008 - INFO - Captured activation for layer: layer4.2.conv3,                 activation shape: torch.Size([32, 2048, 7, 7])
2026-02-13 01:58:00,009 - INFO - Captured activation for layer: layer4.2.conv3, activation shape: torch.Size([32, 2048, 7, 7])
2026-02-13 01:58:00,020 - INFO - Captured activation for layer: layer4.2.conv3,                 activation shape: torch.Size([32, 2048, 7, 7])
2026-02-13 01:58:00,021 - INFO - Captured activation for layer: layer4.2.conv3, activation shape: torch.Size([32, 2048, 7, 7])
2026-02-13 01:58:00,032 - INFO - Captured activation for layer: layer4.2.conv3,                 activation shape: torch.Size([32, 2048, 7, 7])
2026-02-13 01:58:00,033 - INFO - Captured activation for layer: layer4.2.conv3, activation shape: torch.Size([32, 2048, 7, 7])
2026-02-13 01:58:00,044 - INFO - Captured activation for layer: layer4.2.conv3,                 activation shape: torch.Size([32, 2048, 7, 7])
2026-02-13 01:58:00,045 - INFO - Captured activation for layer: layer4.2.conv3, activation shape: torch.Size([32, 2048, 7, 7])
2026-02-13 01:58:00,056 - INFO - Captured activation for layer: layer4.2.conv3,                 activation shape: torch.Size([32, 2048, 7, 7])
2026-02-13 01:58:00,057 - INFO - Captured activation for layer: layer4.2.conv3, activation shape: torch.Size([32, 2048, 7, 7])
2026-02-13 01:58:00,068 - INFO - Captured activation for layer: layer4.2.conv3,                 activation shape: torch.Size([32, 2048, 7, 7])
2026-02-13 01:58:00,069 - INFO - Captured activation for layer: layer4.2.conv3, activation shape: torch.Size([32, 2048, 7, 7])
2026-02-13 01:58:00,080 - INFO - Captured activation for layer: layer4.2.conv3,                 activation shape: torch.Size([32, 2048, 7, 7])
2026-02-13 01:58:00,081 - INFO - Captured activation for layer: layer4.2.conv3, activation shape: torch.Size([32, 2048, 7, 7])
2026-02-13 01:58:00,093 - INFO - Captured activation for layer: layer4.2.conv3,                 activation shape: torch.Size([32, 2048, 7, 7])
2026-02-13 01:58:00,093 - INFO - Captured activation for layer: layer4.2.conv3, activation shape: torch.Size([32, 2048, 7, 7])
2026-02-13 01:58:00,105 - INFO - Captured activation for layer: layer4.2.conv3,                 activation shape: torch.Size([32, 2048, 7, 7])
2026-02-13 01:58:00,105 - INFO - Captured activation for layer: layer4.2.conv3, activation shape: torch.Size([32, 2048, 7, 7])
2026-02-13 01:58:00,117 - INFO - Captured activation for layer: layer4.2.conv3,                 activation shape: torch.Size([32, 2048, 7, 7])
2026-02-13 01:58:00,117 - INFO - Captured activation for layer: layer4.2.conv3, activation shape: torch.Size([32, 2048, 7, 7])
2026-02-13 01:58:00,129 - INFO - Captured activation for layer: layer4.2.conv3,                 activation shape: torch.Size([32, 2048, 7, 7])
2026-02-13 01:58:00,129 - INFO - Captured activation for layer: layer4.2.conv3, activation shape: torch.Size([32, 2048, 7, 7])
2026-02-13 01:58:00,141 - INFO - Captured activation for layer: layer4.2.conv3,                 activation shape: torch.Size([32, 2048, 7, 7])
2026-02-13 01:58:00,141 - INFO - Captured activation for layer: layer4.2.conv3, activation shape: torch.Size([32, 2048, 7, 7])
2026-02-13 01:58:00,153 - INFO - Captured activation for layer: layer4.2.conv3,                 activation shape: torch.Size([32, 2048, 7, 7])
2026-02-13 01:58:00,153 - INFO - Captured activation for layer: layer4.2.conv3, activation shape: torch.Size([32, 2048, 7, 7])
2026-02-13 01:58:00,165 - INFO - Captured activation for layer: layer4.2.conv3,                 activation shape: torch.Size([32, 2048, 7, 7])
2026-02-13 01:58:00,165 - INFO - Captured activation for layer: layer4.2.conv3, activation shape: torch.Size([32, 2048, 7, 7])
2026-02-13 01:58:00,177 - INFO - Captured activation for layer: layer4.2.conv3,                 activation shape: torch.Size([32, 2048, 7, 7])
2026-02-13 01:58:00,178 - INFO - Captured activation for layer: layer4.2.conv3, activation shape: torch.Size([32, 2048, 7, 7])
2026-02-13 01:58:00,189 - INFO - Captured activation for layer: layer4.2.conv3,                 activation shape: torch.Size([32, 2048, 7, 7])
2026-02-13 01:58:00,190 - INFO - Captured activation for layer: layer4.2.conv3, activation shape: torch.Size([32, 2048, 7, 7])
2026-02-13 01:58:00,201 - INFO - Captured activation for layer: layer4.2.conv3,                 activation shape: torch.Size([32, 2048, 7, 7])
2026-02-13 01:58:00,202 - INFO - Captured activation for layer: layer4.2.conv3, activation shape: torch.Size([32, 2048, 7, 7])
2026-02-13 01:58:00,213 - INFO - Captured activation for layer: layer4.2.conv3,                 activation shape: torch.Size([32, 2048, 7, 7])
2026-02-13 01:58:00,214 - INFO - Captured activation for layer: layer4.2.conv3, activation shape: torch.Size([32, 2048, 7, 7])
2026-02-13 01:58:00,225 - INFO - Captured activation for layer: layer4.2.conv3,                 activation shape: torch.Size([32, 2048, 7, 7])
2026-02-13 01:58:00,226 - INFO - Captured activation for layer: layer4.2.conv3, activation shape: torch.Size([32, 2048, 7, 7])
2026-02-13 01:58:00,237 - INFO - Captured activation for layer: layer4.2.conv3,                 activation shape: torch.Size([32, 2048, 7, 7])
2026-02-13 01:58:00,238 - INFO - Captured activation for layer: layer4.2.conv3, activation shape: torch.Size([32, 2048, 7, 7])
2026-02-13 01:58:00,249 - INFO - Captured activation for layer: layer4.2.conv3,                 activation shape: torch.Size([32, 2048, 7, 7])
2026-02-13 01:58:00,250 - INFO - Captured activation for layer: layer4.2.conv3, activation shape: torch.Size([32, 2048, 7, 7])
2026-02-13 01:58:00,261 - INFO - Captured activation for layer: layer4.2.conv3,                 activation shape: torch.Size([32, 2048, 7, 7])
2026-02-13 01:58:00,262 - INFO - Captured activation for layer: layer4.2.conv3, activation shape: torch.Size([32, 2048, 7, 7])
2026-02-13 01:58:00,274 - INFO - Captured activation for layer: layer4.2.conv3,                 activation shape: torch.Size([32, 2048, 7, 7])
2026-02-13 01:58:00,274 - INFO - Captured activation for layer: layer4.2.conv3, activation shape: torch.Size([32, 2048, 7, 7])
2026-02-13 01:58:00,286 - INFO - Captured activation for layer: layer4.2.conv3,                 activation shape: torch.Size([32, 2048, 7, 7])
2026-02-13 01:58:00,286 - INFO - Captured activation for layer: layer4.2.conv3, activation shape: torch.Size([32, 2048, 7, 7])
2026-02-13 01:58:00,298 - INFO - Captured activation for layer: layer4.2.conv3,                 activation shape: torch.Size([32, 2048, 7, 7])
2026-02-13 01:58:00,298 - INFO - Captured activation for layer: layer4.2.conv3, activation shape: torch.Size([32, 2048, 7, 7])
2026-02-13 01:58:00,310 - INFO - Captured activation for layer: layer4.2.conv3,                 activation shape: torch.Size([32, 2048, 7, 7])
2026-02-13 01:58:00,310 - INFO - Captured activation for layer: layer4.2.conv3, activation shape: torch.Size([32, 2048, 7, 7])
2026-02-13 01:58:00,322 - INFO - Captured activation for layer: layer4.2.conv3,                 activation shape: torch.Size([32, 2048, 7, 7])
2026-02-13 01:58:00,323 - INFO - Captured activation for layer: layer4.2.conv3, activation shape: torch.Size([32, 2048, 7, 7])
2026-02-13 01:58:00,334 - INFO - Captured activation for layer: layer4.2.conv3,                 activation shape: torch.Size([32, 2048, 7, 7])
2026-02-13 01:58:00,335 - INFO - Captured activation for layer: layer4.2.conv3, activation shape: torch.Size([32, 2048, 7, 7])
2026-02-13 01:58:00,346 - INFO - Captured activation for layer: layer4.2.conv3,                 activation shape: torch.Size([32, 2048, 7, 7])
2026-02-13 01:58:00,347 - INFO - Captured activation for layer: layer4.2.conv3, activation shape: torch.Size([32, 2048, 7, 7])
2026-02-13 01:58:00,358 - INFO - Captured activation for layer: layer4.2.conv3,                 activation shape: torch.Size([32, 2048, 7, 7])
2026-02-13 01:58:00,359 - INFO - Captured activation for layer: layer4.2.conv3, activation shape: torch.Size([32, 2048, 7, 7])
2026-02-13 01:58:00,370 - INFO - Captured activation for layer: layer4.2.conv3,                 activation shape: torch.Size([32, 2048, 7, 7])
2026-02-13 01:58:00,371 - INFO - Captured activation for layer: layer4.2.conv3, activation shape: torch.Size([32, 2048, 7, 7])
2026-02-13 01:58:00,382 - INFO - Captured activation for layer: layer4.2.conv3,                 activation shape: torch.Size([32, 2048, 7, 7])
2026-02-13 01:58:00,383 - INFO - Captured activation for layer: layer4.2.conv3, activation shape: torch.Size([32, 2048, 7, 7])
2026-02-13 01:58:00,394 - INFO - Captured activation for layer: layer4.2.conv3,                 activation shape: torch.Size([32, 2048, 7, 7])
2026-02-13 01:58:00,395 - INFO - Captured activation for layer: layer4.2.conv3, activation shape: torch.Size([32, 2048, 7, 7])
2026-02-13 01:58:00,406 - INFO - Captured activation for layer: layer4.2.conv3,                 activation shape: torch.Size([32, 2048, 7, 7])
2026-02-13 01:58:00,407 - INFO - Captured activation for layer: layer4.2.conv3, activation shape: torch.Size([32, 2048, 7, 7])
2026-02-13 01:58:00,418 - INFO - Captured activation for layer: layer4.2.conv3,                 activation shape: torch.Size([32, 2048, 7, 7])
2026-02-13 01:58:00,419 - INFO - Captured activation for layer: layer4.2.conv3, activation shape: torch.Size([32, 2048, 7, 7])
2026-02-13 01:58:00,430 - INFO - Captured activation for layer: layer4.2.conv3,                 activation shape: torch.Size([32, 2048, 7, 7])
2026-02-13 01:58:00,431 - INFO - Captured activation for layer: layer4.2.conv3, activation shape: torch.Size([32, 2048, 7, 7])
2026-02-13 01:58:00,443 - INFO - Captured activation for layer: layer4.2.conv3,                 activation shape: torch.Size([32, 2048, 7, 7])
2026-02-13 01:58:00,443 - INFO - Captured activation for layer: layer4.2.conv3, activation shape: torch.Size([32, 2048, 7, 7])
2026-02-13 01:58:00,455 - INFO - Captured activation for layer: layer4.2.conv3,                 activation shape: torch.Size([32, 2048, 7, 7])
2026-02-13 01:58:00,455 - INFO - Captured activation for layer: layer4.2.conv3, activation shape: torch.Size([32, 2048, 7, 7])
2026-02-13 01:58:00,467 - INFO - Captured activation for layer: layer4.2.conv3,                 activation shape: torch.Size([32, 2048, 7, 7])
2026-02-13 01:58:00,467 - INFO - Captured activation for layer: layer4.2.conv3, activation shape: torch.Size([32, 2048, 7, 7])
2026-02-13 01:58:00,479 - INFO - Captured activation for layer: layer4.2.conv3,                 activation shape: torch.Size([32, 2048, 7, 7])
2026-02-13 01:58:00,479 - INFO - Captured activation for layer: layer4.2.conv3, activation shape: torch.Size([32, 2048, 7, 7])
2026-02-13 01:58:00,491 - INFO - Captured activation for layer: layer4.2.conv3,                 activation shape: torch.Size([32, 2048, 7, 7])
2026-02-13 01:58:00,491 - INFO - Captured activation for layer: layer4.2.conv3, activation shape: torch.Size([32, 2048, 7, 7])
2026-02-13 01:58:00,503 - INFO - Captured activation for layer: layer4.2.conv3,                 activation shape: torch.Size([32, 2048, 7, 7])
2026-02-13 01:58:00,503 - INFO - Captured activation for layer: layer4.2.conv3, activation shape: torch.Size([32, 2048, 7, 7])
2026-02-13 01:58:00,515 - INFO - Captured activation for layer: layer4.2.conv3,                 activation shape: torch.Size([32, 2048, 7, 7])
2026-02-13 01:58:00,515 - INFO - Captured activation for layer: layer4.2.conv3, activation shape: torch.Size([32, 2048, 7, 7])
2026-02-13 01:58:00,527 - INFO - Captured activation for layer: layer4.2.conv3,                 activation shape: torch.Size([32, 2048, 7, 7])
2026-02-13 01:58:00,527 - INFO - Captured activation for layer: layer4.2.conv3, activation shape: torch.Size([32, 2048, 7, 7])
2026-02-13 01:58:00,539 - INFO - Captured activation for layer: layer4.2.conv3,                 activation shape: torch.Size([32, 2048, 7, 7])
2026-02-13 01:58:00,539 - INFO - Captured activation for layer: layer4.2.conv3, activation shape: torch.Size([32, 2048, 7, 7])
2026-02-13 01:58:00,551 - INFO - Captured activation for layer: layer4.2.conv3,                 activation shape: torch.Size([32, 2048, 7, 7])
2026-02-13 01:58:00,551 - INFO - Captured activation for layer: layer4.2.conv3, activation shape: torch.Size([32, 2048, 7, 7])
2026-02-13 01:58:00,563 - INFO - Captured activation for layer: layer4.2.conv3,                 activation shape: torch.Size([32, 2048, 7, 7])
2026-02-13 01:58:00,564 - INFO - Captured activation for layer: layer4.2.conv3, activation shape: torch.Size([32, 2048, 7, 7])
2026-02-13 01:58:00,564 - INFO - Stacked activations shape for layer layer4.2.conv3: torch.Size([2112, 2048, 7, 7])
2026-02-13 01:58:00,564 - INFO - Using mean replacement for perturbation.
2026-02-13 01:58:00,621 - INFO - Perturbed activation  values: tensor([-0.0149, -0.0122, -0.0079,  ..., -0.0084, -0.0087, -0.0067],
       device='cuda:0')
2026-02-13 01:58:00,622 - INFO - Standard deviation of activations for layer layer4.2.conv3: 0.0117
2026-02-13 01:58:00,622 - INFO - Checking normality of activations for layer layer4.2.conv3 using Shapiro-Wilk test.
2026-02-13 01:58:07,284 - INFO - Shapiro-Wilk test: statistic=0.8545, p-value=9.9426e-56
2026-02-13 01:58:07,284 - INFO - Normally distributed: False
2026-02-13 01:58:07,284 - INFO - Perturbed activation shape: torch.Size([1, 2048, 7, 7]), Std activation shape: torch.Size([1, 2048, 7, 7])
2026-02-13 01:58:07,297 - INFO - Std activation sample values: tensor([0.0118, 0.0109, 0.0100, 0.0091, 0.0093], device='cuda:0')
2026-02-13 01:58:07,303 - INFO - Applying perturbation for layer: layer3.5.conv2, original output shape: torch.Size([32, 256, 14, 14]), perturbed activation shape: torch.Size([1, 256, 14, 14])
2026-02-13 01:58:07,304 - INFO - Applying perturbation for layer: layer4.2.conv3, original output shape: torch.Size([32, 2048, 7, 7]), perturbed activation shape: torch.Size([1, 2048, 7, 7])
2026-02-13 01:58:07,308 - INFO - Applying perturbation for layer: layer3.5.conv2, original output shape: torch.Size([32, 256, 14, 14]), perturbed activation shape: torch.Size([1, 256, 14, 14])
2026-02-13 01:58:07,308 - INFO - Applying perturbation for layer: layer4.2.conv3, original output shape: torch.Size([32, 2048, 7, 7]), perturbed activation shape: torch.Size([1, 2048, 7, 7])
2026-02-13 01:58:07,332 - INFO - Applying perturbation for layer: layer3.5.conv2, original output shape: torch.Size([32, 256, 14, 14]), perturbed activation shape: torch.Size([1, 256, 14, 14])
2026-02-13 01:58:07,342 - INFO - Applying perturbation for layer: layer4.2.conv3, original output shape: torch.Size([32, 2048, 7, 7]), perturbed activation shape: torch.Size([1, 2048, 7, 7])
2026-02-13 01:58:07,386 - INFO - Applying perturbation for layer: layer3.5.conv2, original output shape: torch.Size([32, 256, 14, 14]), perturbed activation shape: torch.Size([1, 256, 14, 14])
2026-02-13 01:58:07,396 - INFO - Applying perturbation for layer: layer4.2.conv3, original output shape: torch.Size([32, 2048, 7, 7]), perturbed activation shape: torch.Size([1, 2048, 7, 7])
2026-02-13 01:58:07,432 - INFO - Applying perturbation for layer: layer3.5.conv2, original output shape: torch.Size([32, 256, 14, 14]), perturbed activation shape: torch.Size([1, 256, 14, 14])
2026-02-13 01:58:07,438 - INFO - Applying perturbation for layer: layer4.2.conv3, original output shape: torch.Size([32, 2048, 7, 7]), perturbed activation shape: torch.Size([1, 2048, 7, 7])
2026-02-13 01:58:07,457 - INFO - Applying perturbation for layer: layer3.5.conv2, original output shape: torch.Size([32, 256, 14, 14]), perturbed activation shape: torch.Size([1, 256, 14, 14])
2026-02-13 01:58:07,462 - INFO - Applying perturbation for layer: layer4.2.conv3, original output shape: torch.Size([32, 2048, 7, 7]), perturbed activation shape: torch.Size([1, 2048, 7, 7])
2026-02-13 01:58:07,481 - INFO - Applying perturbation for layer: layer3.5.conv2, original output shape: torch.Size([32, 256, 14, 14]), perturbed activation shape: torch.Size([1, 256, 14, 14])
2026-02-13 01:58:07,486 - INFO - Applying perturbation for layer: layer4.2.conv3, original output shape: torch.Size([32, 2048, 7, 7]), perturbed activation shape: torch.Size([1, 2048, 7, 7])
2026-02-13 01:58:07,505 - INFO - Applying perturbation for layer: layer3.5.conv2, original output shape: torch.Size([32, 256, 14, 14]), perturbed activation shape: torch.Size([1, 256, 14, 14])
2026-02-13 01:58:07,510 - INFO - Applying perturbation for layer: layer4.2.conv3, original output shape: torch.Size([32, 2048, 7, 7]), perturbed activation shape: torch.Size([1, 2048, 7, 7])
2026-02-13 01:58:07,529 - INFO - Applying perturbation for layer: layer3.5.conv2, original output shape: torch.Size([32, 256, 14, 14]), perturbed activation shape: torch.Size([1, 256, 14, 14])
2026-02-13 01:58:07,534 - INFO - Applying perturbation for layer: layer4.2.conv3, original output shape: torch.Size([32, 2048, 7, 7]), perturbed activation shape: torch.Size([1, 2048, 7, 7])
2026-02-13 01:58:07,553 - INFO - Applying perturbation for layer: layer3.5.conv2, original output shape: torch.Size([32, 256, 14, 14]), perturbed activation shape: torch.Size([1, 256, 14, 14])
2026-02-13 01:58:07,558 - INFO - Applying perturbation for layer: layer4.2.conv3, original output shape: torch.Size([32, 2048, 7, 7]), perturbed activation shape: torch.Size([1, 2048, 7, 7])
2026-02-13 01:58:07,577 - INFO - Applying perturbation for layer: layer3.5.conv2, original output shape: torch.Size([32, 256, 14, 14]), perturbed activation shape: torch.Size([1, 256, 14, 14])
2026-02-13 01:58:07,582 - INFO - Applying perturbation for layer: layer4.2.conv3, original output shape: torch.Size([32, 2048, 7, 7]), perturbed activation shape: torch.Size([1, 2048, 7, 7])
2026-02-13 01:58:07,601 - INFO - Applying perturbation for layer: layer3.5.conv2, original output shape: torch.Size([32, 256, 14, 14]), perturbed activation shape: torch.Size([1, 256, 14, 14])
2026-02-13 01:58:07,607 - INFO - Applying perturbation for layer: layer4.2.conv3, original output shape: torch.Size([32, 2048, 7, 7]), perturbed activation shape: torch.Size([1, 2048, 7, 7])
2026-02-13 01:58:07,626 - INFO - Applying perturbation for layer: layer3.5.conv2, original output shape: torch.Size([32, 256, 14, 14]), perturbed activation shape: torch.Size([1, 256, 14, 14])
2026-02-13 01:58:07,631 - INFO - Applying perturbation for layer: layer4.2.conv3, original output shape: torch.Size([32, 2048, 7, 7]), perturbed activation shape: torch.Size([1, 2048, 7, 7])
2026-02-13 01:58:07,650 - INFO - Applying perturbation for layer: layer3.5.conv2, original output shape: torch.Size([32, 256, 14, 14]), perturbed activation shape: torch.Size([1, 256, 14, 14])
2026-02-13 01:58:07,655 - INFO - Applying perturbation for layer: layer4.2.conv3, original output shape: torch.Size([32, 2048, 7, 7]), perturbed activation shape: torch.Size([1, 2048, 7, 7])
2026-02-13 01:58:07,674 - INFO - Applying perturbation for layer: layer3.5.conv2, original output shape: torch.Size([32, 256, 14, 14]), perturbed activation shape: torch.Size([1, 256, 14, 14])
2026-02-13 01:58:07,679 - INFO - Applying perturbation for layer: layer4.2.conv3, original output shape: torch.Size([32, 2048, 7, 7]), perturbed activation shape: torch.Size([1, 2048, 7, 7])
2026-02-13 01:58:07,698 - INFO - Applying perturbation for layer: layer3.5.conv2, original output shape: torch.Size([32, 256, 14, 14]), perturbed activation shape: torch.Size([1, 256, 14, 14])
2026-02-13 01:58:07,703 - INFO - Applying perturbation for layer: layer4.2.conv3, original output shape: torch.Size([32, 2048, 7, 7]), perturbed activation shape: torch.Size([1, 2048, 7, 7])
2026-02-13 01:58:07,722 - INFO - Applying perturbation for layer: layer3.5.conv2, original output shape: torch.Size([32, 256, 14, 14]), perturbed activation shape: torch.Size([1, 256, 14, 14])
2026-02-13 01:58:07,727 - INFO - Applying perturbation for layer: layer4.2.conv3, original output shape: torch.Size([32, 2048, 7, 7]), perturbed activation shape: torch.Size([1, 2048, 7, 7])
2026-02-13 01:58:07,746 - INFO - Applying perturbation for layer: layer3.5.conv2, original output shape: torch.Size([32, 256, 14, 14]), perturbed activation shape: torch.Size([1, 256, 14, 14])
2026-02-13 01:58:07,751 - INFO - Applying perturbation for layer: layer4.2.conv3, original output shape: torch.Size([32, 2048, 7, 7]), perturbed activation shape: torch.Size([1, 2048, 7, 7])
2026-02-13 01:58:07,770 - INFO - Applying perturbation for layer: layer3.5.conv2, original output shape: torch.Size([32, 256, 14, 14]), perturbed activation shape: torch.Size([1, 256, 14, 14])
2026-02-13 01:58:07,775 - INFO - Applying perturbation for layer: layer4.2.conv3, original output shape: torch.Size([32, 2048, 7, 7]), perturbed activation shape: torch.Size([1, 2048, 7, 7])
2026-02-13 01:58:07,795 - INFO - Applying perturbation for layer: layer3.5.conv2, original output shape: torch.Size([32, 256, 14, 14]), perturbed activation shape: torch.Size([1, 256, 14, 14])
2026-02-13 01:58:07,800 - INFO - Applying perturbation for layer: layer4.2.conv3, original output shape: torch.Size([32, 2048, 7, 7]), perturbed activation shape: torch.Size([1, 2048, 7, 7])
2026-02-13 01:58:07,819 - INFO - Applying perturbation for layer: layer3.5.conv2, original output shape: torch.Size([32, 256, 14, 14]), perturbed activation shape: torch.Size([1, 256, 14, 14])
2026-02-13 01:58:07,824 - INFO - Applying perturbation for layer: layer4.2.conv3, original output shape: torch.Size([32, 2048, 7, 7]), perturbed activation shape: torch.Size([1, 2048, 7, 7])
2026-02-13 01:58:07,844 - INFO - Applying perturbation for layer: layer3.5.conv2, original output shape: torch.Size([32, 256, 14, 14]), perturbed activation shape: torch.Size([1, 256, 14, 14])
2026-02-13 01:58:07,849 - INFO - Applying perturbation for layer: layer4.2.conv3, original output shape: torch.Size([32, 2048, 7, 7]), perturbed activation shape: torch.Size([1, 2048, 7, 7])
2026-02-13 01:58:07,890 - INFO - Applying perturbation for layer: layer3.5.conv2, original output shape: torch.Size([32, 256, 14, 14]), perturbed activation shape: torch.Size([1, 256, 14, 14])
2026-02-13 01:58:07,900 - INFO - Applying perturbation for layer: layer4.2.conv3, original output shape: torch.Size([32, 2048, 7, 7]), perturbed activation shape: torch.Size([1, 2048, 7, 7])
2026-02-13 01:58:07,943 - INFO - Applying perturbation for layer: layer3.5.conv2, original output shape: torch.Size([32, 256, 14, 14]), perturbed activation shape: torch.Size([1, 256, 14, 14])
2026-02-13 01:58:07,953 - INFO - Applying perturbation for layer: layer4.2.conv3, original output shape: torch.Size([32, 2048, 7, 7]), perturbed activation shape: torch.Size([1, 2048, 7, 7])
2026-02-13 01:58:07,997 - INFO - Applying perturbation for layer: layer3.5.conv2, original output shape: torch.Size([32, 256, 14, 14]), perturbed activation shape: torch.Size([1, 256, 14, 14])
2026-02-13 01:58:08,006 - INFO - Applying perturbation for layer: layer4.2.conv3, original output shape: torch.Size([32, 2048, 7, 7]), perturbed activation shape: torch.Size([1, 2048, 7, 7])
2026-02-13 01:58:08,050 - INFO - Applying perturbation for layer: layer3.5.conv2, original output shape: torch.Size([32, 256, 14, 14]), perturbed activation shape: torch.Size([1, 256, 14, 14])
2026-02-13 01:58:08,060 - INFO - Applying perturbation for layer: layer4.2.conv3, original output shape: torch.Size([32, 2048, 7, 7]), perturbed activation shape: torch.Size([1, 2048, 7, 7])
2026-02-13 01:58:08,103 - INFO - Applying perturbation for layer: layer3.5.conv2, original output shape: torch.Size([32, 256, 14, 14]), perturbed activation shape: torch.Size([1, 256, 14, 14])
2026-02-13 01:58:08,113 - INFO - Applying perturbation for layer: layer4.2.conv3, original output shape: torch.Size([32, 2048, 7, 7]), perturbed activation shape: torch.Size([1, 2048, 7, 7])
2026-02-13 01:58:08,156 - INFO - Applying perturbation for layer: layer3.5.conv2, original output shape: torch.Size([32, 256, 14, 14]), perturbed activation shape: torch.Size([1, 256, 14, 14])
2026-02-13 01:58:08,166 - INFO - Applying perturbation for layer: layer4.2.conv3, original output shape: torch.Size([32, 2048, 7, 7]), perturbed activation shape: torch.Size([1, 2048, 7, 7])
2026-02-13 01:58:08,210 - INFO - Applying perturbation for layer: layer3.5.conv2, original output shape: torch.Size([32, 256, 14, 14]), perturbed activation shape: torch.Size([1, 256, 14, 14])
2026-02-13 01:58:08,220 - INFO - Applying perturbation for layer: layer4.2.conv3, original output shape: torch.Size([32, 2048, 7, 7]), perturbed activation shape: torch.Size([1, 2048, 7, 7])
2026-02-13 01:58:08,263 - INFO - Applying perturbation for layer: layer3.5.conv2, original output shape: torch.Size([32, 256, 14, 14]), perturbed activation shape: torch.Size([1, 256, 14, 14])
2026-02-13 01:58:08,273 - INFO - Applying perturbation for layer: layer4.2.conv3, original output shape: torch.Size([32, 2048, 7, 7]), perturbed activation shape: torch.Size([1, 2048, 7, 7])
2026-02-13 01:58:08,317 - INFO - Applying perturbation for layer: layer3.5.conv2, original output shape: torch.Size([32, 256, 14, 14]), perturbed activation shape: torch.Size([1, 256, 14, 14])
2026-02-13 01:58:08,327 - INFO - Applying perturbation for layer: layer4.2.conv3, original output shape: torch.Size([32, 2048, 7, 7]), perturbed activation shape: torch.Size([1, 2048, 7, 7])
2026-02-13 01:58:08,370 - INFO - Applying perturbation for layer: layer3.5.conv2, original output shape: torch.Size([32, 256, 14, 14]), perturbed activation shape: torch.Size([1, 256, 14, 14])
2026-02-13 01:58:08,380 - INFO - Applying perturbation for layer: layer4.2.conv3, original output shape: torch.Size([32, 2048, 7, 7]), perturbed activation shape: torch.Size([1, 2048, 7, 7])
2026-02-13 01:58:08,423 - INFO - Applying perturbation for layer: layer3.5.conv2, original output shape: torch.Size([32, 256, 14, 14]), perturbed activation shape: torch.Size([1, 256, 14, 14])
2026-02-13 01:58:08,433 - INFO - Applying perturbation for layer: layer4.2.conv3, original output shape: torch.Size([32, 2048, 7, 7]), perturbed activation shape: torch.Size([1, 2048, 7, 7])
2026-02-13 01:58:08,476 - INFO - Applying perturbation for layer: layer3.5.conv2, original output shape: torch.Size([32, 256, 14, 14]), perturbed activation shape: torch.Size([1, 256, 14, 14])
2026-02-13 01:58:08,487 - INFO - Applying perturbation for layer: layer4.2.conv3, original output shape: torch.Size([32, 2048, 7, 7]), perturbed activation shape: torch.Size([1, 2048, 7, 7])
2026-02-13 01:58:08,530 - INFO - Applying perturbation for layer: layer3.5.conv2, original output shape: torch.Size([32, 256, 14, 14]), perturbed activation shape: torch.Size([1, 256, 14, 14])
2026-02-13 01:58:08,540 - INFO - Applying perturbation for layer: layer4.2.conv3, original output shape: torch.Size([32, 2048, 7, 7]), perturbed activation shape: torch.Size([1, 2048, 7, 7])
2026-02-13 01:58:08,583 - INFO - Applying perturbation for layer: layer3.5.conv2, original output shape: torch.Size([32, 256, 14, 14]), perturbed activation shape: torch.Size([1, 256, 14, 14])
2026-02-13 01:58:08,593 - INFO - Applying perturbation for layer: layer4.2.conv3, original output shape: torch.Size([32, 2048, 7, 7]), perturbed activation shape: torch.Size([1, 2048, 7, 7])
2026-02-13 01:58:08,637 - INFO - Applying perturbation for layer: layer3.5.conv2, original output shape: torch.Size([32, 256, 14, 14]), perturbed activation shape: torch.Size([1, 256, 14, 14])
2026-02-13 01:58:08,647 - INFO - Applying perturbation for layer: layer4.2.conv3, original output shape: torch.Size([32, 2048, 7, 7]), perturbed activation shape: torch.Size([1, 2048, 7, 7])
2026-02-13 01:58:08,690 - INFO - Applying perturbation for layer: layer3.5.conv2, original output shape: torch.Size([32, 256, 14, 14]), perturbed activation shape: torch.Size([1, 256, 14, 14])
2026-02-13 01:58:08,700 - INFO - Applying perturbation for layer: layer4.2.conv3, original output shape: torch.Size([32, 2048, 7, 7]), perturbed activation shape: torch.Size([1, 2048, 7, 7])
2026-02-13 01:58:08,736 - INFO - Applying perturbation for layer: layer3.5.conv2, original output shape: torch.Size([32, 256, 14, 14]), perturbed activation shape: torch.Size([1, 256, 14, 14])
2026-02-13 01:58:08,741 - INFO - Applying perturbation for layer: layer4.2.conv3, original output shape: torch.Size([32, 2048, 7, 7]), perturbed activation shape: torch.Size([1, 2048, 7, 7])
2026-02-13 01:58:08,760 - INFO - Applying perturbation for layer: layer3.5.conv2, original output shape: torch.Size([32, 256, 14, 14]), perturbed activation shape: torch.Size([1, 256, 14, 14])
2026-02-13 01:58:08,765 - INFO - Applying perturbation for layer: layer4.2.conv3, original output shape: torch.Size([32, 2048, 7, 7]), perturbed activation shape: torch.Size([1, 2048, 7, 7])
2026-02-13 01:58:08,784 - INFO - Applying perturbation for layer: layer3.5.conv2, original output shape: torch.Size([32, 256, 14, 14]), perturbed activation shape: torch.Size([1, 256, 14, 14])
2026-02-13 01:58:08,789 - INFO - Applying perturbation for layer: layer4.2.conv3, original output shape: torch.Size([32, 2048, 7, 7]), perturbed activation shape: torch.Size([1, 2048, 7, 7])
2026-02-13 01:58:08,809 - INFO - Applying perturbation for layer: layer3.5.conv2, original output shape: torch.Size([32, 256, 14, 14]), perturbed activation shape: torch.Size([1, 256, 14, 14])
2026-02-13 01:58:08,815 - INFO - Applying perturbation for layer: layer4.2.conv3, original output shape: torch.Size([32, 2048, 7, 7]), perturbed activation shape: torch.Size([1, 2048, 7, 7])
2026-02-13 01:58:08,834 - INFO - Applying perturbation for layer: layer3.5.conv2, original output shape: torch.Size([32, 256, 14, 14]), perturbed activation shape: torch.Size([1, 256, 14, 14])
2026-02-13 01:58:08,839 - INFO - Applying perturbation for layer: layer4.2.conv3, original output shape: torch.Size([32, 2048, 7, 7]), perturbed activation shape: torch.Size([1, 2048, 7, 7])
2026-02-13 01:58:08,858 - INFO - Applying perturbation for layer: layer3.5.conv2, original output shape: torch.Size([32, 256, 14, 14]), perturbed activation shape: torch.Size([1, 256, 14, 14])
2026-02-13 01:58:08,863 - INFO - Applying perturbation for layer: layer4.2.conv3, original output shape: torch.Size([32, 2048, 7, 7]), perturbed activation shape: torch.Size([1, 2048, 7, 7])
2026-02-13 01:58:08,882 - INFO - Applying perturbation for layer: layer3.5.conv2, original output shape: torch.Size([32, 256, 14, 14]), perturbed activation shape: torch.Size([1, 256, 14, 14])
2026-02-13 01:58:08,887 - INFO - Applying perturbation for layer: layer4.2.conv3, original output shape: torch.Size([32, 2048, 7, 7]), perturbed activation shape: torch.Size([1, 2048, 7, 7])
2026-02-13 01:58:08,906 - INFO - Applying perturbation for layer: layer3.5.conv2, original output shape: torch.Size([32, 256, 14, 14]), perturbed activation shape: torch.Size([1, 256, 14, 14])
2026-02-13 01:58:08,911 - INFO - Applying perturbation for layer: layer4.2.conv3, original output shape: torch.Size([32, 2048, 7, 7]), perturbed activation shape: torch.Size([1, 2048, 7, 7])
2026-02-13 01:58:08,930 - INFO - Applying perturbation for layer: layer3.5.conv2, original output shape: torch.Size([32, 256, 14, 14]), perturbed activation shape: torch.Size([1, 256, 14, 14])
2026-02-13 01:58:08,935 - INFO - Applying perturbation for layer: layer4.2.conv3, original output shape: torch.Size([32, 2048, 7, 7]), perturbed activation shape: torch.Size([1, 2048, 7, 7])
2026-02-13 01:58:08,955 - INFO - Applying perturbation for layer: layer3.5.conv2, original output shape: torch.Size([32, 256, 14, 14]), perturbed activation shape: torch.Size([1, 256, 14, 14])
2026-02-13 01:58:08,960 - INFO - Applying perturbation for layer: layer4.2.conv3, original output shape: torch.Size([32, 2048, 7, 7]), perturbed activation shape: torch.Size([1, 2048, 7, 7])
2026-02-13 01:58:08,979 - INFO - Applying perturbation for layer: layer3.5.conv2, original output shape: torch.Size([32, 256, 14, 14]), perturbed activation shape: torch.Size([1, 256, 14, 14])
2026-02-13 01:58:08,984 - INFO - Applying perturbation for layer: layer4.2.conv3, original output shape: torch.Size([32, 2048, 7, 7]), perturbed activation shape: torch.Size([1, 2048, 7, 7])
2026-02-13 01:58:09,003 - INFO - Applying perturbation for layer: layer3.5.conv2, original output shape: torch.Size([32, 256, 14, 14]), perturbed activation shape: torch.Size([1, 256, 14, 14])
2026-02-13 01:58:09,008 - INFO - Applying perturbation for layer: layer4.2.conv3, original output shape: torch.Size([32, 2048, 7, 7]), perturbed activation shape: torch.Size([1, 2048, 7, 7])
2026-02-13 01:58:09,027 - INFO - Applying perturbation for layer: layer3.5.conv2, original output shape: torch.Size([32, 256, 14, 14]), perturbed activation shape: torch.Size([1, 256, 14, 14])
2026-02-13 01:58:09,032 - INFO - Applying perturbation for layer: layer4.2.conv3, original output shape: torch.Size([32, 2048, 7, 7]), perturbed activation shape: torch.Size([1, 2048, 7, 7])
2026-02-13 01:58:09,051 - INFO - Applying perturbation for layer: layer3.5.conv2, original output shape: torch.Size([32, 256, 14, 14]), perturbed activation shape: torch.Size([1, 256, 14, 14])
2026-02-13 01:58:09,056 - INFO - Applying perturbation for layer: layer4.2.conv3, original output shape: torch.Size([32, 2048, 7, 7]), perturbed activation shape: torch.Size([1, 2048, 7, 7])
2026-02-13 01:58:09,075 - INFO - Applying perturbation for layer: layer3.5.conv2, original output shape: torch.Size([32, 256, 14, 14]), perturbed activation shape: torch.Size([1, 256, 14, 14])
2026-02-13 01:58:09,080 - INFO - Applying perturbation for layer: layer4.2.conv3, original output shape: torch.Size([32, 2048, 7, 7]), perturbed activation shape: torch.Size([1, 2048, 7, 7])
2026-02-13 01:58:09,099 - INFO - Applying perturbation for layer: layer3.5.conv2, original output shape: torch.Size([32, 256, 14, 14]), perturbed activation shape: torch.Size([1, 256, 14, 14])
2026-02-13 01:58:09,105 - INFO - Applying perturbation for layer: layer4.2.conv3, original output shape: torch.Size([32, 2048, 7, 7]), perturbed activation shape: torch.Size([1, 2048, 7, 7])
2026-02-13 01:58:09,124 - INFO - Applying perturbation for layer: layer3.5.conv2, original output shape: torch.Size([32, 256, 14, 14]), perturbed activation shape: torch.Size([1, 256, 14, 14])
2026-02-13 01:58:09,129 - INFO - Applying perturbation for layer: layer4.2.conv3, original output shape: torch.Size([32, 2048, 7, 7]), perturbed activation shape: torch.Size([1, 2048, 7, 7])
2026-02-13 01:58:09,148 - INFO - Applying perturbation for layer: layer3.5.conv2, original output shape: torch.Size([32, 256, 14, 14]), perturbed activation shape: torch.Size([1, 256, 14, 14])
2026-02-13 01:58:09,153 - INFO - Applying perturbation for layer: layer4.2.conv3, original output shape: torch.Size([32, 2048, 7, 7]), perturbed activation shape: torch.Size([1, 2048, 7, 7])
2026-02-13 01:58:09,172 - INFO - Applying perturbation for layer: layer3.5.conv2, original output shape: torch.Size([32, 256, 14, 14]), perturbed activation shape: torch.Size([1, 256, 14, 14])
2026-02-13 01:58:09,177 - INFO - Applying perturbation for layer: layer4.2.conv3, original output shape: torch.Size([32, 2048, 7, 7]), perturbed activation shape: torch.Size([1, 2048, 7, 7])
2026-02-13 01:58:09,196 - INFO - Applying perturbation for layer: layer3.5.conv2, original output shape: torch.Size([32, 256, 14, 14]), perturbed activation shape: torch.Size([1, 256, 14, 14])
2026-02-13 01:58:09,201 - INFO - Applying perturbation for layer: layer4.2.conv3, original output shape: torch.Size([32, 2048, 7, 7]), perturbed activation shape: torch.Size([1, 2048, 7, 7])
2026-02-13 01:58:09,220 - INFO - Applying perturbation for layer: layer3.5.conv2, original output shape: torch.Size([32, 256, 14, 14]), perturbed activation shape: torch.Size([1, 256, 14, 14])
2026-02-13 01:58:09,225 - INFO - Applying perturbation for layer: layer4.2.conv3, original output shape: torch.Size([32, 2048, 7, 7]), perturbed activation shape: torch.Size([1, 2048, 7, 7])
2026-02-13 01:58:09,244 - INFO - Applying perturbation for layer: layer3.5.conv2, original output shape: torch.Size([32, 256, 14, 14]), perturbed activation shape: torch.Size([1, 256, 14, 14])
2026-02-13 01:58:09,249 - INFO - Applying perturbation for layer: layer4.2.conv3, original output shape: torch.Size([32, 2048, 7, 7]), perturbed activation shape: torch.Size([1, 2048, 7, 7])
2026-02-13 01:58:09,269 - INFO - Applying perturbation for layer: layer3.5.conv2, original output shape: torch.Size([32, 256, 14, 14]), perturbed activation shape: torch.Size([1, 256, 14, 14])
2026-02-13 01:58:09,274 - INFO - Applying perturbation for layer: layer4.2.conv3, original output shape: torch.Size([32, 2048, 7, 7]), perturbed activation shape: torch.Size([1, 2048, 7, 7])
2026-02-13 01:58:09,293 - INFO - Applying perturbation for layer: layer3.5.conv2, original output shape: torch.Size([32, 256, 14, 14]), perturbed activation shape: torch.Size([1, 256, 14, 14])
2026-02-13 01:58:09,298 - INFO - Applying perturbation for layer: layer4.2.conv3, original output shape: torch.Size([32, 2048, 7, 7]), perturbed activation shape: torch.Size([1, 2048, 7, 7])
2026-02-13 01:58:09,317 - INFO - Applying perturbation for layer: layer3.5.conv2, original output shape: torch.Size([32, 256, 14, 14]), perturbed activation shape: torch.Size([1, 256, 14, 14])
2026-02-13 01:58:09,322 - INFO - Applying perturbation for layer: layer4.2.conv3, original output shape: torch.Size([32, 2048, 7, 7]), perturbed activation shape: torch.Size([1, 2048, 7, 7])
2026-02-13 01:58:09,341 - INFO - Applying perturbation for layer: layer3.5.conv2, original output shape: torch.Size([32, 256, 14, 14]), perturbed activation shape: torch.Size([1, 256, 14, 14])
2026-02-13 01:58:09,346 - INFO - Applying perturbation for layer: layer4.2.conv3, original output shape: torch.Size([32, 2048, 7, 7]), perturbed activation shape: torch.Size([1, 2048, 7, 7])
2026-02-13 01:58:09,365 - INFO - Applying perturbation for layer: layer3.5.conv2, original output shape: torch.Size([32, 256, 14, 14]), perturbed activation shape: torch.Size([1, 256, 14, 14])
2026-02-13 01:58:09,370 - INFO - Applying perturbation for layer: layer4.2.conv3, original output shape: torch.Size([32, 2048, 7, 7]), perturbed activation shape: torch.Size([1, 2048, 7, 7])
2026-02-13 01:58:09,389 - INFO - Applying perturbation for layer: layer3.5.conv2, original output shape: torch.Size([32, 256, 14, 14]), perturbed activation shape: torch.Size([1, 256, 14, 14])
2026-02-13 01:58:09,394 - INFO - Applying perturbation for layer: layer4.2.conv3, original output shape: torch.Size([32, 2048, 7, 7]), perturbed activation shape: torch.Size([1, 2048, 7, 7])
