2026-02-13 03:58:21,614 - INFO - ================================================================================
2026-02-13 03:58:21,614 - INFO - Perturbation method and options c0_legs
2026-02-13 03:58:21,614 - INFO - ================================================================================
2026-02-13 03:58:21,614 - INFO - Starting perturbation process at 20260213_035821
2026-02-13 03:58:21,614 - INFO - Model Name: resnet50
2026-02-13 03:58:21,614 - INFO - Model Path: /mnt/sdd/basics/balanced_training/resnet50/resnet50.pth
2026-02-13 03:58:21,614 - INFO - Base Image Directory: /home/balanced_dataset/train
2026-02-13 03:58:21,614 - INFO - Batch Size: 32
2026-02-13 03:58:21,616 - INFO - Collected 2112 images for analysis.
2026-02-13 03:58:47,619 - INFO - Batch processed 2112                           images into 66 batches with batch size 32.
2026-02-13 03:58:47,619 - INFO - Input image shapes: Number of batches: 66,                           Batch size: 32,                           Image tensor shape: torch.Size([32, 3, 224, 224])
2026-02-13 03:58:47,669 - INFO - Model loaded from /mnt/sdd/basics/balanced_training/resnet50/resnet50.pth and set to evaluation mode.
2026-02-13 03:58:47,669 - INFO - Custom layers to perturb set: ['layer1.2.conv3', 'layer2.3.conv3', 'layer3.0.conv1']
2026-02-13 03:58:47,669 - INFO - Options class and artifact c0_legs
2026-02-13 03:58:47,669 - INFO - List of layers to pertubate ['layer1.2.conv3', 'layer2.3.conv3', 'layer3.0.conv1']
2026-02-13 03:58:47,714 - INFO - ================================================================================
2026-02-13 03:58:47,714 - INFO - Target layer found: layer1.2.conv3
2026-02-13 03:58:47,866 - INFO - Captured activation for layer: layer1.2.conv3,                 activation shape: torch.Size([32, 256, 56, 56])
2026-02-13 03:58:47,903 - INFO - Captured activation for layer: layer1.2.conv3, activation shape: torch.Size([32, 256, 56, 56])
2026-02-13 03:58:47,904 - INFO - Captured activation for layer: layer1.2.conv3,                 activation shape: torch.Size([32, 256, 56, 56])
2026-02-13 03:58:47,906 - INFO - Captured activation for layer: layer1.2.conv3, activation shape: torch.Size([32, 256, 56, 56])
2026-02-13 03:58:47,907 - INFO - Captured activation for layer: layer1.2.conv3,                 activation shape: torch.Size([32, 256, 56, 56])
2026-02-13 03:58:47,908 - INFO - Captured activation for layer: layer1.2.conv3, activation shape: torch.Size([32, 256, 56, 56])
2026-02-13 03:58:47,909 - INFO - Captured activation for layer: layer1.2.conv3,                 activation shape: torch.Size([32, 256, 56, 56])
2026-02-13 03:58:47,911 - INFO - Captured activation for layer: layer1.2.conv3, activation shape: torch.Size([32, 256, 56, 56])
2026-02-13 03:58:47,911 - INFO - Captured activation for layer: layer1.2.conv3,                 activation shape: torch.Size([32, 256, 56, 56])
2026-02-13 03:58:47,913 - INFO - Captured activation for layer: layer1.2.conv3, activation shape: torch.Size([32, 256, 56, 56])
2026-02-13 03:58:47,914 - INFO - Captured activation for layer: layer1.2.conv3,                 activation shape: torch.Size([32, 256, 56, 56])
2026-02-13 03:58:47,915 - INFO - Captured activation for layer: layer1.2.conv3, activation shape: torch.Size([32, 256, 56, 56])
2026-02-13 03:58:47,916 - INFO - Captured activation for layer: layer1.2.conv3,                 activation shape: torch.Size([32, 256, 56, 56])
2026-02-13 03:58:47,923 - INFO - Captured activation for layer: layer1.2.conv3, activation shape: torch.Size([32, 256, 56, 56])
2026-02-13 03:58:47,924 - INFO - Captured activation for layer: layer1.2.conv3,                 activation shape: torch.Size([32, 256, 56, 56])
2026-02-13 03:58:47,935 - INFO - Captured activation for layer: layer1.2.conv3, activation shape: torch.Size([32, 256, 56, 56])
2026-02-13 03:58:47,937 - INFO - Captured activation for layer: layer1.2.conv3,                 activation shape: torch.Size([32, 256, 56, 56])
2026-02-13 03:58:47,947 - INFO - Captured activation for layer: layer1.2.conv3, activation shape: torch.Size([32, 256, 56, 56])
2026-02-13 03:58:47,949 - INFO - Captured activation for layer: layer1.2.conv3,                 activation shape: torch.Size([32, 256, 56, 56])
2026-02-13 03:58:47,959 - INFO - Captured activation for layer: layer1.2.conv3, activation shape: torch.Size([32, 256, 56, 56])
2026-02-13 03:58:47,961 - INFO - Captured activation for layer: layer1.2.conv3,                 activation shape: torch.Size([32, 256, 56, 56])
2026-02-13 03:58:47,972 - INFO - Captured activation for layer: layer1.2.conv3, activation shape: torch.Size([32, 256, 56, 56])
2026-02-13 03:58:47,973 - INFO - Captured activation for layer: layer1.2.conv3,                 activation shape: torch.Size([32, 256, 56, 56])
2026-02-13 03:58:47,984 - INFO - Captured activation for layer: layer1.2.conv3, activation shape: torch.Size([32, 256, 56, 56])
2026-02-13 03:58:47,985 - INFO - Captured activation for layer: layer1.2.conv3,                 activation shape: torch.Size([32, 256, 56, 56])
2026-02-13 03:58:47,996 - INFO - Captured activation for layer: layer1.2.conv3, activation shape: torch.Size([32, 256, 56, 56])
2026-02-13 03:58:47,997 - INFO - Captured activation for layer: layer1.2.conv3,                 activation shape: torch.Size([32, 256, 56, 56])
2026-02-13 03:58:48,008 - INFO - Captured activation for layer: layer1.2.conv3, activation shape: torch.Size([32, 256, 56, 56])
2026-02-13 03:58:48,010 - INFO - Captured activation for layer: layer1.2.conv3,                 activation shape: torch.Size([32, 256, 56, 56])
2026-02-13 03:58:48,020 - INFO - Captured activation for layer: layer1.2.conv3, activation shape: torch.Size([32, 256, 56, 56])
2026-02-13 03:58:48,022 - INFO - Captured activation for layer: layer1.2.conv3,                 activation shape: torch.Size([32, 256, 56, 56])
2026-02-13 03:58:48,032 - INFO - Captured activation for layer: layer1.2.conv3, activation shape: torch.Size([32, 256, 56, 56])
2026-02-13 03:58:48,034 - INFO - Captured activation for layer: layer1.2.conv3,                 activation shape: torch.Size([32, 256, 56, 56])
2026-02-13 03:58:48,045 - INFO - Captured activation for layer: layer1.2.conv3, activation shape: torch.Size([32, 256, 56, 56])
2026-02-13 03:58:48,046 - INFO - Captured activation for layer: layer1.2.conv3,                 activation shape: torch.Size([32, 256, 56, 56])
2026-02-13 03:58:48,057 - INFO - Captured activation for layer: layer1.2.conv3, activation shape: torch.Size([32, 256, 56, 56])
2026-02-13 03:58:48,058 - INFO - Captured activation for layer: layer1.2.conv3,                 activation shape: torch.Size([32, 256, 56, 56])
2026-02-13 03:58:48,069 - INFO - Captured activation for layer: layer1.2.conv3, activation shape: torch.Size([32, 256, 56, 56])
2026-02-13 03:58:48,071 - INFO - Captured activation for layer: layer1.2.conv3,                 activation shape: torch.Size([32, 256, 56, 56])
2026-02-13 03:58:48,081 - INFO - Captured activation for layer: layer1.2.conv3, activation shape: torch.Size([32, 256, 56, 56])
2026-02-13 03:58:48,083 - INFO - Captured activation for layer: layer1.2.conv3,                 activation shape: torch.Size([32, 256, 56, 56])
2026-02-13 03:58:48,093 - INFO - Captured activation for layer: layer1.2.conv3, activation shape: torch.Size([32, 256, 56, 56])
2026-02-13 03:58:48,095 - INFO - Captured activation for layer: layer1.2.conv3,                 activation shape: torch.Size([32, 256, 56, 56])
2026-02-13 03:58:48,106 - INFO - Captured activation for layer: layer1.2.conv3, activation shape: torch.Size([32, 256, 56, 56])
2026-02-13 03:58:48,107 - INFO - Captured activation for layer: layer1.2.conv3,                 activation shape: torch.Size([32, 256, 56, 56])
2026-02-13 03:58:48,118 - INFO - Captured activation for layer: layer1.2.conv3, activation shape: torch.Size([32, 256, 56, 56])
2026-02-13 03:58:48,119 - INFO - Captured activation for layer: layer1.2.conv3,                 activation shape: torch.Size([32, 256, 56, 56])
2026-02-13 03:58:48,134 - INFO - Captured activation for layer: layer1.2.conv3, activation shape: torch.Size([32, 256, 56, 56])
2026-02-13 03:58:48,135 - INFO - Captured activation for layer: layer1.2.conv3,                 activation shape: torch.Size([32, 256, 56, 56])
2026-02-13 03:58:48,149 - INFO - Captured activation for layer: layer1.2.conv3, activation shape: torch.Size([32, 256, 56, 56])
2026-02-13 03:58:48,151 - INFO - Captured activation for layer: layer1.2.conv3,                 activation shape: torch.Size([32, 256, 56, 56])
2026-02-13 03:58:48,176 - INFO - Captured activation for layer: layer1.2.conv3, activation shape: torch.Size([32, 256, 56, 56])
2026-02-13 03:58:48,178 - INFO - Captured activation for layer: layer1.2.conv3,                 activation shape: torch.Size([32, 256, 56, 56])
2026-02-13 03:58:48,203 - INFO - Captured activation for layer: layer1.2.conv3, activation shape: torch.Size([32, 256, 56, 56])
2026-02-13 03:58:48,205 - INFO - Captured activation for layer: layer1.2.conv3,                 activation shape: torch.Size([32, 256, 56, 56])
2026-02-13 03:58:48,230 - INFO - Captured activation for layer: layer1.2.conv3, activation shape: torch.Size([32, 256, 56, 56])
2026-02-13 03:58:48,231 - INFO - Captured activation for layer: layer1.2.conv3,                 activation shape: torch.Size([32, 256, 56, 56])
2026-02-13 03:58:48,257 - INFO - Captured activation for layer: layer1.2.conv3, activation shape: torch.Size([32, 256, 56, 56])
2026-02-13 03:58:48,261 - INFO - Captured activation for layer: layer1.2.conv3,                 activation shape: torch.Size([32, 256, 56, 56])
2026-02-13 03:58:48,284 - INFO - Captured activation for layer: layer1.2.conv3, activation shape: torch.Size([32, 256, 56, 56])
2026-02-13 03:58:48,288 - INFO - Captured activation for layer: layer1.2.conv3,                 activation shape: torch.Size([32, 256, 56, 56])
2026-02-13 03:58:48,311 - INFO - Captured activation for layer: layer1.2.conv3, activation shape: torch.Size([32, 256, 56, 56])
2026-02-13 03:58:48,315 - INFO - Captured activation for layer: layer1.2.conv3,                 activation shape: torch.Size([32, 256, 56, 56])
2026-02-13 03:58:48,337 - INFO - Captured activation for layer: layer1.2.conv3, activation shape: torch.Size([32, 256, 56, 56])
2026-02-13 03:58:48,341 - INFO - Captured activation for layer: layer1.2.conv3,                 activation shape: torch.Size([32, 256, 56, 56])
2026-02-13 03:58:48,364 - INFO - Captured activation for layer: layer1.2.conv3, activation shape: torch.Size([32, 256, 56, 56])
2026-02-13 03:58:48,368 - INFO - Captured activation for layer: layer1.2.conv3,                 activation shape: torch.Size([32, 256, 56, 56])
2026-02-13 03:58:48,391 - INFO - Captured activation for layer: layer1.2.conv3, activation shape: torch.Size([32, 256, 56, 56])
2026-02-13 03:58:48,395 - INFO - Captured activation for layer: layer1.2.conv3,                 activation shape: torch.Size([32, 256, 56, 56])
2026-02-13 03:58:48,418 - INFO - Captured activation for layer: layer1.2.conv3, activation shape: torch.Size([32, 256, 56, 56])
2026-02-13 03:58:48,422 - INFO - Captured activation for layer: layer1.2.conv3,                 activation shape: torch.Size([32, 256, 56, 56])
2026-02-13 03:58:48,444 - INFO - Captured activation for layer: layer1.2.conv3, activation shape: torch.Size([32, 256, 56, 56])
2026-02-13 03:58:48,448 - INFO - Captured activation for layer: layer1.2.conv3,                 activation shape: torch.Size([32, 256, 56, 56])
2026-02-13 03:58:48,471 - INFO - Captured activation for layer: layer1.2.conv3, activation shape: torch.Size([32, 256, 56, 56])
2026-02-13 03:58:48,475 - INFO - Captured activation for layer: layer1.2.conv3,                 activation shape: torch.Size([32, 256, 56, 56])
2026-02-13 03:58:48,498 - INFO - Captured activation for layer: layer1.2.conv3, activation shape: torch.Size([32, 256, 56, 56])
2026-02-13 03:58:48,502 - INFO - Captured activation for layer: layer1.2.conv3,                 activation shape: torch.Size([32, 256, 56, 56])
2026-02-13 03:58:48,525 - INFO - Captured activation for layer: layer1.2.conv3, activation shape: torch.Size([32, 256, 56, 56])
2026-02-13 03:58:48,529 - INFO - Captured activation for layer: layer1.2.conv3,                 activation shape: torch.Size([32, 256, 56, 56])
2026-02-13 03:58:48,552 - INFO - Captured activation for layer: layer1.2.conv3, activation shape: torch.Size([32, 256, 56, 56])
2026-02-13 03:58:48,556 - INFO - Captured activation for layer: layer1.2.conv3,                 activation shape: torch.Size([32, 256, 56, 56])
2026-02-13 03:58:48,578 - INFO - Captured activation for layer: layer1.2.conv3, activation shape: torch.Size([32, 256, 56, 56])
2026-02-13 03:58:48,582 - INFO - Captured activation for layer: layer1.2.conv3,                 activation shape: torch.Size([32, 256, 56, 56])
2026-02-13 03:58:48,598 - INFO - Captured activation for layer: layer1.2.conv3, activation shape: torch.Size([32, 256, 56, 56])
2026-02-13 03:58:48,600 - INFO - Captured activation for layer: layer1.2.conv3,                 activation shape: torch.Size([32, 256, 56, 56])
2026-02-13 03:58:48,611 - INFO - Captured activation for layer: layer1.2.conv3, activation shape: torch.Size([32, 256, 56, 56])
2026-02-13 03:58:48,613 - INFO - Captured activation for layer: layer1.2.conv3,                 activation shape: torch.Size([32, 256, 56, 56])
2026-02-13 03:58:48,623 - INFO - Captured activation for layer: layer1.2.conv3, activation shape: torch.Size([32, 256, 56, 56])
2026-02-13 03:58:48,625 - INFO - Captured activation for layer: layer1.2.conv3,                 activation shape: torch.Size([32, 256, 56, 56])
2026-02-13 03:58:48,636 - INFO - Captured activation for layer: layer1.2.conv3, activation shape: torch.Size([32, 256, 56, 56])
2026-02-13 03:58:48,637 - INFO - Captured activation for layer: layer1.2.conv3,                 activation shape: torch.Size([32, 256, 56, 56])
2026-02-13 03:58:48,648 - INFO - Captured activation for layer: layer1.2.conv3, activation shape: torch.Size([32, 256, 56, 56])
2026-02-13 03:58:48,649 - INFO - Captured activation for layer: layer1.2.conv3,                 activation shape: torch.Size([32, 256, 56, 56])
2026-02-13 03:58:48,660 - INFO - Captured activation for layer: layer1.2.conv3, activation shape: torch.Size([32, 256, 56, 56])
2026-02-13 03:58:48,662 - INFO - Captured activation for layer: layer1.2.conv3,                 activation shape: torch.Size([32, 256, 56, 56])
2026-02-13 03:58:48,672 - INFO - Captured activation for layer: layer1.2.conv3, activation shape: torch.Size([32, 256, 56, 56])
2026-02-13 03:58:48,674 - INFO - Captured activation for layer: layer1.2.conv3,                 activation shape: torch.Size([32, 256, 56, 56])
2026-02-13 03:58:48,685 - INFO - Captured activation for layer: layer1.2.conv3, activation shape: torch.Size([32, 256, 56, 56])
2026-02-13 03:58:48,686 - INFO - Captured activation for layer: layer1.2.conv3,                 activation shape: torch.Size([32, 256, 56, 56])
2026-02-13 03:58:48,697 - INFO - Captured activation for layer: layer1.2.conv3, activation shape: torch.Size([32, 256, 56, 56])
2026-02-13 03:58:48,698 - INFO - Captured activation for layer: layer1.2.conv3,                 activation shape: torch.Size([32, 256, 56, 56])
2026-02-13 03:58:48,709 - INFO - Captured activation for layer: layer1.2.conv3, activation shape: torch.Size([32, 256, 56, 56])
2026-02-13 03:58:48,711 - INFO - Captured activation for layer: layer1.2.conv3,                 activation shape: torch.Size([32, 256, 56, 56])
2026-02-13 03:58:48,721 - INFO - Captured activation for layer: layer1.2.conv3, activation shape: torch.Size([32, 256, 56, 56])
2026-02-13 03:58:48,723 - INFO - Captured activation for layer: layer1.2.conv3,                 activation shape: torch.Size([32, 256, 56, 56])
2026-02-13 03:58:48,734 - INFO - Captured activation for layer: layer1.2.conv3, activation shape: torch.Size([32, 256, 56, 56])
2026-02-13 03:58:48,735 - INFO - Captured activation for layer: layer1.2.conv3,                 activation shape: torch.Size([32, 256, 56, 56])
2026-02-13 03:58:48,746 - INFO - Captured activation for layer: layer1.2.conv3, activation shape: torch.Size([32, 256, 56, 56])
2026-02-13 03:58:48,747 - INFO - Captured activation for layer: layer1.2.conv3,                 activation shape: torch.Size([32, 256, 56, 56])
2026-02-13 03:58:48,758 - INFO - Captured activation for layer: layer1.2.conv3, activation shape: torch.Size([32, 256, 56, 56])
2026-02-13 03:58:48,760 - INFO - Captured activation for layer: layer1.2.conv3,                 activation shape: torch.Size([32, 256, 56, 56])
2026-02-13 03:58:48,770 - INFO - Captured activation for layer: layer1.2.conv3, activation shape: torch.Size([32, 256, 56, 56])
2026-02-13 03:58:48,772 - INFO - Captured activation for layer: layer1.2.conv3,                 activation shape: torch.Size([32, 256, 56, 56])
2026-02-13 03:58:48,782 - INFO - Captured activation for layer: layer1.2.conv3, activation shape: torch.Size([32, 256, 56, 56])
2026-02-13 03:58:48,784 - INFO - Captured activation for layer: layer1.2.conv3,                 activation shape: torch.Size([32, 256, 56, 56])
2026-02-13 03:58:48,795 - INFO - Captured activation for layer: layer1.2.conv3, activation shape: torch.Size([32, 256, 56, 56])
2026-02-13 03:58:48,796 - INFO - Captured activation for layer: layer1.2.conv3,                 activation shape: torch.Size([32, 256, 56, 56])
2026-02-13 03:58:48,807 - INFO - Captured activation for layer: layer1.2.conv3, activation shape: torch.Size([32, 256, 56, 56])
2026-02-13 03:58:48,808 - INFO - Captured activation for layer: layer1.2.conv3,                 activation shape: torch.Size([32, 256, 56, 56])
2026-02-13 03:58:48,819 - INFO - Captured activation for layer: layer1.2.conv3, activation shape: torch.Size([32, 256, 56, 56])
2026-02-13 03:58:48,821 - INFO - Captured activation for layer: layer1.2.conv3,                 activation shape: torch.Size([32, 256, 56, 56])
2026-02-13 03:58:48,831 - INFO - Captured activation for layer: layer1.2.conv3, activation shape: torch.Size([32, 256, 56, 56])
2026-02-13 03:58:48,833 - INFO - Captured activation for layer: layer1.2.conv3,                 activation shape: torch.Size([32, 256, 56, 56])
2026-02-13 03:58:48,843 - INFO - Captured activation for layer: layer1.2.conv3, activation shape: torch.Size([32, 256, 56, 56])
2026-02-13 03:58:48,845 - INFO - Captured activation for layer: layer1.2.conv3,                 activation shape: torch.Size([32, 256, 56, 56])
2026-02-13 03:58:48,856 - INFO - Captured activation for layer: layer1.2.conv3, activation shape: torch.Size([32, 256, 56, 56])
2026-02-13 03:58:48,857 - INFO - Captured activation for layer: layer1.2.conv3,                 activation shape: torch.Size([32, 256, 56, 56])
2026-02-13 03:58:48,868 - INFO - Captured activation for layer: layer1.2.conv3, activation shape: torch.Size([32, 256, 56, 56])
2026-02-13 03:58:48,869 - INFO - Captured activation for layer: layer1.2.conv3,                 activation shape: torch.Size([32, 256, 56, 56])
2026-02-13 03:58:48,880 - INFO - Captured activation for layer: layer1.2.conv3, activation shape: torch.Size([32, 256, 56, 56])
2026-02-13 03:58:48,881 - INFO - Captured activation for layer: layer1.2.conv3,                 activation shape: torch.Size([32, 256, 56, 56])
2026-02-13 03:58:48,892 - INFO - Captured activation for layer: layer1.2.conv3, activation shape: torch.Size([32, 256, 56, 56])
2026-02-13 03:58:48,893 - INFO - Stacked activations shape for layer layer1.2.conv3: torch.Size([2112, 256, 56, 56])
2026-02-13 03:58:49,011 - INFO - Added Gaussian noise with std: 0.001
2026-02-13 03:58:49,115 - INFO - Perturbed activation  values: tensor([ 0.0042,  0.0023,  0.0065,  ..., -0.0345, -0.0909, -0.0660],
       device='cuda:0')
2026-02-13 03:58:49,125 - INFO - Standard deviation of activations for layer layer1.2.conv3: 0.0219
2026-02-13 03:58:49,125 - INFO - Checking normality of activations for layer layer1.2.conv3 using Shapiro-Wilk test.
2026-02-13 03:59:43,814 - INFO - Shapiro-Wilk test: statistic=0.8531, p-value=6.7308e-56
2026-02-13 03:59:43,814 - INFO - Normally distributed: False
2026-02-13 03:59:43,815 - INFO - Perturbed activation shape: torch.Size([2112, 256, 56, 56]), Std activation shape: torch.Size([1, 256, 56, 56])
2026-02-13 03:59:43,825 - INFO - Std activation sample values: tensor([0.0040, 0.0022, 0.0023, 0.0025, 0.0024], device='cuda:0')
2026-02-13 03:59:43,854 - INFO - Applying perturbation for layer: layer1.2.conv3, original output shape: torch.Size([32, 256, 56, 56]), perturbed activation shape: torch.Size([2112, 256, 56, 56])
2026-02-13 03:59:43,859 - INFO - Applying perturbation for layer: layer1.2.conv3, original output shape: torch.Size([32, 256, 56, 56]), perturbed activation shape: torch.Size([2112, 256, 56, 56])
2026-02-13 03:59:43,863 - INFO - Applying perturbation for layer: layer1.2.conv3, original output shape: torch.Size([32, 256, 56, 56]), perturbed activation shape: torch.Size([2112, 256, 56, 56])
2026-02-13 03:59:43,875 - INFO - Applying perturbation for layer: layer1.2.conv3, original output shape: torch.Size([32, 256, 56, 56]), perturbed activation shape: torch.Size([2112, 256, 56, 56])
2026-02-13 03:59:43,899 - INFO - Applying perturbation for layer: layer1.2.conv3, original output shape: torch.Size([32, 256, 56, 56]), perturbed activation shape: torch.Size([2112, 256, 56, 56])
2026-02-13 03:59:43,923 - INFO - Applying perturbation for layer: layer1.2.conv3, original output shape: torch.Size([32, 256, 56, 56]), perturbed activation shape: torch.Size([2112, 256, 56, 56])
2026-02-13 03:59:43,947 - INFO - Applying perturbation for layer: layer1.2.conv3, original output shape: torch.Size([32, 256, 56, 56]), perturbed activation shape: torch.Size([2112, 256, 56, 56])
2026-02-13 03:59:43,971 - INFO - Applying perturbation for layer: layer1.2.conv3, original output shape: torch.Size([32, 256, 56, 56]), perturbed activation shape: torch.Size([2112, 256, 56, 56])
2026-02-13 03:59:43,995 - INFO - Applying perturbation for layer: layer1.2.conv3, original output shape: torch.Size([32, 256, 56, 56]), perturbed activation shape: torch.Size([2112, 256, 56, 56])
2026-02-13 03:59:44,020 - INFO - Applying perturbation for layer: layer1.2.conv3, original output shape: torch.Size([32, 256, 56, 56]), perturbed activation shape: torch.Size([2112, 256, 56, 56])
2026-02-13 03:59:44,044 - INFO - Applying perturbation for layer: layer1.2.conv3, original output shape: torch.Size([32, 256, 56, 56]), perturbed activation shape: torch.Size([2112, 256, 56, 56])
2026-02-13 03:59:44,068 - INFO - Applying perturbation for layer: layer1.2.conv3, original output shape: torch.Size([32, 256, 56, 56]), perturbed activation shape: torch.Size([2112, 256, 56, 56])
2026-02-13 03:59:44,092 - INFO - Applying perturbation for layer: layer1.2.conv3, original output shape: torch.Size([32, 256, 56, 56]), perturbed activation shape: torch.Size([2112, 256, 56, 56])
2026-02-13 03:59:44,116 - INFO - Applying perturbation for layer: layer1.2.conv3, original output shape: torch.Size([32, 256, 56, 56]), perturbed activation shape: torch.Size([2112, 256, 56, 56])
2026-02-13 03:59:44,140 - INFO - Applying perturbation for layer: layer1.2.conv3, original output shape: torch.Size([32, 256, 56, 56]), perturbed activation shape: torch.Size([2112, 256, 56, 56])
2026-02-13 03:59:44,164 - INFO - Applying perturbation for layer: layer1.2.conv3, original output shape: torch.Size([32, 256, 56, 56]), perturbed activation shape: torch.Size([2112, 256, 56, 56])
2026-02-13 03:59:44,188 - INFO - Applying perturbation for layer: layer1.2.conv3, original output shape: torch.Size([32, 256, 56, 56]), perturbed activation shape: torch.Size([2112, 256, 56, 56])
2026-02-13 03:59:44,212 - INFO - Applying perturbation for layer: layer1.2.conv3, original output shape: torch.Size([32, 256, 56, 56]), perturbed activation shape: torch.Size([2112, 256, 56, 56])
2026-02-13 03:59:44,236 - INFO - Applying perturbation for layer: layer1.2.conv3, original output shape: torch.Size([32, 256, 56, 56]), perturbed activation shape: torch.Size([2112, 256, 56, 56])
2026-02-13 03:59:44,260 - INFO - Applying perturbation for layer: layer1.2.conv3, original output shape: torch.Size([32, 256, 56, 56]), perturbed activation shape: torch.Size([2112, 256, 56, 56])
2026-02-13 03:59:44,284 - INFO - Applying perturbation for layer: layer1.2.conv3, original output shape: torch.Size([32, 256, 56, 56]), perturbed activation shape: torch.Size([2112, 256, 56, 56])
2026-02-13 03:59:44,308 - INFO - Applying perturbation for layer: layer1.2.conv3, original output shape: torch.Size([32, 256, 56, 56]), perturbed activation shape: torch.Size([2112, 256, 56, 56])
2026-02-13 03:59:44,333 - INFO - Applying perturbation for layer: layer1.2.conv3, original output shape: torch.Size([32, 256, 56, 56]), perturbed activation shape: torch.Size([2112, 256, 56, 56])
2026-02-13 03:59:44,357 - INFO - Applying perturbation for layer: layer1.2.conv3, original output shape: torch.Size([32, 256, 56, 56]), perturbed activation shape: torch.Size([2112, 256, 56, 56])
2026-02-13 03:59:44,381 - INFO - Applying perturbation for layer: layer1.2.conv3, original output shape: torch.Size([32, 256, 56, 56]), perturbed activation shape: torch.Size([2112, 256, 56, 56])
2026-02-13 03:59:44,405 - INFO - Applying perturbation for layer: layer1.2.conv3, original output shape: torch.Size([32, 256, 56, 56]), perturbed activation shape: torch.Size([2112, 256, 56, 56])
2026-02-13 03:59:44,429 - INFO - Applying perturbation for layer: layer1.2.conv3, original output shape: torch.Size([32, 256, 56, 56]), perturbed activation shape: torch.Size([2112, 256, 56, 56])
2026-02-13 03:59:44,453 - INFO - Applying perturbation for layer: layer1.2.conv3, original output shape: torch.Size([32, 256, 56, 56]), perturbed activation shape: torch.Size([2112, 256, 56, 56])
2026-02-13 03:59:44,477 - INFO - Applying perturbation for layer: layer1.2.conv3, original output shape: torch.Size([32, 256, 56, 56]), perturbed activation shape: torch.Size([2112, 256, 56, 56])
2026-02-13 03:59:44,501 - INFO - Applying perturbation for layer: layer1.2.conv3, original output shape: torch.Size([32, 256, 56, 56]), perturbed activation shape: torch.Size([2112, 256, 56, 56])
2026-02-13 03:59:44,525 - INFO - Applying perturbation for layer: layer1.2.conv3, original output shape: torch.Size([32, 256, 56, 56]), perturbed activation shape: torch.Size([2112, 256, 56, 56])
2026-02-13 03:59:44,549 - INFO - Applying perturbation for layer: layer1.2.conv3, original output shape: torch.Size([32, 256, 56, 56]), perturbed activation shape: torch.Size([2112, 256, 56, 56])
2026-02-13 03:59:44,573 - INFO - Applying perturbation for layer: layer1.2.conv3, original output shape: torch.Size([32, 256, 56, 56]), perturbed activation shape: torch.Size([2112, 256, 56, 56])
2026-02-13 03:59:44,597 - INFO - Applying perturbation for layer: layer1.2.conv3, original output shape: torch.Size([32, 256, 56, 56]), perturbed activation shape: torch.Size([2112, 256, 56, 56])
2026-02-13 03:59:44,634 - INFO - Applying perturbation for layer: layer1.2.conv3, original output shape: torch.Size([32, 256, 56, 56]), perturbed activation shape: torch.Size([2112, 256, 56, 56])
2026-02-13 03:59:44,682 - INFO - Applying perturbation for layer: layer1.2.conv3, original output shape: torch.Size([32, 256, 56, 56]), perturbed activation shape: torch.Size([2112, 256, 56, 56])
2026-02-13 03:59:44,729 - INFO - Applying perturbation for layer: layer1.2.conv3, original output shape: torch.Size([32, 256, 56, 56]), perturbed activation shape: torch.Size([2112, 256, 56, 56])
2026-02-13 03:59:44,776 - INFO - Applying perturbation for layer: layer1.2.conv3, original output shape: torch.Size([32, 256, 56, 56]), perturbed activation shape: torch.Size([2112, 256, 56, 56])
2026-02-13 03:59:44,811 - INFO - Applying perturbation for layer: layer1.2.conv3, original output shape: torch.Size([32, 256, 56, 56]), perturbed activation shape: torch.Size([2112, 256, 56, 56])
2026-02-13 03:59:44,840 - INFO - Applying perturbation for layer: layer1.2.conv3, original output shape: torch.Size([32, 256, 56, 56]), perturbed activation shape: torch.Size([2112, 256, 56, 56])
2026-02-13 03:59:44,887 - INFO - Applying perturbation for layer: layer1.2.conv3, original output shape: torch.Size([32, 256, 56, 56]), perturbed activation shape: torch.Size([2112, 256, 56, 56])
2026-02-13 03:59:44,934 - INFO - Applying perturbation for layer: layer1.2.conv3, original output shape: torch.Size([32, 256, 56, 56]), perturbed activation shape: torch.Size([2112, 256, 56, 56])
2026-02-13 03:59:44,980 - INFO - Applying perturbation for layer: layer1.2.conv3, original output shape: torch.Size([32, 256, 56, 56]), perturbed activation shape: torch.Size([2112, 256, 56, 56])
2026-02-13 03:59:45,024 - INFO - Applying perturbation for layer: layer1.2.conv3, original output shape: torch.Size([32, 256, 56, 56]), perturbed activation shape: torch.Size([2112, 256, 56, 56])
2026-02-13 03:59:45,049 - INFO - Applying perturbation for layer: layer1.2.conv3, original output shape: torch.Size([32, 256, 56, 56]), perturbed activation shape: torch.Size([2112, 256, 56, 56])
2026-02-13 03:59:45,073 - INFO - Applying perturbation for layer: layer1.2.conv3, original output shape: torch.Size([32, 256, 56, 56]), perturbed activation shape: torch.Size([2112, 256, 56, 56])
2026-02-13 03:59:45,097 - INFO - Applying perturbation for layer: layer1.2.conv3, original output shape: torch.Size([32, 256, 56, 56]), perturbed activation shape: torch.Size([2112, 256, 56, 56])
2026-02-13 03:59:45,122 - INFO - Applying perturbation for layer: layer1.2.conv3, original output shape: torch.Size([32, 256, 56, 56]), perturbed activation shape: torch.Size([2112, 256, 56, 56])
2026-02-13 03:59:45,146 - INFO - Applying perturbation for layer: layer1.2.conv3, original output shape: torch.Size([32, 256, 56, 56]), perturbed activation shape: torch.Size([2112, 256, 56, 56])
2026-02-13 03:59:45,170 - INFO - Applying perturbation for layer: layer1.2.conv3, original output shape: torch.Size([32, 256, 56, 56]), perturbed activation shape: torch.Size([2112, 256, 56, 56])
2026-02-13 03:59:45,194 - INFO - Applying perturbation for layer: layer1.2.conv3, original output shape: torch.Size([32, 256, 56, 56]), perturbed activation shape: torch.Size([2112, 256, 56, 56])
2026-02-13 03:59:45,218 - INFO - Applying perturbation for layer: layer1.2.conv3, original output shape: torch.Size([32, 256, 56, 56]), perturbed activation shape: torch.Size([2112, 256, 56, 56])
2026-02-13 03:59:45,242 - INFO - Applying perturbation for layer: layer1.2.conv3, original output shape: torch.Size([32, 256, 56, 56]), perturbed activation shape: torch.Size([2112, 256, 56, 56])
2026-02-13 03:59:45,266 - INFO - Applying perturbation for layer: layer1.2.conv3, original output shape: torch.Size([32, 256, 56, 56]), perturbed activation shape: torch.Size([2112, 256, 56, 56])
2026-02-13 03:59:45,290 - INFO - Applying perturbation for layer: layer1.2.conv3, original output shape: torch.Size([32, 256, 56, 56]), perturbed activation shape: torch.Size([2112, 256, 56, 56])
2026-02-13 03:59:45,314 - INFO - Applying perturbation for layer: layer1.2.conv3, original output shape: torch.Size([32, 256, 56, 56]), perturbed activation shape: torch.Size([2112, 256, 56, 56])
2026-02-13 03:59:45,339 - INFO - Applying perturbation for layer: layer1.2.conv3, original output shape: torch.Size([32, 256, 56, 56]), perturbed activation shape: torch.Size([2112, 256, 56, 56])
2026-02-13 03:59:45,363 - INFO - Applying perturbation for layer: layer1.2.conv3, original output shape: torch.Size([32, 256, 56, 56]), perturbed activation shape: torch.Size([2112, 256, 56, 56])
2026-02-13 03:59:45,387 - INFO - Applying perturbation for layer: layer1.2.conv3, original output shape: torch.Size([32, 256, 56, 56]), perturbed activation shape: torch.Size([2112, 256, 56, 56])
2026-02-13 03:59:45,411 - INFO - Applying perturbation for layer: layer1.2.conv3, original output shape: torch.Size([32, 256, 56, 56]), perturbed activation shape: torch.Size([2112, 256, 56, 56])
2026-02-13 03:59:45,435 - INFO - Applying perturbation for layer: layer1.2.conv3, original output shape: torch.Size([32, 256, 56, 56]), perturbed activation shape: torch.Size([2112, 256, 56, 56])
2026-02-13 03:59:45,459 - INFO - Applying perturbation for layer: layer1.2.conv3, original output shape: torch.Size([32, 256, 56, 56]), perturbed activation shape: torch.Size([2112, 256, 56, 56])
2026-02-13 03:59:45,483 - INFO - Applying perturbation for layer: layer1.2.conv3, original output shape: torch.Size([32, 256, 56, 56]), perturbed activation shape: torch.Size([2112, 256, 56, 56])
2026-02-13 03:59:45,507 - INFO - Applying perturbation for layer: layer1.2.conv3, original output shape: torch.Size([32, 256, 56, 56]), perturbed activation shape: torch.Size([2112, 256, 56, 56])
2026-02-13 03:59:45,532 - INFO - Applying perturbation for layer: layer1.2.conv3, original output shape: torch.Size([32, 256, 56, 56]), perturbed activation shape: torch.Size([2112, 256, 56, 56])
2026-02-13 03:59:45,556 - INFO - Applying perturbation for layer: layer1.2.conv3, original output shape: torch.Size([32, 256, 56, 56]), perturbed activation shape: torch.Size([2112, 256, 56, 56])
2026-02-13 03:59:45,891 - INFO - ================================================================================
2026-02-13 03:59:45,892 - INFO - Target layer found: layer2.3.conv3
2026-02-13 03:59:45,898 - INFO - Captured activation for layer: layer2.3.conv3,                 activation shape: torch.Size([32, 512, 28, 28])
2026-02-13 03:59:45,901 - INFO - Captured activation for layer: layer2.3.conv3, activation shape: torch.Size([32, 512, 28, 28])
2026-02-13 03:59:45,902 - INFO - Captured activation for layer: layer2.3.conv3,                 activation shape: torch.Size([32, 512, 28, 28])
2026-02-13 03:59:45,904 - INFO - Captured activation for layer: layer2.3.conv3, activation shape: torch.Size([32, 512, 28, 28])
2026-02-13 03:59:45,904 - INFO - Captured activation for layer: layer2.3.conv3,                 activation shape: torch.Size([32, 512, 28, 28])
2026-02-13 03:59:45,906 - INFO - Captured activation for layer: layer2.3.conv3, activation shape: torch.Size([32, 512, 28, 28])
2026-02-13 03:59:45,908 - INFO - Captured activation for layer: layer2.3.conv3,                 activation shape: torch.Size([32, 512, 28, 28])
2026-02-13 03:59:45,909 - INFO - Captured activation for layer: layer2.3.conv3, activation shape: torch.Size([32, 512, 28, 28])
2026-02-13 03:59:45,910 - INFO - Captured activation for layer: layer2.3.conv3,                 activation shape: torch.Size([32, 512, 28, 28])
2026-02-13 03:59:45,911 - INFO - Captured activation for layer: layer2.3.conv3, activation shape: torch.Size([32, 512, 28, 28])
2026-02-13 03:59:45,912 - INFO - Captured activation for layer: layer2.3.conv3,                 activation shape: torch.Size([32, 512, 28, 28])
2026-02-13 03:59:45,916 - INFO - Captured activation for layer: layer2.3.conv3, activation shape: torch.Size([32, 512, 28, 28])
2026-02-13 03:59:45,919 - INFO - Captured activation for layer: layer2.3.conv3,                 activation shape: torch.Size([32, 512, 28, 28])
2026-02-13 03:59:45,928 - INFO - Captured activation for layer: layer2.3.conv3, activation shape: torch.Size([32, 512, 28, 28])
2026-02-13 03:59:45,932 - INFO - Captured activation for layer: layer2.3.conv3,                 activation shape: torch.Size([32, 512, 28, 28])
2026-02-13 03:59:45,941 - INFO - Captured activation for layer: layer2.3.conv3, activation shape: torch.Size([32, 512, 28, 28])
2026-02-13 03:59:45,944 - INFO - Captured activation for layer: layer2.3.conv3,                 activation shape: torch.Size([32, 512, 28, 28])
2026-02-13 03:59:45,954 - INFO - Captured activation for layer: layer2.3.conv3, activation shape: torch.Size([32, 512, 28, 28])
2026-02-13 03:59:45,957 - INFO - Captured activation for layer: layer2.3.conv3,                 activation shape: torch.Size([32, 512, 28, 28])
2026-02-13 03:59:45,967 - INFO - Captured activation for layer: layer2.3.conv3, activation shape: torch.Size([32, 512, 28, 28])
2026-02-13 03:59:45,970 - INFO - Captured activation for layer: layer2.3.conv3,                 activation shape: torch.Size([32, 512, 28, 28])
2026-02-13 03:59:45,979 - INFO - Captured activation for layer: layer2.3.conv3, activation shape: torch.Size([32, 512, 28, 28])
2026-02-13 03:59:45,982 - INFO - Captured activation for layer: layer2.3.conv3,                 activation shape: torch.Size([32, 512, 28, 28])
2026-02-13 03:59:45,992 - INFO - Captured activation for layer: layer2.3.conv3, activation shape: torch.Size([32, 512, 28, 28])
2026-02-13 03:59:45,995 - INFO - Captured activation for layer: layer2.3.conv3,                 activation shape: torch.Size([32, 512, 28, 28])
2026-02-13 03:59:46,005 - INFO - Captured activation for layer: layer2.3.conv3, activation shape: torch.Size([32, 512, 28, 28])
2026-02-13 03:59:46,008 - INFO - Captured activation for layer: layer2.3.conv3,                 activation shape: torch.Size([32, 512, 28, 28])
2026-02-13 03:59:46,017 - INFO - Captured activation for layer: layer2.3.conv3, activation shape: torch.Size([32, 512, 28, 28])
2026-02-13 03:59:46,020 - INFO - Captured activation for layer: layer2.3.conv3,                 activation shape: torch.Size([32, 512, 28, 28])
2026-02-13 03:59:46,030 - INFO - Captured activation for layer: layer2.3.conv3, activation shape: torch.Size([32, 512, 28, 28])
2026-02-13 03:59:46,033 - INFO - Captured activation for layer: layer2.3.conv3,                 activation shape: torch.Size([32, 512, 28, 28])
2026-02-13 03:59:46,043 - INFO - Captured activation for layer: layer2.3.conv3, activation shape: torch.Size([32, 512, 28, 28])
2026-02-13 03:59:46,046 - INFO - Captured activation for layer: layer2.3.conv3,                 activation shape: torch.Size([32, 512, 28, 28])
2026-02-13 03:59:46,056 - INFO - Captured activation for layer: layer2.3.conv3, activation shape: torch.Size([32, 512, 28, 28])
2026-02-13 03:59:46,059 - INFO - Captured activation for layer: layer2.3.conv3,                 activation shape: torch.Size([32, 512, 28, 28])
2026-02-13 03:59:46,068 - INFO - Captured activation for layer: layer2.3.conv3, activation shape: torch.Size([32, 512, 28, 28])
2026-02-13 03:59:46,071 - INFO - Captured activation for layer: layer2.3.conv3,                 activation shape: torch.Size([32, 512, 28, 28])
2026-02-13 03:59:46,081 - INFO - Captured activation for layer: layer2.3.conv3, activation shape: torch.Size([32, 512, 28, 28])
2026-02-13 03:59:46,084 - INFO - Captured activation for layer: layer2.3.conv3,                 activation shape: torch.Size([32, 512, 28, 28])
2026-02-13 03:59:46,094 - INFO - Captured activation for layer: layer2.3.conv3, activation shape: torch.Size([32, 512, 28, 28])
2026-02-13 03:59:46,097 - INFO - Captured activation for layer: layer2.3.conv3,                 activation shape: torch.Size([32, 512, 28, 28])
2026-02-13 03:59:46,106 - INFO - Captured activation for layer: layer2.3.conv3, activation shape: torch.Size([32, 512, 28, 28])
2026-02-13 03:59:46,109 - INFO - Captured activation for layer: layer2.3.conv3,                 activation shape: torch.Size([32, 512, 28, 28])
2026-02-13 03:59:46,119 - INFO - Captured activation for layer: layer2.3.conv3, activation shape: torch.Size([32, 512, 28, 28])
2026-02-13 03:59:46,122 - INFO - Captured activation for layer: layer2.3.conv3,                 activation shape: torch.Size([32, 512, 28, 28])
2026-02-13 03:59:46,132 - INFO - Captured activation for layer: layer2.3.conv3, activation shape: torch.Size([32, 512, 28, 28])
2026-02-13 03:59:46,135 - INFO - Captured activation for layer: layer2.3.conv3,                 activation shape: torch.Size([32, 512, 28, 28])
2026-02-13 03:59:46,144 - INFO - Captured activation for layer: layer2.3.conv3, activation shape: torch.Size([32, 512, 28, 28])
2026-02-13 03:59:46,148 - INFO - Captured activation for layer: layer2.3.conv3,                 activation shape: torch.Size([32, 512, 28, 28])
2026-02-13 03:59:46,157 - INFO - Captured activation for layer: layer2.3.conv3, activation shape: torch.Size([32, 512, 28, 28])
2026-02-13 03:59:46,160 - INFO - Captured activation for layer: layer2.3.conv3,                 activation shape: torch.Size([32, 512, 28, 28])
2026-02-13 03:59:46,170 - INFO - Captured activation for layer: layer2.3.conv3, activation shape: torch.Size([32, 512, 28, 28])
2026-02-13 03:59:46,173 - INFO - Captured activation for layer: layer2.3.conv3,                 activation shape: torch.Size([32, 512, 28, 28])
2026-02-13 03:59:46,183 - INFO - Captured activation for layer: layer2.3.conv3, activation shape: torch.Size([32, 512, 28, 28])
2026-02-13 03:59:46,186 - INFO - Captured activation for layer: layer2.3.conv3,                 activation shape: torch.Size([32, 512, 28, 28])
2026-02-13 03:59:46,195 - INFO - Captured activation for layer: layer2.3.conv3, activation shape: torch.Size([32, 512, 28, 28])
2026-02-13 03:59:46,198 - INFO - Captured activation for layer: layer2.3.conv3,                 activation shape: torch.Size([32, 512, 28, 28])
2026-02-13 03:59:46,208 - INFO - Captured activation for layer: layer2.3.conv3, activation shape: torch.Size([32, 512, 28, 28])
2026-02-13 03:59:46,211 - INFO - Captured activation for layer: layer2.3.conv3,                 activation shape: torch.Size([32, 512, 28, 28])
2026-02-13 03:59:46,221 - INFO - Captured activation for layer: layer2.3.conv3, activation shape: torch.Size([32, 512, 28, 28])
2026-02-13 03:59:46,224 - INFO - Captured activation for layer: layer2.3.conv3,                 activation shape: torch.Size([32, 512, 28, 28])
2026-02-13 03:59:46,233 - INFO - Captured activation for layer: layer2.3.conv3, activation shape: torch.Size([32, 512, 28, 28])
2026-02-13 03:59:46,236 - INFO - Captured activation for layer: layer2.3.conv3,                 activation shape: torch.Size([32, 512, 28, 28])
2026-02-13 03:59:46,246 - INFO - Captured activation for layer: layer2.3.conv3, activation shape: torch.Size([32, 512, 28, 28])
2026-02-13 03:59:46,249 - INFO - Captured activation for layer: layer2.3.conv3,                 activation shape: torch.Size([32, 512, 28, 28])
2026-02-13 03:59:46,259 - INFO - Captured activation for layer: layer2.3.conv3, activation shape: torch.Size([32, 512, 28, 28])
2026-02-13 03:59:46,262 - INFO - Captured activation for layer: layer2.3.conv3,                 activation shape: torch.Size([32, 512, 28, 28])
2026-02-13 03:59:46,272 - INFO - Captured activation for layer: layer2.3.conv3, activation shape: torch.Size([32, 512, 28, 28])
2026-02-13 03:59:46,275 - INFO - Captured activation for layer: layer2.3.conv3,                 activation shape: torch.Size([32, 512, 28, 28])
2026-02-13 03:59:46,284 - INFO - Captured activation for layer: layer2.3.conv3, activation shape: torch.Size([32, 512, 28, 28])
2026-02-13 03:59:46,287 - INFO - Captured activation for layer: layer2.3.conv3,                 activation shape: torch.Size([32, 512, 28, 28])
2026-02-13 03:59:46,296 - INFO - Captured activation for layer: layer2.3.conv3, activation shape: torch.Size([32, 512, 28, 28])
2026-02-13 03:59:46,299 - INFO - Captured activation for layer: layer2.3.conv3,                 activation shape: torch.Size([32, 512, 28, 28])
2026-02-13 03:59:46,308 - INFO - Captured activation for layer: layer2.3.conv3, activation shape: torch.Size([32, 512, 28, 28])
2026-02-13 03:59:46,311 - INFO - Captured activation for layer: layer2.3.conv3,                 activation shape: torch.Size([32, 512, 28, 28])
2026-02-13 03:59:46,320 - INFO - Captured activation for layer: layer2.3.conv3, activation shape: torch.Size([32, 512, 28, 28])
2026-02-13 03:59:46,323 - INFO - Captured activation for layer: layer2.3.conv3,                 activation shape: torch.Size([32, 512, 28, 28])
2026-02-13 03:59:46,332 - INFO - Captured activation for layer: layer2.3.conv3, activation shape: torch.Size([32, 512, 28, 28])
2026-02-13 03:59:46,335 - INFO - Captured activation for layer: layer2.3.conv3,                 activation shape: torch.Size([32, 512, 28, 28])
2026-02-13 03:59:46,344 - INFO - Captured activation for layer: layer2.3.conv3, activation shape: torch.Size([32, 512, 28, 28])
2026-02-13 03:59:46,347 - INFO - Captured activation for layer: layer2.3.conv3,                 activation shape: torch.Size([32, 512, 28, 28])
2026-02-13 03:59:46,356 - INFO - Captured activation for layer: layer2.3.conv3, activation shape: torch.Size([32, 512, 28, 28])
2026-02-13 03:59:46,359 - INFO - Captured activation for layer: layer2.3.conv3,                 activation shape: torch.Size([32, 512, 28, 28])
2026-02-13 03:59:46,369 - INFO - Captured activation for layer: layer2.3.conv3, activation shape: torch.Size([32, 512, 28, 28])
2026-02-13 03:59:46,372 - INFO - Captured activation for layer: layer2.3.conv3,                 activation shape: torch.Size([32, 512, 28, 28])
2026-02-13 03:59:46,381 - INFO - Captured activation for layer: layer2.3.conv3, activation shape: torch.Size([32, 512, 28, 28])
2026-02-13 03:59:46,384 - INFO - Captured activation for layer: layer2.3.conv3,                 activation shape: torch.Size([32, 512, 28, 28])
2026-02-13 03:59:46,393 - INFO - Captured activation for layer: layer2.3.conv3, activation shape: torch.Size([32, 512, 28, 28])
2026-02-13 03:59:46,396 - INFO - Captured activation for layer: layer2.3.conv3,                 activation shape: torch.Size([32, 512, 28, 28])
2026-02-13 03:59:46,405 - INFO - Captured activation for layer: layer2.3.conv3, activation shape: torch.Size([32, 512, 28, 28])
2026-02-13 03:59:46,408 - INFO - Captured activation for layer: layer2.3.conv3,                 activation shape: torch.Size([32, 512, 28, 28])
2026-02-13 03:59:46,417 - INFO - Captured activation for layer: layer2.3.conv3, activation shape: torch.Size([32, 512, 28, 28])
2026-02-13 03:59:46,420 - INFO - Captured activation for layer: layer2.3.conv3,                 activation shape: torch.Size([32, 512, 28, 28])
2026-02-13 03:59:46,429 - INFO - Captured activation for layer: layer2.3.conv3, activation shape: torch.Size([32, 512, 28, 28])
2026-02-13 03:59:46,432 - INFO - Captured activation for layer: layer2.3.conv3,                 activation shape: torch.Size([32, 512, 28, 28])
2026-02-13 03:59:46,441 - INFO - Captured activation for layer: layer2.3.conv3, activation shape: torch.Size([32, 512, 28, 28])
2026-02-13 03:59:46,444 - INFO - Captured activation for layer: layer2.3.conv3,                 activation shape: torch.Size([32, 512, 28, 28])
2026-02-13 03:59:46,453 - INFO - Captured activation for layer: layer2.3.conv3, activation shape: torch.Size([32, 512, 28, 28])
2026-02-13 03:59:46,456 - INFO - Captured activation for layer: layer2.3.conv3,                 activation shape: torch.Size([32, 512, 28, 28])
2026-02-13 03:59:46,466 - INFO - Captured activation for layer: layer2.3.conv3, activation shape: torch.Size([32, 512, 28, 28])
2026-02-13 03:59:46,469 - INFO - Captured activation for layer: layer2.3.conv3,                 activation shape: torch.Size([32, 512, 28, 28])
2026-02-13 03:59:46,478 - INFO - Captured activation for layer: layer2.3.conv3, activation shape: torch.Size([32, 512, 28, 28])
2026-02-13 03:59:46,481 - INFO - Captured activation for layer: layer2.3.conv3,                 activation shape: torch.Size([32, 512, 28, 28])
2026-02-13 03:59:46,490 - INFO - Captured activation for layer: layer2.3.conv3, activation shape: torch.Size([32, 512, 28, 28])
2026-02-13 03:59:46,493 - INFO - Captured activation for layer: layer2.3.conv3,                 activation shape: torch.Size([32, 512, 28, 28])
2026-02-13 03:59:46,502 - INFO - Captured activation for layer: layer2.3.conv3, activation shape: torch.Size([32, 512, 28, 28])
2026-02-13 03:59:46,505 - INFO - Captured activation for layer: layer2.3.conv3,                 activation shape: torch.Size([32, 512, 28, 28])
2026-02-13 03:59:46,514 - INFO - Captured activation for layer: layer2.3.conv3, activation shape: torch.Size([32, 512, 28, 28])
2026-02-13 03:59:46,517 - INFO - Captured activation for layer: layer2.3.conv3,                 activation shape: torch.Size([32, 512, 28, 28])
2026-02-13 03:59:46,526 - INFO - Captured activation for layer: layer2.3.conv3, activation shape: torch.Size([32, 512, 28, 28])
2026-02-13 03:59:46,529 - INFO - Captured activation for layer: layer2.3.conv3,                 activation shape: torch.Size([32, 512, 28, 28])
2026-02-13 03:59:46,538 - INFO - Captured activation for layer: layer2.3.conv3, activation shape: torch.Size([32, 512, 28, 28])
2026-02-13 03:59:46,541 - INFO - Captured activation for layer: layer2.3.conv3,                 activation shape: torch.Size([32, 512, 28, 28])
2026-02-13 03:59:46,550 - INFO - Captured activation for layer: layer2.3.conv3, activation shape: torch.Size([32, 512, 28, 28])
2026-02-13 03:59:46,553 - INFO - Captured activation for layer: layer2.3.conv3,                 activation shape: torch.Size([32, 512, 28, 28])
2026-02-13 03:59:46,562 - INFO - Captured activation for layer: layer2.3.conv3, activation shape: torch.Size([32, 512, 28, 28])
2026-02-13 03:59:46,565 - INFO - Captured activation for layer: layer2.3.conv3,                 activation shape: torch.Size([32, 512, 28, 28])
2026-02-13 03:59:46,574 - INFO - Captured activation for layer: layer2.3.conv3, activation shape: torch.Size([32, 512, 28, 28])
2026-02-13 03:59:46,577 - INFO - Captured activation for layer: layer2.3.conv3,                 activation shape: torch.Size([32, 512, 28, 28])
2026-02-13 03:59:46,586 - INFO - Captured activation for layer: layer2.3.conv3, activation shape: torch.Size([32, 512, 28, 28])
2026-02-13 03:59:46,589 - INFO - Captured activation for layer: layer2.3.conv3,                 activation shape: torch.Size([32, 512, 28, 28])
2026-02-13 03:59:46,599 - INFO - Captured activation for layer: layer2.3.conv3, activation shape: torch.Size([32, 512, 28, 28])
2026-02-13 03:59:46,602 - INFO - Captured activation for layer: layer2.3.conv3,                 activation shape: torch.Size([32, 512, 28, 28])
2026-02-13 03:59:46,611 - INFO - Captured activation for layer: layer2.3.conv3, activation shape: torch.Size([32, 512, 28, 28])
2026-02-13 03:59:46,614 - INFO - Captured activation for layer: layer2.3.conv3,                 activation shape: torch.Size([32, 512, 28, 28])
2026-02-13 03:59:46,623 - INFO - Captured activation for layer: layer2.3.conv3, activation shape: torch.Size([32, 512, 28, 28])
2026-02-13 03:59:46,626 - INFO - Captured activation for layer: layer2.3.conv3,                 activation shape: torch.Size([32, 512, 28, 28])
2026-02-13 03:59:46,635 - INFO - Captured activation for layer: layer2.3.conv3, activation shape: torch.Size([32, 512, 28, 28])
2026-02-13 03:59:46,638 - INFO - Captured activation for layer: layer2.3.conv3,                 activation shape: torch.Size([32, 512, 28, 28])
2026-02-13 03:59:46,647 - INFO - Captured activation for layer: layer2.3.conv3, activation shape: torch.Size([32, 512, 28, 28])
2026-02-13 03:59:46,650 - INFO - Captured activation for layer: layer2.3.conv3,                 activation shape: torch.Size([32, 512, 28, 28])
2026-02-13 03:59:46,659 - INFO - Captured activation for layer: layer2.3.conv3, activation shape: torch.Size([32, 512, 28, 28])
2026-02-13 03:59:46,659 - INFO - Stacked activations shape for layer layer2.3.conv3: torch.Size([2112, 512, 28, 28])
2026-02-13 03:59:46,660 - INFO - Added Gaussian noise with std: 0.001
2026-02-13 03:59:46,814 - INFO - Perturbed activation  values: tensor([ 0.0067, -0.0087, -0.0120,  ...,  0.0011, -0.0020, -0.0072],
       device='cuda:0')
2026-02-13 03:59:46,823 - INFO - Standard deviation of activations for layer layer2.3.conv3: 0.0294
2026-02-13 03:59:46,823 - INFO - Checking normality of activations for layer layer2.3.conv3 using Shapiro-Wilk test.
2026-02-13 04:00:13,814 - INFO - Shapiro-Wilk test: statistic=0.9534, p-value=3.2356e-37
2026-02-13 04:00:13,814 - INFO - Normally distributed: False
2026-02-13 04:00:13,815 - INFO - Perturbed activation shape: torch.Size([2112, 512, 28, 28]), Std activation shape: torch.Size([1, 512, 28, 28])
2026-02-13 04:00:13,835 - INFO - Std activation sample values: tensor([0.0097, 0.0088, 0.0095, 0.0096, 0.0097], device='cuda:0')
2026-02-13 04:00:13,848 - INFO - Applying perturbation for layer: layer2.3.conv3, original output shape: torch.Size([32, 512, 28, 28]), perturbed activation shape: torch.Size([2112, 512, 28, 28])
2026-02-13 04:00:13,852 - INFO - Applying perturbation for layer: layer2.3.conv3, original output shape: torch.Size([32, 512, 28, 28]), perturbed activation shape: torch.Size([2112, 512, 28, 28])
2026-02-13 04:00:13,868 - INFO - Applying perturbation for layer: layer2.3.conv3, original output shape: torch.Size([32, 512, 28, 28]), perturbed activation shape: torch.Size([2112, 512, 28, 28])
2026-02-13 04:00:13,922 - INFO - Applying perturbation for layer: layer2.3.conv3, original output shape: torch.Size([32, 512, 28, 28]), perturbed activation shape: torch.Size([2112, 512, 28, 28])
2026-02-13 04:00:13,975 - INFO - Applying perturbation for layer: layer2.3.conv3, original output shape: torch.Size([32, 512, 28, 28]), perturbed activation shape: torch.Size([2112, 512, 28, 28])
2026-02-13 04:00:14,028 - INFO - Applying perturbation for layer: layer2.3.conv3, original output shape: torch.Size([32, 512, 28, 28]), perturbed activation shape: torch.Size([2112, 512, 28, 28])
2026-02-13 04:00:14,059 - INFO - Applying perturbation for layer: layer2.3.conv3, original output shape: torch.Size([32, 512, 28, 28]), perturbed activation shape: torch.Size([2112, 512, 28, 28])
2026-02-13 04:00:14,084 - INFO - Applying perturbation for layer: layer2.3.conv3, original output shape: torch.Size([32, 512, 28, 28]), perturbed activation shape: torch.Size([2112, 512, 28, 28])
2026-02-13 04:00:14,108 - INFO - Applying perturbation for layer: layer2.3.conv3, original output shape: torch.Size([32, 512, 28, 28]), perturbed activation shape: torch.Size([2112, 512, 28, 28])
2026-02-13 04:00:14,132 - INFO - Applying perturbation for layer: layer2.3.conv3, original output shape: torch.Size([32, 512, 28, 28]), perturbed activation shape: torch.Size([2112, 512, 28, 28])
2026-02-13 04:00:14,156 - INFO - Applying perturbation for layer: layer2.3.conv3, original output shape: torch.Size([32, 512, 28, 28]), perturbed activation shape: torch.Size([2112, 512, 28, 28])
2026-02-13 04:00:14,180 - INFO - Applying perturbation for layer: layer2.3.conv3, original output shape: torch.Size([32, 512, 28, 28]), perturbed activation shape: torch.Size([2112, 512, 28, 28])
2026-02-13 04:00:14,204 - INFO - Applying perturbation for layer: layer2.3.conv3, original output shape: torch.Size([32, 512, 28, 28]), perturbed activation shape: torch.Size([2112, 512, 28, 28])
2026-02-13 04:00:14,228 - INFO - Applying perturbation for layer: layer2.3.conv3, original output shape: torch.Size([32, 512, 28, 28]), perturbed activation shape: torch.Size([2112, 512, 28, 28])
2026-02-13 04:00:14,252 - INFO - Applying perturbation for layer: layer2.3.conv3, original output shape: torch.Size([32, 512, 28, 28]), perturbed activation shape: torch.Size([2112, 512, 28, 28])
2026-02-13 04:00:14,276 - INFO - Applying perturbation for layer: layer2.3.conv3, original output shape: torch.Size([32, 512, 28, 28]), perturbed activation shape: torch.Size([2112, 512, 28, 28])
2026-02-13 04:00:14,300 - INFO - Applying perturbation for layer: layer2.3.conv3, original output shape: torch.Size([32, 512, 28, 28]), perturbed activation shape: torch.Size([2112, 512, 28, 28])
2026-02-13 04:00:14,324 - INFO - Applying perturbation for layer: layer2.3.conv3, original output shape: torch.Size([32, 512, 28, 28]), perturbed activation shape: torch.Size([2112, 512, 28, 28])
2026-02-13 04:00:14,348 - INFO - Applying perturbation for layer: layer2.3.conv3, original output shape: torch.Size([32, 512, 28, 28]), perturbed activation shape: torch.Size([2112, 512, 28, 28])
2026-02-13 04:00:14,372 - INFO - Applying perturbation for layer: layer2.3.conv3, original output shape: torch.Size([32, 512, 28, 28]), perturbed activation shape: torch.Size([2112, 512, 28, 28])
2026-02-13 04:00:14,396 - INFO - Applying perturbation for layer: layer2.3.conv3, original output shape: torch.Size([32, 512, 28, 28]), perturbed activation shape: torch.Size([2112, 512, 28, 28])
2026-02-13 04:00:14,420 - INFO - Applying perturbation for layer: layer2.3.conv3, original output shape: torch.Size([32, 512, 28, 28]), perturbed activation shape: torch.Size([2112, 512, 28, 28])
2026-02-13 04:00:14,445 - INFO - Applying perturbation for layer: layer2.3.conv3, original output shape: torch.Size([32, 512, 28, 28]), perturbed activation shape: torch.Size([2112, 512, 28, 28])
2026-02-13 04:00:14,469 - INFO - Applying perturbation for layer: layer2.3.conv3, original output shape: torch.Size([32, 512, 28, 28]), perturbed activation shape: torch.Size([2112, 512, 28, 28])
2026-02-13 04:00:14,493 - INFO - Applying perturbation for layer: layer2.3.conv3, original output shape: torch.Size([32, 512, 28, 28]), perturbed activation shape: torch.Size([2112, 512, 28, 28])
2026-02-13 04:00:14,517 - INFO - Applying perturbation for layer: layer2.3.conv3, original output shape: torch.Size([32, 512, 28, 28]), perturbed activation shape: torch.Size([2112, 512, 28, 28])
2026-02-13 04:00:14,541 - INFO - Applying perturbation for layer: layer2.3.conv3, original output shape: torch.Size([32, 512, 28, 28]), perturbed activation shape: torch.Size([2112, 512, 28, 28])
2026-02-13 04:00:14,565 - INFO - Applying perturbation for layer: layer2.3.conv3, original output shape: torch.Size([32, 512, 28, 28]), perturbed activation shape: torch.Size([2112, 512, 28, 28])
2026-02-13 04:00:14,589 - INFO - Applying perturbation for layer: layer2.3.conv3, original output shape: torch.Size([32, 512, 28, 28]), perturbed activation shape: torch.Size([2112, 512, 28, 28])
2026-02-13 04:00:14,613 - INFO - Applying perturbation for layer: layer2.3.conv3, original output shape: torch.Size([32, 512, 28, 28]), perturbed activation shape: torch.Size([2112, 512, 28, 28])
2026-02-13 04:00:14,637 - INFO - Applying perturbation for layer: layer2.3.conv3, original output shape: torch.Size([32, 512, 28, 28]), perturbed activation shape: torch.Size([2112, 512, 28, 28])
2026-02-13 04:00:14,661 - INFO - Applying perturbation for layer: layer2.3.conv3, original output shape: torch.Size([32, 512, 28, 28]), perturbed activation shape: torch.Size([2112, 512, 28, 28])
2026-02-13 04:00:14,685 - INFO - Applying perturbation for layer: layer2.3.conv3, original output shape: torch.Size([32, 512, 28, 28]), perturbed activation shape: torch.Size([2112, 512, 28, 28])
2026-02-13 04:00:14,709 - INFO - Applying perturbation for layer: layer2.3.conv3, original output shape: torch.Size([32, 512, 28, 28]), perturbed activation shape: torch.Size([2112, 512, 28, 28])
2026-02-13 04:00:14,733 - INFO - Applying perturbation for layer: layer2.3.conv3, original output shape: torch.Size([32, 512, 28, 28]), perturbed activation shape: torch.Size([2112, 512, 28, 28])
2026-02-13 04:00:14,757 - INFO - Applying perturbation for layer: layer2.3.conv3, original output shape: torch.Size([32, 512, 28, 28]), perturbed activation shape: torch.Size([2112, 512, 28, 28])
2026-02-13 04:00:14,781 - INFO - Applying perturbation for layer: layer2.3.conv3, original output shape: torch.Size([32, 512, 28, 28]), perturbed activation shape: torch.Size([2112, 512, 28, 28])
2026-02-13 04:00:14,805 - INFO - Applying perturbation for layer: layer2.3.conv3, original output shape: torch.Size([32, 512, 28, 28]), perturbed activation shape: torch.Size([2112, 512, 28, 28])
2026-02-13 04:00:14,829 - INFO - Applying perturbation for layer: layer2.3.conv3, original output shape: torch.Size([32, 512, 28, 28]), perturbed activation shape: torch.Size([2112, 512, 28, 28])
2026-02-13 04:00:14,853 - INFO - Applying perturbation for layer: layer2.3.conv3, original output shape: torch.Size([32, 512, 28, 28]), perturbed activation shape: torch.Size([2112, 512, 28, 28])
2026-02-13 04:00:14,877 - INFO - Applying perturbation for layer: layer2.3.conv3, original output shape: torch.Size([32, 512, 28, 28]), perturbed activation shape: torch.Size([2112, 512, 28, 28])
2026-02-13 04:00:14,901 - INFO - Applying perturbation for layer: layer2.3.conv3, original output shape: torch.Size([32, 512, 28, 28]), perturbed activation shape: torch.Size([2112, 512, 28, 28])
2026-02-13 04:00:14,925 - INFO - Applying perturbation for layer: layer2.3.conv3, original output shape: torch.Size([32, 512, 28, 28]), perturbed activation shape: torch.Size([2112, 512, 28, 28])
2026-02-13 04:00:14,949 - INFO - Applying perturbation for layer: layer2.3.conv3, original output shape: torch.Size([32, 512, 28, 28]), perturbed activation shape: torch.Size([2112, 512, 28, 28])
2026-02-13 04:00:14,973 - INFO - Applying perturbation for layer: layer2.3.conv3, original output shape: torch.Size([32, 512, 28, 28]), perturbed activation shape: torch.Size([2112, 512, 28, 28])
2026-02-13 04:00:14,998 - INFO - Applying perturbation for layer: layer2.3.conv3, original output shape: torch.Size([32, 512, 28, 28]), perturbed activation shape: torch.Size([2112, 512, 28, 28])
2026-02-13 04:00:15,022 - INFO - Applying perturbation for layer: layer2.3.conv3, original output shape: torch.Size([32, 512, 28, 28]), perturbed activation shape: torch.Size([2112, 512, 28, 28])
2026-02-13 04:00:15,046 - INFO - Applying perturbation for layer: layer2.3.conv3, original output shape: torch.Size([32, 512, 28, 28]), perturbed activation shape: torch.Size([2112, 512, 28, 28])
2026-02-13 04:00:15,070 - INFO - Applying perturbation for layer: layer2.3.conv3, original output shape: torch.Size([32, 512, 28, 28]), perturbed activation shape: torch.Size([2112, 512, 28, 28])
2026-02-13 04:00:15,094 - INFO - Applying perturbation for layer: layer2.3.conv3, original output shape: torch.Size([32, 512, 28, 28]), perturbed activation shape: torch.Size([2112, 512, 28, 28])
2026-02-13 04:00:15,118 - INFO - Applying perturbation for layer: layer2.3.conv3, original output shape: torch.Size([32, 512, 28, 28]), perturbed activation shape: torch.Size([2112, 512, 28, 28])
2026-02-13 04:00:15,142 - INFO - Applying perturbation for layer: layer2.3.conv3, original output shape: torch.Size([32, 512, 28, 28]), perturbed activation shape: torch.Size([2112, 512, 28, 28])
2026-02-13 04:00:15,166 - INFO - Applying perturbation for layer: layer2.3.conv3, original output shape: torch.Size([32, 512, 28, 28]), perturbed activation shape: torch.Size([2112, 512, 28, 28])
2026-02-13 04:00:15,190 - INFO - Applying perturbation for layer: layer2.3.conv3, original output shape: torch.Size([32, 512, 28, 28]), perturbed activation shape: torch.Size([2112, 512, 28, 28])
2026-02-13 04:00:15,214 - INFO - Applying perturbation for layer: layer2.3.conv3, original output shape: torch.Size([32, 512, 28, 28]), perturbed activation shape: torch.Size([2112, 512, 28, 28])
2026-02-13 04:00:15,238 - INFO - Applying perturbation for layer: layer2.3.conv3, original output shape: torch.Size([32, 512, 28, 28]), perturbed activation shape: torch.Size([2112, 512, 28, 28])
2026-02-13 04:00:15,262 - INFO - Applying perturbation for layer: layer2.3.conv3, original output shape: torch.Size([32, 512, 28, 28]), perturbed activation shape: torch.Size([2112, 512, 28, 28])
2026-02-13 04:00:15,286 - INFO - Applying perturbation for layer: layer2.3.conv3, original output shape: torch.Size([32, 512, 28, 28]), perturbed activation shape: torch.Size([2112, 512, 28, 28])
2026-02-13 04:00:15,310 - INFO - Applying perturbation for layer: layer2.3.conv3, original output shape: torch.Size([32, 512, 28, 28]), perturbed activation shape: torch.Size([2112, 512, 28, 28])
2026-02-13 04:00:15,334 - INFO - Applying perturbation for layer: layer2.3.conv3, original output shape: torch.Size([32, 512, 28, 28]), perturbed activation shape: torch.Size([2112, 512, 28, 28])
2026-02-13 04:00:15,358 - INFO - Applying perturbation for layer: layer2.3.conv3, original output shape: torch.Size([32, 512, 28, 28]), perturbed activation shape: torch.Size([2112, 512, 28, 28])
2026-02-13 04:00:15,382 - INFO - Applying perturbation for layer: layer2.3.conv3, original output shape: torch.Size([32, 512, 28, 28]), perturbed activation shape: torch.Size([2112, 512, 28, 28])
2026-02-13 04:00:15,406 - INFO - Applying perturbation for layer: layer2.3.conv3, original output shape: torch.Size([32, 512, 28, 28]), perturbed activation shape: torch.Size([2112, 512, 28, 28])
2026-02-13 04:00:15,430 - INFO - Applying perturbation for layer: layer2.3.conv3, original output shape: torch.Size([32, 512, 28, 28]), perturbed activation shape: torch.Size([2112, 512, 28, 28])
2026-02-13 04:00:15,454 - INFO - Applying perturbation for layer: layer2.3.conv3, original output shape: torch.Size([32, 512, 28, 28]), perturbed activation shape: torch.Size([2112, 512, 28, 28])
2026-02-13 04:00:15,478 - INFO - Applying perturbation for layer: layer2.3.conv3, original output shape: torch.Size([32, 512, 28, 28]), perturbed activation shape: torch.Size([2112, 512, 28, 28])
2026-02-13 04:00:15,773 - INFO - ================================================================================
2026-02-13 04:00:15,773 - INFO - Target layer found: layer3.0.conv1
2026-02-13 04:00:15,780 - INFO - Captured activation for layer: layer3.0.conv1,                 activation shape: torch.Size([32, 256, 28, 28])
2026-02-13 04:00:15,783 - INFO - Captured activation for layer: layer3.0.conv1, activation shape: torch.Size([32, 256, 28, 28])
2026-02-13 04:00:15,784 - INFO - Captured activation for layer: layer3.0.conv1,                 activation shape: torch.Size([32, 256, 28, 28])
2026-02-13 04:00:15,786 - INFO - Captured activation for layer: layer3.0.conv1, activation shape: torch.Size([32, 256, 28, 28])
2026-02-13 04:00:15,787 - INFO - Captured activation for layer: layer3.0.conv1,                 activation shape: torch.Size([32, 256, 28, 28])
2026-02-13 04:00:15,788 - INFO - Captured activation for layer: layer3.0.conv1, activation shape: torch.Size([32, 256, 28, 28])
2026-02-13 04:00:15,789 - INFO - Captured activation for layer: layer3.0.conv1,                 activation shape: torch.Size([32, 256, 28, 28])
2026-02-13 04:00:15,790 - INFO - Captured activation for layer: layer3.0.conv1, activation shape: torch.Size([32, 256, 28, 28])
2026-02-13 04:00:15,791 - INFO - Captured activation for layer: layer3.0.conv1,                 activation shape: torch.Size([32, 256, 28, 28])
2026-02-13 04:00:15,792 - INFO - Captured activation for layer: layer3.0.conv1, activation shape: torch.Size([32, 256, 28, 28])
2026-02-13 04:00:15,794 - INFO - Captured activation for layer: layer3.0.conv1,                 activation shape: torch.Size([32, 256, 28, 28])
2026-02-13 04:00:15,798 - INFO - Captured activation for layer: layer3.0.conv1, activation shape: torch.Size([32, 256, 28, 28])
2026-02-13 04:00:15,801 - INFO - Captured activation for layer: layer3.0.conv1,                 activation shape: torch.Size([32, 256, 28, 28])
2026-02-13 04:00:15,810 - INFO - Captured activation for layer: layer3.0.conv1, activation shape: torch.Size([32, 256, 28, 28])
2026-02-13 04:00:15,813 - INFO - Captured activation for layer: layer3.0.conv1,                 activation shape: torch.Size([32, 256, 28, 28])
2026-02-13 04:00:15,823 - INFO - Captured activation for layer: layer3.0.conv1, activation shape: torch.Size([32, 256, 28, 28])
2026-02-13 04:00:15,826 - INFO - Captured activation for layer: layer3.0.conv1,                 activation shape: torch.Size([32, 256, 28, 28])
2026-02-13 04:00:15,835 - INFO - Captured activation for layer: layer3.0.conv1, activation shape: torch.Size([32, 256, 28, 28])
2026-02-13 04:00:15,839 - INFO - Captured activation for layer: layer3.0.conv1,                 activation shape: torch.Size([32, 256, 28, 28])
2026-02-13 04:00:15,848 - INFO - Captured activation for layer: layer3.0.conv1, activation shape: torch.Size([32, 256, 28, 28])
2026-02-13 04:00:15,851 - INFO - Captured activation for layer: layer3.0.conv1,                 activation shape: torch.Size([32, 256, 28, 28])
2026-02-13 04:00:15,861 - INFO - Captured activation for layer: layer3.0.conv1, activation shape: torch.Size([32, 256, 28, 28])
2026-02-13 04:00:15,864 - INFO - Captured activation for layer: layer3.0.conv1,                 activation shape: torch.Size([32, 256, 28, 28])
2026-02-13 04:00:15,873 - INFO - Captured activation for layer: layer3.0.conv1, activation shape: torch.Size([32, 256, 28, 28])
2026-02-13 04:00:15,876 - INFO - Captured activation for layer: layer3.0.conv1,                 activation shape: torch.Size([32, 256, 28, 28])
2026-02-13 04:00:15,885 - INFO - Captured activation for layer: layer3.0.conv1, activation shape: torch.Size([32, 256, 28, 28])
2026-02-13 04:00:15,888 - INFO - Captured activation for layer: layer3.0.conv1,                 activation shape: torch.Size([32, 256, 28, 28])
2026-02-13 04:00:15,897 - INFO - Captured activation for layer: layer3.0.conv1, activation shape: torch.Size([32, 256, 28, 28])
2026-02-13 04:00:15,900 - INFO - Captured activation for layer: layer3.0.conv1,                 activation shape: torch.Size([32, 256, 28, 28])
2026-02-13 04:00:15,909 - INFO - Captured activation for layer: layer3.0.conv1, activation shape: torch.Size([32, 256, 28, 28])
2026-02-13 04:00:15,912 - INFO - Captured activation for layer: layer3.0.conv1,                 activation shape: torch.Size([32, 256, 28, 28])
2026-02-13 04:00:15,921 - INFO - Captured activation for layer: layer3.0.conv1, activation shape: torch.Size([32, 256, 28, 28])
2026-02-13 04:00:15,924 - INFO - Captured activation for layer: layer3.0.conv1,                 activation shape: torch.Size([32, 256, 28, 28])
2026-02-13 04:00:15,935 - INFO - Captured activation for layer: layer3.0.conv1, activation shape: torch.Size([32, 256, 28, 28])
2026-02-13 04:00:15,938 - INFO - Captured activation for layer: layer3.0.conv1,                 activation shape: torch.Size([32, 256, 28, 28])
2026-02-13 04:00:15,959 - INFO - Captured activation for layer: layer3.0.conv1, activation shape: torch.Size([32, 256, 28, 28])
2026-02-13 04:00:15,965 - INFO - Captured activation for layer: layer3.0.conv1,                 activation shape: torch.Size([32, 256, 28, 28])
2026-02-13 04:00:15,986 - INFO - Captured activation for layer: layer3.0.conv1, activation shape: torch.Size([32, 256, 28, 28])
2026-02-13 04:00:15,991 - INFO - Captured activation for layer: layer3.0.conv1,                 activation shape: torch.Size([32, 256, 28, 28])
2026-02-13 04:00:16,013 - INFO - Captured activation for layer: layer3.0.conv1, activation shape: torch.Size([32, 256, 28, 28])
2026-02-13 04:00:16,018 - INFO - Captured activation for layer: layer3.0.conv1,                 activation shape: torch.Size([32, 256, 28, 28])
2026-02-13 04:00:16,039 - INFO - Captured activation for layer: layer3.0.conv1, activation shape: torch.Size([32, 256, 28, 28])
2026-02-13 04:00:16,045 - INFO - Captured activation for layer: layer3.0.conv1,                 activation shape: torch.Size([32, 256, 28, 28])
2026-02-13 04:00:16,066 - INFO - Captured activation for layer: layer3.0.conv1, activation shape: torch.Size([32, 256, 28, 28])
2026-02-13 04:00:16,072 - INFO - Captured activation for layer: layer3.0.conv1,                 activation shape: torch.Size([32, 256, 28, 28])
2026-02-13 04:00:16,093 - INFO - Captured activation for layer: layer3.0.conv1, activation shape: torch.Size([32, 256, 28, 28])
2026-02-13 04:00:16,098 - INFO - Captured activation for layer: layer3.0.conv1,                 activation shape: torch.Size([32, 256, 28, 28])
2026-02-13 04:00:16,120 - INFO - Captured activation for layer: layer3.0.conv1, activation shape: torch.Size([32, 256, 28, 28])
2026-02-13 04:00:16,125 - INFO - Captured activation for layer: layer3.0.conv1,                 activation shape: torch.Size([32, 256, 28, 28])
2026-02-13 04:00:16,147 - INFO - Captured activation for layer: layer3.0.conv1, activation shape: torch.Size([32, 256, 28, 28])
2026-02-13 04:00:16,152 - INFO - Captured activation for layer: layer3.0.conv1,                 activation shape: torch.Size([32, 256, 28, 28])
2026-02-13 04:00:16,173 - INFO - Captured activation for layer: layer3.0.conv1, activation shape: torch.Size([32, 256, 28, 28])
2026-02-13 04:00:16,179 - INFO - Captured activation for layer: layer3.0.conv1,                 activation shape: torch.Size([32, 256, 28, 28])
2026-02-13 04:00:16,200 - INFO - Captured activation for layer: layer3.0.conv1, activation shape: torch.Size([32, 256, 28, 28])
2026-02-13 04:00:16,206 - INFO - Captured activation for layer: layer3.0.conv1,                 activation shape: torch.Size([32, 256, 28, 28])
2026-02-13 04:00:16,227 - INFO - Captured activation for layer: layer3.0.conv1, activation shape: torch.Size([32, 256, 28, 28])
2026-02-13 04:00:16,233 - INFO - Captured activation for layer: layer3.0.conv1,                 activation shape: torch.Size([32, 256, 28, 28])
2026-02-13 04:00:16,254 - INFO - Captured activation for layer: layer3.0.conv1, activation shape: torch.Size([32, 256, 28, 28])
2026-02-13 04:00:16,259 - INFO - Captured activation for layer: layer3.0.conv1,                 activation shape: torch.Size([32, 256, 28, 28])
2026-02-13 04:00:16,281 - INFO - Captured activation for layer: layer3.0.conv1, activation shape: torch.Size([32, 256, 28, 28])
2026-02-13 04:00:16,286 - INFO - Captured activation for layer: layer3.0.conv1,                 activation shape: torch.Size([32, 256, 28, 28])
2026-02-13 04:00:16,307 - INFO - Captured activation for layer: layer3.0.conv1, activation shape: torch.Size([32, 256, 28, 28])
2026-02-13 04:00:16,313 - INFO - Captured activation for layer: layer3.0.conv1,                 activation shape: torch.Size([32, 256, 28, 28])
2026-02-13 04:00:16,334 - INFO - Captured activation for layer: layer3.0.conv1, activation shape: torch.Size([32, 256, 28, 28])
2026-02-13 04:00:16,340 - INFO - Captured activation for layer: layer3.0.conv1,                 activation shape: torch.Size([32, 256, 28, 28])
2026-02-13 04:00:16,361 - INFO - Captured activation for layer: layer3.0.conv1, activation shape: torch.Size([32, 256, 28, 28])
2026-02-13 04:00:16,366 - INFO - Captured activation for layer: layer3.0.conv1,                 activation shape: torch.Size([32, 256, 28, 28])
2026-02-13 04:00:16,387 - INFO - Captured activation for layer: layer3.0.conv1, activation shape: torch.Size([32, 256, 28, 28])
2026-02-13 04:00:16,390 - INFO - Captured activation for layer: layer3.0.conv1,                 activation shape: torch.Size([32, 256, 28, 28])
2026-02-13 04:00:16,401 - INFO - Captured activation for layer: layer3.0.conv1, activation shape: torch.Size([32, 256, 28, 28])
2026-02-13 04:00:16,404 - INFO - Captured activation for layer: layer3.0.conv1,                 activation shape: torch.Size([32, 256, 28, 28])
2026-02-13 04:00:16,413 - INFO - Captured activation for layer: layer3.0.conv1, activation shape: torch.Size([32, 256, 28, 28])
2026-02-13 04:00:16,416 - INFO - Captured activation for layer: layer3.0.conv1,                 activation shape: torch.Size([32, 256, 28, 28])
2026-02-13 04:00:16,425 - INFO - Captured activation for layer: layer3.0.conv1, activation shape: torch.Size([32, 256, 28, 28])
2026-02-13 04:00:16,428 - INFO - Captured activation for layer: layer3.0.conv1,                 activation shape: torch.Size([32, 256, 28, 28])
2026-02-13 04:00:16,437 - INFO - Captured activation for layer: layer3.0.conv1, activation shape: torch.Size([32, 256, 28, 28])
2026-02-13 04:00:16,440 - INFO - Captured activation for layer: layer3.0.conv1,                 activation shape: torch.Size([32, 256, 28, 28])
2026-02-13 04:00:16,449 - INFO - Captured activation for layer: layer3.0.conv1, activation shape: torch.Size([32, 256, 28, 28])
2026-02-13 04:00:16,452 - INFO - Captured activation for layer: layer3.0.conv1,                 activation shape: torch.Size([32, 256, 28, 28])
2026-02-13 04:00:16,461 - INFO - Captured activation for layer: layer3.0.conv1, activation shape: torch.Size([32, 256, 28, 28])
2026-02-13 04:00:16,464 - INFO - Captured activation for layer: layer3.0.conv1,                 activation shape: torch.Size([32, 256, 28, 28])
2026-02-13 04:00:16,473 - INFO - Captured activation for layer: layer3.0.conv1, activation shape: torch.Size([32, 256, 28, 28])
2026-02-13 04:00:16,476 - INFO - Captured activation for layer: layer3.0.conv1,                 activation shape: torch.Size([32, 256, 28, 28])
2026-02-13 04:00:16,485 - INFO - Captured activation for layer: layer3.0.conv1, activation shape: torch.Size([32, 256, 28, 28])
2026-02-13 04:00:16,488 - INFO - Captured activation for layer: layer3.0.conv1,                 activation shape: torch.Size([32, 256, 28, 28])
2026-02-13 04:00:16,497 - INFO - Captured activation for layer: layer3.0.conv1, activation shape: torch.Size([32, 256, 28, 28])
2026-02-13 04:00:16,500 - INFO - Captured activation for layer: layer3.0.conv1,                 activation shape: torch.Size([32, 256, 28, 28])
2026-02-13 04:00:16,509 - INFO - Captured activation for layer: layer3.0.conv1, activation shape: torch.Size([32, 256, 28, 28])
2026-02-13 04:00:16,512 - INFO - Captured activation for layer: layer3.0.conv1,                 activation shape: torch.Size([32, 256, 28, 28])
2026-02-13 04:00:16,521 - INFO - Captured activation for layer: layer3.0.conv1, activation shape: torch.Size([32, 256, 28, 28])
2026-02-13 04:00:16,524 - INFO - Captured activation for layer: layer3.0.conv1,                 activation shape: torch.Size([32, 256, 28, 28])
2026-02-13 04:00:16,533 - INFO - Captured activation for layer: layer3.0.conv1, activation shape: torch.Size([32, 256, 28, 28])
2026-02-13 04:00:16,536 - INFO - Captured activation for layer: layer3.0.conv1,                 activation shape: torch.Size([32, 256, 28, 28])
2026-02-13 04:00:16,545 - INFO - Captured activation for layer: layer3.0.conv1, activation shape: torch.Size([32, 256, 28, 28])
2026-02-13 04:00:16,548 - INFO - Captured activation for layer: layer3.0.conv1,                 activation shape: torch.Size([32, 256, 28, 28])
2026-02-13 04:00:16,557 - INFO - Captured activation for layer: layer3.0.conv1, activation shape: torch.Size([32, 256, 28, 28])
2026-02-13 04:00:16,560 - INFO - Captured activation for layer: layer3.0.conv1,                 activation shape: torch.Size([32, 256, 28, 28])
2026-02-13 04:00:16,569 - INFO - Captured activation for layer: layer3.0.conv1, activation shape: torch.Size([32, 256, 28, 28])
2026-02-13 04:00:16,572 - INFO - Captured activation for layer: layer3.0.conv1,                 activation shape: torch.Size([32, 256, 28, 28])
2026-02-13 04:00:16,581 - INFO - Captured activation for layer: layer3.0.conv1, activation shape: torch.Size([32, 256, 28, 28])
2026-02-13 04:00:16,584 - INFO - Captured activation for layer: layer3.0.conv1,                 activation shape: torch.Size([32, 256, 28, 28])
2026-02-13 04:00:16,593 - INFO - Captured activation for layer: layer3.0.conv1, activation shape: torch.Size([32, 256, 28, 28])
2026-02-13 04:00:16,596 - INFO - Captured activation for layer: layer3.0.conv1,                 activation shape: torch.Size([32, 256, 28, 28])
2026-02-13 04:00:16,605 - INFO - Captured activation for layer: layer3.0.conv1, activation shape: torch.Size([32, 256, 28, 28])
2026-02-13 04:00:16,608 - INFO - Captured activation for layer: layer3.0.conv1,                 activation shape: torch.Size([32, 256, 28, 28])
2026-02-13 04:00:16,617 - INFO - Captured activation for layer: layer3.0.conv1, activation shape: torch.Size([32, 256, 28, 28])
2026-02-13 04:00:16,620 - INFO - Captured activation for layer: layer3.0.conv1,                 activation shape: torch.Size([32, 256, 28, 28])
2026-02-13 04:00:16,629 - INFO - Captured activation for layer: layer3.0.conv1, activation shape: torch.Size([32, 256, 28, 28])
2026-02-13 04:00:16,632 - INFO - Captured activation for layer: layer3.0.conv1,                 activation shape: torch.Size([32, 256, 28, 28])
2026-02-13 04:00:16,641 - INFO - Captured activation for layer: layer3.0.conv1, activation shape: torch.Size([32, 256, 28, 28])
2026-02-13 04:00:16,644 - INFO - Captured activation for layer: layer3.0.conv1,                 activation shape: torch.Size([32, 256, 28, 28])
2026-02-13 04:00:16,653 - INFO - Captured activation for layer: layer3.0.conv1, activation shape: torch.Size([32, 256, 28, 28])
2026-02-13 04:00:16,656 - INFO - Captured activation for layer: layer3.0.conv1,                 activation shape: torch.Size([32, 256, 28, 28])
2026-02-13 04:00:16,666 - INFO - Captured activation for layer: layer3.0.conv1, activation shape: torch.Size([32, 256, 28, 28])
2026-02-13 04:00:16,668 - INFO - Captured activation for layer: layer3.0.conv1,                 activation shape: torch.Size([32, 256, 28, 28])
2026-02-13 04:00:16,677 - INFO - Captured activation for layer: layer3.0.conv1, activation shape: torch.Size([32, 256, 28, 28])
2026-02-13 04:00:16,680 - INFO - Captured activation for layer: layer3.0.conv1,                 activation shape: torch.Size([32, 256, 28, 28])
2026-02-13 04:00:16,689 - INFO - Captured activation for layer: layer3.0.conv1, activation shape: torch.Size([32, 256, 28, 28])
2026-02-13 04:00:16,692 - INFO - Captured activation for layer: layer3.0.conv1,                 activation shape: torch.Size([32, 256, 28, 28])
2026-02-13 04:00:16,701 - INFO - Captured activation for layer: layer3.0.conv1, activation shape: torch.Size([32, 256, 28, 28])
2026-02-13 04:00:16,704 - INFO - Captured activation for layer: layer3.0.conv1,                 activation shape: torch.Size([32, 256, 28, 28])
2026-02-13 04:00:16,713 - INFO - Captured activation for layer: layer3.0.conv1, activation shape: torch.Size([32, 256, 28, 28])
2026-02-13 04:00:16,716 - INFO - Captured activation for layer: layer3.0.conv1,                 activation shape: torch.Size([32, 256, 28, 28])
2026-02-13 04:00:16,725 - INFO - Captured activation for layer: layer3.0.conv1, activation shape: torch.Size([32, 256, 28, 28])
2026-02-13 04:00:16,728 - INFO - Captured activation for layer: layer3.0.conv1,                 activation shape: torch.Size([32, 256, 28, 28])
2026-02-13 04:00:16,737 - INFO - Captured activation for layer: layer3.0.conv1, activation shape: torch.Size([32, 256, 28, 28])
2026-02-13 04:00:16,740 - INFO - Captured activation for layer: layer3.0.conv1,                 activation shape: torch.Size([32, 256, 28, 28])
2026-02-13 04:00:16,749 - INFO - Captured activation for layer: layer3.0.conv1, activation shape: torch.Size([32, 256, 28, 28])
2026-02-13 04:00:16,752 - INFO - Captured activation for layer: layer3.0.conv1,                 activation shape: torch.Size([32, 256, 28, 28])
2026-02-13 04:00:16,761 - INFO - Captured activation for layer: layer3.0.conv1, activation shape: torch.Size([32, 256, 28, 28])
2026-02-13 04:00:16,764 - INFO - Captured activation for layer: layer3.0.conv1,                 activation shape: torch.Size([32, 256, 28, 28])
2026-02-13 04:00:16,773 - INFO - Captured activation for layer: layer3.0.conv1, activation shape: torch.Size([32, 256, 28, 28])
2026-02-13 04:00:16,773 - INFO - Stacked activations shape for layer layer3.0.conv1: torch.Size([2112, 256, 28, 28])
2026-02-13 04:00:16,774 - INFO - Added Gaussian noise with std: 0.001
2026-02-13 04:00:16,852 - INFO - Perturbed activation  values: tensor([-0.0789, -0.0875, -0.0232,  ..., -0.0915, -0.0283,  0.0634],
       device='cuda:0')
2026-02-13 04:00:16,855 - INFO - Standard deviation of activations for layer layer3.0.conv1: 0.1637
2026-02-13 04:00:16,855 - INFO - Checking normality of activations for layer layer3.0.conv1 using Shapiro-Wilk test.
2026-02-13 04:00:30,121 - INFO - Shapiro-Wilk test: statistic=0.9914, p-value=7.8627e-17
2026-02-13 04:00:30,121 - INFO - Normally distributed: False
2026-02-13 04:00:30,121 - INFO - Perturbed activation shape: torch.Size([2112, 256, 28, 28]), Std activation shape: torch.Size([1, 256, 28, 28])
2026-02-13 04:00:30,124 - INFO - Std activation sample values: tensor([0.1151, 0.1471, 0.1490, 0.1494, 0.1503], device='cuda:0')
2026-02-13 04:00:30,133 - INFO - Applying perturbation for layer: layer3.0.conv1, original output shape: torch.Size([32, 256, 28, 28]), perturbed activation shape: torch.Size([2112, 256, 28, 28])
2026-02-13 04:00:30,137 - INFO - Applying perturbation for layer: layer3.0.conv1, original output shape: torch.Size([32, 256, 28, 28]), perturbed activation shape: torch.Size([2112, 256, 28, 28])
2026-02-13 04:00:30,141 - INFO - Applying perturbation for layer: layer3.0.conv1, original output shape: torch.Size([32, 256, 28, 28]), perturbed activation shape: torch.Size([2112, 256, 28, 28])
2026-02-13 04:00:30,180 - INFO - Applying perturbation for layer: layer3.0.conv1, original output shape: torch.Size([32, 256, 28, 28]), perturbed activation shape: torch.Size([2112, 256, 28, 28])
2026-02-13 04:00:30,227 - INFO - Applying perturbation for layer: layer3.0.conv1, original output shape: torch.Size([32, 256, 28, 28]), perturbed activation shape: torch.Size([2112, 256, 28, 28])
2026-02-13 04:00:30,273 - INFO - Applying perturbation for layer: layer3.0.conv1, original output shape: torch.Size([32, 256, 28, 28]), perturbed activation shape: torch.Size([2112, 256, 28, 28])
2026-02-13 04:00:30,320 - INFO - Applying perturbation for layer: layer3.0.conv1, original output shape: torch.Size([32, 256, 28, 28]), perturbed activation shape: torch.Size([2112, 256, 28, 28])
2026-02-13 04:00:30,353 - INFO - Applying perturbation for layer: layer3.0.conv1, original output shape: torch.Size([32, 256, 28, 28]), perturbed activation shape: torch.Size([2112, 256, 28, 28])
2026-02-13 04:00:30,377 - INFO - Applying perturbation for layer: layer3.0.conv1, original output shape: torch.Size([32, 256, 28, 28]), perturbed activation shape: torch.Size([2112, 256, 28, 28])
2026-02-13 04:00:30,401 - INFO - Applying perturbation for layer: layer3.0.conv1, original output shape: torch.Size([32, 256, 28, 28]), perturbed activation shape: torch.Size([2112, 256, 28, 28])
2026-02-13 04:00:30,425 - INFO - Applying perturbation for layer: layer3.0.conv1, original output shape: torch.Size([32, 256, 28, 28]), perturbed activation shape: torch.Size([2112, 256, 28, 28])
2026-02-13 04:00:30,449 - INFO - Applying perturbation for layer: layer3.0.conv1, original output shape: torch.Size([32, 256, 28, 28]), perturbed activation shape: torch.Size([2112, 256, 28, 28])
2026-02-13 04:00:30,473 - INFO - Applying perturbation for layer: layer3.0.conv1, original output shape: torch.Size([32, 256, 28, 28]), perturbed activation shape: torch.Size([2112, 256, 28, 28])
2026-02-13 04:00:30,497 - INFO - Applying perturbation for layer: layer3.0.conv1, original output shape: torch.Size([32, 256, 28, 28]), perturbed activation shape: torch.Size([2112, 256, 28, 28])
2026-02-13 04:00:30,521 - INFO - Applying perturbation for layer: layer3.0.conv1, original output shape: torch.Size([32, 256, 28, 28]), perturbed activation shape: torch.Size([2112, 256, 28, 28])
2026-02-13 04:00:30,545 - INFO - Applying perturbation for layer: layer3.0.conv1, original output shape: torch.Size([32, 256, 28, 28]), perturbed activation shape: torch.Size([2112, 256, 28, 28])
2026-02-13 04:00:30,569 - INFO - Applying perturbation for layer: layer3.0.conv1, original output shape: torch.Size([32, 256, 28, 28]), perturbed activation shape: torch.Size([2112, 256, 28, 28])
2026-02-13 04:00:30,593 - INFO - Applying perturbation for layer: layer3.0.conv1, original output shape: torch.Size([32, 256, 28, 28]), perturbed activation shape: torch.Size([2112, 256, 28, 28])
2026-02-13 04:00:30,617 - INFO - Applying perturbation for layer: layer3.0.conv1, original output shape: torch.Size([32, 256, 28, 28]), perturbed activation shape: torch.Size([2112, 256, 28, 28])
2026-02-13 04:00:30,641 - INFO - Applying perturbation for layer: layer3.0.conv1, original output shape: torch.Size([32, 256, 28, 28]), perturbed activation shape: torch.Size([2112, 256, 28, 28])
2026-02-13 04:00:30,665 - INFO - Applying perturbation for layer: layer3.0.conv1, original output shape: torch.Size([32, 256, 28, 28]), perturbed activation shape: torch.Size([2112, 256, 28, 28])
2026-02-13 04:00:30,689 - INFO - Applying perturbation for layer: layer3.0.conv1, original output shape: torch.Size([32, 256, 28, 28]), perturbed activation shape: torch.Size([2112, 256, 28, 28])
2026-02-13 04:00:30,713 - INFO - Applying perturbation for layer: layer3.0.conv1, original output shape: torch.Size([32, 256, 28, 28]), perturbed activation shape: torch.Size([2112, 256, 28, 28])
2026-02-13 04:00:30,737 - INFO - Applying perturbation for layer: layer3.0.conv1, original output shape: torch.Size([32, 256, 28, 28]), perturbed activation shape: torch.Size([2112, 256, 28, 28])
2026-02-13 04:00:30,761 - INFO - Applying perturbation for layer: layer3.0.conv1, original output shape: torch.Size([32, 256, 28, 28]), perturbed activation shape: torch.Size([2112, 256, 28, 28])
2026-02-13 04:00:30,785 - INFO - Applying perturbation for layer: layer3.0.conv1, original output shape: torch.Size([32, 256, 28, 28]), perturbed activation shape: torch.Size([2112, 256, 28, 28])
2026-02-13 04:00:30,809 - INFO - Applying perturbation for layer: layer3.0.conv1, original output shape: torch.Size([32, 256, 28, 28]), perturbed activation shape: torch.Size([2112, 256, 28, 28])
2026-02-13 04:00:30,833 - INFO - Applying perturbation for layer: layer3.0.conv1, original output shape: torch.Size([32, 256, 28, 28]), perturbed activation shape: torch.Size([2112, 256, 28, 28])
2026-02-13 04:00:30,857 - INFO - Applying perturbation for layer: layer3.0.conv1, original output shape: torch.Size([32, 256, 28, 28]), perturbed activation shape: torch.Size([2112, 256, 28, 28])
2026-02-13 04:00:30,881 - INFO - Applying perturbation for layer: layer3.0.conv1, original output shape: torch.Size([32, 256, 28, 28]), perturbed activation shape: torch.Size([2112, 256, 28, 28])
2026-02-13 04:00:30,905 - INFO - Applying perturbation for layer: layer3.0.conv1, original output shape: torch.Size([32, 256, 28, 28]), perturbed activation shape: torch.Size([2112, 256, 28, 28])
2026-02-13 04:00:30,929 - INFO - Applying perturbation for layer: layer3.0.conv1, original output shape: torch.Size([32, 256, 28, 28]), perturbed activation shape: torch.Size([2112, 256, 28, 28])
2026-02-13 04:00:30,953 - INFO - Applying perturbation for layer: layer3.0.conv1, original output shape: torch.Size([32, 256, 28, 28]), perturbed activation shape: torch.Size([2112, 256, 28, 28])
2026-02-13 04:00:30,977 - INFO - Applying perturbation for layer: layer3.0.conv1, original output shape: torch.Size([32, 256, 28, 28]), perturbed activation shape: torch.Size([2112, 256, 28, 28])
2026-02-13 04:00:31,001 - INFO - Applying perturbation for layer: layer3.0.conv1, original output shape: torch.Size([32, 256, 28, 28]), perturbed activation shape: torch.Size([2112, 256, 28, 28])
2026-02-13 04:00:31,025 - INFO - Applying perturbation for layer: layer3.0.conv1, original output shape: torch.Size([32, 256, 28, 28]), perturbed activation shape: torch.Size([2112, 256, 28, 28])
2026-02-13 04:00:31,049 - INFO - Applying perturbation for layer: layer3.0.conv1, original output shape: torch.Size([32, 256, 28, 28]), perturbed activation shape: torch.Size([2112, 256, 28, 28])
2026-02-13 04:00:31,073 - INFO - Applying perturbation for layer: layer3.0.conv1, original output shape: torch.Size([32, 256, 28, 28]), perturbed activation shape: torch.Size([2112, 256, 28, 28])
2026-02-13 04:00:31,097 - INFO - Applying perturbation for layer: layer3.0.conv1, original output shape: torch.Size([32, 256, 28, 28]), perturbed activation shape: torch.Size([2112, 256, 28, 28])
2026-02-13 04:00:31,121 - INFO - Applying perturbation for layer: layer3.0.conv1, original output shape: torch.Size([32, 256, 28, 28]), perturbed activation shape: torch.Size([2112, 256, 28, 28])
2026-02-13 04:00:31,145 - INFO - Applying perturbation for layer: layer3.0.conv1, original output shape: torch.Size([32, 256, 28, 28]), perturbed activation shape: torch.Size([2112, 256, 28, 28])
2026-02-13 04:00:31,169 - INFO - Applying perturbation for layer: layer3.0.conv1, original output shape: torch.Size([32, 256, 28, 28]), perturbed activation shape: torch.Size([2112, 256, 28, 28])
2026-02-13 04:00:31,193 - INFO - Applying perturbation for layer: layer3.0.conv1, original output shape: torch.Size([32, 256, 28, 28]), perturbed activation shape: torch.Size([2112, 256, 28, 28])
2026-02-13 04:00:31,217 - INFO - Applying perturbation for layer: layer3.0.conv1, original output shape: torch.Size([32, 256, 28, 28]), perturbed activation shape: torch.Size([2112, 256, 28, 28])
2026-02-13 04:00:31,241 - INFO - Applying perturbation for layer: layer3.0.conv1, original output shape: torch.Size([32, 256, 28, 28]), perturbed activation shape: torch.Size([2112, 256, 28, 28])
2026-02-13 04:00:31,265 - INFO - Applying perturbation for layer: layer3.0.conv1, original output shape: torch.Size([32, 256, 28, 28]), perturbed activation shape: torch.Size([2112, 256, 28, 28])
2026-02-13 04:00:31,289 - INFO - Applying perturbation for layer: layer3.0.conv1, original output shape: torch.Size([32, 256, 28, 28]), perturbed activation shape: torch.Size([2112, 256, 28, 28])
2026-02-13 04:00:31,313 - INFO - Applying perturbation for layer: layer3.0.conv1, original output shape: torch.Size([32, 256, 28, 28]), perturbed activation shape: torch.Size([2112, 256, 28, 28])
2026-02-13 04:00:31,337 - INFO - Applying perturbation for layer: layer3.0.conv1, original output shape: torch.Size([32, 256, 28, 28]), perturbed activation shape: torch.Size([2112, 256, 28, 28])
2026-02-13 04:00:31,361 - INFO - Applying perturbation for layer: layer3.0.conv1, original output shape: torch.Size([32, 256, 28, 28]), perturbed activation shape: torch.Size([2112, 256, 28, 28])
2026-02-13 04:00:31,385 - INFO - Applying perturbation for layer: layer3.0.conv1, original output shape: torch.Size([32, 256, 28, 28]), perturbed activation shape: torch.Size([2112, 256, 28, 28])
2026-02-13 04:00:31,409 - INFO - Applying perturbation for layer: layer3.0.conv1, original output shape: torch.Size([32, 256, 28, 28]), perturbed activation shape: torch.Size([2112, 256, 28, 28])
2026-02-13 04:00:31,433 - INFO - Applying perturbation for layer: layer3.0.conv1, original output shape: torch.Size([32, 256, 28, 28]), perturbed activation shape: torch.Size([2112, 256, 28, 28])
2026-02-13 04:00:31,457 - INFO - Applying perturbation for layer: layer3.0.conv1, original output shape: torch.Size([32, 256, 28, 28]), perturbed activation shape: torch.Size([2112, 256, 28, 28])
2026-02-13 04:00:31,481 - INFO - Applying perturbation for layer: layer3.0.conv1, original output shape: torch.Size([32, 256, 28, 28]), perturbed activation shape: torch.Size([2112, 256, 28, 28])
2026-02-13 04:00:31,505 - INFO - Applying perturbation for layer: layer3.0.conv1, original output shape: torch.Size([32, 256, 28, 28]), perturbed activation shape: torch.Size([2112, 256, 28, 28])
2026-02-13 04:00:31,529 - INFO - Applying perturbation for layer: layer3.0.conv1, original output shape: torch.Size([32, 256, 28, 28]), perturbed activation shape: torch.Size([2112, 256, 28, 28])
2026-02-13 04:00:31,553 - INFO - Applying perturbation for layer: layer3.0.conv1, original output shape: torch.Size([32, 256, 28, 28]), perturbed activation shape: torch.Size([2112, 256, 28, 28])
2026-02-13 04:00:31,577 - INFO - Applying perturbation for layer: layer3.0.conv1, original output shape: torch.Size([32, 256, 28, 28]), perturbed activation shape: torch.Size([2112, 256, 28, 28])
2026-02-13 04:00:31,601 - INFO - Applying perturbation for layer: layer3.0.conv1, original output shape: torch.Size([32, 256, 28, 28]), perturbed activation shape: torch.Size([2112, 256, 28, 28])
2026-02-13 04:00:31,625 - INFO - Applying perturbation for layer: layer3.0.conv1, original output shape: torch.Size([32, 256, 28, 28]), perturbed activation shape: torch.Size([2112, 256, 28, 28])
2026-02-13 04:00:31,649 - INFO - Applying perturbation for layer: layer3.0.conv1, original output shape: torch.Size([32, 256, 28, 28]), perturbed activation shape: torch.Size([2112, 256, 28, 28])
2026-02-13 04:00:31,673 - INFO - Applying perturbation for layer: layer3.0.conv1, original output shape: torch.Size([32, 256, 28, 28]), perturbed activation shape: torch.Size([2112, 256, 28, 28])
2026-02-13 04:00:31,697 - INFO - Applying perturbation for layer: layer3.0.conv1, original output shape: torch.Size([32, 256, 28, 28]), perturbed activation shape: torch.Size([2112, 256, 28, 28])
2026-02-13 04:00:31,721 - INFO - Applying perturbation for layer: layer3.0.conv1, original output shape: torch.Size([32, 256, 28, 28]), perturbed activation shape: torch.Size([2112, 256, 28, 28])
2026-02-13 04:00:31,745 - INFO - Applying perturbation for layer: layer3.0.conv1, original output shape: torch.Size([32, 256, 28, 28]), perturbed activation shape: torch.Size([2112, 256, 28, 28])
2026-02-13 04:00:31,999 - INFO - ================================================================================
2026-02-13 04:00:31,999 - INFO - Target layer found: layer1.2.conv3
2026-02-13 04:00:32,004 - INFO - Captured activation for layer: layer1.2.conv3,                 activation shape: torch.Size([32, 256, 56, 56])
2026-02-13 04:00:32,007 - INFO - Captured activation for layer: layer1.2.conv3, activation shape: torch.Size([32, 256, 56, 56])
2026-02-13 04:00:32,009 - INFO - Captured activation for layer: layer1.2.conv3,                 activation shape: torch.Size([32, 256, 56, 56])
2026-02-13 04:00:32,011 - INFO - Captured activation for layer: layer1.2.conv3, activation shape: torch.Size([32, 256, 56, 56])
2026-02-13 04:00:32,013 - INFO - Captured activation for layer: layer1.2.conv3,                 activation shape: torch.Size([32, 256, 56, 56])
2026-02-13 04:00:32,014 - INFO - Captured activation for layer: layer1.2.conv3, activation shape: torch.Size([32, 256, 56, 56])
2026-02-13 04:00:32,016 - INFO - Captured activation for layer: layer1.2.conv3,                 activation shape: torch.Size([32, 256, 56, 56])
2026-02-13 04:00:32,018 - INFO - Captured activation for layer: layer1.2.conv3, activation shape: torch.Size([32, 256, 56, 56])
2026-02-13 04:00:32,019 - INFO - Captured activation for layer: layer1.2.conv3,                 activation shape: torch.Size([32, 256, 56, 56])
2026-02-13 04:00:32,020 - INFO - Captured activation for layer: layer1.2.conv3, activation shape: torch.Size([32, 256, 56, 56])
2026-02-13 04:00:32,021 - INFO - Captured activation for layer: layer1.2.conv3,                 activation shape: torch.Size([32, 256, 56, 56])
2026-02-13 04:00:32,027 - INFO - Captured activation for layer: layer1.2.conv3, activation shape: torch.Size([32, 256, 56, 56])
2026-02-13 04:00:32,030 - INFO - Captured activation for layer: layer1.2.conv3,                 activation shape: torch.Size([32, 256, 56, 56])
2026-02-13 04:00:32,050 - INFO - Captured activation for layer: layer1.2.conv3, activation shape: torch.Size([32, 256, 56, 56])
2026-02-13 04:00:32,054 - INFO - Captured activation for layer: layer1.2.conv3,                 activation shape: torch.Size([32, 256, 56, 56])
2026-02-13 04:00:32,073 - INFO - Captured activation for layer: layer1.2.conv3, activation shape: torch.Size([32, 256, 56, 56])
2026-02-13 04:00:32,077 - INFO - Captured activation for layer: layer1.2.conv3,                 activation shape: torch.Size([32, 256, 56, 56])
2026-02-13 04:00:32,097 - INFO - Captured activation for layer: layer1.2.conv3, activation shape: torch.Size([32, 256, 56, 56])
2026-02-13 04:00:32,100 - INFO - Captured activation for layer: layer1.2.conv3,                 activation shape: torch.Size([32, 256, 56, 56])
2026-02-13 04:00:32,121 - INFO - Captured activation for layer: layer1.2.conv3, activation shape: torch.Size([32, 256, 56, 56])
2026-02-13 04:00:32,124 - INFO - Captured activation for layer: layer1.2.conv3,                 activation shape: torch.Size([32, 256, 56, 56])
2026-02-13 04:00:32,144 - INFO - Captured activation for layer: layer1.2.conv3, activation shape: torch.Size([32, 256, 56, 56])
2026-02-13 04:00:32,148 - INFO - Captured activation for layer: layer1.2.conv3,                 activation shape: torch.Size([32, 256, 56, 56])
2026-02-13 04:00:32,168 - INFO - Captured activation for layer: layer1.2.conv3, activation shape: torch.Size([32, 256, 56, 56])
2026-02-13 04:00:32,171 - INFO - Captured activation for layer: layer1.2.conv3,                 activation shape: torch.Size([32, 256, 56, 56])
2026-02-13 04:00:32,191 - INFO - Captured activation for layer: layer1.2.conv3, activation shape: torch.Size([32, 256, 56, 56])
2026-02-13 04:00:32,195 - INFO - Captured activation for layer: layer1.2.conv3,                 activation shape: torch.Size([32, 256, 56, 56])
2026-02-13 04:00:32,214 - INFO - Captured activation for layer: layer1.2.conv3, activation shape: torch.Size([32, 256, 56, 56])
2026-02-13 04:00:32,216 - INFO - Captured activation for layer: layer1.2.conv3,                 activation shape: torch.Size([32, 256, 56, 56])
2026-02-13 04:00:32,228 - INFO - Captured activation for layer: layer1.2.conv3, activation shape: torch.Size([32, 256, 56, 56])
2026-02-13 04:00:32,229 - INFO - Captured activation for layer: layer1.2.conv3,                 activation shape: torch.Size([32, 256, 56, 56])
2026-02-13 04:00:32,240 - INFO - Captured activation for layer: layer1.2.conv3, activation shape: torch.Size([32, 256, 56, 56])
2026-02-13 04:00:32,242 - INFO - Captured activation for layer: layer1.2.conv3,                 activation shape: torch.Size([32, 256, 56, 56])
2026-02-13 04:00:32,252 - INFO - Captured activation for layer: layer1.2.conv3, activation shape: torch.Size([32, 256, 56, 56])
2026-02-13 04:00:32,254 - INFO - Captured activation for layer: layer1.2.conv3,                 activation shape: torch.Size([32, 256, 56, 56])
2026-02-13 04:00:32,265 - INFO - Captured activation for layer: layer1.2.conv3, activation shape: torch.Size([32, 256, 56, 56])
2026-02-13 04:00:32,266 - INFO - Captured activation for layer: layer1.2.conv3,                 activation shape: torch.Size([32, 256, 56, 56])
2026-02-13 04:00:32,277 - INFO - Captured activation for layer: layer1.2.conv3, activation shape: torch.Size([32, 256, 56, 56])
2026-02-13 04:00:32,279 - INFO - Captured activation for layer: layer1.2.conv3,                 activation shape: torch.Size([32, 256, 56, 56])
2026-02-13 04:00:32,289 - INFO - Captured activation for layer: layer1.2.conv3, activation shape: torch.Size([32, 256, 56, 56])
2026-02-13 04:00:32,291 - INFO - Captured activation for layer: layer1.2.conv3,                 activation shape: torch.Size([32, 256, 56, 56])
2026-02-13 04:00:32,302 - INFO - Captured activation for layer: layer1.2.conv3, activation shape: torch.Size([32, 256, 56, 56])
2026-02-13 04:00:32,303 - INFO - Captured activation for layer: layer1.2.conv3,                 activation shape: torch.Size([32, 256, 56, 56])
2026-02-13 04:00:32,314 - INFO - Captured activation for layer: layer1.2.conv3, activation shape: torch.Size([32, 256, 56, 56])
2026-02-13 04:00:32,316 - INFO - Captured activation for layer: layer1.2.conv3,                 activation shape: torch.Size([32, 256, 56, 56])
2026-02-13 04:00:32,326 - INFO - Captured activation for layer: layer1.2.conv3, activation shape: torch.Size([32, 256, 56, 56])
2026-02-13 04:00:32,328 - INFO - Captured activation for layer: layer1.2.conv3,                 activation shape: torch.Size([32, 256, 56, 56])
2026-02-13 04:00:32,339 - INFO - Captured activation for layer: layer1.2.conv3, activation shape: torch.Size([32, 256, 56, 56])
2026-02-13 04:00:32,340 - INFO - Captured activation for layer: layer1.2.conv3,                 activation shape: torch.Size([32, 256, 56, 56])
2026-02-13 04:00:32,351 - INFO - Captured activation for layer: layer1.2.conv3, activation shape: torch.Size([32, 256, 56, 56])
2026-02-13 04:00:32,353 - INFO - Captured activation for layer: layer1.2.conv3,                 activation shape: torch.Size([32, 256, 56, 56])
2026-02-13 04:00:32,363 - INFO - Captured activation for layer: layer1.2.conv3, activation shape: torch.Size([32, 256, 56, 56])
2026-02-13 04:00:32,365 - INFO - Captured activation for layer: layer1.2.conv3,                 activation shape: torch.Size([32, 256, 56, 56])
2026-02-13 04:00:32,376 - INFO - Captured activation for layer: layer1.2.conv3, activation shape: torch.Size([32, 256, 56, 56])
2026-02-13 04:00:32,377 - INFO - Captured activation for layer: layer1.2.conv3,                 activation shape: torch.Size([32, 256, 56, 56])
2026-02-13 04:00:32,388 - INFO - Captured activation for layer: layer1.2.conv3, activation shape: torch.Size([32, 256, 56, 56])
2026-02-13 04:00:32,389 - INFO - Captured activation for layer: layer1.2.conv3,                 activation shape: torch.Size([32, 256, 56, 56])
2026-02-13 04:00:32,400 - INFO - Captured activation for layer: layer1.2.conv3, activation shape: torch.Size([32, 256, 56, 56])
2026-02-13 04:00:32,402 - INFO - Captured activation for layer: layer1.2.conv3,                 activation shape: torch.Size([32, 256, 56, 56])
2026-02-13 04:00:32,413 - INFO - Captured activation for layer: layer1.2.conv3, activation shape: torch.Size([32, 256, 56, 56])
2026-02-13 04:00:32,414 - INFO - Captured activation for layer: layer1.2.conv3,                 activation shape: torch.Size([32, 256, 56, 56])
2026-02-13 04:00:32,425 - INFO - Captured activation for layer: layer1.2.conv3, activation shape: torch.Size([32, 256, 56, 56])
2026-02-13 04:00:32,426 - INFO - Captured activation for layer: layer1.2.conv3,                 activation shape: torch.Size([32, 256, 56, 56])
2026-02-13 04:00:32,437 - INFO - Captured activation for layer: layer1.2.conv3, activation shape: torch.Size([32, 256, 56, 56])
2026-02-13 04:00:32,439 - INFO - Captured activation for layer: layer1.2.conv3,                 activation shape: torch.Size([32, 256, 56, 56])
2026-02-13 04:00:32,450 - INFO - Captured activation for layer: layer1.2.conv3, activation shape: torch.Size([32, 256, 56, 56])
2026-02-13 04:00:32,451 - INFO - Captured activation for layer: layer1.2.conv3,                 activation shape: torch.Size([32, 256, 56, 56])
2026-02-13 04:00:32,462 - INFO - Captured activation for layer: layer1.2.conv3, activation shape: torch.Size([32, 256, 56, 56])
2026-02-13 04:00:32,463 - INFO - Captured activation for layer: layer1.2.conv3,                 activation shape: torch.Size([32, 256, 56, 56])
2026-02-13 04:00:32,474 - INFO - Captured activation for layer: layer1.2.conv3, activation shape: torch.Size([32, 256, 56, 56])
2026-02-13 04:00:32,476 - INFO - Captured activation for layer: layer1.2.conv3,                 activation shape: torch.Size([32, 256, 56, 56])
2026-02-13 04:00:32,486 - INFO - Captured activation for layer: layer1.2.conv3, activation shape: torch.Size([32, 256, 56, 56])
2026-02-13 04:00:32,488 - INFO - Captured activation for layer: layer1.2.conv3,                 activation shape: torch.Size([32, 256, 56, 56])
2026-02-13 04:00:32,499 - INFO - Captured activation for layer: layer1.2.conv3, activation shape: torch.Size([32, 256, 56, 56])
2026-02-13 04:00:32,500 - INFO - Captured activation for layer: layer1.2.conv3,                 activation shape: torch.Size([32, 256, 56, 56])
2026-02-13 04:00:32,511 - INFO - Captured activation for layer: layer1.2.conv3, activation shape: torch.Size([32, 256, 56, 56])
2026-02-13 04:00:32,513 - INFO - Captured activation for layer: layer1.2.conv3,                 activation shape: torch.Size([32, 256, 56, 56])
2026-02-13 04:00:32,523 - INFO - Captured activation for layer: layer1.2.conv3, activation shape: torch.Size([32, 256, 56, 56])
2026-02-13 04:00:32,525 - INFO - Captured activation for layer: layer1.2.conv3,                 activation shape: torch.Size([32, 256, 56, 56])
2026-02-13 04:00:32,536 - INFO - Captured activation for layer: layer1.2.conv3, activation shape: torch.Size([32, 256, 56, 56])
2026-02-13 04:00:32,537 - INFO - Captured activation for layer: layer1.2.conv3,                 activation shape: torch.Size([32, 256, 56, 56])
2026-02-13 04:00:32,548 - INFO - Captured activation for layer: layer1.2.conv3, activation shape: torch.Size([32, 256, 56, 56])
2026-02-13 04:00:32,549 - INFO - Captured activation for layer: layer1.2.conv3,                 activation shape: torch.Size([32, 256, 56, 56])
2026-02-13 04:00:32,560 - INFO - Captured activation for layer: layer1.2.conv3, activation shape: torch.Size([32, 256, 56, 56])
2026-02-13 04:00:32,562 - INFO - Captured activation for layer: layer1.2.conv3,                 activation shape: torch.Size([32, 256, 56, 56])
2026-02-13 04:00:32,572 - INFO - Captured activation for layer: layer1.2.conv3, activation shape: torch.Size([32, 256, 56, 56])
2026-02-13 04:00:32,574 - INFO - Captured activation for layer: layer1.2.conv3,                 activation shape: torch.Size([32, 256, 56, 56])
2026-02-13 04:00:32,585 - INFO - Captured activation for layer: layer1.2.conv3, activation shape: torch.Size([32, 256, 56, 56])
2026-02-13 04:00:32,586 - INFO - Captured activation for layer: layer1.2.conv3,                 activation shape: torch.Size([32, 256, 56, 56])
2026-02-13 04:00:32,597 - INFO - Captured activation for layer: layer1.2.conv3, activation shape: torch.Size([32, 256, 56, 56])
2026-02-13 04:00:32,599 - INFO - Captured activation for layer: layer1.2.conv3,                 activation shape: torch.Size([32, 256, 56, 56])
2026-02-13 04:00:32,609 - INFO - Captured activation for layer: layer1.2.conv3, activation shape: torch.Size([32, 256, 56, 56])
2026-02-13 04:00:32,611 - INFO - Captured activation for layer: layer1.2.conv3,                 activation shape: torch.Size([32, 256, 56, 56])
2026-02-13 04:00:32,622 - INFO - Captured activation for layer: layer1.2.conv3, activation shape: torch.Size([32, 256, 56, 56])
2026-02-13 04:00:32,623 - INFO - Captured activation for layer: layer1.2.conv3,                 activation shape: torch.Size([32, 256, 56, 56])
2026-02-13 04:00:32,634 - INFO - Captured activation for layer: layer1.2.conv3, activation shape: torch.Size([32, 256, 56, 56])
2026-02-13 04:00:32,635 - INFO - Captured activation for layer: layer1.2.conv3,                 activation shape: torch.Size([32, 256, 56, 56])
2026-02-13 04:00:32,646 - INFO - Captured activation for layer: layer1.2.conv3, activation shape: torch.Size([32, 256, 56, 56])
2026-02-13 04:00:32,648 - INFO - Captured activation for layer: layer1.2.conv3,                 activation shape: torch.Size([32, 256, 56, 56])
2026-02-13 04:00:32,658 - INFO - Captured activation for layer: layer1.2.conv3, activation shape: torch.Size([32, 256, 56, 56])
2026-02-13 04:00:32,660 - INFO - Captured activation for layer: layer1.2.conv3,                 activation shape: torch.Size([32, 256, 56, 56])
2026-02-13 04:00:32,671 - INFO - Captured activation for layer: layer1.2.conv3, activation shape: torch.Size([32, 256, 56, 56])
2026-02-13 04:00:32,672 - INFO - Captured activation for layer: layer1.2.conv3,                 activation shape: torch.Size([32, 256, 56, 56])
2026-02-13 04:00:32,683 - INFO - Captured activation for layer: layer1.2.conv3, activation shape: torch.Size([32, 256, 56, 56])
2026-02-13 04:00:32,684 - INFO - Captured activation for layer: layer1.2.conv3,                 activation shape: torch.Size([32, 256, 56, 56])
2026-02-13 04:00:32,695 - INFO - Captured activation for layer: layer1.2.conv3, activation shape: torch.Size([32, 256, 56, 56])
2026-02-13 04:00:32,697 - INFO - Captured activation for layer: layer1.2.conv3,                 activation shape: torch.Size([32, 256, 56, 56])
2026-02-13 04:00:32,707 - INFO - Captured activation for layer: layer1.2.conv3, activation shape: torch.Size([32, 256, 56, 56])
2026-02-13 04:00:32,709 - INFO - Captured activation for layer: layer1.2.conv3,                 activation shape: torch.Size([32, 256, 56, 56])
2026-02-13 04:00:32,720 - INFO - Captured activation for layer: layer1.2.conv3, activation shape: torch.Size([32, 256, 56, 56])
2026-02-13 04:00:32,721 - INFO - Captured activation for layer: layer1.2.conv3,                 activation shape: torch.Size([32, 256, 56, 56])
2026-02-13 04:00:32,732 - INFO - Captured activation for layer: layer1.2.conv3, activation shape: torch.Size([32, 256, 56, 56])
2026-02-13 04:00:32,733 - INFO - Captured activation for layer: layer1.2.conv3,                 activation shape: torch.Size([32, 256, 56, 56])
2026-02-13 04:00:32,744 - INFO - Captured activation for layer: layer1.2.conv3, activation shape: torch.Size([32, 256, 56, 56])
2026-02-13 04:00:32,746 - INFO - Captured activation for layer: layer1.2.conv3,                 activation shape: torch.Size([32, 256, 56, 56])
2026-02-13 04:00:32,756 - INFO - Captured activation for layer: layer1.2.conv3, activation shape: torch.Size([32, 256, 56, 56])
2026-02-13 04:00:32,758 - INFO - Captured activation for layer: layer1.2.conv3,                 activation shape: torch.Size([32, 256, 56, 56])
2026-02-13 04:00:32,769 - INFO - Captured activation for layer: layer1.2.conv3, activation shape: torch.Size([32, 256, 56, 56])
2026-02-13 04:00:32,770 - INFO - Captured activation for layer: layer1.2.conv3,                 activation shape: torch.Size([32, 256, 56, 56])
2026-02-13 04:00:32,781 - INFO - Captured activation for layer: layer1.2.conv3, activation shape: torch.Size([32, 256, 56, 56])
2026-02-13 04:00:32,783 - INFO - Captured activation for layer: layer1.2.conv3,                 activation shape: torch.Size([32, 256, 56, 56])
2026-02-13 04:00:32,793 - INFO - Captured activation for layer: layer1.2.conv3, activation shape: torch.Size([32, 256, 56, 56])
2026-02-13 04:00:32,795 - INFO - Captured activation for layer: layer1.2.conv3,                 activation shape: torch.Size([32, 256, 56, 56])
2026-02-13 04:00:32,805 - INFO - Captured activation for layer: layer1.2.conv3, activation shape: torch.Size([32, 256, 56, 56])
2026-02-13 04:00:32,807 - INFO - Captured activation for layer: layer1.2.conv3,                 activation shape: torch.Size([32, 256, 56, 56])
2026-02-13 04:00:32,818 - INFO - Captured activation for layer: layer1.2.conv3, activation shape: torch.Size([32, 256, 56, 56])
2026-02-13 04:00:32,819 - INFO - Captured activation for layer: layer1.2.conv3,                 activation shape: torch.Size([32, 256, 56, 56])
2026-02-13 04:00:32,830 - INFO - Captured activation for layer: layer1.2.conv3, activation shape: torch.Size([32, 256, 56, 56])
2026-02-13 04:00:32,832 - INFO - Captured activation for layer: layer1.2.conv3,                 activation shape: torch.Size([32, 256, 56, 56])
2026-02-13 04:00:32,842 - INFO - Captured activation for layer: layer1.2.conv3, activation shape: torch.Size([32, 256, 56, 56])
2026-02-13 04:00:32,844 - INFO - Captured activation for layer: layer1.2.conv3,                 activation shape: torch.Size([32, 256, 56, 56])
2026-02-13 04:00:32,854 - INFO - Captured activation for layer: layer1.2.conv3, activation shape: torch.Size([32, 256, 56, 56])
2026-02-13 04:00:32,855 - INFO - Stacked activations shape for layer layer1.2.conv3: torch.Size([2112, 256, 56, 56])
2026-02-13 04:00:32,859 - INFO - Added Gaussian noise with std: 0.001
2026-02-13 04:00:33,013 - INFO - Perturbed activation  values: tensor([ 0.0042,  0.0023,  0.0065,  ..., -0.0345, -0.0909, -0.0660],
       device='cuda:0')
2026-02-13 04:00:33,023 - INFO - Standard deviation of activations for layer layer1.2.conv3: 0.0219
2026-02-13 04:00:33,023 - INFO - Checking normality of activations for layer layer1.2.conv3 using Shapiro-Wilk test.
2026-02-13 04:01:27,718 - INFO - Shapiro-Wilk test: statistic=0.8659, p-value=2.8020e-54
2026-02-13 04:01:27,718 - INFO - Normally distributed: False
2026-02-13 04:01:27,718 - INFO - Perturbed activation shape: torch.Size([2112, 256, 56, 56]), Std activation shape: torch.Size([1, 256, 56, 56])
2026-02-13 04:01:27,729 - INFO - Std activation sample values: tensor([0.0040, 0.0022, 0.0023, 0.0025, 0.0024], device='cuda:0')
2026-02-13 04:01:27,745 - INFO - Target layer found: layer2.3.conv3
2026-02-13 04:01:27,747 - INFO - Captured activation for layer: layer2.3.conv3,                 activation shape: torch.Size([32, 512, 28, 28])
2026-02-13 04:01:27,748 - INFO - Captured activation for layer: layer2.3.conv3, activation shape: torch.Size([32, 512, 28, 28])
2026-02-13 04:01:27,749 - INFO - Captured activation for layer: layer2.3.conv3,                 activation shape: torch.Size([32, 512, 28, 28])
2026-02-13 04:01:27,750 - INFO - Captured activation for layer: layer2.3.conv3, activation shape: torch.Size([32, 512, 28, 28])
2026-02-13 04:01:27,751 - INFO - Captured activation for layer: layer2.3.conv3,                 activation shape: torch.Size([32, 512, 28, 28])
2026-02-13 04:01:27,753 - INFO - Captured activation for layer: layer2.3.conv3, activation shape: torch.Size([32, 512, 28, 28])
2026-02-13 04:01:27,753 - INFO - Captured activation for layer: layer2.3.conv3,                 activation shape: torch.Size([32, 512, 28, 28])
2026-02-13 04:01:27,755 - INFO - Captured activation for layer: layer2.3.conv3, activation shape: torch.Size([32, 512, 28, 28])
2026-02-13 04:01:27,755 - INFO - Captured activation for layer: layer2.3.conv3,                 activation shape: torch.Size([32, 512, 28, 28])
2026-02-13 04:01:27,757 - INFO - Captured activation for layer: layer2.3.conv3, activation shape: torch.Size([32, 512, 28, 28])
2026-02-13 04:01:27,757 - INFO - Captured activation for layer: layer2.3.conv3,                 activation shape: torch.Size([32, 512, 28, 28])
2026-02-13 04:01:27,765 - INFO - Captured activation for layer: layer2.3.conv3, activation shape: torch.Size([32, 512, 28, 28])
2026-02-13 04:01:27,767 - INFO - Captured activation for layer: layer2.3.conv3,                 activation shape: torch.Size([32, 512, 28, 28])
2026-02-13 04:01:27,777 - INFO - Captured activation for layer: layer2.3.conv3, activation shape: torch.Size([32, 512, 28, 28])
2026-02-13 04:01:27,780 - INFO - Captured activation for layer: layer2.3.conv3,                 activation shape: torch.Size([32, 512, 28, 28])
2026-02-13 04:01:27,789 - INFO - Captured activation for layer: layer2.3.conv3, activation shape: torch.Size([32, 512, 28, 28])
2026-02-13 04:01:27,792 - INFO - Captured activation for layer: layer2.3.conv3,                 activation shape: torch.Size([32, 512, 28, 28])
2026-02-13 04:01:27,801 - INFO - Captured activation for layer: layer2.3.conv3, activation shape: torch.Size([32, 512, 28, 28])
2026-02-13 04:01:27,804 - INFO - Captured activation for layer: layer2.3.conv3,                 activation shape: torch.Size([32, 512, 28, 28])
2026-02-13 04:01:27,813 - INFO - Captured activation for layer: layer2.3.conv3, activation shape: torch.Size([32, 512, 28, 28])
2026-02-13 04:01:27,816 - INFO - Captured activation for layer: layer2.3.conv3,                 activation shape: torch.Size([32, 512, 28, 28])
2026-02-13 04:01:27,825 - INFO - Captured activation for layer: layer2.3.conv3, activation shape: torch.Size([32, 512, 28, 28])
2026-02-13 04:01:27,828 - INFO - Captured activation for layer: layer2.3.conv3,                 activation shape: torch.Size([32, 512, 28, 28])
2026-02-13 04:01:27,837 - INFO - Captured activation for layer: layer2.3.conv3, activation shape: torch.Size([32, 512, 28, 28])
2026-02-13 04:01:27,840 - INFO - Captured activation for layer: layer2.3.conv3,                 activation shape: torch.Size([32, 512, 28, 28])
2026-02-13 04:01:27,849 - INFO - Captured activation for layer: layer2.3.conv3, activation shape: torch.Size([32, 512, 28, 28])
2026-02-13 04:01:27,852 - INFO - Captured activation for layer: layer2.3.conv3,                 activation shape: torch.Size([32, 512, 28, 28])
2026-02-13 04:01:27,861 - INFO - Captured activation for layer: layer2.3.conv3, activation shape: torch.Size([32, 512, 28, 28])
2026-02-13 04:01:27,864 - INFO - Captured activation for layer: layer2.3.conv3,                 activation shape: torch.Size([32, 512, 28, 28])
2026-02-13 04:01:27,873 - INFO - Captured activation for layer: layer2.3.conv3, activation shape: torch.Size([32, 512, 28, 28])
2026-02-13 04:01:27,876 - INFO - Captured activation for layer: layer2.3.conv3,                 activation shape: torch.Size([32, 512, 28, 28])
2026-02-13 04:01:27,885 - INFO - Captured activation for layer: layer2.3.conv3, activation shape: torch.Size([32, 512, 28, 28])
2026-02-13 04:01:27,888 - INFO - Captured activation for layer: layer2.3.conv3,                 activation shape: torch.Size([32, 512, 28, 28])
2026-02-13 04:01:27,897 - INFO - Captured activation for layer: layer2.3.conv3, activation shape: torch.Size([32, 512, 28, 28])
2026-02-13 04:01:27,900 - INFO - Captured activation for layer: layer2.3.conv3,                 activation shape: torch.Size([32, 512, 28, 28])
2026-02-13 04:01:27,909 - INFO - Captured activation for layer: layer2.3.conv3, activation shape: torch.Size([32, 512, 28, 28])
2026-02-13 04:01:27,912 - INFO - Captured activation for layer: layer2.3.conv3,                 activation shape: torch.Size([32, 512, 28, 28])
2026-02-13 04:01:27,921 - INFO - Captured activation for layer: layer2.3.conv3, activation shape: torch.Size([32, 512, 28, 28])
2026-02-13 04:01:27,924 - INFO - Captured activation for layer: layer2.3.conv3,                 activation shape: torch.Size([32, 512, 28, 28])
2026-02-13 04:01:27,933 - INFO - Captured activation for layer: layer2.3.conv3, activation shape: torch.Size([32, 512, 28, 28])
2026-02-13 04:01:27,936 - INFO - Captured activation for layer: layer2.3.conv3,                 activation shape: torch.Size([32, 512, 28, 28])
2026-02-13 04:01:27,945 - INFO - Captured activation for layer: layer2.3.conv3, activation shape: torch.Size([32, 512, 28, 28])
2026-02-13 04:01:27,948 - INFO - Captured activation for layer: layer2.3.conv3,                 activation shape: torch.Size([32, 512, 28, 28])
2026-02-13 04:01:27,957 - INFO - Captured activation for layer: layer2.3.conv3, activation shape: torch.Size([32, 512, 28, 28])
2026-02-13 04:01:27,960 - INFO - Captured activation for layer: layer2.3.conv3,                 activation shape: torch.Size([32, 512, 28, 28])
2026-02-13 04:01:27,969 - INFO - Captured activation for layer: layer2.3.conv3, activation shape: torch.Size([32, 512, 28, 28])
2026-02-13 04:01:27,972 - INFO - Captured activation for layer: layer2.3.conv3,                 activation shape: torch.Size([32, 512, 28, 28])
2026-02-13 04:01:27,981 - INFO - Captured activation for layer: layer2.3.conv3, activation shape: torch.Size([32, 512, 28, 28])
2026-02-13 04:01:27,984 - INFO - Captured activation for layer: layer2.3.conv3,                 activation shape: torch.Size([32, 512, 28, 28])
2026-02-13 04:01:27,993 - INFO - Captured activation for layer: layer2.3.conv3, activation shape: torch.Size([32, 512, 28, 28])
2026-02-13 04:01:27,996 - INFO - Captured activation for layer: layer2.3.conv3,                 activation shape: torch.Size([32, 512, 28, 28])
2026-02-13 04:01:28,005 - INFO - Captured activation for layer: layer2.3.conv3, activation shape: torch.Size([32, 512, 28, 28])
2026-02-13 04:01:28,008 - INFO - Captured activation for layer: layer2.3.conv3,                 activation shape: torch.Size([32, 512, 28, 28])
2026-02-13 04:01:28,017 - INFO - Captured activation for layer: layer2.3.conv3, activation shape: torch.Size([32, 512, 28, 28])
2026-02-13 04:01:28,020 - INFO - Captured activation for layer: layer2.3.conv3,                 activation shape: torch.Size([32, 512, 28, 28])
2026-02-13 04:01:28,029 - INFO - Captured activation for layer: layer2.3.conv3, activation shape: torch.Size([32, 512, 28, 28])
2026-02-13 04:01:28,032 - INFO - Captured activation for layer: layer2.3.conv3,                 activation shape: torch.Size([32, 512, 28, 28])
2026-02-13 04:01:28,041 - INFO - Captured activation for layer: layer2.3.conv3, activation shape: torch.Size([32, 512, 28, 28])
2026-02-13 04:01:28,044 - INFO - Captured activation for layer: layer2.3.conv3,                 activation shape: torch.Size([32, 512, 28, 28])
2026-02-13 04:01:28,054 - INFO - Captured activation for layer: layer2.3.conv3, activation shape: torch.Size([32, 512, 28, 28])
2026-02-13 04:01:28,056 - INFO - Captured activation for layer: layer2.3.conv3,                 activation shape: torch.Size([32, 512, 28, 28])
2026-02-13 04:01:28,066 - INFO - Captured activation for layer: layer2.3.conv3, activation shape: torch.Size([32, 512, 28, 28])
2026-02-13 04:01:28,069 - INFO - Captured activation for layer: layer2.3.conv3,                 activation shape: torch.Size([32, 512, 28, 28])
2026-02-13 04:01:28,078 - INFO - Captured activation for layer: layer2.3.conv3, activation shape: torch.Size([32, 512, 28, 28])
2026-02-13 04:01:28,081 - INFO - Captured activation for layer: layer2.3.conv3,                 activation shape: torch.Size([32, 512, 28, 28])
2026-02-13 04:01:28,090 - INFO - Captured activation for layer: layer2.3.conv3, activation shape: torch.Size([32, 512, 28, 28])
2026-02-13 04:01:28,093 - INFO - Captured activation for layer: layer2.3.conv3,                 activation shape: torch.Size([32, 512, 28, 28])
2026-02-13 04:01:28,102 - INFO - Captured activation for layer: layer2.3.conv3, activation shape: torch.Size([32, 512, 28, 28])
2026-02-13 04:01:28,105 - INFO - Captured activation for layer: layer2.3.conv3,                 activation shape: torch.Size([32, 512, 28, 28])
2026-02-13 04:01:28,114 - INFO - Captured activation for layer: layer2.3.conv3, activation shape: torch.Size([32, 512, 28, 28])
2026-02-13 04:01:28,117 - INFO - Captured activation for layer: layer2.3.conv3,                 activation shape: torch.Size([32, 512, 28, 28])
2026-02-13 04:01:28,126 - INFO - Captured activation for layer: layer2.3.conv3, activation shape: torch.Size([32, 512, 28, 28])
2026-02-13 04:01:28,129 - INFO - Captured activation for layer: layer2.3.conv3,                 activation shape: torch.Size([32, 512, 28, 28])
2026-02-13 04:01:28,138 - INFO - Captured activation for layer: layer2.3.conv3, activation shape: torch.Size([32, 512, 28, 28])
2026-02-13 04:01:28,141 - INFO - Captured activation for layer: layer2.3.conv3,                 activation shape: torch.Size([32, 512, 28, 28])
2026-02-13 04:01:28,150 - INFO - Captured activation for layer: layer2.3.conv3, activation shape: torch.Size([32, 512, 28, 28])
2026-02-13 04:01:28,153 - INFO - Captured activation for layer: layer2.3.conv3,                 activation shape: torch.Size([32, 512, 28, 28])
2026-02-13 04:01:28,162 - INFO - Captured activation for layer: layer2.3.conv3, activation shape: torch.Size([32, 512, 28, 28])
2026-02-13 04:01:28,165 - INFO - Captured activation for layer: layer2.3.conv3,                 activation shape: torch.Size([32, 512, 28, 28])
2026-02-13 04:01:28,174 - INFO - Captured activation for layer: layer2.3.conv3, activation shape: torch.Size([32, 512, 28, 28])
2026-02-13 04:01:28,177 - INFO - Captured activation for layer: layer2.3.conv3,                 activation shape: torch.Size([32, 512, 28, 28])
2026-02-13 04:01:28,186 - INFO - Captured activation for layer: layer2.3.conv3, activation shape: torch.Size([32, 512, 28, 28])
2026-02-13 04:01:28,189 - INFO - Captured activation for layer: layer2.3.conv3,                 activation shape: torch.Size([32, 512, 28, 28])
2026-02-13 04:01:28,198 - INFO - Captured activation for layer: layer2.3.conv3, activation shape: torch.Size([32, 512, 28, 28])
2026-02-13 04:01:28,201 - INFO - Captured activation for layer: layer2.3.conv3,                 activation shape: torch.Size([32, 512, 28, 28])
2026-02-13 04:01:28,210 - INFO - Captured activation for layer: layer2.3.conv3, activation shape: torch.Size([32, 512, 28, 28])
2026-02-13 04:01:28,213 - INFO - Captured activation for layer: layer2.3.conv3,                 activation shape: torch.Size([32, 512, 28, 28])
2026-02-13 04:01:28,222 - INFO - Captured activation for layer: layer2.3.conv3, activation shape: torch.Size([32, 512, 28, 28])
2026-02-13 04:01:28,225 - INFO - Captured activation for layer: layer2.3.conv3,                 activation shape: torch.Size([32, 512, 28, 28])
2026-02-13 04:01:28,234 - INFO - Captured activation for layer: layer2.3.conv3, activation shape: torch.Size([32, 512, 28, 28])
2026-02-13 04:01:28,237 - INFO - Captured activation for layer: layer2.3.conv3,                 activation shape: torch.Size([32, 512, 28, 28])
2026-02-13 04:01:28,246 - INFO - Captured activation for layer: layer2.3.conv3, activation shape: torch.Size([32, 512, 28, 28])
2026-02-13 04:01:28,249 - INFO - Captured activation for layer: layer2.3.conv3,                 activation shape: torch.Size([32, 512, 28, 28])
2026-02-13 04:01:28,258 - INFO - Captured activation for layer: layer2.3.conv3, activation shape: torch.Size([32, 512, 28, 28])
2026-02-13 04:01:28,261 - INFO - Captured activation for layer: layer2.3.conv3,                 activation shape: torch.Size([32, 512, 28, 28])
2026-02-13 04:01:28,270 - INFO - Captured activation for layer: layer2.3.conv3, activation shape: torch.Size([32, 512, 28, 28])
2026-02-13 04:01:28,273 - INFO - Captured activation for layer: layer2.3.conv3,                 activation shape: torch.Size([32, 512, 28, 28])
2026-02-13 04:01:28,283 - INFO - Captured activation for layer: layer2.3.conv3, activation shape: torch.Size([32, 512, 28, 28])
2026-02-13 04:01:28,285 - INFO - Captured activation for layer: layer2.3.conv3,                 activation shape: torch.Size([32, 512, 28, 28])
2026-02-13 04:01:28,295 - INFO - Captured activation for layer: layer2.3.conv3, activation shape: torch.Size([32, 512, 28, 28])
2026-02-13 04:01:28,297 - INFO - Captured activation for layer: layer2.3.conv3,                 activation shape: torch.Size([32, 512, 28, 28])
2026-02-13 04:01:28,307 - INFO - Captured activation for layer: layer2.3.conv3, activation shape: torch.Size([32, 512, 28, 28])
2026-02-13 04:01:28,310 - INFO - Captured activation for layer: layer2.3.conv3,                 activation shape: torch.Size([32, 512, 28, 28])
2026-02-13 04:01:28,319 - INFO - Captured activation for layer: layer2.3.conv3, activation shape: torch.Size([32, 512, 28, 28])
2026-02-13 04:01:28,322 - INFO - Captured activation for layer: layer2.3.conv3,                 activation shape: torch.Size([32, 512, 28, 28])
2026-02-13 04:01:28,331 - INFO - Captured activation for layer: layer2.3.conv3, activation shape: torch.Size([32, 512, 28, 28])
2026-02-13 04:01:28,334 - INFO - Captured activation for layer: layer2.3.conv3,                 activation shape: torch.Size([32, 512, 28, 28])
2026-02-13 04:01:28,343 - INFO - Captured activation for layer: layer2.3.conv3, activation shape: torch.Size([32, 512, 28, 28])
2026-02-13 04:01:28,346 - INFO - Captured activation for layer: layer2.3.conv3,                 activation shape: torch.Size([32, 512, 28, 28])
2026-02-13 04:01:28,355 - INFO - Captured activation for layer: layer2.3.conv3, activation shape: torch.Size([32, 512, 28, 28])
2026-02-13 04:01:28,358 - INFO - Captured activation for layer: layer2.3.conv3,                 activation shape: torch.Size([32, 512, 28, 28])
2026-02-13 04:01:28,367 - INFO - Captured activation for layer: layer2.3.conv3, activation shape: torch.Size([32, 512, 28, 28])
2026-02-13 04:01:28,370 - INFO - Captured activation for layer: layer2.3.conv3,                 activation shape: torch.Size([32, 512, 28, 28])
2026-02-13 04:01:28,379 - INFO - Captured activation for layer: layer2.3.conv3, activation shape: torch.Size([32, 512, 28, 28])
2026-02-13 04:01:28,382 - INFO - Captured activation for layer: layer2.3.conv3,                 activation shape: torch.Size([32, 512, 28, 28])
2026-02-13 04:01:28,391 - INFO - Captured activation for layer: layer2.3.conv3, activation shape: torch.Size([32, 512, 28, 28])
2026-02-13 04:01:28,394 - INFO - Captured activation for layer: layer2.3.conv3,                 activation shape: torch.Size([32, 512, 28, 28])
2026-02-13 04:01:28,403 - INFO - Captured activation for layer: layer2.3.conv3, activation shape: torch.Size([32, 512, 28, 28])
2026-02-13 04:01:28,406 - INFO - Captured activation for layer: layer2.3.conv3,                 activation shape: torch.Size([32, 512, 28, 28])
2026-02-13 04:01:28,415 - INFO - Captured activation for layer: layer2.3.conv3, activation shape: torch.Size([32, 512, 28, 28])
2026-02-13 04:01:28,418 - INFO - Captured activation for layer: layer2.3.conv3,                 activation shape: torch.Size([32, 512, 28, 28])
2026-02-13 04:01:28,427 - INFO - Captured activation for layer: layer2.3.conv3, activation shape: torch.Size([32, 512, 28, 28])
2026-02-13 04:01:28,430 - INFO - Captured activation for layer: layer2.3.conv3,                 activation shape: torch.Size([32, 512, 28, 28])
2026-02-13 04:01:28,439 - INFO - Captured activation for layer: layer2.3.conv3, activation shape: torch.Size([32, 512, 28, 28])
2026-02-13 04:01:28,442 - INFO - Captured activation for layer: layer2.3.conv3,                 activation shape: torch.Size([32, 512, 28, 28])
2026-02-13 04:01:28,451 - INFO - Captured activation for layer: layer2.3.conv3, activation shape: torch.Size([32, 512, 28, 28])
2026-02-13 04:01:28,454 - INFO - Captured activation for layer: layer2.3.conv3,                 activation shape: torch.Size([32, 512, 28, 28])
2026-02-13 04:01:28,463 - INFO - Captured activation for layer: layer2.3.conv3, activation shape: torch.Size([32, 512, 28, 28])
2026-02-13 04:01:28,466 - INFO - Captured activation for layer: layer2.3.conv3,                 activation shape: torch.Size([32, 512, 28, 28])
2026-02-13 04:01:28,475 - INFO - Captured activation for layer: layer2.3.conv3, activation shape: torch.Size([32, 512, 28, 28])
2026-02-13 04:01:28,478 - INFO - Captured activation for layer: layer2.3.conv3,                 activation shape: torch.Size([32, 512, 28, 28])
2026-02-13 04:01:28,487 - INFO - Captured activation for layer: layer2.3.conv3, activation shape: torch.Size([32, 512, 28, 28])
2026-02-13 04:01:28,487 - INFO - Stacked activations shape for layer layer2.3.conv3: torch.Size([2112, 512, 28, 28])
2026-02-13 04:01:28,488 - INFO - Added Gaussian noise with std: 0.001
2026-02-13 04:01:28,593 - INFO - Perturbed activation  values: tensor([ 0.0067, -0.0087, -0.0120,  ...,  0.0011, -0.0020, -0.0072],
       device='cuda:0')
2026-02-13 04:01:28,598 - INFO - Standard deviation of activations for layer layer2.3.conv3: 0.0294
2026-02-13 04:01:28,598 - INFO - Checking normality of activations for layer layer2.3.conv3 using Shapiro-Wilk test.
2026-02-13 04:01:55,537 - INFO - Shapiro-Wilk test: statistic=0.9627, p-value=4.6108e-34
2026-02-13 04:01:55,537 - INFO - Normally distributed: False
2026-02-13 04:01:55,538 - INFO - Perturbed activation shape: torch.Size([2112, 512, 28, 28]), Std activation shape: torch.Size([1, 512, 28, 28])
2026-02-13 04:01:55,554 - INFO - Std activation sample values: tensor([0.0097, 0.0088, 0.0095, 0.0096, 0.0097], device='cuda:0')
2026-02-13 04:01:55,566 - INFO - Applying perturbation for layer: layer1.2.conv3, original output shape: torch.Size([32, 256, 56, 56]), perturbed activation shape: torch.Size([2112, 256, 56, 56])
2026-02-13 04:01:55,566 - INFO - Applying perturbation for layer: layer2.3.conv3, original output shape: torch.Size([32, 512, 28, 28]), perturbed activation shape: torch.Size([2112, 512, 28, 28])
2026-02-13 04:01:55,570 - INFO - Applying perturbation for layer: layer1.2.conv3, original output shape: torch.Size([32, 256, 56, 56]), perturbed activation shape: torch.Size([2112, 256, 56, 56])
2026-02-13 04:01:55,571 - INFO - Applying perturbation for layer: layer2.3.conv3, original output shape: torch.Size([32, 512, 28, 28]), perturbed activation shape: torch.Size([2112, 512, 28, 28])
2026-02-13 04:01:55,582 - INFO - Applying perturbation for layer: layer1.2.conv3, original output shape: torch.Size([32, 256, 56, 56]), perturbed activation shape: torch.Size([2112, 256, 56, 56])
2026-02-13 04:01:55,586 - INFO - Applying perturbation for layer: layer2.3.conv3, original output shape: torch.Size([32, 512, 28, 28]), perturbed activation shape: torch.Size([2112, 512, 28, 28])
2026-02-13 04:01:55,636 - INFO - Applying perturbation for layer: layer1.2.conv3, original output shape: torch.Size([32, 256, 56, 56]), perturbed activation shape: torch.Size([2112, 256, 56, 56])
2026-02-13 04:01:55,639 - INFO - Applying perturbation for layer: layer2.3.conv3, original output shape: torch.Size([32, 512, 28, 28]), perturbed activation shape: torch.Size([2112, 512, 28, 28])
2026-02-13 04:01:55,669 - INFO - Applying perturbation for layer: layer1.2.conv3, original output shape: torch.Size([32, 256, 56, 56]), perturbed activation shape: torch.Size([2112, 256, 56, 56])
2026-02-13 04:01:55,671 - INFO - Applying perturbation for layer: layer2.3.conv3, original output shape: torch.Size([32, 512, 28, 28]), perturbed activation shape: torch.Size([2112, 512, 28, 28])
2026-02-13 04:01:55,718 - INFO - Applying perturbation for layer: layer1.2.conv3, original output shape: torch.Size([32, 256, 56, 56]), perturbed activation shape: torch.Size([2112, 256, 56, 56])
2026-02-13 04:01:55,720 - INFO - Applying perturbation for layer: layer2.3.conv3, original output shape: torch.Size([32, 512, 28, 28]), perturbed activation shape: torch.Size([2112, 512, 28, 28])
2026-02-13 04:01:55,772 - INFO - Applying perturbation for layer: layer1.2.conv3, original output shape: torch.Size([32, 256, 56, 56]), perturbed activation shape: torch.Size([2112, 256, 56, 56])
2026-02-13 04:01:55,776 - INFO - Applying perturbation for layer: layer2.3.conv3, original output shape: torch.Size([32, 512, 28, 28]), perturbed activation shape: torch.Size([2112, 512, 28, 28])
2026-02-13 04:01:55,825 - INFO - Applying perturbation for layer: layer1.2.conv3, original output shape: torch.Size([32, 256, 56, 56]), perturbed activation shape: torch.Size([2112, 256, 56, 56])
2026-02-13 04:01:55,829 - INFO - Applying perturbation for layer: layer2.3.conv3, original output shape: torch.Size([32, 512, 28, 28]), perturbed activation shape: torch.Size([2112, 512, 28, 28])
2026-02-13 04:01:55,879 - INFO - Applying perturbation for layer: layer1.2.conv3, original output shape: torch.Size([32, 256, 56, 56]), perturbed activation shape: torch.Size([2112, 256, 56, 56])
2026-02-13 04:01:55,880 - INFO - Applying perturbation for layer: layer2.3.conv3, original output shape: torch.Size([32, 512, 28, 28]), perturbed activation shape: torch.Size([2112, 512, 28, 28])
2026-02-13 04:01:55,932 - INFO - Applying perturbation for layer: layer1.2.conv3, original output shape: torch.Size([32, 256, 56, 56]), perturbed activation shape: torch.Size([2112, 256, 56, 56])
2026-02-13 04:01:55,933 - INFO - Applying perturbation for layer: layer2.3.conv3, original output shape: torch.Size([32, 512, 28, 28]), perturbed activation shape: torch.Size([2112, 512, 28, 28])
2026-02-13 04:01:55,986 - INFO - Applying perturbation for layer: layer1.2.conv3, original output shape: torch.Size([32, 256, 56, 56]), perturbed activation shape: torch.Size([2112, 256, 56, 56])
2026-02-13 04:01:55,987 - INFO - Applying perturbation for layer: layer2.3.conv3, original output shape: torch.Size([32, 512, 28, 28]), perturbed activation shape: torch.Size([2112, 512, 28, 28])
2026-02-13 04:01:56,039 - INFO - Applying perturbation for layer: layer1.2.conv3, original output shape: torch.Size([32, 256, 56, 56]), perturbed activation shape: torch.Size([2112, 256, 56, 56])
2026-02-13 04:01:56,040 - INFO - Applying perturbation for layer: layer2.3.conv3, original output shape: torch.Size([32, 512, 28, 28]), perturbed activation shape: torch.Size([2112, 512, 28, 28])
2026-02-13 04:01:56,094 - INFO - Applying perturbation for layer: layer1.2.conv3, original output shape: torch.Size([32, 256, 56, 56]), perturbed activation shape: torch.Size([2112, 256, 56, 56])
2026-02-13 04:01:56,095 - INFO - Applying perturbation for layer: layer2.3.conv3, original output shape: torch.Size([32, 512, 28, 28]), perturbed activation shape: torch.Size([2112, 512, 28, 28])
2026-02-13 04:01:56,159 - INFO - Applying perturbation for layer: layer1.2.conv3, original output shape: torch.Size([32, 256, 56, 56]), perturbed activation shape: torch.Size([2112, 256, 56, 56])
2026-02-13 04:01:56,160 - INFO - Applying perturbation for layer: layer2.3.conv3, original output shape: torch.Size([32, 512, 28, 28]), perturbed activation shape: torch.Size([2112, 512, 28, 28])
2026-02-13 04:01:56,213 - INFO - Applying perturbation for layer: layer1.2.conv3, original output shape: torch.Size([32, 256, 56, 56]), perturbed activation shape: torch.Size([2112, 256, 56, 56])
2026-02-13 04:01:56,214 - INFO - Applying perturbation for layer: layer2.3.conv3, original output shape: torch.Size([32, 512, 28, 28]), perturbed activation shape: torch.Size([2112, 512, 28, 28])
2026-02-13 04:01:56,265 - INFO - Applying perturbation for layer: layer1.2.conv3, original output shape: torch.Size([32, 256, 56, 56]), perturbed activation shape: torch.Size([2112, 256, 56, 56])
2026-02-13 04:01:56,267 - INFO - Applying perturbation for layer: layer2.3.conv3, original output shape: torch.Size([32, 512, 28, 28]), perturbed activation shape: torch.Size([2112, 512, 28, 28])
2026-02-13 04:01:56,294 - INFO - Applying perturbation for layer: layer1.2.conv3, original output shape: torch.Size([32, 256, 56, 56]), perturbed activation shape: torch.Size([2112, 256, 56, 56])
2026-02-13 04:01:56,295 - INFO - Applying perturbation for layer: layer2.3.conv3, original output shape: torch.Size([32, 512, 28, 28]), perturbed activation shape: torch.Size([2112, 512, 28, 28])
2026-02-13 04:01:56,318 - INFO - Applying perturbation for layer: layer1.2.conv3, original output shape: torch.Size([32, 256, 56, 56]), perturbed activation shape: torch.Size([2112, 256, 56, 56])
2026-02-13 04:01:56,319 - INFO - Applying perturbation for layer: layer2.3.conv3, original output shape: torch.Size([32, 512, 28, 28]), perturbed activation shape: torch.Size([2112, 512, 28, 28])
2026-02-13 04:01:56,342 - INFO - Applying perturbation for layer: layer1.2.conv3, original output shape: torch.Size([32, 256, 56, 56]), perturbed activation shape: torch.Size([2112, 256, 56, 56])
2026-02-13 04:01:56,344 - INFO - Applying perturbation for layer: layer2.3.conv3, original output shape: torch.Size([32, 512, 28, 28]), perturbed activation shape: torch.Size([2112, 512, 28, 28])
2026-02-13 04:01:56,367 - INFO - Applying perturbation for layer: layer1.2.conv3, original output shape: torch.Size([32, 256, 56, 56]), perturbed activation shape: torch.Size([2112, 256, 56, 56])
2026-02-13 04:01:56,368 - INFO - Applying perturbation for layer: layer2.3.conv3, original output shape: torch.Size([32, 512, 28, 28]), perturbed activation shape: torch.Size([2112, 512, 28, 28])
2026-02-13 04:01:56,391 - INFO - Applying perturbation for layer: layer1.2.conv3, original output shape: torch.Size([32, 256, 56, 56]), perturbed activation shape: torch.Size([2112, 256, 56, 56])
2026-02-13 04:01:56,392 - INFO - Applying perturbation for layer: layer2.3.conv3, original output shape: torch.Size([32, 512, 28, 28]), perturbed activation shape: torch.Size([2112, 512, 28, 28])
2026-02-13 04:01:56,415 - INFO - Applying perturbation for layer: layer1.2.conv3, original output shape: torch.Size([32, 256, 56, 56]), perturbed activation shape: torch.Size([2112, 256, 56, 56])
2026-02-13 04:01:56,416 - INFO - Applying perturbation for layer: layer2.3.conv3, original output shape: torch.Size([32, 512, 28, 28]), perturbed activation shape: torch.Size([2112, 512, 28, 28])
2026-02-13 04:01:56,439 - INFO - Applying perturbation for layer: layer1.2.conv3, original output shape: torch.Size([32, 256, 56, 56]), perturbed activation shape: torch.Size([2112, 256, 56, 56])
2026-02-13 04:01:56,441 - INFO - Applying perturbation for layer: layer2.3.conv3, original output shape: torch.Size([32, 512, 28, 28]), perturbed activation shape: torch.Size([2112, 512, 28, 28])
2026-02-13 04:01:56,464 - INFO - Applying perturbation for layer: layer1.2.conv3, original output shape: torch.Size([32, 256, 56, 56]), perturbed activation shape: torch.Size([2112, 256, 56, 56])
2026-02-13 04:01:56,465 - INFO - Applying perturbation for layer: layer2.3.conv3, original output shape: torch.Size([32, 512, 28, 28]), perturbed activation shape: torch.Size([2112, 512, 28, 28])
2026-02-13 04:01:56,488 - INFO - Applying perturbation for layer: layer1.2.conv3, original output shape: torch.Size([32, 256, 56, 56]), perturbed activation shape: torch.Size([2112, 256, 56, 56])
2026-02-13 04:01:56,489 - INFO - Applying perturbation for layer: layer2.3.conv3, original output shape: torch.Size([32, 512, 28, 28]), perturbed activation shape: torch.Size([2112, 512, 28, 28])
2026-02-13 04:01:56,512 - INFO - Applying perturbation for layer: layer1.2.conv3, original output shape: torch.Size([32, 256, 56, 56]), perturbed activation shape: torch.Size([2112, 256, 56, 56])
2026-02-13 04:01:56,513 - INFO - Applying perturbation for layer: layer2.3.conv3, original output shape: torch.Size([32, 512, 28, 28]), perturbed activation shape: torch.Size([2112, 512, 28, 28])
2026-02-13 04:01:56,536 - INFO - Applying perturbation for layer: layer1.2.conv3, original output shape: torch.Size([32, 256, 56, 56]), perturbed activation shape: torch.Size([2112, 256, 56, 56])
2026-02-13 04:01:56,537 - INFO - Applying perturbation for layer: layer2.3.conv3, original output shape: torch.Size([32, 512, 28, 28]), perturbed activation shape: torch.Size([2112, 512, 28, 28])
2026-02-13 04:01:56,560 - INFO - Applying perturbation for layer: layer1.2.conv3, original output shape: torch.Size([32, 256, 56, 56]), perturbed activation shape: torch.Size([2112, 256, 56, 56])
2026-02-13 04:01:56,561 - INFO - Applying perturbation for layer: layer2.3.conv3, original output shape: torch.Size([32, 512, 28, 28]), perturbed activation shape: torch.Size([2112, 512, 28, 28])
2026-02-13 04:01:56,584 - INFO - Applying perturbation for layer: layer1.2.conv3, original output shape: torch.Size([32, 256, 56, 56]), perturbed activation shape: torch.Size([2112, 256, 56, 56])
2026-02-13 04:01:56,585 - INFO - Applying perturbation for layer: layer2.3.conv3, original output shape: torch.Size([32, 512, 28, 28]), perturbed activation shape: torch.Size([2112, 512, 28, 28])
2026-02-13 04:01:56,608 - INFO - Applying perturbation for layer: layer1.2.conv3, original output shape: torch.Size([32, 256, 56, 56]), perturbed activation shape: torch.Size([2112, 256, 56, 56])
2026-02-13 04:01:56,610 - INFO - Applying perturbation for layer: layer2.3.conv3, original output shape: torch.Size([32, 512, 28, 28]), perturbed activation shape: torch.Size([2112, 512, 28, 28])
2026-02-13 04:01:56,633 - INFO - Applying perturbation for layer: layer1.2.conv3, original output shape: torch.Size([32, 256, 56, 56]), perturbed activation shape: torch.Size([2112, 256, 56, 56])
2026-02-13 04:01:56,634 - INFO - Applying perturbation for layer: layer2.3.conv3, original output shape: torch.Size([32, 512, 28, 28]), perturbed activation shape: torch.Size([2112, 512, 28, 28])
2026-02-13 04:01:56,657 - INFO - Applying perturbation for layer: layer1.2.conv3, original output shape: torch.Size([32, 256, 56, 56]), perturbed activation shape: torch.Size([2112, 256, 56, 56])
2026-02-13 04:01:56,658 - INFO - Applying perturbation for layer: layer2.3.conv3, original output shape: torch.Size([32, 512, 28, 28]), perturbed activation shape: torch.Size([2112, 512, 28, 28])
2026-02-13 04:01:56,681 - INFO - Applying perturbation for layer: layer1.2.conv3, original output shape: torch.Size([32, 256, 56, 56]), perturbed activation shape: torch.Size([2112, 256, 56, 56])
2026-02-13 04:01:56,682 - INFO - Applying perturbation for layer: layer2.3.conv3, original output shape: torch.Size([32, 512, 28, 28]), perturbed activation shape: torch.Size([2112, 512, 28, 28])
2026-02-13 04:01:56,705 - INFO - Applying perturbation for layer: layer1.2.conv3, original output shape: torch.Size([32, 256, 56, 56]), perturbed activation shape: torch.Size([2112, 256, 56, 56])
2026-02-13 04:01:56,706 - INFO - Applying perturbation for layer: layer2.3.conv3, original output shape: torch.Size([32, 512, 28, 28]), perturbed activation shape: torch.Size([2112, 512, 28, 28])
2026-02-13 04:01:56,729 - INFO - Applying perturbation for layer: layer1.2.conv3, original output shape: torch.Size([32, 256, 56, 56]), perturbed activation shape: torch.Size([2112, 256, 56, 56])
2026-02-13 04:01:56,730 - INFO - Applying perturbation for layer: layer2.3.conv3, original output shape: torch.Size([32, 512, 28, 28]), perturbed activation shape: torch.Size([2112, 512, 28, 28])
2026-02-13 04:01:56,753 - INFO - Applying perturbation for layer: layer1.2.conv3, original output shape: torch.Size([32, 256, 56, 56]), perturbed activation shape: torch.Size([2112, 256, 56, 56])
2026-02-13 04:01:56,754 - INFO - Applying perturbation for layer: layer2.3.conv3, original output shape: torch.Size([32, 512, 28, 28]), perturbed activation shape: torch.Size([2112, 512, 28, 28])
2026-02-13 04:01:56,777 - INFO - Applying perturbation for layer: layer1.2.conv3, original output shape: torch.Size([32, 256, 56, 56]), perturbed activation shape: torch.Size([2112, 256, 56, 56])
2026-02-13 04:01:56,779 - INFO - Applying perturbation for layer: layer2.3.conv3, original output shape: torch.Size([32, 512, 28, 28]), perturbed activation shape: torch.Size([2112, 512, 28, 28])
2026-02-13 04:01:56,802 - INFO - Applying perturbation for layer: layer1.2.conv3, original output shape: torch.Size([32, 256, 56, 56]), perturbed activation shape: torch.Size([2112, 256, 56, 56])
2026-02-13 04:01:56,803 - INFO - Applying perturbation for layer: layer2.3.conv3, original output shape: torch.Size([32, 512, 28, 28]), perturbed activation shape: torch.Size([2112, 512, 28, 28])
2026-02-13 04:01:56,826 - INFO - Applying perturbation for layer: layer1.2.conv3, original output shape: torch.Size([32, 256, 56, 56]), perturbed activation shape: torch.Size([2112, 256, 56, 56])
2026-02-13 04:01:56,827 - INFO - Applying perturbation for layer: layer2.3.conv3, original output shape: torch.Size([32, 512, 28, 28]), perturbed activation shape: torch.Size([2112, 512, 28, 28])
2026-02-13 04:01:56,850 - INFO - Applying perturbation for layer: layer1.2.conv3, original output shape: torch.Size([32, 256, 56, 56]), perturbed activation shape: torch.Size([2112, 256, 56, 56])
2026-02-13 04:01:56,851 - INFO - Applying perturbation for layer: layer2.3.conv3, original output shape: torch.Size([32, 512, 28, 28]), perturbed activation shape: torch.Size([2112, 512, 28, 28])
2026-02-13 04:01:56,874 - INFO - Applying perturbation for layer: layer1.2.conv3, original output shape: torch.Size([32, 256, 56, 56]), perturbed activation shape: torch.Size([2112, 256, 56, 56])
2026-02-13 04:01:56,875 - INFO - Applying perturbation for layer: layer2.3.conv3, original output shape: torch.Size([32, 512, 28, 28]), perturbed activation shape: torch.Size([2112, 512, 28, 28])
2026-02-13 04:01:56,898 - INFO - Applying perturbation for layer: layer1.2.conv3, original output shape: torch.Size([32, 256, 56, 56]), perturbed activation shape: torch.Size([2112, 256, 56, 56])
2026-02-13 04:01:56,899 - INFO - Applying perturbation for layer: layer2.3.conv3, original output shape: torch.Size([32, 512, 28, 28]), perturbed activation shape: torch.Size([2112, 512, 28, 28])
2026-02-13 04:01:56,922 - INFO - Applying perturbation for layer: layer1.2.conv3, original output shape: torch.Size([32, 256, 56, 56]), perturbed activation shape: torch.Size([2112, 256, 56, 56])
2026-02-13 04:01:56,923 - INFO - Applying perturbation for layer: layer2.3.conv3, original output shape: torch.Size([32, 512, 28, 28]), perturbed activation shape: torch.Size([2112, 512, 28, 28])
2026-02-13 04:01:56,946 - INFO - Applying perturbation for layer: layer1.2.conv3, original output shape: torch.Size([32, 256, 56, 56]), perturbed activation shape: torch.Size([2112, 256, 56, 56])
2026-02-13 04:01:56,948 - INFO - Applying perturbation for layer: layer2.3.conv3, original output shape: torch.Size([32, 512, 28, 28]), perturbed activation shape: torch.Size([2112, 512, 28, 28])
2026-02-13 04:01:56,971 - INFO - Applying perturbation for layer: layer1.2.conv3, original output shape: torch.Size([32, 256, 56, 56]), perturbed activation shape: torch.Size([2112, 256, 56, 56])
2026-02-13 04:01:56,972 - INFO - Applying perturbation for layer: layer2.3.conv3, original output shape: torch.Size([32, 512, 28, 28]), perturbed activation shape: torch.Size([2112, 512, 28, 28])
2026-02-13 04:01:56,995 - INFO - Applying perturbation for layer: layer1.2.conv3, original output shape: torch.Size([32, 256, 56, 56]), perturbed activation shape: torch.Size([2112, 256, 56, 56])
2026-02-13 04:01:56,996 - INFO - Applying perturbation for layer: layer2.3.conv3, original output shape: torch.Size([32, 512, 28, 28]), perturbed activation shape: torch.Size([2112, 512, 28, 28])
2026-02-13 04:01:57,019 - INFO - Applying perturbation for layer: layer1.2.conv3, original output shape: torch.Size([32, 256, 56, 56]), perturbed activation shape: torch.Size([2112, 256, 56, 56])
2026-02-13 04:01:57,020 - INFO - Applying perturbation for layer: layer2.3.conv3, original output shape: torch.Size([32, 512, 28, 28]), perturbed activation shape: torch.Size([2112, 512, 28, 28])
2026-02-13 04:01:57,043 - INFO - Applying perturbation for layer: layer1.2.conv3, original output shape: torch.Size([32, 256, 56, 56]), perturbed activation shape: torch.Size([2112, 256, 56, 56])
2026-02-13 04:01:57,044 - INFO - Applying perturbation for layer: layer2.3.conv3, original output shape: torch.Size([32, 512, 28, 28]), perturbed activation shape: torch.Size([2112, 512, 28, 28])
2026-02-13 04:01:57,067 - INFO - Applying perturbation for layer: layer1.2.conv3, original output shape: torch.Size([32, 256, 56, 56]), perturbed activation shape: torch.Size([2112, 256, 56, 56])
2026-02-13 04:01:57,068 - INFO - Applying perturbation for layer: layer2.3.conv3, original output shape: torch.Size([32, 512, 28, 28]), perturbed activation shape: torch.Size([2112, 512, 28, 28])
2026-02-13 04:01:57,091 - INFO - Applying perturbation for layer: layer1.2.conv3, original output shape: torch.Size([32, 256, 56, 56]), perturbed activation shape: torch.Size([2112, 256, 56, 56])
2026-02-13 04:01:57,092 - INFO - Applying perturbation for layer: layer2.3.conv3, original output shape: torch.Size([32, 512, 28, 28]), perturbed activation shape: torch.Size([2112, 512, 28, 28])
2026-02-13 04:01:57,115 - INFO - Applying perturbation for layer: layer1.2.conv3, original output shape: torch.Size([32, 256, 56, 56]), perturbed activation shape: torch.Size([2112, 256, 56, 56])
2026-02-13 04:01:57,117 - INFO - Applying perturbation for layer: layer2.3.conv3, original output shape: torch.Size([32, 512, 28, 28]), perturbed activation shape: torch.Size([2112, 512, 28, 28])
2026-02-13 04:01:57,140 - INFO - Applying perturbation for layer: layer1.2.conv3, original output shape: torch.Size([32, 256, 56, 56]), perturbed activation shape: torch.Size([2112, 256, 56, 56])
2026-02-13 04:01:57,141 - INFO - Applying perturbation for layer: layer2.3.conv3, original output shape: torch.Size([32, 512, 28, 28]), perturbed activation shape: torch.Size([2112, 512, 28, 28])
2026-02-13 04:01:57,164 - INFO - Applying perturbation for layer: layer1.2.conv3, original output shape: torch.Size([32, 256, 56, 56]), perturbed activation shape: torch.Size([2112, 256, 56, 56])
2026-02-13 04:01:57,165 - INFO - Applying perturbation for layer: layer2.3.conv3, original output shape: torch.Size([32, 512, 28, 28]), perturbed activation shape: torch.Size([2112, 512, 28, 28])
2026-02-13 04:01:57,188 - INFO - Applying perturbation for layer: layer1.2.conv3, original output shape: torch.Size([32, 256, 56, 56]), perturbed activation shape: torch.Size([2112, 256, 56, 56])
2026-02-13 04:01:57,189 - INFO - Applying perturbation for layer: layer2.3.conv3, original output shape: torch.Size([32, 512, 28, 28]), perturbed activation shape: torch.Size([2112, 512, 28, 28])
2026-02-13 04:01:57,212 - INFO - Applying perturbation for layer: layer1.2.conv3, original output shape: torch.Size([32, 256, 56, 56]), perturbed activation shape: torch.Size([2112, 256, 56, 56])
2026-02-13 04:01:57,213 - INFO - Applying perturbation for layer: layer2.3.conv3, original output shape: torch.Size([32, 512, 28, 28]), perturbed activation shape: torch.Size([2112, 512, 28, 28])
2026-02-13 04:01:57,236 - INFO - Applying perturbation for layer: layer1.2.conv3, original output shape: torch.Size([32, 256, 56, 56]), perturbed activation shape: torch.Size([2112, 256, 56, 56])
2026-02-13 04:01:57,237 - INFO - Applying perturbation for layer: layer2.3.conv3, original output shape: torch.Size([32, 512, 28, 28]), perturbed activation shape: torch.Size([2112, 512, 28, 28])
2026-02-13 04:01:57,260 - INFO - Applying perturbation for layer: layer1.2.conv3, original output shape: torch.Size([32, 256, 56, 56]), perturbed activation shape: torch.Size([2112, 256, 56, 56])
2026-02-13 04:01:57,261 - INFO - Applying perturbation for layer: layer2.3.conv3, original output shape: torch.Size([32, 512, 28, 28]), perturbed activation shape: torch.Size([2112, 512, 28, 28])
2026-02-13 04:01:57,284 - INFO - Applying perturbation for layer: layer1.2.conv3, original output shape: torch.Size([32, 256, 56, 56]), perturbed activation shape: torch.Size([2112, 256, 56, 56])
2026-02-13 04:01:57,285 - INFO - Applying perturbation for layer: layer2.3.conv3, original output shape: torch.Size([32, 512, 28, 28]), perturbed activation shape: torch.Size([2112, 512, 28, 28])
2026-02-13 04:01:57,308 - INFO - Applying perturbation for layer: layer1.2.conv3, original output shape: torch.Size([32, 256, 56, 56]), perturbed activation shape: torch.Size([2112, 256, 56, 56])
2026-02-13 04:01:57,310 - INFO - Applying perturbation for layer: layer2.3.conv3, original output shape: torch.Size([32, 512, 28, 28]), perturbed activation shape: torch.Size([2112, 512, 28, 28])
2026-02-13 04:01:57,333 - INFO - Applying perturbation for layer: layer1.2.conv3, original output shape: torch.Size([32, 256, 56, 56]), perturbed activation shape: torch.Size([2112, 256, 56, 56])
2026-02-13 04:01:57,334 - INFO - Applying perturbation for layer: layer2.3.conv3, original output shape: torch.Size([32, 512, 28, 28]), perturbed activation shape: torch.Size([2112, 512, 28, 28])
2026-02-13 04:01:57,357 - INFO - Applying perturbation for layer: layer1.2.conv3, original output shape: torch.Size([32, 256, 56, 56]), perturbed activation shape: torch.Size([2112, 256, 56, 56])
2026-02-13 04:01:57,358 - INFO - Applying perturbation for layer: layer2.3.conv3, original output shape: torch.Size([32, 512, 28, 28]), perturbed activation shape: torch.Size([2112, 512, 28, 28])
2026-02-13 04:01:57,381 - INFO - Applying perturbation for layer: layer1.2.conv3, original output shape: torch.Size([32, 256, 56, 56]), perturbed activation shape: torch.Size([2112, 256, 56, 56])
2026-02-13 04:01:57,382 - INFO - Applying perturbation for layer: layer2.3.conv3, original output shape: torch.Size([32, 512, 28, 28]), perturbed activation shape: torch.Size([2112, 512, 28, 28])
2026-02-13 04:01:57,405 - INFO - Applying perturbation for layer: layer1.2.conv3, original output shape: torch.Size([32, 256, 56, 56]), perturbed activation shape: torch.Size([2112, 256, 56, 56])
2026-02-13 04:01:57,406 - INFO - Applying perturbation for layer: layer2.3.conv3, original output shape: torch.Size([32, 512, 28, 28]), perturbed activation shape: torch.Size([2112, 512, 28, 28])
2026-02-13 04:01:57,429 - INFO - Applying perturbation for layer: layer1.2.conv3, original output shape: torch.Size([32, 256, 56, 56]), perturbed activation shape: torch.Size([2112, 256, 56, 56])
2026-02-13 04:01:57,430 - INFO - Applying perturbation for layer: layer2.3.conv3, original output shape: torch.Size([32, 512, 28, 28]), perturbed activation shape: torch.Size([2112, 512, 28, 28])
2026-02-13 04:01:57,453 - INFO - Applying perturbation for layer: layer1.2.conv3, original output shape: torch.Size([32, 256, 56, 56]), perturbed activation shape: torch.Size([2112, 256, 56, 56])
2026-02-13 04:01:57,454 - INFO - Applying perturbation for layer: layer2.3.conv3, original output shape: torch.Size([32, 512, 28, 28]), perturbed activation shape: torch.Size([2112, 512, 28, 28])
2026-02-13 04:01:57,477 - INFO - Applying perturbation for layer: layer1.2.conv3, original output shape: torch.Size([32, 256, 56, 56]), perturbed activation shape: torch.Size([2112, 256, 56, 56])
2026-02-13 04:01:57,479 - INFO - Applying perturbation for layer: layer2.3.conv3, original output shape: torch.Size([32, 512, 28, 28]), perturbed activation shape: torch.Size([2112, 512, 28, 28])
2026-02-13 04:01:57,809 - INFO - ================================================================================
2026-02-13 04:01:57,809 - INFO - Target layer found: layer1.2.conv3
2026-02-13 04:01:57,814 - INFO - Captured activation for layer: layer1.2.conv3,                 activation shape: torch.Size([32, 256, 56, 56])
2026-02-13 04:01:57,817 - INFO - Captured activation for layer: layer1.2.conv3, activation shape: torch.Size([32, 256, 56, 56])
2026-02-13 04:01:57,818 - INFO - Captured activation for layer: layer1.2.conv3,                 activation shape: torch.Size([32, 256, 56, 56])
2026-02-13 04:01:57,820 - INFO - Captured activation for layer: layer1.2.conv3, activation shape: torch.Size([32, 256, 56, 56])
2026-02-13 04:01:57,821 - INFO - Captured activation for layer: layer1.2.conv3,                 activation shape: torch.Size([32, 256, 56, 56])
2026-02-13 04:01:57,823 - INFO - Captured activation for layer: layer1.2.conv3, activation shape: torch.Size([32, 256, 56, 56])
2026-02-13 04:01:57,825 - INFO - Captured activation for layer: layer1.2.conv3,                 activation shape: torch.Size([32, 256, 56, 56])
2026-02-13 04:01:57,826 - INFO - Captured activation for layer: layer1.2.conv3, activation shape: torch.Size([32, 256, 56, 56])
2026-02-13 04:01:57,829 - INFO - Captured activation for layer: layer1.2.conv3,                 activation shape: torch.Size([32, 256, 56, 56])
2026-02-13 04:01:57,830 - INFO - Captured activation for layer: layer1.2.conv3, activation shape: torch.Size([32, 256, 56, 56])
2026-02-13 04:01:57,832 - INFO - Captured activation for layer: layer1.2.conv3,                 activation shape: torch.Size([32, 256, 56, 56])
2026-02-13 04:01:57,834 - INFO - Captured activation for layer: layer1.2.conv3, activation shape: torch.Size([32, 256, 56, 56])
2026-02-13 04:01:57,835 - INFO - Captured activation for layer: layer1.2.conv3,                 activation shape: torch.Size([32, 256, 56, 56])
2026-02-13 04:01:57,846 - INFO - Captured activation for layer: layer1.2.conv3, activation shape: torch.Size([32, 256, 56, 56])
2026-02-13 04:01:57,848 - INFO - Captured activation for layer: layer1.2.conv3,                 activation shape: torch.Size([32, 256, 56, 56])
2026-02-13 04:01:57,859 - INFO - Captured activation for layer: layer1.2.conv3, activation shape: torch.Size([32, 256, 56, 56])
2026-02-13 04:01:57,860 - INFO - Captured activation for layer: layer1.2.conv3,                 activation shape: torch.Size([32, 256, 56, 56])
2026-02-13 04:01:57,872 - INFO - Captured activation for layer: layer1.2.conv3, activation shape: torch.Size([32, 256, 56, 56])
2026-02-13 04:01:57,874 - INFO - Captured activation for layer: layer1.2.conv3,                 activation shape: torch.Size([32, 256, 56, 56])
2026-02-13 04:01:57,884 - INFO - Captured activation for layer: layer1.2.conv3, activation shape: torch.Size([32, 256, 56, 56])
2026-02-13 04:01:57,887 - INFO - Captured activation for layer: layer1.2.conv3,                 activation shape: torch.Size([32, 256, 56, 56])
2026-02-13 04:01:57,897 - INFO - Captured activation for layer: layer1.2.conv3, activation shape: torch.Size([32, 256, 56, 56])
2026-02-13 04:01:57,899 - INFO - Captured activation for layer: layer1.2.conv3,                 activation shape: torch.Size([32, 256, 56, 56])
2026-02-13 04:01:57,910 - INFO - Captured activation for layer: layer1.2.conv3, activation shape: torch.Size([32, 256, 56, 56])
2026-02-13 04:01:57,912 - INFO - Captured activation for layer: layer1.2.conv3,                 activation shape: torch.Size([32, 256, 56, 56])
2026-02-13 04:01:57,923 - INFO - Captured activation for layer: layer1.2.conv3, activation shape: torch.Size([32, 256, 56, 56])
2026-02-13 04:01:57,925 - INFO - Captured activation for layer: layer1.2.conv3,                 activation shape: torch.Size([32, 256, 56, 56])
2026-02-13 04:01:57,936 - INFO - Captured activation for layer: layer1.2.conv3, activation shape: torch.Size([32, 256, 56, 56])
2026-02-13 04:01:57,938 - INFO - Captured activation for layer: layer1.2.conv3,                 activation shape: torch.Size([32, 256, 56, 56])
2026-02-13 04:01:57,949 - INFO - Captured activation for layer: layer1.2.conv3, activation shape: torch.Size([32, 256, 56, 56])
2026-02-13 04:01:57,952 - INFO - Captured activation for layer: layer1.2.conv3,                 activation shape: torch.Size([32, 256, 56, 56])
2026-02-13 04:01:57,962 - INFO - Captured activation for layer: layer1.2.conv3, activation shape: torch.Size([32, 256, 56, 56])
2026-02-13 04:01:57,963 - INFO - Captured activation for layer: layer1.2.conv3,                 activation shape: torch.Size([32, 256, 56, 56])
2026-02-13 04:01:57,974 - INFO - Captured activation for layer: layer1.2.conv3, activation shape: torch.Size([32, 256, 56, 56])
2026-02-13 04:01:57,976 - INFO - Captured activation for layer: layer1.2.conv3,                 activation shape: torch.Size([32, 256, 56, 56])
2026-02-13 04:01:57,987 - INFO - Captured activation for layer: layer1.2.conv3, activation shape: torch.Size([32, 256, 56, 56])
2026-02-13 04:01:57,989 - INFO - Captured activation for layer: layer1.2.conv3,                 activation shape: torch.Size([32, 256, 56, 56])
2026-02-13 04:01:58,000 - INFO - Captured activation for layer: layer1.2.conv3, activation shape: torch.Size([32, 256, 56, 56])
2026-02-13 04:01:58,002 - INFO - Captured activation for layer: layer1.2.conv3,                 activation shape: torch.Size([32, 256, 56, 56])
2026-02-13 04:01:58,013 - INFO - Captured activation for layer: layer1.2.conv3, activation shape: torch.Size([32, 256, 56, 56])
2026-02-13 04:01:58,016 - INFO - Captured activation for layer: layer1.2.conv3,                 activation shape: torch.Size([32, 256, 56, 56])
2026-02-13 04:01:58,027 - INFO - Captured activation for layer: layer1.2.conv3, activation shape: torch.Size([32, 256, 56, 56])
2026-02-13 04:01:58,029 - INFO - Captured activation for layer: layer1.2.conv3,                 activation shape: torch.Size([32, 256, 56, 56])
2026-02-13 04:01:58,045 - INFO - Captured activation for layer: layer1.2.conv3, activation shape: torch.Size([32, 256, 56, 56])
2026-02-13 04:01:58,049 - INFO - Captured activation for layer: layer1.2.conv3,                 activation shape: torch.Size([32, 256, 56, 56])
2026-02-13 04:01:58,072 - INFO - Captured activation for layer: layer1.2.conv3, activation shape: torch.Size([32, 256, 56, 56])
2026-02-13 04:01:58,076 - INFO - Captured activation for layer: layer1.2.conv3,                 activation shape: torch.Size([32, 256, 56, 56])
2026-02-13 04:01:58,102 - INFO - Captured activation for layer: layer1.2.conv3, activation shape: torch.Size([32, 256, 56, 56])
2026-02-13 04:01:58,106 - INFO - Captured activation for layer: layer1.2.conv3,                 activation shape: torch.Size([32, 256, 56, 56])
2026-02-13 04:01:58,130 - INFO - Captured activation for layer: layer1.2.conv3, activation shape: torch.Size([32, 256, 56, 56])
2026-02-13 04:01:58,134 - INFO - Captured activation for layer: layer1.2.conv3,                 activation shape: torch.Size([32, 256, 56, 56])
2026-02-13 04:01:58,160 - INFO - Captured activation for layer: layer1.2.conv3, activation shape: torch.Size([32, 256, 56, 56])
2026-02-13 04:01:58,161 - INFO - Captured activation for layer: layer1.2.conv3,                 activation shape: torch.Size([32, 256, 56, 56])
2026-02-13 04:01:58,188 - INFO - Captured activation for layer: layer1.2.conv3, activation shape: torch.Size([32, 256, 56, 56])
2026-02-13 04:01:58,192 - INFO - Captured activation for layer: layer1.2.conv3,                 activation shape: torch.Size([32, 256, 56, 56])
2026-02-13 04:01:58,214 - INFO - Captured activation for layer: layer1.2.conv3, activation shape: torch.Size([32, 256, 56, 56])
2026-02-13 04:01:58,218 - INFO - Captured activation for layer: layer1.2.conv3,                 activation shape: torch.Size([32, 256, 56, 56])
2026-02-13 04:01:58,241 - INFO - Captured activation for layer: layer1.2.conv3, activation shape: torch.Size([32, 256, 56, 56])
2026-02-13 04:01:58,245 - INFO - Captured activation for layer: layer1.2.conv3,                 activation shape: torch.Size([32, 256, 56, 56])
2026-02-13 04:01:58,268 - INFO - Captured activation for layer: layer1.2.conv3, activation shape: torch.Size([32, 256, 56, 56])
2026-02-13 04:01:58,272 - INFO - Captured activation for layer: layer1.2.conv3,                 activation shape: torch.Size([32, 256, 56, 56])
2026-02-13 04:01:58,294 - INFO - Captured activation for layer: layer1.2.conv3, activation shape: torch.Size([32, 256, 56, 56])
2026-02-13 04:01:58,298 - INFO - Captured activation for layer: layer1.2.conv3,                 activation shape: torch.Size([32, 256, 56, 56])
2026-02-13 04:01:58,321 - INFO - Captured activation for layer: layer1.2.conv3, activation shape: torch.Size([32, 256, 56, 56])
2026-02-13 04:01:58,325 - INFO - Captured activation for layer: layer1.2.conv3,                 activation shape: torch.Size([32, 256, 56, 56])
2026-02-13 04:01:58,348 - INFO - Captured activation for layer: layer1.2.conv3, activation shape: torch.Size([32, 256, 56, 56])
2026-02-13 04:01:58,352 - INFO - Captured activation for layer: layer1.2.conv3,                 activation shape: torch.Size([32, 256, 56, 56])
2026-02-13 04:01:58,375 - INFO - Captured activation for layer: layer1.2.conv3, activation shape: torch.Size([32, 256, 56, 56])
2026-02-13 04:01:58,379 - INFO - Captured activation for layer: layer1.2.conv3,                 activation shape: torch.Size([32, 256, 56, 56])
2026-02-13 04:01:58,402 - INFO - Captured activation for layer: layer1.2.conv3, activation shape: torch.Size([32, 256, 56, 56])
2026-02-13 04:01:58,406 - INFO - Captured activation for layer: layer1.2.conv3,                 activation shape: torch.Size([32, 256, 56, 56])
2026-02-13 04:01:58,429 - INFO - Captured activation for layer: layer1.2.conv3, activation shape: torch.Size([32, 256, 56, 56])
2026-02-13 04:01:58,433 - INFO - Captured activation for layer: layer1.2.conv3,                 activation shape: torch.Size([32, 256, 56, 56])
2026-02-13 04:01:58,458 - INFO - Captured activation for layer: layer1.2.conv3, activation shape: torch.Size([32, 256, 56, 56])
2026-02-13 04:01:58,460 - INFO - Captured activation for layer: layer1.2.conv3,                 activation shape: torch.Size([32, 256, 56, 56])
2026-02-13 04:01:58,485 - INFO - Captured activation for layer: layer1.2.conv3, activation shape: torch.Size([32, 256, 56, 56])
2026-02-13 04:01:58,487 - INFO - Captured activation for layer: layer1.2.conv3,                 activation shape: torch.Size([32, 256, 56, 56])
2026-02-13 04:01:58,500 - INFO - Captured activation for layer: layer1.2.conv3, activation shape: torch.Size([32, 256, 56, 56])
2026-02-13 04:01:58,501 - INFO - Captured activation for layer: layer1.2.conv3,                 activation shape: torch.Size([32, 256, 56, 56])
2026-02-13 04:01:58,512 - INFO - Captured activation for layer: layer1.2.conv3, activation shape: torch.Size([32, 256, 56, 56])
2026-02-13 04:01:58,514 - INFO - Captured activation for layer: layer1.2.conv3,                 activation shape: torch.Size([32, 256, 56, 56])
2026-02-13 04:01:58,524 - INFO - Captured activation for layer: layer1.2.conv3, activation shape: torch.Size([32, 256, 56, 56])
2026-02-13 04:01:58,526 - INFO - Captured activation for layer: layer1.2.conv3,                 activation shape: torch.Size([32, 256, 56, 56])
2026-02-13 04:01:58,537 - INFO - Captured activation for layer: layer1.2.conv3, activation shape: torch.Size([32, 256, 56, 56])
2026-02-13 04:01:58,538 - INFO - Captured activation for layer: layer1.2.conv3,                 activation shape: torch.Size([32, 256, 56, 56])
2026-02-13 04:01:58,549 - INFO - Captured activation for layer: layer1.2.conv3, activation shape: torch.Size([32, 256, 56, 56])
2026-02-13 04:01:58,550 - INFO - Captured activation for layer: layer1.2.conv3,                 activation shape: torch.Size([32, 256, 56, 56])
2026-02-13 04:01:58,561 - INFO - Captured activation for layer: layer1.2.conv3, activation shape: torch.Size([32, 256, 56, 56])
2026-02-13 04:01:58,563 - INFO - Captured activation for layer: layer1.2.conv3,                 activation shape: torch.Size([32, 256, 56, 56])
2026-02-13 04:01:58,573 - INFO - Captured activation for layer: layer1.2.conv3, activation shape: torch.Size([32, 256, 56, 56])
2026-02-13 04:01:58,575 - INFO - Captured activation for layer: layer1.2.conv3,                 activation shape: torch.Size([32, 256, 56, 56])
2026-02-13 04:01:58,586 - INFO - Captured activation for layer: layer1.2.conv3, activation shape: torch.Size([32, 256, 56, 56])
2026-02-13 04:01:58,587 - INFO - Captured activation for layer: layer1.2.conv3,                 activation shape: torch.Size([32, 256, 56, 56])
2026-02-13 04:01:58,598 - INFO - Captured activation for layer: layer1.2.conv3, activation shape: torch.Size([32, 256, 56, 56])
2026-02-13 04:01:58,600 - INFO - Captured activation for layer: layer1.2.conv3,                 activation shape: torch.Size([32, 256, 56, 56])
2026-02-13 04:01:58,610 - INFO - Captured activation for layer: layer1.2.conv3, activation shape: torch.Size([32, 256, 56, 56])
2026-02-13 04:01:58,612 - INFO - Captured activation for layer: layer1.2.conv3,                 activation shape: torch.Size([32, 256, 56, 56])
2026-02-13 04:01:58,622 - INFO - Captured activation for layer: layer1.2.conv3, activation shape: torch.Size([32, 256, 56, 56])
2026-02-13 04:01:58,624 - INFO - Captured activation for layer: layer1.2.conv3,                 activation shape: torch.Size([32, 256, 56, 56])
2026-02-13 04:01:58,635 - INFO - Captured activation for layer: layer1.2.conv3, activation shape: torch.Size([32, 256, 56, 56])
2026-02-13 04:01:58,636 - INFO - Captured activation for layer: layer1.2.conv3,                 activation shape: torch.Size([32, 256, 56, 56])
2026-02-13 04:01:58,647 - INFO - Captured activation for layer: layer1.2.conv3, activation shape: torch.Size([32, 256, 56, 56])
2026-02-13 04:01:58,649 - INFO - Captured activation for layer: layer1.2.conv3,                 activation shape: torch.Size([32, 256, 56, 56])
2026-02-13 04:01:58,659 - INFO - Captured activation for layer: layer1.2.conv3, activation shape: torch.Size([32, 256, 56, 56])
2026-02-13 04:01:58,661 - INFO - Captured activation for layer: layer1.2.conv3,                 activation shape: torch.Size([32, 256, 56, 56])
2026-02-13 04:01:58,671 - INFO - Captured activation for layer: layer1.2.conv3, activation shape: torch.Size([32, 256, 56, 56])
2026-02-13 04:01:58,673 - INFO - Captured activation for layer: layer1.2.conv3,                 activation shape: torch.Size([32, 256, 56, 56])
2026-02-13 04:01:58,684 - INFO - Captured activation for layer: layer1.2.conv3, activation shape: torch.Size([32, 256, 56, 56])
2026-02-13 04:01:58,685 - INFO - Captured activation for layer: layer1.2.conv3,                 activation shape: torch.Size([32, 256, 56, 56])
2026-02-13 04:01:58,696 - INFO - Captured activation for layer: layer1.2.conv3, activation shape: torch.Size([32, 256, 56, 56])
2026-02-13 04:01:58,698 - INFO - Captured activation for layer: layer1.2.conv3,                 activation shape: torch.Size([32, 256, 56, 56])
2026-02-13 04:01:58,708 - INFO - Captured activation for layer: layer1.2.conv3, activation shape: torch.Size([32, 256, 56, 56])
2026-02-13 04:01:58,710 - INFO - Captured activation for layer: layer1.2.conv3,                 activation shape: torch.Size([32, 256, 56, 56])
2026-02-13 04:01:58,720 - INFO - Captured activation for layer: layer1.2.conv3, activation shape: torch.Size([32, 256, 56, 56])
2026-02-13 04:01:58,722 - INFO - Captured activation for layer: layer1.2.conv3,                 activation shape: torch.Size([32, 256, 56, 56])
2026-02-13 04:01:58,733 - INFO - Captured activation for layer: layer1.2.conv3, activation shape: torch.Size([32, 256, 56, 56])
2026-02-13 04:01:58,734 - INFO - Captured activation for layer: layer1.2.conv3,                 activation shape: torch.Size([32, 256, 56, 56])
2026-02-13 04:01:58,745 - INFO - Captured activation for layer: layer1.2.conv3, activation shape: torch.Size([32, 256, 56, 56])
2026-02-13 04:01:58,746 - INFO - Captured activation for layer: layer1.2.conv3,                 activation shape: torch.Size([32, 256, 56, 56])
2026-02-13 04:01:58,757 - INFO - Captured activation for layer: layer1.2.conv3, activation shape: torch.Size([32, 256, 56, 56])
2026-02-13 04:01:58,759 - INFO - Captured activation for layer: layer1.2.conv3,                 activation shape: torch.Size([32, 256, 56, 56])
2026-02-13 04:01:58,769 - INFO - Captured activation for layer: layer1.2.conv3, activation shape: torch.Size([32, 256, 56, 56])
2026-02-13 04:01:58,771 - INFO - Captured activation for layer: layer1.2.conv3,                 activation shape: torch.Size([32, 256, 56, 56])
2026-02-13 04:01:58,782 - INFO - Captured activation for layer: layer1.2.conv3, activation shape: torch.Size([32, 256, 56, 56])
2026-02-13 04:01:58,783 - INFO - Captured activation for layer: layer1.2.conv3,                 activation shape: torch.Size([32, 256, 56, 56])
2026-02-13 04:01:58,794 - INFO - Captured activation for layer: layer1.2.conv3, activation shape: torch.Size([32, 256, 56, 56])
2026-02-13 04:01:58,795 - INFO - Captured activation for layer: layer1.2.conv3,                 activation shape: torch.Size([32, 256, 56, 56])
2026-02-13 04:01:58,806 - INFO - Captured activation for layer: layer1.2.conv3, activation shape: torch.Size([32, 256, 56, 56])
2026-02-13 04:01:58,808 - INFO - Captured activation for layer: layer1.2.conv3,                 activation shape: torch.Size([32, 256, 56, 56])
2026-02-13 04:01:58,818 - INFO - Captured activation for layer: layer1.2.conv3, activation shape: torch.Size([32, 256, 56, 56])
2026-02-13 04:01:58,820 - INFO - Captured activation for layer: layer1.2.conv3,                 activation shape: torch.Size([32, 256, 56, 56])
2026-02-13 04:01:58,831 - INFO - Captured activation for layer: layer1.2.conv3, activation shape: torch.Size([32, 256, 56, 56])
2026-02-13 04:01:58,831 - INFO - Stacked activations shape for layer layer1.2.conv3: torch.Size([2112, 256, 56, 56])
2026-02-13 04:01:58,835 - INFO - Added Gaussian noise with std: 0.001
2026-02-13 04:01:58,989 - INFO - Perturbed activation  values: tensor([ 0.0042,  0.0023,  0.0065,  ..., -0.0345, -0.0909, -0.0660],
       device='cuda:0')
2026-02-13 04:01:58,999 - INFO - Standard deviation of activations for layer layer1.2.conv3: 0.0219
2026-02-13 04:01:58,999 - INFO - Checking normality of activations for layer layer1.2.conv3 using Shapiro-Wilk test.
2026-02-13 04:02:53,659 - INFO - Shapiro-Wilk test: statistic=0.8542, p-value=9.0090e-56
2026-02-13 04:02:53,659 - INFO - Normally distributed: False
2026-02-13 04:02:53,660 - INFO - Perturbed activation shape: torch.Size([2112, 256, 56, 56]), Std activation shape: torch.Size([1, 256, 56, 56])
2026-02-13 04:02:53,670 - INFO - Std activation sample values: tensor([0.0040, 0.0022, 0.0023, 0.0025, 0.0024], device='cuda:0')
2026-02-13 04:02:53,686 - INFO - Target layer found: layer3.0.conv1
2026-02-13 04:02:53,688 - INFO - Captured activation for layer: layer3.0.conv1,                 activation shape: torch.Size([32, 256, 28, 28])
2026-02-13 04:02:53,689 - INFO - Captured activation for layer: layer3.0.conv1, activation shape: torch.Size([32, 256, 28, 28])
2026-02-13 04:02:53,690 - INFO - Captured activation for layer: layer3.0.conv1,                 activation shape: torch.Size([32, 256, 28, 28])
2026-02-13 04:02:53,691 - INFO - Captured activation for layer: layer3.0.conv1, activation shape: torch.Size([32, 256, 28, 28])
2026-02-13 04:02:53,692 - INFO - Captured activation for layer: layer3.0.conv1,                 activation shape: torch.Size([32, 256, 28, 28])
2026-02-13 04:02:53,693 - INFO - Captured activation for layer: layer3.0.conv1, activation shape: torch.Size([32, 256, 28, 28])
2026-02-13 04:02:53,694 - INFO - Captured activation for layer: layer3.0.conv1,                 activation shape: torch.Size([32, 256, 28, 28])
2026-02-13 04:02:53,695 - INFO - Captured activation for layer: layer3.0.conv1, activation shape: torch.Size([32, 256, 28, 28])
2026-02-13 04:02:53,696 - INFO - Captured activation for layer: layer3.0.conv1,                 activation shape: torch.Size([32, 256, 28, 28])
2026-02-13 04:02:53,697 - INFO - Captured activation for layer: layer3.0.conv1, activation shape: torch.Size([32, 256, 28, 28])
2026-02-13 04:02:53,698 - INFO - Captured activation for layer: layer3.0.conv1,                 activation shape: torch.Size([32, 256, 28, 28])
2026-02-13 04:02:53,706 - INFO - Captured activation for layer: layer3.0.conv1, activation shape: torch.Size([32, 256, 28, 28])
2026-02-13 04:02:53,709 - INFO - Captured activation for layer: layer3.0.conv1,                 activation shape: torch.Size([32, 256, 28, 28])
2026-02-13 04:02:53,718 - INFO - Captured activation for layer: layer3.0.conv1, activation shape: torch.Size([32, 256, 28, 28])
2026-02-13 04:02:53,721 - INFO - Captured activation for layer: layer3.0.conv1,                 activation shape: torch.Size([32, 256, 28, 28])
2026-02-13 04:02:53,729 - INFO - Captured activation for layer: layer3.0.conv1, activation shape: torch.Size([32, 256, 28, 28])
2026-02-13 04:02:53,733 - INFO - Captured activation for layer: layer3.0.conv1,                 activation shape: torch.Size([32, 256, 28, 28])
2026-02-13 04:02:53,741 - INFO - Captured activation for layer: layer3.0.conv1, activation shape: torch.Size([32, 256, 28, 28])
2026-02-13 04:02:53,744 - INFO - Captured activation for layer: layer3.0.conv1,                 activation shape: torch.Size([32, 256, 28, 28])
2026-02-13 04:02:53,753 - INFO - Captured activation for layer: layer3.0.conv1, activation shape: torch.Size([32, 256, 28, 28])
2026-02-13 04:02:53,756 - INFO - Captured activation for layer: layer3.0.conv1,                 activation shape: torch.Size([32, 256, 28, 28])
2026-02-13 04:02:53,765 - INFO - Captured activation for layer: layer3.0.conv1, activation shape: torch.Size([32, 256, 28, 28])
2026-02-13 04:02:53,768 - INFO - Captured activation for layer: layer3.0.conv1,                 activation shape: torch.Size([32, 256, 28, 28])
2026-02-13 04:02:53,777 - INFO - Captured activation for layer: layer3.0.conv1, activation shape: torch.Size([32, 256, 28, 28])
2026-02-13 04:02:53,780 - INFO - Captured activation for layer: layer3.0.conv1,                 activation shape: torch.Size([32, 256, 28, 28])
2026-02-13 04:02:53,789 - INFO - Captured activation for layer: layer3.0.conv1, activation shape: torch.Size([32, 256, 28, 28])
2026-02-13 04:02:53,792 - INFO - Captured activation for layer: layer3.0.conv1,                 activation shape: torch.Size([32, 256, 28, 28])
2026-02-13 04:02:53,801 - INFO - Captured activation for layer: layer3.0.conv1, activation shape: torch.Size([32, 256, 28, 28])
2026-02-13 04:02:53,804 - INFO - Captured activation for layer: layer3.0.conv1,                 activation shape: torch.Size([32, 256, 28, 28])
2026-02-13 04:02:53,813 - INFO - Captured activation for layer: layer3.0.conv1, activation shape: torch.Size([32, 256, 28, 28])
2026-02-13 04:02:53,816 - INFO - Captured activation for layer: layer3.0.conv1,                 activation shape: torch.Size([32, 256, 28, 28])
2026-02-13 04:02:53,825 - INFO - Captured activation for layer: layer3.0.conv1, activation shape: torch.Size([32, 256, 28, 28])
2026-02-13 04:02:53,828 - INFO - Captured activation for layer: layer3.0.conv1,                 activation shape: torch.Size([32, 256, 28, 28])
2026-02-13 04:02:53,837 - INFO - Captured activation for layer: layer3.0.conv1, activation shape: torch.Size([32, 256, 28, 28])
2026-02-13 04:02:53,840 - INFO - Captured activation for layer: layer3.0.conv1,                 activation shape: torch.Size([32, 256, 28, 28])
2026-02-13 04:02:53,849 - INFO - Captured activation for layer: layer3.0.conv1, activation shape: torch.Size([32, 256, 28, 28])
2026-02-13 04:02:53,852 - INFO - Captured activation for layer: layer3.0.conv1,                 activation shape: torch.Size([32, 256, 28, 28])
2026-02-13 04:02:53,861 - INFO - Captured activation for layer: layer3.0.conv1, activation shape: torch.Size([32, 256, 28, 28])
2026-02-13 04:02:53,864 - INFO - Captured activation for layer: layer3.0.conv1,                 activation shape: torch.Size([32, 256, 28, 28])
2026-02-13 04:02:53,873 - INFO - Captured activation for layer: layer3.0.conv1, activation shape: torch.Size([32, 256, 28, 28])
2026-02-13 04:02:53,876 - INFO - Captured activation for layer: layer3.0.conv1,                 activation shape: torch.Size([32, 256, 28, 28])
2026-02-13 04:02:53,885 - INFO - Captured activation for layer: layer3.0.conv1, activation shape: torch.Size([32, 256, 28, 28])
2026-02-13 04:02:53,888 - INFO - Captured activation for layer: layer3.0.conv1,                 activation shape: torch.Size([32, 256, 28, 28])
2026-02-13 04:02:53,897 - INFO - Captured activation for layer: layer3.0.conv1, activation shape: torch.Size([32, 256, 28, 28])
2026-02-13 04:02:53,900 - INFO - Captured activation for layer: layer3.0.conv1,                 activation shape: torch.Size([32, 256, 28, 28])
2026-02-13 04:02:53,909 - INFO - Captured activation for layer: layer3.0.conv1, activation shape: torch.Size([32, 256, 28, 28])
2026-02-13 04:02:53,912 - INFO - Captured activation for layer: layer3.0.conv1,                 activation shape: torch.Size([32, 256, 28, 28])
2026-02-13 04:02:53,921 - INFO - Captured activation for layer: layer3.0.conv1, activation shape: torch.Size([32, 256, 28, 28])
2026-02-13 04:02:53,924 - INFO - Captured activation for layer: layer3.0.conv1,                 activation shape: torch.Size([32, 256, 28, 28])
2026-02-13 04:02:53,933 - INFO - Captured activation for layer: layer3.0.conv1, activation shape: torch.Size([32, 256, 28, 28])
2026-02-13 04:02:53,936 - INFO - Captured activation for layer: layer3.0.conv1,                 activation shape: torch.Size([32, 256, 28, 28])
2026-02-13 04:02:53,945 - INFO - Captured activation for layer: layer3.0.conv1, activation shape: torch.Size([32, 256, 28, 28])
2026-02-13 04:02:53,948 - INFO - Captured activation for layer: layer3.0.conv1,                 activation shape: torch.Size([32, 256, 28, 28])
2026-02-13 04:02:53,957 - INFO - Captured activation for layer: layer3.0.conv1, activation shape: torch.Size([32, 256, 28, 28])
2026-02-13 04:02:53,960 - INFO - Captured activation for layer: layer3.0.conv1,                 activation shape: torch.Size([32, 256, 28, 28])
2026-02-13 04:02:53,969 - INFO - Captured activation for layer: layer3.0.conv1, activation shape: torch.Size([32, 256, 28, 28])
2026-02-13 04:02:53,972 - INFO - Captured activation for layer: layer3.0.conv1,                 activation shape: torch.Size([32, 256, 28, 28])
2026-02-13 04:02:53,981 - INFO - Captured activation for layer: layer3.0.conv1, activation shape: torch.Size([32, 256, 28, 28])
2026-02-13 04:02:53,984 - INFO - Captured activation for layer: layer3.0.conv1,                 activation shape: torch.Size([32, 256, 28, 28])
2026-02-13 04:02:53,993 - INFO - Captured activation for layer: layer3.0.conv1, activation shape: torch.Size([32, 256, 28, 28])
2026-02-13 04:02:53,996 - INFO - Captured activation for layer: layer3.0.conv1,                 activation shape: torch.Size([32, 256, 28, 28])
2026-02-13 04:02:54,005 - INFO - Captured activation for layer: layer3.0.conv1, activation shape: torch.Size([32, 256, 28, 28])
2026-02-13 04:02:54,008 - INFO - Captured activation for layer: layer3.0.conv1,                 activation shape: torch.Size([32, 256, 28, 28])
2026-02-13 04:02:54,017 - INFO - Captured activation for layer: layer3.0.conv1, activation shape: torch.Size([32, 256, 28, 28])
2026-02-13 04:02:54,020 - INFO - Captured activation for layer: layer3.0.conv1,                 activation shape: torch.Size([32, 256, 28, 28])
2026-02-13 04:02:54,029 - INFO - Captured activation for layer: layer3.0.conv1, activation shape: torch.Size([32, 256, 28, 28])
2026-02-13 04:02:54,032 - INFO - Captured activation for layer: layer3.0.conv1,                 activation shape: torch.Size([32, 256, 28, 28])
2026-02-13 04:02:54,041 - INFO - Captured activation for layer: layer3.0.conv1, activation shape: torch.Size([32, 256, 28, 28])
2026-02-13 04:02:54,044 - INFO - Captured activation for layer: layer3.0.conv1,                 activation shape: torch.Size([32, 256, 28, 28])
2026-02-13 04:02:54,052 - INFO - Captured activation for layer: layer3.0.conv1, activation shape: torch.Size([32, 256, 28, 28])
2026-02-13 04:02:54,055 - INFO - Captured activation for layer: layer3.0.conv1,                 activation shape: torch.Size([32, 256, 28, 28])
2026-02-13 04:02:54,064 - INFO - Captured activation for layer: layer3.0.conv1, activation shape: torch.Size([32, 256, 28, 28])
2026-02-13 04:02:54,067 - INFO - Captured activation for layer: layer3.0.conv1,                 activation shape: torch.Size([32, 256, 28, 28])
2026-02-13 04:02:54,076 - INFO - Captured activation for layer: layer3.0.conv1, activation shape: torch.Size([32, 256, 28, 28])
2026-02-13 04:02:54,079 - INFO - Captured activation for layer: layer3.0.conv1,                 activation shape: torch.Size([32, 256, 28, 28])
2026-02-13 04:02:54,088 - INFO - Captured activation for layer: layer3.0.conv1, activation shape: torch.Size([32, 256, 28, 28])
2026-02-13 04:02:54,091 - INFO - Captured activation for layer: layer3.0.conv1,                 activation shape: torch.Size([32, 256, 28, 28])
2026-02-13 04:02:54,100 - INFO - Captured activation for layer: layer3.0.conv1, activation shape: torch.Size([32, 256, 28, 28])
2026-02-13 04:02:54,103 - INFO - Captured activation for layer: layer3.0.conv1,                 activation shape: torch.Size([32, 256, 28, 28])
2026-02-13 04:02:54,112 - INFO - Captured activation for layer: layer3.0.conv1, activation shape: torch.Size([32, 256, 28, 28])
2026-02-13 04:02:54,115 - INFO - Captured activation for layer: layer3.0.conv1,                 activation shape: torch.Size([32, 256, 28, 28])
2026-02-13 04:02:54,124 - INFO - Captured activation for layer: layer3.0.conv1, activation shape: torch.Size([32, 256, 28, 28])
2026-02-13 04:02:54,127 - INFO - Captured activation for layer: layer3.0.conv1,                 activation shape: torch.Size([32, 256, 28, 28])
2026-02-13 04:02:54,136 - INFO - Captured activation for layer: layer3.0.conv1, activation shape: torch.Size([32, 256, 28, 28])
2026-02-13 04:02:54,139 - INFO - Captured activation for layer: layer3.0.conv1,                 activation shape: torch.Size([32, 256, 28, 28])
2026-02-13 04:02:54,148 - INFO - Captured activation for layer: layer3.0.conv1, activation shape: torch.Size([32, 256, 28, 28])
2026-02-13 04:02:54,151 - INFO - Captured activation for layer: layer3.0.conv1,                 activation shape: torch.Size([32, 256, 28, 28])
2026-02-13 04:02:54,160 - INFO - Captured activation for layer: layer3.0.conv1, activation shape: torch.Size([32, 256, 28, 28])
2026-02-13 04:02:54,163 - INFO - Captured activation for layer: layer3.0.conv1,                 activation shape: torch.Size([32, 256, 28, 28])
2026-02-13 04:02:54,172 - INFO - Captured activation for layer: layer3.0.conv1, activation shape: torch.Size([32, 256, 28, 28])
2026-02-13 04:02:54,175 - INFO - Captured activation for layer: layer3.0.conv1,                 activation shape: torch.Size([32, 256, 28, 28])
2026-02-13 04:02:54,184 - INFO - Captured activation for layer: layer3.0.conv1, activation shape: torch.Size([32, 256, 28, 28])
2026-02-13 04:02:54,187 - INFO - Captured activation for layer: layer3.0.conv1,                 activation shape: torch.Size([32, 256, 28, 28])
2026-02-13 04:02:54,196 - INFO - Captured activation for layer: layer3.0.conv1, activation shape: torch.Size([32, 256, 28, 28])
2026-02-13 04:02:54,199 - INFO - Captured activation for layer: layer3.0.conv1,                 activation shape: torch.Size([32, 256, 28, 28])
2026-02-13 04:02:54,208 - INFO - Captured activation for layer: layer3.0.conv1, activation shape: torch.Size([32, 256, 28, 28])
2026-02-13 04:02:54,211 - INFO - Captured activation for layer: layer3.0.conv1,                 activation shape: torch.Size([32, 256, 28, 28])
2026-02-13 04:02:54,220 - INFO - Captured activation for layer: layer3.0.conv1, activation shape: torch.Size([32, 256, 28, 28])
2026-02-13 04:02:54,223 - INFO - Captured activation for layer: layer3.0.conv1,                 activation shape: torch.Size([32, 256, 28, 28])
2026-02-13 04:02:54,232 - INFO - Captured activation for layer: layer3.0.conv1, activation shape: torch.Size([32, 256, 28, 28])
2026-02-13 04:02:54,235 - INFO - Captured activation for layer: layer3.0.conv1,                 activation shape: torch.Size([32, 256, 28, 28])
2026-02-13 04:02:54,244 - INFO - Captured activation for layer: layer3.0.conv1, activation shape: torch.Size([32, 256, 28, 28])
2026-02-13 04:02:54,247 - INFO - Captured activation for layer: layer3.0.conv1,                 activation shape: torch.Size([32, 256, 28, 28])
2026-02-13 04:02:54,256 - INFO - Captured activation for layer: layer3.0.conv1, activation shape: torch.Size([32, 256, 28, 28])
2026-02-13 04:02:54,259 - INFO - Captured activation for layer: layer3.0.conv1,                 activation shape: torch.Size([32, 256, 28, 28])
2026-02-13 04:02:54,268 - INFO - Captured activation for layer: layer3.0.conv1, activation shape: torch.Size([32, 256, 28, 28])
2026-02-13 04:02:54,271 - INFO - Captured activation for layer: layer3.0.conv1,                 activation shape: torch.Size([32, 256, 28, 28])
2026-02-13 04:02:54,280 - INFO - Captured activation for layer: layer3.0.conv1, activation shape: torch.Size([32, 256, 28, 28])
2026-02-13 04:02:54,283 - INFO - Captured activation for layer: layer3.0.conv1,                 activation shape: torch.Size([32, 256, 28, 28])
2026-02-13 04:02:54,292 - INFO - Captured activation for layer: layer3.0.conv1, activation shape: torch.Size([32, 256, 28, 28])
2026-02-13 04:02:54,295 - INFO - Captured activation for layer: layer3.0.conv1,                 activation shape: torch.Size([32, 256, 28, 28])
2026-02-13 04:02:54,304 - INFO - Captured activation for layer: layer3.0.conv1, activation shape: torch.Size([32, 256, 28, 28])
2026-02-13 04:02:54,307 - INFO - Captured activation for layer: layer3.0.conv1,                 activation shape: torch.Size([32, 256, 28, 28])
2026-02-13 04:02:54,316 - INFO - Captured activation for layer: layer3.0.conv1, activation shape: torch.Size([32, 256, 28, 28])
2026-02-13 04:02:54,319 - INFO - Captured activation for layer: layer3.0.conv1,                 activation shape: torch.Size([32, 256, 28, 28])
2026-02-13 04:02:54,328 - INFO - Captured activation for layer: layer3.0.conv1, activation shape: torch.Size([32, 256, 28, 28])
2026-02-13 04:02:54,331 - INFO - Captured activation for layer: layer3.0.conv1,                 activation shape: torch.Size([32, 256, 28, 28])
2026-02-13 04:02:54,340 - INFO - Captured activation for layer: layer3.0.conv1, activation shape: torch.Size([32, 256, 28, 28])
2026-02-13 04:02:54,343 - INFO - Captured activation for layer: layer3.0.conv1,                 activation shape: torch.Size([32, 256, 28, 28])
2026-02-13 04:02:54,352 - INFO - Captured activation for layer: layer3.0.conv1, activation shape: torch.Size([32, 256, 28, 28])
2026-02-13 04:02:54,355 - INFO - Captured activation for layer: layer3.0.conv1,                 activation shape: torch.Size([32, 256, 28, 28])
2026-02-13 04:02:54,364 - INFO - Captured activation for layer: layer3.0.conv1, activation shape: torch.Size([32, 256, 28, 28])
2026-02-13 04:02:54,367 - INFO - Captured activation for layer: layer3.0.conv1,                 activation shape: torch.Size([32, 256, 28, 28])
2026-02-13 04:02:54,376 - INFO - Captured activation for layer: layer3.0.conv1, activation shape: torch.Size([32, 256, 28, 28])
2026-02-13 04:02:54,379 - INFO - Captured activation for layer: layer3.0.conv1,                 activation shape: torch.Size([32, 256, 28, 28])
2026-02-13 04:02:54,388 - INFO - Captured activation for layer: layer3.0.conv1, activation shape: torch.Size([32, 256, 28, 28])
2026-02-13 04:02:54,391 - INFO - Captured activation for layer: layer3.0.conv1,                 activation shape: torch.Size([32, 256, 28, 28])
2026-02-13 04:02:54,400 - INFO - Captured activation for layer: layer3.0.conv1, activation shape: torch.Size([32, 256, 28, 28])
2026-02-13 04:02:54,403 - INFO - Captured activation for layer: layer3.0.conv1,                 activation shape: torch.Size([32, 256, 28, 28])
2026-02-13 04:02:54,412 - INFO - Captured activation for layer: layer3.0.conv1, activation shape: torch.Size([32, 256, 28, 28])
2026-02-13 04:02:54,415 - INFO - Captured activation for layer: layer3.0.conv1,                 activation shape: torch.Size([32, 256, 28, 28])
2026-02-13 04:02:54,424 - INFO - Captured activation for layer: layer3.0.conv1, activation shape: torch.Size([32, 256, 28, 28])
2026-02-13 04:02:54,424 - INFO - Stacked activations shape for layer layer3.0.conv1: torch.Size([2112, 256, 28, 28])
2026-02-13 04:02:54,424 - INFO - Added Gaussian noise with std: 0.001
2026-02-13 04:02:54,503 - INFO - Perturbed activation  values: tensor([-0.0789, -0.0875, -0.0232,  ..., -0.0915, -0.0283,  0.0634],
       device='cuda:0')
2026-02-13 04:02:54,505 - INFO - Standard deviation of activations for layer layer3.0.conv1: 0.1637
2026-02-13 04:02:54,505 - INFO - Checking normality of activations for layer layer3.0.conv1 using Shapiro-Wilk test.
2026-02-13 04:03:07,753 - INFO - Shapiro-Wilk test: statistic=0.9938, p-value=7.6291e-14
2026-02-13 04:03:07,753 - INFO - Normally distributed: False
2026-02-13 04:03:07,753 - INFO - Perturbed activation shape: torch.Size([2112, 256, 28, 28]), Std activation shape: torch.Size([1, 256, 28, 28])
2026-02-13 04:03:07,756 - INFO - Std activation sample values: tensor([0.1151, 0.1471, 0.1490, 0.1494, 0.1503], device='cuda:0')
2026-02-13 04:03:07,764 - INFO - Applying perturbation for layer: layer1.2.conv3, original output shape: torch.Size([32, 256, 56, 56]), perturbed activation shape: torch.Size([2112, 256, 56, 56])
2026-02-13 04:03:07,765 - INFO - Applying perturbation for layer: layer3.0.conv1, original output shape: torch.Size([32, 256, 28, 28]), perturbed activation shape: torch.Size([2112, 256, 28, 28])
2026-02-13 04:03:07,769 - INFO - Applying perturbation for layer: layer1.2.conv3, original output shape: torch.Size([32, 256, 56, 56]), perturbed activation shape: torch.Size([2112, 256, 56, 56])
2026-02-13 04:03:07,769 - INFO - Applying perturbation for layer: layer3.0.conv1, original output shape: torch.Size([32, 256, 28, 28]), perturbed activation shape: torch.Size([2112, 256, 28, 28])
2026-02-13 04:03:07,773 - INFO - Applying perturbation for layer: layer1.2.conv3, original output shape: torch.Size([32, 256, 56, 56]), perturbed activation shape: torch.Size([2112, 256, 56, 56])
2026-02-13 04:03:07,773 - INFO - Applying perturbation for layer: layer3.0.conv1, original output shape: torch.Size([32, 256, 28, 28]), perturbed activation shape: torch.Size([2112, 256, 28, 28])
2026-02-13 04:03:07,795 - INFO - Applying perturbation for layer: layer1.2.conv3, original output shape: torch.Size([32, 256, 56, 56]), perturbed activation shape: torch.Size([2112, 256, 56, 56])
2026-02-13 04:03:07,796 - INFO - Applying perturbation for layer: layer3.0.conv1, original output shape: torch.Size([32, 256, 28, 28]), perturbed activation shape: torch.Size([2112, 256, 28, 28])
2026-02-13 04:03:07,819 - INFO - Applying perturbation for layer: layer1.2.conv3, original output shape: torch.Size([32, 256, 56, 56]), perturbed activation shape: torch.Size([2112, 256, 56, 56])
2026-02-13 04:03:07,820 - INFO - Applying perturbation for layer: layer3.0.conv1, original output shape: torch.Size([32, 256, 28, 28]), perturbed activation shape: torch.Size([2112, 256, 28, 28])
2026-02-13 04:03:07,843 - INFO - Applying perturbation for layer: layer1.2.conv3, original output shape: torch.Size([32, 256, 56, 56]), perturbed activation shape: torch.Size([2112, 256, 56, 56])
2026-02-13 04:03:07,844 - INFO - Applying perturbation for layer: layer3.0.conv1, original output shape: torch.Size([32, 256, 28, 28]), perturbed activation shape: torch.Size([2112, 256, 28, 28])
2026-02-13 04:03:07,867 - INFO - Applying perturbation for layer: layer1.2.conv3, original output shape: torch.Size([32, 256, 56, 56]), perturbed activation shape: torch.Size([2112, 256, 56, 56])
2026-02-13 04:03:07,868 - INFO - Applying perturbation for layer: layer3.0.conv1, original output shape: torch.Size([32, 256, 28, 28]), perturbed activation shape: torch.Size([2112, 256, 28, 28])
2026-02-13 04:03:07,900 - INFO - Applying perturbation for layer: layer1.2.conv3, original output shape: torch.Size([32, 256, 56, 56]), perturbed activation shape: torch.Size([2112, 256, 56, 56])
2026-02-13 04:03:07,903 - INFO - Applying perturbation for layer: layer3.0.conv1, original output shape: torch.Size([32, 256, 28, 28]), perturbed activation shape: torch.Size([2112, 256, 28, 28])
2026-02-13 04:03:07,952 - INFO - Applying perturbation for layer: layer1.2.conv3, original output shape: torch.Size([32, 256, 56, 56]), perturbed activation shape: torch.Size([2112, 256, 56, 56])
2026-02-13 04:03:07,956 - INFO - Applying perturbation for layer: layer3.0.conv1, original output shape: torch.Size([32, 256, 28, 28]), perturbed activation shape: torch.Size([2112, 256, 28, 28])
2026-02-13 04:03:08,005 - INFO - Applying perturbation for layer: layer1.2.conv3, original output shape: torch.Size([32, 256, 56, 56]), perturbed activation shape: torch.Size([2112, 256, 56, 56])
2026-02-13 04:03:08,009 - INFO - Applying perturbation for layer: layer3.0.conv1, original output shape: torch.Size([32, 256, 28, 28]), perturbed activation shape: torch.Size([2112, 256, 28, 28])
2026-02-13 04:03:08,053 - INFO - Applying perturbation for layer: layer1.2.conv3, original output shape: torch.Size([32, 256, 56, 56]), perturbed activation shape: torch.Size([2112, 256, 56, 56])
2026-02-13 04:03:08,055 - INFO - Applying perturbation for layer: layer3.0.conv1, original output shape: torch.Size([32, 256, 28, 28]), perturbed activation shape: torch.Size([2112, 256, 28, 28])
2026-02-13 04:03:08,079 - INFO - Applying perturbation for layer: layer1.2.conv3, original output shape: torch.Size([32, 256, 56, 56]), perturbed activation shape: torch.Size([2112, 256, 56, 56])
2026-02-13 04:03:08,080 - INFO - Applying perturbation for layer: layer3.0.conv1, original output shape: torch.Size([32, 256, 28, 28]), perturbed activation shape: torch.Size([2112, 256, 28, 28])
2026-02-13 04:03:08,103 - INFO - Applying perturbation for layer: layer1.2.conv3, original output shape: torch.Size([32, 256, 56, 56]), perturbed activation shape: torch.Size([2112, 256, 56, 56])
2026-02-13 04:03:08,104 - INFO - Applying perturbation for layer: layer3.0.conv1, original output shape: torch.Size([32, 256, 28, 28]), perturbed activation shape: torch.Size([2112, 256, 28, 28])
2026-02-13 04:03:08,127 - INFO - Applying perturbation for layer: layer1.2.conv3, original output shape: torch.Size([32, 256, 56, 56]), perturbed activation shape: torch.Size([2112, 256, 56, 56])
2026-02-13 04:03:08,128 - INFO - Applying perturbation for layer: layer3.0.conv1, original output shape: torch.Size([32, 256, 28, 28]), perturbed activation shape: torch.Size([2112, 256, 28, 28])
2026-02-13 04:03:08,151 - INFO - Applying perturbation for layer: layer1.2.conv3, original output shape: torch.Size([32, 256, 56, 56]), perturbed activation shape: torch.Size([2112, 256, 56, 56])
2026-02-13 04:03:08,152 - INFO - Applying perturbation for layer: layer3.0.conv1, original output shape: torch.Size([32, 256, 28, 28]), perturbed activation shape: torch.Size([2112, 256, 28, 28])
2026-02-13 04:03:08,175 - INFO - Applying perturbation for layer: layer1.2.conv3, original output shape: torch.Size([32, 256, 56, 56]), perturbed activation shape: torch.Size([2112, 256, 56, 56])
2026-02-13 04:03:08,177 - INFO - Applying perturbation for layer: layer3.0.conv1, original output shape: torch.Size([32, 256, 28, 28]), perturbed activation shape: torch.Size([2112, 256, 28, 28])
2026-02-13 04:03:08,199 - INFO - Applying perturbation for layer: layer1.2.conv3, original output shape: torch.Size([32, 256, 56, 56]), perturbed activation shape: torch.Size([2112, 256, 56, 56])
2026-02-13 04:03:08,201 - INFO - Applying perturbation for layer: layer3.0.conv1, original output shape: torch.Size([32, 256, 28, 28]), perturbed activation shape: torch.Size([2112, 256, 28, 28])
2026-02-13 04:03:08,224 - INFO - Applying perturbation for layer: layer1.2.conv3, original output shape: torch.Size([32, 256, 56, 56]), perturbed activation shape: torch.Size([2112, 256, 56, 56])
2026-02-13 04:03:08,225 - INFO - Applying perturbation for layer: layer3.0.conv1, original output shape: torch.Size([32, 256, 28, 28]), perturbed activation shape: torch.Size([2112, 256, 28, 28])
2026-02-13 04:03:08,248 - INFO - Applying perturbation for layer: layer1.2.conv3, original output shape: torch.Size([32, 256, 56, 56]), perturbed activation shape: torch.Size([2112, 256, 56, 56])
2026-02-13 04:03:08,249 - INFO - Applying perturbation for layer: layer3.0.conv1, original output shape: torch.Size([32, 256, 28, 28]), perturbed activation shape: torch.Size([2112, 256, 28, 28])
2026-02-13 04:03:08,272 - INFO - Applying perturbation for layer: layer1.2.conv3, original output shape: torch.Size([32, 256, 56, 56]), perturbed activation shape: torch.Size([2112, 256, 56, 56])
2026-02-13 04:03:08,273 - INFO - Applying perturbation for layer: layer3.0.conv1, original output shape: torch.Size([32, 256, 28, 28]), perturbed activation shape: torch.Size([2112, 256, 28, 28])
2026-02-13 04:03:08,296 - INFO - Applying perturbation for layer: layer1.2.conv3, original output shape: torch.Size([32, 256, 56, 56]), perturbed activation shape: torch.Size([2112, 256, 56, 56])
2026-02-13 04:03:08,297 - INFO - Applying perturbation for layer: layer3.0.conv1, original output shape: torch.Size([32, 256, 28, 28]), perturbed activation shape: torch.Size([2112, 256, 28, 28])
2026-02-13 04:03:08,320 - INFO - Applying perturbation for layer: layer1.2.conv3, original output shape: torch.Size([32, 256, 56, 56]), perturbed activation shape: torch.Size([2112, 256, 56, 56])
2026-02-13 04:03:08,321 - INFO - Applying perturbation for layer: layer3.0.conv1, original output shape: torch.Size([32, 256, 28, 28]), perturbed activation shape: torch.Size([2112, 256, 28, 28])
2026-02-13 04:03:08,344 - INFO - Applying perturbation for layer: layer1.2.conv3, original output shape: torch.Size([32, 256, 56, 56]), perturbed activation shape: torch.Size([2112, 256, 56, 56])
2026-02-13 04:03:08,346 - INFO - Applying perturbation for layer: layer3.0.conv1, original output shape: torch.Size([32, 256, 28, 28]), perturbed activation shape: torch.Size([2112, 256, 28, 28])
2026-02-13 04:03:08,368 - INFO - Applying perturbation for layer: layer1.2.conv3, original output shape: torch.Size([32, 256, 56, 56]), perturbed activation shape: torch.Size([2112, 256, 56, 56])
2026-02-13 04:03:08,370 - INFO - Applying perturbation for layer: layer3.0.conv1, original output shape: torch.Size([32, 256, 28, 28]), perturbed activation shape: torch.Size([2112, 256, 28, 28])
2026-02-13 04:03:08,393 - INFO - Applying perturbation for layer: layer1.2.conv3, original output shape: torch.Size([32, 256, 56, 56]), perturbed activation shape: torch.Size([2112, 256, 56, 56])
2026-02-13 04:03:08,394 - INFO - Applying perturbation for layer: layer3.0.conv1, original output shape: torch.Size([32, 256, 28, 28]), perturbed activation shape: torch.Size([2112, 256, 28, 28])
2026-02-13 04:03:08,417 - INFO - Applying perturbation for layer: layer1.2.conv3, original output shape: torch.Size([32, 256, 56, 56]), perturbed activation shape: torch.Size([2112, 256, 56, 56])
2026-02-13 04:03:08,418 - INFO - Applying perturbation for layer: layer3.0.conv1, original output shape: torch.Size([32, 256, 28, 28]), perturbed activation shape: torch.Size([2112, 256, 28, 28])
2026-02-13 04:03:08,441 - INFO - Applying perturbation for layer: layer1.2.conv3, original output shape: torch.Size([32, 256, 56, 56]), perturbed activation shape: torch.Size([2112, 256, 56, 56])
2026-02-13 04:03:08,442 - INFO - Applying perturbation for layer: layer3.0.conv1, original output shape: torch.Size([32, 256, 28, 28]), perturbed activation shape: torch.Size([2112, 256, 28, 28])
2026-02-13 04:03:08,465 - INFO - Applying perturbation for layer: layer1.2.conv3, original output shape: torch.Size([32, 256, 56, 56]), perturbed activation shape: torch.Size([2112, 256, 56, 56])
2026-02-13 04:03:08,466 - INFO - Applying perturbation for layer: layer3.0.conv1, original output shape: torch.Size([32, 256, 28, 28]), perturbed activation shape: torch.Size([2112, 256, 28, 28])
2026-02-13 04:03:08,489 - INFO - Applying perturbation for layer: layer1.2.conv3, original output shape: torch.Size([32, 256, 56, 56]), perturbed activation shape: torch.Size([2112, 256, 56, 56])
2026-02-13 04:03:08,490 - INFO - Applying perturbation for layer: layer3.0.conv1, original output shape: torch.Size([32, 256, 28, 28]), perturbed activation shape: torch.Size([2112, 256, 28, 28])
2026-02-13 04:03:08,513 - INFO - Applying perturbation for layer: layer1.2.conv3, original output shape: torch.Size([32, 256, 56, 56]), perturbed activation shape: torch.Size([2112, 256, 56, 56])
2026-02-13 04:03:08,514 - INFO - Applying perturbation for layer: layer3.0.conv1, original output shape: torch.Size([32, 256, 28, 28]), perturbed activation shape: torch.Size([2112, 256, 28, 28])
2026-02-13 04:03:08,537 - INFO - Applying perturbation for layer: layer1.2.conv3, original output shape: torch.Size([32, 256, 56, 56]), perturbed activation shape: torch.Size([2112, 256, 56, 56])
2026-02-13 04:03:08,539 - INFO - Applying perturbation for layer: layer3.0.conv1, original output shape: torch.Size([32, 256, 28, 28]), perturbed activation shape: torch.Size([2112, 256, 28, 28])
2026-02-13 04:03:08,562 - INFO - Applying perturbation for layer: layer1.2.conv3, original output shape: torch.Size([32, 256, 56, 56]), perturbed activation shape: torch.Size([2112, 256, 56, 56])
2026-02-13 04:03:08,563 - INFO - Applying perturbation for layer: layer3.0.conv1, original output shape: torch.Size([32, 256, 28, 28]), perturbed activation shape: torch.Size([2112, 256, 28, 28])
2026-02-13 04:03:08,586 - INFO - Applying perturbation for layer: layer1.2.conv3, original output shape: torch.Size([32, 256, 56, 56]), perturbed activation shape: torch.Size([2112, 256, 56, 56])
2026-02-13 04:03:08,587 - INFO - Applying perturbation for layer: layer3.0.conv1, original output shape: torch.Size([32, 256, 28, 28]), perturbed activation shape: torch.Size([2112, 256, 28, 28])
2026-02-13 04:03:08,610 - INFO - Applying perturbation for layer: layer1.2.conv3, original output shape: torch.Size([32, 256, 56, 56]), perturbed activation shape: torch.Size([2112, 256, 56, 56])
2026-02-13 04:03:08,611 - INFO - Applying perturbation for layer: layer3.0.conv1, original output shape: torch.Size([32, 256, 28, 28]), perturbed activation shape: torch.Size([2112, 256, 28, 28])
2026-02-13 04:03:08,634 - INFO - Applying perturbation for layer: layer1.2.conv3, original output shape: torch.Size([32, 256, 56, 56]), perturbed activation shape: torch.Size([2112, 256, 56, 56])
2026-02-13 04:03:08,635 - INFO - Applying perturbation for layer: layer3.0.conv1, original output shape: torch.Size([32, 256, 28, 28]), perturbed activation shape: torch.Size([2112, 256, 28, 28])
2026-02-13 04:03:08,658 - INFO - Applying perturbation for layer: layer1.2.conv3, original output shape: torch.Size([32, 256, 56, 56]), perturbed activation shape: torch.Size([2112, 256, 56, 56])
2026-02-13 04:03:08,659 - INFO - Applying perturbation for layer: layer3.0.conv1, original output shape: torch.Size([32, 256, 28, 28]), perturbed activation shape: torch.Size([2112, 256, 28, 28])
2026-02-13 04:03:08,682 - INFO - Applying perturbation for layer: layer1.2.conv3, original output shape: torch.Size([32, 256, 56, 56]), perturbed activation shape: torch.Size([2112, 256, 56, 56])
2026-02-13 04:03:08,684 - INFO - Applying perturbation for layer: layer3.0.conv1, original output shape: torch.Size([32, 256, 28, 28]), perturbed activation shape: torch.Size([2112, 256, 28, 28])
2026-02-13 04:03:08,706 - INFO - Applying perturbation for layer: layer1.2.conv3, original output shape: torch.Size([32, 256, 56, 56]), perturbed activation shape: torch.Size([2112, 256, 56, 56])
2026-02-13 04:03:08,708 - INFO - Applying perturbation for layer: layer3.0.conv1, original output shape: torch.Size([32, 256, 28, 28]), perturbed activation shape: torch.Size([2112, 256, 28, 28])
2026-02-13 04:03:08,731 - INFO - Applying perturbation for layer: layer1.2.conv3, original output shape: torch.Size([32, 256, 56, 56]), perturbed activation shape: torch.Size([2112, 256, 56, 56])
2026-02-13 04:03:08,732 - INFO - Applying perturbation for layer: layer3.0.conv1, original output shape: torch.Size([32, 256, 28, 28]), perturbed activation shape: torch.Size([2112, 256, 28, 28])
2026-02-13 04:03:08,755 - INFO - Applying perturbation for layer: layer1.2.conv3, original output shape: torch.Size([32, 256, 56, 56]), perturbed activation shape: torch.Size([2112, 256, 56, 56])
2026-02-13 04:03:08,756 - INFO - Applying perturbation for layer: layer3.0.conv1, original output shape: torch.Size([32, 256, 28, 28]), perturbed activation shape: torch.Size([2112, 256, 28, 28])
2026-02-13 04:03:08,779 - INFO - Applying perturbation for layer: layer1.2.conv3, original output shape: torch.Size([32, 256, 56, 56]), perturbed activation shape: torch.Size([2112, 256, 56, 56])
2026-02-13 04:03:08,780 - INFO - Applying perturbation for layer: layer3.0.conv1, original output shape: torch.Size([32, 256, 28, 28]), perturbed activation shape: torch.Size([2112, 256, 28, 28])
2026-02-13 04:03:08,803 - INFO - Applying perturbation for layer: layer1.2.conv3, original output shape: torch.Size([32, 256, 56, 56]), perturbed activation shape: torch.Size([2112, 256, 56, 56])
2026-02-13 04:03:08,804 - INFO - Applying perturbation for layer: layer3.0.conv1, original output shape: torch.Size([32, 256, 28, 28]), perturbed activation shape: torch.Size([2112, 256, 28, 28])
2026-02-13 04:03:08,827 - INFO - Applying perturbation for layer: layer1.2.conv3, original output shape: torch.Size([32, 256, 56, 56]), perturbed activation shape: torch.Size([2112, 256, 56, 56])
2026-02-13 04:03:08,828 - INFO - Applying perturbation for layer: layer3.0.conv1, original output shape: torch.Size([32, 256, 28, 28]), perturbed activation shape: torch.Size([2112, 256, 28, 28])
2026-02-13 04:03:08,851 - INFO - Applying perturbation for layer: layer1.2.conv3, original output shape: torch.Size([32, 256, 56, 56]), perturbed activation shape: torch.Size([2112, 256, 56, 56])
2026-02-13 04:03:08,853 - INFO - Applying perturbation for layer: layer3.0.conv1, original output shape: torch.Size([32, 256, 28, 28]), perturbed activation shape: torch.Size([2112, 256, 28, 28])
2026-02-13 04:03:08,875 - INFO - Applying perturbation for layer: layer1.2.conv3, original output shape: torch.Size([32, 256, 56, 56]), perturbed activation shape: torch.Size([2112, 256, 56, 56])
2026-02-13 04:03:08,877 - INFO - Applying perturbation for layer: layer3.0.conv1, original output shape: torch.Size([32, 256, 28, 28]), perturbed activation shape: torch.Size([2112, 256, 28, 28])
2026-02-13 04:03:08,900 - INFO - Applying perturbation for layer: layer1.2.conv3, original output shape: torch.Size([32, 256, 56, 56]), perturbed activation shape: torch.Size([2112, 256, 56, 56])
2026-02-13 04:03:08,901 - INFO - Applying perturbation for layer: layer3.0.conv1, original output shape: torch.Size([32, 256, 28, 28]), perturbed activation shape: torch.Size([2112, 256, 28, 28])
2026-02-13 04:03:08,924 - INFO - Applying perturbation for layer: layer1.2.conv3, original output shape: torch.Size([32, 256, 56, 56]), perturbed activation shape: torch.Size([2112, 256, 56, 56])
2026-02-13 04:03:08,925 - INFO - Applying perturbation for layer: layer3.0.conv1, original output shape: torch.Size([32, 256, 28, 28]), perturbed activation shape: torch.Size([2112, 256, 28, 28])
2026-02-13 04:03:08,948 - INFO - Applying perturbation for layer: layer1.2.conv3, original output shape: torch.Size([32, 256, 56, 56]), perturbed activation shape: torch.Size([2112, 256, 56, 56])
2026-02-13 04:03:08,949 - INFO - Applying perturbation for layer: layer3.0.conv1, original output shape: torch.Size([32, 256, 28, 28]), perturbed activation shape: torch.Size([2112, 256, 28, 28])
2026-02-13 04:03:08,972 - INFO - Applying perturbation for layer: layer1.2.conv3, original output shape: torch.Size([32, 256, 56, 56]), perturbed activation shape: torch.Size([2112, 256, 56, 56])
2026-02-13 04:03:08,973 - INFO - Applying perturbation for layer: layer3.0.conv1, original output shape: torch.Size([32, 256, 28, 28]), perturbed activation shape: torch.Size([2112, 256, 28, 28])
2026-02-13 04:03:08,996 - INFO - Applying perturbation for layer: layer1.2.conv3, original output shape: torch.Size([32, 256, 56, 56]), perturbed activation shape: torch.Size([2112, 256, 56, 56])
2026-02-13 04:03:08,997 - INFO - Applying perturbation for layer: layer3.0.conv1, original output shape: torch.Size([32, 256, 28, 28]), perturbed activation shape: torch.Size([2112, 256, 28, 28])
2026-02-13 04:03:09,020 - INFO - Applying perturbation for layer: layer1.2.conv3, original output shape: torch.Size([32, 256, 56, 56]), perturbed activation shape: torch.Size([2112, 256, 56, 56])
2026-02-13 04:03:09,022 - INFO - Applying perturbation for layer: layer3.0.conv1, original output shape: torch.Size([32, 256, 28, 28]), perturbed activation shape: torch.Size([2112, 256, 28, 28])
2026-02-13 04:03:09,044 - INFO - Applying perturbation for layer: layer1.2.conv3, original output shape: torch.Size([32, 256, 56, 56]), perturbed activation shape: torch.Size([2112, 256, 56, 56])
2026-02-13 04:03:09,046 - INFO - Applying perturbation for layer: layer3.0.conv1, original output shape: torch.Size([32, 256, 28, 28]), perturbed activation shape: torch.Size([2112, 256, 28, 28])
2026-02-13 04:03:09,069 - INFO - Applying perturbation for layer: layer1.2.conv3, original output shape: torch.Size([32, 256, 56, 56]), perturbed activation shape: torch.Size([2112, 256, 56, 56])
2026-02-13 04:03:09,070 - INFO - Applying perturbation for layer: layer3.0.conv1, original output shape: torch.Size([32, 256, 28, 28]), perturbed activation shape: torch.Size([2112, 256, 28, 28])
2026-02-13 04:03:09,093 - INFO - Applying perturbation for layer: layer1.2.conv3, original output shape: torch.Size([32, 256, 56, 56]), perturbed activation shape: torch.Size([2112, 256, 56, 56])
2026-02-13 04:03:09,094 - INFO - Applying perturbation for layer: layer3.0.conv1, original output shape: torch.Size([32, 256, 28, 28]), perturbed activation shape: torch.Size([2112, 256, 28, 28])
2026-02-13 04:03:09,117 - INFO - Applying perturbation for layer: layer1.2.conv3, original output shape: torch.Size([32, 256, 56, 56]), perturbed activation shape: torch.Size([2112, 256, 56, 56])
2026-02-13 04:03:09,118 - INFO - Applying perturbation for layer: layer3.0.conv1, original output shape: torch.Size([32, 256, 28, 28]), perturbed activation shape: torch.Size([2112, 256, 28, 28])
2026-02-13 04:03:09,141 - INFO - Applying perturbation for layer: layer1.2.conv3, original output shape: torch.Size([32, 256, 56, 56]), perturbed activation shape: torch.Size([2112, 256, 56, 56])
2026-02-13 04:03:09,142 - INFO - Applying perturbation for layer: layer3.0.conv1, original output shape: torch.Size([32, 256, 28, 28]), perturbed activation shape: torch.Size([2112, 256, 28, 28])
2026-02-13 04:03:09,165 - INFO - Applying perturbation for layer: layer1.2.conv3, original output shape: torch.Size([32, 256, 56, 56]), perturbed activation shape: torch.Size([2112, 256, 56, 56])
2026-02-13 04:03:09,166 - INFO - Applying perturbation for layer: layer3.0.conv1, original output shape: torch.Size([32, 256, 28, 28]), perturbed activation shape: torch.Size([2112, 256, 28, 28])
2026-02-13 04:03:09,189 - INFO - Applying perturbation for layer: layer1.2.conv3, original output shape: torch.Size([32, 256, 56, 56]), perturbed activation shape: torch.Size([2112, 256, 56, 56])
2026-02-13 04:03:09,191 - INFO - Applying perturbation for layer: layer3.0.conv1, original output shape: torch.Size([32, 256, 28, 28]), perturbed activation shape: torch.Size([2112, 256, 28, 28])
2026-02-13 04:03:09,214 - INFO - Applying perturbation for layer: layer1.2.conv3, original output shape: torch.Size([32, 256, 56, 56]), perturbed activation shape: torch.Size([2112, 256, 56, 56])
2026-02-13 04:03:09,215 - INFO - Applying perturbation for layer: layer3.0.conv1, original output shape: torch.Size([32, 256, 28, 28]), perturbed activation shape: torch.Size([2112, 256, 28, 28])
2026-02-13 04:03:09,238 - INFO - Applying perturbation for layer: layer1.2.conv3, original output shape: torch.Size([32, 256, 56, 56]), perturbed activation shape: torch.Size([2112, 256, 56, 56])
2026-02-13 04:03:09,239 - INFO - Applying perturbation for layer: layer3.0.conv1, original output shape: torch.Size([32, 256, 28, 28]), perturbed activation shape: torch.Size([2112, 256, 28, 28])
2026-02-13 04:03:09,262 - INFO - Applying perturbation for layer: layer1.2.conv3, original output shape: torch.Size([32, 256, 56, 56]), perturbed activation shape: torch.Size([2112, 256, 56, 56])
2026-02-13 04:03:09,263 - INFO - Applying perturbation for layer: layer3.0.conv1, original output shape: torch.Size([32, 256, 28, 28]), perturbed activation shape: torch.Size([2112, 256, 28, 28])
2026-02-13 04:03:09,286 - INFO - Applying perturbation for layer: layer1.2.conv3, original output shape: torch.Size([32, 256, 56, 56]), perturbed activation shape: torch.Size([2112, 256, 56, 56])
2026-02-13 04:03:09,287 - INFO - Applying perturbation for layer: layer3.0.conv1, original output shape: torch.Size([32, 256, 28, 28]), perturbed activation shape: torch.Size([2112, 256, 28, 28])
2026-02-13 04:03:09,310 - INFO - Applying perturbation for layer: layer1.2.conv3, original output shape: torch.Size([32, 256, 56, 56]), perturbed activation shape: torch.Size([2112, 256, 56, 56])
2026-02-13 04:03:09,311 - INFO - Applying perturbation for layer: layer3.0.conv1, original output shape: torch.Size([32, 256, 28, 28]), perturbed activation shape: torch.Size([2112, 256, 28, 28])
2026-02-13 04:03:09,334 - INFO - Applying perturbation for layer: layer1.2.conv3, original output shape: torch.Size([32, 256, 56, 56]), perturbed activation shape: torch.Size([2112, 256, 56, 56])
2026-02-13 04:03:09,336 - INFO - Applying perturbation for layer: layer3.0.conv1, original output shape: torch.Size([32, 256, 28, 28]), perturbed activation shape: torch.Size([2112, 256, 28, 28])
2026-02-13 04:03:09,358 - INFO - Applying perturbation for layer: layer1.2.conv3, original output shape: torch.Size([32, 256, 56, 56]), perturbed activation shape: torch.Size([2112, 256, 56, 56])
2026-02-13 04:03:09,360 - INFO - Applying perturbation for layer: layer3.0.conv1, original output shape: torch.Size([32, 256, 28, 28]), perturbed activation shape: torch.Size([2112, 256, 28, 28])
2026-02-13 04:03:09,383 - INFO - Applying perturbation for layer: layer1.2.conv3, original output shape: torch.Size([32, 256, 56, 56]), perturbed activation shape: torch.Size([2112, 256, 56, 56])
2026-02-13 04:03:09,384 - INFO - Applying perturbation for layer: layer3.0.conv1, original output shape: torch.Size([32, 256, 28, 28]), perturbed activation shape: torch.Size([2112, 256, 28, 28])
2026-02-13 04:03:09,710 - INFO - ================================================================================
2026-02-13 04:03:09,710 - INFO - Target layer found: layer2.3.conv3
2026-02-13 04:03:09,716 - INFO - Captured activation for layer: layer2.3.conv3,                 activation shape: torch.Size([32, 512, 28, 28])
2026-02-13 04:03:09,718 - INFO - Captured activation for layer: layer2.3.conv3, activation shape: torch.Size([32, 512, 28, 28])
2026-02-13 04:03:09,719 - INFO - Captured activation for layer: layer2.3.conv3,                 activation shape: torch.Size([32, 512, 28, 28])
2026-02-13 04:03:09,720 - INFO - Captured activation for layer: layer2.3.conv3, activation shape: torch.Size([32, 512, 28, 28])
2026-02-13 04:03:09,721 - INFO - Captured activation for layer: layer2.3.conv3,                 activation shape: torch.Size([32, 512, 28, 28])
2026-02-13 04:03:09,723 - INFO - Captured activation for layer: layer2.3.conv3, activation shape: torch.Size([32, 512, 28, 28])
2026-02-13 04:03:09,724 - INFO - Captured activation for layer: layer2.3.conv3,                 activation shape: torch.Size([32, 512, 28, 28])
2026-02-13 04:03:09,725 - INFO - Captured activation for layer: layer2.3.conv3, activation shape: torch.Size([32, 512, 28, 28])
2026-02-13 04:03:09,726 - INFO - Captured activation for layer: layer2.3.conv3,                 activation shape: torch.Size([32, 512, 28, 28])
2026-02-13 04:03:09,727 - INFO - Captured activation for layer: layer2.3.conv3, activation shape: torch.Size([32, 512, 28, 28])
2026-02-13 04:03:09,729 - INFO - Captured activation for layer: layer2.3.conv3,                 activation shape: torch.Size([32, 512, 28, 28])
2026-02-13 04:03:09,734 - INFO - Captured activation for layer: layer2.3.conv3, activation shape: torch.Size([32, 512, 28, 28])
2026-02-13 04:03:09,737 - INFO - Captured activation for layer: layer2.3.conv3,                 activation shape: torch.Size([32, 512, 28, 28])
2026-02-13 04:03:09,747 - INFO - Captured activation for layer: layer2.3.conv3, activation shape: torch.Size([32, 512, 28, 28])
2026-02-13 04:03:09,750 - INFO - Captured activation for layer: layer2.3.conv3,                 activation shape: torch.Size([32, 512, 28, 28])
2026-02-13 04:03:09,759 - INFO - Captured activation for layer: layer2.3.conv3, activation shape: torch.Size([32, 512, 28, 28])
2026-02-13 04:03:09,762 - INFO - Captured activation for layer: layer2.3.conv3,                 activation shape: torch.Size([32, 512, 28, 28])
2026-02-13 04:03:09,772 - INFO - Captured activation for layer: layer2.3.conv3, activation shape: torch.Size([32, 512, 28, 28])
2026-02-13 04:03:09,776 - INFO - Captured activation for layer: layer2.3.conv3,                 activation shape: torch.Size([32, 512, 28, 28])
2026-02-13 04:03:09,786 - INFO - Captured activation for layer: layer2.3.conv3, activation shape: torch.Size([32, 512, 28, 28])
2026-02-13 04:03:09,793 - INFO - Captured activation for layer: layer2.3.conv3,                 activation shape: torch.Size([32, 512, 28, 28])
2026-02-13 04:03:09,812 - INFO - Captured activation for layer: layer2.3.conv3, activation shape: torch.Size([32, 512, 28, 28])
2026-02-13 04:03:09,820 - INFO - Captured activation for layer: layer2.3.conv3,                 activation shape: torch.Size([32, 512, 28, 28])
2026-02-13 04:03:09,842 - INFO - Captured activation for layer: layer2.3.conv3, activation shape: torch.Size([32, 512, 28, 28])
2026-02-13 04:03:09,847 - INFO - Captured activation for layer: layer2.3.conv3,                 activation shape: torch.Size([32, 512, 28, 28])
2026-02-13 04:03:09,869 - INFO - Captured activation for layer: layer2.3.conv3, activation shape: torch.Size([32, 512, 28, 28])
2026-02-13 04:03:09,877 - INFO - Captured activation for layer: layer2.3.conv3,                 activation shape: torch.Size([32, 512, 28, 28])
2026-02-13 04:03:09,896 - INFO - Captured activation for layer: layer2.3.conv3, activation shape: torch.Size([32, 512, 28, 28])
2026-02-13 04:03:09,904 - INFO - Captured activation for layer: layer2.3.conv3,                 activation shape: torch.Size([32, 512, 28, 28])
2026-02-13 04:03:09,926 - INFO - Captured activation for layer: layer2.3.conv3, activation shape: torch.Size([32, 512, 28, 28])
2026-02-13 04:03:09,932 - INFO - Captured activation for layer: layer2.3.conv3,                 activation shape: torch.Size([32, 512, 28, 28])
2026-02-13 04:03:09,953 - INFO - Captured activation for layer: layer2.3.conv3, activation shape: torch.Size([32, 512, 28, 28])
2026-02-13 04:03:09,959 - INFO - Captured activation for layer: layer2.3.conv3,                 activation shape: torch.Size([32, 512, 28, 28])
2026-02-13 04:03:09,981 - INFO - Captured activation for layer: layer2.3.conv3, activation shape: torch.Size([32, 512, 28, 28])
2026-02-13 04:03:09,988 - INFO - Captured activation for layer: layer2.3.conv3,                 activation shape: torch.Size([32, 512, 28, 28])
2026-02-13 04:03:10,008 - INFO - Captured activation for layer: layer2.3.conv3, activation shape: torch.Size([32, 512, 28, 28])
2026-02-13 04:03:10,016 - INFO - Captured activation for layer: layer2.3.conv3,                 activation shape: torch.Size([32, 512, 28, 28])
2026-02-13 04:03:10,038 - INFO - Captured activation for layer: layer2.3.conv3, activation shape: torch.Size([32, 512, 28, 28])
2026-02-13 04:03:10,043 - INFO - Captured activation for layer: layer2.3.conv3,                 activation shape: torch.Size([32, 512, 28, 28])
2026-02-13 04:03:10,065 - INFO - Captured activation for layer: layer2.3.conv3, activation shape: torch.Size([32, 512, 28, 28])
2026-02-13 04:03:10,070 - INFO - Captured activation for layer: layer2.3.conv3,                 activation shape: torch.Size([32, 512, 28, 28])
2026-02-13 04:03:10,091 - INFO - Captured activation for layer: layer2.3.conv3, activation shape: torch.Size([32, 512, 28, 28])
2026-02-13 04:03:10,097 - INFO - Captured activation for layer: layer2.3.conv3,                 activation shape: torch.Size([32, 512, 28, 28])
2026-02-13 04:03:10,118 - INFO - Captured activation for layer: layer2.3.conv3, activation shape: torch.Size([32, 512, 28, 28])
2026-02-13 04:03:10,123 - INFO - Captured activation for layer: layer2.3.conv3,                 activation shape: torch.Size([32, 512, 28, 28])
2026-02-13 04:03:10,132 - INFO - Captured activation for layer: layer2.3.conv3, activation shape: torch.Size([32, 512, 28, 28])
2026-02-13 04:03:10,135 - INFO - Captured activation for layer: layer2.3.conv3,                 activation shape: torch.Size([32, 512, 28, 28])
2026-02-13 04:03:10,144 - INFO - Captured activation for layer: layer2.3.conv3, activation shape: torch.Size([32, 512, 28, 28])
2026-02-13 04:03:10,147 - INFO - Captured activation for layer: layer2.3.conv3,                 activation shape: torch.Size([32, 512, 28, 28])
2026-02-13 04:03:10,156 - INFO - Captured activation for layer: layer2.3.conv3, activation shape: torch.Size([32, 512, 28, 28])
2026-02-13 04:03:10,159 - INFO - Captured activation for layer: layer2.3.conv3,                 activation shape: torch.Size([32, 512, 28, 28])
2026-02-13 04:03:10,168 - INFO - Captured activation for layer: layer2.3.conv3, activation shape: torch.Size([32, 512, 28, 28])
2026-02-13 04:03:10,171 - INFO - Captured activation for layer: layer2.3.conv3,                 activation shape: torch.Size([32, 512, 28, 28])
2026-02-13 04:03:10,180 - INFO - Captured activation for layer: layer2.3.conv3, activation shape: torch.Size([32, 512, 28, 28])
2026-02-13 04:03:10,183 - INFO - Captured activation for layer: layer2.3.conv3,                 activation shape: torch.Size([32, 512, 28, 28])
2026-02-13 04:03:10,193 - INFO - Captured activation for layer: layer2.3.conv3, activation shape: torch.Size([32, 512, 28, 28])
2026-02-13 04:03:10,196 - INFO - Captured activation for layer: layer2.3.conv3,                 activation shape: torch.Size([32, 512, 28, 28])
2026-02-13 04:03:10,206 - INFO - Captured activation for layer: layer2.3.conv3, activation shape: torch.Size([32, 512, 28, 28])
2026-02-13 04:03:10,209 - INFO - Captured activation for layer: layer2.3.conv3,                 activation shape: torch.Size([32, 512, 28, 28])
2026-02-13 04:03:10,218 - INFO - Captured activation for layer: layer2.3.conv3, activation shape: torch.Size([32, 512, 28, 28])
2026-02-13 04:03:10,221 - INFO - Captured activation for layer: layer2.3.conv3,                 activation shape: torch.Size([32, 512, 28, 28])
2026-02-13 04:03:10,230 - INFO - Captured activation for layer: layer2.3.conv3, activation shape: torch.Size([32, 512, 28, 28])
2026-02-13 04:03:10,233 - INFO - Captured activation for layer: layer2.3.conv3,                 activation shape: torch.Size([32, 512, 28, 28])
2026-02-13 04:03:10,242 - INFO - Captured activation for layer: layer2.3.conv3, activation shape: torch.Size([32, 512, 28, 28])
2026-02-13 04:03:10,245 - INFO - Captured activation for layer: layer2.3.conv3,                 activation shape: torch.Size([32, 512, 28, 28])
2026-02-13 04:03:10,254 - INFO - Captured activation for layer: layer2.3.conv3, activation shape: torch.Size([32, 512, 28, 28])
2026-02-13 04:03:10,257 - INFO - Captured activation for layer: layer2.3.conv3,                 activation shape: torch.Size([32, 512, 28, 28])
2026-02-13 04:03:10,266 - INFO - Captured activation for layer: layer2.3.conv3, activation shape: torch.Size([32, 512, 28, 28])
2026-02-13 04:03:10,269 - INFO - Captured activation for layer: layer2.3.conv3,                 activation shape: torch.Size([32, 512, 28, 28])
2026-02-13 04:03:10,278 - INFO - Captured activation for layer: layer2.3.conv3, activation shape: torch.Size([32, 512, 28, 28])
2026-02-13 04:03:10,281 - INFO - Captured activation for layer: layer2.3.conv3,                 activation shape: torch.Size([32, 512, 28, 28])
2026-02-13 04:03:10,290 - INFO - Captured activation for layer: layer2.3.conv3, activation shape: torch.Size([32, 512, 28, 28])
2026-02-13 04:03:10,293 - INFO - Captured activation for layer: layer2.3.conv3,                 activation shape: torch.Size([32, 512, 28, 28])
2026-02-13 04:03:10,302 - INFO - Captured activation for layer: layer2.3.conv3, activation shape: torch.Size([32, 512, 28, 28])
2026-02-13 04:03:10,305 - INFO - Captured activation for layer: layer2.3.conv3,                 activation shape: torch.Size([32, 512, 28, 28])
2026-02-13 04:03:10,315 - INFO - Captured activation for layer: layer2.3.conv3, activation shape: torch.Size([32, 512, 28, 28])
2026-02-13 04:03:10,317 - INFO - Captured activation for layer: layer2.3.conv3,                 activation shape: torch.Size([32, 512, 28, 28])
2026-02-13 04:03:10,327 - INFO - Captured activation for layer: layer2.3.conv3, activation shape: torch.Size([32, 512, 28, 28])
2026-02-13 04:03:10,330 - INFO - Captured activation for layer: layer2.3.conv3,                 activation shape: torch.Size([32, 512, 28, 28])
2026-02-13 04:03:10,339 - INFO - Captured activation for layer: layer2.3.conv3, activation shape: torch.Size([32, 512, 28, 28])
2026-02-13 04:03:10,342 - INFO - Captured activation for layer: layer2.3.conv3,                 activation shape: torch.Size([32, 512, 28, 28])
2026-02-13 04:03:10,351 - INFO - Captured activation for layer: layer2.3.conv3, activation shape: torch.Size([32, 512, 28, 28])
2026-02-13 04:03:10,354 - INFO - Captured activation for layer: layer2.3.conv3,                 activation shape: torch.Size([32, 512, 28, 28])
2026-02-13 04:03:10,363 - INFO - Captured activation for layer: layer2.3.conv3, activation shape: torch.Size([32, 512, 28, 28])
2026-02-13 04:03:10,366 - INFO - Captured activation for layer: layer2.3.conv3,                 activation shape: torch.Size([32, 512, 28, 28])
2026-02-13 04:03:10,375 - INFO - Captured activation for layer: layer2.3.conv3, activation shape: torch.Size([32, 512, 28, 28])
2026-02-13 04:03:10,378 - INFO - Captured activation for layer: layer2.3.conv3,                 activation shape: torch.Size([32, 512, 28, 28])
2026-02-13 04:03:10,387 - INFO - Captured activation for layer: layer2.3.conv3, activation shape: torch.Size([32, 512, 28, 28])
2026-02-13 04:03:10,390 - INFO - Captured activation for layer: layer2.3.conv3,                 activation shape: torch.Size([32, 512, 28, 28])
2026-02-13 04:03:10,399 - INFO - Captured activation for layer: layer2.3.conv3, activation shape: torch.Size([32, 512, 28, 28])
2026-02-13 04:03:10,402 - INFO - Captured activation for layer: layer2.3.conv3,                 activation shape: torch.Size([32, 512, 28, 28])
2026-02-13 04:03:10,411 - INFO - Captured activation for layer: layer2.3.conv3, activation shape: torch.Size([32, 512, 28, 28])
2026-02-13 04:03:10,414 - INFO - Captured activation for layer: layer2.3.conv3,                 activation shape: torch.Size([32, 512, 28, 28])
2026-02-13 04:03:10,423 - INFO - Captured activation for layer: layer2.3.conv3, activation shape: torch.Size([32, 512, 28, 28])
2026-02-13 04:03:10,426 - INFO - Captured activation for layer: layer2.3.conv3,                 activation shape: torch.Size([32, 512, 28, 28])
2026-02-13 04:03:10,435 - INFO - Captured activation for layer: layer2.3.conv3, activation shape: torch.Size([32, 512, 28, 28])
2026-02-13 04:03:10,438 - INFO - Captured activation for layer: layer2.3.conv3,                 activation shape: torch.Size([32, 512, 28, 28])
2026-02-13 04:03:10,447 - INFO - Captured activation for layer: layer2.3.conv3, activation shape: torch.Size([32, 512, 28, 28])
2026-02-13 04:03:10,450 - INFO - Captured activation for layer: layer2.3.conv3,                 activation shape: torch.Size([32, 512, 28, 28])
2026-02-13 04:03:10,459 - INFO - Captured activation for layer: layer2.3.conv3, activation shape: torch.Size([32, 512, 28, 28])
2026-02-13 04:03:10,462 - INFO - Captured activation for layer: layer2.3.conv3,                 activation shape: torch.Size([32, 512, 28, 28])
2026-02-13 04:03:10,471 - INFO - Captured activation for layer: layer2.3.conv3, activation shape: torch.Size([32, 512, 28, 28])
2026-02-13 04:03:10,474 - INFO - Captured activation for layer: layer2.3.conv3,                 activation shape: torch.Size([32, 512, 28, 28])
2026-02-13 04:03:10,483 - INFO - Captured activation for layer: layer2.3.conv3, activation shape: torch.Size([32, 512, 28, 28])
2026-02-13 04:03:10,486 - INFO - Captured activation for layer: layer2.3.conv3,                 activation shape: torch.Size([32, 512, 28, 28])
2026-02-13 04:03:10,495 - INFO - Captured activation for layer: layer2.3.conv3, activation shape: torch.Size([32, 512, 28, 28])
2026-02-13 04:03:10,498 - INFO - Captured activation for layer: layer2.3.conv3,                 activation shape: torch.Size([32, 512, 28, 28])
2026-02-13 04:03:10,507 - INFO - Captured activation for layer: layer2.3.conv3, activation shape: torch.Size([32, 512, 28, 28])
2026-02-13 04:03:10,510 - INFO - Captured activation for layer: layer2.3.conv3,                 activation shape: torch.Size([32, 512, 28, 28])
2026-02-13 04:03:10,520 - INFO - Captured activation for layer: layer2.3.conv3, activation shape: torch.Size([32, 512, 28, 28])
2026-02-13 04:03:10,522 - INFO - Captured activation for layer: layer2.3.conv3,                 activation shape: torch.Size([32, 512, 28, 28])
2026-02-13 04:03:10,532 - INFO - Captured activation for layer: layer2.3.conv3, activation shape: torch.Size([32, 512, 28, 28])
2026-02-13 04:03:10,535 - INFO - Captured activation for layer: layer2.3.conv3,                 activation shape: torch.Size([32, 512, 28, 28])
2026-02-13 04:03:10,544 - INFO - Captured activation for layer: layer2.3.conv3, activation shape: torch.Size([32, 512, 28, 28])
2026-02-13 04:03:10,547 - INFO - Captured activation for layer: layer2.3.conv3,                 activation shape: torch.Size([32, 512, 28, 28])
2026-02-13 04:03:10,556 - INFO - Captured activation for layer: layer2.3.conv3, activation shape: torch.Size([32, 512, 28, 28])
2026-02-13 04:03:10,559 - INFO - Captured activation for layer: layer2.3.conv3,                 activation shape: torch.Size([32, 512, 28, 28])
2026-02-13 04:03:10,568 - INFO - Captured activation for layer: layer2.3.conv3, activation shape: torch.Size([32, 512, 28, 28])
2026-02-13 04:03:10,571 - INFO - Captured activation for layer: layer2.3.conv3,                 activation shape: torch.Size([32, 512, 28, 28])
2026-02-13 04:03:10,580 - INFO - Captured activation for layer: layer2.3.conv3, activation shape: torch.Size([32, 512, 28, 28])
2026-02-13 04:03:10,585 - INFO - Captured activation for layer: layer2.3.conv3,                 activation shape: torch.Size([32, 512, 28, 28])
2026-02-13 04:03:10,604 - INFO - Captured activation for layer: layer2.3.conv3, activation shape: torch.Size([32, 512, 28, 28])
2026-02-13 04:03:10,609 - INFO - Captured activation for layer: layer2.3.conv3,                 activation shape: torch.Size([32, 512, 28, 28])
2026-02-13 04:03:10,630 - INFO - Captured activation for layer: layer2.3.conv3, activation shape: torch.Size([32, 512, 28, 28])
2026-02-13 04:03:10,635 - INFO - Captured activation for layer: layer2.3.conv3,                 activation shape: torch.Size([32, 512, 28, 28])
2026-02-13 04:03:10,656 - INFO - Captured activation for layer: layer2.3.conv3, activation shape: torch.Size([32, 512, 28, 28])
2026-02-13 04:03:10,662 - INFO - Captured activation for layer: layer2.3.conv3,                 activation shape: torch.Size([32, 512, 28, 28])
2026-02-13 04:03:10,683 - INFO - Captured activation for layer: layer2.3.conv3, activation shape: torch.Size([32, 512, 28, 28])
2026-02-13 04:03:10,688 - INFO - Captured activation for layer: layer2.3.conv3,                 activation shape: torch.Size([32, 512, 28, 28])
2026-02-13 04:03:10,709 - INFO - Captured activation for layer: layer2.3.conv3, activation shape: torch.Size([32, 512, 28, 28])
2026-02-13 04:03:10,715 - INFO - Captured activation for layer: layer2.3.conv3,                 activation shape: torch.Size([32, 512, 28, 28])
2026-02-13 04:03:10,736 - INFO - Captured activation for layer: layer2.3.conv3, activation shape: torch.Size([32, 512, 28, 28])
2026-02-13 04:03:10,736 - INFO - Stacked activations shape for layer layer2.3.conv3: torch.Size([2112, 512, 28, 28])
2026-02-13 04:03:10,737 - INFO - Added Gaussian noise with std: 0.001
2026-02-13 04:03:10,847 - INFO - Perturbed activation  values: tensor([ 0.0067, -0.0087, -0.0120,  ...,  0.0011, -0.0020, -0.0072],
       device='cuda:0')
2026-02-13 04:03:10,852 - INFO - Standard deviation of activations for layer layer2.3.conv3: 0.0294
2026-02-13 04:03:10,852 - INFO - Checking normality of activations for layer layer2.3.conv3 using Shapiro-Wilk test.
2026-02-13 04:03:37,733 - INFO - Shapiro-Wilk test: statistic=0.9643, p-value=1.9209e-33
2026-02-13 04:03:37,733 - INFO - Normally distributed: False
2026-02-13 04:03:37,734 - INFO - Perturbed activation shape: torch.Size([2112, 512, 28, 28]), Std activation shape: torch.Size([1, 512, 28, 28])
2026-02-13 04:03:37,739 - INFO - Std activation sample values: tensor([0.0097, 0.0088, 0.0095, 0.0096, 0.0097], device='cuda:0')
2026-02-13 04:03:37,748 - INFO - Target layer found: layer3.0.conv1
2026-02-13 04:03:37,749 - INFO - Captured activation for layer: layer3.0.conv1,                 activation shape: torch.Size([32, 256, 28, 28])
2026-02-13 04:03:37,751 - INFO - Captured activation for layer: layer3.0.conv1, activation shape: torch.Size([32, 256, 28, 28])
2026-02-13 04:03:37,752 - INFO - Captured activation for layer: layer3.0.conv1,                 activation shape: torch.Size([32, 256, 28, 28])
2026-02-13 04:03:37,753 - INFO - Captured activation for layer: layer3.0.conv1, activation shape: torch.Size([32, 256, 28, 28])
2026-02-13 04:03:37,754 - INFO - Captured activation for layer: layer3.0.conv1,                 activation shape: torch.Size([32, 256, 28, 28])
2026-02-13 04:03:37,755 - INFO - Captured activation for layer: layer3.0.conv1, activation shape: torch.Size([32, 256, 28, 28])
2026-02-13 04:03:37,756 - INFO - Captured activation for layer: layer3.0.conv1,                 activation shape: torch.Size([32, 256, 28, 28])
2026-02-13 04:03:37,757 - INFO - Captured activation for layer: layer3.0.conv1, activation shape: torch.Size([32, 256, 28, 28])
2026-02-13 04:03:37,758 - INFO - Captured activation for layer: layer3.0.conv1,                 activation shape: torch.Size([32, 256, 28, 28])
2026-02-13 04:03:37,760 - INFO - Captured activation for layer: layer3.0.conv1, activation shape: torch.Size([32, 256, 28, 28])
2026-02-13 04:03:37,761 - INFO - Captured activation for layer: layer3.0.conv1,                 activation shape: torch.Size([32, 256, 28, 28])
2026-02-13 04:03:37,767 - INFO - Captured activation for layer: layer3.0.conv1, activation shape: torch.Size([32, 256, 28, 28])
2026-02-13 04:03:37,770 - INFO - Captured activation for layer: layer3.0.conv1,                 activation shape: torch.Size([32, 256, 28, 28])
2026-02-13 04:03:37,779 - INFO - Captured activation for layer: layer3.0.conv1, activation shape: torch.Size([32, 256, 28, 28])
2026-02-13 04:03:37,782 - INFO - Captured activation for layer: layer3.0.conv1,                 activation shape: torch.Size([32, 256, 28, 28])
2026-02-13 04:03:37,791 - INFO - Captured activation for layer: layer3.0.conv1, activation shape: torch.Size([32, 256, 28, 28])
2026-02-13 04:03:37,794 - INFO - Captured activation for layer: layer3.0.conv1,                 activation shape: torch.Size([32, 256, 28, 28])
2026-02-13 04:03:37,803 - INFO - Captured activation for layer: layer3.0.conv1, activation shape: torch.Size([32, 256, 28, 28])
2026-02-13 04:03:37,806 - INFO - Captured activation for layer: layer3.0.conv1,                 activation shape: torch.Size([32, 256, 28, 28])
2026-02-13 04:03:37,815 - INFO - Captured activation for layer: layer3.0.conv1, activation shape: torch.Size([32, 256, 28, 28])
2026-02-13 04:03:37,818 - INFO - Captured activation for layer: layer3.0.conv1,                 activation shape: torch.Size([32, 256, 28, 28])
2026-02-13 04:03:37,827 - INFO - Captured activation for layer: layer3.0.conv1, activation shape: torch.Size([32, 256, 28, 28])
2026-02-13 04:03:37,830 - INFO - Captured activation for layer: layer3.0.conv1,                 activation shape: torch.Size([32, 256, 28, 28])
2026-02-13 04:03:37,839 - INFO - Captured activation for layer: layer3.0.conv1, activation shape: torch.Size([32, 256, 28, 28])
2026-02-13 04:03:37,842 - INFO - Captured activation for layer: layer3.0.conv1,                 activation shape: torch.Size([32, 256, 28, 28])
2026-02-13 04:03:37,851 - INFO - Captured activation for layer: layer3.0.conv1, activation shape: torch.Size([32, 256, 28, 28])
2026-02-13 04:03:37,854 - INFO - Captured activation for layer: layer3.0.conv1,                 activation shape: torch.Size([32, 256, 28, 28])
2026-02-13 04:03:37,863 - INFO - Captured activation for layer: layer3.0.conv1, activation shape: torch.Size([32, 256, 28, 28])
2026-02-13 04:03:37,866 - INFO - Captured activation for layer: layer3.0.conv1,                 activation shape: torch.Size([32, 256, 28, 28])
2026-02-13 04:03:37,875 - INFO - Captured activation for layer: layer3.0.conv1, activation shape: torch.Size([32, 256, 28, 28])
2026-02-13 04:03:37,878 - INFO - Captured activation for layer: layer3.0.conv1,                 activation shape: torch.Size([32, 256, 28, 28])
2026-02-13 04:03:37,887 - INFO - Captured activation for layer: layer3.0.conv1, activation shape: torch.Size([32, 256, 28, 28])
2026-02-13 04:03:37,890 - INFO - Captured activation for layer: layer3.0.conv1,                 activation shape: torch.Size([32, 256, 28, 28])
2026-02-13 04:03:37,899 - INFO - Captured activation for layer: layer3.0.conv1, activation shape: torch.Size([32, 256, 28, 28])
2026-02-13 04:03:37,902 - INFO - Captured activation for layer: layer3.0.conv1,                 activation shape: torch.Size([32, 256, 28, 28])
2026-02-13 04:03:37,911 - INFO - Captured activation for layer: layer3.0.conv1, activation shape: torch.Size([32, 256, 28, 28])
2026-02-13 04:03:37,914 - INFO - Captured activation for layer: layer3.0.conv1,                 activation shape: torch.Size([32, 256, 28, 28])
2026-02-13 04:03:37,923 - INFO - Captured activation for layer: layer3.0.conv1, activation shape: torch.Size([32, 256, 28, 28])
2026-02-13 04:03:37,926 - INFO - Captured activation for layer: layer3.0.conv1,                 activation shape: torch.Size([32, 256, 28, 28])
2026-02-13 04:03:37,935 - INFO - Captured activation for layer: layer3.0.conv1, activation shape: torch.Size([32, 256, 28, 28])
2026-02-13 04:03:37,938 - INFO - Captured activation for layer: layer3.0.conv1,                 activation shape: torch.Size([32, 256, 28, 28])
2026-02-13 04:03:37,946 - INFO - Captured activation for layer: layer3.0.conv1, activation shape: torch.Size([32, 256, 28, 28])
2026-02-13 04:03:37,950 - INFO - Captured activation for layer: layer3.0.conv1,                 activation shape: torch.Size([32, 256, 28, 28])
2026-02-13 04:03:37,958 - INFO - Captured activation for layer: layer3.0.conv1, activation shape: torch.Size([32, 256, 28, 28])
2026-02-13 04:03:37,961 - INFO - Captured activation for layer: layer3.0.conv1,                 activation shape: torch.Size([32, 256, 28, 28])
2026-02-13 04:03:37,970 - INFO - Captured activation for layer: layer3.0.conv1, activation shape: torch.Size([32, 256, 28, 28])
2026-02-13 04:03:37,973 - INFO - Captured activation for layer: layer3.0.conv1,                 activation shape: torch.Size([32, 256, 28, 28])
2026-02-13 04:03:37,982 - INFO - Captured activation for layer: layer3.0.conv1, activation shape: torch.Size([32, 256, 28, 28])
2026-02-13 04:03:37,985 - INFO - Captured activation for layer: layer3.0.conv1,                 activation shape: torch.Size([32, 256, 28, 28])
2026-02-13 04:03:37,994 - INFO - Captured activation for layer: layer3.0.conv1, activation shape: torch.Size([32, 256, 28, 28])
2026-02-13 04:03:37,997 - INFO - Captured activation for layer: layer3.0.conv1,                 activation shape: torch.Size([32, 256, 28, 28])
2026-02-13 04:03:38,006 - INFO - Captured activation for layer: layer3.0.conv1, activation shape: torch.Size([32, 256, 28, 28])
2026-02-13 04:03:38,009 - INFO - Captured activation for layer: layer3.0.conv1,                 activation shape: torch.Size([32, 256, 28, 28])
2026-02-13 04:03:38,018 - INFO - Captured activation for layer: layer3.0.conv1, activation shape: torch.Size([32, 256, 28, 28])
2026-02-13 04:03:38,021 - INFO - Captured activation for layer: layer3.0.conv1,                 activation shape: torch.Size([32, 256, 28, 28])
2026-02-13 04:03:38,030 - INFO - Captured activation for layer: layer3.0.conv1, activation shape: torch.Size([32, 256, 28, 28])
2026-02-13 04:03:38,033 - INFO - Captured activation for layer: layer3.0.conv1,                 activation shape: torch.Size([32, 256, 28, 28])
2026-02-13 04:03:38,042 - INFO - Captured activation for layer: layer3.0.conv1, activation shape: torch.Size([32, 256, 28, 28])
2026-02-13 04:03:38,045 - INFO - Captured activation for layer: layer3.0.conv1,                 activation shape: torch.Size([32, 256, 28, 28])
2026-02-13 04:03:38,054 - INFO - Captured activation for layer: layer3.0.conv1, activation shape: torch.Size([32, 256, 28, 28])
2026-02-13 04:03:38,057 - INFO - Captured activation for layer: layer3.0.conv1,                 activation shape: torch.Size([32, 256, 28, 28])
2026-02-13 04:03:38,066 - INFO - Captured activation for layer: layer3.0.conv1, activation shape: torch.Size([32, 256, 28, 28])
2026-02-13 04:03:38,069 - INFO - Captured activation for layer: layer3.0.conv1,                 activation shape: torch.Size([32, 256, 28, 28])
2026-02-13 04:03:38,078 - INFO - Captured activation for layer: layer3.0.conv1, activation shape: torch.Size([32, 256, 28, 28])
2026-02-13 04:03:38,081 - INFO - Captured activation for layer: layer3.0.conv1,                 activation shape: torch.Size([32, 256, 28, 28])
2026-02-13 04:03:38,090 - INFO - Captured activation for layer: layer3.0.conv1, activation shape: torch.Size([32, 256, 28, 28])
2026-02-13 04:03:38,093 - INFO - Captured activation for layer: layer3.0.conv1,                 activation shape: torch.Size([32, 256, 28, 28])
2026-02-13 04:03:38,102 - INFO - Captured activation for layer: layer3.0.conv1, activation shape: torch.Size([32, 256, 28, 28])
2026-02-13 04:03:38,105 - INFO - Captured activation for layer: layer3.0.conv1,                 activation shape: torch.Size([32, 256, 28, 28])
2026-02-13 04:03:38,114 - INFO - Captured activation for layer: layer3.0.conv1, activation shape: torch.Size([32, 256, 28, 28])
2026-02-13 04:03:38,117 - INFO - Captured activation for layer: layer3.0.conv1,                 activation shape: torch.Size([32, 256, 28, 28])
2026-02-13 04:03:38,126 - INFO - Captured activation for layer: layer3.0.conv1, activation shape: torch.Size([32, 256, 28, 28])
2026-02-13 04:03:38,129 - INFO - Captured activation for layer: layer3.0.conv1,                 activation shape: torch.Size([32, 256, 28, 28])
2026-02-13 04:03:38,138 - INFO - Captured activation for layer: layer3.0.conv1, activation shape: torch.Size([32, 256, 28, 28])
2026-02-13 04:03:38,141 - INFO - Captured activation for layer: layer3.0.conv1,                 activation shape: torch.Size([32, 256, 28, 28])
2026-02-13 04:03:38,150 - INFO - Captured activation for layer: layer3.0.conv1, activation shape: torch.Size([32, 256, 28, 28])
2026-02-13 04:03:38,153 - INFO - Captured activation for layer: layer3.0.conv1,                 activation shape: torch.Size([32, 256, 28, 28])
2026-02-13 04:03:38,162 - INFO - Captured activation for layer: layer3.0.conv1, activation shape: torch.Size([32, 256, 28, 28])
2026-02-13 04:03:38,165 - INFO - Captured activation for layer: layer3.0.conv1,                 activation shape: torch.Size([32, 256, 28, 28])
2026-02-13 04:03:38,174 - INFO - Captured activation for layer: layer3.0.conv1, activation shape: torch.Size([32, 256, 28, 28])
2026-02-13 04:03:38,177 - INFO - Captured activation for layer: layer3.0.conv1,                 activation shape: torch.Size([32, 256, 28, 28])
2026-02-13 04:03:38,186 - INFO - Captured activation for layer: layer3.0.conv1, activation shape: torch.Size([32, 256, 28, 28])
2026-02-13 04:03:38,189 - INFO - Captured activation for layer: layer3.0.conv1,                 activation shape: torch.Size([32, 256, 28, 28])
2026-02-13 04:03:38,198 - INFO - Captured activation for layer: layer3.0.conv1, activation shape: torch.Size([32, 256, 28, 28])
2026-02-13 04:03:38,201 - INFO - Captured activation for layer: layer3.0.conv1,                 activation shape: torch.Size([32, 256, 28, 28])
2026-02-13 04:03:38,214 - INFO - Captured activation for layer: layer3.0.conv1, activation shape: torch.Size([32, 256, 28, 28])
2026-02-13 04:03:38,217 - INFO - Captured activation for layer: layer3.0.conv1,                 activation shape: torch.Size([32, 256, 28, 28])
2026-02-13 04:03:38,229 - INFO - Captured activation for layer: layer3.0.conv1, activation shape: torch.Size([32, 256, 28, 28])
2026-02-13 04:03:38,237 - INFO - Captured activation for layer: layer3.0.conv1,                 activation shape: torch.Size([32, 256, 28, 28])
2026-02-13 04:03:38,255 - INFO - Captured activation for layer: layer3.0.conv1, activation shape: torch.Size([32, 256, 28, 28])
2026-02-13 04:03:38,263 - INFO - Captured activation for layer: layer3.0.conv1,                 activation shape: torch.Size([32, 256, 28, 28])
2026-02-13 04:03:38,282 - INFO - Captured activation for layer: layer3.0.conv1, activation shape: torch.Size([32, 256, 28, 28])
2026-02-13 04:03:38,290 - INFO - Captured activation for layer: layer3.0.conv1,                 activation shape: torch.Size([32, 256, 28, 28])
2026-02-13 04:03:38,308 - INFO - Captured activation for layer: layer3.0.conv1, activation shape: torch.Size([32, 256, 28, 28])
2026-02-13 04:03:38,316 - INFO - Captured activation for layer: layer3.0.conv1,                 activation shape: torch.Size([32, 256, 28, 28])
2026-02-13 04:03:38,335 - INFO - Captured activation for layer: layer3.0.conv1, activation shape: torch.Size([32, 256, 28, 28])
2026-02-13 04:03:38,343 - INFO - Captured activation for layer: layer3.0.conv1,                 activation shape: torch.Size([32, 256, 28, 28])
2026-02-13 04:03:38,361 - INFO - Captured activation for layer: layer3.0.conv1, activation shape: torch.Size([32, 256, 28, 28])
2026-02-13 04:03:38,367 - INFO - Captured activation for layer: layer3.0.conv1,                 activation shape: torch.Size([32, 256, 28, 28])
2026-02-13 04:03:38,388 - INFO - Captured activation for layer: layer3.0.conv1, activation shape: torch.Size([32, 256, 28, 28])
2026-02-13 04:03:38,394 - INFO - Captured activation for layer: layer3.0.conv1,                 activation shape: torch.Size([32, 256, 28, 28])
2026-02-13 04:03:38,415 - INFO - Captured activation for layer: layer3.0.conv1, activation shape: torch.Size([32, 256, 28, 28])
2026-02-13 04:03:38,420 - INFO - Captured activation for layer: layer3.0.conv1,                 activation shape: torch.Size([32, 256, 28, 28])
2026-02-13 04:03:38,442 - INFO - Captured activation for layer: layer3.0.conv1, activation shape: torch.Size([32, 256, 28, 28])
2026-02-13 04:03:38,447 - INFO - Captured activation for layer: layer3.0.conv1,                 activation shape: torch.Size([32, 256, 28, 28])
2026-02-13 04:03:38,469 - INFO - Captured activation for layer: layer3.0.conv1, activation shape: torch.Size([32, 256, 28, 28])
2026-02-13 04:03:38,476 - INFO - Captured activation for layer: layer3.0.conv1,                 activation shape: torch.Size([32, 256, 28, 28])
2026-02-13 04:03:38,495 - INFO - Captured activation for layer: layer3.0.conv1, activation shape: torch.Size([32, 256, 28, 28])
2026-02-13 04:03:38,501 - INFO - Captured activation for layer: layer3.0.conv1,                 activation shape: torch.Size([32, 256, 28, 28])
2026-02-13 04:03:38,522 - INFO - Captured activation for layer: layer3.0.conv1, activation shape: torch.Size([32, 256, 28, 28])
2026-02-13 04:03:38,527 - INFO - Captured activation for layer: layer3.0.conv1,                 activation shape: torch.Size([32, 256, 28, 28])
2026-02-13 04:03:38,548 - INFO - Captured activation for layer: layer3.0.conv1, activation shape: torch.Size([32, 256, 28, 28])
2026-02-13 04:03:38,554 - INFO - Captured activation for layer: layer3.0.conv1,                 activation shape: torch.Size([32, 256, 28, 28])
2026-02-13 04:03:38,575 - INFO - Captured activation for layer: layer3.0.conv1, activation shape: torch.Size([32, 256, 28, 28])
2026-02-13 04:03:38,581 - INFO - Captured activation for layer: layer3.0.conv1,                 activation shape: torch.Size([32, 256, 28, 28])
2026-02-13 04:03:38,602 - INFO - Captured activation for layer: layer3.0.conv1, activation shape: torch.Size([32, 256, 28, 28])
2026-02-13 04:03:38,607 - INFO - Captured activation for layer: layer3.0.conv1,                 activation shape: torch.Size([32, 256, 28, 28])
2026-02-13 04:03:38,628 - INFO - Captured activation for layer: layer3.0.conv1, activation shape: torch.Size([32, 256, 28, 28])
2026-02-13 04:03:38,634 - INFO - Captured activation for layer: layer3.0.conv1,                 activation shape: torch.Size([32, 256, 28, 28])
2026-02-13 04:03:38,655 - INFO - Captured activation for layer: layer3.0.conv1, activation shape: torch.Size([32, 256, 28, 28])
2026-02-13 04:03:38,661 - INFO - Captured activation for layer: layer3.0.conv1,                 activation shape: torch.Size([32, 256, 28, 28])
2026-02-13 04:03:38,674 - INFO - Captured activation for layer: layer3.0.conv1, activation shape: torch.Size([32, 256, 28, 28])
2026-02-13 04:03:38,677 - INFO - Captured activation for layer: layer3.0.conv1,                 activation shape: torch.Size([32, 256, 28, 28])
2026-02-13 04:03:38,687 - INFO - Captured activation for layer: layer3.0.conv1, activation shape: torch.Size([32, 256, 28, 28])
2026-02-13 04:03:38,690 - INFO - Captured activation for layer: layer3.0.conv1,                 activation shape: torch.Size([32, 256, 28, 28])
2026-02-13 04:03:38,699 - INFO - Captured activation for layer: layer3.0.conv1, activation shape: torch.Size([32, 256, 28, 28])
2026-02-13 04:03:38,702 - INFO - Captured activation for layer: layer3.0.conv1,                 activation shape: torch.Size([32, 256, 28, 28])
2026-02-13 04:03:38,711 - INFO - Captured activation for layer: layer3.0.conv1, activation shape: torch.Size([32, 256, 28, 28])
2026-02-13 04:03:38,714 - INFO - Captured activation for layer: layer3.0.conv1,                 activation shape: torch.Size([32, 256, 28, 28])
2026-02-13 04:03:38,723 - INFO - Captured activation for layer: layer3.0.conv1, activation shape: torch.Size([32, 256, 28, 28])
2026-02-13 04:03:38,726 - INFO - Captured activation for layer: layer3.0.conv1,                 activation shape: torch.Size([32, 256, 28, 28])
2026-02-13 04:03:38,735 - INFO - Captured activation for layer: layer3.0.conv1, activation shape: torch.Size([32, 256, 28, 28])
2026-02-13 04:03:38,735 - INFO - Stacked activations shape for layer layer3.0.conv1: torch.Size([2112, 256, 28, 28])
2026-02-13 04:03:38,735 - INFO - Added Gaussian noise with std: 0.001
2026-02-13 04:03:38,814 - INFO - Perturbed activation  values: tensor([-0.0789, -0.0875, -0.0232,  ..., -0.0915, -0.0283,  0.0634],
       device='cuda:0')
2026-02-13 04:03:38,817 - INFO - Standard deviation of activations for layer layer3.0.conv1: 0.1637
2026-02-13 04:03:38,817 - INFO - Checking normality of activations for layer layer3.0.conv1 using Shapiro-Wilk test.
2026-02-13 04:03:52,067 - INFO - Shapiro-Wilk test: statistic=0.9919, p-value=2.7656e-16
2026-02-13 04:03:52,067 - INFO - Normally distributed: False
2026-02-13 04:03:52,067 - INFO - Perturbed activation shape: torch.Size([2112, 256, 28, 28]), Std activation shape: torch.Size([1, 256, 28, 28])
2026-02-13 04:03:52,070 - INFO - Std activation sample values: tensor([0.1151, 0.1471, 0.1490, 0.1494, 0.1503], device='cuda:0')
2026-02-13 04:03:52,079 - INFO - Applying perturbation for layer: layer2.3.conv3, original output shape: torch.Size([32, 512, 28, 28]), perturbed activation shape: torch.Size([2112, 512, 28, 28])
2026-02-13 04:03:52,079 - INFO - Applying perturbation for layer: layer3.0.conv1, original output shape: torch.Size([32, 256, 28, 28]), perturbed activation shape: torch.Size([2112, 256, 28, 28])
2026-02-13 04:03:52,083 - INFO - Applying perturbation for layer: layer2.3.conv3, original output shape: torch.Size([32, 512, 28, 28]), perturbed activation shape: torch.Size([2112, 512, 28, 28])
2026-02-13 04:03:52,083 - INFO - Applying perturbation for layer: layer3.0.conv1, original output shape: torch.Size([32, 256, 28, 28]), perturbed activation shape: torch.Size([2112, 256, 28, 28])
2026-02-13 04:03:52,087 - INFO - Applying perturbation for layer: layer2.3.conv3, original output shape: torch.Size([32, 512, 28, 28]), perturbed activation shape: torch.Size([2112, 512, 28, 28])
2026-02-13 04:03:52,087 - INFO - Applying perturbation for layer: layer3.0.conv1, original output shape: torch.Size([32, 256, 28, 28]), perturbed activation shape: torch.Size([2112, 256, 28, 28])
2026-02-13 04:03:52,110 - INFO - Applying perturbation for layer: layer2.3.conv3, original output shape: torch.Size([32, 512, 28, 28]), perturbed activation shape: torch.Size([2112, 512, 28, 28])
2026-02-13 04:03:52,110 - INFO - Applying perturbation for layer: layer3.0.conv1, original output shape: torch.Size([32, 256, 28, 28]), perturbed activation shape: torch.Size([2112, 256, 28, 28])
2026-02-13 04:03:52,134 - INFO - Applying perturbation for layer: layer2.3.conv3, original output shape: torch.Size([32, 512, 28, 28]), perturbed activation shape: torch.Size([2112, 512, 28, 28])
2026-02-13 04:03:52,134 - INFO - Applying perturbation for layer: layer3.0.conv1, original output shape: torch.Size([32, 256, 28, 28]), perturbed activation shape: torch.Size([2112, 256, 28, 28])
2026-02-13 04:03:52,158 - INFO - Applying perturbation for layer: layer2.3.conv3, original output shape: torch.Size([32, 512, 28, 28]), perturbed activation shape: torch.Size([2112, 512, 28, 28])
2026-02-13 04:03:52,158 - INFO - Applying perturbation for layer: layer3.0.conv1, original output shape: torch.Size([32, 256, 28, 28]), perturbed activation shape: torch.Size([2112, 256, 28, 28])
2026-02-13 04:03:52,182 - INFO - Applying perturbation for layer: layer2.3.conv3, original output shape: torch.Size([32, 512, 28, 28]), perturbed activation shape: torch.Size([2112, 512, 28, 28])
2026-02-13 04:03:52,182 - INFO - Applying perturbation for layer: layer3.0.conv1, original output shape: torch.Size([32, 256, 28, 28]), perturbed activation shape: torch.Size([2112, 256, 28, 28])
2026-02-13 04:03:52,206 - INFO - Applying perturbation for layer: layer2.3.conv3, original output shape: torch.Size([32, 512, 28, 28]), perturbed activation shape: torch.Size([2112, 512, 28, 28])
2026-02-13 04:03:52,206 - INFO - Applying perturbation for layer: layer3.0.conv1, original output shape: torch.Size([32, 256, 28, 28]), perturbed activation shape: torch.Size([2112, 256, 28, 28])
2026-02-13 04:03:52,230 - INFO - Applying perturbation for layer: layer2.3.conv3, original output shape: torch.Size([32, 512, 28, 28]), perturbed activation shape: torch.Size([2112, 512, 28, 28])
2026-02-13 04:03:52,230 - INFO - Applying perturbation for layer: layer3.0.conv1, original output shape: torch.Size([32, 256, 28, 28]), perturbed activation shape: torch.Size([2112, 256, 28, 28])
2026-02-13 04:03:52,254 - INFO - Applying perturbation for layer: layer2.3.conv3, original output shape: torch.Size([32, 512, 28, 28]), perturbed activation shape: torch.Size([2112, 512, 28, 28])
2026-02-13 04:03:52,254 - INFO - Applying perturbation for layer: layer3.0.conv1, original output shape: torch.Size([32, 256, 28, 28]), perturbed activation shape: torch.Size([2112, 256, 28, 28])
2026-02-13 04:03:52,278 - INFO - Applying perturbation for layer: layer2.3.conv3, original output shape: torch.Size([32, 512, 28, 28]), perturbed activation shape: torch.Size([2112, 512, 28, 28])
2026-02-13 04:03:52,278 - INFO - Applying perturbation for layer: layer3.0.conv1, original output shape: torch.Size([32, 256, 28, 28]), perturbed activation shape: torch.Size([2112, 256, 28, 28])
2026-02-13 04:03:52,302 - INFO - Applying perturbation for layer: layer2.3.conv3, original output shape: torch.Size([32, 512, 28, 28]), perturbed activation shape: torch.Size([2112, 512, 28, 28])
2026-02-13 04:03:52,302 - INFO - Applying perturbation for layer: layer3.0.conv1, original output shape: torch.Size([32, 256, 28, 28]), perturbed activation shape: torch.Size([2112, 256, 28, 28])
2026-02-13 04:03:52,326 - INFO - Applying perturbation for layer: layer2.3.conv3, original output shape: torch.Size([32, 512, 28, 28]), perturbed activation shape: torch.Size([2112, 512, 28, 28])
2026-02-13 04:03:52,326 - INFO - Applying perturbation for layer: layer3.0.conv1, original output shape: torch.Size([32, 256, 28, 28]), perturbed activation shape: torch.Size([2112, 256, 28, 28])
2026-02-13 04:03:52,350 - INFO - Applying perturbation for layer: layer2.3.conv3, original output shape: torch.Size([32, 512, 28, 28]), perturbed activation shape: torch.Size([2112, 512, 28, 28])
2026-02-13 04:03:52,350 - INFO - Applying perturbation for layer: layer3.0.conv1, original output shape: torch.Size([32, 256, 28, 28]), perturbed activation shape: torch.Size([2112, 256, 28, 28])
2026-02-13 04:03:52,374 - INFO - Applying perturbation for layer: layer2.3.conv3, original output shape: torch.Size([32, 512, 28, 28]), perturbed activation shape: torch.Size([2112, 512, 28, 28])
2026-02-13 04:03:52,374 - INFO - Applying perturbation for layer: layer3.0.conv1, original output shape: torch.Size([32, 256, 28, 28]), perturbed activation shape: torch.Size([2112, 256, 28, 28])
2026-02-13 04:03:52,398 - INFO - Applying perturbation for layer: layer2.3.conv3, original output shape: torch.Size([32, 512, 28, 28]), perturbed activation shape: torch.Size([2112, 512, 28, 28])
2026-02-13 04:03:52,398 - INFO - Applying perturbation for layer: layer3.0.conv1, original output shape: torch.Size([32, 256, 28, 28]), perturbed activation shape: torch.Size([2112, 256, 28, 28])
2026-02-13 04:03:52,422 - INFO - Applying perturbation for layer: layer2.3.conv3, original output shape: torch.Size([32, 512, 28, 28]), perturbed activation shape: torch.Size([2112, 512, 28, 28])
2026-02-13 04:03:52,422 - INFO - Applying perturbation for layer: layer3.0.conv1, original output shape: torch.Size([32, 256, 28, 28]), perturbed activation shape: torch.Size([2112, 256, 28, 28])
2026-02-13 04:03:52,446 - INFO - Applying perturbation for layer: layer2.3.conv3, original output shape: torch.Size([32, 512, 28, 28]), perturbed activation shape: torch.Size([2112, 512, 28, 28])
2026-02-13 04:03:52,446 - INFO - Applying perturbation for layer: layer3.0.conv1, original output shape: torch.Size([32, 256, 28, 28]), perturbed activation shape: torch.Size([2112, 256, 28, 28])
2026-02-13 04:03:52,470 - INFO - Applying perturbation for layer: layer2.3.conv3, original output shape: torch.Size([32, 512, 28, 28]), perturbed activation shape: torch.Size([2112, 512, 28, 28])
2026-02-13 04:03:52,470 - INFO - Applying perturbation for layer: layer3.0.conv1, original output shape: torch.Size([32, 256, 28, 28]), perturbed activation shape: torch.Size([2112, 256, 28, 28])
2026-02-13 04:03:52,494 - INFO - Applying perturbation for layer: layer2.3.conv3, original output shape: torch.Size([32, 512, 28, 28]), perturbed activation shape: torch.Size([2112, 512, 28, 28])
2026-02-13 04:03:52,494 - INFO - Applying perturbation for layer: layer3.0.conv1, original output shape: torch.Size([32, 256, 28, 28]), perturbed activation shape: torch.Size([2112, 256, 28, 28])
2026-02-13 04:03:52,518 - INFO - Applying perturbation for layer: layer2.3.conv3, original output shape: torch.Size([32, 512, 28, 28]), perturbed activation shape: torch.Size([2112, 512, 28, 28])
2026-02-13 04:03:52,518 - INFO - Applying perturbation for layer: layer3.0.conv1, original output shape: torch.Size([32, 256, 28, 28]), perturbed activation shape: torch.Size([2112, 256, 28, 28])
2026-02-13 04:03:52,542 - INFO - Applying perturbation for layer: layer2.3.conv3, original output shape: torch.Size([32, 512, 28, 28]), perturbed activation shape: torch.Size([2112, 512, 28, 28])
2026-02-13 04:03:52,542 - INFO - Applying perturbation for layer: layer3.0.conv1, original output shape: torch.Size([32, 256, 28, 28]), perturbed activation shape: torch.Size([2112, 256, 28, 28])
2026-02-13 04:03:52,566 - INFO - Applying perturbation for layer: layer2.3.conv3, original output shape: torch.Size([32, 512, 28, 28]), perturbed activation shape: torch.Size([2112, 512, 28, 28])
2026-02-13 04:03:52,566 - INFO - Applying perturbation for layer: layer3.0.conv1, original output shape: torch.Size([32, 256, 28, 28]), perturbed activation shape: torch.Size([2112, 256, 28, 28])
2026-02-13 04:03:52,590 - INFO - Applying perturbation for layer: layer2.3.conv3, original output shape: torch.Size([32, 512, 28, 28]), perturbed activation shape: torch.Size([2112, 512, 28, 28])
2026-02-13 04:03:52,590 - INFO - Applying perturbation for layer: layer3.0.conv1, original output shape: torch.Size([32, 256, 28, 28]), perturbed activation shape: torch.Size([2112, 256, 28, 28])
2026-02-13 04:03:52,614 - INFO - Applying perturbation for layer: layer2.3.conv3, original output shape: torch.Size([32, 512, 28, 28]), perturbed activation shape: torch.Size([2112, 512, 28, 28])
2026-02-13 04:03:52,614 - INFO - Applying perturbation for layer: layer3.0.conv1, original output shape: torch.Size([32, 256, 28, 28]), perturbed activation shape: torch.Size([2112, 256, 28, 28])
2026-02-13 04:03:52,638 - INFO - Applying perturbation for layer: layer2.3.conv3, original output shape: torch.Size([32, 512, 28, 28]), perturbed activation shape: torch.Size([2112, 512, 28, 28])
2026-02-13 04:03:52,638 - INFO - Applying perturbation for layer: layer3.0.conv1, original output shape: torch.Size([32, 256, 28, 28]), perturbed activation shape: torch.Size([2112, 256, 28, 28])
2026-02-13 04:03:52,662 - INFO - Applying perturbation for layer: layer2.3.conv3, original output shape: torch.Size([32, 512, 28, 28]), perturbed activation shape: torch.Size([2112, 512, 28, 28])
2026-02-13 04:03:52,662 - INFO - Applying perturbation for layer: layer3.0.conv1, original output shape: torch.Size([32, 256, 28, 28]), perturbed activation shape: torch.Size([2112, 256, 28, 28])
2026-02-13 04:03:52,686 - INFO - Applying perturbation for layer: layer2.3.conv3, original output shape: torch.Size([32, 512, 28, 28]), perturbed activation shape: torch.Size([2112, 512, 28, 28])
2026-02-13 04:03:52,686 - INFO - Applying perturbation for layer: layer3.0.conv1, original output shape: torch.Size([32, 256, 28, 28]), perturbed activation shape: torch.Size([2112, 256, 28, 28])
2026-02-13 04:03:52,710 - INFO - Applying perturbation for layer: layer2.3.conv3, original output shape: torch.Size([32, 512, 28, 28]), perturbed activation shape: torch.Size([2112, 512, 28, 28])
2026-02-13 04:03:52,710 - INFO - Applying perturbation for layer: layer3.0.conv1, original output shape: torch.Size([32, 256, 28, 28]), perturbed activation shape: torch.Size([2112, 256, 28, 28])
2026-02-13 04:03:52,734 - INFO - Applying perturbation for layer: layer2.3.conv3, original output shape: torch.Size([32, 512, 28, 28]), perturbed activation shape: torch.Size([2112, 512, 28, 28])
2026-02-13 04:03:52,734 - INFO - Applying perturbation for layer: layer3.0.conv1, original output shape: torch.Size([32, 256, 28, 28]), perturbed activation shape: torch.Size([2112, 256, 28, 28])
2026-02-13 04:03:52,758 - INFO - Applying perturbation for layer: layer2.3.conv3, original output shape: torch.Size([32, 512, 28, 28]), perturbed activation shape: torch.Size([2112, 512, 28, 28])
2026-02-13 04:03:52,759 - INFO - Applying perturbation for layer: layer3.0.conv1, original output shape: torch.Size([32, 256, 28, 28]), perturbed activation shape: torch.Size([2112, 256, 28, 28])
2026-02-13 04:03:52,782 - INFO - Applying perturbation for layer: layer2.3.conv3, original output shape: torch.Size([32, 512, 28, 28]), perturbed activation shape: torch.Size([2112, 512, 28, 28])
2026-02-13 04:03:52,783 - INFO - Applying perturbation for layer: layer3.0.conv1, original output shape: torch.Size([32, 256, 28, 28]), perturbed activation shape: torch.Size([2112, 256, 28, 28])
2026-02-13 04:03:52,807 - INFO - Applying perturbation for layer: layer2.3.conv3, original output shape: torch.Size([32, 512, 28, 28]), perturbed activation shape: torch.Size([2112, 512, 28, 28])
2026-02-13 04:03:52,807 - INFO - Applying perturbation for layer: layer3.0.conv1, original output shape: torch.Size([32, 256, 28, 28]), perturbed activation shape: torch.Size([2112, 256, 28, 28])
2026-02-13 04:03:52,831 - INFO - Applying perturbation for layer: layer2.3.conv3, original output shape: torch.Size([32, 512, 28, 28]), perturbed activation shape: torch.Size([2112, 512, 28, 28])
2026-02-13 04:03:52,831 - INFO - Applying perturbation for layer: layer3.0.conv1, original output shape: torch.Size([32, 256, 28, 28]), perturbed activation shape: torch.Size([2112, 256, 28, 28])
2026-02-13 04:03:52,855 - INFO - Applying perturbation for layer: layer2.3.conv3, original output shape: torch.Size([32, 512, 28, 28]), perturbed activation shape: torch.Size([2112, 512, 28, 28])
2026-02-13 04:03:52,855 - INFO - Applying perturbation for layer: layer3.0.conv1, original output shape: torch.Size([32, 256, 28, 28]), perturbed activation shape: torch.Size([2112, 256, 28, 28])
2026-02-13 04:03:52,879 - INFO - Applying perturbation for layer: layer2.3.conv3, original output shape: torch.Size([32, 512, 28, 28]), perturbed activation shape: torch.Size([2112, 512, 28, 28])
2026-02-13 04:03:52,879 - INFO - Applying perturbation for layer: layer3.0.conv1, original output shape: torch.Size([32, 256, 28, 28]), perturbed activation shape: torch.Size([2112, 256, 28, 28])
2026-02-13 04:03:52,903 - INFO - Applying perturbation for layer: layer2.3.conv3, original output shape: torch.Size([32, 512, 28, 28]), perturbed activation shape: torch.Size([2112, 512, 28, 28])
2026-02-13 04:03:52,903 - INFO - Applying perturbation for layer: layer3.0.conv1, original output shape: torch.Size([32, 256, 28, 28]), perturbed activation shape: torch.Size([2112, 256, 28, 28])
2026-02-13 04:03:52,927 - INFO - Applying perturbation for layer: layer2.3.conv3, original output shape: torch.Size([32, 512, 28, 28]), perturbed activation shape: torch.Size([2112, 512, 28, 28])
2026-02-13 04:03:52,927 - INFO - Applying perturbation for layer: layer3.0.conv1, original output shape: torch.Size([32, 256, 28, 28]), perturbed activation shape: torch.Size([2112, 256, 28, 28])
2026-02-13 04:03:52,951 - INFO - Applying perturbation for layer: layer2.3.conv3, original output shape: torch.Size([32, 512, 28, 28]), perturbed activation shape: torch.Size([2112, 512, 28, 28])
2026-02-13 04:03:52,951 - INFO - Applying perturbation for layer: layer3.0.conv1, original output shape: torch.Size([32, 256, 28, 28]), perturbed activation shape: torch.Size([2112, 256, 28, 28])
2026-02-13 04:03:52,975 - INFO - Applying perturbation for layer: layer2.3.conv3, original output shape: torch.Size([32, 512, 28, 28]), perturbed activation shape: torch.Size([2112, 512, 28, 28])
2026-02-13 04:03:52,975 - INFO - Applying perturbation for layer: layer3.0.conv1, original output shape: torch.Size([32, 256, 28, 28]), perturbed activation shape: torch.Size([2112, 256, 28, 28])
2026-02-13 04:03:52,999 - INFO - Applying perturbation for layer: layer2.3.conv3, original output shape: torch.Size([32, 512, 28, 28]), perturbed activation shape: torch.Size([2112, 512, 28, 28])
2026-02-13 04:03:52,999 - INFO - Applying perturbation for layer: layer3.0.conv1, original output shape: torch.Size([32, 256, 28, 28]), perturbed activation shape: torch.Size([2112, 256, 28, 28])
2026-02-13 04:03:53,023 - INFO - Applying perturbation for layer: layer2.3.conv3, original output shape: torch.Size([32, 512, 28, 28]), perturbed activation shape: torch.Size([2112, 512, 28, 28])
2026-02-13 04:03:53,023 - INFO - Applying perturbation for layer: layer3.0.conv1, original output shape: torch.Size([32, 256, 28, 28]), perturbed activation shape: torch.Size([2112, 256, 28, 28])
2026-02-13 04:03:53,047 - INFO - Applying perturbation for layer: layer2.3.conv3, original output shape: torch.Size([32, 512, 28, 28]), perturbed activation shape: torch.Size([2112, 512, 28, 28])
2026-02-13 04:03:53,047 - INFO - Applying perturbation for layer: layer3.0.conv1, original output shape: torch.Size([32, 256, 28, 28]), perturbed activation shape: torch.Size([2112, 256, 28, 28])
2026-02-13 04:03:53,071 - INFO - Applying perturbation for layer: layer2.3.conv3, original output shape: torch.Size([32, 512, 28, 28]), perturbed activation shape: torch.Size([2112, 512, 28, 28])
2026-02-13 04:03:53,071 - INFO - Applying perturbation for layer: layer3.0.conv1, original output shape: torch.Size([32, 256, 28, 28]), perturbed activation shape: torch.Size([2112, 256, 28, 28])
2026-02-13 04:03:53,095 - INFO - Applying perturbation for layer: layer2.3.conv3, original output shape: torch.Size([32, 512, 28, 28]), perturbed activation shape: torch.Size([2112, 512, 28, 28])
2026-02-13 04:03:53,095 - INFO - Applying perturbation for layer: layer3.0.conv1, original output shape: torch.Size([32, 256, 28, 28]), perturbed activation shape: torch.Size([2112, 256, 28, 28])
2026-02-13 04:03:53,119 - INFO - Applying perturbation for layer: layer2.3.conv3, original output shape: torch.Size([32, 512, 28, 28]), perturbed activation shape: torch.Size([2112, 512, 28, 28])
2026-02-13 04:03:53,119 - INFO - Applying perturbation for layer: layer3.0.conv1, original output shape: torch.Size([32, 256, 28, 28]), perturbed activation shape: torch.Size([2112, 256, 28, 28])
2026-02-13 04:03:53,143 - INFO - Applying perturbation for layer: layer2.3.conv3, original output shape: torch.Size([32, 512, 28, 28]), perturbed activation shape: torch.Size([2112, 512, 28, 28])
2026-02-13 04:03:53,143 - INFO - Applying perturbation for layer: layer3.0.conv1, original output shape: torch.Size([32, 256, 28, 28]), perturbed activation shape: torch.Size([2112, 256, 28, 28])
2026-02-13 04:03:53,167 - INFO - Applying perturbation for layer: layer2.3.conv3, original output shape: torch.Size([32, 512, 28, 28]), perturbed activation shape: torch.Size([2112, 512, 28, 28])
2026-02-13 04:03:53,167 - INFO - Applying perturbation for layer: layer3.0.conv1, original output shape: torch.Size([32, 256, 28, 28]), perturbed activation shape: torch.Size([2112, 256, 28, 28])
2026-02-13 04:03:53,191 - INFO - Applying perturbation for layer: layer2.3.conv3, original output shape: torch.Size([32, 512, 28, 28]), perturbed activation shape: torch.Size([2112, 512, 28, 28])
2026-02-13 04:03:53,191 - INFO - Applying perturbation for layer: layer3.0.conv1, original output shape: torch.Size([32, 256, 28, 28]), perturbed activation shape: torch.Size([2112, 256, 28, 28])
2026-02-13 04:03:53,215 - INFO - Applying perturbation for layer: layer2.3.conv3, original output shape: torch.Size([32, 512, 28, 28]), perturbed activation shape: torch.Size([2112, 512, 28, 28])
2026-02-13 04:03:53,215 - INFO - Applying perturbation for layer: layer3.0.conv1, original output shape: torch.Size([32, 256, 28, 28]), perturbed activation shape: torch.Size([2112, 256, 28, 28])
2026-02-13 04:03:53,239 - INFO - Applying perturbation for layer: layer2.3.conv3, original output shape: torch.Size([32, 512, 28, 28]), perturbed activation shape: torch.Size([2112, 512, 28, 28])
2026-02-13 04:03:53,239 - INFO - Applying perturbation for layer: layer3.0.conv1, original output shape: torch.Size([32, 256, 28, 28]), perturbed activation shape: torch.Size([2112, 256, 28, 28])
2026-02-13 04:03:53,263 - INFO - Applying perturbation for layer: layer2.3.conv3, original output shape: torch.Size([32, 512, 28, 28]), perturbed activation shape: torch.Size([2112, 512, 28, 28])
2026-02-13 04:03:53,263 - INFO - Applying perturbation for layer: layer3.0.conv1, original output shape: torch.Size([32, 256, 28, 28]), perturbed activation shape: torch.Size([2112, 256, 28, 28])
2026-02-13 04:03:53,287 - INFO - Applying perturbation for layer: layer2.3.conv3, original output shape: torch.Size([32, 512, 28, 28]), perturbed activation shape: torch.Size([2112, 512, 28, 28])
2026-02-13 04:03:53,288 - INFO - Applying perturbation for layer: layer3.0.conv1, original output shape: torch.Size([32, 256, 28, 28]), perturbed activation shape: torch.Size([2112, 256, 28, 28])
2026-02-13 04:03:53,311 - INFO - Applying perturbation for layer: layer2.3.conv3, original output shape: torch.Size([32, 512, 28, 28]), perturbed activation shape: torch.Size([2112, 512, 28, 28])
2026-02-13 04:03:53,312 - INFO - Applying perturbation for layer: layer3.0.conv1, original output shape: torch.Size([32, 256, 28, 28]), perturbed activation shape: torch.Size([2112, 256, 28, 28])
2026-02-13 04:03:53,335 - INFO - Applying perturbation for layer: layer2.3.conv3, original output shape: torch.Size([32, 512, 28, 28]), perturbed activation shape: torch.Size([2112, 512, 28, 28])
2026-02-13 04:03:53,336 - INFO - Applying perturbation for layer: layer3.0.conv1, original output shape: torch.Size([32, 256, 28, 28]), perturbed activation shape: torch.Size([2112, 256, 28, 28])
2026-02-13 04:03:53,360 - INFO - Applying perturbation for layer: layer2.3.conv3, original output shape: torch.Size([32, 512, 28, 28]), perturbed activation shape: torch.Size([2112, 512, 28, 28])
2026-02-13 04:03:53,360 - INFO - Applying perturbation for layer: layer3.0.conv1, original output shape: torch.Size([32, 256, 28, 28]), perturbed activation shape: torch.Size([2112, 256, 28, 28])
2026-02-13 04:03:53,384 - INFO - Applying perturbation for layer: layer2.3.conv3, original output shape: torch.Size([32, 512, 28, 28]), perturbed activation shape: torch.Size([2112, 512, 28, 28])
2026-02-13 04:03:53,384 - INFO - Applying perturbation for layer: layer3.0.conv1, original output shape: torch.Size([32, 256, 28, 28]), perturbed activation shape: torch.Size([2112, 256, 28, 28])
2026-02-13 04:03:53,408 - INFO - Applying perturbation for layer: layer2.3.conv3, original output shape: torch.Size([32, 512, 28, 28]), perturbed activation shape: torch.Size([2112, 512, 28, 28])
2026-02-13 04:03:53,408 - INFO - Applying perturbation for layer: layer3.0.conv1, original output shape: torch.Size([32, 256, 28, 28]), perturbed activation shape: torch.Size([2112, 256, 28, 28])
2026-02-13 04:03:53,432 - INFO - Applying perturbation for layer: layer2.3.conv3, original output shape: torch.Size([32, 512, 28, 28]), perturbed activation shape: torch.Size([2112, 512, 28, 28])
2026-02-13 04:03:53,432 - INFO - Applying perturbation for layer: layer3.0.conv1, original output shape: torch.Size([32, 256, 28, 28]), perturbed activation shape: torch.Size([2112, 256, 28, 28])
2026-02-13 04:03:53,456 - INFO - Applying perturbation for layer: layer2.3.conv3, original output shape: torch.Size([32, 512, 28, 28]), perturbed activation shape: torch.Size([2112, 512, 28, 28])
2026-02-13 04:03:53,456 - INFO - Applying perturbation for layer: layer3.0.conv1, original output shape: torch.Size([32, 256, 28, 28]), perturbed activation shape: torch.Size([2112, 256, 28, 28])
2026-02-13 04:03:53,480 - INFO - Applying perturbation for layer: layer2.3.conv3, original output shape: torch.Size([32, 512, 28, 28]), perturbed activation shape: torch.Size([2112, 512, 28, 28])
2026-02-13 04:03:53,480 - INFO - Applying perturbation for layer: layer3.0.conv1, original output shape: torch.Size([32, 256, 28, 28]), perturbed activation shape: torch.Size([2112, 256, 28, 28])
2026-02-13 04:03:53,504 - INFO - Applying perturbation for layer: layer2.3.conv3, original output shape: torch.Size([32, 512, 28, 28]), perturbed activation shape: torch.Size([2112, 512, 28, 28])
2026-02-13 04:03:53,504 - INFO - Applying perturbation for layer: layer3.0.conv1, original output shape: torch.Size([32, 256, 28, 28]), perturbed activation shape: torch.Size([2112, 256, 28, 28])
2026-02-13 04:03:53,528 - INFO - Applying perturbation for layer: layer2.3.conv3, original output shape: torch.Size([32, 512, 28, 28]), perturbed activation shape: torch.Size([2112, 512, 28, 28])
2026-02-13 04:03:53,528 - INFO - Applying perturbation for layer: layer3.0.conv1, original output shape: torch.Size([32, 256, 28, 28]), perturbed activation shape: torch.Size([2112, 256, 28, 28])
2026-02-13 04:03:53,552 - INFO - Applying perturbation for layer: layer2.3.conv3, original output shape: torch.Size([32, 512, 28, 28]), perturbed activation shape: torch.Size([2112, 512, 28, 28])
2026-02-13 04:03:53,552 - INFO - Applying perturbation for layer: layer3.0.conv1, original output shape: torch.Size([32, 256, 28, 28]), perturbed activation shape: torch.Size([2112, 256, 28, 28])
2026-02-13 04:03:53,576 - INFO - Applying perturbation for layer: layer2.3.conv3, original output shape: torch.Size([32, 512, 28, 28]), perturbed activation shape: torch.Size([2112, 512, 28, 28])
2026-02-13 04:03:53,576 - INFO - Applying perturbation for layer: layer3.0.conv1, original output shape: torch.Size([32, 256, 28, 28]), perturbed activation shape: torch.Size([2112, 256, 28, 28])
2026-02-13 04:03:53,600 - INFO - Applying perturbation for layer: layer2.3.conv3, original output shape: torch.Size([32, 512, 28, 28]), perturbed activation shape: torch.Size([2112, 512, 28, 28])
2026-02-13 04:03:53,600 - INFO - Applying perturbation for layer: layer3.0.conv1, original output shape: torch.Size([32, 256, 28, 28]), perturbed activation shape: torch.Size([2112, 256, 28, 28])
2026-02-13 04:03:53,886 - INFO - ================================================================================
2026-02-13 04:03:53,886 - INFO - Target layer found: layer1.2.conv3
2026-02-13 04:03:53,891 - INFO - Captured activation for layer: layer1.2.conv3,                 activation shape: torch.Size([32, 256, 56, 56])
2026-02-13 04:03:53,894 - INFO - Captured activation for layer: layer1.2.conv3, activation shape: torch.Size([32, 256, 56, 56])
2026-02-13 04:03:53,895 - INFO - Captured activation for layer: layer1.2.conv3,                 activation shape: torch.Size([32, 256, 56, 56])
2026-02-13 04:03:53,897 - INFO - Captured activation for layer: layer1.2.conv3, activation shape: torch.Size([32, 256, 56, 56])
2026-02-13 04:03:53,899 - INFO - Captured activation for layer: layer1.2.conv3,                 activation shape: torch.Size([32, 256, 56, 56])
2026-02-13 04:03:53,900 - INFO - Captured activation for layer: layer1.2.conv3, activation shape: torch.Size([32, 256, 56, 56])
2026-02-13 04:03:53,903 - INFO - Captured activation for layer: layer1.2.conv3,                 activation shape: torch.Size([32, 256, 56, 56])
2026-02-13 04:03:53,904 - INFO - Captured activation for layer: layer1.2.conv3, activation shape: torch.Size([32, 256, 56, 56])
2026-02-13 04:03:53,906 - INFO - Captured activation for layer: layer1.2.conv3,                 activation shape: torch.Size([32, 256, 56, 56])
2026-02-13 04:03:53,908 - INFO - Captured activation for layer: layer1.2.conv3, activation shape: torch.Size([32, 256, 56, 56])
2026-02-13 04:03:53,909 - INFO - Captured activation for layer: layer1.2.conv3,                 activation shape: torch.Size([32, 256, 56, 56])
2026-02-13 04:03:53,911 - INFO - Captured activation for layer: layer1.2.conv3, activation shape: torch.Size([32, 256, 56, 56])
2026-02-13 04:03:53,912 - INFO - Captured activation for layer: layer1.2.conv3,                 activation shape: torch.Size([32, 256, 56, 56])
2026-02-13 04:03:53,923 - INFO - Captured activation for layer: layer1.2.conv3, activation shape: torch.Size([32, 256, 56, 56])
2026-02-13 04:03:53,925 - INFO - Captured activation for layer: layer1.2.conv3,                 activation shape: torch.Size([32, 256, 56, 56])
2026-02-13 04:03:53,936 - INFO - Captured activation for layer: layer1.2.conv3, activation shape: torch.Size([32, 256, 56, 56])
2026-02-13 04:03:53,938 - INFO - Captured activation for layer: layer1.2.conv3,                 activation shape: torch.Size([32, 256, 56, 56])
2026-02-13 04:03:53,949 - INFO - Captured activation for layer: layer1.2.conv3, activation shape: torch.Size([32, 256, 56, 56])
2026-02-13 04:03:53,951 - INFO - Captured activation for layer: layer1.2.conv3,                 activation shape: torch.Size([32, 256, 56, 56])
2026-02-13 04:03:53,962 - INFO - Captured activation for layer: layer1.2.conv3, activation shape: torch.Size([32, 256, 56, 56])
2026-02-13 04:03:53,964 - INFO - Captured activation for layer: layer1.2.conv3,                 activation shape: torch.Size([32, 256, 56, 56])
2026-02-13 04:03:53,975 - INFO - Captured activation for layer: layer1.2.conv3, activation shape: torch.Size([32, 256, 56, 56])
2026-02-13 04:03:53,976 - INFO - Captured activation for layer: layer1.2.conv3,                 activation shape: torch.Size([32, 256, 56, 56])
2026-02-13 04:03:53,988 - INFO - Captured activation for layer: layer1.2.conv3, activation shape: torch.Size([32, 256, 56, 56])
2026-02-13 04:03:53,989 - INFO - Captured activation for layer: layer1.2.conv3,                 activation shape: torch.Size([32, 256, 56, 56])
2026-02-13 04:03:54,000 - INFO - Captured activation for layer: layer1.2.conv3, activation shape: torch.Size([32, 256, 56, 56])
2026-02-13 04:03:54,002 - INFO - Captured activation for layer: layer1.2.conv3,                 activation shape: torch.Size([32, 256, 56, 56])
2026-02-13 04:03:54,013 - INFO - Captured activation for layer: layer1.2.conv3, activation shape: torch.Size([32, 256, 56, 56])
2026-02-13 04:03:54,014 - INFO - Captured activation for layer: layer1.2.conv3,                 activation shape: torch.Size([32, 256, 56, 56])
2026-02-13 04:03:54,025 - INFO - Captured activation for layer: layer1.2.conv3, activation shape: torch.Size([32, 256, 56, 56])
2026-02-13 04:03:54,026 - INFO - Captured activation for layer: layer1.2.conv3,                 activation shape: torch.Size([32, 256, 56, 56])
2026-02-13 04:03:54,037 - INFO - Captured activation for layer: layer1.2.conv3, activation shape: torch.Size([32, 256, 56, 56])
2026-02-13 04:03:54,039 - INFO - Captured activation for layer: layer1.2.conv3,                 activation shape: torch.Size([32, 256, 56, 56])
2026-02-13 04:03:54,049 - INFO - Captured activation for layer: layer1.2.conv3, activation shape: torch.Size([32, 256, 56, 56])
2026-02-13 04:03:54,051 - INFO - Captured activation for layer: layer1.2.conv3,                 activation shape: torch.Size([32, 256, 56, 56])
2026-02-13 04:03:54,062 - INFO - Captured activation for layer: layer1.2.conv3, activation shape: torch.Size([32, 256, 56, 56])
2026-02-13 04:03:54,063 - INFO - Captured activation for layer: layer1.2.conv3,                 activation shape: torch.Size([32, 256, 56, 56])
2026-02-13 04:03:54,074 - INFO - Captured activation for layer: layer1.2.conv3, activation shape: torch.Size([32, 256, 56, 56])
2026-02-13 04:03:54,075 - INFO - Captured activation for layer: layer1.2.conv3,                 activation shape: torch.Size([32, 256, 56, 56])
2026-02-13 04:03:54,086 - INFO - Captured activation for layer: layer1.2.conv3, activation shape: torch.Size([32, 256, 56, 56])
2026-02-13 04:03:54,088 - INFO - Captured activation for layer: layer1.2.conv3,                 activation shape: torch.Size([32, 256, 56, 56])
2026-02-13 04:03:54,098 - INFO - Captured activation for layer: layer1.2.conv3, activation shape: torch.Size([32, 256, 56, 56])
2026-02-13 04:03:54,100 - INFO - Captured activation for layer: layer1.2.conv3,                 activation shape: torch.Size([32, 256, 56, 56])
2026-02-13 04:03:54,111 - INFO - Captured activation for layer: layer1.2.conv3, activation shape: torch.Size([32, 256, 56, 56])
2026-02-13 04:03:54,112 - INFO - Captured activation for layer: layer1.2.conv3,                 activation shape: torch.Size([32, 256, 56, 56])
2026-02-13 04:03:54,123 - INFO - Captured activation for layer: layer1.2.conv3, activation shape: torch.Size([32, 256, 56, 56])
2026-02-13 04:03:54,124 - INFO - Captured activation for layer: layer1.2.conv3,                 activation shape: torch.Size([32, 256, 56, 56])
2026-02-13 04:03:54,135 - INFO - Captured activation for layer: layer1.2.conv3, activation shape: torch.Size([32, 256, 56, 56])
2026-02-13 04:03:54,137 - INFO - Captured activation for layer: layer1.2.conv3,                 activation shape: torch.Size([32, 256, 56, 56])
2026-02-13 04:03:54,147 - INFO - Captured activation for layer: layer1.2.conv3, activation shape: torch.Size([32, 256, 56, 56])
2026-02-13 04:03:54,149 - INFO - Captured activation for layer: layer1.2.conv3,                 activation shape: torch.Size([32, 256, 56, 56])
2026-02-13 04:03:54,160 - INFO - Captured activation for layer: layer1.2.conv3, activation shape: torch.Size([32, 256, 56, 56])
2026-02-13 04:03:54,161 - INFO - Captured activation for layer: layer1.2.conv3,                 activation shape: torch.Size([32, 256, 56, 56])
2026-02-13 04:03:54,172 - INFO - Captured activation for layer: layer1.2.conv3, activation shape: torch.Size([32, 256, 56, 56])
2026-02-13 04:03:54,173 - INFO - Captured activation for layer: layer1.2.conv3,                 activation shape: torch.Size([32, 256, 56, 56])
2026-02-13 04:03:54,184 - INFO - Captured activation for layer: layer1.2.conv3, activation shape: torch.Size([32, 256, 56, 56])
2026-02-13 04:03:54,186 - INFO - Captured activation for layer: layer1.2.conv3,                 activation shape: torch.Size([32, 256, 56, 56])
2026-02-13 04:03:54,196 - INFO - Captured activation for layer: layer1.2.conv3, activation shape: torch.Size([32, 256, 56, 56])
2026-02-13 04:03:54,198 - INFO - Captured activation for layer: layer1.2.conv3,                 activation shape: torch.Size([32, 256, 56, 56])
2026-02-13 04:03:54,209 - INFO - Captured activation for layer: layer1.2.conv3, activation shape: torch.Size([32, 256, 56, 56])
2026-02-13 04:03:54,210 - INFO - Captured activation for layer: layer1.2.conv3,                 activation shape: torch.Size([32, 256, 56, 56])
2026-02-13 04:03:54,221 - INFO - Captured activation for layer: layer1.2.conv3, activation shape: torch.Size([32, 256, 56, 56])
2026-02-13 04:03:54,222 - INFO - Captured activation for layer: layer1.2.conv3,                 activation shape: torch.Size([32, 256, 56, 56])
2026-02-13 04:03:54,233 - INFO - Captured activation for layer: layer1.2.conv3, activation shape: torch.Size([32, 256, 56, 56])
2026-02-13 04:03:54,235 - INFO - Captured activation for layer: layer1.2.conv3,                 activation shape: torch.Size([32, 256, 56, 56])
2026-02-13 04:03:54,245 - INFO - Captured activation for layer: layer1.2.conv3, activation shape: torch.Size([32, 256, 56, 56])
2026-02-13 04:03:54,247 - INFO - Captured activation for layer: layer1.2.conv3,                 activation shape: torch.Size([32, 256, 56, 56])
2026-02-13 04:03:54,258 - INFO - Captured activation for layer: layer1.2.conv3, activation shape: torch.Size([32, 256, 56, 56])
2026-02-13 04:03:54,259 - INFO - Captured activation for layer: layer1.2.conv3,                 activation shape: torch.Size([32, 256, 56, 56])
2026-02-13 04:03:54,270 - INFO - Captured activation for layer: layer1.2.conv3, activation shape: torch.Size([32, 256, 56, 56])
2026-02-13 04:03:54,272 - INFO - Captured activation for layer: layer1.2.conv3,                 activation shape: torch.Size([32, 256, 56, 56])
2026-02-13 04:03:54,282 - INFO - Captured activation for layer: layer1.2.conv3, activation shape: torch.Size([32, 256, 56, 56])
2026-02-13 04:03:54,284 - INFO - Captured activation for layer: layer1.2.conv3,                 activation shape: torch.Size([32, 256, 56, 56])
2026-02-13 04:03:54,295 - INFO - Captured activation for layer: layer1.2.conv3, activation shape: torch.Size([32, 256, 56, 56])
2026-02-13 04:03:54,296 - INFO - Captured activation for layer: layer1.2.conv3,                 activation shape: torch.Size([32, 256, 56, 56])
2026-02-13 04:03:54,307 - INFO - Captured activation for layer: layer1.2.conv3, activation shape: torch.Size([32, 256, 56, 56])
2026-02-13 04:03:54,308 - INFO - Captured activation for layer: layer1.2.conv3,                 activation shape: torch.Size([32, 256, 56, 56])
2026-02-13 04:03:54,319 - INFO - Captured activation for layer: layer1.2.conv3, activation shape: torch.Size([32, 256, 56, 56])
2026-02-13 04:03:54,321 - INFO - Captured activation for layer: layer1.2.conv3,                 activation shape: torch.Size([32, 256, 56, 56])
2026-02-13 04:03:54,331 - INFO - Captured activation for layer: layer1.2.conv3, activation shape: torch.Size([32, 256, 56, 56])
2026-02-13 04:03:54,333 - INFO - Captured activation for layer: layer1.2.conv3,                 activation shape: torch.Size([32, 256, 56, 56])
2026-02-13 04:03:54,344 - INFO - Captured activation for layer: layer1.2.conv3, activation shape: torch.Size([32, 256, 56, 56])
2026-02-13 04:03:54,345 - INFO - Captured activation for layer: layer1.2.conv3,                 activation shape: torch.Size([32, 256, 56, 56])
2026-02-13 04:03:54,356 - INFO - Captured activation for layer: layer1.2.conv3, activation shape: torch.Size([32, 256, 56, 56])
2026-02-13 04:03:54,358 - INFO - Captured activation for layer: layer1.2.conv3,                 activation shape: torch.Size([32, 256, 56, 56])
2026-02-13 04:03:54,368 - INFO - Captured activation for layer: layer1.2.conv3, activation shape: torch.Size([32, 256, 56, 56])
2026-02-13 04:03:54,370 - INFO - Captured activation for layer: layer1.2.conv3,                 activation shape: torch.Size([32, 256, 56, 56])
2026-02-13 04:03:54,381 - INFO - Captured activation for layer: layer1.2.conv3, activation shape: torch.Size([32, 256, 56, 56])
2026-02-13 04:03:54,382 - INFO - Captured activation for layer: layer1.2.conv3,                 activation shape: torch.Size([32, 256, 56, 56])
2026-02-13 04:03:54,393 - INFO - Captured activation for layer: layer1.2.conv3, activation shape: torch.Size([32, 256, 56, 56])
2026-02-13 04:03:54,394 - INFO - Captured activation for layer: layer1.2.conv3,                 activation shape: torch.Size([32, 256, 56, 56])
2026-02-13 04:03:54,405 - INFO - Captured activation for layer: layer1.2.conv3, activation shape: torch.Size([32, 256, 56, 56])
2026-02-13 04:03:54,407 - INFO - Captured activation for layer: layer1.2.conv3,                 activation shape: torch.Size([32, 256, 56, 56])
2026-02-13 04:03:54,417 - INFO - Captured activation for layer: layer1.2.conv3, activation shape: torch.Size([32, 256, 56, 56])
2026-02-13 04:03:54,419 - INFO - Captured activation for layer: layer1.2.conv3,                 activation shape: torch.Size([32, 256, 56, 56])
2026-02-13 04:03:54,430 - INFO - Captured activation for layer: layer1.2.conv3, activation shape: torch.Size([32, 256, 56, 56])
2026-02-13 04:03:54,431 - INFO - Captured activation for layer: layer1.2.conv3,                 activation shape: torch.Size([32, 256, 56, 56])
2026-02-13 04:03:54,442 - INFO - Captured activation for layer: layer1.2.conv3, activation shape: torch.Size([32, 256, 56, 56])
2026-02-13 04:03:54,443 - INFO - Captured activation for layer: layer1.2.conv3,                 activation shape: torch.Size([32, 256, 56, 56])
2026-02-13 04:03:54,454 - INFO - Captured activation for layer: layer1.2.conv3, activation shape: torch.Size([32, 256, 56, 56])
2026-02-13 04:03:54,456 - INFO - Captured activation for layer: layer1.2.conv3,                 activation shape: torch.Size([32, 256, 56, 56])
2026-02-13 04:03:54,466 - INFO - Captured activation for layer: layer1.2.conv3, activation shape: torch.Size([32, 256, 56, 56])
2026-02-13 04:03:54,468 - INFO - Captured activation for layer: layer1.2.conv3,                 activation shape: torch.Size([32, 256, 56, 56])
2026-02-13 04:03:54,479 - INFO - Captured activation for layer: layer1.2.conv3, activation shape: torch.Size([32, 256, 56, 56])
2026-02-13 04:03:54,480 - INFO - Captured activation for layer: layer1.2.conv3,                 activation shape: torch.Size([32, 256, 56, 56])
2026-02-13 04:03:54,491 - INFO - Captured activation for layer: layer1.2.conv3, activation shape: torch.Size([32, 256, 56, 56])
2026-02-13 04:03:54,492 - INFO - Captured activation for layer: layer1.2.conv3,                 activation shape: torch.Size([32, 256, 56, 56])
2026-02-13 04:03:54,503 - INFO - Captured activation for layer: layer1.2.conv3, activation shape: torch.Size([32, 256, 56, 56])
2026-02-13 04:03:54,505 - INFO - Captured activation for layer: layer1.2.conv3,                 activation shape: torch.Size([32, 256, 56, 56])
2026-02-13 04:03:54,515 - INFO - Captured activation for layer: layer1.2.conv3, activation shape: torch.Size([32, 256, 56, 56])
2026-02-13 04:03:54,517 - INFO - Captured activation for layer: layer1.2.conv3,                 activation shape: torch.Size([32, 256, 56, 56])
2026-02-13 04:03:54,528 - INFO - Captured activation for layer: layer1.2.conv3, activation shape: torch.Size([32, 256, 56, 56])
2026-02-13 04:03:54,529 - INFO - Captured activation for layer: layer1.2.conv3,                 activation shape: torch.Size([32, 256, 56, 56])
2026-02-13 04:03:54,540 - INFO - Captured activation for layer: layer1.2.conv3, activation shape: torch.Size([32, 256, 56, 56])
2026-02-13 04:03:54,542 - INFO - Captured activation for layer: layer1.2.conv3,                 activation shape: torch.Size([32, 256, 56, 56])
2026-02-13 04:03:54,552 - INFO - Captured activation for layer: layer1.2.conv3, activation shape: torch.Size([32, 256, 56, 56])
2026-02-13 04:03:54,554 - INFO - Captured activation for layer: layer1.2.conv3,                 activation shape: torch.Size([32, 256, 56, 56])
2026-02-13 04:03:54,564 - INFO - Captured activation for layer: layer1.2.conv3, activation shape: torch.Size([32, 256, 56, 56])
2026-02-13 04:03:54,566 - INFO - Captured activation for layer: layer1.2.conv3,                 activation shape: torch.Size([32, 256, 56, 56])
2026-02-13 04:03:54,577 - INFO - Captured activation for layer: layer1.2.conv3, activation shape: torch.Size([32, 256, 56, 56])
2026-02-13 04:03:54,578 - INFO - Captured activation for layer: layer1.2.conv3,                 activation shape: torch.Size([32, 256, 56, 56])
2026-02-13 04:03:54,589 - INFO - Captured activation for layer: layer1.2.conv3, activation shape: torch.Size([32, 256, 56, 56])
2026-02-13 04:03:54,591 - INFO - Captured activation for layer: layer1.2.conv3,                 activation shape: torch.Size([32, 256, 56, 56])
2026-02-13 04:03:54,601 - INFO - Captured activation for layer: layer1.2.conv3, activation shape: torch.Size([32, 256, 56, 56])
2026-02-13 04:03:54,603 - INFO - Captured activation for layer: layer1.2.conv3,                 activation shape: torch.Size([32, 256, 56, 56])
2026-02-13 04:03:54,614 - INFO - Captured activation for layer: layer1.2.conv3, activation shape: torch.Size([32, 256, 56, 56])
2026-02-13 04:03:54,615 - INFO - Captured activation for layer: layer1.2.conv3,                 activation shape: torch.Size([32, 256, 56, 56])
2026-02-13 04:03:54,626 - INFO - Captured activation for layer: layer1.2.conv3, activation shape: torch.Size([32, 256, 56, 56])
2026-02-13 04:03:54,627 - INFO - Captured activation for layer: layer1.2.conv3,                 activation shape: torch.Size([32, 256, 56, 56])
2026-02-13 04:03:54,638 - INFO - Captured activation for layer: layer1.2.conv3, activation shape: torch.Size([32, 256, 56, 56])
2026-02-13 04:03:54,640 - INFO - Captured activation for layer: layer1.2.conv3,                 activation shape: torch.Size([32, 256, 56, 56])
2026-02-13 04:03:54,650 - INFO - Captured activation for layer: layer1.2.conv3, activation shape: torch.Size([32, 256, 56, 56])
2026-02-13 04:03:54,651 - INFO - Stacked activations shape for layer layer1.2.conv3: torch.Size([2112, 256, 56, 56])
2026-02-13 04:03:54,652 - INFO - Added Gaussian noise with std: 0.001
2026-02-13 04:03:54,809 - INFO - Perturbed activation  values: tensor([ 0.0042,  0.0023,  0.0065,  ..., -0.0345, -0.0909, -0.0660],
       device='cuda:0')
2026-02-13 04:03:54,819 - INFO - Standard deviation of activations for layer layer1.2.conv3: 0.0219
2026-02-13 04:03:54,819 - INFO - Checking normality of activations for layer layer1.2.conv3 using Shapiro-Wilk test.
2026-02-13 04:04:49,511 - INFO - Shapiro-Wilk test: statistic=0.8653, p-value=2.3808e-54
2026-02-13 04:04:49,512 - INFO - Normally distributed: False
2026-02-13 04:04:49,512 - INFO - Perturbed activation shape: torch.Size([2112, 256, 56, 56]), Std activation shape: torch.Size([1, 256, 56, 56])
2026-02-13 04:04:49,522 - INFO - Std activation sample values: tensor([0.0040, 0.0022, 0.0023, 0.0025, 0.0024], device='cuda:0')
2026-02-13 04:04:49,539 - INFO - Target layer found: layer2.3.conv3
2026-02-13 04:04:49,541 - INFO - Captured activation for layer: layer2.3.conv3,                 activation shape: torch.Size([32, 512, 28, 28])
2026-02-13 04:04:49,542 - INFO - Captured activation for layer: layer2.3.conv3, activation shape: torch.Size([32, 512, 28, 28])
2026-02-13 04:04:49,543 - INFO - Captured activation for layer: layer2.3.conv3,                 activation shape: torch.Size([32, 512, 28, 28])
2026-02-13 04:04:49,544 - INFO - Captured activation for layer: layer2.3.conv3, activation shape: torch.Size([32, 512, 28, 28])
2026-02-13 04:04:49,545 - INFO - Captured activation for layer: layer2.3.conv3,                 activation shape: torch.Size([32, 512, 28, 28])
2026-02-13 04:04:49,546 - INFO - Captured activation for layer: layer2.3.conv3, activation shape: torch.Size([32, 512, 28, 28])
2026-02-13 04:04:49,547 - INFO - Captured activation for layer: layer2.3.conv3,                 activation shape: torch.Size([32, 512, 28, 28])
2026-02-13 04:04:49,548 - INFO - Captured activation for layer: layer2.3.conv3, activation shape: torch.Size([32, 512, 28, 28])
2026-02-13 04:04:49,549 - INFO - Captured activation for layer: layer2.3.conv3,                 activation shape: torch.Size([32, 512, 28, 28])
2026-02-13 04:04:49,553 - INFO - Captured activation for layer: layer2.3.conv3, activation shape: torch.Size([32, 512, 28, 28])
2026-02-13 04:04:49,557 - INFO - Captured activation for layer: layer2.3.conv3,                 activation shape: torch.Size([32, 512, 28, 28])
2026-02-13 04:04:49,576 - INFO - Captured activation for layer: layer2.3.conv3, activation shape: torch.Size([32, 512, 28, 28])
2026-02-13 04:04:49,581 - INFO - Captured activation for layer: layer2.3.conv3,                 activation shape: torch.Size([32, 512, 28, 28])
2026-02-13 04:04:49,599 - INFO - Captured activation for layer: layer2.3.conv3, activation shape: torch.Size([32, 512, 28, 28])
2026-02-13 04:04:49,604 - INFO - Captured activation for layer: layer2.3.conv3,                 activation shape: torch.Size([32, 512, 28, 28])
2026-02-13 04:04:49,622 - INFO - Captured activation for layer: layer2.3.conv3, activation shape: torch.Size([32, 512, 28, 28])
2026-02-13 04:04:49,626 - INFO - Captured activation for layer: layer2.3.conv3,                 activation shape: torch.Size([32, 512, 28, 28])
2026-02-13 04:04:49,643 - INFO - Captured activation for layer: layer2.3.conv3, activation shape: torch.Size([32, 512, 28, 28])
2026-02-13 04:04:49,648 - INFO - Captured activation for layer: layer2.3.conv3,                 activation shape: torch.Size([32, 512, 28, 28])
2026-02-13 04:04:49,666 - INFO - Captured activation for layer: layer2.3.conv3, activation shape: torch.Size([32, 512, 28, 28])
2026-02-13 04:04:49,671 - INFO - Captured activation for layer: layer2.3.conv3,                 activation shape: torch.Size([32, 512, 28, 28])
2026-02-13 04:04:49,690 - INFO - Captured activation for layer: layer2.3.conv3, activation shape: torch.Size([32, 512, 28, 28])
2026-02-13 04:04:49,695 - INFO - Captured activation for layer: layer2.3.conv3,                 activation shape: torch.Size([32, 512, 28, 28])
2026-02-13 04:04:49,714 - INFO - Captured activation for layer: layer2.3.conv3, activation shape: torch.Size([32, 512, 28, 28])
2026-02-13 04:04:49,718 - INFO - Captured activation for layer: layer2.3.conv3,                 activation shape: torch.Size([32, 512, 28, 28])
2026-02-13 04:04:49,729 - INFO - Captured activation for layer: layer2.3.conv3, activation shape: torch.Size([32, 512, 28, 28])
2026-02-13 04:04:49,732 - INFO - Captured activation for layer: layer2.3.conv3,                 activation shape: torch.Size([32, 512, 28, 28])
2026-02-13 04:04:49,741 - INFO - Captured activation for layer: layer2.3.conv3, activation shape: torch.Size([32, 512, 28, 28])
2026-02-13 04:04:49,744 - INFO - Captured activation for layer: layer2.3.conv3,                 activation shape: torch.Size([32, 512, 28, 28])
2026-02-13 04:04:49,754 - INFO - Captured activation for layer: layer2.3.conv3, activation shape: torch.Size([32, 512, 28, 28])
2026-02-13 04:04:49,759 - INFO - Captured activation for layer: layer2.3.conv3,                 activation shape: torch.Size([32, 512, 28, 28])
2026-02-13 04:04:49,777 - INFO - Captured activation for layer: layer2.3.conv3, activation shape: torch.Size([32, 512, 28, 28])
2026-02-13 04:04:49,782 - INFO - Captured activation for layer: layer2.3.conv3,                 activation shape: torch.Size([32, 512, 28, 28])
2026-02-13 04:04:49,801 - INFO - Captured activation for layer: layer2.3.conv3, activation shape: torch.Size([32, 512, 28, 28])
2026-02-13 04:04:49,806 - INFO - Captured activation for layer: layer2.3.conv3,                 activation shape: torch.Size([32, 512, 28, 28])
2026-02-13 04:04:49,825 - INFO - Captured activation for layer: layer2.3.conv3, activation shape: torch.Size([32, 512, 28, 28])
2026-02-13 04:04:49,830 - INFO - Captured activation for layer: layer2.3.conv3,                 activation shape: torch.Size([32, 512, 28, 28])
2026-02-13 04:04:49,849 - INFO - Captured activation for layer: layer2.3.conv3, activation shape: torch.Size([32, 512, 28, 28])
2026-02-13 04:04:49,854 - INFO - Captured activation for layer: layer2.3.conv3,                 activation shape: torch.Size([32, 512, 28, 28])
2026-02-13 04:04:49,873 - INFO - Captured activation for layer: layer2.3.conv3, activation shape: torch.Size([32, 512, 28, 28])
2026-02-13 04:04:49,878 - INFO - Captured activation for layer: layer2.3.conv3,                 activation shape: torch.Size([32, 512, 28, 28])
2026-02-13 04:04:49,896 - INFO - Captured activation for layer: layer2.3.conv3, activation shape: torch.Size([32, 512, 28, 28])
2026-02-13 04:04:49,901 - INFO - Captured activation for layer: layer2.3.conv3,                 activation shape: torch.Size([32, 512, 28, 28])
2026-02-13 04:04:49,920 - INFO - Captured activation for layer: layer2.3.conv3, activation shape: torch.Size([32, 512, 28, 28])
2026-02-13 04:04:49,925 - INFO - Captured activation for layer: layer2.3.conv3,                 activation shape: torch.Size([32, 512, 28, 28])
2026-02-13 04:04:49,940 - INFO - Captured activation for layer: layer2.3.conv3, activation shape: torch.Size([32, 512, 28, 28])
2026-02-13 04:04:49,944 - INFO - Captured activation for layer: layer2.3.conv3,                 activation shape: torch.Size([32, 512, 28, 28])
2026-02-13 04:04:49,953 - INFO - Captured activation for layer: layer2.3.conv3, activation shape: torch.Size([32, 512, 28, 28])
2026-02-13 04:04:49,957 - INFO - Captured activation for layer: layer2.3.conv3,                 activation shape: torch.Size([32, 512, 28, 28])
2026-02-13 04:04:49,966 - INFO - Captured activation for layer: layer2.3.conv3, activation shape: torch.Size([32, 512, 28, 28])
2026-02-13 04:04:49,969 - INFO - Captured activation for layer: layer2.3.conv3,                 activation shape: torch.Size([32, 512, 28, 28])
2026-02-13 04:04:49,978 - INFO - Captured activation for layer: layer2.3.conv3, activation shape: torch.Size([32, 512, 28, 28])
2026-02-13 04:04:49,981 - INFO - Captured activation for layer: layer2.3.conv3,                 activation shape: torch.Size([32, 512, 28, 28])
2026-02-13 04:04:49,991 - INFO - Captured activation for layer: layer2.3.conv3, activation shape: torch.Size([32, 512, 28, 28])
2026-02-13 04:04:49,995 - INFO - Captured activation for layer: layer2.3.conv3,                 activation shape: torch.Size([32, 512, 28, 28])
2026-02-13 04:04:50,014 - INFO - Captured activation for layer: layer2.3.conv3, activation shape: torch.Size([32, 512, 28, 28])
2026-02-13 04:04:50,019 - INFO - Captured activation for layer: layer2.3.conv3,                 activation shape: torch.Size([32, 512, 28, 28])
2026-02-13 04:04:50,038 - INFO - Captured activation for layer: layer2.3.conv3, activation shape: torch.Size([32, 512, 28, 28])
2026-02-13 04:04:50,042 - INFO - Captured activation for layer: layer2.3.conv3,                 activation shape: torch.Size([32, 512, 28, 28])
2026-02-13 04:04:50,061 - INFO - Captured activation for layer: layer2.3.conv3, activation shape: torch.Size([32, 512, 28, 28])
2026-02-13 04:04:50,066 - INFO - Captured activation for layer: layer2.3.conv3,                 activation shape: torch.Size([32, 512, 28, 28])
2026-02-13 04:04:50,084 - INFO - Captured activation for layer: layer2.3.conv3, activation shape: torch.Size([32, 512, 28, 28])
2026-02-13 04:04:50,089 - INFO - Captured activation for layer: layer2.3.conv3,                 activation shape: torch.Size([32, 512, 28, 28])
2026-02-13 04:04:50,108 - INFO - Captured activation for layer: layer2.3.conv3, activation shape: torch.Size([32, 512, 28, 28])
2026-02-13 04:04:50,112 - INFO - Captured activation for layer: layer2.3.conv3,                 activation shape: torch.Size([32, 512, 28, 28])
2026-02-13 04:04:50,131 - INFO - Captured activation for layer: layer2.3.conv3, activation shape: torch.Size([32, 512, 28, 28])
2026-02-13 04:04:50,136 - INFO - Captured activation for layer: layer2.3.conv3,                 activation shape: torch.Size([32, 512, 28, 28])
2026-02-13 04:04:50,155 - INFO - Captured activation for layer: layer2.3.conv3, activation shape: torch.Size([32, 512, 28, 28])
2026-02-13 04:04:50,159 - INFO - Captured activation for layer: layer2.3.conv3,                 activation shape: torch.Size([32, 512, 28, 28])
2026-02-13 04:04:50,176 - INFO - Captured activation for layer: layer2.3.conv3, activation shape: torch.Size([32, 512, 28, 28])
2026-02-13 04:04:50,182 - INFO - Captured activation for layer: layer2.3.conv3,                 activation shape: torch.Size([32, 512, 28, 28])
2026-02-13 04:04:50,199 - INFO - Captured activation for layer: layer2.3.conv3, activation shape: torch.Size([32, 512, 28, 28])
2026-02-13 04:04:50,206 - INFO - Captured activation for layer: layer2.3.conv3,                 activation shape: torch.Size([32, 512, 28, 28])
2026-02-13 04:04:50,222 - INFO - Captured activation for layer: layer2.3.conv3, activation shape: torch.Size([32, 512, 28, 28])
2026-02-13 04:04:50,229 - INFO - Captured activation for layer: layer2.3.conv3,                 activation shape: torch.Size([32, 512, 28, 28])
2026-02-13 04:04:50,246 - INFO - Captured activation for layer: layer2.3.conv3, activation shape: torch.Size([32, 512, 28, 28])
2026-02-13 04:04:50,252 - INFO - Captured activation for layer: layer2.3.conv3,                 activation shape: torch.Size([32, 512, 28, 28])
2026-02-13 04:04:50,269 - INFO - Captured activation for layer: layer2.3.conv3, activation shape: torch.Size([32, 512, 28, 28])
2026-02-13 04:04:50,276 - INFO - Captured activation for layer: layer2.3.conv3,                 activation shape: torch.Size([32, 512, 28, 28])
2026-02-13 04:04:50,292 - INFO - Captured activation for layer: layer2.3.conv3, activation shape: torch.Size([32, 512, 28, 28])
2026-02-13 04:04:50,297 - INFO - Captured activation for layer: layer2.3.conv3,                 activation shape: torch.Size([32, 512, 28, 28])
2026-02-13 04:04:50,316 - INFO - Captured activation for layer: layer2.3.conv3, activation shape: torch.Size([32, 512, 28, 28])
2026-02-13 04:04:50,321 - INFO - Captured activation for layer: layer2.3.conv3,                 activation shape: torch.Size([32, 512, 28, 28])
2026-02-13 04:04:50,339 - INFO - Captured activation for layer: layer2.3.conv3, activation shape: torch.Size([32, 512, 28, 28])
2026-02-13 04:04:50,344 - INFO - Captured activation for layer: layer2.3.conv3,                 activation shape: torch.Size([32, 512, 28, 28])
2026-02-13 04:04:50,363 - INFO - Captured activation for layer: layer2.3.conv3, activation shape: torch.Size([32, 512, 28, 28])
2026-02-13 04:04:50,367 - INFO - Captured activation for layer: layer2.3.conv3,                 activation shape: torch.Size([32, 512, 28, 28])
2026-02-13 04:04:50,376 - INFO - Captured activation for layer: layer2.3.conv3, activation shape: torch.Size([32, 512, 28, 28])
2026-02-13 04:04:50,379 - INFO - Captured activation for layer: layer2.3.conv3,                 activation shape: torch.Size([32, 512, 28, 28])
2026-02-13 04:04:50,388 - INFO - Captured activation for layer: layer2.3.conv3, activation shape: torch.Size([32, 512, 28, 28])
2026-02-13 04:04:50,396 - INFO - Captured activation for layer: layer2.3.conv3,                 activation shape: torch.Size([32, 512, 28, 28])
2026-02-13 04:04:50,400 - INFO - Captured activation for layer: layer2.3.conv3, activation shape: torch.Size([32, 512, 28, 28])
2026-02-13 04:04:50,403 - INFO - Captured activation for layer: layer2.3.conv3,                 activation shape: torch.Size([32, 512, 28, 28])
2026-02-13 04:04:50,412 - INFO - Captured activation for layer: layer2.3.conv3, activation shape: torch.Size([32, 512, 28, 28])
2026-02-13 04:04:50,415 - INFO - Captured activation for layer: layer2.3.conv3,                 activation shape: torch.Size([32, 512, 28, 28])
2026-02-13 04:04:50,424 - INFO - Captured activation for layer: layer2.3.conv3, activation shape: torch.Size([32, 512, 28, 28])
2026-02-13 04:04:50,427 - INFO - Captured activation for layer: layer2.3.conv3,                 activation shape: torch.Size([32, 512, 28, 28])
2026-02-13 04:04:50,436 - INFO - Captured activation for layer: layer2.3.conv3, activation shape: torch.Size([32, 512, 28, 28])
2026-02-13 04:04:50,439 - INFO - Captured activation for layer: layer2.3.conv3,                 activation shape: torch.Size([32, 512, 28, 28])
2026-02-13 04:04:50,449 - INFO - Captured activation for layer: layer2.3.conv3, activation shape: torch.Size([32, 512, 28, 28])
2026-02-13 04:04:50,451 - INFO - Captured activation for layer: layer2.3.conv3,                 activation shape: torch.Size([32, 512, 28, 28])
2026-02-13 04:04:50,461 - INFO - Captured activation for layer: layer2.3.conv3, activation shape: torch.Size([32, 512, 28, 28])
2026-02-13 04:04:50,464 - INFO - Captured activation for layer: layer2.3.conv3,                 activation shape: torch.Size([32, 512, 28, 28])
2026-02-13 04:04:50,473 - INFO - Captured activation for layer: layer2.3.conv3, activation shape: torch.Size([32, 512, 28, 28])
2026-02-13 04:04:50,476 - INFO - Captured activation for layer: layer2.3.conv3,                 activation shape: torch.Size([32, 512, 28, 28])
2026-02-13 04:04:50,485 - INFO - Captured activation for layer: layer2.3.conv3, activation shape: torch.Size([32, 512, 28, 28])
2026-02-13 04:04:50,488 - INFO - Captured activation for layer: layer2.3.conv3,                 activation shape: torch.Size([32, 512, 28, 28])
2026-02-13 04:04:50,497 - INFO - Captured activation for layer: layer2.3.conv3, activation shape: torch.Size([32, 512, 28, 28])
2026-02-13 04:04:50,500 - INFO - Captured activation for layer: layer2.3.conv3,                 activation shape: torch.Size([32, 512, 28, 28])
2026-02-13 04:04:50,509 - INFO - Captured activation for layer: layer2.3.conv3, activation shape: torch.Size([32, 512, 28, 28])
2026-02-13 04:04:50,512 - INFO - Captured activation for layer: layer2.3.conv3,                 activation shape: torch.Size([32, 512, 28, 28])
2026-02-13 04:04:50,521 - INFO - Captured activation for layer: layer2.3.conv3, activation shape: torch.Size([32, 512, 28, 28])
2026-02-13 04:04:50,524 - INFO - Captured activation for layer: layer2.3.conv3,                 activation shape: torch.Size([32, 512, 28, 28])
2026-02-13 04:04:50,533 - INFO - Captured activation for layer: layer2.3.conv3, activation shape: torch.Size([32, 512, 28, 28])
2026-02-13 04:04:50,536 - INFO - Captured activation for layer: layer2.3.conv3,                 activation shape: torch.Size([32, 512, 28, 28])
2026-02-13 04:04:50,545 - INFO - Captured activation for layer: layer2.3.conv3, activation shape: torch.Size([32, 512, 28, 28])
2026-02-13 04:04:50,548 - INFO - Captured activation for layer: layer2.3.conv3,                 activation shape: torch.Size([32, 512, 28, 28])
2026-02-13 04:04:50,557 - INFO - Captured activation for layer: layer2.3.conv3, activation shape: torch.Size([32, 512, 28, 28])
2026-02-13 04:04:50,560 - INFO - Captured activation for layer: layer2.3.conv3,                 activation shape: torch.Size([32, 512, 28, 28])
2026-02-13 04:04:50,569 - INFO - Captured activation for layer: layer2.3.conv3, activation shape: torch.Size([32, 512, 28, 28])
2026-02-13 04:04:50,572 - INFO - Captured activation for layer: layer2.3.conv3,                 activation shape: torch.Size([32, 512, 28, 28])
2026-02-13 04:04:50,582 - INFO - Captured activation for layer: layer2.3.conv3, activation shape: torch.Size([32, 512, 28, 28])
2026-02-13 04:04:50,584 - INFO - Captured activation for layer: layer2.3.conv3,                 activation shape: torch.Size([32, 512, 28, 28])
2026-02-13 04:04:50,594 - INFO - Captured activation for layer: layer2.3.conv3, activation shape: torch.Size([32, 512, 28, 28])
2026-02-13 04:04:50,596 - INFO - Captured activation for layer: layer2.3.conv3,                 activation shape: torch.Size([32, 512, 28, 28])
2026-02-13 04:04:50,606 - INFO - Captured activation for layer: layer2.3.conv3, activation shape: torch.Size([32, 512, 28, 28])
2026-02-13 04:04:50,609 - INFO - Captured activation for layer: layer2.3.conv3,                 activation shape: torch.Size([32, 512, 28, 28])
2026-02-13 04:04:50,618 - INFO - Captured activation for layer: layer2.3.conv3, activation shape: torch.Size([32, 512, 28, 28])
2026-02-13 04:04:50,621 - INFO - Captured activation for layer: layer2.3.conv3,                 activation shape: torch.Size([32, 512, 28, 28])
2026-02-13 04:04:50,630 - INFO - Captured activation for layer: layer2.3.conv3, activation shape: torch.Size([32, 512, 28, 28])
2026-02-13 04:04:50,633 - INFO - Captured activation for layer: layer2.3.conv3,                 activation shape: torch.Size([32, 512, 28, 28])
2026-02-13 04:04:50,642 - INFO - Captured activation for layer: layer2.3.conv3, activation shape: torch.Size([32, 512, 28, 28])
2026-02-13 04:04:50,642 - INFO - Stacked activations shape for layer layer2.3.conv3: torch.Size([2112, 512, 28, 28])
2026-02-13 04:04:50,642 - INFO - Added Gaussian noise with std: 0.001
2026-02-13 04:04:50,747 - INFO - Perturbed activation  values: tensor([ 0.0067, -0.0087, -0.0120,  ...,  0.0011, -0.0020, -0.0072],
       device='cuda:0')
2026-02-13 04:04:50,752 - INFO - Standard deviation of activations for layer layer2.3.conv3: 0.0294
2026-02-13 04:04:50,752 - INFO - Checking normality of activations for layer layer2.3.conv3 using Shapiro-Wilk test.
2026-02-13 04:05:17,587 - INFO - Shapiro-Wilk test: statistic=0.9585, p-value=1.4341e-35
2026-02-13 04:05:17,587 - INFO - Normally distributed: False
2026-02-13 04:05:17,587 - INFO - Perturbed activation shape: torch.Size([2112, 512, 28, 28]), Std activation shape: torch.Size([1, 512, 28, 28])
2026-02-13 04:05:17,597 - INFO - Std activation sample values: tensor([0.0097, 0.0088, 0.0095, 0.0096, 0.0097], device='cuda:0')
2026-02-13 04:05:17,606 - INFO - Target layer found: layer3.0.conv1
2026-02-13 04:05:17,607 - INFO - Captured activation for layer: layer3.0.conv1,                 activation shape: torch.Size([32, 256, 28, 28])
2026-02-13 04:05:17,609 - INFO - Captured activation for layer: layer3.0.conv1, activation shape: torch.Size([32, 256, 28, 28])
2026-02-13 04:05:17,610 - INFO - Captured activation for layer: layer3.0.conv1,                 activation shape: torch.Size([32, 256, 28, 28])
2026-02-13 04:05:17,611 - INFO - Captured activation for layer: layer3.0.conv1, activation shape: torch.Size([32, 256, 28, 28])
2026-02-13 04:05:17,612 - INFO - Captured activation for layer: layer3.0.conv1,                 activation shape: torch.Size([32, 256, 28, 28])
2026-02-13 04:05:17,613 - INFO - Captured activation for layer: layer3.0.conv1, activation shape: torch.Size([32, 256, 28, 28])
2026-02-13 04:05:17,614 - INFO - Captured activation for layer: layer3.0.conv1,                 activation shape: torch.Size([32, 256, 28, 28])
2026-02-13 04:05:17,615 - INFO - Captured activation for layer: layer3.0.conv1, activation shape: torch.Size([32, 256, 28, 28])
2026-02-13 04:05:17,616 - INFO - Captured activation for layer: layer3.0.conv1,                 activation shape: torch.Size([32, 256, 28, 28])
2026-02-13 04:05:17,630 - INFO - Captured activation for layer: layer3.0.conv1, activation shape: torch.Size([32, 256, 28, 28])
2026-02-13 04:05:17,642 - INFO - Captured activation for layer: layer3.0.conv1,                 activation shape: torch.Size([32, 256, 28, 28])
2026-02-13 04:05:17,670 - INFO - Captured activation for layer: layer3.0.conv1, activation shape: torch.Size([32, 256, 28, 28])
2026-02-13 04:05:17,678 - INFO - Captured activation for layer: layer3.0.conv1,                 activation shape: torch.Size([32, 256, 28, 28])
2026-02-13 04:05:17,710 - INFO - Captured activation for layer: layer3.0.conv1, activation shape: torch.Size([32, 256, 28, 28])
2026-02-13 04:05:17,717 - INFO - Captured activation for layer: layer3.0.conv1,                 activation shape: torch.Size([32, 256, 28, 28])
2026-02-13 04:05:17,750 - INFO - Captured activation for layer: layer3.0.conv1, activation shape: torch.Size([32, 256, 28, 28])
2026-02-13 04:05:17,758 - INFO - Captured activation for layer: layer3.0.conv1,                 activation shape: torch.Size([32, 256, 28, 28])
2026-02-13 04:05:17,790 - INFO - Captured activation for layer: layer3.0.conv1, activation shape: torch.Size([32, 256, 28, 28])
2026-02-13 04:05:17,798 - INFO - Captured activation for layer: layer3.0.conv1,                 activation shape: torch.Size([32, 256, 28, 28])
2026-02-13 04:05:17,826 - INFO - Captured activation for layer: layer3.0.conv1, activation shape: torch.Size([32, 256, 28, 28])
2026-02-13 04:05:17,832 - INFO - Captured activation for layer: layer3.0.conv1,                 activation shape: torch.Size([32, 256, 28, 28])
2026-02-13 04:05:17,853 - INFO - Captured activation for layer: layer3.0.conv1, activation shape: torch.Size([32, 256, 28, 28])
2026-02-13 04:05:17,859 - INFO - Captured activation for layer: layer3.0.conv1,                 activation shape: torch.Size([32, 256, 28, 28])
2026-02-13 04:05:17,880 - INFO - Captured activation for layer: layer3.0.conv1, activation shape: torch.Size([32, 256, 28, 28])
2026-02-13 04:05:17,886 - INFO - Captured activation for layer: layer3.0.conv1,                 activation shape: torch.Size([32, 256, 28, 28])
2026-02-13 04:05:17,907 - INFO - Captured activation for layer: layer3.0.conv1, activation shape: torch.Size([32, 256, 28, 28])
2026-02-13 04:05:17,912 - INFO - Captured activation for layer: layer3.0.conv1,                 activation shape: torch.Size([32, 256, 28, 28])
2026-02-13 04:05:17,934 - INFO - Captured activation for layer: layer3.0.conv1, activation shape: torch.Size([32, 256, 28, 28])
2026-02-13 04:05:17,939 - INFO - Captured activation for layer: layer3.0.conv1,                 activation shape: torch.Size([32, 256, 28, 28])
2026-02-13 04:05:17,960 - INFO - Captured activation for layer: layer3.0.conv1, activation shape: torch.Size([32, 256, 28, 28])
2026-02-13 04:05:17,966 - INFO - Captured activation for layer: layer3.0.conv1,                 activation shape: torch.Size([32, 256, 28, 28])
2026-02-13 04:05:17,987 - INFO - Captured activation for layer: layer3.0.conv1, activation shape: torch.Size([32, 256, 28, 28])
2026-02-13 04:05:17,993 - INFO - Captured activation for layer: layer3.0.conv1,                 activation shape: torch.Size([32, 256, 28, 28])
2026-02-13 04:05:18,014 - INFO - Captured activation for layer: layer3.0.conv1, activation shape: torch.Size([32, 256, 28, 28])
2026-02-13 04:05:18,019 - INFO - Captured activation for layer: layer3.0.conv1,                 activation shape: torch.Size([32, 256, 28, 28])
2026-02-13 04:05:18,041 - INFO - Captured activation for layer: layer3.0.conv1, activation shape: torch.Size([32, 256, 28, 28])
2026-02-13 04:05:18,046 - INFO - Captured activation for layer: layer3.0.conv1,                 activation shape: torch.Size([32, 256, 28, 28])
2026-02-13 04:05:18,067 - INFO - Captured activation for layer: layer3.0.conv1, activation shape: torch.Size([32, 256, 28, 28])
2026-02-13 04:05:18,073 - INFO - Captured activation for layer: layer3.0.conv1,                 activation shape: torch.Size([32, 256, 28, 28])
2026-02-13 04:05:18,094 - INFO - Captured activation for layer: layer3.0.conv1, activation shape: torch.Size([32, 256, 28, 28])
2026-02-13 04:05:18,100 - INFO - Captured activation for layer: layer3.0.conv1,                 activation shape: torch.Size([32, 256, 28, 28])
2026-02-13 04:05:18,117 - INFO - Captured activation for layer: layer3.0.conv1, activation shape: torch.Size([32, 256, 28, 28])
2026-02-13 04:05:18,121 - INFO - Captured activation for layer: layer3.0.conv1,                 activation shape: torch.Size([32, 256, 28, 28])
2026-02-13 04:05:18,131 - INFO - Captured activation for layer: layer3.0.conv1, activation shape: torch.Size([32, 256, 28, 28])
2026-02-13 04:05:18,134 - INFO - Captured activation for layer: layer3.0.conv1,                 activation shape: torch.Size([32, 256, 28, 28])
2026-02-13 04:05:18,143 - INFO - Captured activation for layer: layer3.0.conv1, activation shape: torch.Size([32, 256, 28, 28])
2026-02-13 04:05:18,146 - INFO - Captured activation for layer: layer3.0.conv1,                 activation shape: torch.Size([32, 256, 28, 28])
2026-02-13 04:05:18,155 - INFO - Captured activation for layer: layer3.0.conv1, activation shape: torch.Size([32, 256, 28, 28])
2026-02-13 04:05:18,158 - INFO - Captured activation for layer: layer3.0.conv1,                 activation shape: torch.Size([32, 256, 28, 28])
2026-02-13 04:05:18,167 - INFO - Captured activation for layer: layer3.0.conv1, activation shape: torch.Size([32, 256, 28, 28])
2026-02-13 04:05:18,170 - INFO - Captured activation for layer: layer3.0.conv1,                 activation shape: torch.Size([32, 256, 28, 28])
2026-02-13 04:05:18,179 - INFO - Captured activation for layer: layer3.0.conv1, activation shape: torch.Size([32, 256, 28, 28])
2026-02-13 04:05:18,182 - INFO - Captured activation for layer: layer3.0.conv1,                 activation shape: torch.Size([32, 256, 28, 28])
2026-02-13 04:05:18,191 - INFO - Captured activation for layer: layer3.0.conv1, activation shape: torch.Size([32, 256, 28, 28])
2026-02-13 04:05:18,194 - INFO - Captured activation for layer: layer3.0.conv1,                 activation shape: torch.Size([32, 256, 28, 28])
2026-02-13 04:05:18,203 - INFO - Captured activation for layer: layer3.0.conv1, activation shape: torch.Size([32, 256, 28, 28])
2026-02-13 04:05:18,206 - INFO - Captured activation for layer: layer3.0.conv1,                 activation shape: torch.Size([32, 256, 28, 28])
2026-02-13 04:05:18,215 - INFO - Captured activation for layer: layer3.0.conv1, activation shape: torch.Size([32, 256, 28, 28])
2026-02-13 04:05:18,218 - INFO - Captured activation for layer: layer3.0.conv1,                 activation shape: torch.Size([32, 256, 28, 28])
2026-02-13 04:05:18,227 - INFO - Captured activation for layer: layer3.0.conv1, activation shape: torch.Size([32, 256, 28, 28])
2026-02-13 04:05:18,231 - INFO - Captured activation for layer: layer3.0.conv1,                 activation shape: torch.Size([32, 256, 28, 28])
2026-02-13 04:05:18,239 - INFO - Captured activation for layer: layer3.0.conv1, activation shape: torch.Size([32, 256, 28, 28])
2026-02-13 04:05:18,242 - INFO - Captured activation for layer: layer3.0.conv1,                 activation shape: torch.Size([32, 256, 28, 28])
2026-02-13 04:05:18,251 - INFO - Captured activation for layer: layer3.0.conv1, activation shape: torch.Size([32, 256, 28, 28])
2026-02-13 04:05:18,254 - INFO - Captured activation for layer: layer3.0.conv1,                 activation shape: torch.Size([32, 256, 28, 28])
2026-02-13 04:05:18,263 - INFO - Captured activation for layer: layer3.0.conv1, activation shape: torch.Size([32, 256, 28, 28])
2026-02-13 04:05:18,266 - INFO - Captured activation for layer: layer3.0.conv1,                 activation shape: torch.Size([32, 256, 28, 28])
2026-02-13 04:05:18,275 - INFO - Captured activation for layer: layer3.0.conv1, activation shape: torch.Size([32, 256, 28, 28])
2026-02-13 04:05:18,278 - INFO - Captured activation for layer: layer3.0.conv1,                 activation shape: torch.Size([32, 256, 28, 28])
2026-02-13 04:05:18,287 - INFO - Captured activation for layer: layer3.0.conv1, activation shape: torch.Size([32, 256, 28, 28])
2026-02-13 04:05:18,290 - INFO - Captured activation for layer: layer3.0.conv1,                 activation shape: torch.Size([32, 256, 28, 28])
2026-02-13 04:05:18,299 - INFO - Captured activation for layer: layer3.0.conv1, activation shape: torch.Size([32, 256, 28, 28])
2026-02-13 04:05:18,302 - INFO - Captured activation for layer: layer3.0.conv1,                 activation shape: torch.Size([32, 256, 28, 28])
2026-02-13 04:05:18,311 - INFO - Captured activation for layer: layer3.0.conv1, activation shape: torch.Size([32, 256, 28, 28])
2026-02-13 04:05:18,314 - INFO - Captured activation for layer: layer3.0.conv1,                 activation shape: torch.Size([32, 256, 28, 28])
2026-02-13 04:05:18,323 - INFO - Captured activation for layer: layer3.0.conv1, activation shape: torch.Size([32, 256, 28, 28])
2026-02-13 04:05:18,326 - INFO - Captured activation for layer: layer3.0.conv1,                 activation shape: torch.Size([32, 256, 28, 28])
2026-02-13 04:05:18,335 - INFO - Captured activation for layer: layer3.0.conv1, activation shape: torch.Size([32, 256, 28, 28])
2026-02-13 04:05:18,338 - INFO - Captured activation for layer: layer3.0.conv1,                 activation shape: torch.Size([32, 256, 28, 28])
2026-02-13 04:05:18,347 - INFO - Captured activation for layer: layer3.0.conv1, activation shape: torch.Size([32, 256, 28, 28])
2026-02-13 04:05:18,350 - INFO - Captured activation for layer: layer3.0.conv1,                 activation shape: torch.Size([32, 256, 28, 28])
2026-02-13 04:05:18,359 - INFO - Captured activation for layer: layer3.0.conv1, activation shape: torch.Size([32, 256, 28, 28])
2026-02-13 04:05:18,362 - INFO - Captured activation for layer: layer3.0.conv1,                 activation shape: torch.Size([32, 256, 28, 28])
2026-02-13 04:05:18,371 - INFO - Captured activation for layer: layer3.0.conv1, activation shape: torch.Size([32, 256, 28, 28])
2026-02-13 04:05:18,374 - INFO - Captured activation for layer: layer3.0.conv1,                 activation shape: torch.Size([32, 256, 28, 28])
2026-02-13 04:05:18,383 - INFO - Captured activation for layer: layer3.0.conv1, activation shape: torch.Size([32, 256, 28, 28])
2026-02-13 04:05:18,386 - INFO - Captured activation for layer: layer3.0.conv1,                 activation shape: torch.Size([32, 256, 28, 28])
2026-02-13 04:05:18,395 - INFO - Captured activation for layer: layer3.0.conv1, activation shape: torch.Size([32, 256, 28, 28])
2026-02-13 04:05:18,398 - INFO - Captured activation for layer: layer3.0.conv1,                 activation shape: torch.Size([32, 256, 28, 28])
2026-02-13 04:05:18,407 - INFO - Captured activation for layer: layer3.0.conv1, activation shape: torch.Size([32, 256, 28, 28])
2026-02-13 04:05:18,410 - INFO - Captured activation for layer: layer3.0.conv1,                 activation shape: torch.Size([32, 256, 28, 28])
2026-02-13 04:05:18,419 - INFO - Captured activation for layer: layer3.0.conv1, activation shape: torch.Size([32, 256, 28, 28])
2026-02-13 04:05:18,422 - INFO - Captured activation for layer: layer3.0.conv1,                 activation shape: torch.Size([32, 256, 28, 28])
2026-02-13 04:05:18,431 - INFO - Captured activation for layer: layer3.0.conv1, activation shape: torch.Size([32, 256, 28, 28])
2026-02-13 04:05:18,434 - INFO - Captured activation for layer: layer3.0.conv1,                 activation shape: torch.Size([32, 256, 28, 28])
2026-02-13 04:05:18,443 - INFO - Captured activation for layer: layer3.0.conv1, activation shape: torch.Size([32, 256, 28, 28])
2026-02-13 04:05:18,446 - INFO - Captured activation for layer: layer3.0.conv1,                 activation shape: torch.Size([32, 256, 28, 28])
2026-02-13 04:05:18,455 - INFO - Captured activation for layer: layer3.0.conv1, activation shape: torch.Size([32, 256, 28, 28])
2026-02-13 04:05:18,458 - INFO - Captured activation for layer: layer3.0.conv1,                 activation shape: torch.Size([32, 256, 28, 28])
2026-02-13 04:05:18,467 - INFO - Captured activation for layer: layer3.0.conv1, activation shape: torch.Size([32, 256, 28, 28])
2026-02-13 04:05:18,470 - INFO - Captured activation for layer: layer3.0.conv1,                 activation shape: torch.Size([32, 256, 28, 28])
2026-02-13 04:05:18,479 - INFO - Captured activation for layer: layer3.0.conv1, activation shape: torch.Size([32, 256, 28, 28])
2026-02-13 04:05:18,482 - INFO - Captured activation for layer: layer3.0.conv1,                 activation shape: torch.Size([32, 256, 28, 28])
2026-02-13 04:05:18,491 - INFO - Captured activation for layer: layer3.0.conv1, activation shape: torch.Size([32, 256, 28, 28])
2026-02-13 04:05:18,494 - INFO - Captured activation for layer: layer3.0.conv1,                 activation shape: torch.Size([32, 256, 28, 28])
2026-02-13 04:05:18,503 - INFO - Captured activation for layer: layer3.0.conv1, activation shape: torch.Size([32, 256, 28, 28])
2026-02-13 04:05:18,506 - INFO - Captured activation for layer: layer3.0.conv1,                 activation shape: torch.Size([32, 256, 28, 28])
2026-02-13 04:05:18,515 - INFO - Captured activation for layer: layer3.0.conv1, activation shape: torch.Size([32, 256, 28, 28])
2026-02-13 04:05:18,518 - INFO - Captured activation for layer: layer3.0.conv1,                 activation shape: torch.Size([32, 256, 28, 28])
2026-02-13 04:05:18,527 - INFO - Captured activation for layer: layer3.0.conv1, activation shape: torch.Size([32, 256, 28, 28])
2026-02-13 04:05:18,530 - INFO - Captured activation for layer: layer3.0.conv1,                 activation shape: torch.Size([32, 256, 28, 28])
2026-02-13 04:05:18,539 - INFO - Captured activation for layer: layer3.0.conv1, activation shape: torch.Size([32, 256, 28, 28])
2026-02-13 04:05:18,542 - INFO - Captured activation for layer: layer3.0.conv1,                 activation shape: torch.Size([32, 256, 28, 28])
2026-02-13 04:05:18,551 - INFO - Captured activation for layer: layer3.0.conv1, activation shape: torch.Size([32, 256, 28, 28])
2026-02-13 04:05:18,554 - INFO - Captured activation for layer: layer3.0.conv1,                 activation shape: torch.Size([32, 256, 28, 28])
2026-02-13 04:05:18,563 - INFO - Captured activation for layer: layer3.0.conv1, activation shape: torch.Size([32, 256, 28, 28])
2026-02-13 04:05:18,566 - INFO - Captured activation for layer: layer3.0.conv1,                 activation shape: torch.Size([32, 256, 28, 28])
2026-02-13 04:05:18,575 - INFO - Captured activation for layer: layer3.0.conv1, activation shape: torch.Size([32, 256, 28, 28])
2026-02-13 04:05:18,578 - INFO - Captured activation for layer: layer3.0.conv1,                 activation shape: torch.Size([32, 256, 28, 28])
2026-02-13 04:05:18,587 - INFO - Captured activation for layer: layer3.0.conv1, activation shape: torch.Size([32, 256, 28, 28])
2026-02-13 04:05:18,590 - INFO - Captured activation for layer: layer3.0.conv1,                 activation shape: torch.Size([32, 256, 28, 28])
2026-02-13 04:05:18,599 - INFO - Captured activation for layer: layer3.0.conv1, activation shape: torch.Size([32, 256, 28, 28])
2026-02-13 04:05:18,602 - INFO - Captured activation for layer: layer3.0.conv1,                 activation shape: torch.Size([32, 256, 28, 28])
2026-02-13 04:05:18,611 - INFO - Captured activation for layer: layer3.0.conv1, activation shape: torch.Size([32, 256, 28, 28])
2026-02-13 04:05:18,614 - INFO - Captured activation for layer: layer3.0.conv1,                 activation shape: torch.Size([32, 256, 28, 28])
2026-02-13 04:05:18,623 - INFO - Captured activation for layer: layer3.0.conv1, activation shape: torch.Size([32, 256, 28, 28])
2026-02-13 04:05:18,626 - INFO - Captured activation for layer: layer3.0.conv1,                 activation shape: torch.Size([32, 256, 28, 28])
2026-02-13 04:05:18,635 - INFO - Captured activation for layer: layer3.0.conv1, activation shape: torch.Size([32, 256, 28, 28])
2026-02-13 04:05:18,638 - INFO - Captured activation for layer: layer3.0.conv1,                 activation shape: torch.Size([32, 256, 28, 28])
2026-02-13 04:05:18,647 - INFO - Captured activation for layer: layer3.0.conv1, activation shape: torch.Size([32, 256, 28, 28])
2026-02-13 04:05:18,650 - INFO - Captured activation for layer: layer3.0.conv1,                 activation shape: torch.Size([32, 256, 28, 28])
2026-02-13 04:05:18,659 - INFO - Captured activation for layer: layer3.0.conv1, activation shape: torch.Size([32, 256, 28, 28])
2026-02-13 04:05:18,659 - INFO - Stacked activations shape for layer layer3.0.conv1: torch.Size([2112, 256, 28, 28])
2026-02-13 04:05:18,659 - INFO - Added Gaussian noise with std: 0.001
2026-02-13 04:05:18,738 - INFO - Perturbed activation  values: tensor([-0.0789, -0.0875, -0.0232,  ..., -0.0915, -0.0283,  0.0634],
       device='cuda:0')
2026-02-13 04:05:18,740 - INFO - Standard deviation of activations for layer layer3.0.conv1: 0.1637
2026-02-13 04:05:18,740 - INFO - Checking normality of activations for layer layer3.0.conv1 using Shapiro-Wilk test.
2026-02-13 04:05:32,018 - INFO - Shapiro-Wilk test: statistic=0.9971, p-value=2.6778e-08
2026-02-13 04:05:32,018 - INFO - Normally distributed: False
2026-02-13 04:05:32,018 - INFO - Perturbed activation shape: torch.Size([2112, 256, 28, 28]), Std activation shape: torch.Size([1, 256, 28, 28])
2026-02-13 04:05:32,044 - INFO - Std activation sample values: tensor([0.1151, 0.1471, 0.1490, 0.1494, 0.1503], device='cuda:0')
2026-02-13 04:05:32,052 - INFO - Applying perturbation for layer: layer1.2.conv3, original output shape: torch.Size([32, 256, 56, 56]), perturbed activation shape: torch.Size([2112, 256, 56, 56])
2026-02-13 04:05:32,053 - INFO - Applying perturbation for layer: layer2.3.conv3, original output shape: torch.Size([32, 512, 28, 28]), perturbed activation shape: torch.Size([2112, 512, 28, 28])
2026-02-13 04:05:32,053 - INFO - Applying perturbation for layer: layer3.0.conv1, original output shape: torch.Size([32, 256, 28, 28]), perturbed activation shape: torch.Size([2112, 256, 28, 28])
2026-02-13 04:05:32,056 - INFO - Applying perturbation for layer: layer1.2.conv3, original output shape: torch.Size([32, 256, 56, 56]), perturbed activation shape: torch.Size([2112, 256, 56, 56])
2026-02-13 04:05:32,057 - INFO - Applying perturbation for layer: layer2.3.conv3, original output shape: torch.Size([32, 512, 28, 28]), perturbed activation shape: torch.Size([2112, 512, 28, 28])
2026-02-13 04:05:32,057 - INFO - Applying perturbation for layer: layer3.0.conv1, original output shape: torch.Size([32, 256, 28, 28]), perturbed activation shape: torch.Size([2112, 256, 28, 28])
2026-02-13 04:05:32,081 - INFO - Applying perturbation for layer: layer1.2.conv3, original output shape: torch.Size([32, 256, 56, 56]), perturbed activation shape: torch.Size([2112, 256, 56, 56])
2026-02-13 04:05:32,087 - INFO - Applying perturbation for layer: layer2.3.conv3, original output shape: torch.Size([32, 512, 28, 28]), perturbed activation shape: torch.Size([2112, 512, 28, 28])
2026-02-13 04:05:32,087 - INFO - Applying perturbation for layer: layer3.0.conv1, original output shape: torch.Size([32, 256, 28, 28]), perturbed activation shape: torch.Size([2112, 256, 28, 28])
2026-02-13 04:05:32,144 - INFO - Applying perturbation for layer: layer1.2.conv3, original output shape: torch.Size([32, 256, 56, 56]), perturbed activation shape: torch.Size([2112, 256, 56, 56])
2026-02-13 04:05:32,146 - INFO - Applying perturbation for layer: layer2.3.conv3, original output shape: torch.Size([32, 512, 28, 28]), perturbed activation shape: torch.Size([2112, 512, 28, 28])
2026-02-13 04:05:32,147 - INFO - Applying perturbation for layer: layer3.0.conv1, original output shape: torch.Size([32, 256, 28, 28]), perturbed activation shape: torch.Size([2112, 256, 28, 28])
2026-02-13 04:05:32,171 - INFO - Applying perturbation for layer: layer1.2.conv3, original output shape: torch.Size([32, 256, 56, 56]), perturbed activation shape: torch.Size([2112, 256, 56, 56])
2026-02-13 04:05:32,173 - INFO - Applying perturbation for layer: layer2.3.conv3, original output shape: torch.Size([32, 512, 28, 28]), perturbed activation shape: torch.Size([2112, 512, 28, 28])
2026-02-13 04:05:32,173 - INFO - Applying perturbation for layer: layer3.0.conv1, original output shape: torch.Size([32, 256, 28, 28]), perturbed activation shape: torch.Size([2112, 256, 28, 28])
2026-02-13 04:05:32,197 - INFO - Applying perturbation for layer: layer1.2.conv3, original output shape: torch.Size([32, 256, 56, 56]), perturbed activation shape: torch.Size([2112, 256, 56, 56])
2026-02-13 04:05:32,198 - INFO - Applying perturbation for layer: layer2.3.conv3, original output shape: torch.Size([32, 512, 28, 28]), perturbed activation shape: torch.Size([2112, 512, 28, 28])
2026-02-13 04:05:32,198 - INFO - Applying perturbation for layer: layer3.0.conv1, original output shape: torch.Size([32, 256, 28, 28]), perturbed activation shape: torch.Size([2112, 256, 28, 28])
2026-02-13 04:05:32,222 - INFO - Applying perturbation for layer: layer1.2.conv3, original output shape: torch.Size([32, 256, 56, 56]), perturbed activation shape: torch.Size([2112, 256, 56, 56])
2026-02-13 04:05:32,224 - INFO - Applying perturbation for layer: layer2.3.conv3, original output shape: torch.Size([32, 512, 28, 28]), perturbed activation shape: torch.Size([2112, 512, 28, 28])
2026-02-13 04:05:32,224 - INFO - Applying perturbation for layer: layer3.0.conv1, original output shape: torch.Size([32, 256, 28, 28]), perturbed activation shape: torch.Size([2112, 256, 28, 28])
2026-02-13 04:05:32,247 - INFO - Applying perturbation for layer: layer1.2.conv3, original output shape: torch.Size([32, 256, 56, 56]), perturbed activation shape: torch.Size([2112, 256, 56, 56])
2026-02-13 04:05:32,248 - INFO - Applying perturbation for layer: layer2.3.conv3, original output shape: torch.Size([32, 512, 28, 28]), perturbed activation shape: torch.Size([2112, 512, 28, 28])
2026-02-13 04:05:32,248 - INFO - Applying perturbation for layer: layer3.0.conv1, original output shape: torch.Size([32, 256, 28, 28]), perturbed activation shape: torch.Size([2112, 256, 28, 28])
2026-02-13 04:05:32,271 - INFO - Applying perturbation for layer: layer1.2.conv3, original output shape: torch.Size([32, 256, 56, 56]), perturbed activation shape: torch.Size([2112, 256, 56, 56])
2026-02-13 04:05:32,272 - INFO - Applying perturbation for layer: layer2.3.conv3, original output shape: torch.Size([32, 512, 28, 28]), perturbed activation shape: torch.Size([2112, 512, 28, 28])
2026-02-13 04:05:32,272 - INFO - Applying perturbation for layer: layer3.0.conv1, original output shape: torch.Size([32, 256, 28, 28]), perturbed activation shape: torch.Size([2112, 256, 28, 28])
2026-02-13 04:05:32,295 - INFO - Applying perturbation for layer: layer1.2.conv3, original output shape: torch.Size([32, 256, 56, 56]), perturbed activation shape: torch.Size([2112, 256, 56, 56])
2026-02-13 04:05:32,296 - INFO - Applying perturbation for layer: layer2.3.conv3, original output shape: torch.Size([32, 512, 28, 28]), perturbed activation shape: torch.Size([2112, 512, 28, 28])
2026-02-13 04:05:32,296 - INFO - Applying perturbation for layer: layer3.0.conv1, original output shape: torch.Size([32, 256, 28, 28]), perturbed activation shape: torch.Size([2112, 256, 28, 28])
2026-02-13 04:05:32,319 - INFO - Applying perturbation for layer: layer1.2.conv3, original output shape: torch.Size([32, 256, 56, 56]), perturbed activation shape: torch.Size([2112, 256, 56, 56])
2026-02-13 04:05:32,321 - INFO - Applying perturbation for layer: layer2.3.conv3, original output shape: torch.Size([32, 512, 28, 28]), perturbed activation shape: torch.Size([2112, 512, 28, 28])
2026-02-13 04:05:32,321 - INFO - Applying perturbation for layer: layer3.0.conv1, original output shape: torch.Size([32, 256, 28, 28]), perturbed activation shape: torch.Size([2112, 256, 28, 28])
2026-02-13 04:05:32,344 - INFO - Applying perturbation for layer: layer1.2.conv3, original output shape: torch.Size([32, 256, 56, 56]), perturbed activation shape: torch.Size([2112, 256, 56, 56])
2026-02-13 04:05:32,345 - INFO - Applying perturbation for layer: layer2.3.conv3, original output shape: torch.Size([32, 512, 28, 28]), perturbed activation shape: torch.Size([2112, 512, 28, 28])
2026-02-13 04:05:32,345 - INFO - Applying perturbation for layer: layer3.0.conv1, original output shape: torch.Size([32, 256, 28, 28]), perturbed activation shape: torch.Size([2112, 256, 28, 28])
2026-02-13 04:05:32,368 - INFO - Applying perturbation for layer: layer1.2.conv3, original output shape: torch.Size([32, 256, 56, 56]), perturbed activation shape: torch.Size([2112, 256, 56, 56])
2026-02-13 04:05:32,369 - INFO - Applying perturbation for layer: layer2.3.conv3, original output shape: torch.Size([32, 512, 28, 28]), perturbed activation shape: torch.Size([2112, 512, 28, 28])
2026-02-13 04:05:32,369 - INFO - Applying perturbation for layer: layer3.0.conv1, original output shape: torch.Size([32, 256, 28, 28]), perturbed activation shape: torch.Size([2112, 256, 28, 28])
2026-02-13 04:05:32,392 - INFO - Applying perturbation for layer: layer1.2.conv3, original output shape: torch.Size([32, 256, 56, 56]), perturbed activation shape: torch.Size([2112, 256, 56, 56])
2026-02-13 04:05:32,393 - INFO - Applying perturbation for layer: layer2.3.conv3, original output shape: torch.Size([32, 512, 28, 28]), perturbed activation shape: torch.Size([2112, 512, 28, 28])
2026-02-13 04:05:32,393 - INFO - Applying perturbation for layer: layer3.0.conv1, original output shape: torch.Size([32, 256, 28, 28]), perturbed activation shape: torch.Size([2112, 256, 28, 28])
2026-02-13 04:05:32,416 - INFO - Applying perturbation for layer: layer1.2.conv3, original output shape: torch.Size([32, 256, 56, 56]), perturbed activation shape: torch.Size([2112, 256, 56, 56])
2026-02-13 04:05:32,418 - INFO - Applying perturbation for layer: layer2.3.conv3, original output shape: torch.Size([32, 512, 28, 28]), perturbed activation shape: torch.Size([2112, 512, 28, 28])
2026-02-13 04:05:32,418 - INFO - Applying perturbation for layer: layer3.0.conv1, original output shape: torch.Size([32, 256, 28, 28]), perturbed activation shape: torch.Size([2112, 256, 28, 28])
2026-02-13 04:05:32,441 - INFO - Applying perturbation for layer: layer1.2.conv3, original output shape: torch.Size([32, 256, 56, 56]), perturbed activation shape: torch.Size([2112, 256, 56, 56])
2026-02-13 04:05:32,442 - INFO - Applying perturbation for layer: layer2.3.conv3, original output shape: torch.Size([32, 512, 28, 28]), perturbed activation shape: torch.Size([2112, 512, 28, 28])
2026-02-13 04:05:32,442 - INFO - Applying perturbation for layer: layer3.0.conv1, original output shape: torch.Size([32, 256, 28, 28]), perturbed activation shape: torch.Size([2112, 256, 28, 28])
2026-02-13 04:05:32,465 - INFO - Applying perturbation for layer: layer1.2.conv3, original output shape: torch.Size([32, 256, 56, 56]), perturbed activation shape: torch.Size([2112, 256, 56, 56])
2026-02-13 04:05:32,466 - INFO - Applying perturbation for layer: layer2.3.conv3, original output shape: torch.Size([32, 512, 28, 28]), perturbed activation shape: torch.Size([2112, 512, 28, 28])
2026-02-13 04:05:32,466 - INFO - Applying perturbation for layer: layer3.0.conv1, original output shape: torch.Size([32, 256, 28, 28]), perturbed activation shape: torch.Size([2112, 256, 28, 28])
2026-02-13 04:05:32,489 - INFO - Applying perturbation for layer: layer1.2.conv3, original output shape: torch.Size([32, 256, 56, 56]), perturbed activation shape: torch.Size([2112, 256, 56, 56])
2026-02-13 04:05:32,490 - INFO - Applying perturbation for layer: layer2.3.conv3, original output shape: torch.Size([32, 512, 28, 28]), perturbed activation shape: torch.Size([2112, 512, 28, 28])
2026-02-13 04:05:32,490 - INFO - Applying perturbation for layer: layer3.0.conv1, original output shape: torch.Size([32, 256, 28, 28]), perturbed activation shape: torch.Size([2112, 256, 28, 28])
2026-02-13 04:05:32,513 - INFO - Applying perturbation for layer: layer1.2.conv3, original output shape: torch.Size([32, 256, 56, 56]), perturbed activation shape: torch.Size([2112, 256, 56, 56])
2026-02-13 04:05:32,515 - INFO - Applying perturbation for layer: layer2.3.conv3, original output shape: torch.Size([32, 512, 28, 28]), perturbed activation shape: torch.Size([2112, 512, 28, 28])
2026-02-13 04:05:32,515 - INFO - Applying perturbation for layer: layer3.0.conv1, original output shape: torch.Size([32, 256, 28, 28]), perturbed activation shape: torch.Size([2112, 256, 28, 28])
2026-02-13 04:05:32,538 - INFO - Applying perturbation for layer: layer1.2.conv3, original output shape: torch.Size([32, 256, 56, 56]), perturbed activation shape: torch.Size([2112, 256, 56, 56])
2026-02-13 04:05:32,539 - INFO - Applying perturbation for layer: layer2.3.conv3, original output shape: torch.Size([32, 512, 28, 28]), perturbed activation shape: torch.Size([2112, 512, 28, 28])
2026-02-13 04:05:32,539 - INFO - Applying perturbation for layer: layer3.0.conv1, original output shape: torch.Size([32, 256, 28, 28]), perturbed activation shape: torch.Size([2112, 256, 28, 28])
2026-02-13 04:05:32,562 - INFO - Applying perturbation for layer: layer1.2.conv3, original output shape: torch.Size([32, 256, 56, 56]), perturbed activation shape: torch.Size([2112, 256, 56, 56])
2026-02-13 04:05:32,563 - INFO - Applying perturbation for layer: layer2.3.conv3, original output shape: torch.Size([32, 512, 28, 28]), perturbed activation shape: torch.Size([2112, 512, 28, 28])
2026-02-13 04:05:32,563 - INFO - Applying perturbation for layer: layer3.0.conv1, original output shape: torch.Size([32, 256, 28, 28]), perturbed activation shape: torch.Size([2112, 256, 28, 28])
2026-02-13 04:05:32,586 - INFO - Applying perturbation for layer: layer1.2.conv3, original output shape: torch.Size([32, 256, 56, 56]), perturbed activation shape: torch.Size([2112, 256, 56, 56])
2026-02-13 04:05:32,587 - INFO - Applying perturbation for layer: layer2.3.conv3, original output shape: torch.Size([32, 512, 28, 28]), perturbed activation shape: torch.Size([2112, 512, 28, 28])
2026-02-13 04:05:32,587 - INFO - Applying perturbation for layer: layer3.0.conv1, original output shape: torch.Size([32, 256, 28, 28]), perturbed activation shape: torch.Size([2112, 256, 28, 28])
2026-02-13 04:05:32,610 - INFO - Applying perturbation for layer: layer1.2.conv3, original output shape: torch.Size([32, 256, 56, 56]), perturbed activation shape: torch.Size([2112, 256, 56, 56])
2026-02-13 04:05:32,612 - INFO - Applying perturbation for layer: layer2.3.conv3, original output shape: torch.Size([32, 512, 28, 28]), perturbed activation shape: torch.Size([2112, 512, 28, 28])
2026-02-13 04:05:32,612 - INFO - Applying perturbation for layer: layer3.0.conv1, original output shape: torch.Size([32, 256, 28, 28]), perturbed activation shape: torch.Size([2112, 256, 28, 28])
2026-02-13 04:05:32,635 - INFO - Applying perturbation for layer: layer1.2.conv3, original output shape: torch.Size([32, 256, 56, 56]), perturbed activation shape: torch.Size([2112, 256, 56, 56])
2026-02-13 04:05:32,636 - INFO - Applying perturbation for layer: layer2.3.conv3, original output shape: torch.Size([32, 512, 28, 28]), perturbed activation shape: torch.Size([2112, 512, 28, 28])
2026-02-13 04:05:32,636 - INFO - Applying perturbation for layer: layer3.0.conv1, original output shape: torch.Size([32, 256, 28, 28]), perturbed activation shape: torch.Size([2112, 256, 28, 28])
2026-02-13 04:05:32,659 - INFO - Applying perturbation for layer: layer1.2.conv3, original output shape: torch.Size([32, 256, 56, 56]), perturbed activation shape: torch.Size([2112, 256, 56, 56])
2026-02-13 04:05:32,660 - INFO - Applying perturbation for layer: layer2.3.conv3, original output shape: torch.Size([32, 512, 28, 28]), perturbed activation shape: torch.Size([2112, 512, 28, 28])
2026-02-13 04:05:32,660 - INFO - Applying perturbation for layer: layer3.0.conv1, original output shape: torch.Size([32, 256, 28, 28]), perturbed activation shape: torch.Size([2112, 256, 28, 28])
2026-02-13 04:05:32,683 - INFO - Applying perturbation for layer: layer1.2.conv3, original output shape: torch.Size([32, 256, 56, 56]), perturbed activation shape: torch.Size([2112, 256, 56, 56])
2026-02-13 04:05:32,684 - INFO - Applying perturbation for layer: layer2.3.conv3, original output shape: torch.Size([32, 512, 28, 28]), perturbed activation shape: torch.Size([2112, 512, 28, 28])
2026-02-13 04:05:32,684 - INFO - Applying perturbation for layer: layer3.0.conv1, original output shape: torch.Size([32, 256, 28, 28]), perturbed activation shape: torch.Size([2112, 256, 28, 28])
2026-02-13 04:05:32,720 - INFO - Applying perturbation for layer: layer1.2.conv3, original output shape: torch.Size([32, 256, 56, 56]), perturbed activation shape: torch.Size([2112, 256, 56, 56])
2026-02-13 04:05:32,721 - INFO - Applying perturbation for layer: layer2.3.conv3, original output shape: torch.Size([32, 512, 28, 28]), perturbed activation shape: torch.Size([2112, 512, 28, 28])
2026-02-13 04:05:32,721 - INFO - Applying perturbation for layer: layer3.0.conv1, original output shape: torch.Size([32, 256, 28, 28]), perturbed activation shape: torch.Size([2112, 256, 28, 28])
2026-02-13 04:05:32,774 - INFO - Applying perturbation for layer: layer1.2.conv3, original output shape: torch.Size([32, 256, 56, 56]), perturbed activation shape: torch.Size([2112, 256, 56, 56])
2026-02-13 04:05:32,775 - INFO - Applying perturbation for layer: layer2.3.conv3, original output shape: torch.Size([32, 512, 28, 28]), perturbed activation shape: torch.Size([2112, 512, 28, 28])
2026-02-13 04:05:32,775 - INFO - Applying perturbation for layer: layer3.0.conv1, original output shape: torch.Size([32, 256, 28, 28]), perturbed activation shape: torch.Size([2112, 256, 28, 28])
2026-02-13 04:05:32,828 - INFO - Applying perturbation for layer: layer1.2.conv3, original output shape: torch.Size([32, 256, 56, 56]), perturbed activation shape: torch.Size([2112, 256, 56, 56])
2026-02-13 04:05:32,829 - INFO - Applying perturbation for layer: layer2.3.conv3, original output shape: torch.Size([32, 512, 28, 28]), perturbed activation shape: torch.Size([2112, 512, 28, 28])
2026-02-13 04:05:32,829 - INFO - Applying perturbation for layer: layer3.0.conv1, original output shape: torch.Size([32, 256, 28, 28]), perturbed activation shape: torch.Size([2112, 256, 28, 28])
2026-02-13 04:05:32,881 - INFO - Applying perturbation for layer: layer1.2.conv3, original output shape: torch.Size([32, 256, 56, 56]), perturbed activation shape: torch.Size([2112, 256, 56, 56])
2026-02-13 04:05:32,882 - INFO - Applying perturbation for layer: layer2.3.conv3, original output shape: torch.Size([32, 512, 28, 28]), perturbed activation shape: torch.Size([2112, 512, 28, 28])
2026-02-13 04:05:32,883 - INFO - Applying perturbation for layer: layer3.0.conv1, original output shape: torch.Size([32, 256, 28, 28]), perturbed activation shape: torch.Size([2112, 256, 28, 28])
2026-02-13 04:05:32,935 - INFO - Applying perturbation for layer: layer1.2.conv3, original output shape: torch.Size([32, 256, 56, 56]), perturbed activation shape: torch.Size([2112, 256, 56, 56])
2026-02-13 04:05:32,936 - INFO - Applying perturbation for layer: layer2.3.conv3, original output shape: torch.Size([32, 512, 28, 28]), perturbed activation shape: torch.Size([2112, 512, 28, 28])
2026-02-13 04:05:32,939 - INFO - Applying perturbation for layer: layer3.0.conv1, original output shape: torch.Size([32, 256, 28, 28]), perturbed activation shape: torch.Size([2112, 256, 28, 28])
2026-02-13 04:05:32,988 - INFO - Applying perturbation for layer: layer1.2.conv3, original output shape: torch.Size([32, 256, 56, 56]), perturbed activation shape: torch.Size([2112, 256, 56, 56])
2026-02-13 04:05:32,992 - INFO - Applying perturbation for layer: layer2.3.conv3, original output shape: torch.Size([32, 512, 28, 28]), perturbed activation shape: torch.Size([2112, 512, 28, 28])
2026-02-13 04:05:32,992 - INFO - Applying perturbation for layer: layer3.0.conv1, original output shape: torch.Size([32, 256, 28, 28]), perturbed activation shape: torch.Size([2112, 256, 28, 28])
2026-02-13 04:05:33,042 - INFO - Applying perturbation for layer: layer1.2.conv3, original output shape: torch.Size([32, 256, 56, 56]), perturbed activation shape: torch.Size([2112, 256, 56, 56])
2026-02-13 04:05:33,046 - INFO - Applying perturbation for layer: layer2.3.conv3, original output shape: torch.Size([32, 512, 28, 28]), perturbed activation shape: torch.Size([2112, 512, 28, 28])
2026-02-13 04:05:33,046 - INFO - Applying perturbation for layer: layer3.0.conv1, original output shape: torch.Size([32, 256, 28, 28]), perturbed activation shape: torch.Size([2112, 256, 28, 28])
2026-02-13 04:05:33,095 - INFO - Applying perturbation for layer: layer1.2.conv3, original output shape: torch.Size([32, 256, 56, 56]), perturbed activation shape: torch.Size([2112, 256, 56, 56])
2026-02-13 04:05:33,099 - INFO - Applying perturbation for layer: layer2.3.conv3, original output shape: torch.Size([32, 512, 28, 28]), perturbed activation shape: torch.Size([2112, 512, 28, 28])
2026-02-13 04:05:33,099 - INFO - Applying perturbation for layer: layer3.0.conv1, original output shape: torch.Size([32, 256, 28, 28]), perturbed activation shape: torch.Size([2112, 256, 28, 28])
2026-02-13 04:05:33,146 - INFO - Applying perturbation for layer: layer1.2.conv3, original output shape: torch.Size([32, 256, 56, 56]), perturbed activation shape: torch.Size([2112, 256, 56, 56])
2026-02-13 04:05:33,148 - INFO - Applying perturbation for layer: layer2.3.conv3, original output shape: torch.Size([32, 512, 28, 28]), perturbed activation shape: torch.Size([2112, 512, 28, 28])
2026-02-13 04:05:33,148 - INFO - Applying perturbation for layer: layer3.0.conv1, original output shape: torch.Size([32, 256, 28, 28]), perturbed activation shape: torch.Size([2112, 256, 28, 28])
2026-02-13 04:05:33,172 - INFO - Applying perturbation for layer: layer1.2.conv3, original output shape: torch.Size([32, 256, 56, 56]), perturbed activation shape: torch.Size([2112, 256, 56, 56])
2026-02-13 04:05:33,173 - INFO - Applying perturbation for layer: layer2.3.conv3, original output shape: torch.Size([32, 512, 28, 28]), perturbed activation shape: torch.Size([2112, 512, 28, 28])
2026-02-13 04:05:33,173 - INFO - Applying perturbation for layer: layer3.0.conv1, original output shape: torch.Size([32, 256, 28, 28]), perturbed activation shape: torch.Size([2112, 256, 28, 28])
2026-02-13 04:05:33,197 - INFO - Applying perturbation for layer: layer1.2.conv3, original output shape: torch.Size([32, 256, 56, 56]), perturbed activation shape: torch.Size([2112, 256, 56, 56])
2026-02-13 04:05:33,198 - INFO - Applying perturbation for layer: layer2.3.conv3, original output shape: torch.Size([32, 512, 28, 28]), perturbed activation shape: torch.Size([2112, 512, 28, 28])
2026-02-13 04:05:33,198 - INFO - Applying perturbation for layer: layer3.0.conv1, original output shape: torch.Size([32, 256, 28, 28]), perturbed activation shape: torch.Size([2112, 256, 28, 28])
2026-02-13 04:05:33,221 - INFO - Applying perturbation for layer: layer1.2.conv3, original output shape: torch.Size([32, 256, 56, 56]), perturbed activation shape: torch.Size([2112, 256, 56, 56])
2026-02-13 04:05:33,222 - INFO - Applying perturbation for layer: layer2.3.conv3, original output shape: torch.Size([32, 512, 28, 28]), perturbed activation shape: torch.Size([2112, 512, 28, 28])
2026-02-13 04:05:33,222 - INFO - Applying perturbation for layer: layer3.0.conv1, original output shape: torch.Size([32, 256, 28, 28]), perturbed activation shape: torch.Size([2112, 256, 28, 28])
2026-02-13 04:05:33,245 - INFO - Applying perturbation for layer: layer1.2.conv3, original output shape: torch.Size([32, 256, 56, 56]), perturbed activation shape: torch.Size([2112, 256, 56, 56])
2026-02-13 04:05:33,246 - INFO - Applying perturbation for layer: layer2.3.conv3, original output shape: torch.Size([32, 512, 28, 28]), perturbed activation shape: torch.Size([2112, 512, 28, 28])
2026-02-13 04:05:33,247 - INFO - Applying perturbation for layer: layer3.0.conv1, original output shape: torch.Size([32, 256, 28, 28]), perturbed activation shape: torch.Size([2112, 256, 28, 28])
2026-02-13 04:05:33,270 - INFO - Applying perturbation for layer: layer1.2.conv3, original output shape: torch.Size([32, 256, 56, 56]), perturbed activation shape: torch.Size([2112, 256, 56, 56])
2026-02-13 04:05:33,271 - INFO - Applying perturbation for layer: layer2.3.conv3, original output shape: torch.Size([32, 512, 28, 28]), perturbed activation shape: torch.Size([2112, 512, 28, 28])
2026-02-13 04:05:33,271 - INFO - Applying perturbation for layer: layer3.0.conv1, original output shape: torch.Size([32, 256, 28, 28]), perturbed activation shape: torch.Size([2112, 256, 28, 28])
2026-02-13 04:05:33,294 - INFO - Applying perturbation for layer: layer1.2.conv3, original output shape: torch.Size([32, 256, 56, 56]), perturbed activation shape: torch.Size([2112, 256, 56, 56])
2026-02-13 04:05:33,295 - INFO - Applying perturbation for layer: layer2.3.conv3, original output shape: torch.Size([32, 512, 28, 28]), perturbed activation shape: torch.Size([2112, 512, 28, 28])
2026-02-13 04:05:33,295 - INFO - Applying perturbation for layer: layer3.0.conv1, original output shape: torch.Size([32, 256, 28, 28]), perturbed activation shape: torch.Size([2112, 256, 28, 28])
2026-02-13 04:05:33,318 - INFO - Applying perturbation for layer: layer1.2.conv3, original output shape: torch.Size([32, 256, 56, 56]), perturbed activation shape: torch.Size([2112, 256, 56, 56])
2026-02-13 04:05:33,319 - INFO - Applying perturbation for layer: layer2.3.conv3, original output shape: torch.Size([32, 512, 28, 28]), perturbed activation shape: torch.Size([2112, 512, 28, 28])
2026-02-13 04:05:33,319 - INFO - Applying perturbation for layer: layer3.0.conv1, original output shape: torch.Size([32, 256, 28, 28]), perturbed activation shape: torch.Size([2112, 256, 28, 28])
2026-02-13 04:05:33,342 - INFO - Applying perturbation for layer: layer1.2.conv3, original output shape: torch.Size([32, 256, 56, 56]), perturbed activation shape: torch.Size([2112, 256, 56, 56])
2026-02-13 04:05:33,344 - INFO - Applying perturbation for layer: layer2.3.conv3, original output shape: torch.Size([32, 512, 28, 28]), perturbed activation shape: torch.Size([2112, 512, 28, 28])
2026-02-13 04:05:33,344 - INFO - Applying perturbation for layer: layer3.0.conv1, original output shape: torch.Size([32, 256, 28, 28]), perturbed activation shape: torch.Size([2112, 256, 28, 28])
2026-02-13 04:05:33,367 - INFO - Applying perturbation for layer: layer1.2.conv3, original output shape: torch.Size([32, 256, 56, 56]), perturbed activation shape: torch.Size([2112, 256, 56, 56])
2026-02-13 04:05:33,368 - INFO - Applying perturbation for layer: layer2.3.conv3, original output shape: torch.Size([32, 512, 28, 28]), perturbed activation shape: torch.Size([2112, 512, 28, 28])
2026-02-13 04:05:33,368 - INFO - Applying perturbation for layer: layer3.0.conv1, original output shape: torch.Size([32, 256, 28, 28]), perturbed activation shape: torch.Size([2112, 256, 28, 28])
2026-02-13 04:05:33,391 - INFO - Applying perturbation for layer: layer1.2.conv3, original output shape: torch.Size([32, 256, 56, 56]), perturbed activation shape: torch.Size([2112, 256, 56, 56])
2026-02-13 04:05:33,392 - INFO - Applying perturbation for layer: layer2.3.conv3, original output shape: torch.Size([32, 512, 28, 28]), perturbed activation shape: torch.Size([2112, 512, 28, 28])
2026-02-13 04:05:33,392 - INFO - Applying perturbation for layer: layer3.0.conv1, original output shape: torch.Size([32, 256, 28, 28]), perturbed activation shape: torch.Size([2112, 256, 28, 28])
2026-02-13 04:05:33,415 - INFO - Applying perturbation for layer: layer1.2.conv3, original output shape: torch.Size([32, 256, 56, 56]), perturbed activation shape: torch.Size([2112, 256, 56, 56])
2026-02-13 04:05:33,416 - INFO - Applying perturbation for layer: layer2.3.conv3, original output shape: torch.Size([32, 512, 28, 28]), perturbed activation shape: torch.Size([2112, 512, 28, 28])
2026-02-13 04:05:33,416 - INFO - Applying perturbation for layer: layer3.0.conv1, original output shape: torch.Size([32, 256, 28, 28]), perturbed activation shape: torch.Size([2112, 256, 28, 28])
2026-02-13 04:05:33,439 - INFO - Applying perturbation for layer: layer1.2.conv3, original output shape: torch.Size([32, 256, 56, 56]), perturbed activation shape: torch.Size([2112, 256, 56, 56])
2026-02-13 04:05:33,441 - INFO - Applying perturbation for layer: layer2.3.conv3, original output shape: torch.Size([32, 512, 28, 28]), perturbed activation shape: torch.Size([2112, 512, 28, 28])
2026-02-13 04:05:33,441 - INFO - Applying perturbation for layer: layer3.0.conv1, original output shape: torch.Size([32, 256, 28, 28]), perturbed activation shape: torch.Size([2112, 256, 28, 28])
2026-02-13 04:05:33,464 - INFO - Applying perturbation for layer: layer1.2.conv3, original output shape: torch.Size([32, 256, 56, 56]), perturbed activation shape: torch.Size([2112, 256, 56, 56])
2026-02-13 04:05:33,465 - INFO - Applying perturbation for layer: layer2.3.conv3, original output shape: torch.Size([32, 512, 28, 28]), perturbed activation shape: torch.Size([2112, 512, 28, 28])
2026-02-13 04:05:33,465 - INFO - Applying perturbation for layer: layer3.0.conv1, original output shape: torch.Size([32, 256, 28, 28]), perturbed activation shape: torch.Size([2112, 256, 28, 28])
2026-02-13 04:05:33,488 - INFO - Applying perturbation for layer: layer1.2.conv3, original output shape: torch.Size([32, 256, 56, 56]), perturbed activation shape: torch.Size([2112, 256, 56, 56])
2026-02-13 04:05:33,489 - INFO - Applying perturbation for layer: layer2.3.conv3, original output shape: torch.Size([32, 512, 28, 28]), perturbed activation shape: torch.Size([2112, 512, 28, 28])
2026-02-13 04:05:33,489 - INFO - Applying perturbation for layer: layer3.0.conv1, original output shape: torch.Size([32, 256, 28, 28]), perturbed activation shape: torch.Size([2112, 256, 28, 28])
2026-02-13 04:05:33,512 - INFO - Applying perturbation for layer: layer1.2.conv3, original output shape: torch.Size([32, 256, 56, 56]), perturbed activation shape: torch.Size([2112, 256, 56, 56])
2026-02-13 04:05:33,513 - INFO - Applying perturbation for layer: layer2.3.conv3, original output shape: torch.Size([32, 512, 28, 28]), perturbed activation shape: torch.Size([2112, 512, 28, 28])
2026-02-13 04:05:33,513 - INFO - Applying perturbation for layer: layer3.0.conv1, original output shape: torch.Size([32, 256, 28, 28]), perturbed activation shape: torch.Size([2112, 256, 28, 28])
2026-02-13 04:05:33,536 - INFO - Applying perturbation for layer: layer1.2.conv3, original output shape: torch.Size([32, 256, 56, 56]), perturbed activation shape: torch.Size([2112, 256, 56, 56])
2026-02-13 04:05:33,538 - INFO - Applying perturbation for layer: layer2.3.conv3, original output shape: torch.Size([32, 512, 28, 28]), perturbed activation shape: torch.Size([2112, 512, 28, 28])
2026-02-13 04:05:33,538 - INFO - Applying perturbation for layer: layer3.0.conv1, original output shape: torch.Size([32, 256, 28, 28]), perturbed activation shape: torch.Size([2112, 256, 28, 28])
2026-02-13 04:05:33,561 - INFO - Applying perturbation for layer: layer1.2.conv3, original output shape: torch.Size([32, 256, 56, 56]), perturbed activation shape: torch.Size([2112, 256, 56, 56])
2026-02-13 04:05:33,562 - INFO - Applying perturbation for layer: layer2.3.conv3, original output shape: torch.Size([32, 512, 28, 28]), perturbed activation shape: torch.Size([2112, 512, 28, 28])
2026-02-13 04:05:33,562 - INFO - Applying perturbation for layer: layer3.0.conv1, original output shape: torch.Size([32, 256, 28, 28]), perturbed activation shape: torch.Size([2112, 256, 28, 28])
2026-02-13 04:05:33,585 - INFO - Applying perturbation for layer: layer1.2.conv3, original output shape: torch.Size([32, 256, 56, 56]), perturbed activation shape: torch.Size([2112, 256, 56, 56])
2026-02-13 04:05:33,586 - INFO - Applying perturbation for layer: layer2.3.conv3, original output shape: torch.Size([32, 512, 28, 28]), perturbed activation shape: torch.Size([2112, 512, 28, 28])
2026-02-13 04:05:33,586 - INFO - Applying perturbation for layer: layer3.0.conv1, original output shape: torch.Size([32, 256, 28, 28]), perturbed activation shape: torch.Size([2112, 256, 28, 28])
2026-02-13 04:05:33,609 - INFO - Applying perturbation for layer: layer1.2.conv3, original output shape: torch.Size([32, 256, 56, 56]), perturbed activation shape: torch.Size([2112, 256, 56, 56])
2026-02-13 04:05:33,610 - INFO - Applying perturbation for layer: layer2.3.conv3, original output shape: torch.Size([32, 512, 28, 28]), perturbed activation shape: torch.Size([2112, 512, 28, 28])
2026-02-13 04:05:33,611 - INFO - Applying perturbation for layer: layer3.0.conv1, original output shape: torch.Size([32, 256, 28, 28]), perturbed activation shape: torch.Size([2112, 256, 28, 28])
2026-02-13 04:05:33,634 - INFO - Applying perturbation for layer: layer1.2.conv3, original output shape: torch.Size([32, 256, 56, 56]), perturbed activation shape: torch.Size([2112, 256, 56, 56])
2026-02-13 04:05:33,635 - INFO - Applying perturbation for layer: layer2.3.conv3, original output shape: torch.Size([32, 512, 28, 28]), perturbed activation shape: torch.Size([2112, 512, 28, 28])
2026-02-13 04:05:33,635 - INFO - Applying perturbation for layer: layer3.0.conv1, original output shape: torch.Size([32, 256, 28, 28]), perturbed activation shape: torch.Size([2112, 256, 28, 28])
2026-02-13 04:05:33,658 - INFO - Applying perturbation for layer: layer1.2.conv3, original output shape: torch.Size([32, 256, 56, 56]), perturbed activation shape: torch.Size([2112, 256, 56, 56])
2026-02-13 04:05:33,659 - INFO - Applying perturbation for layer: layer2.3.conv3, original output shape: torch.Size([32, 512, 28, 28]), perturbed activation shape: torch.Size([2112, 512, 28, 28])
2026-02-13 04:05:33,659 - INFO - Applying perturbation for layer: layer3.0.conv1, original output shape: torch.Size([32, 256, 28, 28]), perturbed activation shape: torch.Size([2112, 256, 28, 28])
2026-02-13 04:05:33,682 - INFO - Applying perturbation for layer: layer1.2.conv3, original output shape: torch.Size([32, 256, 56, 56]), perturbed activation shape: torch.Size([2112, 256, 56, 56])
2026-02-13 04:05:33,683 - INFO - Applying perturbation for layer: layer2.3.conv3, original output shape: torch.Size([32, 512, 28, 28]), perturbed activation shape: torch.Size([2112, 512, 28, 28])
2026-02-13 04:05:33,683 - INFO - Applying perturbation for layer: layer3.0.conv1, original output shape: torch.Size([32, 256, 28, 28]), perturbed activation shape: torch.Size([2112, 256, 28, 28])
2026-02-13 04:05:33,706 - INFO - Applying perturbation for layer: layer1.2.conv3, original output shape: torch.Size([32, 256, 56, 56]), perturbed activation shape: torch.Size([2112, 256, 56, 56])
2026-02-13 04:05:33,708 - INFO - Applying perturbation for layer: layer2.3.conv3, original output shape: torch.Size([32, 512, 28, 28]), perturbed activation shape: torch.Size([2112, 512, 28, 28])
2026-02-13 04:05:33,708 - INFO - Applying perturbation for layer: layer3.0.conv1, original output shape: torch.Size([32, 256, 28, 28]), perturbed activation shape: torch.Size([2112, 256, 28, 28])
2026-02-13 04:05:33,731 - INFO - Applying perturbation for layer: layer1.2.conv3, original output shape: torch.Size([32, 256, 56, 56]), perturbed activation shape: torch.Size([2112, 256, 56, 56])
2026-02-13 04:05:33,732 - INFO - Applying perturbation for layer: layer2.3.conv3, original output shape: torch.Size([32, 512, 28, 28]), perturbed activation shape: torch.Size([2112, 512, 28, 28])
2026-02-13 04:05:33,732 - INFO - Applying perturbation for layer: layer3.0.conv1, original output shape: torch.Size([32, 256, 28, 28]), perturbed activation shape: torch.Size([2112, 256, 28, 28])
2026-02-13 04:05:33,755 - INFO - Applying perturbation for layer: layer1.2.conv3, original output shape: torch.Size([32, 256, 56, 56]), perturbed activation shape: torch.Size([2112, 256, 56, 56])
2026-02-13 04:05:33,756 - INFO - Applying perturbation for layer: layer2.3.conv3, original output shape: torch.Size([32, 512, 28, 28]), perturbed activation shape: torch.Size([2112, 512, 28, 28])
2026-02-13 04:05:33,756 - INFO - Applying perturbation for layer: layer3.0.conv1, original output shape: torch.Size([32, 256, 28, 28]), perturbed activation shape: torch.Size([2112, 256, 28, 28])
2026-02-13 04:05:33,779 - INFO - Applying perturbation for layer: layer1.2.conv3, original output shape: torch.Size([32, 256, 56, 56]), perturbed activation shape: torch.Size([2112, 256, 56, 56])
2026-02-13 04:05:33,780 - INFO - Applying perturbation for layer: layer2.3.conv3, original output shape: torch.Size([32, 512, 28, 28]), perturbed activation shape: torch.Size([2112, 512, 28, 28])
2026-02-13 04:05:33,780 - INFO - Applying perturbation for layer: layer3.0.conv1, original output shape: torch.Size([32, 256, 28, 28]), perturbed activation shape: torch.Size([2112, 256, 28, 28])
2026-02-13 04:05:33,803 - INFO - Applying perturbation for layer: layer1.2.conv3, original output shape: torch.Size([32, 256, 56, 56]), perturbed activation shape: torch.Size([2112, 256, 56, 56])
2026-02-13 04:05:33,804 - INFO - Applying perturbation for layer: layer2.3.conv3, original output shape: torch.Size([32, 512, 28, 28]), perturbed activation shape: torch.Size([2112, 512, 28, 28])
2026-02-13 04:05:33,805 - INFO - Applying perturbation for layer: layer3.0.conv1, original output shape: torch.Size([32, 256, 28, 28]), perturbed activation shape: torch.Size([2112, 256, 28, 28])
2026-02-13 04:05:33,828 - INFO - Applying perturbation for layer: layer1.2.conv3, original output shape: torch.Size([32, 256, 56, 56]), perturbed activation shape: torch.Size([2112, 256, 56, 56])
2026-02-13 04:05:33,829 - INFO - Applying perturbation for layer: layer2.3.conv3, original output shape: torch.Size([32, 512, 28, 28]), perturbed activation shape: torch.Size([2112, 512, 28, 28])
2026-02-13 04:05:33,829 - INFO - Applying perturbation for layer: layer3.0.conv1, original output shape: torch.Size([32, 256, 28, 28]), perturbed activation shape: torch.Size([2112, 256, 28, 28])
2026-02-13 04:05:33,853 - INFO - Applying perturbation for layer: layer1.2.conv3, original output shape: torch.Size([32, 256, 56, 56]), perturbed activation shape: torch.Size([2112, 256, 56, 56])
2026-02-13 04:05:33,854 - INFO - Applying perturbation for layer: layer2.3.conv3, original output shape: torch.Size([32, 512, 28, 28]), perturbed activation shape: torch.Size([2112, 512, 28, 28])
2026-02-13 04:05:33,854 - INFO - Applying perturbation for layer: layer3.0.conv1, original output shape: torch.Size([32, 256, 28, 28]), perturbed activation shape: torch.Size([2112, 256, 28, 28])
2026-02-13 04:05:33,897 - INFO - Applying perturbation for layer: layer1.2.conv3, original output shape: torch.Size([32, 256, 56, 56]), perturbed activation shape: torch.Size([2112, 256, 56, 56])
2026-02-13 04:05:33,898 - INFO - Applying perturbation for layer: layer2.3.conv3, original output shape: torch.Size([32, 512, 28, 28]), perturbed activation shape: torch.Size([2112, 512, 28, 28])
2026-02-13 04:05:33,898 - INFO - Applying perturbation for layer: layer3.0.conv1, original output shape: torch.Size([32, 256, 28, 28]), perturbed activation shape: torch.Size([2112, 256, 28, 28])
2026-02-13 04:05:33,950 - INFO - Applying perturbation for layer: layer1.2.conv3, original output shape: torch.Size([32, 256, 56, 56]), perturbed activation shape: torch.Size([2112, 256, 56, 56])
2026-02-13 04:05:33,951 - INFO - Applying perturbation for layer: layer2.3.conv3, original output shape: torch.Size([32, 512, 28, 28]), perturbed activation shape: torch.Size([2112, 512, 28, 28])
2026-02-13 04:05:33,951 - INFO - Applying perturbation for layer: layer3.0.conv1, original output shape: torch.Size([32, 256, 28, 28]), perturbed activation shape: torch.Size([2112, 256, 28, 28])
2026-02-13 04:05:35,179 - INFO - ================================================================================
2026-02-13 04:05:35,179 - INFO - Target layer found: layer1.2.conv3
2026-02-13 04:05:35,181 - INFO - Captured activation for layer: layer1.2.conv3,                 activation shape: torch.Size([32, 256, 56, 56])
2026-02-13 04:05:35,183 - INFO - Captured activation for layer: layer1.2.conv3, activation shape: torch.Size([32, 256, 56, 56])
2026-02-13 04:05:35,184 - INFO - Captured activation for layer: layer1.2.conv3,                 activation shape: torch.Size([32, 256, 56, 56])
2026-02-13 04:05:35,185 - INFO - Captured activation for layer: layer1.2.conv3, activation shape: torch.Size([32, 256, 56, 56])
2026-02-13 04:05:35,186 - INFO - Captured activation for layer: layer1.2.conv3,                 activation shape: torch.Size([32, 256, 56, 56])
2026-02-13 04:05:35,187 - INFO - Captured activation for layer: layer1.2.conv3, activation shape: torch.Size([32, 256, 56, 56])
2026-02-13 04:05:35,188 - INFO - Captured activation for layer: layer1.2.conv3,                 activation shape: torch.Size([32, 256, 56, 56])
2026-02-13 04:05:35,190 - INFO - Captured activation for layer: layer1.2.conv3, activation shape: torch.Size([32, 256, 56, 56])
2026-02-13 04:05:35,190 - INFO - Captured activation for layer: layer1.2.conv3,                 activation shape: torch.Size([32, 256, 56, 56])
2026-02-13 04:05:35,196 - INFO - Captured activation for layer: layer1.2.conv3, activation shape: torch.Size([32, 256, 56, 56])
2026-02-13 04:05:35,200 - INFO - Captured activation for layer: layer1.2.conv3,                 activation shape: torch.Size([32, 256, 56, 56])
2026-02-13 04:05:35,223 - INFO - Captured activation for layer: layer1.2.conv3, activation shape: torch.Size([32, 256, 56, 56])
2026-02-13 04:05:35,227 - INFO - Captured activation for layer: layer1.2.conv3,                 activation shape: torch.Size([32, 256, 56, 56])
2026-02-13 04:05:35,250 - INFO - Captured activation for layer: layer1.2.conv3, activation shape: torch.Size([32, 256, 56, 56])
2026-02-13 04:05:35,254 - INFO - Captured activation for layer: layer1.2.conv3,                 activation shape: torch.Size([32, 256, 56, 56])
2026-02-13 04:05:35,277 - INFO - Captured activation for layer: layer1.2.conv3, activation shape: torch.Size([32, 256, 56, 56])
2026-02-13 04:05:35,280 - INFO - Captured activation for layer: layer1.2.conv3,                 activation shape: torch.Size([32, 256, 56, 56])
2026-02-13 04:05:35,293 - INFO - Captured activation for layer: layer1.2.conv3, activation shape: torch.Size([32, 256, 56, 56])
2026-02-13 04:05:35,294 - INFO - Captured activation for layer: layer1.2.conv3,                 activation shape: torch.Size([32, 256, 56, 56])
2026-02-13 04:05:35,305 - INFO - Captured activation for layer: layer1.2.conv3, activation shape: torch.Size([32, 256, 56, 56])
2026-02-13 04:05:35,307 - INFO - Captured activation for layer: layer1.2.conv3,                 activation shape: torch.Size([32, 256, 56, 56])
2026-02-13 04:05:35,317 - INFO - Captured activation for layer: layer1.2.conv3, activation shape: torch.Size([32, 256, 56, 56])
2026-02-13 04:05:35,319 - INFO - Captured activation for layer: layer1.2.conv3,                 activation shape: torch.Size([32, 256, 56, 56])
2026-02-13 04:05:35,330 - INFO - Captured activation for layer: layer1.2.conv3, activation shape: torch.Size([32, 256, 56, 56])
2026-02-13 04:05:35,331 - INFO - Captured activation for layer: layer1.2.conv3,                 activation shape: torch.Size([32, 256, 56, 56])
2026-02-13 04:05:35,342 - INFO - Captured activation for layer: layer1.2.conv3, activation shape: torch.Size([32, 256, 56, 56])
2026-02-13 04:05:35,344 - INFO - Captured activation for layer: layer1.2.conv3,                 activation shape: torch.Size([32, 256, 56, 56])
2026-02-13 04:05:35,354 - INFO - Captured activation for layer: layer1.2.conv3, activation shape: torch.Size([32, 256, 56, 56])
2026-02-13 04:05:35,356 - INFO - Captured activation for layer: layer1.2.conv3,                 activation shape: torch.Size([32, 256, 56, 56])
2026-02-13 04:05:35,367 - INFO - Captured activation for layer: layer1.2.conv3, activation shape: torch.Size([32, 256, 56, 56])
2026-02-13 04:05:35,368 - INFO - Captured activation for layer: layer1.2.conv3,                 activation shape: torch.Size([32, 256, 56, 56])
2026-02-13 04:05:35,379 - INFO - Captured activation for layer: layer1.2.conv3, activation shape: torch.Size([32, 256, 56, 56])
2026-02-13 04:05:35,381 - INFO - Captured activation for layer: layer1.2.conv3,                 activation shape: torch.Size([32, 256, 56, 56])
2026-02-13 04:05:35,391 - INFO - Captured activation for layer: layer1.2.conv3, activation shape: torch.Size([32, 256, 56, 56])
2026-02-13 04:05:35,393 - INFO - Captured activation for layer: layer1.2.conv3,                 activation shape: torch.Size([32, 256, 56, 56])
2026-02-13 04:05:35,404 - INFO - Captured activation for layer: layer1.2.conv3, activation shape: torch.Size([32, 256, 56, 56])
2026-02-13 04:05:35,405 - INFO - Captured activation for layer: layer1.2.conv3,                 activation shape: torch.Size([32, 256, 56, 56])
2026-02-13 04:05:35,416 - INFO - Captured activation for layer: layer1.2.conv3, activation shape: torch.Size([32, 256, 56, 56])
2026-02-13 04:05:35,417 - INFO - Captured activation for layer: layer1.2.conv3,                 activation shape: torch.Size([32, 256, 56, 56])
2026-02-13 04:05:35,428 - INFO - Captured activation for layer: layer1.2.conv3, activation shape: torch.Size([32, 256, 56, 56])
2026-02-13 04:05:35,430 - INFO - Captured activation for layer: layer1.2.conv3,                 activation shape: torch.Size([32, 256, 56, 56])
2026-02-13 04:05:35,440 - INFO - Captured activation for layer: layer1.2.conv3, activation shape: torch.Size([32, 256, 56, 56])
2026-02-13 04:05:35,443 - INFO - Captured activation for layer: layer1.2.conv3,                 activation shape: torch.Size([32, 256, 56, 56])
2026-02-13 04:05:35,453 - INFO - Captured activation for layer: layer1.2.conv3, activation shape: torch.Size([32, 256, 56, 56])
2026-02-13 04:05:35,454 - INFO - Captured activation for layer: layer1.2.conv3,                 activation shape: torch.Size([32, 256, 56, 56])
2026-02-13 04:05:35,465 - INFO - Captured activation for layer: layer1.2.conv3, activation shape: torch.Size([32, 256, 56, 56])
2026-02-13 04:05:35,467 - INFO - Captured activation for layer: layer1.2.conv3,                 activation shape: torch.Size([32, 256, 56, 56])
2026-02-13 04:05:35,477 - INFO - Captured activation for layer: layer1.2.conv3, activation shape: torch.Size([32, 256, 56, 56])
2026-02-13 04:05:35,479 - INFO - Captured activation for layer: layer1.2.conv3,                 activation shape: torch.Size([32, 256, 56, 56])
2026-02-13 04:05:35,489 - INFO - Captured activation for layer: layer1.2.conv3, activation shape: torch.Size([32, 256, 56, 56])
2026-02-13 04:05:35,491 - INFO - Captured activation for layer: layer1.2.conv3,                 activation shape: torch.Size([32, 256, 56, 56])
2026-02-13 04:05:35,502 - INFO - Captured activation for layer: layer1.2.conv3, activation shape: torch.Size([32, 256, 56, 56])
2026-02-13 04:05:35,503 - INFO - Captured activation for layer: layer1.2.conv3,                 activation shape: torch.Size([32, 256, 56, 56])
2026-02-13 04:05:35,514 - INFO - Captured activation for layer: layer1.2.conv3, activation shape: torch.Size([32, 256, 56, 56])
2026-02-13 04:05:35,516 - INFO - Captured activation for layer: layer1.2.conv3,                 activation shape: torch.Size([32, 256, 56, 56])
2026-02-13 04:05:35,526 - INFO - Captured activation for layer: layer1.2.conv3, activation shape: torch.Size([32, 256, 56, 56])
2026-02-13 04:05:35,528 - INFO - Captured activation for layer: layer1.2.conv3,                 activation shape: torch.Size([32, 256, 56, 56])
2026-02-13 04:05:35,539 - INFO - Captured activation for layer: layer1.2.conv3, activation shape: torch.Size([32, 256, 56, 56])
2026-02-13 04:05:35,540 - INFO - Captured activation for layer: layer1.2.conv3,                 activation shape: torch.Size([32, 256, 56, 56])
2026-02-13 04:05:35,551 - INFO - Captured activation for layer: layer1.2.conv3, activation shape: torch.Size([32, 256, 56, 56])
2026-02-13 04:05:35,552 - INFO - Captured activation for layer: layer1.2.conv3,                 activation shape: torch.Size([32, 256, 56, 56])
2026-02-13 04:05:35,563 - INFO - Captured activation for layer: layer1.2.conv3, activation shape: torch.Size([32, 256, 56, 56])
2026-02-13 04:05:35,565 - INFO - Captured activation for layer: layer1.2.conv3,                 activation shape: torch.Size([32, 256, 56, 56])
2026-02-13 04:05:35,575 - INFO - Captured activation for layer: layer1.2.conv3, activation shape: torch.Size([32, 256, 56, 56])
2026-02-13 04:05:35,577 - INFO - Captured activation for layer: layer1.2.conv3,                 activation shape: torch.Size([32, 256, 56, 56])
2026-02-13 04:05:35,588 - INFO - Captured activation for layer: layer1.2.conv3, activation shape: torch.Size([32, 256, 56, 56])
2026-02-13 04:05:35,589 - INFO - Captured activation for layer: layer1.2.conv3,                 activation shape: torch.Size([32, 256, 56, 56])
2026-02-13 04:05:35,600 - INFO - Captured activation for layer: layer1.2.conv3, activation shape: torch.Size([32, 256, 56, 56])
2026-02-13 04:05:35,602 - INFO - Captured activation for layer: layer1.2.conv3,                 activation shape: torch.Size([32, 256, 56, 56])
2026-02-13 04:05:35,612 - INFO - Captured activation for layer: layer1.2.conv3, activation shape: torch.Size([32, 256, 56, 56])
2026-02-13 04:05:35,614 - INFO - Captured activation for layer: layer1.2.conv3,                 activation shape: torch.Size([32, 256, 56, 56])
2026-02-13 04:05:35,625 - INFO - Captured activation for layer: layer1.2.conv3, activation shape: torch.Size([32, 256, 56, 56])
2026-02-13 04:05:35,626 - INFO - Captured activation for layer: layer1.2.conv3,                 activation shape: torch.Size([32, 256, 56, 56])
2026-02-13 04:05:35,637 - INFO - Captured activation for layer: layer1.2.conv3, activation shape: torch.Size([32, 256, 56, 56])
2026-02-13 04:05:35,638 - INFO - Captured activation for layer: layer1.2.conv3,                 activation shape: torch.Size([32, 256, 56, 56])
2026-02-13 04:05:35,649 - INFO - Captured activation for layer: layer1.2.conv3, activation shape: torch.Size([32, 256, 56, 56])
2026-02-13 04:05:35,651 - INFO - Captured activation for layer: layer1.2.conv3,                 activation shape: torch.Size([32, 256, 56, 56])
2026-02-13 04:05:35,661 - INFO - Captured activation for layer: layer1.2.conv3, activation shape: torch.Size([32, 256, 56, 56])
2026-02-13 04:05:35,663 - INFO - Captured activation for layer: layer1.2.conv3,                 activation shape: torch.Size([32, 256, 56, 56])
2026-02-13 04:05:35,674 - INFO - Captured activation for layer: layer1.2.conv3, activation shape: torch.Size([32, 256, 56, 56])
2026-02-13 04:05:35,675 - INFO - Captured activation for layer: layer1.2.conv3,                 activation shape: torch.Size([32, 256, 56, 56])
2026-02-13 04:05:35,686 - INFO - Captured activation for layer: layer1.2.conv3, activation shape: torch.Size([32, 256, 56, 56])
2026-02-13 04:05:35,688 - INFO - Captured activation for layer: layer1.2.conv3,                 activation shape: torch.Size([32, 256, 56, 56])
2026-02-13 04:05:35,698 - INFO - Captured activation for layer: layer1.2.conv3, activation shape: torch.Size([32, 256, 56, 56])
2026-02-13 04:05:35,700 - INFO - Captured activation for layer: layer1.2.conv3,                 activation shape: torch.Size([32, 256, 56, 56])
2026-02-13 04:05:35,711 - INFO - Captured activation for layer: layer1.2.conv3, activation shape: torch.Size([32, 256, 56, 56])
2026-02-13 04:05:35,712 - INFO - Captured activation for layer: layer1.2.conv3,                 activation shape: torch.Size([32, 256, 56, 56])
2026-02-13 04:05:35,723 - INFO - Captured activation for layer: layer1.2.conv3, activation shape: torch.Size([32, 256, 56, 56])
2026-02-13 04:05:35,724 - INFO - Captured activation for layer: layer1.2.conv3,                 activation shape: torch.Size([32, 256, 56, 56])
2026-02-13 04:05:35,735 - INFO - Captured activation for layer: layer1.2.conv3, activation shape: torch.Size([32, 256, 56, 56])
2026-02-13 04:05:35,737 - INFO - Captured activation for layer: layer1.2.conv3,                 activation shape: torch.Size([32, 256, 56, 56])
2026-02-13 04:05:35,747 - INFO - Captured activation for layer: layer1.2.conv3, activation shape: torch.Size([32, 256, 56, 56])
2026-02-13 04:05:35,749 - INFO - Captured activation for layer: layer1.2.conv3,                 activation shape: torch.Size([32, 256, 56, 56])
2026-02-13 04:05:35,760 - INFO - Captured activation for layer: layer1.2.conv3, activation shape: torch.Size([32, 256, 56, 56])
2026-02-13 04:05:35,761 - INFO - Captured activation for layer: layer1.2.conv3,                 activation shape: torch.Size([32, 256, 56, 56])
2026-02-13 04:05:35,772 - INFO - Captured activation for layer: layer1.2.conv3, activation shape: torch.Size([32, 256, 56, 56])
2026-02-13 04:05:35,774 - INFO - Captured activation for layer: layer1.2.conv3,                 activation shape: torch.Size([32, 256, 56, 56])
2026-02-13 04:05:35,784 - INFO - Captured activation for layer: layer1.2.conv3, activation shape: torch.Size([32, 256, 56, 56])
2026-02-13 04:05:35,786 - INFO - Captured activation for layer: layer1.2.conv3,                 activation shape: torch.Size([32, 256, 56, 56])
2026-02-13 04:05:35,797 - INFO - Captured activation for layer: layer1.2.conv3, activation shape: torch.Size([32, 256, 56, 56])
2026-02-13 04:05:35,798 - INFO - Captured activation for layer: layer1.2.conv3,                 activation shape: torch.Size([32, 256, 56, 56])
2026-02-13 04:05:35,809 - INFO - Captured activation for layer: layer1.2.conv3, activation shape: torch.Size([32, 256, 56, 56])
2026-02-13 04:05:35,810 - INFO - Captured activation for layer: layer1.2.conv3,                 activation shape: torch.Size([32, 256, 56, 56])
2026-02-13 04:05:35,821 - INFO - Captured activation for layer: layer1.2.conv3, activation shape: torch.Size([32, 256, 56, 56])
2026-02-13 04:05:35,823 - INFO - Captured activation for layer: layer1.2.conv3,                 activation shape: torch.Size([32, 256, 56, 56])
2026-02-13 04:05:35,833 - INFO - Captured activation for layer: layer1.2.conv3, activation shape: torch.Size([32, 256, 56, 56])
2026-02-13 04:05:35,835 - INFO - Captured activation for layer: layer1.2.conv3,                 activation shape: torch.Size([32, 256, 56, 56])
2026-02-13 04:05:35,846 - INFO - Captured activation for layer: layer1.2.conv3, activation shape: torch.Size([32, 256, 56, 56])
2026-02-13 04:05:35,847 - INFO - Captured activation for layer: layer1.2.conv3,                 activation shape: torch.Size([32, 256, 56, 56])
2026-02-13 04:05:35,858 - INFO - Captured activation for layer: layer1.2.conv3, activation shape: torch.Size([32, 256, 56, 56])
2026-02-13 04:05:35,859 - INFO - Captured activation for layer: layer1.2.conv3,                 activation shape: torch.Size([32, 256, 56, 56])
2026-02-13 04:05:35,870 - INFO - Captured activation for layer: layer1.2.conv3, activation shape: torch.Size([32, 256, 56, 56])
2026-02-13 04:05:35,872 - INFO - Captured activation for layer: layer1.2.conv3,                 activation shape: torch.Size([32, 256, 56, 56])
2026-02-13 04:05:35,882 - INFO - Captured activation for layer: layer1.2.conv3, activation shape: torch.Size([32, 256, 56, 56])
2026-02-13 04:05:35,884 - INFO - Captured activation for layer: layer1.2.conv3,                 activation shape: torch.Size([32, 256, 56, 56])
2026-02-13 04:05:35,895 - INFO - Captured activation for layer: layer1.2.conv3, activation shape: torch.Size([32, 256, 56, 56])
2026-02-13 04:05:35,896 - INFO - Captured activation for layer: layer1.2.conv3,                 activation shape: torch.Size([32, 256, 56, 56])
2026-02-13 04:05:35,908 - INFO - Captured activation for layer: layer1.2.conv3, activation shape: torch.Size([32, 256, 56, 56])
2026-02-13 04:05:35,910 - INFO - Captured activation for layer: layer1.2.conv3,                 activation shape: torch.Size([32, 256, 56, 56])
2026-02-13 04:05:35,925 - INFO - Captured activation for layer: layer1.2.conv3, activation shape: torch.Size([32, 256, 56, 56])
2026-02-13 04:05:35,929 - INFO - Captured activation for layer: layer1.2.conv3,                 activation shape: torch.Size([32, 256, 56, 56])
2026-02-13 04:05:35,951 - INFO - Captured activation for layer: layer1.2.conv3, activation shape: torch.Size([32, 256, 56, 56])
2026-02-13 04:05:35,955 - INFO - Captured activation for layer: layer1.2.conv3,                 activation shape: torch.Size([32, 256, 56, 56])
2026-02-13 04:05:35,978 - INFO - Captured activation for layer: layer1.2.conv3, activation shape: torch.Size([32, 256, 56, 56])
2026-02-13 04:05:35,982 - INFO - Captured activation for layer: layer1.2.conv3,                 activation shape: torch.Size([32, 256, 56, 56])
2026-02-13 04:05:36,005 - INFO - Captured activation for layer: layer1.2.conv3, activation shape: torch.Size([32, 256, 56, 56])
2026-02-13 04:05:36,009 - INFO - Captured activation for layer: layer1.2.conv3,                 activation shape: torch.Size([32, 256, 56, 56])
2026-02-13 04:05:36,031 - INFO - Captured activation for layer: layer1.2.conv3, activation shape: torch.Size([32, 256, 56, 56])
2026-02-13 04:05:36,035 - INFO - Captured activation for layer: layer1.2.conv3,                 activation shape: torch.Size([32, 256, 56, 56])
2026-02-13 04:05:36,058 - INFO - Captured activation for layer: layer1.2.conv3, activation shape: torch.Size([32, 256, 56, 56])
2026-02-13 04:05:36,062 - INFO - Captured activation for layer: layer1.2.conv3,                 activation shape: torch.Size([32, 256, 56, 56])
2026-02-13 04:05:36,083 - INFO - Captured activation for layer: layer1.2.conv3, activation shape: torch.Size([32, 256, 56, 56])
2026-02-13 04:05:36,084 - INFO - Stacked activations shape for layer layer1.2.conv3: torch.Size([2112, 256, 56, 56])
2026-02-13 04:05:36,084 - INFO - Using mean replacement for perturbation.
2026-02-13 04:05:36,257 - INFO - Perturbed activation  values: tensor([ 0.0009,  0.0006,  0.0007,  ..., -0.0492, -0.0618, -0.0729],
       device='cuda:0')
2026-02-13 04:05:36,269 - INFO - Standard deviation of activations for layer layer1.2.conv3: 0.0219
2026-02-13 04:05:36,269 - INFO - Checking normality of activations for layer layer1.2.conv3 using Shapiro-Wilk test.
2026-02-13 04:06:32,565 - INFO - Shapiro-Wilk test: statistic=0.8517, p-value=4.4716e-56
2026-02-13 04:06:32,565 - INFO - Normally distributed: False
2026-02-13 04:06:32,565 - INFO - Perturbed activation shape: torch.Size([1, 256, 56, 56]), Std activation shape: torch.Size([1, 256, 56, 56])
2026-02-13 04:06:32,575 - INFO - Std activation sample values: tensor([0.0040, 0.0022, 0.0023, 0.0025, 0.0024], device='cuda:0')
2026-02-13 04:06:32,595 - INFO - Applying perturbation for layer: layer1.2.conv3, original output shape: torch.Size([32, 256, 56, 56]), perturbed activation shape: torch.Size([1, 256, 56, 56])
2026-02-13 04:06:32,599 - INFO - Applying perturbation for layer: layer1.2.conv3, original output shape: torch.Size([32, 256, 56, 56]), perturbed activation shape: torch.Size([1, 256, 56, 56])
2026-02-13 04:06:32,603 - INFO - Applying perturbation for layer: layer1.2.conv3, original output shape: torch.Size([32, 256, 56, 56]), perturbed activation shape: torch.Size([1, 256, 56, 56])
2026-02-13 04:06:32,625 - INFO - Applying perturbation for layer: layer1.2.conv3, original output shape: torch.Size([32, 256, 56, 56]), perturbed activation shape: torch.Size([1, 256, 56, 56])
2026-02-13 04:06:32,649 - INFO - Applying perturbation for layer: layer1.2.conv3, original output shape: torch.Size([32, 256, 56, 56]), perturbed activation shape: torch.Size([1, 256, 56, 56])
2026-02-13 04:06:32,673 - INFO - Applying perturbation for layer: layer1.2.conv3, original output shape: torch.Size([32, 256, 56, 56]), perturbed activation shape: torch.Size([1, 256, 56, 56])
2026-02-13 04:06:32,698 - INFO - Applying perturbation for layer: layer1.2.conv3, original output shape: torch.Size([32, 256, 56, 56]), perturbed activation shape: torch.Size([1, 256, 56, 56])
2026-02-13 04:06:32,722 - INFO - Applying perturbation for layer: layer1.2.conv3, original output shape: torch.Size([32, 256, 56, 56]), perturbed activation shape: torch.Size([1, 256, 56, 56])
2026-02-13 04:06:32,746 - INFO - Applying perturbation for layer: layer1.2.conv3, original output shape: torch.Size([32, 256, 56, 56]), perturbed activation shape: torch.Size([1, 256, 56, 56])
2026-02-13 04:06:32,770 - INFO - Applying perturbation for layer: layer1.2.conv3, original output shape: torch.Size([32, 256, 56, 56]), perturbed activation shape: torch.Size([1, 256, 56, 56])
2026-02-13 04:06:32,794 - INFO - Applying perturbation for layer: layer1.2.conv3, original output shape: torch.Size([32, 256, 56, 56]), perturbed activation shape: torch.Size([1, 256, 56, 56])
2026-02-13 04:06:32,818 - INFO - Applying perturbation for layer: layer1.2.conv3, original output shape: torch.Size([32, 256, 56, 56]), perturbed activation shape: torch.Size([1, 256, 56, 56])
2026-02-13 04:06:32,842 - INFO - Applying perturbation for layer: layer1.2.conv3, original output shape: torch.Size([32, 256, 56, 56]), perturbed activation shape: torch.Size([1, 256, 56, 56])
2026-02-13 04:06:32,867 - INFO - Applying perturbation for layer: layer1.2.conv3, original output shape: torch.Size([32, 256, 56, 56]), perturbed activation shape: torch.Size([1, 256, 56, 56])
2026-02-13 04:06:32,891 - INFO - Applying perturbation for layer: layer1.2.conv3, original output shape: torch.Size([32, 256, 56, 56]), perturbed activation shape: torch.Size([1, 256, 56, 56])
2026-02-13 04:06:32,915 - INFO - Applying perturbation for layer: layer1.2.conv3, original output shape: torch.Size([32, 256, 56, 56]), perturbed activation shape: torch.Size([1, 256, 56, 56])
2026-02-13 04:06:32,939 - INFO - Applying perturbation for layer: layer1.2.conv3, original output shape: torch.Size([32, 256, 56, 56]), perturbed activation shape: torch.Size([1, 256, 56, 56])
2026-02-13 04:06:32,963 - INFO - Applying perturbation for layer: layer1.2.conv3, original output shape: torch.Size([32, 256, 56, 56]), perturbed activation shape: torch.Size([1, 256, 56, 56])
2026-02-13 04:06:32,987 - INFO - Applying perturbation for layer: layer1.2.conv3, original output shape: torch.Size([32, 256, 56, 56]), perturbed activation shape: torch.Size([1, 256, 56, 56])
2026-02-13 04:06:33,012 - INFO - Applying perturbation for layer: layer1.2.conv3, original output shape: torch.Size([32, 256, 56, 56]), perturbed activation shape: torch.Size([1, 256, 56, 56])
2026-02-13 04:06:33,036 - INFO - Applying perturbation for layer: layer1.2.conv3, original output shape: torch.Size([32, 256, 56, 56]), perturbed activation shape: torch.Size([1, 256, 56, 56])
2026-02-13 04:06:33,061 - INFO - Applying perturbation for layer: layer1.2.conv3, original output shape: torch.Size([32, 256, 56, 56]), perturbed activation shape: torch.Size([1, 256, 56, 56])
2026-02-13 04:06:33,110 - INFO - Applying perturbation for layer: layer1.2.conv3, original output shape: torch.Size([32, 256, 56, 56]), perturbed activation shape: torch.Size([1, 256, 56, 56])
2026-02-13 04:06:33,163 - INFO - Applying perturbation for layer: layer1.2.conv3, original output shape: torch.Size([32, 256, 56, 56]), perturbed activation shape: torch.Size([1, 256, 56, 56])
2026-02-13 04:06:33,217 - INFO - Applying perturbation for layer: layer1.2.conv3, original output shape: torch.Size([32, 256, 56, 56]), perturbed activation shape: torch.Size([1, 256, 56, 56])
2026-02-13 04:06:33,279 - INFO - Applying perturbation for layer: layer1.2.conv3, original output shape: torch.Size([32, 256, 56, 56]), perturbed activation shape: torch.Size([1, 256, 56, 56])
2026-02-13 04:06:33,333 - INFO - Applying perturbation for layer: layer1.2.conv3, original output shape: torch.Size([32, 256, 56, 56]), perturbed activation shape: torch.Size([1, 256, 56, 56])
2026-02-13 04:06:33,386 - INFO - Applying perturbation for layer: layer1.2.conv3, original output shape: torch.Size([32, 256, 56, 56]), perturbed activation shape: torch.Size([1, 256, 56, 56])
2026-02-13 04:06:33,440 - INFO - Applying perturbation for layer: layer1.2.conv3, original output shape: torch.Size([32, 256, 56, 56]), perturbed activation shape: torch.Size([1, 256, 56, 56])
2026-02-13 04:06:33,493 - INFO - Applying perturbation for layer: layer1.2.conv3, original output shape: torch.Size([32, 256, 56, 56]), perturbed activation shape: torch.Size([1, 256, 56, 56])
2026-02-13 04:06:33,547 - INFO - Applying perturbation for layer: layer1.2.conv3, original output shape: torch.Size([32, 256, 56, 56]), perturbed activation shape: torch.Size([1, 256, 56, 56])
2026-02-13 04:06:33,600 - INFO - Applying perturbation for layer: layer1.2.conv3, original output shape: torch.Size([32, 256, 56, 56]), perturbed activation shape: torch.Size([1, 256, 56, 56])
2026-02-13 04:06:33,654 - INFO - Applying perturbation for layer: layer1.2.conv3, original output shape: torch.Size([32, 256, 56, 56]), perturbed activation shape: torch.Size([1, 256, 56, 56])
2026-02-13 04:06:33,688 - INFO - Applying perturbation for layer: layer1.2.conv3, original output shape: torch.Size([32, 256, 56, 56]), perturbed activation shape: torch.Size([1, 256, 56, 56])
2026-02-13 04:06:33,712 - INFO - Applying perturbation for layer: layer1.2.conv3, original output shape: torch.Size([32, 256, 56, 56]), perturbed activation shape: torch.Size([1, 256, 56, 56])
2026-02-13 04:06:33,736 - INFO - Applying perturbation for layer: layer1.2.conv3, original output shape: torch.Size([32, 256, 56, 56]), perturbed activation shape: torch.Size([1, 256, 56, 56])
2026-02-13 04:06:33,760 - INFO - Applying perturbation for layer: layer1.2.conv3, original output shape: torch.Size([32, 256, 56, 56]), perturbed activation shape: torch.Size([1, 256, 56, 56])
2026-02-13 04:06:33,785 - INFO - Applying perturbation for layer: layer1.2.conv3, original output shape: torch.Size([32, 256, 56, 56]), perturbed activation shape: torch.Size([1, 256, 56, 56])
2026-02-13 04:06:33,809 - INFO - Applying perturbation for layer: layer1.2.conv3, original output shape: torch.Size([32, 256, 56, 56]), perturbed activation shape: torch.Size([1, 256, 56, 56])
2026-02-13 04:06:33,833 - INFO - Applying perturbation for layer: layer1.2.conv3, original output shape: torch.Size([32, 256, 56, 56]), perturbed activation shape: torch.Size([1, 256, 56, 56])
2026-02-13 04:06:33,857 - INFO - Applying perturbation for layer: layer1.2.conv3, original output shape: torch.Size([32, 256, 56, 56]), perturbed activation shape: torch.Size([1, 256, 56, 56])
2026-02-13 04:06:33,881 - INFO - Applying perturbation for layer: layer1.2.conv3, original output shape: torch.Size([32, 256, 56, 56]), perturbed activation shape: torch.Size([1, 256, 56, 56])
2026-02-13 04:06:33,906 - INFO - Applying perturbation for layer: layer1.2.conv3, original output shape: torch.Size([32, 256, 56, 56]), perturbed activation shape: torch.Size([1, 256, 56, 56])
2026-02-13 04:06:33,930 - INFO - Applying perturbation for layer: layer1.2.conv3, original output shape: torch.Size([32, 256, 56, 56]), perturbed activation shape: torch.Size([1, 256, 56, 56])
2026-02-13 04:06:33,954 - INFO - Applying perturbation for layer: layer1.2.conv3, original output shape: torch.Size([32, 256, 56, 56]), perturbed activation shape: torch.Size([1, 256, 56, 56])
2026-02-13 04:06:33,978 - INFO - Applying perturbation for layer: layer1.2.conv3, original output shape: torch.Size([32, 256, 56, 56]), perturbed activation shape: torch.Size([1, 256, 56, 56])
2026-02-13 04:06:34,002 - INFO - Applying perturbation for layer: layer1.2.conv3, original output shape: torch.Size([32, 256, 56, 56]), perturbed activation shape: torch.Size([1, 256, 56, 56])
2026-02-13 04:06:34,027 - INFO - Applying perturbation for layer: layer1.2.conv3, original output shape: torch.Size([32, 256, 56, 56]), perturbed activation shape: torch.Size([1, 256, 56, 56])
2026-02-13 04:06:34,051 - INFO - Applying perturbation for layer: layer1.2.conv3, original output shape: torch.Size([32, 256, 56, 56]), perturbed activation shape: torch.Size([1, 256, 56, 56])
2026-02-13 04:06:34,075 - INFO - Applying perturbation for layer: layer1.2.conv3, original output shape: torch.Size([32, 256, 56, 56]), perturbed activation shape: torch.Size([1, 256, 56, 56])
2026-02-13 04:06:34,117 - INFO - Applying perturbation for layer: layer1.2.conv3, original output shape: torch.Size([32, 256, 56, 56]), perturbed activation shape: torch.Size([1, 256, 56, 56])
2026-02-13 04:06:34,171 - INFO - Applying perturbation for layer: layer1.2.conv3, original output shape: torch.Size([32, 256, 56, 56]), perturbed activation shape: torch.Size([1, 256, 56, 56])
2026-02-13 04:06:34,224 - INFO - Applying perturbation for layer: layer1.2.conv3, original output shape: torch.Size([32, 256, 56, 56]), perturbed activation shape: torch.Size([1, 256, 56, 56])
2026-02-13 04:06:34,278 - INFO - Applying perturbation for layer: layer1.2.conv3, original output shape: torch.Size([32, 256, 56, 56]), perturbed activation shape: torch.Size([1, 256, 56, 56])
2026-02-13 04:06:34,331 - INFO - Applying perturbation for layer: layer1.2.conv3, original output shape: torch.Size([32, 256, 56, 56]), perturbed activation shape: torch.Size([1, 256, 56, 56])
2026-02-13 04:06:34,385 - INFO - Applying perturbation for layer: layer1.2.conv3, original output shape: torch.Size([32, 256, 56, 56]), perturbed activation shape: torch.Size([1, 256, 56, 56])
2026-02-13 04:06:34,438 - INFO - Applying perturbation for layer: layer1.2.conv3, original output shape: torch.Size([32, 256, 56, 56]), perturbed activation shape: torch.Size([1, 256, 56, 56])
2026-02-13 04:06:34,491 - INFO - Applying perturbation for layer: layer1.2.conv3, original output shape: torch.Size([32, 256, 56, 56]), perturbed activation shape: torch.Size([1, 256, 56, 56])
2026-02-13 04:06:34,534 - INFO - Applying perturbation for layer: layer1.2.conv3, original output shape: torch.Size([32, 256, 56, 56]), perturbed activation shape: torch.Size([1, 256, 56, 56])
2026-02-13 04:06:34,559 - INFO - Applying perturbation for layer: layer1.2.conv3, original output shape: torch.Size([32, 256, 56, 56]), perturbed activation shape: torch.Size([1, 256, 56, 56])
2026-02-13 04:06:34,589 - INFO - Applying perturbation for layer: layer1.2.conv3, original output shape: torch.Size([32, 256, 56, 56]), perturbed activation shape: torch.Size([1, 256, 56, 56])
2026-02-13 04:06:34,642 - INFO - Applying perturbation for layer: layer1.2.conv3, original output shape: torch.Size([32, 256, 56, 56]), perturbed activation shape: torch.Size([1, 256, 56, 56])
2026-02-13 04:06:34,695 - INFO - Applying perturbation for layer: layer1.2.conv3, original output shape: torch.Size([32, 256, 56, 56]), perturbed activation shape: torch.Size([1, 256, 56, 56])
2026-02-13 04:06:34,748 - INFO - Applying perturbation for layer: layer1.2.conv3, original output shape: torch.Size([32, 256, 56, 56]), perturbed activation shape: torch.Size([1, 256, 56, 56])
2026-02-13 04:06:34,802 - INFO - Applying perturbation for layer: layer1.2.conv3, original output shape: torch.Size([32, 256, 56, 56]), perturbed activation shape: torch.Size([1, 256, 56, 56])
2026-02-13 04:06:34,855 - INFO - Applying perturbation for layer: layer1.2.conv3, original output shape: torch.Size([32, 256, 56, 56]), perturbed activation shape: torch.Size([1, 256, 56, 56])
2026-02-13 04:06:35,246 - INFO - ================================================================================
2026-02-13 04:06:35,247 - INFO - Target layer found: layer2.3.conv3
2026-02-13 04:06:35,252 - INFO - Captured activation for layer: layer2.3.conv3,                 activation shape: torch.Size([32, 512, 28, 28])
2026-02-13 04:06:35,254 - INFO - Captured activation for layer: layer2.3.conv3, activation shape: torch.Size([32, 512, 28, 28])
2026-02-13 04:06:35,255 - INFO - Captured activation for layer: layer2.3.conv3,                 activation shape: torch.Size([32, 512, 28, 28])
2026-02-13 04:06:35,256 - INFO - Captured activation for layer: layer2.3.conv3, activation shape: torch.Size([32, 512, 28, 28])
2026-02-13 04:06:35,257 - INFO - Captured activation for layer: layer2.3.conv3,                 activation shape: torch.Size([32, 512, 28, 28])
2026-02-13 04:06:35,258 - INFO - Captured activation for layer: layer2.3.conv3, activation shape: torch.Size([32, 512, 28, 28])
2026-02-13 04:06:35,260 - INFO - Captured activation for layer: layer2.3.conv3,                 activation shape: torch.Size([32, 512, 28, 28])
2026-02-13 04:06:35,261 - INFO - Captured activation for layer: layer2.3.conv3, activation shape: torch.Size([32, 512, 28, 28])
2026-02-13 04:06:35,262 - INFO - Captured activation for layer: layer2.3.conv3,                 activation shape: torch.Size([32, 512, 28, 28])
2026-02-13 04:06:35,263 - INFO - Captured activation for layer: layer2.3.conv3, activation shape: torch.Size([32, 512, 28, 28])
2026-02-13 04:06:35,265 - INFO - Captured activation for layer: layer2.3.conv3,                 activation shape: torch.Size([32, 512, 28, 28])
2026-02-13 04:06:35,270 - INFO - Captured activation for layer: layer2.3.conv3, activation shape: torch.Size([32, 512, 28, 28])
2026-02-13 04:06:35,273 - INFO - Captured activation for layer: layer2.3.conv3,                 activation shape: torch.Size([32, 512, 28, 28])
2026-02-13 04:06:35,283 - INFO - Captured activation for layer: layer2.3.conv3, activation shape: torch.Size([32, 512, 28, 28])
2026-02-13 04:06:35,286 - INFO - Captured activation for layer: layer2.3.conv3,                 activation shape: torch.Size([32, 512, 28, 28])
2026-02-13 04:06:35,295 - INFO - Captured activation for layer: layer2.3.conv3, activation shape: torch.Size([32, 512, 28, 28])
2026-02-13 04:06:35,298 - INFO - Captured activation for layer: layer2.3.conv3,                 activation shape: torch.Size([32, 512, 28, 28])
2026-02-13 04:06:35,308 - INFO - Captured activation for layer: layer2.3.conv3, activation shape: torch.Size([32, 512, 28, 28])
2026-02-13 04:06:35,311 - INFO - Captured activation for layer: layer2.3.conv3,                 activation shape: torch.Size([32, 512, 28, 28])
2026-02-13 04:06:35,321 - INFO - Captured activation for layer: layer2.3.conv3, activation shape: torch.Size([32, 512, 28, 28])
2026-02-13 04:06:35,324 - INFO - Captured activation for layer: layer2.3.conv3,                 activation shape: torch.Size([32, 512, 28, 28])
2026-02-13 04:06:35,333 - INFO - Captured activation for layer: layer2.3.conv3, activation shape: torch.Size([32, 512, 28, 28])
2026-02-13 04:06:35,336 - INFO - Captured activation for layer: layer2.3.conv3,                 activation shape: torch.Size([32, 512, 28, 28])
2026-02-13 04:06:35,345 - INFO - Captured activation for layer: layer2.3.conv3, activation shape: torch.Size([32, 512, 28, 28])
2026-02-13 04:06:35,348 - INFO - Captured activation for layer: layer2.3.conv3,                 activation shape: torch.Size([32, 512, 28, 28])
2026-02-13 04:06:35,357 - INFO - Captured activation for layer: layer2.3.conv3, activation shape: torch.Size([32, 512, 28, 28])
2026-02-13 04:06:35,360 - INFO - Captured activation for layer: layer2.3.conv3,                 activation shape: torch.Size([32, 512, 28, 28])
2026-02-13 04:06:35,369 - INFO - Captured activation for layer: layer2.3.conv3, activation shape: torch.Size([32, 512, 28, 28])
2026-02-13 04:06:35,372 - INFO - Captured activation for layer: layer2.3.conv3,                 activation shape: torch.Size([32, 512, 28, 28])
2026-02-13 04:06:35,381 - INFO - Captured activation for layer: layer2.3.conv3, activation shape: torch.Size([32, 512, 28, 28])
2026-02-13 04:06:35,384 - INFO - Captured activation for layer: layer2.3.conv3,                 activation shape: torch.Size([32, 512, 28, 28])
2026-02-13 04:06:35,393 - INFO - Captured activation for layer: layer2.3.conv3, activation shape: torch.Size([32, 512, 28, 28])
2026-02-13 04:06:35,396 - INFO - Captured activation for layer: layer2.3.conv3,                 activation shape: torch.Size([32, 512, 28, 28])
2026-02-13 04:06:35,405 - INFO - Captured activation for layer: layer2.3.conv3, activation shape: torch.Size([32, 512, 28, 28])
2026-02-13 04:06:35,408 - INFO - Captured activation for layer: layer2.3.conv3,                 activation shape: torch.Size([32, 512, 28, 28])
2026-02-13 04:06:35,417 - INFO - Captured activation for layer: layer2.3.conv3, activation shape: torch.Size([32, 512, 28, 28])
2026-02-13 04:06:35,421 - INFO - Captured activation for layer: layer2.3.conv3,                 activation shape: torch.Size([32, 512, 28, 28])
2026-02-13 04:06:35,433 - INFO - Captured activation for layer: layer2.3.conv3, activation shape: torch.Size([32, 512, 28, 28])
2026-02-13 04:06:35,441 - INFO - Captured activation for layer: layer2.3.conv3,                 activation shape: torch.Size([32, 512, 28, 28])
2026-02-13 04:06:35,460 - INFO - Captured activation for layer: layer2.3.conv3, activation shape: torch.Size([32, 512, 28, 28])
2026-02-13 04:06:35,468 - INFO - Captured activation for layer: layer2.3.conv3,                 activation shape: torch.Size([32, 512, 28, 28])
2026-02-13 04:06:35,487 - INFO - Captured activation for layer: layer2.3.conv3, activation shape: torch.Size([32, 512, 28, 28])
2026-02-13 04:06:35,494 - INFO - Captured activation for layer: layer2.3.conv3,                 activation shape: torch.Size([32, 512, 28, 28])
2026-02-13 04:06:35,513 - INFO - Captured activation for layer: layer2.3.conv3, activation shape: torch.Size([32, 512, 28, 28])
2026-02-13 04:06:35,521 - INFO - Captured activation for layer: layer2.3.conv3,                 activation shape: torch.Size([32, 512, 28, 28])
2026-02-13 04:06:35,540 - INFO - Captured activation for layer: layer2.3.conv3, activation shape: torch.Size([32, 512, 28, 28])
2026-02-13 04:06:35,548 - INFO - Captured activation for layer: layer2.3.conv3,                 activation shape: torch.Size([32, 512, 28, 28])
2026-02-13 04:06:35,567 - INFO - Captured activation for layer: layer2.3.conv3, activation shape: torch.Size([32, 512, 28, 28])
2026-02-13 04:06:35,575 - INFO - Captured activation for layer: layer2.3.conv3,                 activation shape: torch.Size([32, 512, 28, 28])
2026-02-13 04:06:35,593 - INFO - Captured activation for layer: layer2.3.conv3, activation shape: torch.Size([32, 512, 28, 28])
2026-02-13 04:06:35,601 - INFO - Captured activation for layer: layer2.3.conv3,                 activation shape: torch.Size([32, 512, 28, 28])
2026-02-13 04:06:35,620 - INFO - Captured activation for layer: layer2.3.conv3, activation shape: torch.Size([32, 512, 28, 28])
2026-02-13 04:06:35,628 - INFO - Captured activation for layer: layer2.3.conv3,                 activation shape: torch.Size([32, 512, 28, 28])
2026-02-13 04:06:35,647 - INFO - Captured activation for layer: layer2.3.conv3, activation shape: torch.Size([32, 512, 28, 28])
2026-02-13 04:06:35,652 - INFO - Captured activation for layer: layer2.3.conv3,                 activation shape: torch.Size([32, 512, 28, 28])
2026-02-13 04:06:35,673 - INFO - Captured activation for layer: layer2.3.conv3, activation shape: torch.Size([32, 512, 28, 28])
2026-02-13 04:06:35,679 - INFO - Captured activation for layer: layer2.3.conv3,                 activation shape: torch.Size([32, 512, 28, 28])
2026-02-13 04:06:35,700 - INFO - Captured activation for layer: layer2.3.conv3, activation shape: torch.Size([32, 512, 28, 28])
2026-02-13 04:06:35,706 - INFO - Captured activation for layer: layer2.3.conv3,                 activation shape: torch.Size([32, 512, 28, 28])
2026-02-13 04:06:35,727 - INFO - Captured activation for layer: layer2.3.conv3, activation shape: torch.Size([32, 512, 28, 28])
2026-02-13 04:06:35,732 - INFO - Captured activation for layer: layer2.3.conv3,                 activation shape: torch.Size([32, 512, 28, 28])
2026-02-13 04:06:35,754 - INFO - Captured activation for layer: layer2.3.conv3, activation shape: torch.Size([32, 512, 28, 28])
2026-02-13 04:06:35,759 - INFO - Captured activation for layer: layer2.3.conv3,                 activation shape: torch.Size([32, 512, 28, 28])
2026-02-13 04:06:35,780 - INFO - Captured activation for layer: layer2.3.conv3, activation shape: torch.Size([32, 512, 28, 28])
2026-02-13 04:06:35,786 - INFO - Captured activation for layer: layer2.3.conv3,                 activation shape: torch.Size([32, 512, 28, 28])
2026-02-13 04:06:35,807 - INFO - Captured activation for layer: layer2.3.conv3, activation shape: torch.Size([32, 512, 28, 28])
2026-02-13 04:06:35,812 - INFO - Captured activation for layer: layer2.3.conv3,                 activation shape: torch.Size([32, 512, 28, 28])
2026-02-13 04:06:35,833 - INFO - Captured activation for layer: layer2.3.conv3, activation shape: torch.Size([32, 512, 28, 28])
2026-02-13 04:06:35,839 - INFO - Captured activation for layer: layer2.3.conv3,                 activation shape: torch.Size([32, 512, 28, 28])
2026-02-13 04:06:35,860 - INFO - Captured activation for layer: layer2.3.conv3, activation shape: torch.Size([32, 512, 28, 28])
2026-02-13 04:06:35,866 - INFO - Captured activation for layer: layer2.3.conv3,                 activation shape: torch.Size([32, 512, 28, 28])
2026-02-13 04:06:35,887 - INFO - Captured activation for layer: layer2.3.conv3, activation shape: torch.Size([32, 512, 28, 28])
2026-02-13 04:06:35,892 - INFO - Captured activation for layer: layer2.3.conv3,                 activation shape: torch.Size([32, 512, 28, 28])
2026-02-13 04:06:35,914 - INFO - Captured activation for layer: layer2.3.conv3, activation shape: torch.Size([32, 512, 28, 28])
2026-02-13 04:06:35,919 - INFO - Captured activation for layer: layer2.3.conv3,                 activation shape: torch.Size([32, 512, 28, 28])
2026-02-13 04:06:35,940 - INFO - Captured activation for layer: layer2.3.conv3, activation shape: torch.Size([32, 512, 28, 28])
2026-02-13 04:06:35,946 - INFO - Captured activation for layer: layer2.3.conv3,                 activation shape: torch.Size([32, 512, 28, 28])
2026-02-13 04:06:35,967 - INFO - Captured activation for layer: layer2.3.conv3, activation shape: torch.Size([32, 512, 28, 28])
2026-02-13 04:06:35,973 - INFO - Captured activation for layer: layer2.3.conv3,                 activation shape: torch.Size([32, 512, 28, 28])
2026-02-13 04:06:35,994 - INFO - Captured activation for layer: layer2.3.conv3, activation shape: torch.Size([32, 512, 28, 28])
2026-02-13 04:06:35,999 - INFO - Captured activation for layer: layer2.3.conv3,                 activation shape: torch.Size([32, 512, 28, 28])
2026-02-13 04:06:36,021 - INFO - Captured activation for layer: layer2.3.conv3, activation shape: torch.Size([32, 512, 28, 28])
2026-02-13 04:06:36,026 - INFO - Captured activation for layer: layer2.3.conv3,                 activation shape: torch.Size([32, 512, 28, 28])
2026-02-13 04:06:36,047 - INFO - Captured activation for layer: layer2.3.conv3, activation shape: torch.Size([32, 512, 28, 28])
2026-02-13 04:06:36,053 - INFO - Captured activation for layer: layer2.3.conv3,                 activation shape: torch.Size([32, 512, 28, 28])
2026-02-13 04:06:36,074 - INFO - Captured activation for layer: layer2.3.conv3, activation shape: torch.Size([32, 512, 28, 28])
2026-02-13 04:06:36,079 - INFO - Captured activation for layer: layer2.3.conv3,                 activation shape: torch.Size([32, 512, 28, 28])
2026-02-13 04:06:36,101 - INFO - Captured activation for layer: layer2.3.conv3, activation shape: torch.Size([32, 512, 28, 28])
2026-02-13 04:06:36,106 - INFO - Captured activation for layer: layer2.3.conv3,                 activation shape: torch.Size([32, 512, 28, 28])
2026-02-13 04:06:36,127 - INFO - Captured activation for layer: layer2.3.conv3, activation shape: torch.Size([32, 512, 28, 28])
2026-02-13 04:06:36,133 - INFO - Captured activation for layer: layer2.3.conv3,                 activation shape: torch.Size([32, 512, 28, 28])
2026-02-13 04:06:36,154 - INFO - Captured activation for layer: layer2.3.conv3, activation shape: torch.Size([32, 512, 28, 28])
2026-02-13 04:06:36,159 - INFO - Captured activation for layer: layer2.3.conv3,                 activation shape: torch.Size([32, 512, 28, 28])
2026-02-13 04:06:36,181 - INFO - Captured activation for layer: layer2.3.conv3, activation shape: torch.Size([32, 512, 28, 28])
2026-02-13 04:06:36,186 - INFO - Captured activation for layer: layer2.3.conv3,                 activation shape: torch.Size([32, 512, 28, 28])
2026-02-13 04:06:36,207 - INFO - Captured activation for layer: layer2.3.conv3, activation shape: torch.Size([32, 512, 28, 28])
2026-02-13 04:06:36,213 - INFO - Captured activation for layer: layer2.3.conv3,                 activation shape: torch.Size([32, 512, 28, 28])
2026-02-13 04:06:36,234 - INFO - Captured activation for layer: layer2.3.conv3, activation shape: torch.Size([32, 512, 28, 28])
2026-02-13 04:06:36,239 - INFO - Captured activation for layer: layer2.3.conv3,                 activation shape: torch.Size([32, 512, 28, 28])
2026-02-13 04:06:36,261 - INFO - Captured activation for layer: layer2.3.conv3, activation shape: torch.Size([32, 512, 28, 28])
2026-02-13 04:06:36,266 - INFO - Captured activation for layer: layer2.3.conv3,                 activation shape: torch.Size([32, 512, 28, 28])
2026-02-13 04:06:36,288 - INFO - Captured activation for layer: layer2.3.conv3, activation shape: torch.Size([32, 512, 28, 28])
2026-02-13 04:06:36,293 - INFO - Captured activation for layer: layer2.3.conv3,                 activation shape: torch.Size([32, 512, 28, 28])
2026-02-13 04:06:36,309 - INFO - Captured activation for layer: layer2.3.conv3, activation shape: torch.Size([32, 512, 28, 28])
2026-02-13 04:06:36,312 - INFO - Captured activation for layer: layer2.3.conv3,                 activation shape: torch.Size([32, 512, 28, 28])
2026-02-13 04:06:36,321 - INFO - Captured activation for layer: layer2.3.conv3, activation shape: torch.Size([32, 512, 28, 28])
2026-02-13 04:06:36,324 - INFO - Captured activation for layer: layer2.3.conv3,                 activation shape: torch.Size([32, 512, 28, 28])
2026-02-13 04:06:36,333 - INFO - Captured activation for layer: layer2.3.conv3, activation shape: torch.Size([32, 512, 28, 28])
2026-02-13 04:06:36,336 - INFO - Captured activation for layer: layer2.3.conv3,                 activation shape: torch.Size([32, 512, 28, 28])
2026-02-13 04:06:36,345 - INFO - Captured activation for layer: layer2.3.conv3, activation shape: torch.Size([32, 512, 28, 28])
2026-02-13 04:06:36,348 - INFO - Captured activation for layer: layer2.3.conv3,                 activation shape: torch.Size([32, 512, 28, 28])
2026-02-13 04:06:36,357 - INFO - Captured activation for layer: layer2.3.conv3, activation shape: torch.Size([32, 512, 28, 28])
2026-02-13 04:06:36,360 - INFO - Captured activation for layer: layer2.3.conv3,                 activation shape: torch.Size([32, 512, 28, 28])
2026-02-13 04:06:36,370 - INFO - Captured activation for layer: layer2.3.conv3, activation shape: torch.Size([32, 512, 28, 28])
2026-02-13 04:06:36,373 - INFO - Captured activation for layer: layer2.3.conv3,                 activation shape: torch.Size([32, 512, 28, 28])
2026-02-13 04:06:36,383 - INFO - Captured activation for layer: layer2.3.conv3, activation shape: torch.Size([32, 512, 28, 28])
2026-02-13 04:06:36,386 - INFO - Captured activation for layer: layer2.3.conv3,                 activation shape: torch.Size([32, 512, 28, 28])
2026-02-13 04:06:36,395 - INFO - Captured activation for layer: layer2.3.conv3, activation shape: torch.Size([32, 512, 28, 28])
2026-02-13 04:06:36,399 - INFO - Captured activation for layer: layer2.3.conv3,                 activation shape: torch.Size([32, 512, 28, 28])
2026-02-13 04:06:36,408 - INFO - Captured activation for layer: layer2.3.conv3, activation shape: torch.Size([32, 512, 28, 28])
2026-02-13 04:06:36,411 - INFO - Captured activation for layer: layer2.3.conv3,                 activation shape: torch.Size([32, 512, 28, 28])
2026-02-13 04:06:36,420 - INFO - Captured activation for layer: layer2.3.conv3, activation shape: torch.Size([32, 512, 28, 28])
2026-02-13 04:06:36,423 - INFO - Captured activation for layer: layer2.3.conv3,                 activation shape: torch.Size([32, 512, 28, 28])
2026-02-13 04:06:36,432 - INFO - Captured activation for layer: layer2.3.conv3, activation shape: torch.Size([32, 512, 28, 28])
2026-02-13 04:06:36,435 - INFO - Captured activation for layer: layer2.3.conv3,                 activation shape: torch.Size([32, 512, 28, 28])
2026-02-13 04:06:36,444 - INFO - Captured activation for layer: layer2.3.conv3, activation shape: torch.Size([32, 512, 28, 28])
2026-02-13 04:06:36,447 - INFO - Captured activation for layer: layer2.3.conv3,                 activation shape: torch.Size([32, 512, 28, 28])
2026-02-13 04:06:36,456 - INFO - Captured activation for layer: layer2.3.conv3, activation shape: torch.Size([32, 512, 28, 28])
2026-02-13 04:06:36,459 - INFO - Captured activation for layer: layer2.3.conv3,                 activation shape: torch.Size([32, 512, 28, 28])
2026-02-13 04:06:36,469 - INFO - Captured activation for layer: layer2.3.conv3, activation shape: torch.Size([32, 512, 28, 28])
2026-02-13 04:06:36,471 - INFO - Captured activation for layer: layer2.3.conv3,                 activation shape: torch.Size([32, 512, 28, 28])
2026-02-13 04:06:36,481 - INFO - Captured activation for layer: layer2.3.conv3, activation shape: torch.Size([32, 512, 28, 28])
2026-02-13 04:06:36,481 - INFO - Stacked activations shape for layer layer2.3.conv3: torch.Size([2112, 512, 28, 28])
2026-02-13 04:06:36,481 - INFO - Using mean replacement for perturbation.
2026-02-13 04:06:36,550 - INFO - Perturbed activation  values: tensor([-0.0019, -0.0048, -0.0078,  ..., -0.0042, -0.0044, -0.0039],
       device='cuda:0')
2026-02-13 04:06:36,554 - INFO - Standard deviation of activations for layer layer2.3.conv3: 0.0294
2026-02-13 04:06:36,554 - INFO - Checking normality of activations for layer layer2.3.conv3 using Shapiro-Wilk test.
2026-02-13 04:07:03,147 - INFO - Shapiro-Wilk test: statistic=0.9610, p-value=1.0931e-34
2026-02-13 04:07:03,147 - INFO - Normally distributed: False
2026-02-13 04:07:03,148 - INFO - Perturbed activation shape: torch.Size([1, 512, 28, 28]), Std activation shape: torch.Size([1, 512, 28, 28])
2026-02-13 04:07:03,153 - INFO - Std activation sample values: tensor([0.0097, 0.0088, 0.0095, 0.0096, 0.0097], device='cuda:0')
2026-02-13 04:07:03,166 - INFO - Applying perturbation for layer: layer2.3.conv3, original output shape: torch.Size([32, 512, 28, 28]), perturbed activation shape: torch.Size([1, 512, 28, 28])
2026-02-13 04:07:03,170 - INFO - Applying perturbation for layer: layer2.3.conv3, original output shape: torch.Size([32, 512, 28, 28]), perturbed activation shape: torch.Size([1, 512, 28, 28])
2026-02-13 04:07:03,174 - INFO - Applying perturbation for layer: layer2.3.conv3, original output shape: torch.Size([32, 512, 28, 28]), perturbed activation shape: torch.Size([1, 512, 28, 28])
2026-02-13 04:07:03,196 - INFO - Applying perturbation for layer: layer2.3.conv3, original output shape: torch.Size([32, 512, 28, 28]), perturbed activation shape: torch.Size([1, 512, 28, 28])
2026-02-13 04:07:03,220 - INFO - Applying perturbation for layer: layer2.3.conv3, original output shape: torch.Size([32, 512, 28, 28]), perturbed activation shape: torch.Size([1, 512, 28, 28])
2026-02-13 04:07:03,244 - INFO - Applying perturbation for layer: layer2.3.conv3, original output shape: torch.Size([32, 512, 28, 28]), perturbed activation shape: torch.Size([1, 512, 28, 28])
2026-02-13 04:07:03,268 - INFO - Applying perturbation for layer: layer2.3.conv3, original output shape: torch.Size([32, 512, 28, 28]), perturbed activation shape: torch.Size([1, 512, 28, 28])
2026-02-13 04:07:03,292 - INFO - Applying perturbation for layer: layer2.3.conv3, original output shape: torch.Size([32, 512, 28, 28]), perturbed activation shape: torch.Size([1, 512, 28, 28])
2026-02-13 04:07:03,316 - INFO - Applying perturbation for layer: layer2.3.conv3, original output shape: torch.Size([32, 512, 28, 28]), perturbed activation shape: torch.Size([1, 512, 28, 28])
2026-02-13 04:07:03,340 - INFO - Applying perturbation for layer: layer2.3.conv3, original output shape: torch.Size([32, 512, 28, 28]), perturbed activation shape: torch.Size([1, 512, 28, 28])
2026-02-13 04:07:03,364 - INFO - Applying perturbation for layer: layer2.3.conv3, original output shape: torch.Size([32, 512, 28, 28]), perturbed activation shape: torch.Size([1, 512, 28, 28])
2026-02-13 04:07:03,388 - INFO - Applying perturbation for layer: layer2.3.conv3, original output shape: torch.Size([32, 512, 28, 28]), perturbed activation shape: torch.Size([1, 512, 28, 28])
2026-02-13 04:07:03,412 - INFO - Applying perturbation for layer: layer2.3.conv3, original output shape: torch.Size([32, 512, 28, 28]), perturbed activation shape: torch.Size([1, 512, 28, 28])
2026-02-13 04:07:03,436 - INFO - Applying perturbation for layer: layer2.3.conv3, original output shape: torch.Size([32, 512, 28, 28]), perturbed activation shape: torch.Size([1, 512, 28, 28])
2026-02-13 04:07:03,469 - INFO - Applying perturbation for layer: layer2.3.conv3, original output shape: torch.Size([32, 512, 28, 28]), perturbed activation shape: torch.Size([1, 512, 28, 28])
2026-02-13 04:07:03,521 - INFO - Applying perturbation for layer: layer2.3.conv3, original output shape: torch.Size([32, 512, 28, 28]), perturbed activation shape: torch.Size([1, 512, 28, 28])
2026-02-13 04:07:03,574 - INFO - Applying perturbation for layer: layer2.3.conv3, original output shape: torch.Size([32, 512, 28, 28]), perturbed activation shape: torch.Size([1, 512, 28, 28])
2026-02-13 04:07:03,627 - INFO - Applying perturbation for layer: layer2.3.conv3, original output shape: torch.Size([32, 512, 28, 28]), perturbed activation shape: torch.Size([1, 512, 28, 28])
2026-02-13 04:07:03,681 - INFO - Applying perturbation for layer: layer2.3.conv3, original output shape: torch.Size([32, 512, 28, 28]), perturbed activation shape: torch.Size([1, 512, 28, 28])
2026-02-13 04:07:03,734 - INFO - Applying perturbation for layer: layer2.3.conv3, original output shape: torch.Size([32, 512, 28, 28]), perturbed activation shape: torch.Size([1, 512, 28, 28])
2026-02-13 04:07:03,787 - INFO - Applying perturbation for layer: layer2.3.conv3, original output shape: torch.Size([32, 512, 28, 28]), perturbed activation shape: torch.Size([1, 512, 28, 28])
2026-02-13 04:07:03,841 - INFO - Applying perturbation for layer: layer2.3.conv3, original output shape: torch.Size([32, 512, 28, 28]), perturbed activation shape: torch.Size([1, 512, 28, 28])
2026-02-13 04:07:03,895 - INFO - Applying perturbation for layer: layer2.3.conv3, original output shape: torch.Size([32, 512, 28, 28]), perturbed activation shape: torch.Size([1, 512, 28, 28])
2026-02-13 04:07:03,936 - INFO - Applying perturbation for layer: layer2.3.conv3, original output shape: torch.Size([32, 512, 28, 28]), perturbed activation shape: torch.Size([1, 512, 28, 28])
2026-02-13 04:07:03,960 - INFO - Applying perturbation for layer: layer2.3.conv3, original output shape: torch.Size([32, 512, 28, 28]), perturbed activation shape: torch.Size([1, 512, 28, 28])
2026-02-13 04:07:03,984 - INFO - Applying perturbation for layer: layer2.3.conv3, original output shape: torch.Size([32, 512, 28, 28]), perturbed activation shape: torch.Size([1, 512, 28, 28])
2026-02-13 04:07:04,008 - INFO - Applying perturbation for layer: layer2.3.conv3, original output shape: torch.Size([32, 512, 28, 28]), perturbed activation shape: torch.Size([1, 512, 28, 28])
2026-02-13 04:07:04,032 - INFO - Applying perturbation for layer: layer2.3.conv3, original output shape: torch.Size([32, 512, 28, 28]), perturbed activation shape: torch.Size([1, 512, 28, 28])
2026-02-13 04:07:04,056 - INFO - Applying perturbation for layer: layer2.3.conv3, original output shape: torch.Size([32, 512, 28, 28]), perturbed activation shape: torch.Size([1, 512, 28, 28])
2026-02-13 04:07:04,080 - INFO - Applying perturbation for layer: layer2.3.conv3, original output shape: torch.Size([32, 512, 28, 28]), perturbed activation shape: torch.Size([1, 512, 28, 28])
2026-02-13 04:07:04,104 - INFO - Applying perturbation for layer: layer2.3.conv3, original output shape: torch.Size([32, 512, 28, 28]), perturbed activation shape: torch.Size([1, 512, 28, 28])
2026-02-13 04:07:04,128 - INFO - Applying perturbation for layer: layer2.3.conv3, original output shape: torch.Size([32, 512, 28, 28]), perturbed activation shape: torch.Size([1, 512, 28, 28])
2026-02-13 04:07:04,152 - INFO - Applying perturbation for layer: layer2.3.conv3, original output shape: torch.Size([32, 512, 28, 28]), perturbed activation shape: torch.Size([1, 512, 28, 28])
2026-02-13 04:07:04,177 - INFO - Applying perturbation for layer: layer2.3.conv3, original output shape: torch.Size([32, 512, 28, 28]), perturbed activation shape: torch.Size([1, 512, 28, 28])
2026-02-13 04:07:04,201 - INFO - Applying perturbation for layer: layer2.3.conv3, original output shape: torch.Size([32, 512, 28, 28]), perturbed activation shape: torch.Size([1, 512, 28, 28])
2026-02-13 04:07:04,225 - INFO - Applying perturbation for layer: layer2.3.conv3, original output shape: torch.Size([32, 512, 28, 28]), perturbed activation shape: torch.Size([1, 512, 28, 28])
2026-02-13 04:07:04,249 - INFO - Applying perturbation for layer: layer2.3.conv3, original output shape: torch.Size([32, 512, 28, 28]), perturbed activation shape: torch.Size([1, 512, 28, 28])
2026-02-13 04:07:04,273 - INFO - Applying perturbation for layer: layer2.3.conv3, original output shape: torch.Size([32, 512, 28, 28]), perturbed activation shape: torch.Size([1, 512, 28, 28])
2026-02-13 04:07:04,297 - INFO - Applying perturbation for layer: layer2.3.conv3, original output shape: torch.Size([32, 512, 28, 28]), perturbed activation shape: torch.Size([1, 512, 28, 28])
2026-02-13 04:07:04,321 - INFO - Applying perturbation for layer: layer2.3.conv3, original output shape: torch.Size([32, 512, 28, 28]), perturbed activation shape: torch.Size([1, 512, 28, 28])
2026-02-13 04:07:04,345 - INFO - Applying perturbation for layer: layer2.3.conv3, original output shape: torch.Size([32, 512, 28, 28]), perturbed activation shape: torch.Size([1, 512, 28, 28])
2026-02-13 04:07:04,369 - INFO - Applying perturbation for layer: layer2.3.conv3, original output shape: torch.Size([32, 512, 28, 28]), perturbed activation shape: torch.Size([1, 512, 28, 28])
2026-02-13 04:07:04,393 - INFO - Applying perturbation for layer: layer2.3.conv3, original output shape: torch.Size([32, 512, 28, 28]), perturbed activation shape: torch.Size([1, 512, 28, 28])
2026-02-13 04:07:04,417 - INFO - Applying perturbation for layer: layer2.3.conv3, original output shape: torch.Size([32, 512, 28, 28]), perturbed activation shape: torch.Size([1, 512, 28, 28])
2026-02-13 04:07:04,441 - INFO - Applying perturbation for layer: layer2.3.conv3, original output shape: torch.Size([32, 512, 28, 28]), perturbed activation shape: torch.Size([1, 512, 28, 28])
2026-02-13 04:07:04,465 - INFO - Applying perturbation for layer: layer2.3.conv3, original output shape: torch.Size([32, 512, 28, 28]), perturbed activation shape: torch.Size([1, 512, 28, 28])
2026-02-13 04:07:04,489 - INFO - Applying perturbation for layer: layer2.3.conv3, original output shape: torch.Size([32, 512, 28, 28]), perturbed activation shape: torch.Size([1, 512, 28, 28])
2026-02-13 04:07:04,513 - INFO - Applying perturbation for layer: layer2.3.conv3, original output shape: torch.Size([32, 512, 28, 28]), perturbed activation shape: torch.Size([1, 512, 28, 28])
2026-02-13 04:07:04,537 - INFO - Applying perturbation for layer: layer2.3.conv3, original output shape: torch.Size([32, 512, 28, 28]), perturbed activation shape: torch.Size([1, 512, 28, 28])
2026-02-13 04:07:04,561 - INFO - Applying perturbation for layer: layer2.3.conv3, original output shape: torch.Size([32, 512, 28, 28]), perturbed activation shape: torch.Size([1, 512, 28, 28])
2026-02-13 04:07:04,586 - INFO - Applying perturbation for layer: layer2.3.conv3, original output shape: torch.Size([32, 512, 28, 28]), perturbed activation shape: torch.Size([1, 512, 28, 28])
2026-02-13 04:07:04,610 - INFO - Applying perturbation for layer: layer2.3.conv3, original output shape: torch.Size([32, 512, 28, 28]), perturbed activation shape: torch.Size([1, 512, 28, 28])
2026-02-13 04:07:04,634 - INFO - Applying perturbation for layer: layer2.3.conv3, original output shape: torch.Size([32, 512, 28, 28]), perturbed activation shape: torch.Size([1, 512, 28, 28])
2026-02-13 04:07:04,658 - INFO - Applying perturbation for layer: layer2.3.conv3, original output shape: torch.Size([32, 512, 28, 28]), perturbed activation shape: torch.Size([1, 512, 28, 28])
2026-02-13 04:07:04,682 - INFO - Applying perturbation for layer: layer2.3.conv3, original output shape: torch.Size([32, 512, 28, 28]), perturbed activation shape: torch.Size([1, 512, 28, 28])
2026-02-13 04:07:04,706 - INFO - Applying perturbation for layer: layer2.3.conv3, original output shape: torch.Size([32, 512, 28, 28]), perturbed activation shape: torch.Size([1, 512, 28, 28])
2026-02-13 04:07:04,730 - INFO - Applying perturbation for layer: layer2.3.conv3, original output shape: torch.Size([32, 512, 28, 28]), perturbed activation shape: torch.Size([1, 512, 28, 28])
2026-02-13 04:07:04,754 - INFO - Applying perturbation for layer: layer2.3.conv3, original output shape: torch.Size([32, 512, 28, 28]), perturbed activation shape: torch.Size([1, 512, 28, 28])
2026-02-13 04:07:04,778 - INFO - Applying perturbation for layer: layer2.3.conv3, original output shape: torch.Size([32, 512, 28, 28]), perturbed activation shape: torch.Size([1, 512, 28, 28])
2026-02-13 04:07:04,802 - INFO - Applying perturbation for layer: layer2.3.conv3, original output shape: torch.Size([32, 512, 28, 28]), perturbed activation shape: torch.Size([1, 512, 28, 28])
2026-02-13 04:07:04,826 - INFO - Applying perturbation for layer: layer2.3.conv3, original output shape: torch.Size([32, 512, 28, 28]), perturbed activation shape: torch.Size([1, 512, 28, 28])
2026-02-13 04:07:04,850 - INFO - Applying perturbation for layer: layer2.3.conv3, original output shape: torch.Size([32, 512, 28, 28]), perturbed activation shape: torch.Size([1, 512, 28, 28])
2026-02-13 04:07:04,874 - INFO - Applying perturbation for layer: layer2.3.conv3, original output shape: torch.Size([32, 512, 28, 28]), perturbed activation shape: torch.Size([1, 512, 28, 28])
2026-02-13 04:07:04,898 - INFO - Applying perturbation for layer: layer2.3.conv3, original output shape: torch.Size([32, 512, 28, 28]), perturbed activation shape: torch.Size([1, 512, 28, 28])
2026-02-13 04:07:04,922 - INFO - Applying perturbation for layer: layer2.3.conv3, original output shape: torch.Size([32, 512, 28, 28]), perturbed activation shape: torch.Size([1, 512, 28, 28])
2026-02-13 04:07:04,946 - INFO - Applying perturbation for layer: layer2.3.conv3, original output shape: torch.Size([32, 512, 28, 28]), perturbed activation shape: torch.Size([1, 512, 28, 28])
2026-02-13 04:07:05,217 - INFO - ================================================================================
2026-02-13 04:07:05,217 - INFO - Target layer found: layer3.0.conv1
2026-02-13 04:07:05,220 - INFO - Captured activation for layer: layer3.0.conv1,                 activation shape: torch.Size([32, 256, 28, 28])
2026-02-13 04:07:05,221 - INFO - Captured activation for layer: layer3.0.conv1, activation shape: torch.Size([32, 256, 28, 28])
2026-02-13 04:07:05,222 - INFO - Captured activation for layer: layer3.0.conv1,                 activation shape: torch.Size([32, 256, 28, 28])
2026-02-13 04:07:05,224 - INFO - Captured activation for layer: layer3.0.conv1, activation shape: torch.Size([32, 256, 28, 28])
2026-02-13 04:07:05,224 - INFO - Captured activation for layer: layer3.0.conv1,                 activation shape: torch.Size([32, 256, 28, 28])
2026-02-13 04:07:05,225 - INFO - Captured activation for layer: layer3.0.conv1, activation shape: torch.Size([32, 256, 28, 28])
2026-02-13 04:07:05,226 - INFO - Captured activation for layer: layer3.0.conv1,                 activation shape: torch.Size([32, 256, 28, 28])
2026-02-13 04:07:05,227 - INFO - Captured activation for layer: layer3.0.conv1, activation shape: torch.Size([32, 256, 28, 28])
2026-02-13 04:07:05,228 - INFO - Captured activation for layer: layer3.0.conv1,                 activation shape: torch.Size([32, 256, 28, 28])
2026-02-13 04:07:05,230 - INFO - Captured activation for layer: layer3.0.conv1, activation shape: torch.Size([32, 256, 28, 28])
2026-02-13 04:07:05,231 - INFO - Captured activation for layer: layer3.0.conv1,                 activation shape: torch.Size([32, 256, 28, 28])
2026-02-13 04:07:05,238 - INFO - Captured activation for layer: layer3.0.conv1, activation shape: torch.Size([32, 256, 28, 28])
2026-02-13 04:07:05,241 - INFO - Captured activation for layer: layer3.0.conv1,                 activation shape: torch.Size([32, 256, 28, 28])
2026-02-13 04:07:05,250 - INFO - Captured activation for layer: layer3.0.conv1, activation shape: torch.Size([32, 256, 28, 28])
2026-02-13 04:07:05,253 - INFO - Captured activation for layer: layer3.0.conv1,                 activation shape: torch.Size([32, 256, 28, 28])
2026-02-13 04:07:05,262 - INFO - Captured activation for layer: layer3.0.conv1, activation shape: torch.Size([32, 256, 28, 28])
2026-02-13 04:07:05,265 - INFO - Captured activation for layer: layer3.0.conv1,                 activation shape: torch.Size([32, 256, 28, 28])
2026-02-13 04:07:05,274 - INFO - Captured activation for layer: layer3.0.conv1, activation shape: torch.Size([32, 256, 28, 28])
2026-02-13 04:07:05,277 - INFO - Captured activation for layer: layer3.0.conv1,                 activation shape: torch.Size([32, 256, 28, 28])
2026-02-13 04:07:05,286 - INFO - Captured activation for layer: layer3.0.conv1, activation shape: torch.Size([32, 256, 28, 28])
2026-02-13 04:07:05,289 - INFO - Captured activation for layer: layer3.0.conv1,                 activation shape: torch.Size([32, 256, 28, 28])
2026-02-13 04:07:05,298 - INFO - Captured activation for layer: layer3.0.conv1, activation shape: torch.Size([32, 256, 28, 28])
2026-02-13 04:07:05,301 - INFO - Captured activation for layer: layer3.0.conv1,                 activation shape: torch.Size([32, 256, 28, 28])
2026-02-13 04:07:05,310 - INFO - Captured activation for layer: layer3.0.conv1, activation shape: torch.Size([32, 256, 28, 28])
2026-02-13 04:07:05,313 - INFO - Captured activation for layer: layer3.0.conv1,                 activation shape: torch.Size([32, 256, 28, 28])
2026-02-13 04:07:05,322 - INFO - Captured activation for layer: layer3.0.conv1, activation shape: torch.Size([32, 256, 28, 28])
2026-02-13 04:07:05,325 - INFO - Captured activation for layer: layer3.0.conv1,                 activation shape: torch.Size([32, 256, 28, 28])
2026-02-13 04:07:05,334 - INFO - Captured activation for layer: layer3.0.conv1, activation shape: torch.Size([32, 256, 28, 28])
2026-02-13 04:07:05,337 - INFO - Captured activation for layer: layer3.0.conv1,                 activation shape: torch.Size([32, 256, 28, 28])
2026-02-13 04:07:05,346 - INFO - Captured activation for layer: layer3.0.conv1, activation shape: torch.Size([32, 256, 28, 28])
2026-02-13 04:07:05,349 - INFO - Captured activation for layer: layer3.0.conv1,                 activation shape: torch.Size([32, 256, 28, 28])
2026-02-13 04:07:05,358 - INFO - Captured activation for layer: layer3.0.conv1, activation shape: torch.Size([32, 256, 28, 28])
2026-02-13 04:07:05,361 - INFO - Captured activation for layer: layer3.0.conv1,                 activation shape: torch.Size([32, 256, 28, 28])
2026-02-13 04:07:05,370 - INFO - Captured activation for layer: layer3.0.conv1, activation shape: torch.Size([32, 256, 28, 28])
2026-02-13 04:07:05,373 - INFO - Captured activation for layer: layer3.0.conv1,                 activation shape: torch.Size([32, 256, 28, 28])
2026-02-13 04:07:05,382 - INFO - Captured activation for layer: layer3.0.conv1, activation shape: torch.Size([32, 256, 28, 28])
2026-02-13 04:07:05,385 - INFO - Captured activation for layer: layer3.0.conv1,                 activation shape: torch.Size([32, 256, 28, 28])
2026-02-13 04:07:05,394 - INFO - Captured activation for layer: layer3.0.conv1, activation shape: torch.Size([32, 256, 28, 28])
2026-02-13 04:07:05,397 - INFO - Captured activation for layer: layer3.0.conv1,                 activation shape: torch.Size([32, 256, 28, 28])
2026-02-13 04:07:05,406 - INFO - Captured activation for layer: layer3.0.conv1, activation shape: torch.Size([32, 256, 28, 28])
2026-02-13 04:07:05,409 - INFO - Captured activation for layer: layer3.0.conv1,                 activation shape: torch.Size([32, 256, 28, 28])
2026-02-13 04:07:05,418 - INFO - Captured activation for layer: layer3.0.conv1, activation shape: torch.Size([32, 256, 28, 28])
2026-02-13 04:07:05,421 - INFO - Captured activation for layer: layer3.0.conv1,                 activation shape: torch.Size([32, 256, 28, 28])
2026-02-13 04:07:05,430 - INFO - Captured activation for layer: layer3.0.conv1, activation shape: torch.Size([32, 256, 28, 28])
2026-02-13 04:07:05,433 - INFO - Captured activation for layer: layer3.0.conv1,                 activation shape: torch.Size([32, 256, 28, 28])
2026-02-13 04:07:05,442 - INFO - Captured activation for layer: layer3.0.conv1, activation shape: torch.Size([32, 256, 28, 28])
2026-02-13 04:07:05,445 - INFO - Captured activation for layer: layer3.0.conv1,                 activation shape: torch.Size([32, 256, 28, 28])
2026-02-13 04:07:05,454 - INFO - Captured activation for layer: layer3.0.conv1, activation shape: torch.Size([32, 256, 28, 28])
2026-02-13 04:07:05,457 - INFO - Captured activation for layer: layer3.0.conv1,                 activation shape: torch.Size([32, 256, 28, 28])
2026-02-13 04:07:05,466 - INFO - Captured activation for layer: layer3.0.conv1, activation shape: torch.Size([32, 256, 28, 28])
2026-02-13 04:07:05,469 - INFO - Captured activation for layer: layer3.0.conv1,                 activation shape: torch.Size([32, 256, 28, 28])
2026-02-13 04:07:05,478 - INFO - Captured activation for layer: layer3.0.conv1, activation shape: torch.Size([32, 256, 28, 28])
2026-02-13 04:07:05,481 - INFO - Captured activation for layer: layer3.0.conv1,                 activation shape: torch.Size([32, 256, 28, 28])
2026-02-13 04:07:05,490 - INFO - Captured activation for layer: layer3.0.conv1, activation shape: torch.Size([32, 256, 28, 28])
2026-02-13 04:07:05,493 - INFO - Captured activation for layer: layer3.0.conv1,                 activation shape: torch.Size([32, 256, 28, 28])
2026-02-13 04:07:05,502 - INFO - Captured activation for layer: layer3.0.conv1, activation shape: torch.Size([32, 256, 28, 28])
2026-02-13 04:07:05,505 - INFO - Captured activation for layer: layer3.0.conv1,                 activation shape: torch.Size([32, 256, 28, 28])
2026-02-13 04:07:05,514 - INFO - Captured activation for layer: layer3.0.conv1, activation shape: torch.Size([32, 256, 28, 28])
2026-02-13 04:07:05,517 - INFO - Captured activation for layer: layer3.0.conv1,                 activation shape: torch.Size([32, 256, 28, 28])
2026-02-13 04:07:05,526 - INFO - Captured activation for layer: layer3.0.conv1, activation shape: torch.Size([32, 256, 28, 28])
2026-02-13 04:07:05,529 - INFO - Captured activation for layer: layer3.0.conv1,                 activation shape: torch.Size([32, 256, 28, 28])
2026-02-13 04:07:05,538 - INFO - Captured activation for layer: layer3.0.conv1, activation shape: torch.Size([32, 256, 28, 28])
2026-02-13 04:07:05,541 - INFO - Captured activation for layer: layer3.0.conv1,                 activation shape: torch.Size([32, 256, 28, 28])
2026-02-13 04:07:05,550 - INFO - Captured activation for layer: layer3.0.conv1, activation shape: torch.Size([32, 256, 28, 28])
2026-02-13 04:07:05,553 - INFO - Captured activation for layer: layer3.0.conv1,                 activation shape: torch.Size([32, 256, 28, 28])
2026-02-13 04:07:05,562 - INFO - Captured activation for layer: layer3.0.conv1, activation shape: torch.Size([32, 256, 28, 28])
2026-02-13 04:07:05,565 - INFO - Captured activation for layer: layer3.0.conv1,                 activation shape: torch.Size([32, 256, 28, 28])
2026-02-13 04:07:05,574 - INFO - Captured activation for layer: layer3.0.conv1, activation shape: torch.Size([32, 256, 28, 28])
2026-02-13 04:07:05,577 - INFO - Captured activation for layer: layer3.0.conv1,                 activation shape: torch.Size([32, 256, 28, 28])
2026-02-13 04:07:05,586 - INFO - Captured activation for layer: layer3.0.conv1, activation shape: torch.Size([32, 256, 28, 28])
2026-02-13 04:07:05,590 - INFO - Captured activation for layer: layer3.0.conv1,                 activation shape: torch.Size([32, 256, 28, 28])
2026-02-13 04:07:05,600 - INFO - Captured activation for layer: layer3.0.conv1, activation shape: torch.Size([32, 256, 28, 28])
2026-02-13 04:07:05,606 - INFO - Captured activation for layer: layer3.0.conv1,                 activation shape: torch.Size([32, 256, 28, 28])
2026-02-13 04:07:05,624 - INFO - Captured activation for layer: layer3.0.conv1, activation shape: torch.Size([32, 256, 28, 28])
2026-02-13 04:07:05,632 - INFO - Captured activation for layer: layer3.0.conv1,                 activation shape: torch.Size([32, 256, 28, 28])
2026-02-13 04:07:05,651 - INFO - Captured activation for layer: layer3.0.conv1, activation shape: torch.Size([32, 256, 28, 28])
2026-02-13 04:07:05,659 - INFO - Captured activation for layer: layer3.0.conv1,                 activation shape: torch.Size([32, 256, 28, 28])
2026-02-13 04:07:05,677 - INFO - Captured activation for layer: layer3.0.conv1, activation shape: torch.Size([32, 256, 28, 28])
2026-02-13 04:07:05,683 - INFO - Captured activation for layer: layer3.0.conv1,                 activation shape: torch.Size([32, 256, 28, 28])
2026-02-13 04:07:05,704 - INFO - Captured activation for layer: layer3.0.conv1, activation shape: torch.Size([32, 256, 28, 28])
2026-02-13 04:07:05,709 - INFO - Captured activation for layer: layer3.0.conv1,                 activation shape: torch.Size([32, 256, 28, 28])
2026-02-13 04:07:05,730 - INFO - Captured activation for layer: layer3.0.conv1, activation shape: torch.Size([32, 256, 28, 28])
2026-02-13 04:07:05,736 - INFO - Captured activation for layer: layer3.0.conv1,                 activation shape: torch.Size([32, 256, 28, 28])
2026-02-13 04:07:05,757 - INFO - Captured activation for layer: layer3.0.conv1, activation shape: torch.Size([32, 256, 28, 28])
2026-02-13 04:07:05,762 - INFO - Captured activation for layer: layer3.0.conv1,                 activation shape: torch.Size([32, 256, 28, 28])
2026-02-13 04:07:05,783 - INFO - Captured activation for layer: layer3.0.conv1, activation shape: torch.Size([32, 256, 28, 28])
2026-02-13 04:07:05,789 - INFO - Captured activation for layer: layer3.0.conv1,                 activation shape: torch.Size([32, 256, 28, 28])
2026-02-13 04:07:05,810 - INFO - Captured activation for layer: layer3.0.conv1, activation shape: torch.Size([32, 256, 28, 28])
2026-02-13 04:07:05,815 - INFO - Captured activation for layer: layer3.0.conv1,                 activation shape: torch.Size([32, 256, 28, 28])
2026-02-13 04:07:05,836 - INFO - Captured activation for layer: layer3.0.conv1, activation shape: torch.Size([32, 256, 28, 28])
2026-02-13 04:07:05,842 - INFO - Captured activation for layer: layer3.0.conv1,                 activation shape: torch.Size([32, 256, 28, 28])
2026-02-13 04:07:05,863 - INFO - Captured activation for layer: layer3.0.conv1, activation shape: torch.Size([32, 256, 28, 28])
2026-02-13 04:07:05,875 - INFO - Captured activation for layer: layer3.0.conv1,                 activation shape: torch.Size([32, 256, 28, 28])
2026-02-13 04:07:05,877 - INFO - Captured activation for layer: layer3.0.conv1, activation shape: torch.Size([32, 256, 28, 28])
2026-02-13 04:07:05,883 - INFO - Captured activation for layer: layer3.0.conv1,                 activation shape: torch.Size([32, 256, 28, 28])
2026-02-13 04:07:05,902 - INFO - Captured activation for layer: layer3.0.conv1, activation shape: torch.Size([32, 256, 28, 28])
2026-02-13 04:07:05,910 - INFO - Captured activation for layer: layer3.0.conv1,                 activation shape: torch.Size([32, 256, 28, 28])
2026-02-13 04:07:05,928 - INFO - Captured activation for layer: layer3.0.conv1, activation shape: torch.Size([32, 256, 28, 28])
2026-02-13 04:07:05,935 - INFO - Captured activation for layer: layer3.0.conv1,                 activation shape: torch.Size([32, 256, 28, 28])
2026-02-13 04:07:05,944 - INFO - Captured activation for layer: layer3.0.conv1, activation shape: torch.Size([32, 256, 28, 28])
2026-02-13 04:07:05,950 - INFO - Captured activation for layer: layer3.0.conv1,                 activation shape: torch.Size([32, 256, 28, 28])
2026-02-13 04:07:05,959 - INFO - Captured activation for layer: layer3.0.conv1, activation shape: torch.Size([32, 256, 28, 28])
2026-02-13 04:07:05,962 - INFO - Captured activation for layer: layer3.0.conv1,                 activation shape: torch.Size([32, 256, 28, 28])
2026-02-13 04:07:05,971 - INFO - Captured activation for layer: layer3.0.conv1, activation shape: torch.Size([32, 256, 28, 28])
2026-02-13 04:07:05,974 - INFO - Captured activation for layer: layer3.0.conv1,                 activation shape: torch.Size([32, 256, 28, 28])
2026-02-13 04:07:05,983 - INFO - Captured activation for layer: layer3.0.conv1, activation shape: torch.Size([32, 256, 28, 28])
2026-02-13 04:07:05,986 - INFO - Captured activation for layer: layer3.0.conv1,                 activation shape: torch.Size([32, 256, 28, 28])
2026-02-13 04:07:05,995 - INFO - Captured activation for layer: layer3.0.conv1, activation shape: torch.Size([32, 256, 28, 28])
2026-02-13 04:07:05,998 - INFO - Captured activation for layer: layer3.0.conv1,                 activation shape: torch.Size([32, 256, 28, 28])
2026-02-13 04:07:06,007 - INFO - Captured activation for layer: layer3.0.conv1, activation shape: torch.Size([32, 256, 28, 28])
2026-02-13 04:07:06,011 - INFO - Captured activation for layer: layer3.0.conv1,                 activation shape: torch.Size([32, 256, 28, 28])
2026-02-13 04:07:06,020 - INFO - Captured activation for layer: layer3.0.conv1, activation shape: torch.Size([32, 256, 28, 28])
2026-02-13 04:07:06,023 - INFO - Captured activation for layer: layer3.0.conv1,                 activation shape: torch.Size([32, 256, 28, 28])
2026-02-13 04:07:06,033 - INFO - Captured activation for layer: layer3.0.conv1, activation shape: torch.Size([32, 256, 28, 28])
2026-02-13 04:07:06,036 - INFO - Captured activation for layer: layer3.0.conv1,                 activation shape: torch.Size([32, 256, 28, 28])
2026-02-13 04:07:06,045 - INFO - Captured activation for layer: layer3.0.conv1, activation shape: torch.Size([32, 256, 28, 28])
2026-02-13 04:07:06,048 - INFO - Captured activation for layer: layer3.0.conv1,                 activation shape: torch.Size([32, 256, 28, 28])
2026-02-13 04:07:06,057 - INFO - Captured activation for layer: layer3.0.conv1, activation shape: torch.Size([32, 256, 28, 28])
2026-02-13 04:07:06,060 - INFO - Captured activation for layer: layer3.0.conv1,                 activation shape: torch.Size([32, 256, 28, 28])
2026-02-13 04:07:06,069 - INFO - Captured activation for layer: layer3.0.conv1, activation shape: torch.Size([32, 256, 28, 28])
2026-02-13 04:07:06,073 - INFO - Captured activation for layer: layer3.0.conv1,                 activation shape: torch.Size([32, 256, 28, 28])
2026-02-13 04:07:06,081 - INFO - Captured activation for layer: layer3.0.conv1, activation shape: torch.Size([32, 256, 28, 28])
2026-02-13 04:07:06,085 - INFO - Captured activation for layer: layer3.0.conv1,                 activation shape: torch.Size([32, 256, 28, 28])
2026-02-13 04:07:06,093 - INFO - Captured activation for layer: layer3.0.conv1, activation shape: torch.Size([32, 256, 28, 28])
2026-02-13 04:07:06,097 - INFO - Captured activation for layer: layer3.0.conv1,                 activation shape: torch.Size([32, 256, 28, 28])
2026-02-13 04:07:06,105 - INFO - Captured activation for layer: layer3.0.conv1, activation shape: torch.Size([32, 256, 28, 28])
2026-02-13 04:07:06,108 - INFO - Captured activation for layer: layer3.0.conv1,                 activation shape: torch.Size([32, 256, 28, 28])
2026-02-13 04:07:06,117 - INFO - Captured activation for layer: layer3.0.conv1, activation shape: torch.Size([32, 256, 28, 28])
2026-02-13 04:07:06,121 - INFO - Captured activation for layer: layer3.0.conv1,                 activation shape: torch.Size([32, 256, 28, 28])
2026-02-13 04:07:06,129 - INFO - Captured activation for layer: layer3.0.conv1, activation shape: torch.Size([32, 256, 28, 28])
2026-02-13 04:07:06,133 - INFO - Captured activation for layer: layer3.0.conv1,                 activation shape: torch.Size([32, 256, 28, 28])
2026-02-13 04:07:06,142 - INFO - Captured activation for layer: layer3.0.conv1, activation shape: torch.Size([32, 256, 28, 28])
2026-02-13 04:07:06,142 - INFO - Stacked activations shape for layer layer3.0.conv1: torch.Size([2112, 256, 28, 28])
2026-02-13 04:07:06,142 - INFO - Using mean replacement for perturbation.
2026-02-13 04:07:06,202 - INFO - Perturbed activation  values: tensor([-0.0300, -0.0391, -0.0579,  ..., -0.1143, -0.1164, -0.1262],
       device='cuda:0')
2026-02-13 04:07:06,205 - INFO - Standard deviation of activations for layer layer3.0.conv1: 0.1637
2026-02-13 04:07:06,205 - INFO - Checking normality of activations for layer layer3.0.conv1 using Shapiro-Wilk test.
2026-02-13 04:07:19,523 - INFO - Shapiro-Wilk test: statistic=0.9954, p-value=2.0349e-11
2026-02-13 04:07:19,523 - INFO - Normally distributed: False
2026-02-13 04:07:19,523 - INFO - Perturbed activation shape: torch.Size([1, 256, 28, 28]), Std activation shape: torch.Size([1, 256, 28, 28])
2026-02-13 04:07:19,526 - INFO - Std activation sample values: tensor([0.1151, 0.1471, 0.1490, 0.1494, 0.1503], device='cuda:0')
2026-02-13 04:07:19,536 - INFO - Applying perturbation for layer: layer3.0.conv1, original output shape: torch.Size([32, 256, 28, 28]), perturbed activation shape: torch.Size([1, 256, 28, 28])
2026-02-13 04:07:19,541 - INFO - Applying perturbation for layer: layer3.0.conv1, original output shape: torch.Size([32, 256, 28, 28]), perturbed activation shape: torch.Size([1, 256, 28, 28])
2026-02-13 04:07:19,544 - INFO - Applying perturbation for layer: layer3.0.conv1, original output shape: torch.Size([32, 256, 28, 28]), perturbed activation shape: torch.Size([1, 256, 28, 28])
2026-02-13 04:07:19,567 - INFO - Applying perturbation for layer: layer3.0.conv1, original output shape: torch.Size([32, 256, 28, 28]), perturbed activation shape: torch.Size([1, 256, 28, 28])
2026-02-13 04:07:19,591 - INFO - Applying perturbation for layer: layer3.0.conv1, original output shape: torch.Size([32, 256, 28, 28]), perturbed activation shape: torch.Size([1, 256, 28, 28])
2026-02-13 04:07:19,615 - INFO - Applying perturbation for layer: layer3.0.conv1, original output shape: torch.Size([32, 256, 28, 28]), perturbed activation shape: torch.Size([1, 256, 28, 28])
2026-02-13 04:07:19,639 - INFO - Applying perturbation for layer: layer3.0.conv1, original output shape: torch.Size([32, 256, 28, 28]), perturbed activation shape: torch.Size([1, 256, 28, 28])
2026-02-13 04:07:19,663 - INFO - Applying perturbation for layer: layer3.0.conv1, original output shape: torch.Size([32, 256, 28, 28]), perturbed activation shape: torch.Size([1, 256, 28, 28])
2026-02-13 04:07:19,687 - INFO - Applying perturbation for layer: layer3.0.conv1, original output shape: torch.Size([32, 256, 28, 28]), perturbed activation shape: torch.Size([1, 256, 28, 28])
2026-02-13 04:07:19,711 - INFO - Applying perturbation for layer: layer3.0.conv1, original output shape: torch.Size([32, 256, 28, 28]), perturbed activation shape: torch.Size([1, 256, 28, 28])
2026-02-13 04:07:19,735 - INFO - Applying perturbation for layer: layer3.0.conv1, original output shape: torch.Size([32, 256, 28, 28]), perturbed activation shape: torch.Size([1, 256, 28, 28])
2026-02-13 04:07:19,759 - INFO - Applying perturbation for layer: layer3.0.conv1, original output shape: torch.Size([32, 256, 28, 28]), perturbed activation shape: torch.Size([1, 256, 28, 28])
2026-02-13 04:07:19,783 - INFO - Applying perturbation for layer: layer3.0.conv1, original output shape: torch.Size([32, 256, 28, 28]), perturbed activation shape: torch.Size([1, 256, 28, 28])
2026-02-13 04:07:19,807 - INFO - Applying perturbation for layer: layer3.0.conv1, original output shape: torch.Size([32, 256, 28, 28]), perturbed activation shape: torch.Size([1, 256, 28, 28])
2026-02-13 04:07:19,831 - INFO - Applying perturbation for layer: layer3.0.conv1, original output shape: torch.Size([32, 256, 28, 28]), perturbed activation shape: torch.Size([1, 256, 28, 28])
2026-02-13 04:07:19,855 - INFO - Applying perturbation for layer: layer3.0.conv1, original output shape: torch.Size([32, 256, 28, 28]), perturbed activation shape: torch.Size([1, 256, 28, 28])
2026-02-13 04:07:19,879 - INFO - Applying perturbation for layer: layer3.0.conv1, original output shape: torch.Size([32, 256, 28, 28]), perturbed activation shape: torch.Size([1, 256, 28, 28])
2026-02-13 04:07:19,903 - INFO - Applying perturbation for layer: layer3.0.conv1, original output shape: torch.Size([32, 256, 28, 28]), perturbed activation shape: torch.Size([1, 256, 28, 28])
2026-02-13 04:07:19,927 - INFO - Applying perturbation for layer: layer3.0.conv1, original output shape: torch.Size([32, 256, 28, 28]), perturbed activation shape: torch.Size([1, 256, 28, 28])
2026-02-13 04:07:19,951 - INFO - Applying perturbation for layer: layer3.0.conv1, original output shape: torch.Size([32, 256, 28, 28]), perturbed activation shape: torch.Size([1, 256, 28, 28])
2026-02-13 04:07:19,975 - INFO - Applying perturbation for layer: layer3.0.conv1, original output shape: torch.Size([32, 256, 28, 28]), perturbed activation shape: torch.Size([1, 256, 28, 28])
2026-02-13 04:07:19,999 - INFO - Applying perturbation for layer: layer3.0.conv1, original output shape: torch.Size([32, 256, 28, 28]), perturbed activation shape: torch.Size([1, 256, 28, 28])
2026-02-13 04:07:20,023 - INFO - Applying perturbation for layer: layer3.0.conv1, original output shape: torch.Size([32, 256, 28, 28]), perturbed activation shape: torch.Size([1, 256, 28, 28])
2026-02-13 04:07:20,047 - INFO - Applying perturbation for layer: layer3.0.conv1, original output shape: torch.Size([32, 256, 28, 28]), perturbed activation shape: torch.Size([1, 256, 28, 28])
2026-02-13 04:07:20,071 - INFO - Applying perturbation for layer: layer3.0.conv1, original output shape: torch.Size([32, 256, 28, 28]), perturbed activation shape: torch.Size([1, 256, 28, 28])
2026-02-13 04:07:20,095 - INFO - Applying perturbation for layer: layer3.0.conv1, original output shape: torch.Size([32, 256, 28, 28]), perturbed activation shape: torch.Size([1, 256, 28, 28])
2026-02-13 04:07:20,119 - INFO - Applying perturbation for layer: layer3.0.conv1, original output shape: torch.Size([32, 256, 28, 28]), perturbed activation shape: torch.Size([1, 256, 28, 28])
2026-02-13 04:07:20,143 - INFO - Applying perturbation for layer: layer3.0.conv1, original output shape: torch.Size([32, 256, 28, 28]), perturbed activation shape: torch.Size([1, 256, 28, 28])
2026-02-13 04:07:20,167 - INFO - Applying perturbation for layer: layer3.0.conv1, original output shape: torch.Size([32, 256, 28, 28]), perturbed activation shape: torch.Size([1, 256, 28, 28])
2026-02-13 04:07:20,191 - INFO - Applying perturbation for layer: layer3.0.conv1, original output shape: torch.Size([32, 256, 28, 28]), perturbed activation shape: torch.Size([1, 256, 28, 28])
2026-02-13 04:07:20,215 - INFO - Applying perturbation for layer: layer3.0.conv1, original output shape: torch.Size([32, 256, 28, 28]), perturbed activation shape: torch.Size([1, 256, 28, 28])
2026-02-13 04:07:20,239 - INFO - Applying perturbation for layer: layer3.0.conv1, original output shape: torch.Size([32, 256, 28, 28]), perturbed activation shape: torch.Size([1, 256, 28, 28])
2026-02-13 04:07:20,263 - INFO - Applying perturbation for layer: layer3.0.conv1, original output shape: torch.Size([32, 256, 28, 28]), perturbed activation shape: torch.Size([1, 256, 28, 28])
2026-02-13 04:07:20,287 - INFO - Applying perturbation for layer: layer3.0.conv1, original output shape: torch.Size([32, 256, 28, 28]), perturbed activation shape: torch.Size([1, 256, 28, 28])
2026-02-13 04:07:20,311 - INFO - Applying perturbation for layer: layer3.0.conv1, original output shape: torch.Size([32, 256, 28, 28]), perturbed activation shape: torch.Size([1, 256, 28, 28])
2026-02-13 04:07:20,335 - INFO - Applying perturbation for layer: layer3.0.conv1, original output shape: torch.Size([32, 256, 28, 28]), perturbed activation shape: torch.Size([1, 256, 28, 28])
2026-02-13 04:07:20,359 - INFO - Applying perturbation for layer: layer3.0.conv1, original output shape: torch.Size([32, 256, 28, 28]), perturbed activation shape: torch.Size([1, 256, 28, 28])
2026-02-13 04:07:20,383 - INFO - Applying perturbation for layer: layer3.0.conv1, original output shape: torch.Size([32, 256, 28, 28]), perturbed activation shape: torch.Size([1, 256, 28, 28])
2026-02-13 04:07:20,407 - INFO - Applying perturbation for layer: layer3.0.conv1, original output shape: torch.Size([32, 256, 28, 28]), perturbed activation shape: torch.Size([1, 256, 28, 28])
2026-02-13 04:07:20,431 - INFO - Applying perturbation for layer: layer3.0.conv1, original output shape: torch.Size([32, 256, 28, 28]), perturbed activation shape: torch.Size([1, 256, 28, 28])
2026-02-13 04:07:20,455 - INFO - Applying perturbation for layer: layer3.0.conv1, original output shape: torch.Size([32, 256, 28, 28]), perturbed activation shape: torch.Size([1, 256, 28, 28])
2026-02-13 04:07:20,479 - INFO - Applying perturbation for layer: layer3.0.conv1, original output shape: torch.Size([32, 256, 28, 28]), perturbed activation shape: torch.Size([1, 256, 28, 28])
2026-02-13 04:07:20,503 - INFO - Applying perturbation for layer: layer3.0.conv1, original output shape: torch.Size([32, 256, 28, 28]), perturbed activation shape: torch.Size([1, 256, 28, 28])
2026-02-13 04:07:20,526 - INFO - Applying perturbation for layer: layer3.0.conv1, original output shape: torch.Size([32, 256, 28, 28]), perturbed activation shape: torch.Size([1, 256, 28, 28])
2026-02-13 04:07:20,550 - INFO - Applying perturbation for layer: layer3.0.conv1, original output shape: torch.Size([32, 256, 28, 28]), perturbed activation shape: torch.Size([1, 256, 28, 28])
2026-02-13 04:07:20,574 - INFO - Applying perturbation for layer: layer3.0.conv1, original output shape: torch.Size([32, 256, 28, 28]), perturbed activation shape: torch.Size([1, 256, 28, 28])
2026-02-13 04:07:20,598 - INFO - Applying perturbation for layer: layer3.0.conv1, original output shape: torch.Size([32, 256, 28, 28]), perturbed activation shape: torch.Size([1, 256, 28, 28])
2026-02-13 04:07:20,622 - INFO - Applying perturbation for layer: layer3.0.conv1, original output shape: torch.Size([32, 256, 28, 28]), perturbed activation shape: torch.Size([1, 256, 28, 28])
2026-02-13 04:07:20,646 - INFO - Applying perturbation for layer: layer3.0.conv1, original output shape: torch.Size([32, 256, 28, 28]), perturbed activation shape: torch.Size([1, 256, 28, 28])
2026-02-13 04:07:20,670 - INFO - Applying perturbation for layer: layer3.0.conv1, original output shape: torch.Size([32, 256, 28, 28]), perturbed activation shape: torch.Size([1, 256, 28, 28])
2026-02-13 04:07:20,694 - INFO - Applying perturbation for layer: layer3.0.conv1, original output shape: torch.Size([32, 256, 28, 28]), perturbed activation shape: torch.Size([1, 256, 28, 28])
2026-02-13 04:07:20,718 - INFO - Applying perturbation for layer: layer3.0.conv1, original output shape: torch.Size([32, 256, 28, 28]), perturbed activation shape: torch.Size([1, 256, 28, 28])
2026-02-13 04:07:20,742 - INFO - Applying perturbation for layer: layer3.0.conv1, original output shape: torch.Size([32, 256, 28, 28]), perturbed activation shape: torch.Size([1, 256, 28, 28])
2026-02-13 04:07:20,766 - INFO - Applying perturbation for layer: layer3.0.conv1, original output shape: torch.Size([32, 256, 28, 28]), perturbed activation shape: torch.Size([1, 256, 28, 28])
2026-02-13 04:07:20,790 - INFO - Applying perturbation for layer: layer3.0.conv1, original output shape: torch.Size([32, 256, 28, 28]), perturbed activation shape: torch.Size([1, 256, 28, 28])
2026-02-13 04:07:20,814 - INFO - Applying perturbation for layer: layer3.0.conv1, original output shape: torch.Size([32, 256, 28, 28]), perturbed activation shape: torch.Size([1, 256, 28, 28])
2026-02-13 04:07:20,838 - INFO - Applying perturbation for layer: layer3.0.conv1, original output shape: torch.Size([32, 256, 28, 28]), perturbed activation shape: torch.Size([1, 256, 28, 28])
2026-02-13 04:07:20,862 - INFO - Applying perturbation for layer: layer3.0.conv1, original output shape: torch.Size([32, 256, 28, 28]), perturbed activation shape: torch.Size([1, 256, 28, 28])
2026-02-13 04:07:20,886 - INFO - Applying perturbation for layer: layer3.0.conv1, original output shape: torch.Size([32, 256, 28, 28]), perturbed activation shape: torch.Size([1, 256, 28, 28])
2026-02-13 04:07:20,910 - INFO - Applying perturbation for layer: layer3.0.conv1, original output shape: torch.Size([32, 256, 28, 28]), perturbed activation shape: torch.Size([1, 256, 28, 28])
2026-02-13 04:07:20,934 - INFO - Applying perturbation for layer: layer3.0.conv1, original output shape: torch.Size([32, 256, 28, 28]), perturbed activation shape: torch.Size([1, 256, 28, 28])
2026-02-13 04:07:20,958 - INFO - Applying perturbation for layer: layer3.0.conv1, original output shape: torch.Size([32, 256, 28, 28]), perturbed activation shape: torch.Size([1, 256, 28, 28])
2026-02-13 04:07:20,982 - INFO - Applying perturbation for layer: layer3.0.conv1, original output shape: torch.Size([32, 256, 28, 28]), perturbed activation shape: torch.Size([1, 256, 28, 28])
2026-02-13 04:07:21,006 - INFO - Applying perturbation for layer: layer3.0.conv1, original output shape: torch.Size([32, 256, 28, 28]), perturbed activation shape: torch.Size([1, 256, 28, 28])
2026-02-13 04:07:21,030 - INFO - Applying perturbation for layer: layer3.0.conv1, original output shape: torch.Size([32, 256, 28, 28]), perturbed activation shape: torch.Size([1, 256, 28, 28])
2026-02-13 04:07:21,054 - INFO - Applying perturbation for layer: layer3.0.conv1, original output shape: torch.Size([32, 256, 28, 28]), perturbed activation shape: torch.Size([1, 256, 28, 28])
2026-02-13 04:07:21,306 - INFO - ================================================================================
2026-02-13 04:07:21,307 - INFO - Target layer found: layer1.2.conv3
2026-02-13 04:07:21,308 - INFO - Captured activation for layer: layer1.2.conv3,                 activation shape: torch.Size([32, 256, 56, 56])
2026-02-13 04:07:21,310 - INFO - Captured activation for layer: layer1.2.conv3, activation shape: torch.Size([32, 256, 56, 56])
2026-02-13 04:07:21,311 - INFO - Captured activation for layer: layer1.2.conv3,                 activation shape: torch.Size([32, 256, 56, 56])
2026-02-13 04:07:21,312 - INFO - Captured activation for layer: layer1.2.conv3, activation shape: torch.Size([32, 256, 56, 56])
2026-02-13 04:07:21,313 - INFO - Captured activation for layer: layer1.2.conv3,                 activation shape: torch.Size([32, 256, 56, 56])
2026-02-13 04:07:21,315 - INFO - Captured activation for layer: layer1.2.conv3, activation shape: torch.Size([32, 256, 56, 56])
2026-02-13 04:07:21,316 - INFO - Captured activation for layer: layer1.2.conv3,                 activation shape: torch.Size([32, 256, 56, 56])
2026-02-13 04:07:21,317 - INFO - Captured activation for layer: layer1.2.conv3, activation shape: torch.Size([32, 256, 56, 56])
2026-02-13 04:07:21,318 - INFO - Captured activation for layer: layer1.2.conv3,                 activation shape: torch.Size([32, 256, 56, 56])
2026-02-13 04:07:21,319 - INFO - Captured activation for layer: layer1.2.conv3, activation shape: torch.Size([32, 256, 56, 56])
2026-02-13 04:07:21,320 - INFO - Captured activation for layer: layer1.2.conv3,                 activation shape: torch.Size([32, 256, 56, 56])
2026-02-13 04:07:21,327 - INFO - Captured activation for layer: layer1.2.conv3, activation shape: torch.Size([32, 256, 56, 56])
2026-02-13 04:07:21,329 - INFO - Captured activation for layer: layer1.2.conv3,                 activation shape: torch.Size([32, 256, 56, 56])
2026-02-13 04:07:21,339 - INFO - Captured activation for layer: layer1.2.conv3, activation shape: torch.Size([32, 256, 56, 56])
2026-02-13 04:07:21,341 - INFO - Captured activation for layer: layer1.2.conv3,                 activation shape: torch.Size([32, 256, 56, 56])
2026-02-13 04:07:21,352 - INFO - Captured activation for layer: layer1.2.conv3, activation shape: torch.Size([32, 256, 56, 56])
2026-02-13 04:07:21,353 - INFO - Captured activation for layer: layer1.2.conv3,                 activation shape: torch.Size([32, 256, 56, 56])
2026-02-13 04:07:21,364 - INFO - Captured activation for layer: layer1.2.conv3, activation shape: torch.Size([32, 256, 56, 56])
2026-02-13 04:07:21,366 - INFO - Captured activation for layer: layer1.2.conv3,                 activation shape: torch.Size([32, 256, 56, 56])
2026-02-13 04:07:21,376 - INFO - Captured activation for layer: layer1.2.conv3, activation shape: torch.Size([32, 256, 56, 56])
2026-02-13 04:07:21,378 - INFO - Captured activation for layer: layer1.2.conv3,                 activation shape: torch.Size([32, 256, 56, 56])
2026-02-13 04:07:21,388 - INFO - Captured activation for layer: layer1.2.conv3, activation shape: torch.Size([32, 256, 56, 56])
2026-02-13 04:07:21,390 - INFO - Captured activation for layer: layer1.2.conv3,                 activation shape: torch.Size([32, 256, 56, 56])
2026-02-13 04:07:21,401 - INFO - Captured activation for layer: layer1.2.conv3, activation shape: torch.Size([32, 256, 56, 56])
2026-02-13 04:07:21,402 - INFO - Captured activation for layer: layer1.2.conv3,                 activation shape: torch.Size([32, 256, 56, 56])
2026-02-13 04:07:21,413 - INFO - Captured activation for layer: layer1.2.conv3, activation shape: torch.Size([32, 256, 56, 56])
2026-02-13 04:07:21,415 - INFO - Captured activation for layer: layer1.2.conv3,                 activation shape: torch.Size([32, 256, 56, 56])
2026-02-13 04:07:21,425 - INFO - Captured activation for layer: layer1.2.conv3, activation shape: torch.Size([32, 256, 56, 56])
2026-02-13 04:07:21,427 - INFO - Captured activation for layer: layer1.2.conv3,                 activation shape: torch.Size([32, 256, 56, 56])
2026-02-13 04:07:21,438 - INFO - Captured activation for layer: layer1.2.conv3, activation shape: torch.Size([32, 256, 56, 56])
2026-02-13 04:07:21,439 - INFO - Captured activation for layer: layer1.2.conv3,                 activation shape: torch.Size([32, 256, 56, 56])
2026-02-13 04:07:21,450 - INFO - Captured activation for layer: layer1.2.conv3, activation shape: torch.Size([32, 256, 56, 56])
2026-02-13 04:07:21,451 - INFO - Captured activation for layer: layer1.2.conv3,                 activation shape: torch.Size([32, 256, 56, 56])
2026-02-13 04:07:21,462 - INFO - Captured activation for layer: layer1.2.conv3, activation shape: torch.Size([32, 256, 56, 56])
2026-02-13 04:07:21,464 - INFO - Captured activation for layer: layer1.2.conv3,                 activation shape: torch.Size([32, 256, 56, 56])
2026-02-13 04:07:21,474 - INFO - Captured activation for layer: layer1.2.conv3, activation shape: torch.Size([32, 256, 56, 56])
2026-02-13 04:07:21,476 - INFO - Captured activation for layer: layer1.2.conv3,                 activation shape: torch.Size([32, 256, 56, 56])
2026-02-13 04:07:21,487 - INFO - Captured activation for layer: layer1.2.conv3, activation shape: torch.Size([32, 256, 56, 56])
2026-02-13 04:07:21,488 - INFO - Captured activation for layer: layer1.2.conv3,                 activation shape: torch.Size([32, 256, 56, 56])
2026-02-13 04:07:21,499 - INFO - Captured activation for layer: layer1.2.conv3, activation shape: torch.Size([32, 256, 56, 56])
2026-02-13 04:07:21,501 - INFO - Captured activation for layer: layer1.2.conv3,                 activation shape: torch.Size([32, 256, 56, 56])
2026-02-13 04:07:21,511 - INFO - Captured activation for layer: layer1.2.conv3, activation shape: torch.Size([32, 256, 56, 56])
2026-02-13 04:07:21,513 - INFO - Captured activation for layer: layer1.2.conv3,                 activation shape: torch.Size([32, 256, 56, 56])
2026-02-13 04:07:21,524 - INFO - Captured activation for layer: layer1.2.conv3, activation shape: torch.Size([32, 256, 56, 56])
2026-02-13 04:07:21,525 - INFO - Captured activation for layer: layer1.2.conv3,                 activation shape: torch.Size([32, 256, 56, 56])
2026-02-13 04:07:21,536 - INFO - Captured activation for layer: layer1.2.conv3, activation shape: torch.Size([32, 256, 56, 56])
2026-02-13 04:07:21,537 - INFO - Captured activation for layer: layer1.2.conv3,                 activation shape: torch.Size([32, 256, 56, 56])
2026-02-13 04:07:21,548 - INFO - Captured activation for layer: layer1.2.conv3, activation shape: torch.Size([32, 256, 56, 56])
2026-02-13 04:07:21,550 - INFO - Captured activation for layer: layer1.2.conv3,                 activation shape: torch.Size([32, 256, 56, 56])
2026-02-13 04:07:21,560 - INFO - Captured activation for layer: layer1.2.conv3, activation shape: torch.Size([32, 256, 56, 56])
2026-02-13 04:07:21,562 - INFO - Captured activation for layer: layer1.2.conv3,                 activation shape: torch.Size([32, 256, 56, 56])
2026-02-13 04:07:21,573 - INFO - Captured activation for layer: layer1.2.conv3, activation shape: torch.Size([32, 256, 56, 56])
2026-02-13 04:07:21,574 - INFO - Captured activation for layer: layer1.2.conv3,                 activation shape: torch.Size([32, 256, 56, 56])
2026-02-13 04:07:21,585 - INFO - Captured activation for layer: layer1.2.conv3, activation shape: torch.Size([32, 256, 56, 56])
2026-02-13 04:07:21,587 - INFO - Captured activation for layer: layer1.2.conv3,                 activation shape: torch.Size([32, 256, 56, 56])
2026-02-13 04:07:21,597 - INFO - Captured activation for layer: layer1.2.conv3, activation shape: torch.Size([32, 256, 56, 56])
2026-02-13 04:07:21,599 - INFO - Captured activation for layer: layer1.2.conv3,                 activation shape: torch.Size([32, 256, 56, 56])
2026-02-13 04:07:21,609 - INFO - Captured activation for layer: layer1.2.conv3, activation shape: torch.Size([32, 256, 56, 56])
2026-02-13 04:07:21,611 - INFO - Captured activation for layer: layer1.2.conv3,                 activation shape: torch.Size([32, 256, 56, 56])
2026-02-13 04:07:21,622 - INFO - Captured activation for layer: layer1.2.conv3, activation shape: torch.Size([32, 256, 56, 56])
2026-02-13 04:07:21,623 - INFO - Captured activation for layer: layer1.2.conv3,                 activation shape: torch.Size([32, 256, 56, 56])
2026-02-13 04:07:21,634 - INFO - Captured activation for layer: layer1.2.conv3, activation shape: torch.Size([32, 256, 56, 56])
2026-02-13 04:07:21,636 - INFO - Captured activation for layer: layer1.2.conv3,                 activation shape: torch.Size([32, 256, 56, 56])
2026-02-13 04:07:21,646 - INFO - Captured activation for layer: layer1.2.conv3, activation shape: torch.Size([32, 256, 56, 56])
2026-02-13 04:07:21,648 - INFO - Captured activation for layer: layer1.2.conv3,                 activation shape: torch.Size([32, 256, 56, 56])
2026-02-13 04:07:21,659 - INFO - Captured activation for layer: layer1.2.conv3, activation shape: torch.Size([32, 256, 56, 56])
2026-02-13 04:07:21,660 - INFO - Captured activation for layer: layer1.2.conv3,                 activation shape: torch.Size([32, 256, 56, 56])
2026-02-13 04:07:21,671 - INFO - Captured activation for layer: layer1.2.conv3, activation shape: torch.Size([32, 256, 56, 56])
2026-02-13 04:07:21,672 - INFO - Captured activation for layer: layer1.2.conv3,                 activation shape: torch.Size([32, 256, 56, 56])
2026-02-13 04:07:21,683 - INFO - Captured activation for layer: layer1.2.conv3, activation shape: torch.Size([32, 256, 56, 56])
2026-02-13 04:07:21,685 - INFO - Captured activation for layer: layer1.2.conv3,                 activation shape: torch.Size([32, 256, 56, 56])
2026-02-13 04:07:21,695 - INFO - Captured activation for layer: layer1.2.conv3, activation shape: torch.Size([32, 256, 56, 56])
2026-02-13 04:07:21,697 - INFO - Captured activation for layer: layer1.2.conv3,                 activation shape: torch.Size([32, 256, 56, 56])
2026-02-13 04:07:21,708 - INFO - Captured activation for layer: layer1.2.conv3, activation shape: torch.Size([32, 256, 56, 56])
2026-02-13 04:07:21,709 - INFO - Captured activation for layer: layer1.2.conv3,                 activation shape: torch.Size([32, 256, 56, 56])
2026-02-13 04:07:21,720 - INFO - Captured activation for layer: layer1.2.conv3, activation shape: torch.Size([32, 256, 56, 56])
2026-02-13 04:07:21,722 - INFO - Captured activation for layer: layer1.2.conv3,                 activation shape: torch.Size([32, 256, 56, 56])
2026-02-13 04:07:21,732 - INFO - Captured activation for layer: layer1.2.conv3, activation shape: torch.Size([32, 256, 56, 56])
2026-02-13 04:07:21,734 - INFO - Captured activation for layer: layer1.2.conv3,                 activation shape: torch.Size([32, 256, 56, 56])
2026-02-13 04:07:21,745 - INFO - Captured activation for layer: layer1.2.conv3, activation shape: torch.Size([32, 256, 56, 56])
2026-02-13 04:07:21,746 - INFO - Captured activation for layer: layer1.2.conv3,                 activation shape: torch.Size([32, 256, 56, 56])
2026-02-13 04:07:21,757 - INFO - Captured activation for layer: layer1.2.conv3, activation shape: torch.Size([32, 256, 56, 56])
2026-02-13 04:07:21,758 - INFO - Captured activation for layer: layer1.2.conv3,                 activation shape: torch.Size([32, 256, 56, 56])
2026-02-13 04:07:21,769 - INFO - Captured activation for layer: layer1.2.conv3, activation shape: torch.Size([32, 256, 56, 56])
2026-02-13 04:07:21,771 - INFO - Captured activation for layer: layer1.2.conv3,                 activation shape: torch.Size([32, 256, 56, 56])
2026-02-13 04:07:21,781 - INFO - Captured activation for layer: layer1.2.conv3, activation shape: torch.Size([32, 256, 56, 56])
2026-02-13 04:07:21,783 - INFO - Captured activation for layer: layer1.2.conv3,                 activation shape: torch.Size([32, 256, 56, 56])
2026-02-13 04:07:21,794 - INFO - Captured activation for layer: layer1.2.conv3, activation shape: torch.Size([32, 256, 56, 56])
2026-02-13 04:07:21,795 - INFO - Captured activation for layer: layer1.2.conv3,                 activation shape: torch.Size([32, 256, 56, 56])
2026-02-13 04:07:21,806 - INFO - Captured activation for layer: layer1.2.conv3, activation shape: torch.Size([32, 256, 56, 56])
2026-02-13 04:07:21,808 - INFO - Captured activation for layer: layer1.2.conv3,                 activation shape: torch.Size([32, 256, 56, 56])
2026-02-13 04:07:21,818 - INFO - Captured activation for layer: layer1.2.conv3, activation shape: torch.Size([32, 256, 56, 56])
2026-02-13 04:07:21,820 - INFO - Captured activation for layer: layer1.2.conv3,                 activation shape: torch.Size([32, 256, 56, 56])
2026-02-13 04:07:21,831 - INFO - Captured activation for layer: layer1.2.conv3, activation shape: torch.Size([32, 256, 56, 56])
2026-02-13 04:07:21,832 - INFO - Captured activation for layer: layer1.2.conv3,                 activation shape: torch.Size([32, 256, 56, 56])
2026-02-13 04:07:21,843 - INFO - Captured activation for layer: layer1.2.conv3, activation shape: torch.Size([32, 256, 56, 56])
2026-02-13 04:07:21,844 - INFO - Captured activation for layer: layer1.2.conv3,                 activation shape: torch.Size([32, 256, 56, 56])
2026-02-13 04:07:21,855 - INFO - Captured activation for layer: layer1.2.conv3, activation shape: torch.Size([32, 256, 56, 56])
2026-02-13 04:07:21,857 - INFO - Captured activation for layer: layer1.2.conv3,                 activation shape: torch.Size([32, 256, 56, 56])
2026-02-13 04:07:21,867 - INFO - Captured activation for layer: layer1.2.conv3, activation shape: torch.Size([32, 256, 56, 56])
2026-02-13 04:07:21,869 - INFO - Captured activation for layer: layer1.2.conv3,                 activation shape: torch.Size([32, 256, 56, 56])
2026-02-13 04:07:21,880 - INFO - Captured activation for layer: layer1.2.conv3, activation shape: torch.Size([32, 256, 56, 56])
2026-02-13 04:07:21,881 - INFO - Captured activation for layer: layer1.2.conv3,                 activation shape: torch.Size([32, 256, 56, 56])
2026-02-13 04:07:21,892 - INFO - Captured activation for layer: layer1.2.conv3, activation shape: torch.Size([32, 256, 56, 56])
2026-02-13 04:07:21,894 - INFO - Captured activation for layer: layer1.2.conv3,                 activation shape: torch.Size([32, 256, 56, 56])
2026-02-13 04:07:21,904 - INFO - Captured activation for layer: layer1.2.conv3, activation shape: torch.Size([32, 256, 56, 56])
2026-02-13 04:07:21,906 - INFO - Captured activation for layer: layer1.2.conv3,                 activation shape: torch.Size([32, 256, 56, 56])
2026-02-13 04:07:21,917 - INFO - Captured activation for layer: layer1.2.conv3, activation shape: torch.Size([32, 256, 56, 56])
2026-02-13 04:07:21,918 - INFO - Captured activation for layer: layer1.2.conv3,                 activation shape: torch.Size([32, 256, 56, 56])
2026-02-13 04:07:21,929 - INFO - Captured activation for layer: layer1.2.conv3, activation shape: torch.Size([32, 256, 56, 56])
2026-02-13 04:07:21,930 - INFO - Captured activation for layer: layer1.2.conv3,                 activation shape: torch.Size([32, 256, 56, 56])
2026-02-13 04:07:21,941 - INFO - Captured activation for layer: layer1.2.conv3, activation shape: torch.Size([32, 256, 56, 56])
2026-02-13 04:07:21,943 - INFO - Captured activation for layer: layer1.2.conv3,                 activation shape: torch.Size([32, 256, 56, 56])
2026-02-13 04:07:21,953 - INFO - Captured activation for layer: layer1.2.conv3, activation shape: torch.Size([32, 256, 56, 56])
2026-02-13 04:07:21,955 - INFO - Captured activation for layer: layer1.2.conv3,                 activation shape: torch.Size([32, 256, 56, 56])
2026-02-13 04:07:21,966 - INFO - Captured activation for layer: layer1.2.conv3, activation shape: torch.Size([32, 256, 56, 56])
2026-02-13 04:07:21,967 - INFO - Captured activation for layer: layer1.2.conv3,                 activation shape: torch.Size([32, 256, 56, 56])
2026-02-13 04:07:21,978 - INFO - Captured activation for layer: layer1.2.conv3, activation shape: torch.Size([32, 256, 56, 56])
2026-02-13 04:07:21,980 - INFO - Captured activation for layer: layer1.2.conv3,                 activation shape: torch.Size([32, 256, 56, 56])
2026-02-13 04:07:21,990 - INFO - Captured activation for layer: layer1.2.conv3, activation shape: torch.Size([32, 256, 56, 56])
2026-02-13 04:07:21,992 - INFO - Captured activation for layer: layer1.2.conv3,                 activation shape: torch.Size([32, 256, 56, 56])
2026-02-13 04:07:22,003 - INFO - Captured activation for layer: layer1.2.conv3, activation shape: torch.Size([32, 256, 56, 56])
2026-02-13 04:07:22,004 - INFO - Captured activation for layer: layer1.2.conv3,                 activation shape: torch.Size([32, 256, 56, 56])
2026-02-13 04:07:22,015 - INFO - Captured activation for layer: layer1.2.conv3, activation shape: torch.Size([32, 256, 56, 56])
2026-02-13 04:07:22,016 - INFO - Captured activation for layer: layer1.2.conv3,                 activation shape: torch.Size([32, 256, 56, 56])
2026-02-13 04:07:22,027 - INFO - Captured activation for layer: layer1.2.conv3, activation shape: torch.Size([32, 256, 56, 56])
2026-02-13 04:07:22,029 - INFO - Captured activation for layer: layer1.2.conv3,                 activation shape: torch.Size([32, 256, 56, 56])
2026-02-13 04:07:22,039 - INFO - Captured activation for layer: layer1.2.conv3, activation shape: torch.Size([32, 256, 56, 56])
2026-02-13 04:07:22,041 - INFO - Captured activation for layer: layer1.2.conv3,                 activation shape: torch.Size([32, 256, 56, 56])
2026-02-13 04:07:22,052 - INFO - Captured activation for layer: layer1.2.conv3, activation shape: torch.Size([32, 256, 56, 56])
2026-02-13 04:07:22,053 - INFO - Captured activation for layer: layer1.2.conv3,                 activation shape: torch.Size([32, 256, 56, 56])
2026-02-13 04:07:22,064 - INFO - Captured activation for layer: layer1.2.conv3, activation shape: torch.Size([32, 256, 56, 56])
2026-02-13 04:07:22,065 - INFO - Stacked activations shape for layer layer1.2.conv3: torch.Size([2112, 256, 56, 56])
2026-02-13 04:07:22,065 - INFO - Using mean replacement for perturbation.
2026-02-13 04:07:22,149 - INFO - Perturbed activation  values: tensor([ 0.0009,  0.0006,  0.0007,  ..., -0.0492, -0.0618, -0.0729],
       device='cuda:0')
2026-02-13 04:07:22,158 - INFO - Standard deviation of activations for layer layer1.2.conv3: 0.0219
2026-02-13 04:07:22,158 - INFO - Checking normality of activations for layer layer1.2.conv3 using Shapiro-Wilk test.
2026-02-13 04:08:17,923 - INFO - Shapiro-Wilk test: statistic=0.8599, p-value=4.7196e-55
2026-02-13 04:08:17,923 - INFO - Normally distributed: False
2026-02-13 04:08:17,924 - INFO - Perturbed activation shape: torch.Size([1, 256, 56, 56]), Std activation shape: torch.Size([1, 256, 56, 56])
2026-02-13 04:08:17,953 - INFO - Std activation sample values: tensor([0.0040, 0.0022, 0.0023, 0.0025, 0.0024], device='cuda:0')
2026-02-13 04:08:17,969 - INFO - Target layer found: layer2.3.conv3
2026-02-13 04:08:17,971 - INFO - Captured activation for layer: layer2.3.conv3,                 activation shape: torch.Size([32, 512, 28, 28])
2026-02-13 04:08:17,972 - INFO - Captured activation for layer: layer2.3.conv3, activation shape: torch.Size([32, 512, 28, 28])
2026-02-13 04:08:17,974 - INFO - Captured activation for layer: layer2.3.conv3,                 activation shape: torch.Size([32, 512, 28, 28])
2026-02-13 04:08:17,975 - INFO - Captured activation for layer: layer2.3.conv3, activation shape: torch.Size([32, 512, 28, 28])
2026-02-13 04:08:17,976 - INFO - Captured activation for layer: layer2.3.conv3,                 activation shape: torch.Size([32, 512, 28, 28])
2026-02-13 04:08:17,977 - INFO - Captured activation for layer: layer2.3.conv3, activation shape: torch.Size([32, 512, 28, 28])
2026-02-13 04:08:17,978 - INFO - Captured activation for layer: layer2.3.conv3,                 activation shape: torch.Size([32, 512, 28, 28])
2026-02-13 04:08:17,979 - INFO - Captured activation for layer: layer2.3.conv3, activation shape: torch.Size([32, 512, 28, 28])
2026-02-13 04:08:17,980 - INFO - Captured activation for layer: layer2.3.conv3,                 activation shape: torch.Size([32, 512, 28, 28])
2026-02-13 04:08:17,985 - INFO - Captured activation for layer: layer2.3.conv3, activation shape: torch.Size([32, 512, 28, 28])
2026-02-13 04:08:17,990 - INFO - Captured activation for layer: layer2.3.conv3,                 activation shape: torch.Size([32, 512, 28, 28])
2026-02-13 04:08:18,011 - INFO - Captured activation for layer: layer2.3.conv3, activation shape: torch.Size([32, 512, 28, 28])
2026-02-13 04:08:18,017 - INFO - Captured activation for layer: layer2.3.conv3,                 activation shape: torch.Size([32, 512, 28, 28])
2026-02-13 04:08:18,027 - INFO - Captured activation for layer: layer2.3.conv3, activation shape: torch.Size([32, 512, 28, 28])
2026-02-13 04:08:18,030 - INFO - Captured activation for layer: layer2.3.conv3,                 activation shape: torch.Size([32, 512, 28, 28])
2026-02-13 04:08:18,040 - INFO - Captured activation for layer: layer2.3.conv3, activation shape: torch.Size([32, 512, 28, 28])
2026-02-13 04:08:18,043 - INFO - Captured activation for layer: layer2.3.conv3,                 activation shape: torch.Size([32, 512, 28, 28])
2026-02-13 04:08:18,052 - INFO - Captured activation for layer: layer2.3.conv3, activation shape: torch.Size([32, 512, 28, 28])
2026-02-13 04:08:18,055 - INFO - Captured activation for layer: layer2.3.conv3,                 activation shape: torch.Size([32, 512, 28, 28])
2026-02-13 04:08:18,067 - INFO - Captured activation for layer: layer2.3.conv3, activation shape: torch.Size([32, 512, 28, 28])
2026-02-13 04:08:18,075 - INFO - Captured activation for layer: layer2.3.conv3,                 activation shape: torch.Size([32, 512, 28, 28])
2026-02-13 04:08:18,094 - INFO - Captured activation for layer: layer2.3.conv3, activation shape: torch.Size([32, 512, 28, 28])
2026-02-13 04:08:18,102 - INFO - Captured activation for layer: layer2.3.conv3,                 activation shape: torch.Size([32, 512, 28, 28])
2026-02-13 04:08:18,120 - INFO - Captured activation for layer: layer2.3.conv3, activation shape: torch.Size([32, 512, 28, 28])
2026-02-13 04:08:18,126 - INFO - Captured activation for layer: layer2.3.conv3,                 activation shape: torch.Size([32, 512, 28, 28])
2026-02-13 04:08:18,147 - INFO - Captured activation for layer: layer2.3.conv3, activation shape: torch.Size([32, 512, 28, 28])
2026-02-13 04:08:18,153 - INFO - Captured activation for layer: layer2.3.conv3,                 activation shape: torch.Size([32, 512, 28, 28])
2026-02-13 04:08:18,174 - INFO - Captured activation for layer: layer2.3.conv3, activation shape: torch.Size([32, 512, 28, 28])
2026-02-13 04:08:18,179 - INFO - Captured activation for layer: layer2.3.conv3,                 activation shape: torch.Size([32, 512, 28, 28])
2026-02-13 04:08:18,200 - INFO - Captured activation for layer: layer2.3.conv3, activation shape: torch.Size([32, 512, 28, 28])
2026-02-13 04:08:18,206 - INFO - Captured activation for layer: layer2.3.conv3,                 activation shape: torch.Size([32, 512, 28, 28])
2026-02-13 04:08:18,227 - INFO - Captured activation for layer: layer2.3.conv3, activation shape: torch.Size([32, 512, 28, 28])
2026-02-13 04:08:18,232 - INFO - Captured activation for layer: layer2.3.conv3,                 activation shape: torch.Size([32, 512, 28, 28])
2026-02-13 04:08:18,254 - INFO - Captured activation for layer: layer2.3.conv3, activation shape: torch.Size([32, 512, 28, 28])
2026-02-13 04:08:18,259 - INFO - Captured activation for layer: layer2.3.conv3,                 activation shape: torch.Size([32, 512, 28, 28])
2026-02-13 04:08:18,280 - INFO - Captured activation for layer: layer2.3.conv3, activation shape: torch.Size([32, 512, 28, 28])
2026-02-13 04:08:18,286 - INFO - Captured activation for layer: layer2.3.conv3,                 activation shape: torch.Size([32, 512, 28, 28])
2026-02-13 04:08:18,307 - INFO - Captured activation for layer: layer2.3.conv3, activation shape: torch.Size([32, 512, 28, 28])
2026-02-13 04:08:18,312 - INFO - Captured activation for layer: layer2.3.conv3,                 activation shape: torch.Size([32, 512, 28, 28])
2026-02-13 04:08:18,333 - INFO - Captured activation for layer: layer2.3.conv3, activation shape: torch.Size([32, 512, 28, 28])
2026-02-13 04:08:18,339 - INFO - Captured activation for layer: layer2.3.conv3,                 activation shape: torch.Size([32, 512, 28, 28])
2026-02-13 04:08:18,360 - INFO - Captured activation for layer: layer2.3.conv3, activation shape: torch.Size([32, 512, 28, 28])
2026-02-13 04:08:18,366 - INFO - Captured activation for layer: layer2.3.conv3,                 activation shape: torch.Size([32, 512, 28, 28])
2026-02-13 04:08:18,387 - INFO - Captured activation for layer: layer2.3.conv3, activation shape: torch.Size([32, 512, 28, 28])
2026-02-13 04:08:18,391 - INFO - Captured activation for layer: layer2.3.conv3,                 activation shape: torch.Size([32, 512, 28, 28])
2026-02-13 04:08:18,400 - INFO - Captured activation for layer: layer2.3.conv3, activation shape: torch.Size([32, 512, 28, 28])
2026-02-13 04:08:18,403 - INFO - Captured activation for layer: layer2.3.conv3,                 activation shape: torch.Size([32, 512, 28, 28])
2026-02-13 04:08:18,412 - INFO - Captured activation for layer: layer2.3.conv3, activation shape: torch.Size([32, 512, 28, 28])
2026-02-13 04:08:18,415 - INFO - Captured activation for layer: layer2.3.conv3,                 activation shape: torch.Size([32, 512, 28, 28])
2026-02-13 04:08:18,424 - INFO - Captured activation for layer: layer2.3.conv3, activation shape: torch.Size([32, 512, 28, 28])
2026-02-13 04:08:18,427 - INFO - Captured activation for layer: layer2.3.conv3,                 activation shape: torch.Size([32, 512, 28, 28])
2026-02-13 04:08:18,436 - INFO - Captured activation for layer: layer2.3.conv3, activation shape: torch.Size([32, 512, 28, 28])
2026-02-13 04:08:18,439 - INFO - Captured activation for layer: layer2.3.conv3,                 activation shape: torch.Size([32, 512, 28, 28])
2026-02-13 04:08:18,448 - INFO - Captured activation for layer: layer2.3.conv3, activation shape: torch.Size([32, 512, 28, 28])
2026-02-13 04:08:18,451 - INFO - Captured activation for layer: layer2.3.conv3,                 activation shape: torch.Size([32, 512, 28, 28])
2026-02-13 04:08:18,461 - INFO - Captured activation for layer: layer2.3.conv3, activation shape: torch.Size([32, 512, 28, 28])
2026-02-13 04:08:18,464 - INFO - Captured activation for layer: layer2.3.conv3,                 activation shape: torch.Size([32, 512, 28, 28])
2026-02-13 04:08:18,474 - INFO - Captured activation for layer: layer2.3.conv3, activation shape: torch.Size([32, 512, 28, 28])
2026-02-13 04:08:18,477 - INFO - Captured activation for layer: layer2.3.conv3,                 activation shape: torch.Size([32, 512, 28, 28])
2026-02-13 04:08:18,486 - INFO - Captured activation for layer: layer2.3.conv3, activation shape: torch.Size([32, 512, 28, 28])
2026-02-13 04:08:18,489 - INFO - Captured activation for layer: layer2.3.conv3,                 activation shape: torch.Size([32, 512, 28, 28])
2026-02-13 04:08:18,498 - INFO - Captured activation for layer: layer2.3.conv3, activation shape: torch.Size([32, 512, 28, 28])
2026-02-13 04:08:18,501 - INFO - Captured activation for layer: layer2.3.conv3,                 activation shape: torch.Size([32, 512, 28, 28])
2026-02-13 04:08:18,510 - INFO - Captured activation for layer: layer2.3.conv3, activation shape: torch.Size([32, 512, 28, 28])
2026-02-13 04:08:18,513 - INFO - Captured activation for layer: layer2.3.conv3,                 activation shape: torch.Size([32, 512, 28, 28])
2026-02-13 04:08:18,522 - INFO - Captured activation for layer: layer2.3.conv3, activation shape: torch.Size([32, 512, 28, 28])
2026-02-13 04:08:18,525 - INFO - Captured activation for layer: layer2.3.conv3,                 activation shape: torch.Size([32, 512, 28, 28])
2026-02-13 04:08:18,534 - INFO - Captured activation for layer: layer2.3.conv3, activation shape: torch.Size([32, 512, 28, 28])
2026-02-13 04:08:18,537 - INFO - Captured activation for layer: layer2.3.conv3,                 activation shape: torch.Size([32, 512, 28, 28])
2026-02-13 04:08:18,546 - INFO - Captured activation for layer: layer2.3.conv3, activation shape: torch.Size([32, 512, 28, 28])
2026-02-13 04:08:18,549 - INFO - Captured activation for layer: layer2.3.conv3,                 activation shape: torch.Size([32, 512, 28, 28])
2026-02-13 04:08:18,558 - INFO - Captured activation for layer: layer2.3.conv3, activation shape: torch.Size([32, 512, 28, 28])
2026-02-13 04:08:18,561 - INFO - Captured activation for layer: layer2.3.conv3,                 activation shape: torch.Size([32, 512, 28, 28])
2026-02-13 04:08:18,570 - INFO - Captured activation for layer: layer2.3.conv3, activation shape: torch.Size([32, 512, 28, 28])
2026-02-13 04:08:18,573 - INFO - Captured activation for layer: layer2.3.conv3,                 activation shape: torch.Size([32, 512, 28, 28])
2026-02-13 04:08:18,582 - INFO - Captured activation for layer: layer2.3.conv3, activation shape: torch.Size([32, 512, 28, 28])
2026-02-13 04:08:18,585 - INFO - Captured activation for layer: layer2.3.conv3,                 activation shape: torch.Size([32, 512, 28, 28])
2026-02-13 04:08:18,594 - INFO - Captured activation for layer: layer2.3.conv3, activation shape: torch.Size([32, 512, 28, 28])
2026-02-13 04:08:18,597 - INFO - Captured activation for layer: layer2.3.conv3,                 activation shape: torch.Size([32, 512, 28, 28])
2026-02-13 04:08:18,606 - INFO - Captured activation for layer: layer2.3.conv3, activation shape: torch.Size([32, 512, 28, 28])
2026-02-13 04:08:18,609 - INFO - Captured activation for layer: layer2.3.conv3,                 activation shape: torch.Size([32, 512, 28, 28])
2026-02-13 04:08:18,618 - INFO - Captured activation for layer: layer2.3.conv3, activation shape: torch.Size([32, 512, 28, 28])
2026-02-13 04:08:18,621 - INFO - Captured activation for layer: layer2.3.conv3,                 activation shape: torch.Size([32, 512, 28, 28])
2026-02-13 04:08:18,630 - INFO - Captured activation for layer: layer2.3.conv3, activation shape: torch.Size([32, 512, 28, 28])
2026-02-13 04:08:18,633 - INFO - Captured activation for layer: layer2.3.conv3,                 activation shape: torch.Size([32, 512, 28, 28])
2026-02-13 04:08:18,642 - INFO - Captured activation for layer: layer2.3.conv3, activation shape: torch.Size([32, 512, 28, 28])
2026-02-13 04:08:18,645 - INFO - Captured activation for layer: layer2.3.conv3,                 activation shape: torch.Size([32, 512, 28, 28])
2026-02-13 04:08:18,654 - INFO - Captured activation for layer: layer2.3.conv3, activation shape: torch.Size([32, 512, 28, 28])
2026-02-13 04:08:18,657 - INFO - Captured activation for layer: layer2.3.conv3,                 activation shape: torch.Size([32, 512, 28, 28])
2026-02-13 04:08:18,666 - INFO - Captured activation for layer: layer2.3.conv3, activation shape: torch.Size([32, 512, 28, 28])
2026-02-13 04:08:18,669 - INFO - Captured activation for layer: layer2.3.conv3,                 activation shape: torch.Size([32, 512, 28, 28])
2026-02-13 04:08:18,679 - INFO - Captured activation for layer: layer2.3.conv3, activation shape: torch.Size([32, 512, 28, 28])
2026-02-13 04:08:18,681 - INFO - Captured activation for layer: layer2.3.conv3,                 activation shape: torch.Size([32, 512, 28, 28])
2026-02-13 04:08:18,691 - INFO - Captured activation for layer: layer2.3.conv3, activation shape: torch.Size([32, 512, 28, 28])
2026-02-13 04:08:18,694 - INFO - Captured activation for layer: layer2.3.conv3,                 activation shape: torch.Size([32, 512, 28, 28])
2026-02-13 04:08:18,703 - INFO - Captured activation for layer: layer2.3.conv3, activation shape: torch.Size([32, 512, 28, 28])
2026-02-13 04:08:18,706 - INFO - Captured activation for layer: layer2.3.conv3,                 activation shape: torch.Size([32, 512, 28, 28])
2026-02-13 04:08:18,715 - INFO - Captured activation for layer: layer2.3.conv3, activation shape: torch.Size([32, 512, 28, 28])
2026-02-13 04:08:18,718 - INFO - Captured activation for layer: layer2.3.conv3,                 activation shape: torch.Size([32, 512, 28, 28])
2026-02-13 04:08:18,727 - INFO - Captured activation for layer: layer2.3.conv3, activation shape: torch.Size([32, 512, 28, 28])
2026-02-13 04:08:18,730 - INFO - Captured activation for layer: layer2.3.conv3,                 activation shape: torch.Size([32, 512, 28, 28])
2026-02-13 04:08:18,739 - INFO - Captured activation for layer: layer2.3.conv3, activation shape: torch.Size([32, 512, 28, 28])
2026-02-13 04:08:18,742 - INFO - Captured activation for layer: layer2.3.conv3,                 activation shape: torch.Size([32, 512, 28, 28])
2026-02-13 04:08:18,751 - INFO - Captured activation for layer: layer2.3.conv3, activation shape: torch.Size([32, 512, 28, 28])
2026-02-13 04:08:18,754 - INFO - Captured activation for layer: layer2.3.conv3,                 activation shape: torch.Size([32, 512, 28, 28])
2026-02-13 04:08:18,763 - INFO - Captured activation for layer: layer2.3.conv3, activation shape: torch.Size([32, 512, 28, 28])
2026-02-13 04:08:18,766 - INFO - Captured activation for layer: layer2.3.conv3,                 activation shape: torch.Size([32, 512, 28, 28])
2026-02-13 04:08:18,775 - INFO - Captured activation for layer: layer2.3.conv3, activation shape: torch.Size([32, 512, 28, 28])
2026-02-13 04:08:18,778 - INFO - Captured activation for layer: layer2.3.conv3,                 activation shape: torch.Size([32, 512, 28, 28])
2026-02-13 04:08:18,787 - INFO - Captured activation for layer: layer2.3.conv3, activation shape: torch.Size([32, 512, 28, 28])
2026-02-13 04:08:18,790 - INFO - Captured activation for layer: layer2.3.conv3,                 activation shape: torch.Size([32, 512, 28, 28])
2026-02-13 04:08:18,799 - INFO - Captured activation for layer: layer2.3.conv3, activation shape: torch.Size([32, 512, 28, 28])
2026-02-13 04:08:18,802 - INFO - Captured activation for layer: layer2.3.conv3,                 activation shape: torch.Size([32, 512, 28, 28])
2026-02-13 04:08:18,811 - INFO - Captured activation for layer: layer2.3.conv3, activation shape: torch.Size([32, 512, 28, 28])
2026-02-13 04:08:18,814 - INFO - Captured activation for layer: layer2.3.conv3,                 activation shape: torch.Size([32, 512, 28, 28])
2026-02-13 04:08:18,823 - INFO - Captured activation for layer: layer2.3.conv3, activation shape: torch.Size([32, 512, 28, 28])
2026-02-13 04:08:18,826 - INFO - Captured activation for layer: layer2.3.conv3,                 activation shape: torch.Size([32, 512, 28, 28])
2026-02-13 04:08:18,835 - INFO - Captured activation for layer: layer2.3.conv3, activation shape: torch.Size([32, 512, 28, 28])
2026-02-13 04:08:18,838 - INFO - Captured activation for layer: layer2.3.conv3,                 activation shape: torch.Size([32, 512, 28, 28])
2026-02-13 04:08:18,847 - INFO - Captured activation for layer: layer2.3.conv3, activation shape: torch.Size([32, 512, 28, 28])
2026-02-13 04:08:18,850 - INFO - Captured activation for layer: layer2.3.conv3,                 activation shape: torch.Size([32, 512, 28, 28])
2026-02-13 04:08:18,859 - INFO - Captured activation for layer: layer2.3.conv3, activation shape: torch.Size([32, 512, 28, 28])
2026-02-13 04:08:18,862 - INFO - Captured activation for layer: layer2.3.conv3,                 activation shape: torch.Size([32, 512, 28, 28])
2026-02-13 04:08:18,871 - INFO - Captured activation for layer: layer2.3.conv3, activation shape: torch.Size([32, 512, 28, 28])
2026-02-13 04:08:18,874 - INFO - Captured activation for layer: layer2.3.conv3,                 activation shape: torch.Size([32, 512, 28, 28])
2026-02-13 04:08:18,883 - INFO - Captured activation for layer: layer2.3.conv3, activation shape: torch.Size([32, 512, 28, 28])
2026-02-13 04:08:18,886 - INFO - Captured activation for layer: layer2.3.conv3,                 activation shape: torch.Size([32, 512, 28, 28])
2026-02-13 04:08:18,895 - INFO - Captured activation for layer: layer2.3.conv3, activation shape: torch.Size([32, 512, 28, 28])
2026-02-13 04:08:18,898 - INFO - Captured activation for layer: layer2.3.conv3,                 activation shape: torch.Size([32, 512, 28, 28])
2026-02-13 04:08:18,907 - INFO - Captured activation for layer: layer2.3.conv3, activation shape: torch.Size([32, 512, 28, 28])
2026-02-13 04:08:18,910 - INFO - Captured activation for layer: layer2.3.conv3,                 activation shape: torch.Size([32, 512, 28, 28])
2026-02-13 04:08:18,919 - INFO - Captured activation for layer: layer2.3.conv3, activation shape: torch.Size([32, 512, 28, 28])
2026-02-13 04:08:18,919 - INFO - Stacked activations shape for layer layer2.3.conv3: torch.Size([2112, 512, 28, 28])
2026-02-13 04:08:18,919 - INFO - Using mean replacement for perturbation.
2026-02-13 04:08:19,015 - INFO - Perturbed activation  values: tensor([-0.0019, -0.0048, -0.0078,  ..., -0.0042, -0.0044, -0.0039],
       device='cuda:0')
2026-02-13 04:08:19,027 - INFO - Standard deviation of activations for layer layer2.3.conv3: 0.0294
2026-02-13 04:08:19,027 - INFO - Checking normality of activations for layer layer2.3.conv3 using Shapiro-Wilk test.
2026-02-13 04:08:45,936 - INFO - Shapiro-Wilk test: statistic=0.9603, p-value=6.3642e-35
2026-02-13 04:08:45,936 - INFO - Normally distributed: False
2026-02-13 04:08:45,937 - INFO - Perturbed activation shape: torch.Size([1, 512, 28, 28]), Std activation shape: torch.Size([1, 512, 28, 28])
2026-02-13 04:08:45,942 - INFO - Std activation sample values: tensor([0.0097, 0.0088, 0.0095, 0.0096, 0.0097], device='cuda:0')
2026-02-13 04:08:45,954 - INFO - Applying perturbation for layer: layer1.2.conv3, original output shape: torch.Size([32, 256, 56, 56]), perturbed activation shape: torch.Size([1, 256, 56, 56])
2026-02-13 04:08:45,955 - INFO - Applying perturbation for layer: layer2.3.conv3, original output shape: torch.Size([32, 512, 28, 28]), perturbed activation shape: torch.Size([1, 512, 28, 28])
2026-02-13 04:08:45,958 - INFO - Applying perturbation for layer: layer1.2.conv3, original output shape: torch.Size([32, 256, 56, 56]), perturbed activation shape: torch.Size([1, 256, 56, 56])
2026-02-13 04:08:45,959 - INFO - Applying perturbation for layer: layer2.3.conv3, original output shape: torch.Size([32, 512, 28, 28]), perturbed activation shape: torch.Size([1, 512, 28, 28])
2026-02-13 04:08:45,962 - INFO - Applying perturbation for layer: layer1.2.conv3, original output shape: torch.Size([32, 256, 56, 56]), perturbed activation shape: torch.Size([1, 256, 56, 56])
2026-02-13 04:08:45,963 - INFO - Applying perturbation for layer: layer2.3.conv3, original output shape: torch.Size([32, 512, 28, 28]), perturbed activation shape: torch.Size([1, 512, 28, 28])
2026-02-13 04:08:45,984 - INFO - Applying perturbation for layer: layer1.2.conv3, original output shape: torch.Size([32, 256, 56, 56]), perturbed activation shape: torch.Size([1, 256, 56, 56])
2026-02-13 04:08:45,985 - INFO - Applying perturbation for layer: layer2.3.conv3, original output shape: torch.Size([32, 512, 28, 28]), perturbed activation shape: torch.Size([1, 512, 28, 28])
2026-02-13 04:08:46,008 - INFO - Applying perturbation for layer: layer1.2.conv3, original output shape: torch.Size([32, 256, 56, 56]), perturbed activation shape: torch.Size([1, 256, 56, 56])
2026-02-13 04:08:46,009 - INFO - Applying perturbation for layer: layer2.3.conv3, original output shape: torch.Size([32, 512, 28, 28]), perturbed activation shape: torch.Size([1, 512, 28, 28])
2026-02-13 04:08:46,032 - INFO - Applying perturbation for layer: layer1.2.conv3, original output shape: torch.Size([32, 256, 56, 56]), perturbed activation shape: torch.Size([1, 256, 56, 56])
2026-02-13 04:08:46,033 - INFO - Applying perturbation for layer: layer2.3.conv3, original output shape: torch.Size([32, 512, 28, 28]), perturbed activation shape: torch.Size([1, 512, 28, 28])
2026-02-13 04:08:46,056 - INFO - Applying perturbation for layer: layer1.2.conv3, original output shape: torch.Size([32, 256, 56, 56]), perturbed activation shape: torch.Size([1, 256, 56, 56])
2026-02-13 04:08:46,057 - INFO - Applying perturbation for layer: layer2.3.conv3, original output shape: torch.Size([32, 512, 28, 28]), perturbed activation shape: torch.Size([1, 512, 28, 28])
2026-02-13 04:08:46,080 - INFO - Applying perturbation for layer: layer1.2.conv3, original output shape: torch.Size([32, 256, 56, 56]), perturbed activation shape: torch.Size([1, 256, 56, 56])
2026-02-13 04:08:46,081 - INFO - Applying perturbation for layer: layer2.3.conv3, original output shape: torch.Size([32, 512, 28, 28]), perturbed activation shape: torch.Size([1, 512, 28, 28])
2026-02-13 04:08:46,104 - INFO - Applying perturbation for layer: layer1.2.conv3, original output shape: torch.Size([32, 256, 56, 56]), perturbed activation shape: torch.Size([1, 256, 56, 56])
2026-02-13 04:08:46,105 - INFO - Applying perturbation for layer: layer2.3.conv3, original output shape: torch.Size([32, 512, 28, 28]), perturbed activation shape: torch.Size([1, 512, 28, 28])
2026-02-13 04:08:46,128 - INFO - Applying perturbation for layer: layer1.2.conv3, original output shape: torch.Size([32, 256, 56, 56]), perturbed activation shape: torch.Size([1, 256, 56, 56])
2026-02-13 04:08:46,129 - INFO - Applying perturbation for layer: layer2.3.conv3, original output shape: torch.Size([32, 512, 28, 28]), perturbed activation shape: torch.Size([1, 512, 28, 28])
2026-02-13 04:08:46,152 - INFO - Applying perturbation for layer: layer1.2.conv3, original output shape: torch.Size([32, 256, 56, 56]), perturbed activation shape: torch.Size([1, 256, 56, 56])
2026-02-13 04:08:46,153 - INFO - Applying perturbation for layer: layer2.3.conv3, original output shape: torch.Size([32, 512, 28, 28]), perturbed activation shape: torch.Size([1, 512, 28, 28])
2026-02-13 04:08:46,176 - INFO - Applying perturbation for layer: layer1.2.conv3, original output shape: torch.Size([32, 256, 56, 56]), perturbed activation shape: torch.Size([1, 256, 56, 56])
2026-02-13 04:08:46,178 - INFO - Applying perturbation for layer: layer2.3.conv3, original output shape: torch.Size([32, 512, 28, 28]), perturbed activation shape: torch.Size([1, 512, 28, 28])
2026-02-13 04:08:46,201 - INFO - Applying perturbation for layer: layer1.2.conv3, original output shape: torch.Size([32, 256, 56, 56]), perturbed activation shape: torch.Size([1, 256, 56, 56])
2026-02-13 04:08:46,202 - INFO - Applying perturbation for layer: layer2.3.conv3, original output shape: torch.Size([32, 512, 28, 28]), perturbed activation shape: torch.Size([1, 512, 28, 28])
2026-02-13 04:08:46,225 - INFO - Applying perturbation for layer: layer1.2.conv3, original output shape: torch.Size([32, 256, 56, 56]), perturbed activation shape: torch.Size([1, 256, 56, 56])
2026-02-13 04:08:46,226 - INFO - Applying perturbation for layer: layer2.3.conv3, original output shape: torch.Size([32, 512, 28, 28]), perturbed activation shape: torch.Size([1, 512, 28, 28])
2026-02-13 04:08:46,249 - INFO - Applying perturbation for layer: layer1.2.conv3, original output shape: torch.Size([32, 256, 56, 56]), perturbed activation shape: torch.Size([1, 256, 56, 56])
2026-02-13 04:08:46,250 - INFO - Applying perturbation for layer: layer2.3.conv3, original output shape: torch.Size([32, 512, 28, 28]), perturbed activation shape: torch.Size([1, 512, 28, 28])
2026-02-13 04:08:46,273 - INFO - Applying perturbation for layer: layer1.2.conv3, original output shape: torch.Size([32, 256, 56, 56]), perturbed activation shape: torch.Size([1, 256, 56, 56])
2026-02-13 04:08:46,274 - INFO - Applying perturbation for layer: layer2.3.conv3, original output shape: torch.Size([32, 512, 28, 28]), perturbed activation shape: torch.Size([1, 512, 28, 28])
2026-02-13 04:08:46,297 - INFO - Applying perturbation for layer: layer1.2.conv3, original output shape: torch.Size([32, 256, 56, 56]), perturbed activation shape: torch.Size([1, 256, 56, 56])
2026-02-13 04:08:46,298 - INFO - Applying perturbation for layer: layer2.3.conv3, original output shape: torch.Size([32, 512, 28, 28]), perturbed activation shape: torch.Size([1, 512, 28, 28])
2026-02-13 04:08:46,321 - INFO - Applying perturbation for layer: layer1.2.conv3, original output shape: torch.Size([32, 256, 56, 56]), perturbed activation shape: torch.Size([1, 256, 56, 56])
2026-02-13 04:08:46,322 - INFO - Applying perturbation for layer: layer2.3.conv3, original output shape: torch.Size([32, 512, 28, 28]), perturbed activation shape: torch.Size([1, 512, 28, 28])
2026-02-13 04:08:46,345 - INFO - Applying perturbation for layer: layer1.2.conv3, original output shape: torch.Size([32, 256, 56, 56]), perturbed activation shape: torch.Size([1, 256, 56, 56])
2026-02-13 04:08:46,346 - INFO - Applying perturbation for layer: layer2.3.conv3, original output shape: torch.Size([32, 512, 28, 28]), perturbed activation shape: torch.Size([1, 512, 28, 28])
2026-02-13 04:08:46,369 - INFO - Applying perturbation for layer: layer1.2.conv3, original output shape: torch.Size([32, 256, 56, 56]), perturbed activation shape: torch.Size([1, 256, 56, 56])
2026-02-13 04:08:46,370 - INFO - Applying perturbation for layer: layer2.3.conv3, original output shape: torch.Size([32, 512, 28, 28]), perturbed activation shape: torch.Size([1, 512, 28, 28])
2026-02-13 04:08:46,393 - INFO - Applying perturbation for layer: layer1.2.conv3, original output shape: torch.Size([32, 256, 56, 56]), perturbed activation shape: torch.Size([1, 256, 56, 56])
2026-02-13 04:08:46,394 - INFO - Applying perturbation for layer: layer2.3.conv3, original output shape: torch.Size([32, 512, 28, 28]), perturbed activation shape: torch.Size([1, 512, 28, 28])
2026-02-13 04:08:46,417 - INFO - Applying perturbation for layer: layer1.2.conv3, original output shape: torch.Size([32, 256, 56, 56]), perturbed activation shape: torch.Size([1, 256, 56, 56])
2026-02-13 04:08:46,419 - INFO - Applying perturbation for layer: layer2.3.conv3, original output shape: torch.Size([32, 512, 28, 28]), perturbed activation shape: torch.Size([1, 512, 28, 28])
2026-02-13 04:08:46,441 - INFO - Applying perturbation for layer: layer1.2.conv3, original output shape: torch.Size([32, 256, 56, 56]), perturbed activation shape: torch.Size([1, 256, 56, 56])
2026-02-13 04:08:46,443 - INFO - Applying perturbation for layer: layer2.3.conv3, original output shape: torch.Size([32, 512, 28, 28]), perturbed activation shape: torch.Size([1, 512, 28, 28])
2026-02-13 04:08:46,466 - INFO - Applying perturbation for layer: layer1.2.conv3, original output shape: torch.Size([32, 256, 56, 56]), perturbed activation shape: torch.Size([1, 256, 56, 56])
2026-02-13 04:08:46,467 - INFO - Applying perturbation for layer: layer2.3.conv3, original output shape: torch.Size([32, 512, 28, 28]), perturbed activation shape: torch.Size([1, 512, 28, 28])
2026-02-13 04:08:46,490 - INFO - Applying perturbation for layer: layer1.2.conv3, original output shape: torch.Size([32, 256, 56, 56]), perturbed activation shape: torch.Size([1, 256, 56, 56])
2026-02-13 04:08:46,491 - INFO - Applying perturbation for layer: layer2.3.conv3, original output shape: torch.Size([32, 512, 28, 28]), perturbed activation shape: torch.Size([1, 512, 28, 28])
2026-02-13 04:08:46,514 - INFO - Applying perturbation for layer: layer1.2.conv3, original output shape: torch.Size([32, 256, 56, 56]), perturbed activation shape: torch.Size([1, 256, 56, 56])
2026-02-13 04:08:46,515 - INFO - Applying perturbation for layer: layer2.3.conv3, original output shape: torch.Size([32, 512, 28, 28]), perturbed activation shape: torch.Size([1, 512, 28, 28])
2026-02-13 04:08:46,538 - INFO - Applying perturbation for layer: layer1.2.conv3, original output shape: torch.Size([32, 256, 56, 56]), perturbed activation shape: torch.Size([1, 256, 56, 56])
2026-02-13 04:08:46,539 - INFO - Applying perturbation for layer: layer2.3.conv3, original output shape: torch.Size([32, 512, 28, 28]), perturbed activation shape: torch.Size([1, 512, 28, 28])
2026-02-13 04:08:46,562 - INFO - Applying perturbation for layer: layer1.2.conv3, original output shape: torch.Size([32, 256, 56, 56]), perturbed activation shape: torch.Size([1, 256, 56, 56])
2026-02-13 04:08:46,563 - INFO - Applying perturbation for layer: layer2.3.conv3, original output shape: torch.Size([32, 512, 28, 28]), perturbed activation shape: torch.Size([1, 512, 28, 28])
2026-02-13 04:08:46,586 - INFO - Applying perturbation for layer: layer1.2.conv3, original output shape: torch.Size([32, 256, 56, 56]), perturbed activation shape: torch.Size([1, 256, 56, 56])
2026-02-13 04:08:46,587 - INFO - Applying perturbation for layer: layer2.3.conv3, original output shape: torch.Size([32, 512, 28, 28]), perturbed activation shape: torch.Size([1, 512, 28, 28])
2026-02-13 04:08:46,610 - INFO - Applying perturbation for layer: layer1.2.conv3, original output shape: torch.Size([32, 256, 56, 56]), perturbed activation shape: torch.Size([1, 256, 56, 56])
2026-02-13 04:08:46,611 - INFO - Applying perturbation for layer: layer2.3.conv3, original output shape: torch.Size([32, 512, 28, 28]), perturbed activation shape: torch.Size([1, 512, 28, 28])
2026-02-13 04:08:46,634 - INFO - Applying perturbation for layer: layer1.2.conv3, original output shape: torch.Size([32, 256, 56, 56]), perturbed activation shape: torch.Size([1, 256, 56, 56])
2026-02-13 04:08:46,635 - INFO - Applying perturbation for layer: layer2.3.conv3, original output shape: torch.Size([32, 512, 28, 28]), perturbed activation shape: torch.Size([1, 512, 28, 28])
2026-02-13 04:08:46,658 - INFO - Applying perturbation for layer: layer1.2.conv3, original output shape: torch.Size([32, 256, 56, 56]), perturbed activation shape: torch.Size([1, 256, 56, 56])
2026-02-13 04:08:46,660 - INFO - Applying perturbation for layer: layer2.3.conv3, original output shape: torch.Size([32, 512, 28, 28]), perturbed activation shape: torch.Size([1, 512, 28, 28])
2026-02-13 04:08:46,683 - INFO - Applying perturbation for layer: layer1.2.conv3, original output shape: torch.Size([32, 256, 56, 56]), perturbed activation shape: torch.Size([1, 256, 56, 56])
2026-02-13 04:08:46,684 - INFO - Applying perturbation for layer: layer2.3.conv3, original output shape: torch.Size([32, 512, 28, 28]), perturbed activation shape: torch.Size([1, 512, 28, 28])
2026-02-13 04:08:46,707 - INFO - Applying perturbation for layer: layer1.2.conv3, original output shape: torch.Size([32, 256, 56, 56]), perturbed activation shape: torch.Size([1, 256, 56, 56])
2026-02-13 04:08:46,708 - INFO - Applying perturbation for layer: layer2.3.conv3, original output shape: torch.Size([32, 512, 28, 28]), perturbed activation shape: torch.Size([1, 512, 28, 28])
2026-02-13 04:08:46,731 - INFO - Applying perturbation for layer: layer1.2.conv3, original output shape: torch.Size([32, 256, 56, 56]), perturbed activation shape: torch.Size([1, 256, 56, 56])
2026-02-13 04:08:46,732 - INFO - Applying perturbation for layer: layer2.3.conv3, original output shape: torch.Size([32, 512, 28, 28]), perturbed activation shape: torch.Size([1, 512, 28, 28])
2026-02-13 04:08:46,755 - INFO - Applying perturbation for layer: layer1.2.conv3, original output shape: torch.Size([32, 256, 56, 56]), perturbed activation shape: torch.Size([1, 256, 56, 56])
2026-02-13 04:08:46,756 - INFO - Applying perturbation for layer: layer2.3.conv3, original output shape: torch.Size([32, 512, 28, 28]), perturbed activation shape: torch.Size([1, 512, 28, 28])
2026-02-13 04:08:46,779 - INFO - Applying perturbation for layer: layer1.2.conv3, original output shape: torch.Size([32, 256, 56, 56]), perturbed activation shape: torch.Size([1, 256, 56, 56])
2026-02-13 04:08:46,780 - INFO - Applying perturbation for layer: layer2.3.conv3, original output shape: torch.Size([32, 512, 28, 28]), perturbed activation shape: torch.Size([1, 512, 28, 28])
2026-02-13 04:08:46,805 - INFO - Applying perturbation for layer: layer1.2.conv3, original output shape: torch.Size([32, 256, 56, 56]), perturbed activation shape: torch.Size([1, 256, 56, 56])
2026-02-13 04:08:46,806 - INFO - Applying perturbation for layer: layer2.3.conv3, original output shape: torch.Size([32, 512, 28, 28]), perturbed activation shape: torch.Size([1, 512, 28, 28])
2026-02-13 04:08:46,858 - INFO - Applying perturbation for layer: layer1.2.conv3, original output shape: torch.Size([32, 256, 56, 56]), perturbed activation shape: torch.Size([1, 256, 56, 56])
2026-02-13 04:08:46,860 - INFO - Applying perturbation for layer: layer2.3.conv3, original output shape: torch.Size([32, 512, 28, 28]), perturbed activation shape: torch.Size([1, 512, 28, 28])
2026-02-13 04:08:46,912 - INFO - Applying perturbation for layer: layer1.2.conv3, original output shape: torch.Size([32, 256, 56, 56]), perturbed activation shape: torch.Size([1, 256, 56, 56])
2026-02-13 04:08:46,913 - INFO - Applying perturbation for layer: layer2.3.conv3, original output shape: torch.Size([32, 512, 28, 28]), perturbed activation shape: torch.Size([1, 512, 28, 28])
2026-02-13 04:08:46,966 - INFO - Applying perturbation for layer: layer1.2.conv3, original output shape: torch.Size([32, 256, 56, 56]), perturbed activation shape: torch.Size([1, 256, 56, 56])
2026-02-13 04:08:46,969 - INFO - Applying perturbation for layer: layer2.3.conv3, original output shape: torch.Size([32, 512, 28, 28]), perturbed activation shape: torch.Size([1, 512, 28, 28])
2026-02-13 04:08:47,019 - INFO - Applying perturbation for layer: layer1.2.conv3, original output shape: torch.Size([32, 256, 56, 56]), perturbed activation shape: torch.Size([1, 256, 56, 56])
2026-02-13 04:08:47,023 - INFO - Applying perturbation for layer: layer2.3.conv3, original output shape: torch.Size([32, 512, 28, 28]), perturbed activation shape: torch.Size([1, 512, 28, 28])
2026-02-13 04:08:47,072 - INFO - Applying perturbation for layer: layer1.2.conv3, original output shape: torch.Size([32, 256, 56, 56]), perturbed activation shape: torch.Size([1, 256, 56, 56])
2026-02-13 04:08:47,076 - INFO - Applying perturbation for layer: layer2.3.conv3, original output shape: torch.Size([32, 512, 28, 28]), perturbed activation shape: torch.Size([1, 512, 28, 28])
2026-02-13 04:08:47,126 - INFO - Applying perturbation for layer: layer1.2.conv3, original output shape: torch.Size([32, 256, 56, 56]), perturbed activation shape: torch.Size([1, 256, 56, 56])
2026-02-13 04:08:47,129 - INFO - Applying perturbation for layer: layer2.3.conv3, original output shape: torch.Size([32, 512, 28, 28]), perturbed activation shape: torch.Size([1, 512, 28, 28])
2026-02-13 04:08:47,179 - INFO - Applying perturbation for layer: layer1.2.conv3, original output shape: torch.Size([32, 256, 56, 56]), perturbed activation shape: torch.Size([1, 256, 56, 56])
2026-02-13 04:08:47,183 - INFO - Applying perturbation for layer: layer2.3.conv3, original output shape: torch.Size([32, 512, 28, 28]), perturbed activation shape: torch.Size([1, 512, 28, 28])
2026-02-13 04:08:47,233 - INFO - Applying perturbation for layer: layer1.2.conv3, original output shape: torch.Size([32, 256, 56, 56]), perturbed activation shape: torch.Size([1, 256, 56, 56])
2026-02-13 04:08:47,236 - INFO - Applying perturbation for layer: layer2.3.conv3, original output shape: torch.Size([32, 512, 28, 28]), perturbed activation shape: torch.Size([1, 512, 28, 28])
2026-02-13 04:08:47,286 - INFO - Applying perturbation for layer: layer1.2.conv3, original output shape: torch.Size([32, 256, 56, 56]), perturbed activation shape: torch.Size([1, 256, 56, 56])
2026-02-13 04:08:47,290 - INFO - Applying perturbation for layer: layer2.3.conv3, original output shape: torch.Size([32, 512, 28, 28]), perturbed activation shape: torch.Size([1, 512, 28, 28])
2026-02-13 04:08:47,340 - INFO - Applying perturbation for layer: layer1.2.conv3, original output shape: torch.Size([32, 256, 56, 56]), perturbed activation shape: torch.Size([1, 256, 56, 56])
2026-02-13 04:08:47,343 - INFO - Applying perturbation for layer: layer2.3.conv3, original output shape: torch.Size([32, 512, 28, 28]), perturbed activation shape: torch.Size([1, 512, 28, 28])
2026-02-13 04:08:47,393 - INFO - Applying perturbation for layer: layer1.2.conv3, original output shape: torch.Size([32, 256, 56, 56]), perturbed activation shape: torch.Size([1, 256, 56, 56])
2026-02-13 04:08:47,397 - INFO - Applying perturbation for layer: layer2.3.conv3, original output shape: torch.Size([32, 512, 28, 28]), perturbed activation shape: torch.Size([1, 512, 28, 28])
2026-02-13 04:08:47,446 - INFO - Applying perturbation for layer: layer1.2.conv3, original output shape: torch.Size([32, 256, 56, 56]), perturbed activation shape: torch.Size([1, 256, 56, 56])
2026-02-13 04:08:47,450 - INFO - Applying perturbation for layer: layer2.3.conv3, original output shape: torch.Size([32, 512, 28, 28]), perturbed activation shape: torch.Size([1, 512, 28, 28])
2026-02-13 04:08:47,500 - INFO - Applying perturbation for layer: layer1.2.conv3, original output shape: torch.Size([32, 256, 56, 56]), perturbed activation shape: torch.Size([1, 256, 56, 56])
2026-02-13 04:08:47,503 - INFO - Applying perturbation for layer: layer2.3.conv3, original output shape: torch.Size([32, 512, 28, 28]), perturbed activation shape: torch.Size([1, 512, 28, 28])
2026-02-13 04:08:47,553 - INFO - Applying perturbation for layer: layer1.2.conv3, original output shape: torch.Size([32, 256, 56, 56]), perturbed activation shape: torch.Size([1, 256, 56, 56])
2026-02-13 04:08:47,557 - INFO - Applying perturbation for layer: layer2.3.conv3, original output shape: torch.Size([32, 512, 28, 28]), perturbed activation shape: torch.Size([1, 512, 28, 28])
2026-02-13 04:08:47,606 - INFO - Applying perturbation for layer: layer1.2.conv3, original output shape: torch.Size([32, 256, 56, 56]), perturbed activation shape: torch.Size([1, 256, 56, 56])
2026-02-13 04:08:47,610 - INFO - Applying perturbation for layer: layer2.3.conv3, original output shape: torch.Size([32, 512, 28, 28]), perturbed activation shape: torch.Size([1, 512, 28, 28])
2026-02-13 04:08:47,660 - INFO - Applying perturbation for layer: layer1.2.conv3, original output shape: torch.Size([32, 256, 56, 56]), perturbed activation shape: torch.Size([1, 256, 56, 56])
2026-02-13 04:08:47,663 - INFO - Applying perturbation for layer: layer2.3.conv3, original output shape: torch.Size([32, 512, 28, 28]), perturbed activation shape: torch.Size([1, 512, 28, 28])
2026-02-13 04:08:47,698 - INFO - Applying perturbation for layer: layer1.2.conv3, original output shape: torch.Size([32, 256, 56, 56]), perturbed activation shape: torch.Size([1, 256, 56, 56])
2026-02-13 04:08:47,699 - INFO - Applying perturbation for layer: layer2.3.conv3, original output shape: torch.Size([32, 512, 28, 28]), perturbed activation shape: torch.Size([1, 512, 28, 28])
2026-02-13 04:08:47,722 - INFO - Applying perturbation for layer: layer1.2.conv3, original output shape: torch.Size([32, 256, 56, 56]), perturbed activation shape: torch.Size([1, 256, 56, 56])
2026-02-13 04:08:47,723 - INFO - Applying perturbation for layer: layer2.3.conv3, original output shape: torch.Size([32, 512, 28, 28]), perturbed activation shape: torch.Size([1, 512, 28, 28])
2026-02-13 04:08:47,746 - INFO - Applying perturbation for layer: layer1.2.conv3, original output shape: torch.Size([32, 256, 56, 56]), perturbed activation shape: torch.Size([1, 256, 56, 56])
2026-02-13 04:08:47,747 - INFO - Applying perturbation for layer: layer2.3.conv3, original output shape: torch.Size([32, 512, 28, 28]), perturbed activation shape: torch.Size([1, 512, 28, 28])
2026-02-13 04:08:47,772 - INFO - Applying perturbation for layer: layer1.2.conv3, original output shape: torch.Size([32, 256, 56, 56]), perturbed activation shape: torch.Size([1, 256, 56, 56])
2026-02-13 04:08:47,773 - INFO - Applying perturbation for layer: layer2.3.conv3, original output shape: torch.Size([32, 512, 28, 28]), perturbed activation shape: torch.Size([1, 512, 28, 28])
2026-02-13 04:08:47,797 - INFO - Applying perturbation for layer: layer1.2.conv3, original output shape: torch.Size([32, 256, 56, 56]), perturbed activation shape: torch.Size([1, 256, 56, 56])
2026-02-13 04:08:47,798 - INFO - Applying perturbation for layer: layer2.3.conv3, original output shape: torch.Size([32, 512, 28, 28]), perturbed activation shape: torch.Size([1, 512, 28, 28])
2026-02-13 04:08:47,822 - INFO - Applying perturbation for layer: layer1.2.conv3, original output shape: torch.Size([32, 256, 56, 56]), perturbed activation shape: torch.Size([1, 256, 56, 56])
2026-02-13 04:08:47,824 - INFO - Applying perturbation for layer: layer2.3.conv3, original output shape: torch.Size([32, 512, 28, 28]), perturbed activation shape: torch.Size([1, 512, 28, 28])
2026-02-13 04:08:47,848 - INFO - Applying perturbation for layer: layer1.2.conv3, original output shape: torch.Size([32, 256, 56, 56]), perturbed activation shape: torch.Size([1, 256, 56, 56])
2026-02-13 04:08:47,849 - INFO - Applying perturbation for layer: layer2.3.conv3, original output shape: torch.Size([32, 512, 28, 28]), perturbed activation shape: torch.Size([1, 512, 28, 28])
2026-02-13 04:08:47,872 - INFO - Applying perturbation for layer: layer1.2.conv3, original output shape: torch.Size([32, 256, 56, 56]), perturbed activation shape: torch.Size([1, 256, 56, 56])
2026-02-13 04:08:47,873 - INFO - Applying perturbation for layer: layer2.3.conv3, original output shape: torch.Size([32, 512, 28, 28]), perturbed activation shape: torch.Size([1, 512, 28, 28])
2026-02-13 04:08:47,916 - INFO - Applying perturbation for layer: layer1.2.conv3, original output shape: torch.Size([32, 256, 56, 56]), perturbed activation shape: torch.Size([1, 256, 56, 56])
2026-02-13 04:08:47,917 - INFO - Applying perturbation for layer: layer2.3.conv3, original output shape: torch.Size([32, 512, 28, 28]), perturbed activation shape: torch.Size([1, 512, 28, 28])
2026-02-13 04:08:47,969 - INFO - Applying perturbation for layer: layer1.2.conv3, original output shape: torch.Size([32, 256, 56, 56]), perturbed activation shape: torch.Size([1, 256, 56, 56])
2026-02-13 04:08:47,970 - INFO - Applying perturbation for layer: layer2.3.conv3, original output shape: torch.Size([32, 512, 28, 28]), perturbed activation shape: torch.Size([1, 512, 28, 28])
2026-02-13 04:08:48,023 - INFO - Applying perturbation for layer: layer1.2.conv3, original output shape: torch.Size([32, 256, 56, 56]), perturbed activation shape: torch.Size([1, 256, 56, 56])
2026-02-13 04:08:48,024 - INFO - Applying perturbation for layer: layer2.3.conv3, original output shape: torch.Size([32, 512, 28, 28]), perturbed activation shape: torch.Size([1, 512, 28, 28])
2026-02-13 04:08:48,077 - INFO - Applying perturbation for layer: layer1.2.conv3, original output shape: torch.Size([32, 256, 56, 56]), perturbed activation shape: torch.Size([1, 256, 56, 56])
2026-02-13 04:08:48,078 - INFO - Applying perturbation for layer: layer2.3.conv3, original output shape: torch.Size([32, 512, 28, 28]), perturbed activation shape: torch.Size([1, 512, 28, 28])
2026-02-13 04:08:48,469 - INFO - ================================================================================
2026-02-13 04:08:48,469 - INFO - Target layer found: layer1.2.conv3
2026-02-13 04:08:48,473 - INFO - Captured activation for layer: layer1.2.conv3,                 activation shape: torch.Size([32, 256, 56, 56])
2026-02-13 04:08:48,476 - INFO - Captured activation for layer: layer1.2.conv3, activation shape: torch.Size([32, 256, 56, 56])
2026-02-13 04:08:48,478 - INFO - Captured activation for layer: layer1.2.conv3,                 activation shape: torch.Size([32, 256, 56, 56])
2026-02-13 04:08:48,479 - INFO - Captured activation for layer: layer1.2.conv3, activation shape: torch.Size([32, 256, 56, 56])
2026-02-13 04:08:48,481 - INFO - Captured activation for layer: layer1.2.conv3,                 activation shape: torch.Size([32, 256, 56, 56])
2026-02-13 04:08:48,482 - INFO - Captured activation for layer: layer1.2.conv3, activation shape: torch.Size([32, 256, 56, 56])
2026-02-13 04:08:48,484 - INFO - Captured activation for layer: layer1.2.conv3,                 activation shape: torch.Size([32, 256, 56, 56])
2026-02-13 04:08:48,486 - INFO - Captured activation for layer: layer1.2.conv3, activation shape: torch.Size([32, 256, 56, 56])
2026-02-13 04:08:48,488 - INFO - Captured activation for layer: layer1.2.conv3,                 activation shape: torch.Size([32, 256, 56, 56])
2026-02-13 04:08:48,490 - INFO - Captured activation for layer: layer1.2.conv3, activation shape: torch.Size([32, 256, 56, 56])
2026-02-13 04:08:48,491 - INFO - Captured activation for layer: layer1.2.conv3,                 activation shape: torch.Size([32, 256, 56, 56])
2026-02-13 04:08:48,493 - INFO - Captured activation for layer: layer1.2.conv3, activation shape: torch.Size([32, 256, 56, 56])
2026-02-13 04:08:48,494 - INFO - Captured activation for layer: layer1.2.conv3,                 activation shape: torch.Size([32, 256, 56, 56])
2026-02-13 04:08:48,505 - INFO - Captured activation for layer: layer1.2.conv3, activation shape: torch.Size([32, 256, 56, 56])
2026-02-13 04:08:48,507 - INFO - Captured activation for layer: layer1.2.conv3,                 activation shape: torch.Size([32, 256, 56, 56])
2026-02-13 04:08:48,518 - INFO - Captured activation for layer: layer1.2.conv3, activation shape: torch.Size([32, 256, 56, 56])
2026-02-13 04:08:48,520 - INFO - Captured activation for layer: layer1.2.conv3,                 activation shape: torch.Size([32, 256, 56, 56])
2026-02-13 04:08:48,531 - INFO - Captured activation for layer: layer1.2.conv3, activation shape: torch.Size([32, 256, 56, 56])
2026-02-13 04:08:48,533 - INFO - Captured activation for layer: layer1.2.conv3,                 activation shape: torch.Size([32, 256, 56, 56])
2026-02-13 04:08:48,544 - INFO - Captured activation for layer: layer1.2.conv3, activation shape: torch.Size([32, 256, 56, 56])
2026-02-13 04:08:48,546 - INFO - Captured activation for layer: layer1.2.conv3,                 activation shape: torch.Size([32, 256, 56, 56])
2026-02-13 04:08:48,557 - INFO - Captured activation for layer: layer1.2.conv3, activation shape: torch.Size([32, 256, 56, 56])
2026-02-13 04:08:48,558 - INFO - Captured activation for layer: layer1.2.conv3,                 activation shape: torch.Size([32, 256, 56, 56])
2026-02-13 04:08:48,569 - INFO - Captured activation for layer: layer1.2.conv3, activation shape: torch.Size([32, 256, 56, 56])
2026-02-13 04:08:48,570 - INFO - Captured activation for layer: layer1.2.conv3,                 activation shape: torch.Size([32, 256, 56, 56])
2026-02-13 04:08:48,581 - INFO - Captured activation for layer: layer1.2.conv3, activation shape: torch.Size([32, 256, 56, 56])
2026-02-13 04:08:48,583 - INFO - Captured activation for layer: layer1.2.conv3,                 activation shape: torch.Size([32, 256, 56, 56])
2026-02-13 04:08:48,593 - INFO - Captured activation for layer: layer1.2.conv3, activation shape: torch.Size([32, 256, 56, 56])
2026-02-13 04:08:48,595 - INFO - Captured activation for layer: layer1.2.conv3,                 activation shape: torch.Size([32, 256, 56, 56])
2026-02-13 04:08:48,606 - INFO - Captured activation for layer: layer1.2.conv3, activation shape: torch.Size([32, 256, 56, 56])
2026-02-13 04:08:48,607 - INFO - Captured activation for layer: layer1.2.conv3,                 activation shape: torch.Size([32, 256, 56, 56])
2026-02-13 04:08:48,618 - INFO - Captured activation for layer: layer1.2.conv3, activation shape: torch.Size([32, 256, 56, 56])
2026-02-13 04:08:48,619 - INFO - Captured activation for layer: layer1.2.conv3,                 activation shape: torch.Size([32, 256, 56, 56])
2026-02-13 04:08:48,630 - INFO - Captured activation for layer: layer1.2.conv3, activation shape: torch.Size([32, 256, 56, 56])
2026-02-13 04:08:48,632 - INFO - Captured activation for layer: layer1.2.conv3,                 activation shape: torch.Size([32, 256, 56, 56])
2026-02-13 04:08:48,642 - INFO - Captured activation for layer: layer1.2.conv3, activation shape: torch.Size([32, 256, 56, 56])
2026-02-13 04:08:48,644 - INFO - Captured activation for layer: layer1.2.conv3,                 activation shape: torch.Size([32, 256, 56, 56])
2026-02-13 04:08:48,655 - INFO - Captured activation for layer: layer1.2.conv3, activation shape: torch.Size([32, 256, 56, 56])
2026-02-13 04:08:48,656 - INFO - Captured activation for layer: layer1.2.conv3,                 activation shape: torch.Size([32, 256, 56, 56])
2026-02-13 04:08:48,667 - INFO - Captured activation for layer: layer1.2.conv3, activation shape: torch.Size([32, 256, 56, 56])
2026-02-13 04:08:48,668 - INFO - Captured activation for layer: layer1.2.conv3,                 activation shape: torch.Size([32, 256, 56, 56])
2026-02-13 04:08:48,679 - INFO - Captured activation for layer: layer1.2.conv3, activation shape: torch.Size([32, 256, 56, 56])
2026-02-13 04:08:48,681 - INFO - Captured activation for layer: layer1.2.conv3,                 activation shape: torch.Size([32, 256, 56, 56])
2026-02-13 04:08:48,691 - INFO - Captured activation for layer: layer1.2.conv3, activation shape: torch.Size([32, 256, 56, 56])
2026-02-13 04:08:48,693 - INFO - Captured activation for layer: layer1.2.conv3,                 activation shape: torch.Size([32, 256, 56, 56])
2026-02-13 04:08:48,704 - INFO - Captured activation for layer: layer1.2.conv3, activation shape: torch.Size([32, 256, 56, 56])
2026-02-13 04:08:48,705 - INFO - Captured activation for layer: layer1.2.conv3,                 activation shape: torch.Size([32, 256, 56, 56])
2026-02-13 04:08:48,716 - INFO - Captured activation for layer: layer1.2.conv3, activation shape: torch.Size([32, 256, 56, 56])
2026-02-13 04:08:48,718 - INFO - Captured activation for layer: layer1.2.conv3,                 activation shape: torch.Size([32, 256, 56, 56])
2026-02-13 04:08:48,728 - INFO - Captured activation for layer: layer1.2.conv3, activation shape: torch.Size([32, 256, 56, 56])
2026-02-13 04:08:48,730 - INFO - Captured activation for layer: layer1.2.conv3,                 activation shape: torch.Size([32, 256, 56, 56])
2026-02-13 04:08:48,740 - INFO - Captured activation for layer: layer1.2.conv3, activation shape: torch.Size([32, 256, 56, 56])
2026-02-13 04:08:48,742 - INFO - Captured activation for layer: layer1.2.conv3,                 activation shape: torch.Size([32, 256, 56, 56])
2026-02-13 04:08:48,753 - INFO - Captured activation for layer: layer1.2.conv3, activation shape: torch.Size([32, 256, 56, 56])
2026-02-13 04:08:48,754 - INFO - Captured activation for layer: layer1.2.conv3,                 activation shape: torch.Size([32, 256, 56, 56])
2026-02-13 04:08:48,765 - INFO - Captured activation for layer: layer1.2.conv3, activation shape: torch.Size([32, 256, 56, 56])
2026-02-13 04:08:48,767 - INFO - Captured activation for layer: layer1.2.conv3,                 activation shape: torch.Size([32, 256, 56, 56])
2026-02-13 04:08:48,777 - INFO - Captured activation for layer: layer1.2.conv3, activation shape: torch.Size([32, 256, 56, 56])
2026-02-13 04:08:48,779 - INFO - Captured activation for layer: layer1.2.conv3,                 activation shape: torch.Size([32, 256, 56, 56])
2026-02-13 04:08:48,790 - INFO - Captured activation for layer: layer1.2.conv3, activation shape: torch.Size([32, 256, 56, 56])
2026-02-13 04:08:48,791 - INFO - Captured activation for layer: layer1.2.conv3,                 activation shape: torch.Size([32, 256, 56, 56])
2026-02-13 04:08:48,802 - INFO - Captured activation for layer: layer1.2.conv3, activation shape: torch.Size([32, 256, 56, 56])
2026-02-13 04:08:48,803 - INFO - Captured activation for layer: layer1.2.conv3,                 activation shape: torch.Size([32, 256, 56, 56])
2026-02-13 04:08:48,814 - INFO - Captured activation for layer: layer1.2.conv3, activation shape: torch.Size([32, 256, 56, 56])
2026-02-13 04:08:48,816 - INFO - Captured activation for layer: layer1.2.conv3,                 activation shape: torch.Size([32, 256, 56, 56])
2026-02-13 04:08:48,826 - INFO - Captured activation for layer: layer1.2.conv3, activation shape: torch.Size([32, 256, 56, 56])
2026-02-13 04:08:48,828 - INFO - Captured activation for layer: layer1.2.conv3,                 activation shape: torch.Size([32, 256, 56, 56])
2026-02-13 04:08:48,839 - INFO - Captured activation for layer: layer1.2.conv3, activation shape: torch.Size([32, 256, 56, 56])
2026-02-13 04:08:48,840 - INFO - Captured activation for layer: layer1.2.conv3,                 activation shape: torch.Size([32, 256, 56, 56])
2026-02-13 04:08:48,851 - INFO - Captured activation for layer: layer1.2.conv3, activation shape: torch.Size([32, 256, 56, 56])
2026-02-13 04:08:48,852 - INFO - Captured activation for layer: layer1.2.conv3,                 activation shape: torch.Size([32, 256, 56, 56])
2026-02-13 04:08:48,863 - INFO - Captured activation for layer: layer1.2.conv3, activation shape: torch.Size([32, 256, 56, 56])
2026-02-13 04:08:48,865 - INFO - Captured activation for layer: layer1.2.conv3,                 activation shape: torch.Size([32, 256, 56, 56])
2026-02-13 04:08:48,875 - INFO - Captured activation for layer: layer1.2.conv3, activation shape: torch.Size([32, 256, 56, 56])
2026-02-13 04:08:48,877 - INFO - Captured activation for layer: layer1.2.conv3,                 activation shape: torch.Size([32, 256, 56, 56])
2026-02-13 04:08:48,888 - INFO - Captured activation for layer: layer1.2.conv3, activation shape: torch.Size([32, 256, 56, 56])
2026-02-13 04:08:48,889 - INFO - Captured activation for layer: layer1.2.conv3,                 activation shape: torch.Size([32, 256, 56, 56])
2026-02-13 04:08:48,900 - INFO - Captured activation for layer: layer1.2.conv3, activation shape: torch.Size([32, 256, 56, 56])
2026-02-13 04:08:48,901 - INFO - Captured activation for layer: layer1.2.conv3,                 activation shape: torch.Size([32, 256, 56, 56])
2026-02-13 04:08:48,912 - INFO - Captured activation for layer: layer1.2.conv3, activation shape: torch.Size([32, 256, 56, 56])
2026-02-13 04:08:48,914 - INFO - Captured activation for layer: layer1.2.conv3,                 activation shape: torch.Size([32, 256, 56, 56])
2026-02-13 04:08:48,924 - INFO - Captured activation for layer: layer1.2.conv3, activation shape: torch.Size([32, 256, 56, 56])
2026-02-13 04:08:48,926 - INFO - Captured activation for layer: layer1.2.conv3,                 activation shape: torch.Size([32, 256, 56, 56])
2026-02-13 04:08:48,937 - INFO - Captured activation for layer: layer1.2.conv3, activation shape: torch.Size([32, 256, 56, 56])
2026-02-13 04:08:48,938 - INFO - Captured activation for layer: layer1.2.conv3,                 activation shape: torch.Size([32, 256, 56, 56])
2026-02-13 04:08:48,949 - INFO - Captured activation for layer: layer1.2.conv3, activation shape: torch.Size([32, 256, 56, 56])
2026-02-13 04:08:48,950 - INFO - Captured activation for layer: layer1.2.conv3,                 activation shape: torch.Size([32, 256, 56, 56])
2026-02-13 04:08:48,961 - INFO - Captured activation for layer: layer1.2.conv3, activation shape: torch.Size([32, 256, 56, 56])
2026-02-13 04:08:48,963 - INFO - Captured activation for layer: layer1.2.conv3,                 activation shape: torch.Size([32, 256, 56, 56])
2026-02-13 04:08:48,973 - INFO - Captured activation for layer: layer1.2.conv3, activation shape: torch.Size([32, 256, 56, 56])
2026-02-13 04:08:48,975 - INFO - Captured activation for layer: layer1.2.conv3,                 activation shape: torch.Size([32, 256, 56, 56])
2026-02-13 04:08:48,986 - INFO - Captured activation for layer: layer1.2.conv3, activation shape: torch.Size([32, 256, 56, 56])
2026-02-13 04:08:48,987 - INFO - Captured activation for layer: layer1.2.conv3,                 activation shape: torch.Size([32, 256, 56, 56])
2026-02-13 04:08:48,998 - INFO - Captured activation for layer: layer1.2.conv3, activation shape: torch.Size([32, 256, 56, 56])
2026-02-13 04:08:49,000 - INFO - Captured activation for layer: layer1.2.conv3,                 activation shape: torch.Size([32, 256, 56, 56])
2026-02-13 04:08:49,010 - INFO - Captured activation for layer: layer1.2.conv3, activation shape: torch.Size([32, 256, 56, 56])
2026-02-13 04:08:49,012 - INFO - Captured activation for layer: layer1.2.conv3,                 activation shape: torch.Size([32, 256, 56, 56])
2026-02-13 04:08:49,023 - INFO - Captured activation for layer: layer1.2.conv3, activation shape: torch.Size([32, 256, 56, 56])
2026-02-13 04:08:49,024 - INFO - Captured activation for layer: layer1.2.conv3,                 activation shape: torch.Size([32, 256, 56, 56])
2026-02-13 04:08:49,035 - INFO - Captured activation for layer: layer1.2.conv3, activation shape: torch.Size([32, 256, 56, 56])
2026-02-13 04:08:49,036 - INFO - Captured activation for layer: layer1.2.conv3,                 activation shape: torch.Size([32, 256, 56, 56])
2026-02-13 04:08:49,047 - INFO - Captured activation for layer: layer1.2.conv3, activation shape: torch.Size([32, 256, 56, 56])
2026-02-13 04:08:49,049 - INFO - Captured activation for layer: layer1.2.conv3,                 activation shape: torch.Size([32, 256, 56, 56])
2026-02-13 04:08:49,059 - INFO - Captured activation for layer: layer1.2.conv3, activation shape: torch.Size([32, 256, 56, 56])
2026-02-13 04:08:49,061 - INFO - Captured activation for layer: layer1.2.conv3,                 activation shape: torch.Size([32, 256, 56, 56])
2026-02-13 04:08:49,071 - INFO - Captured activation for layer: layer1.2.conv3, activation shape: torch.Size([32, 256, 56, 56])
2026-02-13 04:08:49,073 - INFO - Captured activation for layer: layer1.2.conv3,                 activation shape: torch.Size([32, 256, 56, 56])
2026-02-13 04:08:49,084 - INFO - Captured activation for layer: layer1.2.conv3, activation shape: torch.Size([32, 256, 56, 56])
2026-02-13 04:08:49,085 - INFO - Captured activation for layer: layer1.2.conv3,                 activation shape: torch.Size([32, 256, 56, 56])
2026-02-13 04:08:49,096 - INFO - Captured activation for layer: layer1.2.conv3, activation shape: torch.Size([32, 256, 56, 56])
2026-02-13 04:08:49,098 - INFO - Captured activation for layer: layer1.2.conv3,                 activation shape: torch.Size([32, 256, 56, 56])
2026-02-13 04:08:49,108 - INFO - Captured activation for layer: layer1.2.conv3, activation shape: torch.Size([32, 256, 56, 56])
2026-02-13 04:08:49,110 - INFO - Captured activation for layer: layer1.2.conv3,                 activation shape: torch.Size([32, 256, 56, 56])
2026-02-13 04:08:49,120 - INFO - Captured activation for layer: layer1.2.conv3, activation shape: torch.Size([32, 256, 56, 56])
2026-02-13 04:08:49,122 - INFO - Captured activation for layer: layer1.2.conv3,                 activation shape: torch.Size([32, 256, 56, 56])
2026-02-13 04:08:49,133 - INFO - Captured activation for layer: layer1.2.conv3, activation shape: torch.Size([32, 256, 56, 56])
2026-02-13 04:08:49,134 - INFO - Captured activation for layer: layer1.2.conv3,                 activation shape: torch.Size([32, 256, 56, 56])
2026-02-13 04:08:49,145 - INFO - Captured activation for layer: layer1.2.conv3, activation shape: torch.Size([32, 256, 56, 56])
2026-02-13 04:08:49,146 - INFO - Captured activation for layer: layer1.2.conv3,                 activation shape: torch.Size([32, 256, 56, 56])
2026-02-13 04:08:49,157 - INFO - Captured activation for layer: layer1.2.conv3, activation shape: torch.Size([32, 256, 56, 56])
2026-02-13 04:08:49,159 - INFO - Captured activation for layer: layer1.2.conv3,                 activation shape: torch.Size([32, 256, 56, 56])
2026-02-13 04:08:49,169 - INFO - Captured activation for layer: layer1.2.conv3, activation shape: torch.Size([32, 256, 56, 56])
2026-02-13 04:08:49,171 - INFO - Captured activation for layer: layer1.2.conv3,                 activation shape: torch.Size([32, 256, 56, 56])
2026-02-13 04:08:49,182 - INFO - Captured activation for layer: layer1.2.conv3, activation shape: torch.Size([32, 256, 56, 56])
2026-02-13 04:08:49,183 - INFO - Captured activation for layer: layer1.2.conv3,                 activation shape: torch.Size([32, 256, 56, 56])
2026-02-13 04:08:49,194 - INFO - Captured activation for layer: layer1.2.conv3, activation shape: torch.Size([32, 256, 56, 56])
2026-02-13 04:08:49,195 - INFO - Captured activation for layer: layer1.2.conv3,                 activation shape: torch.Size([32, 256, 56, 56])
2026-02-13 04:08:49,206 - INFO - Captured activation for layer: layer1.2.conv3, activation shape: torch.Size([32, 256, 56, 56])
2026-02-13 04:08:49,208 - INFO - Captured activation for layer: layer1.2.conv3,                 activation shape: torch.Size([32, 256, 56, 56])
2026-02-13 04:08:49,218 - INFO - Captured activation for layer: layer1.2.conv3, activation shape: torch.Size([32, 256, 56, 56])
2026-02-13 04:08:49,220 - INFO - Captured activation for layer: layer1.2.conv3,                 activation shape: torch.Size([32, 256, 56, 56])
2026-02-13 04:08:49,230 - INFO - Captured activation for layer: layer1.2.conv3, activation shape: torch.Size([32, 256, 56, 56])
2026-02-13 04:08:49,231 - INFO - Stacked activations shape for layer layer1.2.conv3: torch.Size([2112, 256, 56, 56])
2026-02-13 04:08:49,231 - INFO - Using mean replacement for perturbation.
2026-02-13 04:08:49,315 - INFO - Perturbed activation  values: tensor([ 0.0009,  0.0006,  0.0007,  ..., -0.0492, -0.0618, -0.0729],
       device='cuda:0')
2026-02-13 04:08:49,325 - INFO - Standard deviation of activations for layer layer1.2.conv3: 0.0219
2026-02-13 04:08:49,325 - INFO - Checking normality of activations for layer layer1.2.conv3 using Shapiro-Wilk test.
2026-02-13 04:09:43,916 - INFO - Shapiro-Wilk test: statistic=0.8708, p-value=1.2733e-53
2026-02-13 04:09:43,916 - INFO - Normally distributed: False
2026-02-13 04:09:43,917 - INFO - Perturbed activation shape: torch.Size([1, 256, 56, 56]), Std activation shape: torch.Size([1, 256, 56, 56])
2026-02-13 04:09:43,927 - INFO - Std activation sample values: tensor([0.0040, 0.0022, 0.0023, 0.0025, 0.0024], device='cuda:0')
2026-02-13 04:09:43,943 - INFO - Target layer found: layer3.0.conv1
2026-02-13 04:09:43,945 - INFO - Captured activation for layer: layer3.0.conv1,                 activation shape: torch.Size([32, 256, 28, 28])
2026-02-13 04:09:43,946 - INFO - Captured activation for layer: layer3.0.conv1, activation shape: torch.Size([32, 256, 28, 28])
2026-02-13 04:09:43,948 - INFO - Captured activation for layer: layer3.0.conv1,                 activation shape: torch.Size([32, 256, 28, 28])
2026-02-13 04:09:43,949 - INFO - Captured activation for layer: layer3.0.conv1, activation shape: torch.Size([32, 256, 28, 28])
2026-02-13 04:09:43,950 - INFO - Captured activation for layer: layer3.0.conv1,                 activation shape: torch.Size([32, 256, 28, 28])
2026-02-13 04:09:43,951 - INFO - Captured activation for layer: layer3.0.conv1, activation shape: torch.Size([32, 256, 28, 28])
2026-02-13 04:09:43,953 - INFO - Captured activation for layer: layer3.0.conv1,                 activation shape: torch.Size([32, 256, 28, 28])
2026-02-13 04:09:43,954 - INFO - Captured activation for layer: layer3.0.conv1, activation shape: torch.Size([32, 256, 28, 28])
2026-02-13 04:09:43,955 - INFO - Captured activation for layer: layer3.0.conv1,                 activation shape: torch.Size([32, 256, 28, 28])
2026-02-13 04:09:43,956 - INFO - Captured activation for layer: layer3.0.conv1, activation shape: torch.Size([32, 256, 28, 28])
2026-02-13 04:09:43,957 - INFO - Captured activation for layer: layer3.0.conv1,                 activation shape: torch.Size([32, 256, 28, 28])
2026-02-13 04:09:43,963 - INFO - Captured activation for layer: layer3.0.conv1, activation shape: torch.Size([32, 256, 28, 28])
2026-02-13 04:09:43,966 - INFO - Captured activation for layer: layer3.0.conv1,                 activation shape: torch.Size([32, 256, 28, 28])
2026-02-13 04:09:43,975 - INFO - Captured activation for layer: layer3.0.conv1, activation shape: torch.Size([32, 256, 28, 28])
2026-02-13 04:09:43,978 - INFO - Captured activation for layer: layer3.0.conv1,                 activation shape: torch.Size([32, 256, 28, 28])
2026-02-13 04:09:43,987 - INFO - Captured activation for layer: layer3.0.conv1, activation shape: torch.Size([32, 256, 28, 28])
2026-02-13 04:09:43,990 - INFO - Captured activation for layer: layer3.0.conv1,                 activation shape: torch.Size([32, 256, 28, 28])
2026-02-13 04:09:43,999 - INFO - Captured activation for layer: layer3.0.conv1, activation shape: torch.Size([32, 256, 28, 28])
2026-02-13 04:09:44,002 - INFO - Captured activation for layer: layer3.0.conv1,                 activation shape: torch.Size([32, 256, 28, 28])
2026-02-13 04:09:44,011 - INFO - Captured activation for layer: layer3.0.conv1, activation shape: torch.Size([32, 256, 28, 28])
2026-02-13 04:09:44,014 - INFO - Captured activation for layer: layer3.0.conv1,                 activation shape: torch.Size([32, 256, 28, 28])
2026-02-13 04:09:44,023 - INFO - Captured activation for layer: layer3.0.conv1, activation shape: torch.Size([32, 256, 28, 28])
2026-02-13 04:09:44,026 - INFO - Captured activation for layer: layer3.0.conv1,                 activation shape: torch.Size([32, 256, 28, 28])
2026-02-13 04:09:44,035 - INFO - Captured activation for layer: layer3.0.conv1, activation shape: torch.Size([32, 256, 28, 28])
2026-02-13 04:09:44,038 - INFO - Captured activation for layer: layer3.0.conv1,                 activation shape: torch.Size([32, 256, 28, 28])
2026-02-13 04:09:44,046 - INFO - Captured activation for layer: layer3.0.conv1, activation shape: torch.Size([32, 256, 28, 28])
2026-02-13 04:09:44,049 - INFO - Captured activation for layer: layer3.0.conv1,                 activation shape: torch.Size([32, 256, 28, 28])
2026-02-13 04:09:44,058 - INFO - Captured activation for layer: layer3.0.conv1, activation shape: torch.Size([32, 256, 28, 28])
2026-02-13 04:09:44,061 - INFO - Captured activation for layer: layer3.0.conv1,                 activation shape: torch.Size([32, 256, 28, 28])
2026-02-13 04:09:44,070 - INFO - Captured activation for layer: layer3.0.conv1, activation shape: torch.Size([32, 256, 28, 28])
2026-02-13 04:09:44,073 - INFO - Captured activation for layer: layer3.0.conv1,                 activation shape: torch.Size([32, 256, 28, 28])
2026-02-13 04:09:44,082 - INFO - Captured activation for layer: layer3.0.conv1, activation shape: torch.Size([32, 256, 28, 28])
2026-02-13 04:09:44,085 - INFO - Captured activation for layer: layer3.0.conv1,                 activation shape: torch.Size([32, 256, 28, 28])
2026-02-13 04:09:44,094 - INFO - Captured activation for layer: layer3.0.conv1, activation shape: torch.Size([32, 256, 28, 28])
2026-02-13 04:09:44,097 - INFO - Captured activation for layer: layer3.0.conv1,                 activation shape: torch.Size([32, 256, 28, 28])
2026-02-13 04:09:44,106 - INFO - Captured activation for layer: layer3.0.conv1, activation shape: torch.Size([32, 256, 28, 28])
2026-02-13 04:09:44,109 - INFO - Captured activation for layer: layer3.0.conv1,                 activation shape: torch.Size([32, 256, 28, 28])
2026-02-13 04:09:44,118 - INFO - Captured activation for layer: layer3.0.conv1, activation shape: torch.Size([32, 256, 28, 28])
2026-02-13 04:09:44,121 - INFO - Captured activation for layer: layer3.0.conv1,                 activation shape: torch.Size([32, 256, 28, 28])
2026-02-13 04:09:44,130 - INFO - Captured activation for layer: layer3.0.conv1, activation shape: torch.Size([32, 256, 28, 28])
2026-02-13 04:09:44,133 - INFO - Captured activation for layer: layer3.0.conv1,                 activation shape: torch.Size([32, 256, 28, 28])
2026-02-13 04:09:44,142 - INFO - Captured activation for layer: layer3.0.conv1, activation shape: torch.Size([32, 256, 28, 28])
2026-02-13 04:09:44,145 - INFO - Captured activation for layer: layer3.0.conv1,                 activation shape: torch.Size([32, 256, 28, 28])
2026-02-13 04:09:44,154 - INFO - Captured activation for layer: layer3.0.conv1, activation shape: torch.Size([32, 256, 28, 28])
2026-02-13 04:09:44,157 - INFO - Captured activation for layer: layer3.0.conv1,                 activation shape: torch.Size([32, 256, 28, 28])
2026-02-13 04:09:44,166 - INFO - Captured activation for layer: layer3.0.conv1, activation shape: torch.Size([32, 256, 28, 28])
2026-02-13 04:09:44,169 - INFO - Captured activation for layer: layer3.0.conv1,                 activation shape: torch.Size([32, 256, 28, 28])
2026-02-13 04:09:44,178 - INFO - Captured activation for layer: layer3.0.conv1, activation shape: torch.Size([32, 256, 28, 28])
2026-02-13 04:09:44,181 - INFO - Captured activation for layer: layer3.0.conv1,                 activation shape: torch.Size([32, 256, 28, 28])
2026-02-13 04:09:44,190 - INFO - Captured activation for layer: layer3.0.conv1, activation shape: torch.Size([32, 256, 28, 28])
2026-02-13 04:09:44,193 - INFO - Captured activation for layer: layer3.0.conv1,                 activation shape: torch.Size([32, 256, 28, 28])
2026-02-13 04:09:44,202 - INFO - Captured activation for layer: layer3.0.conv1, activation shape: torch.Size([32, 256, 28, 28])
2026-02-13 04:09:44,205 - INFO - Captured activation for layer: layer3.0.conv1,                 activation shape: torch.Size([32, 256, 28, 28])
2026-02-13 04:09:44,214 - INFO - Captured activation for layer: layer3.0.conv1, activation shape: torch.Size([32, 256, 28, 28])
2026-02-13 04:09:44,217 - INFO - Captured activation for layer: layer3.0.conv1,                 activation shape: torch.Size([32, 256, 28, 28])
2026-02-13 04:09:44,226 - INFO - Captured activation for layer: layer3.0.conv1, activation shape: torch.Size([32, 256, 28, 28])
2026-02-13 04:09:44,229 - INFO - Captured activation for layer: layer3.0.conv1,                 activation shape: torch.Size([32, 256, 28, 28])
2026-02-13 04:09:44,238 - INFO - Captured activation for layer: layer3.0.conv1, activation shape: torch.Size([32, 256, 28, 28])
2026-02-13 04:09:44,241 - INFO - Captured activation for layer: layer3.0.conv1,                 activation shape: torch.Size([32, 256, 28, 28])
2026-02-13 04:09:44,250 - INFO - Captured activation for layer: layer3.0.conv1, activation shape: torch.Size([32, 256, 28, 28])
2026-02-13 04:09:44,253 - INFO - Captured activation for layer: layer3.0.conv1,                 activation shape: torch.Size([32, 256, 28, 28])
2026-02-13 04:09:44,262 - INFO - Captured activation for layer: layer3.0.conv1, activation shape: torch.Size([32, 256, 28, 28])
2026-02-13 04:09:44,265 - INFO - Captured activation for layer: layer3.0.conv1,                 activation shape: torch.Size([32, 256, 28, 28])
2026-02-13 04:09:44,274 - INFO - Captured activation for layer: layer3.0.conv1, activation shape: torch.Size([32, 256, 28, 28])
2026-02-13 04:09:44,277 - INFO - Captured activation for layer: layer3.0.conv1,                 activation shape: torch.Size([32, 256, 28, 28])
2026-02-13 04:09:44,286 - INFO - Captured activation for layer: layer3.0.conv1, activation shape: torch.Size([32, 256, 28, 28])
2026-02-13 04:09:44,289 - INFO - Captured activation for layer: layer3.0.conv1,                 activation shape: torch.Size([32, 256, 28, 28])
2026-02-13 04:09:44,298 - INFO - Captured activation for layer: layer3.0.conv1, activation shape: torch.Size([32, 256, 28, 28])
2026-02-13 04:09:44,301 - INFO - Captured activation for layer: layer3.0.conv1,                 activation shape: torch.Size([32, 256, 28, 28])
2026-02-13 04:09:44,310 - INFO - Captured activation for layer: layer3.0.conv1, activation shape: torch.Size([32, 256, 28, 28])
2026-02-13 04:09:44,313 - INFO - Captured activation for layer: layer3.0.conv1,                 activation shape: torch.Size([32, 256, 28, 28])
2026-02-13 04:09:44,321 - INFO - Captured activation for layer: layer3.0.conv1, activation shape: torch.Size([32, 256, 28, 28])
2026-02-13 04:09:44,325 - INFO - Captured activation for layer: layer3.0.conv1,                 activation shape: torch.Size([32, 256, 28, 28])
2026-02-13 04:09:44,333 - INFO - Captured activation for layer: layer3.0.conv1, activation shape: torch.Size([32, 256, 28, 28])
2026-02-13 04:09:44,336 - INFO - Captured activation for layer: layer3.0.conv1,                 activation shape: torch.Size([32, 256, 28, 28])
2026-02-13 04:09:44,345 - INFO - Captured activation for layer: layer3.0.conv1, activation shape: torch.Size([32, 256, 28, 28])
2026-02-13 04:09:44,348 - INFO - Captured activation for layer: layer3.0.conv1,                 activation shape: torch.Size([32, 256, 28, 28])
2026-02-13 04:09:44,357 - INFO - Captured activation for layer: layer3.0.conv1, activation shape: torch.Size([32, 256, 28, 28])
2026-02-13 04:09:44,360 - INFO - Captured activation for layer: layer3.0.conv1,                 activation shape: torch.Size([32, 256, 28, 28])
2026-02-13 04:09:44,369 - INFO - Captured activation for layer: layer3.0.conv1, activation shape: torch.Size([32, 256, 28, 28])
2026-02-13 04:09:44,372 - INFO - Captured activation for layer: layer3.0.conv1,                 activation shape: torch.Size([32, 256, 28, 28])
2026-02-13 04:09:44,381 - INFO - Captured activation for layer: layer3.0.conv1, activation shape: torch.Size([32, 256, 28, 28])
2026-02-13 04:09:44,384 - INFO - Captured activation for layer: layer3.0.conv1,                 activation shape: torch.Size([32, 256, 28, 28])
2026-02-13 04:09:44,393 - INFO - Captured activation for layer: layer3.0.conv1, activation shape: torch.Size([32, 256, 28, 28])
2026-02-13 04:09:44,396 - INFO - Captured activation for layer: layer3.0.conv1,                 activation shape: torch.Size([32, 256, 28, 28])
2026-02-13 04:09:44,405 - INFO - Captured activation for layer: layer3.0.conv1, activation shape: torch.Size([32, 256, 28, 28])
2026-02-13 04:09:44,408 - INFO - Captured activation for layer: layer3.0.conv1,                 activation shape: torch.Size([32, 256, 28, 28])
2026-02-13 04:09:44,417 - INFO - Captured activation for layer: layer3.0.conv1, activation shape: torch.Size([32, 256, 28, 28])
2026-02-13 04:09:44,420 - INFO - Captured activation for layer: layer3.0.conv1,                 activation shape: torch.Size([32, 256, 28, 28])
2026-02-13 04:09:44,429 - INFO - Captured activation for layer: layer3.0.conv1, activation shape: torch.Size([32, 256, 28, 28])
2026-02-13 04:09:44,432 - INFO - Captured activation for layer: layer3.0.conv1,                 activation shape: torch.Size([32, 256, 28, 28])
2026-02-13 04:09:44,441 - INFO - Captured activation for layer: layer3.0.conv1, activation shape: torch.Size([32, 256, 28, 28])
2026-02-13 04:09:44,444 - INFO - Captured activation for layer: layer3.0.conv1,                 activation shape: torch.Size([32, 256, 28, 28])
2026-02-13 04:09:44,453 - INFO - Captured activation for layer: layer3.0.conv1, activation shape: torch.Size([32, 256, 28, 28])
2026-02-13 04:09:44,456 - INFO - Captured activation for layer: layer3.0.conv1,                 activation shape: torch.Size([32, 256, 28, 28])
2026-02-13 04:09:44,465 - INFO - Captured activation for layer: layer3.0.conv1, activation shape: torch.Size([32, 256, 28, 28])
2026-02-13 04:09:44,468 - INFO - Captured activation for layer: layer3.0.conv1,                 activation shape: torch.Size([32, 256, 28, 28])
2026-02-13 04:09:44,477 - INFO - Captured activation for layer: layer3.0.conv1, activation shape: torch.Size([32, 256, 28, 28])
2026-02-13 04:09:44,480 - INFO - Captured activation for layer: layer3.0.conv1,                 activation shape: torch.Size([32, 256, 28, 28])
2026-02-13 04:09:44,489 - INFO - Captured activation for layer: layer3.0.conv1, activation shape: torch.Size([32, 256, 28, 28])
2026-02-13 04:09:44,492 - INFO - Captured activation for layer: layer3.0.conv1,                 activation shape: torch.Size([32, 256, 28, 28])
2026-02-13 04:09:44,501 - INFO - Captured activation for layer: layer3.0.conv1, activation shape: torch.Size([32, 256, 28, 28])
2026-02-13 04:09:44,504 - INFO - Captured activation for layer: layer3.0.conv1,                 activation shape: torch.Size([32, 256, 28, 28])
2026-02-13 04:09:44,513 - INFO - Captured activation for layer: layer3.0.conv1, activation shape: torch.Size([32, 256, 28, 28])
2026-02-13 04:09:44,516 - INFO - Captured activation for layer: layer3.0.conv1,                 activation shape: torch.Size([32, 256, 28, 28])
2026-02-13 04:09:44,525 - INFO - Captured activation for layer: layer3.0.conv1, activation shape: torch.Size([32, 256, 28, 28])
2026-02-13 04:09:44,528 - INFO - Captured activation for layer: layer3.0.conv1,                 activation shape: torch.Size([32, 256, 28, 28])
2026-02-13 04:09:44,537 - INFO - Captured activation for layer: layer3.0.conv1, activation shape: torch.Size([32, 256, 28, 28])
2026-02-13 04:09:44,540 - INFO - Captured activation for layer: layer3.0.conv1,                 activation shape: torch.Size([32, 256, 28, 28])
2026-02-13 04:09:44,549 - INFO - Captured activation for layer: layer3.0.conv1, activation shape: torch.Size([32, 256, 28, 28])
2026-02-13 04:09:44,552 - INFO - Captured activation for layer: layer3.0.conv1,                 activation shape: torch.Size([32, 256, 28, 28])
2026-02-13 04:09:44,561 - INFO - Captured activation for layer: layer3.0.conv1, activation shape: torch.Size([32, 256, 28, 28])
2026-02-13 04:09:44,564 - INFO - Captured activation for layer: layer3.0.conv1,                 activation shape: torch.Size([32, 256, 28, 28])
2026-02-13 04:09:44,573 - INFO - Captured activation for layer: layer3.0.conv1, activation shape: torch.Size([32, 256, 28, 28])
2026-02-13 04:09:44,576 - INFO - Captured activation for layer: layer3.0.conv1,                 activation shape: torch.Size([32, 256, 28, 28])
2026-02-13 04:09:44,585 - INFO - Captured activation for layer: layer3.0.conv1, activation shape: torch.Size([32, 256, 28, 28])
2026-02-13 04:09:44,588 - INFO - Captured activation for layer: layer3.0.conv1,                 activation shape: torch.Size([32, 256, 28, 28])
2026-02-13 04:09:44,597 - INFO - Captured activation for layer: layer3.0.conv1, activation shape: torch.Size([32, 256, 28, 28])
2026-02-13 04:09:44,600 - INFO - Captured activation for layer: layer3.0.conv1,                 activation shape: torch.Size([32, 256, 28, 28])
2026-02-13 04:09:44,609 - INFO - Captured activation for layer: layer3.0.conv1, activation shape: torch.Size([32, 256, 28, 28])
2026-02-13 04:09:44,612 - INFO - Captured activation for layer: layer3.0.conv1,                 activation shape: torch.Size([32, 256, 28, 28])
2026-02-13 04:09:44,621 - INFO - Captured activation for layer: layer3.0.conv1, activation shape: torch.Size([32, 256, 28, 28])
2026-02-13 04:09:44,624 - INFO - Captured activation for layer: layer3.0.conv1,                 activation shape: torch.Size([32, 256, 28, 28])
2026-02-13 04:09:44,633 - INFO - Captured activation for layer: layer3.0.conv1, activation shape: torch.Size([32, 256, 28, 28])
2026-02-13 04:09:44,636 - INFO - Captured activation for layer: layer3.0.conv1,                 activation shape: torch.Size([32, 256, 28, 28])
2026-02-13 04:09:44,645 - INFO - Captured activation for layer: layer3.0.conv1, activation shape: torch.Size([32, 256, 28, 28])
2026-02-13 04:09:44,648 - INFO - Captured activation for layer: layer3.0.conv1,                 activation shape: torch.Size([32, 256, 28, 28])
2026-02-13 04:09:44,657 - INFO - Captured activation for layer: layer3.0.conv1, activation shape: torch.Size([32, 256, 28, 28])
2026-02-13 04:09:44,660 - INFO - Captured activation for layer: layer3.0.conv1,                 activation shape: torch.Size([32, 256, 28, 28])
2026-02-13 04:09:44,669 - INFO - Captured activation for layer: layer3.0.conv1, activation shape: torch.Size([32, 256, 28, 28])
2026-02-13 04:09:44,672 - INFO - Captured activation for layer: layer3.0.conv1,                 activation shape: torch.Size([32, 256, 28, 28])
2026-02-13 04:09:44,681 - INFO - Captured activation for layer: layer3.0.conv1, activation shape: torch.Size([32, 256, 28, 28])
2026-02-13 04:09:44,681 - INFO - Stacked activations shape for layer layer3.0.conv1: torch.Size([2112, 256, 28, 28])
2026-02-13 04:09:44,681 - INFO - Using mean replacement for perturbation.
2026-02-13 04:09:44,741 - INFO - Perturbed activation  values: tensor([-0.0300, -0.0391, -0.0579,  ..., -0.1143, -0.1164, -0.1262],
       device='cuda:0')
2026-02-13 04:09:44,744 - INFO - Standard deviation of activations for layer layer3.0.conv1: 0.1637
2026-02-13 04:09:44,744 - INFO - Checking normality of activations for layer layer3.0.conv1 using Shapiro-Wilk test.
2026-02-13 04:09:59,165 - INFO - Shapiro-Wilk test: statistic=0.9939, p-value=9.0039e-14
2026-02-13 04:09:59,165 - INFO - Normally distributed: False
2026-02-13 04:09:59,166 - INFO - Perturbed activation shape: torch.Size([1, 256, 28, 28]), Std activation shape: torch.Size([1, 256, 28, 28])
2026-02-13 04:09:59,169 - INFO - Std activation sample values: tensor([0.1151, 0.1471, 0.1490, 0.1494, 0.1503], device='cuda:0')
2026-02-13 04:09:59,179 - INFO - Applying perturbation for layer: layer1.2.conv3, original output shape: torch.Size([32, 256, 56, 56]), perturbed activation shape: torch.Size([1, 256, 56, 56])
2026-02-13 04:09:59,180 - INFO - Applying perturbation for layer: layer3.0.conv1, original output shape: torch.Size([32, 256, 28, 28]), perturbed activation shape: torch.Size([1, 256, 28, 28])
2026-02-13 04:09:59,185 - INFO - Applying perturbation for layer: layer1.2.conv3, original output shape: torch.Size([32, 256, 56, 56]), perturbed activation shape: torch.Size([1, 256, 56, 56])
2026-02-13 04:09:59,186 - INFO - Applying perturbation for layer: layer3.0.conv1, original output shape: torch.Size([32, 256, 28, 28]), perturbed activation shape: torch.Size([1, 256, 28, 28])
2026-02-13 04:09:59,191 - INFO - Applying perturbation for layer: layer1.2.conv3, original output shape: torch.Size([32, 256, 56, 56]), perturbed activation shape: torch.Size([1, 256, 56, 56])
2026-02-13 04:09:59,192 - INFO - Applying perturbation for layer: layer3.0.conv1, original output shape: torch.Size([32, 256, 28, 28]), perturbed activation shape: torch.Size([1, 256, 28, 28])
2026-02-13 04:09:59,208 - INFO - Applying perturbation for layer: layer1.2.conv3, original output shape: torch.Size([32, 256, 56, 56]), perturbed activation shape: torch.Size([1, 256, 56, 56])
2026-02-13 04:09:59,209 - INFO - Applying perturbation for layer: layer3.0.conv1, original output shape: torch.Size([32, 256, 28, 28]), perturbed activation shape: torch.Size([1, 256, 28, 28])
2026-02-13 04:09:59,232 - INFO - Applying perturbation for layer: layer1.2.conv3, original output shape: torch.Size([32, 256, 56, 56]), perturbed activation shape: torch.Size([1, 256, 56, 56])
2026-02-13 04:09:59,233 - INFO - Applying perturbation for layer: layer3.0.conv1, original output shape: torch.Size([32, 256, 28, 28]), perturbed activation shape: torch.Size([1, 256, 28, 28])
2026-02-13 04:09:59,256 - INFO - Applying perturbation for layer: layer1.2.conv3, original output shape: torch.Size([32, 256, 56, 56]), perturbed activation shape: torch.Size([1, 256, 56, 56])
2026-02-13 04:09:59,257 - INFO - Applying perturbation for layer: layer3.0.conv1, original output shape: torch.Size([32, 256, 28, 28]), perturbed activation shape: torch.Size([1, 256, 28, 28])
2026-02-13 04:09:59,280 - INFO - Applying perturbation for layer: layer1.2.conv3, original output shape: torch.Size([32, 256, 56, 56]), perturbed activation shape: torch.Size([1, 256, 56, 56])
2026-02-13 04:09:59,281 - INFO - Applying perturbation for layer: layer3.0.conv1, original output shape: torch.Size([32, 256, 28, 28]), perturbed activation shape: torch.Size([1, 256, 28, 28])
2026-02-13 04:09:59,304 - INFO - Applying perturbation for layer: layer1.2.conv3, original output shape: torch.Size([32, 256, 56, 56]), perturbed activation shape: torch.Size([1, 256, 56, 56])
2026-02-13 04:09:59,305 - INFO - Applying perturbation for layer: layer3.0.conv1, original output shape: torch.Size([32, 256, 28, 28]), perturbed activation shape: torch.Size([1, 256, 28, 28])
2026-02-13 04:09:59,328 - INFO - Applying perturbation for layer: layer1.2.conv3, original output shape: torch.Size([32, 256, 56, 56]), perturbed activation shape: torch.Size([1, 256, 56, 56])
2026-02-13 04:09:59,330 - INFO - Applying perturbation for layer: layer3.0.conv1, original output shape: torch.Size([32, 256, 28, 28]), perturbed activation shape: torch.Size([1, 256, 28, 28])
2026-02-13 04:09:59,353 - INFO - Applying perturbation for layer: layer1.2.conv3, original output shape: torch.Size([32, 256, 56, 56]), perturbed activation shape: torch.Size([1, 256, 56, 56])
2026-02-13 04:09:59,354 - INFO - Applying perturbation for layer: layer3.0.conv1, original output shape: torch.Size([32, 256, 28, 28]), perturbed activation shape: torch.Size([1, 256, 28, 28])
2026-02-13 04:09:59,377 - INFO - Applying perturbation for layer: layer1.2.conv3, original output shape: torch.Size([32, 256, 56, 56]), perturbed activation shape: torch.Size([1, 256, 56, 56])
2026-02-13 04:09:59,378 - INFO - Applying perturbation for layer: layer3.0.conv1, original output shape: torch.Size([32, 256, 28, 28]), perturbed activation shape: torch.Size([1, 256, 28, 28])
2026-02-13 04:09:59,401 - INFO - Applying perturbation for layer: layer1.2.conv3, original output shape: torch.Size([32, 256, 56, 56]), perturbed activation shape: torch.Size([1, 256, 56, 56])
2026-02-13 04:09:59,402 - INFO - Applying perturbation for layer: layer3.0.conv1, original output shape: torch.Size([32, 256, 28, 28]), perturbed activation shape: torch.Size([1, 256, 28, 28])
2026-02-13 04:09:59,425 - INFO - Applying perturbation for layer: layer1.2.conv3, original output shape: torch.Size([32, 256, 56, 56]), perturbed activation shape: torch.Size([1, 256, 56, 56])
2026-02-13 04:09:59,426 - INFO - Applying perturbation for layer: layer3.0.conv1, original output shape: torch.Size([32, 256, 28, 28]), perturbed activation shape: torch.Size([1, 256, 28, 28])
2026-02-13 04:09:59,449 - INFO - Applying perturbation for layer: layer1.2.conv3, original output shape: torch.Size([32, 256, 56, 56]), perturbed activation shape: torch.Size([1, 256, 56, 56])
2026-02-13 04:09:59,450 - INFO - Applying perturbation for layer: layer3.0.conv1, original output shape: torch.Size([32, 256, 28, 28]), perturbed activation shape: torch.Size([1, 256, 28, 28])
2026-02-13 04:09:59,473 - INFO - Applying perturbation for layer: layer1.2.conv3, original output shape: torch.Size([32, 256, 56, 56]), perturbed activation shape: torch.Size([1, 256, 56, 56])
2026-02-13 04:09:59,475 - INFO - Applying perturbation for layer: layer3.0.conv1, original output shape: torch.Size([32, 256, 28, 28]), perturbed activation shape: torch.Size([1, 256, 28, 28])
2026-02-13 04:09:59,497 - INFO - Applying perturbation for layer: layer1.2.conv3, original output shape: torch.Size([32, 256, 56, 56]), perturbed activation shape: torch.Size([1, 256, 56, 56])
2026-02-13 04:09:59,499 - INFO - Applying perturbation for layer: layer3.0.conv1, original output shape: torch.Size([32, 256, 28, 28]), perturbed activation shape: torch.Size([1, 256, 28, 28])
2026-02-13 04:09:59,522 - INFO - Applying perturbation for layer: layer1.2.conv3, original output shape: torch.Size([32, 256, 56, 56]), perturbed activation shape: torch.Size([1, 256, 56, 56])
2026-02-13 04:09:59,523 - INFO - Applying perturbation for layer: layer3.0.conv1, original output shape: torch.Size([32, 256, 28, 28]), perturbed activation shape: torch.Size([1, 256, 28, 28])
2026-02-13 04:09:59,546 - INFO - Applying perturbation for layer: layer1.2.conv3, original output shape: torch.Size([32, 256, 56, 56]), perturbed activation shape: torch.Size([1, 256, 56, 56])
2026-02-13 04:09:59,547 - INFO - Applying perturbation for layer: layer3.0.conv1, original output shape: torch.Size([32, 256, 28, 28]), perturbed activation shape: torch.Size([1, 256, 28, 28])
2026-02-13 04:09:59,570 - INFO - Applying perturbation for layer: layer1.2.conv3, original output shape: torch.Size([32, 256, 56, 56]), perturbed activation shape: torch.Size([1, 256, 56, 56])
2026-02-13 04:09:59,571 - INFO - Applying perturbation for layer: layer3.0.conv1, original output shape: torch.Size([32, 256, 28, 28]), perturbed activation shape: torch.Size([1, 256, 28, 28])
2026-02-13 04:09:59,594 - INFO - Applying perturbation for layer: layer1.2.conv3, original output shape: torch.Size([32, 256, 56, 56]), perturbed activation shape: torch.Size([1, 256, 56, 56])
2026-02-13 04:09:59,595 - INFO - Applying perturbation for layer: layer3.0.conv1, original output shape: torch.Size([32, 256, 28, 28]), perturbed activation shape: torch.Size([1, 256, 28, 28])
2026-02-13 04:09:59,618 - INFO - Applying perturbation for layer: layer1.2.conv3, original output shape: torch.Size([32, 256, 56, 56]), perturbed activation shape: torch.Size([1, 256, 56, 56])
2026-02-13 04:09:59,619 - INFO - Applying perturbation for layer: layer3.0.conv1, original output shape: torch.Size([32, 256, 28, 28]), perturbed activation shape: torch.Size([1, 256, 28, 28])
2026-02-13 04:09:59,642 - INFO - Applying perturbation for layer: layer1.2.conv3, original output shape: torch.Size([32, 256, 56, 56]), perturbed activation shape: torch.Size([1, 256, 56, 56])
2026-02-13 04:09:59,644 - INFO - Applying perturbation for layer: layer3.0.conv1, original output shape: torch.Size([32, 256, 28, 28]), perturbed activation shape: torch.Size([1, 256, 28, 28])
2026-02-13 04:09:59,667 - INFO - Applying perturbation for layer: layer1.2.conv3, original output shape: torch.Size([32, 256, 56, 56]), perturbed activation shape: torch.Size([1, 256, 56, 56])
2026-02-13 04:09:59,668 - INFO - Applying perturbation for layer: layer3.0.conv1, original output shape: torch.Size([32, 256, 28, 28]), perturbed activation shape: torch.Size([1, 256, 28, 28])
2026-02-13 04:09:59,691 - INFO - Applying perturbation for layer: layer1.2.conv3, original output shape: torch.Size([32, 256, 56, 56]), perturbed activation shape: torch.Size([1, 256, 56, 56])
2026-02-13 04:09:59,692 - INFO - Applying perturbation for layer: layer3.0.conv1, original output shape: torch.Size([32, 256, 28, 28]), perturbed activation shape: torch.Size([1, 256, 28, 28])
2026-02-13 04:09:59,715 - INFO - Applying perturbation for layer: layer1.2.conv3, original output shape: torch.Size([32, 256, 56, 56]), perturbed activation shape: torch.Size([1, 256, 56, 56])
2026-02-13 04:09:59,716 - INFO - Applying perturbation for layer: layer3.0.conv1, original output shape: torch.Size([32, 256, 28, 28]), perturbed activation shape: torch.Size([1, 256, 28, 28])
2026-02-13 04:09:59,739 - INFO - Applying perturbation for layer: layer1.2.conv3, original output shape: torch.Size([32, 256, 56, 56]), perturbed activation shape: torch.Size([1, 256, 56, 56])
2026-02-13 04:09:59,740 - INFO - Applying perturbation for layer: layer3.0.conv1, original output shape: torch.Size([32, 256, 28, 28]), perturbed activation shape: torch.Size([1, 256, 28, 28])
2026-02-13 04:09:59,763 - INFO - Applying perturbation for layer: layer1.2.conv3, original output shape: torch.Size([32, 256, 56, 56]), perturbed activation shape: torch.Size([1, 256, 56, 56])
2026-02-13 04:09:59,765 - INFO - Applying perturbation for layer: layer3.0.conv1, original output shape: torch.Size([32, 256, 28, 28]), perturbed activation shape: torch.Size([1, 256, 28, 28])
2026-02-13 04:09:59,787 - INFO - Applying perturbation for layer: layer1.2.conv3, original output shape: torch.Size([32, 256, 56, 56]), perturbed activation shape: torch.Size([1, 256, 56, 56])
2026-02-13 04:09:59,789 - INFO - Applying perturbation for layer: layer3.0.conv1, original output shape: torch.Size([32, 256, 28, 28]), perturbed activation shape: torch.Size([1, 256, 28, 28])
2026-02-13 04:09:59,812 - INFO - Applying perturbation for layer: layer1.2.conv3, original output shape: torch.Size([32, 256, 56, 56]), perturbed activation shape: torch.Size([1, 256, 56, 56])
2026-02-13 04:09:59,813 - INFO - Applying perturbation for layer: layer3.0.conv1, original output shape: torch.Size([32, 256, 28, 28]), perturbed activation shape: torch.Size([1, 256, 28, 28])
2026-02-13 04:09:59,836 - INFO - Applying perturbation for layer: layer1.2.conv3, original output shape: torch.Size([32, 256, 56, 56]), perturbed activation shape: torch.Size([1, 256, 56, 56])
2026-02-13 04:09:59,837 - INFO - Applying perturbation for layer: layer3.0.conv1, original output shape: torch.Size([32, 256, 28, 28]), perturbed activation shape: torch.Size([1, 256, 28, 28])
2026-02-13 04:09:59,860 - INFO - Applying perturbation for layer: layer1.2.conv3, original output shape: torch.Size([32, 256, 56, 56]), perturbed activation shape: torch.Size([1, 256, 56, 56])
2026-02-13 04:09:59,861 - INFO - Applying perturbation for layer: layer3.0.conv1, original output shape: torch.Size([32, 256, 28, 28]), perturbed activation shape: torch.Size([1, 256, 28, 28])
2026-02-13 04:09:59,884 - INFO - Applying perturbation for layer: layer1.2.conv3, original output shape: torch.Size([32, 256, 56, 56]), perturbed activation shape: torch.Size([1, 256, 56, 56])
2026-02-13 04:09:59,885 - INFO - Applying perturbation for layer: layer3.0.conv1, original output shape: torch.Size([32, 256, 28, 28]), perturbed activation shape: torch.Size([1, 256, 28, 28])
2026-02-13 04:09:59,908 - INFO - Applying perturbation for layer: layer1.2.conv3, original output shape: torch.Size([32, 256, 56, 56]), perturbed activation shape: torch.Size([1, 256, 56, 56])
2026-02-13 04:09:59,910 - INFO - Applying perturbation for layer: layer3.0.conv1, original output shape: torch.Size([32, 256, 28, 28]), perturbed activation shape: torch.Size([1, 256, 28, 28])
2026-02-13 04:09:59,932 - INFO - Applying perturbation for layer: layer1.2.conv3, original output shape: torch.Size([32, 256, 56, 56]), perturbed activation shape: torch.Size([1, 256, 56, 56])
2026-02-13 04:09:59,934 - INFO - Applying perturbation for layer: layer3.0.conv1, original output shape: torch.Size([32, 256, 28, 28]), perturbed activation shape: torch.Size([1, 256, 28, 28])
2026-02-13 04:09:59,957 - INFO - Applying perturbation for layer: layer1.2.conv3, original output shape: torch.Size([32, 256, 56, 56]), perturbed activation shape: torch.Size([1, 256, 56, 56])
2026-02-13 04:09:59,958 - INFO - Applying perturbation for layer: layer3.0.conv1, original output shape: torch.Size([32, 256, 28, 28]), perturbed activation shape: torch.Size([1, 256, 28, 28])
2026-02-13 04:09:59,981 - INFO - Applying perturbation for layer: layer1.2.conv3, original output shape: torch.Size([32, 256, 56, 56]), perturbed activation shape: torch.Size([1, 256, 56, 56])
2026-02-13 04:09:59,982 - INFO - Applying perturbation for layer: layer3.0.conv1, original output shape: torch.Size([32, 256, 28, 28]), perturbed activation shape: torch.Size([1, 256, 28, 28])
2026-02-13 04:10:00,007 - INFO - Applying perturbation for layer: layer1.2.conv3, original output shape: torch.Size([32, 256, 56, 56]), perturbed activation shape: torch.Size([1, 256, 56, 56])
2026-02-13 04:10:00,011 - INFO - Applying perturbation for layer: layer3.0.conv1, original output shape: torch.Size([32, 256, 28, 28]), perturbed activation shape: torch.Size([1, 256, 28, 28])
2026-02-13 04:10:00,061 - INFO - Applying perturbation for layer: layer1.2.conv3, original output shape: torch.Size([32, 256, 56, 56]), perturbed activation shape: torch.Size([1, 256, 56, 56])
2026-02-13 04:10:00,064 - INFO - Applying perturbation for layer: layer3.0.conv1, original output shape: torch.Size([32, 256, 28, 28]), perturbed activation shape: torch.Size([1, 256, 28, 28])
2026-02-13 04:10:00,114 - INFO - Applying perturbation for layer: layer1.2.conv3, original output shape: torch.Size([32, 256, 56, 56]), perturbed activation shape: torch.Size([1, 256, 56, 56])
2026-02-13 04:10:00,117 - INFO - Applying perturbation for layer: layer3.0.conv1, original output shape: torch.Size([32, 256, 28, 28]), perturbed activation shape: torch.Size([1, 256, 28, 28])
2026-02-13 04:10:00,167 - INFO - Applying perturbation for layer: layer1.2.conv3, original output shape: torch.Size([32, 256, 56, 56]), perturbed activation shape: torch.Size([1, 256, 56, 56])
2026-02-13 04:10:00,170 - INFO - Applying perturbation for layer: layer3.0.conv1, original output shape: torch.Size([32, 256, 28, 28]), perturbed activation shape: torch.Size([1, 256, 28, 28])
2026-02-13 04:10:00,194 - INFO - Applying perturbation for layer: layer1.2.conv3, original output shape: torch.Size([32, 256, 56, 56]), perturbed activation shape: torch.Size([1, 256, 56, 56])
2026-02-13 04:10:00,195 - INFO - Applying perturbation for layer: layer3.0.conv1, original output shape: torch.Size([32, 256, 28, 28]), perturbed activation shape: torch.Size([1, 256, 28, 28])
2026-02-13 04:10:00,227 - INFO - Applying perturbation for layer: layer1.2.conv3, original output shape: torch.Size([32, 256, 56, 56]), perturbed activation shape: torch.Size([1, 256, 56, 56])
2026-02-13 04:10:00,228 - INFO - Applying perturbation for layer: layer3.0.conv1, original output shape: torch.Size([32, 256, 28, 28]), perturbed activation shape: torch.Size([1, 256, 28, 28])
2026-02-13 04:10:00,280 - INFO - Applying perturbation for layer: layer1.2.conv3, original output shape: torch.Size([32, 256, 56, 56]), perturbed activation shape: torch.Size([1, 256, 56, 56])
2026-02-13 04:10:00,282 - INFO - Applying perturbation for layer: layer3.0.conv1, original output shape: torch.Size([32, 256, 28, 28]), perturbed activation shape: torch.Size([1, 256, 28, 28])
2026-02-13 04:10:00,333 - INFO - Applying perturbation for layer: layer1.2.conv3, original output shape: torch.Size([32, 256, 56, 56]), perturbed activation shape: torch.Size([1, 256, 56, 56])
2026-02-13 04:10:00,335 - INFO - Applying perturbation for layer: layer3.0.conv1, original output shape: torch.Size([32, 256, 28, 28]), perturbed activation shape: torch.Size([1, 256, 28, 28])
2026-02-13 04:10:00,386 - INFO - Applying perturbation for layer: layer1.2.conv3, original output shape: torch.Size([32, 256, 56, 56]), perturbed activation shape: torch.Size([1, 256, 56, 56])
2026-02-13 04:10:00,388 - INFO - Applying perturbation for layer: layer3.0.conv1, original output shape: torch.Size([32, 256, 28, 28]), perturbed activation shape: torch.Size([1, 256, 28, 28])
2026-02-13 04:10:00,440 - INFO - Applying perturbation for layer: layer1.2.conv3, original output shape: torch.Size([32, 256, 56, 56]), perturbed activation shape: torch.Size([1, 256, 56, 56])
2026-02-13 04:10:00,441 - INFO - Applying perturbation for layer: layer3.0.conv1, original output shape: torch.Size([32, 256, 28, 28]), perturbed activation shape: torch.Size([1, 256, 28, 28])
2026-02-13 04:10:00,480 - INFO - Applying perturbation for layer: layer1.2.conv3, original output shape: torch.Size([32, 256, 56, 56]), perturbed activation shape: torch.Size([1, 256, 56, 56])
2026-02-13 04:10:00,493 - INFO - Applying perturbation for layer: layer3.0.conv1, original output shape: torch.Size([32, 256, 28, 28]), perturbed activation shape: torch.Size([1, 256, 28, 28])
2026-02-13 04:10:00,518 - INFO - Applying perturbation for layer: layer1.2.conv3, original output shape: torch.Size([32, 256, 56, 56]), perturbed activation shape: torch.Size([1, 256, 56, 56])
2026-02-13 04:10:00,521 - INFO - Applying perturbation for layer: layer3.0.conv1, original output shape: torch.Size([32, 256, 28, 28]), perturbed activation shape: torch.Size([1, 256, 28, 28])
2026-02-13 04:10:00,568 - INFO - Applying perturbation for layer: layer1.2.conv3, original output shape: torch.Size([32, 256, 56, 56]), perturbed activation shape: torch.Size([1, 256, 56, 56])
2026-02-13 04:10:00,569 - INFO - Applying perturbation for layer: layer3.0.conv1, original output shape: torch.Size([32, 256, 28, 28]), perturbed activation shape: torch.Size([1, 256, 28, 28])
2026-02-13 04:10:00,592 - INFO - Applying perturbation for layer: layer1.2.conv3, original output shape: torch.Size([32, 256, 56, 56]), perturbed activation shape: torch.Size([1, 256, 56, 56])
2026-02-13 04:10:00,594 - INFO - Applying perturbation for layer: layer3.0.conv1, original output shape: torch.Size([32, 256, 28, 28]), perturbed activation shape: torch.Size([1, 256, 28, 28])
2026-02-13 04:10:00,617 - INFO - Applying perturbation for layer: layer1.2.conv3, original output shape: torch.Size([32, 256, 56, 56]), perturbed activation shape: torch.Size([1, 256, 56, 56])
2026-02-13 04:10:00,618 - INFO - Applying perturbation for layer: layer3.0.conv1, original output shape: torch.Size([32, 256, 28, 28]), perturbed activation shape: torch.Size([1, 256, 28, 28])
2026-02-13 04:10:00,642 - INFO - Applying perturbation for layer: layer1.2.conv3, original output shape: torch.Size([32, 256, 56, 56]), perturbed activation shape: torch.Size([1, 256, 56, 56])
2026-02-13 04:10:00,643 - INFO - Applying perturbation for layer: layer3.0.conv1, original output shape: torch.Size([32, 256, 28, 28]), perturbed activation shape: torch.Size([1, 256, 28, 28])
2026-02-13 04:10:00,666 - INFO - Applying perturbation for layer: layer1.2.conv3, original output shape: torch.Size([32, 256, 56, 56]), perturbed activation shape: torch.Size([1, 256, 56, 56])
2026-02-13 04:10:00,668 - INFO - Applying perturbation for layer: layer3.0.conv1, original output shape: torch.Size([32, 256, 28, 28]), perturbed activation shape: torch.Size([1, 256, 28, 28])
2026-02-13 04:10:00,691 - INFO - Applying perturbation for layer: layer1.2.conv3, original output shape: torch.Size([32, 256, 56, 56]), perturbed activation shape: torch.Size([1, 256, 56, 56])
2026-02-13 04:10:00,692 - INFO - Applying perturbation for layer: layer3.0.conv1, original output shape: torch.Size([32, 256, 28, 28]), perturbed activation shape: torch.Size([1, 256, 28, 28])
2026-02-13 04:10:00,715 - INFO - Applying perturbation for layer: layer1.2.conv3, original output shape: torch.Size([32, 256, 56, 56]), perturbed activation shape: torch.Size([1, 256, 56, 56])
2026-02-13 04:10:00,716 - INFO - Applying perturbation for layer: layer3.0.conv1, original output shape: torch.Size([32, 256, 28, 28]), perturbed activation shape: torch.Size([1, 256, 28, 28])
2026-02-13 04:10:00,739 - INFO - Applying perturbation for layer: layer1.2.conv3, original output shape: torch.Size([32, 256, 56, 56]), perturbed activation shape: torch.Size([1, 256, 56, 56])
2026-02-13 04:10:00,740 - INFO - Applying perturbation for layer: layer3.0.conv1, original output shape: torch.Size([32, 256, 28, 28]), perturbed activation shape: torch.Size([1, 256, 28, 28])
2026-02-13 04:10:00,763 - INFO - Applying perturbation for layer: layer1.2.conv3, original output shape: torch.Size([32, 256, 56, 56]), perturbed activation shape: torch.Size([1, 256, 56, 56])
2026-02-13 04:10:00,764 - INFO - Applying perturbation for layer: layer3.0.conv1, original output shape: torch.Size([32, 256, 28, 28]), perturbed activation shape: torch.Size([1, 256, 28, 28])
2026-02-13 04:10:00,787 - INFO - Applying perturbation for layer: layer1.2.conv3, original output shape: torch.Size([32, 256, 56, 56]), perturbed activation shape: torch.Size([1, 256, 56, 56])
2026-02-13 04:10:00,789 - INFO - Applying perturbation for layer: layer3.0.conv1, original output shape: torch.Size([32, 256, 28, 28]), perturbed activation shape: torch.Size([1, 256, 28, 28])
2026-02-13 04:10:00,812 - INFO - Applying perturbation for layer: layer1.2.conv3, original output shape: torch.Size([32, 256, 56, 56]), perturbed activation shape: torch.Size([1, 256, 56, 56])
2026-02-13 04:10:00,813 - INFO - Applying perturbation for layer: layer3.0.conv1, original output shape: torch.Size([32, 256, 28, 28]), perturbed activation shape: torch.Size([1, 256, 28, 28])
2026-02-13 04:10:00,836 - INFO - Applying perturbation for layer: layer1.2.conv3, original output shape: torch.Size([32, 256, 56, 56]), perturbed activation shape: torch.Size([1, 256, 56, 56])
2026-02-13 04:10:00,837 - INFO - Applying perturbation for layer: layer3.0.conv1, original output shape: torch.Size([32, 256, 28, 28]), perturbed activation shape: torch.Size([1, 256, 28, 28])
2026-02-13 04:10:00,860 - INFO - Applying perturbation for layer: layer1.2.conv3, original output shape: torch.Size([32, 256, 56, 56]), perturbed activation shape: torch.Size([1, 256, 56, 56])
2026-02-13 04:10:00,861 - INFO - Applying perturbation for layer: layer3.0.conv1, original output shape: torch.Size([32, 256, 28, 28]), perturbed activation shape: torch.Size([1, 256, 28, 28])
2026-02-13 04:10:00,884 - INFO - Applying perturbation for layer: layer1.2.conv3, original output shape: torch.Size([32, 256, 56, 56]), perturbed activation shape: torch.Size([1, 256, 56, 56])
2026-02-13 04:10:00,885 - INFO - Applying perturbation for layer: layer3.0.conv1, original output shape: torch.Size([32, 256, 28, 28]), perturbed activation shape: torch.Size([1, 256, 28, 28])
2026-02-13 04:10:00,908 - INFO - Applying perturbation for layer: layer1.2.conv3, original output shape: torch.Size([32, 256, 56, 56]), perturbed activation shape: torch.Size([1, 256, 56, 56])
2026-02-13 04:10:00,910 - INFO - Applying perturbation for layer: layer3.0.conv1, original output shape: torch.Size([32, 256, 28, 28]), perturbed activation shape: torch.Size([1, 256, 28, 28])
2026-02-13 04:10:00,933 - INFO - Applying perturbation for layer: layer1.2.conv3, original output shape: torch.Size([32, 256, 56, 56]), perturbed activation shape: torch.Size([1, 256, 56, 56])
2026-02-13 04:10:00,934 - INFO - Applying perturbation for layer: layer3.0.conv1, original output shape: torch.Size([32, 256, 28, 28]), perturbed activation shape: torch.Size([1, 256, 28, 28])
2026-02-13 04:10:00,957 - INFO - Applying perturbation for layer: layer1.2.conv3, original output shape: torch.Size([32, 256, 56, 56]), perturbed activation shape: torch.Size([1, 256, 56, 56])
2026-02-13 04:10:00,958 - INFO - Applying perturbation for layer: layer3.0.conv1, original output shape: torch.Size([32, 256, 28, 28]), perturbed activation shape: torch.Size([1, 256, 28, 28])
2026-02-13 04:10:00,981 - INFO - Applying perturbation for layer: layer1.2.conv3, original output shape: torch.Size([32, 256, 56, 56]), perturbed activation shape: torch.Size([1, 256, 56, 56])
2026-02-13 04:10:00,982 - INFO - Applying perturbation for layer: layer3.0.conv1, original output shape: torch.Size([32, 256, 28, 28]), perturbed activation shape: torch.Size([1, 256, 28, 28])
2026-02-13 04:10:01,300 - INFO - ================================================================================
2026-02-13 04:10:01,300 - INFO - Target layer found: layer2.3.conv3
2026-02-13 04:10:01,305 - INFO - Captured activation for layer: layer2.3.conv3,                 activation shape: torch.Size([32, 512, 28, 28])
2026-02-13 04:10:01,308 - INFO - Captured activation for layer: layer2.3.conv3, activation shape: torch.Size([32, 512, 28, 28])
2026-02-13 04:10:01,309 - INFO - Captured activation for layer: layer2.3.conv3,                 activation shape: torch.Size([32, 512, 28, 28])
2026-02-13 04:10:01,310 - INFO - Captured activation for layer: layer2.3.conv3, activation shape: torch.Size([32, 512, 28, 28])
2026-02-13 04:10:01,311 - INFO - Captured activation for layer: layer2.3.conv3,                 activation shape: torch.Size([32, 512, 28, 28])
2026-02-13 04:10:01,312 - INFO - Captured activation for layer: layer2.3.conv3, activation shape: torch.Size([32, 512, 28, 28])
2026-02-13 04:10:01,314 - INFO - Captured activation for layer: layer2.3.conv3,                 activation shape: torch.Size([32, 512, 28, 28])
2026-02-13 04:10:01,315 - INFO - Captured activation for layer: layer2.3.conv3, activation shape: torch.Size([32, 512, 28, 28])
2026-02-13 04:10:01,316 - INFO - Captured activation for layer: layer2.3.conv3,                 activation shape: torch.Size([32, 512, 28, 28])
2026-02-13 04:10:01,318 - INFO - Captured activation for layer: layer2.3.conv3, activation shape: torch.Size([32, 512, 28, 28])
2026-02-13 04:10:01,326 - INFO - Captured activation for layer: layer2.3.conv3,                 activation shape: torch.Size([32, 512, 28, 28])
2026-02-13 04:10:01,345 - INFO - Captured activation for layer: layer2.3.conv3, activation shape: torch.Size([32, 512, 28, 28])
2026-02-13 04:10:01,349 - INFO - Captured activation for layer: layer2.3.conv3,                 activation shape: torch.Size([32, 512, 28, 28])
2026-02-13 04:10:01,360 - INFO - Captured activation for layer: layer2.3.conv3, activation shape: torch.Size([32, 512, 28, 28])
2026-02-13 04:10:01,363 - INFO - Captured activation for layer: layer2.3.conv3,                 activation shape: torch.Size([32, 512, 28, 28])
2026-02-13 04:10:01,372 - INFO - Captured activation for layer: layer2.3.conv3, activation shape: torch.Size([32, 512, 28, 28])
2026-02-13 04:10:01,375 - INFO - Captured activation for layer: layer2.3.conv3,                 activation shape: torch.Size([32, 512, 28, 28])
2026-02-13 04:10:01,384 - INFO - Captured activation for layer: layer2.3.conv3, activation shape: torch.Size([32, 512, 28, 28])
2026-02-13 04:10:01,387 - INFO - Captured activation for layer: layer2.3.conv3,                 activation shape: torch.Size([32, 512, 28, 28])
2026-02-13 04:10:01,396 - INFO - Captured activation for layer: layer2.3.conv3, activation shape: torch.Size([32, 512, 28, 28])
2026-02-13 04:10:01,399 - INFO - Captured activation for layer: layer2.3.conv3,                 activation shape: torch.Size([32, 512, 28, 28])
2026-02-13 04:10:01,408 - INFO - Captured activation for layer: layer2.3.conv3, activation shape: torch.Size([32, 512, 28, 28])
2026-02-13 04:10:01,411 - INFO - Captured activation for layer: layer2.3.conv3,                 activation shape: torch.Size([32, 512, 28, 28])
2026-02-13 04:10:01,421 - INFO - Captured activation for layer: layer2.3.conv3, activation shape: torch.Size([32, 512, 28, 28])
2026-02-13 04:10:01,423 - INFO - Captured activation for layer: layer2.3.conv3,                 activation shape: torch.Size([32, 512, 28, 28])
2026-02-13 04:10:01,433 - INFO - Captured activation for layer: layer2.3.conv3, activation shape: torch.Size([32, 512, 28, 28])
2026-02-13 04:10:01,436 - INFO - Captured activation for layer: layer2.3.conv3,                 activation shape: torch.Size([32, 512, 28, 28])
2026-02-13 04:10:01,445 - INFO - Captured activation for layer: layer2.3.conv3, activation shape: torch.Size([32, 512, 28, 28])
2026-02-13 04:10:01,448 - INFO - Captured activation for layer: layer2.3.conv3,                 activation shape: torch.Size([32, 512, 28, 28])
2026-02-13 04:10:01,457 - INFO - Captured activation for layer: layer2.3.conv3, activation shape: torch.Size([32, 512, 28, 28])
2026-02-13 04:10:01,460 - INFO - Captured activation for layer: layer2.3.conv3,                 activation shape: torch.Size([32, 512, 28, 28])
2026-02-13 04:10:01,469 - INFO - Captured activation for layer: layer2.3.conv3, activation shape: torch.Size([32, 512, 28, 28])
2026-02-13 04:10:01,472 - INFO - Captured activation for layer: layer2.3.conv3,                 activation shape: torch.Size([32, 512, 28, 28])
2026-02-13 04:10:01,481 - INFO - Captured activation for layer: layer2.3.conv3, activation shape: torch.Size([32, 512, 28, 28])
2026-02-13 04:10:01,484 - INFO - Captured activation for layer: layer2.3.conv3,                 activation shape: torch.Size([32, 512, 28, 28])
2026-02-13 04:10:01,493 - INFO - Captured activation for layer: layer2.3.conv3, activation shape: torch.Size([32, 512, 28, 28])
2026-02-13 04:10:01,496 - INFO - Captured activation for layer: layer2.3.conv3,                 activation shape: torch.Size([32, 512, 28, 28])
2026-02-13 04:10:01,505 - INFO - Captured activation for layer: layer2.3.conv3, activation shape: torch.Size([32, 512, 28, 28])
2026-02-13 04:10:01,508 - INFO - Captured activation for layer: layer2.3.conv3,                 activation shape: torch.Size([32, 512, 28, 28])
2026-02-13 04:10:01,517 - INFO - Captured activation for layer: layer2.3.conv3, activation shape: torch.Size([32, 512, 28, 28])
2026-02-13 04:10:01,520 - INFO - Captured activation for layer: layer2.3.conv3,                 activation shape: torch.Size([32, 512, 28, 28])
2026-02-13 04:10:01,529 - INFO - Captured activation for layer: layer2.3.conv3, activation shape: torch.Size([32, 512, 28, 28])
2026-02-13 04:10:01,533 - INFO - Captured activation for layer: layer2.3.conv3,                 activation shape: torch.Size([32, 512, 28, 28])
2026-02-13 04:10:01,542 - INFO - Captured activation for layer: layer2.3.conv3, activation shape: torch.Size([32, 512, 28, 28])
2026-02-13 04:10:01,545 - INFO - Captured activation for layer: layer2.3.conv3,                 activation shape: torch.Size([32, 512, 28, 28])
2026-02-13 04:10:01,554 - INFO - Captured activation for layer: layer2.3.conv3, activation shape: torch.Size([32, 512, 28, 28])
2026-02-13 04:10:01,557 - INFO - Captured activation for layer: layer2.3.conv3,                 activation shape: torch.Size([32, 512, 28, 28])
2026-02-13 04:10:01,566 - INFO - Captured activation for layer: layer2.3.conv3, activation shape: torch.Size([32, 512, 28, 28])
2026-02-13 04:10:01,569 - INFO - Captured activation for layer: layer2.3.conv3,                 activation shape: torch.Size([32, 512, 28, 28])
2026-02-13 04:10:01,578 - INFO - Captured activation for layer: layer2.3.conv3, activation shape: torch.Size([32, 512, 28, 28])
2026-02-13 04:10:01,581 - INFO - Captured activation for layer: layer2.3.conv3,                 activation shape: torch.Size([32, 512, 28, 28])
2026-02-13 04:10:01,590 - INFO - Captured activation for layer: layer2.3.conv3, activation shape: torch.Size([32, 512, 28, 28])
2026-02-13 04:10:01,593 - INFO - Captured activation for layer: layer2.3.conv3,                 activation shape: torch.Size([32, 512, 28, 28])
2026-02-13 04:10:01,602 - INFO - Captured activation for layer: layer2.3.conv3, activation shape: torch.Size([32, 512, 28, 28])
2026-02-13 04:10:01,605 - INFO - Captured activation for layer: layer2.3.conv3,                 activation shape: torch.Size([32, 512, 28, 28])
2026-02-13 04:10:01,614 - INFO - Captured activation for layer: layer2.3.conv3, activation shape: torch.Size([32, 512, 28, 28])
2026-02-13 04:10:01,617 - INFO - Captured activation for layer: layer2.3.conv3,                 activation shape: torch.Size([32, 512, 28, 28])
2026-02-13 04:10:01,626 - INFO - Captured activation for layer: layer2.3.conv3, activation shape: torch.Size([32, 512, 28, 28])
2026-02-13 04:10:01,629 - INFO - Captured activation for layer: layer2.3.conv3,                 activation shape: torch.Size([32, 512, 28, 28])
2026-02-13 04:10:01,638 - INFO - Captured activation for layer: layer2.3.conv3, activation shape: torch.Size([32, 512, 28, 28])
2026-02-13 04:10:01,641 - INFO - Captured activation for layer: layer2.3.conv3,                 activation shape: torch.Size([32, 512, 28, 28])
2026-02-13 04:10:01,650 - INFO - Captured activation for layer: layer2.3.conv3, activation shape: torch.Size([32, 512, 28, 28])
2026-02-13 04:10:01,653 - INFO - Captured activation for layer: layer2.3.conv3,                 activation shape: torch.Size([32, 512, 28, 28])
2026-02-13 04:10:01,662 - INFO - Captured activation for layer: layer2.3.conv3, activation shape: torch.Size([32, 512, 28, 28])
2026-02-13 04:10:01,665 - INFO - Captured activation for layer: layer2.3.conv3,                 activation shape: torch.Size([32, 512, 28, 28])
2026-02-13 04:10:01,674 - INFO - Captured activation for layer: layer2.3.conv3, activation shape: torch.Size([32, 512, 28, 28])
2026-02-13 04:10:01,677 - INFO - Captured activation for layer: layer2.3.conv3,                 activation shape: torch.Size([32, 512, 28, 28])
2026-02-13 04:10:01,687 - INFO - Captured activation for layer: layer2.3.conv3, activation shape: torch.Size([32, 512, 28, 28])
2026-02-13 04:10:01,689 - INFO - Captured activation for layer: layer2.3.conv3,                 activation shape: torch.Size([32, 512, 28, 28])
2026-02-13 04:10:01,699 - INFO - Captured activation for layer: layer2.3.conv3, activation shape: torch.Size([32, 512, 28, 28])
2026-02-13 04:10:01,702 - INFO - Captured activation for layer: layer2.3.conv3,                 activation shape: torch.Size([32, 512, 28, 28])
2026-02-13 04:10:01,711 - INFO - Captured activation for layer: layer2.3.conv3, activation shape: torch.Size([32, 512, 28, 28])
2026-02-13 04:10:01,714 - INFO - Captured activation for layer: layer2.3.conv3,                 activation shape: torch.Size([32, 512, 28, 28])
2026-02-13 04:10:01,723 - INFO - Captured activation for layer: layer2.3.conv3, activation shape: torch.Size([32, 512, 28, 28])
2026-02-13 04:10:01,726 - INFO - Captured activation for layer: layer2.3.conv3,                 activation shape: torch.Size([32, 512, 28, 28])
2026-02-13 04:10:01,735 - INFO - Captured activation for layer: layer2.3.conv3, activation shape: torch.Size([32, 512, 28, 28])
2026-02-13 04:10:01,738 - INFO - Captured activation for layer: layer2.3.conv3,                 activation shape: torch.Size([32, 512, 28, 28])
2026-02-13 04:10:01,747 - INFO - Captured activation for layer: layer2.3.conv3, activation shape: torch.Size([32, 512, 28, 28])
2026-02-13 04:10:01,750 - INFO - Captured activation for layer: layer2.3.conv3,                 activation shape: torch.Size([32, 512, 28, 28])
2026-02-13 04:10:01,759 - INFO - Captured activation for layer: layer2.3.conv3, activation shape: torch.Size([32, 512, 28, 28])
2026-02-13 04:10:01,762 - INFO - Captured activation for layer: layer2.3.conv3,                 activation shape: torch.Size([32, 512, 28, 28])
2026-02-13 04:10:01,771 - INFO - Captured activation for layer: layer2.3.conv3, activation shape: torch.Size([32, 512, 28, 28])
2026-02-13 04:10:01,774 - INFO - Captured activation for layer: layer2.3.conv3,                 activation shape: torch.Size([32, 512, 28, 28])
2026-02-13 04:10:01,783 - INFO - Captured activation for layer: layer2.3.conv3, activation shape: torch.Size([32, 512, 28, 28])
2026-02-13 04:10:01,786 - INFO - Captured activation for layer: layer2.3.conv3,                 activation shape: torch.Size([32, 512, 28, 28])
2026-02-13 04:10:01,795 - INFO - Captured activation for layer: layer2.3.conv3, activation shape: torch.Size([32, 512, 28, 28])
2026-02-13 04:10:01,798 - INFO - Captured activation for layer: layer2.3.conv3,                 activation shape: torch.Size([32, 512, 28, 28])
2026-02-13 04:10:01,807 - INFO - Captured activation for layer: layer2.3.conv3, activation shape: torch.Size([32, 512, 28, 28])
2026-02-13 04:10:01,810 - INFO - Captured activation for layer: layer2.3.conv3,                 activation shape: torch.Size([32, 512, 28, 28])
2026-02-13 04:10:01,819 - INFO - Captured activation for layer: layer2.3.conv3, activation shape: torch.Size([32, 512, 28, 28])
2026-02-13 04:10:01,822 - INFO - Captured activation for layer: layer2.3.conv3,                 activation shape: torch.Size([32, 512, 28, 28])
2026-02-13 04:10:01,831 - INFO - Captured activation for layer: layer2.3.conv3, activation shape: torch.Size([32, 512, 28, 28])
2026-02-13 04:10:01,834 - INFO - Captured activation for layer: layer2.3.conv3,                 activation shape: torch.Size([32, 512, 28, 28])
2026-02-13 04:10:01,843 - INFO - Captured activation for layer: layer2.3.conv3, activation shape: torch.Size([32, 512, 28, 28])
2026-02-13 04:10:01,846 - INFO - Captured activation for layer: layer2.3.conv3,                 activation shape: torch.Size([32, 512, 28, 28])
2026-02-13 04:10:01,855 - INFO - Captured activation for layer: layer2.3.conv3, activation shape: torch.Size([32, 512, 28, 28])
2026-02-13 04:10:01,858 - INFO - Captured activation for layer: layer2.3.conv3,                 activation shape: torch.Size([32, 512, 28, 28])
2026-02-13 04:10:01,867 - INFO - Captured activation for layer: layer2.3.conv3, activation shape: torch.Size([32, 512, 28, 28])
2026-02-13 04:10:01,870 - INFO - Captured activation for layer: layer2.3.conv3,                 activation shape: torch.Size([32, 512, 28, 28])
2026-02-13 04:10:01,879 - INFO - Captured activation for layer: layer2.3.conv3, activation shape: torch.Size([32, 512, 28, 28])
2026-02-13 04:10:01,882 - INFO - Captured activation for layer: layer2.3.conv3,                 activation shape: torch.Size([32, 512, 28, 28])
2026-02-13 04:10:01,892 - INFO - Captured activation for layer: layer2.3.conv3, activation shape: torch.Size([32, 512, 28, 28])
2026-02-13 04:10:01,895 - INFO - Captured activation for layer: layer2.3.conv3,                 activation shape: torch.Size([32, 512, 28, 28])
2026-02-13 04:10:01,904 - INFO - Captured activation for layer: layer2.3.conv3, activation shape: torch.Size([32, 512, 28, 28])
2026-02-13 04:10:01,907 - INFO - Captured activation for layer: layer2.3.conv3,                 activation shape: torch.Size([32, 512, 28, 28])
2026-02-13 04:10:01,916 - INFO - Captured activation for layer: layer2.3.conv3, activation shape: torch.Size([32, 512, 28, 28])
2026-02-13 04:10:01,919 - INFO - Captured activation for layer: layer2.3.conv3,                 activation shape: torch.Size([32, 512, 28, 28])
2026-02-13 04:10:01,928 - INFO - Captured activation for layer: layer2.3.conv3, activation shape: torch.Size([32, 512, 28, 28])
2026-02-13 04:10:01,931 - INFO - Captured activation for layer: layer2.3.conv3,                 activation shape: torch.Size([32, 512, 28, 28])
2026-02-13 04:10:01,940 - INFO - Captured activation for layer: layer2.3.conv3, activation shape: torch.Size([32, 512, 28, 28])
2026-02-13 04:10:01,943 - INFO - Captured activation for layer: layer2.3.conv3,                 activation shape: torch.Size([32, 512, 28, 28])
2026-02-13 04:10:01,952 - INFO - Captured activation for layer: layer2.3.conv3, activation shape: torch.Size([32, 512, 28, 28])
2026-02-13 04:10:01,955 - INFO - Captured activation for layer: layer2.3.conv3,                 activation shape: torch.Size([32, 512, 28, 28])
2026-02-13 04:10:01,964 - INFO - Captured activation for layer: layer2.3.conv3, activation shape: torch.Size([32, 512, 28, 28])
2026-02-13 04:10:01,967 - INFO - Captured activation for layer: layer2.3.conv3,                 activation shape: torch.Size([32, 512, 28, 28])
2026-02-13 04:10:01,976 - INFO - Captured activation for layer: layer2.3.conv3, activation shape: torch.Size([32, 512, 28, 28])
2026-02-13 04:10:01,979 - INFO - Captured activation for layer: layer2.3.conv3,                 activation shape: torch.Size([32, 512, 28, 28])
2026-02-13 04:10:01,988 - INFO - Captured activation for layer: layer2.3.conv3, activation shape: torch.Size([32, 512, 28, 28])
2026-02-13 04:10:01,991 - INFO - Captured activation for layer: layer2.3.conv3,                 activation shape: torch.Size([32, 512, 28, 28])
2026-02-13 04:10:02,000 - INFO - Captured activation for layer: layer2.3.conv3, activation shape: torch.Size([32, 512, 28, 28])
2026-02-13 04:10:02,003 - INFO - Captured activation for layer: layer2.3.conv3,                 activation shape: torch.Size([32, 512, 28, 28])
2026-02-13 04:10:02,012 - INFO - Captured activation for layer: layer2.3.conv3, activation shape: torch.Size([32, 512, 28, 28])
2026-02-13 04:10:02,015 - INFO - Captured activation for layer: layer2.3.conv3,                 activation shape: torch.Size([32, 512, 28, 28])
2026-02-13 04:10:02,024 - INFO - Captured activation for layer: layer2.3.conv3, activation shape: torch.Size([32, 512, 28, 28])
2026-02-13 04:10:02,027 - INFO - Captured activation for layer: layer2.3.conv3,                 activation shape: torch.Size([32, 512, 28, 28])
2026-02-13 04:10:02,036 - INFO - Captured activation for layer: layer2.3.conv3, activation shape: torch.Size([32, 512, 28, 28])
2026-02-13 04:10:02,039 - INFO - Captured activation for layer: layer2.3.conv3,                 activation shape: torch.Size([32, 512, 28, 28])
2026-02-13 04:10:02,048 - INFO - Captured activation for layer: layer2.3.conv3, activation shape: torch.Size([32, 512, 28, 28])
2026-02-13 04:10:02,051 - INFO - Captured activation for layer: layer2.3.conv3,                 activation shape: torch.Size([32, 512, 28, 28])
2026-02-13 04:10:02,061 - INFO - Captured activation for layer: layer2.3.conv3, activation shape: torch.Size([32, 512, 28, 28])
2026-02-13 04:10:02,064 - INFO - Captured activation for layer: layer2.3.conv3,                 activation shape: torch.Size([32, 512, 28, 28])
2026-02-13 04:10:02,073 - INFO - Captured activation for layer: layer2.3.conv3, activation shape: torch.Size([32, 512, 28, 28])
2026-02-13 04:10:02,073 - INFO - Stacked activations shape for layer layer2.3.conv3: torch.Size([2112, 512, 28, 28])
2026-02-13 04:10:02,073 - INFO - Using mean replacement for perturbation.
2026-02-13 04:10:02,141 - INFO - Perturbed activation  values: tensor([-0.0019, -0.0048, -0.0078,  ..., -0.0042, -0.0044, -0.0039],
       device='cuda:0')
2026-02-13 04:10:02,146 - INFO - Standard deviation of activations for layer layer2.3.conv3: 0.0294
2026-02-13 04:10:02,146 - INFO - Checking normality of activations for layer layer2.3.conv3 using Shapiro-Wilk test.
2026-02-13 04:10:29,734 - INFO - Shapiro-Wilk test: statistic=0.9630, p-value=5.7864e-34
2026-02-13 04:10:29,734 - INFO - Normally distributed: False
2026-02-13 04:10:29,734 - INFO - Perturbed activation shape: torch.Size([1, 512, 28, 28]), Std activation shape: torch.Size([1, 512, 28, 28])
2026-02-13 04:10:29,740 - INFO - Std activation sample values: tensor([0.0097, 0.0088, 0.0095, 0.0096, 0.0097], device='cuda:0')
2026-02-13 04:10:29,750 - INFO - Target layer found: layer3.0.conv1
2026-02-13 04:10:29,752 - INFO - Captured activation for layer: layer3.0.conv1,                 activation shape: torch.Size([32, 256, 28, 28])
2026-02-13 04:10:29,754 - INFO - Captured activation for layer: layer3.0.conv1, activation shape: torch.Size([32, 256, 28, 28])
2026-02-13 04:10:29,756 - INFO - Captured activation for layer: layer3.0.conv1,                 activation shape: torch.Size([32, 256, 28, 28])
2026-02-13 04:10:29,757 - INFO - Captured activation for layer: layer3.0.conv1, activation shape: torch.Size([32, 256, 28, 28])
2026-02-13 04:10:29,759 - INFO - Captured activation for layer: layer3.0.conv1,                 activation shape: torch.Size([32, 256, 28, 28])
2026-02-13 04:10:29,761 - INFO - Captured activation for layer: layer3.0.conv1, activation shape: torch.Size([32, 256, 28, 28])
2026-02-13 04:10:29,762 - INFO - Captured activation for layer: layer3.0.conv1,                 activation shape: torch.Size([32, 256, 28, 28])
2026-02-13 04:10:29,764 - INFO - Captured activation for layer: layer3.0.conv1, activation shape: torch.Size([32, 256, 28, 28])
2026-02-13 04:10:29,765 - INFO - Captured activation for layer: layer3.0.conv1,                 activation shape: torch.Size([32, 256, 28, 28])
2026-02-13 04:10:29,767 - INFO - Captured activation for layer: layer3.0.conv1, activation shape: torch.Size([32, 256, 28, 28])
2026-02-13 04:10:29,768 - INFO - Captured activation for layer: layer3.0.conv1,                 activation shape: torch.Size([32, 256, 28, 28])
2026-02-13 04:10:29,770 - INFO - Captured activation for layer: layer3.0.conv1, activation shape: torch.Size([32, 256, 28, 28])
2026-02-13 04:10:29,772 - INFO - Captured activation for layer: layer3.0.conv1,                 activation shape: torch.Size([32, 256, 28, 28])
2026-02-13 04:10:29,781 - INFO - Captured activation for layer: layer3.0.conv1, activation shape: torch.Size([32, 256, 28, 28])
2026-02-13 04:10:29,784 - INFO - Captured activation for layer: layer3.0.conv1,                 activation shape: torch.Size([32, 256, 28, 28])
2026-02-13 04:10:29,793 - INFO - Captured activation for layer: layer3.0.conv1, activation shape: torch.Size([32, 256, 28, 28])
2026-02-13 04:10:29,796 - INFO - Captured activation for layer: layer3.0.conv1,                 activation shape: torch.Size([32, 256, 28, 28])
2026-02-13 04:10:29,805 - INFO - Captured activation for layer: layer3.0.conv1, activation shape: torch.Size([32, 256, 28, 28])
2026-02-13 04:10:29,808 - INFO - Captured activation for layer: layer3.0.conv1,                 activation shape: torch.Size([32, 256, 28, 28])
2026-02-13 04:10:29,817 - INFO - Captured activation for layer: layer3.0.conv1, activation shape: torch.Size([32, 256, 28, 28])
2026-02-13 04:10:29,820 - INFO - Captured activation for layer: layer3.0.conv1,                 activation shape: torch.Size([32, 256, 28, 28])
2026-02-13 04:10:29,829 - INFO - Captured activation for layer: layer3.0.conv1, activation shape: torch.Size([32, 256, 28, 28])
2026-02-13 04:10:29,832 - INFO - Captured activation for layer: layer3.0.conv1,                 activation shape: torch.Size([32, 256, 28, 28])
2026-02-13 04:10:29,841 - INFO - Captured activation for layer: layer3.0.conv1, activation shape: torch.Size([32, 256, 28, 28])
2026-02-13 04:10:29,844 - INFO - Captured activation for layer: layer3.0.conv1,                 activation shape: torch.Size([32, 256, 28, 28])
2026-02-13 04:10:29,853 - INFO - Captured activation for layer: layer3.0.conv1, activation shape: torch.Size([32, 256, 28, 28])
2026-02-13 04:10:29,856 - INFO - Captured activation for layer: layer3.0.conv1,                 activation shape: torch.Size([32, 256, 28, 28])
2026-02-13 04:10:29,865 - INFO - Captured activation for layer: layer3.0.conv1, activation shape: torch.Size([32, 256, 28, 28])
2026-02-13 04:10:29,868 - INFO - Captured activation for layer: layer3.0.conv1,                 activation shape: torch.Size([32, 256, 28, 28])
2026-02-13 04:10:29,877 - INFO - Captured activation for layer: layer3.0.conv1, activation shape: torch.Size([32, 256, 28, 28])
2026-02-13 04:10:29,880 - INFO - Captured activation for layer: layer3.0.conv1,                 activation shape: torch.Size([32, 256, 28, 28])
2026-02-13 04:10:29,889 - INFO - Captured activation for layer: layer3.0.conv1, activation shape: torch.Size([32, 256, 28, 28])
2026-02-13 04:10:29,892 - INFO - Captured activation for layer: layer3.0.conv1,                 activation shape: torch.Size([32, 256, 28, 28])
2026-02-13 04:10:29,901 - INFO - Captured activation for layer: layer3.0.conv1, activation shape: torch.Size([32, 256, 28, 28])
2026-02-13 04:10:29,904 - INFO - Captured activation for layer: layer3.0.conv1,                 activation shape: torch.Size([32, 256, 28, 28])
2026-02-13 04:10:29,913 - INFO - Captured activation for layer: layer3.0.conv1, activation shape: torch.Size([32, 256, 28, 28])
2026-02-13 04:10:29,916 - INFO - Captured activation for layer: layer3.0.conv1,                 activation shape: torch.Size([32, 256, 28, 28])
2026-02-13 04:10:29,925 - INFO - Captured activation for layer: layer3.0.conv1, activation shape: torch.Size([32, 256, 28, 28])
2026-02-13 04:10:29,928 - INFO - Captured activation for layer: layer3.0.conv1,                 activation shape: torch.Size([32, 256, 28, 28])
2026-02-13 04:10:29,937 - INFO - Captured activation for layer: layer3.0.conv1, activation shape: torch.Size([32, 256, 28, 28])
2026-02-13 04:10:29,940 - INFO - Captured activation for layer: layer3.0.conv1,                 activation shape: torch.Size([32, 256, 28, 28])
2026-02-13 04:10:29,948 - INFO - Captured activation for layer: layer3.0.conv1, activation shape: torch.Size([32, 256, 28, 28])
2026-02-13 04:10:29,951 - INFO - Captured activation for layer: layer3.0.conv1,                 activation shape: torch.Size([32, 256, 28, 28])
2026-02-13 04:10:29,960 - INFO - Captured activation for layer: layer3.0.conv1, activation shape: torch.Size([32, 256, 28, 28])
2026-02-13 04:10:29,963 - INFO - Captured activation for layer: layer3.0.conv1,                 activation shape: torch.Size([32, 256, 28, 28])
2026-02-13 04:10:29,972 - INFO - Captured activation for layer: layer3.0.conv1, activation shape: torch.Size([32, 256, 28, 28])
2026-02-13 04:10:29,975 - INFO - Captured activation for layer: layer3.0.conv1,                 activation shape: torch.Size([32, 256, 28, 28])
2026-02-13 04:10:29,984 - INFO - Captured activation for layer: layer3.0.conv1, activation shape: torch.Size([32, 256, 28, 28])
2026-02-13 04:10:29,987 - INFO - Captured activation for layer: layer3.0.conv1,                 activation shape: torch.Size([32, 256, 28, 28])
2026-02-13 04:10:29,996 - INFO - Captured activation for layer: layer3.0.conv1, activation shape: torch.Size([32, 256, 28, 28])
2026-02-13 04:10:29,999 - INFO - Captured activation for layer: layer3.0.conv1,                 activation shape: torch.Size([32, 256, 28, 28])
2026-02-13 04:10:30,008 - INFO - Captured activation for layer: layer3.0.conv1, activation shape: torch.Size([32, 256, 28, 28])
2026-02-13 04:10:30,011 - INFO - Captured activation for layer: layer3.0.conv1,                 activation shape: torch.Size([32, 256, 28, 28])
2026-02-13 04:10:30,020 - INFO - Captured activation for layer: layer3.0.conv1, activation shape: torch.Size([32, 256, 28, 28])
2026-02-13 04:10:30,023 - INFO - Captured activation for layer: layer3.0.conv1,                 activation shape: torch.Size([32, 256, 28, 28])
2026-02-13 04:10:30,032 - INFO - Captured activation for layer: layer3.0.conv1, activation shape: torch.Size([32, 256, 28, 28])
2026-02-13 04:10:30,035 - INFO - Captured activation for layer: layer3.0.conv1,                 activation shape: torch.Size([32, 256, 28, 28])
2026-02-13 04:10:30,044 - INFO - Captured activation for layer: layer3.0.conv1, activation shape: torch.Size([32, 256, 28, 28])
2026-02-13 04:10:30,047 - INFO - Captured activation for layer: layer3.0.conv1,                 activation shape: torch.Size([32, 256, 28, 28])
2026-02-13 04:10:30,056 - INFO - Captured activation for layer: layer3.0.conv1, activation shape: torch.Size([32, 256, 28, 28])
2026-02-13 04:10:30,059 - INFO - Captured activation for layer: layer3.0.conv1,                 activation shape: torch.Size([32, 256, 28, 28])
2026-02-13 04:10:30,068 - INFO - Captured activation for layer: layer3.0.conv1, activation shape: torch.Size([32, 256, 28, 28])
2026-02-13 04:10:30,072 - INFO - Captured activation for layer: layer3.0.conv1,                 activation shape: torch.Size([32, 256, 28, 28])
2026-02-13 04:10:30,080 - INFO - Captured activation for layer: layer3.0.conv1, activation shape: torch.Size([32, 256, 28, 28])
2026-02-13 04:10:30,083 - INFO - Captured activation for layer: layer3.0.conv1,                 activation shape: torch.Size([32, 256, 28, 28])
2026-02-13 04:10:30,092 - INFO - Captured activation for layer: layer3.0.conv1, activation shape: torch.Size([32, 256, 28, 28])
2026-02-13 04:10:30,095 - INFO - Captured activation for layer: layer3.0.conv1,                 activation shape: torch.Size([32, 256, 28, 28])
2026-02-13 04:10:30,104 - INFO - Captured activation for layer: layer3.0.conv1, activation shape: torch.Size([32, 256, 28, 28])
2026-02-13 04:10:30,107 - INFO - Captured activation for layer: layer3.0.conv1,                 activation shape: torch.Size([32, 256, 28, 28])
2026-02-13 04:10:30,116 - INFO - Captured activation for layer: layer3.0.conv1, activation shape: torch.Size([32, 256, 28, 28])
2026-02-13 04:10:30,119 - INFO - Captured activation for layer: layer3.0.conv1,                 activation shape: torch.Size([32, 256, 28, 28])
2026-02-13 04:10:30,128 - INFO - Captured activation for layer: layer3.0.conv1, activation shape: torch.Size([32, 256, 28, 28])
2026-02-13 04:10:30,131 - INFO - Captured activation for layer: layer3.0.conv1,                 activation shape: torch.Size([32, 256, 28, 28])
2026-02-13 04:10:30,140 - INFO - Captured activation for layer: layer3.0.conv1, activation shape: torch.Size([32, 256, 28, 28])
2026-02-13 04:10:30,143 - INFO - Captured activation for layer: layer3.0.conv1,                 activation shape: torch.Size([32, 256, 28, 28])
2026-02-13 04:10:30,152 - INFO - Captured activation for layer: layer3.0.conv1, activation shape: torch.Size([32, 256, 28, 28])
2026-02-13 04:10:30,155 - INFO - Captured activation for layer: layer3.0.conv1,                 activation shape: torch.Size([32, 256, 28, 28])
2026-02-13 04:10:30,164 - INFO - Captured activation for layer: layer3.0.conv1, activation shape: torch.Size([32, 256, 28, 28])
2026-02-13 04:10:30,167 - INFO - Captured activation for layer: layer3.0.conv1,                 activation shape: torch.Size([32, 256, 28, 28])
2026-02-13 04:10:30,176 - INFO - Captured activation for layer: layer3.0.conv1, activation shape: torch.Size([32, 256, 28, 28])
2026-02-13 04:10:30,179 - INFO - Captured activation for layer: layer3.0.conv1,                 activation shape: torch.Size([32, 256, 28, 28])
2026-02-13 04:10:30,188 - INFO - Captured activation for layer: layer3.0.conv1, activation shape: torch.Size([32, 256, 28, 28])
2026-02-13 04:10:30,191 - INFO - Captured activation for layer: layer3.0.conv1,                 activation shape: torch.Size([32, 256, 28, 28])
2026-02-13 04:10:30,200 - INFO - Captured activation for layer: layer3.0.conv1, activation shape: torch.Size([32, 256, 28, 28])
2026-02-13 04:10:30,203 - INFO - Captured activation for layer: layer3.0.conv1,                 activation shape: torch.Size([32, 256, 28, 28])
2026-02-13 04:10:30,212 - INFO - Captured activation for layer: layer3.0.conv1, activation shape: torch.Size([32, 256, 28, 28])
2026-02-13 04:10:30,215 - INFO - Captured activation for layer: layer3.0.conv1,                 activation shape: torch.Size([32, 256, 28, 28])
2026-02-13 04:10:30,224 - INFO - Captured activation for layer: layer3.0.conv1, activation shape: torch.Size([32, 256, 28, 28])
2026-02-13 04:10:30,227 - INFO - Captured activation for layer: layer3.0.conv1,                 activation shape: torch.Size([32, 256, 28, 28])
2026-02-13 04:10:30,236 - INFO - Captured activation for layer: layer3.0.conv1, activation shape: torch.Size([32, 256, 28, 28])
2026-02-13 04:10:30,239 - INFO - Captured activation for layer: layer3.0.conv1,                 activation shape: torch.Size([32, 256, 28, 28])
2026-02-13 04:10:30,248 - INFO - Captured activation for layer: layer3.0.conv1, activation shape: torch.Size([32, 256, 28, 28])
2026-02-13 04:10:30,251 - INFO - Captured activation for layer: layer3.0.conv1,                 activation shape: torch.Size([32, 256, 28, 28])
2026-02-13 04:10:30,260 - INFO - Captured activation for layer: layer3.0.conv1, activation shape: torch.Size([32, 256, 28, 28])
2026-02-13 04:10:30,263 - INFO - Captured activation for layer: layer3.0.conv1,                 activation shape: torch.Size([32, 256, 28, 28])
2026-02-13 04:10:30,272 - INFO - Captured activation for layer: layer3.0.conv1, activation shape: torch.Size([32, 256, 28, 28])
2026-02-13 04:10:30,275 - INFO - Captured activation for layer: layer3.0.conv1,                 activation shape: torch.Size([32, 256, 28, 28])
2026-02-13 04:10:30,284 - INFO - Captured activation for layer: layer3.0.conv1, activation shape: torch.Size([32, 256, 28, 28])
2026-02-13 04:10:30,287 - INFO - Captured activation for layer: layer3.0.conv1,                 activation shape: torch.Size([32, 256, 28, 28])
2026-02-13 04:10:30,296 - INFO - Captured activation for layer: layer3.0.conv1, activation shape: torch.Size([32, 256, 28, 28])
2026-02-13 04:10:30,299 - INFO - Captured activation for layer: layer3.0.conv1,                 activation shape: torch.Size([32, 256, 28, 28])
2026-02-13 04:10:30,308 - INFO - Captured activation for layer: layer3.0.conv1, activation shape: torch.Size([32, 256, 28, 28])
2026-02-13 04:10:30,311 - INFO - Captured activation for layer: layer3.0.conv1,                 activation shape: torch.Size([32, 256, 28, 28])
2026-02-13 04:10:30,320 - INFO - Captured activation for layer: layer3.0.conv1, activation shape: torch.Size([32, 256, 28, 28])
2026-02-13 04:10:30,323 - INFO - Captured activation for layer: layer3.0.conv1,                 activation shape: torch.Size([32, 256, 28, 28])
2026-02-13 04:10:30,332 - INFO - Captured activation for layer: layer3.0.conv1, activation shape: torch.Size([32, 256, 28, 28])
2026-02-13 04:10:30,335 - INFO - Captured activation for layer: layer3.0.conv1,                 activation shape: torch.Size([32, 256, 28, 28])
2026-02-13 04:10:30,344 - INFO - Captured activation for layer: layer3.0.conv1, activation shape: torch.Size([32, 256, 28, 28])
2026-02-13 04:10:30,347 - INFO - Captured activation for layer: layer3.0.conv1,                 activation shape: torch.Size([32, 256, 28, 28])
2026-02-13 04:10:30,356 - INFO - Captured activation for layer: layer3.0.conv1, activation shape: torch.Size([32, 256, 28, 28])
2026-02-13 04:10:30,359 - INFO - Captured activation for layer: layer3.0.conv1,                 activation shape: torch.Size([32, 256, 28, 28])
2026-02-13 04:10:30,368 - INFO - Captured activation for layer: layer3.0.conv1, activation shape: torch.Size([32, 256, 28, 28])
2026-02-13 04:10:30,371 - INFO - Captured activation for layer: layer3.0.conv1,                 activation shape: torch.Size([32, 256, 28, 28])
2026-02-13 04:10:30,380 - INFO - Captured activation for layer: layer3.0.conv1, activation shape: torch.Size([32, 256, 28, 28])
2026-02-13 04:10:30,383 - INFO - Captured activation for layer: layer3.0.conv1,                 activation shape: torch.Size([32, 256, 28, 28])
2026-02-13 04:10:30,392 - INFO - Captured activation for layer: layer3.0.conv1, activation shape: torch.Size([32, 256, 28, 28])
2026-02-13 04:10:30,395 - INFO - Captured activation for layer: layer3.0.conv1,                 activation shape: torch.Size([32, 256, 28, 28])
2026-02-13 04:10:30,404 - INFO - Captured activation for layer: layer3.0.conv1, activation shape: torch.Size([32, 256, 28, 28])
2026-02-13 04:10:30,407 - INFO - Captured activation for layer: layer3.0.conv1,                 activation shape: torch.Size([32, 256, 28, 28])
2026-02-13 04:10:30,416 - INFO - Captured activation for layer: layer3.0.conv1, activation shape: torch.Size([32, 256, 28, 28])
2026-02-13 04:10:30,419 - INFO - Captured activation for layer: layer3.0.conv1,                 activation shape: torch.Size([32, 256, 28, 28])
2026-02-13 04:10:30,428 - INFO - Captured activation for layer: layer3.0.conv1, activation shape: torch.Size([32, 256, 28, 28])
2026-02-13 04:10:30,431 - INFO - Captured activation for layer: layer3.0.conv1,                 activation shape: torch.Size([32, 256, 28, 28])
2026-02-13 04:10:30,439 - INFO - Captured activation for layer: layer3.0.conv1, activation shape: torch.Size([32, 256, 28, 28])
2026-02-13 04:10:30,442 - INFO - Captured activation for layer: layer3.0.conv1,                 activation shape: torch.Size([32, 256, 28, 28])
2026-02-13 04:10:30,451 - INFO - Captured activation for layer: layer3.0.conv1, activation shape: torch.Size([32, 256, 28, 28])
2026-02-13 04:10:30,454 - INFO - Captured activation for layer: layer3.0.conv1,                 activation shape: torch.Size([32, 256, 28, 28])
2026-02-13 04:10:30,463 - INFO - Captured activation for layer: layer3.0.conv1, activation shape: torch.Size([32, 256, 28, 28])
2026-02-13 04:10:30,466 - INFO - Captured activation for layer: layer3.0.conv1,                 activation shape: torch.Size([32, 256, 28, 28])
2026-02-13 04:10:30,475 - INFO - Captured activation for layer: layer3.0.conv1, activation shape: torch.Size([32, 256, 28, 28])
2026-02-13 04:10:30,478 - INFO - Captured activation for layer: layer3.0.conv1,                 activation shape: torch.Size([32, 256, 28, 28])
2026-02-13 04:10:30,487 - INFO - Captured activation for layer: layer3.0.conv1, activation shape: torch.Size([32, 256, 28, 28])
2026-02-13 04:10:30,488 - INFO - Stacked activations shape for layer layer3.0.conv1: torch.Size([2112, 256, 28, 28])
2026-02-13 04:10:30,488 - INFO - Using mean replacement for perturbation.
2026-02-13 04:10:30,548 - INFO - Perturbed activation  values: tensor([-0.0300, -0.0391, -0.0579,  ..., -0.1143, -0.1164, -0.1262],
       device='cuda:0')
2026-02-13 04:10:30,551 - INFO - Standard deviation of activations for layer layer3.0.conv1: 0.1637
2026-02-13 04:10:30,551 - INFO - Checking normality of activations for layer layer3.0.conv1 using Shapiro-Wilk test.
2026-02-13 04:10:44,283 - INFO - Shapiro-Wilk test: statistic=0.9918, p-value=2.0023e-16
2026-02-13 04:10:44,283 - INFO - Normally distributed: False
2026-02-13 04:10:44,283 - INFO - Perturbed activation shape: torch.Size([1, 256, 28, 28]), Std activation shape: torch.Size([1, 256, 28, 28])
2026-02-13 04:10:44,286 - INFO - Std activation sample values: tensor([0.1151, 0.1471, 0.1490, 0.1494, 0.1503], device='cuda:0')
2026-02-13 04:10:44,295 - INFO - Applying perturbation for layer: layer2.3.conv3, original output shape: torch.Size([32, 512, 28, 28]), perturbed activation shape: torch.Size([1, 512, 28, 28])
2026-02-13 04:10:44,295 - INFO - Applying perturbation for layer: layer3.0.conv1, original output shape: torch.Size([32, 256, 28, 28]), perturbed activation shape: torch.Size([1, 256, 28, 28])
2026-02-13 04:10:44,299 - INFO - Applying perturbation for layer: layer2.3.conv3, original output shape: torch.Size([32, 512, 28, 28]), perturbed activation shape: torch.Size([1, 512, 28, 28])
2026-02-13 04:10:44,299 - INFO - Applying perturbation for layer: layer3.0.conv1, original output shape: torch.Size([32, 256, 28, 28]), perturbed activation shape: torch.Size([1, 256, 28, 28])
2026-02-13 04:10:44,303 - INFO - Applying perturbation for layer: layer2.3.conv3, original output shape: torch.Size([32, 512, 28, 28]), perturbed activation shape: torch.Size([1, 512, 28, 28])
2026-02-13 04:10:44,303 - INFO - Applying perturbation for layer: layer3.0.conv1, original output shape: torch.Size([32, 256, 28, 28]), perturbed activation shape: torch.Size([1, 256, 28, 28])
2026-02-13 04:10:44,326 - INFO - Applying perturbation for layer: layer2.3.conv3, original output shape: torch.Size([32, 512, 28, 28]), perturbed activation shape: torch.Size([1, 512, 28, 28])
2026-02-13 04:10:44,326 - INFO - Applying perturbation for layer: layer3.0.conv1, original output shape: torch.Size([32, 256, 28, 28]), perturbed activation shape: torch.Size([1, 256, 28, 28])
2026-02-13 04:10:44,364 - INFO - Applying perturbation for layer: layer2.3.conv3, original output shape: torch.Size([32, 512, 28, 28]), perturbed activation shape: torch.Size([1, 512, 28, 28])
2026-02-13 04:10:44,364 - INFO - Applying perturbation for layer: layer3.0.conv1, original output shape: torch.Size([32, 256, 28, 28]), perturbed activation shape: torch.Size([1, 256, 28, 28])
2026-02-13 04:10:44,417 - INFO - Applying perturbation for layer: layer2.3.conv3, original output shape: torch.Size([32, 512, 28, 28]), perturbed activation shape: torch.Size([1, 512, 28, 28])
2026-02-13 04:10:44,417 - INFO - Applying perturbation for layer: layer3.0.conv1, original output shape: torch.Size([32, 256, 28, 28]), perturbed activation shape: torch.Size([1, 256, 28, 28])
2026-02-13 04:10:44,471 - INFO - Applying perturbation for layer: layer2.3.conv3, original output shape: torch.Size([32, 512, 28, 28]), perturbed activation shape: torch.Size([1, 512, 28, 28])
2026-02-13 04:10:44,471 - INFO - Applying perturbation for layer: layer3.0.conv1, original output shape: torch.Size([32, 256, 28, 28]), perturbed activation shape: torch.Size([1, 256, 28, 28])
2026-02-13 04:10:44,524 - INFO - Applying perturbation for layer: layer2.3.conv3, original output shape: torch.Size([32, 512, 28, 28]), perturbed activation shape: torch.Size([1, 512, 28, 28])
2026-02-13 04:10:44,524 - INFO - Applying perturbation for layer: layer3.0.conv1, original output shape: torch.Size([32, 256, 28, 28]), perturbed activation shape: torch.Size([1, 256, 28, 28])
2026-02-13 04:10:44,578 - INFO - Applying perturbation for layer: layer2.3.conv3, original output shape: torch.Size([32, 512, 28, 28]), perturbed activation shape: torch.Size([1, 512, 28, 28])
2026-02-13 04:10:44,578 - INFO - Applying perturbation for layer: layer3.0.conv1, original output shape: torch.Size([32, 256, 28, 28]), perturbed activation shape: torch.Size([1, 256, 28, 28])
2026-02-13 04:10:44,631 - INFO - Applying perturbation for layer: layer2.3.conv3, original output shape: torch.Size([32, 512, 28, 28]), perturbed activation shape: torch.Size([1, 512, 28, 28])
2026-02-13 04:10:44,631 - INFO - Applying perturbation for layer: layer3.0.conv1, original output shape: torch.Size([32, 256, 28, 28]), perturbed activation shape: torch.Size([1, 256, 28, 28])
2026-02-13 04:10:44,685 - INFO - Applying perturbation for layer: layer2.3.conv3, original output shape: torch.Size([32, 512, 28, 28]), perturbed activation shape: torch.Size([1, 512, 28, 28])
2026-02-13 04:10:44,685 - INFO - Applying perturbation for layer: layer3.0.conv1, original output shape: torch.Size([32, 256, 28, 28]), perturbed activation shape: torch.Size([1, 256, 28, 28])
2026-02-13 04:10:44,736 - INFO - Applying perturbation for layer: layer2.3.conv3, original output shape: torch.Size([32, 512, 28, 28]), perturbed activation shape: torch.Size([1, 512, 28, 28])
2026-02-13 04:10:44,738 - INFO - Applying perturbation for layer: layer3.0.conv1, original output shape: torch.Size([32, 256, 28, 28]), perturbed activation shape: torch.Size([1, 256, 28, 28])
2026-02-13 04:10:44,789 - INFO - Applying perturbation for layer: layer2.3.conv3, original output shape: torch.Size([32, 512, 28, 28]), perturbed activation shape: torch.Size([1, 512, 28, 28])
2026-02-13 04:10:44,789 - INFO - Applying perturbation for layer: layer3.0.conv1, original output shape: torch.Size([32, 256, 28, 28]), perturbed activation shape: torch.Size([1, 256, 28, 28])
2026-02-13 04:10:44,815 - INFO - Applying perturbation for layer: layer2.3.conv3, original output shape: torch.Size([32, 512, 28, 28]), perturbed activation shape: torch.Size([1, 512, 28, 28])
2026-02-13 04:10:44,815 - INFO - Applying perturbation for layer: layer3.0.conv1, original output shape: torch.Size([32, 256, 28, 28]), perturbed activation shape: torch.Size([1, 256, 28, 28])
2026-02-13 04:10:44,839 - INFO - Applying perturbation for layer: layer2.3.conv3, original output shape: torch.Size([32, 512, 28, 28]), perturbed activation shape: torch.Size([1, 512, 28, 28])
2026-02-13 04:10:44,839 - INFO - Applying perturbation for layer: layer3.0.conv1, original output shape: torch.Size([32, 256, 28, 28]), perturbed activation shape: torch.Size([1, 256, 28, 28])
2026-02-13 04:10:44,863 - INFO - Applying perturbation for layer: layer2.3.conv3, original output shape: torch.Size([32, 512, 28, 28]), perturbed activation shape: torch.Size([1, 512, 28, 28])
2026-02-13 04:10:44,863 - INFO - Applying perturbation for layer: layer3.0.conv1, original output shape: torch.Size([32, 256, 28, 28]), perturbed activation shape: torch.Size([1, 256, 28, 28])
2026-02-13 04:10:44,887 - INFO - Applying perturbation for layer: layer2.3.conv3, original output shape: torch.Size([32, 512, 28, 28]), perturbed activation shape: torch.Size([1, 512, 28, 28])
2026-02-13 04:10:44,887 - INFO - Applying perturbation for layer: layer3.0.conv1, original output shape: torch.Size([32, 256, 28, 28]), perturbed activation shape: torch.Size([1, 256, 28, 28])
2026-02-13 04:10:44,911 - INFO - Applying perturbation for layer: layer2.3.conv3, original output shape: torch.Size([32, 512, 28, 28]), perturbed activation shape: torch.Size([1, 512, 28, 28])
2026-02-13 04:10:44,911 - INFO - Applying perturbation for layer: layer3.0.conv1, original output shape: torch.Size([32, 256, 28, 28]), perturbed activation shape: torch.Size([1, 256, 28, 28])
2026-02-13 04:10:44,935 - INFO - Applying perturbation for layer: layer2.3.conv3, original output shape: torch.Size([32, 512, 28, 28]), perturbed activation shape: torch.Size([1, 512, 28, 28])
2026-02-13 04:10:44,935 - INFO - Applying perturbation for layer: layer3.0.conv1, original output shape: torch.Size([32, 256, 28, 28]), perturbed activation shape: torch.Size([1, 256, 28, 28])
2026-02-13 04:10:44,959 - INFO - Applying perturbation for layer: layer2.3.conv3, original output shape: torch.Size([32, 512, 28, 28]), perturbed activation shape: torch.Size([1, 512, 28, 28])
2026-02-13 04:10:44,960 - INFO - Applying perturbation for layer: layer3.0.conv1, original output shape: torch.Size([32, 256, 28, 28]), perturbed activation shape: torch.Size([1, 256, 28, 28])
2026-02-13 04:10:44,984 - INFO - Applying perturbation for layer: layer2.3.conv3, original output shape: torch.Size([32, 512, 28, 28]), perturbed activation shape: torch.Size([1, 512, 28, 28])
2026-02-13 04:10:44,984 - INFO - Applying perturbation for layer: layer3.0.conv1, original output shape: torch.Size([32, 256, 28, 28]), perturbed activation shape: torch.Size([1, 256, 28, 28])
2026-02-13 04:10:45,008 - INFO - Applying perturbation for layer: layer2.3.conv3, original output shape: torch.Size([32, 512, 28, 28]), perturbed activation shape: torch.Size([1, 512, 28, 28])
2026-02-13 04:10:45,008 - INFO - Applying perturbation for layer: layer3.0.conv1, original output shape: torch.Size([32, 256, 28, 28]), perturbed activation shape: torch.Size([1, 256, 28, 28])
2026-02-13 04:10:45,032 - INFO - Applying perturbation for layer: layer2.3.conv3, original output shape: torch.Size([32, 512, 28, 28]), perturbed activation shape: torch.Size([1, 512, 28, 28])
2026-02-13 04:10:45,032 - INFO - Applying perturbation for layer: layer3.0.conv1, original output shape: torch.Size([32, 256, 28, 28]), perturbed activation shape: torch.Size([1, 256, 28, 28])
2026-02-13 04:10:45,056 - INFO - Applying perturbation for layer: layer2.3.conv3, original output shape: torch.Size([32, 512, 28, 28]), perturbed activation shape: torch.Size([1, 512, 28, 28])
2026-02-13 04:10:45,056 - INFO - Applying perturbation for layer: layer3.0.conv1, original output shape: torch.Size([32, 256, 28, 28]), perturbed activation shape: torch.Size([1, 256, 28, 28])
2026-02-13 04:10:45,080 - INFO - Applying perturbation for layer: layer2.3.conv3, original output shape: torch.Size([32, 512, 28, 28]), perturbed activation shape: torch.Size([1, 512, 28, 28])
2026-02-13 04:10:45,080 - INFO - Applying perturbation for layer: layer3.0.conv1, original output shape: torch.Size([32, 256, 28, 28]), perturbed activation shape: torch.Size([1, 256, 28, 28])
2026-02-13 04:10:45,104 - INFO - Applying perturbation for layer: layer2.3.conv3, original output shape: torch.Size([32, 512, 28, 28]), perturbed activation shape: torch.Size([1, 512, 28, 28])
2026-02-13 04:10:45,104 - INFO - Applying perturbation for layer: layer3.0.conv1, original output shape: torch.Size([32, 256, 28, 28]), perturbed activation shape: torch.Size([1, 256, 28, 28])
2026-02-13 04:10:45,128 - INFO - Applying perturbation for layer: layer2.3.conv3, original output shape: torch.Size([32, 512, 28, 28]), perturbed activation shape: torch.Size([1, 512, 28, 28])
2026-02-13 04:10:45,128 - INFO - Applying perturbation for layer: layer3.0.conv1, original output shape: torch.Size([32, 256, 28, 28]), perturbed activation shape: torch.Size([1, 256, 28, 28])
2026-02-13 04:10:45,152 - INFO - Applying perturbation for layer: layer2.3.conv3, original output shape: torch.Size([32, 512, 28, 28]), perturbed activation shape: torch.Size([1, 512, 28, 28])
2026-02-13 04:10:45,152 - INFO - Applying perturbation for layer: layer3.0.conv1, original output shape: torch.Size([32, 256, 28, 28]), perturbed activation shape: torch.Size([1, 256, 28, 28])
2026-02-13 04:10:45,176 - INFO - Applying perturbation for layer: layer2.3.conv3, original output shape: torch.Size([32, 512, 28, 28]), perturbed activation shape: torch.Size([1, 512, 28, 28])
2026-02-13 04:10:45,176 - INFO - Applying perturbation for layer: layer3.0.conv1, original output shape: torch.Size([32, 256, 28, 28]), perturbed activation shape: torch.Size([1, 256, 28, 28])
2026-02-13 04:10:45,200 - INFO - Applying perturbation for layer: layer2.3.conv3, original output shape: torch.Size([32, 512, 28, 28]), perturbed activation shape: torch.Size([1, 512, 28, 28])
2026-02-13 04:10:45,200 - INFO - Applying perturbation for layer: layer3.0.conv1, original output shape: torch.Size([32, 256, 28, 28]), perturbed activation shape: torch.Size([1, 256, 28, 28])
2026-02-13 04:10:45,224 - INFO - Applying perturbation for layer: layer2.3.conv3, original output shape: torch.Size([32, 512, 28, 28]), perturbed activation shape: torch.Size([1, 512, 28, 28])
2026-02-13 04:10:45,225 - INFO - Applying perturbation for layer: layer3.0.conv1, original output shape: torch.Size([32, 256, 28, 28]), perturbed activation shape: torch.Size([1, 256, 28, 28])
2026-02-13 04:10:45,248 - INFO - Applying perturbation for layer: layer2.3.conv3, original output shape: torch.Size([32, 512, 28, 28]), perturbed activation shape: torch.Size([1, 512, 28, 28])
2026-02-13 04:10:45,249 - INFO - Applying perturbation for layer: layer3.0.conv1, original output shape: torch.Size([32, 256, 28, 28]), perturbed activation shape: torch.Size([1, 256, 28, 28])
2026-02-13 04:10:45,273 - INFO - Applying perturbation for layer: layer2.3.conv3, original output shape: torch.Size([32, 512, 28, 28]), perturbed activation shape: torch.Size([1, 512, 28, 28])
2026-02-13 04:10:45,273 - INFO - Applying perturbation for layer: layer3.0.conv1, original output shape: torch.Size([32, 256, 28, 28]), perturbed activation shape: torch.Size([1, 256, 28, 28])
2026-02-13 04:10:45,297 - INFO - Applying perturbation for layer: layer2.3.conv3, original output shape: torch.Size([32, 512, 28, 28]), perturbed activation shape: torch.Size([1, 512, 28, 28])
2026-02-13 04:10:45,297 - INFO - Applying perturbation for layer: layer3.0.conv1, original output shape: torch.Size([32, 256, 28, 28]), perturbed activation shape: torch.Size([1, 256, 28, 28])
2026-02-13 04:10:45,321 - INFO - Applying perturbation for layer: layer2.3.conv3, original output shape: torch.Size([32, 512, 28, 28]), perturbed activation shape: torch.Size([1, 512, 28, 28])
2026-02-13 04:10:45,321 - INFO - Applying perturbation for layer: layer3.0.conv1, original output shape: torch.Size([32, 256, 28, 28]), perturbed activation shape: torch.Size([1, 256, 28, 28])
2026-02-13 04:10:45,345 - INFO - Applying perturbation for layer: layer2.3.conv3, original output shape: torch.Size([32, 512, 28, 28]), perturbed activation shape: torch.Size([1, 512, 28, 28])
2026-02-13 04:10:45,345 - INFO - Applying perturbation for layer: layer3.0.conv1, original output shape: torch.Size([32, 256, 28, 28]), perturbed activation shape: torch.Size([1, 256, 28, 28])
2026-02-13 04:10:45,369 - INFO - Applying perturbation for layer: layer2.3.conv3, original output shape: torch.Size([32, 512, 28, 28]), perturbed activation shape: torch.Size([1, 512, 28, 28])
2026-02-13 04:10:45,369 - INFO - Applying perturbation for layer: layer3.0.conv1, original output shape: torch.Size([32, 256, 28, 28]), perturbed activation shape: torch.Size([1, 256, 28, 28])
2026-02-13 04:10:45,393 - INFO - Applying perturbation for layer: layer2.3.conv3, original output shape: torch.Size([32, 512, 28, 28]), perturbed activation shape: torch.Size([1, 512, 28, 28])
2026-02-13 04:10:45,393 - INFO - Applying perturbation for layer: layer3.0.conv1, original output shape: torch.Size([32, 256, 28, 28]), perturbed activation shape: torch.Size([1, 256, 28, 28])
2026-02-13 04:10:45,417 - INFO - Applying perturbation for layer: layer2.3.conv3, original output shape: torch.Size([32, 512, 28, 28]), perturbed activation shape: torch.Size([1, 512, 28, 28])
2026-02-13 04:10:45,417 - INFO - Applying perturbation for layer: layer3.0.conv1, original output shape: torch.Size([32, 256, 28, 28]), perturbed activation shape: torch.Size([1, 256, 28, 28])
2026-02-13 04:10:45,441 - INFO - Applying perturbation for layer: layer2.3.conv3, original output shape: torch.Size([32, 512, 28, 28]), perturbed activation shape: torch.Size([1, 512, 28, 28])
2026-02-13 04:10:45,441 - INFO - Applying perturbation for layer: layer3.0.conv1, original output shape: torch.Size([32, 256, 28, 28]), perturbed activation shape: torch.Size([1, 256, 28, 28])
2026-02-13 04:10:45,465 - INFO - Applying perturbation for layer: layer2.3.conv3, original output shape: torch.Size([32, 512, 28, 28]), perturbed activation shape: torch.Size([1, 512, 28, 28])
2026-02-13 04:10:45,466 - INFO - Applying perturbation for layer: layer3.0.conv1, original output shape: torch.Size([32, 256, 28, 28]), perturbed activation shape: torch.Size([1, 256, 28, 28])
2026-02-13 04:10:45,490 - INFO - Applying perturbation for layer: layer2.3.conv3, original output shape: torch.Size([32, 512, 28, 28]), perturbed activation shape: torch.Size([1, 512, 28, 28])
2026-02-13 04:10:45,490 - INFO - Applying perturbation for layer: layer3.0.conv1, original output shape: torch.Size([32, 256, 28, 28]), perturbed activation shape: torch.Size([1, 256, 28, 28])
2026-02-13 04:10:45,516 - INFO - Applying perturbation for layer: layer2.3.conv3, original output shape: torch.Size([32, 512, 28, 28]), perturbed activation shape: torch.Size([1, 512, 28, 28])
2026-02-13 04:10:45,516 - INFO - Applying perturbation for layer: layer3.0.conv1, original output shape: torch.Size([32, 256, 28, 28]), perturbed activation shape: torch.Size([1, 256, 28, 28])
2026-02-13 04:10:45,564 - INFO - Applying perturbation for layer: layer2.3.conv3, original output shape: torch.Size([32, 512, 28, 28]), perturbed activation shape: torch.Size([1, 512, 28, 28])
2026-02-13 04:10:45,564 - INFO - Applying perturbation for layer: layer3.0.conv1, original output shape: torch.Size([32, 256, 28, 28]), perturbed activation shape: torch.Size([1, 256, 28, 28])
2026-02-13 04:10:45,618 - INFO - Applying perturbation for layer: layer2.3.conv3, original output shape: torch.Size([32, 512, 28, 28]), perturbed activation shape: torch.Size([1, 512, 28, 28])
2026-02-13 04:10:45,618 - INFO - Applying perturbation for layer: layer3.0.conv1, original output shape: torch.Size([32, 256, 28, 28]), perturbed activation shape: torch.Size([1, 256, 28, 28])
2026-02-13 04:10:45,671 - INFO - Applying perturbation for layer: layer2.3.conv3, original output shape: torch.Size([32, 512, 28, 28]), perturbed activation shape: torch.Size([1, 512, 28, 28])
2026-02-13 04:10:45,671 - INFO - Applying perturbation for layer: layer3.0.conv1, original output shape: torch.Size([32, 256, 28, 28]), perturbed activation shape: torch.Size([1, 256, 28, 28])
2026-02-13 04:10:45,704 - INFO - Applying perturbation for layer: layer2.3.conv3, original output shape: torch.Size([32, 512, 28, 28]), perturbed activation shape: torch.Size([1, 512, 28, 28])
2026-02-13 04:10:45,704 - INFO - Applying perturbation for layer: layer3.0.conv1, original output shape: torch.Size([32, 256, 28, 28]), perturbed activation shape: torch.Size([1, 256, 28, 28])
2026-02-13 04:10:45,746 - INFO - Applying perturbation for layer: layer2.3.conv3, original output shape: torch.Size([32, 512, 28, 28]), perturbed activation shape: torch.Size([1, 512, 28, 28])
2026-02-13 04:10:45,746 - INFO - Applying perturbation for layer: layer3.0.conv1, original output shape: torch.Size([32, 256, 28, 28]), perturbed activation shape: torch.Size([1, 256, 28, 28])
2026-02-13 04:10:45,799 - INFO - Applying perturbation for layer: layer2.3.conv3, original output shape: torch.Size([32, 512, 28, 28]), perturbed activation shape: torch.Size([1, 512, 28, 28])
2026-02-13 04:10:45,799 - INFO - Applying perturbation for layer: layer3.0.conv1, original output shape: torch.Size([32, 256, 28, 28]), perturbed activation shape: torch.Size([1, 256, 28, 28])
2026-02-13 04:10:45,852 - INFO - Applying perturbation for layer: layer2.3.conv3, original output shape: torch.Size([32, 512, 28, 28]), perturbed activation shape: torch.Size([1, 512, 28, 28])
2026-02-13 04:10:45,852 - INFO - Applying perturbation for layer: layer3.0.conv1, original output shape: torch.Size([32, 256, 28, 28]), perturbed activation shape: torch.Size([1, 256, 28, 28])
2026-02-13 04:10:45,892 - INFO - Applying perturbation for layer: layer2.3.conv3, original output shape: torch.Size([32, 512, 28, 28]), perturbed activation shape: torch.Size([1, 512, 28, 28])
2026-02-13 04:10:45,892 - INFO - Applying perturbation for layer: layer3.0.conv1, original output shape: torch.Size([32, 256, 28, 28]), perturbed activation shape: torch.Size([1, 256, 28, 28])
2026-02-13 04:10:45,916 - INFO - Applying perturbation for layer: layer2.3.conv3, original output shape: torch.Size([32, 512, 28, 28]), perturbed activation shape: torch.Size([1, 512, 28, 28])
2026-02-13 04:10:45,916 - INFO - Applying perturbation for layer: layer3.0.conv1, original output shape: torch.Size([32, 256, 28, 28]), perturbed activation shape: torch.Size([1, 256, 28, 28])
2026-02-13 04:10:45,940 - INFO - Applying perturbation for layer: layer2.3.conv3, original output shape: torch.Size([32, 512, 28, 28]), perturbed activation shape: torch.Size([1, 512, 28, 28])
2026-02-13 04:10:45,940 - INFO - Applying perturbation for layer: layer3.0.conv1, original output shape: torch.Size([32, 256, 28, 28]), perturbed activation shape: torch.Size([1, 256, 28, 28])
2026-02-13 04:10:45,964 - INFO - Applying perturbation for layer: layer2.3.conv3, original output shape: torch.Size([32, 512, 28, 28]), perturbed activation shape: torch.Size([1, 512, 28, 28])
2026-02-13 04:10:45,965 - INFO - Applying perturbation for layer: layer3.0.conv1, original output shape: torch.Size([32, 256, 28, 28]), perturbed activation shape: torch.Size([1, 256, 28, 28])
2026-02-13 04:10:45,989 - INFO - Applying perturbation for layer: layer2.3.conv3, original output shape: torch.Size([32, 512, 28, 28]), perturbed activation shape: torch.Size([1, 512, 28, 28])
2026-02-13 04:10:45,989 - INFO - Applying perturbation for layer: layer3.0.conv1, original output shape: torch.Size([32, 256, 28, 28]), perturbed activation shape: torch.Size([1, 256, 28, 28])
2026-02-13 04:10:46,013 - INFO - Applying perturbation for layer: layer2.3.conv3, original output shape: torch.Size([32, 512, 28, 28]), perturbed activation shape: torch.Size([1, 512, 28, 28])
2026-02-13 04:10:46,013 - INFO - Applying perturbation for layer: layer3.0.conv1, original output shape: torch.Size([32, 256, 28, 28]), perturbed activation shape: torch.Size([1, 256, 28, 28])
2026-02-13 04:10:46,037 - INFO - Applying perturbation for layer: layer2.3.conv3, original output shape: torch.Size([32, 512, 28, 28]), perturbed activation shape: torch.Size([1, 512, 28, 28])
2026-02-13 04:10:46,037 - INFO - Applying perturbation for layer: layer3.0.conv1, original output shape: torch.Size([32, 256, 28, 28]), perturbed activation shape: torch.Size([1, 256, 28, 28])
2026-02-13 04:10:46,061 - INFO - Applying perturbation for layer: layer2.3.conv3, original output shape: torch.Size([32, 512, 28, 28]), perturbed activation shape: torch.Size([1, 512, 28, 28])
2026-02-13 04:10:46,061 - INFO - Applying perturbation for layer: layer3.0.conv1, original output shape: torch.Size([32, 256, 28, 28]), perturbed activation shape: torch.Size([1, 256, 28, 28])
2026-02-13 04:10:46,085 - INFO - Applying perturbation for layer: layer2.3.conv3, original output shape: torch.Size([32, 512, 28, 28]), perturbed activation shape: torch.Size([1, 512, 28, 28])
2026-02-13 04:10:46,085 - INFO - Applying perturbation for layer: layer3.0.conv1, original output shape: torch.Size([32, 256, 28, 28]), perturbed activation shape: torch.Size([1, 256, 28, 28])
2026-02-13 04:10:46,109 - INFO - Applying perturbation for layer: layer2.3.conv3, original output shape: torch.Size([32, 512, 28, 28]), perturbed activation shape: torch.Size([1, 512, 28, 28])
2026-02-13 04:10:46,109 - INFO - Applying perturbation for layer: layer3.0.conv1, original output shape: torch.Size([32, 256, 28, 28]), perturbed activation shape: torch.Size([1, 256, 28, 28])
2026-02-13 04:10:46,133 - INFO - Applying perturbation for layer: layer2.3.conv3, original output shape: torch.Size([32, 512, 28, 28]), perturbed activation shape: torch.Size([1, 512, 28, 28])
2026-02-13 04:10:46,133 - INFO - Applying perturbation for layer: layer3.0.conv1, original output shape: torch.Size([32, 256, 28, 28]), perturbed activation shape: torch.Size([1, 256, 28, 28])
2026-02-13 04:10:46,157 - INFO - Applying perturbation for layer: layer2.3.conv3, original output shape: torch.Size([32, 512, 28, 28]), perturbed activation shape: torch.Size([1, 512, 28, 28])
2026-02-13 04:10:46,157 - INFO - Applying perturbation for layer: layer3.0.conv1, original output shape: torch.Size([32, 256, 28, 28]), perturbed activation shape: torch.Size([1, 256, 28, 28])
2026-02-13 04:10:46,181 - INFO - Applying perturbation for layer: layer2.3.conv3, original output shape: torch.Size([32, 512, 28, 28]), perturbed activation shape: torch.Size([1, 512, 28, 28])
2026-02-13 04:10:46,182 - INFO - Applying perturbation for layer: layer3.0.conv1, original output shape: torch.Size([32, 256, 28, 28]), perturbed activation shape: torch.Size([1, 256, 28, 28])
2026-02-13 04:10:46,205 - INFO - Applying perturbation for layer: layer2.3.conv3, original output shape: torch.Size([32, 512, 28, 28]), perturbed activation shape: torch.Size([1, 512, 28, 28])
2026-02-13 04:10:46,206 - INFO - Applying perturbation for layer: layer3.0.conv1, original output shape: torch.Size([32, 256, 28, 28]), perturbed activation shape: torch.Size([1, 256, 28, 28])
2026-02-13 04:10:46,230 - INFO - Applying perturbation for layer: layer2.3.conv3, original output shape: torch.Size([32, 512, 28, 28]), perturbed activation shape: torch.Size([1, 512, 28, 28])
2026-02-13 04:10:46,230 - INFO - Applying perturbation for layer: layer3.0.conv1, original output shape: torch.Size([32, 256, 28, 28]), perturbed activation shape: torch.Size([1, 256, 28, 28])
2026-02-13 04:10:46,254 - INFO - Applying perturbation for layer: layer2.3.conv3, original output shape: torch.Size([32, 512, 28, 28]), perturbed activation shape: torch.Size([1, 512, 28, 28])
2026-02-13 04:10:46,254 - INFO - Applying perturbation for layer: layer3.0.conv1, original output shape: torch.Size([32, 256, 28, 28]), perturbed activation shape: torch.Size([1, 256, 28, 28])
2026-02-13 04:10:46,541 - INFO - ================================================================================
2026-02-13 04:10:46,541 - INFO - Target layer found: layer1.2.conv3
2026-02-13 04:10:46,543 - INFO - Captured activation for layer: layer1.2.conv3,                 activation shape: torch.Size([32, 256, 56, 56])
2026-02-13 04:10:46,545 - INFO - Captured activation for layer: layer1.2.conv3, activation shape: torch.Size([32, 256, 56, 56])
2026-02-13 04:10:46,546 - INFO - Captured activation for layer: layer1.2.conv3,                 activation shape: torch.Size([32, 256, 56, 56])
2026-02-13 04:10:46,548 - INFO - Captured activation for layer: layer1.2.conv3, activation shape: torch.Size([32, 256, 56, 56])
2026-02-13 04:10:46,548 - INFO - Captured activation for layer: layer1.2.conv3,                 activation shape: torch.Size([32, 256, 56, 56])
2026-02-13 04:10:46,550 - INFO - Captured activation for layer: layer1.2.conv3, activation shape: torch.Size([32, 256, 56, 56])
2026-02-13 04:10:46,551 - INFO - Captured activation for layer: layer1.2.conv3,                 activation shape: torch.Size([32, 256, 56, 56])
2026-02-13 04:10:46,552 - INFO - Captured activation for layer: layer1.2.conv3, activation shape: torch.Size([32, 256, 56, 56])
2026-02-13 04:10:46,553 - INFO - Captured activation for layer: layer1.2.conv3,                 activation shape: torch.Size([32, 256, 56, 56])
2026-02-13 04:10:46,554 - INFO - Captured activation for layer: layer1.2.conv3, activation shape: torch.Size([32, 256, 56, 56])
2026-02-13 04:10:46,555 - INFO - Captured activation for layer: layer1.2.conv3,                 activation shape: torch.Size([32, 256, 56, 56])
2026-02-13 04:10:46,562 - INFO - Captured activation for layer: layer1.2.conv3, activation shape: torch.Size([32, 256, 56, 56])
2026-02-13 04:10:46,564 - INFO - Captured activation for layer: layer1.2.conv3,                 activation shape: torch.Size([32, 256, 56, 56])
2026-02-13 04:10:46,574 - INFO - Captured activation for layer: layer1.2.conv3, activation shape: torch.Size([32, 256, 56, 56])
2026-02-13 04:10:46,576 - INFO - Captured activation for layer: layer1.2.conv3,                 activation shape: torch.Size([32, 256, 56, 56])
2026-02-13 04:10:46,587 - INFO - Captured activation for layer: layer1.2.conv3, activation shape: torch.Size([32, 256, 56, 56])
2026-02-13 04:10:46,588 - INFO - Captured activation for layer: layer1.2.conv3,                 activation shape: torch.Size([32, 256, 56, 56])
2026-02-13 04:10:46,599 - INFO - Captured activation for layer: layer1.2.conv3, activation shape: torch.Size([32, 256, 56, 56])
2026-02-13 04:10:46,600 - INFO - Captured activation for layer: layer1.2.conv3,                 activation shape: torch.Size([32, 256, 56, 56])
2026-02-13 04:10:46,611 - INFO - Captured activation for layer: layer1.2.conv3, activation shape: torch.Size([32, 256, 56, 56])
2026-02-13 04:10:46,613 - INFO - Captured activation for layer: layer1.2.conv3,                 activation shape: torch.Size([32, 256, 56, 56])
2026-02-13 04:10:46,623 - INFO - Captured activation for layer: layer1.2.conv3, activation shape: torch.Size([32, 256, 56, 56])
2026-02-13 04:10:46,625 - INFO - Captured activation for layer: layer1.2.conv3,                 activation shape: torch.Size([32, 256, 56, 56])
2026-02-13 04:10:46,636 - INFO - Captured activation for layer: layer1.2.conv3, activation shape: torch.Size([32, 256, 56, 56])
2026-02-13 04:10:46,637 - INFO - Captured activation for layer: layer1.2.conv3,                 activation shape: torch.Size([32, 256, 56, 56])
2026-02-13 04:10:46,648 - INFO - Captured activation for layer: layer1.2.conv3, activation shape: torch.Size([32, 256, 56, 56])
2026-02-13 04:10:46,650 - INFO - Captured activation for layer: layer1.2.conv3,                 activation shape: torch.Size([32, 256, 56, 56])
2026-02-13 04:10:46,660 - INFO - Captured activation for layer: layer1.2.conv3, activation shape: torch.Size([32, 256, 56, 56])
2026-02-13 04:10:46,662 - INFO - Captured activation for layer: layer1.2.conv3,                 activation shape: torch.Size([32, 256, 56, 56])
2026-02-13 04:10:46,672 - INFO - Captured activation for layer: layer1.2.conv3, activation shape: torch.Size([32, 256, 56, 56])
2026-02-13 04:10:46,674 - INFO - Captured activation for layer: layer1.2.conv3,                 activation shape: torch.Size([32, 256, 56, 56])
2026-02-13 04:10:46,685 - INFO - Captured activation for layer: layer1.2.conv3, activation shape: torch.Size([32, 256, 56, 56])
2026-02-13 04:10:46,686 - INFO - Captured activation for layer: layer1.2.conv3,                 activation shape: torch.Size([32, 256, 56, 56])
2026-02-13 04:10:46,697 - INFO - Captured activation for layer: layer1.2.conv3, activation shape: torch.Size([32, 256, 56, 56])
2026-02-13 04:10:46,699 - INFO - Captured activation for layer: layer1.2.conv3,                 activation shape: torch.Size([32, 256, 56, 56])
2026-02-13 04:10:46,709 - INFO - Captured activation for layer: layer1.2.conv3, activation shape: torch.Size([32, 256, 56, 56])
2026-02-13 04:10:46,711 - INFO - Captured activation for layer: layer1.2.conv3,                 activation shape: torch.Size([32, 256, 56, 56])
2026-02-13 04:10:46,721 - INFO - Captured activation for layer: layer1.2.conv3, activation shape: torch.Size([32, 256, 56, 56])
2026-02-13 04:10:46,723 - INFO - Captured activation for layer: layer1.2.conv3,                 activation shape: torch.Size([32, 256, 56, 56])
2026-02-13 04:10:46,734 - INFO - Captured activation for layer: layer1.2.conv3, activation shape: torch.Size([32, 256, 56, 56])
2026-02-13 04:10:46,735 - INFO - Captured activation for layer: layer1.2.conv3,                 activation shape: torch.Size([32, 256, 56, 56])
2026-02-13 04:10:46,746 - INFO - Captured activation for layer: layer1.2.conv3, activation shape: torch.Size([32, 256, 56, 56])
2026-02-13 04:10:46,748 - INFO - Captured activation for layer: layer1.2.conv3,                 activation shape: torch.Size([32, 256, 56, 56])
2026-02-13 04:10:46,758 - INFO - Captured activation for layer: layer1.2.conv3, activation shape: torch.Size([32, 256, 56, 56])
2026-02-13 04:10:46,760 - INFO - Captured activation for layer: layer1.2.conv3,                 activation shape: torch.Size([32, 256, 56, 56])
2026-02-13 04:10:46,771 - INFO - Captured activation for layer: layer1.2.conv3, activation shape: torch.Size([32, 256, 56, 56])
2026-02-13 04:10:46,772 - INFO - Captured activation for layer: layer1.2.conv3,                 activation shape: torch.Size([32, 256, 56, 56])
2026-02-13 04:10:46,783 - INFO - Captured activation for layer: layer1.2.conv3, activation shape: torch.Size([32, 256, 56, 56])
2026-02-13 04:10:46,784 - INFO - Captured activation for layer: layer1.2.conv3,                 activation shape: torch.Size([32, 256, 56, 56])
2026-02-13 04:10:46,795 - INFO - Captured activation for layer: layer1.2.conv3, activation shape: torch.Size([32, 256, 56, 56])
2026-02-13 04:10:46,797 - INFO - Captured activation for layer: layer1.2.conv3,                 activation shape: torch.Size([32, 256, 56, 56])
2026-02-13 04:10:46,807 - INFO - Captured activation for layer: layer1.2.conv3, activation shape: torch.Size([32, 256, 56, 56])
2026-02-13 04:10:46,809 - INFO - Captured activation for layer: layer1.2.conv3,                 activation shape: torch.Size([32, 256, 56, 56])
2026-02-13 04:10:46,820 - INFO - Captured activation for layer: layer1.2.conv3, activation shape: torch.Size([32, 256, 56, 56])
2026-02-13 04:10:46,821 - INFO - Captured activation for layer: layer1.2.conv3,                 activation shape: torch.Size([32, 256, 56, 56])
2026-02-13 04:10:46,832 - INFO - Captured activation for layer: layer1.2.conv3, activation shape: torch.Size([32, 256, 56, 56])
2026-02-13 04:10:46,833 - INFO - Captured activation for layer: layer1.2.conv3,                 activation shape: torch.Size([32, 256, 56, 56])
2026-02-13 04:10:46,844 - INFO - Captured activation for layer: layer1.2.conv3, activation shape: torch.Size([32, 256, 56, 56])
2026-02-13 04:10:46,846 - INFO - Captured activation for layer: layer1.2.conv3,                 activation shape: torch.Size([32, 256, 56, 56])
2026-02-13 04:10:46,856 - INFO - Captured activation for layer: layer1.2.conv3, activation shape: torch.Size([32, 256, 56, 56])
2026-02-13 04:10:46,858 - INFO - Captured activation for layer: layer1.2.conv3,                 activation shape: torch.Size([32, 256, 56, 56])
2026-02-13 04:10:46,869 - INFO - Captured activation for layer: layer1.2.conv3, activation shape: torch.Size([32, 256, 56, 56])
2026-02-13 04:10:46,870 - INFO - Captured activation for layer: layer1.2.conv3,                 activation shape: torch.Size([32, 256, 56, 56])
2026-02-13 04:10:46,881 - INFO - Captured activation for layer: layer1.2.conv3, activation shape: torch.Size([32, 256, 56, 56])
2026-02-13 04:10:46,882 - INFO - Captured activation for layer: layer1.2.conv3,                 activation shape: torch.Size([32, 256, 56, 56])
2026-02-13 04:10:46,893 - INFO - Captured activation for layer: layer1.2.conv3, activation shape: torch.Size([32, 256, 56, 56])
2026-02-13 04:10:46,895 - INFO - Captured activation for layer: layer1.2.conv3,                 activation shape: torch.Size([32, 256, 56, 56])
2026-02-13 04:10:46,905 - INFO - Captured activation for layer: layer1.2.conv3, activation shape: torch.Size([32, 256, 56, 56])
2026-02-13 04:10:46,907 - INFO - Captured activation for layer: layer1.2.conv3,                 activation shape: torch.Size([32, 256, 56, 56])
2026-02-13 04:10:46,918 - INFO - Captured activation for layer: layer1.2.conv3, activation shape: torch.Size([32, 256, 56, 56])
2026-02-13 04:10:46,919 - INFO - Captured activation for layer: layer1.2.conv3,                 activation shape: torch.Size([32, 256, 56, 56])
2026-02-13 04:10:46,930 - INFO - Captured activation for layer: layer1.2.conv3, activation shape: torch.Size([32, 256, 56, 56])
2026-02-13 04:10:46,932 - INFO - Captured activation for layer: layer1.2.conv3,                 activation shape: torch.Size([32, 256, 56, 56])
2026-02-13 04:10:46,942 - INFO - Captured activation for layer: layer1.2.conv3, activation shape: torch.Size([32, 256, 56, 56])
2026-02-13 04:10:46,944 - INFO - Captured activation for layer: layer1.2.conv3,                 activation shape: torch.Size([32, 256, 56, 56])
2026-02-13 04:10:46,955 - INFO - Captured activation for layer: layer1.2.conv3, activation shape: torch.Size([32, 256, 56, 56])
2026-02-13 04:10:46,956 - INFO - Captured activation for layer: layer1.2.conv3,                 activation shape: torch.Size([32, 256, 56, 56])
2026-02-13 04:10:46,967 - INFO - Captured activation for layer: layer1.2.conv3, activation shape: torch.Size([32, 256, 56, 56])
2026-02-13 04:10:46,968 - INFO - Captured activation for layer: layer1.2.conv3,                 activation shape: torch.Size([32, 256, 56, 56])
2026-02-13 04:10:46,979 - INFO - Captured activation for layer: layer1.2.conv3, activation shape: torch.Size([32, 256, 56, 56])
2026-02-13 04:10:46,981 - INFO - Captured activation for layer: layer1.2.conv3,                 activation shape: torch.Size([32, 256, 56, 56])
2026-02-13 04:10:46,991 - INFO - Captured activation for layer: layer1.2.conv3, activation shape: torch.Size([32, 256, 56, 56])
2026-02-13 04:10:46,993 - INFO - Captured activation for layer: layer1.2.conv3,                 activation shape: torch.Size([32, 256, 56, 56])
2026-02-13 04:10:47,004 - INFO - Captured activation for layer: layer1.2.conv3, activation shape: torch.Size([32, 256, 56, 56])
2026-02-13 04:10:47,005 - INFO - Captured activation for layer: layer1.2.conv3,                 activation shape: torch.Size([32, 256, 56, 56])
2026-02-13 04:10:47,016 - INFO - Captured activation for layer: layer1.2.conv3, activation shape: torch.Size([32, 256, 56, 56])
2026-02-13 04:10:47,018 - INFO - Captured activation for layer: layer1.2.conv3,                 activation shape: torch.Size([32, 256, 56, 56])
2026-02-13 04:10:47,028 - INFO - Captured activation for layer: layer1.2.conv3, activation shape: torch.Size([32, 256, 56, 56])
2026-02-13 04:10:47,030 - INFO - Captured activation for layer: layer1.2.conv3,                 activation shape: torch.Size([32, 256, 56, 56])
2026-02-13 04:10:47,040 - INFO - Captured activation for layer: layer1.2.conv3, activation shape: torch.Size([32, 256, 56, 56])
2026-02-13 04:10:47,042 - INFO - Captured activation for layer: layer1.2.conv3,                 activation shape: torch.Size([32, 256, 56, 56])
2026-02-13 04:10:47,053 - INFO - Captured activation for layer: layer1.2.conv3, activation shape: torch.Size([32, 256, 56, 56])
2026-02-13 04:10:47,054 - INFO - Captured activation for layer: layer1.2.conv3,                 activation shape: torch.Size([32, 256, 56, 56])
2026-02-13 04:10:47,065 - INFO - Captured activation for layer: layer1.2.conv3, activation shape: torch.Size([32, 256, 56, 56])
2026-02-13 04:10:47,067 - INFO - Captured activation for layer: layer1.2.conv3,                 activation shape: torch.Size([32, 256, 56, 56])
2026-02-13 04:10:47,077 - INFO - Captured activation for layer: layer1.2.conv3, activation shape: torch.Size([32, 256, 56, 56])
2026-02-13 04:10:47,079 - INFO - Captured activation for layer: layer1.2.conv3,                 activation shape: torch.Size([32, 256, 56, 56])
2026-02-13 04:10:47,090 - INFO - Captured activation for layer: layer1.2.conv3, activation shape: torch.Size([32, 256, 56, 56])
2026-02-13 04:10:47,091 - INFO - Captured activation for layer: layer1.2.conv3,                 activation shape: torch.Size([32, 256, 56, 56])
2026-02-13 04:10:47,102 - INFO - Captured activation for layer: layer1.2.conv3, activation shape: torch.Size([32, 256, 56, 56])
2026-02-13 04:10:47,103 - INFO - Captured activation for layer: layer1.2.conv3,                 activation shape: torch.Size([32, 256, 56, 56])
2026-02-13 04:10:47,114 - INFO - Captured activation for layer: layer1.2.conv3, activation shape: torch.Size([32, 256, 56, 56])
2026-02-13 04:10:47,116 - INFO - Captured activation for layer: layer1.2.conv3,                 activation shape: torch.Size([32, 256, 56, 56])
2026-02-13 04:10:47,126 - INFO - Captured activation for layer: layer1.2.conv3, activation shape: torch.Size([32, 256, 56, 56])
2026-02-13 04:10:47,128 - INFO - Captured activation for layer: layer1.2.conv3,                 activation shape: torch.Size([32, 256, 56, 56])
2026-02-13 04:10:47,139 - INFO - Captured activation for layer: layer1.2.conv3, activation shape: torch.Size([32, 256, 56, 56])
2026-02-13 04:10:47,140 - INFO - Captured activation for layer: layer1.2.conv3,                 activation shape: torch.Size([32, 256, 56, 56])
2026-02-13 04:10:47,151 - INFO - Captured activation for layer: layer1.2.conv3, activation shape: torch.Size([32, 256, 56, 56])
2026-02-13 04:10:47,153 - INFO - Captured activation for layer: layer1.2.conv3,                 activation shape: torch.Size([32, 256, 56, 56])
2026-02-13 04:10:47,163 - INFO - Captured activation for layer: layer1.2.conv3, activation shape: torch.Size([32, 256, 56, 56])
2026-02-13 04:10:47,165 - INFO - Captured activation for layer: layer1.2.conv3,                 activation shape: torch.Size([32, 256, 56, 56])
2026-02-13 04:10:47,176 - INFO - Captured activation for layer: layer1.2.conv3, activation shape: torch.Size([32, 256, 56, 56])
2026-02-13 04:10:47,177 - INFO - Captured activation for layer: layer1.2.conv3,                 activation shape: torch.Size([32, 256, 56, 56])
2026-02-13 04:10:47,188 - INFO - Captured activation for layer: layer1.2.conv3, activation shape: torch.Size([32, 256, 56, 56])
2026-02-13 04:10:47,189 - INFO - Captured activation for layer: layer1.2.conv3,                 activation shape: torch.Size([32, 256, 56, 56])
2026-02-13 04:10:47,200 - INFO - Captured activation for layer: layer1.2.conv3, activation shape: torch.Size([32, 256, 56, 56])
2026-02-13 04:10:47,202 - INFO - Captured activation for layer: layer1.2.conv3,                 activation shape: torch.Size([32, 256, 56, 56])
2026-02-13 04:10:47,212 - INFO - Captured activation for layer: layer1.2.conv3, activation shape: torch.Size([32, 256, 56, 56])
2026-02-13 04:10:47,214 - INFO - Captured activation for layer: layer1.2.conv3,                 activation shape: torch.Size([32, 256, 56, 56])
2026-02-13 04:10:47,225 - INFO - Captured activation for layer: layer1.2.conv3, activation shape: torch.Size([32, 256, 56, 56])
2026-02-13 04:10:47,226 - INFO - Captured activation for layer: layer1.2.conv3,                 activation shape: torch.Size([32, 256, 56, 56])
2026-02-13 04:10:47,237 - INFO - Captured activation for layer: layer1.2.conv3, activation shape: torch.Size([32, 256, 56, 56])
2026-02-13 04:10:47,238 - INFO - Captured activation for layer: layer1.2.conv3,                 activation shape: torch.Size([32, 256, 56, 56])
2026-02-13 04:10:47,250 - INFO - Captured activation for layer: layer1.2.conv3, activation shape: torch.Size([32, 256, 56, 56])
2026-02-13 04:10:47,252 - INFO - Captured activation for layer: layer1.2.conv3,                 activation shape: torch.Size([32, 256, 56, 56])
2026-02-13 04:10:47,273 - INFO - Captured activation for layer: layer1.2.conv3, activation shape: torch.Size([32, 256, 56, 56])
2026-02-13 04:10:47,277 - INFO - Captured activation for layer: layer1.2.conv3,                 activation shape: torch.Size([32, 256, 56, 56])
2026-02-13 04:10:47,299 - INFO - Captured activation for layer: layer1.2.conv3, activation shape: torch.Size([32, 256, 56, 56])
2026-02-13 04:10:47,304 - INFO - Captured activation for layer: layer1.2.conv3,                 activation shape: torch.Size([32, 256, 56, 56])
2026-02-13 04:10:47,326 - INFO - Captured activation for layer: layer1.2.conv3, activation shape: torch.Size([32, 256, 56, 56])
2026-02-13 04:10:47,330 - INFO - Captured activation for layer: layer1.2.conv3,                 activation shape: torch.Size([32, 256, 56, 56])
2026-02-13 04:10:47,354 - INFO - Captured activation for layer: layer1.2.conv3, activation shape: torch.Size([32, 256, 56, 56])
2026-02-13 04:10:47,354 - INFO - Stacked activations shape for layer layer1.2.conv3: torch.Size([2112, 256, 56, 56])
2026-02-13 04:10:47,354 - INFO - Using mean replacement for perturbation.
2026-02-13 04:10:47,654 - INFO - Perturbed activation  values: tensor([ 0.0009,  0.0006,  0.0007,  ..., -0.0492, -0.0618, -0.0729],
       device='cuda:0')
2026-02-13 04:10:47,687 - INFO - Standard deviation of activations for layer layer1.2.conv3: 0.0219
2026-02-13 04:10:47,687 - INFO - Checking normality of activations for layer layer1.2.conv3 using Shapiro-Wilk test.
2026-02-13 04:11:42,373 - INFO - Shapiro-Wilk test: statistic=0.8568, p-value=1.9109e-55
2026-02-13 04:11:42,373 - INFO - Normally distributed: False
2026-02-13 04:11:42,373 - INFO - Perturbed activation shape: torch.Size([1, 256, 56, 56]), Std activation shape: torch.Size([1, 256, 56, 56])
2026-02-13 04:11:42,383 - INFO - Std activation sample values: tensor([0.0040, 0.0022, 0.0023, 0.0025, 0.0024], device='cuda:0')
2026-02-13 04:11:42,400 - INFO - Target layer found: layer2.3.conv3
2026-02-13 04:11:42,402 - INFO - Captured activation for layer: layer2.3.conv3,                 activation shape: torch.Size([32, 512, 28, 28])
2026-02-13 04:11:42,403 - INFO - Captured activation for layer: layer2.3.conv3, activation shape: torch.Size([32, 512, 28, 28])
2026-02-13 04:11:42,405 - INFO - Captured activation for layer: layer2.3.conv3,                 activation shape: torch.Size([32, 512, 28, 28])
2026-02-13 04:11:42,406 - INFO - Captured activation for layer: layer2.3.conv3, activation shape: torch.Size([32, 512, 28, 28])
2026-02-13 04:11:42,407 - INFO - Captured activation for layer: layer2.3.conv3,                 activation shape: torch.Size([32, 512, 28, 28])
2026-02-13 04:11:42,408 - INFO - Captured activation for layer: layer2.3.conv3, activation shape: torch.Size([32, 512, 28, 28])
2026-02-13 04:11:42,409 - INFO - Captured activation for layer: layer2.3.conv3,                 activation shape: torch.Size([32, 512, 28, 28])
2026-02-13 04:11:42,411 - INFO - Captured activation for layer: layer2.3.conv3, activation shape: torch.Size([32, 512, 28, 28])
2026-02-13 04:11:42,411 - INFO - Captured activation for layer: layer2.3.conv3,                 activation shape: torch.Size([32, 512, 28, 28])
2026-02-13 04:11:42,413 - INFO - Captured activation for layer: layer2.3.conv3, activation shape: torch.Size([32, 512, 28, 28])
2026-02-13 04:11:42,414 - INFO - Captured activation for layer: layer2.3.conv3,                 activation shape: torch.Size([32, 512, 28, 28])
2026-02-13 04:11:42,420 - INFO - Captured activation for layer: layer2.3.conv3, activation shape: torch.Size([32, 512, 28, 28])
2026-02-13 04:11:42,422 - INFO - Captured activation for layer: layer2.3.conv3,                 activation shape: torch.Size([32, 512, 28, 28])
2026-02-13 04:11:42,432 - INFO - Captured activation for layer: layer2.3.conv3, activation shape: torch.Size([32, 512, 28, 28])
2026-02-13 04:11:42,434 - INFO - Captured activation for layer: layer2.3.conv3,                 activation shape: torch.Size([32, 512, 28, 28])
2026-02-13 04:11:42,444 - INFO - Captured activation for layer: layer2.3.conv3, activation shape: torch.Size([32, 512, 28, 28])
2026-02-13 04:11:42,446 - INFO - Captured activation for layer: layer2.3.conv3,                 activation shape: torch.Size([32, 512, 28, 28])
2026-02-13 04:11:42,456 - INFO - Captured activation for layer: layer2.3.conv3, activation shape: torch.Size([32, 512, 28, 28])
2026-02-13 04:11:42,458 - INFO - Captured activation for layer: layer2.3.conv3,                 activation shape: torch.Size([32, 512, 28, 28])
2026-02-13 04:11:42,468 - INFO - Captured activation for layer: layer2.3.conv3, activation shape: torch.Size([32, 512, 28, 28])
2026-02-13 04:11:42,470 - INFO - Captured activation for layer: layer2.3.conv3,                 activation shape: torch.Size([32, 512, 28, 28])
2026-02-13 04:11:42,480 - INFO - Captured activation for layer: layer2.3.conv3, activation shape: torch.Size([32, 512, 28, 28])
2026-02-13 04:11:42,482 - INFO - Captured activation for layer: layer2.3.conv3,                 activation shape: torch.Size([32, 512, 28, 28])
2026-02-13 04:11:42,492 - INFO - Captured activation for layer: layer2.3.conv3, activation shape: torch.Size([32, 512, 28, 28])
2026-02-13 04:11:42,494 - INFO - Captured activation for layer: layer2.3.conv3,                 activation shape: torch.Size([32, 512, 28, 28])
2026-02-13 04:11:42,504 - INFO - Captured activation for layer: layer2.3.conv3, activation shape: torch.Size([32, 512, 28, 28])
2026-02-13 04:11:42,506 - INFO - Captured activation for layer: layer2.3.conv3,                 activation shape: torch.Size([32, 512, 28, 28])
2026-02-13 04:11:42,515 - INFO - Captured activation for layer: layer2.3.conv3, activation shape: torch.Size([32, 512, 28, 28])
2026-02-13 04:11:42,518 - INFO - Captured activation for layer: layer2.3.conv3,                 activation shape: torch.Size([32, 512, 28, 28])
2026-02-13 04:11:42,528 - INFO - Captured activation for layer: layer2.3.conv3, activation shape: torch.Size([32, 512, 28, 28])
2026-02-13 04:11:42,530 - INFO - Captured activation for layer: layer2.3.conv3,                 activation shape: torch.Size([32, 512, 28, 28])
2026-02-13 04:11:42,539 - INFO - Captured activation for layer: layer2.3.conv3, activation shape: torch.Size([32, 512, 28, 28])
2026-02-13 04:11:42,542 - INFO - Captured activation for layer: layer2.3.conv3,                 activation shape: torch.Size([32, 512, 28, 28])
2026-02-13 04:11:42,552 - INFO - Captured activation for layer: layer2.3.conv3, activation shape: torch.Size([32, 512, 28, 28])
2026-02-13 04:11:42,554 - INFO - Captured activation for layer: layer2.3.conv3,                 activation shape: torch.Size([32, 512, 28, 28])
2026-02-13 04:11:42,564 - INFO - Captured activation for layer: layer2.3.conv3, activation shape: torch.Size([32, 512, 28, 28])
2026-02-13 04:11:42,566 - INFO - Captured activation for layer: layer2.3.conv3,                 activation shape: torch.Size([32, 512, 28, 28])
2026-02-13 04:11:42,576 - INFO - Captured activation for layer: layer2.3.conv3, activation shape: torch.Size([32, 512, 28, 28])
2026-02-13 04:11:42,578 - INFO - Captured activation for layer: layer2.3.conv3,                 activation shape: torch.Size([32, 512, 28, 28])
2026-02-13 04:11:42,587 - INFO - Captured activation for layer: layer2.3.conv3, activation shape: torch.Size([32, 512, 28, 28])
2026-02-13 04:11:42,590 - INFO - Captured activation for layer: layer2.3.conv3,                 activation shape: torch.Size([32, 512, 28, 28])
2026-02-13 04:11:42,599 - INFO - Captured activation for layer: layer2.3.conv3, activation shape: torch.Size([32, 512, 28, 28])
2026-02-13 04:11:42,602 - INFO - Captured activation for layer: layer2.3.conv3,                 activation shape: torch.Size([32, 512, 28, 28])
2026-02-13 04:11:42,611 - INFO - Captured activation for layer: layer2.3.conv3, activation shape: torch.Size([32, 512, 28, 28])
2026-02-13 04:11:42,614 - INFO - Captured activation for layer: layer2.3.conv3,                 activation shape: torch.Size([32, 512, 28, 28])
2026-02-13 04:11:42,623 - INFO - Captured activation for layer: layer2.3.conv3, activation shape: torch.Size([32, 512, 28, 28])
2026-02-13 04:11:42,626 - INFO - Captured activation for layer: layer2.3.conv3,                 activation shape: torch.Size([32, 512, 28, 28])
2026-02-13 04:11:42,635 - INFO - Captured activation for layer: layer2.3.conv3, activation shape: torch.Size([32, 512, 28, 28])
2026-02-13 04:11:42,638 - INFO - Captured activation for layer: layer2.3.conv3,                 activation shape: torch.Size([32, 512, 28, 28])
2026-02-13 04:11:42,648 - INFO - Captured activation for layer: layer2.3.conv3, activation shape: torch.Size([32, 512, 28, 28])
2026-02-13 04:11:42,651 - INFO - Captured activation for layer: layer2.3.conv3,                 activation shape: torch.Size([32, 512, 28, 28])
2026-02-13 04:11:42,660 - INFO - Captured activation for layer: layer2.3.conv3, activation shape: torch.Size([32, 512, 28, 28])
2026-02-13 04:11:42,662 - INFO - Captured activation for layer: layer2.3.conv3,                 activation shape: torch.Size([32, 512, 28, 28])
2026-02-13 04:11:42,672 - INFO - Captured activation for layer: layer2.3.conv3, activation shape: torch.Size([32, 512, 28, 28])
2026-02-13 04:11:42,675 - INFO - Captured activation for layer: layer2.3.conv3,                 activation shape: torch.Size([32, 512, 28, 28])
2026-02-13 04:11:42,684 - INFO - Captured activation for layer: layer2.3.conv3, activation shape: torch.Size([32, 512, 28, 28])
2026-02-13 04:11:42,686 - INFO - Captured activation for layer: layer2.3.conv3,                 activation shape: torch.Size([32, 512, 28, 28])
2026-02-13 04:11:42,696 - INFO - Captured activation for layer: layer2.3.conv3, activation shape: torch.Size([32, 512, 28, 28])
2026-02-13 04:11:42,699 - INFO - Captured activation for layer: layer2.3.conv3,                 activation shape: torch.Size([32, 512, 28, 28])
2026-02-13 04:11:42,708 - INFO - Captured activation for layer: layer2.3.conv3, activation shape: torch.Size([32, 512, 28, 28])
2026-02-13 04:11:42,710 - INFO - Captured activation for layer: layer2.3.conv3,                 activation shape: torch.Size([32, 512, 28, 28])
2026-02-13 04:11:42,720 - INFO - Captured activation for layer: layer2.3.conv3, activation shape: torch.Size([32, 512, 28, 28])
2026-02-13 04:11:42,723 - INFO - Captured activation for layer: layer2.3.conv3,                 activation shape: torch.Size([32, 512, 28, 28])
2026-02-13 04:11:42,732 - INFO - Captured activation for layer: layer2.3.conv3, activation shape: torch.Size([32, 512, 28, 28])
2026-02-13 04:11:42,735 - INFO - Captured activation for layer: layer2.3.conv3,                 activation shape: torch.Size([32, 512, 28, 28])
2026-02-13 04:11:42,744 - INFO - Captured activation for layer: layer2.3.conv3, activation shape: torch.Size([32, 512, 28, 28])
2026-02-13 04:11:42,747 - INFO - Captured activation for layer: layer2.3.conv3,                 activation shape: torch.Size([32, 512, 28, 28])
2026-02-13 04:11:42,756 - INFO - Captured activation for layer: layer2.3.conv3, activation shape: torch.Size([32, 512, 28, 28])
2026-02-13 04:11:42,759 - INFO - Captured activation for layer: layer2.3.conv3,                 activation shape: torch.Size([32, 512, 28, 28])
2026-02-13 04:11:42,768 - INFO - Captured activation for layer: layer2.3.conv3, activation shape: torch.Size([32, 512, 28, 28])
2026-02-13 04:11:42,771 - INFO - Captured activation for layer: layer2.3.conv3,                 activation shape: torch.Size([32, 512, 28, 28])
2026-02-13 04:11:42,780 - INFO - Captured activation for layer: layer2.3.conv3, activation shape: torch.Size([32, 512, 28, 28])
2026-02-13 04:11:42,783 - INFO - Captured activation for layer: layer2.3.conv3,                 activation shape: torch.Size([32, 512, 28, 28])
2026-02-13 04:11:42,792 - INFO - Captured activation for layer: layer2.3.conv3, activation shape: torch.Size([32, 512, 28, 28])
2026-02-13 04:11:42,795 - INFO - Captured activation for layer: layer2.3.conv3,                 activation shape: torch.Size([32, 512, 28, 28])
2026-02-13 04:11:42,804 - INFO - Captured activation for layer: layer2.3.conv3, activation shape: torch.Size([32, 512, 28, 28])
2026-02-13 04:11:42,807 - INFO - Captured activation for layer: layer2.3.conv3,                 activation shape: torch.Size([32, 512, 28, 28])
2026-02-13 04:11:42,816 - INFO - Captured activation for layer: layer2.3.conv3, activation shape: torch.Size([32, 512, 28, 28])
2026-02-13 04:11:42,819 - INFO - Captured activation for layer: layer2.3.conv3,                 activation shape: torch.Size([32, 512, 28, 28])
2026-02-13 04:11:42,828 - INFO - Captured activation for layer: layer2.3.conv3, activation shape: torch.Size([32, 512, 28, 28])
2026-02-13 04:11:42,831 - INFO - Captured activation for layer: layer2.3.conv3,                 activation shape: torch.Size([32, 512, 28, 28])
2026-02-13 04:11:42,840 - INFO - Captured activation for layer: layer2.3.conv3, activation shape: torch.Size([32, 512, 28, 28])
2026-02-13 04:11:42,843 - INFO - Captured activation for layer: layer2.3.conv3,                 activation shape: torch.Size([32, 512, 28, 28])
2026-02-13 04:11:42,852 - INFO - Captured activation for layer: layer2.3.conv3, activation shape: torch.Size([32, 512, 28, 28])
2026-02-13 04:11:42,855 - INFO - Captured activation for layer: layer2.3.conv3,                 activation shape: torch.Size([32, 512, 28, 28])
2026-02-13 04:11:42,864 - INFO - Captured activation for layer: layer2.3.conv3, activation shape: torch.Size([32, 512, 28, 28])
2026-02-13 04:11:42,867 - INFO - Captured activation for layer: layer2.3.conv3,                 activation shape: torch.Size([32, 512, 28, 28])
2026-02-13 04:11:42,877 - INFO - Captured activation for layer: layer2.3.conv3, activation shape: torch.Size([32, 512, 28, 28])
2026-02-13 04:11:42,881 - INFO - Captured activation for layer: layer2.3.conv3,                 activation shape: torch.Size([32, 512, 28, 28])
2026-02-13 04:11:42,900 - INFO - Captured activation for layer: layer2.3.conv3, activation shape: torch.Size([32, 512, 28, 28])
2026-02-13 04:11:42,905 - INFO - Captured activation for layer: layer2.3.conv3,                 activation shape: torch.Size([32, 512, 28, 28])
2026-02-13 04:11:42,926 - INFO - Captured activation for layer: layer2.3.conv3, activation shape: torch.Size([32, 512, 28, 28])
2026-02-13 04:11:42,931 - INFO - Captured activation for layer: layer2.3.conv3,                 activation shape: torch.Size([32, 512, 28, 28])
2026-02-13 04:11:42,953 - INFO - Captured activation for layer: layer2.3.conv3, activation shape: torch.Size([32, 512, 28, 28])
2026-02-13 04:11:42,958 - INFO - Captured activation for layer: layer2.3.conv3,                 activation shape: torch.Size([32, 512, 28, 28])
2026-02-13 04:11:42,979 - INFO - Captured activation for layer: layer2.3.conv3, activation shape: torch.Size([32, 512, 28, 28])
2026-02-13 04:11:42,985 - INFO - Captured activation for layer: layer2.3.conv3,                 activation shape: torch.Size([32, 512, 28, 28])
2026-02-13 04:11:43,006 - INFO - Captured activation for layer: layer2.3.conv3, activation shape: torch.Size([32, 512, 28, 28])
2026-02-13 04:11:43,011 - INFO - Captured activation for layer: layer2.3.conv3,                 activation shape: torch.Size([32, 512, 28, 28])
2026-02-13 04:11:43,033 - INFO - Captured activation for layer: layer2.3.conv3, activation shape: torch.Size([32, 512, 28, 28])
2026-02-13 04:11:43,038 - INFO - Captured activation for layer: layer2.3.conv3,                 activation shape: torch.Size([32, 512, 28, 28])
2026-02-13 04:11:43,060 - INFO - Captured activation for layer: layer2.3.conv3, activation shape: torch.Size([32, 512, 28, 28])
2026-02-13 04:11:43,065 - INFO - Captured activation for layer: layer2.3.conv3,                 activation shape: torch.Size([32, 512, 28, 28])
2026-02-13 04:11:43,086 - INFO - Captured activation for layer: layer2.3.conv3, activation shape: torch.Size([32, 512, 28, 28])
2026-02-13 04:11:43,092 - INFO - Captured activation for layer: layer2.3.conv3,                 activation shape: torch.Size([32, 512, 28, 28])
2026-02-13 04:11:43,113 - INFO - Captured activation for layer: layer2.3.conv3, activation shape: torch.Size([32, 512, 28, 28])
2026-02-13 04:11:43,119 - INFO - Captured activation for layer: layer2.3.conv3,                 activation shape: torch.Size([32, 512, 28, 28])
2026-02-13 04:11:43,140 - INFO - Captured activation for layer: layer2.3.conv3, activation shape: torch.Size([32, 512, 28, 28])
2026-02-13 04:11:43,146 - INFO - Captured activation for layer: layer2.3.conv3,                 activation shape: torch.Size([32, 512, 28, 28])
2026-02-13 04:11:43,167 - INFO - Captured activation for layer: layer2.3.conv3, activation shape: torch.Size([32, 512, 28, 28])
2026-02-13 04:11:43,172 - INFO - Captured activation for layer: layer2.3.conv3,                 activation shape: torch.Size([32, 512, 28, 28])
2026-02-13 04:11:43,194 - INFO - Captured activation for layer: layer2.3.conv3, activation shape: torch.Size([32, 512, 28, 28])
2026-02-13 04:11:43,199 - INFO - Captured activation for layer: layer2.3.conv3,                 activation shape: torch.Size([32, 512, 28, 28])
2026-02-13 04:11:43,220 - INFO - Captured activation for layer: layer2.3.conv3, activation shape: torch.Size([32, 512, 28, 28])
2026-02-13 04:11:43,226 - INFO - Captured activation for layer: layer2.3.conv3,                 activation shape: torch.Size([32, 512, 28, 28])
2026-02-13 04:11:43,247 - INFO - Captured activation for layer: layer2.3.conv3, activation shape: torch.Size([32, 512, 28, 28])
2026-02-13 04:11:43,253 - INFO - Captured activation for layer: layer2.3.conv3,                 activation shape: torch.Size([32, 512, 28, 28])
2026-02-13 04:11:43,274 - INFO - Captured activation for layer: layer2.3.conv3, activation shape: torch.Size([32, 512, 28, 28])
2026-02-13 04:11:43,279 - INFO - Captured activation for layer: layer2.3.conv3,                 activation shape: torch.Size([32, 512, 28, 28])
2026-02-13 04:11:43,301 - INFO - Captured activation for layer: layer2.3.conv3, activation shape: torch.Size([32, 512, 28, 28])
2026-02-13 04:11:43,306 - INFO - Captured activation for layer: layer2.3.conv3,                 activation shape: torch.Size([32, 512, 28, 28])
2026-02-13 04:11:43,327 - INFO - Captured activation for layer: layer2.3.conv3, activation shape: torch.Size([32, 512, 28, 28])
2026-02-13 04:11:43,333 - INFO - Captured activation for layer: layer2.3.conv3,                 activation shape: torch.Size([32, 512, 28, 28])
2026-02-13 04:11:43,354 - INFO - Captured activation for layer: layer2.3.conv3, activation shape: torch.Size([32, 512, 28, 28])
2026-02-13 04:11:43,359 - INFO - Captured activation for layer: layer2.3.conv3,                 activation shape: torch.Size([32, 512, 28, 28])
2026-02-13 04:11:43,381 - INFO - Captured activation for layer: layer2.3.conv3, activation shape: torch.Size([32, 512, 28, 28])
2026-02-13 04:11:43,386 - INFO - Captured activation for layer: layer2.3.conv3,                 activation shape: torch.Size([32, 512, 28, 28])
2026-02-13 04:11:43,408 - INFO - Captured activation for layer: layer2.3.conv3, activation shape: torch.Size([32, 512, 28, 28])
2026-02-13 04:11:43,413 - INFO - Captured activation for layer: layer2.3.conv3,                 activation shape: torch.Size([32, 512, 28, 28])
2026-02-13 04:11:43,434 - INFO - Captured activation for layer: layer2.3.conv3, activation shape: torch.Size([32, 512, 28, 28])
2026-02-13 04:11:43,440 - INFO - Captured activation for layer: layer2.3.conv3,                 activation shape: torch.Size([32, 512, 28, 28])
2026-02-13 04:11:43,461 - INFO - Captured activation for layer: layer2.3.conv3, activation shape: torch.Size([32, 512, 28, 28])
2026-02-13 04:11:43,461 - INFO - Stacked activations shape for layer layer2.3.conv3: torch.Size([2112, 512, 28, 28])
2026-02-13 04:11:43,461 - INFO - Using mean replacement for perturbation.
2026-02-13 04:11:43,622 - INFO - Perturbed activation  values: tensor([-0.0019, -0.0048, -0.0078,  ..., -0.0042, -0.0044, -0.0039],
       device='cuda:0')
2026-02-13 04:11:43,634 - INFO - Standard deviation of activations for layer layer2.3.conv3: 0.0294
2026-02-13 04:11:43,634 - INFO - Checking normality of activations for layer layer2.3.conv3 using Shapiro-Wilk test.
2026-02-13 04:12:10,423 - INFO - Shapiro-Wilk test: statistic=0.9640, p-value=1.3810e-33
2026-02-13 04:12:10,424 - INFO - Normally distributed: False
2026-02-13 04:12:10,424 - INFO - Perturbed activation shape: torch.Size([1, 512, 28, 28]), Std activation shape: torch.Size([1, 512, 28, 28])
2026-02-13 04:12:10,443 - INFO - Std activation sample values: tensor([0.0097, 0.0088, 0.0095, 0.0096, 0.0097], device='cuda:0')
2026-02-13 04:12:10,452 - INFO - Target layer found: layer3.0.conv1
2026-02-13 04:12:10,454 - INFO - Captured activation for layer: layer3.0.conv1,                 activation shape: torch.Size([32, 256, 28, 28])
2026-02-13 04:12:10,455 - INFO - Captured activation for layer: layer3.0.conv1, activation shape: torch.Size([32, 256, 28, 28])
2026-02-13 04:12:10,456 - INFO - Captured activation for layer: layer3.0.conv1,                 activation shape: torch.Size([32, 256, 28, 28])
2026-02-13 04:12:10,457 - INFO - Captured activation for layer: layer3.0.conv1, activation shape: torch.Size([32, 256, 28, 28])
2026-02-13 04:12:10,458 - INFO - Captured activation for layer: layer3.0.conv1,                 activation shape: torch.Size([32, 256, 28, 28])
2026-02-13 04:12:10,459 - INFO - Captured activation for layer: layer3.0.conv1, activation shape: torch.Size([32, 256, 28, 28])
2026-02-13 04:12:10,460 - INFO - Captured activation for layer: layer3.0.conv1,                 activation shape: torch.Size([32, 256, 28, 28])
2026-02-13 04:12:10,461 - INFO - Captured activation for layer: layer3.0.conv1, activation shape: torch.Size([32, 256, 28, 28])
2026-02-13 04:12:10,463 - INFO - Captured activation for layer: layer3.0.conv1,                 activation shape: torch.Size([32, 256, 28, 28])
2026-02-13 04:12:10,468 - INFO - Captured activation for layer: layer3.0.conv1, activation shape: torch.Size([32, 256, 28, 28])
2026-02-13 04:12:10,476 - INFO - Captured activation for layer: layer3.0.conv1,                 activation shape: torch.Size([32, 256, 28, 28])
2026-02-13 04:12:10,495 - INFO - Captured activation for layer: layer3.0.conv1, activation shape: torch.Size([32, 256, 28, 28])
2026-02-13 04:12:10,501 - INFO - Captured activation for layer: layer3.0.conv1,                 activation shape: torch.Size([32, 256, 28, 28])
2026-02-13 04:12:10,522 - INFO - Captured activation for layer: layer3.0.conv1, activation shape: torch.Size([32, 256, 28, 28])
2026-02-13 04:12:10,527 - INFO - Captured activation for layer: layer3.0.conv1,                 activation shape: torch.Size([32, 256, 28, 28])
2026-02-13 04:12:10,549 - INFO - Captured activation for layer: layer3.0.conv1, activation shape: torch.Size([32, 256, 28, 28])
2026-02-13 04:12:10,557 - INFO - Captured activation for layer: layer3.0.conv1,                 activation shape: torch.Size([32, 256, 28, 28])
2026-02-13 04:12:10,576 - INFO - Captured activation for layer: layer3.0.conv1, activation shape: torch.Size([32, 256, 28, 28])
2026-02-13 04:12:10,581 - INFO - Captured activation for layer: layer3.0.conv1,                 activation shape: torch.Size([32, 256, 28, 28])
2026-02-13 04:12:10,602 - INFO - Captured activation for layer: layer3.0.conv1, activation shape: torch.Size([32, 256, 28, 28])
2026-02-13 04:12:10,608 - INFO - Captured activation for layer: layer3.0.conv1,                 activation shape: torch.Size([32, 256, 28, 28])
2026-02-13 04:12:10,629 - INFO - Captured activation for layer: layer3.0.conv1, activation shape: torch.Size([32, 256, 28, 28])
2026-02-13 04:12:10,634 - INFO - Captured activation for layer: layer3.0.conv1,                 activation shape: torch.Size([32, 256, 28, 28])
2026-02-13 04:12:10,656 - INFO - Captured activation for layer: layer3.0.conv1, activation shape: torch.Size([32, 256, 28, 28])
2026-02-13 04:12:10,661 - INFO - Captured activation for layer: layer3.0.conv1,                 activation shape: torch.Size([32, 256, 28, 28])
2026-02-13 04:12:10,682 - INFO - Captured activation for layer: layer3.0.conv1, activation shape: torch.Size([32, 256, 28, 28])
2026-02-13 04:12:10,688 - INFO - Captured activation for layer: layer3.0.conv1,                 activation shape: torch.Size([32, 256, 28, 28])
2026-02-13 04:12:10,709 - INFO - Captured activation for layer: layer3.0.conv1, activation shape: torch.Size([32, 256, 28, 28])
2026-02-13 04:12:10,715 - INFO - Captured activation for layer: layer3.0.conv1,                 activation shape: torch.Size([32, 256, 28, 28])
2026-02-13 04:12:10,736 - INFO - Captured activation for layer: layer3.0.conv1, activation shape: torch.Size([32, 256, 28, 28])
2026-02-13 04:12:10,741 - INFO - Captured activation for layer: layer3.0.conv1,                 activation shape: torch.Size([32, 256, 28, 28])
2026-02-13 04:12:10,762 - INFO - Captured activation for layer: layer3.0.conv1, activation shape: torch.Size([32, 256, 28, 28])
2026-02-13 04:12:10,768 - INFO - Captured activation for layer: layer3.0.conv1,                 activation shape: torch.Size([32, 256, 28, 28])
2026-02-13 04:12:10,789 - INFO - Captured activation for layer: layer3.0.conv1, activation shape: torch.Size([32, 256, 28, 28])
2026-02-13 04:12:10,794 - INFO - Captured activation for layer: layer3.0.conv1,                 activation shape: torch.Size([32, 256, 28, 28])
2026-02-13 04:12:10,816 - INFO - Captured activation for layer: layer3.0.conv1, activation shape: torch.Size([32, 256, 28, 28])
2026-02-13 04:12:10,821 - INFO - Captured activation for layer: layer3.0.conv1,                 activation shape: torch.Size([32, 256, 28, 28])
2026-02-13 04:12:10,842 - INFO - Captured activation for layer: layer3.0.conv1, activation shape: torch.Size([32, 256, 28, 28])
2026-02-13 04:12:10,848 - INFO - Captured activation for layer: layer3.0.conv1,                 activation shape: torch.Size([32, 256, 28, 28])
2026-02-13 04:12:10,869 - INFO - Captured activation for layer: layer3.0.conv1, activation shape: torch.Size([32, 256, 28, 28])
2026-02-13 04:12:10,875 - INFO - Captured activation for layer: layer3.0.conv1,                 activation shape: torch.Size([32, 256, 28, 28])
2026-02-13 04:12:10,896 - INFO - Captured activation for layer: layer3.0.conv1, activation shape: torch.Size([32, 256, 28, 28])
2026-02-13 04:12:10,901 - INFO - Captured activation for layer: layer3.0.conv1,                 activation shape: torch.Size([32, 256, 28, 28])
2026-02-13 04:12:10,922 - INFO - Captured activation for layer: layer3.0.conv1, activation shape: torch.Size([32, 256, 28, 28])
2026-02-13 04:12:10,928 - INFO - Captured activation for layer: layer3.0.conv1,                 activation shape: torch.Size([32, 256, 28, 28])
2026-02-13 04:12:10,949 - INFO - Captured activation for layer: layer3.0.conv1, activation shape: torch.Size([32, 256, 28, 28])
2026-02-13 04:12:10,954 - INFO - Captured activation for layer: layer3.0.conv1,                 activation shape: torch.Size([32, 256, 28, 28])
2026-02-13 04:12:10,976 - INFO - Captured activation for layer: layer3.0.conv1, activation shape: torch.Size([32, 256, 28, 28])
2026-02-13 04:12:10,981 - INFO - Captured activation for layer: layer3.0.conv1,                 activation shape: torch.Size([32, 256, 28, 28])
2026-02-13 04:12:10,992 - INFO - Captured activation for layer: layer3.0.conv1, activation shape: torch.Size([32, 256, 28, 28])
2026-02-13 04:12:10,995 - INFO - Captured activation for layer: layer3.0.conv1,                 activation shape: torch.Size([32, 256, 28, 28])
2026-02-13 04:12:11,005 - INFO - Captured activation for layer: layer3.0.conv1, activation shape: torch.Size([32, 256, 28, 28])
2026-02-13 04:12:11,009 - INFO - Captured activation for layer: layer3.0.conv1,                 activation shape: torch.Size([32, 256, 28, 28])
2026-02-13 04:12:11,026 - INFO - Captured activation for layer: layer3.0.conv1, activation shape: torch.Size([32, 256, 28, 28])
2026-02-13 04:12:11,034 - INFO - Captured activation for layer: layer3.0.conv1,                 activation shape: torch.Size([32, 256, 28, 28])
2026-02-13 04:12:11,053 - INFO - Captured activation for layer: layer3.0.conv1, activation shape: torch.Size([32, 256, 28, 28])
2026-02-13 04:12:11,061 - INFO - Captured activation for layer: layer3.0.conv1,                 activation shape: torch.Size([32, 256, 28, 28])
2026-02-13 04:12:11,080 - INFO - Captured activation for layer: layer3.0.conv1, activation shape: torch.Size([32, 256, 28, 28])
2026-02-13 04:12:11,088 - INFO - Captured activation for layer: layer3.0.conv1,                 activation shape: torch.Size([32, 256, 28, 28])
2026-02-13 04:12:11,106 - INFO - Captured activation for layer: layer3.0.conv1, activation shape: torch.Size([32, 256, 28, 28])
2026-02-13 04:12:11,114 - INFO - Captured activation for layer: layer3.0.conv1,                 activation shape: torch.Size([32, 256, 28, 28])
2026-02-13 04:12:11,133 - INFO - Captured activation for layer: layer3.0.conv1, activation shape: torch.Size([32, 256, 28, 28])
2026-02-13 04:12:11,141 - INFO - Captured activation for layer: layer3.0.conv1,                 activation shape: torch.Size([32, 256, 28, 28])
2026-02-13 04:12:11,159 - INFO - Captured activation for layer: layer3.0.conv1, activation shape: torch.Size([32, 256, 28, 28])
2026-02-13 04:12:11,165 - INFO - Captured activation for layer: layer3.0.conv1,                 activation shape: torch.Size([32, 256, 28, 28])
2026-02-13 04:12:11,186 - INFO - Captured activation for layer: layer3.0.conv1, activation shape: torch.Size([32, 256, 28, 28])
2026-02-13 04:12:11,191 - INFO - Captured activation for layer: layer3.0.conv1,                 activation shape: torch.Size([32, 256, 28, 28])
2026-02-13 04:12:11,212 - INFO - Captured activation for layer: layer3.0.conv1, activation shape: torch.Size([32, 256, 28, 28])
2026-02-13 04:12:11,220 - INFO - Captured activation for layer: layer3.0.conv1,                 activation shape: torch.Size([32, 256, 28, 28])
2026-02-13 04:12:11,252 - INFO - Captured activation for layer: layer3.0.conv1, activation shape: torch.Size([32, 256, 28, 28])
2026-02-13 04:12:11,260 - INFO - Captured activation for layer: layer3.0.conv1,                 activation shape: torch.Size([32, 256, 28, 28])
2026-02-13 04:12:11,292 - INFO - Captured activation for layer: layer3.0.conv1, activation shape: torch.Size([32, 256, 28, 28])
2026-02-13 04:12:11,300 - INFO - Captured activation for layer: layer3.0.conv1,                 activation shape: torch.Size([32, 256, 28, 28])
2026-02-13 04:12:11,332 - INFO - Captured activation for layer: layer3.0.conv1, activation shape: torch.Size([32, 256, 28, 28])
2026-02-13 04:12:11,340 - INFO - Captured activation for layer: layer3.0.conv1,                 activation shape: torch.Size([32, 256, 28, 28])
2026-02-13 04:12:11,372 - INFO - Captured activation for layer: layer3.0.conv1, activation shape: torch.Size([32, 256, 28, 28])
2026-02-13 04:12:11,380 - INFO - Captured activation for layer: layer3.0.conv1,                 activation shape: torch.Size([32, 256, 28, 28])
2026-02-13 04:12:11,408 - INFO - Captured activation for layer: layer3.0.conv1, activation shape: torch.Size([32, 256, 28, 28])
2026-02-13 04:12:11,414 - INFO - Captured activation for layer: layer3.0.conv1,                 activation shape: torch.Size([32, 256, 28, 28])
2026-02-13 04:12:11,435 - INFO - Captured activation for layer: layer3.0.conv1, activation shape: torch.Size([32, 256, 28, 28])
2026-02-13 04:12:11,440 - INFO - Captured activation for layer: layer3.0.conv1,                 activation shape: torch.Size([32, 256, 28, 28])
2026-02-13 04:12:11,461 - INFO - Captured activation for layer: layer3.0.conv1, activation shape: torch.Size([32, 256, 28, 28])
2026-02-13 04:12:11,467 - INFO - Captured activation for layer: layer3.0.conv1,                 activation shape: torch.Size([32, 256, 28, 28])
2026-02-13 04:12:11,489 - INFO - Captured activation for layer: layer3.0.conv1, activation shape: torch.Size([32, 256, 28, 28])
2026-02-13 04:12:11,496 - INFO - Captured activation for layer: layer3.0.conv1,                 activation shape: torch.Size([32, 256, 28, 28])
2026-02-13 04:12:11,515 - INFO - Captured activation for layer: layer3.0.conv1, activation shape: torch.Size([32, 256, 28, 28])
2026-02-13 04:12:11,523 - INFO - Captured activation for layer: layer3.0.conv1,                 activation shape: torch.Size([32, 256, 28, 28])
2026-02-13 04:12:11,542 - INFO - Captured activation for layer: layer3.0.conv1, activation shape: torch.Size([32, 256, 28, 28])
2026-02-13 04:12:11,550 - INFO - Captured activation for layer: layer3.0.conv1,                 activation shape: torch.Size([32, 256, 28, 28])
2026-02-13 04:12:11,569 - INFO - Captured activation for layer: layer3.0.conv1, activation shape: torch.Size([32, 256, 28, 28])
2026-02-13 04:12:11,577 - INFO - Captured activation for layer: layer3.0.conv1,                 activation shape: torch.Size([32, 256, 28, 28])
2026-02-13 04:12:11,595 - INFO - Captured activation for layer: layer3.0.conv1, activation shape: torch.Size([32, 256, 28, 28])
2026-02-13 04:12:11,601 - INFO - Captured activation for layer: layer3.0.conv1,                 activation shape: torch.Size([32, 256, 28, 28])
2026-02-13 04:12:11,622 - INFO - Captured activation for layer: layer3.0.conv1, activation shape: torch.Size([32, 256, 28, 28])
2026-02-13 04:12:11,628 - INFO - Captured activation for layer: layer3.0.conv1,                 activation shape: torch.Size([32, 256, 28, 28])
2026-02-13 04:12:11,649 - INFO - Captured activation for layer: layer3.0.conv1, activation shape: torch.Size([32, 256, 28, 28])
2026-02-13 04:12:11,657 - INFO - Captured activation for layer: layer3.0.conv1,                 activation shape: torch.Size([32, 256, 28, 28])
2026-02-13 04:12:11,675 - INFO - Captured activation for layer: layer3.0.conv1, activation shape: torch.Size([32, 256, 28, 28])
2026-02-13 04:12:11,681 - INFO - Captured activation for layer: layer3.0.conv1,                 activation shape: torch.Size([32, 256, 28, 28])
2026-02-13 04:12:11,702 - INFO - Captured activation for layer: layer3.0.conv1, activation shape: torch.Size([32, 256, 28, 28])
2026-02-13 04:12:11,707 - INFO - Captured activation for layer: layer3.0.conv1,                 activation shape: torch.Size([32, 256, 28, 28])
2026-02-13 04:12:11,721 - INFO - Captured activation for layer: layer3.0.conv1, activation shape: torch.Size([32, 256, 28, 28])
2026-02-13 04:12:11,724 - INFO - Captured activation for layer: layer3.0.conv1,                 activation shape: torch.Size([32, 256, 28, 28])
2026-02-13 04:12:11,734 - INFO - Captured activation for layer: layer3.0.conv1, activation shape: torch.Size([32, 256, 28, 28])
2026-02-13 04:12:11,737 - INFO - Captured activation for layer: layer3.0.conv1,                 activation shape: torch.Size([32, 256, 28, 28])
2026-02-13 04:12:11,746 - INFO - Captured activation for layer: layer3.0.conv1, activation shape: torch.Size([32, 256, 28, 28])
2026-02-13 04:12:11,749 - INFO - Captured activation for layer: layer3.0.conv1,                 activation shape: torch.Size([32, 256, 28, 28])
2026-02-13 04:12:11,758 - INFO - Captured activation for layer: layer3.0.conv1, activation shape: torch.Size([32, 256, 28, 28])
2026-02-13 04:12:11,761 - INFO - Captured activation for layer: layer3.0.conv1,                 activation shape: torch.Size([32, 256, 28, 28])
2026-02-13 04:12:11,770 - INFO - Captured activation for layer: layer3.0.conv1, activation shape: torch.Size([32, 256, 28, 28])
2026-02-13 04:12:11,773 - INFO - Captured activation for layer: layer3.0.conv1,                 activation shape: torch.Size([32, 256, 28, 28])
2026-02-13 04:12:11,782 - INFO - Captured activation for layer: layer3.0.conv1, activation shape: torch.Size([32, 256, 28, 28])
2026-02-13 04:12:11,785 - INFO - Captured activation for layer: layer3.0.conv1,                 activation shape: torch.Size([32, 256, 28, 28])
2026-02-13 04:12:11,794 - INFO - Captured activation for layer: layer3.0.conv1, activation shape: torch.Size([32, 256, 28, 28])
2026-02-13 04:12:11,797 - INFO - Captured activation for layer: layer3.0.conv1,                 activation shape: torch.Size([32, 256, 28, 28])
2026-02-13 04:12:11,806 - INFO - Captured activation for layer: layer3.0.conv1, activation shape: torch.Size([32, 256, 28, 28])
2026-02-13 04:12:11,809 - INFO - Captured activation for layer: layer3.0.conv1,                 activation shape: torch.Size([32, 256, 28, 28])
2026-02-13 04:12:11,818 - INFO - Captured activation for layer: layer3.0.conv1, activation shape: torch.Size([32, 256, 28, 28])
2026-02-13 04:12:11,821 - INFO - Captured activation for layer: layer3.0.conv1,                 activation shape: torch.Size([32, 256, 28, 28])
2026-02-13 04:12:11,830 - INFO - Captured activation for layer: layer3.0.conv1, activation shape: torch.Size([32, 256, 28, 28])
2026-02-13 04:12:11,833 - INFO - Captured activation for layer: layer3.0.conv1,                 activation shape: torch.Size([32, 256, 28, 28])
2026-02-13 04:12:11,842 - INFO - Captured activation for layer: layer3.0.conv1, activation shape: torch.Size([32, 256, 28, 28])
2026-02-13 04:12:11,845 - INFO - Captured activation for layer: layer3.0.conv1,                 activation shape: torch.Size([32, 256, 28, 28])
2026-02-13 04:12:11,854 - INFO - Captured activation for layer: layer3.0.conv1, activation shape: torch.Size([32, 256, 28, 28])
2026-02-13 04:12:11,857 - INFO - Captured activation for layer: layer3.0.conv1,                 activation shape: torch.Size([32, 256, 28, 28])
2026-02-13 04:12:11,866 - INFO - Captured activation for layer: layer3.0.conv1, activation shape: torch.Size([32, 256, 28, 28])
2026-02-13 04:12:11,869 - INFO - Captured activation for layer: layer3.0.conv1,                 activation shape: torch.Size([32, 256, 28, 28])
2026-02-13 04:12:11,878 - INFO - Captured activation for layer: layer3.0.conv1, activation shape: torch.Size([32, 256, 28, 28])
2026-02-13 04:12:11,881 - INFO - Captured activation for layer: layer3.0.conv1,                 activation shape: torch.Size([32, 256, 28, 28])
2026-02-13 04:12:11,890 - INFO - Captured activation for layer: layer3.0.conv1, activation shape: torch.Size([32, 256, 28, 28])
2026-02-13 04:12:11,893 - INFO - Captured activation for layer: layer3.0.conv1,                 activation shape: torch.Size([32, 256, 28, 28])
2026-02-13 04:12:11,902 - INFO - Captured activation for layer: layer3.0.conv1, activation shape: torch.Size([32, 256, 28, 28])
2026-02-13 04:12:11,902 - INFO - Stacked activations shape for layer layer3.0.conv1: torch.Size([2112, 256, 28, 28])
2026-02-13 04:12:11,902 - INFO - Using mean replacement for perturbation.
2026-02-13 04:12:11,963 - INFO - Perturbed activation  values: tensor([-0.0300, -0.0391, -0.0579,  ..., -0.1143, -0.1164, -0.1262],
       device='cuda:0')
2026-02-13 04:12:11,965 - INFO - Standard deviation of activations for layer layer3.0.conv1: 0.1637
2026-02-13 04:12:11,965 - INFO - Checking normality of activations for layer layer3.0.conv1 using Shapiro-Wilk test.
2026-02-13 04:12:25,223 - INFO - Shapiro-Wilk test: statistic=0.9947, p-value=1.4185e-12
2026-02-13 04:12:25,223 - INFO - Normally distributed: False
2026-02-13 04:12:25,223 - INFO - Perturbed activation shape: torch.Size([1, 256, 28, 28]), Std activation shape: torch.Size([1, 256, 28, 28])
2026-02-13 04:12:25,239 - INFO - Std activation sample values: tensor([0.1151, 0.1471, 0.1490, 0.1494, 0.1503], device='cuda:0')
2026-02-13 04:12:25,247 - INFO - Applying perturbation for layer: layer1.2.conv3, original output shape: torch.Size([32, 256, 56, 56]), perturbed activation shape: torch.Size([1, 256, 56, 56])
2026-02-13 04:12:25,248 - INFO - Applying perturbation for layer: layer2.3.conv3, original output shape: torch.Size([32, 512, 28, 28]), perturbed activation shape: torch.Size([1, 512, 28, 28])
2026-02-13 04:12:25,248 - INFO - Applying perturbation for layer: layer3.0.conv1, original output shape: torch.Size([32, 256, 28, 28]), perturbed activation shape: torch.Size([1, 256, 28, 28])
2026-02-13 04:12:25,252 - INFO - Applying perturbation for layer: layer1.2.conv3, original output shape: torch.Size([32, 256, 56, 56]), perturbed activation shape: torch.Size([1, 256, 56, 56])
2026-02-13 04:12:25,252 - INFO - Applying perturbation for layer: layer2.3.conv3, original output shape: torch.Size([32, 512, 28, 28]), perturbed activation shape: torch.Size([1, 512, 28, 28])
2026-02-13 04:12:25,252 - INFO - Applying perturbation for layer: layer3.0.conv1, original output shape: torch.Size([32, 256, 28, 28]), perturbed activation shape: torch.Size([1, 256, 28, 28])
2026-02-13 04:12:25,265 - INFO - Applying perturbation for layer: layer1.2.conv3, original output shape: torch.Size([32, 256, 56, 56]), perturbed activation shape: torch.Size([1, 256, 56, 56])
2026-02-13 04:12:25,268 - INFO - Applying perturbation for layer: layer2.3.conv3, original output shape: torch.Size([32, 512, 28, 28]), perturbed activation shape: torch.Size([1, 512, 28, 28])
2026-02-13 04:12:25,269 - INFO - Applying perturbation for layer: layer3.0.conv1, original output shape: torch.Size([32, 256, 28, 28]), perturbed activation shape: torch.Size([1, 256, 28, 28])
2026-02-13 04:12:25,318 - INFO - Applying perturbation for layer: layer1.2.conv3, original output shape: torch.Size([32, 256, 56, 56]), perturbed activation shape: torch.Size([1, 256, 56, 56])
2026-02-13 04:12:25,322 - INFO - Applying perturbation for layer: layer2.3.conv3, original output shape: torch.Size([32, 512, 28, 28]), perturbed activation shape: torch.Size([1, 512, 28, 28])
2026-02-13 04:12:25,322 - INFO - Applying perturbation for layer: layer3.0.conv1, original output shape: torch.Size([32, 256, 28, 28]), perturbed activation shape: torch.Size([1, 256, 28, 28])
2026-02-13 04:12:25,372 - INFO - Applying perturbation for layer: layer1.2.conv3, original output shape: torch.Size([32, 256, 56, 56]), perturbed activation shape: torch.Size([1, 256, 56, 56])
2026-02-13 04:12:25,375 - INFO - Applying perturbation for layer: layer2.3.conv3, original output shape: torch.Size([32, 512, 28, 28]), perturbed activation shape: torch.Size([1, 512, 28, 28])
2026-02-13 04:12:25,375 - INFO - Applying perturbation for layer: layer3.0.conv1, original output shape: torch.Size([32, 256, 28, 28]), perturbed activation shape: torch.Size([1, 256, 28, 28])
2026-02-13 04:12:25,425 - INFO - Applying perturbation for layer: layer1.2.conv3, original output shape: torch.Size([32, 256, 56, 56]), perturbed activation shape: torch.Size([1, 256, 56, 56])
2026-02-13 04:12:25,429 - INFO - Applying perturbation for layer: layer2.3.conv3, original output shape: torch.Size([32, 512, 28, 28]), perturbed activation shape: torch.Size([1, 512, 28, 28])
2026-02-13 04:12:25,429 - INFO - Applying perturbation for layer: layer3.0.conv1, original output shape: torch.Size([32, 256, 28, 28]), perturbed activation shape: torch.Size([1, 256, 28, 28])
2026-02-13 04:12:25,479 - INFO - Applying perturbation for layer: layer1.2.conv3, original output shape: torch.Size([32, 256, 56, 56]), perturbed activation shape: torch.Size([1, 256, 56, 56])
2026-02-13 04:12:25,482 - INFO - Applying perturbation for layer: layer2.3.conv3, original output shape: torch.Size([32, 512, 28, 28]), perturbed activation shape: torch.Size([1, 512, 28, 28])
2026-02-13 04:12:25,482 - INFO - Applying perturbation for layer: layer3.0.conv1, original output shape: torch.Size([32, 256, 28, 28]), perturbed activation shape: torch.Size([1, 256, 28, 28])
2026-02-13 04:12:25,532 - INFO - Applying perturbation for layer: layer1.2.conv3, original output shape: torch.Size([32, 256, 56, 56]), perturbed activation shape: torch.Size([1, 256, 56, 56])
2026-02-13 04:12:25,536 - INFO - Applying perturbation for layer: layer2.3.conv3, original output shape: torch.Size([32, 512, 28, 28]), perturbed activation shape: torch.Size([1, 512, 28, 28])
2026-02-13 04:12:25,536 - INFO - Applying perturbation for layer: layer3.0.conv1, original output shape: torch.Size([32, 256, 28, 28]), perturbed activation shape: torch.Size([1, 256, 28, 28])
2026-02-13 04:12:25,585 - INFO - Applying perturbation for layer: layer1.2.conv3, original output shape: torch.Size([32, 256, 56, 56]), perturbed activation shape: torch.Size([1, 256, 56, 56])
2026-02-13 04:12:25,589 - INFO - Applying perturbation for layer: layer2.3.conv3, original output shape: torch.Size([32, 512, 28, 28]), perturbed activation shape: torch.Size([1, 512, 28, 28])
2026-02-13 04:12:25,589 - INFO - Applying perturbation for layer: layer3.0.conv1, original output shape: torch.Size([32, 256, 28, 28]), perturbed activation shape: torch.Size([1, 256, 28, 28])
2026-02-13 04:12:25,639 - INFO - Applying perturbation for layer: layer1.2.conv3, original output shape: torch.Size([32, 256, 56, 56]), perturbed activation shape: torch.Size([1, 256, 56, 56])
2026-02-13 04:12:25,642 - INFO - Applying perturbation for layer: layer2.3.conv3, original output shape: torch.Size([32, 512, 28, 28]), perturbed activation shape: torch.Size([1, 512, 28, 28])
2026-02-13 04:12:25,642 - INFO - Applying perturbation for layer: layer3.0.conv1, original output shape: torch.Size([32, 256, 28, 28]), perturbed activation shape: torch.Size([1, 256, 28, 28])
2026-02-13 04:12:25,668 - INFO - Applying perturbation for layer: layer1.2.conv3, original output shape: torch.Size([32, 256, 56, 56]), perturbed activation shape: torch.Size([1, 256, 56, 56])
2026-02-13 04:12:25,669 - INFO - Applying perturbation for layer: layer2.3.conv3, original output shape: torch.Size([32, 512, 28, 28]), perturbed activation shape: torch.Size([1, 512, 28, 28])
2026-02-13 04:12:25,669 - INFO - Applying perturbation for layer: layer3.0.conv1, original output shape: torch.Size([32, 256, 28, 28]), perturbed activation shape: torch.Size([1, 256, 28, 28])
2026-02-13 04:12:25,692 - INFO - Applying perturbation for layer: layer1.2.conv3, original output shape: torch.Size([32, 256, 56, 56]), perturbed activation shape: torch.Size([1, 256, 56, 56])
2026-02-13 04:12:25,694 - INFO - Applying perturbation for layer: layer2.3.conv3, original output shape: torch.Size([32, 512, 28, 28]), perturbed activation shape: torch.Size([1, 512, 28, 28])
2026-02-13 04:12:25,694 - INFO - Applying perturbation for layer: layer3.0.conv1, original output shape: torch.Size([32, 256, 28, 28]), perturbed activation shape: torch.Size([1, 256, 28, 28])
2026-02-13 04:12:25,717 - INFO - Applying perturbation for layer: layer1.2.conv3, original output shape: torch.Size([32, 256, 56, 56]), perturbed activation shape: torch.Size([1, 256, 56, 56])
2026-02-13 04:12:25,718 - INFO - Applying perturbation for layer: layer2.3.conv3, original output shape: torch.Size([32, 512, 28, 28]), perturbed activation shape: torch.Size([1, 512, 28, 28])
2026-02-13 04:12:25,718 - INFO - Applying perturbation for layer: layer3.0.conv1, original output shape: torch.Size([32, 256, 28, 28]), perturbed activation shape: torch.Size([1, 256, 28, 28])
2026-02-13 04:12:25,741 - INFO - Applying perturbation for layer: layer1.2.conv3, original output shape: torch.Size([32, 256, 56, 56]), perturbed activation shape: torch.Size([1, 256, 56, 56])
2026-02-13 04:12:25,742 - INFO - Applying perturbation for layer: layer2.3.conv3, original output shape: torch.Size([32, 512, 28, 28]), perturbed activation shape: torch.Size([1, 512, 28, 28])
2026-02-13 04:12:25,742 - INFO - Applying perturbation for layer: layer3.0.conv1, original output shape: torch.Size([32, 256, 28, 28]), perturbed activation shape: torch.Size([1, 256, 28, 28])
2026-02-13 04:12:25,765 - INFO - Applying perturbation for layer: layer1.2.conv3, original output shape: torch.Size([32, 256, 56, 56]), perturbed activation shape: torch.Size([1, 256, 56, 56])
2026-02-13 04:12:25,766 - INFO - Applying perturbation for layer: layer2.3.conv3, original output shape: torch.Size([32, 512, 28, 28]), perturbed activation shape: torch.Size([1, 512, 28, 28])
2026-02-13 04:12:25,766 - INFO - Applying perturbation for layer: layer3.0.conv1, original output shape: torch.Size([32, 256, 28, 28]), perturbed activation shape: torch.Size([1, 256, 28, 28])
2026-02-13 04:12:25,789 - INFO - Applying perturbation for layer: layer1.2.conv3, original output shape: torch.Size([32, 256, 56, 56]), perturbed activation shape: torch.Size([1, 256, 56, 56])
2026-02-13 04:12:25,790 - INFO - Applying perturbation for layer: layer2.3.conv3, original output shape: torch.Size([32, 512, 28, 28]), perturbed activation shape: torch.Size([1, 512, 28, 28])
2026-02-13 04:12:25,791 - INFO - Applying perturbation for layer: layer3.0.conv1, original output shape: torch.Size([32, 256, 28, 28]), perturbed activation shape: torch.Size([1, 256, 28, 28])
2026-02-13 04:12:25,814 - INFO - Applying perturbation for layer: layer1.2.conv3, original output shape: torch.Size([32, 256, 56, 56]), perturbed activation shape: torch.Size([1, 256, 56, 56])
2026-02-13 04:12:25,815 - INFO - Applying perturbation for layer: layer2.3.conv3, original output shape: torch.Size([32, 512, 28, 28]), perturbed activation shape: torch.Size([1, 512, 28, 28])
2026-02-13 04:12:25,815 - INFO - Applying perturbation for layer: layer3.0.conv1, original output shape: torch.Size([32, 256, 28, 28]), perturbed activation shape: torch.Size([1, 256, 28, 28])
2026-02-13 04:12:25,838 - INFO - Applying perturbation for layer: layer1.2.conv3, original output shape: torch.Size([32, 256, 56, 56]), perturbed activation shape: torch.Size([1, 256, 56, 56])
2026-02-13 04:12:25,839 - INFO - Applying perturbation for layer: layer2.3.conv3, original output shape: torch.Size([32, 512, 28, 28]), perturbed activation shape: torch.Size([1, 512, 28, 28])
2026-02-13 04:12:25,839 - INFO - Applying perturbation for layer: layer3.0.conv1, original output shape: torch.Size([32, 256, 28, 28]), perturbed activation shape: torch.Size([1, 256, 28, 28])
2026-02-13 04:12:25,862 - INFO - Applying perturbation for layer: layer1.2.conv3, original output shape: torch.Size([32, 256, 56, 56]), perturbed activation shape: torch.Size([1, 256, 56, 56])
2026-02-13 04:12:25,863 - INFO - Applying perturbation for layer: layer2.3.conv3, original output shape: torch.Size([32, 512, 28, 28]), perturbed activation shape: torch.Size([1, 512, 28, 28])
2026-02-13 04:12:25,863 - INFO - Applying perturbation for layer: layer3.0.conv1, original output shape: torch.Size([32, 256, 28, 28]), perturbed activation shape: torch.Size([1, 256, 28, 28])
2026-02-13 04:12:25,886 - INFO - Applying perturbation for layer: layer1.2.conv3, original output shape: torch.Size([32, 256, 56, 56]), perturbed activation shape: torch.Size([1, 256, 56, 56])
2026-02-13 04:12:25,887 - INFO - Applying perturbation for layer: layer2.3.conv3, original output shape: torch.Size([32, 512, 28, 28]), perturbed activation shape: torch.Size([1, 512, 28, 28])
2026-02-13 04:12:25,888 - INFO - Applying perturbation for layer: layer3.0.conv1, original output shape: torch.Size([32, 256, 28, 28]), perturbed activation shape: torch.Size([1, 256, 28, 28])
2026-02-13 04:12:25,911 - INFO - Applying perturbation for layer: layer1.2.conv3, original output shape: torch.Size([32, 256, 56, 56]), perturbed activation shape: torch.Size([1, 256, 56, 56])
2026-02-13 04:12:25,912 - INFO - Applying perturbation for layer: layer2.3.conv3, original output shape: torch.Size([32, 512, 28, 28]), perturbed activation shape: torch.Size([1, 512, 28, 28])
2026-02-13 04:12:25,912 - INFO - Applying perturbation for layer: layer3.0.conv1, original output shape: torch.Size([32, 256, 28, 28]), perturbed activation shape: torch.Size([1, 256, 28, 28])
2026-02-13 04:12:25,935 - INFO - Applying perturbation for layer: layer1.2.conv3, original output shape: torch.Size([32, 256, 56, 56]), perturbed activation shape: torch.Size([1, 256, 56, 56])
2026-02-13 04:12:25,936 - INFO - Applying perturbation for layer: layer2.3.conv3, original output shape: torch.Size([32, 512, 28, 28]), perturbed activation shape: torch.Size([1, 512, 28, 28])
2026-02-13 04:12:25,936 - INFO - Applying perturbation for layer: layer3.0.conv1, original output shape: torch.Size([32, 256, 28, 28]), perturbed activation shape: torch.Size([1, 256, 28, 28])
2026-02-13 04:12:25,959 - INFO - Applying perturbation for layer: layer1.2.conv3, original output shape: torch.Size([32, 256, 56, 56]), perturbed activation shape: torch.Size([1, 256, 56, 56])
2026-02-13 04:12:25,960 - INFO - Applying perturbation for layer: layer2.3.conv3, original output shape: torch.Size([32, 512, 28, 28]), perturbed activation shape: torch.Size([1, 512, 28, 28])
2026-02-13 04:12:25,960 - INFO - Applying perturbation for layer: layer3.0.conv1, original output shape: torch.Size([32, 256, 28, 28]), perturbed activation shape: torch.Size([1, 256, 28, 28])
2026-02-13 04:12:25,983 - INFO - Applying perturbation for layer: layer1.2.conv3, original output shape: torch.Size([32, 256, 56, 56]), perturbed activation shape: torch.Size([1, 256, 56, 56])
2026-02-13 04:12:25,984 - INFO - Applying perturbation for layer: layer2.3.conv3, original output shape: torch.Size([32, 512, 28, 28]), perturbed activation shape: torch.Size([1, 512, 28, 28])
2026-02-13 04:12:25,984 - INFO - Applying perturbation for layer: layer3.0.conv1, original output shape: torch.Size([32, 256, 28, 28]), perturbed activation shape: torch.Size([1, 256, 28, 28])
2026-02-13 04:12:26,007 - INFO - Applying perturbation for layer: layer1.2.conv3, original output shape: torch.Size([32, 256, 56, 56]), perturbed activation shape: torch.Size([1, 256, 56, 56])
2026-02-13 04:12:26,009 - INFO - Applying perturbation for layer: layer2.3.conv3, original output shape: torch.Size([32, 512, 28, 28]), perturbed activation shape: torch.Size([1, 512, 28, 28])
2026-02-13 04:12:26,009 - INFO - Applying perturbation for layer: layer3.0.conv1, original output shape: torch.Size([32, 256, 28, 28]), perturbed activation shape: torch.Size([1, 256, 28, 28])
2026-02-13 04:12:26,032 - INFO - Applying perturbation for layer: layer1.2.conv3, original output shape: torch.Size([32, 256, 56, 56]), perturbed activation shape: torch.Size([1, 256, 56, 56])
2026-02-13 04:12:26,033 - INFO - Applying perturbation for layer: layer2.3.conv3, original output shape: torch.Size([32, 512, 28, 28]), perturbed activation shape: torch.Size([1, 512, 28, 28])
2026-02-13 04:12:26,033 - INFO - Applying perturbation for layer: layer3.0.conv1, original output shape: torch.Size([32, 256, 28, 28]), perturbed activation shape: torch.Size([1, 256, 28, 28])
2026-02-13 04:12:26,057 - INFO - Applying perturbation for layer: layer1.2.conv3, original output shape: torch.Size([32, 256, 56, 56]), perturbed activation shape: torch.Size([1, 256, 56, 56])
2026-02-13 04:12:26,058 - INFO - Applying perturbation for layer: layer2.3.conv3, original output shape: torch.Size([32, 512, 28, 28]), perturbed activation shape: torch.Size([1, 512, 28, 28])
2026-02-13 04:12:26,058 - INFO - Applying perturbation for layer: layer3.0.conv1, original output shape: torch.Size([32, 256, 28, 28]), perturbed activation shape: torch.Size([1, 256, 28, 28])
2026-02-13 04:12:26,104 - INFO - Applying perturbation for layer: layer1.2.conv3, original output shape: torch.Size([32, 256, 56, 56]), perturbed activation shape: torch.Size([1, 256, 56, 56])
2026-02-13 04:12:26,105 - INFO - Applying perturbation for layer: layer2.3.conv3, original output shape: torch.Size([32, 512, 28, 28]), perturbed activation shape: torch.Size([1, 512, 28, 28])
2026-02-13 04:12:26,105 - INFO - Applying perturbation for layer: layer3.0.conv1, original output shape: torch.Size([32, 256, 28, 28]), perturbed activation shape: torch.Size([1, 256, 28, 28])
2026-02-13 04:12:26,157 - INFO - Applying perturbation for layer: layer1.2.conv3, original output shape: torch.Size([32, 256, 56, 56]), perturbed activation shape: torch.Size([1, 256, 56, 56])
2026-02-13 04:12:26,158 - INFO - Applying perturbation for layer: layer2.3.conv3, original output shape: torch.Size([32, 512, 28, 28]), perturbed activation shape: torch.Size([1, 512, 28, 28])
2026-02-13 04:12:26,158 - INFO - Applying perturbation for layer: layer3.0.conv1, original output shape: torch.Size([32, 256, 28, 28]), perturbed activation shape: torch.Size([1, 256, 28, 28])
2026-02-13 04:12:26,211 - INFO - Applying perturbation for layer: layer1.2.conv3, original output shape: torch.Size([32, 256, 56, 56]), perturbed activation shape: torch.Size([1, 256, 56, 56])
2026-02-13 04:12:26,212 - INFO - Applying perturbation for layer: layer2.3.conv3, original output shape: torch.Size([32, 512, 28, 28]), perturbed activation shape: torch.Size([1, 512, 28, 28])
2026-02-13 04:12:26,212 - INFO - Applying perturbation for layer: layer3.0.conv1, original output shape: torch.Size([32, 256, 28, 28]), perturbed activation shape: torch.Size([1, 256, 28, 28])
2026-02-13 04:12:26,264 - INFO - Applying perturbation for layer: layer1.2.conv3, original output shape: torch.Size([32, 256, 56, 56]), perturbed activation shape: torch.Size([1, 256, 56, 56])
2026-02-13 04:12:26,268 - INFO - Applying perturbation for layer: layer2.3.conv3, original output shape: torch.Size([32, 512, 28, 28]), perturbed activation shape: torch.Size([1, 512, 28, 28])
2026-02-13 04:12:26,268 - INFO - Applying perturbation for layer: layer3.0.conv1, original output shape: torch.Size([32, 256, 28, 28]), perturbed activation shape: torch.Size([1, 256, 28, 28])
2026-02-13 04:12:26,318 - INFO - Applying perturbation for layer: layer1.2.conv3, original output shape: torch.Size([32, 256, 56, 56]), perturbed activation shape: torch.Size([1, 256, 56, 56])
2026-02-13 04:12:26,322 - INFO - Applying perturbation for layer: layer2.3.conv3, original output shape: torch.Size([32, 512, 28, 28]), perturbed activation shape: torch.Size([1, 512, 28, 28])
2026-02-13 04:12:26,322 - INFO - Applying perturbation for layer: layer3.0.conv1, original output shape: torch.Size([32, 256, 28, 28]), perturbed activation shape: torch.Size([1, 256, 28, 28])
2026-02-13 04:12:26,371 - INFO - Applying perturbation for layer: layer1.2.conv3, original output shape: torch.Size([32, 256, 56, 56]), perturbed activation shape: torch.Size([1, 256, 56, 56])
2026-02-13 04:12:26,375 - INFO - Applying perturbation for layer: layer2.3.conv3, original output shape: torch.Size([32, 512, 28, 28]), perturbed activation shape: torch.Size([1, 512, 28, 28])
2026-02-13 04:12:26,375 - INFO - Applying perturbation for layer: layer3.0.conv1, original output shape: torch.Size([32, 256, 28, 28]), perturbed activation shape: torch.Size([1, 256, 28, 28])
2026-02-13 04:12:26,425 - INFO - Applying perturbation for layer: layer1.2.conv3, original output shape: torch.Size([32, 256, 56, 56]), perturbed activation shape: torch.Size([1, 256, 56, 56])
2026-02-13 04:12:26,428 - INFO - Applying perturbation for layer: layer2.3.conv3, original output shape: torch.Size([32, 512, 28, 28]), perturbed activation shape: torch.Size([1, 512, 28, 28])
2026-02-13 04:12:26,428 - INFO - Applying perturbation for layer: layer3.0.conv1, original output shape: torch.Size([32, 256, 28, 28]), perturbed activation shape: torch.Size([1, 256, 28, 28])
2026-02-13 04:12:26,478 - INFO - Applying perturbation for layer: layer1.2.conv3, original output shape: torch.Size([32, 256, 56, 56]), perturbed activation shape: torch.Size([1, 256, 56, 56])
2026-02-13 04:12:26,482 - INFO - Applying perturbation for layer: layer2.3.conv3, original output shape: torch.Size([32, 512, 28, 28]), perturbed activation shape: torch.Size([1, 512, 28, 28])
2026-02-13 04:12:26,482 - INFO - Applying perturbation for layer: layer3.0.conv1, original output shape: torch.Size([32, 256, 28, 28]), perturbed activation shape: torch.Size([1, 256, 28, 28])
2026-02-13 04:12:26,531 - INFO - Applying perturbation for layer: layer1.2.conv3, original output shape: torch.Size([32, 256, 56, 56]), perturbed activation shape: torch.Size([1, 256, 56, 56])
2026-02-13 04:12:26,535 - INFO - Applying perturbation for layer: layer2.3.conv3, original output shape: torch.Size([32, 512, 28, 28]), perturbed activation shape: torch.Size([1, 512, 28, 28])
2026-02-13 04:12:26,535 - INFO - Applying perturbation for layer: layer3.0.conv1, original output shape: torch.Size([32, 256, 28, 28]), perturbed activation shape: torch.Size([1, 256, 28, 28])
2026-02-13 04:12:26,585 - INFO - Applying perturbation for layer: layer1.2.conv3, original output shape: torch.Size([32, 256, 56, 56]), perturbed activation shape: torch.Size([1, 256, 56, 56])
2026-02-13 04:12:26,588 - INFO - Applying perturbation for layer: layer2.3.conv3, original output shape: torch.Size([32, 512, 28, 28]), perturbed activation shape: torch.Size([1, 512, 28, 28])
2026-02-13 04:12:26,588 - INFO - Applying perturbation for layer: layer3.0.conv1, original output shape: torch.Size([32, 256, 28, 28]), perturbed activation shape: torch.Size([1, 256, 28, 28])
2026-02-13 04:12:26,638 - INFO - Applying perturbation for layer: layer1.2.conv3, original output shape: torch.Size([32, 256, 56, 56]), perturbed activation shape: torch.Size([1, 256, 56, 56])
2026-02-13 04:12:26,642 - INFO - Applying perturbation for layer: layer2.3.conv3, original output shape: torch.Size([32, 512, 28, 28]), perturbed activation shape: torch.Size([1, 512, 28, 28])
2026-02-13 04:12:26,642 - INFO - Applying perturbation for layer: layer3.0.conv1, original output shape: torch.Size([32, 256, 28, 28]), perturbed activation shape: torch.Size([1, 256, 28, 28])
2026-02-13 04:12:26,691 - INFO - Applying perturbation for layer: layer1.2.conv3, original output shape: torch.Size([32, 256, 56, 56]), perturbed activation shape: torch.Size([1, 256, 56, 56])
2026-02-13 04:12:26,695 - INFO - Applying perturbation for layer: layer2.3.conv3, original output shape: torch.Size([32, 512, 28, 28]), perturbed activation shape: torch.Size([1, 512, 28, 28])
2026-02-13 04:12:26,695 - INFO - Applying perturbation for layer: layer3.0.conv1, original output shape: torch.Size([32, 256, 28, 28]), perturbed activation shape: torch.Size([1, 256, 28, 28])
2026-02-13 04:12:26,745 - INFO - Applying perturbation for layer: layer1.2.conv3, original output shape: torch.Size([32, 256, 56, 56]), perturbed activation shape: torch.Size([1, 256, 56, 56])
2026-02-13 04:12:26,748 - INFO - Applying perturbation for layer: layer2.3.conv3, original output shape: torch.Size([32, 512, 28, 28]), perturbed activation shape: torch.Size([1, 512, 28, 28])
2026-02-13 04:12:26,749 - INFO - Applying perturbation for layer: layer3.0.conv1, original output shape: torch.Size([32, 256, 28, 28]), perturbed activation shape: torch.Size([1, 256, 28, 28])
2026-02-13 04:12:26,798 - INFO - Applying perturbation for layer: layer1.2.conv3, original output shape: torch.Size([32, 256, 56, 56]), perturbed activation shape: torch.Size([1, 256, 56, 56])
2026-02-13 04:12:26,802 - INFO - Applying perturbation for layer: layer2.3.conv3, original output shape: torch.Size([32, 512, 28, 28]), perturbed activation shape: torch.Size([1, 512, 28, 28])
2026-02-13 04:12:26,802 - INFO - Applying perturbation for layer: layer3.0.conv1, original output shape: torch.Size([32, 256, 28, 28]), perturbed activation shape: torch.Size([1, 256, 28, 28])
2026-02-13 04:12:26,852 - INFO - Applying perturbation for layer: layer1.2.conv3, original output shape: torch.Size([32, 256, 56, 56]), perturbed activation shape: torch.Size([1, 256, 56, 56])
2026-02-13 04:12:26,855 - INFO - Applying perturbation for layer: layer2.3.conv3, original output shape: torch.Size([32, 512, 28, 28]), perturbed activation shape: torch.Size([1, 512, 28, 28])
2026-02-13 04:12:26,855 - INFO - Applying perturbation for layer: layer3.0.conv1, original output shape: torch.Size([32, 256, 28, 28]), perturbed activation shape: torch.Size([1, 256, 28, 28])
2026-02-13 04:12:26,905 - INFO - Applying perturbation for layer: layer1.2.conv3, original output shape: torch.Size([32, 256, 56, 56]), perturbed activation shape: torch.Size([1, 256, 56, 56])
2026-02-13 04:12:26,909 - INFO - Applying perturbation for layer: layer2.3.conv3, original output shape: torch.Size([32, 512, 28, 28]), perturbed activation shape: torch.Size([1, 512, 28, 28])
2026-02-13 04:12:26,909 - INFO - Applying perturbation for layer: layer3.0.conv1, original output shape: torch.Size([32, 256, 28, 28]), perturbed activation shape: torch.Size([1, 256, 28, 28])
2026-02-13 04:12:26,950 - INFO - Applying perturbation for layer: layer1.2.conv3, original output shape: torch.Size([32, 256, 56, 56]), perturbed activation shape: torch.Size([1, 256, 56, 56])
2026-02-13 04:12:26,951 - INFO - Applying perturbation for layer: layer2.3.conv3, original output shape: torch.Size([32, 512, 28, 28]), perturbed activation shape: torch.Size([1, 512, 28, 28])
2026-02-13 04:12:26,951 - INFO - Applying perturbation for layer: layer3.0.conv1, original output shape: torch.Size([32, 256, 28, 28]), perturbed activation shape: torch.Size([1, 256, 28, 28])
2026-02-13 04:12:26,974 - INFO - Applying perturbation for layer: layer1.2.conv3, original output shape: torch.Size([32, 256, 56, 56]), perturbed activation shape: torch.Size([1, 256, 56, 56])
2026-02-13 04:12:26,975 - INFO - Applying perturbation for layer: layer2.3.conv3, original output shape: torch.Size([32, 512, 28, 28]), perturbed activation shape: torch.Size([1, 512, 28, 28])
2026-02-13 04:12:26,975 - INFO - Applying perturbation for layer: layer3.0.conv1, original output shape: torch.Size([32, 256, 28, 28]), perturbed activation shape: torch.Size([1, 256, 28, 28])
2026-02-13 04:12:26,998 - INFO - Applying perturbation for layer: layer1.2.conv3, original output shape: torch.Size([32, 256, 56, 56]), perturbed activation shape: torch.Size([1, 256, 56, 56])
2026-02-13 04:12:27,000 - INFO - Applying perturbation for layer: layer2.3.conv3, original output shape: torch.Size([32, 512, 28, 28]), perturbed activation shape: torch.Size([1, 512, 28, 28])
2026-02-13 04:12:27,000 - INFO - Applying perturbation for layer: layer3.0.conv1, original output shape: torch.Size([32, 256, 28, 28]), perturbed activation shape: torch.Size([1, 256, 28, 28])
2026-02-13 04:12:27,024 - INFO - Applying perturbation for layer: layer1.2.conv3, original output shape: torch.Size([32, 256, 56, 56]), perturbed activation shape: torch.Size([1, 256, 56, 56])
2026-02-13 04:12:27,025 - INFO - Applying perturbation for layer: layer2.3.conv3, original output shape: torch.Size([32, 512, 28, 28]), perturbed activation shape: torch.Size([1, 512, 28, 28])
2026-02-13 04:12:27,025 - INFO - Applying perturbation for layer: layer3.0.conv1, original output shape: torch.Size([32, 256, 28, 28]), perturbed activation shape: torch.Size([1, 256, 28, 28])
2026-02-13 04:12:27,048 - INFO - Applying perturbation for layer: layer1.2.conv3, original output shape: torch.Size([32, 256, 56, 56]), perturbed activation shape: torch.Size([1, 256, 56, 56])
2026-02-13 04:12:27,049 - INFO - Applying perturbation for layer: layer2.3.conv3, original output shape: torch.Size([32, 512, 28, 28]), perturbed activation shape: torch.Size([1, 512, 28, 28])
2026-02-13 04:12:27,049 - INFO - Applying perturbation for layer: layer3.0.conv1, original output shape: torch.Size([32, 256, 28, 28]), perturbed activation shape: torch.Size([1, 256, 28, 28])
2026-02-13 04:12:27,072 - INFO - Applying perturbation for layer: layer1.2.conv3, original output shape: torch.Size([32, 256, 56, 56]), perturbed activation shape: torch.Size([1, 256, 56, 56])
2026-02-13 04:12:27,074 - INFO - Applying perturbation for layer: layer2.3.conv3, original output shape: torch.Size([32, 512, 28, 28]), perturbed activation shape: torch.Size([1, 512, 28, 28])
2026-02-13 04:12:27,074 - INFO - Applying perturbation for layer: layer3.0.conv1, original output shape: torch.Size([32, 256, 28, 28]), perturbed activation shape: torch.Size([1, 256, 28, 28])
2026-02-13 04:12:27,097 - INFO - Applying perturbation for layer: layer1.2.conv3, original output shape: torch.Size([32, 256, 56, 56]), perturbed activation shape: torch.Size([1, 256, 56, 56])
2026-02-13 04:12:27,098 - INFO - Applying perturbation for layer: layer2.3.conv3, original output shape: torch.Size([32, 512, 28, 28]), perturbed activation shape: torch.Size([1, 512, 28, 28])
2026-02-13 04:12:27,098 - INFO - Applying perturbation for layer: layer3.0.conv1, original output shape: torch.Size([32, 256, 28, 28]), perturbed activation shape: torch.Size([1, 256, 28, 28])
2026-02-13 04:12:27,121 - INFO - Applying perturbation for layer: layer1.2.conv3, original output shape: torch.Size([32, 256, 56, 56]), perturbed activation shape: torch.Size([1, 256, 56, 56])
2026-02-13 04:12:27,122 - INFO - Applying perturbation for layer: layer2.3.conv3, original output shape: torch.Size([32, 512, 28, 28]), perturbed activation shape: torch.Size([1, 512, 28, 28])
2026-02-13 04:12:27,122 - INFO - Applying perturbation for layer: layer3.0.conv1, original output shape: torch.Size([32, 256, 28, 28]), perturbed activation shape: torch.Size([1, 256, 28, 28])
2026-02-13 04:12:27,145 - INFO - Applying perturbation for layer: layer1.2.conv3, original output shape: torch.Size([32, 256, 56, 56]), perturbed activation shape: torch.Size([1, 256, 56, 56])
2026-02-13 04:12:27,146 - INFO - Applying perturbation for layer: layer2.3.conv3, original output shape: torch.Size([32, 512, 28, 28]), perturbed activation shape: torch.Size([1, 512, 28, 28])
2026-02-13 04:12:27,146 - INFO - Applying perturbation for layer: layer3.0.conv1, original output shape: torch.Size([32, 256, 28, 28]), perturbed activation shape: torch.Size([1, 256, 28, 28])
2026-02-13 04:12:27,169 - INFO - Applying perturbation for layer: layer1.2.conv3, original output shape: torch.Size([32, 256, 56, 56]), perturbed activation shape: torch.Size([1, 256, 56, 56])
2026-02-13 04:12:27,171 - INFO - Applying perturbation for layer: layer2.3.conv3, original output shape: torch.Size([32, 512, 28, 28]), perturbed activation shape: torch.Size([1, 512, 28, 28])
2026-02-13 04:12:27,171 - INFO - Applying perturbation for layer: layer3.0.conv1, original output shape: torch.Size([32, 256, 28, 28]), perturbed activation shape: torch.Size([1, 256, 28, 28])
2026-02-13 04:12:27,194 - INFO - Applying perturbation for layer: layer1.2.conv3, original output shape: torch.Size([32, 256, 56, 56]), perturbed activation shape: torch.Size([1, 256, 56, 56])
2026-02-13 04:12:27,195 - INFO - Applying perturbation for layer: layer2.3.conv3, original output shape: torch.Size([32, 512, 28, 28]), perturbed activation shape: torch.Size([1, 512, 28, 28])
2026-02-13 04:12:27,195 - INFO - Applying perturbation for layer: layer3.0.conv1, original output shape: torch.Size([32, 256, 28, 28]), perturbed activation shape: torch.Size([1, 256, 28, 28])
2026-02-13 04:12:27,236 - INFO - Applying perturbation for layer: layer1.2.conv3, original output shape: torch.Size([32, 256, 56, 56]), perturbed activation shape: torch.Size([1, 256, 56, 56])
2026-02-13 04:12:27,240 - INFO - Applying perturbation for layer: layer2.3.conv3, original output shape: torch.Size([32, 512, 28, 28]), perturbed activation shape: torch.Size([1, 512, 28, 28])
2026-02-13 04:12:27,240 - INFO - Applying perturbation for layer: layer3.0.conv1, original output shape: torch.Size([32, 256, 28, 28]), perturbed activation shape: torch.Size([1, 256, 28, 28])
2026-02-13 04:12:27,308 - INFO - Applying perturbation for layer: layer1.2.conv3, original output shape: torch.Size([32, 256, 56, 56]), perturbed activation shape: torch.Size([1, 256, 56, 56])
2026-02-13 04:12:27,314 - INFO - Applying perturbation for layer: layer2.3.conv3, original output shape: torch.Size([32, 512, 28, 28]), perturbed activation shape: torch.Size([1, 512, 28, 28])
2026-02-13 04:12:27,315 - INFO - Applying perturbation for layer: layer3.0.conv1, original output shape: torch.Size([32, 256, 28, 28]), perturbed activation shape: torch.Size([1, 256, 28, 28])
2026-02-13 04:12:27,389 - INFO - Applying perturbation for layer: layer1.2.conv3, original output shape: torch.Size([32, 256, 56, 56]), perturbed activation shape: torch.Size([1, 256, 56, 56])
2026-02-13 04:12:27,395 - INFO - Applying perturbation for layer: layer2.3.conv3, original output shape: torch.Size([32, 512, 28, 28]), perturbed activation shape: torch.Size([1, 512, 28, 28])
2026-02-13 04:12:27,395 - INFO - Applying perturbation for layer: layer3.0.conv1, original output shape: torch.Size([32, 256, 28, 28]), perturbed activation shape: torch.Size([1, 256, 28, 28])
2026-02-13 04:12:27,469 - INFO - Applying perturbation for layer: layer1.2.conv3, original output shape: torch.Size([32, 256, 56, 56]), perturbed activation shape: torch.Size([1, 256, 56, 56])
2026-02-13 04:12:27,475 - INFO - Applying perturbation for layer: layer2.3.conv3, original output shape: torch.Size([32, 512, 28, 28]), perturbed activation shape: torch.Size([1, 512, 28, 28])
2026-02-13 04:12:27,475 - INFO - Applying perturbation for layer: layer3.0.conv1, original output shape: torch.Size([32, 256, 28, 28]), perturbed activation shape: torch.Size([1, 256, 28, 28])
2026-02-13 04:12:27,532 - INFO - Applying perturbation for layer: layer1.2.conv3, original output shape: torch.Size([32, 256, 56, 56]), perturbed activation shape: torch.Size([1, 256, 56, 56])
2026-02-13 04:12:27,536 - INFO - Applying perturbation for layer: layer2.3.conv3, original output shape: torch.Size([32, 512, 28, 28]), perturbed activation shape: torch.Size([1, 512, 28, 28])
2026-02-13 04:12:27,536 - INFO - Applying perturbation for layer: layer3.0.conv1, original output shape: torch.Size([32, 256, 28, 28]), perturbed activation shape: torch.Size([1, 256, 28, 28])
2026-02-13 04:12:27,605 - INFO - Applying perturbation for layer: layer1.2.conv3, original output shape: torch.Size([32, 256, 56, 56]), perturbed activation shape: torch.Size([1, 256, 56, 56])
2026-02-13 04:12:27,611 - INFO - Applying perturbation for layer: layer2.3.conv3, original output shape: torch.Size([32, 512, 28, 28]), perturbed activation shape: torch.Size([1, 512, 28, 28])
2026-02-13 04:12:27,611 - INFO - Applying perturbation for layer: layer3.0.conv1, original output shape: torch.Size([32, 256, 28, 28]), perturbed activation shape: torch.Size([1, 256, 28, 28])
2026-02-13 04:12:27,685 - INFO - Applying perturbation for layer: layer1.2.conv3, original output shape: torch.Size([32, 256, 56, 56]), perturbed activation shape: torch.Size([1, 256, 56, 56])
2026-02-13 04:12:27,691 - INFO - Applying perturbation for layer: layer2.3.conv3, original output shape: torch.Size([32, 512, 28, 28]), perturbed activation shape: torch.Size([1, 512, 28, 28])
2026-02-13 04:12:27,691 - INFO - Applying perturbation for layer: layer3.0.conv1, original output shape: torch.Size([32, 256, 28, 28]), perturbed activation shape: torch.Size([1, 256, 28, 28])
2026-02-13 04:12:27,765 - INFO - Applying perturbation for layer: layer1.2.conv3, original output shape: torch.Size([32, 256, 56, 56]), perturbed activation shape: torch.Size([1, 256, 56, 56])
2026-02-13 04:12:27,771 - INFO - Applying perturbation for layer: layer2.3.conv3, original output shape: torch.Size([32, 512, 28, 28]), perturbed activation shape: torch.Size([1, 512, 28, 28])
2026-02-13 04:12:27,771 - INFO - Applying perturbation for layer: layer3.0.conv1, original output shape: torch.Size([32, 256, 28, 28]), perturbed activation shape: torch.Size([1, 256, 28, 28])
2026-02-13 04:12:27,816 - INFO - Applying perturbation for layer: layer1.2.conv3, original output shape: torch.Size([32, 256, 56, 56]), perturbed activation shape: torch.Size([1, 256, 56, 56])
2026-02-13 04:12:27,817 - INFO - Applying perturbation for layer: layer2.3.conv3, original output shape: torch.Size([32, 512, 28, 28]), perturbed activation shape: torch.Size([1, 512, 28, 28])
2026-02-13 04:12:27,817 - INFO - Applying perturbation for layer: layer3.0.conv1, original output shape: torch.Size([32, 256, 28, 28]), perturbed activation shape: torch.Size([1, 256, 28, 28])
2026-02-13 04:12:27,841 - INFO - Applying perturbation for layer: layer1.2.conv3, original output shape: torch.Size([32, 256, 56, 56]), perturbed activation shape: torch.Size([1, 256, 56, 56])
2026-02-13 04:12:27,842 - INFO - Applying perturbation for layer: layer2.3.conv3, original output shape: torch.Size([32, 512, 28, 28]), perturbed activation shape: torch.Size([1, 512, 28, 28])
2026-02-13 04:12:27,842 - INFO - Applying perturbation for layer: layer3.0.conv1, original output shape: torch.Size([32, 256, 28, 28]), perturbed activation shape: torch.Size([1, 256, 28, 28])
2026-02-13 04:12:27,865 - INFO - Applying perturbation for layer: layer1.2.conv3, original output shape: torch.Size([32, 256, 56, 56]), perturbed activation shape: torch.Size([1, 256, 56, 56])
2026-02-13 04:12:27,866 - INFO - Applying perturbation for layer: layer2.3.conv3, original output shape: torch.Size([32, 512, 28, 28]), perturbed activation shape: torch.Size([1, 512, 28, 28])
2026-02-13 04:12:27,866 - INFO - Applying perturbation for layer: layer3.0.conv1, original output shape: torch.Size([32, 256, 28, 28]), perturbed activation shape: torch.Size([1, 256, 28, 28])
2026-02-13 04:12:27,889 - INFO - Applying perturbation for layer: layer1.2.conv3, original output shape: torch.Size([32, 256, 56, 56]), perturbed activation shape: torch.Size([1, 256, 56, 56])
2026-02-13 04:12:27,890 - INFO - Applying perturbation for layer: layer2.3.conv3, original output shape: torch.Size([32, 512, 28, 28]), perturbed activation shape: torch.Size([1, 512, 28, 28])
2026-02-13 04:12:27,891 - INFO - Applying perturbation for layer: layer3.0.conv1, original output shape: torch.Size([32, 256, 28, 28]), perturbed activation shape: torch.Size([1, 256, 28, 28])
