2026-02-13 03:57:10,689 - INFO - ================================================================================
2026-02-13 03:57:10,689 - INFO - Perturbation method and options c2_face
2026-02-13 03:57:10,689 - INFO - ================================================================================
2026-02-13 03:57:10,689 - INFO - Starting perturbation process at 20260213_035710
2026-02-13 03:57:10,689 - INFO - Model Name: resnet50
2026-02-13 03:57:10,689 - INFO - Model Path: /mnt/sdd/basics/balanced_training/resnet50/resnet50.pth
2026-02-13 03:57:10,689 - INFO - Base Image Directory: /home/balanced_dataset/train
2026-02-13 03:57:10,689 - INFO - Batch Size: 32
2026-02-13 03:57:10,693 - INFO - Collected 2112 images for analysis.
2026-02-13 03:57:38,817 - INFO - Batch processed 2112                           images into 66 batches with batch size 32.
2026-02-13 03:57:38,817 - INFO - Input image shapes: Number of batches: 66,                           Batch size: 32,                           Image tensor shape: torch.Size([32, 3, 224, 224])
2026-02-13 03:57:38,881 - INFO - Model loaded from /mnt/sdd/basics/balanced_training/resnet50/resnet50.pth and set to evaluation mode.
2026-02-13 03:57:38,881 - INFO - Custom layers to perturb set: ['layer3.0.conv2', 'layer4.2.conv2']
2026-02-13 03:57:38,881 - INFO - Options class and artifact c2_face
2026-02-13 03:57:38,881 - INFO - List of layers to pertubate ['layer3.0.conv2', 'layer4.2.conv2']
2026-02-13 03:57:38,952 - INFO - ================================================================================
2026-02-13 03:57:38,952 - INFO - Target layer found: layer3.0.conv2
2026-02-13 03:57:39,182 - INFO - Captured activation for layer: layer3.0.conv2,                 activation shape: torch.Size([32, 256, 14, 14])
2026-02-13 03:57:39,215 - INFO - Captured activation for layer: layer3.0.conv2, activation shape: torch.Size([32, 256, 14, 14])
2026-02-13 03:57:39,216 - INFO - Captured activation for layer: layer3.0.conv2,                 activation shape: torch.Size([32, 256, 14, 14])
2026-02-13 03:57:39,217 - INFO - Captured activation for layer: layer3.0.conv2, activation shape: torch.Size([32, 256, 14, 14])
2026-02-13 03:57:39,219 - INFO - Captured activation for layer: layer3.0.conv2,                 activation shape: torch.Size([32, 256, 14, 14])
2026-02-13 03:57:39,220 - INFO - Captured activation for layer: layer3.0.conv2, activation shape: torch.Size([32, 256, 14, 14])
2026-02-13 03:57:39,221 - INFO - Captured activation for layer: layer3.0.conv2,                 activation shape: torch.Size([32, 256, 14, 14])
2026-02-13 03:57:39,222 - INFO - Captured activation for layer: layer3.0.conv2, activation shape: torch.Size([32, 256, 14, 14])
2026-02-13 03:57:39,223 - INFO - Captured activation for layer: layer3.0.conv2,                 activation shape: torch.Size([32, 256, 14, 14])
2026-02-13 03:57:39,224 - INFO - Captured activation for layer: layer3.0.conv2, activation shape: torch.Size([32, 256, 14, 14])
2026-02-13 03:57:39,225 - INFO - Captured activation for layer: layer3.0.conv2,                 activation shape: torch.Size([32, 256, 14, 14])
2026-02-13 03:57:39,227 - INFO - Captured activation for layer: layer3.0.conv2, activation shape: torch.Size([32, 256, 14, 14])
2026-02-13 03:57:39,227 - INFO - Captured activation for layer: layer3.0.conv2,                 activation shape: torch.Size([32, 256, 14, 14])
2026-02-13 03:57:39,234 - INFO - Captured activation for layer: layer3.0.conv2, activation shape: torch.Size([32, 256, 14, 14])
2026-02-13 03:57:39,238 - INFO - Captured activation for layer: layer3.0.conv2,                 activation shape: torch.Size([32, 256, 14, 14])
2026-02-13 03:57:39,246 - INFO - Captured activation for layer: layer3.0.conv2, activation shape: torch.Size([32, 256, 14, 14])
2026-02-13 03:57:39,250 - INFO - Captured activation for layer: layer3.0.conv2,                 activation shape: torch.Size([32, 256, 14, 14])
2026-02-13 03:57:39,258 - INFO - Captured activation for layer: layer3.0.conv2, activation shape: torch.Size([32, 256, 14, 14])
2026-02-13 03:57:39,261 - INFO - Captured activation for layer: layer3.0.conv2,                 activation shape: torch.Size([32, 256, 14, 14])
2026-02-13 03:57:39,270 - INFO - Captured activation for layer: layer3.0.conv2, activation shape: torch.Size([32, 256, 14, 14])
2026-02-13 03:57:39,273 - INFO - Captured activation for layer: layer3.0.conv2,                 activation shape: torch.Size([32, 256, 14, 14])
2026-02-13 03:57:39,282 - INFO - Captured activation for layer: layer3.0.conv2, activation shape: torch.Size([32, 256, 14, 14])
2026-02-13 03:57:39,285 - INFO - Captured activation for layer: layer3.0.conv2,                 activation shape: torch.Size([32, 256, 14, 14])
2026-02-13 03:57:39,294 - INFO - Captured activation for layer: layer3.0.conv2, activation shape: torch.Size([32, 256, 14, 14])
2026-02-13 03:57:39,297 - INFO - Captured activation for layer: layer3.0.conv2,                 activation shape: torch.Size([32, 256, 14, 14])
2026-02-13 03:57:39,306 - INFO - Captured activation for layer: layer3.0.conv2, activation shape: torch.Size([32, 256, 14, 14])
2026-02-13 03:57:39,309 - INFO - Captured activation for layer: layer3.0.conv2,                 activation shape: torch.Size([32, 256, 14, 14])
2026-02-13 03:57:39,318 - INFO - Captured activation for layer: layer3.0.conv2, activation shape: torch.Size([32, 256, 14, 14])
2026-02-13 03:57:39,321 - INFO - Captured activation for layer: layer3.0.conv2,                 activation shape: torch.Size([32, 256, 14, 14])
2026-02-13 03:57:39,330 - INFO - Captured activation for layer: layer3.0.conv2, activation shape: torch.Size([32, 256, 14, 14])
2026-02-13 03:57:39,333 - INFO - Captured activation for layer: layer3.0.conv2,                 activation shape: torch.Size([32, 256, 14, 14])
2026-02-13 03:57:39,342 - INFO - Captured activation for layer: layer3.0.conv2, activation shape: torch.Size([32, 256, 14, 14])
2026-02-13 03:57:39,345 - INFO - Captured activation for layer: layer3.0.conv2,                 activation shape: torch.Size([32, 256, 14, 14])
2026-02-13 03:57:39,354 - INFO - Captured activation for layer: layer3.0.conv2, activation shape: torch.Size([32, 256, 14, 14])
2026-02-13 03:57:39,357 - INFO - Captured activation for layer: layer3.0.conv2,                 activation shape: torch.Size([32, 256, 14, 14])
2026-02-13 03:57:39,366 - INFO - Captured activation for layer: layer3.0.conv2, activation shape: torch.Size([32, 256, 14, 14])
2026-02-13 03:57:39,369 - INFO - Captured activation for layer: layer3.0.conv2,                 activation shape: torch.Size([32, 256, 14, 14])
2026-02-13 03:57:39,378 - INFO - Captured activation for layer: layer3.0.conv2, activation shape: torch.Size([32, 256, 14, 14])
2026-02-13 03:57:39,381 - INFO - Captured activation for layer: layer3.0.conv2,                 activation shape: torch.Size([32, 256, 14, 14])
2026-02-13 03:57:39,390 - INFO - Captured activation for layer: layer3.0.conv2, activation shape: torch.Size([32, 256, 14, 14])
2026-02-13 03:57:39,393 - INFO - Captured activation for layer: layer3.0.conv2,                 activation shape: torch.Size([32, 256, 14, 14])
2026-02-13 03:57:39,402 - INFO - Captured activation for layer: layer3.0.conv2, activation shape: torch.Size([32, 256, 14, 14])
2026-02-13 03:57:39,405 - INFO - Captured activation for layer: layer3.0.conv2,                 activation shape: torch.Size([32, 256, 14, 14])
2026-02-13 03:57:39,414 - INFO - Captured activation for layer: layer3.0.conv2, activation shape: torch.Size([32, 256, 14, 14])
2026-02-13 03:57:39,417 - INFO - Captured activation for layer: layer3.0.conv2,                 activation shape: torch.Size([32, 256, 14, 14])
2026-02-13 03:57:39,426 - INFO - Captured activation for layer: layer3.0.conv2, activation shape: torch.Size([32, 256, 14, 14])
2026-02-13 03:57:39,429 - INFO - Captured activation for layer: layer3.0.conv2,                 activation shape: torch.Size([32, 256, 14, 14])
2026-02-13 03:57:39,438 - INFO - Captured activation for layer: layer3.0.conv2, activation shape: torch.Size([32, 256, 14, 14])
2026-02-13 03:57:39,441 - INFO - Captured activation for layer: layer3.0.conv2,                 activation shape: torch.Size([32, 256, 14, 14])
2026-02-13 03:57:39,450 - INFO - Captured activation for layer: layer3.0.conv2, activation shape: torch.Size([32, 256, 14, 14])
2026-02-13 03:57:39,453 - INFO - Captured activation for layer: layer3.0.conv2,                 activation shape: torch.Size([32, 256, 14, 14])
2026-02-13 03:57:39,462 - INFO - Captured activation for layer: layer3.0.conv2, activation shape: torch.Size([32, 256, 14, 14])
2026-02-13 03:57:39,465 - INFO - Captured activation for layer: layer3.0.conv2,                 activation shape: torch.Size([32, 256, 14, 14])
2026-02-13 03:57:39,474 - INFO - Captured activation for layer: layer3.0.conv2, activation shape: torch.Size([32, 256, 14, 14])
2026-02-13 03:57:39,477 - INFO - Captured activation for layer: layer3.0.conv2,                 activation shape: torch.Size([32, 256, 14, 14])
2026-02-13 03:57:39,486 - INFO - Captured activation for layer: layer3.0.conv2, activation shape: torch.Size([32, 256, 14, 14])
2026-02-13 03:57:39,489 - INFO - Captured activation for layer: layer3.0.conv2,                 activation shape: torch.Size([32, 256, 14, 14])
2026-02-13 03:57:39,498 - INFO - Captured activation for layer: layer3.0.conv2, activation shape: torch.Size([32, 256, 14, 14])
2026-02-13 03:57:39,501 - INFO - Captured activation for layer: layer3.0.conv2,                 activation shape: torch.Size([32, 256, 14, 14])
2026-02-13 03:57:39,510 - INFO - Captured activation for layer: layer3.0.conv2, activation shape: torch.Size([32, 256, 14, 14])
2026-02-13 03:57:39,513 - INFO - Captured activation for layer: layer3.0.conv2,                 activation shape: torch.Size([32, 256, 14, 14])
2026-02-13 03:57:39,522 - INFO - Captured activation for layer: layer3.0.conv2, activation shape: torch.Size([32, 256, 14, 14])
2026-02-13 03:57:39,525 - INFO - Captured activation for layer: layer3.0.conv2,                 activation shape: torch.Size([32, 256, 14, 14])
2026-02-13 03:57:39,534 - INFO - Captured activation for layer: layer3.0.conv2, activation shape: torch.Size([32, 256, 14, 14])
2026-02-13 03:57:39,537 - INFO - Captured activation for layer: layer3.0.conv2,                 activation shape: torch.Size([32, 256, 14, 14])
2026-02-13 03:57:39,546 - INFO - Captured activation for layer: layer3.0.conv2, activation shape: torch.Size([32, 256, 14, 14])
2026-02-13 03:57:39,549 - INFO - Captured activation for layer: layer3.0.conv2,                 activation shape: torch.Size([32, 256, 14, 14])
2026-02-13 03:57:39,558 - INFO - Captured activation for layer: layer3.0.conv2, activation shape: torch.Size([32, 256, 14, 14])
2026-02-13 03:57:39,561 - INFO - Captured activation for layer: layer3.0.conv2,                 activation shape: torch.Size([32, 256, 14, 14])
2026-02-13 03:57:39,570 - INFO - Captured activation for layer: layer3.0.conv2, activation shape: torch.Size([32, 256, 14, 14])
2026-02-13 03:57:39,573 - INFO - Captured activation for layer: layer3.0.conv2,                 activation shape: torch.Size([32, 256, 14, 14])
2026-02-13 03:57:39,582 - INFO - Captured activation for layer: layer3.0.conv2, activation shape: torch.Size([32, 256, 14, 14])
2026-02-13 03:57:39,585 - INFO - Captured activation for layer: layer3.0.conv2,                 activation shape: torch.Size([32, 256, 14, 14])
2026-02-13 03:57:39,594 - INFO - Captured activation for layer: layer3.0.conv2, activation shape: torch.Size([32, 256, 14, 14])
2026-02-13 03:57:39,597 - INFO - Captured activation for layer: layer3.0.conv2,                 activation shape: torch.Size([32, 256, 14, 14])
2026-02-13 03:57:39,606 - INFO - Captured activation for layer: layer3.0.conv2, activation shape: torch.Size([32, 256, 14, 14])
2026-02-13 03:57:39,609 - INFO - Captured activation for layer: layer3.0.conv2,                 activation shape: torch.Size([32, 256, 14, 14])
2026-02-13 03:57:39,618 - INFO - Captured activation for layer: layer3.0.conv2, activation shape: torch.Size([32, 256, 14, 14])
2026-02-13 03:57:39,621 - INFO - Captured activation for layer: layer3.0.conv2,                 activation shape: torch.Size([32, 256, 14, 14])
2026-02-13 03:57:39,630 - INFO - Captured activation for layer: layer3.0.conv2, activation shape: torch.Size([32, 256, 14, 14])
2026-02-13 03:57:39,633 - INFO - Captured activation for layer: layer3.0.conv2,                 activation shape: torch.Size([32, 256, 14, 14])
2026-02-13 03:57:39,642 - INFO - Captured activation for layer: layer3.0.conv2, activation shape: torch.Size([32, 256, 14, 14])
2026-02-13 03:57:39,645 - INFO - Captured activation for layer: layer3.0.conv2,                 activation shape: torch.Size([32, 256, 14, 14])
2026-02-13 03:57:39,654 - INFO - Captured activation for layer: layer3.0.conv2, activation shape: torch.Size([32, 256, 14, 14])
2026-02-13 03:57:39,657 - INFO - Captured activation for layer: layer3.0.conv2,                 activation shape: torch.Size([32, 256, 14, 14])
2026-02-13 03:57:39,666 - INFO - Captured activation for layer: layer3.0.conv2, activation shape: torch.Size([32, 256, 14, 14])
2026-02-13 03:57:39,669 - INFO - Captured activation for layer: layer3.0.conv2,                 activation shape: torch.Size([32, 256, 14, 14])
2026-02-13 03:57:39,678 - INFO - Captured activation for layer: layer3.0.conv2, activation shape: torch.Size([32, 256, 14, 14])
2026-02-13 03:57:39,681 - INFO - Captured activation for layer: layer3.0.conv2,                 activation shape: torch.Size([32, 256, 14, 14])
2026-02-13 03:57:39,690 - INFO - Captured activation for layer: layer3.0.conv2, activation shape: torch.Size([32, 256, 14, 14])
2026-02-13 03:57:39,693 - INFO - Captured activation for layer: layer3.0.conv2,                 activation shape: torch.Size([32, 256, 14, 14])
2026-02-13 03:57:39,702 - INFO - Captured activation for layer: layer3.0.conv2, activation shape: torch.Size([32, 256, 14, 14])
2026-02-13 03:57:39,705 - INFO - Captured activation for layer: layer3.0.conv2,                 activation shape: torch.Size([32, 256, 14, 14])
2026-02-13 03:57:39,713 - INFO - Captured activation for layer: layer3.0.conv2, activation shape: torch.Size([32, 256, 14, 14])
2026-02-13 03:57:39,717 - INFO - Captured activation for layer: layer3.0.conv2,                 activation shape: torch.Size([32, 256, 14, 14])
2026-02-13 03:57:39,725 - INFO - Captured activation for layer: layer3.0.conv2, activation shape: torch.Size([32, 256, 14, 14])
2026-02-13 03:57:39,729 - INFO - Captured activation for layer: layer3.0.conv2,                 activation shape: torch.Size([32, 256, 14, 14])
2026-02-13 03:57:39,738 - INFO - Captured activation for layer: layer3.0.conv2, activation shape: torch.Size([32, 256, 14, 14])
2026-02-13 03:57:39,741 - INFO - Captured activation for layer: layer3.0.conv2,                 activation shape: torch.Size([32, 256, 14, 14])
2026-02-13 03:57:39,750 - INFO - Captured activation for layer: layer3.0.conv2, activation shape: torch.Size([32, 256, 14, 14])
2026-02-13 03:57:39,753 - INFO - Captured activation for layer: layer3.0.conv2,                 activation shape: torch.Size([32, 256, 14, 14])
2026-02-13 03:57:39,761 - INFO - Captured activation for layer: layer3.0.conv2, activation shape: torch.Size([32, 256, 14, 14])
2026-02-13 03:57:39,765 - INFO - Captured activation for layer: layer3.0.conv2,                 activation shape: torch.Size([32, 256, 14, 14])
2026-02-13 03:57:39,773 - INFO - Captured activation for layer: layer3.0.conv2, activation shape: torch.Size([32, 256, 14, 14])
2026-02-13 03:57:39,777 - INFO - Captured activation for layer: layer3.0.conv2,                 activation shape: torch.Size([32, 256, 14, 14])
2026-02-13 03:57:39,785 - INFO - Captured activation for layer: layer3.0.conv2, activation shape: torch.Size([32, 256, 14, 14])
2026-02-13 03:57:39,789 - INFO - Captured activation for layer: layer3.0.conv2,                 activation shape: torch.Size([32, 256, 14, 14])
2026-02-13 03:57:39,797 - INFO - Captured activation for layer: layer3.0.conv2, activation shape: torch.Size([32, 256, 14, 14])
2026-02-13 03:57:39,801 - INFO - Captured activation for layer: layer3.0.conv2,                 activation shape: torch.Size([32, 256, 14, 14])
2026-02-13 03:57:39,809 - INFO - Captured activation for layer: layer3.0.conv2, activation shape: torch.Size([32, 256, 14, 14])
2026-02-13 03:57:39,813 - INFO - Captured activation for layer: layer3.0.conv2,                 activation shape: torch.Size([32, 256, 14, 14])
2026-02-13 03:57:39,821 - INFO - Captured activation for layer: layer3.0.conv2, activation shape: torch.Size([32, 256, 14, 14])
2026-02-13 03:57:39,825 - INFO - Captured activation for layer: layer3.0.conv2,                 activation shape: torch.Size([32, 256, 14, 14])
2026-02-13 03:57:39,833 - INFO - Captured activation for layer: layer3.0.conv2, activation shape: torch.Size([32, 256, 14, 14])
2026-02-13 03:57:39,837 - INFO - Captured activation for layer: layer3.0.conv2,                 activation shape: torch.Size([32, 256, 14, 14])
2026-02-13 03:57:39,845 - INFO - Captured activation for layer: layer3.0.conv2, activation shape: torch.Size([32, 256, 14, 14])
2026-02-13 03:57:39,848 - INFO - Captured activation for layer: layer3.0.conv2,                 activation shape: torch.Size([32, 256, 14, 14])
2026-02-13 03:57:39,857 - INFO - Captured activation for layer: layer3.0.conv2, activation shape: torch.Size([32, 256, 14, 14])
2026-02-13 03:57:39,860 - INFO - Captured activation for layer: layer3.0.conv2,                 activation shape: torch.Size([32, 256, 14, 14])
2026-02-13 03:57:39,869 - INFO - Captured activation for layer: layer3.0.conv2, activation shape: torch.Size([32, 256, 14, 14])
2026-02-13 03:57:39,872 - INFO - Captured activation for layer: layer3.0.conv2,                 activation shape: torch.Size([32, 256, 14, 14])
2026-02-13 03:57:39,881 - INFO - Captured activation for layer: layer3.0.conv2, activation shape: torch.Size([32, 256, 14, 14])
2026-02-13 03:57:39,884 - INFO - Captured activation for layer: layer3.0.conv2,                 activation shape: torch.Size([32, 256, 14, 14])
2026-02-13 03:57:39,893 - INFO - Captured activation for layer: layer3.0.conv2, activation shape: torch.Size([32, 256, 14, 14])
2026-02-13 03:57:39,896 - INFO - Captured activation for layer: layer3.0.conv2,                 activation shape: torch.Size([32, 256, 14, 14])
2026-02-13 03:57:39,905 - INFO - Captured activation for layer: layer3.0.conv2, activation shape: torch.Size([32, 256, 14, 14])
2026-02-13 03:57:39,909 - INFO - Captured activation for layer: layer3.0.conv2,                 activation shape: torch.Size([32, 256, 14, 14])
2026-02-13 03:57:39,917 - INFO - Captured activation for layer: layer3.0.conv2, activation shape: torch.Size([32, 256, 14, 14])
2026-02-13 03:57:39,921 - INFO - Captured activation for layer: layer3.0.conv2,                 activation shape: torch.Size([32, 256, 14, 14])
2026-02-13 03:57:39,929 - INFO - Captured activation for layer: layer3.0.conv2, activation shape: torch.Size([32, 256, 14, 14])
2026-02-13 03:57:39,933 - INFO - Captured activation for layer: layer3.0.conv2,                 activation shape: torch.Size([32, 256, 14, 14])
2026-02-13 03:57:39,941 - INFO - Captured activation for layer: layer3.0.conv2, activation shape: torch.Size([32, 256, 14, 14])
2026-02-13 03:57:39,942 - INFO - Stacked activations shape for layer layer3.0.conv2: torch.Size([2112, 256, 14, 14])
2026-02-13 03:57:40,000 - INFO - Added Gaussian noise with std: 0.001
2026-02-13 03:57:40,068 - INFO - Perturbed activation  values: tensor([-0.0443,  0.0133,  0.0166,  ..., -0.0920,  0.1106,  0.0063],
       device='cuda:0')
2026-02-13 03:57:40,069 - INFO - Standard deviation of activations for layer layer3.0.conv2: 0.1422
2026-02-13 03:57:40,069 - INFO - Checking normality of activations for layer layer3.0.conv2 using Shapiro-Wilk test.
2026-02-13 03:57:43,268 - INFO - Shapiro-Wilk test: statistic=0.9870, p-value=4.5712e-21
2026-02-13 03:57:43,268 - INFO - Normally distributed: False
2026-02-13 03:57:43,268 - INFO - Perturbed activation shape: torch.Size([2112, 256, 14, 14]), Std activation shape: torch.Size([1, 256, 14, 14])
2026-02-13 03:57:43,272 - INFO - Std activation sample values: tensor([0.0831, 0.1031, 0.1008, 0.1003, 0.1026], device='cuda:0')
2026-02-13 03:57:43,299 - INFO - Applying perturbation for layer: layer3.0.conv2, original output shape: torch.Size([32, 256, 14, 14]), perturbed activation shape: torch.Size([2112, 256, 14, 14])
2026-02-13 03:57:43,304 - INFO - Applying perturbation for layer: layer3.0.conv2, original output shape: torch.Size([32, 256, 14, 14]), perturbed activation shape: torch.Size([2112, 256, 14, 14])
2026-02-13 03:57:43,308 - INFO - Applying perturbation for layer: layer3.0.conv2, original output shape: torch.Size([32, 256, 14, 14]), perturbed activation shape: torch.Size([2112, 256, 14, 14])
2026-02-13 03:57:43,322 - INFO - Applying perturbation for layer: layer3.0.conv2, original output shape: torch.Size([32, 256, 14, 14]), perturbed activation shape: torch.Size([2112, 256, 14, 14])
2026-02-13 03:57:43,346 - INFO - Applying perturbation for layer: layer3.0.conv2, original output shape: torch.Size([32, 256, 14, 14]), perturbed activation shape: torch.Size([2112, 256, 14, 14])
2026-02-13 03:57:43,370 - INFO - Applying perturbation for layer: layer3.0.conv2, original output shape: torch.Size([32, 256, 14, 14]), perturbed activation shape: torch.Size([2112, 256, 14, 14])
2026-02-13 03:57:43,394 - INFO - Applying perturbation for layer: layer3.0.conv2, original output shape: torch.Size([32, 256, 14, 14]), perturbed activation shape: torch.Size([2112, 256, 14, 14])
2026-02-13 03:57:43,418 - INFO - Applying perturbation for layer: layer3.0.conv2, original output shape: torch.Size([32, 256, 14, 14]), perturbed activation shape: torch.Size([2112, 256, 14, 14])
2026-02-13 03:57:43,443 - INFO - Applying perturbation for layer: layer3.0.conv2, original output shape: torch.Size([32, 256, 14, 14]), perturbed activation shape: torch.Size([2112, 256, 14, 14])
2026-02-13 03:57:43,467 - INFO - Applying perturbation for layer: layer3.0.conv2, original output shape: torch.Size([32, 256, 14, 14]), perturbed activation shape: torch.Size([2112, 256, 14, 14])
2026-02-13 03:57:43,491 - INFO - Applying perturbation for layer: layer3.0.conv2, original output shape: torch.Size([32, 256, 14, 14]), perturbed activation shape: torch.Size([2112, 256, 14, 14])
2026-02-13 03:57:43,515 - INFO - Applying perturbation for layer: layer3.0.conv2, original output shape: torch.Size([32, 256, 14, 14]), perturbed activation shape: torch.Size([2112, 256, 14, 14])
2026-02-13 03:57:43,539 - INFO - Applying perturbation for layer: layer3.0.conv2, original output shape: torch.Size([32, 256, 14, 14]), perturbed activation shape: torch.Size([2112, 256, 14, 14])
2026-02-13 03:57:43,563 - INFO - Applying perturbation for layer: layer3.0.conv2, original output shape: torch.Size([32, 256, 14, 14]), perturbed activation shape: torch.Size([2112, 256, 14, 14])
2026-02-13 03:57:43,587 - INFO - Applying perturbation for layer: layer3.0.conv2, original output shape: torch.Size([32, 256, 14, 14]), perturbed activation shape: torch.Size([2112, 256, 14, 14])
2026-02-13 03:57:43,611 - INFO - Applying perturbation for layer: layer3.0.conv2, original output shape: torch.Size([32, 256, 14, 14]), perturbed activation shape: torch.Size([2112, 256, 14, 14])
2026-02-13 03:57:43,635 - INFO - Applying perturbation for layer: layer3.0.conv2, original output shape: torch.Size([32, 256, 14, 14]), perturbed activation shape: torch.Size([2112, 256, 14, 14])
2026-02-13 03:57:43,659 - INFO - Applying perturbation for layer: layer3.0.conv2, original output shape: torch.Size([32, 256, 14, 14]), perturbed activation shape: torch.Size([2112, 256, 14, 14])
2026-02-13 03:57:43,683 - INFO - Applying perturbation for layer: layer3.0.conv2, original output shape: torch.Size([32, 256, 14, 14]), perturbed activation shape: torch.Size([2112, 256, 14, 14])
2026-02-13 03:57:43,707 - INFO - Applying perturbation for layer: layer3.0.conv2, original output shape: torch.Size([32, 256, 14, 14]), perturbed activation shape: torch.Size([2112, 256, 14, 14])
2026-02-13 03:57:43,731 - INFO - Applying perturbation for layer: layer3.0.conv2, original output shape: torch.Size([32, 256, 14, 14]), perturbed activation shape: torch.Size([2112, 256, 14, 14])
2026-02-13 03:57:43,755 - INFO - Applying perturbation for layer: layer3.0.conv2, original output shape: torch.Size([32, 256, 14, 14]), perturbed activation shape: torch.Size([2112, 256, 14, 14])
2026-02-13 03:57:43,779 - INFO - Applying perturbation for layer: layer3.0.conv2, original output shape: torch.Size([32, 256, 14, 14]), perturbed activation shape: torch.Size([2112, 256, 14, 14])
2026-02-13 03:57:43,803 - INFO - Applying perturbation for layer: layer3.0.conv2, original output shape: torch.Size([32, 256, 14, 14]), perturbed activation shape: torch.Size([2112, 256, 14, 14])
2026-02-13 03:57:43,827 - INFO - Applying perturbation for layer: layer3.0.conv2, original output shape: torch.Size([32, 256, 14, 14]), perturbed activation shape: torch.Size([2112, 256, 14, 14])
2026-02-13 03:57:43,851 - INFO - Applying perturbation for layer: layer3.0.conv2, original output shape: torch.Size([32, 256, 14, 14]), perturbed activation shape: torch.Size([2112, 256, 14, 14])
2026-02-13 03:57:43,875 - INFO - Applying perturbation for layer: layer3.0.conv2, original output shape: torch.Size([32, 256, 14, 14]), perturbed activation shape: torch.Size([2112, 256, 14, 14])
2026-02-13 03:57:43,899 - INFO - Applying perturbation for layer: layer3.0.conv2, original output shape: torch.Size([32, 256, 14, 14]), perturbed activation shape: torch.Size([2112, 256, 14, 14])
2026-02-13 03:57:43,923 - INFO - Applying perturbation for layer: layer3.0.conv2, original output shape: torch.Size([32, 256, 14, 14]), perturbed activation shape: torch.Size([2112, 256, 14, 14])
2026-02-13 03:57:43,947 - INFO - Applying perturbation for layer: layer3.0.conv2, original output shape: torch.Size([32, 256, 14, 14]), perturbed activation shape: torch.Size([2112, 256, 14, 14])
2026-02-13 03:57:43,971 - INFO - Applying perturbation for layer: layer3.0.conv2, original output shape: torch.Size([32, 256, 14, 14]), perturbed activation shape: torch.Size([2112, 256, 14, 14])
2026-02-13 03:57:43,995 - INFO - Applying perturbation for layer: layer3.0.conv2, original output shape: torch.Size([32, 256, 14, 14]), perturbed activation shape: torch.Size([2112, 256, 14, 14])
2026-02-13 03:57:44,019 - INFO - Applying perturbation for layer: layer3.0.conv2, original output shape: torch.Size([32, 256, 14, 14]), perturbed activation shape: torch.Size([2112, 256, 14, 14])
2026-02-13 03:57:44,043 - INFO - Applying perturbation for layer: layer3.0.conv2, original output shape: torch.Size([32, 256, 14, 14]), perturbed activation shape: torch.Size([2112, 256, 14, 14])
2026-02-13 03:57:44,067 - INFO - Applying perturbation for layer: layer3.0.conv2, original output shape: torch.Size([32, 256, 14, 14]), perturbed activation shape: torch.Size([2112, 256, 14, 14])
2026-02-13 03:57:44,091 - INFO - Applying perturbation for layer: layer3.0.conv2, original output shape: torch.Size([32, 256, 14, 14]), perturbed activation shape: torch.Size([2112, 256, 14, 14])
2026-02-13 03:57:44,115 - INFO - Applying perturbation for layer: layer3.0.conv2, original output shape: torch.Size([32, 256, 14, 14]), perturbed activation shape: torch.Size([2112, 256, 14, 14])
2026-02-13 03:57:44,139 - INFO - Applying perturbation for layer: layer3.0.conv2, original output shape: torch.Size([32, 256, 14, 14]), perturbed activation shape: torch.Size([2112, 256, 14, 14])
2026-02-13 03:57:44,163 - INFO - Applying perturbation for layer: layer3.0.conv2, original output shape: torch.Size([32, 256, 14, 14]), perturbed activation shape: torch.Size([2112, 256, 14, 14])
2026-02-13 03:57:44,187 - INFO - Applying perturbation for layer: layer3.0.conv2, original output shape: torch.Size([32, 256, 14, 14]), perturbed activation shape: torch.Size([2112, 256, 14, 14])
2026-02-13 03:57:44,211 - INFO - Applying perturbation for layer: layer3.0.conv2, original output shape: torch.Size([32, 256, 14, 14]), perturbed activation shape: torch.Size([2112, 256, 14, 14])
2026-02-13 03:57:44,235 - INFO - Applying perturbation for layer: layer3.0.conv2, original output shape: torch.Size([32, 256, 14, 14]), perturbed activation shape: torch.Size([2112, 256, 14, 14])
2026-02-13 03:57:44,259 - INFO - Applying perturbation for layer: layer3.0.conv2, original output shape: torch.Size([32, 256, 14, 14]), perturbed activation shape: torch.Size([2112, 256, 14, 14])
2026-02-13 03:57:44,283 - INFO - Applying perturbation for layer: layer3.0.conv2, original output shape: torch.Size([32, 256, 14, 14]), perturbed activation shape: torch.Size([2112, 256, 14, 14])
2026-02-13 03:57:44,307 - INFO - Applying perturbation for layer: layer3.0.conv2, original output shape: torch.Size([32, 256, 14, 14]), perturbed activation shape: torch.Size([2112, 256, 14, 14])
2026-02-13 03:57:44,331 - INFO - Applying perturbation for layer: layer3.0.conv2, original output shape: torch.Size([32, 256, 14, 14]), perturbed activation shape: torch.Size([2112, 256, 14, 14])
2026-02-13 03:57:44,355 - INFO - Applying perturbation for layer: layer3.0.conv2, original output shape: torch.Size([32, 256, 14, 14]), perturbed activation shape: torch.Size([2112, 256, 14, 14])
2026-02-13 03:57:44,379 - INFO - Applying perturbation for layer: layer3.0.conv2, original output shape: torch.Size([32, 256, 14, 14]), perturbed activation shape: torch.Size([2112, 256, 14, 14])
2026-02-13 03:57:44,403 - INFO - Applying perturbation for layer: layer3.0.conv2, original output shape: torch.Size([32, 256, 14, 14]), perturbed activation shape: torch.Size([2112, 256, 14, 14])
2026-02-13 03:57:44,427 - INFO - Applying perturbation for layer: layer3.0.conv2, original output shape: torch.Size([32, 256, 14, 14]), perturbed activation shape: torch.Size([2112, 256, 14, 14])
2026-02-13 03:57:44,451 - INFO - Applying perturbation for layer: layer3.0.conv2, original output shape: torch.Size([32, 256, 14, 14]), perturbed activation shape: torch.Size([2112, 256, 14, 14])
2026-02-13 03:57:44,475 - INFO - Applying perturbation for layer: layer3.0.conv2, original output shape: torch.Size([32, 256, 14, 14]), perturbed activation shape: torch.Size([2112, 256, 14, 14])
2026-02-13 03:57:44,499 - INFO - Applying perturbation for layer: layer3.0.conv2, original output shape: torch.Size([32, 256, 14, 14]), perturbed activation shape: torch.Size([2112, 256, 14, 14])
2026-02-13 03:57:44,523 - INFO - Applying perturbation for layer: layer3.0.conv2, original output shape: torch.Size([32, 256, 14, 14]), perturbed activation shape: torch.Size([2112, 256, 14, 14])
2026-02-13 03:57:44,547 - INFO - Applying perturbation for layer: layer3.0.conv2, original output shape: torch.Size([32, 256, 14, 14]), perturbed activation shape: torch.Size([2112, 256, 14, 14])
2026-02-13 03:57:44,572 - INFO - Applying perturbation for layer: layer3.0.conv2, original output shape: torch.Size([32, 256, 14, 14]), perturbed activation shape: torch.Size([2112, 256, 14, 14])
2026-02-13 03:57:44,596 - INFO - Applying perturbation for layer: layer3.0.conv2, original output shape: torch.Size([32, 256, 14, 14]), perturbed activation shape: torch.Size([2112, 256, 14, 14])
2026-02-13 03:57:44,619 - INFO - Applying perturbation for layer: layer3.0.conv2, original output shape: torch.Size([32, 256, 14, 14]), perturbed activation shape: torch.Size([2112, 256, 14, 14])
2026-02-13 03:57:44,643 - INFO - Applying perturbation for layer: layer3.0.conv2, original output shape: torch.Size([32, 256, 14, 14]), perturbed activation shape: torch.Size([2112, 256, 14, 14])
2026-02-13 03:57:44,667 - INFO - Applying perturbation for layer: layer3.0.conv2, original output shape: torch.Size([32, 256, 14, 14]), perturbed activation shape: torch.Size([2112, 256, 14, 14])
2026-02-13 03:57:44,692 - INFO - Applying perturbation for layer: layer3.0.conv2, original output shape: torch.Size([32, 256, 14, 14]), perturbed activation shape: torch.Size([2112, 256, 14, 14])
2026-02-13 03:57:44,718 - INFO - Applying perturbation for layer: layer3.0.conv2, original output shape: torch.Size([32, 256, 14, 14]), perturbed activation shape: torch.Size([2112, 256, 14, 14])
2026-02-13 03:57:44,756 - INFO - Applying perturbation for layer: layer3.0.conv2, original output shape: torch.Size([32, 256, 14, 14]), perturbed activation shape: torch.Size([2112, 256, 14, 14])
2026-02-13 03:57:44,809 - INFO - Applying perturbation for layer: layer3.0.conv2, original output shape: torch.Size([32, 256, 14, 14]), perturbed activation shape: torch.Size([2112, 256, 14, 14])
2026-02-13 03:57:44,862 - INFO - Applying perturbation for layer: layer3.0.conv2, original output shape: torch.Size([32, 256, 14, 14]), perturbed activation shape: torch.Size([2112, 256, 14, 14])
2026-02-13 03:57:44,915 - INFO - Applying perturbation for layer: layer3.0.conv2, original output shape: torch.Size([32, 256, 14, 14]), perturbed activation shape: torch.Size([2112, 256, 14, 14])
2026-02-13 03:57:45,234 - INFO - ================================================================================
2026-02-13 03:57:45,234 - INFO - Target layer found: layer4.2.conv2
2026-02-13 03:57:45,237 - INFO - Captured activation for layer: layer4.2.conv2,                 activation shape: torch.Size([32, 512, 7, 7])
2026-02-13 03:57:45,237 - INFO - Captured activation for layer: layer4.2.conv2, activation shape: torch.Size([32, 512, 7, 7])
2026-02-13 03:57:45,239 - INFO - Captured activation for layer: layer4.2.conv2,                 activation shape: torch.Size([32, 512, 7, 7])
2026-02-13 03:57:45,239 - INFO - Captured activation for layer: layer4.2.conv2, activation shape: torch.Size([32, 512, 7, 7])
2026-02-13 03:57:45,241 - INFO - Captured activation for layer: layer4.2.conv2,                 activation shape: torch.Size([32, 512, 7, 7])
2026-02-13 03:57:45,242 - INFO - Captured activation for layer: layer4.2.conv2, activation shape: torch.Size([32, 512, 7, 7])
2026-02-13 03:57:45,243 - INFO - Captured activation for layer: layer4.2.conv2,                 activation shape: torch.Size([32, 512, 7, 7])
2026-02-13 03:57:45,244 - INFO - Captured activation for layer: layer4.2.conv2, activation shape: torch.Size([32, 512, 7, 7])
2026-02-13 03:57:45,246 - INFO - Captured activation for layer: layer4.2.conv2,                 activation shape: torch.Size([32, 512, 7, 7])
2026-02-13 03:57:45,246 - INFO - Captured activation for layer: layer4.2.conv2, activation shape: torch.Size([32, 512, 7, 7])
2026-02-13 03:57:45,253 - INFO - Captured activation for layer: layer4.2.conv2,                 activation shape: torch.Size([32, 512, 7, 7])
2026-02-13 03:57:45,254 - INFO - Captured activation for layer: layer4.2.conv2, activation shape: torch.Size([32, 512, 7, 7])
2026-02-13 03:57:45,265 - INFO - Captured activation for layer: layer4.2.conv2,                 activation shape: torch.Size([32, 512, 7, 7])
2026-02-13 03:57:45,266 - INFO - Captured activation for layer: layer4.2.conv2, activation shape: torch.Size([32, 512, 7, 7])
2026-02-13 03:57:45,277 - INFO - Captured activation for layer: layer4.2.conv2,                 activation shape: torch.Size([32, 512, 7, 7])
2026-02-13 03:57:45,278 - INFO - Captured activation for layer: layer4.2.conv2, activation shape: torch.Size([32, 512, 7, 7])
2026-02-13 03:57:45,289 - INFO - Captured activation for layer: layer4.2.conv2,                 activation shape: torch.Size([32, 512, 7, 7])
2026-02-13 03:57:45,290 - INFO - Captured activation for layer: layer4.2.conv2, activation shape: torch.Size([32, 512, 7, 7])
2026-02-13 03:57:45,301 - INFO - Captured activation for layer: layer4.2.conv2,                 activation shape: torch.Size([32, 512, 7, 7])
2026-02-13 03:57:45,302 - INFO - Captured activation for layer: layer4.2.conv2, activation shape: torch.Size([32, 512, 7, 7])
2026-02-13 03:57:45,313 - INFO - Captured activation for layer: layer4.2.conv2,                 activation shape: torch.Size([32, 512, 7, 7])
2026-02-13 03:57:45,314 - INFO - Captured activation for layer: layer4.2.conv2, activation shape: torch.Size([32, 512, 7, 7])
2026-02-13 03:57:45,325 - INFO - Captured activation for layer: layer4.2.conv2,                 activation shape: torch.Size([32, 512, 7, 7])
2026-02-13 03:57:45,326 - INFO - Captured activation for layer: layer4.2.conv2, activation shape: torch.Size([32, 512, 7, 7])
2026-02-13 03:57:45,337 - INFO - Captured activation for layer: layer4.2.conv2,                 activation shape: torch.Size([32, 512, 7, 7])
2026-02-13 03:57:45,338 - INFO - Captured activation for layer: layer4.2.conv2, activation shape: torch.Size([32, 512, 7, 7])
2026-02-13 03:57:45,349 - INFO - Captured activation for layer: layer4.2.conv2,                 activation shape: torch.Size([32, 512, 7, 7])
2026-02-13 03:57:45,350 - INFO - Captured activation for layer: layer4.2.conv2, activation shape: torch.Size([32, 512, 7, 7])
2026-02-13 03:57:45,361 - INFO - Captured activation for layer: layer4.2.conv2,                 activation shape: torch.Size([32, 512, 7, 7])
2026-02-13 03:57:45,362 - INFO - Captured activation for layer: layer4.2.conv2, activation shape: torch.Size([32, 512, 7, 7])
2026-02-13 03:57:45,373 - INFO - Captured activation for layer: layer4.2.conv2,                 activation shape: torch.Size([32, 512, 7, 7])
2026-02-13 03:57:45,374 - INFO - Captured activation for layer: layer4.2.conv2, activation shape: torch.Size([32, 512, 7, 7])
2026-02-13 03:57:45,385 - INFO - Captured activation for layer: layer4.2.conv2,                 activation shape: torch.Size([32, 512, 7, 7])
2026-02-13 03:57:45,386 - INFO - Captured activation for layer: layer4.2.conv2, activation shape: torch.Size([32, 512, 7, 7])
2026-02-13 03:57:45,397 - INFO - Captured activation for layer: layer4.2.conv2,                 activation shape: torch.Size([32, 512, 7, 7])
2026-02-13 03:57:45,398 - INFO - Captured activation for layer: layer4.2.conv2, activation shape: torch.Size([32, 512, 7, 7])
2026-02-13 03:57:45,409 - INFO - Captured activation for layer: layer4.2.conv2,                 activation shape: torch.Size([32, 512, 7, 7])
2026-02-13 03:57:45,410 - INFO - Captured activation for layer: layer4.2.conv2, activation shape: torch.Size([32, 512, 7, 7])
2026-02-13 03:57:45,421 - INFO - Captured activation for layer: layer4.2.conv2,                 activation shape: torch.Size([32, 512, 7, 7])
2026-02-13 03:57:45,422 - INFO - Captured activation for layer: layer4.2.conv2, activation shape: torch.Size([32, 512, 7, 7])
2026-02-13 03:57:45,433 - INFO - Captured activation for layer: layer4.2.conv2,                 activation shape: torch.Size([32, 512, 7, 7])
2026-02-13 03:57:45,434 - INFO - Captured activation for layer: layer4.2.conv2, activation shape: torch.Size([32, 512, 7, 7])
2026-02-13 03:57:45,445 - INFO - Captured activation for layer: layer4.2.conv2,                 activation shape: torch.Size([32, 512, 7, 7])
2026-02-13 03:57:45,446 - INFO - Captured activation for layer: layer4.2.conv2, activation shape: torch.Size([32, 512, 7, 7])
2026-02-13 03:57:45,457 - INFO - Captured activation for layer: layer4.2.conv2,                 activation shape: torch.Size([32, 512, 7, 7])
2026-02-13 03:57:45,458 - INFO - Captured activation for layer: layer4.2.conv2, activation shape: torch.Size([32, 512, 7, 7])
2026-02-13 03:57:45,469 - INFO - Captured activation for layer: layer4.2.conv2,                 activation shape: torch.Size([32, 512, 7, 7])
2026-02-13 03:57:45,470 - INFO - Captured activation for layer: layer4.2.conv2, activation shape: torch.Size([32, 512, 7, 7])
2026-02-13 03:57:45,481 - INFO - Captured activation for layer: layer4.2.conv2,                 activation shape: torch.Size([32, 512, 7, 7])
2026-02-13 03:57:45,482 - INFO - Captured activation for layer: layer4.2.conv2, activation shape: torch.Size([32, 512, 7, 7])
2026-02-13 03:57:45,493 - INFO - Captured activation for layer: layer4.2.conv2,                 activation shape: torch.Size([32, 512, 7, 7])
2026-02-13 03:57:45,494 - INFO - Captured activation for layer: layer4.2.conv2, activation shape: torch.Size([32, 512, 7, 7])
2026-02-13 03:57:45,505 - INFO - Captured activation for layer: layer4.2.conv2,                 activation shape: torch.Size([32, 512, 7, 7])
2026-02-13 03:57:45,506 - INFO - Captured activation for layer: layer4.2.conv2, activation shape: torch.Size([32, 512, 7, 7])
2026-02-13 03:57:45,517 - INFO - Captured activation for layer: layer4.2.conv2,                 activation shape: torch.Size([32, 512, 7, 7])
2026-02-13 03:57:45,518 - INFO - Captured activation for layer: layer4.2.conv2, activation shape: torch.Size([32, 512, 7, 7])
2026-02-13 03:57:45,530 - INFO - Captured activation for layer: layer4.2.conv2,                 activation shape: torch.Size([32, 512, 7, 7])
2026-02-13 03:57:45,530 - INFO - Captured activation for layer: layer4.2.conv2, activation shape: torch.Size([32, 512, 7, 7])
2026-02-13 03:57:45,542 - INFO - Captured activation for layer: layer4.2.conv2,                 activation shape: torch.Size([32, 512, 7, 7])
2026-02-13 03:57:45,542 - INFO - Captured activation for layer: layer4.2.conv2, activation shape: torch.Size([32, 512, 7, 7])
2026-02-13 03:57:45,554 - INFO - Captured activation for layer: layer4.2.conv2,                 activation shape: torch.Size([32, 512, 7, 7])
2026-02-13 03:57:45,554 - INFO - Captured activation for layer: layer4.2.conv2, activation shape: torch.Size([32, 512, 7, 7])
2026-02-13 03:57:45,566 - INFO - Captured activation for layer: layer4.2.conv2,                 activation shape: torch.Size([32, 512, 7, 7])
2026-02-13 03:57:45,566 - INFO - Captured activation for layer: layer4.2.conv2, activation shape: torch.Size([32, 512, 7, 7])
2026-02-13 03:57:45,578 - INFO - Captured activation for layer: layer4.2.conv2,                 activation shape: torch.Size([32, 512, 7, 7])
2026-02-13 03:57:45,578 - INFO - Captured activation for layer: layer4.2.conv2, activation shape: torch.Size([32, 512, 7, 7])
2026-02-13 03:57:45,590 - INFO - Captured activation for layer: layer4.2.conv2,                 activation shape: torch.Size([32, 512, 7, 7])
2026-02-13 03:57:45,590 - INFO - Captured activation for layer: layer4.2.conv2, activation shape: torch.Size([32, 512, 7, 7])
2026-02-13 03:57:45,602 - INFO - Captured activation for layer: layer4.2.conv2,                 activation shape: torch.Size([32, 512, 7, 7])
2026-02-13 03:57:45,602 - INFO - Captured activation for layer: layer4.2.conv2, activation shape: torch.Size([32, 512, 7, 7])
2026-02-13 03:57:45,614 - INFO - Captured activation for layer: layer4.2.conv2,                 activation shape: torch.Size([32, 512, 7, 7])
2026-02-13 03:57:45,614 - INFO - Captured activation for layer: layer4.2.conv2, activation shape: torch.Size([32, 512, 7, 7])
2026-02-13 03:57:45,626 - INFO - Captured activation for layer: layer4.2.conv2,                 activation shape: torch.Size([32, 512, 7, 7])
2026-02-13 03:57:45,626 - INFO - Captured activation for layer: layer4.2.conv2, activation shape: torch.Size([32, 512, 7, 7])
2026-02-13 03:57:45,638 - INFO - Captured activation for layer: layer4.2.conv2,                 activation shape: torch.Size([32, 512, 7, 7])
2026-02-13 03:57:45,638 - INFO - Captured activation for layer: layer4.2.conv2, activation shape: torch.Size([32, 512, 7, 7])
2026-02-13 03:57:45,650 - INFO - Captured activation for layer: layer4.2.conv2,                 activation shape: torch.Size([32, 512, 7, 7])
2026-02-13 03:57:45,650 - INFO - Captured activation for layer: layer4.2.conv2, activation shape: torch.Size([32, 512, 7, 7])
2026-02-13 03:57:45,662 - INFO - Captured activation for layer: layer4.2.conv2,                 activation shape: torch.Size([32, 512, 7, 7])
2026-02-13 03:57:45,662 - INFO - Captured activation for layer: layer4.2.conv2, activation shape: torch.Size([32, 512, 7, 7])
2026-02-13 03:57:45,674 - INFO - Captured activation for layer: layer4.2.conv2,                 activation shape: torch.Size([32, 512, 7, 7])
2026-02-13 03:57:45,674 - INFO - Captured activation for layer: layer4.2.conv2, activation shape: torch.Size([32, 512, 7, 7])
2026-02-13 03:57:45,686 - INFO - Captured activation for layer: layer4.2.conv2,                 activation shape: torch.Size([32, 512, 7, 7])
2026-02-13 03:57:45,687 - INFO - Captured activation for layer: layer4.2.conv2, activation shape: torch.Size([32, 512, 7, 7])
2026-02-13 03:57:45,698 - INFO - Captured activation for layer: layer4.2.conv2,                 activation shape: torch.Size([32, 512, 7, 7])
2026-02-13 03:57:45,699 - INFO - Captured activation for layer: layer4.2.conv2, activation shape: torch.Size([32, 512, 7, 7])
2026-02-13 03:57:45,710 - INFO - Captured activation for layer: layer4.2.conv2,                 activation shape: torch.Size([32, 512, 7, 7])
2026-02-13 03:57:45,711 - INFO - Captured activation for layer: layer4.2.conv2, activation shape: torch.Size([32, 512, 7, 7])
2026-02-13 03:57:45,722 - INFO - Captured activation for layer: layer4.2.conv2,                 activation shape: torch.Size([32, 512, 7, 7])
2026-02-13 03:57:45,723 - INFO - Captured activation for layer: layer4.2.conv2, activation shape: torch.Size([32, 512, 7, 7])
2026-02-13 03:57:45,734 - INFO - Captured activation for layer: layer4.2.conv2,                 activation shape: torch.Size([32, 512, 7, 7])
2026-02-13 03:57:45,735 - INFO - Captured activation for layer: layer4.2.conv2, activation shape: torch.Size([32, 512, 7, 7])
2026-02-13 03:57:45,746 - INFO - Captured activation for layer: layer4.2.conv2,                 activation shape: torch.Size([32, 512, 7, 7])
2026-02-13 03:57:45,747 - INFO - Captured activation for layer: layer4.2.conv2, activation shape: torch.Size([32, 512, 7, 7])
2026-02-13 03:57:45,758 - INFO - Captured activation for layer: layer4.2.conv2,                 activation shape: torch.Size([32, 512, 7, 7])
2026-02-13 03:57:45,759 - INFO - Captured activation for layer: layer4.2.conv2, activation shape: torch.Size([32, 512, 7, 7])
2026-02-13 03:57:45,770 - INFO - Captured activation for layer: layer4.2.conv2,                 activation shape: torch.Size([32, 512, 7, 7])
2026-02-13 03:57:45,771 - INFO - Captured activation for layer: layer4.2.conv2, activation shape: torch.Size([32, 512, 7, 7])
2026-02-13 03:57:45,782 - INFO - Captured activation for layer: layer4.2.conv2,                 activation shape: torch.Size([32, 512, 7, 7])
2026-02-13 03:57:45,783 - INFO - Captured activation for layer: layer4.2.conv2, activation shape: torch.Size([32, 512, 7, 7])
2026-02-13 03:57:45,794 - INFO - Captured activation for layer: layer4.2.conv2,                 activation shape: torch.Size([32, 512, 7, 7])
2026-02-13 03:57:45,795 - INFO - Captured activation for layer: layer4.2.conv2, activation shape: torch.Size([32, 512, 7, 7])
2026-02-13 03:57:45,806 - INFO - Captured activation for layer: layer4.2.conv2,                 activation shape: torch.Size([32, 512, 7, 7])
2026-02-13 03:57:45,807 - INFO - Captured activation for layer: layer4.2.conv2, activation shape: torch.Size([32, 512, 7, 7])
2026-02-13 03:57:45,818 - INFO - Captured activation for layer: layer4.2.conv2,                 activation shape: torch.Size([32, 512, 7, 7])
2026-02-13 03:57:45,819 - INFO - Captured activation for layer: layer4.2.conv2, activation shape: torch.Size([32, 512, 7, 7])
2026-02-13 03:57:45,830 - INFO - Captured activation for layer: layer4.2.conv2,                 activation shape: torch.Size([32, 512, 7, 7])
2026-02-13 03:57:45,831 - INFO - Captured activation for layer: layer4.2.conv2, activation shape: torch.Size([32, 512, 7, 7])
2026-02-13 03:57:45,842 - INFO - Captured activation for layer: layer4.2.conv2,                 activation shape: torch.Size([32, 512, 7, 7])
2026-02-13 03:57:45,843 - INFO - Captured activation for layer: layer4.2.conv2, activation shape: torch.Size([32, 512, 7, 7])
2026-02-13 03:57:45,854 - INFO - Captured activation for layer: layer4.2.conv2,                 activation shape: torch.Size([32, 512, 7, 7])
2026-02-13 03:57:45,855 - INFO - Captured activation for layer: layer4.2.conv2, activation shape: torch.Size([32, 512, 7, 7])
2026-02-13 03:57:45,866 - INFO - Captured activation for layer: layer4.2.conv2,                 activation shape: torch.Size([32, 512, 7, 7])
2026-02-13 03:57:45,867 - INFO - Captured activation for layer: layer4.2.conv2, activation shape: torch.Size([32, 512, 7, 7])
2026-02-13 03:57:45,878 - INFO - Captured activation for layer: layer4.2.conv2,                 activation shape: torch.Size([32, 512, 7, 7])
2026-02-13 03:57:45,879 - INFO - Captured activation for layer: layer4.2.conv2, activation shape: torch.Size([32, 512, 7, 7])
2026-02-13 03:57:45,890 - INFO - Captured activation for layer: layer4.2.conv2,                 activation shape: torch.Size([32, 512, 7, 7])
2026-02-13 03:57:45,891 - INFO - Captured activation for layer: layer4.2.conv2, activation shape: torch.Size([32, 512, 7, 7])
2026-02-13 03:57:45,902 - INFO - Captured activation for layer: layer4.2.conv2,                 activation shape: torch.Size([32, 512, 7, 7])
2026-02-13 03:57:45,903 - INFO - Captured activation for layer: layer4.2.conv2, activation shape: torch.Size([32, 512, 7, 7])
2026-02-13 03:57:45,914 - INFO - Captured activation for layer: layer4.2.conv2,                 activation shape: torch.Size([32, 512, 7, 7])
2026-02-13 03:57:45,915 - INFO - Captured activation for layer: layer4.2.conv2, activation shape: torch.Size([32, 512, 7, 7])
2026-02-13 03:57:45,926 - INFO - Captured activation for layer: layer4.2.conv2,                 activation shape: torch.Size([32, 512, 7, 7])
2026-02-13 03:57:45,927 - INFO - Captured activation for layer: layer4.2.conv2, activation shape: torch.Size([32, 512, 7, 7])
2026-02-13 03:57:45,938 - INFO - Captured activation for layer: layer4.2.conv2,                 activation shape: torch.Size([32, 512, 7, 7])
2026-02-13 03:57:45,939 - INFO - Captured activation for layer: layer4.2.conv2, activation shape: torch.Size([32, 512, 7, 7])
2026-02-13 03:57:45,950 - INFO - Captured activation for layer: layer4.2.conv2,                 activation shape: torch.Size([32, 512, 7, 7])
2026-02-13 03:57:45,951 - INFO - Captured activation for layer: layer4.2.conv2, activation shape: torch.Size([32, 512, 7, 7])
2026-02-13 03:57:45,962 - INFO - Captured activation for layer: layer4.2.conv2,                 activation shape: torch.Size([32, 512, 7, 7])
2026-02-13 03:57:45,963 - INFO - Captured activation for layer: layer4.2.conv2, activation shape: torch.Size([32, 512, 7, 7])
2026-02-13 03:57:45,974 - INFO - Captured activation for layer: layer4.2.conv2,                 activation shape: torch.Size([32, 512, 7, 7])
2026-02-13 03:57:45,975 - INFO - Captured activation for layer: layer4.2.conv2, activation shape: torch.Size([32, 512, 7, 7])
2026-02-13 03:57:45,975 - INFO - Stacked activations shape for layer layer4.2.conv2: torch.Size([2112, 512, 7, 7])
2026-02-13 03:57:45,975 - INFO - Added Gaussian noise with std: 0.001
2026-02-13 03:57:46,031 - INFO - Perturbed activation  values: tensor([-0.0134, -0.0395, -0.0734,  ..., -0.2189, -0.1703, -0.0832],
       device='cuda:0')
2026-02-13 03:57:46,032 - INFO - Standard deviation of activations for layer layer4.2.conv2: 0.0582
2026-02-13 03:57:46,032 - INFO - Checking normality of activations for layer layer4.2.conv2 using Shapiro-Wilk test.
2026-02-13 03:57:47,611 - INFO - Shapiro-Wilk test: statistic=0.9562, p-value=2.4779e-36
2026-02-13 03:57:47,611 - INFO - Normally distributed: False
2026-02-13 03:57:47,612 - INFO - Perturbed activation shape: torch.Size([2112, 512, 7, 7]), Std activation shape: torch.Size([1, 512, 7, 7])
2026-02-13 03:57:47,613 - INFO - Std activation sample values: tensor([0.0506, 0.0629, 0.0642, 0.0648, 0.0639], device='cuda:0')
2026-02-13 03:57:47,618 - INFO - Applying perturbation for layer: layer4.2.conv2, original output shape: torch.Size([32, 512, 7, 7]), perturbed activation shape: torch.Size([2112, 512, 7, 7])
2026-02-13 03:57:47,622 - INFO - Applying perturbation for layer: layer4.2.conv2, original output shape: torch.Size([32, 512, 7, 7]), perturbed activation shape: torch.Size([2112, 512, 7, 7])
2026-02-13 03:57:47,633 - INFO - Applying perturbation for layer: layer4.2.conv2, original output shape: torch.Size([32, 512, 7, 7]), perturbed activation shape: torch.Size([2112, 512, 7, 7])
2026-02-13 03:57:47,657 - INFO - Applying perturbation for layer: layer4.2.conv2, original output shape: torch.Size([32, 512, 7, 7]), perturbed activation shape: torch.Size([2112, 512, 7, 7])
2026-02-13 03:57:47,698 - INFO - Applying perturbation for layer: layer4.2.conv2, original output shape: torch.Size([32, 512, 7, 7]), perturbed activation shape: torch.Size([2112, 512, 7, 7])
2026-02-13 03:57:47,751 - INFO - Applying perturbation for layer: layer4.2.conv2, original output shape: torch.Size([32, 512, 7, 7]), perturbed activation shape: torch.Size([2112, 512, 7, 7])
2026-02-13 03:57:47,815 - INFO - Applying perturbation for layer: layer4.2.conv2, original output shape: torch.Size([32, 512, 7, 7]), perturbed activation shape: torch.Size([2112, 512, 7, 7])
2026-02-13 03:57:47,895 - INFO - Applying perturbation for layer: layer4.2.conv2, original output shape: torch.Size([32, 512, 7, 7]), perturbed activation shape: torch.Size([2112, 512, 7, 7])
2026-02-13 03:57:47,975 - INFO - Applying perturbation for layer: layer4.2.conv2, original output shape: torch.Size([32, 512, 7, 7]), perturbed activation shape: torch.Size([2112, 512, 7, 7])
2026-02-13 03:57:48,049 - INFO - Applying perturbation for layer: layer4.2.conv2, original output shape: torch.Size([32, 512, 7, 7]), perturbed activation shape: torch.Size([2112, 512, 7, 7])
2026-02-13 03:57:48,103 - INFO - Applying perturbation for layer: layer4.2.conv2, original output shape: torch.Size([32, 512, 7, 7]), perturbed activation shape: torch.Size([2112, 512, 7, 7])
2026-02-13 03:57:48,157 - INFO - Applying perturbation for layer: layer4.2.conv2, original output shape: torch.Size([32, 512, 7, 7]), perturbed activation shape: torch.Size([2112, 512, 7, 7])
2026-02-13 03:57:48,201 - INFO - Applying perturbation for layer: layer4.2.conv2, original output shape: torch.Size([32, 512, 7, 7]), perturbed activation shape: torch.Size([2112, 512, 7, 7])
2026-02-13 03:57:48,225 - INFO - Applying perturbation for layer: layer4.2.conv2, original output shape: torch.Size([32, 512, 7, 7]), perturbed activation shape: torch.Size([2112, 512, 7, 7])
2026-02-13 03:57:48,253 - INFO - Applying perturbation for layer: layer4.2.conv2, original output shape: torch.Size([32, 512, 7, 7]), perturbed activation shape: torch.Size([2112, 512, 7, 7])
2026-02-13 03:57:48,306 - INFO - Applying perturbation for layer: layer4.2.conv2, original output shape: torch.Size([32, 512, 7, 7]), perturbed activation shape: torch.Size([2112, 512, 7, 7])
2026-02-13 03:57:48,359 - INFO - Applying perturbation for layer: layer4.2.conv2, original output shape: torch.Size([32, 512, 7, 7]), perturbed activation shape: torch.Size([2112, 512, 7, 7])
2026-02-13 03:57:48,413 - INFO - Applying perturbation for layer: layer4.2.conv2, original output shape: torch.Size([32, 512, 7, 7]), perturbed activation shape: torch.Size([2112, 512, 7, 7])
2026-02-13 03:57:48,466 - INFO - Applying perturbation for layer: layer4.2.conv2, original output shape: torch.Size([32, 512, 7, 7]), perturbed activation shape: torch.Size([2112, 512, 7, 7])
2026-02-13 03:57:48,520 - INFO - Applying perturbation for layer: layer4.2.conv2, original output shape: torch.Size([32, 512, 7, 7]), perturbed activation shape: torch.Size([2112, 512, 7, 7])
2026-02-13 03:57:48,573 - INFO - Applying perturbation for layer: layer4.2.conv2, original output shape: torch.Size([32, 512, 7, 7]), perturbed activation shape: torch.Size([2112, 512, 7, 7])
2026-02-13 03:57:48,626 - INFO - Applying perturbation for layer: layer4.2.conv2, original output shape: torch.Size([32, 512, 7, 7]), perturbed activation shape: torch.Size([2112, 512, 7, 7])
2026-02-13 03:57:48,680 - INFO - Applying perturbation for layer: layer4.2.conv2, original output shape: torch.Size([32, 512, 7, 7]), perturbed activation shape: torch.Size([2112, 512, 7, 7])
2026-02-13 03:57:48,711 - INFO - Applying perturbation for layer: layer4.2.conv2, original output shape: torch.Size([32, 512, 7, 7]), perturbed activation shape: torch.Size([2112, 512, 7, 7])
2026-02-13 03:57:48,735 - INFO - Applying perturbation for layer: layer4.2.conv2, original output shape: torch.Size([32, 512, 7, 7]), perturbed activation shape: torch.Size([2112, 512, 7, 7])
2026-02-13 03:57:48,759 - INFO - Applying perturbation for layer: layer4.2.conv2, original output shape: torch.Size([32, 512, 7, 7]), perturbed activation shape: torch.Size([2112, 512, 7, 7])
2026-02-13 03:57:48,783 - INFO - Applying perturbation for layer: layer4.2.conv2, original output shape: torch.Size([32, 512, 7, 7]), perturbed activation shape: torch.Size([2112, 512, 7, 7])
2026-02-13 03:57:48,808 - INFO - Applying perturbation for layer: layer4.2.conv2, original output shape: torch.Size([32, 512, 7, 7]), perturbed activation shape: torch.Size([2112, 512, 7, 7])
2026-02-13 03:57:48,832 - INFO - Applying perturbation for layer: layer4.2.conv2, original output shape: torch.Size([32, 512, 7, 7]), perturbed activation shape: torch.Size([2112, 512, 7, 7])
2026-02-13 03:57:48,856 - INFO - Applying perturbation for layer: layer4.2.conv2, original output shape: torch.Size([32, 512, 7, 7]), perturbed activation shape: torch.Size([2112, 512, 7, 7])
2026-02-13 03:57:48,880 - INFO - Applying perturbation for layer: layer4.2.conv2, original output shape: torch.Size([32, 512, 7, 7]), perturbed activation shape: torch.Size([2112, 512, 7, 7])
2026-02-13 03:57:48,904 - INFO - Applying perturbation for layer: layer4.2.conv2, original output shape: torch.Size([32, 512, 7, 7]), perturbed activation shape: torch.Size([2112, 512, 7, 7])
2026-02-13 03:57:48,928 - INFO - Applying perturbation for layer: layer4.2.conv2, original output shape: torch.Size([32, 512, 7, 7]), perturbed activation shape: torch.Size([2112, 512, 7, 7])
2026-02-13 03:57:48,953 - INFO - Applying perturbation for layer: layer4.2.conv2, original output shape: torch.Size([32, 512, 7, 7]), perturbed activation shape: torch.Size([2112, 512, 7, 7])
2026-02-13 03:57:48,977 - INFO - Applying perturbation for layer: layer4.2.conv2, original output shape: torch.Size([32, 512, 7, 7]), perturbed activation shape: torch.Size([2112, 512, 7, 7])
2026-02-13 03:57:49,001 - INFO - Applying perturbation for layer: layer4.2.conv2, original output shape: torch.Size([32, 512, 7, 7]), perturbed activation shape: torch.Size([2112, 512, 7, 7])
2026-02-13 03:57:49,025 - INFO - Applying perturbation for layer: layer4.2.conv2, original output shape: torch.Size([32, 512, 7, 7]), perturbed activation shape: torch.Size([2112, 512, 7, 7])
2026-02-13 03:57:49,049 - INFO - Applying perturbation for layer: layer4.2.conv2, original output shape: torch.Size([32, 512, 7, 7]), perturbed activation shape: torch.Size([2112, 512, 7, 7])
2026-02-13 03:57:49,074 - INFO - Applying perturbation for layer: layer4.2.conv2, original output shape: torch.Size([32, 512, 7, 7]), perturbed activation shape: torch.Size([2112, 512, 7, 7])
2026-02-13 03:57:49,098 - INFO - Applying perturbation for layer: layer4.2.conv2, original output shape: torch.Size([32, 512, 7, 7]), perturbed activation shape: torch.Size([2112, 512, 7, 7])
2026-02-13 03:57:49,135 - INFO - Applying perturbation for layer: layer4.2.conv2, original output shape: torch.Size([32, 512, 7, 7]), perturbed activation shape: torch.Size([2112, 512, 7, 7])
2026-02-13 03:57:49,189 - INFO - Applying perturbation for layer: layer4.2.conv2, original output shape: torch.Size([32, 512, 7, 7]), perturbed activation shape: torch.Size([2112, 512, 7, 7])
2026-02-13 03:57:49,242 - INFO - Applying perturbation for layer: layer4.2.conv2, original output shape: torch.Size([32, 512, 7, 7]), perturbed activation shape: torch.Size([2112, 512, 7, 7])
2026-02-13 03:57:49,296 - INFO - Applying perturbation for layer: layer4.2.conv2, original output shape: torch.Size([32, 512, 7, 7]), perturbed activation shape: torch.Size([2112, 512, 7, 7])
2026-02-13 03:57:49,349 - INFO - Applying perturbation for layer: layer4.2.conv2, original output shape: torch.Size([32, 512, 7, 7]), perturbed activation shape: torch.Size([2112, 512, 7, 7])
2026-02-13 03:57:49,402 - INFO - Applying perturbation for layer: layer4.2.conv2, original output shape: torch.Size([32, 512, 7, 7]), perturbed activation shape: torch.Size([2112, 512, 7, 7])
2026-02-13 03:57:49,456 - INFO - Applying perturbation for layer: layer4.2.conv2, original output shape: torch.Size([32, 512, 7, 7]), perturbed activation shape: torch.Size([2112, 512, 7, 7])
2026-02-13 03:57:49,509 - INFO - Applying perturbation for layer: layer4.2.conv2, original output shape: torch.Size([32, 512, 7, 7]), perturbed activation shape: torch.Size([2112, 512, 7, 7])
2026-02-13 03:57:49,563 - INFO - Applying perturbation for layer: layer4.2.conv2, original output shape: torch.Size([32, 512, 7, 7]), perturbed activation shape: torch.Size([2112, 512, 7, 7])
2026-02-13 03:57:49,616 - INFO - Applying perturbation for layer: layer4.2.conv2, original output shape: torch.Size([32, 512, 7, 7]), perturbed activation shape: torch.Size([2112, 512, 7, 7])
2026-02-13 03:57:49,670 - INFO - Applying perturbation for layer: layer4.2.conv2, original output shape: torch.Size([32, 512, 7, 7]), perturbed activation shape: torch.Size([2112, 512, 7, 7])
2026-02-13 03:57:49,723 - INFO - Applying perturbation for layer: layer4.2.conv2, original output shape: torch.Size([32, 512, 7, 7]), perturbed activation shape: torch.Size([2112, 512, 7, 7])
2026-02-13 03:57:49,777 - INFO - Applying perturbation for layer: layer4.2.conv2, original output shape: torch.Size([32, 512, 7, 7]), perturbed activation shape: torch.Size([2112, 512, 7, 7])
2026-02-13 03:57:49,830 - INFO - Applying perturbation for layer: layer4.2.conv2, original output shape: torch.Size([32, 512, 7, 7]), perturbed activation shape: torch.Size([2112, 512, 7, 7])
2026-02-13 03:57:49,883 - INFO - Applying perturbation for layer: layer4.2.conv2, original output shape: torch.Size([32, 512, 7, 7]), perturbed activation shape: torch.Size([2112, 512, 7, 7])
2026-02-13 03:57:49,937 - INFO - Applying perturbation for layer: layer4.2.conv2, original output shape: torch.Size([32, 512, 7, 7]), perturbed activation shape: torch.Size([2112, 512, 7, 7])
2026-02-13 03:57:49,990 - INFO - Applying perturbation for layer: layer4.2.conv2, original output shape: torch.Size([32, 512, 7, 7]), perturbed activation shape: torch.Size([2112, 512, 7, 7])
2026-02-13 03:57:50,016 - INFO - Applying perturbation for layer: layer4.2.conv2, original output shape: torch.Size([32, 512, 7, 7]), perturbed activation shape: torch.Size([2112, 512, 7, 7])
2026-02-13 03:57:50,040 - INFO - Applying perturbation for layer: layer4.2.conv2, original output shape: torch.Size([32, 512, 7, 7]), perturbed activation shape: torch.Size([2112, 512, 7, 7])
2026-02-13 03:57:50,065 - INFO - Applying perturbation for layer: layer4.2.conv2, original output shape: torch.Size([32, 512, 7, 7]), perturbed activation shape: torch.Size([2112, 512, 7, 7])
2026-02-13 03:57:50,090 - INFO - Applying perturbation for layer: layer4.2.conv2, original output shape: torch.Size([32, 512, 7, 7]), perturbed activation shape: torch.Size([2112, 512, 7, 7])
2026-02-13 03:57:50,116 - INFO - Applying perturbation for layer: layer4.2.conv2, original output shape: torch.Size([32, 512, 7, 7]), perturbed activation shape: torch.Size([2112, 512, 7, 7])
2026-02-13 03:57:50,141 - INFO - Applying perturbation for layer: layer4.2.conv2, original output shape: torch.Size([32, 512, 7, 7]), perturbed activation shape: torch.Size([2112, 512, 7, 7])
2026-02-13 03:57:50,167 - INFO - Applying perturbation for layer: layer4.2.conv2, original output shape: torch.Size([32, 512, 7, 7]), perturbed activation shape: torch.Size([2112, 512, 7, 7])
2026-02-13 03:57:50,192 - INFO - Applying perturbation for layer: layer4.2.conv2, original output shape: torch.Size([32, 512, 7, 7]), perturbed activation shape: torch.Size([2112, 512, 7, 7])
2026-02-13 03:57:50,218 - INFO - Applying perturbation for layer: layer4.2.conv2, original output shape: torch.Size([32, 512, 7, 7]), perturbed activation shape: torch.Size([2112, 512, 7, 7])
2026-02-13 03:57:50,471 - INFO - ================================================================================
2026-02-13 03:57:50,472 - INFO - Target layer found: layer3.0.conv2
2026-02-13 03:57:50,474 - INFO - Captured activation for layer: layer3.0.conv2,                 activation shape: torch.Size([32, 256, 14, 14])
2026-02-13 03:57:50,475 - INFO - Captured activation for layer: layer3.0.conv2, activation shape: torch.Size([32, 256, 14, 14])
2026-02-13 03:57:50,476 - INFO - Captured activation for layer: layer3.0.conv2,                 activation shape: torch.Size([32, 256, 14, 14])
2026-02-13 03:57:50,478 - INFO - Captured activation for layer: layer3.0.conv2, activation shape: torch.Size([32, 256, 14, 14])
2026-02-13 03:57:50,478 - INFO - Captured activation for layer: layer3.0.conv2,                 activation shape: torch.Size([32, 256, 14, 14])
2026-02-13 03:57:50,480 - INFO - Captured activation for layer: layer3.0.conv2, activation shape: torch.Size([32, 256, 14, 14])
2026-02-13 03:57:50,481 - INFO - Captured activation for layer: layer3.0.conv2,                 activation shape: torch.Size([32, 256, 14, 14])
2026-02-13 03:57:50,482 - INFO - Captured activation for layer: layer3.0.conv2, activation shape: torch.Size([32, 256, 14, 14])
2026-02-13 03:57:50,483 - INFO - Captured activation for layer: layer3.0.conv2,                 activation shape: torch.Size([32, 256, 14, 14])
2026-02-13 03:57:50,484 - INFO - Captured activation for layer: layer3.0.conv2, activation shape: torch.Size([32, 256, 14, 14])
2026-02-13 03:57:50,485 - INFO - Captured activation for layer: layer3.0.conv2,                 activation shape: torch.Size([32, 256, 14, 14])
2026-02-13 03:57:50,492 - INFO - Captured activation for layer: layer3.0.conv2, activation shape: torch.Size([32, 256, 14, 14])
2026-02-13 03:57:50,495 - INFO - Captured activation for layer: layer3.0.conv2,                 activation shape: torch.Size([32, 256, 14, 14])
2026-02-13 03:57:50,504 - INFO - Captured activation for layer: layer3.0.conv2, activation shape: torch.Size([32, 256, 14, 14])
2026-02-13 03:57:50,507 - INFO - Captured activation for layer: layer3.0.conv2,                 activation shape: torch.Size([32, 256, 14, 14])
2026-02-13 03:57:50,516 - INFO - Captured activation for layer: layer3.0.conv2, activation shape: torch.Size([32, 256, 14, 14])
2026-02-13 03:57:50,519 - INFO - Captured activation for layer: layer3.0.conv2,                 activation shape: torch.Size([32, 256, 14, 14])
2026-02-13 03:57:50,528 - INFO - Captured activation for layer: layer3.0.conv2, activation shape: torch.Size([32, 256, 14, 14])
2026-02-13 03:57:50,531 - INFO - Captured activation for layer: layer3.0.conv2,                 activation shape: torch.Size([32, 256, 14, 14])
2026-02-13 03:57:50,549 - INFO - Captured activation for layer: layer3.0.conv2, activation shape: torch.Size([32, 256, 14, 14])
2026-02-13 03:57:50,555 - INFO - Captured activation for layer: layer3.0.conv2,                 activation shape: torch.Size([32, 256, 14, 14])
2026-02-13 03:57:50,576 - INFO - Captured activation for layer: layer3.0.conv2, activation shape: torch.Size([32, 256, 14, 14])
2026-02-13 03:57:50,582 - INFO - Captured activation for layer: layer3.0.conv2,                 activation shape: torch.Size([32, 256, 14, 14])
2026-02-13 03:57:50,603 - INFO - Captured activation for layer: layer3.0.conv2, activation shape: torch.Size([32, 256, 14, 14])
2026-02-13 03:57:50,609 - INFO - Captured activation for layer: layer3.0.conv2,                 activation shape: torch.Size([32, 256, 14, 14])
2026-02-13 03:57:50,630 - INFO - Captured activation for layer: layer3.0.conv2, activation shape: torch.Size([32, 256, 14, 14])
2026-02-13 03:57:50,635 - INFO - Captured activation for layer: layer3.0.conv2,                 activation shape: torch.Size([32, 256, 14, 14])
2026-02-13 03:57:50,656 - INFO - Captured activation for layer: layer3.0.conv2, activation shape: torch.Size([32, 256, 14, 14])
2026-02-13 03:57:50,662 - INFO - Captured activation for layer: layer3.0.conv2,                 activation shape: torch.Size([32, 256, 14, 14])
2026-02-13 03:57:50,683 - INFO - Captured activation for layer: layer3.0.conv2, activation shape: torch.Size([32, 256, 14, 14])
2026-02-13 03:57:50,689 - INFO - Captured activation for layer: layer3.0.conv2,                 activation shape: torch.Size([32, 256, 14, 14])
2026-02-13 03:57:50,710 - INFO - Captured activation for layer: layer3.0.conv2, activation shape: torch.Size([32, 256, 14, 14])
2026-02-13 03:57:50,716 - INFO - Captured activation for layer: layer3.0.conv2,                 activation shape: torch.Size([32, 256, 14, 14])
2026-02-13 03:57:50,737 - INFO - Captured activation for layer: layer3.0.conv2, activation shape: torch.Size([32, 256, 14, 14])
2026-02-13 03:57:50,743 - INFO - Captured activation for layer: layer3.0.conv2,                 activation shape: torch.Size([32, 256, 14, 14])
2026-02-13 03:57:50,764 - INFO - Captured activation for layer: layer3.0.conv2, activation shape: torch.Size([32, 256, 14, 14])
2026-02-13 03:57:50,769 - INFO - Captured activation for layer: layer3.0.conv2,                 activation shape: torch.Size([32, 256, 14, 14])
2026-02-13 03:57:50,790 - INFO - Captured activation for layer: layer3.0.conv2, activation shape: torch.Size([32, 256, 14, 14])
2026-02-13 03:57:50,796 - INFO - Captured activation for layer: layer3.0.conv2,                 activation shape: torch.Size([32, 256, 14, 14])
2026-02-13 03:57:50,817 - INFO - Captured activation for layer: layer3.0.conv2, activation shape: torch.Size([32, 256, 14, 14])
2026-02-13 03:57:50,823 - INFO - Captured activation for layer: layer3.0.conv2,                 activation shape: torch.Size([32, 256, 14, 14])
2026-02-13 03:57:50,844 - INFO - Captured activation for layer: layer3.0.conv2, activation shape: torch.Size([32, 256, 14, 14])
2026-02-13 03:57:50,850 - INFO - Captured activation for layer: layer3.0.conv2,                 activation shape: torch.Size([32, 256, 14, 14])
2026-02-13 03:57:50,871 - INFO - Captured activation for layer: layer3.0.conv2, activation shape: torch.Size([32, 256, 14, 14])
2026-02-13 03:57:50,877 - INFO - Captured activation for layer: layer3.0.conv2,                 activation shape: torch.Size([32, 256, 14, 14])
2026-02-13 03:57:50,898 - INFO - Captured activation for layer: layer3.0.conv2, activation shape: torch.Size([32, 256, 14, 14])
2026-02-13 03:57:50,903 - INFO - Captured activation for layer: layer3.0.conv2,                 activation shape: torch.Size([32, 256, 14, 14])
2026-02-13 03:57:50,925 - INFO - Captured activation for layer: layer3.0.conv2, activation shape: torch.Size([32, 256, 14, 14])
2026-02-13 03:57:50,930 - INFO - Captured activation for layer: layer3.0.conv2,                 activation shape: torch.Size([32, 256, 14, 14])
2026-02-13 03:57:50,951 - INFO - Captured activation for layer: layer3.0.conv2, activation shape: torch.Size([32, 256, 14, 14])
2026-02-13 03:57:50,957 - INFO - Captured activation for layer: layer3.0.conv2,                 activation shape: torch.Size([32, 256, 14, 14])
2026-02-13 03:57:50,978 - INFO - Captured activation for layer: layer3.0.conv2, activation shape: torch.Size([32, 256, 14, 14])
2026-02-13 03:57:50,984 - INFO - Captured activation for layer: layer3.0.conv2,                 activation shape: torch.Size([32, 256, 14, 14])
2026-02-13 03:57:51,005 - INFO - Captured activation for layer: layer3.0.conv2, activation shape: torch.Size([32, 256, 14, 14])
2026-02-13 03:57:51,011 - INFO - Captured activation for layer: layer3.0.conv2,                 activation shape: torch.Size([32, 256, 14, 14])
2026-02-13 03:57:51,032 - INFO - Captured activation for layer: layer3.0.conv2, activation shape: torch.Size([32, 256, 14, 14])
2026-02-13 03:57:51,038 - INFO - Captured activation for layer: layer3.0.conv2,                 activation shape: torch.Size([32, 256, 14, 14])
2026-02-13 03:57:51,048 - INFO - Captured activation for layer: layer3.0.conv2, activation shape: torch.Size([32, 256, 14, 14])
2026-02-13 03:57:51,054 - INFO - Captured activation for layer: layer3.0.conv2,                 activation shape: torch.Size([32, 256, 14, 14])
2026-02-13 03:57:51,064 - INFO - Captured activation for layer: layer3.0.conv2, activation shape: torch.Size([32, 256, 14, 14])
2026-02-13 03:57:51,067 - INFO - Captured activation for layer: layer3.0.conv2,                 activation shape: torch.Size([32, 256, 14, 14])
2026-02-13 03:57:51,076 - INFO - Captured activation for layer: layer3.0.conv2, activation shape: torch.Size([32, 256, 14, 14])
2026-02-13 03:57:51,079 - INFO - Captured activation for layer: layer3.0.conv2,                 activation shape: torch.Size([32, 256, 14, 14])
2026-02-13 03:57:51,088 - INFO - Captured activation for layer: layer3.0.conv2, activation shape: torch.Size([32, 256, 14, 14])
2026-02-13 03:57:51,091 - INFO - Captured activation for layer: layer3.0.conv2,                 activation shape: torch.Size([32, 256, 14, 14])
2026-02-13 03:57:51,100 - INFO - Captured activation for layer: layer3.0.conv2, activation shape: torch.Size([32, 256, 14, 14])
2026-02-13 03:57:51,103 - INFO - Captured activation for layer: layer3.0.conv2,                 activation shape: torch.Size([32, 256, 14, 14])
2026-02-13 03:57:51,112 - INFO - Captured activation for layer: layer3.0.conv2, activation shape: torch.Size([32, 256, 14, 14])
2026-02-13 03:57:51,115 - INFO - Captured activation for layer: layer3.0.conv2,                 activation shape: torch.Size([32, 256, 14, 14])
2026-02-13 03:57:51,124 - INFO - Captured activation for layer: layer3.0.conv2, activation shape: torch.Size([32, 256, 14, 14])
2026-02-13 03:57:51,127 - INFO - Captured activation for layer: layer3.0.conv2,                 activation shape: torch.Size([32, 256, 14, 14])
2026-02-13 03:57:51,136 - INFO - Captured activation for layer: layer3.0.conv2, activation shape: torch.Size([32, 256, 14, 14])
2026-02-13 03:57:51,139 - INFO - Captured activation for layer: layer3.0.conv2,                 activation shape: torch.Size([32, 256, 14, 14])
2026-02-13 03:57:51,148 - INFO - Captured activation for layer: layer3.0.conv2, activation shape: torch.Size([32, 256, 14, 14])
2026-02-13 03:57:51,151 - INFO - Captured activation for layer: layer3.0.conv2,                 activation shape: torch.Size([32, 256, 14, 14])
2026-02-13 03:57:51,160 - INFO - Captured activation for layer: layer3.0.conv2, activation shape: torch.Size([32, 256, 14, 14])
2026-02-13 03:57:51,163 - INFO - Captured activation for layer: layer3.0.conv2,                 activation shape: torch.Size([32, 256, 14, 14])
2026-02-13 03:57:51,172 - INFO - Captured activation for layer: layer3.0.conv2, activation shape: torch.Size([32, 256, 14, 14])
2026-02-13 03:57:51,175 - INFO - Captured activation for layer: layer3.0.conv2,                 activation shape: torch.Size([32, 256, 14, 14])
2026-02-13 03:57:51,184 - INFO - Captured activation for layer: layer3.0.conv2, activation shape: torch.Size([32, 256, 14, 14])
2026-02-13 03:57:51,187 - INFO - Captured activation for layer: layer3.0.conv2,                 activation shape: torch.Size([32, 256, 14, 14])
2026-02-13 03:57:51,196 - INFO - Captured activation for layer: layer3.0.conv2, activation shape: torch.Size([32, 256, 14, 14])
2026-02-13 03:57:51,199 - INFO - Captured activation for layer: layer3.0.conv2,                 activation shape: torch.Size([32, 256, 14, 14])
2026-02-13 03:57:51,208 - INFO - Captured activation for layer: layer3.0.conv2, activation shape: torch.Size([32, 256, 14, 14])
2026-02-13 03:57:51,211 - INFO - Captured activation for layer: layer3.0.conv2,                 activation shape: torch.Size([32, 256, 14, 14])
2026-02-13 03:57:51,220 - INFO - Captured activation for layer: layer3.0.conv2, activation shape: torch.Size([32, 256, 14, 14])
2026-02-13 03:57:51,223 - INFO - Captured activation for layer: layer3.0.conv2,                 activation shape: torch.Size([32, 256, 14, 14])
2026-02-13 03:57:51,232 - INFO - Captured activation for layer: layer3.0.conv2, activation shape: torch.Size([32, 256, 14, 14])
2026-02-13 03:57:51,236 - INFO - Captured activation for layer: layer3.0.conv2,                 activation shape: torch.Size([32, 256, 14, 14])
2026-02-13 03:57:51,244 - INFO - Captured activation for layer: layer3.0.conv2, activation shape: torch.Size([32, 256, 14, 14])
2026-02-13 03:57:51,248 - INFO - Captured activation for layer: layer3.0.conv2,                 activation shape: torch.Size([32, 256, 14, 14])
2026-02-13 03:57:51,257 - INFO - Captured activation for layer: layer3.0.conv2, activation shape: torch.Size([32, 256, 14, 14])
2026-02-13 03:57:51,260 - INFO - Captured activation for layer: layer3.0.conv2,                 activation shape: torch.Size([32, 256, 14, 14])
2026-02-13 03:57:51,269 - INFO - Captured activation for layer: layer3.0.conv2, activation shape: torch.Size([32, 256, 14, 14])
2026-02-13 03:57:51,272 - INFO - Captured activation for layer: layer3.0.conv2,                 activation shape: torch.Size([32, 256, 14, 14])
2026-02-13 03:57:51,281 - INFO - Captured activation for layer: layer3.0.conv2, activation shape: torch.Size([32, 256, 14, 14])
2026-02-13 03:57:51,284 - INFO - Captured activation for layer: layer3.0.conv2,                 activation shape: torch.Size([32, 256, 14, 14])
2026-02-13 03:57:51,293 - INFO - Captured activation for layer: layer3.0.conv2, activation shape: torch.Size([32, 256, 14, 14])
2026-02-13 03:57:51,296 - INFO - Captured activation for layer: layer3.0.conv2,                 activation shape: torch.Size([32, 256, 14, 14])
2026-02-13 03:57:51,305 - INFO - Captured activation for layer: layer3.0.conv2, activation shape: torch.Size([32, 256, 14, 14])
2026-02-13 03:57:51,308 - INFO - Captured activation for layer: layer3.0.conv2,                 activation shape: torch.Size([32, 256, 14, 14])
2026-02-13 03:57:51,317 - INFO - Captured activation for layer: layer3.0.conv2, activation shape: torch.Size([32, 256, 14, 14])
2026-02-13 03:57:51,320 - INFO - Captured activation for layer: layer3.0.conv2,                 activation shape: torch.Size([32, 256, 14, 14])
2026-02-13 03:57:51,329 - INFO - Captured activation for layer: layer3.0.conv2, activation shape: torch.Size([32, 256, 14, 14])
2026-02-13 03:57:51,332 - INFO - Captured activation for layer: layer3.0.conv2,                 activation shape: torch.Size([32, 256, 14, 14])
2026-02-13 03:57:51,341 - INFO - Captured activation for layer: layer3.0.conv2, activation shape: torch.Size([32, 256, 14, 14])
2026-02-13 03:57:51,345 - INFO - Captured activation for layer: layer3.0.conv2,                 activation shape: torch.Size([32, 256, 14, 14])
2026-02-13 03:57:51,353 - INFO - Captured activation for layer: layer3.0.conv2, activation shape: torch.Size([32, 256, 14, 14])
2026-02-13 03:57:51,357 - INFO - Captured activation for layer: layer3.0.conv2,                 activation shape: torch.Size([32, 256, 14, 14])
2026-02-13 03:57:51,365 - INFO - Captured activation for layer: layer3.0.conv2, activation shape: torch.Size([32, 256, 14, 14])
2026-02-13 03:57:51,369 - INFO - Captured activation for layer: layer3.0.conv2,                 activation shape: torch.Size([32, 256, 14, 14])
2026-02-13 03:57:51,378 - INFO - Captured activation for layer: layer3.0.conv2, activation shape: torch.Size([32, 256, 14, 14])
2026-02-13 03:57:51,381 - INFO - Captured activation for layer: layer3.0.conv2,                 activation shape: torch.Size([32, 256, 14, 14])
2026-02-13 03:57:51,390 - INFO - Captured activation for layer: layer3.0.conv2, activation shape: torch.Size([32, 256, 14, 14])
2026-02-13 03:57:51,393 - INFO - Captured activation for layer: layer3.0.conv2,                 activation shape: torch.Size([32, 256, 14, 14])
2026-02-13 03:57:51,402 - INFO - Captured activation for layer: layer3.0.conv2, activation shape: torch.Size([32, 256, 14, 14])
2026-02-13 03:57:51,405 - INFO - Captured activation for layer: layer3.0.conv2,                 activation shape: torch.Size([32, 256, 14, 14])
2026-02-13 03:57:51,414 - INFO - Captured activation for layer: layer3.0.conv2, activation shape: torch.Size([32, 256, 14, 14])
2026-02-13 03:57:51,417 - INFO - Captured activation for layer: layer3.0.conv2,                 activation shape: torch.Size([32, 256, 14, 14])
2026-02-13 03:57:51,426 - INFO - Captured activation for layer: layer3.0.conv2, activation shape: torch.Size([32, 256, 14, 14])
2026-02-13 03:57:51,429 - INFO - Captured activation for layer: layer3.0.conv2,                 activation shape: torch.Size([32, 256, 14, 14])
2026-02-13 03:57:51,438 - INFO - Captured activation for layer: layer3.0.conv2, activation shape: torch.Size([32, 256, 14, 14])
2026-02-13 03:57:51,441 - INFO - Captured activation for layer: layer3.0.conv2,                 activation shape: torch.Size([32, 256, 14, 14])
2026-02-13 03:57:51,450 - INFO - Captured activation for layer: layer3.0.conv2, activation shape: torch.Size([32, 256, 14, 14])
2026-02-13 03:57:51,453 - INFO - Captured activation for layer: layer3.0.conv2,                 activation shape: torch.Size([32, 256, 14, 14])
2026-02-13 03:57:51,462 - INFO - Captured activation for layer: layer3.0.conv2, activation shape: torch.Size([32, 256, 14, 14])
2026-02-13 03:57:51,465 - INFO - Captured activation for layer: layer3.0.conv2,                 activation shape: torch.Size([32, 256, 14, 14])
2026-02-13 03:57:51,474 - INFO - Captured activation for layer: layer3.0.conv2, activation shape: torch.Size([32, 256, 14, 14])
2026-02-13 03:57:51,477 - INFO - Captured activation for layer: layer3.0.conv2,                 activation shape: torch.Size([32, 256, 14, 14])
2026-02-13 03:57:51,486 - INFO - Captured activation for layer: layer3.0.conv2, activation shape: torch.Size([32, 256, 14, 14])
2026-02-13 03:57:51,489 - INFO - Captured activation for layer: layer3.0.conv2,                 activation shape: torch.Size([32, 256, 14, 14])
2026-02-13 03:57:51,498 - INFO - Captured activation for layer: layer3.0.conv2, activation shape: torch.Size([32, 256, 14, 14])
2026-02-13 03:57:51,499 - INFO - Stacked activations shape for layer layer3.0.conv2: torch.Size([2112, 256, 14, 14])
2026-02-13 03:57:51,499 - INFO - Added Gaussian noise with std: 0.001
2026-02-13 03:57:51,558 - INFO - Perturbed activation  values: tensor([-0.0443,  0.0133,  0.0166,  ..., -0.0920,  0.1106,  0.0063],
       device='cuda:0')
2026-02-13 03:57:51,559 - INFO - Standard deviation of activations for layer layer3.0.conv2: 0.1422
2026-02-13 03:57:51,559 - INFO - Checking normality of activations for layer layer3.0.conv2 using Shapiro-Wilk test.
2026-02-13 03:57:54,738 - INFO - Shapiro-Wilk test: statistic=0.9816, p-value=5.6825e-25
2026-02-13 03:57:54,738 - INFO - Normally distributed: False
2026-02-13 03:57:54,739 - INFO - Perturbed activation shape: torch.Size([2112, 256, 14, 14]), Std activation shape: torch.Size([1, 256, 14, 14])
2026-02-13 03:57:54,740 - INFO - Std activation sample values: tensor([0.0831, 0.1031, 0.1008, 0.1003, 0.1026], device='cuda:0')
2026-02-13 03:57:54,741 - INFO - Target layer found: layer4.2.conv2
2026-02-13 03:57:54,743 - INFO - Captured activation for layer: layer4.2.conv2,                 activation shape: torch.Size([32, 512, 7, 7])
2026-02-13 03:57:54,744 - INFO - Captured activation for layer: layer4.2.conv2, activation shape: torch.Size([32, 512, 7, 7])
2026-02-13 03:57:54,746 - INFO - Captured activation for layer: layer4.2.conv2,                 activation shape: torch.Size([32, 512, 7, 7])
2026-02-13 03:57:54,746 - INFO - Captured activation for layer: layer4.2.conv2, activation shape: torch.Size([32, 512, 7, 7])
2026-02-13 03:57:54,748 - INFO - Captured activation for layer: layer4.2.conv2,                 activation shape: torch.Size([32, 512, 7, 7])
2026-02-13 03:57:54,748 - INFO - Captured activation for layer: layer4.2.conv2, activation shape: torch.Size([32, 512, 7, 7])
2026-02-13 03:57:54,750 - INFO - Captured activation for layer: layer4.2.conv2,                 activation shape: torch.Size([32, 512, 7, 7])
2026-02-13 03:57:54,750 - INFO - Captured activation for layer: layer4.2.conv2, activation shape: torch.Size([32, 512, 7, 7])
2026-02-13 03:57:54,752 - INFO - Captured activation for layer: layer4.2.conv2,                 activation shape: torch.Size([32, 512, 7, 7])
2026-02-13 03:57:54,752 - INFO - Captured activation for layer: layer4.2.conv2, activation shape: torch.Size([32, 512, 7, 7])
2026-02-13 03:57:54,760 - INFO - Captured activation for layer: layer4.2.conv2,                 activation shape: torch.Size([32, 512, 7, 7])
2026-02-13 03:57:54,761 - INFO - Captured activation for layer: layer4.2.conv2, activation shape: torch.Size([32, 512, 7, 7])
2026-02-13 03:57:54,772 - INFO - Captured activation for layer: layer4.2.conv2,                 activation shape: torch.Size([32, 512, 7, 7])
2026-02-13 03:57:54,773 - INFO - Captured activation for layer: layer4.2.conv2, activation shape: torch.Size([32, 512, 7, 7])
2026-02-13 03:57:54,784 - INFO - Captured activation for layer: layer4.2.conv2,                 activation shape: torch.Size([32, 512, 7, 7])
2026-02-13 03:57:54,784 - INFO - Captured activation for layer: layer4.2.conv2, activation shape: torch.Size([32, 512, 7, 7])
2026-02-13 03:57:54,796 - INFO - Captured activation for layer: layer4.2.conv2,                 activation shape: torch.Size([32, 512, 7, 7])
2026-02-13 03:57:54,796 - INFO - Captured activation for layer: layer4.2.conv2, activation shape: torch.Size([32, 512, 7, 7])
2026-02-13 03:57:54,808 - INFO - Captured activation for layer: layer4.2.conv2,                 activation shape: torch.Size([32, 512, 7, 7])
2026-02-13 03:57:54,808 - INFO - Captured activation for layer: layer4.2.conv2, activation shape: torch.Size([32, 512, 7, 7])
2026-02-13 03:57:54,820 - INFO - Captured activation for layer: layer4.2.conv2,                 activation shape: torch.Size([32, 512, 7, 7])
2026-02-13 03:57:54,820 - INFO - Captured activation for layer: layer4.2.conv2, activation shape: torch.Size([32, 512, 7, 7])
2026-02-13 03:57:54,831 - INFO - Captured activation for layer: layer4.2.conv2,                 activation shape: torch.Size([32, 512, 7, 7])
2026-02-13 03:57:54,832 - INFO - Captured activation for layer: layer4.2.conv2, activation shape: torch.Size([32, 512, 7, 7])
2026-02-13 03:57:54,843 - INFO - Captured activation for layer: layer4.2.conv2,                 activation shape: torch.Size([32, 512, 7, 7])
2026-02-13 03:57:54,844 - INFO - Captured activation for layer: layer4.2.conv2, activation shape: torch.Size([32, 512, 7, 7])
2026-02-13 03:57:54,855 - INFO - Captured activation for layer: layer4.2.conv2,                 activation shape: torch.Size([32, 512, 7, 7])
2026-02-13 03:57:54,856 - INFO - Captured activation for layer: layer4.2.conv2, activation shape: torch.Size([32, 512, 7, 7])
2026-02-13 03:57:54,867 - INFO - Captured activation for layer: layer4.2.conv2,                 activation shape: torch.Size([32, 512, 7, 7])
2026-02-13 03:57:54,868 - INFO - Captured activation for layer: layer4.2.conv2, activation shape: torch.Size([32, 512, 7, 7])
2026-02-13 03:57:54,879 - INFO - Captured activation for layer: layer4.2.conv2,                 activation shape: torch.Size([32, 512, 7, 7])
2026-02-13 03:57:54,880 - INFO - Captured activation for layer: layer4.2.conv2, activation shape: torch.Size([32, 512, 7, 7])
2026-02-13 03:57:54,891 - INFO - Captured activation for layer: layer4.2.conv2,                 activation shape: torch.Size([32, 512, 7, 7])
2026-02-13 03:57:54,892 - INFO - Captured activation for layer: layer4.2.conv2, activation shape: torch.Size([32, 512, 7, 7])
2026-02-13 03:57:54,903 - INFO - Captured activation for layer: layer4.2.conv2,                 activation shape: torch.Size([32, 512, 7, 7])
2026-02-13 03:57:54,904 - INFO - Captured activation for layer: layer4.2.conv2, activation shape: torch.Size([32, 512, 7, 7])
2026-02-13 03:57:54,915 - INFO - Captured activation for layer: layer4.2.conv2,                 activation shape: torch.Size([32, 512, 7, 7])
2026-02-13 03:57:54,916 - INFO - Captured activation for layer: layer4.2.conv2, activation shape: torch.Size([32, 512, 7, 7])
2026-02-13 03:57:54,927 - INFO - Captured activation for layer: layer4.2.conv2,                 activation shape: torch.Size([32, 512, 7, 7])
2026-02-13 03:57:54,928 - INFO - Captured activation for layer: layer4.2.conv2, activation shape: torch.Size([32, 512, 7, 7])
2026-02-13 03:57:54,939 - INFO - Captured activation for layer: layer4.2.conv2,                 activation shape: torch.Size([32, 512, 7, 7])
2026-02-13 03:57:54,940 - INFO - Captured activation for layer: layer4.2.conv2, activation shape: torch.Size([32, 512, 7, 7])
2026-02-13 03:57:54,951 - INFO - Captured activation for layer: layer4.2.conv2,                 activation shape: torch.Size([32, 512, 7, 7])
2026-02-13 03:57:54,952 - INFO - Captured activation for layer: layer4.2.conv2, activation shape: torch.Size([32, 512, 7, 7])
2026-02-13 03:57:54,963 - INFO - Captured activation for layer: layer4.2.conv2,                 activation shape: torch.Size([32, 512, 7, 7])
2026-02-13 03:57:54,964 - INFO - Captured activation for layer: layer4.2.conv2, activation shape: torch.Size([32, 512, 7, 7])
2026-02-13 03:57:54,975 - INFO - Captured activation for layer: layer4.2.conv2,                 activation shape: torch.Size([32, 512, 7, 7])
2026-02-13 03:57:54,976 - INFO - Captured activation for layer: layer4.2.conv2, activation shape: torch.Size([32, 512, 7, 7])
2026-02-13 03:57:54,987 - INFO - Captured activation for layer: layer4.2.conv2,                 activation shape: torch.Size([32, 512, 7, 7])
2026-02-13 03:57:54,988 - INFO - Captured activation for layer: layer4.2.conv2, activation shape: torch.Size([32, 512, 7, 7])
2026-02-13 03:57:54,999 - INFO - Captured activation for layer: layer4.2.conv2,                 activation shape: torch.Size([32, 512, 7, 7])
2026-02-13 03:57:55,000 - INFO - Captured activation for layer: layer4.2.conv2, activation shape: torch.Size([32, 512, 7, 7])
2026-02-13 03:57:55,011 - INFO - Captured activation for layer: layer4.2.conv2,                 activation shape: torch.Size([32, 512, 7, 7])
2026-02-13 03:57:55,012 - INFO - Captured activation for layer: layer4.2.conv2, activation shape: torch.Size([32, 512, 7, 7])
2026-02-13 03:57:55,023 - INFO - Captured activation for layer: layer4.2.conv2,                 activation shape: torch.Size([32, 512, 7, 7])
2026-02-13 03:57:55,024 - INFO - Captured activation for layer: layer4.2.conv2, activation shape: torch.Size([32, 512, 7, 7])
2026-02-13 03:57:55,035 - INFO - Captured activation for layer: layer4.2.conv2,                 activation shape: torch.Size([32, 512, 7, 7])
2026-02-13 03:57:55,036 - INFO - Captured activation for layer: layer4.2.conv2, activation shape: torch.Size([32, 512, 7, 7])
2026-02-13 03:57:55,047 - INFO - Captured activation for layer: layer4.2.conv2,                 activation shape: torch.Size([32, 512, 7, 7])
2026-02-13 03:57:55,048 - INFO - Captured activation for layer: layer4.2.conv2, activation shape: torch.Size([32, 512, 7, 7])
2026-02-13 03:57:55,059 - INFO - Captured activation for layer: layer4.2.conv2,                 activation shape: torch.Size([32, 512, 7, 7])
2026-02-13 03:57:55,060 - INFO - Captured activation for layer: layer4.2.conv2, activation shape: torch.Size([32, 512, 7, 7])
2026-02-13 03:57:55,071 - INFO - Captured activation for layer: layer4.2.conv2,                 activation shape: torch.Size([32, 512, 7, 7])
2026-02-13 03:57:55,072 - INFO - Captured activation for layer: layer4.2.conv2, activation shape: torch.Size([32, 512, 7, 7])
2026-02-13 03:57:55,083 - INFO - Captured activation for layer: layer4.2.conv2,                 activation shape: torch.Size([32, 512, 7, 7])
2026-02-13 03:57:55,084 - INFO - Captured activation for layer: layer4.2.conv2, activation shape: torch.Size([32, 512, 7, 7])
2026-02-13 03:57:55,095 - INFO - Captured activation for layer: layer4.2.conv2,                 activation shape: torch.Size([32, 512, 7, 7])
2026-02-13 03:57:55,096 - INFO - Captured activation for layer: layer4.2.conv2, activation shape: torch.Size([32, 512, 7, 7])
2026-02-13 03:57:55,107 - INFO - Captured activation for layer: layer4.2.conv2,                 activation shape: torch.Size([32, 512, 7, 7])
2026-02-13 03:57:55,108 - INFO - Captured activation for layer: layer4.2.conv2, activation shape: torch.Size([32, 512, 7, 7])
2026-02-13 03:57:55,119 - INFO - Captured activation for layer: layer4.2.conv2,                 activation shape: torch.Size([32, 512, 7, 7])
2026-02-13 03:57:55,120 - INFO - Captured activation for layer: layer4.2.conv2, activation shape: torch.Size([32, 512, 7, 7])
2026-02-13 03:57:55,131 - INFO - Captured activation for layer: layer4.2.conv2,                 activation shape: torch.Size([32, 512, 7, 7])
2026-02-13 03:57:55,132 - INFO - Captured activation for layer: layer4.2.conv2, activation shape: torch.Size([32, 512, 7, 7])
2026-02-13 03:57:55,143 - INFO - Captured activation for layer: layer4.2.conv2,                 activation shape: torch.Size([32, 512, 7, 7])
2026-02-13 03:57:55,144 - INFO - Captured activation for layer: layer4.2.conv2, activation shape: torch.Size([32, 512, 7, 7])
2026-02-13 03:57:55,155 - INFO - Captured activation for layer: layer4.2.conv2,                 activation shape: torch.Size([32, 512, 7, 7])
2026-02-13 03:57:55,156 - INFO - Captured activation for layer: layer4.2.conv2, activation shape: torch.Size([32, 512, 7, 7])
2026-02-13 03:57:55,167 - INFO - Captured activation for layer: layer4.2.conv2,                 activation shape: torch.Size([32, 512, 7, 7])
2026-02-13 03:57:55,168 - INFO - Captured activation for layer: layer4.2.conv2, activation shape: torch.Size([32, 512, 7, 7])
2026-02-13 03:57:55,179 - INFO - Captured activation for layer: layer4.2.conv2,                 activation shape: torch.Size([32, 512, 7, 7])
2026-02-13 03:57:55,180 - INFO - Captured activation for layer: layer4.2.conv2, activation shape: torch.Size([32, 512, 7, 7])
2026-02-13 03:57:55,191 - INFO - Captured activation for layer: layer4.2.conv2,                 activation shape: torch.Size([32, 512, 7, 7])
2026-02-13 03:57:55,192 - INFO - Captured activation for layer: layer4.2.conv2, activation shape: torch.Size([32, 512, 7, 7])
2026-02-13 03:57:55,203 - INFO - Captured activation for layer: layer4.2.conv2,                 activation shape: torch.Size([32, 512, 7, 7])
2026-02-13 03:57:55,204 - INFO - Captured activation for layer: layer4.2.conv2, activation shape: torch.Size([32, 512, 7, 7])
2026-02-13 03:57:55,215 - INFO - Captured activation for layer: layer4.2.conv2,                 activation shape: torch.Size([32, 512, 7, 7])
2026-02-13 03:57:55,216 - INFO - Captured activation for layer: layer4.2.conv2, activation shape: torch.Size([32, 512, 7, 7])
2026-02-13 03:57:55,227 - INFO - Captured activation for layer: layer4.2.conv2,                 activation shape: torch.Size([32, 512, 7, 7])
2026-02-13 03:57:55,228 - INFO - Captured activation for layer: layer4.2.conv2, activation shape: torch.Size([32, 512, 7, 7])
2026-02-13 03:57:55,239 - INFO - Captured activation for layer: layer4.2.conv2,                 activation shape: torch.Size([32, 512, 7, 7])
2026-02-13 03:57:55,240 - INFO - Captured activation for layer: layer4.2.conv2, activation shape: torch.Size([32, 512, 7, 7])
2026-02-13 03:57:55,251 - INFO - Captured activation for layer: layer4.2.conv2,                 activation shape: torch.Size([32, 512, 7, 7])
2026-02-13 03:57:55,252 - INFO - Captured activation for layer: layer4.2.conv2, activation shape: torch.Size([32, 512, 7, 7])
2026-02-13 03:57:55,263 - INFO - Captured activation for layer: layer4.2.conv2,                 activation shape: torch.Size([32, 512, 7, 7])
2026-02-13 03:57:55,264 - INFO - Captured activation for layer: layer4.2.conv2, activation shape: torch.Size([32, 512, 7, 7])
2026-02-13 03:57:55,275 - INFO - Captured activation for layer: layer4.2.conv2,                 activation shape: torch.Size([32, 512, 7, 7])
2026-02-13 03:57:55,276 - INFO - Captured activation for layer: layer4.2.conv2, activation shape: torch.Size([32, 512, 7, 7])
2026-02-13 03:57:55,287 - INFO - Captured activation for layer: layer4.2.conv2,                 activation shape: torch.Size([32, 512, 7, 7])
2026-02-13 03:57:55,288 - INFO - Captured activation for layer: layer4.2.conv2, activation shape: torch.Size([32, 512, 7, 7])
2026-02-13 03:57:55,299 - INFO - Captured activation for layer: layer4.2.conv2,                 activation shape: torch.Size([32, 512, 7, 7])
2026-02-13 03:57:55,300 - INFO - Captured activation for layer: layer4.2.conv2, activation shape: torch.Size([32, 512, 7, 7])
2026-02-13 03:57:55,311 - INFO - Captured activation for layer: layer4.2.conv2,                 activation shape: torch.Size([32, 512, 7, 7])
2026-02-13 03:57:55,312 - INFO - Captured activation for layer: layer4.2.conv2, activation shape: torch.Size([32, 512, 7, 7])
2026-02-13 03:57:55,323 - INFO - Captured activation for layer: layer4.2.conv2,                 activation shape: torch.Size([32, 512, 7, 7])
2026-02-13 03:57:55,324 - INFO - Captured activation for layer: layer4.2.conv2, activation shape: torch.Size([32, 512, 7, 7])
2026-02-13 03:57:55,335 - INFO - Captured activation for layer: layer4.2.conv2,                 activation shape: torch.Size([32, 512, 7, 7])
2026-02-13 03:57:55,336 - INFO - Captured activation for layer: layer4.2.conv2, activation shape: torch.Size([32, 512, 7, 7])
2026-02-13 03:57:55,347 - INFO - Captured activation for layer: layer4.2.conv2,                 activation shape: torch.Size([32, 512, 7, 7])
2026-02-13 03:57:55,348 - INFO - Captured activation for layer: layer4.2.conv2, activation shape: torch.Size([32, 512, 7, 7])
2026-02-13 03:57:55,359 - INFO - Captured activation for layer: layer4.2.conv2,                 activation shape: torch.Size([32, 512, 7, 7])
2026-02-13 03:57:55,360 - INFO - Captured activation for layer: layer4.2.conv2, activation shape: torch.Size([32, 512, 7, 7])
2026-02-13 03:57:55,371 - INFO - Captured activation for layer: layer4.2.conv2,                 activation shape: torch.Size([32, 512, 7, 7])
2026-02-13 03:57:55,372 - INFO - Captured activation for layer: layer4.2.conv2, activation shape: torch.Size([32, 512, 7, 7])
2026-02-13 03:57:55,383 - INFO - Captured activation for layer: layer4.2.conv2,                 activation shape: torch.Size([32, 512, 7, 7])
2026-02-13 03:57:55,384 - INFO - Captured activation for layer: layer4.2.conv2, activation shape: torch.Size([32, 512, 7, 7])
2026-02-13 03:57:55,395 - INFO - Captured activation for layer: layer4.2.conv2,                 activation shape: torch.Size([32, 512, 7, 7])
2026-02-13 03:57:55,396 - INFO - Captured activation for layer: layer4.2.conv2, activation shape: torch.Size([32, 512, 7, 7])
2026-02-13 03:57:55,407 - INFO - Captured activation for layer: layer4.2.conv2,                 activation shape: torch.Size([32, 512, 7, 7])
2026-02-13 03:57:55,408 - INFO - Captured activation for layer: layer4.2.conv2, activation shape: torch.Size([32, 512, 7, 7])
2026-02-13 03:57:55,419 - INFO - Captured activation for layer: layer4.2.conv2,                 activation shape: torch.Size([32, 512, 7, 7])
2026-02-13 03:57:55,420 - INFO - Captured activation for layer: layer4.2.conv2, activation shape: torch.Size([32, 512, 7, 7])
2026-02-13 03:57:55,431 - INFO - Captured activation for layer: layer4.2.conv2,                 activation shape: torch.Size([32, 512, 7, 7])
2026-02-13 03:57:55,432 - INFO - Captured activation for layer: layer4.2.conv2, activation shape: torch.Size([32, 512, 7, 7])
2026-02-13 03:57:55,443 - INFO - Captured activation for layer: layer4.2.conv2,                 activation shape: torch.Size([32, 512, 7, 7])
2026-02-13 03:57:55,444 - INFO - Captured activation for layer: layer4.2.conv2, activation shape: torch.Size([32, 512, 7, 7])
2026-02-13 03:57:55,455 - INFO - Captured activation for layer: layer4.2.conv2,                 activation shape: torch.Size([32, 512, 7, 7])
2026-02-13 03:57:55,456 - INFO - Captured activation for layer: layer4.2.conv2, activation shape: torch.Size([32, 512, 7, 7])
2026-02-13 03:57:55,467 - INFO - Captured activation for layer: layer4.2.conv2,                 activation shape: torch.Size([32, 512, 7, 7])
2026-02-13 03:57:55,468 - INFO - Captured activation for layer: layer4.2.conv2, activation shape: torch.Size([32, 512, 7, 7])
2026-02-13 03:57:55,479 - INFO - Captured activation for layer: layer4.2.conv2,                 activation shape: torch.Size([32, 512, 7, 7])
2026-02-13 03:57:55,480 - INFO - Captured activation for layer: layer4.2.conv2, activation shape: torch.Size([32, 512, 7, 7])
2026-02-13 03:57:55,480 - INFO - Stacked activations shape for layer layer4.2.conv2: torch.Size([2112, 512, 7, 7])
2026-02-13 03:57:55,480 - INFO - Added Gaussian noise with std: 0.001
2026-02-13 03:57:55,536 - INFO - Perturbed activation  values: tensor([-0.0134, -0.0395, -0.0734,  ..., -0.2189, -0.1703, -0.0832],
       device='cuda:0')
2026-02-13 03:57:55,537 - INFO - Standard deviation of activations for layer layer4.2.conv2: 0.0582
2026-02-13 03:57:55,537 - INFO - Checking normality of activations for layer layer4.2.conv2 using Shapiro-Wilk test.
2026-02-13 03:57:57,049 - INFO - Shapiro-Wilk test: statistic=0.9522, p-value=1.2969e-37
2026-02-13 03:57:57,049 - INFO - Normally distributed: False
2026-02-13 03:57:57,050 - INFO - Perturbed activation shape: torch.Size([2112, 512, 7, 7]), Std activation shape: torch.Size([1, 512, 7, 7])
2026-02-13 03:57:57,052 - INFO - Std activation sample values: tensor([0.0506, 0.0629, 0.0642, 0.0648, 0.0639], device='cuda:0')
2026-02-13 03:57:57,056 - INFO - Applying perturbation for layer: layer3.0.conv2, original output shape: torch.Size([32, 256, 14, 14]), perturbed activation shape: torch.Size([2112, 256, 14, 14])
2026-02-13 03:57:57,057 - INFO - Applying perturbation for layer: layer4.2.conv2, original output shape: torch.Size([32, 512, 7, 7]), perturbed activation shape: torch.Size([2112, 512, 7, 7])
2026-02-13 03:57:57,060 - INFO - Applying perturbation for layer: layer3.0.conv2, original output shape: torch.Size([32, 256, 14, 14]), perturbed activation shape: torch.Size([2112, 256, 14, 14])
2026-02-13 03:57:57,061 - INFO - Applying perturbation for layer: layer4.2.conv2, original output shape: torch.Size([32, 512, 7, 7]), perturbed activation shape: torch.Size([2112, 512, 7, 7])
2026-02-13 03:57:57,074 - INFO - Applying perturbation for layer: layer3.0.conv2, original output shape: torch.Size([32, 256, 14, 14]), perturbed activation shape: torch.Size([2112, 256, 14, 14])
2026-02-13 03:57:57,089 - INFO - Applying perturbation for layer: layer4.2.conv2, original output shape: torch.Size([32, 512, 7, 7]), perturbed activation shape: torch.Size([2112, 512, 7, 7])
2026-02-13 03:57:57,120 - INFO - Applying perturbation for layer: layer3.0.conv2, original output shape: torch.Size([32, 256, 14, 14]), perturbed activation shape: torch.Size([2112, 256, 14, 14])
2026-02-13 03:57:57,136 - INFO - Applying perturbation for layer: layer4.2.conv2, original output shape: torch.Size([32, 512, 7, 7]), perturbed activation shape: torch.Size([2112, 512, 7, 7])
2026-02-13 03:57:57,154 - INFO - Applying perturbation for layer: layer3.0.conv2, original output shape: torch.Size([32, 256, 14, 14]), perturbed activation shape: torch.Size([2112, 256, 14, 14])
2026-02-13 03:57:57,162 - INFO - Applying perturbation for layer: layer4.2.conv2, original output shape: torch.Size([32, 512, 7, 7]), perturbed activation shape: torch.Size([2112, 512, 7, 7])
2026-02-13 03:57:57,178 - INFO - Applying perturbation for layer: layer3.0.conv2, original output shape: torch.Size([32, 256, 14, 14]), perturbed activation shape: torch.Size([2112, 256, 14, 14])
2026-02-13 03:57:57,187 - INFO - Applying perturbation for layer: layer4.2.conv2, original output shape: torch.Size([32, 512, 7, 7]), perturbed activation shape: torch.Size([2112, 512, 7, 7])
2026-02-13 03:57:57,203 - INFO - Applying perturbation for layer: layer3.0.conv2, original output shape: torch.Size([32, 256, 14, 14]), perturbed activation shape: torch.Size([2112, 256, 14, 14])
2026-02-13 03:57:57,211 - INFO - Applying perturbation for layer: layer4.2.conv2, original output shape: torch.Size([32, 512, 7, 7]), perturbed activation shape: torch.Size([2112, 512, 7, 7])
2026-02-13 03:57:57,227 - INFO - Applying perturbation for layer: layer3.0.conv2, original output shape: torch.Size([32, 256, 14, 14]), perturbed activation shape: torch.Size([2112, 256, 14, 14])
2026-02-13 03:57:57,235 - INFO - Applying perturbation for layer: layer4.2.conv2, original output shape: torch.Size([32, 512, 7, 7]), perturbed activation shape: torch.Size([2112, 512, 7, 7])
2026-02-13 03:57:57,251 - INFO - Applying perturbation for layer: layer3.0.conv2, original output shape: torch.Size([32, 256, 14, 14]), perturbed activation shape: torch.Size([2112, 256, 14, 14])
2026-02-13 03:57:57,260 - INFO - Applying perturbation for layer: layer4.2.conv2, original output shape: torch.Size([32, 512, 7, 7]), perturbed activation shape: torch.Size([2112, 512, 7, 7])
2026-02-13 03:57:57,276 - INFO - Applying perturbation for layer: layer3.0.conv2, original output shape: torch.Size([32, 256, 14, 14]), perturbed activation shape: torch.Size([2112, 256, 14, 14])
2026-02-13 03:57:57,284 - INFO - Applying perturbation for layer: layer4.2.conv2, original output shape: torch.Size([32, 512, 7, 7]), perturbed activation shape: torch.Size([2112, 512, 7, 7])
2026-02-13 03:57:57,300 - INFO - Applying perturbation for layer: layer3.0.conv2, original output shape: torch.Size([32, 256, 14, 14]), perturbed activation shape: torch.Size([2112, 256, 14, 14])
2026-02-13 03:57:57,308 - INFO - Applying perturbation for layer: layer4.2.conv2, original output shape: torch.Size([32, 512, 7, 7]), perturbed activation shape: torch.Size([2112, 512, 7, 7])
2026-02-13 03:57:57,324 - INFO - Applying perturbation for layer: layer3.0.conv2, original output shape: torch.Size([32, 256, 14, 14]), perturbed activation shape: torch.Size([2112, 256, 14, 14])
2026-02-13 03:57:57,333 - INFO - Applying perturbation for layer: layer4.2.conv2, original output shape: torch.Size([32, 512, 7, 7]), perturbed activation shape: torch.Size([2112, 512, 7, 7])
2026-02-13 03:57:57,348 - INFO - Applying perturbation for layer: layer3.0.conv2, original output shape: torch.Size([32, 256, 14, 14]), perturbed activation shape: torch.Size([2112, 256, 14, 14])
2026-02-13 03:57:57,357 - INFO - Applying perturbation for layer: layer4.2.conv2, original output shape: torch.Size([32, 512, 7, 7]), perturbed activation shape: torch.Size([2112, 512, 7, 7])
2026-02-13 03:57:57,373 - INFO - Applying perturbation for layer: layer3.0.conv2, original output shape: torch.Size([32, 256, 14, 14]), perturbed activation shape: torch.Size([2112, 256, 14, 14])
2026-02-13 03:57:57,381 - INFO - Applying perturbation for layer: layer4.2.conv2, original output shape: torch.Size([32, 512, 7, 7]), perturbed activation shape: torch.Size([2112, 512, 7, 7])
2026-02-13 03:57:57,397 - INFO - Applying perturbation for layer: layer3.0.conv2, original output shape: torch.Size([32, 256, 14, 14]), perturbed activation shape: torch.Size([2112, 256, 14, 14])
2026-02-13 03:57:57,405 - INFO - Applying perturbation for layer: layer4.2.conv2, original output shape: torch.Size([32, 512, 7, 7]), perturbed activation shape: torch.Size([2112, 512, 7, 7])
2026-02-13 03:57:57,421 - INFO - Applying perturbation for layer: layer3.0.conv2, original output shape: torch.Size([32, 256, 14, 14]), perturbed activation shape: torch.Size([2112, 256, 14, 14])
2026-02-13 03:57:57,430 - INFO - Applying perturbation for layer: layer4.2.conv2, original output shape: torch.Size([32, 512, 7, 7]), perturbed activation shape: torch.Size([2112, 512, 7, 7])
2026-02-13 03:57:57,445 - INFO - Applying perturbation for layer: layer3.0.conv2, original output shape: torch.Size([32, 256, 14, 14]), perturbed activation shape: torch.Size([2112, 256, 14, 14])
2026-02-13 03:57:57,454 - INFO - Applying perturbation for layer: layer4.2.conv2, original output shape: torch.Size([32, 512, 7, 7]), perturbed activation shape: torch.Size([2112, 512, 7, 7])
2026-02-13 03:57:57,469 - INFO - Applying perturbation for layer: layer3.0.conv2, original output shape: torch.Size([32, 256, 14, 14]), perturbed activation shape: torch.Size([2112, 256, 14, 14])
2026-02-13 03:57:57,478 - INFO - Applying perturbation for layer: layer4.2.conv2, original output shape: torch.Size([32, 512, 7, 7]), perturbed activation shape: torch.Size([2112, 512, 7, 7])
2026-02-13 03:57:57,494 - INFO - Applying perturbation for layer: layer3.0.conv2, original output shape: torch.Size([32, 256, 14, 14]), perturbed activation shape: torch.Size([2112, 256, 14, 14])
2026-02-13 03:57:57,502 - INFO - Applying perturbation for layer: layer4.2.conv2, original output shape: torch.Size([32, 512, 7, 7]), perturbed activation shape: torch.Size([2112, 512, 7, 7])
2026-02-13 03:57:57,518 - INFO - Applying perturbation for layer: layer3.0.conv2, original output shape: torch.Size([32, 256, 14, 14]), perturbed activation shape: torch.Size([2112, 256, 14, 14])
2026-02-13 03:57:57,526 - INFO - Applying perturbation for layer: layer4.2.conv2, original output shape: torch.Size([32, 512, 7, 7]), perturbed activation shape: torch.Size([2112, 512, 7, 7])
2026-02-13 03:57:57,542 - INFO - Applying perturbation for layer: layer3.0.conv2, original output shape: torch.Size([32, 256, 14, 14]), perturbed activation shape: torch.Size([2112, 256, 14, 14])
2026-02-13 03:57:57,551 - INFO - Applying perturbation for layer: layer4.2.conv2, original output shape: torch.Size([32, 512, 7, 7]), perturbed activation shape: torch.Size([2112, 512, 7, 7])
2026-02-13 03:57:57,567 - INFO - Applying perturbation for layer: layer3.0.conv2, original output shape: torch.Size([32, 256, 14, 14]), perturbed activation shape: torch.Size([2112, 256, 14, 14])
2026-02-13 03:57:57,575 - INFO - Applying perturbation for layer: layer4.2.conv2, original output shape: torch.Size([32, 512, 7, 7]), perturbed activation shape: torch.Size([2112, 512, 7, 7])
2026-02-13 03:57:57,591 - INFO - Applying perturbation for layer: layer3.0.conv2, original output shape: torch.Size([32, 256, 14, 14]), perturbed activation shape: torch.Size([2112, 256, 14, 14])
2026-02-13 03:57:57,599 - INFO - Applying perturbation for layer: layer4.2.conv2, original output shape: torch.Size([32, 512, 7, 7]), perturbed activation shape: torch.Size([2112, 512, 7, 7])
2026-02-13 03:57:57,615 - INFO - Applying perturbation for layer: layer3.0.conv2, original output shape: torch.Size([32, 256, 14, 14]), perturbed activation shape: torch.Size([2112, 256, 14, 14])
2026-02-13 03:57:57,624 - INFO - Applying perturbation for layer: layer4.2.conv2, original output shape: torch.Size([32, 512, 7, 7]), perturbed activation shape: torch.Size([2112, 512, 7, 7])
2026-02-13 03:57:57,639 - INFO - Applying perturbation for layer: layer3.0.conv2, original output shape: torch.Size([32, 256, 14, 14]), perturbed activation shape: torch.Size([2112, 256, 14, 14])
2026-02-13 03:57:57,648 - INFO - Applying perturbation for layer: layer4.2.conv2, original output shape: torch.Size([32, 512, 7, 7]), perturbed activation shape: torch.Size([2112, 512, 7, 7])
2026-02-13 03:57:57,664 - INFO - Applying perturbation for layer: layer3.0.conv2, original output shape: torch.Size([32, 256, 14, 14]), perturbed activation shape: torch.Size([2112, 256, 14, 14])
2026-02-13 03:57:57,672 - INFO - Applying perturbation for layer: layer4.2.conv2, original output shape: torch.Size([32, 512, 7, 7]), perturbed activation shape: torch.Size([2112, 512, 7, 7])
2026-02-13 03:57:57,688 - INFO - Applying perturbation for layer: layer3.0.conv2, original output shape: torch.Size([32, 256, 14, 14]), perturbed activation shape: torch.Size([2112, 256, 14, 14])
2026-02-13 03:57:57,696 - INFO - Applying perturbation for layer: layer4.2.conv2, original output shape: torch.Size([32, 512, 7, 7]), perturbed activation shape: torch.Size([2112, 512, 7, 7])
2026-02-13 03:57:57,712 - INFO - Applying perturbation for layer: layer3.0.conv2, original output shape: torch.Size([32, 256, 14, 14]), perturbed activation shape: torch.Size([2112, 256, 14, 14])
2026-02-13 03:57:57,721 - INFO - Applying perturbation for layer: layer4.2.conv2, original output shape: torch.Size([32, 512, 7, 7]), perturbed activation shape: torch.Size([2112, 512, 7, 7])
2026-02-13 03:57:57,736 - INFO - Applying perturbation for layer: layer3.0.conv2, original output shape: torch.Size([32, 256, 14, 14]), perturbed activation shape: torch.Size([2112, 256, 14, 14])
2026-02-13 03:57:57,745 - INFO - Applying perturbation for layer: layer4.2.conv2, original output shape: torch.Size([32, 512, 7, 7]), perturbed activation shape: torch.Size([2112, 512, 7, 7])
2026-02-13 03:57:57,761 - INFO - Applying perturbation for layer: layer3.0.conv2, original output shape: torch.Size([32, 256, 14, 14]), perturbed activation shape: torch.Size([2112, 256, 14, 14])
2026-02-13 03:57:57,769 - INFO - Applying perturbation for layer: layer4.2.conv2, original output shape: torch.Size([32, 512, 7, 7]), perturbed activation shape: torch.Size([2112, 512, 7, 7])
2026-02-13 03:57:57,785 - INFO - Applying perturbation for layer: layer3.0.conv2, original output shape: torch.Size([32, 256, 14, 14]), perturbed activation shape: torch.Size([2112, 256, 14, 14])
2026-02-13 03:57:57,793 - INFO - Applying perturbation for layer: layer4.2.conv2, original output shape: torch.Size([32, 512, 7, 7]), perturbed activation shape: torch.Size([2112, 512, 7, 7])
2026-02-13 03:57:57,809 - INFO - Applying perturbation for layer: layer3.0.conv2, original output shape: torch.Size([32, 256, 14, 14]), perturbed activation shape: torch.Size([2112, 256, 14, 14])
2026-02-13 03:57:57,818 - INFO - Applying perturbation for layer: layer4.2.conv2, original output shape: torch.Size([32, 512, 7, 7]), perturbed activation shape: torch.Size([2112, 512, 7, 7])
2026-02-13 03:57:57,833 - INFO - Applying perturbation for layer: layer3.0.conv2, original output shape: torch.Size([32, 256, 14, 14]), perturbed activation shape: torch.Size([2112, 256, 14, 14])
2026-02-13 03:57:57,842 - INFO - Applying perturbation for layer: layer4.2.conv2, original output shape: torch.Size([32, 512, 7, 7]), perturbed activation shape: torch.Size([2112, 512, 7, 7])
2026-02-13 03:57:57,858 - INFO - Applying perturbation for layer: layer3.0.conv2, original output shape: torch.Size([32, 256, 14, 14]), perturbed activation shape: torch.Size([2112, 256, 14, 14])
2026-02-13 03:57:57,866 - INFO - Applying perturbation for layer: layer4.2.conv2, original output shape: torch.Size([32, 512, 7, 7]), perturbed activation shape: torch.Size([2112, 512, 7, 7])
2026-02-13 03:57:57,882 - INFO - Applying perturbation for layer: layer3.0.conv2, original output shape: torch.Size([32, 256, 14, 14]), perturbed activation shape: torch.Size([2112, 256, 14, 14])
2026-02-13 03:57:57,890 - INFO - Applying perturbation for layer: layer4.2.conv2, original output shape: torch.Size([32, 512, 7, 7]), perturbed activation shape: torch.Size([2112, 512, 7, 7])
2026-02-13 03:57:57,906 - INFO - Applying perturbation for layer: layer3.0.conv2, original output shape: torch.Size([32, 256, 14, 14]), perturbed activation shape: torch.Size([2112, 256, 14, 14])
2026-02-13 03:57:57,915 - INFO - Applying perturbation for layer: layer4.2.conv2, original output shape: torch.Size([32, 512, 7, 7]), perturbed activation shape: torch.Size([2112, 512, 7, 7])
2026-02-13 03:57:57,931 - INFO - Applying perturbation for layer: layer3.0.conv2, original output shape: torch.Size([32, 256, 14, 14]), perturbed activation shape: torch.Size([2112, 256, 14, 14])
2026-02-13 03:57:57,939 - INFO - Applying perturbation for layer: layer4.2.conv2, original output shape: torch.Size([32, 512, 7, 7]), perturbed activation shape: torch.Size([2112, 512, 7, 7])
2026-02-13 03:57:57,955 - INFO - Applying perturbation for layer: layer3.0.conv2, original output shape: torch.Size([32, 256, 14, 14]), perturbed activation shape: torch.Size([2112, 256, 14, 14])
2026-02-13 03:57:57,963 - INFO - Applying perturbation for layer: layer4.2.conv2, original output shape: torch.Size([32, 512, 7, 7]), perturbed activation shape: torch.Size([2112, 512, 7, 7])
2026-02-13 03:57:57,979 - INFO - Applying perturbation for layer: layer3.0.conv2, original output shape: torch.Size([32, 256, 14, 14]), perturbed activation shape: torch.Size([2112, 256, 14, 14])
2026-02-13 03:57:57,988 - INFO - Applying perturbation for layer: layer4.2.conv2, original output shape: torch.Size([32, 512, 7, 7]), perturbed activation shape: torch.Size([2112, 512, 7, 7])
2026-02-13 03:57:58,003 - INFO - Applying perturbation for layer: layer3.0.conv2, original output shape: torch.Size([32, 256, 14, 14]), perturbed activation shape: torch.Size([2112, 256, 14, 14])
2026-02-13 03:57:58,012 - INFO - Applying perturbation for layer: layer4.2.conv2, original output shape: torch.Size([32, 512, 7, 7]), perturbed activation shape: torch.Size([2112, 512, 7, 7])
2026-02-13 03:57:58,028 - INFO - Applying perturbation for layer: layer3.0.conv2, original output shape: torch.Size([32, 256, 14, 14]), perturbed activation shape: torch.Size([2112, 256, 14, 14])
2026-02-13 03:57:58,036 - INFO - Applying perturbation for layer: layer4.2.conv2, original output shape: torch.Size([32, 512, 7, 7]), perturbed activation shape: torch.Size([2112, 512, 7, 7])
2026-02-13 03:57:58,052 - INFO - Applying perturbation for layer: layer3.0.conv2, original output shape: torch.Size([32, 256, 14, 14]), perturbed activation shape: torch.Size([2112, 256, 14, 14])
2026-02-13 03:57:58,060 - INFO - Applying perturbation for layer: layer4.2.conv2, original output shape: torch.Size([32, 512, 7, 7]), perturbed activation shape: torch.Size([2112, 512, 7, 7])
2026-02-13 03:57:58,076 - INFO - Applying perturbation for layer: layer3.0.conv2, original output shape: torch.Size([32, 256, 14, 14]), perturbed activation shape: torch.Size([2112, 256, 14, 14])
2026-02-13 03:57:58,085 - INFO - Applying perturbation for layer: layer4.2.conv2, original output shape: torch.Size([32, 512, 7, 7]), perturbed activation shape: torch.Size([2112, 512, 7, 7])
2026-02-13 03:57:58,100 - INFO - Applying perturbation for layer: layer3.0.conv2, original output shape: torch.Size([32, 256, 14, 14]), perturbed activation shape: torch.Size([2112, 256, 14, 14])
2026-02-13 03:57:58,109 - INFO - Applying perturbation for layer: layer4.2.conv2, original output shape: torch.Size([32, 512, 7, 7]), perturbed activation shape: torch.Size([2112, 512, 7, 7])
2026-02-13 03:57:58,125 - INFO - Applying perturbation for layer: layer3.0.conv2, original output shape: torch.Size([32, 256, 14, 14]), perturbed activation shape: torch.Size([2112, 256, 14, 14])
2026-02-13 03:57:58,133 - INFO - Applying perturbation for layer: layer4.2.conv2, original output shape: torch.Size([32, 512, 7, 7]), perturbed activation shape: torch.Size([2112, 512, 7, 7])
2026-02-13 03:57:58,149 - INFO - Applying perturbation for layer: layer3.0.conv2, original output shape: torch.Size([32, 256, 14, 14]), perturbed activation shape: torch.Size([2112, 256, 14, 14])
2026-02-13 03:57:58,158 - INFO - Applying perturbation for layer: layer4.2.conv2, original output shape: torch.Size([32, 512, 7, 7]), perturbed activation shape: torch.Size([2112, 512, 7, 7])
2026-02-13 03:57:58,173 - INFO - Applying perturbation for layer: layer3.0.conv2, original output shape: torch.Size([32, 256, 14, 14]), perturbed activation shape: torch.Size([2112, 256, 14, 14])
2026-02-13 03:57:58,182 - INFO - Applying perturbation for layer: layer4.2.conv2, original output shape: torch.Size([32, 512, 7, 7]), perturbed activation shape: torch.Size([2112, 512, 7, 7])
2026-02-13 03:57:58,198 - INFO - Applying perturbation for layer: layer3.0.conv2, original output shape: torch.Size([32, 256, 14, 14]), perturbed activation shape: torch.Size([2112, 256, 14, 14])
2026-02-13 03:57:58,206 - INFO - Applying perturbation for layer: layer4.2.conv2, original output shape: torch.Size([32, 512, 7, 7]), perturbed activation shape: torch.Size([2112, 512, 7, 7])
2026-02-13 03:57:58,222 - INFO - Applying perturbation for layer: layer3.0.conv2, original output shape: torch.Size([32, 256, 14, 14]), perturbed activation shape: torch.Size([2112, 256, 14, 14])
2026-02-13 03:57:58,230 - INFO - Applying perturbation for layer: layer4.2.conv2, original output shape: torch.Size([32, 512, 7, 7]), perturbed activation shape: torch.Size([2112, 512, 7, 7])
2026-02-13 03:57:58,246 - INFO - Applying perturbation for layer: layer3.0.conv2, original output shape: torch.Size([32, 256, 14, 14]), perturbed activation shape: torch.Size([2112, 256, 14, 14])
2026-02-13 03:57:58,255 - INFO - Applying perturbation for layer: layer4.2.conv2, original output shape: torch.Size([32, 512, 7, 7]), perturbed activation shape: torch.Size([2112, 512, 7, 7])
2026-02-13 03:57:58,270 - INFO - Applying perturbation for layer: layer3.0.conv2, original output shape: torch.Size([32, 256, 14, 14]), perturbed activation shape: torch.Size([2112, 256, 14, 14])
2026-02-13 03:57:58,279 - INFO - Applying perturbation for layer: layer4.2.conv2, original output shape: torch.Size([32, 512, 7, 7]), perturbed activation shape: torch.Size([2112, 512, 7, 7])
2026-02-13 03:57:58,295 - INFO - Applying perturbation for layer: layer3.0.conv2, original output shape: torch.Size([32, 256, 14, 14]), perturbed activation shape: torch.Size([2112, 256, 14, 14])
2026-02-13 03:57:58,303 - INFO - Applying perturbation for layer: layer4.2.conv2, original output shape: torch.Size([32, 512, 7, 7]), perturbed activation shape: torch.Size([2112, 512, 7, 7])
2026-02-13 03:57:58,319 - INFO - Applying perturbation for layer: layer3.0.conv2, original output shape: torch.Size([32, 256, 14, 14]), perturbed activation shape: torch.Size([2112, 256, 14, 14])
2026-02-13 03:57:58,327 - INFO - Applying perturbation for layer: layer4.2.conv2, original output shape: torch.Size([32, 512, 7, 7]), perturbed activation shape: torch.Size([2112, 512, 7, 7])
2026-02-13 03:57:58,343 - INFO - Applying perturbation for layer: layer3.0.conv2, original output shape: torch.Size([32, 256, 14, 14]), perturbed activation shape: torch.Size([2112, 256, 14, 14])
2026-02-13 03:57:58,352 - INFO - Applying perturbation for layer: layer4.2.conv2, original output shape: torch.Size([32, 512, 7, 7]), perturbed activation shape: torch.Size([2112, 512, 7, 7])
2026-02-13 03:57:58,367 - INFO - Applying perturbation for layer: layer3.0.conv2, original output shape: torch.Size([32, 256, 14, 14]), perturbed activation shape: torch.Size([2112, 256, 14, 14])
2026-02-13 03:57:58,376 - INFO - Applying perturbation for layer: layer4.2.conv2, original output shape: torch.Size([32, 512, 7, 7]), perturbed activation shape: torch.Size([2112, 512, 7, 7])
2026-02-13 03:57:58,392 - INFO - Applying perturbation for layer: layer3.0.conv2, original output shape: torch.Size([32, 256, 14, 14]), perturbed activation shape: torch.Size([2112, 256, 14, 14])
2026-02-13 03:57:58,400 - INFO - Applying perturbation for layer: layer4.2.conv2, original output shape: torch.Size([32, 512, 7, 7]), perturbed activation shape: torch.Size([2112, 512, 7, 7])
2026-02-13 03:57:58,416 - INFO - Applying perturbation for layer: layer3.0.conv2, original output shape: torch.Size([32, 256, 14, 14]), perturbed activation shape: torch.Size([2112, 256, 14, 14])
2026-02-13 03:57:58,424 - INFO - Applying perturbation for layer: layer4.2.conv2, original output shape: torch.Size([32, 512, 7, 7]), perturbed activation shape: torch.Size([2112, 512, 7, 7])
2026-02-13 03:57:58,440 - INFO - Applying perturbation for layer: layer3.0.conv2, original output shape: torch.Size([32, 256, 14, 14]), perturbed activation shape: torch.Size([2112, 256, 14, 14])
2026-02-13 03:57:58,449 - INFO - Applying perturbation for layer: layer4.2.conv2, original output shape: torch.Size([32, 512, 7, 7]), perturbed activation shape: torch.Size([2112, 512, 7, 7])
2026-02-13 03:57:58,465 - INFO - Applying perturbation for layer: layer3.0.conv2, original output shape: torch.Size([32, 256, 14, 14]), perturbed activation shape: torch.Size([2112, 256, 14, 14])
2026-02-13 03:57:58,473 - INFO - Applying perturbation for layer: layer4.2.conv2, original output shape: torch.Size([32, 512, 7, 7]), perturbed activation shape: torch.Size([2112, 512, 7, 7])
2026-02-13 03:57:58,489 - INFO - Applying perturbation for layer: layer3.0.conv2, original output shape: torch.Size([32, 256, 14, 14]), perturbed activation shape: torch.Size([2112, 256, 14, 14])
2026-02-13 03:57:58,497 - INFO - Applying perturbation for layer: layer4.2.conv2, original output shape: torch.Size([32, 512, 7, 7]), perturbed activation shape: torch.Size([2112, 512, 7, 7])
2026-02-13 03:57:58,513 - INFO - Applying perturbation for layer: layer3.0.conv2, original output shape: torch.Size([32, 256, 14, 14]), perturbed activation shape: torch.Size([2112, 256, 14, 14])
2026-02-13 03:57:58,522 - INFO - Applying perturbation for layer: layer4.2.conv2, original output shape: torch.Size([32, 512, 7, 7]), perturbed activation shape: torch.Size([2112, 512, 7, 7])
2026-02-13 03:57:58,537 - INFO - Applying perturbation for layer: layer3.0.conv2, original output shape: torch.Size([32, 256, 14, 14]), perturbed activation shape: torch.Size([2112, 256, 14, 14])
2026-02-13 03:57:58,546 - INFO - Applying perturbation for layer: layer4.2.conv2, original output shape: torch.Size([32, 512, 7, 7]), perturbed activation shape: torch.Size([2112, 512, 7, 7])
2026-02-13 03:57:58,562 - INFO - Applying perturbation for layer: layer3.0.conv2, original output shape: torch.Size([32, 256, 14, 14]), perturbed activation shape: torch.Size([2112, 256, 14, 14])
2026-02-13 03:57:58,570 - INFO - Applying perturbation for layer: layer4.2.conv2, original output shape: torch.Size([32, 512, 7, 7]), perturbed activation shape: torch.Size([2112, 512, 7, 7])
2026-02-13 03:57:58,586 - INFO - Applying perturbation for layer: layer3.0.conv2, original output shape: torch.Size([32, 256, 14, 14]), perturbed activation shape: torch.Size([2112, 256, 14, 14])
2026-02-13 03:57:58,594 - INFO - Applying perturbation for layer: layer4.2.conv2, original output shape: torch.Size([32, 512, 7, 7]), perturbed activation shape: torch.Size([2112, 512, 7, 7])
2026-02-13 03:57:58,610 - INFO - Applying perturbation for layer: layer3.0.conv2, original output shape: torch.Size([32, 256, 14, 14]), perturbed activation shape: torch.Size([2112, 256, 14, 14])
2026-02-13 03:57:58,619 - INFO - Applying perturbation for layer: layer4.2.conv2, original output shape: torch.Size([32, 512, 7, 7]), perturbed activation shape: torch.Size([2112, 512, 7, 7])
2026-02-13 03:57:58,634 - INFO - Applying perturbation for layer: layer3.0.conv2, original output shape: torch.Size([32, 256, 14, 14]), perturbed activation shape: torch.Size([2112, 256, 14, 14])
2026-02-13 03:57:58,643 - INFO - Applying perturbation for layer: layer4.2.conv2, original output shape: torch.Size([32, 512, 7, 7]), perturbed activation shape: torch.Size([2112, 512, 7, 7])
2026-02-13 03:57:59,320 - INFO - ================================================================================
2026-02-13 03:57:59,320 - INFO - Target layer found: layer3.0.conv2
2026-02-13 03:57:59,322 - INFO - Captured activation for layer: layer3.0.conv2,                 activation shape: torch.Size([32, 256, 14, 14])
2026-02-13 03:57:59,323 - INFO - Captured activation for layer: layer3.0.conv2, activation shape: torch.Size([32, 256, 14, 14])
2026-02-13 03:57:59,324 - INFO - Captured activation for layer: layer3.0.conv2,                 activation shape: torch.Size([32, 256, 14, 14])
2026-02-13 03:57:59,326 - INFO - Captured activation for layer: layer3.0.conv2, activation shape: torch.Size([32, 256, 14, 14])
2026-02-13 03:57:59,327 - INFO - Captured activation for layer: layer3.0.conv2,                 activation shape: torch.Size([32, 256, 14, 14])
2026-02-13 03:57:59,328 - INFO - Captured activation for layer: layer3.0.conv2, activation shape: torch.Size([32, 256, 14, 14])
2026-02-13 03:57:59,329 - INFO - Captured activation for layer: layer3.0.conv2,                 activation shape: torch.Size([32, 256, 14, 14])
2026-02-13 03:57:59,330 - INFO - Captured activation for layer: layer3.0.conv2, activation shape: torch.Size([32, 256, 14, 14])
2026-02-13 03:57:59,331 - INFO - Captured activation for layer: layer3.0.conv2,                 activation shape: torch.Size([32, 256, 14, 14])
2026-02-13 03:57:59,334 - INFO - Captured activation for layer: layer3.0.conv2, activation shape: torch.Size([32, 256, 14, 14])
2026-02-13 03:57:59,341 - INFO - Captured activation for layer: layer3.0.conv2,                 activation shape: torch.Size([32, 256, 14, 14])
2026-02-13 03:57:59,357 - INFO - Captured activation for layer: layer3.0.conv2, activation shape: torch.Size([32, 256, 14, 14])
2026-02-13 03:57:59,363 - INFO - Captured activation for layer: layer3.0.conv2,                 activation shape: torch.Size([32, 256, 14, 14])
2026-02-13 03:57:59,381 - INFO - Captured activation for layer: layer3.0.conv2, activation shape: torch.Size([32, 256, 14, 14])
2026-02-13 03:57:59,386 - INFO - Captured activation for layer: layer3.0.conv2,                 activation shape: torch.Size([32, 256, 14, 14])
2026-02-13 03:57:59,404 - INFO - Captured activation for layer: layer3.0.conv2, activation shape: torch.Size([32, 256, 14, 14])
2026-02-13 03:57:59,409 - INFO - Captured activation for layer: layer3.0.conv2,                 activation shape: torch.Size([32, 256, 14, 14])
2026-02-13 03:57:59,428 - INFO - Captured activation for layer: layer3.0.conv2, activation shape: torch.Size([32, 256, 14, 14])
2026-02-13 03:57:59,433 - INFO - Captured activation for layer: layer3.0.conv2,                 activation shape: torch.Size([32, 256, 14, 14])
2026-02-13 03:57:59,451 - INFO - Captured activation for layer: layer3.0.conv2, activation shape: torch.Size([32, 256, 14, 14])
2026-02-13 03:57:59,456 - INFO - Captured activation for layer: layer3.0.conv2,                 activation shape: torch.Size([32, 256, 14, 14])
2026-02-13 03:57:59,475 - INFO - Captured activation for layer: layer3.0.conv2, activation shape: torch.Size([32, 256, 14, 14])
2026-02-13 03:57:59,480 - INFO - Captured activation for layer: layer3.0.conv2,                 activation shape: torch.Size([32, 256, 14, 14])
2026-02-13 03:57:59,499 - INFO - Captured activation for layer: layer3.0.conv2, activation shape: torch.Size([32, 256, 14, 14])
2026-02-13 03:57:59,504 - INFO - Captured activation for layer: layer3.0.conv2,                 activation shape: torch.Size([32, 256, 14, 14])
2026-02-13 03:57:59,520 - INFO - Captured activation for layer: layer3.0.conv2, activation shape: torch.Size([32, 256, 14, 14])
2026-02-13 03:57:59,523 - INFO - Captured activation for layer: layer3.0.conv2,                 activation shape: torch.Size([32, 256, 14, 14])
2026-02-13 03:57:59,532 - INFO - Captured activation for layer: layer3.0.conv2, activation shape: torch.Size([32, 256, 14, 14])
2026-02-13 03:57:59,535 - INFO - Captured activation for layer: layer3.0.conv2,                 activation shape: torch.Size([32, 256, 14, 14])
2026-02-13 03:57:59,544 - INFO - Captured activation for layer: layer3.0.conv2, activation shape: torch.Size([32, 256, 14, 14])
2026-02-13 03:57:59,547 - INFO - Captured activation for layer: layer3.0.conv2,                 activation shape: torch.Size([32, 256, 14, 14])
2026-02-13 03:57:59,556 - INFO - Captured activation for layer: layer3.0.conv2, activation shape: torch.Size([32, 256, 14, 14])
2026-02-13 03:57:59,559 - INFO - Captured activation for layer: layer3.0.conv2,                 activation shape: torch.Size([32, 256, 14, 14])
2026-02-13 03:57:59,568 - INFO - Captured activation for layer: layer3.0.conv2, activation shape: torch.Size([32, 256, 14, 14])
2026-02-13 03:57:59,572 - INFO - Captured activation for layer: layer3.0.conv2,                 activation shape: torch.Size([32, 256, 14, 14])
2026-02-13 03:57:59,580 - INFO - Captured activation for layer: layer3.0.conv2, activation shape: torch.Size([32, 256, 14, 14])
2026-02-13 03:57:59,584 - INFO - Captured activation for layer: layer3.0.conv2,                 activation shape: torch.Size([32, 256, 14, 14])
2026-02-13 03:57:59,592 - INFO - Captured activation for layer: layer3.0.conv2, activation shape: torch.Size([32, 256, 14, 14])
2026-02-13 03:57:59,596 - INFO - Captured activation for layer: layer3.0.conv2,                 activation shape: torch.Size([32, 256, 14, 14])
2026-02-13 03:57:59,605 - INFO - Captured activation for layer: layer3.0.conv2, activation shape: torch.Size([32, 256, 14, 14])
2026-02-13 03:57:59,608 - INFO - Captured activation for layer: layer3.0.conv2,                 activation shape: torch.Size([32, 256, 14, 14])
2026-02-13 03:57:59,617 - INFO - Captured activation for layer: layer3.0.conv2, activation shape: torch.Size([32, 256, 14, 14])
2026-02-13 03:57:59,620 - INFO - Captured activation for layer: layer3.0.conv2,                 activation shape: torch.Size([32, 256, 14, 14])
2026-02-13 03:57:59,630 - INFO - Captured activation for layer: layer3.0.conv2, activation shape: torch.Size([32, 256, 14, 14])
2026-02-13 03:57:59,633 - INFO - Captured activation for layer: layer3.0.conv2,                 activation shape: torch.Size([32, 256, 14, 14])
2026-02-13 03:57:59,642 - INFO - Captured activation for layer: layer3.0.conv2, activation shape: torch.Size([32, 256, 14, 14])
2026-02-13 03:57:59,646 - INFO - Captured activation for layer: layer3.0.conv2,                 activation shape: torch.Size([32, 256, 14, 14])
2026-02-13 03:57:59,655 - INFO - Captured activation for layer: layer3.0.conv2, activation shape: torch.Size([32, 256, 14, 14])
2026-02-13 03:57:59,658 - INFO - Captured activation for layer: layer3.0.conv2,                 activation shape: torch.Size([32, 256, 14, 14])
2026-02-13 03:57:59,667 - INFO - Captured activation for layer: layer3.0.conv2, activation shape: torch.Size([32, 256, 14, 14])
2026-02-13 03:57:59,670 - INFO - Captured activation for layer: layer3.0.conv2,                 activation shape: torch.Size([32, 256, 14, 14])
2026-02-13 03:57:59,679 - INFO - Captured activation for layer: layer3.0.conv2, activation shape: torch.Size([32, 256, 14, 14])
2026-02-13 03:57:59,682 - INFO - Captured activation for layer: layer3.0.conv2,                 activation shape: torch.Size([32, 256, 14, 14])
2026-02-13 03:57:59,691 - INFO - Captured activation for layer: layer3.0.conv2, activation shape: torch.Size([32, 256, 14, 14])
2026-02-13 03:57:59,694 - INFO - Captured activation for layer: layer3.0.conv2,                 activation shape: torch.Size([32, 256, 14, 14])
2026-02-13 03:57:59,703 - INFO - Captured activation for layer: layer3.0.conv2, activation shape: torch.Size([32, 256, 14, 14])
2026-02-13 03:57:59,706 - INFO - Captured activation for layer: layer3.0.conv2,                 activation shape: torch.Size([32, 256, 14, 14])
2026-02-13 03:57:59,715 - INFO - Captured activation for layer: layer3.0.conv2, activation shape: torch.Size([32, 256, 14, 14])
2026-02-13 03:57:59,718 - INFO - Captured activation for layer: layer3.0.conv2,                 activation shape: torch.Size([32, 256, 14, 14])
2026-02-13 03:57:59,727 - INFO - Captured activation for layer: layer3.0.conv2, activation shape: torch.Size([32, 256, 14, 14])
2026-02-13 03:57:59,730 - INFO - Captured activation for layer: layer3.0.conv2,                 activation shape: torch.Size([32, 256, 14, 14])
2026-02-13 03:57:59,739 - INFO - Captured activation for layer: layer3.0.conv2, activation shape: torch.Size([32, 256, 14, 14])
2026-02-13 03:57:59,742 - INFO - Captured activation for layer: layer3.0.conv2,                 activation shape: torch.Size([32, 256, 14, 14])
2026-02-13 03:57:59,751 - INFO - Captured activation for layer: layer3.0.conv2, activation shape: torch.Size([32, 256, 14, 14])
2026-02-13 03:57:59,754 - INFO - Captured activation for layer: layer3.0.conv2,                 activation shape: torch.Size([32, 256, 14, 14])
2026-02-13 03:57:59,763 - INFO - Captured activation for layer: layer3.0.conv2, activation shape: torch.Size([32, 256, 14, 14])
2026-02-13 03:57:59,766 - INFO - Captured activation for layer: layer3.0.conv2,                 activation shape: torch.Size([32, 256, 14, 14])
2026-02-13 03:57:59,775 - INFO - Captured activation for layer: layer3.0.conv2, activation shape: torch.Size([32, 256, 14, 14])
2026-02-13 03:57:59,778 - INFO - Captured activation for layer: layer3.0.conv2,                 activation shape: torch.Size([32, 256, 14, 14])
2026-02-13 03:57:59,787 - INFO - Captured activation for layer: layer3.0.conv2, activation shape: torch.Size([32, 256, 14, 14])
2026-02-13 03:57:59,790 - INFO - Captured activation for layer: layer3.0.conv2,                 activation shape: torch.Size([32, 256, 14, 14])
2026-02-13 03:57:59,799 - INFO - Captured activation for layer: layer3.0.conv2, activation shape: torch.Size([32, 256, 14, 14])
2026-02-13 03:57:59,802 - INFO - Captured activation for layer: layer3.0.conv2,                 activation shape: torch.Size([32, 256, 14, 14])
2026-02-13 03:57:59,811 - INFO - Captured activation for layer: layer3.0.conv2, activation shape: torch.Size([32, 256, 14, 14])
2026-02-13 03:57:59,814 - INFO - Captured activation for layer: layer3.0.conv2,                 activation shape: torch.Size([32, 256, 14, 14])
2026-02-13 03:57:59,823 - INFO - Captured activation for layer: layer3.0.conv2, activation shape: torch.Size([32, 256, 14, 14])
2026-02-13 03:57:59,826 - INFO - Captured activation for layer: layer3.0.conv2,                 activation shape: torch.Size([32, 256, 14, 14])
2026-02-13 03:57:59,835 - INFO - Captured activation for layer: layer3.0.conv2, activation shape: torch.Size([32, 256, 14, 14])
2026-02-13 03:57:59,838 - INFO - Captured activation for layer: layer3.0.conv2,                 activation shape: torch.Size([32, 256, 14, 14])
2026-02-13 03:57:59,847 - INFO - Captured activation for layer: layer3.0.conv2, activation shape: torch.Size([32, 256, 14, 14])
2026-02-13 03:57:59,850 - INFO - Captured activation for layer: layer3.0.conv2,                 activation shape: torch.Size([32, 256, 14, 14])
2026-02-13 03:57:59,859 - INFO - Captured activation for layer: layer3.0.conv2, activation shape: torch.Size([32, 256, 14, 14])
2026-02-13 03:57:59,862 - INFO - Captured activation for layer: layer3.0.conv2,                 activation shape: torch.Size([32, 256, 14, 14])
2026-02-13 03:57:59,871 - INFO - Captured activation for layer: layer3.0.conv2, activation shape: torch.Size([32, 256, 14, 14])
2026-02-13 03:57:59,874 - INFO - Captured activation for layer: layer3.0.conv2,                 activation shape: torch.Size([32, 256, 14, 14])
2026-02-13 03:57:59,883 - INFO - Captured activation for layer: layer3.0.conv2, activation shape: torch.Size([32, 256, 14, 14])
2026-02-13 03:57:59,886 - INFO - Captured activation for layer: layer3.0.conv2,                 activation shape: torch.Size([32, 256, 14, 14])
2026-02-13 03:57:59,895 - INFO - Captured activation for layer: layer3.0.conv2, activation shape: torch.Size([32, 256, 14, 14])
2026-02-13 03:57:59,898 - INFO - Captured activation for layer: layer3.0.conv2,                 activation shape: torch.Size([32, 256, 14, 14])
2026-02-13 03:57:59,907 - INFO - Captured activation for layer: layer3.0.conv2, activation shape: torch.Size([32, 256, 14, 14])
2026-02-13 03:57:59,910 - INFO - Captured activation for layer: layer3.0.conv2,                 activation shape: torch.Size([32, 256, 14, 14])
2026-02-13 03:57:59,919 - INFO - Captured activation for layer: layer3.0.conv2, activation shape: torch.Size([32, 256, 14, 14])
2026-02-13 03:57:59,922 - INFO - Captured activation for layer: layer3.0.conv2,                 activation shape: torch.Size([32, 256, 14, 14])
2026-02-13 03:57:59,931 - INFO - Captured activation for layer: layer3.0.conv2, activation shape: torch.Size([32, 256, 14, 14])
2026-02-13 03:57:59,934 - INFO - Captured activation for layer: layer3.0.conv2,                 activation shape: torch.Size([32, 256, 14, 14])
2026-02-13 03:57:59,943 - INFO - Captured activation for layer: layer3.0.conv2, activation shape: torch.Size([32, 256, 14, 14])
2026-02-13 03:57:59,946 - INFO - Captured activation for layer: layer3.0.conv2,                 activation shape: torch.Size([32, 256, 14, 14])
2026-02-13 03:57:59,955 - INFO - Captured activation for layer: layer3.0.conv2, activation shape: torch.Size([32, 256, 14, 14])
2026-02-13 03:57:59,958 - INFO - Captured activation for layer: layer3.0.conv2,                 activation shape: torch.Size([32, 256, 14, 14])
2026-02-13 03:57:59,971 - INFO - Captured activation for layer: layer3.0.conv2, activation shape: torch.Size([32, 256, 14, 14])
2026-02-13 03:57:59,976 - INFO - Captured activation for layer: layer3.0.conv2,                 activation shape: torch.Size([32, 256, 14, 14])
2026-02-13 03:57:59,995 - INFO - Captured activation for layer: layer3.0.conv2, activation shape: torch.Size([32, 256, 14, 14])
2026-02-13 03:58:00,000 - INFO - Captured activation for layer: layer3.0.conv2,                 activation shape: torch.Size([32, 256, 14, 14])
2026-02-13 03:58:00,019 - INFO - Captured activation for layer: layer3.0.conv2, activation shape: torch.Size([32, 256, 14, 14])
2026-02-13 03:58:00,024 - INFO - Captured activation for layer: layer3.0.conv2,                 activation shape: torch.Size([32, 256, 14, 14])
2026-02-13 03:58:00,043 - INFO - Captured activation for layer: layer3.0.conv2, activation shape: torch.Size([32, 256, 14, 14])
2026-02-13 03:58:00,048 - INFO - Captured activation for layer: layer3.0.conv2,                 activation shape: torch.Size([32, 256, 14, 14])
2026-02-13 03:58:00,067 - INFO - Captured activation for layer: layer3.0.conv2, activation shape: torch.Size([32, 256, 14, 14])
2026-02-13 03:58:00,072 - INFO - Captured activation for layer: layer3.0.conv2,                 activation shape: torch.Size([32, 256, 14, 14])
2026-02-13 03:58:00,090 - INFO - Captured activation for layer: layer3.0.conv2, activation shape: torch.Size([32, 256, 14, 14])
2026-02-13 03:58:00,095 - INFO - Captured activation for layer: layer3.0.conv2,                 activation shape: torch.Size([32, 256, 14, 14])
2026-02-13 03:58:00,114 - INFO - Captured activation for layer: layer3.0.conv2, activation shape: torch.Size([32, 256, 14, 14])
2026-02-13 03:58:00,119 - INFO - Captured activation for layer: layer3.0.conv2,                 activation shape: torch.Size([32, 256, 14, 14])
2026-02-13 03:58:00,138 - INFO - Captured activation for layer: layer3.0.conv2, activation shape: torch.Size([32, 256, 14, 14])
2026-02-13 03:58:00,143 - INFO - Captured activation for layer: layer3.0.conv2,                 activation shape: torch.Size([32, 256, 14, 14])
2026-02-13 03:58:00,158 - INFO - Captured activation for layer: layer3.0.conv2, activation shape: torch.Size([32, 256, 14, 14])
2026-02-13 03:58:00,161 - INFO - Captured activation for layer: layer3.0.conv2,                 activation shape: torch.Size([32, 256, 14, 14])
2026-02-13 03:58:00,171 - INFO - Captured activation for layer: layer3.0.conv2, activation shape: torch.Size([32, 256, 14, 14])
2026-02-13 03:58:00,175 - INFO - Captured activation for layer: layer3.0.conv2,                 activation shape: torch.Size([32, 256, 14, 14])
2026-02-13 03:58:00,183 - INFO - Captured activation for layer: layer3.0.conv2, activation shape: torch.Size([32, 256, 14, 14])
2026-02-13 03:58:00,187 - INFO - Captured activation for layer: layer3.0.conv2,                 activation shape: torch.Size([32, 256, 14, 14])
2026-02-13 03:58:00,195 - INFO - Captured activation for layer: layer3.0.conv2, activation shape: torch.Size([32, 256, 14, 14])
2026-02-13 03:58:00,199 - INFO - Captured activation for layer: layer3.0.conv2,                 activation shape: torch.Size([32, 256, 14, 14])
2026-02-13 03:58:00,208 - INFO - Captured activation for layer: layer3.0.conv2, activation shape: torch.Size([32, 256, 14, 14])
2026-02-13 03:58:00,211 - INFO - Captured activation for layer: layer3.0.conv2,                 activation shape: torch.Size([32, 256, 14, 14])
2026-02-13 03:58:00,220 - INFO - Captured activation for layer: layer3.0.conv2, activation shape: torch.Size([32, 256, 14, 14])
2026-02-13 03:58:00,223 - INFO - Captured activation for layer: layer3.0.conv2,                 activation shape: torch.Size([32, 256, 14, 14])
2026-02-13 03:58:00,232 - INFO - Captured activation for layer: layer3.0.conv2, activation shape: torch.Size([32, 256, 14, 14])
2026-02-13 03:58:00,235 - INFO - Captured activation for layer: layer3.0.conv2,                 activation shape: torch.Size([32, 256, 14, 14])
2026-02-13 03:58:00,244 - INFO - Captured activation for layer: layer3.0.conv2, activation shape: torch.Size([32, 256, 14, 14])
2026-02-13 03:58:00,247 - INFO - Captured activation for layer: layer3.0.conv2,                 activation shape: torch.Size([32, 256, 14, 14])
2026-02-13 03:58:00,256 - INFO - Captured activation for layer: layer3.0.conv2, activation shape: torch.Size([32, 256, 14, 14])
2026-02-13 03:58:00,256 - INFO - Stacked activations shape for layer layer3.0.conv2: torch.Size([2112, 256, 14, 14])
2026-02-13 03:58:00,256 - INFO - Using mean replacement for perturbation.
2026-02-13 03:58:00,311 - INFO - Perturbed activation  values: tensor([-0.0198, -0.0007, -0.0084,  ..., -0.0254, -0.0270, -0.0086],
       device='cuda:0')
2026-02-13 03:58:00,312 - INFO - Standard deviation of activations for layer layer3.0.conv2: 0.1422
2026-02-13 03:58:00,312 - INFO - Checking normality of activations for layer layer3.0.conv2 using Shapiro-Wilk test.
2026-02-13 03:58:03,487 - INFO - Shapiro-Wilk test: statistic=0.9860, p-value=7.1879e-22
2026-02-13 03:58:03,487 - INFO - Normally distributed: False
2026-02-13 03:58:03,487 - INFO - Perturbed activation shape: torch.Size([1, 256, 14, 14]), Std activation shape: torch.Size([1, 256, 14, 14])
2026-02-13 03:58:03,490 - INFO - Std activation sample values: tensor([0.0831, 0.1031, 0.1008, 0.1003, 0.1026], device='cuda:0')
2026-02-13 03:58:03,495 - INFO - Applying perturbation for layer: layer3.0.conv2, original output shape: torch.Size([32, 256, 14, 14]), perturbed activation shape: torch.Size([1, 256, 14, 14])
2026-02-13 03:58:03,499 - INFO - Applying perturbation for layer: layer3.0.conv2, original output shape: torch.Size([32, 256, 14, 14]), perturbed activation shape: torch.Size([1, 256, 14, 14])
2026-02-13 03:58:03,516 - INFO - Applying perturbation for layer: layer3.0.conv2, original output shape: torch.Size([32, 256, 14, 14]), perturbed activation shape: torch.Size([1, 256, 14, 14])
2026-02-13 03:58:03,569 - INFO - Applying perturbation for layer: layer3.0.conv2, original output shape: torch.Size([32, 256, 14, 14]), perturbed activation shape: torch.Size([1, 256, 14, 14])
2026-02-13 03:58:03,623 - INFO - Applying perturbation for layer: layer3.0.conv2, original output shape: torch.Size([32, 256, 14, 14]), perturbed activation shape: torch.Size([1, 256, 14, 14])
2026-02-13 03:58:03,652 - INFO - Applying perturbation for layer: layer3.0.conv2, original output shape: torch.Size([32, 256, 14, 14]), perturbed activation shape: torch.Size([1, 256, 14, 14])
2026-02-13 03:58:03,676 - INFO - Applying perturbation for layer: layer3.0.conv2, original output shape: torch.Size([32, 256, 14, 14]), perturbed activation shape: torch.Size([1, 256, 14, 14])
2026-02-13 03:58:03,700 - INFO - Applying perturbation for layer: layer3.0.conv2, original output shape: torch.Size([32, 256, 14, 14]), perturbed activation shape: torch.Size([1, 256, 14, 14])
2026-02-13 03:58:03,724 - INFO - Applying perturbation for layer: layer3.0.conv2, original output shape: torch.Size([32, 256, 14, 14]), perturbed activation shape: torch.Size([1, 256, 14, 14])
2026-02-13 03:58:03,749 - INFO - Applying perturbation for layer: layer3.0.conv2, original output shape: torch.Size([32, 256, 14, 14]), perturbed activation shape: torch.Size([1, 256, 14, 14])
2026-02-13 03:58:03,773 - INFO - Applying perturbation for layer: layer3.0.conv2, original output shape: torch.Size([32, 256, 14, 14]), perturbed activation shape: torch.Size([1, 256, 14, 14])
2026-02-13 03:58:03,797 - INFO - Applying perturbation for layer: layer3.0.conv2, original output shape: torch.Size([32, 256, 14, 14]), perturbed activation shape: torch.Size([1, 256, 14, 14])
2026-02-13 03:58:03,821 - INFO - Applying perturbation for layer: layer3.0.conv2, original output shape: torch.Size([32, 256, 14, 14]), perturbed activation shape: torch.Size([1, 256, 14, 14])
2026-02-13 03:58:03,845 - INFO - Applying perturbation for layer: layer3.0.conv2, original output shape: torch.Size([32, 256, 14, 14]), perturbed activation shape: torch.Size([1, 256, 14, 14])
2026-02-13 03:58:03,869 - INFO - Applying perturbation for layer: layer3.0.conv2, original output shape: torch.Size([32, 256, 14, 14]), perturbed activation shape: torch.Size([1, 256, 14, 14])
2026-02-13 03:58:03,894 - INFO - Applying perturbation for layer: layer3.0.conv2, original output shape: torch.Size([32, 256, 14, 14]), perturbed activation shape: torch.Size([1, 256, 14, 14])
2026-02-13 03:58:03,918 - INFO - Applying perturbation for layer: layer3.0.conv2, original output shape: torch.Size([32, 256, 14, 14]), perturbed activation shape: torch.Size([1, 256, 14, 14])
2026-02-13 03:58:03,942 - INFO - Applying perturbation for layer: layer3.0.conv2, original output shape: torch.Size([32, 256, 14, 14]), perturbed activation shape: torch.Size([1, 256, 14, 14])
2026-02-13 03:58:03,966 - INFO - Applying perturbation for layer: layer3.0.conv2, original output shape: torch.Size([32, 256, 14, 14]), perturbed activation shape: torch.Size([1, 256, 14, 14])
2026-02-13 03:58:03,990 - INFO - Applying perturbation for layer: layer3.0.conv2, original output shape: torch.Size([32, 256, 14, 14]), perturbed activation shape: torch.Size([1, 256, 14, 14])
2026-02-13 03:58:04,014 - INFO - Applying perturbation for layer: layer3.0.conv2, original output shape: torch.Size([32, 256, 14, 14]), perturbed activation shape: torch.Size([1, 256, 14, 14])
2026-02-13 03:58:04,038 - INFO - Applying perturbation for layer: layer3.0.conv2, original output shape: torch.Size([32, 256, 14, 14]), perturbed activation shape: torch.Size([1, 256, 14, 14])
2026-02-13 03:58:04,062 - INFO - Applying perturbation for layer: layer3.0.conv2, original output shape: torch.Size([32, 256, 14, 14]), perturbed activation shape: torch.Size([1, 256, 14, 14])
2026-02-13 03:58:04,087 - INFO - Applying perturbation for layer: layer3.0.conv2, original output shape: torch.Size([32, 256, 14, 14]), perturbed activation shape: torch.Size([1, 256, 14, 14])
2026-02-13 03:58:04,111 - INFO - Applying perturbation for layer: layer3.0.conv2, original output shape: torch.Size([32, 256, 14, 14]), perturbed activation shape: torch.Size([1, 256, 14, 14])
2026-02-13 03:58:04,135 - INFO - Applying perturbation for layer: layer3.0.conv2, original output shape: torch.Size([32, 256, 14, 14]), perturbed activation shape: torch.Size([1, 256, 14, 14])
2026-02-13 03:58:04,159 - INFO - Applying perturbation for layer: layer3.0.conv2, original output shape: torch.Size([32, 256, 14, 14]), perturbed activation shape: torch.Size([1, 256, 14, 14])
2026-02-13 03:58:04,183 - INFO - Applying perturbation for layer: layer3.0.conv2, original output shape: torch.Size([32, 256, 14, 14]), perturbed activation shape: torch.Size([1, 256, 14, 14])
2026-02-13 03:58:04,207 - INFO - Applying perturbation for layer: layer3.0.conv2, original output shape: torch.Size([32, 256, 14, 14]), perturbed activation shape: torch.Size([1, 256, 14, 14])
2026-02-13 03:58:04,231 - INFO - Applying perturbation for layer: layer3.0.conv2, original output shape: torch.Size([32, 256, 14, 14]), perturbed activation shape: torch.Size([1, 256, 14, 14])
2026-02-13 03:58:04,255 - INFO - Applying perturbation for layer: layer3.0.conv2, original output shape: torch.Size([32, 256, 14, 14]), perturbed activation shape: torch.Size([1, 256, 14, 14])
2026-02-13 03:58:04,280 - INFO - Applying perturbation for layer: layer3.0.conv2, original output shape: torch.Size([32, 256, 14, 14]), perturbed activation shape: torch.Size([1, 256, 14, 14])
2026-02-13 03:58:04,304 - INFO - Applying perturbation for layer: layer3.0.conv2, original output shape: torch.Size([32, 256, 14, 14]), perturbed activation shape: torch.Size([1, 256, 14, 14])
2026-02-13 03:58:04,328 - INFO - Applying perturbation for layer: layer3.0.conv2, original output shape: torch.Size([32, 256, 14, 14]), perturbed activation shape: torch.Size([1, 256, 14, 14])
2026-02-13 03:58:04,352 - INFO - Applying perturbation for layer: layer3.0.conv2, original output shape: torch.Size([32, 256, 14, 14]), perturbed activation shape: torch.Size([1, 256, 14, 14])
2026-02-13 03:58:04,376 - INFO - Applying perturbation for layer: layer3.0.conv2, original output shape: torch.Size([32, 256, 14, 14]), perturbed activation shape: torch.Size([1, 256, 14, 14])
2026-02-13 03:58:04,400 - INFO - Applying perturbation for layer: layer3.0.conv2, original output shape: torch.Size([32, 256, 14, 14]), perturbed activation shape: torch.Size([1, 256, 14, 14])
2026-02-13 03:58:04,424 - INFO - Applying perturbation for layer: layer3.0.conv2, original output shape: torch.Size([32, 256, 14, 14]), perturbed activation shape: torch.Size([1, 256, 14, 14])
2026-02-13 03:58:04,448 - INFO - Applying perturbation for layer: layer3.0.conv2, original output shape: torch.Size([32, 256, 14, 14]), perturbed activation shape: torch.Size([1, 256, 14, 14])
2026-02-13 03:58:04,482 - INFO - Applying perturbation for layer: layer3.0.conv2, original output shape: torch.Size([32, 256, 14, 14]), perturbed activation shape: torch.Size([1, 256, 14, 14])
2026-02-13 03:58:04,536 - INFO - Applying perturbation for layer: layer3.0.conv2, original output shape: torch.Size([32, 256, 14, 14]), perturbed activation shape: torch.Size([1, 256, 14, 14])
2026-02-13 03:58:04,589 - INFO - Applying perturbation for layer: layer3.0.conv2, original output shape: torch.Size([32, 256, 14, 14]), perturbed activation shape: torch.Size([1, 256, 14, 14])
2026-02-13 03:58:04,642 - INFO - Applying perturbation for layer: layer3.0.conv2, original output shape: torch.Size([32, 256, 14, 14]), perturbed activation shape: torch.Size([1, 256, 14, 14])
2026-02-13 03:58:04,696 - INFO - Applying perturbation for layer: layer3.0.conv2, original output shape: torch.Size([32, 256, 14, 14]), perturbed activation shape: torch.Size([1, 256, 14, 14])
2026-02-13 03:58:04,750 - INFO - Applying perturbation for layer: layer3.0.conv2, original output shape: torch.Size([32, 256, 14, 14]), perturbed activation shape: torch.Size([1, 256, 14, 14])
2026-02-13 03:58:04,803 - INFO - Applying perturbation for layer: layer3.0.conv2, original output shape: torch.Size([32, 256, 14, 14]), perturbed activation shape: torch.Size([1, 256, 14, 14])
2026-02-13 03:58:04,856 - INFO - Applying perturbation for layer: layer3.0.conv2, original output shape: torch.Size([32, 256, 14, 14]), perturbed activation shape: torch.Size([1, 256, 14, 14])
2026-02-13 03:58:04,910 - INFO - Applying perturbation for layer: layer3.0.conv2, original output shape: torch.Size([32, 256, 14, 14]), perturbed activation shape: torch.Size([1, 256, 14, 14])
2026-02-13 03:58:04,937 - INFO - Applying perturbation for layer: layer3.0.conv2, original output shape: torch.Size([32, 256, 14, 14]), perturbed activation shape: torch.Size([1, 256, 14, 14])
2026-02-13 03:58:04,962 - INFO - Applying perturbation for layer: layer3.0.conv2, original output shape: torch.Size([32, 256, 14, 14]), perturbed activation shape: torch.Size([1, 256, 14, 14])
2026-02-13 03:58:04,986 - INFO - Applying perturbation for layer: layer3.0.conv2, original output shape: torch.Size([32, 256, 14, 14]), perturbed activation shape: torch.Size([1, 256, 14, 14])
2026-02-13 03:58:05,010 - INFO - Applying perturbation for layer: layer3.0.conv2, original output shape: torch.Size([32, 256, 14, 14]), perturbed activation shape: torch.Size([1, 256, 14, 14])
2026-02-13 03:58:05,034 - INFO - Applying perturbation for layer: layer3.0.conv2, original output shape: torch.Size([32, 256, 14, 14]), perturbed activation shape: torch.Size([1, 256, 14, 14])
2026-02-13 03:58:05,058 - INFO - Applying perturbation for layer: layer3.0.conv2, original output shape: torch.Size([32, 256, 14, 14]), perturbed activation shape: torch.Size([1, 256, 14, 14])
2026-02-13 03:58:05,082 - INFO - Applying perturbation for layer: layer3.0.conv2, original output shape: torch.Size([32, 256, 14, 14]), perturbed activation shape: torch.Size([1, 256, 14, 14])
2026-02-13 03:58:05,106 - INFO - Applying perturbation for layer: layer3.0.conv2, original output shape: torch.Size([32, 256, 14, 14]), perturbed activation shape: torch.Size([1, 256, 14, 14])
2026-02-13 03:58:05,130 - INFO - Applying perturbation for layer: layer3.0.conv2, original output shape: torch.Size([32, 256, 14, 14]), perturbed activation shape: torch.Size([1, 256, 14, 14])
2026-02-13 03:58:05,154 - INFO - Applying perturbation for layer: layer3.0.conv2, original output shape: torch.Size([32, 256, 14, 14]), perturbed activation shape: torch.Size([1, 256, 14, 14])
2026-02-13 03:58:05,179 - INFO - Applying perturbation for layer: layer3.0.conv2, original output shape: torch.Size([32, 256, 14, 14]), perturbed activation shape: torch.Size([1, 256, 14, 14])
2026-02-13 03:58:05,203 - INFO - Applying perturbation for layer: layer3.0.conv2, original output shape: torch.Size([32, 256, 14, 14]), perturbed activation shape: torch.Size([1, 256, 14, 14])
2026-02-13 03:58:05,227 - INFO - Applying perturbation for layer: layer3.0.conv2, original output shape: torch.Size([32, 256, 14, 14]), perturbed activation shape: torch.Size([1, 256, 14, 14])
2026-02-13 03:58:05,251 - INFO - Applying perturbation for layer: layer3.0.conv2, original output shape: torch.Size([32, 256, 14, 14]), perturbed activation shape: torch.Size([1, 256, 14, 14])
2026-02-13 03:58:05,275 - INFO - Applying perturbation for layer: layer3.0.conv2, original output shape: torch.Size([32, 256, 14, 14]), perturbed activation shape: torch.Size([1, 256, 14, 14])
2026-02-13 03:58:05,299 - INFO - Applying perturbation for layer: layer3.0.conv2, original output shape: torch.Size([32, 256, 14, 14]), perturbed activation shape: torch.Size([1, 256, 14, 14])
2026-02-13 03:58:05,324 - INFO - Applying perturbation for layer: layer3.0.conv2, original output shape: torch.Size([32, 256, 14, 14]), perturbed activation shape: torch.Size([1, 256, 14, 14])
2026-02-13 03:58:05,364 - INFO - Applying perturbation for layer: layer3.0.conv2, original output shape: torch.Size([32, 256, 14, 14]), perturbed activation shape: torch.Size([1, 256, 14, 14])
2026-02-13 03:58:05,677 - INFO - ================================================================================
2026-02-13 03:58:05,677 - INFO - Target layer found: layer4.2.conv2
2026-02-13 03:58:05,680 - INFO - Captured activation for layer: layer4.2.conv2,                 activation shape: torch.Size([32, 512, 7, 7])
2026-02-13 03:58:05,680 - INFO - Captured activation for layer: layer4.2.conv2, activation shape: torch.Size([32, 512, 7, 7])
2026-02-13 03:58:05,682 - INFO - Captured activation for layer: layer4.2.conv2,                 activation shape: torch.Size([32, 512, 7, 7])
2026-02-13 03:58:05,683 - INFO - Captured activation for layer: layer4.2.conv2, activation shape: torch.Size([32, 512, 7, 7])
2026-02-13 03:58:05,684 - INFO - Captured activation for layer: layer4.2.conv2,                 activation shape: torch.Size([32, 512, 7, 7])
2026-02-13 03:58:05,685 - INFO - Captured activation for layer: layer4.2.conv2, activation shape: torch.Size([32, 512, 7, 7])
2026-02-13 03:58:05,686 - INFO - Captured activation for layer: layer4.2.conv2,                 activation shape: torch.Size([32, 512, 7, 7])
2026-02-13 03:58:05,687 - INFO - Captured activation for layer: layer4.2.conv2, activation shape: torch.Size([32, 512, 7, 7])
2026-02-13 03:58:05,693 - INFO - Captured activation for layer: layer4.2.conv2,                 activation shape: torch.Size([32, 512, 7, 7])
2026-02-13 03:58:05,694 - INFO - Captured activation for layer: layer4.2.conv2, activation shape: torch.Size([32, 512, 7, 7])
2026-02-13 03:58:05,720 - INFO - Captured activation for layer: layer4.2.conv2,                 activation shape: torch.Size([32, 512, 7, 7])
2026-02-13 03:58:05,721 - INFO - Captured activation for layer: layer4.2.conv2, activation shape: torch.Size([32, 512, 7, 7])
2026-02-13 03:58:05,746 - INFO - Captured activation for layer: layer4.2.conv2,                 activation shape: torch.Size([32, 512, 7, 7])
2026-02-13 03:58:05,747 - INFO - Captured activation for layer: layer4.2.conv2, activation shape: torch.Size([32, 512, 7, 7])
2026-02-13 03:58:05,773 - INFO - Captured activation for layer: layer4.2.conv2,                 activation shape: torch.Size([32, 512, 7, 7])
2026-02-13 03:58:05,774 - INFO - Captured activation for layer: layer4.2.conv2, activation shape: torch.Size([32, 512, 7, 7])
2026-02-13 03:58:05,800 - INFO - Captured activation for layer: layer4.2.conv2,                 activation shape: torch.Size([32, 512, 7, 7])
2026-02-13 03:58:05,801 - INFO - Captured activation for layer: layer4.2.conv2, activation shape: torch.Size([32, 512, 7, 7])
2026-02-13 03:58:05,826 - INFO - Captured activation for layer: layer4.2.conv2,                 activation shape: torch.Size([32, 512, 7, 7])
2026-02-13 03:58:05,827 - INFO - Captured activation for layer: layer4.2.conv2, activation shape: torch.Size([32, 512, 7, 7])
2026-02-13 03:58:05,851 - INFO - Captured activation for layer: layer4.2.conv2,                 activation shape: torch.Size([32, 512, 7, 7])
2026-02-13 03:58:05,854 - INFO - Captured activation for layer: layer4.2.conv2, activation shape: torch.Size([32, 512, 7, 7])
2026-02-13 03:58:05,877 - INFO - Captured activation for layer: layer4.2.conv2,                 activation shape: torch.Size([32, 512, 7, 7])
2026-02-13 03:58:05,880 - INFO - Captured activation for layer: layer4.2.conv2, activation shape: torch.Size([32, 512, 7, 7])
2026-02-13 03:58:05,904 - INFO - Captured activation for layer: layer4.2.conv2,                 activation shape: torch.Size([32, 512, 7, 7])
2026-02-13 03:58:05,907 - INFO - Captured activation for layer: layer4.2.conv2, activation shape: torch.Size([32, 512, 7, 7])
2026-02-13 03:58:05,931 - INFO - Captured activation for layer: layer4.2.conv2,                 activation shape: torch.Size([32, 512, 7, 7])
2026-02-13 03:58:05,934 - INFO - Captured activation for layer: layer4.2.conv2, activation shape: torch.Size([32, 512, 7, 7])
2026-02-13 03:58:05,957 - INFO - Captured activation for layer: layer4.2.conv2,                 activation shape: torch.Size([32, 512, 7, 7])
2026-02-13 03:58:05,960 - INFO - Captured activation for layer: layer4.2.conv2, activation shape: torch.Size([32, 512, 7, 7])
2026-02-13 03:58:05,984 - INFO - Captured activation for layer: layer4.2.conv2,                 activation shape: torch.Size([32, 512, 7, 7])
2026-02-13 03:58:05,987 - INFO - Captured activation for layer: layer4.2.conv2, activation shape: torch.Size([32, 512, 7, 7])
2026-02-13 03:58:06,011 - INFO - Captured activation for layer: layer4.2.conv2,                 activation shape: torch.Size([32, 512, 7, 7])
2026-02-13 03:58:06,014 - INFO - Captured activation for layer: layer4.2.conv2, activation shape: torch.Size([32, 512, 7, 7])
2026-02-13 03:58:06,037 - INFO - Captured activation for layer: layer4.2.conv2,                 activation shape: torch.Size([32, 512, 7, 7])
2026-02-13 03:58:06,041 - INFO - Captured activation for layer: layer4.2.conv2, activation shape: torch.Size([32, 512, 7, 7])
2026-02-13 03:58:06,064 - INFO - Captured activation for layer: layer4.2.conv2,                 activation shape: torch.Size([32, 512, 7, 7])
2026-02-13 03:58:06,067 - INFO - Captured activation for layer: layer4.2.conv2, activation shape: torch.Size([32, 512, 7, 7])
2026-02-13 03:58:06,091 - INFO - Captured activation for layer: layer4.2.conv2,                 activation shape: torch.Size([32, 512, 7, 7])
2026-02-13 03:58:06,094 - INFO - Captured activation for layer: layer4.2.conv2, activation shape: torch.Size([32, 512, 7, 7])
2026-02-13 03:58:06,111 - INFO - Captured activation for layer: layer4.2.conv2,                 activation shape: torch.Size([32, 512, 7, 7])
2026-02-13 03:58:06,111 - INFO - Captured activation for layer: layer4.2.conv2, activation shape: torch.Size([32, 512, 7, 7])
2026-02-13 03:58:06,123 - INFO - Captured activation for layer: layer4.2.conv2,                 activation shape: torch.Size([32, 512, 7, 7])
2026-02-13 03:58:06,124 - INFO - Captured activation for layer: layer4.2.conv2, activation shape: torch.Size([32, 512, 7, 7])
2026-02-13 03:58:06,135 - INFO - Captured activation for layer: layer4.2.conv2,                 activation shape: torch.Size([32, 512, 7, 7])
2026-02-13 03:58:06,136 - INFO - Captured activation for layer: layer4.2.conv2, activation shape: torch.Size([32, 512, 7, 7])
2026-02-13 03:58:06,147 - INFO - Captured activation for layer: layer4.2.conv2,                 activation shape: torch.Size([32, 512, 7, 7])
2026-02-13 03:58:06,148 - INFO - Captured activation for layer: layer4.2.conv2, activation shape: torch.Size([32, 512, 7, 7])
2026-02-13 03:58:06,159 - INFO - Captured activation for layer: layer4.2.conv2,                 activation shape: torch.Size([32, 512, 7, 7])
2026-02-13 03:58:06,160 - INFO - Captured activation for layer: layer4.2.conv2, activation shape: torch.Size([32, 512, 7, 7])
2026-02-13 03:58:06,171 - INFO - Captured activation for layer: layer4.2.conv2,                 activation shape: torch.Size([32, 512, 7, 7])
2026-02-13 03:58:06,172 - INFO - Captured activation for layer: layer4.2.conv2, activation shape: torch.Size([32, 512, 7, 7])
2026-02-13 03:58:06,183 - INFO - Captured activation for layer: layer4.2.conv2,                 activation shape: torch.Size([32, 512, 7, 7])
2026-02-13 03:58:06,184 - INFO - Captured activation for layer: layer4.2.conv2, activation shape: torch.Size([32, 512, 7, 7])
2026-02-13 03:58:06,195 - INFO - Captured activation for layer: layer4.2.conv2,                 activation shape: torch.Size([32, 512, 7, 7])
2026-02-13 03:58:06,196 - INFO - Captured activation for layer: layer4.2.conv2, activation shape: torch.Size([32, 512, 7, 7])
2026-02-13 03:58:06,207 - INFO - Captured activation for layer: layer4.2.conv2,                 activation shape: torch.Size([32, 512, 7, 7])
2026-02-13 03:58:06,208 - INFO - Captured activation for layer: layer4.2.conv2, activation shape: torch.Size([32, 512, 7, 7])
2026-02-13 03:58:06,219 - INFO - Captured activation for layer: layer4.2.conv2,                 activation shape: torch.Size([32, 512, 7, 7])
2026-02-13 03:58:06,220 - INFO - Captured activation for layer: layer4.2.conv2, activation shape: torch.Size([32, 512, 7, 7])
2026-02-13 03:58:06,231 - INFO - Captured activation for layer: layer4.2.conv2,                 activation shape: torch.Size([32, 512, 7, 7])
2026-02-13 03:58:06,232 - INFO - Captured activation for layer: layer4.2.conv2, activation shape: torch.Size([32, 512, 7, 7])
2026-02-13 03:58:06,243 - INFO - Captured activation for layer: layer4.2.conv2,                 activation shape: torch.Size([32, 512, 7, 7])
2026-02-13 03:58:06,244 - INFO - Captured activation for layer: layer4.2.conv2, activation shape: torch.Size([32, 512, 7, 7])
2026-02-13 03:58:06,255 - INFO - Captured activation for layer: layer4.2.conv2,                 activation shape: torch.Size([32, 512, 7, 7])
2026-02-13 03:58:06,256 - INFO - Captured activation for layer: layer4.2.conv2, activation shape: torch.Size([32, 512, 7, 7])
2026-02-13 03:58:06,267 - INFO - Captured activation for layer: layer4.2.conv2,                 activation shape: torch.Size([32, 512, 7, 7])
2026-02-13 03:58:06,268 - INFO - Captured activation for layer: layer4.2.conv2, activation shape: torch.Size([32, 512, 7, 7])
2026-02-13 03:58:06,279 - INFO - Captured activation for layer: layer4.2.conv2,                 activation shape: torch.Size([32, 512, 7, 7])
2026-02-13 03:58:06,280 - INFO - Captured activation for layer: layer4.2.conv2, activation shape: torch.Size([32, 512, 7, 7])
2026-02-13 03:58:06,291 - INFO - Captured activation for layer: layer4.2.conv2,                 activation shape: torch.Size([32, 512, 7, 7])
2026-02-13 03:58:06,292 - INFO - Captured activation for layer: layer4.2.conv2, activation shape: torch.Size([32, 512, 7, 7])
2026-02-13 03:58:06,303 - INFO - Captured activation for layer: layer4.2.conv2,                 activation shape: torch.Size([32, 512, 7, 7])
2026-02-13 03:58:06,304 - INFO - Captured activation for layer: layer4.2.conv2, activation shape: torch.Size([32, 512, 7, 7])
2026-02-13 03:58:06,315 - INFO - Captured activation for layer: layer4.2.conv2,                 activation shape: torch.Size([32, 512, 7, 7])
2026-02-13 03:58:06,316 - INFO - Captured activation for layer: layer4.2.conv2, activation shape: torch.Size([32, 512, 7, 7])
2026-02-13 03:58:06,327 - INFO - Captured activation for layer: layer4.2.conv2,                 activation shape: torch.Size([32, 512, 7, 7])
2026-02-13 03:58:06,328 - INFO - Captured activation for layer: layer4.2.conv2, activation shape: torch.Size([32, 512, 7, 7])
2026-02-13 03:58:06,339 - INFO - Captured activation for layer: layer4.2.conv2,                 activation shape: torch.Size([32, 512, 7, 7])
2026-02-13 03:58:06,340 - INFO - Captured activation for layer: layer4.2.conv2, activation shape: torch.Size([32, 512, 7, 7])
2026-02-13 03:58:06,351 - INFO - Captured activation for layer: layer4.2.conv2,                 activation shape: torch.Size([32, 512, 7, 7])
2026-02-13 03:58:06,352 - INFO - Captured activation for layer: layer4.2.conv2, activation shape: torch.Size([32, 512, 7, 7])
2026-02-13 03:58:06,364 - INFO - Captured activation for layer: layer4.2.conv2,                 activation shape: torch.Size([32, 512, 7, 7])
2026-02-13 03:58:06,364 - INFO - Captured activation for layer: layer4.2.conv2, activation shape: torch.Size([32, 512, 7, 7])
2026-02-13 03:58:06,376 - INFO - Captured activation for layer: layer4.2.conv2,                 activation shape: torch.Size([32, 512, 7, 7])
2026-02-13 03:58:06,376 - INFO - Captured activation for layer: layer4.2.conv2, activation shape: torch.Size([32, 512, 7, 7])
2026-02-13 03:58:06,388 - INFO - Captured activation for layer: layer4.2.conv2,                 activation shape: torch.Size([32, 512, 7, 7])
2026-02-13 03:58:06,388 - INFO - Captured activation for layer: layer4.2.conv2, activation shape: torch.Size([32, 512, 7, 7])
2026-02-13 03:58:06,400 - INFO - Captured activation for layer: layer4.2.conv2,                 activation shape: torch.Size([32, 512, 7, 7])
2026-02-13 03:58:06,400 - INFO - Captured activation for layer: layer4.2.conv2, activation shape: torch.Size([32, 512, 7, 7])
2026-02-13 03:58:06,412 - INFO - Captured activation for layer: layer4.2.conv2,                 activation shape: torch.Size([32, 512, 7, 7])
2026-02-13 03:58:06,412 - INFO - Captured activation for layer: layer4.2.conv2, activation shape: torch.Size([32, 512, 7, 7])
2026-02-13 03:58:06,424 - INFO - Captured activation for layer: layer4.2.conv2,                 activation shape: torch.Size([32, 512, 7, 7])
2026-02-13 03:58:06,425 - INFO - Captured activation for layer: layer4.2.conv2, activation shape: torch.Size([32, 512, 7, 7])
2026-02-13 03:58:06,436 - INFO - Captured activation for layer: layer4.2.conv2,                 activation shape: torch.Size([32, 512, 7, 7])
2026-02-13 03:58:06,437 - INFO - Captured activation for layer: layer4.2.conv2, activation shape: torch.Size([32, 512, 7, 7])
2026-02-13 03:58:06,448 - INFO - Captured activation for layer: layer4.2.conv2,                 activation shape: torch.Size([32, 512, 7, 7])
2026-02-13 03:58:06,449 - INFO - Captured activation for layer: layer4.2.conv2, activation shape: torch.Size([32, 512, 7, 7])
2026-02-13 03:58:06,460 - INFO - Captured activation for layer: layer4.2.conv2,                 activation shape: torch.Size([32, 512, 7, 7])
2026-02-13 03:58:06,461 - INFO - Captured activation for layer: layer4.2.conv2, activation shape: torch.Size([32, 512, 7, 7])
2026-02-13 03:58:06,472 - INFO - Captured activation for layer: layer4.2.conv2,                 activation shape: torch.Size([32, 512, 7, 7])
2026-02-13 03:58:06,473 - INFO - Captured activation for layer: layer4.2.conv2, activation shape: torch.Size([32, 512, 7, 7])
2026-02-13 03:58:06,484 - INFO - Captured activation for layer: layer4.2.conv2,                 activation shape: torch.Size([32, 512, 7, 7])
2026-02-13 03:58:06,485 - INFO - Captured activation for layer: layer4.2.conv2, activation shape: torch.Size([32, 512, 7, 7])
2026-02-13 03:58:06,496 - INFO - Captured activation for layer: layer4.2.conv2,                 activation shape: torch.Size([32, 512, 7, 7])
2026-02-13 03:58:06,497 - INFO - Captured activation for layer: layer4.2.conv2, activation shape: torch.Size([32, 512, 7, 7])
2026-02-13 03:58:06,508 - INFO - Captured activation for layer: layer4.2.conv2,                 activation shape: torch.Size([32, 512, 7, 7])
2026-02-13 03:58:06,509 - INFO - Captured activation for layer: layer4.2.conv2, activation shape: torch.Size([32, 512, 7, 7])
2026-02-13 03:58:06,522 - INFO - Captured activation for layer: layer4.2.conv2,                 activation shape: torch.Size([32, 512, 7, 7])
2026-02-13 03:58:06,525 - INFO - Captured activation for layer: layer4.2.conv2, activation shape: torch.Size([32, 512, 7, 7])
2026-02-13 03:58:06,549 - INFO - Captured activation for layer: layer4.2.conv2,                 activation shape: torch.Size([32, 512, 7, 7])
2026-02-13 03:58:06,552 - INFO - Captured activation for layer: layer4.2.conv2, activation shape: torch.Size([32, 512, 7, 7])
2026-02-13 03:58:06,575 - INFO - Captured activation for layer: layer4.2.conv2,                 activation shape: torch.Size([32, 512, 7, 7])
2026-02-13 03:58:06,578 - INFO - Captured activation for layer: layer4.2.conv2, activation shape: torch.Size([32, 512, 7, 7])
2026-02-13 03:58:06,602 - INFO - Captured activation for layer: layer4.2.conv2,                 activation shape: torch.Size([32, 512, 7, 7])
2026-02-13 03:58:06,605 - INFO - Captured activation for layer: layer4.2.conv2, activation shape: torch.Size([32, 512, 7, 7])
2026-02-13 03:58:06,632 - INFO - Captured activation for layer: layer4.2.conv2,                 activation shape: torch.Size([32, 512, 7, 7])
2026-02-13 03:58:06,632 - INFO - Captured activation for layer: layer4.2.conv2, activation shape: torch.Size([32, 512, 7, 7])
2026-02-13 03:58:06,658 - INFO - Captured activation for layer: layer4.2.conv2,                 activation shape: torch.Size([32, 512, 7, 7])
2026-02-13 03:58:06,659 - INFO - Captured activation for layer: layer4.2.conv2, activation shape: torch.Size([32, 512, 7, 7])
2026-02-13 03:58:06,685 - INFO - Captured activation for layer: layer4.2.conv2,                 activation shape: torch.Size([32, 512, 7, 7])
2026-02-13 03:58:06,686 - INFO - Captured activation for layer: layer4.2.conv2, activation shape: torch.Size([32, 512, 7, 7])
2026-02-13 03:58:06,712 - INFO - Captured activation for layer: layer4.2.conv2,                 activation shape: torch.Size([32, 512, 7, 7])
2026-02-13 03:58:06,712 - INFO - Captured activation for layer: layer4.2.conv2, activation shape: torch.Size([32, 512, 7, 7])
2026-02-13 03:58:06,738 - INFO - Captured activation for layer: layer4.2.conv2,                 activation shape: torch.Size([32, 512, 7, 7])
2026-02-13 03:58:06,739 - INFO - Captured activation for layer: layer4.2.conv2, activation shape: torch.Size([32, 512, 7, 7])
2026-02-13 03:58:06,762 - INFO - Captured activation for layer: layer4.2.conv2,                 activation shape: torch.Size([32, 512, 7, 7])
2026-02-13 03:58:06,765 - INFO - Captured activation for layer: layer4.2.conv2, activation shape: torch.Size([32, 512, 7, 7])
2026-02-13 03:58:06,789 - INFO - Captured activation for layer: layer4.2.conv2,                 activation shape: torch.Size([32, 512, 7, 7])
2026-02-13 03:58:06,792 - INFO - Captured activation for layer: layer4.2.conv2, activation shape: torch.Size([32, 512, 7, 7])
2026-02-13 03:58:06,815 - INFO - Captured activation for layer: layer4.2.conv2,                 activation shape: torch.Size([32, 512, 7, 7])
2026-02-13 03:58:06,819 - INFO - Captured activation for layer: layer4.2.conv2, activation shape: torch.Size([32, 512, 7, 7])
2026-02-13 03:58:06,819 - INFO - Stacked activations shape for layer layer4.2.conv2: torch.Size([2112, 512, 7, 7])
2026-02-13 03:58:06,819 - INFO - Using mean replacement for perturbation.
2026-02-13 03:58:06,948 - INFO - Perturbed activation  values: tensor([-0.0699, -0.1009, -0.1044,  ..., -0.1351, -0.1231, -0.0690],
       device='cuda:0')
2026-02-13 03:58:06,950 - INFO - Standard deviation of activations for layer layer4.2.conv2: 0.0582
2026-02-13 03:58:06,950 - INFO - Checking normality of activations for layer layer4.2.conv2 using Shapiro-Wilk test.
2026-02-13 03:58:08,483 - INFO - Shapiro-Wilk test: statistic=0.9695, p-value=2.5817e-31
2026-02-13 03:58:08,483 - INFO - Normally distributed: False
2026-02-13 03:58:08,483 - INFO - Perturbed activation shape: torch.Size([1, 512, 7, 7]), Std activation shape: torch.Size([1, 512, 7, 7])
2026-02-13 03:58:08,486 - INFO - Std activation sample values: tensor([0.0506, 0.0629, 0.0642, 0.0648, 0.0639], device='cuda:0')
2026-02-13 03:58:08,491 - INFO - Applying perturbation for layer: layer4.2.conv2, original output shape: torch.Size([32, 512, 7, 7]), perturbed activation shape: torch.Size([1, 512, 7, 7])
2026-02-13 03:58:08,495 - INFO - Applying perturbation for layer: layer4.2.conv2, original output shape: torch.Size([32, 512, 7, 7]), perturbed activation shape: torch.Size([1, 512, 7, 7])
2026-02-13 03:58:08,522 - INFO - Applying perturbation for layer: layer4.2.conv2, original output shape: torch.Size([32, 512, 7, 7]), perturbed activation shape: torch.Size([1, 512, 7, 7])
2026-02-13 03:58:08,546 - INFO - Applying perturbation for layer: layer4.2.conv2, original output shape: torch.Size([32, 512, 7, 7]), perturbed activation shape: torch.Size([1, 512, 7, 7])
2026-02-13 03:58:08,570 - INFO - Applying perturbation for layer: layer4.2.conv2, original output shape: torch.Size([32, 512, 7, 7]), perturbed activation shape: torch.Size([1, 512, 7, 7])
2026-02-13 03:58:08,596 - INFO - Applying perturbation for layer: layer4.2.conv2, original output shape: torch.Size([32, 512, 7, 7]), perturbed activation shape: torch.Size([1, 512, 7, 7])
2026-02-13 03:58:08,621 - INFO - Applying perturbation for layer: layer4.2.conv2, original output shape: torch.Size([32, 512, 7, 7]), perturbed activation shape: torch.Size([1, 512, 7, 7])
2026-02-13 03:58:08,646 - INFO - Applying perturbation for layer: layer4.2.conv2, original output shape: torch.Size([32, 512, 7, 7]), perturbed activation shape: torch.Size([1, 512, 7, 7])
2026-02-13 03:58:08,670 - INFO - Applying perturbation for layer: layer4.2.conv2, original output shape: torch.Size([32, 512, 7, 7]), perturbed activation shape: torch.Size([1, 512, 7, 7])
2026-02-13 03:58:08,694 - INFO - Applying perturbation for layer: layer4.2.conv2, original output shape: torch.Size([32, 512, 7, 7]), perturbed activation shape: torch.Size([1, 512, 7, 7])
2026-02-13 03:58:08,718 - INFO - Applying perturbation for layer: layer4.2.conv2, original output shape: torch.Size([32, 512, 7, 7]), perturbed activation shape: torch.Size([1, 512, 7, 7])
2026-02-13 03:58:08,742 - INFO - Applying perturbation for layer: layer4.2.conv2, original output shape: torch.Size([32, 512, 7, 7]), perturbed activation shape: torch.Size([1, 512, 7, 7])
2026-02-13 03:58:08,767 - INFO - Applying perturbation for layer: layer4.2.conv2, original output shape: torch.Size([32, 512, 7, 7]), perturbed activation shape: torch.Size([1, 512, 7, 7])
2026-02-13 03:58:08,791 - INFO - Applying perturbation for layer: layer4.2.conv2, original output shape: torch.Size([32, 512, 7, 7]), perturbed activation shape: torch.Size([1, 512, 7, 7])
2026-02-13 03:58:08,815 - INFO - Applying perturbation for layer: layer4.2.conv2, original output shape: torch.Size([32, 512, 7, 7]), perturbed activation shape: torch.Size([1, 512, 7, 7])
2026-02-13 03:58:08,839 - INFO - Applying perturbation for layer: layer4.2.conv2, original output shape: torch.Size([32, 512, 7, 7]), perturbed activation shape: torch.Size([1, 512, 7, 7])
2026-02-13 03:58:08,864 - INFO - Applying perturbation for layer: layer4.2.conv2, original output shape: torch.Size([32, 512, 7, 7]), perturbed activation shape: torch.Size([1, 512, 7, 7])
2026-02-13 03:58:08,888 - INFO - Applying perturbation for layer: layer4.2.conv2, original output shape: torch.Size([32, 512, 7, 7]), perturbed activation shape: torch.Size([1, 512, 7, 7])
2026-02-13 03:58:08,931 - INFO - Applying perturbation for layer: layer4.2.conv2, original output shape: torch.Size([32, 512, 7, 7]), perturbed activation shape: torch.Size([1, 512, 7, 7])
2026-02-13 03:58:08,985 - INFO - Applying perturbation for layer: layer4.2.conv2, original output shape: torch.Size([32, 512, 7, 7]), perturbed activation shape: torch.Size([1, 512, 7, 7])
2026-02-13 03:58:09,038 - INFO - Applying perturbation for layer: layer4.2.conv2, original output shape: torch.Size([32, 512, 7, 7]), perturbed activation shape: torch.Size([1, 512, 7, 7])
2026-02-13 03:58:09,079 - INFO - Applying perturbation for layer: layer4.2.conv2, original output shape: torch.Size([32, 512, 7, 7]), perturbed activation shape: torch.Size([1, 512, 7, 7])
2026-02-13 03:58:09,103 - INFO - Applying perturbation for layer: layer4.2.conv2, original output shape: torch.Size([32, 512, 7, 7]), perturbed activation shape: torch.Size([1, 512, 7, 7])
2026-02-13 03:58:09,127 - INFO - Applying perturbation for layer: layer4.2.conv2, original output shape: torch.Size([32, 512, 7, 7]), perturbed activation shape: torch.Size([1, 512, 7, 7])
2026-02-13 03:58:09,151 - INFO - Applying perturbation for layer: layer4.2.conv2, original output shape: torch.Size([32, 512, 7, 7]), perturbed activation shape: torch.Size([1, 512, 7, 7])
2026-02-13 03:58:09,176 - INFO - Applying perturbation for layer: layer4.2.conv2, original output shape: torch.Size([32, 512, 7, 7]), perturbed activation shape: torch.Size([1, 512, 7, 7])
2026-02-13 03:58:09,200 - INFO - Applying perturbation for layer: layer4.2.conv2, original output shape: torch.Size([32, 512, 7, 7]), perturbed activation shape: torch.Size([1, 512, 7, 7])
2026-02-13 03:58:09,224 - INFO - Applying perturbation for layer: layer4.2.conv2, original output shape: torch.Size([32, 512, 7, 7]), perturbed activation shape: torch.Size([1, 512, 7, 7])
2026-02-13 03:58:09,248 - INFO - Applying perturbation for layer: layer4.2.conv2, original output shape: torch.Size([32, 512, 7, 7]), perturbed activation shape: torch.Size([1, 512, 7, 7])
2026-02-13 03:58:09,273 - INFO - Applying perturbation for layer: layer4.2.conv2, original output shape: torch.Size([32, 512, 7, 7]), perturbed activation shape: torch.Size([1, 512, 7, 7])
2026-02-13 03:58:09,297 - INFO - Applying perturbation for layer: layer4.2.conv2, original output shape: torch.Size([32, 512, 7, 7]), perturbed activation shape: torch.Size([1, 512, 7, 7])
2026-02-13 03:58:09,321 - INFO - Applying perturbation for layer: layer4.2.conv2, original output shape: torch.Size([32, 512, 7, 7]), perturbed activation shape: torch.Size([1, 512, 7, 7])
2026-02-13 03:58:09,345 - INFO - Applying perturbation for layer: layer4.2.conv2, original output shape: torch.Size([32, 512, 7, 7]), perturbed activation shape: torch.Size([1, 512, 7, 7])
2026-02-13 03:58:09,369 - INFO - Applying perturbation for layer: layer4.2.conv2, original output shape: torch.Size([32, 512, 7, 7]), perturbed activation shape: torch.Size([1, 512, 7, 7])
2026-02-13 03:58:09,394 - INFO - Applying perturbation for layer: layer4.2.conv2, original output shape: torch.Size([32, 512, 7, 7]), perturbed activation shape: torch.Size([1, 512, 7, 7])
2026-02-13 03:58:09,418 - INFO - Applying perturbation for layer: layer4.2.conv2, original output shape: torch.Size([32, 512, 7, 7]), perturbed activation shape: torch.Size([1, 512, 7, 7])
2026-02-13 03:58:09,442 - INFO - Applying perturbation for layer: layer4.2.conv2, original output shape: torch.Size([32, 512, 7, 7]), perturbed activation shape: torch.Size([1, 512, 7, 7])
2026-02-13 03:58:09,466 - INFO - Applying perturbation for layer: layer4.2.conv2, original output shape: torch.Size([32, 512, 7, 7]), perturbed activation shape: torch.Size([1, 512, 7, 7])
2026-02-13 03:58:09,490 - INFO - Applying perturbation for layer: layer4.2.conv2, original output shape: torch.Size([32, 512, 7, 7]), perturbed activation shape: torch.Size([1, 512, 7, 7])
2026-02-13 03:58:09,515 - INFO - Applying perturbation for layer: layer4.2.conv2, original output shape: torch.Size([32, 512, 7, 7]), perturbed activation shape: torch.Size([1, 512, 7, 7])
2026-02-13 03:58:09,539 - INFO - Applying perturbation for layer: layer4.2.conv2, original output shape: torch.Size([32, 512, 7, 7]), perturbed activation shape: torch.Size([1, 512, 7, 7])
2026-02-13 03:58:09,563 - INFO - Applying perturbation for layer: layer4.2.conv2, original output shape: torch.Size([32, 512, 7, 7]), perturbed activation shape: torch.Size([1, 512, 7, 7])
2026-02-13 03:58:09,587 - INFO - Applying perturbation for layer: layer4.2.conv2, original output shape: torch.Size([32, 512, 7, 7]), perturbed activation shape: torch.Size([1, 512, 7, 7])
2026-02-13 03:58:09,611 - INFO - Applying perturbation for layer: layer4.2.conv2, original output shape: torch.Size([32, 512, 7, 7]), perturbed activation shape: torch.Size([1, 512, 7, 7])
2026-02-13 03:58:09,636 - INFO - Applying perturbation for layer: layer4.2.conv2, original output shape: torch.Size([32, 512, 7, 7]), perturbed activation shape: torch.Size([1, 512, 7, 7])
2026-02-13 03:58:09,660 - INFO - Applying perturbation for layer: layer4.2.conv2, original output shape: torch.Size([32, 512, 7, 7]), perturbed activation shape: torch.Size([1, 512, 7, 7])
2026-02-13 03:58:09,684 - INFO - Applying perturbation for layer: layer4.2.conv2, original output shape: torch.Size([32, 512, 7, 7]), perturbed activation shape: torch.Size([1, 512, 7, 7])
2026-02-13 03:58:09,708 - INFO - Applying perturbation for layer: layer4.2.conv2, original output shape: torch.Size([32, 512, 7, 7]), perturbed activation shape: torch.Size([1, 512, 7, 7])
2026-02-13 03:58:09,732 - INFO - Applying perturbation for layer: layer4.2.conv2, original output shape: torch.Size([32, 512, 7, 7]), perturbed activation shape: torch.Size([1, 512, 7, 7])
2026-02-13 03:58:09,756 - INFO - Applying perturbation for layer: layer4.2.conv2, original output shape: torch.Size([32, 512, 7, 7]), perturbed activation shape: torch.Size([1, 512, 7, 7])
2026-02-13 03:58:09,781 - INFO - Applying perturbation for layer: layer4.2.conv2, original output shape: torch.Size([32, 512, 7, 7]), perturbed activation shape: torch.Size([1, 512, 7, 7])
2026-02-13 03:58:09,805 - INFO - Applying perturbation for layer: layer4.2.conv2, original output shape: torch.Size([32, 512, 7, 7]), perturbed activation shape: torch.Size([1, 512, 7, 7])
2026-02-13 03:58:09,829 - INFO - Applying perturbation for layer: layer4.2.conv2, original output shape: torch.Size([32, 512, 7, 7]), perturbed activation shape: torch.Size([1, 512, 7, 7])
2026-02-13 03:58:09,853 - INFO - Applying perturbation for layer: layer4.2.conv2, original output shape: torch.Size([32, 512, 7, 7]), perturbed activation shape: torch.Size([1, 512, 7, 7])
2026-02-13 03:58:09,877 - INFO - Applying perturbation for layer: layer4.2.conv2, original output shape: torch.Size([32, 512, 7, 7]), perturbed activation shape: torch.Size([1, 512, 7, 7])
2026-02-13 03:58:09,902 - INFO - Applying perturbation for layer: layer4.2.conv2, original output shape: torch.Size([32, 512, 7, 7]), perturbed activation shape: torch.Size([1, 512, 7, 7])
2026-02-13 03:58:09,926 - INFO - Applying perturbation for layer: layer4.2.conv2, original output shape: torch.Size([32, 512, 7, 7]), perturbed activation shape: torch.Size([1, 512, 7, 7])
2026-02-13 03:58:09,950 - INFO - Applying perturbation for layer: layer4.2.conv2, original output shape: torch.Size([32, 512, 7, 7]), perturbed activation shape: torch.Size([1, 512, 7, 7])
2026-02-13 03:58:09,974 - INFO - Applying perturbation for layer: layer4.2.conv2, original output shape: torch.Size([32, 512, 7, 7]), perturbed activation shape: torch.Size([1, 512, 7, 7])
2026-02-13 03:58:09,999 - INFO - Applying perturbation for layer: layer4.2.conv2, original output shape: torch.Size([32, 512, 7, 7]), perturbed activation shape: torch.Size([1, 512, 7, 7])
2026-02-13 03:58:10,023 - INFO - Applying perturbation for layer: layer4.2.conv2, original output shape: torch.Size([32, 512, 7, 7]), perturbed activation shape: torch.Size([1, 512, 7, 7])
2026-02-13 03:58:10,047 - INFO - Applying perturbation for layer: layer4.2.conv2, original output shape: torch.Size([32, 512, 7, 7]), perturbed activation shape: torch.Size([1, 512, 7, 7])
2026-02-13 03:58:10,071 - INFO - Applying perturbation for layer: layer4.2.conv2, original output shape: torch.Size([32, 512, 7, 7]), perturbed activation shape: torch.Size([1, 512, 7, 7])
2026-02-13 03:58:10,095 - INFO - Applying perturbation for layer: layer4.2.conv2, original output shape: torch.Size([32, 512, 7, 7]), perturbed activation shape: torch.Size([1, 512, 7, 7])
2026-02-13 03:58:10,119 - INFO - Applying perturbation for layer: layer4.2.conv2, original output shape: torch.Size([32, 512, 7, 7]), perturbed activation shape: torch.Size([1, 512, 7, 7])
2026-02-13 03:58:10,144 - INFO - Applying perturbation for layer: layer4.2.conv2, original output shape: torch.Size([32, 512, 7, 7]), perturbed activation shape: torch.Size([1, 512, 7, 7])
2026-02-13 03:58:10,360 - INFO - ================================================================================
2026-02-13 03:58:10,360 - INFO - Target layer found: layer3.0.conv2
2026-02-13 03:58:10,362 - INFO - Captured activation for layer: layer3.0.conv2,                 activation shape: torch.Size([32, 256, 14, 14])
2026-02-13 03:58:10,364 - INFO - Captured activation for layer: layer3.0.conv2, activation shape: torch.Size([32, 256, 14, 14])
2026-02-13 03:58:10,365 - INFO - Captured activation for layer: layer3.0.conv2,                 activation shape: torch.Size([32, 256, 14, 14])
2026-02-13 03:58:10,366 - INFO - Captured activation for layer: layer3.0.conv2, activation shape: torch.Size([32, 256, 14, 14])
2026-02-13 03:58:10,367 - INFO - Captured activation for layer: layer3.0.conv2,                 activation shape: torch.Size([32, 256, 14, 14])
2026-02-13 03:58:10,368 - INFO - Captured activation for layer: layer3.0.conv2, activation shape: torch.Size([32, 256, 14, 14])
2026-02-13 03:58:10,369 - INFO - Captured activation for layer: layer3.0.conv2,                 activation shape: torch.Size([32, 256, 14, 14])
2026-02-13 03:58:10,370 - INFO - Captured activation for layer: layer3.0.conv2, activation shape: torch.Size([32, 256, 14, 14])
2026-02-13 03:58:10,371 - INFO - Captured activation for layer: layer3.0.conv2,                 activation shape: torch.Size([32, 256, 14, 14])
2026-02-13 03:58:10,372 - INFO - Captured activation for layer: layer3.0.conv2, activation shape: torch.Size([32, 256, 14, 14])
2026-02-13 03:58:10,373 - INFO - Captured activation for layer: layer3.0.conv2,                 activation shape: torch.Size([32, 256, 14, 14])
2026-02-13 03:58:10,380 - INFO - Captured activation for layer: layer3.0.conv2, activation shape: torch.Size([32, 256, 14, 14])
2026-02-13 03:58:10,383 - INFO - Captured activation for layer: layer3.0.conv2,                 activation shape: torch.Size([32, 256, 14, 14])
2026-02-13 03:58:10,392 - INFO - Captured activation for layer: layer3.0.conv2, activation shape: torch.Size([32, 256, 14, 14])
2026-02-13 03:58:10,395 - INFO - Captured activation for layer: layer3.0.conv2,                 activation shape: torch.Size([32, 256, 14, 14])
2026-02-13 03:58:10,404 - INFO - Captured activation for layer: layer3.0.conv2, activation shape: torch.Size([32, 256, 14, 14])
2026-02-13 03:58:10,407 - INFO - Captured activation for layer: layer3.0.conv2,                 activation shape: torch.Size([32, 256, 14, 14])
2026-02-13 03:58:10,416 - INFO - Captured activation for layer: layer3.0.conv2, activation shape: torch.Size([32, 256, 14, 14])
2026-02-13 03:58:10,419 - INFO - Captured activation for layer: layer3.0.conv2,                 activation shape: torch.Size([32, 256, 14, 14])
2026-02-13 03:58:10,428 - INFO - Captured activation for layer: layer3.0.conv2, activation shape: torch.Size([32, 256, 14, 14])
2026-02-13 03:58:10,431 - INFO - Captured activation for layer: layer3.0.conv2,                 activation shape: torch.Size([32, 256, 14, 14])
2026-02-13 03:58:10,440 - INFO - Captured activation for layer: layer3.0.conv2, activation shape: torch.Size([32, 256, 14, 14])
2026-02-13 03:58:10,443 - INFO - Captured activation for layer: layer3.0.conv2,                 activation shape: torch.Size([32, 256, 14, 14])
2026-02-13 03:58:10,452 - INFO - Captured activation for layer: layer3.0.conv2, activation shape: torch.Size([32, 256, 14, 14])
2026-02-13 03:58:10,455 - INFO - Captured activation for layer: layer3.0.conv2,                 activation shape: torch.Size([32, 256, 14, 14])
2026-02-13 03:58:10,464 - INFO - Captured activation for layer: layer3.0.conv2, activation shape: torch.Size([32, 256, 14, 14])
2026-02-13 03:58:10,467 - INFO - Captured activation for layer: layer3.0.conv2,                 activation shape: torch.Size([32, 256, 14, 14])
2026-02-13 03:58:10,476 - INFO - Captured activation for layer: layer3.0.conv2, activation shape: torch.Size([32, 256, 14, 14])
2026-02-13 03:58:10,480 - INFO - Captured activation for layer: layer3.0.conv2,                 activation shape: torch.Size([32, 256, 14, 14])
2026-02-13 03:58:10,488 - INFO - Captured activation for layer: layer3.0.conv2, activation shape: torch.Size([32, 256, 14, 14])
2026-02-13 03:58:10,492 - INFO - Captured activation for layer: layer3.0.conv2,                 activation shape: torch.Size([32, 256, 14, 14])
2026-02-13 03:58:10,500 - INFO - Captured activation for layer: layer3.0.conv2, activation shape: torch.Size([32, 256, 14, 14])
2026-02-13 03:58:10,504 - INFO - Captured activation for layer: layer3.0.conv2,                 activation shape: torch.Size([32, 256, 14, 14])
2026-02-13 03:58:10,512 - INFO - Captured activation for layer: layer3.0.conv2, activation shape: torch.Size([32, 256, 14, 14])
2026-02-13 03:58:10,516 - INFO - Captured activation for layer: layer3.0.conv2,                 activation shape: torch.Size([32, 256, 14, 14])
2026-02-13 03:58:10,524 - INFO - Captured activation for layer: layer3.0.conv2, activation shape: torch.Size([32, 256, 14, 14])
2026-02-13 03:58:10,528 - INFO - Captured activation for layer: layer3.0.conv2,                 activation shape: torch.Size([32, 256, 14, 14])
2026-02-13 03:58:10,537 - INFO - Captured activation for layer: layer3.0.conv2, activation shape: torch.Size([32, 256, 14, 14])
2026-02-13 03:58:10,540 - INFO - Captured activation for layer: layer3.0.conv2,                 activation shape: torch.Size([32, 256, 14, 14])
2026-02-13 03:58:10,549 - INFO - Captured activation for layer: layer3.0.conv2, activation shape: torch.Size([32, 256, 14, 14])
2026-02-13 03:58:10,552 - INFO - Captured activation for layer: layer3.0.conv2,                 activation shape: torch.Size([32, 256, 14, 14])
2026-02-13 03:58:10,561 - INFO - Captured activation for layer: layer3.0.conv2, activation shape: torch.Size([32, 256, 14, 14])
2026-02-13 03:58:10,564 - INFO - Captured activation for layer: layer3.0.conv2,                 activation shape: torch.Size([32, 256, 14, 14])
2026-02-13 03:58:10,573 - INFO - Captured activation for layer: layer3.0.conv2, activation shape: torch.Size([32, 256, 14, 14])
2026-02-13 03:58:10,576 - INFO - Captured activation for layer: layer3.0.conv2,                 activation shape: torch.Size([32, 256, 14, 14])
2026-02-13 03:58:10,585 - INFO - Captured activation for layer: layer3.0.conv2, activation shape: torch.Size([32, 256, 14, 14])
2026-02-13 03:58:10,588 - INFO - Captured activation for layer: layer3.0.conv2,                 activation shape: torch.Size([32, 256, 14, 14])
2026-02-13 03:58:10,597 - INFO - Captured activation for layer: layer3.0.conv2, activation shape: torch.Size([32, 256, 14, 14])
2026-02-13 03:58:10,600 - INFO - Captured activation for layer: layer3.0.conv2,                 activation shape: torch.Size([32, 256, 14, 14])
2026-02-13 03:58:10,609 - INFO - Captured activation for layer: layer3.0.conv2, activation shape: torch.Size([32, 256, 14, 14])
2026-02-13 03:58:10,612 - INFO - Captured activation for layer: layer3.0.conv2,                 activation shape: torch.Size([32, 256, 14, 14])
2026-02-13 03:58:10,621 - INFO - Captured activation for layer: layer3.0.conv2, activation shape: torch.Size([32, 256, 14, 14])
2026-02-13 03:58:10,624 - INFO - Captured activation for layer: layer3.0.conv2,                 activation shape: torch.Size([32, 256, 14, 14])
2026-02-13 03:58:10,633 - INFO - Captured activation for layer: layer3.0.conv2, activation shape: torch.Size([32, 256, 14, 14])
2026-02-13 03:58:10,636 - INFO - Captured activation for layer: layer3.0.conv2,                 activation shape: torch.Size([32, 256, 14, 14])
2026-02-13 03:58:10,645 - INFO - Captured activation for layer: layer3.0.conv2, activation shape: torch.Size([32, 256, 14, 14])
2026-02-13 03:58:10,648 - INFO - Captured activation for layer: layer3.0.conv2,                 activation shape: torch.Size([32, 256, 14, 14])
2026-02-13 03:58:10,657 - INFO - Captured activation for layer: layer3.0.conv2, activation shape: torch.Size([32, 256, 14, 14])
2026-02-13 03:58:10,660 - INFO - Captured activation for layer: layer3.0.conv2,                 activation shape: torch.Size([32, 256, 14, 14])
2026-02-13 03:58:10,669 - INFO - Captured activation for layer: layer3.0.conv2, activation shape: torch.Size([32, 256, 14, 14])
2026-02-13 03:58:10,672 - INFO - Captured activation for layer: layer3.0.conv2,                 activation shape: torch.Size([32, 256, 14, 14])
2026-02-13 03:58:10,681 - INFO - Captured activation for layer: layer3.0.conv2, activation shape: torch.Size([32, 256, 14, 14])
2026-02-13 03:58:10,684 - INFO - Captured activation for layer: layer3.0.conv2,                 activation shape: torch.Size([32, 256, 14, 14])
2026-02-13 03:58:10,693 - INFO - Captured activation for layer: layer3.0.conv2, activation shape: torch.Size([32, 256, 14, 14])
2026-02-13 03:58:10,696 - INFO - Captured activation for layer: layer3.0.conv2,                 activation shape: torch.Size([32, 256, 14, 14])
2026-02-13 03:58:10,705 - INFO - Captured activation for layer: layer3.0.conv2, activation shape: torch.Size([32, 256, 14, 14])
2026-02-13 03:58:10,708 - INFO - Captured activation for layer: layer3.0.conv2,                 activation shape: torch.Size([32, 256, 14, 14])
2026-02-13 03:58:10,717 - INFO - Captured activation for layer: layer3.0.conv2, activation shape: torch.Size([32, 256, 14, 14])
2026-02-13 03:58:10,720 - INFO - Captured activation for layer: layer3.0.conv2,                 activation shape: torch.Size([32, 256, 14, 14])
2026-02-13 03:58:10,729 - INFO - Captured activation for layer: layer3.0.conv2, activation shape: torch.Size([32, 256, 14, 14])
2026-02-13 03:58:10,732 - INFO - Captured activation for layer: layer3.0.conv2,                 activation shape: torch.Size([32, 256, 14, 14])
2026-02-13 03:58:10,741 - INFO - Captured activation for layer: layer3.0.conv2, activation shape: torch.Size([32, 256, 14, 14])
2026-02-13 03:58:10,744 - INFO - Captured activation for layer: layer3.0.conv2,                 activation shape: torch.Size([32, 256, 14, 14])
2026-02-13 03:58:10,753 - INFO - Captured activation for layer: layer3.0.conv2, activation shape: torch.Size([32, 256, 14, 14])
2026-02-13 03:58:10,756 - INFO - Captured activation for layer: layer3.0.conv2,                 activation shape: torch.Size([32, 256, 14, 14])
2026-02-13 03:58:10,765 - INFO - Captured activation for layer: layer3.0.conv2, activation shape: torch.Size([32, 256, 14, 14])
2026-02-13 03:58:10,768 - INFO - Captured activation for layer: layer3.0.conv2,                 activation shape: torch.Size([32, 256, 14, 14])
2026-02-13 03:58:10,777 - INFO - Captured activation for layer: layer3.0.conv2, activation shape: torch.Size([32, 256, 14, 14])
2026-02-13 03:58:10,780 - INFO - Captured activation for layer: layer3.0.conv2,                 activation shape: torch.Size([32, 256, 14, 14])
2026-02-13 03:58:10,789 - INFO - Captured activation for layer: layer3.0.conv2, activation shape: torch.Size([32, 256, 14, 14])
2026-02-13 03:58:10,792 - INFO - Captured activation for layer: layer3.0.conv2,                 activation shape: torch.Size([32, 256, 14, 14])
2026-02-13 03:58:10,801 - INFO - Captured activation for layer: layer3.0.conv2, activation shape: torch.Size([32, 256, 14, 14])
2026-02-13 03:58:10,804 - INFO - Captured activation for layer: layer3.0.conv2,                 activation shape: torch.Size([32, 256, 14, 14])
2026-02-13 03:58:10,813 - INFO - Captured activation for layer: layer3.0.conv2, activation shape: torch.Size([32, 256, 14, 14])
2026-02-13 03:58:10,816 - INFO - Captured activation for layer: layer3.0.conv2,                 activation shape: torch.Size([32, 256, 14, 14])
2026-02-13 03:58:10,825 - INFO - Captured activation for layer: layer3.0.conv2, activation shape: torch.Size([32, 256, 14, 14])
2026-02-13 03:58:10,828 - INFO - Captured activation for layer: layer3.0.conv2,                 activation shape: torch.Size([32, 256, 14, 14])
2026-02-13 03:58:10,837 - INFO - Captured activation for layer: layer3.0.conv2, activation shape: torch.Size([32, 256, 14, 14])
2026-02-13 03:58:10,841 - INFO - Captured activation for layer: layer3.0.conv2,                 activation shape: torch.Size([32, 256, 14, 14])
2026-02-13 03:58:10,849 - INFO - Captured activation for layer: layer3.0.conv2, activation shape: torch.Size([32, 256, 14, 14])
2026-02-13 03:58:10,853 - INFO - Captured activation for layer: layer3.0.conv2,                 activation shape: torch.Size([32, 256, 14, 14])
2026-02-13 03:58:10,861 - INFO - Captured activation for layer: layer3.0.conv2, activation shape: torch.Size([32, 256, 14, 14])
2026-02-13 03:58:10,865 - INFO - Captured activation for layer: layer3.0.conv2,                 activation shape: torch.Size([32, 256, 14, 14])
2026-02-13 03:58:10,874 - INFO - Captured activation for layer: layer3.0.conv2, activation shape: torch.Size([32, 256, 14, 14])
2026-02-13 03:58:10,877 - INFO - Captured activation for layer: layer3.0.conv2,                 activation shape: torch.Size([32, 256, 14, 14])
2026-02-13 03:58:10,886 - INFO - Captured activation for layer: layer3.0.conv2, activation shape: torch.Size([32, 256, 14, 14])
2026-02-13 03:58:10,889 - INFO - Captured activation for layer: layer3.0.conv2,                 activation shape: torch.Size([32, 256, 14, 14])
2026-02-13 03:58:10,898 - INFO - Captured activation for layer: layer3.0.conv2, activation shape: torch.Size([32, 256, 14, 14])
2026-02-13 03:58:10,901 - INFO - Captured activation for layer: layer3.0.conv2,                 activation shape: torch.Size([32, 256, 14, 14])
2026-02-13 03:58:10,910 - INFO - Captured activation for layer: layer3.0.conv2, activation shape: torch.Size([32, 256, 14, 14])
2026-02-13 03:58:10,913 - INFO - Captured activation for layer: layer3.0.conv2,                 activation shape: torch.Size([32, 256, 14, 14])
2026-02-13 03:58:10,922 - INFO - Captured activation for layer: layer3.0.conv2, activation shape: torch.Size([32, 256, 14, 14])
2026-02-13 03:58:10,925 - INFO - Captured activation for layer: layer3.0.conv2,                 activation shape: torch.Size([32, 256, 14, 14])
2026-02-13 03:58:10,934 - INFO - Captured activation for layer: layer3.0.conv2, activation shape: torch.Size([32, 256, 14, 14])
2026-02-13 03:58:10,937 - INFO - Captured activation for layer: layer3.0.conv2,                 activation shape: torch.Size([32, 256, 14, 14])
2026-02-13 03:58:10,946 - INFO - Captured activation for layer: layer3.0.conv2, activation shape: torch.Size([32, 256, 14, 14])
2026-02-13 03:58:10,949 - INFO - Captured activation for layer: layer3.0.conv2,                 activation shape: torch.Size([32, 256, 14, 14])
2026-02-13 03:58:10,958 - INFO - Captured activation for layer: layer3.0.conv2, activation shape: torch.Size([32, 256, 14, 14])
2026-02-13 03:58:10,961 - INFO - Captured activation for layer: layer3.0.conv2,                 activation shape: torch.Size([32, 256, 14, 14])
2026-02-13 03:58:10,970 - INFO - Captured activation for layer: layer3.0.conv2, activation shape: torch.Size([32, 256, 14, 14])
2026-02-13 03:58:10,973 - INFO - Captured activation for layer: layer3.0.conv2,                 activation shape: torch.Size([32, 256, 14, 14])
2026-02-13 03:58:10,982 - INFO - Captured activation for layer: layer3.0.conv2, activation shape: torch.Size([32, 256, 14, 14])
2026-02-13 03:58:10,985 - INFO - Captured activation for layer: layer3.0.conv2,                 activation shape: torch.Size([32, 256, 14, 14])
2026-02-13 03:58:10,994 - INFO - Captured activation for layer: layer3.0.conv2, activation shape: torch.Size([32, 256, 14, 14])
2026-02-13 03:58:10,997 - INFO - Captured activation for layer: layer3.0.conv2,                 activation shape: torch.Size([32, 256, 14, 14])
2026-02-13 03:58:11,006 - INFO - Captured activation for layer: layer3.0.conv2, activation shape: torch.Size([32, 256, 14, 14])
2026-02-13 03:58:11,010 - INFO - Captured activation for layer: layer3.0.conv2,                 activation shape: torch.Size([32, 256, 14, 14])
2026-02-13 03:58:11,018 - INFO - Captured activation for layer: layer3.0.conv2, activation shape: torch.Size([32, 256, 14, 14])
2026-02-13 03:58:11,022 - INFO - Captured activation for layer: layer3.0.conv2,                 activation shape: torch.Size([32, 256, 14, 14])
2026-02-13 03:58:11,030 - INFO - Captured activation for layer: layer3.0.conv2, activation shape: torch.Size([32, 256, 14, 14])
2026-02-13 03:58:11,034 - INFO - Captured activation for layer: layer3.0.conv2,                 activation shape: torch.Size([32, 256, 14, 14])
2026-02-13 03:58:11,043 - INFO - Captured activation for layer: layer3.0.conv2, activation shape: torch.Size([32, 256, 14, 14])
2026-02-13 03:58:11,046 - INFO - Captured activation for layer: layer3.0.conv2,                 activation shape: torch.Size([32, 256, 14, 14])
2026-02-13 03:58:11,055 - INFO - Captured activation for layer: layer3.0.conv2, activation shape: torch.Size([32, 256, 14, 14])
2026-02-13 03:58:11,058 - INFO - Captured activation for layer: layer3.0.conv2,                 activation shape: torch.Size([32, 256, 14, 14])
2026-02-13 03:58:11,067 - INFO - Captured activation for layer: layer3.0.conv2, activation shape: torch.Size([32, 256, 14, 14])
2026-02-13 03:58:11,070 - INFO - Captured activation for layer: layer3.0.conv2,                 activation shape: torch.Size([32, 256, 14, 14])
2026-02-13 03:58:11,079 - INFO - Captured activation for layer: layer3.0.conv2, activation shape: torch.Size([32, 256, 14, 14])
2026-02-13 03:58:11,082 - INFO - Captured activation for layer: layer3.0.conv2,                 activation shape: torch.Size([32, 256, 14, 14])
2026-02-13 03:58:11,091 - INFO - Captured activation for layer: layer3.0.conv2, activation shape: torch.Size([32, 256, 14, 14])
2026-02-13 03:58:11,094 - INFO - Captured activation for layer: layer3.0.conv2,                 activation shape: torch.Size([32, 256, 14, 14])
2026-02-13 03:58:11,103 - INFO - Captured activation for layer: layer3.0.conv2, activation shape: torch.Size([32, 256, 14, 14])
2026-02-13 03:58:11,103 - INFO - Stacked activations shape for layer layer3.0.conv2: torch.Size([2112, 256, 14, 14])
2026-02-13 03:58:11,103 - INFO - Using mean replacement for perturbation.
2026-02-13 03:58:11,158 - INFO - Perturbed activation  values: tensor([-0.0198, -0.0007, -0.0084,  ..., -0.0254, -0.0270, -0.0086],
       device='cuda:0')
2026-02-13 03:58:11,159 - INFO - Standard deviation of activations for layer layer3.0.conv2: 0.1422
2026-02-13 03:58:11,159 - INFO - Checking normality of activations for layer layer3.0.conv2 using Shapiro-Wilk test.
2026-02-13 03:58:14,321 - INFO - Shapiro-Wilk test: statistic=0.9880, p-value=2.9648e-20
2026-02-13 03:58:14,321 - INFO - Normally distributed: False
2026-02-13 03:58:14,321 - INFO - Perturbed activation shape: torch.Size([1, 256, 14, 14]), Std activation shape: torch.Size([1, 256, 14, 14])
2026-02-13 03:58:14,322 - INFO - Std activation sample values: tensor([0.0831, 0.1031, 0.1008, 0.1003, 0.1026], device='cuda:0')
2026-02-13 03:58:14,324 - INFO - Target layer found: layer4.2.conv2
2026-02-13 03:58:14,327 - INFO - Captured activation for layer: layer4.2.conv2,                 activation shape: torch.Size([32, 512, 7, 7])
2026-02-13 03:58:14,327 - INFO - Captured activation for layer: layer4.2.conv2, activation shape: torch.Size([32, 512, 7, 7])
2026-02-13 03:58:14,329 - INFO - Captured activation for layer: layer4.2.conv2,                 activation shape: torch.Size([32, 512, 7, 7])
2026-02-13 03:58:14,329 - INFO - Captured activation for layer: layer4.2.conv2, activation shape: torch.Size([32, 512, 7, 7])
2026-02-13 03:58:14,331 - INFO - Captured activation for layer: layer4.2.conv2,                 activation shape: torch.Size([32, 512, 7, 7])
2026-02-13 03:58:14,331 - INFO - Captured activation for layer: layer4.2.conv2, activation shape: torch.Size([32, 512, 7, 7])
2026-02-13 03:58:14,333 - INFO - Captured activation for layer: layer4.2.conv2,                 activation shape: torch.Size([32, 512, 7, 7])
2026-02-13 03:58:14,333 - INFO - Captured activation for layer: layer4.2.conv2, activation shape: torch.Size([32, 512, 7, 7])
2026-02-13 03:58:14,335 - INFO - Captured activation for layer: layer4.2.conv2,                 activation shape: torch.Size([32, 512, 7, 7])
2026-02-13 03:58:14,335 - INFO - Captured activation for layer: layer4.2.conv2, activation shape: torch.Size([32, 512, 7, 7])
2026-02-13 03:58:14,343 - INFO - Captured activation for layer: layer4.2.conv2,                 activation shape: torch.Size([32, 512, 7, 7])
2026-02-13 03:58:14,343 - INFO - Captured activation for layer: layer4.2.conv2, activation shape: torch.Size([32, 512, 7, 7])
2026-02-13 03:58:14,355 - INFO - Captured activation for layer: layer4.2.conv2,                 activation shape: torch.Size([32, 512, 7, 7])
2026-02-13 03:58:14,355 - INFO - Captured activation for layer: layer4.2.conv2, activation shape: torch.Size([32, 512, 7, 7])
2026-02-13 03:58:14,367 - INFO - Captured activation for layer: layer4.2.conv2,                 activation shape: torch.Size([32, 512, 7, 7])
2026-02-13 03:58:14,367 - INFO - Captured activation for layer: layer4.2.conv2, activation shape: torch.Size([32, 512, 7, 7])
2026-02-13 03:58:14,379 - INFO - Captured activation for layer: layer4.2.conv2,                 activation shape: torch.Size([32, 512, 7, 7])
2026-02-13 03:58:14,379 - INFO - Captured activation for layer: layer4.2.conv2, activation shape: torch.Size([32, 512, 7, 7])
2026-02-13 03:58:14,391 - INFO - Captured activation for layer: layer4.2.conv2,                 activation shape: torch.Size([32, 512, 7, 7])
2026-02-13 03:58:14,391 - INFO - Captured activation for layer: layer4.2.conv2, activation shape: torch.Size([32, 512, 7, 7])
2026-02-13 03:58:14,403 - INFO - Captured activation for layer: layer4.2.conv2,                 activation shape: torch.Size([32, 512, 7, 7])
2026-02-13 03:58:14,403 - INFO - Captured activation for layer: layer4.2.conv2, activation shape: torch.Size([32, 512, 7, 7])
2026-02-13 03:58:14,415 - INFO - Captured activation for layer: layer4.2.conv2,                 activation shape: torch.Size([32, 512, 7, 7])
2026-02-13 03:58:14,415 - INFO - Captured activation for layer: layer4.2.conv2, activation shape: torch.Size([32, 512, 7, 7])
2026-02-13 03:58:14,427 - INFO - Captured activation for layer: layer4.2.conv2,                 activation shape: torch.Size([32, 512, 7, 7])
2026-02-13 03:58:14,427 - INFO - Captured activation for layer: layer4.2.conv2, activation shape: torch.Size([32, 512, 7, 7])
2026-02-13 03:58:14,439 - INFO - Captured activation for layer: layer4.2.conv2,                 activation shape: torch.Size([32, 512, 7, 7])
2026-02-13 03:58:14,439 - INFO - Captured activation for layer: layer4.2.conv2, activation shape: torch.Size([32, 512, 7, 7])
2026-02-13 03:58:14,451 - INFO - Captured activation for layer: layer4.2.conv2,                 activation shape: torch.Size([32, 512, 7, 7])
2026-02-13 03:58:14,451 - INFO - Captured activation for layer: layer4.2.conv2, activation shape: torch.Size([32, 512, 7, 7])
2026-02-13 03:58:14,463 - INFO - Captured activation for layer: layer4.2.conv2,                 activation shape: torch.Size([32, 512, 7, 7])
2026-02-13 03:58:14,463 - INFO - Captured activation for layer: layer4.2.conv2, activation shape: torch.Size([32, 512, 7, 7])
2026-02-13 03:58:14,475 - INFO - Captured activation for layer: layer4.2.conv2,                 activation shape: torch.Size([32, 512, 7, 7])
2026-02-13 03:58:14,475 - INFO - Captured activation for layer: layer4.2.conv2, activation shape: torch.Size([32, 512, 7, 7])
2026-02-13 03:58:14,487 - INFO - Captured activation for layer: layer4.2.conv2,                 activation shape: torch.Size([32, 512, 7, 7])
2026-02-13 03:58:14,488 - INFO - Captured activation for layer: layer4.2.conv2, activation shape: torch.Size([32, 512, 7, 7])
2026-02-13 03:58:14,499 - INFO - Captured activation for layer: layer4.2.conv2,                 activation shape: torch.Size([32, 512, 7, 7])
2026-02-13 03:58:14,499 - INFO - Captured activation for layer: layer4.2.conv2, activation shape: torch.Size([32, 512, 7, 7])
2026-02-13 03:58:14,511 - INFO - Captured activation for layer: layer4.2.conv2,                 activation shape: torch.Size([32, 512, 7, 7])
2026-02-13 03:58:14,512 - INFO - Captured activation for layer: layer4.2.conv2, activation shape: torch.Size([32, 512, 7, 7])
2026-02-13 03:58:14,523 - INFO - Captured activation for layer: layer4.2.conv2,                 activation shape: torch.Size([32, 512, 7, 7])
2026-02-13 03:58:14,524 - INFO - Captured activation for layer: layer4.2.conv2, activation shape: torch.Size([32, 512, 7, 7])
2026-02-13 03:58:14,535 - INFO - Captured activation for layer: layer4.2.conv2,                 activation shape: torch.Size([32, 512, 7, 7])
2026-02-13 03:58:14,535 - INFO - Captured activation for layer: layer4.2.conv2, activation shape: torch.Size([32, 512, 7, 7])
2026-02-13 03:58:14,547 - INFO - Captured activation for layer: layer4.2.conv2,                 activation shape: torch.Size([32, 512, 7, 7])
2026-02-13 03:58:14,547 - INFO - Captured activation for layer: layer4.2.conv2, activation shape: torch.Size([32, 512, 7, 7])
2026-02-13 03:58:14,559 - INFO - Captured activation for layer: layer4.2.conv2,                 activation shape: torch.Size([32, 512, 7, 7])
2026-02-13 03:58:14,559 - INFO - Captured activation for layer: layer4.2.conv2, activation shape: torch.Size([32, 512, 7, 7])
2026-02-13 03:58:14,571 - INFO - Captured activation for layer: layer4.2.conv2,                 activation shape: torch.Size([32, 512, 7, 7])
2026-02-13 03:58:14,571 - INFO - Captured activation for layer: layer4.2.conv2, activation shape: torch.Size([32, 512, 7, 7])
2026-02-13 03:58:14,583 - INFO - Captured activation for layer: layer4.2.conv2,                 activation shape: torch.Size([32, 512, 7, 7])
2026-02-13 03:58:14,584 - INFO - Captured activation for layer: layer4.2.conv2, activation shape: torch.Size([32, 512, 7, 7])
2026-02-13 03:58:14,595 - INFO - Captured activation for layer: layer4.2.conv2,                 activation shape: torch.Size([32, 512, 7, 7])
2026-02-13 03:58:14,596 - INFO - Captured activation for layer: layer4.2.conv2, activation shape: torch.Size([32, 512, 7, 7])
2026-02-13 03:58:14,607 - INFO - Captured activation for layer: layer4.2.conv2,                 activation shape: torch.Size([32, 512, 7, 7])
2026-02-13 03:58:14,608 - INFO - Captured activation for layer: layer4.2.conv2, activation shape: torch.Size([32, 512, 7, 7])
2026-02-13 03:58:14,619 - INFO - Captured activation for layer: layer4.2.conv2,                 activation shape: torch.Size([32, 512, 7, 7])
2026-02-13 03:58:14,620 - INFO - Captured activation for layer: layer4.2.conv2, activation shape: torch.Size([32, 512, 7, 7])
2026-02-13 03:58:14,631 - INFO - Captured activation for layer: layer4.2.conv2,                 activation shape: torch.Size([32, 512, 7, 7])
2026-02-13 03:58:14,632 - INFO - Captured activation for layer: layer4.2.conv2, activation shape: torch.Size([32, 512, 7, 7])
2026-02-13 03:58:14,643 - INFO - Captured activation for layer: layer4.2.conv2,                 activation shape: torch.Size([32, 512, 7, 7])
2026-02-13 03:58:14,644 - INFO - Captured activation for layer: layer4.2.conv2, activation shape: torch.Size([32, 512, 7, 7])
2026-02-13 03:58:14,655 - INFO - Captured activation for layer: layer4.2.conv2,                 activation shape: torch.Size([32, 512, 7, 7])
2026-02-13 03:58:14,656 - INFO - Captured activation for layer: layer4.2.conv2, activation shape: torch.Size([32, 512, 7, 7])
2026-02-13 03:58:14,667 - INFO - Captured activation for layer: layer4.2.conv2,                 activation shape: torch.Size([32, 512, 7, 7])
2026-02-13 03:58:14,668 - INFO - Captured activation for layer: layer4.2.conv2, activation shape: torch.Size([32, 512, 7, 7])
2026-02-13 03:58:14,679 - INFO - Captured activation for layer: layer4.2.conv2,                 activation shape: torch.Size([32, 512, 7, 7])
2026-02-13 03:58:14,680 - INFO - Captured activation for layer: layer4.2.conv2, activation shape: torch.Size([32, 512, 7, 7])
2026-02-13 03:58:14,691 - INFO - Captured activation for layer: layer4.2.conv2,                 activation shape: torch.Size([32, 512, 7, 7])
2026-02-13 03:58:14,692 - INFO - Captured activation for layer: layer4.2.conv2, activation shape: torch.Size([32, 512, 7, 7])
2026-02-13 03:58:14,703 - INFO - Captured activation for layer: layer4.2.conv2,                 activation shape: torch.Size([32, 512, 7, 7])
2026-02-13 03:58:14,704 - INFO - Captured activation for layer: layer4.2.conv2, activation shape: torch.Size([32, 512, 7, 7])
2026-02-13 03:58:14,715 - INFO - Captured activation for layer: layer4.2.conv2,                 activation shape: torch.Size([32, 512, 7, 7])
2026-02-13 03:58:14,716 - INFO - Captured activation for layer: layer4.2.conv2, activation shape: torch.Size([32, 512, 7, 7])
2026-02-13 03:58:14,727 - INFO - Captured activation for layer: layer4.2.conv2,                 activation shape: torch.Size([32, 512, 7, 7])
2026-02-13 03:58:14,728 - INFO - Captured activation for layer: layer4.2.conv2, activation shape: torch.Size([32, 512, 7, 7])
2026-02-13 03:58:14,739 - INFO - Captured activation for layer: layer4.2.conv2,                 activation shape: torch.Size([32, 512, 7, 7])
2026-02-13 03:58:14,740 - INFO - Captured activation for layer: layer4.2.conv2, activation shape: torch.Size([32, 512, 7, 7])
2026-02-13 03:58:14,751 - INFO - Captured activation for layer: layer4.2.conv2,                 activation shape: torch.Size([32, 512, 7, 7])
2026-02-13 03:58:14,752 - INFO - Captured activation for layer: layer4.2.conv2, activation shape: torch.Size([32, 512, 7, 7])
2026-02-13 03:58:14,763 - INFO - Captured activation for layer: layer4.2.conv2,                 activation shape: torch.Size([32, 512, 7, 7])
2026-02-13 03:58:14,764 - INFO - Captured activation for layer: layer4.2.conv2, activation shape: torch.Size([32, 512, 7, 7])
2026-02-13 03:58:14,775 - INFO - Captured activation for layer: layer4.2.conv2,                 activation shape: torch.Size([32, 512, 7, 7])
2026-02-13 03:58:14,776 - INFO - Captured activation for layer: layer4.2.conv2, activation shape: torch.Size([32, 512, 7, 7])
2026-02-13 03:58:14,787 - INFO - Captured activation for layer: layer4.2.conv2,                 activation shape: torch.Size([32, 512, 7, 7])
2026-02-13 03:58:14,788 - INFO - Captured activation for layer: layer4.2.conv2, activation shape: torch.Size([32, 512, 7, 7])
2026-02-13 03:58:14,799 - INFO - Captured activation for layer: layer4.2.conv2,                 activation shape: torch.Size([32, 512, 7, 7])
2026-02-13 03:58:14,800 - INFO - Captured activation for layer: layer4.2.conv2, activation shape: torch.Size([32, 512, 7, 7])
2026-02-13 03:58:14,811 - INFO - Captured activation for layer: layer4.2.conv2,                 activation shape: torch.Size([32, 512, 7, 7])
2026-02-13 03:58:14,812 - INFO - Captured activation for layer: layer4.2.conv2, activation shape: torch.Size([32, 512, 7, 7])
2026-02-13 03:58:14,823 - INFO - Captured activation for layer: layer4.2.conv2,                 activation shape: torch.Size([32, 512, 7, 7])
2026-02-13 03:58:14,824 - INFO - Captured activation for layer: layer4.2.conv2, activation shape: torch.Size([32, 512, 7, 7])
2026-02-13 03:58:14,835 - INFO - Captured activation for layer: layer4.2.conv2,                 activation shape: torch.Size([32, 512, 7, 7])
2026-02-13 03:58:14,836 - INFO - Captured activation for layer: layer4.2.conv2, activation shape: torch.Size([32, 512, 7, 7])
2026-02-13 03:58:14,847 - INFO - Captured activation for layer: layer4.2.conv2,                 activation shape: torch.Size([32, 512, 7, 7])
2026-02-13 03:58:14,848 - INFO - Captured activation for layer: layer4.2.conv2, activation shape: torch.Size([32, 512, 7, 7])
2026-02-13 03:58:14,859 - INFO - Captured activation for layer: layer4.2.conv2,                 activation shape: torch.Size([32, 512, 7, 7])
2026-02-13 03:58:14,860 - INFO - Captured activation for layer: layer4.2.conv2, activation shape: torch.Size([32, 512, 7, 7])
2026-02-13 03:58:14,871 - INFO - Captured activation for layer: layer4.2.conv2,                 activation shape: torch.Size([32, 512, 7, 7])
2026-02-13 03:58:14,872 - INFO - Captured activation for layer: layer4.2.conv2, activation shape: torch.Size([32, 512, 7, 7])
2026-02-13 03:58:14,883 - INFO - Captured activation for layer: layer4.2.conv2,                 activation shape: torch.Size([32, 512, 7, 7])
2026-02-13 03:58:14,884 - INFO - Captured activation for layer: layer4.2.conv2, activation shape: torch.Size([32, 512, 7, 7])
2026-02-13 03:58:14,895 - INFO - Captured activation for layer: layer4.2.conv2,                 activation shape: torch.Size([32, 512, 7, 7])
2026-02-13 03:58:14,896 - INFO - Captured activation for layer: layer4.2.conv2, activation shape: torch.Size([32, 512, 7, 7])
2026-02-13 03:58:14,907 - INFO - Captured activation for layer: layer4.2.conv2,                 activation shape: torch.Size([32, 512, 7, 7])
2026-02-13 03:58:14,908 - INFO - Captured activation for layer: layer4.2.conv2, activation shape: torch.Size([32, 512, 7, 7])
2026-02-13 03:58:14,920 - INFO - Captured activation for layer: layer4.2.conv2,                 activation shape: torch.Size([32, 512, 7, 7])
2026-02-13 03:58:14,920 - INFO - Captured activation for layer: layer4.2.conv2, activation shape: torch.Size([32, 512, 7, 7])
2026-02-13 03:58:14,932 - INFO - Captured activation for layer: layer4.2.conv2,                 activation shape: torch.Size([32, 512, 7, 7])
2026-02-13 03:58:14,932 - INFO - Captured activation for layer: layer4.2.conv2, activation shape: torch.Size([32, 512, 7, 7])
2026-02-13 03:58:14,944 - INFO - Captured activation for layer: layer4.2.conv2,                 activation shape: torch.Size([32, 512, 7, 7])
2026-02-13 03:58:14,944 - INFO - Captured activation for layer: layer4.2.conv2, activation shape: torch.Size([32, 512, 7, 7])
2026-02-13 03:58:14,956 - INFO - Captured activation for layer: layer4.2.conv2,                 activation shape: torch.Size([32, 512, 7, 7])
2026-02-13 03:58:14,956 - INFO - Captured activation for layer: layer4.2.conv2, activation shape: torch.Size([32, 512, 7, 7])
2026-02-13 03:58:14,968 - INFO - Captured activation for layer: layer4.2.conv2,                 activation shape: torch.Size([32, 512, 7, 7])
2026-02-13 03:58:14,968 - INFO - Captured activation for layer: layer4.2.conv2, activation shape: torch.Size([32, 512, 7, 7])
2026-02-13 03:58:14,980 - INFO - Captured activation for layer: layer4.2.conv2,                 activation shape: torch.Size([32, 512, 7, 7])
2026-02-13 03:58:14,980 - INFO - Captured activation for layer: layer4.2.conv2, activation shape: torch.Size([32, 512, 7, 7])
2026-02-13 03:58:14,992 - INFO - Captured activation for layer: layer4.2.conv2,                 activation shape: torch.Size([32, 512, 7, 7])
2026-02-13 03:58:14,992 - INFO - Captured activation for layer: layer4.2.conv2, activation shape: torch.Size([32, 512, 7, 7])
2026-02-13 03:58:15,004 - INFO - Captured activation for layer: layer4.2.conv2,                 activation shape: torch.Size([32, 512, 7, 7])
2026-02-13 03:58:15,004 - INFO - Captured activation for layer: layer4.2.conv2, activation shape: torch.Size([32, 512, 7, 7])
2026-02-13 03:58:15,016 - INFO - Captured activation for layer: layer4.2.conv2,                 activation shape: torch.Size([32, 512, 7, 7])
2026-02-13 03:58:15,016 - INFO - Captured activation for layer: layer4.2.conv2, activation shape: torch.Size([32, 512, 7, 7])
2026-02-13 03:58:15,028 - INFO - Captured activation for layer: layer4.2.conv2,                 activation shape: torch.Size([32, 512, 7, 7])
2026-02-13 03:58:15,028 - INFO - Captured activation for layer: layer4.2.conv2, activation shape: torch.Size([32, 512, 7, 7])
2026-02-13 03:58:15,040 - INFO - Captured activation for layer: layer4.2.conv2,                 activation shape: torch.Size([32, 512, 7, 7])
2026-02-13 03:58:15,040 - INFO - Captured activation for layer: layer4.2.conv2, activation shape: torch.Size([32, 512, 7, 7])
2026-02-13 03:58:15,052 - INFO - Captured activation for layer: layer4.2.conv2,                 activation shape: torch.Size([32, 512, 7, 7])
2026-02-13 03:58:15,052 - INFO - Captured activation for layer: layer4.2.conv2, activation shape: torch.Size([32, 512, 7, 7])
2026-02-13 03:58:15,064 - INFO - Captured activation for layer: layer4.2.conv2,                 activation shape: torch.Size([32, 512, 7, 7])
2026-02-13 03:58:15,064 - INFO - Captured activation for layer: layer4.2.conv2, activation shape: torch.Size([32, 512, 7, 7])
2026-02-13 03:58:15,064 - INFO - Stacked activations shape for layer layer4.2.conv2: torch.Size([2112, 512, 7, 7])
2026-02-13 03:58:15,064 - INFO - Using mean replacement for perturbation.
2026-02-13 03:58:15,119 - INFO - Perturbed activation  values: tensor([-0.0699, -0.1009, -0.1044,  ..., -0.1351, -0.1231, -0.0690],
       device='cuda:0')
2026-02-13 03:58:15,119 - INFO - Standard deviation of activations for layer layer4.2.conv2: 0.0582
2026-02-13 03:58:15,119 - INFO - Checking normality of activations for layer layer4.2.conv2 using Shapiro-Wilk test.
2026-02-13 03:58:16,638 - INFO - Shapiro-Wilk test: statistic=0.9627, p-value=4.5018e-34
2026-02-13 03:58:16,638 - INFO - Normally distributed: False
2026-02-13 03:58:16,638 - INFO - Perturbed activation shape: torch.Size([1, 512, 7, 7]), Std activation shape: torch.Size([1, 512, 7, 7])
2026-02-13 03:58:16,639 - INFO - Std activation sample values: tensor([0.0506, 0.0629, 0.0642, 0.0648, 0.0639], device='cuda:0')
2026-02-13 03:58:16,644 - INFO - Applying perturbation for layer: layer3.0.conv2, original output shape: torch.Size([32, 256, 14, 14]), perturbed activation shape: torch.Size([1, 256, 14, 14])
2026-02-13 03:58:16,645 - INFO - Applying perturbation for layer: layer4.2.conv2, original output shape: torch.Size([32, 512, 7, 7]), perturbed activation shape: torch.Size([1, 512, 7, 7])
2026-02-13 03:58:16,649 - INFO - Applying perturbation for layer: layer3.0.conv2, original output shape: torch.Size([32, 256, 14, 14]), perturbed activation shape: torch.Size([1, 256, 14, 14])
2026-02-13 03:58:16,649 - INFO - Applying perturbation for layer: layer4.2.conv2, original output shape: torch.Size([32, 512, 7, 7]), perturbed activation shape: torch.Size([1, 512, 7, 7])
2026-02-13 03:58:16,653 - INFO - Applying perturbation for layer: layer3.0.conv2, original output shape: torch.Size([32, 256, 14, 14]), perturbed activation shape: torch.Size([1, 256, 14, 14])
2026-02-13 03:58:16,660 - INFO - Applying perturbation for layer: layer4.2.conv2, original output shape: torch.Size([32, 512, 7, 7]), perturbed activation shape: torch.Size([1, 512, 7, 7])
2026-02-13 03:58:16,675 - INFO - Applying perturbation for layer: layer3.0.conv2, original output shape: torch.Size([32, 256, 14, 14]), perturbed activation shape: torch.Size([1, 256, 14, 14])
2026-02-13 03:58:16,684 - INFO - Applying perturbation for layer: layer4.2.conv2, original output shape: torch.Size([32, 512, 7, 7]), perturbed activation shape: torch.Size([1, 512, 7, 7])
2026-02-13 03:58:16,699 - INFO - Applying perturbation for layer: layer3.0.conv2, original output shape: torch.Size([32, 256, 14, 14]), perturbed activation shape: torch.Size([1, 256, 14, 14])
2026-02-13 03:58:16,707 - INFO - Applying perturbation for layer: layer4.2.conv2, original output shape: torch.Size([32, 512, 7, 7]), perturbed activation shape: torch.Size([1, 512, 7, 7])
2026-02-13 03:58:16,723 - INFO - Applying perturbation for layer: layer3.0.conv2, original output shape: torch.Size([32, 256, 14, 14]), perturbed activation shape: torch.Size([1, 256, 14, 14])
2026-02-13 03:58:16,731 - INFO - Applying perturbation for layer: layer4.2.conv2, original output shape: torch.Size([32, 512, 7, 7]), perturbed activation shape: torch.Size([1, 512, 7, 7])
2026-02-13 03:58:16,747 - INFO - Applying perturbation for layer: layer3.0.conv2, original output shape: torch.Size([32, 256, 14, 14]), perturbed activation shape: torch.Size([1, 256, 14, 14])
2026-02-13 03:58:16,755 - INFO - Applying perturbation for layer: layer4.2.conv2, original output shape: torch.Size([32, 512, 7, 7]), perturbed activation shape: torch.Size([1, 512, 7, 7])
2026-02-13 03:58:16,771 - INFO - Applying perturbation for layer: layer3.0.conv2, original output shape: torch.Size([32, 256, 14, 14]), perturbed activation shape: torch.Size([1, 256, 14, 14])
2026-02-13 03:58:16,779 - INFO - Applying perturbation for layer: layer4.2.conv2, original output shape: torch.Size([32, 512, 7, 7]), perturbed activation shape: torch.Size([1, 512, 7, 7])
2026-02-13 03:58:16,795 - INFO - Applying perturbation for layer: layer3.0.conv2, original output shape: torch.Size([32, 256, 14, 14]), perturbed activation shape: torch.Size([1, 256, 14, 14])
2026-02-13 03:58:16,803 - INFO - Applying perturbation for layer: layer4.2.conv2, original output shape: torch.Size([32, 512, 7, 7]), perturbed activation shape: torch.Size([1, 512, 7, 7])
2026-02-13 03:58:16,819 - INFO - Applying perturbation for layer: layer3.0.conv2, original output shape: torch.Size([32, 256, 14, 14]), perturbed activation shape: torch.Size([1, 256, 14, 14])
2026-02-13 03:58:16,827 - INFO - Applying perturbation for layer: layer4.2.conv2, original output shape: torch.Size([32, 512, 7, 7]), perturbed activation shape: torch.Size([1, 512, 7, 7])
2026-02-13 03:58:16,843 - INFO - Applying perturbation for layer: layer3.0.conv2, original output shape: torch.Size([32, 256, 14, 14]), perturbed activation shape: torch.Size([1, 256, 14, 14])
2026-02-13 03:58:16,851 - INFO - Applying perturbation for layer: layer4.2.conv2, original output shape: torch.Size([32, 512, 7, 7]), perturbed activation shape: torch.Size([1, 512, 7, 7])
2026-02-13 03:58:16,867 - INFO - Applying perturbation for layer: layer3.0.conv2, original output shape: torch.Size([32, 256, 14, 14]), perturbed activation shape: torch.Size([1, 256, 14, 14])
2026-02-13 03:58:16,875 - INFO - Applying perturbation for layer: layer4.2.conv2, original output shape: torch.Size([32, 512, 7, 7]), perturbed activation shape: torch.Size([1, 512, 7, 7])
2026-02-13 03:58:16,891 - INFO - Applying perturbation for layer: layer3.0.conv2, original output shape: torch.Size([32, 256, 14, 14]), perturbed activation shape: torch.Size([1, 256, 14, 14])
2026-02-13 03:58:16,899 - INFO - Applying perturbation for layer: layer4.2.conv2, original output shape: torch.Size([32, 512, 7, 7]), perturbed activation shape: torch.Size([1, 512, 7, 7])
2026-02-13 03:58:16,915 - INFO - Applying perturbation for layer: layer3.0.conv2, original output shape: torch.Size([32, 256, 14, 14]), perturbed activation shape: torch.Size([1, 256, 14, 14])
2026-02-13 03:58:16,923 - INFO - Applying perturbation for layer: layer4.2.conv2, original output shape: torch.Size([32, 512, 7, 7]), perturbed activation shape: torch.Size([1, 512, 7, 7])
2026-02-13 03:58:16,939 - INFO - Applying perturbation for layer: layer3.0.conv2, original output shape: torch.Size([32, 256, 14, 14]), perturbed activation shape: torch.Size([1, 256, 14, 14])
2026-02-13 03:58:16,947 - INFO - Applying perturbation for layer: layer4.2.conv2, original output shape: torch.Size([32, 512, 7, 7]), perturbed activation shape: torch.Size([1, 512, 7, 7])
2026-02-13 03:58:16,963 - INFO - Applying perturbation for layer: layer3.0.conv2, original output shape: torch.Size([32, 256, 14, 14]), perturbed activation shape: torch.Size([1, 256, 14, 14])
2026-02-13 03:58:16,971 - INFO - Applying perturbation for layer: layer4.2.conv2, original output shape: torch.Size([32, 512, 7, 7]), perturbed activation shape: torch.Size([1, 512, 7, 7])
2026-02-13 03:58:16,987 - INFO - Applying perturbation for layer: layer3.0.conv2, original output shape: torch.Size([32, 256, 14, 14]), perturbed activation shape: torch.Size([1, 256, 14, 14])
2026-02-13 03:58:16,995 - INFO - Applying perturbation for layer: layer4.2.conv2, original output shape: torch.Size([32, 512, 7, 7]), perturbed activation shape: torch.Size([1, 512, 7, 7])
2026-02-13 03:58:17,011 - INFO - Applying perturbation for layer: layer3.0.conv2, original output shape: torch.Size([32, 256, 14, 14]), perturbed activation shape: torch.Size([1, 256, 14, 14])
2026-02-13 03:58:17,019 - INFO - Applying perturbation for layer: layer4.2.conv2, original output shape: torch.Size([32, 512, 7, 7]), perturbed activation shape: torch.Size([1, 512, 7, 7])
2026-02-13 03:58:17,035 - INFO - Applying perturbation for layer: layer3.0.conv2, original output shape: torch.Size([32, 256, 14, 14]), perturbed activation shape: torch.Size([1, 256, 14, 14])
2026-02-13 03:58:17,043 - INFO - Applying perturbation for layer: layer4.2.conv2, original output shape: torch.Size([32, 512, 7, 7]), perturbed activation shape: torch.Size([1, 512, 7, 7])
2026-02-13 03:58:17,059 - INFO - Applying perturbation for layer: layer3.0.conv2, original output shape: torch.Size([32, 256, 14, 14]), perturbed activation shape: torch.Size([1, 256, 14, 14])
2026-02-13 03:58:17,067 - INFO - Applying perturbation for layer: layer4.2.conv2, original output shape: torch.Size([32, 512, 7, 7]), perturbed activation shape: torch.Size([1, 512, 7, 7])
2026-02-13 03:58:17,083 - INFO - Applying perturbation for layer: layer3.0.conv2, original output shape: torch.Size([32, 256, 14, 14]), perturbed activation shape: torch.Size([1, 256, 14, 14])
2026-02-13 03:58:17,091 - INFO - Applying perturbation for layer: layer4.2.conv2, original output shape: torch.Size([32, 512, 7, 7]), perturbed activation shape: torch.Size([1, 512, 7, 7])
2026-02-13 03:58:17,107 - INFO - Applying perturbation for layer: layer3.0.conv2, original output shape: torch.Size([32, 256, 14, 14]), perturbed activation shape: torch.Size([1, 256, 14, 14])
2026-02-13 03:58:17,115 - INFO - Applying perturbation for layer: layer4.2.conv2, original output shape: torch.Size([32, 512, 7, 7]), perturbed activation shape: torch.Size([1, 512, 7, 7])
2026-02-13 03:58:17,131 - INFO - Applying perturbation for layer: layer3.0.conv2, original output shape: torch.Size([32, 256, 14, 14]), perturbed activation shape: torch.Size([1, 256, 14, 14])
2026-02-13 03:58:17,139 - INFO - Applying perturbation for layer: layer4.2.conv2, original output shape: torch.Size([32, 512, 7, 7]), perturbed activation shape: torch.Size([1, 512, 7, 7])
2026-02-13 03:58:17,155 - INFO - Applying perturbation for layer: layer3.0.conv2, original output shape: torch.Size([32, 256, 14, 14]), perturbed activation shape: torch.Size([1, 256, 14, 14])
2026-02-13 03:58:17,163 - INFO - Applying perturbation for layer: layer4.2.conv2, original output shape: torch.Size([32, 512, 7, 7]), perturbed activation shape: torch.Size([1, 512, 7, 7])
2026-02-13 03:58:17,179 - INFO - Applying perturbation for layer: layer3.0.conv2, original output shape: torch.Size([32, 256, 14, 14]), perturbed activation shape: torch.Size([1, 256, 14, 14])
2026-02-13 03:58:17,187 - INFO - Applying perturbation for layer: layer4.2.conv2, original output shape: torch.Size([32, 512, 7, 7]), perturbed activation shape: torch.Size([1, 512, 7, 7])
2026-02-13 03:58:17,203 - INFO - Applying perturbation for layer: layer3.0.conv2, original output shape: torch.Size([32, 256, 14, 14]), perturbed activation shape: torch.Size([1, 256, 14, 14])
2026-02-13 03:58:17,211 - INFO - Applying perturbation for layer: layer4.2.conv2, original output shape: torch.Size([32, 512, 7, 7]), perturbed activation shape: torch.Size([1, 512, 7, 7])
2026-02-13 03:58:17,227 - INFO - Applying perturbation for layer: layer3.0.conv2, original output shape: torch.Size([32, 256, 14, 14]), perturbed activation shape: torch.Size([1, 256, 14, 14])
2026-02-13 03:58:17,235 - INFO - Applying perturbation for layer: layer4.2.conv2, original output shape: torch.Size([32, 512, 7, 7]), perturbed activation shape: torch.Size([1, 512, 7, 7])
2026-02-13 03:58:17,251 - INFO - Applying perturbation for layer: layer3.0.conv2, original output shape: torch.Size([32, 256, 14, 14]), perturbed activation shape: torch.Size([1, 256, 14, 14])
2026-02-13 03:58:17,259 - INFO - Applying perturbation for layer: layer4.2.conv2, original output shape: torch.Size([32, 512, 7, 7]), perturbed activation shape: torch.Size([1, 512, 7, 7])
2026-02-13 03:58:17,275 - INFO - Applying perturbation for layer: layer3.0.conv2, original output shape: torch.Size([32, 256, 14, 14]), perturbed activation shape: torch.Size([1, 256, 14, 14])
2026-02-13 03:58:17,283 - INFO - Applying perturbation for layer: layer4.2.conv2, original output shape: torch.Size([32, 512, 7, 7]), perturbed activation shape: torch.Size([1, 512, 7, 7])
2026-02-13 03:58:17,299 - INFO - Applying perturbation for layer: layer3.0.conv2, original output shape: torch.Size([32, 256, 14, 14]), perturbed activation shape: torch.Size([1, 256, 14, 14])
2026-02-13 03:58:17,307 - INFO - Applying perturbation for layer: layer4.2.conv2, original output shape: torch.Size([32, 512, 7, 7]), perturbed activation shape: torch.Size([1, 512, 7, 7])
2026-02-13 03:58:17,323 - INFO - Applying perturbation for layer: layer3.0.conv2, original output shape: torch.Size([32, 256, 14, 14]), perturbed activation shape: torch.Size([1, 256, 14, 14])
2026-02-13 03:58:17,331 - INFO - Applying perturbation for layer: layer4.2.conv2, original output shape: torch.Size([32, 512, 7, 7]), perturbed activation shape: torch.Size([1, 512, 7, 7])
2026-02-13 03:58:17,347 - INFO - Applying perturbation for layer: layer3.0.conv2, original output shape: torch.Size([32, 256, 14, 14]), perturbed activation shape: torch.Size([1, 256, 14, 14])
2026-02-13 03:58:17,355 - INFO - Applying perturbation for layer: layer4.2.conv2, original output shape: torch.Size([32, 512, 7, 7]), perturbed activation shape: torch.Size([1, 512, 7, 7])
2026-02-13 03:58:17,371 - INFO - Applying perturbation for layer: layer3.0.conv2, original output shape: torch.Size([32, 256, 14, 14]), perturbed activation shape: torch.Size([1, 256, 14, 14])
2026-02-13 03:58:17,379 - INFO - Applying perturbation for layer: layer4.2.conv2, original output shape: torch.Size([32, 512, 7, 7]), perturbed activation shape: torch.Size([1, 512, 7, 7])
2026-02-13 03:58:17,395 - INFO - Applying perturbation for layer: layer3.0.conv2, original output shape: torch.Size([32, 256, 14, 14]), perturbed activation shape: torch.Size([1, 256, 14, 14])
2026-02-13 03:58:17,403 - INFO - Applying perturbation for layer: layer4.2.conv2, original output shape: torch.Size([32, 512, 7, 7]), perturbed activation shape: torch.Size([1, 512, 7, 7])
2026-02-13 03:58:17,419 - INFO - Applying perturbation for layer: layer3.0.conv2, original output shape: torch.Size([32, 256, 14, 14]), perturbed activation shape: torch.Size([1, 256, 14, 14])
2026-02-13 03:58:17,427 - INFO - Applying perturbation for layer: layer4.2.conv2, original output shape: torch.Size([32, 512, 7, 7]), perturbed activation shape: torch.Size([1, 512, 7, 7])
2026-02-13 03:58:17,443 - INFO - Applying perturbation for layer: layer3.0.conv2, original output shape: torch.Size([32, 256, 14, 14]), perturbed activation shape: torch.Size([1, 256, 14, 14])
2026-02-13 03:58:17,452 - INFO - Applying perturbation for layer: layer4.2.conv2, original output shape: torch.Size([32, 512, 7, 7]), perturbed activation shape: torch.Size([1, 512, 7, 7])
2026-02-13 03:58:17,467 - INFO - Applying perturbation for layer: layer3.0.conv2, original output shape: torch.Size([32, 256, 14, 14]), perturbed activation shape: torch.Size([1, 256, 14, 14])
2026-02-13 03:58:17,475 - INFO - Applying perturbation for layer: layer4.2.conv2, original output shape: torch.Size([32, 512, 7, 7]), perturbed activation shape: torch.Size([1, 512, 7, 7])
2026-02-13 03:58:17,491 - INFO - Applying perturbation for layer: layer3.0.conv2, original output shape: torch.Size([32, 256, 14, 14]), perturbed activation shape: torch.Size([1, 256, 14, 14])
2026-02-13 03:58:17,499 - INFO - Applying perturbation for layer: layer4.2.conv2, original output shape: torch.Size([32, 512, 7, 7]), perturbed activation shape: torch.Size([1, 512, 7, 7])
2026-02-13 03:58:17,515 - INFO - Applying perturbation for layer: layer3.0.conv2, original output shape: torch.Size([32, 256, 14, 14]), perturbed activation shape: torch.Size([1, 256, 14, 14])
2026-02-13 03:58:17,523 - INFO - Applying perturbation for layer: layer4.2.conv2, original output shape: torch.Size([32, 512, 7, 7]), perturbed activation shape: torch.Size([1, 512, 7, 7])
2026-02-13 03:58:17,539 - INFO - Applying perturbation for layer: layer3.0.conv2, original output shape: torch.Size([32, 256, 14, 14]), perturbed activation shape: torch.Size([1, 256, 14, 14])
2026-02-13 03:58:17,547 - INFO - Applying perturbation for layer: layer4.2.conv2, original output shape: torch.Size([32, 512, 7, 7]), perturbed activation shape: torch.Size([1, 512, 7, 7])
2026-02-13 03:58:17,563 - INFO - Applying perturbation for layer: layer3.0.conv2, original output shape: torch.Size([32, 256, 14, 14]), perturbed activation shape: torch.Size([1, 256, 14, 14])
2026-02-13 03:58:17,571 - INFO - Applying perturbation for layer: layer4.2.conv2, original output shape: torch.Size([32, 512, 7, 7]), perturbed activation shape: torch.Size([1, 512, 7, 7])
2026-02-13 03:58:17,588 - INFO - Applying perturbation for layer: layer3.0.conv2, original output shape: torch.Size([32, 256, 14, 14]), perturbed activation shape: torch.Size([1, 256, 14, 14])
2026-02-13 03:58:17,600 - INFO - Applying perturbation for layer: layer4.2.conv2, original output shape: torch.Size([32, 512, 7, 7]), perturbed activation shape: torch.Size([1, 512, 7, 7])
2026-02-13 03:58:17,629 - INFO - Applying perturbation for layer: layer3.0.conv2, original output shape: torch.Size([32, 256, 14, 14]), perturbed activation shape: torch.Size([1, 256, 14, 14])
2026-02-13 03:58:17,648 - INFO - Applying perturbation for layer: layer4.2.conv2, original output shape: torch.Size([32, 512, 7, 7]), perturbed activation shape: torch.Size([1, 512, 7, 7])
2026-02-13 03:58:17,677 - INFO - Applying perturbation for layer: layer3.0.conv2, original output shape: torch.Size([32, 256, 14, 14]), perturbed activation shape: torch.Size([1, 256, 14, 14])
2026-02-13 03:58:17,695 - INFO - Applying perturbation for layer: layer4.2.conv2, original output shape: torch.Size([32, 512, 7, 7]), perturbed activation shape: torch.Size([1, 512, 7, 7])
2026-02-13 03:58:17,724 - INFO - Applying perturbation for layer: layer3.0.conv2, original output shape: torch.Size([32, 256, 14, 14]), perturbed activation shape: torch.Size([1, 256, 14, 14])
2026-02-13 03:58:17,742 - INFO - Applying perturbation for layer: layer4.2.conv2, original output shape: torch.Size([32, 512, 7, 7]), perturbed activation shape: torch.Size([1, 512, 7, 7])
2026-02-13 03:58:17,771 - INFO - Applying perturbation for layer: layer3.0.conv2, original output shape: torch.Size([32, 256, 14, 14]), perturbed activation shape: torch.Size([1, 256, 14, 14])
2026-02-13 03:58:17,784 - INFO - Applying perturbation for layer: layer4.2.conv2, original output shape: torch.Size([32, 512, 7, 7]), perturbed activation shape: torch.Size([1, 512, 7, 7])
2026-02-13 03:58:17,801 - INFO - Applying perturbation for layer: layer3.0.conv2, original output shape: torch.Size([32, 256, 14, 14]), perturbed activation shape: torch.Size([1, 256, 14, 14])
2026-02-13 03:58:17,809 - INFO - Applying perturbation for layer: layer4.2.conv2, original output shape: torch.Size([32, 512, 7, 7]), perturbed activation shape: torch.Size([1, 512, 7, 7])
2026-02-13 03:58:17,825 - INFO - Applying perturbation for layer: layer3.0.conv2, original output shape: torch.Size([32, 256, 14, 14]), perturbed activation shape: torch.Size([1, 256, 14, 14])
2026-02-13 03:58:17,834 - INFO - Applying perturbation for layer: layer4.2.conv2, original output shape: torch.Size([32, 512, 7, 7]), perturbed activation shape: torch.Size([1, 512, 7, 7])
2026-02-13 03:58:17,849 - INFO - Applying perturbation for layer: layer3.0.conv2, original output shape: torch.Size([32, 256, 14, 14]), perturbed activation shape: torch.Size([1, 256, 14, 14])
2026-02-13 03:58:17,858 - INFO - Applying perturbation for layer: layer4.2.conv2, original output shape: torch.Size([32, 512, 7, 7]), perturbed activation shape: torch.Size([1, 512, 7, 7])
2026-02-13 03:58:17,873 - INFO - Applying perturbation for layer: layer3.0.conv2, original output shape: torch.Size([32, 256, 14, 14]), perturbed activation shape: torch.Size([1, 256, 14, 14])
2026-02-13 03:58:17,882 - INFO - Applying perturbation for layer: layer4.2.conv2, original output shape: torch.Size([32, 512, 7, 7]), perturbed activation shape: torch.Size([1, 512, 7, 7])
2026-02-13 03:58:17,897 - INFO - Applying perturbation for layer: layer3.0.conv2, original output shape: torch.Size([32, 256, 14, 14]), perturbed activation shape: torch.Size([1, 256, 14, 14])
2026-02-13 03:58:17,906 - INFO - Applying perturbation for layer: layer4.2.conv2, original output shape: torch.Size([32, 512, 7, 7]), perturbed activation shape: torch.Size([1, 512, 7, 7])
2026-02-13 03:58:17,921 - INFO - Applying perturbation for layer: layer3.0.conv2, original output shape: torch.Size([32, 256, 14, 14]), perturbed activation shape: torch.Size([1, 256, 14, 14])
2026-02-13 03:58:17,930 - INFO - Applying perturbation for layer: layer4.2.conv2, original output shape: torch.Size([32, 512, 7, 7]), perturbed activation shape: torch.Size([1, 512, 7, 7])
2026-02-13 03:58:17,946 - INFO - Applying perturbation for layer: layer3.0.conv2, original output shape: torch.Size([32, 256, 14, 14]), perturbed activation shape: torch.Size([1, 256, 14, 14])
2026-02-13 03:58:17,954 - INFO - Applying perturbation for layer: layer4.2.conv2, original output shape: torch.Size([32, 512, 7, 7]), perturbed activation shape: torch.Size([1, 512, 7, 7])
2026-02-13 03:58:17,970 - INFO - Applying perturbation for layer: layer3.0.conv2, original output shape: torch.Size([32, 256, 14, 14]), perturbed activation shape: torch.Size([1, 256, 14, 14])
2026-02-13 03:58:17,978 - INFO - Applying perturbation for layer: layer4.2.conv2, original output shape: torch.Size([32, 512, 7, 7]), perturbed activation shape: torch.Size([1, 512, 7, 7])
2026-02-13 03:58:17,994 - INFO - Applying perturbation for layer: layer3.0.conv2, original output shape: torch.Size([32, 256, 14, 14]), perturbed activation shape: torch.Size([1, 256, 14, 14])
2026-02-13 03:58:18,002 - INFO - Applying perturbation for layer: layer4.2.conv2, original output shape: torch.Size([32, 512, 7, 7]), perturbed activation shape: torch.Size([1, 512, 7, 7])
2026-02-13 03:58:18,018 - INFO - Applying perturbation for layer: layer3.0.conv2, original output shape: torch.Size([32, 256, 14, 14]), perturbed activation shape: torch.Size([1, 256, 14, 14])
2026-02-13 03:58:18,026 - INFO - Applying perturbation for layer: layer4.2.conv2, original output shape: torch.Size([32, 512, 7, 7]), perturbed activation shape: torch.Size([1, 512, 7, 7])
2026-02-13 03:58:18,042 - INFO - Applying perturbation for layer: layer3.0.conv2, original output shape: torch.Size([32, 256, 14, 14]), perturbed activation shape: torch.Size([1, 256, 14, 14])
2026-02-13 03:58:18,050 - INFO - Applying perturbation for layer: layer4.2.conv2, original output shape: torch.Size([32, 512, 7, 7]), perturbed activation shape: torch.Size([1, 512, 7, 7])
2026-02-13 03:58:18,066 - INFO - Applying perturbation for layer: layer3.0.conv2, original output shape: torch.Size([32, 256, 14, 14]), perturbed activation shape: torch.Size([1, 256, 14, 14])
2026-02-13 03:58:18,074 - INFO - Applying perturbation for layer: layer4.2.conv2, original output shape: torch.Size([32, 512, 7, 7]), perturbed activation shape: torch.Size([1, 512, 7, 7])
2026-02-13 03:58:18,090 - INFO - Applying perturbation for layer: layer3.0.conv2, original output shape: torch.Size([32, 256, 14, 14]), perturbed activation shape: torch.Size([1, 256, 14, 14])
2026-02-13 03:58:18,098 - INFO - Applying perturbation for layer: layer4.2.conv2, original output shape: torch.Size([32, 512, 7, 7]), perturbed activation shape: torch.Size([1, 512, 7, 7])
2026-02-13 03:58:18,114 - INFO - Applying perturbation for layer: layer3.0.conv2, original output shape: torch.Size([32, 256, 14, 14]), perturbed activation shape: torch.Size([1, 256, 14, 14])
2026-02-13 03:58:18,122 - INFO - Applying perturbation for layer: layer4.2.conv2, original output shape: torch.Size([32, 512, 7, 7]), perturbed activation shape: torch.Size([1, 512, 7, 7])
2026-02-13 03:58:18,138 - INFO - Applying perturbation for layer: layer3.0.conv2, original output shape: torch.Size([32, 256, 14, 14]), perturbed activation shape: torch.Size([1, 256, 14, 14])
2026-02-13 03:58:18,146 - INFO - Applying perturbation for layer: layer4.2.conv2, original output shape: torch.Size([32, 512, 7, 7]), perturbed activation shape: torch.Size([1, 512, 7, 7])
2026-02-13 03:58:18,162 - INFO - Applying perturbation for layer: layer3.0.conv2, original output shape: torch.Size([32, 256, 14, 14]), perturbed activation shape: torch.Size([1, 256, 14, 14])
2026-02-13 03:58:18,170 - INFO - Applying perturbation for layer: layer4.2.conv2, original output shape: torch.Size([32, 512, 7, 7]), perturbed activation shape: torch.Size([1, 512, 7, 7])
2026-02-13 03:58:18,186 - INFO - Applying perturbation for layer: layer3.0.conv2, original output shape: torch.Size([32, 256, 14, 14]), perturbed activation shape: torch.Size([1, 256, 14, 14])
2026-02-13 03:58:18,194 - INFO - Applying perturbation for layer: layer4.2.conv2, original output shape: torch.Size([32, 512, 7, 7]), perturbed activation shape: torch.Size([1, 512, 7, 7])
2026-02-13 03:58:18,210 - INFO - Applying perturbation for layer: layer3.0.conv2, original output shape: torch.Size([32, 256, 14, 14]), perturbed activation shape: torch.Size([1, 256, 14, 14])
2026-02-13 03:58:18,218 - INFO - Applying perturbation for layer: layer4.2.conv2, original output shape: torch.Size([32, 512, 7, 7]), perturbed activation shape: torch.Size([1, 512, 7, 7])
2026-02-13 03:58:18,234 - INFO - Applying perturbation for layer: layer3.0.conv2, original output shape: torch.Size([32, 256, 14, 14]), perturbed activation shape: torch.Size([1, 256, 14, 14])
2026-02-13 03:58:18,242 - INFO - Applying perturbation for layer: layer4.2.conv2, original output shape: torch.Size([32, 512, 7, 7]), perturbed activation shape: torch.Size([1, 512, 7, 7])
2026-02-13 03:58:18,258 - INFO - Applying perturbation for layer: layer3.0.conv2, original output shape: torch.Size([32, 256, 14, 14]), perturbed activation shape: torch.Size([1, 256, 14, 14])
2026-02-13 03:58:18,266 - INFO - Applying perturbation for layer: layer4.2.conv2, original output shape: torch.Size([32, 512, 7, 7]), perturbed activation shape: torch.Size([1, 512, 7, 7])
